Blender 4.5.10 LTS (hash 6dc0b208d1b5 built 2026-05-19 01:33:42)
Read blend: "D:\ClaudeCodeProject2026\jiangyu-render\blend\jiangyu.blend"
Fra:1 Mem:241.77M (Peak 241.77M) | Time:00:00.10 | Mem:0.00M, Peak:0.00M | Scene, ViewLayer | Synchronizing object | ceil_living_r1S
Fra:1 Mem:241.77M (Peak 241.77M) | Time:00:00.10 | Mem:0.00M, Peak:0.00M | Scene, ViewLayer | Synchronizing object | ceil_living_ac_slot
Fra:1 Mem:241.77M (Peak 241.77M) | Time:00:00.10 | Mem:0.00M, Peak:0.00M | Scene, ViewLayer | Synchronizing object | ceil_master_ac
Fra:1 Mem:241.77M (Peak 241.77M) | Time:00:00.10 | Mem:0.00M, Peak:0.00M | Scene, ViewLayer | Synchronizing object | ceil_son_ac
Fra:1 Mem:241.77M (Peak 241.77M) | Time:00:00.10 | Mem:0.00M, Peak:0.00M | Scene, ViewLayer | Synchronizing object | ceil_public_bath_wet_fill
Fra:1 Mem:241.78M (Peak 241.78M) | Time:00:00.10 | Mem:0.00M, Peak:0.00M | Scene, ViewLayer | Synchronizing object | ceil_elevator_hall_fill
Fra:1 Mem:241.78M (Peak 241.78M) | Time:00:00.10 | Mem:0.00M, Peak:0.00M | Scene, ViewLayer | Synchronizing object | fx_ceiling_master_bedroom
Fra:1 Mem:241.79M (Peak 241.79M) | Time:00:00.10 | Mem:0.00M, Peak:0.00M | Scene, ViewLayer | Synchronizing object | fx_ceiling_parents_room
Fra:1 Mem:241.79M (Peak 241.79M) | Time:00:00.10 | Mem:0.00M, Peak:0.00M | Scene, ViewLayer | Synchronizing object | fx_ceiling_daughter_room
Fra:1 Mem:241.80M (Peak 241.80M) | Time:00:00.10 | Mem:0.00M, Peak:0.00M | Scene, ViewLayer | Synchronizing object | fx_ceiling_son_room
Fra:1 Mem:241.81M (Peak 241.81M) | Time:00:00.10 | Mem:0.00M, Peak:0.00M | Scene, ViewLayer | Synchronizing object | fx_spot_living00
Fra:1 Mem:241.81M (Peak 241.81M) | Time:00:00.10 | Mem:0.00M, Peak:0.00M | Scene, ViewLayer | Synchronizing object | fx_spot_living01
Fra:1 Mem:241.82M (Peak 241.82M) | Time:00:00.10 | Mem:0.00M, Peak:0.00M | Scene, ViewLayer | Synchronizing object | fx_spot_living01_r
Fra:1 Mem:241.83M (Peak 241.83M) | Time:00:00.10 | Mem:0.00M, Peak:0.00M | Scene, ViewLayer | Synchronizing object | fx_spot_living02
Fra:1 Mem:241.83M (Peak 241.83M) | Time:00:00.10 | Mem:0.00M, Peak:0.00M | Scene, ViewLayer | Synchronizing object | fx_spot_living02_r
Fra:1 Mem:241.83M (Peak 241.83M) | Time:00:00.10 | Mem:0.00M, Peak:0.00M | Scene, ViewLayer | Synchronizing object | fx_spot_living03_r
Fra:1 Mem:241.84M (Peak 241.84M) | Time:00:00.10 | Mem:0.00M, Peak:0.00M | Scene, ViewLayer | Synchronizing object | fx_spot_living04
Fra:1 Mem:241.85M (Peak 241.85M) | Time:00:00.10 | Mem:0.00M, Peak:0.00M | Scene, ViewLayer | Synchronizing object | fx_spot_living05
Fra:1 Mem:241.85M (Peak 241.85M) | Time:00:00.10 | Mem:0.00M, Peak:0.00M | Scene, ViewLayer | Synchronizing object | fx_spot_living05_r
Fra:1 Mem:241.86M (Peak 241.86M) | Time:00:00.10 | Mem:0.00M, Peak:0.00M | Scene, ViewLayer | Synchronizing object | fx_spot_living06
Fra:1 Mem:241.86M (Peak 241.86M) | Time:00:00.10 | Mem:0.00M, Peak:0.00M | Scene, ViewLayer | Synchronizing object | fx_spot_living06_r
Fra:1 Mem:241.86M (Peak 241.86M) | Time:00:00.10 | Mem:0.00M, Peak:0.00M | Scene, ViewLayer | Synchronizing object | fx_spot_living07
Fra:1 Mem:241.86M (Peak 241.86M) | Time:00:00.10 | Mem:0.00M, Peak:0.00M | Scene, ViewLayer | Synchronizing object | fx_spot_living07_r
Fra:1 Mem:241.86M (Peak 241.86M) | Time:00:00.10 | Mem:0.00M, Peak:0.00M | Scene, ViewLayer | Synchronizing object | fx_spot_living08
Fra:1 Mem:241.87M (Peak 241.87M) | Time:00:00.10 | Mem:0.00M, Peak:0.00M | Scene, ViewLayer | Synchronizing object | fx_spot_living09
Fra:1 Mem:241.87M (Peak 241.87M) | Time:00:00.10 | Mem:0.00M, Peak:0.00M | Scene, ViewLayer | Synchronizing object | fx_spot_living09_r
Fra:1 Mem:241.87M (Peak 241.87M) | Time:00:00.10 | Mem:0.00M, Peak:0.00M | Scene, ViewLayer | Synchronizing object | fx_spot_living10
Fra:1 Mem:241.89M (Peak 241.89M) | Time:00:00.10 | Mem:0.00M, Peak:0.00M | Scene, ViewLayer | Synchronizing object | fx_spot_living10_r
Fra:1 Mem:241.89M (Peak 241.89M) | Time:00:00.10 | Mem:0.00M, Peak:0.00M | Scene, ViewLayer | Synchronizing object | fx_spot_living11_r
Fra:1 Mem:241.90M (Peak 241.90M) | Time:00:00.10 | Mem:0.00M, Peak:0.00M | Scene, ViewLayer | Synchronizing object | fx_spot_living12
Fra:1 Mem:241.91M (Peak 241.91M) | Time:00:00.10 | Mem:0.00M, Peak:0.00M | Scene, ViewLayer | Synchronizing object | fx_spot_living12_r
Fra:1 Mem:241.92M (Peak 241.92M) | Time:00:00.11 | Mem:0.00M, Peak:0.00M | Scene, ViewLayer | Synchronizing object | fx_spot_living13_r
Fra:1 Mem:241.93M (Peak 241.93M) | Time:00:00.11 | Mem:0.00M, Peak:0.00M | Scene, ViewLayer | Synchronizing object | fx_spot_living14
Fra:1 Mem:241.93M (Peak 241.93M) | Time:00:00.11 | Mem:0.00M, Peak:0.00M | Scene, ViewLayer | Synchronizing object | fx_spot_living14_r
Fra:1 Mem:241.94M (Peak 241.94M) | Time:00:00.11 | Mem:0.00M, Peak:0.00M | Scene, ViewLayer | Synchronizing object | fx_spot_living15
Fra:1 Mem:241.95M (Peak 241.95M) | Time:00:00.11 | Mem:0.00M, Peak:0.00M | Scene, ViewLayer | Synchronizing object | fx_spot_living15_r
Fra:1 Mem:241.96M (Peak 241.96M) | Time:00:00.11 | Mem:0.00M, Peak:0.00M | Scene, ViewLayer | Synchronizing object | fx_spot_living16_r
Fra:1 Mem:241.96M (Peak 241.96M) | Time:00:00.11 | Mem:0.00M, Peak:0.00M | Scene, ViewLayer | Synchronizing object | fx_spot_room0
Fra:1 Mem:241.97M (Peak 241.97M) | Time:00:00.11 | Mem:0.00M, Peak:0.00M | Scene, ViewLayer | Synchronizing object | fx_spot_room1
Fra:1 Mem:241.98M (Peak 241.98M) | Time:00:00.11 | Mem:0.00M, Peak:0.00M | Scene, ViewLayer | Synchronizing object | fx_spot_room3
Fra:1 Mem:242.01M (Peak 242.01M) | Time:00:00.11 | Mem:0.00M, Peak:0.00M | Scene, ViewLayer | Synchronizing object | fx_spot_room4
Fra:1 Mem:242.02M (Peak 242.02M) | Time:00:00.11 | Mem:0.00M, Peak:0.00M | Scene, ViewLayer | Synchronizing object | fx_spot_room6
Fra:1 Mem:242.01M (Peak 242.02M) | Time:00:00.11 | Mem:0.00M, Peak:0.00M | Scene, ViewLayer | Synchronizing object | fx_spot_room7
Fra:1 Mem:242.02M (Peak 242.02M) | Time:00:00.11 | Mem:0.00M, Peak:0.00M | Scene, ViewLayer | Synchronizing object | out_ground
Fra:1 Mem:242.03M (Peak 242.03M) | Time:00:00.11 | Mem:0.00M, Peak:0.00M | Scene, ViewLayer | Synchronizing object | out_path_s
Fra:1 Mem:242.03M (Peak 242.03M) | Time:00:00.11 | Mem:0.00M, Peak:0.00M | Scene, ViewLayer | Synchronizing object | jacaranda_tree_LOD0.001
Fra:1 Mem:242.04M (Peak 242.04M) | Time:00:00.11 | Mem:0.00M, Peak:0.00M | Scene, ViewLayer | Synchronizing object | tree_small_02_LOD0.001
Fra:1 Mem:244.17M (Peak 244.17M) | Time:00:00.11 | Mem:0.00M, Peak:0.00M | Scene, ViewLayer | Synchronizing object | out_bldg_s
Fra:1 Mem:246.17M (Peak 246.17M) | Time:00:00.11 | Mem:0.00M, Peak:0.00M | Scene, ViewLayer | Synchronizing object | out_bldg_n
Fra:1 Mem:246.18M (Peak 246.18M) | Time:00:00.11 | Mem:0.00M, Peak:0.00M | Scene, ViewLayer | Synchronizing object | floor_living_dining_balcony
Fra:1 Mem:246.19M (Peak 246.19M) | Time:00:00.11 | Mem:0.00M, Peak:0.00M | Scene, ViewLayer | Synchronizing object | floor_daughter_room
Fra:1 Mem:246.19M (Peak 246.19M) | Time:00:00.11 | Mem:0.00M, Peak:0.00M | Scene, ViewLayer | Synchronizing object | floor_public_bath_wet
Fra:1 Mem:246.21M (Peak 246.21M) | Time:00:00.11 | Mem:0.00M, Peak:0.00M | Scene, ViewLayer | Synchronizing object | floor_corridor_1
Fra:1 Mem:246.23M (Peak 246.23M) | Time:00:00.11 | Mem:0.00M, Peak:0.00M | Scene, ViewLayer | Synchronizing object | floor_son_room
Fra:1 Mem:246.23M (Peak 246.23M) | Time:00:00.11 | Mem:0.00M, Peak:0.00M | Scene, ViewLayer | Synchronizing object | floor_master_bath
Fra:1 Mem:246.23M (Peak 246.23M) | Time:00:00.11 | Mem:0.00M, Peak:0.00M | Scene, ViewLayer | Synchronizing object | floor_master_bedroom
Fra:1 Mem:246.23M (Peak 246.23M) | Time:00:00.11 | Mem:0.00M, Peak:0.00M | Scene, ViewLayer | Synchronizing object | W01_s00
Fra:1 Mem:246.24M (Peak 246.24M) | Time:00:00.11 | Mem:0.00M, Peak:0.00M | Scene, ViewLayer | Synchronizing object | W01_s01
Fra:1 Mem:246.25M (Peak 246.25M) | Time:00:00.11 | Mem:0.00M, Peak:0.00M | Scene, ViewLayer | Synchronizing object | W01_s03
Fra:1 Mem:246.25M (Peak 246.25M) | Time:00:00.11 | Mem:0.00M, Peak:0.00M | Scene, ViewLayer | Synchronizing object | W02_s00
Fra:1 Mem:246.26M (Peak 246.26M) | Time:00:00.11 | Mem:0.00M, Peak:0.00M | Scene, ViewLayer | Synchronizing object | W02_s02
Fra:1 Mem:246.26M (Peak 246.26M) | Time:00:00.11 | Mem:0.00M, Peak:0.00M | Scene, ViewLayer | Synchronizing object | W02_s03
Fra:1 Mem:246.26M (Peak 246.26M) | Time:00:00.11 | Mem:0.00M, Peak:0.00M | Scene, ViewLayer | Synchronizing object | W03_s00
Fra:1 Mem:246.27M (Peak 246.27M) | Time:00:00.11 | Mem:0.00M, Peak:0.00M | Scene, ViewLayer | Synchronizing object | W05_s00
Fra:1 Mem:246.27M (Peak 246.27M) | Time:00:00.11 | Mem:0.00M, Peak:0.00M | Scene, ViewLayer | Synchronizing object | W05_s01
Fra:1 Mem:246.28M (Peak 246.28M) | Time:00:00.11 | Mem:0.00M, Peak:0.00M | Scene, ViewLayer | Synchronizing object | W05_s02
Fra:1 Mem:246.28M (Peak 246.28M) | Time:00:00.11 | Mem:0.00M, Peak:0.00M | Scene, ViewLayer | Synchronizing object | W06_s01
Fra:1 Mem:246.28M (Peak 246.28M) | Time:00:00.11 | Mem:0.00M, Peak:0.00M | Scene, ViewLayer | Synchronizing object | W06_s03
Fra:1 Mem:246.28M (Peak 246.28M) | Time:00:00.11 | Mem:0.00M, Peak:0.00M | Scene, ViewLayer | Synchronizing object | W07_s00
Fra:1 Mem:246.28M (Peak 246.28M) | Time:00:00.11 | Mem:0.00M, Peak:0.00M | Scene, ViewLayer | Synchronizing object | W07_s01
Fra:1 Mem:246.28M (Peak 246.28M) | Time:00:00.11 | Mem:0.00M, Peak:0.00M | Scene, ViewLayer | Synchronizing object | W07_s02
Fra:1 Mem:246.29M (Peak 246.29M) | Time:00:00.11 | Mem:0.00M, Peak:0.00M | Scene, ViewLayer | Synchronizing object | W08_s00
Fra:1 Mem:246.29M (Peak 246.29M) | Time:00:00.11 | Mem:0.00M, Peak:0.00M | Scene, ViewLayer | Synchronizing object | W08_s01
Fra:1 Mem:246.29M (Peak 246.29M) | Time:00:00.11 | Mem:0.00M, Peak:0.00M | Scene, ViewLayer | Synchronizing object | W09_s00
Fra:1 Mem:246.29M (Peak 246.29M) | Time:00:00.11 | Mem:0.00M, Peak:0.00M | Scene, ViewLayer | Synchronizing object | W10_s02
Fra:1 Mem:246.30M (Peak 246.30M) | Time:00:00.11 | Mem:0.00M, Peak:0.00M | Scene, ViewLayer | Synchronizing object | W10_s03
Fra:1 Mem:246.30M (Peak 246.30M) | Time:00:00.11 | Mem:0.00M, Peak:0.00M | Scene, ViewLayer | Synchronizing object | W12_s01
Fra:1 Mem:246.30M (Peak 246.30M) | Time:00:00.11 | Mem:0.00M, Peak:0.00M | Scene, ViewLayer | Synchronizing object | W12_s02
Fra:1 Mem:246.30M (Peak 246.30M) | Time:00:00.11 | Mem:0.00M, Peak:0.00M | Scene, ViewLayer | Synchronizing object | W13_s00
Fra:1 Mem:246.30M (Peak 246.30M) | Time:00:00.11 | Mem:0.00M, Peak:0.00M | Scene, ViewLayer | Synchronizing object | W13_s01
Fra:1 Mem:246.30M (Peak 246.30M) | Time:00:00.11 | Mem:0.00M, Peak:0.00M | Scene, ViewLayer | Synchronizing object | W13_s02
Fra:1 Mem:246.30M (Peak 246.30M) | Time:00:00.11 | Mem:0.00M, Peak:0.00M | Scene, ViewLayer | Synchronizing object | W14_s00
Fra:1 Mem:246.30M (Peak 246.30M) | Time:00:00.11 | Mem:0.00M, Peak:0.00M | Scene, ViewLayer | Synchronizing object | W14_s01
Fra:1 Mem:245.08M (Peak 246.30M) | Time:00:00.11 | Mem:0.00M, Peak:0.00M | Scene, ViewLayer | Synchronizing object | W14_s02
Fra:1 Mem:250.38M (Peak 250.38M) | Time:00:00.11 | Mem:0.00M, Peak:0.00M | Scene, ViewLayer | Synchronizing object | W14_s03
Fra:1 Mem:250.39M (Peak 250.39M) | Time:00:00.11 | Mem:0.00M, Peak:0.00M | Scene, ViewLayer | Synchronizing object | W14_s04
Fra:1 Mem:250.41M (Peak 250.41M) | Time:00:00.11 | Mem:0.00M, Peak:0.00M | Scene, ViewLayer | Synchronizing object | W15_s00
Fra:1 Mem:250.43M (Peak 250.43M) | Time:00:00.11 | Mem:0.00M, Peak:0.00M | Scene, ViewLayer | Synchronizing object | W15_s01
Fra:1 Mem:250.43M (Peak 250.43M) | Time:00:00.11 | Mem:0.00M, Peak:0.00M | Scene, ViewLayer | Synchronizing object | W16_s00
Fra:1 Mem:250.44M (Peak 250.44M) | Time:00:00.11 | Mem:0.00M, Peak:0.00M | Scene, ViewLayer | Synchronizing object | W17_s00
Fra:1 Mem:250.44M (Peak 250.44M) | Time:00:00.11 | Mem:0.00M, Peak:0.00M | Scene, ViewLayer | Synchronizing object | W17_s01
Fra:1 Mem:250.44M (Peak 250.44M) | Time:00:00.11 | Mem:0.00M, Peak:0.00M | Scene, ViewLayer | Synchronizing object | W17_s02
Fra:1 Mem:250.44M (Peak 250.44M) | Time:00:00.11 | Mem:0.00M, Peak:0.00M | Scene, ViewLayer | Synchronizing object | W18_s01
Fra:1 Mem:271.67M (Peak 271.67M) | Time:00:00.11 | Mem:0.00M, Peak:0.00M | Scene, ViewLayer | Synchronizing object | W22_s00
Fra:1 Mem:271.68M (Peak 271.68M) | Time:00:00.11 | Mem:0.00M, Peak:0.00M | Scene, ViewLayer | Synchronizing object | W22_s01
Fra:1 Mem:271.68M (Peak 271.68M) | Time:00:00.11 | Mem:0.00M, Peak:0.00M | Scene, ViewLayer | Synchronizing object | W23_s00
Fra:1 Mem:271.68M (Peak 271.68M) | Time:00:00.11 | Mem:0.00M, Peak:0.00M | Scene, ViewLayer | Synchronizing object | W23_s01
Fra:1 Mem:272.25M (Peak 272.25M) | Time:00:00.11 | Mem:0.00M, Peak:0.00M | Scene, ViewLayer | Synchronizing object | W23_s02
Fra:1 Mem:272.25M (Peak 272.25M) | Time:00:00.11 | Mem:0.00M, Peak:0.00M | Scene, ViewLayer | Synchronizing object | W23_s03
Fra:1 Mem:271.97M (Peak 272.25M) | Time:00:00.11 | Mem:0.00M, Peak:0.00M | Scene, ViewLayer | Synchronizing object | W24_s00
Fra:1 Mem:271.97M (Peak 272.25M) | Time:00:00.11 | Mem:0.00M, Peak:0.00M | Scene, ViewLayer | Synchronizing object | W25_s00
Fra:1 Mem:271.99M (Peak 272.25M) | Time:00:00.11 | Mem:0.00M, Peak:0.00M | Scene, ViewLayer | Synchronizing object | W26_s00
Fra:1 Mem:272.00M (Peak 272.25M) | Time:00:00.11 | Mem:0.00M, Peak:0.00M | Scene, ViewLayer | Synchronizing object | W27_s00
Fra:1 Mem:272.00M (Peak 272.25M) | Time:00:00.11 | Mem:0.00M, Peak:0.00M | Scene, ViewLayer | Synchronizing object | W27_s01
Fra:1 Mem:272.00M (Peak 272.25M) | Time:00:00.11 | Mem:0.00M, Peak:0.00M | Scene, ViewLayer | Synchronizing object | W27_s02
Fra:1 Mem:272.01M (Peak 272.25M) | Time:00:00.11 | Mem:0.00M, Peak:0.00M | Scene, ViewLayer | Synchronizing object | win_W01_0glass
Fra:1 Mem:275.72M (Peak 275.72M) | Time:00:00.11 | Mem:0.00M, Peak:0.00M | Scene, ViewLayer | Synchronizing object | win_W02_0top
Fra:1 Mem:275.72M (Peak 275.72M) | Time:00:00.11 | Mem:0.00M, Peak:0.00M | Scene, ViewLayer | Synchronizing object | win_W02_0lft
Fra:1 Mem:275.73M (Peak 275.73M) | Time:00:00.11 | Mem:0.00M, Peak:0.00M | Scene, ViewLayer | Synchronizing object | win_W02_0glass
Fra:1 Mem:277.94M (Peak 277.94M) | Time:00:00.11 | Mem:0.00M, Peak:0.00M | Scene, ViewLayer | Synchronizing object | win_W05_0bot
Fra:1 Mem:277.95M (Peak 277.95M) | Time:00:00.11 | Mem:0.00M, Peak:0.00M | Scene, ViewLayer | Synchronizing object | win_W05_0top
Fra:1 Mem:277.95M (Peak 277.95M) | Time:00:00.11 | Mem:0.00M, Peak:0.00M | Scene, ViewLayer | Synchronizing object | win_W05_0lft
Fra:1 Mem:277.95M (Peak 277.95M) | Time:00:00.11 | Mem:0.00M, Peak:0.00M | Scene, ViewLayer | Synchronizing object | win_W05_0rgt
Fra:1 Mem:277.95M (Peak 277.95M) | Time:00:00.11 | Mem:0.00M, Peak:0.00M | Scene, ViewLayer | Synchronizing object | win_W06_0bot
Fra:1 Mem:277.95M (Peak 277.95M) | Time:00:00.11 | Mem:0.00M, Peak:0.00M | Scene, ViewLayer | Synchronizing object | win_W06_0top
Fra:1 Mem:277.96M (Peak 277.96M) | Time:00:00.11 | Mem:0.00M, Peak:0.00M | Scene, ViewLayer | Synchronizing object | win_W06_0lft
Fra:1 Mem:277.96M (Peak 277.96M) | Time:00:00.11 | Mem:0.00M, Peak:0.00M | Scene, ViewLayer | Synchronizing object | win_W06_0rgt
Fra:1 Mem:277.96M (Peak 277.96M) | Time:00:00.11 | Mem:0.00M, Peak:0.00M | Scene, ViewLayer | Synchronizing object | win_W06_0mul1
Fra:1 Mem:277.96M (Peak 277.96M) | Time:00:00.11 | Mem:0.00M, Peak:0.00M | Scene, ViewLayer | Synchronizing object | win_W06_0glass
Fra:1 Mem:277.96M (Peak 277.96M) | Time:00:00.11 | Mem:0.00M, Peak:0.00M | Scene, ViewLayer | Synchronizing object | win_W10_0top
Fra:1 Mem:277.96M (Peak 277.96M) | Time:00:00.11 | Mem:0.00M, Peak:0.00M | Scene, ViewLayer | Synchronizing object | win_W10_0lft
Fra:1 Mem:277.97M (Peak 277.97M) | Time:00:00.11 | Mem:0.00M, Peak:0.00M | Scene, ViewLayer | Synchronizing object | win_W10_0rgt
Fra:1 Mem:277.97M (Peak 277.97M) | Time:00:00.11 | Mem:0.00M, Peak:0.00M | Scene, ViewLayer | Synchronizing object | win_W10_0glass
Fra:1 Mem:277.97M (Peak 277.97M) | Time:00:00.11 | Mem:0.00M, Peak:0.00M | Scene, ViewLayer | Synchronizing object | win_W18_0bot
Fra:1 Mem:278.01M (Peak 278.01M) | Time:00:00.11 | Mem:0.00M, Peak:0.00M | Scene, ViewLayer | Synchronizing object | win_W18_0top
Fra:1 Mem:278.02M (Peak 278.02M) | Time:00:00.11 | Mem:0.00M, Peak:0.00M | Scene, ViewLayer | Synchronizing object | win_W18_0lft
Fra:1 Mem:278.02M (Peak 278.02M) | Time:00:00.11 | Mem:0.00M, Peak:0.00M | Scene, ViewLayer | Synchronizing object | win_W18_0rgt
Fra:1 Mem:278.02M (Peak 278.02M) | Time:00:00.11 | Mem:0.00M, Peak:0.00M | Scene, ViewLayer | Synchronizing object | win_W18_0mul2
Fra:1 Mem:278.02M (Peak 278.02M) | Time:00:00.11 | Mem:0.00M, Peak:0.00M | Scene, ViewLayer | Synchronizing object | win_W18_0mul3
Fra:1 Mem:278.03M (Peak 278.03M) | Time:00:00.11 | Mem:0.00M, Peak:0.00M | Scene, ViewLayer | Synchronizing object | win_W18_0glass
Fra:1 Mem:278.03M (Peak 278.03M) | Time:00:00.11 | Mem:0.00M, Peak:0.00M | Scene, ViewLayer | Synchronizing object | win_W23_0bot
Fra:1 Mem:278.04M (Peak 278.04M) | Time:00:00.11 | Mem:0.00M, Peak:0.00M | Scene, ViewLayer | Synchronizing object | win_W23_0top
Fra:1 Mem:278.04M (Peak 278.04M) | Time:00:00.11 | Mem:0.00M, Peak:0.00M | Scene, ViewLayer | Synchronizing object | win_W23_0lft
Fra:1 Mem:278.04M (Peak 278.04M) | Time:00:00.11 | Mem:0.00M, Peak:0.00M | Scene, ViewLayer | Synchronizing object | A_living_dining_balcony_floor_lamp_01_arc
Fra:1 Mem:284.56M (Peak 284.56M) | Time:00:00.11 | Mem:0.00M, Peak:0.00M | Scene, ViewLayer | Synchronizing object | lt_strip_tv
Fra:1 Mem:284.56M (Peak 284.56M) | Time:00:00.12 | Mem:0.00M, Peak:0.00M | Scene, ViewLayer | Synchronizing object | lt_pendant_02
Fra:1 Mem:284.56M (Peak 284.56M) | Time:00:00.12 | Mem:0.00M, Peak:0.00M | Scene, ViewLayer | Synchronizing object | win_W23_0rgt
Fra:1 Mem:284.56M (Peak 284.56M) | Time:00:00.12 | Mem:0.00M, Peak:0.00M | Scene, ViewLayer | Synchronizing object | win_W23_0mul1
Fra:1 Mem:284.56M (Peak 284.56M) | Time:00:00.12 | Mem:0.00M, Peak:0.00M | Scene, ViewLayer | Synchronizing object | lt_pendant_01
Fra:1 Mem:284.56M (Peak 284.56M) | Time:00:00.12 | Mem:0.00M, Peak:0.00M | Scene, ViewLayer | Synchronizing object | fx_art_wall_A
Fra:1 Mem:284.56M (Peak 284.56M) | Time:00:00.12 | Mem:0.00M, Peak:0.00M | Scene, ViewLayer | Synchronizing object | fx_curt_living_bo_e_A
Fra:1 Mem:284.57M (Peak 284.57M) | Time:00:00.12 | Mem:0.00M, Peak:0.00M | Scene, ViewLayer | Synchronizing object | win_W23_0glass
Fra:1 Mem:284.57M (Peak 284.57M) | Time:00:00.12 | Mem:0.00M, Peak:0.00M | Scene, ViewLayer | Synchronizing object | fx_curt_living_bo_w_A
Fra:1 Mem:284.58M (Peak 284.58M) | Time:00:00.12 | Mem:0.00M, Peak:0.00M | Scene, ViewLayer | Synchronizing object | fx_curt_living_sheer_A
Fra:1 Mem:284.59M (Peak 284.59M) | Time:00:00.12 | Mem:0.00M, Peak:0.00M | Scene, ViewLayer | Synchronizing object | door_W07_0jlfti
Fra:1 Mem:284.62M (Peak 284.62M) | Time:00:00.12 | Mem:0.00M, Peak:0.00M | Scene, ViewLayer | Synchronizing object | door_W07_0jtopo
Fra:1 Mem:284.62M (Peak 284.62M) | Time:00:00.12 | Mem:0.00M, Peak:0.00M | Scene, ViewLayer | Synchronizing object | A_living_dining_balcony_lounge_chair_01_arm1
Fra:1 Mem:284.63M (Peak 284.63M) | Time:00:00.12 | Mem:0.00M, Peak:0.00M | Scene, ViewLayer | Synchronizing object | A_living_dining_balcony_lounge_chair_01_arm0
Fra:1 Mem:284.63M (Peak 284.63M) | Time:00:00.12 | Mem:0.00M, Peak:0.00M | Scene, ViewLayer | Synchronizing object | door_W07_0jtopi
Fra:1 Mem:284.64M (Peak 284.64M) | Time:00:00.12 | Mem:0.00M, Peak:0.00M | Scene, ViewLayer | Synchronizing object | door_W07_0hdl
Fra:1 Mem:284.64M (Peak 284.64M) | Time:00:00.12 | Mem:0.00M, Peak:0.00M | Scene, ViewLayer | Synchronizing object | door_W08_0jlfti
Fra:1 Mem:284.65M (Peak 284.65M) | Time:00:00.12 | Mem:0.00M, Peak:0.00M | Scene, ViewLayer | Synchronizing object | door_W08_0jrgto
Fra:1 Mem:284.65M (Peak 284.65M) | Time:00:00.12 | Mem:0.00M, Peak:0.00M | Scene, ViewLayer | Synchronizing object | door_W08_0jrgti
Fra:1 Mem:284.65M (Peak 284.65M) | Time:00:00.12 | Mem:0.00M, Peak:0.00M | Scene, ViewLayer | Synchronizing object | door_W08_0jtopo
Fra:1 Mem:284.65M (Peak 284.65M) | Time:00:00.12 | Mem:0.00M, Peak:0.00M | Scene, ViewLayer | Synchronizing object | door_W08_0lft
Fra:1 Mem:284.65M (Peak 284.65M) | Time:00:00.12 | Mem:0.00M, Peak:0.00M | Scene, ViewLayer | Synchronizing object | door_W08_0rgt
Fra:1 Mem:284.65M (Peak 284.65M) | Time:00:00.12 | Mem:0.00M, Peak:0.00M | Scene, ViewLayer | Synchronizing object | door_W08_0top
Fra:1 Mem:284.65M (Peak 284.65M) | Time:00:00.12 | Mem:0.00M, Peak:0.00M | Scene, ViewLayer | Synchronizing object | door_W08_0bot
Fra:1 Mem:282.44M (Peak 284.65M) | Time:00:00.12 | Mem:0.00M, Peak:0.00M | Scene, ViewLayer | Synchronizing object | door_W08_0fglass
Fra:1 Mem:285.96M (Peak 285.96M) | Time:00:00.12 | Mem:0.00M, Peak:0.00M | Scene, ViewLayer | Synchronizing object | door_W13_0jtopi
Fra:1 Mem:285.96M (Peak 285.96M) | Time:00:00.12 | Mem:0.00M, Peak:0.00M | Scene, ViewLayer | Synchronizing object | door_W14_0jlfti
Fra:1 Mem:285.96M (Peak 285.96M) | Time:00:00.12 | Mem:0.00M, Peak:0.00M | Scene, ViewLayer | Synchronizing object | door_W14_0jrgto
Fra:1 Mem:285.96M (Peak 285.96M) | Time:00:00.12 | Mem:0.00M, Peak:0.00M | Scene, ViewLayer | Synchronizing object | door_W14_0jrgti
Fra:1 Mem:285.96M (Peak 285.96M) | Time:00:00.12 | Mem:0.00M, Peak:0.00M | Scene, ViewLayer | Synchronizing object | door_W14_0jtopi
Fra:1 Mem:285.96M (Peak 285.96M) | Time:00:00.12 | Mem:0.00M, Peak:0.00M | Scene, ViewLayer | Synchronizing object | door_W14_0leaf
Fra:1 Mem:285.97M (Peak 285.97M) | Time:00:00.12 | Mem:0.00M, Peak:0.00M | Scene, ViewLayer | Synchronizing object | door_W14_0hdl
Fra:1 Mem:285.97M (Peak 285.97M) | Time:00:00.12 | Mem:0.00M, Peak:0.00M | Scene, ViewLayer | Synchronizing object | door_W14_1jlfto
Fra:1 Mem:285.97M (Peak 285.97M) | Time:00:00.12 | Mem:0.00M, Peak:0.00M | Scene, ViewLayer | Synchronizing object | door_W14_1jlfti
Fra:1 Mem:291.28M (Peak 291.28M) | Time:00:00.12 | Mem:0.00M, Peak:0.00M | Scene, ViewLayer | Synchronizing object | door_W14_1jrgto
Fra:1 Mem:291.28M (Peak 291.28M) | Time:00:00.12 | Mem:0.00M, Peak:0.00M | Scene, ViewLayer | Synchronizing object | door_W14_1jrgti
Fra:1 Mem:291.28M (Peak 291.28M) | Time:00:00.12 | Mem:0.00M, Peak:0.00M | Scene, ViewLayer | Synchronizing object | door_W14_1lft
Fra:1 Mem:291.28M (Peak 291.28M) | Time:00:00.12 | Mem:0.00M, Peak:0.00M | Scene, ViewLayer | Synchronizing object | door_W14_1rgt
Fra:1 Mem:291.28M (Peak 291.28M) | Time:00:00.12 | Mem:0.00M, Peak:0.00M | Scene, ViewLayer | Synchronizing object | A_living_dining_balcony_lounge_chair_01_leg1
Fra:1 Mem:291.28M (Peak 291.28M) | Time:00:00.12 | Mem:0.00M, Peak:0.00M | Scene, ViewLayer | Synchronizing object | door_W14_1top
Fra:1 Mem:291.28M (Peak 291.28M) | Time:00:00.12 | Mem:0.00M, Peak:0.00M | Scene, ViewLayer | Synchronizing object | door_W14_1bot
Fra:1 Mem:291.28M (Peak 291.28M) | Time:00:00.12 | Mem:0.00M, Peak:0.00M | Scene, ViewLayer | Synchronizing object | door_W14_1fglass
Fra:1 Mem:291.29M (Peak 291.29M) | Time:00:00.12 | Mem:0.00M, Peak:0.00M | Scene, ViewLayer | Synchronizing object | A_living_dining_balcony_lounge_chair_01_leg0
Fra:1 Mem:291.29M (Peak 291.29M) | Time:00:00.12 | Mem:0.00M, Peak:0.00M | Scene, ViewLayer | Synchronizing object | door_W15_0_top
Fra:1 Mem:291.29M (Peak 291.29M) | Time:00:00.12 | Mem:0.00M, Peak:0.00M | Scene, ViewLayer | Synchronizing object | door_W15_0_lft
Fra:1 Mem:291.29M (Peak 291.29M) | Time:00:00.12 | Mem:0.00M, Peak:0.00M | Scene, ViewLayer | Synchronizing object | door_W15_0_rgt
Fra:1 Mem:291.29M (Peak 291.29M) | Time:00:00.12 | Mem:0.00M, Peak:0.00M | Scene, ViewLayer | Synchronizing object | door_W15_0_glass
Fra:1 Mem:291.30M (Peak 291.30M) | Time:00:00.12 | Mem:0.00M, Peak:0.00M | Scene, ViewLayer | Synchronizing object | door_W15_1_bot
Fra:1 Mem:291.30M (Peak 291.30M) | Time:00:00.12 | Mem:0.00M, Peak:0.00M | Scene, ViewLayer | Synchronizing object | door_W15_1_top
Fra:1 Mem:291.30M (Peak 291.30M) | Time:00:00.12 | Mem:0.00M, Peak:0.00M | Scene, ViewLayer | Synchronizing object | door_W15_1_rgt
Fra:1 Mem:291.30M (Peak 291.30M) | Time:00:00.12 | Mem:0.00M, Peak:0.00M | Scene, ViewLayer | Synchronizing object | door_W15_1_glass
Fra:1 Mem:291.30M (Peak 291.30M) | Time:00:00.12 | Mem:0.00M, Peak:0.00M | Scene, ViewLayer | Synchronizing object | door_W17_0_bot
Fra:1 Mem:291.31M (Peak 291.31M) | Time:00:00.12 | Mem:0.00M, Peak:0.00M | Scene, ViewLayer | Synchronizing object | door_W17_0_top
Fra:1 Mem:291.31M (Peak 291.31M) | Time:00:00.12 | Mem:0.00M, Peak:0.00M | Scene, ViewLayer | Synchronizing object | door_W17_0_lft
Fra:1 Mem:291.31M (Peak 291.31M) | Time:00:00.12 | Mem:0.00M, Peak:0.00M | Scene, ViewLayer | Synchronizing object | door_W17_0_rgt
Fra:1 Mem:291.31M (Peak 291.31M) | Time:00:00.12 | Mem:0.00M, Peak:0.00M | Scene, ViewLayer | Synchronizing object | door_W17_0_glass
Fra:1 Mem:291.31M (Peak 291.31M) | Time:00:00.12 | Mem:0.00M, Peak:0.00M | Scene, ViewLayer | Synchronizing object | door_W17_1_bot
Fra:1 Mem:291.32M (Peak 291.32M) | Time:00:00.12 | Mem:0.00M, Peak:0.00M | Scene, ViewLayer | Synchronizing object | door_W17_1_top
Fra:1 Mem:291.32M (Peak 291.32M) | Time:00:00.12 | Mem:0.00M, Peak:0.00M | Scene, ViewLayer | Synchronizing object | door_W17_1_glass
Fra:1 Mem:291.32M (Peak 291.32M) | Time:00:00.12 | Mem:0.00M, Peak:0.00M | Scene, ViewLayer | Synchronizing object | door_W17_2_top
Fra:1 Mem:291.32M (Peak 291.32M) | Time:00:00.12 | Mem:0.00M, Peak:0.00M | Scene, ViewLayer | Synchronizing object | door_W17_2_lft
Fra:1 Mem:291.32M (Peak 291.32M) | Time:00:00.12 | Mem:0.00M, Peak:0.00M | Scene, ViewLayer | Synchronizing object | door_W19_0jrgti
Fra:1 Mem:291.32M (Peak 291.32M) | Time:00:00.12 | Mem:0.00M, Peak:0.00M | Scene, ViewLayer | Synchronizing object | door_W19_0leaf
Fra:1 Mem:291.32M (Peak 291.32M) | Time:00:00.12 | Mem:0.00M, Peak:0.00M | Scene, ViewLayer | Synchronizing object | door_W19_0hdl
Fra:1 Mem:291.32M (Peak 291.32M) | Time:00:00.12 | Mem:0.00M, Peak:0.00M | Scene, ViewLayer | Synchronizing object | door_W27_0jlfto
Fra:1 Mem:291.32M (Peak 291.32M) | Time:00:00.12 | Mem:0.00M, Peak:0.00M | Scene, ViewLayer | Synchronizing object | door_W27_0jlfti
Fra:1 Mem:295.04M (Peak 295.04M) | Time:00:00.12 | Mem:0.00M, Peak:0.00M | Scene, ViewLayer | Synchronizing object | door_W27_0jrgto
Fra:1 Mem:295.05M (Peak 295.05M) | Time:00:00.12 | Mem:0.00M, Peak:0.00M | Scene, ViewLayer | Synchronizing object | door_W27_0jrgti
Fra:1 Mem:295.05M (Peak 295.05M) | Time:00:00.12 | Mem:0.00M, Peak:0.00M | Scene, ViewLayer | Synchronizing object | door_W27_0jtopo
Fra:1 Mem:295.06M (Peak 295.06M) | Time:00:00.12 | Mem:0.00M, Peak:0.00M | Scene, ViewLayer | Synchronizing object | door_W27_0leaf
Fra:1 Mem:295.06M (Peak 295.06M) | Time:00:00.12 | Mem:0.00M, Peak:0.00M | Scene, ViewLayer | Synchronizing object | A_living_dining_balcony_lounge_chair_01_seat
Fra:1 Mem:295.06M (Peak 295.06M) | Time:00:00.12 | Mem:0.00M, Peak:0.00M | Scene, ViewLayer | Synchronizing object | rail_ter_S_p2
Fra:1 Mem:295.06M (Peak 295.06M) | Time:00:00.12 | Mem:0.00M, Peak:0.00M | Scene, ViewLayer | Synchronizing object | rail_ter_S_glass
Fra:1 Mem:295.07M (Peak 295.07M) | Time:00:00.12 | Mem:0.00M, Peak:0.00M | Scene, ViewLayer | Synchronizing object | rail_ter_E_p0
Fra:1 Mem:295.07M (Peak 295.07M) | Time:00:00.12 | Mem:0.00M, Peak:0.00M | Scene, ViewLayer | Synchronizing object | rail_ter_E_p2
Fra:1 Mem:295.07M (Peak 295.07M) | Time:00:00.12 | Mem:0.00M, Peak:0.00M | Scene, ViewLayer | Synchronizing object | rail_ter_E_top
Fra:1 Mem:295.07M (Peak 295.07M) | Time:00:00.12 | Mem:0.00M, Peak:0.00M | Scene, ViewLayer | Synchronizing object | rail_ter_E_glass
Fra:1 Mem:295.08M (Peak 295.08M) | Time:00:00.12 | Mem:0.00M, Peak:0.00M | Scene, ViewLayer | Synchronizing object | A_living_dining_balcony_floor_lamp_01_shade
Fra:1 Mem:295.10M (Peak 295.10M) | Time:00:00.12 | Mem:0.00M, Peak:0.00M | Scene, ViewLayer | Synchronizing object | A_living_dining_balcony_floor_lamp_01_base
Fra:1 Mem:295.10M (Peak 295.10M) | Time:00:00.12 | Mem:0.00M, Peak:0.00M | Scene, ViewLayer | Synchronizing object | rail_ter_W_p0
Fra:1 Mem:295.11M (Peak 295.11M) | Time:00:00.12 | Mem:0.00M, Peak:0.00M | Scene, ViewLayer | Synchronizing object | A_living_dining_balcony_tv_01_screen
Fra:1 Mem:295.12M (Peak 295.12M) | Time:00:00.12 | Mem:0.00M, Peak:0.00M | Scene, ViewLayer | Synchronizing object | A_living_dining_balcony_rug_01_border3
Fra:1 Mem:295.12M (Peak 295.12M) | Time:00:00.12 | Mem:0.00M, Peak:0.00M | Scene, ViewLayer | Synchronizing object | rail_ter_W_glass
Fra:1 Mem:295.12M (Peak 295.12M) | Time:00:00.12 | Mem:0.00M, Peak:0.00M | Scene, ViewLayer | Synchronizing object | common_kitchen_dishwasher_01_top_R
Fra:1 Mem:295.12M (Peak 295.12M) | Time:00:00.12 | Mem:0.00M, Peak:0.00M | Scene, ViewLayer | Synchronizing object | common_kitchen_dishwasher_01_top_B
Fra:1 Mem:295.13M (Peak 295.13M) | Time:00:00.12 | Mem:0.00M, Peak:0.00M | Scene, ViewLayer | Synchronizing object | common_kitchen_dishwasher_01_top_F
Fra:1 Mem:295.13M (Peak 295.13M) | Time:00:00.12 | Mem:0.00M, Peak:0.00M | Scene, ViewLayer | Synchronizing object | common_kitchen_dishwasher_01_drwW_f0
Fra:1 Mem:291.42M (Peak 295.13M) | Time:00:00.12 | Mem:0.00M, Peak:0.00M | Scene, ViewLayer | Synchronizing object | common_kitchen_dishwasher_01_drw_f1
Fra:1 Mem:291.42M (Peak 295.13M) | Time:00:00.12 | Mem:0.00M, Peak:0.00M | Scene, ViewLayer | Synchronizing object | common_kitchen_dishwasher_01_drw_p1
Fra:1 Mem:291.43M (Peak 295.13M) | Time:00:00.12 | Mem:0.00M, Peak:0.00M | Scene, ViewLayer | Synchronizing object | common_kitchen_dishwasher_01_drw_p2
Fra:1 Mem:291.43M (Peak 295.13M) | Time:00:00.12 | Mem:0.00M, Peak:0.00M | Scene, ViewLayer | Synchronizing object | A_living_dining_balcony_rug_01_border1
Fra:1 Mem:291.44M (Peak 295.13M) | Time:00:00.12 | Mem:0.00M, Peak:0.00M | Scene, ViewLayer | Synchronizing object | common_kitchen_dishwasher_01_drw_p3
Fra:1 Mem:291.44M (Peak 295.13M) | Time:00:00.12 | Mem:0.00M, Peak:0.00M | Scene, ViewLayer | Synchronizing object | common_kitchen_sink_01_cav
Fra:1 Mem:291.45M (Peak 295.13M) | Time:00:00.12 | Mem:0.00M, Peak:0.00M | Scene, ViewLayer | Synchronizing object | common_kitchen_sink_01_tap
Fra:1 Mem:291.46M (Peak 295.13M) | Time:00:00.12 | Mem:0.00M, Peak:0.00M | Scene, ViewLayer | Synchronizing object | common_kitchen_sink_01_taparm
Fra:1 Mem:291.46M (Peak 295.13M) | Time:00:00.12 | Mem:0.00M, Peak:0.00M | Scene, ViewLayer | Synchronizing object | common_kitchen_dishwasher_02_panel
Fra:1 Mem:291.46M (Peak 295.13M) | Time:00:00.12 | Mem:0.00M, Peak:0.00M | Scene, ViewLayer | Synchronizing object | common_kitchen_dishwasher_02_pull
Fra:1 Mem:291.47M (Peak 295.13M) | Time:00:00.12 | Mem:0.00M, Peak:0.00M | Scene, ViewLayer | Synchronizing object | common_kitchen_kitchen_counter_01_body
Fra:1 Mem:291.47M (Peak 295.13M) | Time:00:00.12 | Mem:0.00M, Peak:0.00M | Scene, ViewLayer | Synchronizing object | common_kitchen_kitchen_counter_01_top
Fra:1 Mem:291.47M (Peak 295.13M) | Time:00:00.12 | Mem:0.00M, Peak:0.00M | Scene, ViewLayer | Synchronizing object | common_kitchen_kitchen_counter_01_drwS_gapbg
Fra:1 Mem:291.49M (Peak 295.13M) | Time:00:00.12 | Mem:0.00M, Peak:0.00M | Scene, ViewLayer | Synchronizing object | common_kitchen_kitchen_counter_01_drwS_f0
Fra:1 Mem:291.50M (Peak 295.13M) | Time:00:00.12 | Mem:0.00M, Peak:0.00M | Scene, ViewLayer | Synchronizing object | common_kitchen_kitchen_counter_01_drwS_p0
Fra:1 Mem:291.50M (Peak 295.13M) | Time:00:00.12 | Mem:0.00M, Peak:0.00M | Scene, ViewLayer | Synchronizing object | common_kitchen_kitchen_counter_01_drwH_gapbg
Fra:1 Mem:291.50M (Peak 295.13M) | Time:00:00.12 | Mem:0.00M, Peak:0.00M | Scene, ViewLayer | Synchronizing object | common_kitchen_kitchen_counter_01_drwH_slot0
Fra:1 Mem:291.50M (Peak 295.13M) | Time:00:00.12 | Mem:0.00M, Peak:0.00M | Scene, ViewLayer | Synchronizing object | common_kitchen_kitchen_counter_01_drwH_d1
Fra:1 Mem:291.52M (Peak 295.13M) | Time:00:00.12 | Mem:0.00M, Peak:0.00M | Scene, ViewLayer | Synchronizing object | common_kitchen_kitchen_counter_01_drwH_slot1
Fra:1 Mem:291.52M (Peak 295.13M) | Time:00:00.12 | Mem:0.00M, Peak:0.00M | Scene, ViewLayer | Synchronizing object | common_kitchen_kitchen_counter_01_drwN_gapbg
Fra:1 Mem:291.53M (Peak 295.13M) | Time:00:00.12 | Mem:0.00M, Peak:0.00M | Scene, ViewLayer | Synchronizing object | common_kitchen_kitchen_counter_01_drwN_f1
Fra:1 Mem:291.53M (Peak 295.13M) | Time:00:00.12 | Mem:0.00M, Peak:0.00M | Scene, ViewLayer | Synchronizing object | common_kitchen_kitchen_counter_01_drwN_p1
Fra:1 Mem:299.30M (Peak 299.30M) | Time:00:00.12 | Mem:0.00M, Peak:0.00M | Scene, ViewLayer | Synchronizing object | common_kitchen_hob_01_glass
Fra:1 Mem:299.30M (Peak 299.30M) | Time:00:00.12 | Mem:0.00M, Peak:0.00M | Scene, ViewLayer | Synchronizing object | common_kitchen_hob_01_burner0
Fra:1 Mem:299.31M (Peak 299.31M) | Time:00:00.12 | Mem:0.00M, Peak:0.00M | Scene, ViewLayer | Synchronizing object | A_living_dining_balcony_rug_01_border0
Fra:1 Mem:299.31M (Peak 299.31M) | Time:00:00.12 | Mem:0.00M, Peak:0.00M | Scene, ViewLayer | Synchronizing object | A_living_dining_balcony_rug_01_pile
Fra:1 Mem:299.31M (Peak 299.31M) | Time:00:00.12 | Mem:0.00M, Peak:0.00M | Scene, ViewLayer | Synchronizing object | common_kitchen_hob_01_burner1
Fra:1 Mem:299.32M (Peak 299.32M) | Time:00:00.12 | Mem:0.00M, Peak:0.00M | Scene, ViewLayer | Synchronizing object | common_kitchen_range_hood_01_topbox
Fra:1 Mem:299.32M (Peak 299.32M) | Time:00:00.12 | Mem:0.00M, Peak:0.00M | Scene, ViewLayer | Synchronizing object | common_kitchen_range_hood_01_slant
Fra:1 Mem:299.34M (Peak 299.34M) | Time:00:00.12 | Mem:0.00M, Peak:0.00M | Scene, ViewLayer | Synchronizing object | common_kitchen_cabinet_01_body
Fra:1 Mem:299.34M (Peak 299.34M) | Time:00:00.12 | Mem:0.00M, Peak:0.00M | Scene, ViewLayer | Synchronizing object | common_kitchen_cabinet_01_door_gapbg
Fra:1 Mem:299.34M (Peak 299.34M) | Time:00:00.12 | Mem:0.00M, Peak:0.00M | Scene, ViewLayer | Synchronizing object | common_kitchen_cabinet_01_door_f0l
Fra:1 Mem:299.34M (Peak 299.34M) | Time:00:00.12 | Mem:0.00M, Peak:0.00M | Scene, ViewLayer | Synchronizing object | common_kitchen_cabinet_01_door_f0b
Fra:1 Mem:299.35M (Peak 299.35M) | Time:00:00.12 | Mem:0.00M, Peak:0.00M | Scene, ViewLayer | Synchronizing object | common_kitchen_cabinet_01_door_p0
Fra:1 Mem:299.35M (Peak 299.35M) | Time:00:00.12 | Mem:0.00M, Peak:0.00M | Scene, ViewLayer | Synchronizing object | A_living_dining_balcony_coffee_table_01_leg1
Fra:1 Mem:299.36M (Peak 299.36M) | Time:00:00.12 | Mem:0.00M, Peak:0.00M | Scene, ViewLayer | Synchronizing object | A_living_dining_balcony_coffee_table_01_leg0
Fra:1 Mem:299.37M (Peak 299.37M) | Time:00:00.12 | Mem:0.00M, Peak:0.00M | Scene, ViewLayer | Synchronizing object | A_living_dining_balcony_coffee_table_01_top
Fra:1 Mem:299.37M (Peak 299.37M) | Time:00:00.12 | Mem:0.00M, Peak:0.00M | Scene, ViewLayer | Synchronizing object | A_living_dining_balcony_ottoman_01_base
Fra:1 Mem:299.37M (Peak 299.37M) | Time:00:00.12 | Mem:0.00M, Peak:0.00M | Scene, ViewLayer | Synchronizing object | common_kitchen_cabinet_01_door_f1l
Fra:1 Mem:299.38M (Peak 299.38M) | Time:00:00.12 | Mem:0.00M, Peak:0.00M | Scene, ViewLayer | Synchronizing object | common_kitchen_cabinet_01_door_f1r
Fra:1 Mem:299.39M (Peak 299.39M) | Time:00:00.12 | Mem:0.00M, Peak:0.00M | Scene, ViewLayer | Synchronizing object | common_kitchen_cabinet_01_door_f1b
Fra:1 Mem:299.40M (Peak 299.40M) | Time:00:00.12 | Mem:0.00M, Peak:0.00M | Scene, ViewLayer | Synchronizing object | common_kitchen_cabinet_01_door_f1t
Fra:1 Mem:299.41M (Peak 299.41M) | Time:00:00.12 | Mem:0.00M, Peak:0.00M | Scene, ViewLayer | Synchronizing object | common_kitchen_cabinet_01_door_f1c
Fra:1 Mem:299.41M (Peak 299.41M) | Time:00:00.12 | Mem:0.00M, Peak:0.00M | Scene, ViewLayer | Synchronizing object | common_kitchen_cabinet_01_door_p1
Fra:1 Mem:299.42M (Peak 299.42M) | Time:00:00.13 | Mem:0.00M, Peak:0.00M | Scene, ViewLayer | Synchronizing object | common_kitchen_cabinet_02_door_gapbg
Fra:1 Mem:299.42M (Peak 299.42M) | Time:00:00.13 | Mem:0.00M, Peak:0.00M | Scene, ViewLayer | Synchronizing object | common_kitchen_cabinet_02_door_f0r
Fra:1 Mem:299.44M (Peak 299.44M) | Time:00:00.13 | Mem:0.00M, Peak:0.00M | Scene, ViewLayer | Synchronizing object | common_kitchen_cabinet_02_door_f0b
Fra:1 Mem:299.44M (Peak 299.44M) | Time:00:00.13 | Mem:0.00M, Peak:0.00M | Scene, ViewLayer | Synchronizing object | common_kitchen_cabinet_02_door_p0
Fra:1 Mem:299.45M (Peak 299.45M) | Time:00:00.13 | Mem:0.00M, Peak:0.00M | Scene, ViewLayer | Synchronizing object | common_kitchen_cabinet_02_door_f1l
Fra:1 Mem:299.45M (Peak 299.45M) | Time:00:00.13 | Mem:0.00M, Peak:0.00M | Scene, ViewLayer | Synchronizing object | common_kitchen_cabinet_02_door_f1r
Fra:1 Mem:299.47M (Peak 299.47M) | Time:00:00.13 | Mem:0.00M, Peak:0.00M | Scene, ViewLayer | Synchronizing object | common_kitchen_cabinet_02_door_f1b
Fra:1 Mem:299.47M (Peak 299.47M) | Time:00:00.13 | Mem:0.00M, Peak:0.00M | Scene, ViewLayer | Synchronizing object | common_kitchen_cabinet_02_door_f1t
Fra:1 Mem:299.49M (Peak 299.49M) | Time:00:00.13 | Mem:0.00M, Peak:0.00M | Scene, ViewLayer | Synchronizing object | common_kitchen_cabinet_02_door_f1c
Fra:1 Mem:299.50M (Peak 299.50M) | Time:00:00.13 | Mem:0.00M, Peak:0.00M | Scene, ViewLayer | Synchronizing object | common_kitchen_cabinet_02_door_f2l
Fra:1 Mem:299.52M (Peak 299.52M) | Time:00:00.13 | Mem:0.00M, Peak:0.00M | Scene, ViewLayer | Synchronizing object | common_kitchen_cabinet_02_door_f2r
Fra:1 Mem:299.53M (Peak 299.53M) | Time:00:00.13 | Mem:0.00M, Peak:0.00M | Scene, ViewLayer | Synchronizing object | common_kitchen_cabinet_02_door_f2b
Fra:1 Mem:299.53M (Peak 299.53M) | Time:00:00.13 | Mem:0.00M, Peak:0.00M | Scene, ViewLayer | Synchronizing object | common_kitchen_cabinet_02_door_f2t
Fra:1 Mem:299.54M (Peak 299.54M) | Time:00:00.13 | Mem:0.00M, Peak:0.00M | Scene, ViewLayer | Synchronizing object | common_kitchen_cabinet_02_door_p2
Fra:1 Mem:299.55M (Peak 299.55M) | Time:00:00.13 | Mem:0.00M, Peak:0.00M | Scene, ViewLayer | Synchronizing object | common_kitchen_glass_sliding_door_01_glass
Fra:1 Mem:299.55M (Peak 299.55M) | Time:00:00.13 | Mem:0.00M, Peak:0.00M | Scene, ViewLayer | Synchronizing object | common_kitchen_glass_sliding_door_01_stR
Fra:1 Mem:299.55M (Peak 299.55M) | Time:00:00.13 | Mem:0.00M, Peak:0.00M | Scene, ViewLayer | Synchronizing object | common_kitchen_glass_sliding_door_01_stT
Fra:1 Mem:299.55M (Peak 299.55M) | Time:00:00.13 | Mem:0.00M, Peak:0.00M | Scene, ViewLayer | Synchronizing object | common_kitchen_glass_sliding_door_01_stB
Fra:1 Mem:299.56M (Peak 299.56M) | Time:00:00.13 | Mem:0.00M, Peak:0.00M | Scene, ViewLayer | Synchronizing object | common_living_dining_balcony_glass_sliding_door_01_glass
Fra:1 Mem:296.05M (Peak 299.56M) | Time:00:00.13 | Mem:0.00M, Peak:0.00M | Scene, ViewLayer | Synchronizing object | common_living_dining_balcony_glass_sliding_door_01_stL
Fra:1 Mem:296.05M (Peak 299.56M) | Time:00:00.13 | Mem:0.00M, Peak:0.00M | Scene, ViewLayer | Synchronizing object | common_living_dining_balcony_glass_sliding_door_01_stR
Fra:1 Mem:296.05M (Peak 299.56M) | Time:00:00.13 | Mem:0.00M, Peak:0.00M | Scene, ViewLayer | Synchronizing object | A_living_dining_balcony_sofa_01_pillow_brick
Fra:1 Mem:298.27M (Peak 299.56M) | Time:00:00.13 | Mem:0.00M, Peak:0.00M | Scene, ViewLayer | Synchronizing object | common_living_dining_balcony_glass_sliding_door_01_stT
Fra:1 Mem:298.27M (Peak 299.56M) | Time:00:00.13 | Mem:0.00M, Peak:0.00M | Scene, ViewLayer | Synchronizing object | common_living_dining_balcony_glass_sliding_door_01_stB
Fra:1 Mem:298.27M (Peak 299.56M) | Time:00:00.13 | Mem:0.00M, Peak:0.00M | Scene, ViewLayer | Synchronizing object | common_living_dining_balcony_glass_sliding_door_02_glass
Fra:1 Mem:298.27M (Peak 299.56M) | Time:00:00.13 | Mem:0.00M, Peak:0.00M | Scene, ViewLayer | Synchronizing object | common_living_dining_balcony_glass_sliding_door_02_stL
Fra:1 Mem:298.27M (Peak 299.56M) | Time:00:00.13 | Mem:0.00M, Peak:0.00M | Scene, ViewLayer | Synchronizing object | common_living_dining_balcony_glass_sliding_door_02_stR
Fra:1 Mem:298.28M (Peak 299.56M) | Time:00:00.13 | Mem:0.00M, Peak:0.00M | Scene, ViewLayer | Synchronizing object | common_living_dining_balcony_glass_sliding_door_02_stT
Fra:1 Mem:298.29M (Peak 299.56M) | Time:00:00.13 | Mem:0.00M, Peak:0.00M | Scene, ViewLayer | Synchronizing object | common_living_dining_balcony_glass_sliding_door_02_stB
Fra:1 Mem:298.29M (Peak 299.56M) | Time:00:00.13 | Mem:0.00M, Peak:0.00M | Scene, ViewLayer | Synchronizing object | common_kitchen_glass_sliding_door_02_glass
Fra:1 Mem:298.29M (Peak 299.56M) | Time:00:00.13 | Mem:0.00M, Peak:0.00M | Scene, ViewLayer | Synchronizing object | common_kitchen_glass_sliding_door_02_stR
Fra:1 Mem:298.30M (Peak 299.56M) | Time:00:00.13 | Mem:0.00M, Peak:0.00M | Scene, ViewLayer | Synchronizing object | common_kitchen_glass_sliding_door_02_stT
Fra:1 Mem:298.30M (Peak 299.56M) | Time:00:00.13 | Mem:0.00M, Peak:0.00M | Scene, ViewLayer | Synchronizing object | common_kitchen_glass_sliding_door_02_stB
Fra:1 Mem:298.30M (Peak 299.56M) | Time:00:00.13 | Mem:0.00M, Peak:0.00M | Scene, ViewLayer | Synchronizing object | common_living_dining_balcony_fridge_01_body
Fra:1 Mem:298.30M (Peak 299.56M) | Time:00:00.13 | Mem:0.00M, Peak:0.00M | Scene, ViewLayer | Synchronizing object | common_living_dining_balcony_fridge_01_seamH
Fra:1 Mem:298.31M (Peak 299.56M) | Time:00:00.13 | Mem:0.00M, Peak:0.00M | Scene, ViewLayer | Synchronizing object | common_living_dining_balcony_fridge_01_seamV
Fra:1 Mem:298.32M (Peak 299.56M) | Time:00:00.13 | Mem:0.00M, Peak:0.00M | Scene, ViewLayer | Synchronizing object | common_living_dining_balcony_fridge_01_pullU
Fra:1 Mem:298.32M (Peak 299.56M) | Time:00:00.13 | Mem:0.00M, Peak:0.00M | Scene, ViewLayer | Synchronizing object | common_living_dining_balcony_cabinet_01_body
Fra:1 Mem:298.34M (Peak 299.56M) | Time:00:00.13 | Mem:0.00M, Peak:0.00M | Scene, ViewLayer | Synchronizing object | common_living_dining_balcony_cabinet_01_door_gapbg
Fra:1 Mem:298.34M (Peak 299.56M) | Time:00:00.13 | Mem:0.00M, Peak:0.00M | Scene, ViewLayer | Synchronizing object | common_living_dining_balcony_cabinet_01_door_f0b
Fra:1 Mem:298.35M (Peak 299.56M) | Time:00:00.13 | Mem:0.00M, Peak:0.00M | Scene, ViewLayer | Synchronizing object | common_living_dining_balcony_cabinet_01_door_f0t
Fra:1 Mem:298.35M (Peak 299.56M) | Time:00:00.13 | Mem:0.00M, Peak:0.00M | Scene, ViewLayer | Synchronizing object | common_living_dining_balcony_cabinet_01_door_p0
Fra:1 Mem:298.37M (Peak 299.56M) | Time:00:00.13 | Mem:0.00M, Peak:0.00M | Scene, ViewLayer | Synchronizing object | common_living_dining_balcony_cabinet_01_door_f1l
Fra:1 Mem:298.37M (Peak 299.56M) | Time:00:00.13 | Mem:0.00M, Peak:0.00M | Scene, ViewLayer | Synchronizing object | common_living_dining_balcony_cabinet_01_door_f1r
Fra:1 Mem:298.38M (Peak 299.56M) | Time:00:00.13 | Mem:0.00M, Peak:0.00M | Scene, ViewLayer | Synchronizing object | common_living_dining_balcony_cabinet_01_door_f1b
Fra:1 Mem:298.40M (Peak 299.56M) | Time:00:00.13 | Mem:0.00M, Peak:0.00M | Scene, ViewLayer | Synchronizing object | common_living_dining_balcony_cabinet_01_door_f1t
Fra:1 Mem:298.41M (Peak 299.56M) | Time:00:00.13 | Mem:0.00M, Peak:0.00M | Scene, ViewLayer | Synchronizing object | common_living_dining_balcony_cabinet_01_door_f1c
Fra:1 Mem:298.41M (Peak 299.56M) | Time:00:00.13 | Mem:0.00M, Peak:0.00M | Scene, ViewLayer | Synchronizing object | common_foyer_cabinet_01_door_gapbg
Fra:1 Mem:298.42M (Peak 299.56M) | Time:00:00.13 | Mem:0.00M, Peak:0.00M | Scene, ViewLayer | Synchronizing object | common_foyer_cabinet_01_door_f0b
Fra:1 Mem:298.42M (Peak 299.56M) | Time:00:00.13 | Mem:0.00M, Peak:0.00M | Scene, ViewLayer | Synchronizing object | common_foyer_cabinet_01_door_f0t
Fra:1 Mem:305.47M (Peak 305.47M) | Time:00:00.13 | Mem:0.00M, Peak:0.00M | Scene, ViewLayer | Synchronizing object | common_foyer_cabinet_01_door_p0
Fra:1 Mem:305.47M (Peak 305.47M) | Time:00:00.13 | Mem:0.00M, Peak:0.00M | Scene, ViewLayer | Synchronizing object | common_foyer_cabinet_01_door_f1l
Fra:1 Mem:305.47M (Peak 305.47M) | Time:00:00.13 | Mem:0.00M, Peak:0.00M | Scene, ViewLayer | Synchronizing object | common_foyer_cabinet_01_door_f1r
Fra:1 Mem:305.48M (Peak 305.48M) | Time:00:00.13 | Mem:0.00M, Peak:0.00M | Scene, ViewLayer | Synchronizing object | common_foyer_cabinet_01_door_f1b
Fra:1 Mem:305.49M (Peak 305.49M) | Time:00:00.13 | Mem:0.00M, Peak:0.00M | Scene, ViewLayer | Synchronizing object | common_foyer_cabinet_01_door_f1t
Fra:1 Mem:305.50M (Peak 305.50M) | Time:00:00.13 | Mem:0.00M, Peak:0.00M | Scene, ViewLayer | Synchronizing object | common_foyer_cabinet_01_door_f1c
Fra:1 Mem:305.50M (Peak 305.50M) | Time:00:00.13 | Mem:0.00M, Peak:0.00M | Scene, ViewLayer | Synchronizing object | common_foyer_cabinet_01_door_f2l
Fra:1 Mem:305.51M (Peak 305.51M) | Time:00:00.13 | Mem:0.00M, Peak:0.00M | Scene, ViewLayer | Synchronizing object | common_foyer_cabinet_01_door_f2r
Fra:1 Mem:305.52M (Peak 305.52M) | Time:00:00.13 | Mem:0.00M, Peak:0.00M | Scene, ViewLayer | Synchronizing object | common_foyer_cabinet_01_door_f2b
Fra:1 Mem:305.53M (Peak 305.53M) | Time:00:00.13 | Mem:0.00M, Peak:0.00M | Scene, ViewLayer | Synchronizing object | common_foyer_cabinet_01_door_p2
Fra:1 Mem:305.55M (Peak 305.55M) | Time:00:00.13 | Mem:0.00M, Peak:0.00M | Scene, ViewLayer | Synchronizing object | common_foyer_open_niche_01_back
Fra:1 Mem:305.55M (Peak 305.55M) | Time:00:00.13 | Mem:0.00M, Peak:0.00M | Scene, ViewLayer | Synchronizing object | common_foyer_open_niche_01_top
Fra:1 Mem:305.56M (Peak 305.56M) | Time:00:00.13 | Mem:0.00M, Peak:0.00M | Scene, ViewLayer | Synchronizing object | common_foyer_open_niche_01_bottom
Fra:1 Mem:307.79M (Peak 307.79M) | Time:00:00.13 | Mem:0.00M, Peak:0.00M | Scene, ViewLayer | Synchronizing object | common_foyer_open_niche_01_sh0
Fra:1 Mem:307.79M (Peak 307.79M) | Time:00:00.13 | Mem:0.00M, Peak:0.00M | Scene, ViewLayer | Synchronizing object | common_foyer_cabinet_02_door_gapbg
Fra:1 Mem:307.79M (Peak 307.79M) | Time:00:00.13 | Mem:0.00M, Peak:0.00M | Scene, ViewLayer | Synchronizing object | common_foyer_cabinet_02_door_f0l
Fra:1 Mem:307.81M (Peak 307.81M) | Time:00:00.13 | Mem:0.00M, Peak:0.00M | Scene, ViewLayer | Synchronizing object | A_living_dining_balcony_sofa_01_pillow_olive
Fra:1 Mem:307.82M (Peak 307.82M) | Time:00:00.13 | Mem:0.00M, Peak:0.00M | Scene, ViewLayer | Synchronizing object | A_living_dining_balcony_sofa_01_arm1
Fra:1 Mem:307.84M (Peak 307.84M) | Time:00:00.13 | Mem:0.00M, Peak:0.00M | Scene, ViewLayer | Synchronizing object | A_living_dining_balcony_sofa_01_arm0
Fra:1 Mem:307.84M (Peak 307.84M) | Time:00:00.13 | Mem:0.00M, Peak:0.00M | Scene, ViewLayer | Synchronizing object | common_foyer_cabinet_02_door_f0r
Fra:1 Mem:307.85M (Peak 307.85M) | Time:00:00.13 | Mem:0.00M, Peak:0.00M | Scene, ViewLayer | Synchronizing object | common_foyer_cabinet_02_door_f0b
Fra:1 Mem:307.86M (Peak 307.86M) | Time:00:00.13 | Mem:0.00M, Peak:0.00M | Scene, ViewLayer | Synchronizing object | common_foyer_cabinet_02_door_f0t
Fra:1 Mem:307.87M (Peak 307.87M) | Time:00:00.13 | Mem:0.00M, Peak:0.00M | Scene, ViewLayer | Synchronizing object | common_foyer_cabinet_02_door_f0c
Fra:1 Mem:307.88M (Peak 307.88M) | Time:00:00.13 | Mem:0.00M, Peak:0.00M | Scene, ViewLayer | Synchronizing object | common_foyer_cabinet_02_door_p0
Fra:1 Mem:307.88M (Peak 307.88M) | Time:00:00.13 | Mem:0.00M, Peak:0.00M | Scene, ViewLayer | Synchronizing object | common_foyer_cabinet_02_door_f1l
Fra:1 Mem:307.89M (Peak 307.89M) | Time:00:00.13 | Mem:0.00M, Peak:0.00M | Scene, ViewLayer | Synchronizing object | common_foyer_cabinet_02_door_f1t
Fra:1 Mem:307.91M (Peak 307.91M) | Time:00:00.13 | Mem:0.00M, Peak:0.00M | Scene, ViewLayer | Synchronizing object | common_foyer_cabinet_02_door_p2
Fra:1 Mem:307.91M (Peak 307.91M) | Time:00:00.13 | Mem:0.00M, Peak:0.00M | Scene, ViewLayer | Synchronizing object | common_foyer_mirror_door_01_mirror
Fra:1 Mem:307.92M (Peak 307.92M) | Time:00:00.13 | Mem:0.00M, Peak:0.00M | Scene, ViewLayer | Synchronizing object | common_foyer_mirror_door_01_fr0
Fra:1 Mem:307.92M (Peak 307.92M) | Time:00:00.13 | Mem:0.00M, Peak:0.00M | Scene, ViewLayer | Synchronizing object | common_foyer_mirror_door_01_fr1
Fra:1 Mem:307.93M (Peak 307.93M) | Time:00:00.13 | Mem:0.00M, Peak:0.00M | Scene, ViewLayer | Synchronizing object | common_foyer_mirror_door_01_fr2
Fra:1 Mem:307.94M (Peak 307.94M) | Time:00:00.13 | Mem:0.00M, Peak:0.00M | Scene, ViewLayer | Synchronizing object | common_foyer_mirror_door_01_fr3
Fra:1 Mem:307.95M (Peak 307.95M) | Time:00:00.13 | Mem:0.00M, Peak:0.00M | Scene, ViewLayer | Synchronizing object | A_living_dining_balcony_sofa_01_seat2
Fra:1 Mem:307.97M (Peak 307.97M) | Time:00:00.13 | Mem:0.00M, Peak:0.00M | Scene, ViewLayer | Synchronizing object | A_living_dining_balcony_sofa_01_seat1
Fra:1 Mem:307.99M (Peak 307.99M) | Time:00:00.13 | Mem:0.00M, Peak:0.00M | Scene, ViewLayer | Synchronizing object | A_living_dining_balcony_sofa_01_seat0
Fra:1 Mem:308.00M (Peak 308.00M) | Time:00:00.13 | Mem:0.00M, Peak:0.00M | Scene, ViewLayer | Synchronizing object | common_elevator_hall_cabinet_01_body
Fra:1 Mem:308.01M (Peak 308.01M) | Time:00:00.13 | Mem:0.00M, Peak:0.00M | Scene, ViewLayer | Synchronizing object | A_living_dining_balcony_sofa_01_back2
Fra:1 Mem:308.01M (Peak 308.01M) | Time:00:00.13 | Mem:0.00M, Peak:0.00M | Scene, ViewLayer | Synchronizing object | common_elevator_hall_cabinet_01_door_f0l
Fra:1 Mem:308.02M (Peak 308.02M) | Time:00:00.13 | Mem:0.00M, Peak:0.00M | Scene, ViewLayer | Synchronizing object | common_elevator_hall_cabinet_01_door_f0b
Fra:1 Mem:308.03M (Peak 308.03M) | Time:00:00.13 | Mem:0.00M, Peak:0.00M | Scene, ViewLayer | Synchronizing object | A_living_dining_balcony_sofa_01_back0
Fra:1 Mem:308.03M (Peak 308.03M) | Time:00:00.13 | Mem:0.00M, Peak:0.00M | Scene, ViewLayer | Synchronizing object | common_elevator_hall_cabinet_01_door_f0t
Fra:1 Mem:308.05M (Peak 308.05M) | Time:00:00.13 | Mem:0.00M, Peak:0.00M | Scene, ViewLayer | Synchronizing object | common_elevator_hall_cabinet_01_door_f0c
Fra:1 Mem:308.07M (Peak 308.07M) | Time:00:00.13 | Mem:0.00M, Peak:0.00M | Scene, ViewLayer | Synchronizing object | common_living_dining_balcony_bookcase_01_body
Fra:1 Mem:308.07M (Peak 308.07M) | Time:00:00.13 | Mem:0.00M, Peak:0.00M | Scene, ViewLayer | Synchronizing object | common_elevator_hall_cabinet_01_door_p0
Fra:1 Mem:308.07M (Peak 308.07M) | Time:00:00.13 | Mem:0.00M, Peak:0.00M | Scene, ViewLayer | Synchronizing object | common_living_dining_balcony_bookcase_01_drw_f0
Fra:1 Mem:308.07M (Peak 308.07M) | Time:00:00.13 | Mem:0.00M, Peak:0.00M | Scene, ViewLayer | Synchronizing object | common_living_dining_balcony_bookcase_01_drw_slot0
Fra:1 Mem:305.86M (Peak 308.07M) | Time:00:00.13 | Mem:0.00M, Peak:0.00M | Scene, ViewLayer | Synchronizing object | common_living_dining_balcony_bookcase_02_bot
Fra:1 Mem:305.86M (Peak 308.07M) | Time:00:00.13 | Mem:0.00M, Peak:0.00M | Scene, ViewLayer | Synchronizing object | common_living_dining_balcony_bookcase_02_endS
Fra:1 Mem:305.87M (Peak 308.07M) | Time:00:00.13 | Mem:0.00M, Peak:0.00M | Scene, ViewLayer | Synchronizing object | A_living_dining_balcony_sofa_01_leg2
Fra:1 Mem:305.87M (Peak 308.07M) | Time:00:00.13 | Mem:0.00M, Peak:0.00M | Scene, ViewLayer | Synchronizing object | common_living_dining_balcony_bookcase_02_div2
Fra:1 Mem:305.87M (Peak 308.07M) | Time:00:00.13 | Mem:0.00M, Peak:0.00M | Scene, ViewLayer | Synchronizing object | A_living_dining_balcony_sofa_01_leg1
Fra:1 Mem:305.88M (Peak 308.07M) | Time:00:00.13 | Mem:0.00M, Peak:0.00M | Scene, ViewLayer | Synchronizing object | A_living_dining_balcony_sofa_01_leg0
Fra:1 Mem:305.89M (Peak 308.07M) | Time:00:00.13 | Mem:0.00M, Peak:0.00M | Scene, ViewLayer | Synchronizing object | A_living_dining_balcony_sofa_01_base
Fra:1 Mem:305.89M (Peak 308.07M) | Time:00:00.13 | Mem:0.00M, Peak:0.00M | Scene, ViewLayer | Synchronizing object | common_living_dining_balcony_bookcase_02_door_f0
Fra:1 Mem:305.90M (Peak 308.07M) | Time:00:00.13 | Mem:0.00M, Peak:0.00M | Scene, ViewLayer | Synchronizing object | common_living_dining_balcony_bookcase_02_door_p0
Fra:1 Mem:310.15M (Peak 310.15M) | Time:00:00.13 | Mem:0.00M, Peak:0.00M | Scene, ViewLayer | Synchronizing object | common_living_dining_balcony_bookcase_02_shelf0
Fra:1 Mem:310.16M (Peak 310.16M) | Time:00:00.13 | Mem:0.00M, Peak:0.00M | Scene, ViewLayer | Synchronizing object | common_living_dining_balcony_bookcase_02_shelf1
Fra:1 Mem:310.16M (Peak 310.16M) | Time:00:00.14 | Mem:0.00M, Peak:0.00M | Scene, ViewLayer | Synchronizing object | common_living_dining_balcony_bookcase_02_shelf2
Fra:1 Mem:310.17M (Peak 310.17M) | Time:00:00.14 | Mem:0.00M, Peak:0.00M | Scene, ViewLayer | Synchronizing object | common_living_dining_balcony_bookcase_02_shelf3
Fra:1 Mem:310.17M (Peak 310.17M) | Time:00:00.14 | Mem:0.00M, Peak:0.00M | Scene, ViewLayer | Synchronizing object | common_living_dining_balcony_bookcase_02_gshelf0
Fra:1 Mem:310.17M (Peak 310.17M) | Time:00:00.14 | Mem:0.00M, Peak:0.00M | Scene, ViewLayer | Synchronizing object | common_living_dining_balcony_bookcase_02_gshelf1
Fra:1 Mem:310.17M (Peak 310.17M) | Time:00:00.14 | Mem:0.00M, Peak:0.00M | Scene, ViewLayer | Synchronizing object | common_living_dining_balcony_bookcase_02_gf_stS
Fra:1 Mem:310.17M (Peak 310.17M) | Time:00:00.14 | Mem:0.00M, Peak:0.00M | Scene, ViewLayer | Synchronizing object | common_living_dining_balcony_bookcase_02_gf_rlB
Fra:1 Mem:310.19M (Peak 310.19M) | Time:00:00.14 | Mem:0.00M, Peak:0.00M | Scene, ViewLayer | Synchronizing object | common_living_dining_balcony_laundry_cabinet_01_door_gapbg
Fra:1 Mem:314.45M (Peak 314.45M) | Time:00:00.14 | Mem:0.00M, Peak:0.00M | Scene, ViewLayer | Synchronizing object | common_living_dining_balcony_laundry_cabinet_01_door_f0r
Fra:1 Mem:314.45M (Peak 314.45M) | Time:00:00.14 | Mem:0.00M, Peak:0.00M | Scene, ViewLayer | Synchronizing object | common_living_dining_balcony_laundry_cabinet_01_door_f0t
Fra:1 Mem:314.45M (Peak 314.45M) | Time:00:00.14 | Mem:0.00M, Peak:0.00M | Scene, ViewLayer | Synchronizing object | common_living_dining_balcony_laundry_cabinet_01_door_f0c
Fra:1 Mem:314.45M (Peak 314.45M) | Time:00:00.14 | Mem:0.00M, Peak:0.00M | Scene, ViewLayer | Synchronizing object | common_living_dining_balcony_laundry_cabinet_01_door_f1l
Fra:1 Mem:314.46M (Peak 314.46M) | Time:00:00.14 | Mem:0.00M, Peak:0.00M | Scene, ViewLayer | Synchronizing object | common_living_dining_balcony_laundry_cabinet_01_door_f1r
Fra:1 Mem:314.46M (Peak 314.46M) | Time:00:00.14 | Mem:0.00M, Peak:0.00M | Scene, ViewLayer | Synchronizing object | common_living_dining_balcony_laundry_cabinet_01_door_f1b
Fra:1 Mem:314.46M (Peak 314.46M) | Time:00:00.14 | Mem:0.00M, Peak:0.00M | Scene, ViewLayer | Synchronizing object | common_living_dining_balcony_laundry_cabinet_01_door_f1t
Fra:1 Mem:314.49M (Peak 314.49M) | Time:00:00.14 | Mem:0.00M, Peak:0.00M | Scene, ViewLayer | Synchronizing object | common_living_dining_balcony_laundry_cabinet_01_door_f1c
Fra:1 Mem:314.49M (Peak 314.49M) | Time:00:00.14 | Mem:0.00M, Peak:0.00M | Scene, ViewLayer | Synchronizing object | common_master_bedroom_wardrobe_01_body
Fra:1 Mem:314.50M (Peak 314.50M) | Time:00:00.14 | Mem:0.00M, Peak:0.00M | Scene, ViewLayer | Synchronizing object | common_master_bedroom_wardrobe_01_door_f0r
Fra:1 Mem:314.50M (Peak 314.50M) | Time:00:00.14 | Mem:0.00M, Peak:0.00M | Scene, ViewLayer | Synchronizing object | common_master_bedroom_wardrobe_01_door_f0b
Fra:1 Mem:314.51M (Peak 314.51M) | Time:00:00.14 | Mem:0.00M, Peak:0.00M | Scene, ViewLayer | Synchronizing object | common_master_bedroom_wardrobe_01_door_f0t
Fra:1 Mem:314.52M (Peak 314.52M) | Time:00:00.14 | Mem:0.00M, Peak:0.00M | Scene, ViewLayer | Synchronizing object | common_master_bedroom_wardrobe_01_door_p0
Fra:1 Mem:314.52M (Peak 314.52M) | Time:00:00.14 | Mem:0.00M, Peak:0.00M | Scene, ViewLayer | Synchronizing object | common_master_bedroom_wardrobe_01_door_f1l
Fra:1 Mem:314.52M (Peak 314.52M) | Time:00:00.14 | Mem:0.00M, Peak:0.00M | Scene, ViewLayer | Synchronizing object | common_master_bedroom_wardrobe_01_door_f1r
Fra:1 Mem:314.54M (Peak 314.54M) | Time:00:00.14 | Mem:0.00M, Peak:0.00M | Scene, ViewLayer | Synchronizing object | common_master_bedroom_wardrobe_01_door_f1b
Fra:1 Mem:314.55M (Peak 314.55M) | Time:00:00.14 | Mem:0.00M, Peak:0.00M | Scene, ViewLayer | Synchronizing object | common_master_bedroom_wardrobe_01_door_p1
Fra:1 Mem:316.13M (Peak 316.13M) | Time:00:00.14 | Mem:0.00M, Peak:0.00M | Scene, ViewLayer | Synchronizing object | A_living_dining_balcony_dining_chair_05_arm1
Fra:1 Mem:316.15M (Peak 316.15M) | Time:00:00.14 | Mem:0.00M, Peak:0.00M | Scene, ViewLayer | Synchronizing object | A_living_dining_balcony_dining_chair_05_armf0
Fra:1 Mem:316.17M (Peak 316.17M) | Time:00:00.14 | Mem:0.00M, Peak:0.00M | Scene, ViewLayer | Synchronizing object | A_living_dining_balcony_dining_chair_05_arm0
Fra:1 Mem:316.19M (Peak 316.19M) | Time:00:00.14 | Mem:0.00M, Peak:0.00M | Scene, ViewLayer | Synchronizing object | common_master_bedroom_wardrobe_01_door_f2r
Fra:1 Mem:316.19M (Peak 316.19M) | Time:00:00.14 | Mem:0.00M, Peak:0.00M | Scene, ViewLayer | Synchronizing object | common_master_bedroom_wardrobe_01_door_f2t
Fra:1 Mem:316.21M (Peak 316.21M) | Time:00:00.14 | Mem:0.00M, Peak:0.00M | Scene, ViewLayer | Synchronizing object | common_master_bedroom_wardrobe_01_door_f2c
Fra:1 Mem:316.21M (Peak 316.21M) | Time:00:00.14 | Mem:0.00M, Peak:0.00M | Scene, ViewLayer | Synchronizing object | common_master_bedroom_wardrobe_01_door_f3b
Fra:1 Mem:316.22M (Peak 316.22M) | Time:00:00.14 | Mem:0.00M, Peak:0.00M | Scene, ViewLayer | Synchronizing object | common_master_bedroom_wardrobe_01_door_f3c
Fra:1 Mem:316.26M (Peak 316.26M) | Time:00:00.14 | Mem:0.00M, Peak:0.00M | Scene, ViewLayer | Synchronizing object | common_master_bedroom_wardrobe_01_door_f4l
Fra:1 Mem:316.27M (Peak 316.27M) | Time:00:00.14 | Mem:0.00M, Peak:0.00M | Scene, ViewLayer | Synchronizing object | common_master_bedroom_wardrobe_01_door_f4r
Fra:1 Mem:316.28M (Peak 316.28M) | Time:00:00.14 | Mem:0.00M, Peak:0.00M | Scene, ViewLayer | Synchronizing object | common_master_bedroom_wardrobe_01_door_f4b
Fra:1 Mem:316.29M (Peak 316.29M) | Time:00:00.14 | Mem:0.00M, Peak:0.00M | Scene, ViewLayer | Synchronizing object | A_living_dining_balcony_dining_chair_05_legt3
Fra:1 Mem:316.30M (Peak 316.30M) | Time:00:00.14 | Mem:0.00M, Peak:0.00M | Scene, ViewLayer | Synchronizing object | common_master_bedroom_wardrobe_01_door_f4t
Fra:1 Mem:316.30M (Peak 316.30M) | Time:00:00.14 | Mem:0.00M, Peak:0.00M | Scene, ViewLayer | Synchronizing object | common_master_bedroom_wardrobe_01_door_f4c
Fra:1 Mem:316.32M (Peak 316.32M) | Time:00:00.14 | Mem:0.00M, Peak:0.00M | Scene, ViewLayer | Synchronizing object | common_master_bedroom_wardrobe_01_door_p4
Fra:1 Mem:316.33M (Peak 316.33M) | Time:00:00.14 | Mem:0.00M, Peak:0.00M | Scene, ViewLayer | Synchronizing object | common_master_bedroom_wardrobe_01_door_f5l
Fra:1 Mem:316.34M (Peak 316.34M) | Time:00:00.14 | Mem:0.00M, Peak:0.00M | Scene, ViewLayer | Synchronizing object | common_master_bedroom_wardrobe_01_door_f5r
Fra:1 Mem:316.34M (Peak 316.34M) | Time:00:00.14 | Mem:0.00M, Peak:0.00M | Scene, ViewLayer | Synchronizing object | common_master_bedroom_wardrobe_01_door_p5
Fra:1 Mem:320.60M (Peak 320.60M) | Time:00:00.14 | Mem:0.00M, Peak:0.00M | Scene, ViewLayer | Synchronizing object | common_master_bedroom_wardrobe_01_door_f6l
Fra:1 Mem:320.60M (Peak 320.60M) | Time:00:00.14 | Mem:0.00M, Peak:0.00M | Scene, ViewLayer | Synchronizing object | common_master_bedroom_wardrobe_01_door_f6r
Fra:1 Mem:320.62M (Peak 320.62M) | Time:00:00.14 | Mem:0.00M, Peak:0.00M | Scene, ViewLayer | Synchronizing object | common_master_bedroom_wardrobe_01_door_f6t
Fra:1 Mem:320.63M (Peak 320.63M) | Time:00:00.14 | Mem:0.00M, Peak:0.00M | Scene, ViewLayer | Synchronizing object | common_master_bedroom_wardrobe_01_door_f6c
Fra:1 Mem:320.64M (Peak 320.64M) | Time:00:00.14 | Mem:0.00M, Peak:0.00M | Scene, ViewLayer | Synchronizing object | common_master_bedroom_open_niche_01_back
Fra:1 Mem:320.65M (Peak 320.65M) | Time:00:00.14 | Mem:0.00M, Peak:0.00M | Scene, ViewLayer | Synchronizing object | common_master_bedroom_open_niche_01_cheek0
Fra:1 Mem:320.66M (Peak 320.66M) | Time:00:00.14 | Mem:0.00M, Peak:0.00M | Scene, ViewLayer | Synchronizing object | common_master_bedroom_open_niche_01_top
Fra:1 Mem:320.66M (Peak 320.66M) | Time:00:00.14 | Mem:0.00M, Peak:0.00M | Scene, ViewLayer | Synchronizing object | common_master_bedroom_open_niche_01_bottom
Fra:1 Mem:320.67M (Peak 320.67M) | Time:00:00.14 | Mem:0.00M, Peak:0.00M | Scene, ViewLayer | Synchronizing object | common_master_bedroom_open_niche_01_sh0
Fra:1 Mem:320.68M (Peak 320.68M) | Time:00:00.14 | Mem:0.00M, Peak:0.00M | Scene, ViewLayer | Synchronizing object | common_master_bedroom_open_niche_01_sh1
Fra:1 Mem:320.69M (Peak 320.69M) | Time:00:00.14 | Mem:0.00M, Peak:0.00M | Scene, ViewLayer | Synchronizing object | common_master_bedroom_open_niche_01_sh2
Fra:1 Mem:320.69M (Peak 320.69M) | Time:00:00.14 | Mem:0.00M, Peak:0.00M | Scene, ViewLayer | Synchronizing object | common_master_bath_vanity_01_drw_gapbg
Fra:1 Mem:320.70M (Peak 320.70M) | Time:00:00.14 | Mem:0.00M, Peak:0.00M | Scene, ViewLayer | Synchronizing object | common_master_bath_vanity_01_drw_p0
Fra:1 Mem:320.70M (Peak 320.70M) | Time:00:00.14 | Mem:0.00M, Peak:0.00M | Scene, ViewLayer | Synchronizing object | common_master_bath_vanity_01_drw_p1
Fra:1 Mem:320.70M (Peak 320.70M) | Time:00:00.14 | Mem:0.00M, Peak:0.00M | Scene, ViewLayer | Synchronizing object | common_master_bath_vanity_01_top_s1
Fra:1 Mem:320.72M (Peak 320.72M) | Time:00:00.14 | Mem:0.00M, Peak:0.00M | Scene, ViewLayer | Synchronizing object | common_master_bath_vanity_01_top_s3
Fra:1 Mem:320.73M (Peak 320.73M) | Time:00:00.14 | Mem:0.00M, Peak:0.00M | Scene, ViewLayer | Synchronizing object | common_master_bath_vanity_01_bowl
Fra:1 Mem:320.73M (Peak 320.73M) | Time:00:00.14 | Mem:0.00M, Peak:0.00M | Scene, ViewLayer | Synchronizing object | A_living_dining_balcony_dining_chair_05_leg3
Fra:1 Mem:320.74M (Peak 320.74M) | Time:00:00.14 | Mem:0.00M, Peak:0.00M | Scene, ViewLayer | Synchronizing object | common_master_bath_vanity_01_cav
Fra:1 Mem:320.74M (Peak 320.74M) | Time:00:00.14 | Mem:0.00M, Peak:0.00M | Scene, ViewLayer | Synchronizing object | common_master_bath_vanity_01_fc_base
Fra:1 Mem:320.74M (Peak 320.74M) | Time:00:00.14 | Mem:0.00M, Peak:0.00M | Scene, ViewLayer | Synchronizing object | common_master_bath_vanity_01_fc_riser
Fra:1 Mem:320.75M (Peak 320.75M) | Time:00:00.14 | Mem:0.00M, Peak:0.00M | Scene, ViewLayer | Synchronizing object | common_master_bath_vanity_01_fc_spout
Fra:1 Mem:320.76M (Peak 320.76M) | Time:00:00.14 | Mem:0.00M, Peak:0.00M | Scene, ViewLayer | Synchronizing object | common_master_bath_vanity_01_fc_tip
Fra:1 Mem:320.76M (Peak 320.76M) | Time:00:00.14 | Mem:0.00M, Peak:0.00M | Scene, ViewLayer | Synchronizing object | common_master_bath_mirror_cabinet_01_body
Fra:1 Mem:320.77M (Peak 320.77M) | Time:00:00.14 | Mem:0.00M, Peak:0.00M | Scene, ViewLayer | Synchronizing object | common_master_bath_mirror_cabinet_01_mir_f0
Fra:1 Mem:325.06M (Peak 325.06M) | Time:00:00.14 | Mem:0.00M, Peak:0.00M | Scene, ViewLayer | Synchronizing object | common_master_bath_toilet_01_seat
Fra:1 Mem:325.07M (Peak 325.07M) | Time:00:00.14 | Mem:0.00M, Peak:0.00M | Scene, ViewLayer | Synchronizing object | common_master_bath_toilet_01_tank
Fra:1 Mem:325.07M (Peak 325.07M) | Time:00:00.14 | Mem:0.00M, Peak:0.00M | Scene, ViewLayer | Synchronizing object | common_master_bath_glass_partition_01_fr0
Fra:1 Mem:325.08M (Peak 325.08M) | Time:00:00.14 | Mem:0.00M, Peak:0.00M | Scene, ViewLayer | Synchronizing object | common_master_bath_glass_partition_01_fr2
Fra:1 Mem:325.09M (Peak 325.09M) | Time:00:00.14 | Mem:0.00M, Peak:0.00M | Scene, ViewLayer | Synchronizing object | common_master_bath_glass_partition_01_fr3
Fra:1 Mem:325.09M (Peak 325.09M) | Time:00:00.14 | Mem:0.00M, Peak:0.00M | Scene, ViewLayer | Synchronizing object | common_master_bath_glass_partition_01_fr4
Fra:1 Mem:325.09M (Peak 325.09M) | Time:00:00.14 | Mem:0.00M, Peak:0.00M | Scene, ViewLayer | Synchronizing object | common_master_bath_shower_floor_01_pan
Fra:1 Mem:325.10M (Peak 325.10M) | Time:00:00.14 | Mem:0.00M, Peak:0.00M | Scene, ViewLayer | Synchronizing object | common_master_bath_shower_floor_01_drain
Fra:1 Mem:325.10M (Peak 325.10M) | Time:00:00.14 | Mem:0.00M, Peak:0.00M | Scene, ViewLayer | Synchronizing object | common_corridor_vanity_01_cab
Fra:1 Mem:325.10M (Peak 325.10M) | Time:00:00.14 | Mem:0.00M, Peak:0.00M | Scene, ViewLayer | Synchronizing object | common_corridor_vanity_01_drw_f0
Fra:1 Mem:325.10M (Peak 325.10M) | Time:00:00.14 | Mem:0.00M, Peak:0.00M | Scene, ViewLayer | Synchronizing object | common_corridor_vanity_01_drw_p0
Fra:1 Mem:325.10M (Peak 325.10M) | Time:00:00.14 | Mem:0.00M, Peak:0.00M | Scene, ViewLayer | Synchronizing object | common_corridor_vanity_01_drw_f1
Fra:1 Mem:325.10M (Peak 325.10M) | Time:00:00.14 | Mem:0.00M, Peak:0.00M | Scene, ViewLayer | Synchronizing object | common_corridor_vanity_01_drw_p1
Fra:1 Mem:325.11M (Peak 325.11M) | Time:00:00.14 | Mem:0.00M, Peak:0.00M | Scene, ViewLayer | Synchronizing object | common_corridor_vanity_01_drw_f2
Fra:1 Mem:325.11M (Peak 325.11M) | Time:00:00.14 | Mem:0.00M, Peak:0.00M | Scene, ViewLayer | Synchronizing object | common_corridor_vanity_01_drw_p2
Fra:1 Mem:325.13M (Peak 325.13M) | Time:00:00.14 | Mem:0.00M, Peak:0.00M | Scene, ViewLayer | Synchronizing object | common_corridor_vanity_01_top_s2
Fra:1 Mem:325.14M (Peak 325.14M) | Time:00:00.14 | Mem:0.00M, Peak:0.00M | Scene, ViewLayer | Synchronizing object | common_corridor_vanity_01_top_s3
Fra:1 Mem:325.15M (Peak 325.15M) | Time:00:00.14 | Mem:0.00M, Peak:0.00M | Scene, ViewLayer | Synchronizing object | common_corridor_vanity_01_top_s4
Fra:1 Mem:325.16M (Peak 325.16M) | Time:00:00.14 | Mem:0.00M, Peak:0.00M | Scene, ViewLayer | Synchronizing object | common_corridor_vanity_01_bowl
Fra:1 Mem:325.16M (Peak 325.16M) | Time:00:00.14 | Mem:0.00M, Peak:0.00M | Scene, ViewLayer | Synchronizing object | common_corridor_vanity_01_cav
Fra:1 Mem:325.16M (Peak 325.16M) | Time:00:00.14 | Mem:0.00M, Peak:0.00M | Scene, ViewLayer | Synchronizing object | common_corridor_vanity_01_fc353_base
Fra:1 Mem:325.16M (Peak 325.16M) | Time:00:00.14 | Mem:0.00M, Peak:0.00M | Scene, ViewLayer | Synchronizing object | common_corridor_vanity_01_fc353_riser
Fra:1 Mem:325.17M (Peak 325.17M) | Time:00:00.14 | Mem:0.00M, Peak:0.00M | Scene, ViewLayer | Synchronizing object | common_corridor_vanity_01_fc353_spout
Fra:1 Mem:325.17M (Peak 325.17M) | Time:00:00.14 | Mem:0.00M, Peak:0.00M | Scene, ViewLayer | Synchronizing object | common_corridor_vanity_01_fc353_tip
Fra:1 Mem:325.18M (Peak 325.18M) | Time:00:00.14 | Mem:0.00M, Peak:0.00M | Scene, ViewLayer | Synchronizing object | common_corridor_vanity_01_bowl.001
Fra:1 Mem:325.19M (Peak 325.19M) | Time:00:00.14 | Mem:0.00M, Peak:0.00M | Scene, ViewLayer | Synchronizing object | common_corridor_vanity_01_fc281_base
Fra:1 Mem:332.22M (Peak 332.22M) | Time:00:00.14 | Mem:0.00M, Peak:0.00M | Scene, ViewLayer | Synchronizing object | common_corridor_vanity_01_fc281_spout
Fra:1 Mem:332.22M (Peak 332.22M) | Time:00:00.14 | Mem:0.00M, Peak:0.00M | Scene, ViewLayer | Synchronizing object | common_corridor_vanity_01_fc281_tip
Fra:1 Mem:332.23M (Peak 332.23M) | Time:00:00.14 | Mem:0.00M, Peak:0.00M | Scene, ViewLayer | Synchronizing object | common_corridor_mirror_cabinet_01_body
Fra:1 Mem:332.23M (Peak 332.23M) | Time:00:00.14 | Mem:0.00M, Peak:0.00M | Scene, ViewLayer | Synchronizing object | common_corridor_mirror_cabinet_01_mir_f0
Fra:1 Mem:332.26M (Peak 332.26M) | Time:00:00.14 | Mem:0.00M, Peak:0.00M | Scene, ViewLayer | Synchronizing object | common_corridor_mirror_cabinet_01_mir_f1
Fra:1 Mem:332.27M (Peak 332.27M) | Time:00:00.14 | Mem:0.00M, Peak:0.00M | Scene, ViewLayer | Synchronizing object | common_public_bath_wet_shower_floor_01_drain
Fra:1 Mem:332.27M (Peak 332.27M) | Time:00:00.14 | Mem:0.00M, Peak:0.00M | Scene, ViewLayer | Synchronizing object | common_public_bath_wet_glass_partition_01_fr2
Fra:1 Mem:332.28M (Peak 332.28M) | Time:00:00.14 | Mem:0.00M, Peak:0.00M | Scene, ViewLayer | Synchronizing object | common_public_bath_wet_glass_partition_01_fr3
Fra:1 Mem:332.28M (Peak 332.28M) | Time:00:00.14 | Mem:0.00M, Peak:0.00M | Scene, ViewLayer | Synchronizing object | common_public_bath_wet_toilet_01_seat
Fra:1 Mem:332.28M (Peak 332.28M) | Time:00:00.14 | Mem:0.00M, Peak:0.00M | Scene, ViewLayer | Synchronizing object | common_public_bath_wet_toilet_01_tank
Fra:1 Mem:332.29M (Peak 332.29M) | Time:00:00.14 | Mem:0.00M, Peak:0.00M | Scene, ViewLayer | Synchronizing object | common_parents_room_wardrobe_01_body
Fra:1 Mem:332.30M (Peak 332.30M) | Time:00:00.14 | Mem:0.00M, Peak:0.00M | Scene, ViewLayer | Synchronizing object | common_parents_room_wardrobe_01_slA_f0
Fra:1 Mem:332.30M (Peak 332.30M) | Time:00:00.14 | Mem:0.00M, Peak:0.00M | Scene, ViewLayer | Synchronizing object | common_parents_room_wardrobe_01_slA_f2
Fra:1 Mem:332.30M (Peak 332.30M) | Time:00:00.14 | Mem:0.00M, Peak:0.00M | Scene, ViewLayer | Synchronizing object | common_parents_room_wardrobe_01_slB_f0
Fra:1 Mem:332.31M (Peak 332.31M) | Time:00:00.14 | Mem:0.00M, Peak:0.00M | Scene, ViewLayer | Synchronizing object | common_parents_room_wardrobe_01_slB_f1
Fra:1 Mem:332.31M (Peak 332.31M) | Time:00:00.14 | Mem:0.00M, Peak:0.00M | Scene, ViewLayer | Synchronizing object | common_parents_room_wardrobe_01_slB_f2
Fra:1 Mem:332.32M (Peak 332.32M) | Time:00:00.14 | Mem:0.00M, Peak:0.00M | Scene, ViewLayer | Synchronizing object | common_master_bedroom_screen_01_slat00
Fra:1 Mem:332.32M (Peak 332.32M) | Time:00:00.14 | Mem:0.00M, Peak:0.00M | Scene, ViewLayer | Synchronizing object | common_master_bedroom_screen_01_slat03
Fra:1 Mem:332.32M (Peak 332.32M) | Time:00:00.14 | Mem:0.00M, Peak:0.00M | Scene, ViewLayer | Synchronizing object | common_master_bedroom_screen_01_slat04
Fra:1 Mem:332.33M (Peak 332.33M) | Time:00:00.14 | Mem:0.00M, Peak:0.00M | Scene, ViewLayer | Synchronizing object | common_master_bedroom_screen_01_slat05
Fra:1 Mem:332.33M (Peak 332.33M) | Time:00:00.14 | Mem:0.00M, Peak:0.00M | Scene, ViewLayer | Synchronizing object | common_master_bedroom_screen_01_slat06
Fra:1 Mem:332.33M (Peak 332.33M) | Time:00:00.14 | Mem:0.00M, Peak:0.00M | Scene, ViewLayer | Synchronizing object | A_living_dining_balcony_dining_chair_05_leg2
Fra:1 Mem:332.35M (Peak 332.35M) | Time:00:00.14 | Mem:0.00M, Peak:0.00M | Scene, ViewLayer | Synchronizing object | common_master_bedroom_screen_01_slat08
Fra:1 Mem:332.35M (Peak 332.35M) | Time:00:00.14 | Mem:0.00M, Peak:0.00M | Scene, ViewLayer | Synchronizing object | common_master_bedroom_screen_01_slat09
Fra:1 Mem:332.36M (Peak 332.36M) | Time:00:00.14 | Mem:0.00M, Peak:0.00M | Scene, ViewLayer | Synchronizing object | common_master_bedroom_screen_01_slat10
Fra:1 Mem:332.37M (Peak 332.37M) | Time:00:00.14 | Mem:0.00M, Peak:0.00M | Scene, ViewLayer | Synchronizing object | common_master_bedroom_screen_01_slat11
Fra:1 Mem:332.37M (Peak 332.37M) | Time:00:00.14 | Mem:0.00M, Peak:0.00M | Scene, ViewLayer | Synchronizing object | common_master_bedroom_screen_01_slat13
Fra:1 Mem:332.39M (Peak 332.39M) | Time:00:00.14 | Mem:0.00M, Peak:0.00M | Scene, ViewLayer | Synchronizing object | common_master_bedroom_screen_01_slat15
Fra:1 Mem:332.41M (Peak 332.41M) | Time:00:00.14 | Mem:0.00M, Peak:0.00M | Scene, ViewLayer | Synchronizing object | common_master_bedroom_screen_01_slat16
Fra:1 Mem:332.41M (Peak 332.41M) | Time:00:00.14 | Mem:0.00M, Peak:0.00M | Scene, ViewLayer | Synchronizing object | common_master_bedroom_screen_01_cap
Fra:1 Mem:332.43M (Peak 332.43M) | Time:00:00.14 | Mem:0.00M, Peak:0.00M | Scene, ViewLayer | Synchronizing object | mb_shower_mixer
Fra:1 Mem:332.44M (Peak 332.44M) | Time:00:00.14 | Mem:0.00M, Peak:0.00M | Scene, ViewLayer | Synchronizing object | mb_shower_rain
Fra:1 Mem:332.44M (Peak 332.44M) | Time:00:00.14 | Mem:0.00M, Peak:0.00M | Scene, ViewLayer | Synchronizing object | fx_mb_niche_back
Fra:1 Mem:332.45M (Peak 332.45M) | Time:00:00.14 | Mem:0.00M, Peak:0.00M | Scene, ViewLayer | Synchronizing object | A_living_dining_balcony_dining_chair_05_legt1
Fra:1 Mem:332.45M (Peak 332.45M) | Time:00:00.14 | Mem:0.00M, Peak:0.00M | Scene, ViewLayer | Synchronizing object | fx_mb_niche_side0
Fra:1 Mem:332.45M (Peak 332.45M) | Time:00:00.14 | Mem:0.00M, Peak:0.00M | Scene, ViewLayer | Synchronizing object | A_living_dining_balcony_dining_chair_05_leg1
Fra:1 Mem:332.46M (Peak 332.46M) | Time:00:00.14 | Mem:0.00M, Peak:0.00M | Scene, ViewLayer | Synchronizing object | fx_mb_niche_side1
Fra:1 Mem:332.46M (Peak 332.46M) | Time:00:00.14 | Mem:0.00M, Peak:0.00M | Scene, ViewLayer | Synchronizing object | A_living_dining_balcony_dining_chair_05_legt0
Fra:1 Mem:332.48M (Peak 332.48M) | Time:00:00.14 | Mem:0.00M, Peak:0.00M | Scene, ViewLayer | Synchronizing object | fx_mb_niche_top
Fra:1 Mem:332.48M (Peak 332.48M) | Time:00:00.14 | Mem:0.00M, Peak:0.00M | Scene, ViewLayer | Synchronizing object | fx_mb_paper_rod
Fra:1 Mem:332.48M (Peak 332.48M) | Time:00:00.14 | Mem:0.00M, Peak:0.00M | Scene, ViewLayer | Synchronizing object | pb_shower_mixer
Fra:1 Mem:332.49M (Peak 332.49M) | Time:00:00.14 | Mem:0.00M, Peak:0.00M | Scene, ViewLayer | Synchronizing object | pb_shower_hand
Fra:1 Mem:332.49M (Peak 332.49M) | Time:00:00.14 | Mem:0.00M, Peak:0.00M | Scene, ViewLayer | Synchronizing object | pb_shower_arm
Fra:1 Mem:332.50M (Peak 332.50M) | Time:00:00.14 | Mem:0.00M, Peak:0.00M | Scene, ViewLayer | Synchronizing object | pb_shower_rain
Fra:1 Mem:332.50M (Peak 332.50M) | Time:00:00.14 | Mem:0.00M, Peak:0.00M | Scene, ViewLayer | Synchronizing object | fx_pb_niche_side0
Fra:1 Mem:332.50M (Peak 332.50M) | Time:00:00.14 | Mem:0.00M, Peak:0.00M | Scene, ViewLayer | Synchronizing object | fx_pb_niche_side1
Fra:1 Mem:332.51M (Peak 332.51M) | Time:00:00.14 | Mem:0.00M, Peak:0.00M | Scene, ViewLayer | Synchronizing object | fx_pb_niche_btm
Fra:1 Mem:333.63M (Peak 333.63M) | Time:00:00.14 | Mem:0.00M, Peak:0.00M | Scene, ViewLayer | Synchronizing object | fx_stool_top
Fra:1 Mem:333.64M (Peak 333.64M) | Time:00:00.14 | Mem:0.00M, Peak:0.00M | Scene, ViewLayer | Synchronizing object | fx_stool_leg0
Fra:1 Mem:333.64M (Peak 333.64M) | Time:00:00.14 | Mem:0.00M, Peak:0.00M | Scene, ViewLayer | Synchronizing object | fx_stool_leg1
Fra:1 Mem:333.65M (Peak 333.65M) | Time:00:00.14 | Mem:0.00M, Peak:0.00M | Scene, ViewLayer | Synchronizing object | fx_stool_leg3
Fra:1 Mem:333.66M (Peak 333.66M) | Time:00:00.14 | Mem:0.00M, Peak:0.00M | Scene, ViewLayer | Synchronizing object | common_foyer_stool_01_leg0
Fra:1 Mem:333.66M (Peak 333.66M) | Time:00:00.14 | Mem:0.00M, Peak:0.00M | Scene, ViewLayer | Synchronizing object | common_foyer_stool_01_leg1
Fra:1 Mem:333.67M (Peak 333.67M) | Time:00:00.14 | Mem:0.00M, Peak:0.00M | Scene, ViewLayer | Synchronizing object | common_foyer_stool_01_leg2
Fra:1 Mem:333.67M (Peak 333.67M) | Time:00:00.14 | Mem:0.00M, Peak:0.00M | Scene, ViewLayer | Synchronizing object | common_foyer_stool_01_leg3
Fra:1 Mem:333.67M (Peak 333.67M) | Time:00:00.14 | Mem:0.00M, Peak:0.00M | Scene, ViewLayer | Synchronizing object | common_living_dining_balcony_plant_01_stem
Fra:1 Mem:333.67M (Peak 333.67M) | Time:00:00.14 | Mem:0.00M, Peak:0.00M | Scene, ViewLayer | Synchronizing object | common_living_dining_balcony_plant_01_leaf0
Fra:1 Mem:333.68M (Peak 333.68M) | Time:00:00.14 | Mem:0.00M, Peak:0.00M | Scene, ViewLayer | Synchronizing object | common_living_dining_balcony_plant_01_leaf1
Fra:1 Mem:333.69M (Peak 333.69M) | Time:00:00.14 | Mem:0.00M, Peak:0.00M | Scene, ViewLayer | Synchronizing object | common_living_dining_balcony_plant_01_leaf2
Fra:1 Mem:333.69M (Peak 333.69M) | Time:00:00.14 | Mem:0.00M, Peak:0.00M | Scene, ViewLayer | Synchronizing object | common_living_dining_balcony_plant_01_leaf3
Fra:1 Mem:332.60M (Peak 333.69M) | Time:00:00.14 | Mem:0.00M, Peak:0.00M | Scene, ViewLayer | Synchronizing object | common_living_dining_balcony_stool_01_top
Fra:1 Mem:332.60M (Peak 333.69M) | Time:00:00.14 | Mem:0.00M, Peak:0.00M | Scene, ViewLayer | Synchronizing object | common_living_dining_balcony_stool_01_jar
Fra:1 Mem:332.75M (Peak 333.69M) | Time:00:00.14 | Mem:0.00M, Peak:0.00M | Scene, ViewLayer | Synchronizing object | common_living_dining_balcony_artwork_01_canvas
Fra:1 Mem:333.59M (Peak 333.69M) | Time:00:00.14 | Mem:0.00M, Peak:0.00M | Scene, ViewLayer | Synchronizing object | common_living_dining_balcony_artwork_01_lamp
Fra:1 Mem:333.94M (Peak 333.94M) | Time:00:00.14 | Mem:0.00M, Peak:0.00M | Scene, ViewLayer | Synchronizing object | common_master_bedroom_dressing_table_01_side0
Fra:1 Mem:334.02M (Peak 334.02M) | Time:00:00.14 | Mem:0.00M, Peak:0.00M | Scene, ViewLayer | Synchronizing object | common_master_bedroom_dressing_table_01_upper
Fra:1 Mem:334.19M (Peak 334.19M) | Time:00:00.14 | Mem:0.00M, Peak:0.00M | Scene, ViewLayer | Synchronizing object | common_master_bedroom_dressing_table_01_door_gapbg
Fra:1 Mem:334.35M (Peak 334.35M) | Time:00:00.14 | Mem:0.00M, Peak:0.00M | Scene, ViewLayer | Synchronizing object | common_master_bedroom_dressing_table_01_door_f0t
Fra:1 Mem:334.41M (Peak 334.41M) | Time:00:00.14 | Mem:0.00M, Peak:0.00M | Scene, ViewLayer | Synchronizing object | common_master_bedroom_dressing_table_01_door_f0c
Fra:1 Mem:334.41M (Peak 334.41M) | Time:00:00.14 | Mem:0.00M, Peak:0.00M | Scene, ViewLayer | Synchronizing object | common_master_bedroom_dressing_table_01_door_p0
Fra:1 Mem:334.42M (Peak 334.42M) | Time:00:00.14 | Mem:0.00M, Peak:0.00M | Scene, ViewLayer | Synchronizing object | common_master_bedroom_dressing_table_01_door_f1l
Fra:1 Mem:334.43M (Peak 334.43M) | Time:00:00.14 | Mem:0.00M, Peak:0.00M | Scene, ViewLayer | Synchronizing object | common_master_bedroom_dressing_table_01_door_f1r
Fra:1 Mem:334.43M (Peak 334.43M) | Time:00:00.14 | Mem:0.00M, Peak:0.00M | Scene, ViewLayer | Synchronizing object | common_master_bedroom_dressing_table_01_door_f1t
Fra:1 Mem:334.46M (Peak 334.46M) | Time:00:00.14 | Mem:0.00M, Peak:0.00M | Scene, ViewLayer | Synchronizing object | common_master_bedroom_dressing_table_01_door_f1c
Fra:1 Mem:334.46M (Peak 334.46M) | Time:00:00.14 | Mem:0.00M, Peak:0.00M | Scene, ViewLayer | Synchronizing object | common_master_bedroom_dressing_table_01_door_p1
Fra:1 Mem:334.47M (Peak 334.47M) | Time:00:00.14 | Mem:0.00M, Peak:0.00M | Scene, ViewLayer | Synchronizing object | common_master_bedroom_dressing_table_01_door_f2r
Fra:1 Mem:334.47M (Peak 334.47M) | Time:00:00.14 | Mem:0.00M, Peak:0.00M | Scene, ViewLayer | Synchronizing object | common_master_bedroom_dressing_table_01_door_f2b
Fra:1 Mem:334.47M (Peak 334.47M) | Time:00:00.14 | Mem:0.00M, Peak:0.00M | Scene, ViewLayer | Synchronizing object | common_master_bedroom_dressing_table_01_door_f2t
Fra:1 Mem:334.48M (Peak 334.48M) | Time:00:00.14 | Mem:0.00M, Peak:0.00M | Scene, ViewLayer | Synchronizing object | common_master_bedroom_dressing_table_01_door_f2c
Fra:1 Mem:334.50M (Peak 334.50M) | Time:00:00.14 | Mem:0.00M, Peak:0.00M | Scene, ViewLayer | Synchronizing object | common_master_bedroom_dressing_table_01_mirror
Fra:1 Mem:334.51M (Peak 334.51M) | Time:00:00.14 | Mem:0.00M, Peak:0.00M | Scene, ViewLayer | Synchronizing object | common_master_bedroom_stool_01_leg0
Fra:1 Mem:334.51M (Peak 334.51M) | Time:00:00.14 | Mem:0.00M, Peak:0.00M | Scene, ViewLayer | Synchronizing object | common_master_bedroom_stool_01_leg1
Fra:1 Mem:334.52M (Peak 334.52M) | Time:00:00.14 | Mem:0.00M, Peak:0.00M | Scene, ViewLayer | Synchronizing object | common_master_bedroom_stool_01_leg3
Fra:1 Mem:334.52M (Peak 334.52M) | Time:00:00.14 | Mem:0.00M, Peak:0.00M | Scene, ViewLayer | Synchronizing object | A_living_dining_balcony_dining_chair_05_seat
Fra:1 Mem:334.54M (Peak 334.54M) | Time:00:00.14 | Mem:0.00M, Peak:0.00M | Scene, ViewLayer | Synchronizing object | A_living_dining_balcony_dining_chair_04_armf1
Fra:1 Mem:334.55M (Peak 334.55M) | Time:00:00.14 | Mem:0.00M, Peak:0.00M | Scene, ViewLayer | Synchronizing object | common_master_bedroom_bed_01_mattress
Fra:1 Mem:334.57M (Peak 334.57M) | Time:00:00.14 | Mem:0.00M, Peak:0.00M | Scene, ViewLayer | Synchronizing object | common_master_bedroom_bed_01_duvet
Fra:1 Mem:334.57M (Peak 334.57M) | Time:00:00.14 | Mem:0.00M, Peak:0.00M | Scene, ViewLayer | Synchronizing object | common_master_bedroom_bed_01_duvetdrop
Fra:1 Mem:334.58M (Peak 334.58M) | Time:00:00.14 | Mem:0.00M, Peak:0.00M | Scene, ViewLayer | Synchronizing object | common_master_bedroom_bed_01_pillow1
Fra:1 Mem:334.59M (Peak 334.59M) | Time:00:00.14 | Mem:0.00M, Peak:0.00M | Scene, ViewLayer | Synchronizing object | common_master_bedroom_bed_01_pillow2
Fra:1 Mem:334.60M (Peak 334.60M) | Time:00:00.14 | Mem:0.00M, Peak:0.00M | Scene, ViewLayer | Synchronizing object | common_master_bedroom_bed_01_throw
Fra:1 Mem:334.61M (Peak 334.61M) | Time:00:00.14 | Mem:0.00M, Peak:0.00M | Scene, ViewLayer | Synchronizing object | common_master_bedroom_headboard_01_pad
Fra:1 Mem:334.62M (Peak 334.62M) | Time:00:00.14 | Mem:0.00M, Peak:0.00M | Scene, ViewLayer | Synchronizing object | common_master_bedroom_nightstand_01_body
Fra:1 Mem:334.63M (Peak 334.63M) | Time:00:00.14 | Mem:0.00M, Peak:0.00M | Scene, ViewLayer | Synchronizing object | common_master_bedroom_nightstand_01_drw_gapbg
Fra:1 Mem:334.63M (Peak 334.63M) | Time:00:00.14 | Mem:0.00M, Peak:0.00M | Scene, ViewLayer | Synchronizing object | common_master_bedroom_nightstand_01_drw_f0
Fra:1 Mem:334.63M (Peak 334.63M) | Time:00:00.14 | Mem:0.00M, Peak:0.00M | Scene, ViewLayer | Synchronizing object | common_master_bedroom_nightstand_01_drw_p0
Fra:1 Mem:334.64M (Peak 334.64M) | Time:00:00.14 | Mem:0.00M, Peak:0.00M | Scene, ViewLayer | Synchronizing object | common_master_bedroom_nightstand_01_leg1
Fra:1 Mem:334.64M (Peak 334.64M) | Time:00:00.14 | Mem:0.00M, Peak:0.00M | Scene, ViewLayer | Synchronizing object | common_master_bedroom_nightstand_01_leg2
Fra:1 Mem:334.64M (Peak 334.64M) | Time:00:00.14 | Mem:0.00M, Peak:0.00M | Scene, ViewLayer | Synchronizing object | common_master_bedroom_nightstand_02_body
Fra:1 Mem:334.65M (Peak 334.65M) | Time:00:00.14 | Mem:0.00M, Peak:0.00M | Scene, ViewLayer | Synchronizing object | common_master_bedroom_nightstand_02_drw_gapbg
Fra:1 Mem:334.66M (Peak 334.66M) | Time:00:00.14 | Mem:0.00M, Peak:0.00M | Scene, ViewLayer | Synchronizing object | common_master_bedroom_nightstand_02_drw_f0
Fra:1 Mem:334.67M (Peak 334.67M) | Time:00:00.14 | Mem:0.00M, Peak:0.00M | Scene, ViewLayer | Synchronizing object | common_master_bedroom_nightstand_02_drw_p0
Fra:1 Mem:334.67M (Peak 334.67M) | Time:00:00.15 | Mem:0.00M, Peak:0.00M | Scene, ViewLayer | Synchronizing object | common_master_bedroom_nightstand_02_leg1
Fra:1 Mem:334.67M (Peak 334.67M) | Time:00:00.15 | Mem:0.00M, Peak:0.00M | Scene, ViewLayer | Synchronizing object | common_master_bedroom_nightstand_02_leg2
Fra:1 Mem:334.67M (Peak 334.67M) | Time:00:00.15 | Mem:0.00M, Peak:0.00M | Scene, ViewLayer | Synchronizing object | common_master_bedroom_nightstand_02_leg3
Fra:1 Mem:334.68M (Peak 334.68M) | Time:00:00.15 | Mem:0.00M, Peak:0.00M | Scene, ViewLayer | Synchronizing object | common_master_bedroom_desk_01_drawer
Fra:1 Mem:334.68M (Peak 334.68M) | Time:00:00.15 | Mem:0.00M, Peak:0.00M | Scene, ViewLayer | Synchronizing object | common_master_bedroom_desk_01_leg0
Fra:1 Mem:334.68M (Peak 334.68M) | Time:00:00.15 | Mem:0.00M, Peak:0.00M | Scene, ViewLayer | Synchronizing object | common_master_bedroom_desk_01_leg2
Fra:1 Mem:334.68M (Peak 334.68M) | Time:00:00.15 | Mem:0.00M, Peak:0.00M | Scene, ViewLayer | Synchronizing object | common_master_bedroom_desk_01_leg3
Fra:1 Mem:334.69M (Peak 334.69M) | Time:00:00.15 | Mem:0.00M, Peak:0.00M | Scene, ViewLayer | Synchronizing object | common_master_bedroom_desk_01_monitor
Fra:1 Mem:334.69M (Peak 334.69M) | Time:00:00.15 | Mem:0.00M, Peak:0.00M | Scene, ViewLayer | Synchronizing object | common_master_bedroom_desk_01_monstand
Fra:1 Mem:334.71M (Peak 334.71M) | Time:00:00.15 | Mem:0.00M, Peak:0.00M | Scene, ViewLayer | Synchronizing object | common_master_bedroom_chair_01_seat
Fra:1 Mem:334.71M (Peak 334.71M) | Time:00:00.15 | Mem:0.00M, Peak:0.00M | Scene, ViewLayer | Synchronizing object | common_master_bedroom_chair_01_post
Fra:1 Mem:334.72M (Peak 334.72M) | Time:00:00.15 | Mem:0.00M, Peak:0.00M | Scene, ViewLayer | Synchronizing object | common_master_bedroom_chair_01_base
Fra:1 Mem:334.72M (Peak 334.72M) | Time:00:00.15 | Mem:0.00M, Peak:0.00M | Scene, ViewLayer | Synchronizing object | common_terrace_coffee_table_01_top
Fra:1 Mem:334.73M (Peak 334.73M) | Time:00:00.15 | Mem:0.00M, Peak:0.00M | Scene, ViewLayer | Synchronizing object | common_terrace_coffee_table_01_leg0
Fra:1 Mem:334.73M (Peak 334.73M) | Time:00:00.15 | Mem:0.00M, Peak:0.00M | Scene, ViewLayer | Synchronizing object | common_terrace_coffee_table_01_leg2
Fra:1 Mem:334.74M (Peak 334.74M) | Time:00:00.15 | Mem:0.00M, Peak:0.00M | Scene, ViewLayer | Synchronizing object | common_terrace_lounge_chair_01_seat
Fra:1 Mem:334.78M (Peak 334.78M) | Time:00:00.15 | Mem:0.00M, Peak:0.00M | Scene, ViewLayer | Synchronizing object | common_terrace_lounge_chair_01_cushion
Fra:1 Mem:334.76M (Peak 334.78M) | Time:00:00.15 | Mem:0.00M, Peak:0.00M | Scene, ViewLayer | Synchronizing object | common_terrace_lounge_chair_01_back1
Fra:1 Mem:334.76M (Peak 334.78M) | Time:00:00.15 | Mem:0.00M, Peak:0.00M | Scene, ViewLayer | Synchronizing object | common_terrace_lounge_chair_01_back2
Fra:1 Mem:334.76M (Peak 334.78M) | Time:00:00.15 | Mem:0.00M, Peak:0.00M | Scene, ViewLayer | Synchronizing object | common_terrace_lounge_chair_01_arm-1
Fra:1 Mem:334.78M (Peak 334.79M) | Time:00:00.15 | Mem:0.00M, Peak:0.00M | Scene, ViewLayer | Synchronizing object | common_terrace_lounge_chair_01_arm1
Fra:1 Mem:334.79M (Peak 334.79M) | Time:00:00.15 | Mem:0.00M, Peak:0.00M | Scene, ViewLayer | Synchronizing object | common_terrace_lounge_chair_01_leg2
Fra:1 Mem:334.80M (Peak 334.80M) | Time:00:00.15 | Mem:0.00M, Peak:0.00M | Scene, ViewLayer | Synchronizing object | common_terrace_lounge_chair_02_seat
Fra:1 Mem:334.80M (Peak 334.80M) | Time:00:00.15 | Mem:0.00M, Peak:0.00M | Scene, ViewLayer | Synchronizing object | common_terrace_lounge_chair_02_cushion
Fra:1 Mem:334.81M (Peak 334.81M) | Time:00:00.15 | Mem:0.00M, Peak:0.00M | Scene, ViewLayer | Synchronizing object | common_terrace_lounge_chair_02_back0
Fra:1 Mem:334.82M (Peak 334.82M) | Time:00:00.15 | Mem:0.00M, Peak:0.00M | Scene, ViewLayer | Synchronizing object | common_terrace_lounge_chair_02_back1
Fra:1 Mem:334.83M (Peak 334.83M) | Time:00:00.15 | Mem:0.00M, Peak:0.00M | Scene, ViewLayer | Synchronizing object | common_terrace_lounge_chair_02_back2
Fra:1 Mem:334.83M (Peak 334.83M) | Time:00:00.15 | Mem:0.00M, Peak:0.00M | Scene, ViewLayer | Synchronizing object | common_terrace_lounge_chair_02_arm1
Fra:1 Mem:334.85M (Peak 334.85M) | Time:00:00.15 | Mem:0.00M, Peak:0.00M | Scene, ViewLayer | Synchronizing object | common_terrace_lounge_chair_02_armp1
Fra:1 Mem:334.87M (Peak 334.87M) | Time:00:00.15 | Mem:0.00M, Peak:0.00M | Scene, ViewLayer | Synchronizing object | common_terrace_lounge_chair_02_leg0
Fra:1 Mem:334.87M (Peak 334.87M) | Time:00:00.15 | Mem:0.00M, Peak:0.00M | Scene, ViewLayer | Synchronizing object | common_terrace_lounge_chair_02_leg3
Fra:1 Mem:334.89M (Peak 334.89M) | Time:00:00.15 | Mem:0.00M, Peak:0.00M | Scene, ViewLayer | Synchronizing object | common_terrace_plant_01_pot
Fra:1 Mem:334.89M (Peak 334.89M) | Time:00:00.15 | Mem:0.00M, Peak:0.00M | Scene, ViewLayer | Synchronizing object | common_terrace_plant_01_stem
Fra:1 Mem:334.89M (Peak 334.89M) | Time:00:00.15 | Mem:0.00M, Peak:0.00M | Scene, ViewLayer | Synchronizing object | common_terrace_plant_01_leaf0
Fra:1 Mem:334.90M (Peak 334.90M) | Time:00:00.15 | Mem:0.00M, Peak:0.00M | Scene, ViewLayer | Synchronizing object | common_terrace_plant_01_leaf1
Fra:1 Mem:334.90M (Peak 334.90M) | Time:00:00.15 | Mem:0.00M, Peak:0.00M | Scene, ViewLayer | Synchronizing object | common_terrace_plant_01_leaf2
Fra:1 Mem:334.91M (Peak 334.91M) | Time:00:00.15 | Mem:0.00M, Peak:0.00M | Scene, ViewLayer | Synchronizing object | common_terrace_plant_01_leaf4
Fra:1 Mem:334.91M (Peak 334.91M) | Time:00:00.15 | Mem:0.00M, Peak:0.00M | Scene, ViewLayer | Synchronizing object | common_terrace_plant_01_leaf5
Fra:1 Mem:334.91M (Peak 334.91M) | Time:00:00.15 | Mem:0.00M, Peak:0.00M | Scene, ViewLayer | Synchronizing object | common_terrace_plant_02_pot
Fra:1 Mem:341.96M (Peak 341.96M) | Time:00:00.15 | Mem:0.00M, Peak:0.00M | Scene, ViewLayer | Synchronizing object | common_terrace_plant_02_stem
Fra:1 Mem:341.97M (Peak 341.97M) | Time:00:00.15 | Mem:0.00M, Peak:0.00M | Scene, ViewLayer | Synchronizing object | common_terrace_plant_02_leaf0
Fra:1 Mem:341.97M (Peak 341.97M) | Time:00:00.15 | Mem:0.00M, Peak:0.00M | Scene, ViewLayer | Synchronizing object | common_terrace_plant_02_leaf1
Fra:1 Mem:341.98M (Peak 341.98M) | Time:00:00.15 | Mem:0.00M, Peak:0.00M | Scene, ViewLayer | Synchronizing object | common_terrace_plant_02_leaf2
Fra:1 Mem:341.99M (Peak 341.99M) | Time:00:00.15 | Mem:0.00M, Peak:0.00M | Scene, ViewLayer | Synchronizing object | A_living_dining_balcony_dining_chair_04_legt3
Fra:1 Mem:341.99M (Peak 341.99M) | Time:00:00.15 | Mem:0.00M, Peak:0.00M | Scene, ViewLayer | Synchronizing object | A_living_dining_balcony_dining_chair_04_leg3
Fra:1 Mem:341.99M (Peak 341.99M) | Time:00:00.15 | Mem:0.00M, Peak:0.00M | Scene, ViewLayer | Synchronizing object | common_terrace_plant_02_leaf5
Fra:1 Mem:341.99M (Peak 341.99M) | Time:00:00.15 | Mem:0.00M, Peak:0.00M | Scene, ViewLayer | Synchronizing object | A_living_dining_balcony_dining_chair_04_legt2
Fra:1 Mem:342.00M (Peak 342.00M) | Time:00:00.15 | Mem:0.00M, Peak:0.00M | Scene, ViewLayer | Synchronizing object | common_terrace_plant_03_pot
Fra:1 Mem:342.00M (Peak 342.00M) | Time:00:00.15 | Mem:0.00M, Peak:0.00M | Scene, ViewLayer | Synchronizing object | common_terrace_plant_03_stem
Fra:1 Mem:342.00M (Peak 342.00M) | Time:00:00.15 | Mem:0.00M, Peak:0.00M | Scene, ViewLayer | Synchronizing object | common_terrace_plant_03_leaf0
Fra:1 Mem:342.01M (Peak 342.01M) | Time:00:00.15 | Mem:0.00M, Peak:0.00M | Scene, ViewLayer | Synchronizing object | common_terrace_plant_03_leaf2
Fra:1 Mem:342.01M (Peak 342.01M) | Time:00:00.15 | Mem:0.00M, Peak:0.00M | Scene, ViewLayer | Synchronizing object | common_terrace_plant_03_leaf3
Fra:1 Mem:342.01M (Peak 342.01M) | Time:00:00.15 | Mem:0.00M, Peak:0.00M | Scene, ViewLayer | Synchronizing object | common_terrace_plant_03_leaf4
Fra:1 Mem:342.02M (Peak 342.02M) | Time:00:00.15 | Mem:0.00M, Peak:0.00M | Scene, ViewLayer | Synchronizing object | common_terrace_plant_03_leaf5
Fra:1 Mem:342.02M (Peak 342.02M) | Time:00:00.15 | Mem:0.00M, Peak:0.00M | Scene, ViewLayer | Synchronizing object | common_terrace_plant_04_stem
Fra:1 Mem:342.03M (Peak 342.03M) | Time:00:00.15 | Mem:0.00M, Peak:0.00M | Scene, ViewLayer | Synchronizing object | common_terrace_plant_04_leaf0
Fra:1 Mem:342.03M (Peak 342.03M) | Time:00:00.15 | Mem:0.00M, Peak:0.00M | Scene, ViewLayer | Synchronizing object | common_terrace_plant_04_leaf2
Fra:1 Mem:342.03M (Peak 342.03M) | Time:00:00.15 | Mem:0.00M, Peak:0.00M | Scene, ViewLayer | Synchronizing object | common_terrace_plant_04_leaf3
Fra:1 Mem:342.03M (Peak 342.03M) | Time:00:00.15 | Mem:0.00M, Peak:0.00M | Scene, ViewLayer | Synchronizing object | common_terrace_plant_04_leaf5
Fra:1 Mem:342.04M (Peak 342.04M) | Time:00:00.15 | Mem:0.00M, Peak:0.00M | Scene, ViewLayer | Synchronizing object | common_parents_room_bed_01_frame
Fra:1 Mem:342.04M (Peak 342.04M) | Time:00:00.15 | Mem:0.00M, Peak:0.00M | Scene, ViewLayer | Synchronizing object | common_parents_room_bed_01_mattress
Fra:1 Mem:342.05M (Peak 342.05M) | Time:00:00.15 | Mem:0.00M, Peak:0.00M | Scene, ViewLayer | Synchronizing object | common_parents_room_bed_01_headboard
Fra:1 Mem:342.05M (Peak 342.05M) | Time:00:00.15 | Mem:0.00M, Peak:0.00M | Scene, ViewLayer | Synchronizing object | common_parents_room_bed_01_duvet
Fra:1 Mem:342.07M (Peak 342.07M) | Time:00:00.15 | Mem:0.00M, Peak:0.00M | Scene, ViewLayer | Synchronizing object | common_parents_room_bed_01_duvetdrop
Fra:1 Mem:342.08M (Peak 342.08M) | Time:00:00.15 | Mem:0.00M, Peak:0.00M | Scene, ViewLayer | Synchronizing object | common_parents_room_bed_01_duvetdrop2
Fra:1 Mem:342.08M (Peak 342.08M) | Time:00:00.15 | Mem:0.00M, Peak:0.00M | Scene, ViewLayer | Synchronizing object | common_parents_room_bed_01_pillow2
Fra:1 Mem:342.09M (Peak 342.09M) | Time:00:00.15 | Mem:0.00M, Peak:0.00M | Scene, ViewLayer | Synchronizing object | common_parents_room_bed_01_throw
Fra:1 Mem:335.07M (Peak 342.09M) | Time:00:00.15 | Mem:0.00M, Peak:0.00M | Scene, ViewLayer | Synchronizing object | common_parents_room_nightstand_01_body
Fra:1 Mem:335.07M (Peak 342.09M) | Time:00:00.15 | Mem:0.00M, Peak:0.00M | Scene, ViewLayer | Synchronizing object | common_parents_room_nightstand_01_drw_gapbg
Fra:1 Mem:335.07M (Peak 342.09M) | Time:00:00.15 | Mem:0.00M, Peak:0.00M | Scene, ViewLayer | Synchronizing object | common_parents_room_nightstand_01_drw_p0
Fra:1 Mem:335.08M (Peak 342.09M) | Time:00:00.15 | Mem:0.00M, Peak:0.00M | Scene, ViewLayer | Synchronizing object | common_parents_room_nightstand_01_leg0
Fra:1 Mem:335.08M (Peak 342.09M) | Time:00:00.15 | Mem:0.00M, Peak:0.00M | Scene, ViewLayer | Synchronizing object | common_parents_room_nightstand_01_leg1
Fra:1 Mem:335.08M (Peak 342.09M) | Time:00:00.15 | Mem:0.00M, Peak:0.00M | Scene, ViewLayer | Synchronizing object | common_parents_room_nightstand_01_leg2
Fra:1 Mem:335.08M (Peak 342.09M) | Time:00:00.15 | Mem:0.00M, Peak:0.00M | Scene, ViewLayer | Synchronizing object | common_parents_room_nightstand_01_leg3
Fra:1 Mem:335.96M (Peak 342.09M) | Time:00:00.15 | Mem:0.00M, Peak:0.00M | Scene, ViewLayer | Synchronizing object | common_parents_room_cushion_01_pad
Fra:1 Mem:335.96M (Peak 342.09M) | Time:00:00.15 | Mem:0.00M, Peak:0.00M | Scene, ViewLayer | Synchronizing object | A_living_dining_balcony_dining_chair_04_leg2
Fra:1 Mem:335.97M (Peak 342.09M) | Time:00:00.15 | Mem:0.00M, Peak:0.00M | Scene, ViewLayer | Synchronizing object | common_parents_room_cushion_01_pil_olive
Fra:1 Mem:335.98M (Peak 342.09M) | Time:00:00.15 | Mem:0.00M, Peak:0.00M | Scene, ViewLayer | Synchronizing object | A_living_dining_balcony_dining_chair_04_legt1
Fra:1 Mem:336.01M (Peak 342.09M) | Time:00:00.15 | Mem:0.00M, Peak:0.00M | Scene, ViewLayer | Synchronizing object | common_parents_room_shelf_01_side0
Fra:1 Mem:336.02M (Peak 342.09M) | Time:00:00.15 | Mem:0.00M, Peak:0.00M | Scene, ViewLayer | Synchronizing object | common_parents_room_shelf_01_side1
Fra:1 Mem:336.02M (Peak 342.09M) | Time:00:00.15 | Mem:0.00M, Peak:0.00M | Scene, ViewLayer | Synchronizing object | common_parents_room_shelf_01_top
Fra:1 Mem:336.02M (Peak 342.09M) | Time:00:00.15 | Mem:0.00M, Peak:0.00M | Scene, ViewLayer | Synchronizing object | common_parents_room_shelf_02_side0
Fra:1 Mem:342.76M (Peak 342.76M) | Time:00:00.15 | Mem:0.00M, Peak:0.00M | Scene, ViewLayer | Synchronizing object | common_parents_room_shelf_02_side1
Fra:1 Mem:342.77M (Peak 342.77M) | Time:00:00.15 | Mem:0.00M, Peak:0.00M | Scene, ViewLayer | Synchronizing object | common_parents_room_shelf_02_sh1
Fra:1 Mem:342.77M (Peak 342.77M) | Time:00:00.15 | Mem:0.00M, Peak:0.00M | Scene, ViewLayer | Synchronizing object | common_daughter_room_wardrobe_01_slA_f0
Fra:1 Mem:342.77M (Peak 342.77M) | Time:00:00.15 | Mem:0.00M, Peak:0.00M | Scene, ViewLayer | Synchronizing object | common_daughter_room_wardrobe_01_slA_f1
Fra:1 Mem:342.79M (Peak 342.79M) | Time:00:00.15 | Mem:0.00M, Peak:0.00M | Scene, ViewLayer | Synchronizing object | common_daughter_room_wardrobe_01_slB_f0
Fra:1 Mem:342.79M (Peak 342.79M) | Time:00:00.15 | Mem:0.00M, Peak:0.00M | Scene, ViewLayer | Synchronizing object | common_daughter_room_wardrobe_01_slB_f1
Fra:1 Mem:342.81M (Peak 342.81M) | Time:00:00.15 | Mem:0.00M, Peak:0.00M | Scene, ViewLayer | Synchronizing object | common_daughter_room_wardrobe_02_slA_f0
Fra:1 Mem:342.81M (Peak 342.81M) | Time:00:00.15 | Mem:0.00M, Peak:0.00M | Scene, ViewLayer | Synchronizing object | common_daughter_room_wardrobe_02_slA_f1
Fra:1 Mem:342.82M (Peak 342.82M) | Time:00:00.15 | Mem:0.00M, Peak:0.00M | Scene, ViewLayer | Synchronizing object | common_daughter_room_wardrobe_02_slB_f0
Fra:1 Mem:342.82M (Peak 342.82M) | Time:00:00.15 | Mem:0.00M, Peak:0.00M | Scene, ViewLayer | Synchronizing object | A_living_dining_balcony_dining_chair_04_leg1
Fra:1 Mem:342.83M (Peak 342.83M) | Time:00:00.15 | Mem:0.00M, Peak:0.00M | Scene, ViewLayer | Synchronizing object | common_daughter_room_bed_01_frame
Fra:1 Mem:342.83M (Peak 342.83M) | Time:00:00.15 | Mem:0.00M, Peak:0.00M | Scene, ViewLayer | Synchronizing object | common_daughter_room_bed_01_headboard
Fra:1 Mem:342.83M (Peak 342.83M) | Time:00:00.15 | Mem:0.00M, Peak:0.00M | Scene, ViewLayer | Synchronizing object | common_daughter_room_bed_01_duvet
Fra:1 Mem:342.83M (Peak 342.83M) | Time:00:00.15 | Mem:0.00M, Peak:0.00M | Scene, ViewLayer | Synchronizing object | common_daughter_room_bed_01_duvetdrop
Fra:1 Mem:342.83M (Peak 342.83M) | Time:00:00.15 | Mem:0.00M, Peak:0.00M | Scene, ViewLayer | Synchronizing object | common_daughter_room_bed_01_duvetdrop2
Fra:1 Mem:342.85M (Peak 342.85M) | Time:00:00.15 | Mem:0.00M, Peak:0.00M | Scene, ViewLayer | Synchronizing object | common_daughter_room_bed_01_pillow1
Fra:1 Mem:342.86M (Peak 342.86M) | Time:00:00.15 | Mem:0.00M, Peak:0.00M | Scene, ViewLayer | Synchronizing object | common_daughter_room_bed_01_pillow2
Fra:1 Mem:342.87M (Peak 342.87M) | Time:00:00.15 | Mem:0.00M, Peak:0.00M | Scene, ViewLayer | Synchronizing object | common_daughter_room_bed_01_pillow_acc
Fra:1 Mem:342.88M (Peak 342.88M) | Time:00:00.15 | Mem:0.00M, Peak:0.00M | Scene, ViewLayer | Synchronizing object | common_daughter_room_shelf_01_side0
Fra:1 Mem:342.88M (Peak 342.88M) | Time:00:00.15 | Mem:0.00M, Peak:0.00M | Scene, ViewLayer | Synchronizing object | common_daughter_room_shelf_01_top
Fra:1 Mem:342.88M (Peak 342.88M) | Time:00:00.15 | Mem:0.00M, Peak:0.00M | Scene, ViewLayer | Synchronizing object | common_daughter_room_shelf_01_sh1
Fra:1 Mem:342.89M (Peak 342.89M) | Time:00:00.15 | Mem:0.00M, Peak:0.00M | Scene, ViewLayer | Synchronizing object | common_daughter_room_shelf_01_sh2
Fra:1 Mem:342.89M (Peak 342.89M) | Time:00:00.15 | Mem:0.00M, Peak:0.00M | Scene, ViewLayer | Synchronizing object | common_daughter_room_desk_01_drawer
Fra:1 Mem:342.90M (Peak 342.90M) | Time:00:00.15 | Mem:0.00M, Peak:0.00M | Scene, ViewLayer | Synchronizing object | common_daughter_room_desk_01_leg0
Fra:1 Mem:342.91M (Peak 342.91M) | Time:00:00.15 | Mem:0.00M, Peak:0.00M | Scene, ViewLayer | Synchronizing object | common_daughter_room_desk_01_leg1
Fra:1 Mem:342.91M (Peak 342.91M) | Time:00:00.15 | Mem:0.00M, Peak:0.00M | Scene, ViewLayer | Synchronizing object | common_daughter_room_desk_01_leg3
Fra:1 Mem:342.92M (Peak 342.92M) | Time:00:00.15 | Mem:0.00M, Peak:0.00M | Scene, ViewLayer | Synchronizing object | common_daughter_room_chair_01_seat
Fra:1 Mem:342.92M (Peak 342.92M) | Time:00:00.15 | Mem:0.00M, Peak:0.00M | Scene, ViewLayer | Synchronizing object | common_daughter_room_chair_01_back
Fra:1 Mem:342.93M (Peak 342.93M) | Time:00:00.15 | Mem:0.00M, Peak:0.00M | Scene, ViewLayer | Synchronizing object | common_daughter_room_chair_01_post
Fra:1 Mem:342.93M (Peak 342.93M) | Time:00:00.15 | Mem:0.00M, Peak:0.00M | Scene, ViewLayer | Synchronizing object | common_daughter_room_chair_01_base
Fra:1 Mem:343.49M (Peak 343.49M) | Time:00:00.15 | Mem:0.00M, Peak:0.00M | Scene, ViewLayer | Synchronizing object | common_son_room_wardrobe_01_body
Fra:1 Mem:343.51M (Peak 343.51M) | Time:00:00.15 | Mem:0.00M, Peak:0.00M | Scene, ViewLayer | Synchronizing object | common_son_room_wardrobe_01_slA_f0
Fra:1 Mem:343.52M (Peak 343.52M) | Time:00:00.15 | Mem:0.00M, Peak:0.00M | Scene, ViewLayer | Synchronizing object | common_son_room_wardrobe_01_slA_f1
Fra:1 Mem:343.52M (Peak 343.52M) | Time:00:00.15 | Mem:0.00M, Peak:0.00M | Scene, ViewLayer | Synchronizing object | common_son_room_wardrobe_01_slB_f1
Fra:1 Mem:343.53M (Peak 343.53M) | Time:00:00.15 | Mem:0.00M, Peak:0.00M | Scene, ViewLayer | Synchronizing object | common_son_room_wardrobe_01_slB_f2
Fra:1 Mem:343.53M (Peak 343.53M) | Time:00:00.15 | Mem:0.00M, Peak:0.00M | Scene, ViewLayer | Synchronizing object | common_son_room_bed_01_frame
Fra:1 Mem:343.55M (Peak 343.55M) | Time:00:00.15 | Mem:0.00M, Peak:0.00M | Scene, ViewLayer | Synchronizing object | common_son_room_bed_01_mattress
Fra:1 Mem:343.55M (Peak 343.55M) | Time:00:00.15 | Mem:0.00M, Peak:0.00M | Scene, ViewLayer | Synchronizing object | common_son_room_bed_01_duvet
Fra:1 Mem:343.56M (Peak 343.56M) | Time:00:00.15 | Mem:0.00M, Peak:0.00M | Scene, ViewLayer | Synchronizing object | common_son_room_bed_01_duvetdrop
Fra:1 Mem:343.57M (Peak 343.57M) | Time:00:00.15 | Mem:0.00M, Peak:0.00M | Scene, ViewLayer | Synchronizing object | common_son_room_bed_01_duvetdrop2
Fra:1 Mem:343.59M (Peak 343.59M) | Time:00:00.15 | Mem:0.00M, Peak:0.00M | Scene, ViewLayer | Synchronizing object | common_son_room_bed_01_pillow1
Fra:1 Mem:343.59M (Peak 343.59M) | Time:00:00.15 | Mem:0.00M, Peak:0.00M | Scene, ViewLayer | Synchronizing object | common_son_room_bed_01_pillow_acc
Fra:1 Mem:343.61M (Peak 343.61M) | Time:00:00.15 | Mem:0.00M, Peak:0.00M | Scene, ViewLayer | Synchronizing object | common_son_room_bed_01_throw
Fra:1 Mem:343.61M (Peak 343.61M) | Time:00:00.15 | Mem:0.00M, Peak:0.00M | Scene, ViewLayer | Synchronizing object | common_son_room_desk_01_leg0
Fra:1 Mem:343.51M (Peak 343.61M) | Time:00:00.15 | Mem:0.00M, Peak:0.00M | Scene, ViewLayer | Synchronizing object | common_son_room_desk_01_leg1
Fra:1 Mem:343.51M (Peak 343.61M) | Time:00:00.15 | Mem:0.00M, Peak:0.00M | Scene, ViewLayer | Synchronizing object | common_son_room_desk_01_leg3
Fra:1 Mem:343.51M (Peak 343.61M) | Time:00:00.15 | Mem:0.00M, Peak:0.00M | Scene, ViewLayer | Synchronizing object | common_son_room_shelf_01_side0
Fra:1 Mem:343.52M (Peak 343.61M) | Time:00:00.15 | Mem:0.00M, Peak:0.00M | Scene, ViewLayer | Synchronizing object | common_son_room_shelf_01_side1
Fra:1 Mem:337.71M (Peak 343.61M) | Time:00:00.15 | Mem:0.00M, Peak:0.00M | Scene, ViewLayer | Synchronizing object | common_son_room_shelf_01_sh1
Fra:1 Mem:337.72M (Peak 343.61M) | Time:00:00.15 | Mem:0.00M, Peak:0.00M | Scene, ViewLayer | Synchronizing object | common_son_room_chair_01_back
Fra:1 Mem:337.73M (Peak 343.61M) | Time:00:00.15 | Mem:0.00M, Peak:0.00M | Scene, ViewLayer | Synchronizing object | A_living_dining_balcony_dining_chair_04_legt0
Fra:1 Mem:337.74M (Peak 343.61M) | Time:00:00.15 | Mem:0.00M, Peak:0.00M | Scene, ViewLayer | Synchronizing object | common_son_room_chair_01_post
Fra:1 Mem:337.74M (Peak 343.61M) | Time:00:00.15 | Mem:0.00M, Peak:0.00M | Scene, ViewLayer | Synchronizing object | common_son_room_chair_01_base
Fra:1 Mem:337.74M (Peak 343.61M) | Time:00:00.15 | Mem:0.00M, Peak:0.00M | Scene, ViewLayer | Synchronizing object | common_son_room_rug_01_pile
Fra:1 Mem:320.74M (Peak 343.61M) | Time:00:00.15 | Mem:0.00M, Peak:0.00M | Scene, ViewLayer | Synchronizing object | fx_curt_master_sheer
Fra:1 Mem:320.76M (Peak 343.61M) | Time:00:00.15 | Mem:0.00M, Peak:0.00M | Scene, ViewLayer | Synchronizing object | fx_curt_master_bo_w
Fra:1 Mem:319.76M (Peak 343.61M) | Time:00:00.15 | Mem:0.00M, Peak:0.00M | Scene, ViewLayer | Synchronizing object | fx_curt_parents_roller
Fra:1 Mem:319.76M (Peak 343.61M) | Time:00:00.15 | Mem:0.00M, Peak:0.00M | Scene, ViewLayer | Synchronizing object | fx_curt_daughter_sheer
Fra:1 Mem:319.77M (Peak 343.61M) | Time:00:00.15 | Mem:0.00M, Peak:0.00M | Scene, ViewLayer | Synchronizing object | fx_curt_daughter_bo_e
Fra:1 Mem:319.77M (Peak 343.61M) | Time:00:00.15 | Mem:0.00M, Peak:0.00M | Scene, ViewLayer | Synchronizing object | fx_curt_son_sheer
Fra:1 Mem:319.77M (Peak 343.61M) | Time:00:00.15 | Mem:0.00M, Peak:0.00M | Scene, ViewLayer | Synchronizing object | fx_curt_son_bo_w
Fra:1 Mem:319.77M (Peak 343.61M) | Time:00:00.15 | Mem:0.00M, Peak:0.00M | Scene, ViewLayer | Synchronizing object | fx_curt_son_bo_e
Fra:1 Mem:319.79M (Peak 343.61M) | Time:00:00.15 | Mem:0.00M, Peak:0.00M | Scene, ViewLayer | Synchronizing object | fx_blind_mb_slats1
Fra:1 Mem:319.79M (Peak 343.61M) | Time:00:00.15 | Mem:0.00M, Peak:0.00M | Scene, ViewLayer | Synchronizing object | fx_blind_mb_slats2
Fra:1 Mem:319.80M (Peak 343.61M) | Time:00:00.15 | Mem:0.00M, Peak:0.00M | Scene, ViewLayer | Synchronizing object | fx_blind_mb_slats3
Fra:1 Mem:319.81M (Peak 343.61M) | Time:00:00.15 | Mem:0.00M, Peak:0.00M | Scene, ViewLayer | Synchronizing object | fx_blind_mb_slats5
Fra:1 Mem:319.81M (Peak 343.61M) | Time:00:00.15 | Mem:0.00M, Peak:0.00M | Scene, ViewLayer | Synchronizing object | fx_blind_mb_slats7
Fra:1 Mem:319.82M (Peak 343.61M) | Time:00:00.15 | Mem:0.00M, Peak:0.00M | Scene, ViewLayer | Synchronizing object | fx_blind_mb_slats8
Fra:1 Mem:319.82M (Peak 343.61M) | Time:00:00.15 | Mem:0.00M, Peak:0.00M | Scene, ViewLayer | Synchronizing object | fx_wall_lamp0_sh
Fra:1 Mem:319.82M (Peak 343.61M) | Time:00:00.15 | Mem:0.00M, Peak:0.00M | Scene, ViewLayer | Synchronizing object | fx_wall_lamp1
Fra:1 Mem:319.86M (Peak 343.61M) | Time:00:00.15 | Mem:0.00M, Peak:0.00M | Scene, ViewLayer | Synchronizing object | fx_wall_lamp1_sh
Fra:1 Mem:319.23M (Peak 343.61M) | Time:00:00.15 | Mem:0.00M, Peak:0.00M | Scene, ViewLayer | Synchronizing object | fx_wall_lamp2
Fra:1 Mem:322.39M (Peak 343.61M) | Time:00:00.15 | Mem:0.00M, Peak:0.00M | Scene, ViewLayer | Synchronizing object | fx_wall_lamp2_sh
Fra:1 Mem:322.41M (Peak 343.61M) | Time:00:00.15 | Mem:0.00M, Peak:0.00M | Scene, ViewLayer | Synchronizing object | fx_foyer_jar
Fra:1 Mem:322.48M (Peak 343.61M) | Time:00:00.15 | Mem:0.00M, Peak:0.00M | Scene, ViewLayer | Synchronizing object | A_living_dining_balcony_dining_chair_04_seat
Fra:1 Mem:322.49M (Peak 343.61M) | Time:00:00.15 | Mem:0.00M, Peak:0.00M | Scene, ViewLayer | Synchronizing object | A_living_dining_balcony_dining_chair_03_armf1
Fra:1 Mem:322.51M (Peak 343.61M) | Time:00:00.15 | Mem:0.00M, Peak:0.00M | Scene, ViewLayer | Synchronizing object | A_living_dining_balcony_dining_chair_03_arm1
Fra:1 Mem:322.51M (Peak 343.61M) | Time:00:00.15 | Mem:0.00M, Peak:0.00M | Scene, ViewLayer | Synchronizing object | fx_foyer_pic
Fra:1 Mem:322.52M (Peak 343.61M) | Time:00:00.15 | Mem:0.00M, Peak:0.00M | Scene, ViewLayer | Synchronizing object | A_living_dining_balcony_dining_chair_03_armf0
Fra:1 Mem:322.52M (Peak 343.61M) | Time:00:00.15 | Mem:0.00M, Peak:0.00M | Scene, ViewLayer | Synchronizing object | fx_kn_board
Fra:1 Mem:322.53M (Peak 343.61M) | Time:00:00.15 | Mem:0.00M, Peak:0.00M | Scene, ViewLayer | Synchronizing object | fx_kn_oil
Fra:1 Mem:339.53M (Peak 343.61M) | Time:00:00.15 | Mem:0.00M, Peak:0.00M | Scene, ViewLayer | Synchronizing object | fx_bc_b0_1
Fra:1 Mem:339.53M (Peak 343.61M) | Time:00:00.15 | Mem:0.00M, Peak:0.00M | Scene, ViewLayer | Synchronizing object | fx_bc_b0_2
Fra:1 Mem:339.56M (Peak 343.61M) | Time:00:00.15 | Mem:0.00M, Peak:0.00M | Scene, ViewLayer | Synchronizing object | fx_bc_b0_3
Fra:1 Mem:339.57M (Peak 343.61M) | Time:00:00.15 | Mem:0.00M, Peak:0.00M | Scene, ViewLayer | Synchronizing object | A_living_dining_balcony_dining_chair_03_arm0
Fra:1 Mem:339.58M (Peak 343.61M) | Time:00:00.15 | Mem:0.00M, Peak:0.00M | Scene, ViewLayer | Synchronizing object | A_living_dining_balcony_dining_chair_03_legt3
Fra:1 Mem:339.58M (Peak 343.61M) | Time:00:00.15 | Mem:0.00M, Peak:0.00M | Scene, ViewLayer | Synchronizing object | A_living_dining_balcony_dining_chair_03_leg3
Fra:1 Mem:339.58M (Peak 343.61M) | Time:00:00.16 | Mem:0.00M, Peak:0.00M | Scene, ViewLayer | Synchronizing object | A_living_dining_balcony_dining_chair_03_legt2
Fra:1 Mem:339.58M (Peak 343.61M) | Time:00:00.16 | Mem:0.00M, Peak:0.00M | Scene, ViewLayer | Synchronizing object | A_living_dining_balcony_dining_chair_03_leg2
Fra:1 Mem:339.59M (Peak 343.61M) | Time:00:00.16 | Mem:0.00M, Peak:0.00M | Scene, ViewLayer | Synchronizing object | A_living_dining_balcony_dining_chair_03_legt1
Fra:1 Mem:339.60M (Peak 343.61M) | Time:00:00.16 | Mem:0.00M, Peak:0.00M | Scene, ViewLayer | Synchronizing object | fx_bc_b0f_0
Fra:1 Mem:339.62M (Peak 343.61M) | Time:00:00.16 | Mem:0.00M, Peak:0.00M | Scene, ViewLayer | Synchronizing object | fx_bc_b0f_1
Fra:1 Mem:339.62M (Peak 343.61M) | Time:00:00.16 | Mem:0.00M, Peak:0.00M | Scene, ViewLayer | Synchronizing object | fx_bc_pot
Fra:1 Mem:339.62M (Peak 343.61M) | Time:00:00.16 | Mem:0.00M, Peak:0.00M | Scene, ViewLayer | Synchronizing object | fx_bc_potlip
Fra:1 Mem:339.63M (Peak 343.61M) | Time:00:00.16 | Mem:0.00M, Peak:0.00M | Scene, ViewLayer | Synchronizing object | fx_bc_frame
Fra:1 Mem:339.63M (Peak 343.61M) | Time:00:00.16 | Mem:0.00M, Peak:0.00M | Scene, ViewLayer | Synchronizing object | fx_bc_framein
Fra:1 Mem:339.63M (Peak 343.61M) | Time:00:00.16 | Mem:0.00M, Peak:0.00M | Scene, ViewLayer | Synchronizing object | fx_bc_rec1
Fra:1 Mem:339.65M (Peak 343.61M) | Time:00:00.16 | Mem:0.00M, Peak:0.00M | Scene, ViewLayer | Synchronizing object | fx_bc_rec2
Fra:1 Mem:339.65M (Peak 343.61M) | Time:00:00.16 | Mem:0.00M, Peak:0.00M | Scene, ViewLayer | Synchronizing object | fx_bc_b3_1
Fra:1 Mem:339.65M (Peak 343.61M) | Time:00:00.16 | Mem:0.00M, Peak:0.00M | Scene, ViewLayer | Synchronizing object | fx_bc_g0_0
Fra:1 Mem:341.90M (Peak 343.61M) | Time:00:00.16 | Mem:0.00M, Peak:0.00M | Scene, ViewLayer | Synchronizing object | fx_bc_g1_0
Fra:1 Mem:341.90M (Peak 343.61M) | Time:00:00.16 | Mem:0.00M, Peak:0.00M | Scene, ViewLayer | Synchronizing object | fx_bc_g1_2
Fra:1 Mem:341.90M (Peak 343.61M) | Time:00:00.16 | Mem:0.00M, Peak:0.00M | Scene, ViewLayer | Synchronizing object | fx_bc_g1_3
Fra:1 Mem:341.90M (Peak 343.61M) | Time:00:00.16 | Mem:0.00M, Peak:0.00M | Scene, ViewLayer | Synchronizing object | fx_bc_gpot2
Fra:1 Mem:341.91M (Peak 343.61M) | Time:00:00.16 | Mem:0.00M, Peak:0.00M | Scene, ViewLayer | Synchronizing object | A_living_dining_balcony_dining_chair_03_legt0
Fra:1 Mem:341.91M (Peak 343.61M) | Time:00:00.16 | Mem:0.00M, Peak:0.00M | Scene, ViewLayer | Synchronizing object | fx_desk_book1
Fra:1 Mem:341.91M (Peak 343.61M) | Time:00:00.16 | Mem:0.00M, Peak:0.00M | Scene, ViewLayer | Synchronizing object | fx_fiddle_pot
Fra:1 Mem:341.91M (Peak 343.61M) | Time:00:00.16 | Mem:0.00M, Peak:0.00M | Scene, ViewLayer | Synchronizing object | fx_fiddle_leaf1
Fra:1 Mem:341.91M (Peak 343.61M) | Time:00:00.16 | Mem:0.00M, Peak:0.00M | Scene, ViewLayer | Synchronizing object | fx_fiddle_leaf2
Fra:1 Mem:341.92M (Peak 343.61M) | Time:00:00.16 | Mem:0.00M, Peak:0.00M | Scene, ViewLayer | Synchronizing object | fx_fiddle_leaf5
Fra:1 Mem:341.92M (Peak 343.61M) | Time:00:00.16 | Mem:0.00M, Peak:0.00M | Scene, ViewLayer | Synchronizing object | fx_fiddle_leaf6
Fra:1 Mem:341.94M (Peak 343.61M) | Time:00:00.16 | Mem:0.00M, Peak:0.00M | Scene, ViewLayer | Synchronizing object | lt_sun
Fra:1 Mem:341.93M (Peak 343.61M) | Time:00:00.16 | Mem:0.00M, Peak:0.00M | Scene, ViewLayer | Synchronizing object | lt_spot_liv00
Fra:1 Mem:341.94M (Peak 343.61M) | Time:00:00.16 | Mem:0.00M, Peak:0.00M | Scene, ViewLayer | Synchronizing object | lt_spot_liv02
Fra:1 Mem:341.94M (Peak 343.61M) | Time:00:00.16 | Mem:0.00M, Peak:0.00M | Scene, ViewLayer | Synchronizing object | lt_spot_liv04
Fra:1 Mem:341.94M (Peak 343.61M) | Time:00:00.16 | Mem:0.00M, Peak:0.00M | Scene, ViewLayer | Synchronizing object | lt_spot_liv05
Fra:1 Mem:341.94M (Peak 343.61M) | Time:00:00.16 | Mem:0.00M, Peak:0.00M | Scene, ViewLayer | Synchronizing object | A_living_dining_balcony_dining_chair_03_leg0
Fra:1 Mem:342.03M (Peak 343.61M) | Time:00:00.16 | Mem:0.00M, Peak:0.00M | Scene, ViewLayer | Synchronizing object | lt_spot_liv06
Fra:1 Mem:342.03M (Peak 343.61M) | Time:00:00.16 | Mem:0.00M, Peak:0.00M | Scene, ViewLayer | Synchronizing object | lt_spot_liv09
Fra:1 Mem:342.03M (Peak 343.61M) | Time:00:00.16 | Mem:0.00M, Peak:0.00M | Scene, ViewLayer | Synchronizing object | lt_spot_liv13
Fra:1 Mem:342.03M (Peak 343.61M) | Time:00:00.16 | Mem:0.00M, Peak:0.00M | Scene, ViewLayer | Synchronizing object | lt_spot_liv15
Fra:1 Mem:342.04M (Peak 343.61M) | Time:00:00.16 | Mem:0.00M, Peak:0.00M | Scene, ViewLayer | Synchronizing object | lt_spot_liv16
Fra:1 Mem:342.04M (Peak 343.61M) | Time:00:00.16 | Mem:0.00M, Peak:0.00M | Scene, ViewLayer | Synchronizing object | lt_spot_room1
Fra:1 Mem:342.04M (Peak 343.61M) | Time:00:00.16 | Mem:0.00M, Peak:0.00M | Scene, ViewLayer | Synchronizing object | lt_spot_room3
Fra:1 Mem:342.04M (Peak 343.61M) | Time:00:00.16 | Mem:0.00M, Peak:0.00M | Scene, ViewLayer | Synchronizing object | lt_spot_room4
Fra:1 Mem:342.04M (Peak 343.61M) | Time:00:00.16 | Mem:0.00M, Peak:0.00M | Scene, ViewLayer | Synchronizing object | lt_spot_room5
Fra:1 Mem:346.29M (Peak 346.29M) | Time:00:00.16 | Mem:0.00M, Peak:0.00M | Scene, ViewLayer | Synchronizing object | lt_spot_room6
Fra:1 Mem:346.29M (Peak 346.29M) | Time:00:00.16 | Mem:0.00M, Peak:0.00M | Scene, ViewLayer | Synchronizing object | A_living_dining_balcony_dining_chair_03_back
Fra:1 Mem:346.29M (Peak 346.29M) | Time:00:00.16 | Mem:0.00M, Peak:0.00M | Scene, ViewLayer | Synchronizing object | lt_spot_room7
Fra:1 Mem:346.29M (Peak 346.29M) | Time:00:00.16 | Mem:0.00M, Peak:0.00M | Scene, ViewLayer | Synchronizing object | lt_spot_room8
Fra:1 Mem:346.29M (Peak 346.29M) | Time:00:00.16 | Mem:0.00M, Peak:0.00M | Scene, ViewLayer | Synchronizing object | lt_spot_room9
Fra:1 Mem:346.30M (Peak 346.30M) | Time:00:00.16 | Mem:0.00M, Peak:0.00M | Scene, ViewLayer | Synchronizing object | lt_spot_room10
Fra:1 Mem:346.30M (Peak 346.30M) | Time:00:00.16 | Mem:0.00M, Peak:0.00M | Scene, ViewLayer | Synchronizing object | lt_spot_room11
Fra:1 Mem:346.30M (Peak 346.30M) | Time:00:00.16 | Mem:0.00M, Peak:0.00M | Scene, ViewLayer | Synchronizing object | lt_spot_room12
Fra:1 Mem:346.30M (Peak 346.30M) | Time:00:00.16 | Mem:0.00M, Peak:0.00M | Scene, ViewLayer | Synchronizing object | lt_spot_room13
Fra:1 Mem:346.30M (Peak 346.30M) | Time:00:00.16 | Mem:0.00M, Peak:0.00M | Scene, ViewLayer | Synchronizing object | lt_ceiling_master
Fra:1 Mem:346.30M (Peak 346.30M) | Time:00:00.16 | Mem:0.00M, Peak:0.00M | Scene, ViewLayer | Synchronizing object | lt_ceiling_parents
Fra:1 Mem:346.30M (Peak 346.30M) | Time:00:00.16 | Mem:0.00M, Peak:0.00M | Scene, ViewLayer | Synchronizing object | lt_ceiling_daughter
Fra:1 Mem:346.30M (Peak 346.30M) | Time:00:00.16 | Mem:0.00M, Peak:0.00M | Scene, ViewLayer | Synchronizing object | lt_ceiling_son
Fra:1 Mem:346.30M (Peak 346.30M) | Time:00:00.16 | Mem:0.00M, Peak:0.00M | Scene, ViewLayer | Synchronizing object | lt_wall1
Fra:1 Mem:346.30M (Peak 346.30M) | Time:00:00.16 | Mem:0.00M, Peak:0.00M | Scene, ViewLayer | Synchronizing object | lt_wall2
Fra:1 Mem:348.55M (Peak 348.55M) | Time:00:00.16 | Mem:0.00M, Peak:0.00M | Scene, ViewLayer | Synchronizing object | lt_strip_S
Fra:1 Mem:348.55M (Peak 348.55M) | Time:00:00.16 | Mem:0.00M, Peak:0.00M | Scene, ViewLayer | Synchronizing object | lt_strip_N
Fra:1 Mem:348.55M (Peak 348.55M) | Time:00:00.16 | Mem:0.00M, Peak:0.00M | Scene, ViewLayer | Synchronizing object | lt_strip_W
Fra:1 Mem:348.56M (Peak 348.56M) | Time:00:00.16 | Mem:0.00M, Peak:0.00M | Scene, ViewLayer | Synchronizing object | A_living_dining_balcony_dining_chair_03_seat
Fra:1 Mem:348.56M (Peak 348.56M) | Time:00:00.16 | Mem:0.00M, Peak:0.00M | Scene, ViewLayer | Synchronizing object | lt_strip_E
Fra:1 Mem:348.56M (Peak 348.56M) | Time:00:00.16 | Mem:0.00M, Peak:0.00M | Scene, ViewLayer | Synchronizing object | A_living_dining_balcony_dining_chair_02_armf1
Fra:1 Mem:348.57M (Peak 348.57M) | Time:00:00.16 | Mem:0.00M, Peak:0.00M | Scene, ViewLayer | Synchronizing object | A_living_dining_balcony_dining_chair_02_arm1
Fra:1 Mem:348.58M (Peak 348.58M) | Time:00:00.16 | Mem:0.00M, Peak:0.00M | Scene, ViewLayer | Synchronizing object | lt_strip_kc1
Fra:1 Mem:348.58M (Peak 348.58M) | Time:00:00.16 | Mem:0.00M, Peak:0.00M | Scene, ViewLayer | Synchronizing object | lt_strip_kc2
Fra:1 Mem:348.58M (Peak 348.58M) | Time:00:00.16 | Mem:0.00M, Peak:0.00M | Scene, ViewLayer | Synchronizing object | lt_strip_fyb
Fra:1 Mem:348.59M (Peak 348.59M) | Time:00:00.16 | Mem:0.00M, Peak:0.00M | Scene, ViewLayer | Synchronizing object | lt_strip_bc
Fra:1 Mem:348.59M (Peak 348.59M) | Time:00:00.16 | Mem:0.00M, Peak:0.00M | Scene, ViewLayer | Synchronizing object | lt_strip_dt
Fra:1 Mem:348.59M (Peak 348.59M) | Time:00:00.16 | Mem:0.00M, Peak:0.00M | Scene, ViewLayer | Synchronizing object | lt_fill_daughter
Fra:1 Mem:348.59M (Peak 348.59M) | Time:00:00.16 | Mem:0.00M, Peak:0.00M | Scene, ViewLayer | Synchronizing object | lt_fill_son
Fra:1 Mem:348.59M (Peak 348.59M) | Time:00:00.16 | Mem:0.00M, Peak:0.00M | Scene, ViewLayer | Synchronizing object | lt_fill_pbath
Fra:1 Mem:348.59M (Peak 348.59M) | Time:00:00.16 | Mem:0.00M, Peak:0.00M | Scene, ViewLayer | Synchronizing object | A_living_dining_balcony_island_01_backN
Fra:1 Mem:348.60M (Peak 348.60M) | Time:00:00.16 | Mem:0.00M, Peak:0.00M | Scene, ViewLayer | Synchronizing object | A_living_dining_balcony_dining_chair_02_arm0
Fra:1 Mem:348.60M (Peak 348.60M) | Time:00:00.16 | Mem:0.00M, Peak:0.00M | Scene, ViewLayer | Synchronizing object | A_living_dining_balcony_island_01_base
Fra:1 Mem:348.61M (Peak 348.61M) | Time:00:00.16 | Mem:0.00M, Peak:0.00M | Scene, ViewLayer | Synchronizing object | A_living_dining_balcony_dining_chair_02_legt3
Fra:1 Mem:348.61M (Peak 348.61M) | Time:00:00.16 | Mem:0.00M, Peak:0.00M | Scene, ViewLayer | Synchronizing object | A_living_dining_balcony_dining_chair_02_leg3
Fra:1 Mem:348.61M (Peak 348.61M) | Time:00:00.16 | Mem:0.00M, Peak:0.00M | Scene, ViewLayer | Synchronizing object | A_living_dining_balcony_dining_chair_02_legt2
Fra:1 Mem:348.61M (Peak 348.61M) | Time:00:00.16 | Mem:0.00M, Peak:0.00M | Scene, ViewLayer | Synchronizing object | A_living_dining_balcony_island_01_oven
Fra:1 Mem:348.61M (Peak 348.61M) | Time:00:00.16 | Mem:0.00M, Peak:0.00M | Scene, ViewLayer | Synchronizing object | A_living_dining_balcony_island_01_drw_gapbg
Fra:1 Mem:348.61M (Peak 348.61M) | Time:00:00.16 | Mem:0.00M, Peak:0.00M | Scene, ViewLayer | Synchronizing object | A_living_dining_balcony_island_01_drw_f0
Fra:1 Mem:348.62M (Peak 348.62M) | Time:00:00.16 | Mem:0.00M, Peak:0.00M | Scene, ViewLayer | Synchronizing object | A_living_dining_balcony_island_01_drw_p0
Fra:1 Mem:348.62M (Peak 348.62M) | Time:00:00.16 | Mem:0.00M, Peak:0.00M | Scene, ViewLayer | Synchronizing object | A_living_dining_balcony_island_01_sh1
Fra:1 Mem:348.62M (Peak 348.62M) | Time:00:00.16 | Mem:0.00M, Peak:0.00M | Scene, ViewLayer | Synchronizing object | A_living_dining_balcony_tv_cabinet_01_body
Fra:1 Mem:346.38M (Peak 348.62M) | Time:00:00.16 | Mem:0.00M, Peak:0.00M | Scene, ViewLayer | Synchronizing object | A_living_dining_balcony_tv_cabinet_01_door_gapbg
Fra:1 Mem:346.38M (Peak 348.62M) | Time:00:00.16 | Mem:0.00M, Peak:0.00M | Scene, ViewLayer | Synchronizing object | A_living_dining_balcony_tv_cabinet_01_door_f0
Fra:1 Mem:346.39M (Peak 348.62M) | Time:00:00.16 | Mem:0.00M, Peak:0.00M | Scene, ViewLayer | Synchronizing object | A_living_dining_balcony_tv_cabinet_01_door_f1
Fra:1 Mem:346.39M (Peak 348.62M) | Time:00:00.16 | Mem:0.00M, Peak:0.00M | Scene, ViewLayer | Synchronizing object | A_living_dining_balcony_tv_cabinet_01_door_f3
Fra:1 Mem:346.40M (Peak 348.62M) | Time:00:00.16 | Mem:0.00M, Peak:0.00M | Scene, ViewLayer | Synchronizing object | A_living_dining_balcony_pendant_lamp_01_rod
Fra:1 Mem:346.41M (Peak 348.62M) | Time:00:00.16 | Mem:0.00M, Peak:0.00M | Scene, ViewLayer | Synchronizing object | A_living_dining_balcony_island_02_top
Fra:1 Mem:346.42M (Peak 348.62M) | Time:00:00.16 | Mem:0.00M, Peak:0.00M | Scene, ViewLayer | Synchronizing object | A_living_dining_balcony_island_02_leg0
Fra:1 Mem:346.43M (Peak 348.62M) | Time:00:00.16 | Mem:0.00M, Peak:0.00M | Scene, ViewLayer | Synchronizing object | A_living_dining_balcony_island_02_leg2
Fra:1 Mem:346.43M (Peak 348.62M) | Time:00:00.16 | Mem:0.00M, Peak:0.00M | Scene, ViewLayer | Synchronizing object | A_living_dining_balcony_island_02_leg3
Fra:1 Mem:346.44M (Peak 348.62M) | Time:00:00.16 | Mem:0.00M, Peak:0.00M | Scene, ViewLayer | Synchronizing object | A_living_dining_balcony_pendant_lamp_02_rod
Fra:1 Mem:346.45M (Peak 348.62M) | Time:00:00.16 | Mem:0.00M, Peak:0.00M | Scene, ViewLayer | Synchronizing object | A_living_dining_balcony_pendant_lamp_02_ globe
Fra:1 Mem:346.45M (Peak 348.62M) | Time:00:00.16 | Mem:0.00M, Peak:0.00M | Scene, ViewLayer | Synchronizing object | A_living_dining_balcony_dining_chair_01_seat
Fra:1 Mem:346.45M (Peak 348.62M) | Time:00:00.16 | Mem:0.00M, Peak:0.00M | Scene, ViewLayer | Synchronizing object | A_living_dining_balcony_dining_chair_01_leg0
Fra:1 Mem:346.45M (Peak 348.62M) | Time:00:00.16 | Mem:0.00M, Peak:0.00M | Scene, ViewLayer | Synchronizing object | A_living_dining_balcony_dining_chair_01_legt0
Fra:1 Mem:346.45M (Peak 348.62M) | Time:00:00.16 | Mem:0.00M, Peak:0.00M | Scene, ViewLayer | Synchronizing object | A_living_dining_balcony_dining_chair_01_leg1
Fra:1 Mem:346.47M (Peak 348.62M) | Time:00:00.16 | Mem:0.00M, Peak:0.00M | Scene, ViewLayer | Synchronizing object | A_living_dining_balcony_dining_chair_02_leg2
Fra:1 Mem:346.47M (Peak 348.62M) | Time:00:00.16 | Mem:0.00M, Peak:0.00M | Scene, ViewLayer | Synchronizing object | A_living_dining_balcony_dining_chair_01_leg2
Fra:1 Mem:346.48M (Peak 348.62M) | Time:00:00.16 | Mem:0.00M, Peak:0.00M | Scene, ViewLayer | Synchronizing object | A_living_dining_balcony_dining_chair_02_legt1
Fra:1 Mem:346.54M (Peak 348.62M) | Time:00:00.16 | Mem:0.00M, Peak:0.00M | Scene, ViewLayer | Synchronizing object | A_living_dining_balcony_dining_chair_01_legt2
Fra:1 Mem:346.54M (Peak 348.62M) | Time:00:00.16 | Mem:0.00M, Peak:0.00M | Scene, ViewLayer | Synchronizing object | A_living_dining_balcony_dining_chair_01_legt3
Fra:1 Mem:346.56M (Peak 348.62M) | Time:00:00.16 | Mem:0.00M, Peak:0.00M | Scene, ViewLayer | Synchronizing object | A_living_dining_balcony_dining_chair_01_arm0
Fra:1 Mem:346.56M (Peak 348.62M) | Time:00:00.16 | Mem:0.00M, Peak:0.00M | Scene, ViewLayer | Synchronizing object | A_living_dining_balcony_dining_chair_01_armf0
Fra:1 Mem:346.56M (Peak 348.62M) | Time:00:00.16 | Mem:0.00M, Peak:0.00M | Scene, ViewLayer | Synchronizing object | A_living_dining_balcony_dining_chair_01_arm1
Fra:1 Mem:346.59M (Peak 348.62M) | Time:00:00.16 | Mem:0.00M, Peak:0.00M | Scene, ViewLayer | Synchronizing object | A_living_dining_balcony_dining_chair_01_armf1
Fra:1 Mem:346.59M (Peak 348.62M) | Time:00:00.16 | Mem:0.00M, Peak:0.00M | Scene, ViewLayer | Synchronizing object | A_living_dining_balcony_dining_chair_02_back
Fra:1 Mem:346.60M (Peak 348.62M) | Time:00:00.16 | Mem:0.00M, Peak:0.00M | Scene, ViewLayer | Synchronizing object | A_living_dining_balcony_dining_chair_02_leg0
Fra:1 Mem:346.60M (Peak 348.62M) | Time:00:00.16 | Mem:0.00M, Peak:0.00M | Scene, ViewLayer | Synchronizing object | A_living_dining_balcony_dining_chair_02_legt0
Fra:1 Mem:346.61M (Peak 348.62M) | Time:00:00.16 | Mem:0.00M, Peak:0.00M | Scene, ViewLayer | Synchronizing object | A_living_dining_balcony_dining_chair_02_leg1
Fra:1 Mem:416.37M (Peak 457.21M) | Time:00:00.27 | Mem:0.00M, Peak:0.00M | Scene, ViewLayer | Initializing
Fra:1 Mem:407.12M (Peak 457.21M) | Time:00:00.28 | Mem:0.00M, Peak:0.00M | Scene, ViewLayer | Updating Images | Loading tree_small_02_nor_gl
Fra:1 Mem:407.12M (Peak 457.21M) | Time:00:00.28 | Mem:0.00M, Peak:0.00M | Scene, ViewLayer | Updating Images | Loading jacaranda_tree_trunk_rough
Fra:1 Mem:411.12M (Peak 457.21M) | Time:00:00.28 | Mem:0.00M, Peak:0.00M | Scene, ViewLayer | Updating Images | Loading jacaranda_tree_leaves_diff-jacaranda_tree_leaves_alpha
Fra:1 Mem:415.12M (Peak 457.21M) | Time:00:00.28 | Mem:0.00M, Peak:0.00M | Scene, ViewLayer | Updating Images | Loading tree_small_02_branch_rough
Fra:1 Mem:415.12M (Peak 457.21M) | Time:00:00.28 | Mem:0.00M, Peak:0.00M | Scene, ViewLayer | Updating Images | Loading tree_small_02_rough
Fra:1 Mem:438.93M (Peak 499.21M) | Time:00:00.34 | Mem:72.00M, Peak:72.00M | Scene, ViewLayer | Waiting for render to start
Fra:1 Mem:438.93M (Peak 499.21M) | Time:00:00.34 | Mem:72.00M, Peak:72.00M | Scene, ViewLayer | Updating Scene
Fra:1 Mem:438.93M (Peak 499.21M) | Time:00:00.34 | Mem:72.00M, Peak:72.00M | Scene, ViewLayer | Updating Shaders
Fra:1 Mem:438.93M (Peak 499.21M) | Time:00:00.34 | Mem:72.00M, Peak:72.00M | Scene, ViewLayer | Loading render kernels (may take a few minutes the first time)
Fra:1 Mem:439.07M (Peak 499.21M) | Time:00:01.31 | Mem:72.07M, Peak:72.07M | Scene, ViewLayer | Updating Procedurals
Fra:1 Mem:439.07M (Peak 499.21M) | Time:00:01.31 | Mem:72.07M, Peak:72.07M | Scene, ViewLayer | Updating Background
Fra:1 Mem:439.07M (Peak 499.21M) | Time:00:01.31 | Mem:72.07M, Peak:72.07M | Scene, ViewLayer | Updating Camera
Fra:1 Mem:439.07M (Peak 499.21M) | Time:00:01.31 | Mem:72.07M, Peak:72.07M | Scene, ViewLayer | Updating Meshes Flags
Fra:1 Mem:439.07M (Peak 499.21M) | Time:00:01.31 | Mem:72.07M, Peak:72.07M | Scene, ViewLayer | Updating Objects
Fra:1 Mem:439.07M (Peak 499.21M) | Time:00:01.31 | Mem:72.07M, Peak:72.07M | Scene, ViewLayer | Updating Objects | Copying Transformations to device
Fra:1 Mem:439.37M (Peak 499.21M) | Time:00:01.31 | Mem:72.35M, Peak:72.35M | Scene, ViewLayer | Updating Particle Systems
Fra:1 Mem:439.37M (Peak 499.21M) | Time:00:01.31 | Mem:72.35M, Peak:72.35M | Scene, ViewLayer | Updating Particle Systems | Copying Particles to device
Fra:1 Mem:439.37M (Peak 499.21M) | Time:00:01.31 | Mem:72.35M, Peak:72.35M | Scene, ViewLayer | Updating Meshes
Fra:1 Mem:509.14M (Peak 509.14M) | Time:00:02.11 | Mem:72.35M, Peak:72.35M | Scene, ViewLayer | Updating Objects | Applying Static Transformations
Fra:1 Mem:509.14M (Peak 509.14M) | Time:00:02.12 | Mem:72.35M, Peak:72.35M | Scene, ViewLayer | Updating Mesh | Computing attributes
Fra:1 Mem:616.39M (Peak 616.39M) | Time:00:02.15 | Mem:72.45M, Peak:72.45M | Scene, ViewLayer | Updating Mesh | Copying Attributes to device
Fra:1 Mem:616.24M (Peak 616.39M) | Time:00:02.18 | Mem:179.45M, Peak:179.45M | Scene, ViewLayer | Updating Geometry BVH ceil_living_r1N_mesh 3/53 | Building BVH
Fra:1 Mem:616.24M (Peak 616.39M) | Time:00:02.18 | Mem:179.45M, Peak:179.45M | Scene, ViewLayer | Updating Geometry BVH ceil_master_bedroom_slab_mesh 12/473 | Building BVH
Fra:1 Mem:616.24M (Peak 616.39M) | Time:00:02.18 | Mem:179.45M, Peak:179.45M | Scene, ViewLayer | Updating Geometry BVH ceil_kitchen_fill_mesh 22/694 | Building BVH
Fra:1 Mem:616.24M (Peak 616.39M) | Time:00:02.18 | Mem:179.45M, Peak:179.45M | Scene, ViewLayer | Updating Geometry BVH light 1231/1230 | Building BVH
Fra:1 Mem:616.24M (Peak 616.39M) | Time:00:02.20 | Mem:179.64M, Peak:179.65M | Scene, ViewLayer | Updating Geometry BVH lt_strip_tv_mesh 1230/1230 | Building BVH
Fra:1 Mem:616.24M (Peak 616.39M) | Time:00:02.20 | Mem:179.65M, Peak:179.65M | Scene, ViewLayer | Updating Geometry BVH ceil_public_bath_wet_fill_mesh 23/1230 | Building BVH
Fra:1 Mem:616.24M (Peak 616.39M) | Time:00:02.20 | Mem:179.66M, Peak:179.66M | Scene, ViewLayer | Updating Geometry BVH ceil_master_bath_fill_mesh 24/1230 | Building BVH
Fra:1 Mem:616.24M (Peak 616.39M) | Time:00:02.20 | Mem:179.67M, Peak:179.67M | Scene, ViewLayer | Updating Geometry BVH ceil_corridor_fill_mesh 25/1230 | Building BVH
Fra:1 Mem:616.24M (Peak 616.39M) | Time:00:02.20 | Mem:179.67M, Peak:179.67M | Scene, ViewLayer | Updating Geometry BVH ceil_elevator_hall_fill_mesh 26/1230 | Building BVH
Fra:1 Mem:616.24M (Peak 616.39M) | Time:00:02.20 | Mem:179.67M, Peak:179.67M | Scene, ViewLayer | Updating Geometry BVH fx_ceiling_master_bedroom_mesh 27/1230 | Building BVH
Fra:1 Mem:616.24M (Peak 616.39M) | Time:00:02.20 | Mem:179.69M, Peak:179.69M | Scene, ViewLayer | Updating Geometry BVH fx_ceiling_parents_room_mesh 28/1230 | Building BVH
Fra:1 Mem:616.24M (Peak 616.39M) | Time:00:02.20 | Mem:179.69M, Peak:179.69M | Scene, ViewLayer | Updating Geometry BVH fx_ceiling_daughter_room_mesh 29/1230 | Building BVH
Fra:1 Mem:616.24M (Peak 616.39M) | Time:00:02.20 | Mem:179.70M, Peak:179.70M | Scene, ViewLayer | Updating Geometry BVH fx_ceiling_son_room_mesh 30/1230 | Building BVH
Fra:1 Mem:616.24M (Peak 616.39M) | Time:00:02.20 | Mem:179.75M, Peak:179.75M | Scene, ViewLayer | Updating Geometry BVH fx_spot_living00_mesh 31/1230 | Building BVH
Fra:1 Mem:616.24M (Peak 616.39M) | Time:00:02.20 | Mem:179.75M, Peak:179.75M | Scene, ViewLayer | Updating Geometry BVH fx_spot_living00_r_mesh 32/1230 | Building BVH
Fra:1 Mem:616.24M (Peak 616.39M) | Time:00:02.20 | Mem:179.78M, Peak:179.78M | Scene, ViewLayer | Updating Geometry BVH lt_pendant_02 1229/1230 | Building BVH
Fra:1 Mem:616.24M (Peak 616.39M) | Time:00:02.20 | Mem:179.78M, Peak:179.78M | Scene, ViewLayer | Updating Geometry BVH fx_spot_living06_mesh 43/1230 | Building BVH
Fra:1 Mem:616.24M (Peak 616.39M) | Time:00:02.20 | Mem:179.78M, Peak:179.78M | Scene, ViewLayer | Updating Geometry BVH fx_spot_living06_r_mesh 44/1230 | Building BVH
Fra:1 Mem:616.24M (Peak 616.39M) | Time:00:02.20 | Mem:179.78M, Peak:179.78M | Scene, ViewLayer | Updating Geometry BVH fx_spot_living07_mesh 45/1230 | Building BVH
Fra:1 Mem:616.24M (Peak 616.39M) | Time:00:02.20 | Mem:179.82M, Peak:179.82M | Scene, ViewLayer | Updating Geometry BVH fx_spot_living07_r_mesh 46/1230 | Building BVH
Fra:1 Mem:616.24M (Peak 616.39M) | Time:00:02.20 | Mem:179.93M, Peak:179.93M | Scene, ViewLayer | Updating Geometry BVH fx_spot_living08_mesh 47/1230 | Building BVH
Fra:1 Mem:616.24M (Peak 616.39M) | Time:00:02.21 | Mem:180.00M, Peak:180.01M | Scene, ViewLayer | Updating Geometry BVH fx_spot_living08_r_mesh 48/1230 | Building BVH
Fra:1 Mem:616.24M (Peak 616.39M) | Time:00:02.21 | Mem:180.02M, Peak:180.02M | Scene, ViewLayer | Updating Geometry BVH fx_spot_living09_r_mesh 50/1230 | Building BVH
Fra:1 Mem:616.24M (Peak 616.39M) | Time:00:02.21 | Mem:180.01M, Peak:180.02M | Scene, ViewLayer | Updating Geometry BVH fx_spot_living10_mesh 51/1230 | Building BVH
Fra:1 Mem:616.24M (Peak 616.39M) | Time:00:02.21 | Mem:180.01M, Peak:180.02M | Scene, ViewLayer | Updating Geometry BVH fx_spot_living10_r_mesh 52/1230 | Building BVH
Fra:1 Mem:616.24M (Peak 616.39M) | Time:00:02.21 | Mem:180.01M, Peak:180.02M | Scene, ViewLayer | Updating Geometry BVH fx_spot_living11_r_mesh 54/1230 | Building BVH
Fra:1 Mem:616.24M (Peak 616.39M) | Time:00:02.21 | Mem:180.06M, Peak:180.06M | Scene, ViewLayer | Updating Geometry BVH fx_spot_living12_mesh 55/1230 | Building BVH
Fra:1 Mem:616.24M (Peak 616.39M) | Time:00:02.21 | Mem:180.07M, Peak:180.07M | Scene, ViewLayer | Updating Geometry BVH fx_spot_living12_r_mesh 56/1230 | Building BVH
Fra:1 Mem:616.24M (Peak 616.39M) | Time:00:02.21 | Mem:180.13M, Peak:180.14M | Scene, ViewLayer | Updating Geometry BVH fx_spot_living13_mesh 57/1230 | Building BVH
Fra:1 Mem:616.24M (Peak 616.39M) | Time:00:02.21 | Mem:180.12M, Peak:180.14M | Scene, ViewLayer | Updating Geometry BVH lt_pendant_01 1228/1230 | Building BVH
Fra:1 Mem:616.24M (Peak 616.39M) | Time:00:02.21 | Mem:180.12M, Peak:180.14M | Scene, ViewLayer | Updating Geometry BVH fx_spot_living13_r_mesh 58/1230 | Building BVH
Fra:1 Mem:616.24M (Peak 616.39M) | Time:00:02.21 | Mem:180.15M, Peak:180.15M | Scene, ViewLayer | Updating Geometry BVH fx_spot_living14_mesh 59/1230 | Building BVH
Fra:1 Mem:616.24M (Peak 616.39M) | Time:00:02.21 | Mem:180.15M, Peak:180.15M | Scene, ViewLayer | Updating Geometry BVH fx_spot_living14_r_mesh 60/1230 | Building BVH
Fra:1 Mem:616.24M (Peak 616.39M) | Time:00:02.21 | Mem:180.15M, Peak:180.15M | Scene, ViewLayer | Updating Geometry BVH fx_spot_living15_mesh 61/1230 | Building BVH
Fra:1 Mem:616.24M (Peak 616.39M) | Time:00:02.21 | Mem:180.18M, Peak:180.18M | Scene, ViewLayer | Updating Geometry BVH fx_spot_living15_r_mesh 62/1230 | Building BVH
Fra:1 Mem:616.24M (Peak 616.39M) | Time:00:02.21 | Mem:180.19M, Peak:180.19M | Scene, ViewLayer | Updating Geometry BVH fx_spot_living16_mesh 63/1230 | Building BVH
Fra:1 Mem:616.24M (Peak 616.39M) | Time:00:02.21 | Mem:180.22M, Peak:180.22M | Scene, ViewLayer | Updating Geometry BVH fx_spot_living16_r_mesh 64/1230 | Building BVH
Fra:1 Mem:616.24M (Peak 616.39M) | Time:00:02.21 | Mem:180.22M, Peak:180.22M | Scene, ViewLayer | Updating Geometry BVH fx_spot_room0_mesh 65/1230 | Building BVH
Fra:1 Mem:616.24M (Peak 616.39M) | Time:00:02.21 | Mem:180.29M, Peak:180.30M | Scene, ViewLayer | Updating Geometry BVH fx_spot_room1_mesh 66/1230 | Building BVH
Fra:1 Mem:616.24M (Peak 616.39M) | Time:00:02.21 | Mem:180.29M, Peak:180.30M | Scene, ViewLayer | Updating Geometry BVH fx_art_wall_A_mesh 1227/1230 | Building BVH
Fra:1 Mem:616.24M (Peak 616.39M) | Time:00:02.21 | Mem:180.30M, Peak:180.31M | Scene, ViewLayer | Updating Geometry BVH fx_spot_room2_mesh 67/1230 | Building BVH
Fra:1 Mem:616.24M (Peak 616.39M) | Time:00:02.21 | Mem:180.30M, Peak:180.31M | Scene, ViewLayer | Updating Geometry BVH fx_spot_room5_mesh 70/1230 | Building BVH
Fra:1 Mem:616.24M (Peak 616.39M) | Time:00:02.21 | Mem:180.30M, Peak:180.31M | Scene, ViewLayer | Updating Geometry BVH fx_spot_room6_mesh 71/1230 | Building BVH
Fra:1 Mem:616.24M (Peak 616.39M) | Time:00:02.21 | Mem:180.32M, Peak:180.32M | Scene, ViewLayer | Updating Geometry BVH fx_spot_room7_mesh 72/1230 | Building BVH
Fra:1 Mem:616.24M (Peak 616.39M) | Time:00:02.21 | Mem:180.32M, Peak:180.32M | Scene, ViewLayer | Updating Geometry BVH out_ground_mesh 73/1230 | Building BVH
Fra:1 Mem:616.24M (Peak 616.39M) | Time:00:02.21 | Mem:180.39M, Peak:180.41M | Scene, ViewLayer | Updating Geometry BVH out_path_s_mesh 74/1230 | Building BVH
Fra:1 Mem:616.24M (Peak 616.39M) | Time:00:02.21 | Mem:180.39M, Peak:180.41M | Scene, ViewLayer | Updating Geometry BVH out_path_n_mesh 75/1230 | Building BVH
Fra:1 Mem:616.24M (Peak 616.39M) | Time:00:02.21 | Mem:180.41M, Peak:180.41M | Scene, ViewLayer | Updating Geometry BVH out_bldg_s_mesh 78/1230 | Building BVH
Fra:1 Mem:616.24M (Peak 616.39M) | Time:00:02.21 | Mem:180.41M, Peak:180.41M | Scene, ViewLayer | Updating Geometry BVH fx_curt_living_bo_e_A_mesh 1226/1230 | Building BVH
Fra:1 Mem:616.24M (Peak 616.39M) | Time:00:02.21 | Mem:180.41M, Peak:180.41M | Scene, ViewLayer | Updating Geometry BVH floor_public_bath_wet_mesh 83/1230 | Building BVH
Fra:1 Mem:616.24M (Peak 616.39M) | Time:00:02.21 | Mem:180.41M, Peak:180.41M | Scene, ViewLayer | Updating Geometry BVH floor_master_bath_mesh 87/1230 | Building BVH
Fra:1 Mem:616.24M (Peak 616.39M) | Time:00:02.21 | Mem:180.42M, Peak:180.42M | Scene, ViewLayer | Updating Geometry BVH floor_master_bedroom_mesh 88/1230 | Building BVH
Fra:1 Mem:616.24M (Peak 616.39M) | Time:00:02.21 | Mem:180.42M, Peak:180.42M | Scene, ViewLayer | Updating Geometry BVH floor_terrace_mesh 89/1230 | Building BVH
Fra:1 Mem:616.24M (Peak 616.39M) | Time:00:02.21 | Mem:180.42M, Peak:180.42M | Scene, ViewLayer | Updating Geometry BVH floor_parents_room_mesh 90/1230 | Building BVH
Fra:1 Mem:616.24M (Peak 616.39M) | Time:00:02.21 | Mem:180.42M, Peak:180.42M | Scene, ViewLayer | Updating Geometry BVH floor_elevator_hall_mesh 92/1230 | Building BVH
Fra:1 Mem:616.24M (Peak 616.39M) | Time:00:02.21 | Mem:180.45M, Peak:180.45M | Scene, ViewLayer | Updating Geometry BVH W01_s00_mesh 93/1230 | Building BVH
Fra:1 Mem:616.24M (Peak 616.39M) | Time:00:02.21 | Mem:180.46M, Peak:180.46M | Scene, ViewLayer | Updating Geometry BVH W01_s01_mesh 94/1230 | Building BVH
Fra:1 Mem:616.24M (Peak 616.39M) | Time:00:02.21 | Mem:180.50M, Peak:180.50M | Scene, ViewLayer | Updating Geometry BVH W01_s02_mesh 95/1230 | Building BVH
Fra:1 Mem:616.24M (Peak 616.39M) | Time:00:02.21 | Mem:180.50M, Peak:180.50M | Scene, ViewLayer | Updating Geometry BVH W01_s03_mesh 96/1230 | Building BVH
Fra:1 Mem:616.24M (Peak 616.39M) | Time:00:02.21 | Mem:180.52M, Peak:180.52M | Scene, ViewLayer | Updating Geometry BVH W02_s00_mesh 97/1230 | Building BVH
Fra:1 Mem:616.24M (Peak 616.39M) | Time:00:02.21 | Mem:180.52M, Peak:180.52M | Scene, ViewLayer | Updating Geometry BVH W02_s01_mesh 98/1230 | Building BVH
Fra:1 Mem:616.24M (Peak 616.39M) | Time:00:02.21 | Mem:180.55M, Peak:180.55M | Scene, ViewLayer | Updating Geometry BVH W02_s02_mesh 99/1230 | Building BVH
Fra:1 Mem:616.24M (Peak 616.39M) | Time:00:02.21 | Mem:180.55M, Peak:180.55M | Scene, ViewLayer | Updating Geometry BVH BezierCurve.002 77/1230 | Building BVH
Fra:1 Mem:616.24M (Peak 616.39M) | Time:00:02.21 | Mem:184.84M, Peak:184.84M | Scene, ViewLayer | Updating Geometry BVH W02_s03_mesh 100/1230 | Building BVH
Fra:1 Mem:616.24M (Peak 616.39M) | Time:00:02.21 | Mem:184.87M, Peak:184.87M | Scene, ViewLayer | Updating Geometry BVH W03_s00_mesh 101/1230 | Building BVH
Fra:1 Mem:616.24M (Peak 616.39M) | Time:00:02.21 | Mem:196.90M, Peak:196.91M | Scene, ViewLayer | Updating Geometry BVH W04_s00_mesh 102/1230 | Building BVH
Fra:1 Mem:616.24M (Peak 616.39M) | Time:00:02.21 | Mem:196.90M, Peak:196.91M | Scene, ViewLayer | Updating Geometry BVH W05_s00_mesh 103/1230 | Building BVH
Fra:1 Mem:616.24M (Peak 616.39M) | Time:00:02.21 | Mem:196.90M, Peak:196.91M | Scene, ViewLayer | Updating Geometry BVH fx_curt_living_bo_w_A_mesh 1225/1230 | Building BVH
Fra:1 Mem:616.24M (Peak 616.39M) | Time:00:02.21 | Mem:196.90M, Peak:196.91M | Scene, ViewLayer | Updating Geometry BVH W05_s01_mesh 104/1230 | Building BVH
Fra:1 Mem:616.24M (Peak 616.39M) | Time:00:02.21 | Mem:196.90M, Peak:196.91M | Scene, ViewLayer | Updating Geometry BVH W05_s02_mesh 105/1230 | Building BVH
Fra:1 Mem:616.24M (Peak 616.39M) | Time:00:02.21 | Mem:196.90M, Peak:196.91M | Scene, ViewLayer | Updating Geometry BVH W05_s03_mesh 106/1230 | Building BVH
Fra:1 Mem:616.24M (Peak 616.39M) | Time:00:02.21 | Mem:196.91M, Peak:196.91M | Scene, ViewLayer | Updating Geometry BVH W06_s00_mesh 107/1230 | Building BVH
Fra:1 Mem:616.24M (Peak 616.39M) | Time:00:02.21 | Mem:196.92M, Peak:196.92M | Scene, ViewLayer | Updating Geometry BVH W06_s01_mesh 108/1230 | Building BVH
Fra:1 Mem:616.24M (Peak 616.39M) | Time:00:02.21 | Mem:196.95M, Peak:196.95M | Scene, ViewLayer | Updating Geometry BVH W06_s02_mesh 109/1230 | Building BVH
Fra:1 Mem:616.24M (Peak 616.39M) | Time:00:02.21 | Mem:196.96M, Peak:196.96M | Scene, ViewLayer | Updating Geometry BVH W06_s03_mesh 110/1230 | Building BVH
Fra:1 Mem:616.24M (Peak 616.39M) | Time:00:02.21 | Mem:208.10M, Peak:208.10M | Scene, ViewLayer | Updating Geometry BVH W07_s00_mesh 111/1230 | Building BVH
Fra:1 Mem:616.24M (Peak 616.39M) | Time:00:02.21 | Mem:219.46M, Peak:219.46M | Scene, ViewLayer | Updating Geometry BVH W07_s01_mesh 112/1230 | Building BVH
Fra:1 Mem:616.24M (Peak 616.39M) | Time:00:02.22 | Mem:219.51M, Peak:219.51M | Scene, ViewLayer | Updating Geometry BVH W07_s02_mesh 113/1230 | Building BVH
Fra:1 Mem:616.24M (Peak 616.39M) | Time:00:02.22 | Mem:219.51M, Peak:219.51M | Scene, ViewLayer | Updating Geometry BVH W08_s00_mesh 114/1230 | Building BVH
Fra:1 Mem:616.24M (Peak 616.39M) | Time:00:02.22 | Mem:219.52M, Peak:219.52M | Scene, ViewLayer | Updating Geometry BVH W08_s01_mesh 115/1230 | Building BVH
Fra:1 Mem:616.24M (Peak 616.39M) | Time:00:02.22 | Mem:219.53M, Peak:219.53M | Scene, ViewLayer | Updating Geometry BVH fx_curt_living_sheer_A_mesh 1224/1230 | Building BVH
Fra:1 Mem:616.24M (Peak 616.39M) | Time:00:02.22 | Mem:219.54M, Peak:219.54M | Scene, ViewLayer | Updating Geometry BVH W08_s02_mesh 116/1230 | Building BVH
Fra:1 Mem:616.24M (Peak 616.39M) | Time:00:02.22 | Mem:219.54M, Peak:219.54M | Scene, ViewLayer | Updating Geometry BVH W09_s00_mesh 117/1230 | Building BVH
Fra:1 Mem:616.24M (Peak 616.39M) | Time:00:02.22 | Mem:219.54M, Peak:219.54M | Scene, ViewLayer | Updating Geometry BVH W10_s00_mesh 118/1230 | Building BVH
Fra:1 Mem:616.24M (Peak 616.39M) | Time:00:02.22 | Mem:219.54M, Peak:219.54M | Scene, ViewLayer | Updating Geometry BVH W10_s01_mesh 119/1230 | Building BVH
Fra:1 Mem:616.24M (Peak 616.39M) | Time:00:02.22 | Mem:219.54M, Peak:219.54M | Scene, ViewLayer | Updating Geometry BVH W10_s02_mesh 120/1230 | Building BVH
Fra:1 Mem:616.24M (Peak 616.39M) | Time:00:02.22 | Mem:219.59M, Peak:219.59M | Scene, ViewLayer | Updating Geometry BVH W10_s03_mesh 121/1230 | Building BVH
Fra:1 Mem:616.24M (Peak 616.39M) | Time:00:02.22 | Mem:219.60M, Peak:219.60M | Scene, ViewLayer | Updating Geometry BVH W11_s00_mesh 122/1230 | Building BVH
Fra:1 Mem:616.24M (Peak 616.39M) | Time:00:02.22 | Mem:233.76M, Peak:233.76M | Scene, ViewLayer | Updating Geometry BVH W12_s00_mesh 123/1230 | Building BVH
Fra:1 Mem:616.24M (Peak 616.39M) | Time:00:02.22 | Mem:233.78M, Peak:233.78M | Scene, ViewLayer | Updating Geometry BVH W12_s01_mesh 124/1230 | Building BVH
Fra:1 Mem:616.24M (Peak 616.39M) | Time:00:02.22 | Mem:233.80M, Peak:233.80M | Scene, ViewLayer | Updating Geometry BVH W12_s02_mesh 125/1230 | Building BVH
Fra:1 Mem:616.24M (Peak 616.39M) | Time:00:02.22 | Mem:233.80M, Peak:233.80M | Scene, ViewLayer | Updating Geometry BVH W13_s00_mesh 126/1230 | Building BVH
Fra:1 Mem:616.24M (Peak 616.39M) | Time:00:02.22 | Mem:233.80M, Peak:233.80M | Scene, ViewLayer | Updating Geometry BVH W13_s01_mesh 127/1230 | Building BVH
Fra:1 Mem:616.24M (Peak 616.39M) | Time:00:02.22 | Mem:233.81M, Peak:233.81M | Scene, ViewLayer | Updating Geometry BVH W13_s02_mesh 128/1230 | Building BVH
Fra:1 Mem:616.24M (Peak 616.39M) | Time:00:02.22 | Mem:233.81M, Peak:233.81M | Scene, ViewLayer | Updating Geometry BVH W14_s01_mesh 130/1230 | Building BVH
Fra:1 Mem:616.24M (Peak 616.39M) | Time:00:02.22 | Mem:233.82M, Peak:233.82M | Scene, ViewLayer | Updating Geometry BVH W14_s02_mesh 131/1230 | Building BVH
Fra:1 Mem:616.24M (Peak 616.39M) | Time:00:02.22 | Mem:233.82M, Peak:233.82M | Scene, ViewLayer | Updating Geometry BVH W14_s03_mesh 132/1230 | Building BVH
Fra:1 Mem:616.24M (Peak 616.39M) | Time:00:02.22 | Mem:233.85M, Peak:233.85M | Scene, ViewLayer | Updating Geometry BVH W14_s04_mesh 133/1230 | Building BVH
Fra:1 Mem:616.24M (Peak 616.39M) | Time:00:02.22 | Mem:233.85M, Peak:233.85M | Scene, ViewLayer | Updating Geometry BVH A_living_dining_balcony_lounge_chair_01_arm1_mesh 1223/1230 | Building BVH
Fra:1 Mem:616.24M (Peak 616.39M) | Time:00:02.22 | Mem:233.87M, Peak:233.87M | Scene, ViewLayer | Updating Geometry BVH W15_s00_mesh 134/1230 | Building BVH
Fra:1 Mem:616.24M (Peak 616.39M) | Time:00:02.22 | Mem:253.38M, Peak:253.38M | Scene, ViewLayer | Updating Geometry BVH W15_s01_mesh 135/1230 | Building BVH
Fra:1 Mem:616.24M (Peak 616.39M) | Time:00:02.22 | Mem:253.38M, Peak:253.38M | Scene, ViewLayer | Updating Geometry BVH W15_s02_mesh 136/1230 | Building BVH
Fra:1 Mem:616.24M (Peak 616.39M) | Time:00:02.22 | Mem:253.38M, Peak:253.38M | Scene, ViewLayer | Updating Geometry BVH W16_s00_mesh 137/1230 | Building BVH
Fra:1 Mem:616.24M (Peak 616.39M) | Time:00:02.22 | Mem:253.38M, Peak:253.38M | Scene, ViewLayer | Updating Geometry BVH W17_s00_mesh 138/1230 | Building BVH
Fra:1 Mem:616.24M (Peak 616.39M) | Time:00:02.22 | Mem:253.41M, Peak:253.41M | Scene, ViewLayer | Updating Geometry BVH W17_s01_mesh 139/1230 | Building BVH
Fra:1 Mem:616.24M (Peak 616.39M) | Time:00:02.22 | Mem:253.41M, Peak:253.41M | Scene, ViewLayer | Updating Geometry BVH W18_s01_mesh 142/1230 | Building BVH
Fra:1 Mem:616.24M (Peak 616.39M) | Time:00:02.22 | Mem:253.46M, Peak:253.46M | Scene, ViewLayer | Updating Geometry BVH W18_s02_mesh 143/1230 | Building BVH
Fra:1 Mem:616.24M (Peak 616.39M) | Time:00:02.22 | Mem:253.47M, Peak:253.47M | Scene, ViewLayer | Updating Geometry BVH W18_s03_mesh 144/1230 | Building BVH
Fra:1 Mem:616.24M (Peak 616.39M) | Time:00:02.22 | Mem:253.47M, Peak:253.47M | Scene, ViewLayer | Updating Geometry BVH W19_s00_mesh 145/1230 | Building BVH
Fra:1 Mem:616.24M (Peak 616.39M) | Time:00:02.22 | Mem:253.47M, Peak:253.47M | Scene, ViewLayer | Updating Geometry BVH W19_s01_mesh 146/1230 | Building BVH
Fra:1 Mem:616.24M (Peak 616.39M) | Time:00:02.22 | Mem:253.50M, Peak:253.50M | Scene, ViewLayer | Updating Geometry BVH A_living_dining_balcony_lounge_chair_01_arm0_mesh 1222/1230 | Building BVH
Fra:1 Mem:616.24M (Peak 616.39M) | Time:00:02.22 | Mem:253.50M, Peak:253.50M | Scene, ViewLayer | Updating Geometry BVH W20_s00_mesh 148/1230 | Building BVH
Fra:1 Mem:616.24M (Peak 616.39M) | Time:00:02.22 | Mem:253.50M, Peak:253.50M | Scene, ViewLayer | Updating Geometry BVH W21_s00_mesh 149/1230 | Building BVH
Fra:1 Mem:616.24M (Peak 616.39M) | Time:00:02.22 | Mem:253.50M, Peak:253.50M | Scene, ViewLayer | Updating Geometry BVH W22_s00_mesh 150/1230 | Building BVH
Fra:1 Mem:616.24M (Peak 616.39M) | Time:00:02.22 | Mem:253.52M, Peak:253.52M | Scene, ViewLayer | Updating Geometry BVH W22_s01_mesh 151/1230 | Building BVH
Fra:1 Mem:616.24M (Peak 616.39M) | Time:00:02.22 | Mem:253.52M, Peak:253.52M | Scene, ViewLayer | Updating Geometry BVH W23_s01_mesh 153/1230 | Building BVH
Fra:1 Mem:616.24M (Peak 616.39M) | Time:00:02.22 | Mem:253.53M, Peak:253.53M | Scene, ViewLayer | Updating Geometry BVH W23_s02_mesh 154/1230 | Building BVH
Fra:1 Mem:616.24M (Peak 616.39M) | Time:00:02.23 | Mem:277.92M, Peak:277.92M | Scene, ViewLayer | Updating Geometry BVH W23_s03_mesh 155/1230 | Building BVH
Fra:1 Mem:616.24M (Peak 616.39M) | Time:00:02.23 | Mem:277.92M, Peak:277.93M | Scene, ViewLayer | Updating Geometry BVH W24_s00_mesh 156/1230 | Building BVH
Fra:1 Mem:616.24M (Peak 616.39M) | Time:00:02.23 | Mem:277.92M, Peak:277.93M | Scene, ViewLayer | Updating Geometry BVH W25_s00_mesh 157/1230 | Building BVH
Fra:1 Mem:616.24M (Peak 616.39M) | Time:00:02.23 | Mem:277.92M, Peak:277.93M | Scene, ViewLayer | Updating Geometry BVH W26_s00_mesh 158/1230 | Building BVH
Fra:1 Mem:616.24M (Peak 616.39M) | Time:00:02.23 | Mem:277.95M, Peak:277.95M | Scene, ViewLayer | Updating Geometry BVH W27_s00_mesh 159/1230 | Building BVH
Fra:1 Mem:616.24M (Peak 616.39M) | Time:00:02.23 | Mem:277.95M, Peak:277.95M | Scene, ViewLayer | Updating Geometry BVH W27_s01_mesh 160/1230 | Building BVH
Fra:1 Mem:616.24M (Peak 616.39M) | Time:00:02.23 | Mem:277.95M, Peak:277.95M | Scene, ViewLayer | Updating Geometry BVH A_living_dining_balcony_lounge_chair_01_leg3_mesh 1221/1230 | Building BVH
Fra:1 Mem:616.24M (Peak 616.39M) | Time:00:02.23 | Mem:277.97M, Peak:277.97M | Scene, ViewLayer | Updating Geometry BVH A_living_dining_balcony_lounge_chair_01_leg2_mesh 1220/1230 | Building BVH
Fra:1 Mem:616.24M (Peak 616.39M) | Time:00:02.23 | Mem:277.98M, Peak:277.98M | Scene, ViewLayer | Updating Geometry BVH A_living_dining_balcony_lounge_chair_01_leg1_mesh 1219/1230 | Building BVH
Fra:1 Mem:616.24M (Peak 616.39M) | Time:00:02.23 | Mem:277.99M, Peak:277.99M | Scene, ViewLayer | Updating Geometry BVH A_living_dining_balcony_lounge_chair_01_leg0_mesh 1218/1230 | Building BVH
Fra:1 Mem:616.24M (Peak 616.39M) | Time:00:02.23 | Mem:278.00M, Peak:278.00M | Scene, ViewLayer | Updating Geometry BVH W27_s02_mesh 161/1230 | Building BVH
Fra:1 Mem:616.24M (Peak 616.39M) | Time:00:02.23 | Mem:278.01M, Peak:278.01M | Scene, ViewLayer | Updating Geometry BVH A_living_dining_balcony_lounge_chair_01_back_mesh 1217/1230 | Building BVH
Fra:1 Mem:616.24M (Peak 616.39M) | Time:00:02.23 | Mem:278.03M, Peak:278.03M | Scene, ViewLayer | Updating Geometry BVH W28_s00_mesh 162/1230 | Building BVH
Fra:1 Mem:616.24M (Peak 616.39M) | Time:00:02.23 | Mem:278.03M, Peak:278.04M | Scene, ViewLayer | Updating Geometry BVH A_living_dining_balcony_lounge_chair_01_seat_mesh 1216/1230 | Building BVH
Fra:1 Mem:616.24M (Peak 616.39M) | Time:00:02.24 | Mem:278.05M, Peak:278.05M | Scene, ViewLayer | Updating Geometry BVH A_living_dining_balcony_floor_lamp_01_shade_mesh 1215/1230 | Building BVH
Fra:1 Mem:616.24M (Peak 616.39M) | Time:00:02.25 | Mem:278.08M, Peak:278.08M | Scene, ViewLayer | Updating Geometry BVH A_living_dining_balcony_floor_lamp_01_arc 1214/1230 | Building BVH
Fra:1 Mem:616.24M (Peak 616.39M) | Time:00:02.25 | Mem:278.13M, Peak:278.14M | Scene, ViewLayer | Updating Geometry BVH A_living_dining_balcony_floor_lamp_01_base_mesh 1213/1230 | Building BVH
Fra:1 Mem:616.24M (Peak 616.39M) | Time:00:02.25 | Mem:278.14M, Peak:278.14M | Scene, ViewLayer | Updating Geometry BVH A_living_dining_balcony_tv_01_screen_mesh 1212/1230 | Building BVH
Fra:1 Mem:616.24M (Peak 616.39M) | Time:00:02.25 | Mem:278.16M, Peak:278.16M | Scene, ViewLayer | Updating Geometry BVH A_living_dining_balcony_rug_01_border3_mesh 1211/1230 | Building BVH
Fra:1 Mem:616.24M (Peak 616.39M) | Time:00:02.26 | Mem:278.16M, Peak:278.16M | Scene, ViewLayer | Updating Geometry BVH A_living_dining_balcony_rug_01_border2_mesh 1210/1230 | Building BVH
Fra:1 Mem:616.24M (Peak 616.39M) | Time:00:02.26 | Mem:278.17M, Peak:278.17M | Scene, ViewLayer | Updating Geometry BVH A_living_dining_balcony_rug_01_border1_mesh 1209/1230 | Building BVH
Fra:1 Mem:616.24M (Peak 616.39M) | Time:00:02.26 | Mem:278.17M, Peak:278.17M | Scene, ViewLayer | Updating Geometry BVH W29_s00_mesh 163/1230 | Building BVH
Fra:1 Mem:616.24M (Peak 616.39M) | Time:00:02.26 | Mem:278.19M, Peak:278.19M | Scene, ViewLayer | Updating Geometry BVH win_W01_0bot_mesh 164/1230 | Building BVH
Fra:1 Mem:616.24M (Peak 616.39M) | Time:00:02.26 | Mem:278.19M, Peak:278.19M | Scene, ViewLayer | Updating Geometry BVH win_W01_0top_mesh 165/1230 | Building BVH
Fra:1 Mem:616.24M (Peak 616.39M) | Time:00:02.26 | Mem:278.19M, Peak:278.19M | Scene, ViewLayer | Updating Geometry BVH win_W01_0lft_mesh 166/1230 | Building BVH
Fra:1 Mem:616.24M (Peak 616.39M) | Time:00:02.26 | Mem:278.19M, Peak:278.19M | Scene, ViewLayer | Updating Geometry BVH win_W01_0rgt_mesh 167/1230 | Building BVH
Fra:1 Mem:616.24M (Peak 616.39M) | Time:00:02.26 | Mem:278.23M, Peak:278.23M | Scene, ViewLayer | Updating Geometry BVH A_living_dining_balcony_rug_01_border0_mesh 1208/1230 | Building BVH
Fra:1 Mem:616.24M (Peak 616.39M) | Time:00:02.26 | Mem:266.91M, Peak:278.24M | Scene, ViewLayer | Updating Geometry BVH A_living_dining_balcony_rug_01_pile_mesh 1207/1230 | Building BVH
Fra:1 Mem:616.24M (Peak 616.39M) | Time:00:02.26 | Mem:266.92M, Peak:278.24M | Scene, ViewLayer | Updating Geometry BVH A_living_dining_balcony_coffee_table_01_leg2_mesh 1206/1230 | Building BVH
Fra:1 Mem:616.24M (Peak 616.39M) | Time:00:02.26 | Mem:266.92M, Peak:278.24M | Scene, ViewLayer | Updating Geometry BVH A_living_dining_balcony_coffee_table_01_leg1_mesh 1205/1230 | Building BVH
Fra:1 Mem:616.24M (Peak 616.39M) | Time:00:02.26 | Mem:266.93M, Peak:278.24M | Scene, ViewLayer | Updating Geometry BVH A_living_dining_balcony_coffee_table_01_leg0_mesh 1204/1230 | Building BVH
Fra:1 Mem:616.24M (Peak 616.39M) | Time:00:02.26 | Mem:266.94M, Peak:278.24M | Scene, ViewLayer | Updating Geometry BVH A_living_dining_balcony_coffee_table_01_top_mesh 1203/1230 | Building BVH
Fra:1 Mem:616.24M (Peak 616.39M) | Time:00:02.26 | Mem:266.96M, Peak:278.24M | Scene, ViewLayer | Updating Geometry BVH A_living_dining_balcony_ottoman_01_base_mesh 1202/1230 | Building BVH
Fra:1 Mem:616.24M (Peak 616.39M) | Time:00:02.26 | Mem:266.97M, Peak:278.24M | Scene, ViewLayer | Updating Geometry BVH A_living_dining_balcony_ottoman_01_pad_mesh 1201/1230 | Building BVH
Fra:1 Mem:616.24M (Peak 616.39M) | Time:00:02.26 | Mem:266.98M, Peak:278.24M | Scene, ViewLayer | Updating Geometry BVH A_living_dining_balcony_sofa_01_pillow_brick_mesh 1200/1230 | Building BVH
Fra:1 Mem:616.24M (Peak 616.39M) | Time:00:02.26 | Mem:267.00M, Peak:278.24M | Scene, ViewLayer | Updating Geometry BVH A_living_dining_balcony_sofa_01_pillow_olive_mesh 1199/1230 | Building BVH
Fra:1 Mem:616.24M (Peak 616.39M) | Time:00:02.26 | Mem:267.01M, Peak:278.24M | Scene, ViewLayer | Updating Geometry BVH A_living_dining_balcony_sofa_01_arm1_mesh 1198/1230 | Building BVH
Fra:1 Mem:616.24M (Peak 616.39M) | Time:00:02.27 | Mem:267.03M, Peak:278.24M | Scene, ViewLayer | Updating Geometry BVH A_living_dining_balcony_sofa_01_arm0_mesh 1197/1230 | Building BVH
Fra:1 Mem:616.24M (Peak 616.39M) | Time:00:02.27 | Mem:267.04M, Peak:278.24M | Scene, ViewLayer | Updating Geometry BVH A_living_dining_balcony_sofa_01_seat2_mesh 1196/1230 | Building BVH
Fra:1 Mem:616.24M (Peak 616.39M) | Time:00:02.27 | Mem:267.06M, Peak:278.24M | Scene, ViewLayer | Updating Geometry BVH A_living_dining_balcony_sofa_01_seat1_mesh 1195/1230 | Building BVH
Fra:1 Mem:616.24M (Peak 616.39M) | Time:00:02.27 | Mem:267.08M, Peak:278.24M | Scene, ViewLayer | Updating Geometry BVH A_living_dining_balcony_sofa_01_seat0_mesh 1194/1230 | Building BVH
Fra:1 Mem:616.24M (Peak 616.39M) | Time:00:02.27 | Mem:267.09M, Peak:278.24M | Scene, ViewLayer | Updating Geometry BVH A_living_dining_balcony_sofa_01_back2_mesh 1193/1230 | Building BVH
Fra:1 Mem:616.24M (Peak 616.39M) | Time:00:02.27 | Mem:267.11M, Peak:278.24M | Scene, ViewLayer | Updating Geometry BVH A_living_dining_balcony_sofa_01_back1_mesh 1192/1230 | Building BVH
Fra:1 Mem:616.24M (Peak 616.39M) | Time:00:02.27 | Mem:267.12M, Peak:278.24M | Scene, ViewLayer | Updating Geometry BVH A_living_dining_balcony_sofa_01_back0_mesh 1191/1230 | Building BVH
Fra:1 Mem:616.24M (Peak 616.39M) | Time:00:02.27 | Mem:267.14M, Peak:278.24M | Scene, ViewLayer | Updating Geometry BVH A_living_dining_balcony_sofa_01_leg3_mesh 1190/1230 | Building BVH
Fra:1 Mem:616.24M (Peak 616.39M) | Time:00:02.27 | Mem:267.15M, Peak:278.24M | Scene, ViewLayer | Updating Geometry BVH A_living_dining_balcony_sofa_01_leg2_mesh 1189/1230 | Building BVH
Fra:1 Mem:616.24M (Peak 616.39M) | Time:00:02.27 | Mem:267.16M, Peak:278.24M | Scene, ViewLayer | Updating Geometry BVH A_living_dining_balcony_sofa_01_leg1_mesh 1188/1230 | Building BVH
Fra:1 Mem:616.24M (Peak 616.39M) | Time:00:02.27 | Mem:267.17M, Peak:278.24M | Scene, ViewLayer | Updating Geometry BVH A_living_dining_balcony_sofa_01_leg0_mesh 1187/1230 | Building BVH
Fra:1 Mem:616.24M (Peak 616.39M) | Time:00:02.27 | Mem:267.17M, Peak:278.24M | Scene, ViewLayer | Updating Geometry BVH A_living_dining_balcony_sofa_01_base_mesh 1186/1230 | Building BVH
Fra:1 Mem:616.24M (Peak 616.39M) | Time:00:02.27 | Mem:267.18M, Peak:278.24M | Scene, ViewLayer | Updating Geometry BVH A_living_dining_balcony_dining_chair_05_armf1_mesh 1185/1230 | Building BVH
Fra:1 Mem:616.24M (Peak 616.39M) | Time:00:02.28 | Mem:267.20M, Peak:278.24M | Scene, ViewLayer | Updating Geometry BVH A_living_dining_balcony_dining_chair_05_arm1_mesh 1184/1230 | Building BVH
Fra:1 Mem:616.24M (Peak 616.39M) | Time:00:02.28 | Mem:267.22M, Peak:278.24M | Scene, ViewLayer | Updating Geometry BVH A_living_dining_balcony_dining_chair_05_armf0_mesh 1183/1230 | Building BVH
Fra:1 Mem:616.24M (Peak 616.39M) | Time:00:02.28 | Mem:267.23M, Peak:278.24M | Scene, ViewLayer | Updating Geometry BVH A_living_dining_balcony_dining_chair_05_arm0_mesh 1182/1230 | Building BVH
Fra:1 Mem:616.24M (Peak 616.39M) | Time:00:02.28 | Mem:267.25M, Peak:278.24M | Scene, ViewLayer | Updating Geometry BVH A_living_dining_balcony_dining_chair_05_legt3_mesh 1181/1230 | Building BVH
Fra:1 Mem:616.24M (Peak 616.39M) | Time:00:02.28 | Mem:267.26M, Peak:278.24M | Scene, ViewLayer | Updating Geometry BVH A_living_dining_balcony_dining_chair_05_leg3_mesh 1180/1230 | Building BVH
Fra:1 Mem:616.24M (Peak 616.39M) | Time:00:02.28 | Mem:267.26M, Peak:278.24M | Scene, ViewLayer | Updating Geometry BVH A_living_dining_balcony_dining_chair_05_legt2_mesh 1179/1230 | Building BVH
Fra:1 Mem:616.24M (Peak 616.39M) | Time:00:02.28 | Mem:267.27M, Peak:278.24M | Scene, ViewLayer | Updating Geometry BVH A_living_dining_balcony_dining_chair_05_leg2_mesh 1178/1230 | Building BVH
Fra:1 Mem:616.24M (Peak 616.39M) | Time:00:02.28 | Mem:267.28M, Peak:278.24M | Scene, ViewLayer | Updating Geometry BVH A_living_dining_balcony_dining_chair_05_legt1_mesh 1177/1230 | Building BVH
Fra:1 Mem:616.24M (Peak 616.39M) | Time:00:02.28 | Mem:267.29M, Peak:278.24M | Scene, ViewLayer | Updating Geometry BVH A_living_dining_balcony_dining_chair_05_leg1_mesh 1176/1230 | Building BVH
Fra:1 Mem:616.24M (Peak 616.39M) | Time:00:02.28 | Mem:267.30M, Peak:278.24M | Scene, ViewLayer | Updating Geometry BVH A_living_dining_balcony_dining_chair_05_legt0_mesh 1175/1230 | Building BVH
Fra:1 Mem:616.24M (Peak 616.39M) | Time:00:02.28 | Mem:267.31M, Peak:278.24M | Scene, ViewLayer | Updating Geometry BVH A_living_dining_balcony_dining_chair_05_leg0_mesh 1174/1230 | Building BVH
Fra:1 Mem:616.24M (Peak 616.39M) | Time:00:02.28 | Mem:267.32M, Peak:278.24M | Scene, ViewLayer | Updating Geometry BVH A_living_dining_balcony_dining_chair_05_back_mesh 1173/1230 | Building BVH
Fra:1 Mem:616.24M (Peak 616.39M) | Time:00:02.29 | Mem:267.33M, Peak:278.24M | Scene, ViewLayer | Updating Geometry BVH A_living_dining_balcony_dining_chair_05_seat_mesh 1172/1230 | Building BVH
Fra:1 Mem:616.24M (Peak 616.39M) | Time:00:02.29 | Mem:267.35M, Peak:278.24M | Scene, ViewLayer | Updating Geometry BVH A_living_dining_balcony_dining_chair_04_armf1_mesh 1171/1230 | Building BVH
Fra:1 Mem:616.24M (Peak 616.39M) | Time:00:02.29 | Mem:267.37M, Peak:278.24M | Scene, ViewLayer | Updating Geometry BVH A_living_dining_balcony_dining_chair_04_arm1_mesh 1170/1230 | Building BVH
Fra:1 Mem:616.24M (Peak 616.39M) | Time:00:02.29 | Mem:267.38M, Peak:278.24M | Scene, ViewLayer | Updating Geometry BVH A_living_dining_balcony_dining_chair_04_armf0_mesh 1169/1230 | Building BVH
Fra:1 Mem:616.24M (Peak 616.39M) | Time:00:02.29 | Mem:267.40M, Peak:278.24M | Scene, ViewLayer | Updating Geometry BVH A_living_dining_balcony_dining_chair_04_arm0_mesh 1168/1230 | Building BVH
Fra:1 Mem:616.24M (Peak 616.39M) | Time:00:02.29 | Mem:267.41M, Peak:278.24M | Scene, ViewLayer | Updating Geometry BVH A_living_dining_balcony_dining_chair_04_legt3_mesh 1167/1230 | Building BVH
Fra:1 Mem:616.24M (Peak 616.39M) | Time:00:02.29 | Mem:267.42M, Peak:278.24M | Scene, ViewLayer | Updating Geometry BVH A_living_dining_balcony_dining_chair_04_leg3_mesh 1166/1230 | Building BVH
Fra:1 Mem:616.24M (Peak 616.39M) | Time:00:02.30 | Mem:267.43M, Peak:278.24M | Scene, ViewLayer | Updating Geometry BVH A_living_dining_balcony_dining_chair_04_legt2_mesh 1165/1230 | Building BVH
Fra:1 Mem:616.24M (Peak 616.39M) | Time:00:02.30 | Mem:267.44M, Peak:278.24M | Scene, ViewLayer | Updating Geometry BVH A_living_dining_balcony_dining_chair_04_leg2_mesh 1164/1230 | Building BVH
Fra:1 Mem:616.24M (Peak 616.39M) | Time:00:02.30 | Mem:267.45M, Peak:278.24M | Scene, ViewLayer | Updating Geometry BVH A_living_dining_balcony_dining_chair_04_legt1_mesh 1163/1230 | Building BVH
Fra:1 Mem:616.24M (Peak 616.39M) | Time:00:02.30 | Mem:267.46M, Peak:278.24M | Scene, ViewLayer | Updating Geometry BVH win_W01_0mul1_mesh 168/1230 | Building BVH
Fra:1 Mem:616.24M (Peak 616.39M) | Time:00:02.30 | Mem:267.46M, Peak:278.24M | Scene, ViewLayer | Updating Geometry BVH win_W02_0top_mesh 171/1230 | Building BVH
Fra:1 Mem:616.24M (Peak 616.39M) | Time:00:02.30 | Mem:267.46M, Peak:278.24M | Scene, ViewLayer | Updating Geometry BVH win_W06_0glass_mesh 185/1230 | Building BVH
Fra:1 Mem:616.24M (Peak 616.39M) | Time:00:02.30 | Mem:267.46M, Peak:278.24M | Scene, ViewLayer | Updating Geometry BVH win_W10_0top_mesh 187/1230 | Building BVH
Fra:1 Mem:616.24M (Peak 616.39M) | Time:00:02.30 | Mem:267.63M, Peak:278.24M | Scene, ViewLayer | Updating Geometry BVH A_living_dining_balcony_dining_chair_04_leg1_mesh 1162/1230 | Building BVH
Fra:1 Mem:616.24M (Peak 616.39M) | Time:00:02.30 | Mem:267.65M, Peak:278.24M | Scene, ViewLayer | Updating Geometry BVH win_W10_0lft_mesh 188/1230 | Building BVH
Fra:1 Mem:616.24M (Peak 616.39M) | Time:00:02.30 | Mem:267.65M, Peak:278.24M | Scene, ViewLayer | Updating Geometry BVH win_W10_0rgt_mesh 189/1230 | Building BVH
Fra:1 Mem:616.24M (Peak 616.39M) | Time:00:02.30 | Mem:267.65M, Peak:278.24M | Scene, ViewLayer | Updating Geometry BVH win_W10_0glass_mesh 190/1230 | Building BVH
Fra:1 Mem:616.24M (Peak 616.39M) | Time:00:02.30 | Mem:267.65M, Peak:278.24M | Scene, ViewLayer | Updating Geometry BVH win_W18_0bot_mesh 191/1230 | Building BVH
Fra:1 Mem:616.24M (Peak 616.39M) | Time:00:02.30 | Mem:267.65M, Peak:278.24M | Scene, ViewLayer | Updating Geometry BVH win_W18_0top_mesh 192/1230 | Building BVH
Fra:1 Mem:616.24M (Peak 616.39M) | Time:00:02.30 | Mem:267.67M, Peak:278.24M | Scene, ViewLayer | Updating Geometry BVH win_W18_0lft_mesh 193/1230 | Building BVH
Fra:1 Mem:616.24M (Peak 616.39M) | Time:00:02.30 | Mem:267.69M, Peak:278.24M | Scene, ViewLayer | Updating Geometry BVH win_W18_0rgt_mesh 194/1230 | Building BVH
Fra:1 Mem:616.24M (Peak 616.39M) | Time:00:02.30 | Mem:267.71M, Peak:278.24M | Scene, ViewLayer | Updating Geometry BVH win_W18_0mul1_mesh 195/1230 | Building BVH
Fra:1 Mem:616.24M (Peak 616.39M) | Time:00:02.30 | Mem:267.71M, Peak:278.24M | Scene, ViewLayer | Updating Geometry BVH win_W18_0mul2_mesh 196/1230 | Building BVH
Fra:1 Mem:616.24M (Peak 616.39M) | Time:00:02.30 | Mem:267.71M, Peak:278.24M | Scene, ViewLayer | Updating Geometry BVH win_W18_0mul3_mesh 197/1230 | Building BVH
Fra:1 Mem:616.24M (Peak 616.39M) | Time:00:02.30 | Mem:267.72M, Peak:278.24M | Scene, ViewLayer | Updating Geometry BVH win_W18_0glass_mesh 198/1230 | Building BVH
Fra:1 Mem:616.24M (Peak 616.39M) | Time:00:02.30 | Mem:267.74M, Peak:278.24M | Scene, ViewLayer | Updating Geometry BVH win_W23_0bot_mesh 199/1230 | Building BVH
Fra:1 Mem:616.24M (Peak 616.39M) | Time:00:02.30 | Mem:267.75M, Peak:278.24M | Scene, ViewLayer | Updating Geometry BVH A_living_dining_balcony_dining_chair_04_legt0_mesh 1161/1230 | Building BVH
Fra:1 Mem:616.24M (Peak 616.39M) | Time:00:02.30 | Mem:267.75M, Peak:278.24M | Scene, ViewLayer | Updating Geometry BVH win_W23_0top_mesh 200/1230 | Building BVH
Fra:1 Mem:616.24M (Peak 616.39M) | Time:00:02.30 | Mem:267.75M, Peak:278.24M | Scene, ViewLayer | Updating Geometry BVH win_W23_0rgt_mesh 202/1230 | Building BVH
Fra:1 Mem:616.24M (Peak 616.39M) | Time:00:02.30 | Mem:267.75M, Peak:278.24M | Scene, ViewLayer | Updating Geometry BVH win_W23_0lft_mesh 201/1230 | Building BVH
Fra:1 Mem:616.24M (Peak 616.39M) | Time:00:02.30 | Mem:267.76M, Peak:278.24M | Scene, ViewLayer | Updating Geometry BVH win_W23_0mul1_mesh 203/1230 | Building BVH
Fra:1 Mem:616.24M (Peak 616.39M) | Time:00:02.30 | Mem:253.64M, Peak:278.24M | Scene, ViewLayer | Updating Geometry BVH win_W23_0glass_mesh 204/1230 | Building BVH
Fra:1 Mem:616.24M (Peak 616.39M) | Time:00:02.30 | Mem:253.64M, Peak:278.24M | Scene, ViewLayer | Updating Geometry BVH door_W07_0jlfto_mesh 205/1230 | Building BVH
Fra:1 Mem:616.24M (Peak 616.39M) | Time:00:02.30 | Mem:253.66M, Peak:278.24M | Scene, ViewLayer | Updating Geometry BVH door_W07_0jlfti_mesh 206/1230 | Building BVH
Fra:1 Mem:616.24M (Peak 616.39M) | Time:00:02.30 | Mem:253.66M, Peak:278.24M | Scene, ViewLayer | Updating Geometry BVH door_W07_0jrgto_mesh 207/1230 | Building BVH
Fra:1 Mem:616.24M (Peak 616.39M) | Time:00:02.30 | Mem:253.66M, Peak:278.24M | Scene, ViewLayer | Updating Geometry BVH door_W07_0jtopo_mesh 209/1230 | Building BVH
Fra:1 Mem:616.24M (Peak 616.39M) | Time:00:02.30 | Mem:253.66M, Peak:278.24M | Scene, ViewLayer | Updating Geometry BVH door_W07_0jtopi_mesh 210/1230 | Building BVH
Fra:1 Mem:616.24M (Peak 616.39M) | Time:00:02.30 | Mem:253.68M, Peak:278.24M | Scene, ViewLayer | Updating Geometry BVH door_W07_0hdl_mesh 212/1230 | Building BVH
Fra:1 Mem:616.24M (Peak 616.39M) | Time:00:02.30 | Mem:253.71M, Peak:278.24M | Scene, ViewLayer | Updating Geometry BVH door_W08_0jlfto_mesh 213/1230 | Building BVH
Fra:1 Mem:616.24M (Peak 616.39M) | Time:00:02.30 | Mem:253.73M, Peak:278.24M | Scene, ViewLayer | Updating Geometry BVH door_W08_0jlfti_mesh 214/1230 | Building BVH
Fra:1 Mem:616.24M (Peak 616.39M) | Time:00:02.30 | Mem:253.75M, Peak:278.24M | Scene, ViewLayer | Updating Geometry BVH door_W08_0jrgto_mesh 215/1230 | Building BVH
Fra:1 Mem:616.24M (Peak 616.39M) | Time:00:02.30 | Mem:253.75M, Peak:278.24M | Scene, ViewLayer | Updating Geometry BVH door_W08_0jtopo_mesh 217/1230 | Building BVH
Fra:1 Mem:616.24M (Peak 616.39M) | Time:00:02.30 | Mem:253.75M, Peak:278.24M | Scene, ViewLayer | Updating Geometry BVH door_W08_0jtopi_mesh 218/1230 | Building BVH
Fra:1 Mem:616.24M (Peak 616.39M) | Time:00:02.30 | Mem:253.75M, Peak:278.24M | Scene, ViewLayer | Updating Geometry BVH door_W08_0lft_mesh 219/1230 | Building BVH
Fra:1 Mem:616.24M (Peak 616.39M) | Time:00:02.30 | Mem:253.75M, Peak:278.24M | Scene, ViewLayer | Updating Geometry BVH door_W08_0top_mesh 221/1230 | Building BVH
Fra:1 Mem:616.24M (Peak 616.39M) | Time:00:02.30 | Mem:253.75M, Peak:278.24M | Scene, ViewLayer | Updating Geometry BVH door_W08_0bot_mesh 222/1230 | Building BVH
Fra:1 Mem:616.24M (Peak 616.39M) | Time:00:02.30 | Mem:253.77M, Peak:278.24M | Scene, ViewLayer | Updating Geometry BVH door_W08_0fglass_mesh 223/1230 | Building BVH
Fra:1 Mem:616.24M (Peak 616.39M) | Time:00:02.30 | Mem:253.81M, Peak:278.24M | Scene, ViewLayer | Updating Geometry BVH door_W08_0hdl_mesh 224/1230 | Building BVH
Fra:1 Mem:616.24M (Peak 616.39M) | Time:00:02.30 | Mem:253.82M, Peak:278.24M | Scene, ViewLayer | Updating Geometry BVH A_living_dining_balcony_dining_chair_04_leg0_mesh 1160/1230 | Building BVH
Fra:1 Mem:616.24M (Peak 616.39M) | Time:00:02.30 | Mem:253.83M, Peak:278.24M | Scene, ViewLayer | Updating Geometry BVH door_W13_0jlfti_mesh 226/1230 | Building BVH
Fra:1 Mem:616.24M (Peak 616.39M) | Time:00:02.30 | Mem:253.83M, Peak:278.24M | Scene, ViewLayer | Updating Geometry BVH door_W13_0jrgto_mesh 227/1230 | Building BVH
Fra:1 Mem:616.24M (Peak 616.39M) | Time:00:02.30 | Mem:253.83M, Peak:278.24M | Scene, ViewLayer | Updating Geometry BVH door_W13_0jrgti_mesh 228/1230 | Building BVH
Fra:1 Mem:616.24M (Peak 616.39M) | Time:00:02.30 | Mem:253.83M, Peak:278.24M | Scene, ViewLayer | Updating Geometry BVH door_W13_0jtopo_mesh 229/1230 | Building BVH
Fra:1 Mem:616.24M (Peak 616.39M) | Time:00:02.30 | Mem:253.88M, Peak:278.24M | Scene, ViewLayer | Updating Geometry BVH door_W13_0jtopi_mesh 230/1230 | Building BVH
Fra:1 Mem:616.24M (Peak 616.39M) | Time:00:02.30 | Mem:253.88M, Peak:278.24M | Scene, ViewLayer | Updating Geometry BVH door_W13_0leaf_mesh 231/1230 | Building BVH
Fra:1 Mem:616.24M (Peak 616.39M) | Time:00:02.30 | Mem:253.88M, Peak:278.24M | Scene, ViewLayer | Updating Geometry BVH door_W13_0hdl_mesh 232/1230 | Building BVH
Fra:1 Mem:616.24M (Peak 616.39M) | Time:00:02.30 | Mem:253.91M, Peak:278.24M | Scene, ViewLayer | Updating Geometry BVH door_W14_0jlfto_mesh 233/1230 | Building BVH
Fra:1 Mem:616.24M (Peak 616.39M) | Time:00:02.30 | Mem:253.92M, Peak:278.24M | Scene, ViewLayer | Updating Geometry BVH door_W14_0jlfti_mesh 234/1230 | Building BVH
Fra:1 Mem:616.24M (Peak 616.39M) | Time:00:02.30 | Mem:253.93M, Peak:278.24M | Scene, ViewLayer | Updating Geometry BVH door_W14_0jrgto_mesh 235/1230 | Building BVH
Fra:1 Mem:616.24M (Peak 616.39M) | Time:00:02.30 | Mem:253.94M, Peak:278.24M | Scene, ViewLayer | Updating Geometry BVH door_W14_0jrgti_mesh 236/1230 | Building BVH
Fra:1 Mem:616.24M (Peak 616.39M) | Time:00:02.30 | Mem:253.94M, Peak:278.24M | Scene, ViewLayer | Updating Geometry BVH door_W14_0jtopo_mesh 237/1230 | Building BVH
Fra:1 Mem:616.24M (Peak 616.39M) | Time:00:02.30 | Mem:253.94M, Peak:278.24M | Scene, ViewLayer | Updating Geometry BVH door_W14_0jtopi_mesh 238/1230 | Building BVH
Fra:1 Mem:616.24M (Peak 616.39M) | Time:00:02.30 | Mem:253.95M, Peak:278.24M | Scene, ViewLayer | Updating Geometry BVH door_W14_0leaf_mesh 239/1230 | Building BVH
Fra:1 Mem:616.24M (Peak 616.39M) | Time:00:02.30 | Mem:253.96M, Peak:278.24M | Scene, ViewLayer | Updating Geometry BVH door_W14_0hdl_mesh 240/1230 | Building BVH
Fra:1 Mem:616.24M (Peak 616.39M) | Time:00:02.30 | Mem:254.00M, Peak:278.24M | Scene, ViewLayer | Updating Geometry BVH door_W14_1jlfto_mesh 241/1230 | Building BVH
Fra:1 Mem:616.24M (Peak 616.39M) | Time:00:02.30 | Mem:253.99M, Peak:278.24M | Scene, ViewLayer | Updating Geometry BVH door_W14_1jlfti_mesh 242/1230 | Building BVH
Fra:1 Mem:616.24M (Peak 616.39M) | Time:00:02.30 | Mem:253.99M, Peak:278.24M | Scene, ViewLayer | Updating Geometry BVH door_W14_1jrgto_mesh 243/1230 | Building BVH
Fra:1 Mem:616.24M (Peak 616.39M) | Time:00:02.30 | Mem:254.00M, Peak:278.24M | Scene, ViewLayer | Updating Geometry BVH door_W14_1jrgti_mesh 244/1230 | Building BVH
Fra:1 Mem:616.24M (Peak 616.39M) | Time:00:02.30 | Mem:254.02M, Peak:278.24M | Scene, ViewLayer | Updating Geometry BVH door_W14_1jtopo_mesh 245/1230 | Building BVH
Fra:1 Mem:616.24M (Peak 616.39M) | Time:00:02.30 | Mem:254.03M, Peak:278.24M | Scene, ViewLayer | Updating Geometry BVH door_W14_1jtopi_mesh 246/1230 | Building BVH
Fra:1 Mem:616.24M (Peak 616.39M) | Time:00:02.31 | Mem:254.03M, Peak:278.24M | Scene, ViewLayer | Updating Geometry BVH door_W14_1lft_mesh 247/1230 | Building BVH
Fra:1 Mem:616.24M (Peak 616.39M) | Time:00:02.31 | Mem:254.04M, Peak:278.24M | Scene, ViewLayer | Updating Geometry BVH door_W14_1rgt_mesh 248/1230 | Building BVH
Fra:1 Mem:616.24M (Peak 616.39M) | Time:00:02.31 | Mem:254.05M, Peak:278.24M | Scene, ViewLayer | Updating Geometry BVH A_living_dining_balcony_dining_chair_04_back_mesh 1159/1230 | Building BVH
Fra:1 Mem:616.24M (Peak 616.39M) | Time:00:02.31 | Mem:254.06M, Peak:278.24M | Scene, ViewLayer | Updating Geometry BVH door_W14_1top_mesh 249/1230 | Building BVH
Fra:1 Mem:616.24M (Peak 616.39M) | Time:00:02.31 | Mem:254.07M, Peak:278.24M | Scene, ViewLayer | Updating Geometry BVH door_W14_1bot_mesh 250/1230 | Building BVH
Fra:1 Mem:616.24M (Peak 616.39M) | Time:00:02.31 | Mem:254.08M, Peak:278.24M | Scene, ViewLayer | Updating Geometry BVH door_W14_1fglass_mesh 251/1230 | Building BVH
Fra:1 Mem:616.24M (Peak 616.39M) | Time:00:02.31 | Mem:254.10M, Peak:278.24M | Scene, ViewLayer | Updating Geometry BVH door_W14_1hdl_mesh 252/1230 | Building BVH
Fra:1 Mem:616.24M (Peak 616.39M) | Time:00:02.31 | Mem:254.11M, Peak:278.24M | Scene, ViewLayer | Updating Geometry BVH door_W15_0_bot_mesh 253/1230 | Building BVH
Fra:1 Mem:616.24M (Peak 616.39M) | Time:00:02.31 | Mem:254.11M, Peak:278.24M | Scene, ViewLayer | Updating Geometry BVH door_W15_0_lft_mesh 255/1230 | Building BVH
Fra:1 Mem:616.24M (Peak 616.39M) | Time:00:02.31 | Mem:254.15M, Peak:278.24M | Scene, ViewLayer | Updating Geometry BVH door_W15_0_rgt_mesh 256/1230 | Building BVH
Fra:1 Mem:616.24M (Peak 616.39M) | Time:00:02.31 | Mem:254.15M, Peak:278.24M | Scene, ViewLayer | Updating Geometry BVH door_W15_0_glass_mesh 257/1230 | Building BVH
Fra:1 Mem:616.24M (Peak 616.39M) | Time:00:02.31 | Mem:254.15M, Peak:278.24M | Scene, ViewLayer | Updating Geometry BVH door_W15_1_bot_mesh 258/1230 | Building BVH
Fra:1 Mem:616.24M (Peak 616.39M) | Time:00:02.31 | Mem:254.15M, Peak:278.24M | Scene, ViewLayer | Updating Geometry BVH door_W15_1_top_mesh 259/1230 | Building BVH
Fra:1 Mem:616.24M (Peak 616.39M) | Time:00:02.31 | Mem:254.15M, Peak:278.24M | Scene, ViewLayer | Updating Geometry BVH door_W15_1_lft_mesh 260/1230 | Building BVH
Fra:1 Mem:616.24M (Peak 616.39M) | Time:00:02.31 | Mem:254.15M, Peak:278.24M | Scene, ViewLayer | Updating Geometry BVH door_W15_1_rgt_mesh 261/1230 | Building BVH
Fra:1 Mem:616.24M (Peak 616.39M) | Time:00:02.31 | Mem:254.15M, Peak:278.24M | Scene, ViewLayer | Updating Geometry BVH door_W15_1_glass_mesh 262/1230 | Building BVH
Fra:1 Mem:616.24M (Peak 616.39M) | Time:00:02.31 | Mem:254.16M, Peak:278.24M | Scene, ViewLayer | Updating Geometry BVH door_W17_0_top_mesh 264/1230 | Building BVH
Fra:1 Mem:616.24M (Peak 616.39M) | Time:00:02.31 | Mem:254.17M, Peak:278.24M | Scene, ViewLayer | Updating Geometry BVH door_W17_0_bot_mesh 263/1230 | Building BVH
Fra:1 Mem:616.24M (Peak 616.39M) | Time:00:02.31 | Mem:254.23M, Peak:278.24M | Scene, ViewLayer | Updating Geometry BVH door_W17_0_lft_mesh 265/1230 | Building BVH
Fra:1 Mem:616.24M (Peak 616.39M) | Time:00:02.31 | Mem:254.23M, Peak:278.24M | Scene, ViewLayer | Updating Geometry BVH door_W17_0_rgt_mesh 266/1230 | Building BVH
Fra:1 Mem:616.25M (Peak 616.39M) | Time:00:02.31 | Mem:254.24M, Peak:278.24M | Scene, ViewLayer | Updating Geometry BVH door_W17_0_glass_mesh 267/1230 | Building BVH
Fra:1 Mem:616.25M (Peak 616.39M) | Time:00:02.31 | Mem:254.24M, Peak:278.24M | Scene, ViewLayer | Updating Geometry BVH door_W17_1_bot_mesh 268/1230 | Building BVH
Fra:1 Mem:616.25M (Peak 616.39M) | Time:00:02.31 | Mem:254.25M, Peak:278.24M | Scene, ViewLayer | Updating Geometry BVH door_W17_1_top_mesh 269/1230 | Building BVH
Fra:1 Mem:616.25M (Peak 616.39M) | Time:00:02.31 | Mem:254.26M, Peak:278.24M | Scene, ViewLayer | Updating Geometry BVH door_W17_1_lft_mesh 270/1230 | Building BVH
Fra:1 Mem:616.25M (Peak 616.39M) | Time:00:02.31 | Mem:254.26M, Peak:278.24M | Scene, ViewLayer | Updating Geometry BVH door_W17_1_rgt_mesh 271/1230 | Building BVH
Fra:1 Mem:616.25M (Peak 616.39M) | Time:00:02.31 | Mem:254.26M, Peak:278.24M | Scene, ViewLayer | Updating Geometry BVH door_W17_1_glass_mesh 272/1230 | Building BVH
Fra:1 Mem:616.25M (Peak 616.39M) | Time:00:02.31 | Mem:254.26M, Peak:278.24M | Scene, ViewLayer | Updating Geometry BVH door_W17_2_bot_mesh 273/1230 | Building BVH
Fra:1 Mem:616.25M (Peak 616.39M) | Time:00:02.31 | Mem:254.29M, Peak:278.24M | Scene, ViewLayer | Updating Geometry BVH door_W17_2_top_mesh 274/1230 | Building BVH
Fra:1 Mem:616.25M (Peak 616.39M) | Time:00:02.31 | Mem:254.29M, Peak:278.24M | Scene, ViewLayer | Updating Geometry BVH door_W17_2_rgt_mesh 276/1230 | Building BVH
Fra:1 Mem:616.25M (Peak 616.39M) | Time:00:02.31 | Mem:254.31M, Peak:278.24M | Scene, ViewLayer | Updating Geometry BVH door_W17_2_glass_mesh 277/1230 | Building BVH
Fra:1 Mem:616.25M (Peak 616.39M) | Time:00:02.31 | Mem:254.31M, Peak:278.24M | Scene, ViewLayer | Updating Geometry BVH door_W19_0jlfto_mesh 278/1230 | Building BVH
Fra:1 Mem:616.25M (Peak 616.39M) | Time:00:02.31 | Mem:254.35M, Peak:278.24M | Scene, ViewLayer | Updating Geometry BVH door_W19_0jlfti_mesh 279/1230 | Building BVH
Fra:1 Mem:616.25M (Peak 616.39M) | Time:00:02.31 | Mem:254.36M, Peak:278.24M | Scene, ViewLayer | Updating Geometry BVH door_W19_0jrgto_mesh 280/1230 | Building BVH
Fra:1 Mem:616.25M (Peak 616.39M) | Time:00:02.31 | Mem:254.36M, Peak:278.24M | Scene, ViewLayer | Updating Geometry BVH door_W19_0jrgti_mesh 281/1230 | Building BVH
Fra:1 Mem:616.25M (Peak 616.39M) | Time:00:02.31 | Mem:254.36M, Peak:278.24M | Scene, ViewLayer | Updating Geometry BVH door_W19_0jtopo_mesh 282/1230 | Building BVH
Fra:1 Mem:616.25M (Peak 616.39M) | Time:00:02.31 | Mem:254.37M, Peak:278.24M | Scene, ViewLayer | Updating Geometry BVH A_living_dining_balcony_dining_chair_04_seat_mesh 1158/1230 | Building BVH
Fra:1 Mem:616.25M (Peak 616.39M) | Time:00:02.31 | Mem:254.37M, Peak:278.24M | Scene, ViewLayer | Updating Geometry BVH door_W19_0jtopi_mesh 283/1230 | Building BVH
Fra:1 Mem:616.25M (Peak 616.39M) | Time:00:02.31 | Mem:254.38M, Peak:278.24M | Scene, ViewLayer | Updating Geometry BVH door_W19_0leaf_mesh 284/1230 | Building BVH
Fra:1 Mem:616.25M (Peak 616.39M) | Time:00:02.31 | Mem:254.39M, Peak:278.24M | Scene, ViewLayer | Updating Geometry BVH door_W19_0hdl_mesh 285/1230 | Building BVH
Fra:1 Mem:616.25M (Peak 616.39M) | Time:00:02.31 | Mem:254.41M, Peak:278.24M | Scene, ViewLayer | Updating Geometry BVH door_W27_0jlfto_mesh 286/1230 | Building BVH
Fra:1 Mem:616.25M (Peak 616.39M) | Time:00:02.31 | Mem:254.42M, Peak:278.24M | Scene, ViewLayer | Updating Geometry BVH door_W27_0jlfti_mesh 287/1230 | Building BVH
Fra:1 Mem:616.25M (Peak 616.39M) | Time:00:02.31 | Mem:254.45M, Peak:278.24M | Scene, ViewLayer | Updating Geometry BVH door_W27_0jrgto_mesh 288/1230 | Building BVH
Fra:1 Mem:616.25M (Peak 616.39M) | Time:00:02.31 | Mem:254.45M, Peak:278.24M | Scene, ViewLayer | Updating Geometry BVH door_W27_0jrgti_mesh 289/1230 | Building BVH
Fra:1 Mem:616.25M (Peak 616.39M) | Time:00:02.31 | Mem:254.45M, Peak:278.24M | Scene, ViewLayer | Updating Geometry BVH door_W27_0jtopo_mesh 290/1230 | Building BVH
Fra:1 Mem:616.25M (Peak 616.39M) | Time:00:02.31 | Mem:254.48M, Peak:278.24M | Scene, ViewLayer | Updating Geometry BVH door_W27_0jtopi_mesh 291/1230 | Building BVH
Fra:1 Mem:616.25M (Peak 616.39M) | Time:00:02.31 | Mem:254.48M, Peak:278.24M | Scene, ViewLayer | Updating Geometry BVH door_W27_0leaf_mesh 292/1230 | Building BVH
Fra:1 Mem:616.25M (Peak 616.39M) | Time:00:02.31 | Mem:254.48M, Peak:278.24M | Scene, ViewLayer | Updating Geometry BVH door_W27_0hdl_mesh 293/1230 | Building BVH
Fra:1 Mem:616.25M (Peak 616.39M) | Time:00:02.31 | Mem:254.49M, Peak:278.24M | Scene, ViewLayer | Updating Geometry BVH bay_platform_mesh 294/1230 | Building BVH
Fra:1 Mem:616.25M (Peak 616.39M) | Time:00:02.31 | Mem:254.50M, Peak:278.24M | Scene, ViewLayer | Updating Geometry BVH rail_ter_S_p0_mesh 295/1230 | Building BVH
Fra:1 Mem:616.25M (Peak 616.39M) | Time:00:02.31 | Mem:254.51M, Peak:278.24M | Scene, ViewLayer | Updating Geometry BVH rail_ter_S_p1_mesh 296/1230 | Building BVH
Fra:1 Mem:616.25M (Peak 616.39M) | Time:00:02.31 | Mem:254.52M, Peak:278.24M | Scene, ViewLayer | Updating Geometry BVH A_living_dining_balcony_dining_chair_03_armf1_mesh 1157/1230 | Building BVH
Fra:1 Mem:616.25M (Peak 616.39M) | Time:00:02.31 | Mem:254.52M, Peak:278.24M | Scene, ViewLayer | Updating Geometry BVH rail_ter_S_p2_mesh 297/1230 | Building BVH
Fra:1 Mem:616.25M (Peak 616.39M) | Time:00:02.31 | Mem:254.54M, Peak:278.24M | Scene, ViewLayer | Updating Geometry BVH rail_ter_S_p3_mesh 298/1230 | Building BVH
Fra:1 Mem:616.25M (Peak 616.39M) | Time:00:02.31 | Mem:254.55M, Peak:278.24M | Scene, ViewLayer | Updating Geometry BVH rail_ter_S_top_mesh 299/1230 | Building BVH
Fra:1 Mem:616.25M (Peak 616.39M) | Time:00:02.31 | Mem:254.56M, Peak:278.24M | Scene, ViewLayer | Updating Geometry BVH rail_ter_S_glass_mesh 300/1230 | Building BVH
Fra:1 Mem:616.25M (Peak 616.39M) | Time:00:02.31 | Mem:254.56M, Peak:278.24M | Scene, ViewLayer | Updating Geometry BVH rail_ter_E_p0_mesh 301/1230 | Building BVH
Fra:1 Mem:616.25M (Peak 616.39M) | Time:00:02.31 | Mem:254.57M, Peak:278.24M | Scene, ViewLayer | Updating Geometry BVH rail_ter_E_p2_mesh 303/1230 | Building BVH
Fra:1 Mem:616.25M (Peak 616.39M) | Time:00:02.31 | Mem:254.58M, Peak:278.24M | Scene, ViewLayer | Updating Geometry BVH rail_ter_E_top_mesh 304/1230 | Building BVH
Fra:1 Mem:616.25M (Peak 616.39M) | Time:00:02.31 | Mem:254.58M, Peak:278.24M | Scene, ViewLayer | Updating Geometry BVH rail_ter_E_glass_mesh 305/1230 | Building BVH
Fra:1 Mem:616.25M (Peak 616.39M) | Time:00:02.31 | Mem:254.58M, Peak:278.24M | Scene, ViewLayer | Updating Geometry BVH rail_ter_W_p0_mesh 306/1230 | Building BVH
Fra:1 Mem:616.25M (Peak 616.39M) | Time:00:02.31 | Mem:254.59M, Peak:278.24M | Scene, ViewLayer | Updating Geometry BVH rail_ter_W_p1_mesh 307/1230 | Building BVH
Fra:1 Mem:616.25M (Peak 616.39M) | Time:00:02.31 | Mem:254.61M, Peak:278.24M | Scene, ViewLayer | Updating Geometry BVH rail_ter_W_top_mesh 308/1230 | Building BVH
Fra:1 Mem:616.25M (Peak 616.39M) | Time:00:02.31 | Mem:254.65M, Peak:278.24M | Scene, ViewLayer | Updating Geometry BVH rail_ter_W_glass_mesh 309/1230 | Building BVH
Fra:1 Mem:616.25M (Peak 616.39M) | Time:00:02.31 | Mem:254.65M, Peak:278.24M | Scene, ViewLayer | Updating Geometry BVH common_kitchen_dishwasher_01_body_mesh 310/1230 | Building BVH
Fra:1 Mem:616.25M (Peak 616.39M) | Time:00:02.31 | Mem:254.65M, Peak:278.24M | Scene, ViewLayer | Updating Geometry BVH common_kitchen_dishwasher_01_top_L_mesh 311/1230 | Building BVH
Fra:1 Mem:616.25M (Peak 616.39M) | Time:00:02.31 | Mem:254.66M, Peak:278.24M | Scene, ViewLayer | Updating Geometry BVH common_kitchen_dishwasher_01_top_R_mesh 312/1230 | Building BVH
Fra:1 Mem:616.25M (Peak 616.39M) | Time:00:02.31 | Mem:254.71M, Peak:278.24M | Scene, ViewLayer | Updating Geometry BVH common_kitchen_dishwasher_01_top_B_mesh 313/1230 | Building BVH
Fra:1 Mem:616.25M (Peak 616.39M) | Time:00:02.31 | Mem:254.71M, Peak:278.24M | Scene, ViewLayer | Updating Geometry BVH common_kitchen_dishwasher_01_top_F_mesh 314/1230 | Building BVH
Fra:1 Mem:616.25M (Peak 616.39M) | Time:00:02.31 | Mem:254.72M, Peak:278.24M | Scene, ViewLayer | Updating Geometry BVH common_kitchen_dishwasher_01_drwW_gapbg_mesh 315/1230 | Building BVH
Fra:1 Mem:616.25M (Peak 616.39M) | Time:00:02.31 | Mem:254.74M, Peak:278.24M | Scene, ViewLayer | Updating Geometry BVH common_kitchen_dishwasher_01_drwW_f0_mesh 316/1230 | Building BVH
Fra:1 Mem:616.25M (Peak 616.39M) | Time:00:02.31 | Mem:254.74M, Peak:278.24M | Scene, ViewLayer | Updating Geometry BVH A_living_dining_balcony_dining_chair_03_arm1_mesh 1156/1230 | Building BVH
Fra:1 Mem:616.25M (Peak 616.39M) | Time:00:02.31 | Mem:254.74M, Peak:278.24M | Scene, ViewLayer | Updating Geometry BVH common_kitchen_dishwasher_01_drwW_p0_mesh 317/1230 | Building BVH
Fra:1 Mem:616.25M (Peak 616.39M) | Time:00:02.31 | Mem:254.76M, Peak:278.24M | Scene, ViewLayer | Updating Geometry BVH common_kitchen_dishwasher_01_drw_gapbg_mesh 318/1230 | Building BVH
Fra:1 Mem:616.25M (Peak 616.39M) | Time:00:02.31 | Mem:254.77M, Peak:278.24M | Scene, ViewLayer | Updating Geometry BVH common_kitchen_dishwasher_01_drw_f0_mesh 319/1230 | Building BVH
Fra:1 Mem:616.25M (Peak 616.39M) | Time:00:02.31 | Mem:254.76M, Peak:278.24M | Scene, ViewLayer | Updating Geometry BVH common_kitchen_dishwasher_01_drw_p0_mesh 320/1230 | Building BVH
Fra:1 Mem:616.25M (Peak 616.39M) | Time:00:02.31 | Mem:254.83M, Peak:278.24M | Scene, ViewLayer | Updating Geometry BVH common_kitchen_dishwasher_01_drw_f1_mesh 321/1230 | Building BVH
Fra:1 Mem:616.25M (Peak 616.39M) | Time:00:02.31 | Mem:254.82M, Peak:278.24M | Scene, ViewLayer | Updating Geometry BVH common_kitchen_dishwasher_01_drw_p1_mesh 322/1230 | Building BVH
Fra:1 Mem:616.25M (Peak 616.39M) | Time:00:02.31 | Mem:254.82M, Peak:278.24M | Scene, ViewLayer | Updating Geometry BVH common_kitchen_dishwasher_01_drw_f2_mesh 323/1230 | Building BVH
Fra:1 Mem:616.25M (Peak 616.39M) | Time:00:02.31 | Mem:254.82M, Peak:278.24M | Scene, ViewLayer | Updating Geometry BVH common_kitchen_dishwasher_01_drw_p2_mesh 324/1230 | Building BVH
Fra:1 Mem:616.25M (Peak 616.39M) | Time:00:02.31 | Mem:254.82M, Peak:278.24M | Scene, ViewLayer | Updating Geometry BVH common_kitchen_dishwasher_01_drw_p3_mesh 326/1230 | Building BVH
Fra:1 Mem:616.25M (Peak 616.39M) | Time:00:02.31 | Mem:254.82M, Peak:278.24M | Scene, ViewLayer | Updating Geometry BVH common_kitchen_sink_01_basin_mesh 327/1230 | Building BVH
Fra:1 Mem:616.25M (Peak 616.39M) | Time:00:02.31 | Mem:254.82M, Peak:278.24M | Scene, ViewLayer | Updating Geometry BVH common_kitchen_sink_01_cav_mesh 328/1230 | Building BVH
Fra:1 Mem:616.25M (Peak 616.39M) | Time:00:02.31 | Mem:254.82M, Peak:278.24M | Scene, ViewLayer | Updating Geometry BVH common_kitchen_sink_01_tap_mesh 329/1230 | Building BVH
Fra:1 Mem:616.25M (Peak 616.39M) | Time:00:02.31 | Mem:254.84M, Peak:278.24M | Scene, ViewLayer | Updating Geometry BVH common_kitchen_sink_01_taparm_mesh 330/1230 | Building BVH
Fra:1 Mem:616.25M (Peak 616.39M) | Time:00:02.31 | Mem:254.84M, Peak:278.24M | Scene, ViewLayer | Updating Geometry BVH common_kitchen_sink_01_taptip_mesh 331/1230 | Building BVH
Fra:1 Mem:616.25M (Peak 616.39M) | Time:00:02.31 | Mem:254.86M, Peak:278.24M | Scene, ViewLayer | Updating Geometry BVH common_kitchen_dishwasher_02_panel_mesh 332/1230 | Building BVH
Fra:1 Mem:616.25M (Peak 616.39M) | Time:00:02.31 | Mem:254.94M, Peak:278.24M | Scene, ViewLayer | Updating Geometry BVH common_kitchen_dishwasher_02_pull_mesh 333/1230 | Building BVH
Fra:1 Mem:616.25M (Peak 616.39M) | Time:00:02.31 | Mem:254.96M, Peak:278.24M | Scene, ViewLayer | Updating Geometry BVH common_kitchen_kitchen_counter_01_drwS_gapbg_mesh 336/1230 | Building BVH
Fra:1 Mem:616.25M (Peak 616.39M) | Time:00:02.31 | Mem:254.96M, Peak:278.24M | Scene, ViewLayer | Updating Geometry BVH common_kitchen_kitchen_counter_01_drwS_f0_mesh 337/1230 | Building BVH
Fra:1 Mem:616.25M (Peak 616.39M) | Time:00:02.31 | Mem:254.96M, Peak:278.24M | Scene, ViewLayer | Updating Geometry BVH common_kitchen_kitchen_counter_01_drwS_p0_mesh 338/1230 | Building BVH
Fra:1 Mem:616.25M (Peak 616.39M) | Time:00:02.31 | Mem:254.98M, Peak:278.24M | Scene, ViewLayer | Updating Geometry BVH common_kitchen_kitchen_counter_01_drwH_gapbg_mesh 339/1230 | Building BVH
Fra:1 Mem:616.25M (Peak 616.39M) | Time:00:02.32 | Mem:255.03M, Peak:278.24M | Scene, ViewLayer | Updating Geometry BVH A_living_dining_balcony_dining_chair_03_armf0_mesh 1155/1230 | Building BVH
Fra:1 Mem:616.25M (Peak 616.39M) | Time:00:02.32 | Mem:255.02M, Peak:278.24M | Scene, ViewLayer | Updating Geometry BVH common_kitchen_kitchen_counter_01_drwH_d0_mesh 340/1230 | Building BVH
Fra:1 Mem:616.25M (Peak 616.39M) | Time:00:02.32 | Mem:255.02M, Peak:278.24M | Scene, ViewLayer | Updating Geometry BVH common_kitchen_kitchen_counter_01_drwH_slot0_mesh 341/1230 | Building BVH
Fra:1 Mem:616.25M (Peak 616.39M) | Time:00:02.32 | Mem:255.04M, Peak:278.24M | Scene, ViewLayer | Updating Geometry BVH common_kitchen_kitchen_counter_01_drwH_d1_mesh 342/1230 | Building BVH
Fra:1 Mem:616.25M (Peak 616.39M) | Time:00:02.32 | Mem:255.04M, Peak:278.24M | Scene, ViewLayer | Updating Geometry BVH common_kitchen_kitchen_counter_01_drwH_slot1_mesh 343/1230 | Building BVH
Fra:1 Mem:616.25M (Peak 616.39M) | Time:00:02.32 | Mem:255.06M, Peak:278.24M | Scene, ViewLayer | Updating Geometry BVH common_kitchen_kitchen_counter_01_drwH_d2_mesh 344/1230 | Building BVH
Fra:1 Mem:616.25M (Peak 616.39M) | Time:00:02.32 | Mem:255.06M, Peak:278.24M | Scene, ViewLayer | Updating Geometry BVH common_kitchen_kitchen_counter_01_drwH_slot2_mesh 345/1230 | Building BVH
Fra:1 Mem:616.25M (Peak 616.39M) | Time:00:02.32 | Mem:255.08M, Peak:278.24M | Scene, ViewLayer | Updating Geometry BVH common_kitchen_kitchen_counter_01_drwN_gapbg_mesh 346/1230 | Building BVH
Fra:1 Mem:616.25M (Peak 616.39M) | Time:00:02.32 | Mem:255.11M, Peak:278.24M | Scene, ViewLayer | Updating Geometry BVH common_kitchen_kitchen_counter_01_drwN_f0_mesh 347/1230 | Building BVH
Fra:1 Mem:616.25M (Peak 616.39M) | Time:00:02.32 | Mem:255.14M, Peak:278.24M | Scene, ViewLayer | Updating Geometry BVH common_kitchen_kitchen_counter_01_drwN_p0_mesh 348/1230 | Building BVH
Fra:1 Mem:616.25M (Peak 616.39M) | Time:00:02.32 | Mem:255.14M, Peak:278.24M | Scene, ViewLayer | Updating Geometry BVH common_kitchen_kitchen_counter_01_drwN_f1_mesh 349/1230 | Building BVH
Fra:1 Mem:616.25M (Peak 616.39M) | Time:00:02.32 | Mem:255.15M, Peak:278.24M | Scene, ViewLayer | Updating Geometry BVH common_kitchen_kitchen_counter_01_drwN_p1_mesh 350/1230 | Building BVH
Fra:1 Mem:616.25M (Peak 616.39M) | Time:00:02.32 | Mem:255.16M, Peak:278.24M | Scene, ViewLayer | Updating Geometry BVH common_kitchen_hob_01_burner0_mesh 352/1230 | Building BVH
Fra:1 Mem:616.25M (Peak 616.39M) | Time:00:02.32 | Mem:255.16M, Peak:278.24M | Scene, ViewLayer | Updating Geometry BVH common_kitchen_hob_01_burner1_mesh 353/1230 | Building BVH
Fra:1 Mem:616.25M (Peak 616.39M) | Time:00:02.32 | Mem:255.17M, Peak:278.24M | Scene, ViewLayer | Updating Geometry BVH common_kitchen_range_hood_01_topbox_mesh 354/1230 | Building BVH
Fra:1 Mem:616.25M (Peak 616.39M) | Time:00:02.32 | Mem:255.18M, Peak:278.24M | Scene, ViewLayer | Updating Geometry BVH common_kitchen_range_hood_01_slant_mesh 355/1230 | Building BVH
Fra:1 Mem:616.25M (Peak 616.39M) | Time:00:02.32 | Mem:255.23M, Peak:278.24M | Scene, ViewLayer | Updating Geometry BVH common_kitchen_cabinet_01_body_mesh 356/1230 | Building BVH
Fra:1 Mem:616.25M (Peak 616.39M) | Time:00:02.32 | Mem:255.23M, Peak:278.24M | Scene, ViewLayer | Updating Geometry BVH common_kitchen_cabinet_01_door_gapbg_mesh 357/1230 | Building BVH
Fra:1 Mem:616.25M (Peak 616.39M) | Time:00:02.32 | Mem:255.23M, Peak:278.24M | Scene, ViewLayer | Updating Geometry BVH common_kitchen_cabinet_01_door_f0l_mesh 358/1230 | Building BVH
Fra:1 Mem:616.25M (Peak 616.39M) | Time:00:02.32 | Mem:255.25M, Peak:278.24M | Scene, ViewLayer | Updating Geometry BVH A_living_dining_balcony_dining_chair_03_arm0_mesh 1154/1230 | Building BVH
Fra:1 Mem:616.25M (Peak 616.39M) | Time:00:02.32 | Mem:255.25M, Peak:278.24M | Scene, ViewLayer | Updating Geometry BVH common_kitchen_cabinet_01_door_f0r_mesh 359/1230 | Building BVH
Fra:1 Mem:616.25M (Peak 616.39M) | Time:00:02.32 | Mem:255.27M, Peak:278.24M | Scene, ViewLayer | Updating Geometry BVH common_kitchen_cabinet_01_door_f0b_mesh 360/1230 | Building BVH
Fra:1 Mem:616.25M (Peak 616.39M) | Time:00:02.32 | Mem:255.28M, Peak:278.24M | Scene, ViewLayer | Updating Geometry BVH common_kitchen_cabinet_01_door_f0t_mesh 361/1230 | Building BVH
Fra:1 Mem:616.25M (Peak 616.39M) | Time:00:02.32 | Mem:255.28M, Peak:278.24M | Scene, ViewLayer | Updating Geometry BVH common_kitchen_cabinet_01_door_f0c_mesh 362/1230 | Building BVH
Fra:1 Mem:616.25M (Peak 616.39M) | Time:00:02.32 | Mem:255.31M, Peak:278.24M | Scene, ViewLayer | Updating Geometry BVH common_kitchen_cabinet_01_door_p0_mesh 363/1230 | Building BVH
Fra:1 Mem:616.25M (Peak 616.39M) | Time:00:02.32 | Mem:255.31M, Peak:278.24M | Scene, ViewLayer | Updating Geometry BVH common_kitchen_cabinet_01_door_f1l_mesh 364/1230 | Building BVH
Fra:1 Mem:616.25M (Peak 616.39M) | Time:00:02.32 | Mem:255.31M, Peak:278.24M | Scene, ViewLayer | Updating Geometry BVH common_kitchen_cabinet_01_door_f1r_mesh 365/1230 | Building BVH
Fra:1 Mem:616.25M (Peak 616.39M) | Time:00:02.32 | Mem:255.37M, Peak:278.24M | Scene, ViewLayer | Updating Geometry BVH common_kitchen_cabinet_01_door_f1b_mesh 366/1230 | Building BVH
Fra:1 Mem:616.25M (Peak 616.39M) | Time:00:02.32 | Mem:255.41M, Peak:278.24M | Scene, ViewLayer | Updating Geometry BVH common_kitchen_cabinet_01_door_f1t_mesh 367/1230 | Building BVH
Fra:1 Mem:616.25M (Peak 616.39M) | Time:00:02.32 | Mem:255.41M, Peak:278.24M | Scene, ViewLayer | Updating Geometry BVH common_kitchen_cabinet_01_door_f1c_mesh 368/1230 | Building BVH
Fra:1 Mem:616.25M (Peak 616.39M) | Time:00:02.32 | Mem:255.40M, Peak:278.24M | Scene, ViewLayer | Updating Geometry BVH common_kitchen_cabinet_01_door_p1_mesh 369/1230 | Building BVH
Fra:1 Mem:616.25M (Peak 616.39M) | Time:00:02.32 | Mem:255.44M, Peak:278.24M | Scene, ViewLayer | Updating Geometry BVH common_kitchen_cabinet_01_door_f2l_mesh 370/1230 | Building BVH
Fra:1 Mem:616.25M (Peak 616.39M) | Time:00:02.32 | Mem:255.44M, Peak:278.24M | Scene, ViewLayer | Updating Geometry BVH common_kitchen_cabinet_01_door_f2r_mesh 371/1230 | Building BVH
Fra:1 Mem:616.25M (Peak 616.39M) | Time:00:02.32 | Mem:255.45M, Peak:278.24M | Scene, ViewLayer | Updating Geometry BVH common_kitchen_cabinet_01_door_f2b_mesh 372/1230 | Building BVH
Fra:1 Mem:616.25M (Peak 616.39M) | Time:00:02.32 | Mem:255.46M, Peak:278.24M | Scene, ViewLayer | Updating Geometry BVH common_kitchen_cabinet_01_door_f2t_mesh 373/1230 | Building BVH
Fra:1 Mem:616.25M (Peak 616.39M) | Time:00:02.32 | Mem:255.46M, Peak:278.24M | Scene, ViewLayer | Updating Geometry BVH common_kitchen_cabinet_01_door_f2c_mesh 374/1230 | Building BVH
Fra:1 Mem:616.25M (Peak 616.39M) | Time:00:02.32 | Mem:255.47M, Peak:278.24M | Scene, ViewLayer | Updating Geometry BVH common_kitchen_cabinet_01_door_p2_mesh 375/1230 | Building BVH
Fra:1 Mem:616.25M (Peak 616.39M) | Time:00:02.32 | Mem:255.48M, Peak:278.24M | Scene, ViewLayer | Updating Geometry BVH common_kitchen_cabinet_02_body_mesh 376/1230 | Building BVH
Fra:1 Mem:616.25M (Peak 616.39M) | Time:00:02.32 | Mem:255.55M, Peak:278.24M | Scene, ViewLayer | Updating Geometry BVH common_kitchen_cabinet_02_door_gapbg_mesh 377/1230 | Building BVH
Fra:1 Mem:616.25M (Peak 616.39M) | Time:00:02.32 | Mem:255.54M, Peak:278.24M | Scene, ViewLayer | Updating Geometry BVH common_kitchen_cabinet_02_door_f0l_mesh 378/1230 | Building BVH
Fra:1 Mem:616.25M (Peak 616.39M) | Time:00:02.32 | Mem:255.56M, Peak:278.24M | Scene, ViewLayer | Updating Geometry BVH common_kitchen_cabinet_02_door_f0r_mesh 379/1230 | Building BVH
Fra:1 Mem:616.25M (Peak 616.39M) | Time:00:02.32 | Mem:255.56M, Peak:278.24M | Scene, ViewLayer | Updating Geometry BVH common_kitchen_cabinet_02_door_f0t_mesh 381/1230 | Building BVH
Fra:1 Mem:616.25M (Peak 616.39M) | Time:00:02.32 | Mem:255.61M, Peak:278.24M | Scene, ViewLayer | Updating Geometry BVH common_kitchen_cabinet_02_door_f0c_mesh 382/1230 | Building BVH
Fra:1 Mem:616.25M (Peak 616.39M) | Time:00:02.32 | Mem:255.61M, Peak:278.24M | Scene, ViewLayer | Updating Geometry BVH common_kitchen_cabinet_02_door_f1l_mesh 384/1230 | Building BVH
Fra:1 Mem:616.25M (Peak 616.39M) | Time:00:02.32 | Mem:255.62M, Peak:278.24M | Scene, ViewLayer | Updating Geometry BVH common_kitchen_cabinet_02_door_f1r_mesh 385/1230 | Building BVH
Fra:1 Mem:616.25M (Peak 616.39M) | Time:00:02.32 | Mem:255.63M, Peak:278.24M | Scene, ViewLayer | Updating Geometry BVH common_kitchen_cabinet_02_door_f1c_mesh 388/1230 | Building BVH
Fra:1 Mem:616.25M (Peak 616.39M) | Time:00:02.32 | Mem:255.63M, Peak:278.24M | Scene, ViewLayer | Updating Geometry BVH common_kitchen_cabinet_02_door_p1_mesh 389/1230 | Building BVH
Fra:1 Mem:616.25M (Peak 616.39M) | Time:00:02.32 | Mem:255.67M, Peak:278.24M | Scene, ViewLayer | Updating Geometry BVH common_kitchen_cabinet_02_door_f2l_mesh 390/1230 | Building BVH
Fra:1 Mem:616.25M (Peak 616.39M) | Time:00:02.32 | Mem:255.68M, Peak:278.24M | Scene, ViewLayer | Updating Geometry BVH common_kitchen_cabinet_02_door_f2r_mesh 391/1230 | Building BVH
Fra:1 Mem:616.25M (Peak 616.39M) | Time:00:02.32 | Mem:255.69M, Peak:278.24M | Scene, ViewLayer | Updating Geometry BVH A_living_dining_balcony_dining_chair_03_legt3_mesh 1153/1230 | Building BVH
Fra:1 Mem:616.25M (Peak 616.39M) | Time:00:02.32 | Mem:255.69M, Peak:278.24M | Scene, ViewLayer | Updating Geometry BVH common_kitchen_cabinet_02_door_f2b_mesh 392/1230 | Building BVH
Fra:1 Mem:616.25M (Peak 616.39M) | Time:00:02.32 | Mem:255.77M, Peak:278.24M | Scene, ViewLayer | Updating Geometry BVH common_kitchen_cabinet_02_door_f2c_mesh 394/1230 | Building BVH
Fra:1 Mem:616.25M (Peak 616.39M) | Time:00:02.32 | Mem:255.79M, Peak:278.24M | Scene, ViewLayer | Updating Geometry BVH common_kitchen_cabinet_02_door_p2_mesh 395/1230 | Building BVH
Fra:1 Mem:616.25M (Peak 616.39M) | Time:00:02.32 | Mem:255.79M, Peak:278.24M | Scene, ViewLayer | Updating Geometry BVH common_kitchen_cabinet_02_door_f2t_mesh 393/1230 | Building BVH
Fra:1 Mem:616.25M (Peak 616.39M) | Time:00:02.32 | Mem:255.79M, Peak:278.24M | Scene, ViewLayer | Updating Geometry BVH common_kitchen_glass_sliding_door_01_glass_mesh 396/1230 | Building BVH
Fra:1 Mem:616.25M (Peak 616.39M) | Time:00:02.32 | Mem:255.79M, Peak:278.24M | Scene, ViewLayer | Updating Geometry BVH common_kitchen_glass_sliding_door_01_stL_mesh 397/1230 | Building BVH
Fra:1 Mem:616.25M (Peak 616.39M) | Time:00:02.32 | Mem:255.79M, Peak:278.24M | Scene, ViewLayer | Updating Geometry BVH common_kitchen_glass_sliding_door_01_stR_mesh 398/1230 | Building BVH
Fra:1 Mem:616.25M (Peak 616.39M) | Time:00:02.32 | Mem:255.80M, Peak:278.24M | Scene, ViewLayer | Updating Geometry BVH common_kitchen_glass_sliding_door_01_stT_mesh 399/1230 | Building BVH
Fra:1 Mem:616.25M (Peak 616.39M) | Time:00:02.32 | Mem:255.84M, Peak:278.24M | Scene, ViewLayer | Updating Geometry BVH common_living_dining_balcony_glass_sliding_door_01_stL_mesh 402/1230 | Building BVH
Fra:1 Mem:616.25M (Peak 616.39M) | Time:00:02.32 | Mem:255.84M, Peak:278.24M | Scene, ViewLayer | Updating Geometry BVH common_living_dining_balcony_glass_sliding_door_01_stR_mesh 403/1230 | Building BVH
Fra:1 Mem:616.25M (Peak 616.39M) | Time:00:02.32 | Mem:255.84M, Peak:278.24M | Scene, ViewLayer | Updating Geometry BVH common_living_dining_balcony_glass_sliding_door_01_stT_mesh 404/1230 | Building BVH
Fra:1 Mem:616.25M (Peak 616.39M) | Time:00:02.32 | Mem:255.86M, Peak:278.24M | Scene, ViewLayer | Updating Geometry BVH common_living_dining_balcony_glass_sliding_door_01_stB_mesh 405/1230 | Building BVH
Fra:1 Mem:616.25M (Peak 616.39M) | Time:00:02.32 | Mem:255.85M, Peak:278.24M | Scene, ViewLayer | Updating Geometry BVH common_living_dining_balcony_glass_sliding_door_02_glass_mesh 406/1230 | Building BVH
Fra:1 Mem:616.25M (Peak 616.39M) | Time:00:02.32 | Mem:255.91M, Peak:278.24M | Scene, ViewLayer | Updating Geometry BVH common_living_dining_balcony_glass_sliding_door_02_stL_mesh 407/1230 | Building BVH
Fra:1 Mem:616.25M (Peak 616.39M) | Time:00:02.32 | Mem:255.91M, Peak:278.24M | Scene, ViewLayer | Updating Geometry BVH common_living_dining_balcony_glass_sliding_door_02_stT_mesh 409/1230 | Building BVH
Fra:1 Mem:616.25M (Peak 616.39M) | Time:00:02.32 | Mem:255.91M, Peak:278.24M | Scene, ViewLayer | Updating Geometry BVH common_living_dining_balcony_glass_sliding_door_02_stR_mesh 408/1230 | Building BVH
Fra:1 Mem:616.25M (Peak 616.39M) | Time:00:02.32 | Mem:255.92M, Peak:278.24M | Scene, ViewLayer | Updating Geometry BVH common_living_dining_balcony_glass_sliding_door_02_stB_mesh 410/1230 | Building BVH
Fra:1 Mem:616.25M (Peak 616.39M) | Time:00:02.32 | Mem:255.95M, Peak:278.24M | Scene, ViewLayer | Updating Geometry BVH A_living_dining_balcony_dining_chair_03_leg3_mesh 1152/1230 | Building BVH
Fra:1 Mem:616.25M (Peak 616.39M) | Time:00:02.32 | Mem:255.95M, Peak:278.24M | Scene, ViewLayer | Updating Geometry BVH common_kitchen_glass_sliding_door_02_glass_mesh 411/1230 | Building BVH
Fra:1 Mem:616.25M (Peak 616.39M) | Time:00:02.32 | Mem:255.95M, Peak:278.24M | Scene, ViewLayer | Updating Geometry BVH common_kitchen_glass_sliding_door_02_stL_mesh 412/1230 | Building BVH
Fra:1 Mem:616.25M (Peak 616.39M) | Time:00:02.32 | Mem:255.96M, Peak:278.24M | Scene, ViewLayer | Updating Geometry BVH common_kitchen_glass_sliding_door_02_stB_mesh 415/1230 | Building BVH
Fra:1 Mem:616.25M (Peak 616.39M) | Time:00:02.32 | Mem:255.97M, Peak:278.24M | Scene, ViewLayer | Updating Geometry BVH common_living_dining_balcony_fridge_01_body_mesh 416/1230 | Building BVH
Fra:1 Mem:616.25M (Peak 616.39M) | Time:00:02.32 | Mem:256.02M, Peak:278.24M | Scene, ViewLayer | Updating Geometry BVH common_living_dining_balcony_fridge_01_seamH_mesh 417/1230 | Building BVH
Fra:1 Mem:616.25M (Peak 616.39M) | Time:00:02.32 | Mem:256.02M, Peak:278.24M | Scene, ViewLayer | Updating Geometry BVH common_living_dining_balcony_fridge_01_seamV_mesh 418/1230 | Building BVH
Fra:1 Mem:616.25M (Peak 616.39M) | Time:00:02.32 | Mem:256.02M, Peak:278.24M | Scene, ViewLayer | Updating Geometry BVH common_living_dining_balcony_fridge_01_pullU_mesh 420/1230 | Building BVH
Fra:1 Mem:616.25M (Peak 616.39M) | Time:00:02.32 | Mem:256.02M, Peak:278.24M | Scene, ViewLayer | Updating Geometry BVH common_living_dining_balcony_cabinet_01_body_mesh 421/1230 | Building BVH
Fra:1 Mem:616.25M (Peak 616.39M) | Time:00:02.32 | Mem:256.06M, Peak:278.24M | Scene, ViewLayer | Updating Geometry BVH common_living_dining_balcony_cabinet_01_door_gapbg_mesh 422/1230 | Building BVH
Fra:1 Mem:616.25M (Peak 616.39M) | Time:00:02.32 | Mem:256.07M, Peak:278.24M | Scene, ViewLayer | Updating Geometry BVH common_living_dining_balcony_cabinet_01_door_f0l_mesh 423/1230 | Building BVH
Fra:1 Mem:616.25M (Peak 616.39M) | Time:00:02.32 | Mem:256.08M, Peak:278.24M | Scene, ViewLayer | Updating Geometry BVH common_living_dining_balcony_cabinet_01_door_f0r_mesh 424/1230 | Building BVH
Fra:1 Mem:616.25M (Peak 616.39M) | Time:00:02.32 | Mem:256.08M, Peak:278.24M | Scene, ViewLayer | Updating Geometry BVH common_living_dining_balcony_cabinet_01_door_f0b_mesh 425/1230 | Building BVH
Fra:1 Mem:616.25M (Peak 616.39M) | Time:00:02.32 | Mem:256.12M, Peak:278.24M | Scene, ViewLayer | Updating Geometry BVH common_living_dining_balcony_cabinet_01_door_f0t_mesh 426/1230 | Building BVH
Fra:1 Mem:616.25M (Peak 616.39M) | Time:00:02.32 | Mem:256.15M, Peak:278.24M | Scene, ViewLayer | Updating Geometry BVH common_living_dining_balcony_cabinet_01_door_f0c_mesh 427/1230 | Building BVH
Fra:1 Mem:616.25M (Peak 616.39M) | Time:00:02.32 | Mem:256.16M, Peak:278.24M | Scene, ViewLayer | Updating Geometry BVH common_living_dining_balcony_cabinet_01_door_p0_mesh 428/1230 | Building BVH
Fra:1 Mem:616.25M (Peak 616.39M) | Time:00:02.32 | Mem:256.18M, Peak:278.24M | Scene, ViewLayer | Updating Geometry BVH common_living_dining_balcony_cabinet_01_door_f1l_mesh 429/1230 | Building BVH
Fra:1 Mem:616.25M (Peak 616.39M) | Time:00:02.32 | Mem:256.17M, Peak:278.24M | Scene, ViewLayer | Updating Geometry BVH common_living_dining_balcony_cabinet_01_door_f1b_mesh 431/1230 | Building BVH
Fra:1 Mem:616.25M (Peak 616.39M) | Time:00:02.32 | Mem:256.18M, Peak:278.24M | Scene, ViewLayer | Updating Geometry BVH common_living_dining_balcony_cabinet_01_door_f1t_mesh 432/1230 | Building BVH
Fra:1 Mem:616.25M (Peak 616.39M) | Time:00:02.32 | Mem:256.18M, Peak:278.24M | Scene, ViewLayer | Updating Geometry BVH common_living_dining_balcony_cabinet_01_door_f1c_mesh 433/1230 | Building BVH
Fra:1 Mem:616.25M (Peak 616.39M) | Time:00:02.32 | Mem:256.20M, Peak:278.24M | Scene, ViewLayer | Updating Geometry BVH common_living_dining_balcony_cabinet_01_door_p1_mesh 434/1230 | Building BVH
Fra:1 Mem:616.25M (Peak 616.39M) | Time:00:02.32 | Mem:256.23M, Peak:278.24M | Scene, ViewLayer | Updating Geometry BVH common_foyer_cabinet_01_body_mesh 435/1230 | Building BVH
Fra:1 Mem:616.25M (Peak 616.39M) | Time:00:02.32 | Mem:256.26M, Peak:278.24M | Scene, ViewLayer | Updating Geometry BVH common_foyer_cabinet_01_door_gapbg_mesh 436/1230 | Building BVH
Fra:1 Mem:616.25M (Peak 616.39M) | Time:00:02.32 | Mem:256.26M, Peak:278.24M | Scene, ViewLayer | Updating Geometry BVH common_foyer_cabinet_01_door_f0l_mesh 437/1230 | Building BVH
Fra:1 Mem:616.25M (Peak 616.39M) | Time:00:02.32 | Mem:256.29M, Peak:278.24M | Scene, ViewLayer | Updating Geometry BVH common_foyer_cabinet_01_door_f0r_mesh 438/1230 | Building BVH
Fra:1 Mem:616.25M (Peak 616.39M) | Time:00:02.32 | Mem:256.30M, Peak:278.24M | Scene, ViewLayer | Updating Geometry BVH common_foyer_cabinet_01_door_f0b_mesh 439/1230 | Building BVH
Fra:1 Mem:616.25M (Peak 616.39M) | Time:00:02.32 | Mem:256.30M, Peak:278.24M | Scene, ViewLayer | Updating Geometry BVH common_foyer_cabinet_01_door_f0t_mesh 440/1230 | Building BVH
Fra:1 Mem:616.25M (Peak 616.39M) | Time:00:02.32 | Mem:256.30M, Peak:278.24M | Scene, ViewLayer | Updating Geometry BVH common_foyer_cabinet_01_door_f0c_mesh 441/1230 | Building BVH
Fra:1 Mem:616.25M (Peak 616.39M) | Time:00:02.32 | Mem:256.30M, Peak:278.24M | Scene, ViewLayer | Updating Geometry BVH common_foyer_cabinet_01_door_p0_mesh 442/1230 | Building BVH
Fra:1 Mem:616.25M (Peak 616.39M) | Time:00:02.32 | Mem:256.30M, Peak:278.24M | Scene, ViewLayer | Updating Geometry BVH common_foyer_cabinet_01_door_f1l_mesh 443/1230 | Building BVH
Fra:1 Mem:616.25M (Peak 616.39M) | Time:00:02.33 | Mem:256.34M, Peak:278.24M | Scene, ViewLayer | Updating Geometry BVH common_foyer_cabinet_01_door_f1r_mesh 444/1230 | Building BVH
Fra:1 Mem:616.25M (Peak 616.39M) | Time:00:02.33 | Mem:256.35M, Peak:278.24M | Scene, ViewLayer | Updating Geometry BVH common_foyer_cabinet_01_door_f1b_mesh 445/1230 | Building BVH
Fra:1 Mem:616.25M (Peak 616.39M) | Time:00:02.33 | Mem:256.42M, Peak:278.24M | Scene, ViewLayer | Updating Geometry BVH common_foyer_cabinet_01_door_f1t_mesh 446/1230 | Building BVH
Fra:1 Mem:616.25M (Peak 616.39M) | Time:00:02.33 | Mem:256.42M, Peak:278.24M | Scene, ViewLayer | Updating Geometry BVH common_foyer_cabinet_01_door_f1c_mesh 447/1230 | Building BVH
Fra:1 Mem:616.25M (Peak 616.39M) | Time:00:02.33 | Mem:256.42M, Peak:278.24M | Scene, ViewLayer | Updating Geometry BVH common_foyer_cabinet_01_door_f2l_mesh 449/1230 | Building BVH
Fra:1 Mem:616.25M (Peak 616.39M) | Time:00:02.33 | Mem:256.42M, Peak:278.24M | Scene, ViewLayer | Updating Geometry BVH common_foyer_cabinet_01_door_f2b_mesh 451/1230 | Building BVH
Fra:1 Mem:616.25M (Peak 616.39M) | Time:00:02.33 | Mem:256.43M, Peak:278.24M | Scene, ViewLayer | Updating Geometry BVH common_foyer_cabinet_01_door_f2t_mesh 452/1230 | Building BVH
Fra:1 Mem:616.25M (Peak 616.39M) | Time:00:02.33 | Mem:256.44M, Peak:278.24M | Scene, ViewLayer | Updating Geometry BVH common_foyer_cabinet_01_door_f2c_mesh 453/1230 | Building BVH
Fra:1 Mem:616.25M (Peak 616.39M) | Time:00:02.33 | Mem:256.47M, Peak:278.24M | Scene, ViewLayer | Updating Geometry BVH common_foyer_cabinet_01_door_p2_mesh 454/1230 | Building BVH
Fra:1 Mem:616.25M (Peak 616.39M) | Time:00:02.33 | Mem:256.53M, Peak:278.24M | Scene, ViewLayer | Updating Geometry BVH common_foyer_open_niche_01_back_mesh 455/1230 | Building BVH
Fra:1 Mem:616.25M (Peak 616.39M) | Time:00:02.33 | Mem:256.53M, Peak:278.24M | Scene, ViewLayer | Updating Geometry BVH common_foyer_open_niche_01_cheek0_mesh 456/1230 | Building BVH
Fra:1 Mem:616.25M (Peak 616.39M) | Time:00:02.33 | Mem:256.54M, Peak:278.24M | Scene, ViewLayer | Updating Geometry BVH common_foyer_open_niche_01_cheek1_mesh 457/1230 | Building BVH
Fra:1 Mem:616.25M (Peak 616.39M) | Time:00:02.33 | Mem:256.56M, Peak:278.24M | Scene, ViewLayer | Updating Geometry BVH common_foyer_open_niche_01_top_mesh 458/1230 | Building BVH
Fra:1 Mem:616.25M (Peak 616.39M) | Time:00:02.33 | Mem:256.56M, Peak:278.24M | Scene, ViewLayer | Updating Geometry BVH common_foyer_open_niche_01_bottom_mesh 459/1230 | Building BVH
Fra:1 Mem:616.25M (Peak 616.39M) | Time:00:02.33 | Mem:256.56M, Peak:278.24M | Scene, ViewLayer | Updating Geometry BVH common_foyer_open_niche_01_sh0_mesh 460/1230 | Building BVH
Fra:1 Mem:616.25M (Peak 616.39M) | Time:00:02.33 | Mem:256.56M, Peak:278.24M | Scene, ViewLayer | Updating Geometry BVH common_foyer_cabinet_02_body_mesh 461/1230 | Building BVH
Fra:1 Mem:616.25M (Peak 616.39M) | Time:00:02.33 | Mem:256.59M, Peak:278.24M | Scene, ViewLayer | Updating Geometry BVH common_foyer_cabinet_02_door_gapbg_mesh 462/1230 | Building BVH
Fra:1 Mem:616.25M (Peak 616.39M) | Time:00:02.33 | Mem:256.60M, Peak:278.24M | Scene, ViewLayer | Updating Geometry BVH common_foyer_cabinet_02_door_f0l_mesh 463/1230 | Building BVH
Fra:1 Mem:616.25M (Peak 616.39M) | Time:00:02.33 | Mem:256.60M, Peak:278.24M | Scene, ViewLayer | Updating Geometry BVH common_foyer_cabinet_02_door_f0r_mesh 464/1230 | Building BVH
Fra:1 Mem:616.25M (Peak 616.39M) | Time:00:02.33 | Mem:256.65M, Peak:278.24M | Scene, ViewLayer | Updating Geometry BVH common_foyer_cabinet_02_door_f0b_mesh 465/1230 | Building BVH
Fra:1 Mem:616.25M (Peak 616.39M) | Time:00:02.33 | Mem:256.65M, Peak:278.24M | Scene, ViewLayer | Updating Geometry BVH common_foyer_cabinet_02_door_f0t_mesh 466/1230 | Building BVH
Fra:1 Mem:616.25M (Peak 616.39M) | Time:00:02.33 | Mem:256.66M, Peak:278.24M | Scene, ViewLayer | Updating Geometry BVH common_foyer_cabinet_02_door_f0c_mesh 467/1230 | Building BVH
Fra:1 Mem:616.25M (Peak 616.39M) | Time:00:02.33 | Mem:256.67M, Peak:278.24M | Scene, ViewLayer | Updating Geometry BVH common_foyer_cabinet_02_door_p0_mesh 468/1230 | Building BVH
Fra:1 Mem:616.25M (Peak 616.39M) | Time:00:02.33 | Mem:256.68M, Peak:278.24M | Scene, ViewLayer | Updating Geometry BVH common_foyer_cabinet_02_door_f1l_mesh 469/1230 | Building BVH
Fra:1 Mem:616.25M (Peak 616.39M) | Time:00:02.33 | Mem:256.68M, Peak:278.24M | Scene, ViewLayer | Updating Geometry BVH common_foyer_cabinet_02_door_f1r_mesh 470/1230 | Building BVH
Fra:1 Mem:616.25M (Peak 616.39M) | Time:00:02.33 | Mem:256.68M, Peak:278.24M | Scene, ViewLayer | Updating Geometry BVH A_living_dining_balcony_dining_chair_03_leg2_mesh 1150/1230 | Building BVH
Fra:1 Mem:616.25M (Peak 616.39M) | Time:00:02.33 | Mem:256.74M, Peak:278.24M | Scene, ViewLayer | Updating Geometry BVH common_foyer_cabinet_02_door_f1b_mesh 471/1230 | Building BVH
Fra:1 Mem:616.25M (Peak 616.39M) | Time:00:02.33 | Mem:256.75M, Peak:278.24M | Scene, ViewLayer | Updating Geometry BVH common_foyer_cabinet_02_door_f1t_mesh 472/1230 | Building BVH
Fra:1 Mem:616.25M (Peak 616.39M) | Time:00:02.33 | Mem:256.75M, Peak:278.24M | Scene, ViewLayer | Updating Geometry BVH common_foyer_cabinet_02_door_f1c_mesh 473/1230 | Building BVH
Fra:1 Mem:616.25M (Peak 616.39M) | Time:00:02.33 | Mem:256.75M, Peak:278.24M | Scene, ViewLayer | Updating Geometry BVH common_foyer_cabinet_02_door_p1_mesh 474/1230 | Building BVH
Fra:1 Mem:616.25M (Peak 616.39M) | Time:00:02.33 | Mem:256.76M, Peak:278.24M | Scene, ViewLayer | Updating Geometry BVH common_foyer_cabinet_02_door_f2l_mesh 475/1230 | Building BVH
Fra:1 Mem:616.25M (Peak 616.39M) | Time:00:02.33 | Mem:256.79M, Peak:278.24M | Scene, ViewLayer | Updating Geometry BVH common_foyer_cabinet_02_door_f2r_mesh 476/1230 | Building BVH
Fra:1 Mem:616.25M (Peak 616.39M) | Time:00:02.33 | Mem:256.80M, Peak:278.24M | Scene, ViewLayer | Updating Geometry BVH common_foyer_cabinet_02_door_f2b_mesh 477/1230 | Building BVH
Fra:1 Mem:616.25M (Peak 616.39M) | Time:00:02.33 | Mem:256.80M, Peak:278.24M | Scene, ViewLayer | Updating Geometry BVH common_foyer_cabinet_02_door_f2t_mesh 478/1230 | Building BVH
Fra:1 Mem:616.25M (Peak 616.39M) | Time:00:02.33 | Mem:256.81M, Peak:278.24M | Scene, ViewLayer | Updating Geometry BVH common_foyer_cabinet_02_door_f2c_mesh 479/1230 | Building BVH
Fra:1 Mem:616.25M (Peak 616.39M) | Time:00:02.33 | Mem:256.86M, Peak:278.24M | Scene, ViewLayer | Updating Geometry BVH common_foyer_cabinet_02_door_p2_mesh 480/1230 | Building BVH
Fra:1 Mem:616.25M (Peak 616.39M) | Time:00:02.33 | Mem:256.89M, Peak:278.24M | Scene, ViewLayer | Updating Geometry BVH common_foyer_mirror_door_01_mirror_mesh 481/1230 | Building BVH
Fra:1 Mem:616.25M (Peak 616.39M) | Time:00:02.33 | Mem:256.88M, Peak:278.24M | Scene, ViewLayer | Updating Geometry BVH common_foyer_mirror_door_01_fr0_mesh 482/1230 | Building BVH
Fra:1 Mem:616.25M (Peak 616.39M) | Time:00:02.33 | Mem:256.88M, Peak:278.24M | Scene, ViewLayer | Updating Geometry BVH common_foyer_mirror_door_01_fr1_mesh 483/1230 | Building BVH
Fra:1 Mem:616.25M (Peak 616.39M) | Time:00:02.33 | Mem:256.88M, Peak:278.24M | Scene, ViewLayer | Updating Geometry BVH common_foyer_mirror_door_01_fr2_mesh 484/1230 | Building BVH
Fra:1 Mem:616.25M (Peak 616.39M) | Time:00:02.33 | Mem:256.92M, Peak:278.24M | Scene, ViewLayer | Updating Geometry BVH common_foyer_mirror_door_01_fr3_mesh 485/1230 | Building BVH
Fra:1 Mem:616.25M (Peak 616.39M) | Time:00:02.33 | Mem:256.92M, Peak:278.24M | Scene, ViewLayer | Updating Geometry BVH common_foyer_mirror_door_01_pull_mesh 486/1230 | Building BVH
Fra:1 Mem:616.25M (Peak 616.39M) | Time:00:02.33 | Mem:256.92M, Peak:278.24M | Scene, ViewLayer | Updating Geometry BVH common_elevator_hall_cabinet_01_body_mesh 487/1230 | Building BVH
Fra:1 Mem:616.25M (Peak 616.39M) | Time:00:02.33 | Mem:256.92M, Peak:278.24M | Scene, ViewLayer | Updating Geometry BVH common_elevator_hall_cabinet_01_door_gapbg_mesh 488/1230 | Building BVH
Fra:1 Mem:616.25M (Peak 616.39M) | Time:00:02.33 | Mem:256.92M, Peak:278.24M | Scene, ViewLayer | Updating Geometry BVH A_living_dining_balcony_dining_chair_03_legt1_mesh 1149/1230 | Building BVH
Fra:1 Mem:616.25M (Peak 616.39M) | Time:00:02.33 | Mem:256.96M, Peak:278.24M | Scene, ViewLayer | Updating Geometry BVH common_elevator_hall_cabinet_01_door_f0l_mesh 489/1230 | Building BVH
Fra:1 Mem:616.25M (Peak 616.39M) | Time:00:02.33 | Mem:256.96M, Peak:278.24M | Scene, ViewLayer | Updating Geometry BVH common_elevator_hall_cabinet_01_door_f0r_mesh 490/1230 | Building BVH
Fra:1 Mem:616.25M (Peak 616.39M) | Time:00:02.33 | Mem:256.97M, Peak:278.24M | Scene, ViewLayer | Updating Geometry BVH common_elevator_hall_cabinet_01_door_f0b_mesh 491/1230 | Building BVH
Fra:1 Mem:616.25M (Peak 616.39M) | Time:00:02.33 | Mem:256.99M, Peak:278.24M | Scene, ViewLayer | Updating Geometry BVH common_elevator_hall_cabinet_01_door_f0t_mesh 492/1230 | Building BVH
Fra:1 Mem:616.25M (Peak 616.39M) | Time:00:02.33 | Mem:257.01M, Peak:278.24M | Scene, ViewLayer | Updating Geometry BVH common_elevator_hall_cabinet_01_door_f0c_mesh 493/1230 | Building BVH
Fra:1 Mem:616.25M (Peak 616.39M) | Time:00:02.33 | Mem:257.04M, Peak:278.24M | Scene, ViewLayer | Updating Geometry BVH common_elevator_hall_cabinet_01_door_p0_mesh 494/1230 | Building BVH
Fra:1 Mem:616.25M (Peak 616.39M) | Time:00:02.33 | Mem:257.04M, Peak:278.24M | Scene, ViewLayer | Updating Geometry BVH common_living_dining_balcony_bookcase_01_body_mesh 495/1230 | Building BVH
Fra:1 Mem:616.25M (Peak 616.39M) | Time:00:02.33 | Mem:257.04M, Peak:278.24M | Scene, ViewLayer | Updating Geometry BVH common_living_dining_balcony_bookcase_01_drw_f0_mesh 497/1230 | Building BVH
Fra:1 Mem:616.25M (Peak 616.39M) | Time:00:02.33 | Mem:257.04M, Peak:278.24M | Scene, ViewLayer | Updating Geometry BVH common_living_dining_balcony_bookcase_01_drw_slot0_mesh 498/1230 | Building BVH
Fra:1 Mem:616.25M (Peak 616.39M) | Time:00:02.33 | Mem:257.04M, Peak:278.24M | Scene, ViewLayer | Updating Geometry BVH common_living_dining_balcony_bookcase_01_drw_f1_mesh 499/1230 | Building BVH
Fra:1 Mem:616.25M (Peak 616.39M) | Time:00:02.33 | Mem:257.05M, Peak:278.24M | Scene, ViewLayer | Updating Geometry BVH common_living_dining_balcony_bookcase_01_drw_slot1_mesh 500/1230 | Building BVH
Fra:1 Mem:616.25M (Peak 616.39M) | Time:00:02.33 | Mem:257.06M, Peak:278.24M | Scene, ViewLayer | Updating Geometry BVH common_living_dining_balcony_bookcase_01_drw_f2_mesh 501/1230 | Building BVH
Fra:1 Mem:616.25M (Peak 616.39M) | Time:00:02.33 | Mem:257.14M, Peak:278.24M | Scene, ViewLayer | Updating Geometry BVH common_living_dining_balcony_bookcase_01_drw_slot2_mesh 502/1230 | Building BVH
Fra:1 Mem:616.25M (Peak 616.39M) | Time:00:02.33 | Mem:257.14M, Peak:278.24M | Scene, ViewLayer | Updating Geometry BVH common_living_dining_balcony_bookcase_02_top_mesh 504/1230 | Building BVH
Fra:1 Mem:616.25M (Peak 616.39M) | Time:00:02.33 | Mem:257.13M, Peak:278.24M | Scene, ViewLayer | Updating Geometry BVH common_living_dining_balcony_bookcase_02_bot_mesh 505/1230 | Building BVH
Fra:1 Mem:616.25M (Peak 616.39M) | Time:00:02.33 | Mem:257.13M, Peak:278.24M | Scene, ViewLayer | Updating Geometry BVH common_living_dining_balcony_bookcase_02_endN_mesh 507/1230 | Building BVH
Fra:1 Mem:616.25M (Peak 616.39M) | Time:00:02.33 | Mem:257.14M, Peak:278.24M | Scene, ViewLayer | Updating Geometry BVH common_living_dining_balcony_bookcase_02_div1_mesh 508/1230 | Building BVH
Fra:1 Mem:616.25M (Peak 616.39M) | Time:00:02.33 | Mem:257.16M, Peak:278.24M | Scene, ViewLayer | Updating Geometry BVH common_living_dining_balcony_bookcase_02_div2_mesh 509/1230 | Building BVH
Fra:1 Mem:616.25M (Peak 616.39M) | Time:00:02.33 | Mem:257.21M, Peak:278.24M | Scene, ViewLayer | Updating Geometry BVH common_living_dining_balcony_bookcase_02_door_gapbg_mesh 510/1230 | Building BVH
Fra:1 Mem:616.25M (Peak 616.39M) | Time:00:02.33 | Mem:257.21M, Peak:278.24M | Scene, ViewLayer | Updating Geometry BVH common_living_dining_balcony_bookcase_02_door_f0_mesh 511/1230 | Building BVH
Fra:1 Mem:616.25M (Peak 616.39M) | Time:00:02.33 | Mem:257.21M, Peak:278.24M | Scene, ViewLayer | Updating Geometry BVH common_living_dining_balcony_bookcase_02_door_p0_mesh 512/1230 | Building BVH
Fra:1 Mem:616.25M (Peak 616.39M) | Time:00:02.33 | Mem:257.21M, Peak:278.24M | Scene, ViewLayer | Updating Geometry BVH common_living_dining_balcony_bookcase_02_shelf0_mesh 513/1230 | Building BVH
Fra:1 Mem:616.25M (Peak 616.39M) | Time:00:02.33 | Mem:257.24M, Peak:278.24M | Scene, ViewLayer | Updating Geometry BVH common_living_dining_balcony_bookcase_02_shelf1_mesh 514/1230 | Building BVH
Fra:1 Mem:616.25M (Peak 616.39M) | Time:00:02.33 | Mem:257.27M, Peak:278.24M | Scene, ViewLayer | Updating Geometry BVH common_living_dining_balcony_bookcase_02_shelf2_mesh 515/1230 | Building BVH
Fra:1 Mem:616.25M (Peak 616.39M) | Time:00:02.33 | Mem:257.27M, Peak:278.24M | Scene, ViewLayer | Updating Geometry BVH common_living_dining_balcony_bookcase_02_shelf3_mesh 516/1230 | Building BVH
Fra:1 Mem:616.25M (Peak 616.39M) | Time:00:02.33 | Mem:257.28M, Peak:278.24M | Scene, ViewLayer | Updating Geometry BVH common_living_dining_balcony_bookcase_02_gshelf0_mesh 517/1230 | Building BVH
Fra:1 Mem:616.25M (Peak 616.39M) | Time:00:02.33 | Mem:257.28M, Peak:278.24M | Scene, ViewLayer | Updating Geometry BVH common_living_dining_balcony_bookcase_02_gshelf1_mesh 518/1230 | Building BVH
Fra:1 Mem:616.25M (Peak 616.39M) | Time:00:02.33 | Mem:257.28M, Peak:278.24M | Scene, ViewLayer | Updating Geometry BVH common_living_dining_balcony_bookcase_02_gf_stS_mesh 519/1230 | Building BVH
Fra:1 Mem:616.25M (Peak 616.39M) | Time:00:02.33 | Mem:257.30M, Peak:278.24M | Scene, ViewLayer | Updating Geometry BVH common_living_dining_balcony_bookcase_02_gf_stN_mesh 520/1230 | Building BVH
Fra:1 Mem:616.25M (Peak 616.39M) | Time:00:02.33 | Mem:257.31M, Peak:278.24M | Scene, ViewLayer | Updating Geometry BVH common_living_dining_balcony_bookcase_02_gf_rlB_mesh 521/1230 | Building BVH
Fra:1 Mem:616.25M (Peak 616.39M) | Time:00:02.33 | Mem:257.31M, Peak:278.24M | Scene, ViewLayer | Updating Geometry BVH common_living_dining_balcony_bookcase_02_gf_rlT_mesh 522/1230 | Building BVH
Fra:1 Mem:616.25M (Peak 616.39M) | Time:00:02.33 | Mem:257.33M, Peak:278.24M | Scene, ViewLayer | Updating Geometry BVH common_living_dining_balcony_bookcase_02_gpane_mesh 523/1230 | Building BVH
Fra:1 Mem:616.25M (Peak 616.39M) | Time:00:02.33 | Mem:257.33M, Peak:278.24M | Scene, ViewLayer | Updating Geometry BVH common_living_dining_balcony_bookcase_02_gknob_mesh 524/1230 | Building BVH
Fra:1 Mem:616.25M (Peak 616.39M) | Time:00:02.33 | Mem:257.35M, Peak:278.24M | Scene, ViewLayer | Updating Geometry BVH common_living_dining_balcony_laundry_cabinet_01_body_mesh 525/1230 | Building BVH
Fra:1 Mem:616.25M (Peak 616.39M) | Time:00:02.33 | Mem:257.36M, Peak:278.24M | Scene, ViewLayer | Updating Geometry BVH common_living_dining_balcony_laundry_cabinet_01_door_gapbg_mesh 526/1230 | Building BVH
Fra:1 Mem:616.25M (Peak 616.39M) | Time:00:02.33 | Mem:257.37M, Peak:278.24M | Scene, ViewLayer | Updating Geometry BVH common_living_dining_balcony_laundry_cabinet_01_door_f0l_mesh 527/1230 | Building BVH
Fra:1 Mem:616.25M (Peak 616.39M) | Time:00:02.33 | Mem:257.37M, Peak:278.24M | Scene, ViewLayer | Updating Geometry BVH common_living_dining_balcony_laundry_cabinet_01_door_f0r_mesh 528/1230 | Building BVH
Fra:1 Mem:616.25M (Peak 616.39M) | Time:00:02.33 | Mem:257.40M, Peak:278.24M | Scene, ViewLayer | Updating Geometry BVH common_living_dining_balcony_laundry_cabinet_01_door_f0t_mesh 530/1230 | Building BVH
Fra:1 Mem:616.25M (Peak 616.39M) | Time:00:02.33 | Mem:257.40M, Peak:278.24M | Scene, ViewLayer | Updating Geometry BVH common_living_dining_balcony_laundry_cabinet_01_door_f0c_mesh 531/1230 | Building BVH
Fra:1 Mem:616.25M (Peak 616.39M) | Time:00:02.33 | Mem:257.43M, Peak:278.24M | Scene, ViewLayer | Updating Geometry BVH A_living_dining_balcony_dining_chair_03_legt0_mesh 1147/1230 | Building BVH
Fra:1 Mem:616.25M (Peak 616.39M) | Time:00:02.33 | Mem:257.44M, Peak:278.24M | Scene, ViewLayer | Updating Geometry BVH common_living_dining_balcony_laundry_cabinet_01_door_p0_mesh 532/1230 | Building BVH
Fra:1 Mem:616.25M (Peak 616.39M) | Time:00:02.33 | Mem:257.49M, Peak:278.24M | Scene, ViewLayer | Updating Geometry BVH common_living_dining_balcony_laundry_cabinet_01_door_f1l_mesh 533/1230 | Building BVH
Fra:1 Mem:616.25M (Peak 616.39M) | Time:00:02.33 | Mem:257.50M, Peak:278.24M | Scene, ViewLayer | Updating Geometry BVH common_living_dining_balcony_laundry_cabinet_01_door_f1r_mesh 534/1230 | Building BVH
Fra:1 Mem:616.25M (Peak 616.39M) | Time:00:02.33 | Mem:257.54M, Peak:278.24M | Scene, ViewLayer | Updating Geometry BVH common_living_dining_balcony_laundry_cabinet_01_door_f1b_mesh 535/1230 | Building BVH
Fra:1 Mem:616.25M (Peak 616.39M) | Time:00:02.33 | Mem:257.54M, Peak:278.24M | Scene, ViewLayer | Updating Geometry BVH common_living_dining_balcony_laundry_cabinet_01_door_f1t_mesh 536/1230 | Building BVH
Fra:1 Mem:616.25M (Peak 616.39M) | Time:00:02.33 | Mem:257.56M, Peak:278.24M | Scene, ViewLayer | Updating Geometry BVH common_living_dining_balcony_laundry_cabinet_01_door_f1c_mesh 537/1230 | Building BVH
Fra:1 Mem:616.25M (Peak 616.39M) | Time:00:02.34 | Mem:257.57M, Peak:278.24M | Scene, ViewLayer | Updating Geometry BVH common_master_bedroom_wardrobe_01_body_mesh 539/1230 | Building BVH
Fra:1 Mem:616.25M (Peak 616.39M) | Time:00:02.34 | Mem:257.56M, Peak:278.24M | Scene, ViewLayer | Updating Geometry BVH common_master_bedroom_wardrobe_01_door_gapbg_mesh 540/1230 | Building BVH
Fra:1 Mem:616.25M (Peak 616.39M) | Time:00:02.34 | Mem:257.56M, Peak:278.24M | Scene, ViewLayer | Updating Geometry BVH common_master_bedroom_wardrobe_01_door_f0l_mesh 541/1230 | Building BVH
Fra:1 Mem:616.25M (Peak 616.39M) | Time:00:02.34 | Mem:257.57M, Peak:278.24M | Scene, ViewLayer | Updating Geometry BVH common_master_bedroom_wardrobe_01_door_f0r_mesh 542/1230 | Building BVH
Fra:1 Mem:616.25M (Peak 616.39M) | Time:00:02.34 | Mem:257.57M, Peak:278.24M | Scene, ViewLayer | Updating Geometry BVH common_master_bedroom_wardrobe_01_door_f0b_mesh 543/1230 | Building BVH
Fra:1 Mem:616.25M (Peak 616.39M) | Time:00:02.34 | Mem:257.64M, Peak:278.24M | Scene, ViewLayer | Updating Geometry BVH common_master_bedroom_wardrobe_01_door_f0t_mesh 544/1230 | Building BVH
Fra:1 Mem:616.25M (Peak 616.39M) | Time:00:02.34 | Mem:257.67M, Peak:278.24M | Scene, ViewLayer | Updating Geometry BVH common_master_bedroom_wardrobe_01_door_f0c_mesh 545/1230 | Building BVH
Fra:1 Mem:616.25M (Peak 616.39M) | Time:00:02.34 | Mem:257.66M, Peak:278.24M | Scene, ViewLayer | Updating Geometry BVH common_master_bedroom_wardrobe_01_door_p0_mesh 546/1230 | Building BVH
Fra:1 Mem:616.25M (Peak 616.39M) | Time:00:02.34 | Mem:257.68M, Peak:278.24M | Scene, ViewLayer | Updating Geometry BVH common_master_bedroom_wardrobe_01_door_f1l_mesh 547/1230 | Building BVH
Fra:1 Mem:616.25M (Peak 616.39M) | Time:00:02.34 | Mem:257.71M, Peak:278.24M | Scene, ViewLayer | Updating Geometry BVH common_master_bedroom_wardrobe_01_door_f1r_mesh 548/1230 | Building BVH
Fra:1 Mem:616.25M (Peak 616.39M) | Time:00:02.34 | Mem:257.71M, Peak:278.24M | Scene, ViewLayer | Updating Geometry BVH common_master_bedroom_wardrobe_01_door_f1b_mesh 549/1230 | Building BVH
Fra:1 Mem:616.25M (Peak 616.39M) | Time:00:02.34 | Mem:257.74M, Peak:278.24M | Scene, ViewLayer | Updating Geometry BVH common_master_bedroom_wardrobe_01_door_f1t_mesh 550/1230 | Building BVH
Fra:1 Mem:616.25M (Peak 616.39M) | Time:00:02.34 | Mem:257.76M, Peak:278.24M | Scene, ViewLayer | Updating Geometry BVH common_master_bedroom_wardrobe_01_door_f1c_mesh 551/1230 | Building BVH
Fra:1 Mem:616.25M (Peak 616.39M) | Time:00:02.34 | Mem:257.76M, Peak:278.24M | Scene, ViewLayer | Updating Geometry BVH common_master_bedroom_wardrobe_01_door_p1_mesh 552/1230 | Building BVH
Fra:1 Mem:616.25M (Peak 616.39M) | Time:00:02.34 | Mem:257.79M, Peak:278.24M | Scene, ViewLayer | Updating Geometry BVH common_master_bedroom_wardrobe_01_door_f2l_mesh 553/1230 | Building BVH
Fra:1 Mem:616.25M (Peak 616.39M) | Time:00:02.34 | Mem:257.78M, Peak:278.24M | Scene, ViewLayer | Updating Geometry BVH common_master_bedroom_wardrobe_01_door_f2r_mesh 554/1230 | Building BVH
Fra:1 Mem:616.25M (Peak 616.39M) | Time:00:02.34 | Mem:257.80M, Peak:278.24M | Scene, ViewLayer | Updating Geometry BVH common_master_bedroom_wardrobe_01_door_p2_mesh 558/1230 | Building BVH
Fra:1 Mem:616.25M (Peak 616.39M) | Time:00:02.34 | Mem:257.80M, Peak:278.24M | Scene, ViewLayer | Updating Geometry BVH A_living_dining_balcony_dining_chair_03_leg0_mesh 1146/1230 | Building BVH
Fra:1 Mem:616.25M (Peak 616.39M) | Time:00:02.34 | Mem:257.80M, Peak:278.24M | Scene, ViewLayer | Updating Geometry BVH common_master_bedroom_wardrobe_01_door_f3r_mesh 560/1230 | Building BVH
Fra:1 Mem:616.25M (Peak 616.39M) | Time:00:02.34 | Mem:257.80M, Peak:278.24M | Scene, ViewLayer | Updating Geometry BVH common_master_bedroom_wardrobe_01_door_f3b_mesh 561/1230 | Building BVH
Fra:1 Mem:616.25M (Peak 616.39M) | Time:00:02.34 | Mem:257.80M, Peak:278.24M | Scene, ViewLayer | Updating Geometry BVH common_master_bedroom_wardrobe_01_door_p3_mesh 564/1230 | Building BVH
Fra:1 Mem:616.25M (Peak 616.39M) | Time:00:02.34 | Mem:257.80M, Peak:278.24M | Scene, ViewLayer | Updating Geometry BVH common_master_bedroom_wardrobe_01_door_f4l_mesh 565/1230 | Building BVH
Fra:1 Mem:616.25M (Peak 616.39M) | Time:00:02.34 | Mem:257.83M, Peak:278.24M | Scene, ViewLayer | Updating Geometry BVH common_master_bedroom_wardrobe_01_door_f4r_mesh 566/1230 | Building BVH
Fra:1 Mem:616.25M (Peak 616.39M) | Time:00:02.34 | Mem:257.85M, Peak:278.24M | Scene, ViewLayer | Updating Geometry BVH common_master_bedroom_wardrobe_01_door_f4b_mesh 567/1230 | Building BVH
Fra:1 Mem:616.25M (Peak 616.39M) | Time:00:02.34 | Mem:257.87M, Peak:278.24M | Scene, ViewLayer | Updating Geometry BVH common_master_bedroom_wardrobe_01_door_f4t_mesh 568/1230 | Building BVH
Fra:1 Mem:616.25M (Peak 616.39M) | Time:00:02.34 | Mem:257.87M, Peak:278.24M | Scene, ViewLayer | Updating Geometry BVH common_master_bedroom_wardrobe_01_door_p4_mesh 570/1230 | Building BVH
Fra:1 Mem:616.25M (Peak 616.39M) | Time:00:02.34 | Mem:258.03M, Peak:278.24M | Scene, ViewLayer | Updating Geometry BVH common_master_bedroom_wardrobe_01_door_f5l_mesh 571/1230 | Building BVH
Fra:1 Mem:616.25M (Peak 616.39M) | Time:00:02.34 | Mem:258.03M, Peak:278.24M | Scene, ViewLayer | Updating Geometry BVH A_living_dining_balcony_dining_chair_03_back_mesh 1145/1230 | Building BVH
Fra:1 Mem:616.25M (Peak 616.39M) | Time:00:02.34 | Mem:258.08M, Peak:278.24M | Scene, ViewLayer | Updating Geometry BVH common_master_bedroom_wardrobe_01_door_f5r_mesh 572/1230 | Building BVH
Fra:1 Mem:616.25M (Peak 616.39M) | Time:00:02.34 | Mem:258.08M, Peak:278.24M | Scene, ViewLayer | Updating Geometry BVH common_master_bedroom_wardrobe_01_door_f5b_mesh 573/1230 | Building BVH
Fra:1 Mem:616.25M (Peak 616.39M) | Time:00:02.34 | Mem:258.08M, Peak:278.24M | Scene, ViewLayer | Updating Geometry BVH common_master_bedroom_wardrobe_01_door_f5t_mesh 574/1230 | Building BVH
Fra:1 Mem:616.25M (Peak 616.39M) | Time:00:02.34 | Mem:258.11M, Peak:278.24M | Scene, ViewLayer | Updating Geometry BVH common_master_bedroom_wardrobe_01_door_f5c_mesh 575/1230 | Building BVH
Fra:1 Mem:616.25M (Peak 616.39M) | Time:00:02.34 | Mem:258.14M, Peak:278.24M | Scene, ViewLayer | Updating Geometry BVH common_master_bedroom_wardrobe_01_door_f6l_mesh 577/1230 | Building BVH
Fra:1 Mem:616.25M (Peak 616.39M) | Time:00:02.34 | Mem:258.14M, Peak:278.24M | Scene, ViewLayer | Updating Geometry BVH common_master_bedroom_wardrobe_01_door_f6b_mesh 579/1230 | Building BVH
Fra:1 Mem:616.25M (Peak 616.39M) | Time:00:02.34 | Mem:258.15M, Peak:278.24M | Scene, ViewLayer | Updating Geometry BVH common_master_bedroom_wardrobe_01_door_f6t_mesh 580/1230 | Building BVH
Fra:1 Mem:616.25M (Peak 616.39M) | Time:00:02.34 | Mem:258.15M, Peak:278.24M | Scene, ViewLayer | Updating Geometry BVH common_master_bedroom_wardrobe_01_door_p6_mesh 582/1230 | Building BVH
Fra:1 Mem:616.25M (Peak 616.39M) | Time:00:02.34 | Mem:258.25M, Peak:278.24M | Scene, ViewLayer | Updating Geometry BVH common_master_bedroom_open_niche_01_back_mesh 583/1230 | Building BVH
Fra:1 Mem:616.25M (Peak 616.39M) | Time:00:02.34 | Mem:258.26M, Peak:278.24M | Scene, ViewLayer | Updating Geometry BVH common_master_bedroom_open_niche_01_cheek0_mesh 584/1230 | Building BVH
Fra:1 Mem:616.25M (Peak 616.39M) | Time:00:02.34 | Mem:258.26M, Peak:278.24M | Scene, ViewLayer | Updating Geometry BVH A_living_dining_balcony_dining_chair_03_seat_mesh 1144/1230 | Building BVH
Fra:1 Mem:616.25M (Peak 616.39M) | Time:00:02.34 | Mem:258.27M, Peak:278.24M | Scene, ViewLayer | Updating Geometry BVH common_master_bedroom_open_niche_01_cheek1_mesh 585/1230 | Building BVH
Fra:1 Mem:616.25M (Peak 616.39M) | Time:00:02.34 | Mem:258.27M, Peak:278.24M | Scene, ViewLayer | Updating Geometry BVH common_master_bedroom_open_niche_01_bottom_mesh 587/1230 | Building BVH
Fra:1 Mem:616.25M (Peak 616.39M) | Time:00:02.34 | Mem:258.27M, Peak:278.24M | Scene, ViewLayer | Updating Geometry BVH common_master_bedroom_open_niche_01_sh0_mesh 588/1230 | Building BVH
Fra:1 Mem:616.25M (Peak 616.39M) | Time:00:02.34 | Mem:258.27M, Peak:278.24M | Scene, ViewLayer | Updating Geometry BVH common_master_bedroom_open_niche_01_sh2_mesh 590/1230 | Building BVH
Fra:1 Mem:616.25M (Peak 616.39M) | Time:00:02.34 | Mem:258.27M, Peak:278.24M | Scene, ViewLayer | Updating Geometry BVH common_master_bath_vanity_01_cab_mesh 591/1230 | Building BVH
Fra:1 Mem:616.25M (Peak 616.39M) | Time:00:02.34 | Mem:258.28M, Peak:278.24M | Scene, ViewLayer | Updating Geometry BVH common_master_bath_vanity_01_drw_f0_mesh 593/1230 | Building BVH
Fra:1 Mem:616.25M (Peak 616.39M) | Time:00:02.34 | Mem:258.30M, Peak:278.24M | Scene, ViewLayer | Updating Geometry BVH common_master_bath_vanity_01_drw_p0_mesh 594/1230 | Building BVH
Fra:1 Mem:616.25M (Peak 616.39M) | Time:00:02.34 | Mem:258.33M, Peak:278.24M | Scene, ViewLayer | Updating Geometry BVH common_master_bath_vanity_01_drw_f1_mesh 595/1230 | Building BVH
Fra:1 Mem:616.25M (Peak 616.39M) | Time:00:02.34 | Mem:258.39M, Peak:278.24M | Scene, ViewLayer | Updating Geometry BVH common_master_bath_vanity_01_drw_p1_mesh 596/1230 | Building BVH
Fra:1 Mem:616.25M (Peak 616.39M) | Time:00:02.34 | Mem:258.40M, Peak:278.24M | Scene, ViewLayer | Updating Geometry BVH common_master_bath_vanity_01_top_s1_mesh 597/1230 | Building BVH
Fra:1 Mem:616.25M (Peak 616.39M) | Time:00:02.34 | Mem:258.40M, Peak:278.24M | Scene, ViewLayer | Updating Geometry BVH common_master_bath_vanity_01_top_s2_mesh 598/1230 | Building BVH
Fra:1 Mem:616.25M (Peak 616.39M) | Time:00:02.34 | Mem:258.44M, Peak:278.24M | Scene, ViewLayer | Updating Geometry BVH common_master_bath_vanity_01_top_s3_mesh 599/1230 | Building BVH
Fra:1 Mem:616.25M (Peak 616.39M) | Time:00:02.34 | Mem:258.44M, Peak:278.24M | Scene, ViewLayer | Updating Geometry BVH common_master_bath_vanity_01_bowl_mesh 601/1230 | Building BVH
Fra:1 Mem:616.25M (Peak 616.39M) | Time:00:02.34 | Mem:258.45M, Peak:278.24M | Scene, ViewLayer | Updating Geometry BVH A_living_dining_balcony_dining_chair_02_armf1_mesh 1143/1230 | Building BVH
Fra:1 Mem:616.25M (Peak 616.39M) | Time:00:02.34 | Mem:258.48M, Peak:278.24M | Scene, ViewLayer | Updating Geometry BVH common_master_bath_vanity_01_fc_base_mesh 603/1230 | Building BVH
Fra:1 Mem:616.25M (Peak 616.39M) | Time:00:02.34 | Mem:258.48M, Peak:278.24M | Scene, ViewLayer | Updating Geometry BVH common_master_bath_vanity_01_fc_riser_mesh 604/1230 | Building BVH
Fra:1 Mem:616.25M (Peak 616.39M) | Time:00:02.34 | Mem:258.48M, Peak:278.24M | Scene, ViewLayer | Updating Geometry BVH common_master_bath_vanity_01_fc_tip_mesh 606/1230 | Building BVH
Fra:1 Mem:616.25M (Peak 616.39M) | Time:00:02.34 | Mem:258.49M, Peak:278.24M | Scene, ViewLayer | Updating Geometry BVH common_master_bath_mirror_cabinet_01_body_mesh 607/1230 | Building BVH
Fra:1 Mem:616.25M (Peak 616.39M) | Time:00:02.34 | Mem:258.49M, Peak:278.24M | Scene, ViewLayer | Updating Geometry BVH common_master_bath_mirror_cabinet_01_mir_f0_mesh 608/1230 | Building BVH
Fra:1 Mem:616.25M (Peak 616.39M) | Time:00:02.34 | Mem:258.52M, Peak:278.24M | Scene, ViewLayer | Updating Geometry BVH common_master_bath_toilet_01_tank_mesh 611/1230 | Building BVH
Fra:1 Mem:616.25M (Peak 616.39M) | Time:00:02.34 | Mem:258.54M, Peak:278.24M | Scene, ViewLayer | Updating Geometry BVH common_master_bath_glass_partition_01_fr0_mesh 612/1230 | Building BVH
Fra:1 Mem:616.25M (Peak 616.39M) | Time:00:02.34 | Mem:258.60M, Peak:278.24M | Scene, ViewLayer | Updating Geometry BVH common_master_bath_glass_partition_01_fr1_mesh 613/1230 | Building BVH
Fra:1 Mem:616.25M (Peak 616.39M) | Time:00:02.34 | Mem:258.62M, Peak:278.24M | Scene, ViewLayer | Updating Geometry BVH common_master_bath_glass_partition_01_fr2_mesh 614/1230 | Building BVH
Fra:1 Mem:616.25M (Peak 616.39M) | Time:00:02.34 | Mem:258.62M, Peak:278.24M | Scene, ViewLayer | Updating Geometry BVH common_master_bath_glass_partition_01_fr3_mesh 615/1230 | Building BVH
Fra:1 Mem:616.25M (Peak 616.39M) | Time:00:02.34 | Mem:258.64M, Peak:278.24M | Scene, ViewLayer | Updating Geometry BVH common_master_bath_glass_partition_01_fr4_mesh 616/1230 | Building BVH
Fra:1 Mem:616.25M (Peak 616.39M) | Time:00:02.34 | Mem:258.63M, Peak:278.24M | Scene, ViewLayer | Updating Geometry BVH common_master_bath_shower_floor_01_pan_mesh 617/1230 | Building BVH
Fra:1 Mem:616.25M (Peak 616.39M) | Time:00:02.35 | Mem:258.65M, Peak:278.24M | Scene, ViewLayer | Updating Geometry BVH common_master_bath_shower_floor_01_drain_mesh 618/1230 | Building BVH
Fra:1 Mem:616.25M (Peak 616.39M) | Time:00:02.35 | Mem:258.65M, Peak:278.24M | Scene, ViewLayer | Updating Geometry BVH common_corridor_vanity_01_cab_mesh 619/1230 | Building BVH
Fra:1 Mem:616.25M (Peak 616.39M) | Time:00:02.35 | Mem:258.66M, Peak:278.24M | Scene, ViewLayer | Updating Geometry BVH common_corridor_vanity_01_drw_gapbg_mesh 620/1230 | Building BVH
Fra:1 Mem:616.25M (Peak 616.39M) | Time:00:02.35 | Mem:258.66M, Peak:278.24M | Scene, ViewLayer | Updating Geometry BVH common_corridor_vanity_01_drw_f0_mesh 621/1230 | Building BVH
Fra:1 Mem:616.25M (Peak 616.39M) | Time:00:02.35 | Mem:258.67M, Peak:278.24M | Scene, ViewLayer | Updating Geometry BVH common_corridor_vanity_01_drw_p0_mesh 622/1230 | Building BVH
Fra:1 Mem:616.25M (Peak 616.39M) | Time:00:02.35 | Mem:258.69M, Peak:278.24M | Scene, ViewLayer | Updating Geometry BVH common_corridor_vanity_01_drw_f1_mesh 623/1230 | Building BVH
Fra:1 Mem:616.25M (Peak 616.39M) | Time:00:02.35 | Mem:258.73M, Peak:278.24M | Scene, ViewLayer | Updating Geometry BVH A_living_dining_balcony_dining_chair_02_arm1_mesh 1142/1230 | Building BVH
Fra:1 Mem:616.25M (Peak 616.39M) | Time:00:02.35 | Mem:258.73M, Peak:278.24M | Scene, ViewLayer | Updating Geometry BVH common_corridor_vanity_01_drw_p2_mesh 626/1230 | Building BVH
Fra:1 Mem:616.25M (Peak 616.39M) | Time:00:02.35 | Mem:258.73M, Peak:278.24M | Scene, ViewLayer | Updating Geometry BVH common_corridor_vanity_01_top_s1_mesh 627/1230 | Building BVH
Fra:1 Mem:616.25M (Peak 616.39M) | Time:00:02.35 | Mem:258.73M, Peak:278.24M | Scene, ViewLayer | Updating Geometry BVH common_corridor_vanity_01_top_s2_mesh 628/1230 | Building BVH
Fra:1 Mem:616.25M (Peak 616.39M) | Time:00:02.35 | Mem:258.73M, Peak:278.24M | Scene, ViewLayer | Updating Geometry BVH common_corridor_vanity_01_top_s3_mesh 629/1230 | Building BVH
Fra:1 Mem:616.25M (Peak 616.39M) | Time:00:02.35 | Mem:258.74M, Peak:278.24M | Scene, ViewLayer | Updating Geometry BVH common_corridor_vanity_01_top_s4_mesh 630/1230 | Building BVH
Fra:1 Mem:616.25M (Peak 616.39M) | Time:00:02.35 | Mem:258.82M, Peak:278.24M | Scene, ViewLayer | Updating Geometry BVH common_corridor_vanity_01_top_s5_mesh 631/1230 | Building BVH
Fra:1 Mem:616.25M (Peak 616.39M) | Time:00:02.35 | Mem:258.86M, Peak:278.24M | Scene, ViewLayer | Updating Geometry BVH common_corridor_vanity_01_bowl_mesh 632/1230 | Building BVH
Fra:1 Mem:616.25M (Peak 616.39M) | Time:00:02.35 | Mem:258.86M, Peak:278.24M | Scene, ViewLayer | Updating Geometry BVH common_corridor_vanity_01_cav_mesh 633/1230 | Building BVH
Fra:1 Mem:616.25M (Peak 616.39M) | Time:00:02.35 | Mem:258.86M, Peak:278.24M | Scene, ViewLayer | Updating Geometry BVH common_corridor_vanity_01_fc353_base_mesh 634/1230 | Building BVH
Fra:1 Mem:616.25M (Peak 616.39M) | Time:00:02.35 | Mem:258.88M, Peak:278.24M | Scene, ViewLayer | Updating Geometry BVH common_corridor_vanity_01_fc353_riser_mesh 635/1230 | Building BVH
Fra:1 Mem:616.25M (Peak 616.39M) | Time:00:02.35 | Mem:258.90M, Peak:278.24M | Scene, ViewLayer | Updating Geometry BVH common_corridor_vanity_01_fc353_spout_mesh 636/1230 | Building BVH
Fra:1 Mem:616.25M (Peak 616.39M) | Time:00:02.35 | Mem:258.90M, Peak:278.24M | Scene, ViewLayer | Updating Geometry BVH common_corridor_vanity_01_fc353_tip_mesh 637/1230 | Building BVH
Fra:1 Mem:616.25M (Peak 616.39M) | Time:00:02.35 | Mem:258.90M, Peak:278.24M | Scene, ViewLayer | Updating Geometry BVH common_corridor_vanity_01_cav_mesh.001 639/1230 | Building BVH
Fra:1 Mem:616.25M (Peak 616.39M) | Time:00:02.35 | Mem:258.90M, Peak:278.24M | Scene, ViewLayer | Updating Geometry BVH common_corridor_vanity_01_fc281_base_mesh 640/1230 | Building BVH
Fra:1 Mem:616.25M (Peak 616.39M) | Time:00:02.35 | Mem:258.90M, Peak:278.24M | Scene, ViewLayer | Updating Geometry BVH common_corridor_vanity_01_fc281_riser_mesh 641/1230 | Building BVH
Fra:1 Mem:616.25M (Peak 616.39M) | Time:00:02.35 | Mem:258.91M, Peak:278.24M | Scene, ViewLayer | Updating Geometry BVH common_corridor_vanity_01_fc281_spout_mesh 642/1230 | Building BVH
Fra:1 Mem:616.25M (Peak 616.39M) | Time:00:02.35 | Mem:258.95M, Peak:278.24M | Scene, ViewLayer | Updating Geometry BVH common_corridor_vanity_01_fc281_tip_mesh 643/1230 | Building BVH
Fra:1 Mem:616.26M (Peak 616.39M) | Time:00:02.35 | Mem:258.95M, Peak:278.24M | Scene, ViewLayer | Updating Geometry BVH common_corridor_mirror_cabinet_01_body_mesh 644/1230 | Building BVH
Fra:1 Mem:616.26M (Peak 616.39M) | Time:00:02.35 | Mem:258.97M, Peak:278.24M | Scene, ViewLayer | Updating Geometry BVH common_corridor_mirror_cabinet_01_mir_f0_mesh 645/1230 | Building BVH
Fra:1 Mem:616.26M (Peak 616.39M) | Time:00:02.35 | Mem:258.97M, Peak:278.24M | Scene, ViewLayer | Updating Geometry BVH common_public_bath_wet_shower_floor_01_pan_mesh 647/1230 | Building BVH
Fra:1 Mem:616.26M (Peak 616.39M) | Time:00:02.35 | Mem:258.98M, Peak:278.24M | Scene, ViewLayer | Updating Geometry BVH common_public_bath_wet_shower_floor_01_drain_mesh 648/1230 | Building BVH
Fra:1 Mem:616.26M (Peak 616.39M) | Time:00:02.35 | Mem:259.04M, Peak:278.24M | Scene, ViewLayer | Updating Geometry BVH common_public_bath_wet_glass_partition_01_fr0_mesh 649/1230 | Building BVH
Fra:1 Mem:616.26M (Peak 616.39M) | Time:00:02.35 | Mem:259.04M, Peak:278.24M | Scene, ViewLayer | Updating Geometry BVH common_public_bath_wet_glass_partition_01_fr1_mesh 650/1230 | Building BVH
Fra:1 Mem:616.26M (Peak 616.39M) | Time:00:02.35 | Mem:259.04M, Peak:278.24M | Scene, ViewLayer | Updating Geometry BVH A_living_dining_balcony_dining_chair_02_armf0_mesh 1141/1230 | Building BVH
Fra:1 Mem:616.26M (Peak 616.39M) | Time:00:02.35 | Mem:259.05M, Peak:278.24M | Scene, ViewLayer | Updating Geometry BVH common_public_bath_wet_glass_partition_01_fr2_mesh 651/1230 | Building BVH
Fra:1 Mem:616.26M (Peak 616.39M) | Time:00:02.35 | Mem:259.08M, Peak:278.24M | Scene, ViewLayer | Updating Geometry BVH common_public_bath_wet_glass_partition_01_fr3_mesh 652/1230 | Building BVH
Fra:1 Mem:616.26M (Peak 616.39M) | Time:00:02.35 | Mem:259.08M, Peak:278.24M | Scene, ViewLayer | Updating Geometry BVH common_public_bath_wet_glass_partition_01_fr4_mesh 653/1230 | Building BVH
Fra:1 Mem:616.26M (Peak 616.39M) | Time:00:02.35 | Mem:259.08M, Peak:278.24M | Scene, ViewLayer | Updating Geometry BVH common_public_bath_wet_toilet_01_base_mesh 654/1230 | Building BVH
Fra:1 Mem:616.26M (Peak 616.39M) | Time:00:02.35 | Mem:259.08M, Peak:278.24M | Scene, ViewLayer | Updating Geometry BVH common_public_bath_wet_toilet_01_seat_mesh 655/1230 | Building BVH
Fra:1 Mem:616.26M (Peak 616.39M) | Time:00:02.35 | Mem:259.09M, Peak:278.24M | Scene, ViewLayer | Updating Geometry BVH common_public_bath_wet_toilet_01_tank_mesh 656/1230 | Building BVH
Fra:1 Mem:616.26M (Peak 616.39M) | Time:00:02.35 | Mem:259.13M, Peak:278.24M | Scene, ViewLayer | Updating Geometry BVH common_parents_room_wardrobe_01_body_mesh 657/1230 | Building BVH
Fra:1 Mem:616.26M (Peak 616.39M) | Time:00:02.35 | Mem:259.15M, Peak:278.24M | Scene, ViewLayer | Updating Geometry BVH common_parents_room_wardrobe_01_slA_f0_mesh 658/1230 | Building BVH
Fra:1 Mem:616.26M (Peak 616.39M) | Time:00:02.35 | Mem:259.15M, Peak:278.24M | Scene, ViewLayer | Updating Geometry BVH common_parents_room_wardrobe_01_slA_f1_mesh 659/1230 | Building BVH
Fra:1 Mem:616.26M (Peak 616.39M) | Time:00:02.35 | Mem:259.15M, Peak:278.24M | Scene, ViewLayer | Updating Geometry BVH common_parents_room_wardrobe_01_slB_f0_mesh 661/1230 | Building BVH
Fra:1 Mem:616.26M (Peak 616.39M) | Time:00:02.35 | Mem:259.16M, Peak:278.24M | Scene, ViewLayer | Updating Geometry BVH common_parents_room_wardrobe_01_slB_f1_mesh 662/1230 | Building BVH
Fra:1 Mem:616.26M (Peak 616.39M) | Time:00:02.35 | Mem:259.20M, Peak:278.24M | Scene, ViewLayer | Updating Geometry BVH common_parents_room_wardrobe_01_slB_f2_mesh 663/1230 | Building BVH
Fra:1 Mem:616.26M (Peak 616.39M) | Time:00:02.35 | Mem:259.22M, Peak:278.24M | Scene, ViewLayer | Updating Geometry BVH common_master_bedroom_screen_01_slat00_mesh 664/1230 | Building BVH
Fra:1 Mem:616.26M (Peak 616.39M) | Time:00:02.35 | Mem:259.25M, Peak:278.24M | Scene, ViewLayer | Updating Geometry BVH common_master_bedroom_screen_01_slat01_mesh 665/1230 | Building BVH
Fra:1 Mem:616.26M (Peak 616.39M) | Time:00:02.35 | Mem:259.29M, Peak:278.24M | Scene, ViewLayer | Updating Geometry BVH common_master_bedroom_screen_01_slat02_mesh 666/1230 | Building BVH
Fra:1 Mem:616.26M (Peak 616.39M) | Time:00:02.35 | Mem:259.29M, Peak:278.24M | Scene, ViewLayer | Updating Geometry BVH common_master_bedroom_screen_01_slat03_mesh 667/1230 | Building BVH
Fra:1 Mem:616.26M (Peak 616.39M) | Time:00:02.35 | Mem:259.29M, Peak:278.24M | Scene, ViewLayer | Updating Geometry BVH common_master_bedroom_screen_01_slat04_mesh 668/1230 | Building BVH
Fra:1 Mem:616.26M (Peak 616.39M) | Time:00:02.35 | Mem:259.34M, Peak:278.24M | Scene, ViewLayer | Updating Geometry BVH common_master_bedroom_screen_01_slat05_mesh 669/1230 | Building BVH
Fra:1 Mem:616.26M (Peak 616.39M) | Time:00:02.35 | Mem:259.33M, Peak:278.24M | Scene, ViewLayer | Updating Geometry BVH common_master_bedroom_screen_01_slat06_mesh 670/1230 | Building BVH
Fra:1 Mem:616.26M (Peak 616.39M) | Time:00:02.35 | Mem:259.34M, Peak:278.24M | Scene, ViewLayer | Updating Geometry BVH A_living_dining_balcony_dining_chair_02_arm0_mesh 1140/1230 | Building BVH
Fra:1 Mem:616.26M (Peak 616.39M) | Time:00:02.35 | Mem:259.35M, Peak:278.24M | Scene, ViewLayer | Updating Geometry BVH common_master_bedroom_screen_01_slat07_mesh 671/1230 | Building BVH
Fra:1 Mem:616.26M (Peak 616.39M) | Time:00:02.35 | Mem:259.37M, Peak:278.24M | Scene, ViewLayer | Updating Geometry BVH common_master_bedroom_screen_01_slat08_mesh 672/1230 | Building BVH
Fra:1 Mem:616.26M (Peak 616.39M) | Time:00:02.35 | Mem:259.38M, Peak:278.24M | Scene, ViewLayer | Updating Geometry BVH common_master_bedroom_screen_01_slat09_mesh 673/1230 | Building BVH
Fra:1 Mem:616.26M (Peak 616.39M) | Time:00:02.35 | Mem:259.43M, Peak:278.24M | Scene, ViewLayer | Updating Geometry BVH common_master_bedroom_screen_01_slat10_mesh 674/1230 | Building BVH
Fra:1 Mem:616.26M (Peak 616.39M) | Time:00:02.35 | Mem:259.42M, Peak:278.24M | Scene, ViewLayer | Updating Geometry BVH common_master_bedroom_screen_01_slat11_mesh 675/1230 | Building BVH
Fra:1 Mem:616.26M (Peak 616.39M) | Time:00:02.35 | Mem:259.43M, Peak:278.24M | Scene, ViewLayer | Updating Geometry BVH common_master_bedroom_screen_01_slat12_mesh 676/1230 | Building BVH
Fra:1 Mem:616.26M (Peak 616.39M) | Time:00:02.35 | Mem:259.44M, Peak:278.24M | Scene, ViewLayer | Updating Geometry BVH common_master_bedroom_screen_01_slat13_mesh 677/1230 | Building BVH
Fra:1 Mem:616.26M (Peak 616.39M) | Time:00:02.35 | Mem:259.49M, Peak:278.24M | Scene, ViewLayer | Updating Geometry BVH common_master_bedroom_screen_01_slat14_mesh 678/1230 | Building BVH
Fra:1 Mem:616.26M (Peak 616.39M) | Time:00:02.35 | Mem:259.49M, Peak:278.24M | Scene, ViewLayer | Updating Geometry BVH common_master_bedroom_screen_01_slat15_mesh 679/1230 | Building BVH
Fra:1 Mem:616.26M (Peak 616.39M) | Time:00:02.35 | Mem:259.51M, Peak:278.24M | Scene, ViewLayer | Updating Geometry BVH common_master_bedroom_screen_01_slat16_mesh 680/1230 | Building BVH
Fra:1 Mem:616.26M (Peak 616.39M) | Time:00:02.35 | Mem:259.51M, Peak:278.24M | Scene, ViewLayer | Updating Geometry BVH common_master_bedroom_screen_01_cap_mesh 683/1230 | Building BVH
Fra:1 Mem:616.26M (Peak 616.39M) | Time:00:02.35 | Mem:259.51M, Peak:278.24M | Scene, ViewLayer | Updating Geometry BVH mb_shower_mixer_mesh 684/1230 | Building BVH
Fra:1 Mem:616.26M (Peak 616.39M) | Time:00:02.35 | Mem:259.52M, Peak:278.24M | Scene, ViewLayer | Updating Geometry BVH mb_shower_rail_mesh 685/1230 | Building BVH
Fra:1 Mem:616.26M (Peak 616.39M) | Time:00:02.35 | Mem:259.52M, Peak:278.24M | Scene, ViewLayer | Updating Geometry BVH mb_shower_hand_mesh 686/1230 | Building BVH
Fra:1 Mem:616.26M (Peak 616.39M) | Time:00:02.35 | Mem:259.53M, Peak:278.24M | Scene, ViewLayer | Updating Geometry BVH mb_shower_arm_mesh 687/1230 | Building BVH
Fra:1 Mem:616.26M (Peak 616.39M) | Time:00:02.35 | Mem:259.58M, Peak:278.24M | Scene, ViewLayer | Updating Geometry BVH mb_shower_rain_mesh 688/1230 | Building BVH
Fra:1 Mem:616.26M (Peak 616.39M) | Time:00:02.35 | Mem:259.61M, Peak:278.24M | Scene, ViewLayer | Updating Geometry BVH fx_mb_niche_back_mesh 689/1230 | Building BVH
Fra:1 Mem:616.26M (Peak 616.39M) | Time:00:02.35 | Mem:259.61M, Peak:278.24M | Scene, ViewLayer | Updating Geometry BVH fx_mb_niche_side0_mesh 690/1230 | Building BVH
Fra:1 Mem:616.26M (Peak 616.39M) | Time:00:02.35 | Mem:259.61M, Peak:278.24M | Scene, ViewLayer | Updating Geometry BVH fx_mb_niche_side1_mesh 691/1230 | Building BVH
Fra:1 Mem:616.26M (Peak 616.39M) | Time:00:02.35 | Mem:259.61M, Peak:278.24M | Scene, ViewLayer | Updating Geometry BVH A_living_dining_balcony_dining_chair_02_legt3_mesh 1139/1230 | Building BVH
Fra:1 Mem:616.26M (Peak 616.39M) | Time:00:02.35 | Mem:259.61M, Peak:278.24M | Scene, ViewLayer | Updating Geometry BVH fx_mb_paper_rod_mesh 695/1230 | Building BVH
Fra:1 Mem:616.26M (Peak 616.39M) | Time:00:02.35 | Mem:259.62M, Peak:278.24M | Scene, ViewLayer | Updating Geometry BVH pb_shower_mixer_mesh 696/1230 | Building BVH
Fra:1 Mem:616.26M (Peak 616.39M) | Time:00:02.35 | Mem:259.63M, Peak:278.24M | Scene, ViewLayer | Updating Geometry BVH pb_shower_hand_mesh 698/1230 | Building BVH
Fra:1 Mem:616.26M (Peak 616.39M) | Time:00:02.35 | Mem:259.69M, Peak:278.24M | Scene, ViewLayer | Updating Geometry BVH pb_shower_arm_mesh 699/1230 | Building BVH
Fra:1 Mem:616.26M (Peak 616.39M) | Time:00:02.35 | Mem:259.69M, Peak:278.24M | Scene, ViewLayer | Updating Geometry BVH pb_shower_rain_mesh 700/1230 | Building BVH
Fra:1 Mem:616.26M (Peak 616.39M) | Time:00:02.35 | Mem:259.71M, Peak:278.24M | Scene, ViewLayer | Updating Geometry BVH fx_pb_niche_back_mesh 701/1230 | Building BVH
Fra:1 Mem:616.26M (Peak 616.39M) | Time:00:02.35 | Mem:259.74M, Peak:278.24M | Scene, ViewLayer | Updating Geometry BVH fx_pb_niche_side0_mesh 702/1230 | Building BVH
Fra:1 Mem:616.26M (Peak 616.39M) | Time:00:02.35 | Mem:259.74M, Peak:278.24M | Scene, ViewLayer | Updating Geometry BVH fx_pb_niche_side1_mesh 703/1230 | Building BVH
Fra:1 Mem:616.26M (Peak 616.39M) | Time:00:02.35 | Mem:259.74M, Peak:278.24M | Scene, ViewLayer | Updating Geometry BVH fx_pb_niche_btm_mesh 704/1230 | Building BVH
Fra:1 Mem:616.26M (Peak 616.39M) | Time:00:02.35 | Mem:259.75M, Peak:278.24M | Scene, ViewLayer | Updating Geometry BVH fx_pb_niche_top_mesh 705/1230 | Building BVH
Fra:1 Mem:616.26M (Peak 616.39M) | Time:00:02.35 | Mem:259.76M, Peak:278.24M | Scene, ViewLayer | Updating Geometry BVH fx_stool_top_mesh 706/1230 | Building BVH
Fra:1 Mem:616.26M (Peak 616.39M) | Time:00:02.36 | Mem:259.79M, Peak:278.24M | Scene, ViewLayer | Updating Geometry BVH fx_stool_leg0_mesh 707/1230 | Building BVH
Fra:1 Mem:616.26M (Peak 616.39M) | Time:00:02.36 | Mem:259.79M, Peak:278.24M | Scene, ViewLayer | Updating Geometry BVH fx_stool_leg2_mesh 709/1230 | Building BVH
Fra:1 Mem:616.26M (Peak 616.39M) | Time:00:02.36 | Mem:259.79M, Peak:278.24M | Scene, ViewLayer | Updating Geometry BVH fx_stool_leg3_mesh 710/1230 | Building BVH
Fra:1 Mem:616.26M (Peak 616.39M) | Time:00:02.36 | Mem:259.79M, Peak:278.24M | Scene, ViewLayer | Updating Geometry BVH common_foyer_stool_01_leg1_mesh 713/1230 | Building BVH
Fra:1 Mem:616.26M (Peak 616.39M) | Time:00:02.36 | Mem:259.79M, Peak:278.24M | Scene, ViewLayer | Updating Geometry BVH common_foyer_stool_01_leg2_mesh 714/1230 | Building BVH
Fra:1 Mem:616.26M (Peak 616.39M) | Time:00:02.36 | Mem:259.79M, Peak:278.24M | Scene, ViewLayer | Updating Geometry BVH common_living_dining_balcony_plant_01_stem_mesh 716/1230 | Building BVH
Fra:1 Mem:616.26M (Peak 616.39M) | Time:00:02.36 | Mem:259.80M, Peak:278.24M | Scene, ViewLayer | Updating Geometry BVH common_living_dining_balcony_plant_01_leaf0_mesh 717/1230 | Building BVH
Fra:1 Mem:616.26M (Peak 616.39M) | Time:00:02.36 | Mem:259.82M, Peak:278.24M | Scene, ViewLayer | Updating Geometry BVH A_living_dining_balcony_dining_chair_02_leg3_mesh 1138/1230 | Building BVH
Fra:1 Mem:616.26M (Peak 616.39M) | Time:00:02.36 | Mem:259.83M, Peak:278.24M | Scene, ViewLayer | Updating Geometry BVH common_living_dining_balcony_plant_01_leaf1_mesh 718/1230 | Building BVH
Fra:1 Mem:616.26M (Peak 616.39M) | Time:00:02.36 | Mem:259.85M, Peak:278.24M | Scene, ViewLayer | Updating Geometry BVH common_living_dining_balcony_plant_01_leaf3_mesh 720/1230 | Building BVH
Fra:1 Mem:616.26M (Peak 616.39M) | Time:00:02.36 | Mem:259.85M, Peak:278.24M | Scene, ViewLayer | Updating Geometry BVH common_living_dining_balcony_plant_01_leaf4_mesh 721/1230 | Building BVH
Fra:1 Mem:616.26M (Peak 616.39M) | Time:00:02.36 | Mem:259.88M, Peak:278.24M | Scene, ViewLayer | Updating Geometry BVH common_living_dining_balcony_plant_01_leaf5_mesh 722/1230 | Building BVH
Fra:1 Mem:616.26M (Peak 616.39M) | Time:00:02.36 | Mem:259.91M, Peak:278.24M | Scene, ViewLayer | Updating Geometry BVH common_living_dining_balcony_plant_01_leaf7_mesh 724/1230 | Building BVH
Fra:1 Mem:616.26M (Peak 616.39M) | Time:00:02.36 | Mem:259.92M, Peak:278.24M | Scene, ViewLayer | Updating Geometry BVH common_living_dining_balcony_planter_01_pot_mesh 725/1230 | Building BVH
Fra:1 Mem:616.26M (Peak 616.39M) | Time:00:02.36 | Mem:259.93M, Peak:278.24M | Scene, ViewLayer | Updating Geometry BVH common_living_dining_balcony_stool_01_top_mesh 726/1230 | Building BVH
Fra:1 Mem:616.26M (Peak 616.39M) | Time:00:02.36 | Mem:259.93M, Peak:278.24M | Scene, ViewLayer | Updating Geometry BVH common_living_dining_balcony_stool_01_post_mesh 727/1230 | Building BVH
Fra:1 Mem:616.26M (Peak 616.39M) | Time:00:02.36 | Mem:259.95M, Peak:278.24M | Scene, ViewLayer | Updating Geometry BVH common_living_dining_balcony_stool_01_jar_mesh 728/1230 | Building BVH
Fra:1 Mem:616.26M (Peak 616.39M) | Time:00:02.36 | Mem:259.95M, Peak:278.24M | Scene, ViewLayer | Updating Geometry BVH common_living_dining_balcony_artwork_01_canvas_mesh 729/1230 | Building BVH
Fra:1 Mem:616.26M (Peak 616.39M) | Time:00:02.36 | Mem:260.15M, Peak:278.24M | Scene, ViewLayer | Updating Geometry BVH common_living_dining_balcony_artwork_01_lamp_mesh 730/1230 | Building BVH
Fra:1 Mem:616.26M (Peak 616.39M) | Time:00:02.36 | Mem:260.15M, Peak:278.24M | Scene, ViewLayer | Updating Geometry BVH common_master_bedroom_dressing_table_01_top_mesh 731/1230 | Building BVH
Fra:1 Mem:616.26M (Peak 616.39M) | Time:00:02.36 | Mem:260.14M, Peak:278.24M | Scene, ViewLayer | Updating Geometry BVH common_master_bedroom_dressing_table_01_side0_mesh 732/1230 | Building BVH
Fra:1 Mem:616.26M (Peak 616.39M) | Time:00:02.36 | Mem:260.15M, Peak:278.24M | Scene, ViewLayer | Updating Geometry BVH common_master_bedroom_dressing_table_01_side1_mesh 733/1230 | Building BVH
Fra:1 Mem:616.26M (Peak 616.39M) | Time:00:02.36 | Mem:260.17M, Peak:278.24M | Scene, ViewLayer | Updating Geometry BVH common_master_bedroom_dressing_table_01_shelf_mesh 734/1230 | Building BVH
Fra:1 Mem:616.26M (Peak 616.39M) | Time:00:02.36 | Mem:260.20M, Peak:278.24M | Scene, ViewLayer | Updating Geometry BVH A_living_dining_balcony_dining_chair_02_legt2_mesh 1137/1230 | Building BVH
Fra:1 Mem:616.26M (Peak 616.39M) | Time:00:02.36 | Mem:260.19M, Peak:278.24M | Scene, ViewLayer | Updating Geometry BVH common_master_bedroom_dressing_table_01_door_gapbg_mesh 736/1230 | Building BVH
Fra:1 Mem:616.26M (Peak 616.39M) | Time:00:02.36 | Mem:260.19M, Peak:278.24M | Scene, ViewLayer | Updating Geometry BVH common_master_bedroom_dressing_table_01_door_f0t_mesh 740/1230 | Building BVH
Fra:1 Mem:616.26M (Peak 616.39M) | Time:00:02.36 | Mem:260.19M, Peak:278.24M | Scene, ViewLayer | Updating Geometry BVH common_master_bedroom_dressing_table_01_door_f0c_mesh 741/1230 | Building BVH
Fra:1 Mem:616.26M (Peak 616.39M) | Time:00:02.36 | Mem:260.16M, Peak:278.24M | Scene, ViewLayer | Updating Geometry BVH common_master_bedroom_dressing_table_01_door_f1l_mesh 743/1230 | Building BVH
Fra:1 Mem:616.26M (Peak 616.39M) | Time:00:02.36 | Mem:260.18M, Peak:278.24M | Scene, ViewLayer | Updating Geometry BVH common_master_bedroom_dressing_table_01_door_f1r_mesh 744/1230 | Building BVH
Fra:1 Mem:616.26M (Peak 616.39M) | Time:00:02.36 | Mem:260.27M, Peak:278.24M | Scene, ViewLayer | Updating Geometry BVH common_master_bedroom_dressing_table_01_door_f1b_mesh 745/1230 | Building BVH
Fra:1 Mem:616.26M (Peak 616.39M) | Time:00:02.36 | Mem:260.30M, Peak:278.24M | Scene, ViewLayer | Updating Geometry BVH common_master_bedroom_dressing_table_01_door_f1t_mesh 746/1230 | Building BVH
Fra:1 Mem:616.26M (Peak 616.39M) | Time:00:02.36 | Mem:260.33M, Peak:278.24M | Scene, ViewLayer | Updating Geometry BVH common_master_bedroom_dressing_table_01_door_f1c_mesh 747/1230 | Building BVH
Fra:1 Mem:616.26M (Peak 616.39M) | Time:00:02.36 | Mem:260.36M, Peak:278.24M | Scene, ViewLayer | Updating Geometry BVH common_master_bedroom_dressing_table_01_door_p1_mesh 748/1230 | Building BVH
Fra:1 Mem:616.26M (Peak 616.39M) | Time:00:02.36 | Mem:260.36M, Peak:278.24M | Scene, ViewLayer | Updating Geometry BVH common_master_bedroom_dressing_table_01_door_f2l_mesh 749/1230 | Building BVH
Fra:1 Mem:616.26M (Peak 616.39M) | Time:00:02.36 | Mem:260.38M, Peak:278.24M | Scene, ViewLayer | Updating Geometry BVH common_master_bedroom_dressing_table_01_door_f2r_mesh 750/1230 | Building BVH
Fra:1 Mem:616.26M (Peak 616.39M) | Time:00:02.36 | Mem:260.38M, Peak:278.24M | Scene, ViewLayer | Updating Geometry BVH common_master_bedroom_dressing_table_01_door_f2b_mesh 751/1230 | Building BVH
Fra:1 Mem:616.26M (Peak 616.39M) | Time:00:02.36 | Mem:260.41M, Peak:278.24M | Scene, ViewLayer | Updating Geometry BVH common_master_bedroom_dressing_table_01_door_f2t_mesh 752/1230 | Building BVH
Fra:1 Mem:616.26M (Peak 616.39M) | Time:00:02.36 | Mem:260.42M, Peak:278.24M | Scene, ViewLayer | Updating Geometry BVH common_master_bedroom_dressing_table_01_door_f2c_mesh 753/1230 | Building BVH
Fra:1 Mem:616.26M (Peak 616.39M) | Time:00:02.36 | Mem:260.43M, Peak:278.24M | Scene, ViewLayer | Updating Geometry BVH common_master_bedroom_dressing_table_01_door_p2_mesh 754/1230 | Building BVH
Fra:1 Mem:616.26M (Peak 616.39M) | Time:00:02.36 | Mem:260.45M, Peak:278.24M | Scene, ViewLayer | Updating Geometry BVH common_master_bedroom_dressing_table_01_mirror_mesh 755/1230 | Building BVH
Fra:1 Mem:616.26M (Peak 616.39M) | Time:00:02.36 | Mem:260.45M, Peak:278.24M | Scene, ViewLayer | Updating Geometry BVH common_master_bedroom_stool_01_leg0_mesh 757/1230 | Building BVH
Fra:1 Mem:616.26M (Peak 616.39M) | Time:00:02.36 | Mem:260.45M, Peak:278.24M | Scene, ViewLayer | Updating Geometry BVH common_master_bedroom_stool_01_leg2_mesh 759/1230 | Building BVH
Fra:1 Mem:616.26M (Peak 616.39M) | Time:00:02.36 | Mem:260.45M, Peak:278.24M | Scene, ViewLayer | Updating Geometry BVH common_master_bedroom_stool_01_leg3_mesh 760/1230 | Building BVH
Fra:1 Mem:616.26M (Peak 616.39M) | Time:00:02.36 | Mem:260.46M, Peak:278.24M | Scene, ViewLayer | Updating Geometry BVH common_master_bedroom_bed_01_frame_mesh 761/1230 | Building BVH
Fra:1 Mem:616.26M (Peak 616.39M) | Time:00:02.36 | Mem:260.49M, Peak:278.24M | Scene, ViewLayer | Updating Geometry BVH common_master_bedroom_bed_01_mattress_mesh 762/1230 | Building BVH
Fra:1 Mem:616.26M (Peak 616.39M) | Time:00:02.36 | Mem:260.51M, Peak:278.24M | Scene, ViewLayer | Updating Geometry BVH common_master_bedroom_bed_01_duvet_mesh 763/1230 | Building BVH
Fra:1 Mem:616.26M (Peak 616.39M) | Time:00:02.36 | Mem:260.56M, Peak:278.24M | Scene, ViewLayer | Updating Geometry BVH common_master_bedroom_bed_01_duvetdrop_mesh 764/1230 | Building BVH
Fra:1 Mem:616.26M (Peak 616.39M) | Time:00:02.36 | Mem:260.56M, Peak:278.24M | Scene, ViewLayer | Updating Geometry BVH common_master_bedroom_bed_01_duvetdrop2_mesh 765/1230 | Building BVH
Fra:1 Mem:616.26M (Peak 616.39M) | Time:00:02.36 | Mem:260.56M, Peak:278.24M | Scene, ViewLayer | Updating Geometry BVH common_master_bedroom_bed_01_pillow1_mesh 766/1230 | Building BVH
Fra:1 Mem:616.26M (Peak 616.39M) | Time:00:02.36 | Mem:260.56M, Peak:278.24M | Scene, ViewLayer | Updating Geometry BVH common_master_bedroom_bed_01_throw_mesh 768/1230 | Building BVH
Fra:1 Mem:616.26M (Peak 616.39M) | Time:00:02.36 | Mem:260.59M, Peak:278.24M | Scene, ViewLayer | Updating Geometry BVH common_master_bedroom_nightstand_01_drw_gapbg_mesh 771/1230 | Building BVH
Fra:1 Mem:616.26M (Peak 616.39M) | Time:00:02.36 | Mem:260.60M, Peak:278.24M | Scene, ViewLayer | Updating Geometry BVH common_master_bedroom_nightstand_01_drw_f0_mesh 772/1230 | Building BVH
Fra:1 Mem:616.26M (Peak 616.39M) | Time:00:02.36 | Mem:260.62M, Peak:278.24M | Scene, ViewLayer | Updating Geometry BVH common_master_bedroom_nightstand_01_drw_p0_mesh 773/1230 | Building BVH
Fra:1 Mem:616.26M (Peak 616.39M) | Time:00:02.36 | Mem:260.62M, Peak:278.24M | Scene, ViewLayer | Updating Geometry BVH common_master_bedroom_nightstand_01_leg0_mesh 774/1230 | Building BVH
Fra:1 Mem:616.26M (Peak 616.39M) | Time:00:02.36 | Mem:260.71M, Peak:278.24M | Scene, ViewLayer | Updating Geometry BVH A_living_dining_balcony_dining_chair_02_leg2_mesh 1136/1230 | Building BVH
Fra:1 Mem:616.26M (Peak 616.39M) | Time:00:02.36 | Mem:260.70M, Peak:278.24M | Scene, ViewLayer | Updating Geometry BVH common_master_bedroom_nightstand_01_leg1_mesh 775/1230 | Building BVH
Fra:1 Mem:616.26M (Peak 616.39M) | Time:00:02.36 | Mem:260.70M, Peak:278.24M | Scene, ViewLayer | Updating Geometry BVH common_master_bedroom_nightstand_01_leg2_mesh 776/1230 | Building BVH
Fra:1 Mem:616.26M (Peak 616.39M) | Time:00:02.36 | Mem:260.70M, Peak:278.24M | Scene, ViewLayer | Updating Geometry BVH common_master_bedroom_nightstand_01_leg3_mesh 777/1230 | Building BVH
Fra:1 Mem:616.26M (Peak 616.39M) | Time:00:02.36 | Mem:260.71M, Peak:278.24M | Scene, ViewLayer | Updating Geometry BVH common_master_bedroom_nightstand_02_body_mesh 778/1230 | Building BVH
Fra:1 Mem:616.26M (Peak 616.39M) | Time:00:02.36 | Mem:260.72M, Peak:278.24M | Scene, ViewLayer | Updating Geometry BVH common_master_bedroom_nightstand_02_drw_gapbg_mesh 779/1230 | Building BVH
Fra:1 Mem:616.26M (Peak 616.39M) | Time:00:02.36 | Mem:260.72M, Peak:278.24M | Scene, ViewLayer | Updating Geometry BVH common_master_bedroom_nightstand_02_drw_f0_mesh 780/1230 | Building BVH
Fra:1 Mem:616.26M (Peak 616.39M) | Time:00:02.36 | Mem:260.74M, Peak:278.24M | Scene, ViewLayer | Updating Geometry BVH common_master_bedroom_nightstand_02_drw_p0_mesh 781/1230 | Building BVH
Fra:1 Mem:616.26M (Peak 616.39M) | Time:00:02.36 | Mem:260.74M, Peak:278.24M | Scene, ViewLayer | Updating Geometry BVH common_master_bedroom_nightstand_02_leg0_mesh 782/1230 | Building BVH
Fra:1 Mem:616.26M (Peak 616.39M) | Time:00:02.36 | Mem:260.77M, Peak:278.24M | Scene, ViewLayer | Updating Geometry BVH common_master_bedroom_nightstand_02_leg1_mesh 783/1230 | Building BVH
Fra:1 Mem:616.26M (Peak 616.39M) | Time:00:02.36 | Mem:260.77M, Peak:278.24M | Scene, ViewLayer | Updating Geometry BVH common_master_bedroom_nightstand_02_leg2_mesh 784/1230 | Building BVH
Fra:1 Mem:616.26M (Peak 616.39M) | Time:00:02.36 | Mem:260.78M, Peak:278.24M | Scene, ViewLayer | Updating Geometry BVH common_master_bedroom_nightstand_02_leg3_mesh 785/1230 | Building BVH
Fra:1 Mem:616.26M (Peak 616.39M) | Time:00:02.36 | Mem:260.80M, Peak:278.24M | Scene, ViewLayer | Updating Geometry BVH common_master_bedroom_desk_01_top_mesh 786/1230 | Building BVH
Fra:1 Mem:616.26M (Peak 616.39M) | Time:00:02.36 | Mem:260.82M, Peak:278.24M | Scene, ViewLayer | Updating Geometry BVH common_master_bedroom_desk_01_drawer_mesh 787/1230 | Building BVH
Fra:1 Mem:616.26M (Peak 616.39M) | Time:00:02.36 | Mem:260.83M, Peak:278.24M | Scene, ViewLayer | Updating Geometry BVH common_master_bedroom_desk_01_leg0_mesh 788/1230 | Building BVH
Fra:1 Mem:616.26M (Peak 616.39M) | Time:00:02.36 | Mem:260.83M, Peak:278.24M | Scene, ViewLayer | Updating Geometry BVH common_master_bedroom_desk_01_leg1_mesh 789/1230 | Building BVH
Fra:1 Mem:616.26M (Peak 616.39M) | Time:00:02.36 | Mem:260.83M, Peak:278.24M | Scene, ViewLayer | Updating Geometry BVH common_master_bedroom_desk_01_leg2_mesh 790/1230 | Building BVH
Fra:1 Mem:616.26M (Peak 616.39M) | Time:00:02.36 | Mem:260.85M, Peak:278.24M | Scene, ViewLayer | Updating Geometry BVH common_master_bedroom_desk_01_leg3_mesh 791/1230 | Building BVH
Fra:1 Mem:616.26M (Peak 616.39M) | Time:00:02.36 | Mem:260.86M, Peak:278.24M | Scene, ViewLayer | Updating Geometry BVH common_master_bedroom_chair_01_back_mesh 795/1230 | Building BVH
Fra:1 Mem:616.26M (Peak 616.39M) | Time:00:02.36 | Mem:260.86M, Peak:278.24M | Scene, ViewLayer | Updating Geometry BVH common_master_bedroom_chair_01_post_mesh 796/1230 | Building BVH
Fra:1 Mem:616.26M (Peak 616.39M) | Time:00:02.36 | Mem:260.93M, Peak:278.24M | Scene, ViewLayer | Updating Geometry BVH common_master_bedroom_chair_01_base_mesh 797/1230 | Building BVH
Fra:1 Mem:616.26M (Peak 616.39M) | Time:00:02.36 | Mem:260.95M, Peak:278.24M | Scene, ViewLayer | Updating Geometry BVH common_master_bedroom_rug_01_pile_mesh 798/1230 | Building BVH
Fra:1 Mem:616.26M (Peak 616.39M) | Time:00:02.36 | Mem:260.96M, Peak:278.24M | Scene, ViewLayer | Updating Geometry BVH common_terrace_coffee_table_01_top_mesh 799/1230 | Building BVH
Fra:1 Mem:616.26M (Peak 616.39M) | Time:00:02.36 | Mem:260.99M, Peak:278.24M | Scene, ViewLayer | Updating Geometry BVH common_terrace_coffee_table_01_leg0_mesh 800/1230 | Building BVH
Fra:1 Mem:616.26M (Peak 616.39M) | Time:00:02.36 | Mem:260.99M, Peak:278.24M | Scene, ViewLayer | Updating Geometry BVH common_terrace_coffee_table_01_leg1_mesh 801/1230 | Building BVH
Fra:1 Mem:616.26M (Peak 616.39M) | Time:00:02.36 | Mem:260.99M, Peak:278.24M | Scene, ViewLayer | Updating Geometry BVH common_terrace_coffee_table_01_leg2_mesh 802/1230 | Building BVH
Fra:1 Mem:616.26M (Peak 616.39M) | Time:00:02.36 | Mem:261.02M, Peak:278.24M | Scene, ViewLayer | Updating Geometry BVH common_terrace_lounge_chair_01_seat_mesh 803/1230 | Building BVH
Fra:1 Mem:616.26M (Peak 616.39M) | Time:00:02.36 | Mem:261.01M, Peak:278.24M | Scene, ViewLayer | Updating Geometry BVH common_terrace_lounge_chair_01_cushion_mesh 804/1230 | Building BVH
Fra:1 Mem:616.26M (Peak 616.39M) | Time:00:02.36 | Mem:261.05M, Peak:278.24M | Scene, ViewLayer | Updating Geometry BVH common_terrace_lounge_chair_01_back0_mesh 805/1230 | Building BVH
Fra:1 Mem:616.26M (Peak 616.39M) | Time:00:02.36 | Mem:261.05M, Peak:278.24M | Scene, ViewLayer | Updating Geometry BVH common_terrace_lounge_chair_01_back2_mesh 807/1230 | Building BVH
Fra:1 Mem:616.26M (Peak 616.39M) | Time:00:02.36 | Mem:261.05M, Peak:278.24M | Scene, ViewLayer | Updating Geometry BVH common_terrace_lounge_chair_01_arm-1_mesh 808/1230 | Building BVH
Fra:1 Mem:616.26M (Peak 616.39M) | Time:00:02.36 | Mem:261.05M, Peak:278.24M | Scene, ViewLayer | Updating Geometry BVH common_terrace_lounge_chair_01_armp-1_mesh 809/1230 | Building BVH
Fra:1 Mem:616.26M (Peak 616.39M) | Time:00:02.36 | Mem:261.05M, Peak:278.24M | Scene, ViewLayer | Updating Geometry BVH common_terrace_lounge_chair_01_arm1_mesh 810/1230 | Building BVH
Fra:1 Mem:616.26M (Peak 616.39M) | Time:00:02.36 | Mem:261.05M, Peak:278.24M | Scene, ViewLayer | Updating Geometry BVH common_terrace_lounge_chair_01_armp1_mesh 811/1230 | Building BVH
Fra:1 Mem:616.26M (Peak 616.39M) | Time:00:02.36 | Mem:261.05M, Peak:278.24M | Scene, ViewLayer | Updating Geometry BVH common_terrace_lounge_chair_01_leg0_mesh 812/1230 | Building BVH
Fra:1 Mem:616.26M (Peak 616.39M) | Time:00:02.36 | Mem:261.08M, Peak:278.24M | Scene, ViewLayer | Updating Geometry BVH common_terrace_lounge_chair_01_leg1_mesh 813/1230 | Building BVH
Fra:1 Mem:616.26M (Peak 616.39M) | Time:00:02.36 | Mem:261.12M, Peak:278.24M | Scene, ViewLayer | Updating Geometry BVH common_terrace_lounge_chair_01_leg2_mesh 814/1230 | Building BVH
Fra:1 Mem:616.26M (Peak 616.39M) | Time:00:02.36 | Mem:261.17M, Peak:278.24M | Scene, ViewLayer | Updating Geometry BVH common_terrace_lounge_chair_01_leg3_mesh 815/1230 | Building BVH
Fra:1 Mem:616.26M (Peak 616.39M) | Time:00:02.37 | Mem:261.21M, Peak:278.24M | Scene, ViewLayer | Updating Geometry BVH common_terrace_lounge_chair_02_seat_mesh 816/1230 | Building BVH
Fra:1 Mem:616.26M (Peak 616.39M) | Time:00:02.37 | Mem:261.20M, Peak:278.24M | Scene, ViewLayer | Updating Geometry BVH A_living_dining_balcony_dining_chair_02_leg1_mesh 1134/1230 | Building BVH
Fra:1 Mem:616.26M (Peak 616.39M) | Time:00:02.37 | Mem:261.20M, Peak:278.24M | Scene, ViewLayer | Updating Geometry BVH common_terrace_lounge_chair_02_cushion_mesh 817/1230 | Building BVH
Fra:1 Mem:616.26M (Peak 616.39M) | Time:00:02.37 | Mem:261.23M, Peak:278.24M | Scene, ViewLayer | Updating Geometry BVH common_terrace_lounge_chair_02_back0_mesh 818/1230 | Building BVH
Fra:1 Mem:616.26M (Peak 616.39M) | Time:00:02.37 | Mem:261.24M, Peak:278.24M | Scene, ViewLayer | Updating Geometry BVH common_terrace_lounge_chair_02_back1_mesh 819/1230 | Building BVH
Fra:1 Mem:616.26M (Peak 616.39M) | Time:00:02.37 | Mem:261.24M, Peak:278.24M | Scene, ViewLayer | Updating Geometry BVH common_terrace_lounge_chair_02_back2_mesh 820/1230 | Building BVH
Fra:1 Mem:616.26M (Peak 616.39M) | Time:00:02.37 | Mem:261.23M, Peak:278.24M | Scene, ViewLayer | Updating Geometry BVH common_terrace_lounge_chair_02_arm-1_mesh 821/1230 | Building BVH
Fra:1 Mem:616.26M (Peak 616.39M) | Time:00:02.37 | Mem:261.23M, Peak:278.24M | Scene, ViewLayer | Updating Geometry BVH common_terrace_lounge_chair_02_armp-1_mesh 822/1230 | Building BVH
Fra:1 Mem:616.26M (Peak 616.39M) | Time:00:02.37 | Mem:261.28M, Peak:278.24M | Scene, ViewLayer | Updating Geometry BVH common_terrace_lounge_chair_02_arm1_mesh 823/1230 | Building BVH
Fra:1 Mem:616.26M (Peak 616.39M) | Time:00:02.37 | Mem:261.30M, Peak:278.24M | Scene, ViewLayer | Updating Geometry BVH common_terrace_lounge_chair_02_armp1_mesh 824/1230 | Building BVH
Fra:1 Mem:616.26M (Peak 616.39M) | Time:00:02.37 | Mem:261.33M, Peak:278.24M | Scene, ViewLayer | Updating Geometry BVH common_terrace_lounge_chair_02_leg0_mesh 825/1230 | Building BVH
Fra:1 Mem:616.26M (Peak 616.39M) | Time:00:02.37 | Mem:261.33M, Peak:278.24M | Scene, ViewLayer | Updating Geometry BVH common_terrace_lounge_chair_02_leg1_mesh 826/1230 | Building BVH
Fra:1 Mem:616.26M (Peak 616.39M) | Time:00:02.37 | Mem:261.33M, Peak:278.24M | Scene, ViewLayer | Updating Geometry BVH common_terrace_lounge_chair_02_leg2_mesh 827/1230 | Building BVH
Fra:1 Mem:616.26M (Peak 616.39M) | Time:00:02.37 | Mem:261.38M, Peak:278.24M | Scene, ViewLayer | Updating Geometry BVH common_terrace_lounge_chair_02_leg3_mesh 828/1230 | Building BVH
Fra:1 Mem:616.26M (Peak 616.39M) | Time:00:02.37 | Mem:261.38M, Peak:278.24M | Scene, ViewLayer | Updating Geometry BVH common_terrace_plant_01_pot_mesh 829/1230 | Building BVH
Fra:1 Mem:616.26M (Peak 616.39M) | Time:00:02.37 | Mem:261.38M, Peak:278.24M | Scene, ViewLayer | Updating Geometry BVH common_terrace_plant_01_stem_mesh 830/1230 | Building BVH
Fra:1 Mem:616.26M (Peak 616.39M) | Time:00:02.37 | Mem:261.38M, Peak:278.24M | Scene, ViewLayer | Updating Geometry BVH common_terrace_plant_01_leaf1_mesh 832/1230 | Building BVH
Fra:1 Mem:616.26M (Peak 616.39M) | Time:00:02.37 | Mem:261.38M, Peak:278.24M | Scene, ViewLayer | Updating Geometry BVH common_terrace_plant_01_leaf2_mesh 833/1230 | Building BVH
Fra:1 Mem:616.26M (Peak 616.39M) | Time:00:02.37 | Mem:261.40M, Peak:278.24M | Scene, ViewLayer | Updating Geometry BVH common_terrace_plant_01_leaf3_mesh 834/1230 | Building BVH
Fra:1 Mem:616.26M (Peak 616.39M) | Time:00:02.37 | Mem:261.42M, Peak:278.24M | Scene, ViewLayer | Updating Geometry BVH common_terrace_plant_01_leaf4_mesh 835/1230 | Building BVH
Fra:1 Mem:616.26M (Peak 616.39M) | Time:00:02.37 | Mem:261.45M, Peak:278.24M | Scene, ViewLayer | Updating Geometry BVH common_terrace_plant_01_leaf5_mesh 836/1230 | Building BVH
Fra:1 Mem:616.26M (Peak 616.39M) | Time:00:02.37 | Mem:261.47M, Peak:278.24M | Scene, ViewLayer | Updating Geometry BVH common_terrace_plant_02_pot_mesh 837/1230 | Building BVH
Fra:1 Mem:616.26M (Peak 616.39M) | Time:00:02.37 | Mem:261.47M, Peak:278.24M | Scene, ViewLayer | Updating Geometry BVH common_terrace_plant_02_leaf0_mesh 839/1230 | Building BVH
Fra:1 Mem:616.26M (Peak 616.39M) | Time:00:02.37 | Mem:261.47M, Peak:278.24M | Scene, ViewLayer | Updating Geometry BVH common_terrace_plant_02_leaf1_mesh 840/1230 | Building BVH
Fra:1 Mem:616.26M (Peak 616.39M) | Time:00:02.37 | Mem:261.47M, Peak:278.24M | Scene, ViewLayer | Updating Geometry BVH common_terrace_plant_02_leaf2_mesh 841/1230 | Building BVH
Fra:1 Mem:616.26M (Peak 616.39M) | Time:00:02.37 | Mem:261.47M, Peak:278.24M | Scene, ViewLayer | Updating Geometry BVH common_terrace_plant_02_leaf3_mesh 842/1230 | Building BVH
Fra:1 Mem:616.26M (Peak 616.39M) | Time:00:02.37 | Mem:261.48M, Peak:278.24M | Scene, ViewLayer | Updating Geometry BVH common_terrace_plant_03_pot_mesh 845/1230 | Building BVH
Fra:1 Mem:616.26M (Peak 616.39M) | Time:00:02.37 | Mem:261.48M, Peak:278.24M | Scene, ViewLayer | Updating Geometry BVH common_terrace_plant_03_stem_mesh 846/1230 | Building BVH
Fra:1 Mem:616.26M (Peak 616.39M) | Time:00:02.37 | Mem:261.48M, Peak:278.24M | Scene, ViewLayer | Updating Geometry BVH common_terrace_plant_03_leaf0_mesh 847/1230 | Building BVH
Fra:1 Mem:616.26M (Peak 616.39M) | Time:00:02.37 | Mem:261.48M, Peak:278.24M | Scene, ViewLayer | Updating Geometry BVH common_terrace_plant_03_leaf2_mesh 849/1230 | Building BVH
Fra:1 Mem:616.26M (Peak 616.39M) | Time:00:02.37 | Mem:261.50M, Peak:278.24M | Scene, ViewLayer | Updating Geometry BVH common_terrace_plant_03_leaf3_mesh 850/1230 | Building BVH
Fra:1 Mem:616.26M (Peak 616.39M) | Time:00:02.37 | Mem:261.50M, Peak:278.24M | Scene, ViewLayer | Updating Geometry BVH common_terrace_plant_03_leaf5_mesh 852/1230 | Building BVH
Fra:1 Mem:616.26M (Peak 616.39M) | Time:00:02.37 | Mem:261.58M, Peak:278.24M | Scene, ViewLayer | Updating Geometry BVH common_terrace_plant_04_pot_mesh 853/1230 | Building BVH
Fra:1 Mem:616.26M (Peak 616.39M) | Time:00:02.37 | Mem:261.64M, Peak:278.24M | Scene, ViewLayer | Updating Geometry BVH common_terrace_plant_04_stem_mesh 854/1230 | Building BVH
Fra:1 Mem:616.26M (Peak 616.39M) | Time:00:02.37 | Mem:261.64M, Peak:278.24M | Scene, ViewLayer | Updating Geometry BVH common_terrace_plant_04_leaf0_mesh 855/1230 | Building BVH
Fra:1 Mem:616.26M (Peak 616.39M) | Time:00:02.37 | Mem:261.67M, Peak:278.24M | Scene, ViewLayer | Updating Geometry BVH common_terrace_plant_04_leaf1_mesh 856/1230 | Building BVH
Fra:1 Mem:616.26M (Peak 616.39M) | Time:00:02.37 | Mem:261.67M, Peak:278.24M | Scene, ViewLayer | Updating Geometry BVH common_terrace_plant_04_leaf2_mesh 857/1230 | Building BVH
Fra:1 Mem:616.26M (Peak 616.39M) | Time:00:02.37 | Mem:261.69M, Peak:278.24M | Scene, ViewLayer | Updating Geometry BVH common_terrace_plant_04_leaf3_mesh 858/1230 | Building BVH
Fra:1 Mem:616.26M (Peak 616.39M) | Time:00:02.37 | Mem:261.70M, Peak:278.24M | Scene, ViewLayer | Updating Geometry BVH A_living_dining_balcony_dining_chair_02_leg0_mesh 1132/1230 | Building BVH
Fra:1 Mem:616.26M (Peak 616.39M) | Time:00:02.37 | Mem:261.69M, Peak:278.24M | Scene, ViewLayer | Updating Geometry BVH common_terrace_plant_04_leaf4_mesh 859/1230 | Building BVH
Fra:1 Mem:616.26M (Peak 616.39M) | Time:00:02.37 | Mem:261.72M, Peak:278.24M | Scene, ViewLayer | Updating Geometry BVH common_terrace_plant_04_leaf5_mesh 860/1230 | Building BVH
Fra:1 Mem:616.26M (Peak 616.39M) | Time:00:02.37 | Mem:261.72M, Peak:278.24M | Scene, ViewLayer | Updating Geometry BVH common_parents_room_bed_01_frame_mesh 861/1230 | Building BVH
Fra:1 Mem:616.26M (Peak 616.39M) | Time:00:02.37 | Mem:261.72M, Peak:278.24M | Scene, ViewLayer | Updating Geometry BVH common_parents_room_bed_01_mattress_mesh 862/1230 | Building BVH
Fra:1 Mem:616.26M (Peak 616.39M) | Time:00:02.37 | Mem:261.72M, Peak:278.24M | Scene, ViewLayer | Updating Geometry BVH common_parents_room_bed_01_headboard_mesh 863/1230 | Building BVH
Fra:1 Mem:616.26M (Peak 616.39M) | Time:00:02.37 | Mem:261.73M, Peak:278.24M | Scene, ViewLayer | Updating Geometry BVH common_parents_room_bed_01_duvet_mesh 864/1230 | Building BVH
Fra:1 Mem:616.26M (Peak 616.39M) | Time:00:02.37 | Mem:261.76M, Peak:278.24M | Scene, ViewLayer | Updating Geometry BVH common_parents_room_bed_01_duvetdrop_mesh 865/1230 | Building BVH
Fra:1 Mem:616.26M (Peak 616.39M) | Time:00:02.37 | Mem:261.78M, Peak:278.24M | Scene, ViewLayer | Updating Geometry BVH common_parents_room_bed_01_duvetdrop2_mesh 866/1230 | Building BVH
Fra:1 Mem:616.26M (Peak 616.39M) | Time:00:02.37 | Mem:261.81M, Peak:278.24M | Scene, ViewLayer | Updating Geometry BVH common_parents_room_bed_01_pillow1_mesh 867/1230 | Building BVH
Fra:1 Mem:616.26M (Peak 616.39M) | Time:00:02.37 | Mem:261.82M, Peak:278.24M | Scene, ViewLayer | Updating Geometry BVH common_parents_room_bed_01_pillow2_mesh 868/1230 | Building BVH
Fra:1 Mem:616.26M (Peak 616.39M) | Time:00:02.37 | Mem:261.82M, Peak:278.24M | Scene, ViewLayer | Updating Geometry BVH common_parents_room_nightstand_01_body_mesh 870/1230 | Building BVH
Fra:1 Mem:616.26M (Peak 616.39M) | Time:00:02.37 | Mem:261.84M, Peak:278.24M | Scene, ViewLayer | Updating Geometry BVH common_parents_room_nightstand_01_drw_gapbg_mesh 871/1230 | Building BVH
Fra:1 Mem:616.26M (Peak 616.39M) | Time:00:02.37 | Mem:261.84M, Peak:278.24M | Scene, ViewLayer | Updating Geometry BVH common_parents_room_nightstand_01_drw_f0_mesh 872/1230 | Building BVH
Fra:1 Mem:616.26M (Peak 616.39M) | Time:00:02.37 | Mem:261.87M, Peak:278.24M | Scene, ViewLayer | Updating Geometry BVH common_parents_room_nightstand_01_drw_p0_mesh 873/1230 | Building BVH
Fra:1 Mem:616.26M (Peak 616.39M) | Time:00:02.37 | Mem:261.87M, Peak:278.24M | Scene, ViewLayer | Updating Geometry BVH common_parents_room_nightstand_01_leg0_mesh 874/1230 | Building BVH
Fra:1 Mem:616.26M (Peak 616.39M) | Time:00:02.37 | Mem:261.91M, Peak:278.24M | Scene, ViewLayer | Updating Geometry BVH common_parents_room_nightstand_01_leg1_mesh 875/1230 | Building BVH
Fra:1 Mem:616.26M (Peak 616.39M) | Time:00:02.37 | Mem:261.92M, Peak:278.24M | Scene, ViewLayer | Updating Geometry BVH common_parents_room_nightstand_01_leg2_mesh 876/1230 | Building BVH
Fra:1 Mem:616.26M (Peak 616.39M) | Time:00:02.37 | Mem:261.93M, Peak:278.24M | Scene, ViewLayer | Updating Geometry BVH common_parents_room_nightstand_01_leg3_mesh 877/1230 | Building BVH
Fra:1 Mem:616.26M (Peak 616.39M) | Time:00:02.37 | Mem:261.94M, Peak:278.24M | Scene, ViewLayer | Updating Geometry BVH common_parents_room_cushion_01_pad_mesh 878/1230 | Building BVH
Fra:1 Mem:616.26M (Peak 616.39M) | Time:00:02.37 | Mem:261.93M, Peak:278.24M | Scene, ViewLayer | Updating Geometry BVH common_parents_room_cushion_01_pil_olive_mesh 879/1230 | Building BVH
Fra:1 Mem:616.26M (Peak 616.39M) | Time:00:02.37 | Mem:261.94M, Peak:278.24M | Scene, ViewLayer | Updating Geometry BVH common_parents_room_cushion_01_pil_brick_mesh 880/1230 | Building BVH
Fra:1 Mem:616.26M (Peak 616.39M) | Time:00:02.37 | Mem:261.94M, Peak:278.24M | Scene, ViewLayer | Updating Geometry BVH A_living_dining_balcony_dining_chair_02_back_mesh 1131/1230 | Building BVH
Fra:1 Mem:616.26M (Peak 616.39M) | Time:00:02.37 | Mem:261.94M, Peak:278.24M | Scene, ViewLayer | Updating Geometry BVH common_parents_room_shelf_01_side0_mesh 881/1230 | Building BVH
Fra:1 Mem:616.26M (Peak 616.39M) | Time:00:02.37 | Mem:261.95M, Peak:278.24M | Scene, ViewLayer | Updating Geometry BVH common_parents_room_shelf_01_side1_mesh 882/1230 | Building BVH
Fra:1 Mem:616.26M (Peak 616.39M) | Time:00:02.37 | Mem:261.95M, Peak:278.24M | Scene, ViewLayer | Updating Geometry BVH common_parents_room_shelf_01_top_mesh 883/1230 | Building BVH
Fra:1 Mem:616.26M (Peak 616.39M) | Time:00:02.37 | Mem:261.98M, Peak:278.24M | Scene, ViewLayer | Updating Geometry BVH common_parents_room_shelf_01_sh1_mesh 884/1230 | Building BVH
Fra:1 Mem:616.26M (Peak 616.39M) | Time:00:02.37 | Mem:262.03M, Peak:278.24M | Scene, ViewLayer | Updating Geometry BVH common_parents_room_shelf_02_side0_mesh 885/1230 | Building BVH
Fra:1 Mem:616.26M (Peak 616.39M) | Time:00:02.37 | Mem:262.03M, Peak:278.24M | Scene, ViewLayer | Updating Geometry BVH common_parents_room_shelf_02_top_mesh 887/1230 | Building BVH
Fra:1 Mem:616.26M (Peak 616.39M) | Time:00:02.37 | Mem:262.03M, Peak:278.24M | Scene, ViewLayer | Updating Geometry BVH common_parents_room_shelf_02_sh1_mesh 888/1230 | Building BVH
Fra:1 Mem:616.26M (Peak 616.39M) | Time:00:02.37 | Mem:262.04M, Peak:278.24M | Scene, ViewLayer | Updating Geometry BVH common_daughter_room_wardrobe_01_body_mesh 889/1230 | Building BVH
Fra:1 Mem:616.26M (Peak 616.39M) | Time:00:02.37 | Mem:262.04M, Peak:278.24M | Scene, ViewLayer | Updating Geometry BVH common_daughter_room_wardrobe_01_slA_f0_mesh 890/1230 | Building BVH
Fra:1 Mem:616.26M (Peak 616.39M) | Time:00:02.37 | Mem:262.07M, Peak:278.24M | Scene, ViewLayer | Updating Geometry BVH common_daughter_room_wardrobe_01_slB_f1_mesh 893/1230 | Building BVH
Fra:1 Mem:616.26M (Peak 616.39M) | Time:00:02.37 | Mem:262.15M, Peak:278.24M | Scene, ViewLayer | Updating Geometry BVH A_living_dining_balcony_dining_chair_02_seat_mesh 1130/1230 | Building BVH
Fra:1 Mem:616.26M (Peak 616.39M) | Time:00:02.37 | Mem:262.15M, Peak:278.24M | Scene, ViewLayer | Updating Geometry BVH common_daughter_room_wardrobe_02_slA_f0_mesh 895/1230 | Building BVH
Fra:1 Mem:616.26M (Peak 616.39M) | Time:00:02.37 | Mem:262.16M, Peak:278.24M | Scene, ViewLayer | Updating Geometry BVH common_daughter_room_wardrobe_02_slA_f1_mesh 896/1230 | Building BVH
Fra:1 Mem:616.26M (Peak 616.39M) | Time:00:02.37 | Mem:262.17M, Peak:278.24M | Scene, ViewLayer | Updating Geometry BVH common_daughter_room_wardrobe_02_slB_f1_mesh 898/1230 | Building BVH
Fra:1 Mem:616.26M (Peak 616.39M) | Time:00:02.37 | Mem:262.18M, Peak:278.24M | Scene, ViewLayer | Updating Geometry BVH common_daughter_room_bed_01_mattress_mesh 900/1230 | Building BVH
Fra:1 Mem:616.26M (Peak 616.39M) | Time:00:02.37 | Mem:262.20M, Peak:278.24M | Scene, ViewLayer | Updating Geometry BVH common_daughter_room_bed_01_headboard_mesh 901/1230 | Building BVH
Fra:1 Mem:616.26M (Peak 616.39M) | Time:00:02.37 | Mem:262.20M, Peak:278.24M | Scene, ViewLayer | Updating Geometry BVH common_daughter_room_bed_01_duvet_mesh 902/1230 | Building BVH
Fra:1 Mem:616.26M (Peak 616.39M) | Time:00:02.37 | Mem:262.20M, Peak:278.24M | Scene, ViewLayer | Updating Geometry BVH common_daughter_room_bed_01_duvetdrop_mesh 903/1230 | Building BVH
Fra:1 Mem:616.26M (Peak 616.39M) | Time:00:02.37 | Mem:262.23M, Peak:278.24M | Scene, ViewLayer | Updating Geometry BVH common_daughter_room_bed_01_duvetdrop2_mesh 904/1230 | Building BVH
Fra:1 Mem:616.26M (Peak 616.39M) | Time:00:02.37 | Mem:262.33M, Peak:278.24M | Scene, ViewLayer | Updating Geometry BVH common_daughter_room_bed_01_pillow1_mesh 905/1230 | Building BVH
Fra:1 Mem:616.26M (Peak 616.39M) | Time:00:02.37 | Mem:262.33M, Peak:278.24M | Scene, ViewLayer | Updating Geometry BVH common_daughter_room_bed_01_pillow2_mesh 906/1230 | Building BVH
Fra:1 Mem:616.26M (Peak 616.39M) | Time:00:02.37 | Mem:262.37M, Peak:278.24M | Scene, ViewLayer | Updating Geometry BVH common_daughter_room_bed_01_pillow_acc_mesh 907/1230 | Building BVH
Fra:1 Mem:616.26M (Peak 616.39M) | Time:00:02.37 | Mem:262.37M, Peak:278.24M | Scene, ViewLayer | Updating Geometry BVH common_daughter_room_bed_01_throw_mesh 908/1230 | Building BVH
Fra:1 Mem:616.26M (Peak 616.39M) | Time:00:02.37 | Mem:262.36M, Peak:278.24M | Scene, ViewLayer | Updating Geometry BVH common_daughter_room_shelf_01_side0_mesh 909/1230 | Building BVH
Fra:1 Mem:616.26M (Peak 616.39M) | Time:00:02.37 | Mem:262.37M, Peak:278.24M | Scene, ViewLayer | Updating Geometry BVH common_daughter_room_shelf_01_side1_mesh 910/1230 | Building BVH
Fra:1 Mem:616.26M (Peak 616.39M) | Time:00:02.37 | Mem:262.39M, Peak:278.24M | Scene, ViewLayer | Updating Geometry BVH common_daughter_room_shelf_01_top_mesh 911/1230 | Building BVH
Fra:1 Mem:616.26M (Peak 616.39M) | Time:00:02.37 | Mem:262.39M, Peak:278.24M | Scene, ViewLayer | Updating Geometry BVH common_daughter_room_shelf_01_sh1_mesh 912/1230 | Building BVH
Fra:1 Mem:616.26M (Peak 616.39M) | Time:00:02.38 | Mem:262.40M, Peak:278.24M | Scene, ViewLayer | Updating Geometry BVH common_daughter_room_shelf_01_sh2_mesh 913/1230 | Building BVH
Fra:1 Mem:616.26M (Peak 616.39M) | Time:00:02.38 | Mem:262.42M, Peak:278.24M | Scene, ViewLayer | Updating Geometry BVH common_daughter_room_desk_01_top_mesh 914/1230 | Building BVH
Fra:1 Mem:616.26M (Peak 616.39M) | Time:00:02.38 | Mem:262.43M, Peak:278.24M | Scene, ViewLayer | Updating Geometry BVH common_daughter_room_desk_01_drawer_mesh 915/1230 | Building BVH
Fra:1 Mem:616.26M (Peak 616.39M) | Time:00:02.38 | Mem:262.43M, Peak:278.24M | Scene, ViewLayer | Updating Geometry BVH common_daughter_room_desk_01_leg0_mesh 916/1230 | Building BVH
Fra:1 Mem:616.26M (Peak 616.39M) | Time:00:02.38 | Mem:262.43M, Peak:278.24M | Scene, ViewLayer | Updating Geometry BVH common_daughter_room_desk_01_leg1_mesh 917/1230 | Building BVH
Fra:1 Mem:616.26M (Peak 616.39M) | Time:00:02.38 | Mem:262.44M, Peak:278.24M | Scene, ViewLayer | Updating Geometry BVH common_daughter_room_desk_01_leg2_mesh 918/1230 | Building BVH
Fra:1 Mem:616.26M (Peak 616.39M) | Time:00:02.38 | Mem:262.47M, Peak:278.24M | Scene, ViewLayer | Updating Geometry BVH common_daughter_room_desk_01_leg3_mesh 919/1230 | Building BVH
Fra:1 Mem:616.26M (Peak 616.39M) | Time:00:02.38 | Mem:262.47M, Peak:278.24M | Scene, ViewLayer | Updating Geometry BVH common_daughter_room_chair_01_seat_mesh 920/1230 | Building BVH
Fra:1 Mem:616.26M (Peak 616.39M) | Time:00:02.38 | Mem:262.52M, Peak:278.24M | Scene, ViewLayer | Updating Geometry BVH common_daughter_room_chair_01_back_mesh 921/1230 | Building BVH
Fra:1 Mem:616.26M (Peak 616.39M) | Time:00:02.38 | Mem:262.53M, Peak:278.24M | Scene, ViewLayer | Updating Geometry BVH common_daughter_room_chair_01_post_mesh 922/1230 | Building BVH
Fra:1 Mem:616.26M (Peak 616.39M) | Time:00:02.38 | Mem:262.53M, Peak:278.24M | Scene, ViewLayer | Updating Geometry BVH common_daughter_room_chair_01_base_mesh 923/1230 | Building BVH
Fra:1 Mem:616.26M (Peak 616.39M) | Time:00:02.38 | Mem:262.58M, Peak:278.24M | Scene, ViewLayer | Updating Geometry BVH common_son_room_wardrobe_01_body_mesh 924/1230 | Building BVH
Fra:1 Mem:616.26M (Peak 616.39M) | Time:00:02.38 | Mem:262.57M, Peak:278.24M | Scene, ViewLayer | Updating Geometry BVH common_son_room_wardrobe_01_slA_f0_mesh 925/1230 | Building BVH
Fra:1 Mem:616.26M (Peak 616.39M) | Time:00:02.38 | Mem:262.57M, Peak:278.24M | Scene, ViewLayer | Updating Geometry BVH common_son_room_wardrobe_01_slA_f1_mesh 926/1230 | Building BVH
Fra:1 Mem:616.26M (Peak 616.39M) | Time:00:02.38 | Mem:262.57M, Peak:278.24M | Scene, ViewLayer | Updating Geometry BVH common_son_room_wardrobe_01_slA_f2_mesh 927/1230 | Building BVH
Fra:1 Mem:616.26M (Peak 616.39M) | Time:00:02.38 | Mem:262.58M, Peak:278.24M | Scene, ViewLayer | Updating Geometry BVH common_son_room_wardrobe_01_slB_f0_mesh 928/1230 | Building BVH
Fra:1 Mem:616.26M (Peak 616.39M) | Time:00:02.38 | Mem:262.65M, Peak:278.24M | Scene, ViewLayer | Updating Geometry BVH common_son_room_wardrobe_01_slB_f1_mesh 929/1230 | Building BVH
Fra:1 Mem:616.26M (Peak 616.39M) | Time:00:02.38 | Mem:262.65M, Peak:278.24M | Scene, ViewLayer | Updating Geometry BVH common_son_room_wardrobe_01_slB_f2_mesh 930/1230 | Building BVH
Fra:1 Mem:616.26M (Peak 616.39M) | Time:00:02.38 | Mem:262.65M, Peak:278.24M | Scene, ViewLayer | Updating Geometry BVH common_son_room_bed_01_frame_mesh 931/1230 | Building BVH
Fra:1 Mem:616.26M (Peak 616.39M) | Time:00:02.38 | Mem:262.64M, Peak:278.24M | Scene, ViewLayer | Updating Geometry BVH common_son_room_bed_01_mattress_mesh 932/1230 | Building BVH
Fra:1 Mem:616.26M (Peak 616.39M) | Time:00:02.38 | Mem:262.67M, Peak:278.24M | Scene, ViewLayer | Updating Geometry BVH common_son_room_bed_01_headboard_mesh 933/1230 | Building BVH
Fra:1 Mem:616.26M (Peak 616.39M) | Time:00:02.38 | Mem:262.68M, Peak:278.24M | Scene, ViewLayer | Updating Geometry BVH common_son_room_bed_01_duvet_mesh 934/1230 | Building BVH
Fra:1 Mem:616.26M (Peak 616.39M) | Time:00:02.38 | Mem:262.70M, Peak:278.24M | Scene, ViewLayer | Updating Geometry BVH common_son_room_bed_01_duvetdrop_mesh 935/1230 | Building BVH
Fra:1 Mem:616.26M (Peak 616.39M) | Time:00:02.38 | Mem:262.73M, Peak:278.24M | Scene, ViewLayer | Updating Geometry BVH common_son_room_bed_01_duvetdrop2_mesh 936/1230 | Building BVH
Fra:1 Mem:616.26M (Peak 616.39M) | Time:00:02.38 | Mem:262.74M, Peak:278.24M | Scene, ViewLayer | Updating Geometry BVH common_son_room_bed_01_pillow1_mesh 937/1230 | Building BVH
Fra:1 Mem:616.26M (Peak 616.39M) | Time:00:02.38 | Mem:262.74M, Peak:278.24M | Scene, ViewLayer | Updating Geometry BVH common_son_room_bed_01_pillow2_mesh 938/1230 | Building BVH
Fra:1 Mem:616.26M (Peak 616.39M) | Time:00:02.38 | Mem:262.74M, Peak:278.24M | Scene, ViewLayer | Updating Geometry BVH common_son_room_bed_01_pillow_acc_mesh 939/1230 | Building BVH
Fra:1 Mem:616.26M (Peak 616.39M) | Time:00:02.38 | Mem:262.75M, Peak:278.24M | Scene, ViewLayer | Updating Geometry BVH common_son_room_bed_01_throw_mesh 940/1230 | Building BVH
Fra:1 Mem:616.26M (Peak 616.39M) | Time:00:02.38 | Mem:262.77M, Peak:278.24M | Scene, ViewLayer | Updating Geometry BVH common_son_room_desk_01_top_mesh 941/1230 | Building BVH
Fra:1 Mem:616.26M (Peak 616.39M) | Time:00:02.38 | Mem:262.80M, Peak:278.24M | Scene, ViewLayer | Updating Geometry BVH common_son_room_desk_01_drawer_mesh 942/1230 | Building BVH
Fra:1 Mem:616.26M (Peak 616.39M) | Time:00:02.38 | Mem:262.84M, Peak:278.24M | Scene, ViewLayer | Updating Geometry BVH common_son_room_desk_01_leg1_mesh 944/1230 | Building BVH
Fra:1 Mem:616.26M (Peak 616.39M) | Time:00:02.38 | Mem:262.85M, Peak:278.24M | Scene, ViewLayer | Updating Geometry BVH common_son_room_desk_01_leg2_mesh 945/1230 | Building BVH
Fra:1 Mem:616.26M (Peak 616.39M) | Time:00:02.38 | Mem:262.87M, Peak:278.24M | Scene, ViewLayer | Updating Geometry BVH common_son_room_desk_01_leg3_mesh 946/1230 | Building BVH
Fra:1 Mem:616.26M (Peak 616.39M) | Time:00:02.38 | Mem:262.87M, Peak:278.24M | Scene, ViewLayer | Updating Geometry BVH common_son_room_shelf_01_side0_mesh 947/1230 | Building BVH
Fra:1 Mem:616.26M (Peak 616.39M) | Time:00:02.38 | Mem:262.87M, Peak:278.24M | Scene, ViewLayer | Updating Geometry BVH common_son_room_shelf_01_side1_mesh 948/1230 | Building BVH
Fra:1 Mem:616.26M (Peak 616.39M) | Time:00:02.38 | Mem:262.89M, Peak:278.24M | Scene, ViewLayer | Updating Geometry BVH common_son_room_shelf_01_top_mesh 949/1230 | Building BVH
Fra:1 Mem:616.26M (Peak 616.39M) | Time:00:02.38 | Mem:262.89M, Peak:278.24M | Scene, ViewLayer | Updating Geometry BVH common_son_room_shelf_01_sh1_mesh 950/1230 | Building BVH
Fra:1 Mem:616.26M (Peak 616.39M) | Time:00:02.38 | Mem:262.90M, Peak:278.24M | Scene, ViewLayer | Updating Geometry BVH common_son_room_chair_01_seat_mesh 951/1230 | Building BVH
Fra:1 Mem:616.26M (Peak 616.39M) | Time:00:02.38 | Mem:262.90M, Peak:278.24M | Scene, ViewLayer | Updating Geometry BVH common_son_room_chair_01_back_mesh 952/1230 | Building BVH
Fra:1 Mem:616.26M (Peak 616.39M) | Time:00:02.38 | Mem:262.95M, Peak:278.24M | Scene, ViewLayer | Updating Geometry BVH common_son_room_chair_01_post_mesh 953/1230 | Building BVH
Fra:1 Mem:616.26M (Peak 616.39M) | Time:00:02.38 | Mem:262.95M, Peak:278.24M | Scene, ViewLayer | Updating Geometry BVH A_living_dining_balcony_dining_chair_01_arm1_mesh 1128/1230 | Building BVH
Fra:1 Mem:616.26M (Peak 616.39M) | Time:00:02.38 | Mem:262.95M, Peak:278.24M | Scene, ViewLayer | Updating Geometry BVH common_son_room_chair_01_base_mesh 954/1230 | Building BVH
Fra:1 Mem:616.26M (Peak 616.39M) | Time:00:02.38 | Mem:262.95M, Peak:278.24M | Scene, ViewLayer | Updating Geometry BVH common_son_room_rug_01_pile_mesh 955/1230 | Building BVH
Fra:1 Mem:616.26M (Peak 616.39M) | Time:00:02.38 | Mem:262.95M, Peak:278.24M | Scene, ViewLayer | Updating Geometry BVH fx_curt_master_sheer_mesh 956/1230 | Building BVH
Fra:1 Mem:616.26M (Peak 616.39M) | Time:00:02.38 | Mem:262.97M, Peak:278.24M | Scene, ViewLayer | Updating Geometry BVH fx_curt_master_bo_w_mesh 957/1230 | Building BVH
Fra:1 Mem:616.26M (Peak 616.39M) | Time:00:02.38 | Mem:262.97M, Peak:278.24M | Scene, ViewLayer | Updating Geometry BVH fx_curt_master_bo_e_mesh 958/1230 | Building BVH
Fra:1 Mem:616.26M (Peak 616.39M) | Time:00:02.38 | Mem:262.97M, Peak:278.24M | Scene, ViewLayer | Updating Geometry BVH fx_curt_parents_roller_mesh 960/1230 | Building BVH
Fra:1 Mem:616.26M (Peak 616.39M) | Time:00:02.38 | Mem:263.05M, Peak:278.24M | Scene, ViewLayer | Updating Geometry BVH fx_curt_daughter_sheer_mesh 961/1230 | Building BVH
Fra:1 Mem:616.26M (Peak 616.39M) | Time:00:02.38 | Mem:263.08M, Peak:278.24M | Scene, ViewLayer | Updating Geometry BVH fx_curt_daughter_bo_w_mesh 962/1230 | Building BVH
Fra:1 Mem:616.26M (Peak 616.39M) | Time:00:02.38 | Mem:263.07M, Peak:278.24M | Scene, ViewLayer | Updating Geometry BVH fx_curt_daughter_bo_e_mesh 963/1230 | Building BVH
Fra:1 Mem:616.26M (Peak 616.39M) | Time:00:02.38 | Mem:263.08M, Peak:278.24M | Scene, ViewLayer | Updating Geometry BVH fx_curt_son_sheer_mesh 964/1230 | Building BVH
Fra:1 Mem:616.26M (Peak 616.39M) | Time:00:02.38 | Mem:263.09M, Peak:278.24M | Scene, ViewLayer | Updating Geometry BVH fx_curt_son_bo_w_mesh 965/1230 | Building BVH
Fra:1 Mem:616.26M (Peak 616.39M) | Time:00:02.38 | Mem:263.14M, Peak:278.24M | Scene, ViewLayer | Updating Geometry BVH fx_curt_son_bo_e_mesh 966/1230 | Building BVH
Fra:1 Mem:616.26M (Peak 616.39M) | Time:00:02.38 | Mem:263.16M, Peak:278.24M | Scene, ViewLayer | Updating Geometry BVH fx_blind_mb_slats0_mesh 967/1230 | Building BVH
Fra:1 Mem:616.26M (Peak 616.39M) | Time:00:02.38 | Mem:263.19M, Peak:278.24M | Scene, ViewLayer | Updating Geometry BVH fx_blind_mb_slats1_mesh 968/1230 | Building BVH
Fra:1 Mem:616.26M (Peak 616.39M) | Time:00:02.38 | Mem:263.21M, Peak:278.24M | Scene, ViewLayer | Updating Geometry BVH fx_blind_mb_slats2_mesh 969/1230 | Building BVH
Fra:1 Mem:616.26M (Peak 616.39M) | Time:00:02.38 | Mem:263.20M, Peak:278.24M | Scene, ViewLayer | Updating Geometry BVH fx_blind_mb_slats6_mesh 973/1230 | Building BVH
Fra:1 Mem:616.26M (Peak 616.39M) | Time:00:02.38 | Mem:263.21M, Peak:278.24M | Scene, ViewLayer | Updating Geometry BVH fx_blind_mb_slats8_mesh 975/1230 | Building BVH
Fra:1 Mem:616.26M (Peak 616.39M) | Time:00:02.38 | Mem:263.21M, Peak:278.24M | Scene, ViewLayer | Updating Geometry BVH fx_blind_mb_slats7_mesh 974/1230 | Building BVH
Fra:1 Mem:616.26M (Peak 616.39M) | Time:00:02.38 | Mem:263.24M, Peak:278.24M | Scene, ViewLayer | Updating Geometry BVH fx_wall_lamp0_mesh 976/1230 | Building BVH
Fra:1 Mem:616.26M (Peak 616.39M) | Time:00:02.38 | Mem:263.24M, Peak:278.24M | Scene, ViewLayer | Updating Geometry BVH fx_wall_lamp0_sh_mesh 977/1230 | Building BVH
Fra:1 Mem:616.26M (Peak 616.39M) | Time:00:02.38 | Mem:263.24M, Peak:278.24M | Scene, ViewLayer | Updating Geometry BVH A_living_dining_balcony_dining_chair_01_armf0_mesh 1127/1230 | Building BVH
Fra:1 Mem:616.26M (Peak 616.39M) | Time:00:02.38 | Mem:263.25M, Peak:278.24M | Scene, ViewLayer | Updating Geometry BVH fx_wall_lamp1_mesh 978/1230 | Building BVH
Fra:1 Mem:616.26M (Peak 616.39M) | Time:00:02.38 | Mem:263.28M, Peak:278.24M | Scene, ViewLayer | Updating Geometry BVH fx_wall_lamp1_sh_mesh 979/1230 | Building BVH
Fra:1 Mem:616.26M (Peak 616.39M) | Time:00:02.38 | Mem:263.29M, Peak:278.24M | Scene, ViewLayer | Updating Geometry BVH fx_wall_lamp2_mesh 980/1230 | Building BVH
Fra:1 Mem:616.26M (Peak 616.39M) | Time:00:02.38 | Mem:263.32M, Peak:278.24M | Scene, ViewLayer | Updating Geometry BVH fx_wall_lamp2_sh_mesh 981/1230 | Building BVH
Fra:1 Mem:616.26M (Peak 616.39M) | Time:00:02.38 | Mem:263.37M, Peak:278.24M | Scene, ViewLayer | Updating Geometry BVH fx_foyer_jar_mesh 982/1230 | Building BVH
Fra:1 Mem:616.26M (Peak 616.39M) | Time:00:02.38 | Mem:263.46M, Peak:278.24M | Scene, ViewLayer | Updating Geometry BVH fx_foyer_pic_mesh 983/1230 | Building BVH
Fra:1 Mem:616.27M (Peak 616.39M) | Time:00:02.38 | Mem:263.47M, Peak:278.24M | Scene, ViewLayer | Updating Geometry BVH A_living_dining_balcony_dining_chair_01_arm0_mesh 1126/1230 | Building BVH
Fra:1 Mem:616.27M (Peak 616.39M) | Time:00:02.38 | Mem:263.49M, Peak:278.24M | Scene, ViewLayer | Updating Geometry BVH fx_kn_board_mesh 984/1230 | Building BVH
Fra:1 Mem:616.27M (Peak 616.39M) | Time:00:02.38 | Mem:263.49M, Peak:278.24M | Scene, ViewLayer | Updating Geometry BVH fx_bc_b0_0_mesh 990/1230 | Building BVH
Fra:1 Mem:616.27M (Peak 616.39M) | Time:00:02.38 | Mem:263.45M, Peak:278.24M | Scene, ViewLayer | Updating Geometry BVH fx_bc_b0_4_mesh 994/1230 | Building BVH
Fra:1 Mem:616.27M (Peak 616.39M) | Time:00:02.38 | Mem:263.45M, Peak:278.24M | Scene, ViewLayer | Updating Geometry BVH fx_bc_b0f_0_mesh 995/1230 | Building BVH
Fra:1 Mem:616.27M (Peak 616.39M) | Time:00:02.38 | Mem:263.46M, Peak:278.24M | Scene, ViewLayer | Updating Geometry BVH fx_bc_potneck_mesh 998/1230 | Building BVH
Fra:1 Mem:616.27M (Peak 616.39M) | Time:00:02.38 | Mem:263.46M, Peak:278.24M | Scene, ViewLayer | Updating Geometry BVH fx_bc_frame_mesh 1000/1230 | Building BVH
Fra:1 Mem:616.27M (Peak 616.39M) | Time:00:02.38 | Mem:263.47M, Peak:278.24M | Scene, ViewLayer | Updating Geometry BVH fx_bc_framein_mesh 1001/1230 | Building BVH
Fra:1 Mem:616.27M (Peak 616.39M) | Time:00:02.38 | Mem:263.53M, Peak:278.24M | Scene, ViewLayer | Updating Geometry BVH fx_bc_rec0_mesh 1002/1230 | Building BVH
Fra:1 Mem:616.27M (Peak 616.39M) | Time:00:02.38 | Mem:263.55M, Peak:278.24M | Scene, ViewLayer | Updating Geometry BVH A_living_dining_balcony_dining_chair_01_legt3_mesh 1125/1230 | Building BVH
Fra:1 Mem:616.27M (Peak 616.39M) | Time:00:02.38 | Mem:263.62M, Peak:278.24M | Scene, ViewLayer | Updating Geometry BVH fx_bc_rec1_mesh 1003/1230 | Building BVH
Fra:1 Mem:616.27M (Peak 616.39M) | Time:00:02.38 | Mem:263.68M, Peak:278.24M | Scene, ViewLayer | Updating Geometry BVH fx_bc_rec2_mesh 1004/1230 | Building BVH
Fra:1 Mem:616.27M (Peak 616.39M) | Time:00:02.38 | Mem:263.69M, Peak:278.24M | Scene, ViewLayer | Updating Geometry BVH fx_bc_recstand_mesh 1005/1230 | Building BVH
Fra:1 Mem:616.27M (Peak 616.39M) | Time:00:02.38 | Mem:263.70M, Peak:278.24M | Scene, ViewLayer | Updating Geometry BVH fx_bc_b3_0_mesh 1006/1230 | Building BVH
Fra:1 Mem:616.27M (Peak 616.39M) | Time:00:02.38 | Mem:263.73M, Peak:278.24M | Scene, ViewLayer | Updating Geometry BVH fx_bc_b3_1_mesh 1007/1230 | Building BVH
Fra:1 Mem:616.27M (Peak 616.39M) | Time:00:02.38 | Mem:263.73M, Peak:278.24M | Scene, ViewLayer | Updating Geometry BVH fx_bc_b3_2_mesh 1008/1230 | Building BVH
Fra:1 Mem:616.27M (Peak 616.39M) | Time:00:02.38 | Mem:263.73M, Peak:278.24M | Scene, ViewLayer | Updating Geometry BVH fx_bc_pot4_mesh 1010/1230 | Building BVH
Fra:1 Mem:616.27M (Peak 616.39M) | Time:00:02.38 | Mem:263.73M, Peak:278.24M | Scene, ViewLayer | Updating Geometry BVH fx_bc_g0_0_mesh 1011/1230 | Building BVH
Fra:1 Mem:616.27M (Peak 616.39M) | Time:00:02.38 | Mem:263.74M, Peak:278.24M | Scene, ViewLayer | Updating Geometry BVH fx_bc_g0_1_mesh 1012/1230 | Building BVH
Fra:1 Mem:616.27M (Peak 616.39M) | Time:00:02.38 | Mem:263.77M, Peak:278.24M | Scene, ViewLayer | Updating Geometry BVH fx_bc_g0_2_mesh 1013/1230 | Building BVH
Fra:1 Mem:616.27M (Peak 616.39M) | Time:00:02.38 | Mem:263.77M, Peak:278.24M | Scene, ViewLayer | Updating Geometry BVH fx_bc_gpot_mesh 1014/1230 | Building BVH
Fra:1 Mem:616.27M (Peak 616.39M) | Time:00:02.39 | Mem:263.84M, Peak:278.24M | Scene, ViewLayer | Updating Geometry BVH fx_bc_g1_0_mesh 1015/1230 | Building BVH
Fra:1 Mem:616.27M (Peak 616.39M) | Time:00:02.39 | Mem:263.84M, Peak:278.24M | Scene, ViewLayer | Updating Geometry BVH fx_bc_g1_1_mesh 1016/1230 | Building BVH
Fra:1 Mem:616.27M (Peak 616.39M) | Time:00:02.39 | Mem:263.93M, Peak:278.24M | Scene, ViewLayer | Updating Geometry BVH fx_bc_g1_2_mesh 1017/1230 | Building BVH
Fra:1 Mem:616.27M (Peak 616.39M) | Time:00:02.39 | Mem:263.93M, Peak:278.24M | Scene, ViewLayer | Updating Geometry BVH fx_bc_g1_3_mesh 1018/1230 | Building BVH
Fra:1 Mem:616.27M (Peak 616.39M) | Time:00:02.39 | Mem:263.93M, Peak:278.24M | Scene, ViewLayer | Updating Geometry BVH fx_bc_gpot2_mesh 1019/1230 | Building BVH
Fra:1 Mem:616.27M (Peak 616.39M) | Time:00:02.39 | Mem:263.96M, Peak:278.24M | Scene, ViewLayer | Updating Geometry BVH fx_desk_book0_mesh 1020/1230 | Building BVH
Fra:1 Mem:616.27M (Peak 616.39M) | Time:00:02.39 | Mem:263.94M, Peak:278.24M | Scene, ViewLayer | Updating Geometry BVH fx_desk_book1_mesh 1021/1230 | Building BVH
Fra:1 Mem:616.27M (Peak 616.39M) | Time:00:02.39 | Mem:263.94M, Peak:278.24M | Scene, ViewLayer | Updating Geometry BVH fx_fiddle_leaf1_mesh 1025/1230 | Building BVH
Fra:1 Mem:616.27M (Peak 616.39M) | Time:00:02.39 | Mem:263.94M, Peak:278.24M | Scene, ViewLayer | Updating Geometry BVH fx_fiddle_leaf2_mesh 1026/1230 | Building BVH
Fra:1 Mem:616.27M (Peak 616.39M) | Time:00:02.39 | Mem:263.94M, Peak:278.24M | Scene, ViewLayer | Updating Geometry BVH fx_fiddle_leaf3_mesh 1027/1230 | Building BVH
Fra:1 Mem:616.27M (Peak 616.39M) | Time:00:02.39 | Mem:264.02M, Peak:278.24M | Scene, ViewLayer | Updating Geometry BVH fx_fiddle_leaf4_mesh 1028/1230 | Building BVH
Fra:1 Mem:616.27M (Peak 616.39M) | Time:00:02.39 | Mem:264.02M, Peak:278.24M | Scene, ViewLayer | Updating Geometry BVH fx_fiddle_leaf5_mesh 1029/1230 | Building BVH
Fra:1 Mem:616.27M (Peak 616.39M) | Time:00:02.39 | Mem:264.02M, Peak:278.24M | Scene, ViewLayer | Updating Geometry BVH fx_fiddle_leaf6_mesh 1030/1230 | Building BVH
Fra:1 Mem:616.27M (Peak 616.39M) | Time:00:02.39 | Mem:264.02M, Peak:278.24M | Scene, ViewLayer | Updating Geometry BVH lt_spot_liv01 1033/1230 | Building BVH
Fra:1 Mem:616.27M (Peak 616.39M) | Time:00:02.39 | Mem:264.03M, Peak:278.24M | Scene, ViewLayer | Updating Geometry BVH lt_spot_liv02 1034/1230 | Building BVH
Fra:1 Mem:616.27M (Peak 616.39M) | Time:00:02.39 | Mem:264.03M, Peak:278.24M | Scene, ViewLayer | Updating Geometry BVH lt_spot_liv03 1035/1230 | Building BVH
Fra:1 Mem:616.27M (Peak 616.39M) | Time:00:02.39 | Mem:264.03M, Peak:278.24M | Scene, ViewLayer | Updating Geometry BVH lt_spot_liv04 1036/1230 | Building BVH
Fra:1 Mem:616.27M (Peak 616.39M) | Time:00:02.39 | Mem:264.06M, Peak:278.24M | Scene, ViewLayer | Updating Geometry BVH lt_spot_liv05 1037/1230 | Building BVH
Fra:1 Mem:616.27M (Peak 616.39M) | Time:00:02.39 | Mem:264.06M, Peak:278.24M | Scene, ViewLayer | Updating Geometry BVH lt_spot_liv06 1038/1230 | Building BVH
Fra:1 Mem:616.27M (Peak 616.39M) | Time:00:02.39 | Mem:264.11M, Peak:278.24M | Scene, ViewLayer | Updating Geometry BVH lt_spot_liv07 1039/1230 | Building BVH
Fra:1 Mem:616.27M (Peak 616.39M) | Time:00:02.39 | Mem:264.11M, Peak:278.24M | Scene, ViewLayer | Updating Geometry BVH lt_spot_liv08 1040/1230 | Building BVH
Fra:1 Mem:616.27M (Peak 616.39M) | Time:00:02.39 | Mem:264.11M, Peak:278.24M | Scene, ViewLayer | Updating Geometry BVH lt_spot_liv10 1042/1230 | Building BVH
Fra:1 Mem:616.27M (Peak 616.39M) | Time:00:02.39 | Mem:264.12M, Peak:278.24M | Scene, ViewLayer | Updating Geometry BVH lt_spot_liv11 1043/1230 | Building BVH
Fra:1 Mem:616.27M (Peak 616.39M) | Time:00:02.39 | Mem:264.13M, Peak:278.24M | Scene, ViewLayer | Updating Geometry BVH A_living_dining_balcony_dining_chair_01_legt2_mesh 1123/1230 | Building BVH
Fra:1 Mem:616.27M (Peak 616.39M) | Time:00:02.39 | Mem:264.14M, Peak:278.24M | Scene, ViewLayer | Updating Geometry BVH lt_spot_liv12 1044/1230 | Building BVH
Fra:1 Mem:616.27M (Peak 616.39M) | Time:00:02.39 | Mem:264.14M, Peak:278.24M | Scene, ViewLayer | Updating Geometry BVH lt_spot_liv13 1045/1230 | Building BVH
Fra:1 Mem:616.27M (Peak 616.39M) | Time:00:02.39 | Mem:264.14M, Peak:278.24M | Scene, ViewLayer | Updating Geometry BVH lt_spot_liv14 1046/1230 | Building BVH
Fra:1 Mem:616.27M (Peak 616.39M) | Time:00:02.39 | Mem:264.14M, Peak:278.24M | Scene, ViewLayer | Updating Geometry BVH lt_spot_liv15 1047/1230 | Building BVH
Fra:1 Mem:616.27M (Peak 616.39M) | Time:00:02.39 | Mem:264.15M, Peak:278.24M | Scene, ViewLayer | Updating Geometry BVH lt_spot_room0 1049/1230 | Building BVH
Fra:1 Mem:616.27M (Peak 616.39M) | Time:00:02.39 | Mem:264.17M, Peak:278.24M | Scene, ViewLayer | Updating Geometry BVH lt_spot_room1 1050/1230 | Building BVH
Fra:1 Mem:616.27M (Peak 616.39M) | Time:00:02.39 | Mem:264.19M, Peak:278.24M | Scene, ViewLayer | Updating Geometry BVH lt_spot_room2 1051/1230 | Building BVH
Fra:1 Mem:616.27M (Peak 616.39M) | Time:00:02.39 | Mem:264.20M, Peak:278.24M | Scene, ViewLayer | Updating Geometry BVH lt_spot_room3 1052/1230 | Building BVH
Fra:1 Mem:616.27M (Peak 616.39M) | Time:00:02.39 | Mem:264.21M, Peak:278.24M | Scene, ViewLayer | Updating Geometry BVH lt_spot_room5 1054/1230 | Building BVH
Fra:1 Mem:616.27M (Peak 616.39M) | Time:00:02.39 | Mem:264.21M, Peak:278.24M | Scene, ViewLayer | Updating Geometry BVH lt_spot_room6 1055/1230 | Building BVH
Fra:1 Mem:616.27M (Peak 616.39M) | Time:00:02.39 | Mem:264.22M, Peak:278.24M | Scene, ViewLayer | Updating Geometry BVH lt_spot_room8 1057/1230 | Building BVH
Fra:1 Mem:616.27M (Peak 616.39M) | Time:00:02.39 | Mem:264.22M, Peak:278.24M | Scene, ViewLayer | Updating Geometry BVH lt_spot_room10 1059/1230 | Building BVH
Fra:1 Mem:616.27M (Peak 616.39M) | Time:00:02.39 | Mem:264.23M, Peak:278.24M | Scene, ViewLayer | Updating Geometry BVH lt_spot_room11 1060/1230 | Building BVH
Fra:1 Mem:616.27M (Peak 616.39M) | Time:00:02.39 | Mem:264.24M, Peak:278.24M | Scene, ViewLayer | Updating Geometry BVH lt_spot_room12 1061/1230 | Building BVH
Fra:1 Mem:616.27M (Peak 616.39M) | Time:00:02.39 | Mem:264.25M, Peak:278.24M | Scene, ViewLayer | Updating Geometry BVH lt_spot_room13 1062/1230 | Building BVH
Fra:1 Mem:616.27M (Peak 616.39M) | Time:00:02.39 | Mem:264.25M, Peak:278.24M | Scene, ViewLayer | Updating Geometry BVH lt_ceiling_master 1063/1230 | Building BVH
Fra:1 Mem:616.27M (Peak 616.39M) | Time:00:02.39 | Mem:264.28M, Peak:278.24M | Scene, ViewLayer | Updating Geometry BVH lt_ceiling_parents 1064/1230 | Building BVH
Fra:1 Mem:616.27M (Peak 616.39M) | Time:00:02.39 | Mem:264.30M, Peak:278.24M | Scene, ViewLayer | Updating Geometry BVH lt_ceiling_daughter 1065/1230 | Building BVH
Fra:1 Mem:616.27M (Peak 616.39M) | Time:00:02.39 | Mem:264.30M, Peak:278.24M | Scene, ViewLayer | Updating Geometry BVH lt_ceiling_son 1066/1230 | Building BVH
Fra:1 Mem:616.27M (Peak 616.39M) | Time:00:02.39 | Mem:264.33M, Peak:278.24M | Scene, ViewLayer | Updating Geometry BVH lt_wall0 1067/1230 | Building BVH
Fra:1 Mem:616.27M (Peak 616.39M) | Time:00:02.39 | Mem:264.34M, Peak:278.24M | Scene, ViewLayer | Updating Geometry BVH lt_wall1 1068/1230 | Building BVH
Fra:1 Mem:616.27M (Peak 616.39M) | Time:00:02.39 | Mem:264.34M, Peak:278.24M | Scene, ViewLayer | Updating Geometry BVH lt_wall2 1069/1230 | Building BVH
Fra:1 Mem:616.27M (Peak 616.39M) | Time:00:02.39 | Mem:264.37M, Peak:278.24M | Scene, ViewLayer | Updating Geometry BVH A_living_dining_balcony_dining_chair_01_leg2_mesh 1122/1230 | Building BVH
Fra:1 Mem:616.27M (Peak 616.39M) | Time:00:02.39 | Mem:264.37M, Peak:278.24M | Scene, ViewLayer | Updating Geometry BVH lt_strip_S_mesh 1070/1230 | Building BVH
Fra:1 Mem:616.27M (Peak 616.39M) | Time:00:02.39 | Mem:264.37M, Peak:278.24M | Scene, ViewLayer | Updating Geometry BVH lt_strip_N_mesh 1071/1230 | Building BVH
Fra:1 Mem:616.27M (Peak 616.39M) | Time:00:02.39 | Mem:264.37M, Peak:278.24M | Scene, ViewLayer | Updating Geometry BVH lt_strip_kc1_mesh 1074/1230 | Building BVH
Fra:1 Mem:616.27M (Peak 616.39M) | Time:00:02.39 | Mem:264.37M, Peak:278.24M | Scene, ViewLayer | Updating Geometry BVH lt_strip_fyb_mesh 1076/1230 | Building BVH
Fra:1 Mem:616.27M (Peak 616.39M) | Time:00:02.39 | Mem:264.37M, Peak:278.24M | Scene, ViewLayer | Updating Geometry BVH lt_strip_bc_mesh 1078/1230 | Building BVH
Fra:1 Mem:616.27M (Peak 616.39M) | Time:00:02.39 | Mem:264.37M, Peak:278.24M | Scene, ViewLayer | Updating Geometry BVH lt_strip_mb_mesh 1080/1230 | Building BVH
Fra:1 Mem:616.27M (Peak 616.39M) | Time:00:02.39 | Mem:264.37M, Peak:278.24M | Scene, ViewLayer | Updating Geometry BVH lt_strip_cb_mesh 1081/1230 | Building BVH
Fra:1 Mem:616.27M (Peak 616.39M) | Time:00:02.39 | Mem:264.37M, Peak:278.24M | Scene, ViewLayer | Updating Geometry BVH lt_fill_daughter 1083/1230 | Building BVH
Fra:1 Mem:616.27M (Peak 616.39M) | Time:00:02.39 | Mem:264.38M, Peak:278.24M | Scene, ViewLayer | Updating Geometry BVH lt_fill_son 1084/1230 | Building BVH
Fra:1 Mem:616.27M (Peak 616.39M) | Time:00:02.39 | Mem:264.38M, Peak:278.24M | Scene, ViewLayer | Updating Geometry BVH lt_fill_pbath 1085/1230 | Building BVH
Fra:1 Mem:616.27M (Peak 616.39M) | Time:00:02.39 | Mem:264.39M, Peak:278.24M | Scene, ViewLayer | Updating Geometry BVH lt_fill_mbath 1086/1230 | Building BVH
Fra:1 Mem:616.27M (Peak 616.39M) | Time:00:02.39 | Mem:264.39M, Peak:278.24M | Scene, ViewLayer | Updating Geometry BVH lt_fill_corridor 1087/1230 | Building BVH
Fra:1 Mem:616.27M (Peak 616.39M) | Time:00:02.39 | Mem:264.39M, Peak:278.24M | Scene, ViewLayer | Updating Geometry BVH A_living_dining_balcony_island_01_sideW_mesh 1088/1230 | Building BVH
Fra:1 Mem:616.27M (Peak 616.39M) | Time:00:02.39 | Mem:264.39M, Peak:278.24M | Scene, ViewLayer | Updating Geometry BVH A_living_dining_balcony_island_01_sideE_mesh 1089/1230 | Building BVH
Fra:1 Mem:616.27M (Peak 616.39M) | Time:00:02.39 | Mem:264.44M, Peak:278.24M | Scene, ViewLayer | Updating Geometry BVH A_living_dining_balcony_island_01_backN_mesh 1090/1230 | Building BVH
Fra:1 Mem:616.27M (Peak 616.39M) | Time:00:02.39 | Mem:264.55M, Peak:278.24M | Scene, ViewLayer | Updating Geometry BVH A_living_dining_balcony_island_01_base_mesh 1091/1230 | Building BVH
Fra:1 Mem:616.27M (Peak 616.39M) | Time:00:02.39 | Mem:264.56M, Peak:278.24M | Scene, ViewLayer | Updating Geometry BVH A_living_dining_balcony_island_01_oven_mesh 1092/1230 | Building BVH
Fra:1 Mem:616.27M (Peak 616.39M) | Time:00:02.39 | Mem:264.56M, Peak:278.24M | Scene, ViewLayer | Updating Geometry BVH A_living_dining_balcony_island_01_drw_gapbg_mesh 1093/1230 | Building BVH
Fra:1 Mem:616.27M (Peak 616.39M) | Time:00:02.39 | Mem:264.56M, Peak:278.24M | Scene, ViewLayer | Updating Geometry BVH A_living_dining_balcony_island_01_drw_f0_mesh 1094/1230 | Building BVH
Fra:1 Mem:616.27M (Peak 616.39M) | Time:00:02.39 | Mem:264.57M, Peak:278.24M | Scene, ViewLayer | Updating Geometry BVH A_living_dining_balcony_island_01_drw_p0_mesh 1095/1230 | Building BVH
Fra:1 Mem:616.27M (Peak 616.39M) | Time:00:02.39 | Mem:264.58M, Peak:278.24M | Scene, ViewLayer | Updating Geometry BVH A_living_dining_balcony_island_01_niche_mesh 1096/1230 | Building BVH
Fra:1 Mem:616.27M (Peak 616.39M) | Time:00:02.39 | Mem:264.60M, Peak:278.24M | Scene, ViewLayer | Updating Geometry BVH A_living_dining_balcony_island_01_sh0_mesh 1097/1230 | Building BVH
Fra:1 Mem:616.27M (Peak 616.39M) | Time:00:02.39 | Mem:264.62M, Peak:278.24M | Scene, ViewLayer | Updating Geometry BVH A_living_dining_balcony_island_01_sh1_mesh 1098/1230 | Building BVH
Fra:1 Mem:616.27M (Peak 616.39M) | Time:00:02.39 | Mem:264.64M, Peak:278.24M | Scene, ViewLayer | Updating Geometry BVH A_living_dining_balcony_island_01_top_mesh 1099/1230 | Building BVH
Fra:1 Mem:616.27M (Peak 616.39M) | Time:00:02.39 | Mem:264.64M, Peak:278.24M | Scene, ViewLayer | Updating Geometry BVH A_living_dining_balcony_tv_cabinet_01_door_f0_mesh 1102/1230 | Building BVH
Fra:1 Mem:616.27M (Peak 616.39M) | Time:00:02.39 | Mem:264.64M, Peak:278.24M | Scene, ViewLayer | Updating Geometry BVH A_living_dining_balcony_tv_cabinet_01_door_gapbg_mesh 1101/1230 | Building BVH
Fra:1 Mem:616.27M (Peak 616.39M) | Time:00:02.39 | Mem:264.64M, Peak:278.24M | Scene, ViewLayer | Updating Geometry BVH A_living_dining_balcony_dining_chair_01_legt1_mesh 1121/1230 | Building BVH
Fra:1 Mem:616.27M (Peak 616.39M) | Time:00:02.39 | Mem:264.64M, Peak:278.24M | Scene, ViewLayer | Updating Geometry BVH A_living_dining_balcony_tv_cabinet_01_door_f1_mesh 1103/1230 | Building BVH
Fra:1 Mem:616.27M (Peak 616.39M) | Time:00:02.39 | Mem:264.70M, Peak:278.24M | Scene, ViewLayer | Updating Geometry BVH A_living_dining_balcony_tv_cabinet_01_door_f2_mesh 1104/1230 | Building BVH
Fra:1 Mem:616.27M (Peak 616.39M) | Time:00:02.39 | Mem:264.72M, Peak:278.24M | Scene, ViewLayer | Updating Geometry BVH A_living_dining_balcony_tv_cabinet_01_door_f3_mesh 1105/1230 | Building BVH
Fra:1 Mem:616.27M (Peak 616.39M) | Time:00:02.39 | Mem:264.73M, Peak:278.24M | Scene, ViewLayer | Updating Geometry BVH A_living_dining_balcony_tv_cabinet_01_door_f4_mesh 1106/1230 | Building BVH
Fra:1 Mem:616.27M (Peak 616.39M) | Time:00:02.39 | Mem:264.73M, Peak:278.24M | Scene, ViewLayer | Updating Geometry BVH A_living_dining_balcony_pendant_lamp_01_rod_mesh 1107/1230 | Building BVH
Fra:1 Mem:616.27M (Peak 616.39M) | Time:00:02.39 | Mem:264.74M, Peak:278.24M | Scene, ViewLayer | Updating Geometry BVH A_living_dining_balcony_pendant_lamp_01_ globe_mesh 1108/1230 | Building BVH
Fra:1 Mem:616.27M (Peak 616.39M) | Time:00:02.39 | Mem:264.77M, Peak:278.24M | Scene, ViewLayer | Updating Geometry BVH A_living_dining_balcony_island_02_top_mesh 1109/1230 | Building BVH
Fra:1 Mem:616.27M (Peak 616.39M) | Time:00:02.39 | Mem:264.80M, Peak:278.24M | Scene, ViewLayer | Updating Geometry BVH A_living_dining_balcony_island_02_leg0_mesh 1110/1230 | Building BVH
Fra:1 Mem:616.27M (Peak 616.39M) | Time:00:02.39 | Mem:264.80M, Peak:278.24M | Scene, ViewLayer | Updating Geometry BVH A_living_dining_balcony_island_02_leg1_mesh 1111/1230 | Building BVH
Fra:1 Mem:616.27M (Peak 616.39M) | Time:00:02.39 | Mem:264.84M, Peak:278.24M | Scene, ViewLayer | Updating Geometry BVH A_living_dining_balcony_island_02_leg2_mesh 1112/1230 | Building BVH
Fra:1 Mem:616.27M (Peak 616.39M) | Time:00:02.39 | Mem:264.85M, Peak:278.24M | Scene, ViewLayer | Updating Geometry BVH A_living_dining_balcony_pendant_lamp_02_rod_mesh 1114/1230 | Building BVH
Fra:1 Mem:616.27M (Peak 616.39M) | Time:00:02.39 | Mem:264.97M, Peak:278.24M | Scene, ViewLayer | Updating Geometry BVH A_living_dining_balcony_pendant_lamp_02_ globe_mesh 1115/1230 | Building BVH
Fra:1 Mem:616.27M (Peak 616.39M) | Time:00:02.39 | Mem:264.99M, Peak:278.24M | Scene, ViewLayer | Updating Geometry BVH A_living_dining_balcony_dining_chair_01_seat_mesh 1116/1230 | Building BVH
Fra:1 Mem:616.27M (Peak 616.39M) | Time:00:02.39 | Mem:264.99M, Peak:278.24M | Scene, ViewLayer | Updating Geometry BVH A_living_dining_balcony_dining_chair_01_back_mesh 1117/1230 | Building BVH
Fra:1 Mem:616.27M (Peak 616.39M) | Time:00:02.39 | Mem:265.05M, Peak:278.24M | Scene, ViewLayer | Updating Geometry BVH A_living_dining_balcony_dining_chair_01_leg1_mesh 1120/1230 | Building BVH
Fra:1 Mem:616.27M (Peak 616.39M) | Time:00:02.39 | Mem:265.05M, Peak:278.24M | Scene, ViewLayer | Updating Geometry BVH A_living_dining_balcony_dining_chair_01_legt0_mesh 1119/1230 | Building BVH
Fra:1 Mem:616.27M (Peak 616.39M) | Time:00:02.39 | Mem:265.07M, Peak:278.24M | Scene, ViewLayer | Updating Scene BVH | Building
Fra:1 Mem:616.29M (Peak 616.39M) | Time:00:02.39 | Mem:265.07M, Peak:278.24M | Scene, ViewLayer | Updating Scene BVH | Building BVH
Fra:1 Mem:616.29M (Peak 616.39M) | Time:00:02.52 | Mem:269.49M, Peak:278.24M | Scene, ViewLayer | Updating Scene BVH | Copying BVH to device
Fra:1 Mem:616.29M (Peak 616.39M) | Time:00:02.52 | Mem:269.49M, Peak:278.24M | Scene, ViewLayer | Updating Mesh | Computing normals
Fra:1 Mem:666.51M (Peak 666.51M) | Time:00:02.54 | Mem:269.49M, Peak:278.24M | Scene, ViewLayer | Updating Mesh | Copying Mesh to device
Fra:1 Mem:666.51M (Peak 666.51M) | Time:00:02.55 | Mem:319.71M, Peak:319.71M | Scene, ViewLayer | Updating Objects Flags
Fra:1 Mem:666.51M (Peak 666.51M) | Time:00:02.56 | Mem:319.72M, Peak:319.72M | Scene, ViewLayer | Updating Primitive Offsets
Fra:1 Mem:666.51M (Peak 666.51M) | Time:00:02.56 | Mem:319.72M, Peak:319.72M | Scene, ViewLayer | Updating Images
Fra:1 Mem:666.51M (Peak 666.51M) | Time:00:02.56 | Mem:319.72M, Peak:319.72M | Scene, ViewLayer | Updating Images | Loading walnut3_nor_gl_2k.jpg
Fra:1 Mem:666.51M (Peak 666.51M) | Time:00:02.56 | Mem:319.72M, Peak:319.72M | Scene, ViewLayer | Updating Images | Loading kloofendal_48d_partly_cloudy_puresky_4k.hdr
Fra:1 Mem:666.51M (Peak 666.51M) | Time:00:02.56 | Mem:319.72M, Peak:319.72M | Scene, ViewLayer | Updating Images | Loading walnut3_rough_2k.jpg
Fra:1 Mem:830.51M (Peak 830.51M) | Time:00:02.77 | Mem:483.72M, Peak:483.72M | Scene, ViewLayer | Updating Camera Volume
Fra:1 Mem:830.51M (Peak 830.51M) | Time:00:02.77 | Mem:483.72M, Peak:483.72M | Scene, ViewLayer | Updating Lookup Tables
Fra:1 Mem:830.51M (Peak 830.51M) | Time:00:02.77 | Mem:483.80M, Peak:483.80M | Scene, ViewLayer | Updating Lights
Fra:1 Mem:830.52M (Peak 830.52M) | Time:00:02.77 | Mem:483.81M, Peak:483.81M | Scene, ViewLayer | Updating Lights | Importance map
Fra:1 Mem:894.55M (Peak 1182.52M) | Time:00:03.16 | Mem:547.84M, Peak:707.81M | Scene, ViewLayer | Updating Lights | Computing tree
Fra:1 Mem:895.55M (Peak 1182.52M) | Time:00:03.17 | Mem:548.83M, Peak:707.81M | Scene, ViewLayer | Updating Integrator
Fra:1 Mem:895.55M (Peak 1182.52M) | Time:00:03.17 | Mem:548.83M, Peak:707.81M | Scene, ViewLayer | Updating Film
Fra:1 Mem:895.55M (Peak 1182.52M) | Time:00:03.17 | Mem:548.75M, Peak:707.81M | Scene, ViewLayer | Updating Lookup Tables
Fra:1 Mem:895.55M (Peak 1182.52M) | Time:00:03.17 | Mem:548.84M, Peak:707.81M | Scene, ViewLayer | Updating Baking
Fra:1 Mem:895.55M (Peak 1182.52M) | Time:00:03.17 | Mem:548.84M, Peak:707.81M | Scene, ViewLayer | Updating Device | Writing constant memory
Fra:1 Mem:895.57M (Peak 1182.52M) | Time:00:03.17 | Mem:548.84M, Peak:707.81M | Scene, ViewLayer | Loading denoising kernels (may take a few minutes the first time)
Fra:1 Mem:899.62M (Peak 1182.52M) | Time:00:03.24 | Mem:900.89M, Peak:900.89M | Scene, ViewLayer | Sample 0/16
Fra:1 Mem:937.20M (Peak 1182.52M) | Time:00:03.59 | Remaining:00:05.28 | Mem:938.47M, Peak:938.47M | Scene, ViewLayer | Sample 1/16
Fra:1 Mem:953.03M (Peak 1182.52M) | Time:00:09.64 | Mem:938.47M, Peak:938.47M | Scene, ViewLayer | Sample 16/16
Fra:1 Mem:953.03M (Peak 1182.52M) | Time:00:09.64 | Mem:938.47M, Peak:938.47M | Scene, ViewLayer | Finished
Saved: 'D:\ClaudeCodeProject2026\jiangyu-render\review\screenshots\f7_diag_base.png'
Time: 00:09.91 (Saving: 00:00.14)

Fra:1 Mem:294.17M (Peak 294.17M) | Time:00:00.09 | Mem:0.00M, Peak:0.00M | Scene, ViewLayer | Synchronizing object | ceil_living_r1S
Fra:1 Mem:294.17M (Peak 294.17M) | Time:00:00.09 | Mem:0.00M, Peak:0.00M | Scene, ViewLayer | Synchronizing object | ceil_living_r2E
Fra:1 Mem:294.17M (Peak 294.17M) | Time:00:00.09 | Mem:0.00M, Peak:0.00M | Scene, ViewLayer | Synchronizing object | ceil_parents_room_slab
Fra:1 Mem:294.18M (Peak 294.18M) | Time:00:00.09 | Mem:0.00M, Peak:0.00M | Scene, ViewLayer | Synchronizing object | ceil_parents_room_ac
Fra:1 Mem:294.18M (Peak 294.18M) | Time:00:00.09 | Mem:0.00M, Peak:0.00M | Scene, ViewLayer | Synchronizing object | ceil_son_ac
Fra:1 Mem:294.18M (Peak 294.18M) | Time:00:00.09 | Mem:0.00M, Peak:0.00M | Scene, ViewLayer | Synchronizing object | ceil_public_bath_wet_fill
Fra:1 Mem:294.18M (Peak 294.18M) | Time:00:00.09 | Mem:0.00M, Peak:0.00M | Scene, ViewLayer | Synchronizing object | ceil_elevator_hall_fill
Fra:1 Mem:294.18M (Peak 294.18M) | Time:00:00.09 | Mem:0.00M, Peak:0.00M | Scene, ViewLayer | Synchronizing object | fx_ceiling_parents_room
Fra:1 Mem:294.18M (Peak 294.18M) | Time:00:00.09 | Mem:0.00M, Peak:0.00M | Scene, ViewLayer | Synchronizing object | fx_ceiling_daughter_room
Fra:1 Mem:294.18M (Peak 294.18M) | Time:00:00.09 | Mem:0.00M, Peak:0.00M | Scene, ViewLayer | Synchronizing object | fx_ceiling_son_room
Fra:1 Mem:294.19M (Peak 294.19M) | Time:00:00.09 | Mem:0.00M, Peak:0.00M | Scene, ViewLayer | Synchronizing object | fx_spot_living00
Fra:1 Mem:294.19M (Peak 294.19M) | Time:00:00.09 | Mem:0.00M, Peak:0.00M | Scene, ViewLayer | Synchronizing object | fx_spot_living00_r
Fra:1 Mem:294.20M (Peak 294.20M) | Time:00:00.09 | Mem:0.00M, Peak:0.00M | Scene, ViewLayer | Synchronizing object | fx_spot_living01
Fra:1 Mem:294.20M (Peak 294.20M) | Time:00:00.09 | Mem:0.00M, Peak:0.00M | Scene, ViewLayer | Synchronizing object | fx_spot_living01_r
Fra:1 Mem:294.20M (Peak 294.20M) | Time:00:00.09 | Mem:0.00M, Peak:0.00M | Scene, ViewLayer | Synchronizing object | fx_spot_living02_r
Fra:1 Mem:294.20M (Peak 294.20M) | Time:00:00.09 | Mem:0.00M, Peak:0.00M | Scene, ViewLayer | Synchronizing object | fx_spot_living03
Fra:1 Mem:294.21M (Peak 294.21M) | Time:00:00.09 | Mem:0.00M, Peak:0.00M | Scene, ViewLayer | Synchronizing object | fx_spot_living03_r
Fra:1 Mem:294.21M (Peak 294.21M) | Time:00:00.09 | Mem:0.00M, Peak:0.00M | Scene, ViewLayer | Synchronizing object | fx_spot_living04_r
Fra:1 Mem:294.21M (Peak 294.21M) | Time:00:00.09 | Mem:0.00M, Peak:0.00M | Scene, ViewLayer | Synchronizing object | fx_spot_living05
Fra:1 Mem:294.21M (Peak 294.21M) | Time:00:00.09 | Mem:0.00M, Peak:0.00M | Scene, ViewLayer | Synchronizing object | fx_spot_living05_r
Fra:1 Mem:294.22M (Peak 294.22M) | Time:00:00.09 | Mem:0.00M, Peak:0.00M | Scene, ViewLayer | Synchronizing object | fx_spot_living06_r
Fra:1 Mem:294.22M (Peak 294.22M) | Time:00:00.09 | Mem:0.00M, Peak:0.00M | Scene, ViewLayer | Synchronizing object | fx_spot_living07
Fra:1 Mem:294.22M (Peak 294.22M) | Time:00:00.09 | Mem:0.00M, Peak:0.00M | Scene, ViewLayer | Synchronizing object | fx_spot_living07_r
Fra:1 Mem:294.22M (Peak 294.22M) | Time:00:00.09 | Mem:0.00M, Peak:0.00M | Scene, ViewLayer | Synchronizing object | fx_spot_living08
Fra:1 Mem:294.22M (Peak 294.22M) | Time:00:00.09 | Mem:0.00M, Peak:0.00M | Scene, ViewLayer | Synchronizing object | fx_spot_living08_r
Fra:1 Mem:294.23M (Peak 294.23M) | Time:00:00.09 | Mem:0.00M, Peak:0.00M | Scene, ViewLayer | Synchronizing object | fx_spot_living09
Fra:1 Mem:294.24M (Peak 294.24M) | Time:00:00.09 | Mem:0.00M, Peak:0.00M | Scene, ViewLayer | Synchronizing object | fx_spot_living09_r
Fra:1 Mem:294.24M (Peak 294.24M) | Time:00:00.09 | Mem:0.00M, Peak:0.00M | Scene, ViewLayer | Synchronizing object | fx_spot_living10
Fra:1 Mem:294.24M (Peak 294.24M) | Time:00:00.09 | Mem:0.00M, Peak:0.00M | Scene, ViewLayer | Synchronizing object | fx_spot_living11
Fra:1 Mem:294.24M (Peak 294.24M) | Time:00:00.09 | Mem:0.00M, Peak:0.00M | Scene, ViewLayer | Synchronizing object | fx_spot_living11_r
Fra:1 Mem:294.24M (Peak 294.24M) | Time:00:00.09 | Mem:0.00M, Peak:0.00M | Scene, ViewLayer | Synchronizing object | fx_spot_living12
Fra:1 Mem:294.25M (Peak 294.25M) | Time:00:00.09 | Mem:0.00M, Peak:0.00M | Scene, ViewLayer | Synchronizing object | fx_spot_living13
Fra:1 Mem:294.26M (Peak 294.26M) | Time:00:00.09 | Mem:0.00M, Peak:0.00M | Scene, ViewLayer | Synchronizing object | fx_spot_living13_r
Fra:1 Mem:294.27M (Peak 294.27M) | Time:00:00.09 | Mem:0.00M, Peak:0.00M | Scene, ViewLayer | Synchronizing object | fx_spot_living14
Fra:1 Mem:294.27M (Peak 294.27M) | Time:00:00.09 | Mem:0.00M, Peak:0.00M | Scene, ViewLayer | Synchronizing object | fx_spot_living15
Fra:1 Mem:294.28M (Peak 294.28M) | Time:00:00.09 | Mem:0.00M, Peak:0.00M | Scene, ViewLayer | Synchronizing object | fx_spot_living16
Fra:1 Mem:294.28M (Peak 294.28M) | Time:00:00.09 | Mem:0.00M, Peak:0.00M | Scene, ViewLayer | Synchronizing object | fx_spot_living16_r
Fra:1 Mem:294.29M (Peak 294.29M) | Time:00:00.09 | Mem:0.00M, Peak:0.00M | Scene, ViewLayer | Synchronizing object | fx_spot_room0
Fra:1 Mem:294.29M (Peak 294.29M) | Time:00:00.09 | Mem:0.00M, Peak:0.00M | Scene, ViewLayer | Synchronizing object | fx_spot_room1
Fra:1 Mem:294.30M (Peak 294.30M) | Time:00:00.09 | Mem:0.00M, Peak:0.00M | Scene, ViewLayer | Synchronizing object | fx_spot_room2
Fra:1 Mem:294.30M (Peak 294.30M) | Time:00:00.09 | Mem:0.00M, Peak:0.00M | Scene, ViewLayer | Synchronizing object | fx_spot_room3
Fra:1 Mem:294.30M (Peak 294.30M) | Time:00:00.09 | Mem:0.00M, Peak:0.00M | Scene, ViewLayer | Synchronizing object | fx_spot_room5
Fra:1 Mem:294.31M (Peak 294.31M) | Time:00:00.09 | Mem:0.00M, Peak:0.00M | Scene, ViewLayer | Synchronizing object | fx_spot_room6
Fra:1 Mem:294.31M (Peak 294.31M) | Time:00:00.09 | Mem:0.00M, Peak:0.00M | Scene, ViewLayer | Synchronizing object | out_ground
Fra:1 Mem:294.32M (Peak 294.32M) | Time:00:00.09 | Mem:0.00M, Peak:0.00M | Scene, ViewLayer | Synchronizing object | out_path_s
Fra:1 Mem:294.32M (Peak 294.32M) | Time:00:00.09 | Mem:0.00M, Peak:0.00M | Scene, ViewLayer | Synchronizing object | jacaranda_tree_LOD0.001
Fra:1 Mem:294.33M (Peak 294.33M) | Time:00:00.09 | Mem:0.00M, Peak:0.00M | Scene, ViewLayer | Synchronizing object | tree_small_02_LOD0.001
Fra:1 Mem:295.57M (Peak 295.57M) | Time:00:00.09 | Mem:0.00M, Peak:0.00M | Scene, ViewLayer | Synchronizing object | out_bldg_s
Fra:1 Mem:295.57M (Peak 295.57M) | Time:00:00.09 | Mem:0.00M, Peak:0.00M | Scene, ViewLayer | Synchronizing object | out_bldg_n
Fra:1 Mem:295.57M (Peak 295.57M) | Time:00:00.09 | Mem:0.00M, Peak:0.00M | Scene, ViewLayer | Synchronizing object | floor_living_dining_balcony
Fra:1 Mem:295.58M (Peak 295.58M) | Time:00:00.09 | Mem:0.00M, Peak:0.00M | Scene, ViewLayer | Synchronizing object | floor_kitchen
Fra:1 Mem:295.58M (Peak 295.58M) | Time:00:00.09 | Mem:0.00M, Peak:0.00M | Scene, ViewLayer | Synchronizing object | floor_daughter_room
Fra:1 Mem:295.58M (Peak 295.58M) | Time:00:00.09 | Mem:0.00M, Peak:0.00M | Scene, ViewLayer | Synchronizing object | floor_public_bath_wet
Fra:1 Mem:295.58M (Peak 295.58M) | Time:00:00.09 | Mem:0.00M, Peak:0.00M | Scene, ViewLayer | Synchronizing object | floor_corridor_0
Fra:1 Mem:295.59M (Peak 295.59M) | Time:00:00.09 | Mem:0.00M, Peak:0.00M | Scene, ViewLayer | Synchronizing object | floor_son_room
Fra:1 Mem:295.59M (Peak 295.59M) | Time:00:00.09 | Mem:0.00M, Peak:0.00M | Scene, ViewLayer | Synchronizing object | floor_master_bath
Fra:1 Mem:295.59M (Peak 295.59M) | Time:00:00.09 | Mem:0.00M, Peak:0.00M | Scene, ViewLayer | Synchronizing object | floor_master_bedroom
Fra:1 Mem:295.59M (Peak 295.59M) | Time:00:00.09 | Mem:0.00M, Peak:0.00M | Scene, ViewLayer | Synchronizing object | floor_terrace
Fra:1 Mem:295.59M (Peak 295.59M) | Time:00:00.09 | Mem:0.00M, Peak:0.00M | Scene, ViewLayer | Synchronizing object | floor_parents_room
Fra:1 Mem:295.59M (Peak 295.59M) | Time:00:00.09 | Mem:0.00M, Peak:0.00M | Scene, ViewLayer | Synchronizing object | floor_foyer
Fra:1 Mem:295.60M (Peak 295.60M) | Time:00:00.09 | Mem:0.00M, Peak:0.00M | Scene, ViewLayer | Synchronizing object | W01_s00
Fra:1 Mem:295.60M (Peak 295.60M) | Time:00:00.09 | Mem:0.00M, Peak:0.00M | Scene, ViewLayer | Synchronizing object | W01_s01
Fra:1 Mem:295.60M (Peak 295.60M) | Time:00:00.09 | Mem:0.00M, Peak:0.00M | Scene, ViewLayer | Synchronizing object | W01_s02
Fra:1 Mem:295.60M (Peak 295.60M) | Time:00:00.09 | Mem:0.00M, Peak:0.00M | Scene, ViewLayer | Synchronizing object | W02_s01
Fra:1 Mem:296.48M (Peak 296.48M) | Time:00:00.09 | Mem:0.00M, Peak:0.00M | Scene, ViewLayer | Synchronizing object | W02_s02
Fra:1 Mem:296.49M (Peak 296.49M) | Time:00:00.09 | Mem:0.00M, Peak:0.00M | Scene, ViewLayer | Synchronizing object | W02_s03
Fra:1 Mem:296.49M (Peak 296.49M) | Time:00:00.09 | Mem:0.00M, Peak:0.00M | Scene, ViewLayer | Synchronizing object | W03_s00
Fra:1 Mem:296.49M (Peak 296.49M) | Time:00:00.09 | Mem:0.00M, Peak:0.00M | Scene, ViewLayer | Synchronizing object | W04_s00
Fra:1 Mem:296.49M (Peak 296.49M) | Time:00:00.09 | Mem:0.00M, Peak:0.00M | Scene, ViewLayer | Synchronizing object | W05_s01
Fra:1 Mem:296.50M (Peak 296.50M) | Time:00:00.09 | Mem:0.00M, Peak:0.00M | Scene, ViewLayer | Synchronizing object | W05_s03
Fra:1 Mem:296.50M (Peak 296.50M) | Time:00:00.09 | Mem:0.00M, Peak:0.00M | Scene, ViewLayer | Synchronizing object | W06_s00
Fra:1 Mem:296.50M (Peak 296.50M) | Time:00:00.09 | Mem:0.00M, Peak:0.00M | Scene, ViewLayer | Synchronizing object | W06_s01
Fra:1 Mem:296.50M (Peak 296.50M) | Time:00:00.09 | Mem:0.00M, Peak:0.00M | Scene, ViewLayer | Synchronizing object | W06_s02
Fra:1 Mem:296.50M (Peak 296.50M) | Time:00:00.09 | Mem:0.00M, Peak:0.00M | Scene, ViewLayer | Synchronizing object | W06_s03
Fra:1 Mem:296.51M (Peak 296.51M) | Time:00:00.09 | Mem:0.00M, Peak:0.00M | Scene, ViewLayer | Synchronizing object | W07_s00
Fra:1 Mem:296.51M (Peak 296.51M) | Time:00:00.09 | Mem:0.00M, Peak:0.00M | Scene, ViewLayer | Synchronizing object | W07_s02
Fra:1 Mem:296.51M (Peak 296.51M) | Time:00:00.09 | Mem:0.00M, Peak:0.00M | Scene, ViewLayer | Synchronizing object | W08_s01
Fra:1 Mem:296.51M (Peak 296.51M) | Time:00:00.09 | Mem:0.00M, Peak:0.00M | Scene, ViewLayer | Synchronizing object | W09_s00
Fra:1 Mem:296.52M (Peak 296.52M) | Time:00:00.09 | Mem:0.00M, Peak:0.00M | Scene, ViewLayer | Synchronizing object | W10_s00
Fra:1 Mem:296.52M (Peak 296.52M) | Time:00:00.09 | Mem:0.00M, Peak:0.00M | Scene, ViewLayer | Synchronizing object | W10_s01
Fra:1 Mem:296.52M (Peak 296.52M) | Time:00:00.09 | Mem:0.00M, Peak:0.00M | Scene, ViewLayer | Synchronizing object | W11_s00
Fra:1 Mem:296.52M (Peak 296.52M) | Time:00:00.09 | Mem:0.00M, Peak:0.00M | Scene, ViewLayer | Synchronizing object | W12_s00
Fra:1 Mem:296.52M (Peak 296.52M) | Time:00:00.09 | Mem:0.00M, Peak:0.00M | Scene, ViewLayer | Synchronizing object | W12_s01
Fra:1 Mem:296.52M (Peak 296.52M) | Time:00:00.09 | Mem:0.00M, Peak:0.00M | Scene, ViewLayer | Synchronizing object | W12_s02
Fra:1 Mem:296.52M (Peak 296.52M) | Time:00:00.09 | Mem:0.00M, Peak:0.00M | Scene, ViewLayer | Synchronizing object | W13_s00
Fra:1 Mem:296.53M (Peak 296.53M) | Time:00:00.09 | Mem:0.00M, Peak:0.00M | Scene, ViewLayer | Synchronizing object | W13_s01
Fra:1 Mem:296.53M (Peak 296.53M) | Time:00:00.09 | Mem:0.00M, Peak:0.00M | Scene, ViewLayer | Synchronizing object | W14_s00
Fra:1 Mem:296.53M (Peak 296.53M) | Time:00:00.09 | Mem:0.00M, Peak:0.00M | Scene, ViewLayer | Synchronizing object | W14_s02
Fra:1 Mem:296.53M (Peak 296.53M) | Time:00:00.09 | Mem:0.00M, Peak:0.00M | Scene, ViewLayer | Synchronizing object | W15_s01
Fra:1 Mem:296.54M (Peak 296.54M) | Time:00:00.09 | Mem:0.00M, Peak:0.00M | Scene, ViewLayer | Synchronizing object | W15_s02
Fra:1 Mem:296.54M (Peak 296.54M) | Time:00:00.09 | Mem:0.00M, Peak:0.00M | Scene, ViewLayer | Synchronizing object | W17_s00
Fra:1 Mem:296.54M (Peak 296.54M) | Time:00:00.09 | Mem:0.00M, Peak:0.00M | Scene, ViewLayer | Synchronizing object | W17_s01
Fra:1 Mem:296.54M (Peak 296.54M) | Time:00:00.09 | Mem:0.00M, Peak:0.00M | Scene, ViewLayer | Synchronizing object | W17_s02
Fra:1 Mem:296.55M (Peak 296.55M) | Time:00:00.09 | Mem:0.00M, Peak:0.00M | Scene, ViewLayer | Synchronizing object | W18_s00
Fra:1 Mem:296.55M (Peak 296.55M) | Time:00:00.09 | Mem:0.00M, Peak:0.00M | Scene, ViewLayer | Synchronizing object | W18_s01
Fra:1 Mem:296.55M (Peak 296.55M) | Time:00:00.09 | Mem:0.00M, Peak:0.00M | Scene, ViewLayer | Synchronizing object | W18_s02
Fra:1 Mem:296.55M (Peak 296.55M) | Time:00:00.09 | Mem:0.00M, Peak:0.00M | Scene, ViewLayer | Synchronizing object | W19_s00
Fra:1 Mem:296.55M (Peak 296.55M) | Time:00:00.09 | Mem:0.00M, Peak:0.00M | Scene, ViewLayer | Synchronizing object | W19_s01
Fra:1 Mem:296.55M (Peak 296.55M) | Time:00:00.09 | Mem:0.00M, Peak:0.00M | Scene, ViewLayer | Synchronizing object | W19_s02
Fra:1 Mem:296.55M (Peak 296.55M) | Time:00:00.09 | Mem:0.00M, Peak:0.00M | Scene, ViewLayer | Synchronizing object | W20_s00
Fra:1 Mem:296.56M (Peak 296.56M) | Time:00:00.09 | Mem:0.00M, Peak:0.00M | Scene, ViewLayer | Synchronizing object | W21_s00
Fra:1 Mem:296.56M (Peak 296.56M) | Time:00:00.09 | Mem:0.00M, Peak:0.00M | Scene, ViewLayer | Synchronizing object | W22_s00
Fra:1 Mem:296.56M (Peak 296.56M) | Time:00:00.09 | Mem:0.00M, Peak:0.00M | Scene, ViewLayer | Synchronizing object | W22_s01
Fra:1 Mem:295.36M (Peak 296.56M) | Time:00:00.09 | Mem:0.00M, Peak:0.00M | Scene, ViewLayer | Synchronizing object | W23_s00
Fra:1 Mem:295.92M (Peak 296.56M) | Time:00:00.09 | Mem:0.00M, Peak:0.00M | Scene, ViewLayer | Synchronizing object | W23_s03
Fra:1 Mem:295.92M (Peak 296.56M) | Time:00:00.09 | Mem:0.00M, Peak:0.00M | Scene, ViewLayer | Synchronizing object | W24_s00
Fra:1 Mem:295.92M (Peak 296.56M) | Time:00:00.09 | Mem:0.00M, Peak:0.00M | Scene, ViewLayer | Synchronizing object | W25_s00
Fra:1 Mem:295.92M (Peak 296.56M) | Time:00:00.09 | Mem:0.00M, Peak:0.00M | Scene, ViewLayer | Synchronizing object | W27_s01
Fra:1 Mem:295.94M (Peak 296.56M) | Time:00:00.09 | Mem:0.00M, Peak:0.00M | Scene, ViewLayer | Synchronizing object | W27_s02
Fra:1 Mem:295.95M (Peak 296.56M) | Time:00:00.09 | Mem:0.00M, Peak:0.00M | Scene, ViewLayer | Synchronizing object | W29_s00
Fra:1 Mem:295.50M (Peak 296.56M) | Time:00:00.09 | Mem:0.00M, Peak:0.00M | Scene, ViewLayer | Synchronizing object | win_W01_0top
Fra:1 Mem:299.02M (Peak 299.02M) | Time:00:00.09 | Mem:0.00M, Peak:0.00M | Scene, ViewLayer | Synchronizing object | win_W01_0lft
Fra:1 Mem:299.02M (Peak 299.02M) | Time:00:00.09 | Mem:0.00M, Peak:0.00M | Scene, ViewLayer | Synchronizing object | win_W01_0rgt
Fra:1 Mem:299.02M (Peak 299.02M) | Time:00:00.09 | Mem:0.00M, Peak:0.00M | Scene, ViewLayer | Synchronizing object | win_W01_0mul1
Fra:1 Mem:299.02M (Peak 299.02M) | Time:00:00.09 | Mem:0.00M, Peak:0.00M | Scene, ViewLayer | Synchronizing object | win_W01_0glass
Fra:1 Mem:299.02M (Peak 299.02M) | Time:00:00.09 | Mem:0.00M, Peak:0.00M | Scene, ViewLayer | Synchronizing object | win_W02_0top
Fra:1 Mem:299.02M (Peak 299.02M) | Time:00:00.09 | Mem:0.00M, Peak:0.00M | Scene, ViewLayer | Synchronizing object | win_W02_0lft
Fra:1 Mem:299.03M (Peak 299.03M) | Time:00:00.09 | Mem:0.00M, Peak:0.00M | Scene, ViewLayer | Synchronizing object | win_W02_0rgt
Fra:1 Mem:299.03M (Peak 299.03M) | Time:00:00.09 | Mem:0.00M, Peak:0.00M | Scene, ViewLayer | Synchronizing object | win_W05_0bot
Fra:1 Mem:299.03M (Peak 299.03M) | Time:00:00.09 | Mem:0.00M, Peak:0.00M | Scene, ViewLayer | Synchronizing object | win_W05_0top
Fra:1 Mem:299.03M (Peak 299.03M) | Time:00:00.09 | Mem:0.00M, Peak:0.00M | Scene, ViewLayer | Synchronizing object | win_W05_0lft
Fra:1 Mem:299.03M (Peak 299.03M) | Time:00:00.09 | Mem:0.00M, Peak:0.00M | Scene, ViewLayer | Synchronizing object | win_W05_0glass
Fra:1 Mem:299.03M (Peak 299.03M) | Time:00:00.09 | Mem:0.00M, Peak:0.00M | Scene, ViewLayer | Synchronizing object | win_W06_0bot
Fra:1 Mem:299.03M (Peak 299.03M) | Time:00:00.09 | Mem:0.00M, Peak:0.00M | Scene, ViewLayer | Synchronizing object | win_W06_0top
Fra:1 Mem:299.03M (Peak 299.03M) | Time:00:00.09 | Mem:0.00M, Peak:0.00M | Scene, ViewLayer | Synchronizing object | win_W06_0lft
Fra:1 Mem:321.41M (Peak 321.41M) | Time:00:00.09 | Mem:0.00M, Peak:0.00M | Scene, ViewLayer | Synchronizing object | win_W06_0mul1
Fra:1 Mem:321.41M (Peak 321.41M) | Time:00:00.09 | Mem:0.00M, Peak:0.00M | Scene, ViewLayer | Synchronizing object | win_W06_0glass
Fra:1 Mem:321.41M (Peak 321.41M) | Time:00:00.09 | Mem:0.00M, Peak:0.00M | Scene, ViewLayer | Synchronizing object | win_W10_0bot
Fra:1 Mem:321.42M (Peak 321.42M) | Time:00:00.09 | Mem:0.00M, Peak:0.00M | Scene, ViewLayer | Synchronizing object | win_W10_0top
Fra:1 Mem:321.42M (Peak 321.42M) | Time:00:00.09 | Mem:0.00M, Peak:0.00M | Scene, ViewLayer | Synchronizing object | win_W10_0lft
Fra:1 Mem:321.42M (Peak 321.42M) | Time:00:00.09 | Mem:0.00M, Peak:0.00M | Scene, ViewLayer | Synchronizing object | win_W10_0rgt
Fra:1 Mem:321.42M (Peak 321.42M) | Time:00:00.09 | Mem:0.00M, Peak:0.00M | Scene, ViewLayer | Synchronizing object | win_W10_0glass
Fra:1 Mem:321.42M (Peak 321.42M) | Time:00:00.09 | Mem:0.00M, Peak:0.00M | Scene, ViewLayer | Synchronizing object | win_W18_0bot
Fra:1 Mem:321.43M (Peak 321.43M) | Time:00:00.09 | Mem:0.00M, Peak:0.00M | Scene, ViewLayer | Synchronizing object | win_W18_0lft
Fra:1 Mem:321.43M (Peak 321.43M) | Time:00:00.09 | Mem:0.00M, Peak:0.00M | Scene, ViewLayer | Synchronizing object | win_W18_0rgt
Fra:1 Mem:321.43M (Peak 321.43M) | Time:00:00.09 | Mem:0.00M, Peak:0.00M | Scene, ViewLayer | Synchronizing object | win_W18_0mul1
Fra:1 Mem:321.43M (Peak 321.43M) | Time:00:00.09 | Mem:0.00M, Peak:0.00M | Scene, ViewLayer | Synchronizing object | win_W23_0top
Fra:1 Mem:321.43M (Peak 321.43M) | Time:00:00.09 | Mem:0.00M, Peak:0.00M | Scene, ViewLayer | Synchronizing object | win_W23_0lft
Fra:1 Mem:321.43M (Peak 321.43M) | Time:00:00.09 | Mem:0.00M, Peak:0.00M | Scene, ViewLayer | Synchronizing object | win_W23_0mul1
Fra:1 Mem:321.44M (Peak 321.44M) | Time:00:00.09 | Mem:0.00M, Peak:0.00M | Scene, ViewLayer | Synchronizing object | door_W07_0jlfto
Fra:1 Mem:321.44M (Peak 321.44M) | Time:00:00.09 | Mem:0.00M, Peak:0.00M | Scene, ViewLayer | Synchronizing object | door_W07_0jlfti
Fra:1 Mem:321.44M (Peak 321.44M) | Time:00:00.09 | Mem:0.00M, Peak:0.00M | Scene, ViewLayer | Synchronizing object | door_W07_0jrgto
Fra:1 Mem:321.44M (Peak 321.44M) | Time:00:00.09 | Mem:0.00M, Peak:0.00M | Scene, ViewLayer | Synchronizing object | door_W07_0jrgti
Fra:1 Mem:321.44M (Peak 321.44M) | Time:00:00.09 | Mem:0.00M, Peak:0.00M | Scene, ViewLayer | Synchronizing object | door_W07_0jtopo
Fra:1 Mem:321.44M (Peak 321.44M) | Time:00:00.09 | Mem:0.00M, Peak:0.00M | Scene, ViewLayer | Synchronizing object | door_W07_0jtopi
Fra:1 Mem:321.44M (Peak 321.44M) | Time:00:00.09 | Mem:0.00M, Peak:0.00M | Scene, ViewLayer | Synchronizing object | door_W07_0leaf
Fra:1 Mem:321.44M (Peak 321.44M) | Time:00:00.09 | Mem:0.00M, Peak:0.00M | Scene, ViewLayer | Synchronizing object | door_W07_0hdl
Fra:1 Mem:321.44M (Peak 321.44M) | Time:00:00.09 | Mem:0.00M, Peak:0.00M | Scene, ViewLayer | Synchronizing object | door_W08_0jlfto
Fra:1 Mem:321.44M (Peak 321.44M) | Time:00:00.09 | Mem:0.00M, Peak:0.00M | Scene, ViewLayer | Synchronizing object | door_W08_0jrgto
Fra:1 Mem:321.44M (Peak 321.44M) | Time:00:00.09 | Mem:0.00M, Peak:0.00M | Scene, ViewLayer | Synchronizing object | door_W08_0jtopo
Fra:1 Mem:321.45M (Peak 321.45M) | Time:00:00.09 | Mem:0.00M, Peak:0.00M | Scene, ViewLayer | Synchronizing object | door_W08_0jtopi
Fra:1 Mem:321.45M (Peak 321.45M) | Time:00:00.09 | Mem:0.00M, Peak:0.00M | Scene, ViewLayer | Synchronizing object | door_W08_0lft
Fra:1 Mem:321.45M (Peak 321.45M) | Time:00:00.09 | Mem:0.00M, Peak:0.00M | Scene, ViewLayer | Synchronizing object | door_W08_0bot
Fra:1 Mem:321.45M (Peak 321.45M) | Time:00:00.09 | Mem:0.00M, Peak:0.00M | Scene, ViewLayer | Synchronizing object | door_W08_0fglass
Fra:1 Mem:321.45M (Peak 321.45M) | Time:00:00.09 | Mem:0.00M, Peak:0.00M | Scene, ViewLayer | Synchronizing object | door_W08_0hdl
Fra:1 Mem:321.45M (Peak 321.45M) | Time:00:00.09 | Mem:0.00M, Peak:0.00M | Scene, ViewLayer | Synchronizing object | door_W13_0jlfto
Fra:1 Mem:321.45M (Peak 321.45M) | Time:00:00.09 | Mem:0.00M, Peak:0.00M | Scene, ViewLayer | Synchronizing object | door_W13_0jrgti
Fra:1 Mem:321.45M (Peak 321.45M) | Time:00:00.09 | Mem:0.00M, Peak:0.00M | Scene, ViewLayer | Synchronizing object | door_W13_0jtopo
Fra:1 Mem:321.45M (Peak 321.45M) | Time:00:00.09 | Mem:0.00M, Peak:0.00M | Scene, ViewLayer | Synchronizing object | door_W13_0jtopi
Fra:1 Mem:321.45M (Peak 321.45M) | Time:00:00.09 | Mem:0.00M, Peak:0.00M | Scene, ViewLayer | Synchronizing object | door_W13_0leaf
Fra:1 Mem:321.45M (Peak 321.45M) | Time:00:00.09 | Mem:0.00M, Peak:0.00M | Scene, ViewLayer | Synchronizing object | door_W13_0hdl
Fra:1 Mem:321.45M (Peak 321.46M) | Time:00:00.09 | Mem:0.00M, Peak:0.00M | Scene, ViewLayer | Synchronizing object | door_W14_0jlfto
Fra:1 Mem:321.46M (Peak 321.46M) | Time:00:00.09 | Mem:0.00M, Peak:0.00M | Scene, ViewLayer | Synchronizing object | door_W14_0jlfti
Fra:1 Mem:321.46M (Peak 321.46M) | Time:00:00.09 | Mem:0.00M, Peak:0.00M | Scene, ViewLayer | Synchronizing object | door_W14_0jrgto
Fra:1 Mem:321.46M (Peak 321.46M) | Time:00:00.09 | Mem:0.00M, Peak:0.00M | Scene, ViewLayer | Synchronizing object | door_W14_0jrgti
Fra:1 Mem:321.46M (Peak 321.46M) | Time:00:00.09 | Mem:0.00M, Peak:0.00M | Scene, ViewLayer | Synchronizing object | door_W14_0jtopo
Fra:1 Mem:321.46M (Peak 321.46M) | Time:00:00.09 | Mem:0.00M, Peak:0.00M | Scene, ViewLayer | Synchronizing object | door_W14_0jtopi
Fra:1 Mem:321.46M (Peak 321.46M) | Time:00:00.09 | Mem:0.00M, Peak:0.00M | Scene, ViewLayer | Synchronizing object | door_W14_1jlfto
Fra:1 Mem:321.46M (Peak 321.46M) | Time:00:00.09 | Mem:0.00M, Peak:0.00M | Scene, ViewLayer | Synchronizing object | door_W14_1jlfti
Fra:1 Mem:321.46M (Peak 321.46M) | Time:00:00.09 | Mem:0.00M, Peak:0.00M | Scene, ViewLayer | Synchronizing object | door_W14_1jrgto
Fra:1 Mem:321.46M (Peak 321.46M) | Time:00:00.09 | Mem:0.00M, Peak:0.00M | Scene, ViewLayer | Synchronizing object | door_W14_1jrgti
Fra:1 Mem:321.47M (Peak 321.47M) | Time:00:00.09 | Mem:0.00M, Peak:0.00M | Scene, ViewLayer | Synchronizing object | door_W14_1jtopi
Fra:1 Mem:321.47M (Peak 321.47M) | Time:00:00.09 | Mem:0.00M, Peak:0.00M | Scene, ViewLayer | Synchronizing object | door_W14_1lft
Fra:1 Mem:321.47M (Peak 321.47M) | Time:00:00.09 | Mem:0.00M, Peak:0.00M | Scene, ViewLayer | Synchronizing object | door_W14_1top
Fra:1 Mem:321.47M (Peak 321.47M) | Time:00:00.09 | Mem:0.00M, Peak:0.00M | Scene, ViewLayer | Synchronizing object | door_W14_1bot
Fra:1 Mem:321.47M (Peak 321.47M) | Time:00:00.09 | Mem:0.00M, Peak:0.00M | Scene, ViewLayer | Synchronizing object | door_W14_1fglass
Fra:1 Mem:321.47M (Peak 321.47M) | Time:00:00.09 | Mem:0.00M, Peak:0.00M | Scene, ViewLayer | Synchronizing object | door_W14_1hdl
Fra:1 Mem:321.47M (Peak 321.47M) | Time:00:00.09 | Mem:0.00M, Peak:0.00M | Scene, ViewLayer | Synchronizing object | door_W15_0_top
Fra:1 Mem:321.47M (Peak 321.47M) | Time:00:00.09 | Mem:0.00M, Peak:0.00M | Scene, ViewLayer | Synchronizing object | door_W15_0_lft
Fra:1 Mem:321.48M (Peak 321.48M) | Time:00:00.09 | Mem:0.00M, Peak:0.00M | Scene, ViewLayer | Synchronizing object | door_W15_0_rgt
Fra:1 Mem:321.48M (Peak 321.48M) | Time:00:00.09 | Mem:0.00M, Peak:0.00M | Scene, ViewLayer | Synchronizing object | door_W15_0_glass
Fra:1 Mem:321.48M (Peak 321.48M) | Time:00:00.09 | Mem:0.00M, Peak:0.00M | Scene, ViewLayer | Synchronizing object | door_W15_1_top
Fra:1 Mem:321.48M (Peak 321.48M) | Time:00:00.09 | Mem:0.00M, Peak:0.00M | Scene, ViewLayer | Synchronizing object | door_W15_1_lft
Fra:1 Mem:321.48M (Peak 321.48M) | Time:00:00.09 | Mem:0.00M, Peak:0.00M | Scene, ViewLayer | Synchronizing object | door_W15_1_rgt
Fra:1 Mem:321.48M (Peak 321.48M) | Time:00:00.09 | Mem:0.00M, Peak:0.00M | Scene, ViewLayer | Synchronizing object | door_W17_0_top
Fra:1 Mem:321.48M (Peak 321.48M) | Time:00:00.09 | Mem:0.00M, Peak:0.00M | Scene, ViewLayer | Synchronizing object | door_W17_0_lft
Fra:1 Mem:321.48M (Peak 321.48M) | Time:00:00.09 | Mem:0.00M, Peak:0.00M | Scene, ViewLayer | Synchronizing object | door_W17_0_rgt
Fra:1 Mem:321.48M (Peak 321.48M) | Time:00:00.09 | Mem:0.00M, Peak:0.00M | Scene, ViewLayer | Synchronizing object | door_W17_0_glass
Fra:1 Mem:321.49M (Peak 321.49M) | Time:00:00.09 | Mem:0.00M, Peak:0.00M | Scene, ViewLayer | Synchronizing object | door_W17_1_bot
Fra:1 Mem:321.49M (Peak 321.49M) | Time:00:00.09 | Mem:0.00M, Peak:0.00M | Scene, ViewLayer | Synchronizing object | door_W17_1_top
Fra:1 Mem:321.49M (Peak 321.49M) | Time:00:00.09 | Mem:0.00M, Peak:0.00M | Scene, ViewLayer | Synchronizing object | door_W17_1_lft
Fra:1 Mem:321.49M (Peak 321.49M) | Time:00:00.09 | Mem:0.00M, Peak:0.00M | Scene, ViewLayer | Synchronizing object | door_W17_1_rgt
Fra:1 Mem:321.49M (Peak 321.49M) | Time:00:00.09 | Mem:0.00M, Peak:0.00M | Scene, ViewLayer | Synchronizing object | door_W17_1_glass
Fra:1 Mem:321.49M (Peak 321.49M) | Time:00:00.09 | Mem:0.00M, Peak:0.00M | Scene, ViewLayer | Synchronizing object | door_W17_2_top
Fra:1 Mem:321.49M (Peak 321.49M) | Time:00:00.09 | Mem:0.00M, Peak:0.00M | Scene, ViewLayer | Synchronizing object | door_W17_2_glass
Fra:1 Mem:321.49M (Peak 321.49M) | Time:00:00.09 | Mem:0.00M, Peak:0.00M | Scene, ViewLayer | Synchronizing object | door_W19_0jlfti
Fra:1 Mem:321.49M (Peak 321.49M) | Time:00:00.09 | Mem:0.00M, Peak:0.00M | Scene, ViewLayer | Synchronizing object | door_W19_0jrgto
Fra:1 Mem:321.49M (Peak 321.49M) | Time:00:00.09 | Mem:0.00M, Peak:0.00M | Scene, ViewLayer | Synchronizing object | door_W19_0jrgti
Fra:1 Mem:321.50M (Peak 321.50M) | Time:00:00.09 | Mem:0.00M, Peak:0.00M | Scene, ViewLayer | Synchronizing object | door_W19_0jtopi
Fra:1 Mem:321.50M (Peak 321.50M) | Time:00:00.09 | Mem:0.00M, Peak:0.00M | Scene, ViewLayer | Synchronizing object | door_W19_0leaf
Fra:1 Mem:329.26M (Peak 329.26M) | Time:00:00.10 | Mem:0.00M, Peak:0.00M | Scene, ViewLayer | Synchronizing object | door_W19_0hdl
Fra:1 Mem:344.12M (Peak 344.12M) | Time:00:00.10 | Mem:0.00M, Peak:0.00M | Scene, ViewLayer | Synchronizing object | door_W27_0jlfti
Fra:1 Mem:344.12M (Peak 344.12M) | Time:00:00.10 | Mem:0.00M, Peak:0.00M | Scene, ViewLayer | Synchronizing object | door_W27_0jrgto
Fra:1 Mem:344.13M (Peak 344.13M) | Time:00:00.10 | Mem:0.00M, Peak:0.00M | Scene, ViewLayer | Synchronizing object | bay_platform
Fra:1 Mem:344.13M (Peak 344.13M) | Time:00:00.10 | Mem:0.00M, Peak:0.00M | Scene, ViewLayer | Synchronizing object | rail_ter_S_p1
Fra:1 Mem:344.13M (Peak 344.13M) | Time:00:00.10 | Mem:0.00M, Peak:0.00M | Scene, ViewLayer | Synchronizing object | rail_ter_S_p2
Fra:1 Mem:344.13M (Peak 344.13M) | Time:00:00.10 | Mem:0.00M, Peak:0.00M | Scene, ViewLayer | Synchronizing object | rail_ter_S_p3
Fra:1 Mem:344.13M (Peak 344.13M) | Time:00:00.10 | Mem:0.00M, Peak:0.00M | Scene, ViewLayer | Synchronizing object | rail_ter_S_top
Fra:1 Mem:344.13M (Peak 344.13M) | Time:00:00.10 | Mem:0.00M, Peak:0.00M | Scene, ViewLayer | Synchronizing object | rail_ter_E_p0
Fra:1 Mem:344.13M (Peak 344.13M) | Time:00:00.10 | Mem:0.00M, Peak:0.00M | Scene, ViewLayer | Synchronizing object | rail_ter_E_p1
Fra:1 Mem:344.13M (Peak 344.13M) | Time:00:00.10 | Mem:0.00M, Peak:0.00M | Scene, ViewLayer | Synchronizing object | rail_ter_E_p2
Fra:1 Mem:344.13M (Peak 344.13M) | Time:00:00.10 | Mem:0.00M, Peak:0.00M | Scene, ViewLayer | Synchronizing object | rail_ter_E_top
Fra:1 Mem:344.14M (Peak 344.14M) | Time:00:00.10 | Mem:0.00M, Peak:0.00M | Scene, ViewLayer | Synchronizing object | rail_ter_W_p0
Fra:1 Mem:344.14M (Peak 344.14M) | Time:00:00.10 | Mem:0.00M, Peak:0.00M | Scene, ViewLayer | Synchronizing object | rail_ter_W_p1
Fra:1 Mem:344.14M (Peak 344.14M) | Time:00:00.10 | Mem:0.00M, Peak:0.00M | Scene, ViewLayer | Synchronizing object | rail_ter_W_glass
Fra:1 Mem:344.14M (Peak 344.14M) | Time:00:00.10 | Mem:0.00M, Peak:0.00M | Scene, ViewLayer | Synchronizing object | common_kitchen_dishwasher_01_body
Fra:1 Mem:344.14M (Peak 344.14M) | Time:00:00.10 | Mem:0.00M, Peak:0.00M | Scene, ViewLayer | Synchronizing object | common_kitchen_dishwasher_01_top_L
Fra:1 Mem:344.16M (Peak 344.16M) | Time:00:00.10 | Mem:0.00M, Peak:0.00M | Scene, ViewLayer | Synchronizing object | common_kitchen_dishwasher_01_top_R
Fra:1 Mem:344.17M (Peak 344.17M) | Time:00:00.10 | Mem:0.00M, Peak:0.00M | Scene, ViewLayer | Synchronizing object | common_kitchen_dishwasher_01_top_B
Fra:1 Mem:344.18M (Peak 344.18M) | Time:00:00.10 | Mem:0.00M, Peak:0.00M | Scene, ViewLayer | Synchronizing object | common_kitchen_dishwasher_01_top_F
Fra:1 Mem:344.19M (Peak 344.19M) | Time:00:00.10 | Mem:0.00M, Peak:0.00M | Scene, ViewLayer | Synchronizing object | common_kitchen_dishwasher_01_drwW_gapbg
Fra:1 Mem:342.89M (Peak 344.19M) | Time:00:00.10 | Mem:0.00M, Peak:0.00M | Scene, ViewLayer | Synchronizing object | common_kitchen_dishwasher_01_drw_f0
Fra:1 Mem:342.89M (Peak 344.19M) | Time:00:00.10 | Mem:0.00M, Peak:0.00M | Scene, ViewLayer | Synchronizing object | common_kitchen_dishwasher_01_drw_f1
Fra:1 Mem:342.90M (Peak 344.19M) | Time:00:00.10 | Mem:0.00M, Peak:0.00M | Scene, ViewLayer | Synchronizing object | common_kitchen_dishwasher_01_drw_p1
Fra:1 Mem:342.90M (Peak 344.19M) | Time:00:00.10 | Mem:0.00M, Peak:0.00M | Scene, ViewLayer | Synchronizing object | common_kitchen_dishwasher_01_drw_f2
Fra:1 Mem:342.91M (Peak 344.19M) | Time:00:00.10 | Mem:0.00M, Peak:0.00M | Scene, ViewLayer | Synchronizing object | common_kitchen_dishwasher_01_drw_f3
Fra:1 Mem:342.91M (Peak 344.19M) | Time:00:00.10 | Mem:0.00M, Peak:0.00M | Scene, ViewLayer | Synchronizing object | common_kitchen_dishwasher_01_drw_p3
Fra:1 Mem:342.92M (Peak 344.19M) | Time:00:00.10 | Mem:0.00M, Peak:0.00M | Scene, ViewLayer | Synchronizing object | common_kitchen_sink_01_basin
Fra:1 Mem:342.92M (Peak 344.19M) | Time:00:00.10 | Mem:0.00M, Peak:0.00M | Scene, ViewLayer | Synchronizing object | common_kitchen_sink_01_cav
Fra:1 Mem:342.92M (Peak 344.19M) | Time:00:00.10 | Mem:0.00M, Peak:0.00M | Scene, ViewLayer | Synchronizing object | common_kitchen_sink_01_tap
Fra:1 Mem:342.92M (Peak 344.19M) | Time:00:00.10 | Mem:0.00M, Peak:0.00M | Scene, ViewLayer | Synchronizing object | common_kitchen_sink_01_taparm
Fra:1 Mem:342.93M (Peak 344.19M) | Time:00:00.10 | Mem:0.00M, Peak:0.00M | Scene, ViewLayer | Synchronizing object | common_kitchen_sink_01_taptip
Fra:1 Mem:342.93M (Peak 344.19M) | Time:00:00.10 | Mem:0.00M, Peak:0.00M | Scene, ViewLayer | Synchronizing object | common_kitchen_dishwasher_02_panel
Fra:1 Mem:342.93M (Peak 344.19M) | Time:00:00.10 | Mem:0.00M, Peak:0.00M | Scene, ViewLayer | Synchronizing object | common_kitchen_dishwasher_02_pull
Fra:1 Mem:342.93M (Peak 344.19M) | Time:00:00.10 | Mem:0.00M, Peak:0.00M | Scene, ViewLayer | Synchronizing object | common_kitchen_kitchen_counter_01_body
Fra:1 Mem:342.93M (Peak 344.19M) | Time:00:00.10 | Mem:0.00M, Peak:0.00M | Scene, ViewLayer | Synchronizing object | common_kitchen_kitchen_counter_01_top
Fra:1 Mem:342.94M (Peak 344.19M) | Time:00:00.10 | Mem:0.00M, Peak:0.00M | Scene, ViewLayer | Synchronizing object | common_kitchen_kitchen_counter_01_drwS_gapbg
Fra:1 Mem:342.94M (Peak 344.19M) | Time:00:00.10 | Mem:0.00M, Peak:0.00M | Scene, ViewLayer | Synchronizing object | common_kitchen_kitchen_counter_01_drwS_f0
Fra:1 Mem:342.95M (Peak 344.19M) | Time:00:00.10 | Mem:0.00M, Peak:0.00M | Scene, ViewLayer | Synchronizing object | common_kitchen_kitchen_counter_01_drwS_p0
Fra:1 Mem:342.95M (Peak 344.19M) | Time:00:00.10 | Mem:0.00M, Peak:0.00M | Scene, ViewLayer | Synchronizing object | common_kitchen_kitchen_counter_01_drwH_gapbg
Fra:1 Mem:342.96M (Peak 344.19M) | Time:00:00.10 | Mem:0.00M, Peak:0.00M | Scene, ViewLayer | Synchronizing object | common_kitchen_kitchen_counter_01_drwH_d0
Fra:1 Mem:357.83M (Peak 357.83M) | Time:00:00.10 | Mem:0.00M, Peak:0.00M | Scene, ViewLayer | Synchronizing object | common_kitchen_kitchen_counter_01_drwH_slot0
Fra:1 Mem:357.83M (Peak 357.83M) | Time:00:00.10 | Mem:0.00M, Peak:0.00M | Scene, ViewLayer | Synchronizing object | common_kitchen_kitchen_counter_01_drwH_d1
Fra:1 Mem:357.83M (Peak 357.83M) | Time:00:00.10 | Mem:0.00M, Peak:0.00M | Scene, ViewLayer | Synchronizing object | common_kitchen_kitchen_counter_01_drwH_slot1
Fra:1 Mem:357.84M (Peak 357.84M) | Time:00:00.10 | Mem:0.00M, Peak:0.00M | Scene, ViewLayer | Synchronizing object | common_kitchen_kitchen_counter_01_drwH_d2
Fra:1 Mem:357.84M (Peak 357.84M) | Time:00:00.10 | Mem:0.00M, Peak:0.00M | Scene, ViewLayer | Synchronizing object | common_kitchen_kitchen_counter_01_drwH_slot2
Fra:1 Mem:357.84M (Peak 357.84M) | Time:00:00.10 | Mem:0.00M, Peak:0.00M | Scene, ViewLayer | Synchronizing object | common_kitchen_kitchen_counter_01_drwN_p1
Fra:1 Mem:357.84M (Peak 357.84M) | Time:00:00.10 | Mem:0.00M, Peak:0.00M | Scene, ViewLayer | Synchronizing object | common_kitchen_hob_01_burner1
Fra:1 Mem:357.84M (Peak 357.84M) | Time:00:00.10 | Mem:0.00M, Peak:0.00M | Scene, ViewLayer | Synchronizing object | common_kitchen_range_hood_01_topbox
Fra:1 Mem:357.86M (Peak 357.86M) | Time:00:00.10 | Mem:0.00M, Peak:0.00M | Scene, ViewLayer | Synchronizing object | common_kitchen_range_hood_01_slant
Fra:1 Mem:357.86M (Peak 357.86M) | Time:00:00.10 | Mem:0.00M, Peak:0.00M | Scene, ViewLayer | Synchronizing object | common_kitchen_cabinet_01_body
Fra:1 Mem:357.86M (Peak 357.86M) | Time:00:00.10 | Mem:0.00M, Peak:0.00M | Scene, ViewLayer | Synchronizing object | common_kitchen_cabinet_01_door_f0l
Fra:1 Mem:364.91M (Peak 364.91M) | Time:00:00.10 | Mem:0.00M, Peak:0.00M | Scene, ViewLayer | Synchronizing object | common_kitchen_cabinet_01_door_f0r
Fra:1 Mem:364.91M (Peak 364.91M) | Time:00:00.10 | Mem:0.00M, Peak:0.00M | Scene, ViewLayer | Synchronizing object | common_kitchen_cabinet_01_door_f0t
Fra:1 Mem:364.92M (Peak 364.92M) | Time:00:00.10 | Mem:0.00M, Peak:0.00M | Scene, ViewLayer | Synchronizing object | common_kitchen_cabinet_01_door_p0
Fra:1 Mem:364.93M (Peak 364.93M) | Time:00:00.10 | Mem:0.00M, Peak:0.00M | Scene, ViewLayer | Synchronizing object | common_kitchen_cabinet_01_door_f1r
Fra:1 Mem:364.93M (Peak 364.93M) | Time:00:00.10 | Mem:0.00M, Peak:0.00M | Scene, ViewLayer | Synchronizing object | common_kitchen_cabinet_01_door_f1b
Fra:1 Mem:364.93M (Peak 364.93M) | Time:00:00.10 | Mem:0.00M, Peak:0.00M | Scene, ViewLayer | Synchronizing object | common_kitchen_cabinet_01_door_f1t
Fra:1 Mem:364.94M (Peak 364.94M) | Time:00:00.10 | Mem:0.00M, Peak:0.00M | Scene, ViewLayer | Synchronizing object | common_kitchen_cabinet_01_door_f1c
Fra:1 Mem:364.95M (Peak 364.95M) | Time:00:00.10 | Mem:0.00M, Peak:0.00M | Scene, ViewLayer | Synchronizing object | common_kitchen_cabinet_01_door_p1
Fra:1 Mem:364.95M (Peak 364.95M) | Time:00:00.10 | Mem:0.00M, Peak:0.00M | Scene, ViewLayer | Synchronizing object | common_kitchen_cabinet_01_door_f2l
Fra:1 Mem:364.95M (Peak 364.95M) | Time:00:00.10 | Mem:0.00M, Peak:0.00M | Scene, ViewLayer | Synchronizing object | common_kitchen_cabinet_01_door_f2r
Fra:1 Mem:364.95M (Peak 364.95M) | Time:00:00.10 | Mem:0.00M, Peak:0.00M | Scene, ViewLayer | Synchronizing object | common_kitchen_cabinet_01_door_f2t
Fra:1 Mem:364.97M (Peak 364.97M) | Time:00:00.10 | Mem:0.00M, Peak:0.00M | Scene, ViewLayer | Synchronizing object | common_kitchen_cabinet_01_door_f2c
Fra:1 Mem:364.97M (Peak 364.97M) | Time:00:00.10 | Mem:0.00M, Peak:0.00M | Scene, ViewLayer | Synchronizing object | common_kitchen_cabinet_01_door_p2
Fra:1 Mem:364.98M (Peak 364.98M) | Time:00:00.10 | Mem:0.00M, Peak:0.00M | Scene, ViewLayer | Synchronizing object | common_kitchen_cabinet_02_body
Fra:1 Mem:364.99M (Peak 364.99M) | Time:00:00.10 | Mem:0.00M, Peak:0.00M | Scene, ViewLayer | Synchronizing object | common_kitchen_cabinet_02_door_f0l
Fra:1 Mem:364.99M (Peak 364.99M) | Time:00:00.10 | Mem:0.00M, Peak:0.00M | Scene, ViewLayer | Synchronizing object | common_kitchen_cabinet_02_door_f0b
Fra:1 Mem:365.01M (Peak 365.01M) | Time:00:00.10 | Mem:0.00M, Peak:0.00M | Scene, ViewLayer | Synchronizing object | common_kitchen_cabinet_02_door_f0t
Fra:1 Mem:365.02M (Peak 365.02M) | Time:00:00.10 | Mem:0.00M, Peak:0.00M | Scene, ViewLayer | Synchronizing object | common_kitchen_cabinet_02_door_f0c
Fra:1 Mem:367.26M (Peak 367.26M) | Time:00:00.10 | Mem:0.00M, Peak:0.00M | Scene, ViewLayer | Synchronizing object | common_kitchen_cabinet_02_door_f1r
Fra:1 Mem:367.26M (Peak 367.26M) | Time:00:00.10 | Mem:0.00M, Peak:0.00M | Scene, ViewLayer | Synchronizing object | common_kitchen_cabinet_02_door_f1b
Fra:1 Mem:367.35M (Peak 367.35M) | Time:00:00.10 | Mem:0.00M, Peak:0.00M | Scene, ViewLayer | Synchronizing object | common_kitchen_cabinet_02_door_f1t
Fra:1 Mem:367.36M (Peak 367.36M) | Time:00:00.10 | Mem:0.00M, Peak:0.00M | Scene, ViewLayer | Synchronizing object | common_kitchen_cabinet_02_door_f1c
Fra:1 Mem:367.37M (Peak 367.37M) | Time:00:00.10 | Mem:0.00M, Peak:0.00M | Scene, ViewLayer | Synchronizing object | common_kitchen_cabinet_02_door_p1
Fra:1 Mem:367.37M (Peak 367.37M) | Time:00:00.10 | Mem:0.00M, Peak:0.00M | Scene, ViewLayer | Synchronizing object | common_kitchen_cabinet_02_door_f2l
Fra:1 Mem:367.37M (Peak 367.37M) | Time:00:00.10 | Mem:0.00M, Peak:0.00M | Scene, ViewLayer | Synchronizing object | common_kitchen_cabinet_02_door_f2r
Fra:1 Mem:367.38M (Peak 367.38M) | Time:00:00.10 | Mem:0.00M, Peak:0.00M | Scene, ViewLayer | Synchronizing object | common_kitchen_cabinet_02_door_f2b
Fra:1 Mem:367.38M (Peak 367.38M) | Time:00:00.10 | Mem:0.00M, Peak:0.00M | Scene, ViewLayer | Synchronizing object | common_kitchen_cabinet_02_door_f2t
Fra:1 Mem:367.39M (Peak 367.39M) | Time:00:00.10 | Mem:0.00M, Peak:0.00M | Scene, ViewLayer | Synchronizing object | common_kitchen_glass_sliding_door_01_stR
Fra:1 Mem:367.39M (Peak 367.39M) | Time:00:00.10 | Mem:0.00M, Peak:0.00M | Scene, ViewLayer | Synchronizing object | common_kitchen_glass_sliding_door_01_stT
Fra:1 Mem:367.40M (Peak 367.40M) | Time:00:00.10 | Mem:0.00M, Peak:0.00M | Scene, ViewLayer | Synchronizing object | common_kitchen_glass_sliding_door_01_stB
Fra:1 Mem:367.40M (Peak 367.40M) | Time:00:00.10 | Mem:0.00M, Peak:0.00M | Scene, ViewLayer | Synchronizing object | common_living_dining_balcony_glass_sliding_door_01_stL
Fra:1 Mem:367.40M (Peak 367.40M) | Time:00:00.10 | Mem:0.00M, Peak:0.00M | Scene, ViewLayer | Synchronizing object | common_living_dining_balcony_glass_sliding_door_01_stB
Fra:1 Mem:367.40M (Peak 367.40M) | Time:00:00.10 | Mem:0.00M, Peak:0.00M | Scene, ViewLayer | Synchronizing object | common_living_dining_balcony_glass_sliding_door_02_stB
Fra:1 Mem:367.41M (Peak 367.41M) | Time:00:00.10 | Mem:0.00M, Peak:0.00M | Scene, ViewLayer | Synchronizing object | common_kitchen_glass_sliding_door_02_glass
Fra:1 Mem:367.41M (Peak 367.41M) | Time:00:00.10 | Mem:0.00M, Peak:0.00M | Scene, ViewLayer | Synchronizing object | common_kitchen_glass_sliding_door_02_stR
Fra:1 Mem:367.41M (Peak 367.41M) | Time:00:00.10 | Mem:0.00M, Peak:0.00M | Scene, ViewLayer | Synchronizing object | common_kitchen_glass_sliding_door_02_stT
Fra:1 Mem:367.41M (Peak 367.41M) | Time:00:00.10 | Mem:0.00M, Peak:0.00M | Scene, ViewLayer | Synchronizing object | common_kitchen_glass_sliding_door_02_stB
Fra:1 Mem:367.43M (Peak 367.43M) | Time:00:00.10 | Mem:0.00M, Peak:0.00M | Scene, ViewLayer | Synchronizing object | common_living_dining_balcony_fridge_01_body
Fra:1 Mem:367.44M (Peak 367.44M) | Time:00:00.10 | Mem:0.00M, Peak:0.00M | Scene, ViewLayer | Synchronizing object | common_living_dining_balcony_fridge_01_seamH
Fra:1 Mem:367.45M (Peak 367.45M) | Time:00:00.10 | Mem:0.00M, Peak:0.00M | Scene, ViewLayer | Synchronizing object | common_living_dining_balcony_fridge_01_seamV
Fra:1 Mem:367.45M (Peak 367.45M) | Time:00:00.10 | Mem:0.00M, Peak:0.00M | Scene, ViewLayer | Synchronizing object | common_living_dining_balcony_fridge_01_pullL
Fra:1 Mem:367.45M (Peak 367.45M) | Time:00:00.10 | Mem:0.00M, Peak:0.00M | Scene, ViewLayer | Synchronizing object | common_living_dining_balcony_fridge_01_pullU
Fra:1 Mem:367.46M (Peak 367.46M) | Time:00:00.10 | Mem:0.00M, Peak:0.00M | Scene, ViewLayer | Synchronizing object | common_living_dining_balcony_cabinet_01_door_gapbg
Fra:1 Mem:365.24M (Peak 367.46M) | Time:00:00.10 | Mem:0.00M, Peak:0.00M | Scene, ViewLayer | Synchronizing object | common_living_dining_balcony_cabinet_01_door_f0t
Fra:1 Mem:369.49M (Peak 369.49M) | Time:00:00.10 | Mem:0.00M, Peak:0.00M | Scene, ViewLayer | Synchronizing object | common_living_dining_balcony_cabinet_01_door_f1b
Fra:1 Mem:369.50M (Peak 369.50M) | Time:00:00.10 | Mem:0.00M, Peak:0.00M | Scene, ViewLayer | Synchronizing object | common_living_dining_balcony_cabinet_01_door_f1t
Fra:1 Mem:369.52M (Peak 369.52M) | Time:00:00.10 | Mem:0.00M, Peak:0.00M | Scene, ViewLayer | Synchronizing object | common_living_dining_balcony_cabinet_01_door_f1c
Fra:1 Mem:369.53M (Peak 369.53M) | Time:00:00.10 | Mem:0.00M, Peak:0.00M | Scene, ViewLayer | Synchronizing object | common_living_dining_balcony_cabinet_01_door_p1
Fra:1 Mem:369.53M (Peak 369.53M) | Time:00:00.10 | Mem:0.00M, Peak:0.00M | Scene, ViewLayer | Synchronizing object | common_foyer_cabinet_01_door_gapbg
Fra:1 Mem:369.53M (Peak 369.53M) | Time:00:00.10 | Mem:0.00M, Peak:0.00M | Scene, ViewLayer | Synchronizing object | common_foyer_cabinet_01_door_f0r
Fra:1 Mem:369.53M (Peak 369.53M) | Time:00:00.10 | Mem:0.00M, Peak:0.00M | Scene, ViewLayer | Synchronizing object | common_foyer_cabinet_01_door_f0b
Fra:1 Mem:369.55M (Peak 369.55M) | Time:00:00.10 | Mem:0.00M, Peak:0.00M | Scene, ViewLayer | Synchronizing object | common_foyer_cabinet_01_door_f0t
Fra:1 Mem:369.55M (Peak 369.55M) | Time:00:00.10 | Mem:0.00M, Peak:0.00M | Scene, ViewLayer | Synchronizing object | common_foyer_cabinet_01_door_f0c
Fra:1 Mem:369.56M (Peak 369.56M) | Time:00:00.10 | Mem:0.00M, Peak:0.00M | Scene, ViewLayer | Synchronizing object | common_foyer_cabinet_01_door_p0
Fra:1 Mem:369.57M (Peak 369.57M) | Time:00:00.10 | Mem:0.00M, Peak:0.00M | Scene, ViewLayer | Synchronizing object | common_foyer_cabinet_01_door_f1l
Fra:1 Mem:371.13M (Peak 371.13M) | Time:00:00.10 | Mem:0.00M, Peak:0.00M | Scene, ViewLayer | Synchronizing object | common_foyer_cabinet_01_door_f1t
Fra:1 Mem:371.15M (Peak 371.15M) | Time:00:00.10 | Mem:0.00M, Peak:0.00M | Scene, ViewLayer | Synchronizing object | common_foyer_cabinet_01_door_f1c
Fra:1 Mem:371.18M (Peak 371.18M) | Time:00:00.11 | Mem:0.00M, Peak:0.00M | Scene, ViewLayer | Synchronizing object | common_foyer_cabinet_01_door_p1
Fra:1 Mem:371.21M (Peak 371.21M) | Time:00:00.11 | Mem:0.00M, Peak:0.00M | Scene, ViewLayer | Synchronizing object | common_foyer_cabinet_01_door_f2t
Fra:1 Mem:371.21M (Peak 371.21M) | Time:00:00.11 | Mem:0.00M, Peak:0.00M | Scene, ViewLayer | Synchronizing object | common_foyer_cabinet_01_door_p2
Fra:1 Mem:371.22M (Peak 371.22M) | Time:00:00.11 | Mem:0.00M, Peak:0.00M | Scene, ViewLayer | Synchronizing object | common_foyer_open_niche_01_back
Fra:1 Mem:371.22M (Peak 371.22M) | Time:00:00.11 | Mem:0.00M, Peak:0.00M | Scene, ViewLayer | Synchronizing object | common_foyer_open_niche_01_cheek0
Fra:1 Mem:371.22M (Peak 371.22M) | Time:00:00.11 | Mem:0.00M, Peak:0.00M | Scene, ViewLayer | Synchronizing object | common_foyer_open_niche_01_cheek1
Fra:1 Mem:371.23M (Peak 371.23M) | Time:00:00.11 | Mem:0.00M, Peak:0.00M | Scene, ViewLayer | Synchronizing object | common_foyer_open_niche_01_top
Fra:1 Mem:371.23M (Peak 371.23M) | Time:00:00.11 | Mem:0.00M, Peak:0.00M | Scene, ViewLayer | Synchronizing object | common_foyer_open_niche_01_bottom
Fra:1 Mem:371.24M (Peak 371.24M) | Time:00:00.11 | Mem:0.00M, Peak:0.00M | Scene, ViewLayer | Synchronizing object | common_foyer_open_niche_01_sh0
Fra:1 Mem:371.24M (Peak 371.24M) | Time:00:00.11 | Mem:0.00M, Peak:0.00M | Scene, ViewLayer | Synchronizing object | common_foyer_cabinet_02_door_gapbg
Fra:1 Mem:371.24M (Peak 371.24M) | Time:00:00.11 | Mem:0.00M, Peak:0.00M | Scene, ViewLayer | Synchronizing object | common_foyer_cabinet_02_door_f0r
Fra:1 Mem:371.26M (Peak 371.26M) | Time:00:00.11 | Mem:0.00M, Peak:0.00M | Scene, ViewLayer | Synchronizing object | common_foyer_cabinet_02_door_f0b
Fra:1 Mem:371.26M (Peak 371.26M) | Time:00:00.11 | Mem:0.00M, Peak:0.00M | Scene, ViewLayer | Synchronizing object | common_foyer_cabinet_02_door_f0t
Fra:1 Mem:371.27M (Peak 371.27M) | Time:00:00.11 | Mem:0.00M, Peak:0.00M | Scene, ViewLayer | Synchronizing object | common_foyer_cabinet_02_door_p0
Fra:1 Mem:371.28M (Peak 371.28M) | Time:00:00.11 | Mem:0.00M, Peak:0.00M | Scene, ViewLayer | Synchronizing object | common_foyer_cabinet_02_door_f1l
Fra:1 Mem:371.29M (Peak 371.29M) | Time:00:00.11 | Mem:0.00M, Peak:0.00M | Scene, ViewLayer | Synchronizing object | common_foyer_cabinet_02_door_f1t
Fra:1 Mem:371.31M (Peak 371.31M) | Time:00:00.11 | Mem:0.00M, Peak:0.00M | Scene, ViewLayer | Synchronizing object | common_foyer_cabinet_02_door_p1
Fra:1 Mem:371.31M (Peak 371.31M) | Time:00:00.11 | Mem:0.00M, Peak:0.00M | Scene, ViewLayer | Synchronizing object | common_foyer_cabinet_02_door_f2r
Fra:1 Mem:371.31M (Peak 371.31M) | Time:00:00.11 | Mem:0.00M, Peak:0.00M | Scene, ViewLayer | Synchronizing object | common_foyer_cabinet_02_door_f2b
Fra:1 Mem:371.32M (Peak 371.32M) | Time:00:00.11 | Mem:0.00M, Peak:0.00M | Scene, ViewLayer | Synchronizing object | common_foyer_cabinet_02_door_f2t
Fra:1 Mem:371.32M (Peak 371.32M) | Time:00:00.11 | Mem:0.00M, Peak:0.00M | Scene, ViewLayer | Synchronizing object | common_foyer_cabinet_02_door_f2c
Fra:1 Mem:371.37M (Peak 371.37M) | Time:00:00.11 | Mem:0.00M, Peak:0.00M | Scene, ViewLayer | Synchronizing object | common_foyer_cabinet_02_door_p2
Fra:1 Mem:371.38M (Peak 371.38M) | Time:00:00.11 | Mem:0.00M, Peak:0.00M | Scene, ViewLayer | Synchronizing object | common_foyer_mirror_door_01_mirror
Fra:1 Mem:371.38M (Peak 371.38M) | Time:00:00.11 | Mem:0.00M, Peak:0.00M | Scene, ViewLayer | Synchronizing object | common_foyer_mirror_door_01_fr0
Fra:1 Mem:371.40M (Peak 371.40M) | Time:00:00.11 | Mem:0.00M, Peak:0.00M | Scene, ViewLayer | Synchronizing object | common_foyer_mirror_door_01_fr1
Fra:1 Mem:375.66M (Peak 375.66M) | Time:00:00.11 | Mem:0.00M, Peak:0.00M | Scene, ViewLayer | Synchronizing object | common_foyer_mirror_door_01_fr2
Fra:1 Mem:375.66M (Peak 375.66M) | Time:00:00.11 | Mem:0.00M, Peak:0.00M | Scene, ViewLayer | Synchronizing object | common_foyer_mirror_door_01_fr3
Fra:1 Mem:375.66M (Peak 375.66M) | Time:00:00.11 | Mem:0.00M, Peak:0.00M | Scene, ViewLayer | Synchronizing object | common_foyer_mirror_door_01_pull
Fra:1 Mem:375.66M (Peak 375.66M) | Time:00:00.11 | Mem:0.00M, Peak:0.00M | Scene, ViewLayer | Synchronizing object | common_elevator_hall_cabinet_01_body
Fra:1 Mem:375.68M (Peak 375.68M) | Time:00:00.11 | Mem:0.00M, Peak:0.00M | Scene, ViewLayer | Synchronizing object | common_elevator_hall_cabinet_01_door_gapbg
Fra:1 Mem:375.69M (Peak 375.69M) | Time:00:00.11 | Mem:0.00M, Peak:0.00M | Scene, ViewLayer | Synchronizing object | common_elevator_hall_cabinet_01_door_f0l
Fra:1 Mem:375.70M (Peak 375.70M) | Time:00:00.11 | Mem:0.00M, Peak:0.00M | Scene, ViewLayer | Synchronizing object | common_elevator_hall_cabinet_01_door_f0r
Fra:1 Mem:375.71M (Peak 375.71M) | Time:00:00.11 | Mem:0.00M, Peak:0.00M | Scene, ViewLayer | Synchronizing object | lt_strip_tv
Fra:1 Mem:375.72M (Peak 375.72M) | Time:00:00.11 | Mem:0.00M, Peak:0.00M | Scene, ViewLayer | Synchronizing object | lt_pendant_02
Fra:1 Mem:375.72M (Peak 375.72M) | Time:00:00.11 | Mem:0.00M, Peak:0.00M | Scene, ViewLayer | Synchronizing object | common_elevator_hall_cabinet_01_door_p0
Fra:1 Mem:375.72M (Peak 375.72M) | Time:00:00.11 | Mem:0.00M, Peak:0.00M | Scene, ViewLayer | Synchronizing object | lt_pendant_01
Fra:1 Mem:375.72M (Peak 375.72M) | Time:00:00.11 | Mem:0.00M, Peak:0.00M | Scene, ViewLayer | Synchronizing object | common_living_dining_balcony_bookcase_01_body
Fra:1 Mem:375.72M (Peak 375.72M) | Time:00:00.11 | Mem:0.00M, Peak:0.00M | Scene, ViewLayer | Synchronizing object | common_living_dining_balcony_bookcase_01_drw_gapbg
Fra:1 Mem:375.73M (Peak 375.73M) | Time:00:00.11 | Mem:0.00M, Peak:0.00M | Scene, ViewLayer | Synchronizing object | common_living_dining_balcony_bookcase_01_drw_f0
Fra:1 Mem:375.73M (Peak 375.73M) | Time:00:00.11 | Mem:0.00M, Peak:0.00M | Scene, ViewLayer | Synchronizing object | common_living_dining_balcony_bookcase_01_drw_slot0
Fra:1 Mem:375.73M (Peak 375.73M) | Time:00:00.11 | Mem:0.00M, Peak:0.00M | Scene, ViewLayer | Synchronizing object | common_living_dining_balcony_bookcase_01_drw_f1
Fra:1 Mem:375.74M (Peak 375.74M) | Time:00:00.11 | Mem:0.00M, Peak:0.00M | Scene, ViewLayer | Synchronizing object | common_living_dining_balcony_bookcase_01_drw_slot1
Fra:1 Mem:375.74M (Peak 375.74M) | Time:00:00.11 | Mem:0.00M, Peak:0.00M | Scene, ViewLayer | Synchronizing object | common_living_dining_balcony_bookcase_01_drw_f2
Fra:1 Mem:375.75M (Peak 375.75M) | Time:00:00.11 | Mem:0.00M, Peak:0.00M | Scene, ViewLayer | Synchronizing object | common_living_dining_balcony_bookcase_01_drw_slot2
Fra:1 Mem:375.76M (Peak 375.76M) | Time:00:00.11 | Mem:0.00M, Peak:0.00M | Scene, ViewLayer | Synchronizing object | common_living_dining_balcony_bookcase_02_back
Fra:1 Mem:375.77M (Peak 375.77M) | Time:00:00.11 | Mem:0.00M, Peak:0.00M | Scene, ViewLayer | Synchronizing object | common_living_dining_balcony_bookcase_02_bot
Fra:1 Mem:375.77M (Peak 375.77M) | Time:00:00.11 | Mem:0.00M, Peak:0.00M | Scene, ViewLayer | Synchronizing object | common_living_dining_balcony_bookcase_02_endS
Fra:1 Mem:375.77M (Peak 375.77M) | Time:00:00.11 | Mem:0.00M, Peak:0.00M | Scene, ViewLayer | Synchronizing object | common_living_dining_balcony_bookcase_02_div1
Fra:1 Mem:375.78M (Peak 375.78M) | Time:00:00.11 | Mem:0.00M, Peak:0.00M | Scene, ViewLayer | Synchronizing object | common_living_dining_balcony_bookcase_02_div2
Fra:1 Mem:375.79M (Peak 375.79M) | Time:00:00.11 | Mem:0.00M, Peak:0.00M | Scene, ViewLayer | Synchronizing object | common_living_dining_balcony_bookcase_02_door_gapbg
Fra:1 Mem:375.79M (Peak 375.79M) | Time:00:00.11 | Mem:0.00M, Peak:0.00M | Scene, ViewLayer | Synchronizing object | common_living_dining_balcony_bookcase_02_door_f0
Fra:1 Mem:375.79M (Peak 375.79M) | Time:00:00.11 | Mem:0.00M, Peak:0.00M | Scene, ViewLayer | Synchronizing object | common_living_dining_balcony_bookcase_02_door_p0
Fra:1 Mem:375.80M (Peak 375.80M) | Time:00:00.11 | Mem:0.00M, Peak:0.00M | Scene, ViewLayer | Synchronizing object | common_living_dining_balcony_bookcase_02_shelf0
Fra:1 Mem:375.80M (Peak 375.80M) | Time:00:00.11 | Mem:0.00M, Peak:0.00M | Scene, ViewLayer | Synchronizing object | common_living_dining_balcony_bookcase_02_shelf1
Fra:1 Mem:375.80M (Peak 375.80M) | Time:00:00.11 | Mem:0.00M, Peak:0.00M | Scene, ViewLayer | Synchronizing object | common_living_dining_balcony_bookcase_02_shelf3
Fra:1 Mem:375.80M (Peak 375.80M) | Time:00:00.11 | Mem:0.00M, Peak:0.00M | Scene, ViewLayer | Synchronizing object | common_living_dining_balcony_bookcase_02_gshelf0
Fra:1 Mem:375.80M (Peak 375.80M) | Time:00:00.11 | Mem:0.00M, Peak:0.00M | Scene, ViewLayer | Synchronizing object | common_living_dining_balcony_bookcase_02_gshelf1
Fra:1 Mem:375.82M (Peak 375.82M) | Time:00:00.11 | Mem:0.00M, Peak:0.00M | Scene, ViewLayer | Synchronizing object | common_living_dining_balcony_bookcase_02_gf_stS
Fra:1 Mem:375.82M (Peak 375.82M) | Time:00:00.11 | Mem:0.00M, Peak:0.00M | Scene, ViewLayer | Synchronizing object | common_living_dining_balcony_bookcase_02_gf_rlT
Fra:1 Mem:375.82M (Peak 375.82M) | Time:00:00.11 | Mem:0.00M, Peak:0.00M | Scene, ViewLayer | Synchronizing object | common_living_dining_balcony_bookcase_02_gknob
Fra:1 Mem:380.10M (Peak 380.10M) | Time:00:00.11 | Mem:0.00M, Peak:0.00M | Scene, ViewLayer | Synchronizing object | common_living_dining_balcony_laundry_cabinet_01_body
Fra:1 Mem:380.10M (Peak 380.10M) | Time:00:00.11 | Mem:0.00M, Peak:0.00M | Scene, ViewLayer | Synchronizing object | common_living_dining_balcony_laundry_cabinet_01_door_f0l
Fra:1 Mem:380.12M (Peak 380.12M) | Time:00:00.11 | Mem:0.00M, Peak:0.00M | Scene, ViewLayer | Synchronizing object | common_living_dining_balcony_laundry_cabinet_01_door_f0r
Fra:1 Mem:380.12M (Peak 380.12M) | Time:00:00.11 | Mem:0.00M, Peak:0.00M | Scene, ViewLayer | Synchronizing object | fx_art_wall_A
Fra:1 Mem:380.13M (Peak 380.13M) | Time:00:00.11 | Mem:0.00M, Peak:0.00M | Scene, ViewLayer | Synchronizing object | common_living_dining_balcony_laundry_cabinet_01_door_f0c
Fra:1 Mem:380.13M (Peak 380.13M) | Time:00:00.11 | Mem:0.00M, Peak:0.00M | Scene, ViewLayer | Synchronizing object | common_living_dining_balcony_laundry_cabinet_01_door_f1l
Fra:1 Mem:380.14M (Peak 380.14M) | Time:00:00.11 | Mem:0.00M, Peak:0.00M | Scene, ViewLayer | Synchronizing object | common_living_dining_balcony_laundry_cabinet_01_door_f1b
Fra:1 Mem:380.15M (Peak 380.15M) | Time:00:00.11 | Mem:0.00M, Peak:0.00M | Scene, ViewLayer | Synchronizing object | common_living_dining_balcony_laundry_cabinet_01_door_f1t
Fra:1 Mem:380.15M (Peak 380.15M) | Time:00:00.11 | Mem:0.00M, Peak:0.00M | Scene, ViewLayer | Synchronizing object | common_living_dining_balcony_laundry_cabinet_01_door_f1c
Fra:1 Mem:380.15M (Peak 380.15M) | Time:00:00.11 | Mem:0.00M, Peak:0.00M | Scene, ViewLayer | Synchronizing object | common_living_dining_balcony_laundry_cabinet_01_door_p1
Fra:1 Mem:380.17M (Peak 380.17M) | Time:00:00.11 | Mem:0.00M, Peak:0.00M | Scene, ViewLayer | Synchronizing object | common_master_bedroom_wardrobe_01_body
Fra:1 Mem:380.17M (Peak 380.17M) | Time:00:00.11 | Mem:0.00M, Peak:0.00M | Scene, ViewLayer | Synchronizing object | common_master_bedroom_wardrobe_01_door_f0r
Fra:1 Mem:380.18M (Peak 380.18M) | Time:00:00.11 | Mem:0.00M, Peak:0.00M | Scene, ViewLayer | Synchronizing object | common_master_bedroom_wardrobe_01_door_f0b
Fra:1 Mem:380.18M (Peak 380.18M) | Time:00:00.11 | Mem:0.00M, Peak:0.00M | Scene, ViewLayer | Synchronizing object | common_master_bedroom_wardrobe_01_door_f0t
Fra:1 Mem:380.18M (Peak 380.18M) | Time:00:00.11 | Mem:0.00M, Peak:0.00M | Scene, ViewLayer | Synchronizing object | common_master_bedroom_wardrobe_01_door_f0c
Fra:1 Mem:380.19M (Peak 380.19M) | Time:00:00.11 | Mem:0.00M, Peak:0.00M | Scene, ViewLayer | Synchronizing object | common_master_bedroom_wardrobe_01_door_p0
Fra:1 Mem:380.20M (Peak 380.20M) | Time:00:00.11 | Mem:0.00M, Peak:0.00M | Scene, ViewLayer | Synchronizing object | common_master_bedroom_wardrobe_01_door_f1l
Fra:1 Mem:380.20M (Peak 380.20M) | Time:00:00.11 | Mem:0.00M, Peak:0.00M | Scene, ViewLayer | Synchronizing object | common_master_bedroom_wardrobe_01_door_f1r
Fra:1 Mem:380.22M (Peak 380.22M) | Time:00:00.11 | Mem:0.00M, Peak:0.00M | Scene, ViewLayer | Synchronizing object | common_master_bedroom_wardrobe_01_door_f1b
Fra:1 Mem:380.22M (Peak 380.22M) | Time:00:00.11 | Mem:0.00M, Peak:0.00M | Scene, ViewLayer | Synchronizing object | common_master_bedroom_wardrobe_01_door_f1c
Fra:1 Mem:380.23M (Peak 380.23M) | Time:00:00.11 | Mem:0.00M, Peak:0.00M | Scene, ViewLayer | Synchronizing object | common_master_bedroom_wardrobe_01_door_p1
Fra:1 Mem:380.23M (Peak 380.23M) | Time:00:00.11 | Mem:0.00M, Peak:0.00M | Scene, ViewLayer | Synchronizing object | common_master_bedroom_wardrobe_01_door_f2l
Fra:1 Mem:380.23M (Peak 380.23M) | Time:00:00.11 | Mem:0.00M, Peak:0.00M | Scene, ViewLayer | Synchronizing object | common_master_bedroom_wardrobe_01_door_f2r
Fra:1 Mem:380.25M (Peak 380.25M) | Time:00:00.11 | Mem:0.00M, Peak:0.00M | Scene, ViewLayer | Synchronizing object | common_master_bedroom_wardrobe_01_door_f2b
Fra:1 Mem:380.25M (Peak 380.25M) | Time:00:00.11 | Mem:0.00M, Peak:0.00M | Scene, ViewLayer | Synchronizing object | common_master_bedroom_wardrobe_01_door_f2c
Fra:1 Mem:380.26M (Peak 380.26M) | Time:00:00.11 | Mem:0.00M, Peak:0.00M | Scene, ViewLayer | Synchronizing object | common_master_bedroom_wardrobe_01_door_f3l
Fra:1 Mem:380.27M (Peak 380.27M) | Time:00:00.11 | Mem:0.00M, Peak:0.00M | Scene, ViewLayer | Synchronizing object | common_master_bedroom_wardrobe_01_door_f3r
Fra:1 Mem:380.27M (Peak 380.27M) | Time:00:00.11 | Mem:0.00M, Peak:0.00M | Scene, ViewLayer | Synchronizing object | common_master_bedroom_wardrobe_01_door_f3b
Fra:1 Mem:380.28M (Peak 380.28M) | Time:00:00.11 | Mem:0.00M, Peak:0.00M | Scene, ViewLayer | Synchronizing object | common_master_bedroom_wardrobe_01_door_f3t
Fra:1 Mem:380.29M (Peak 380.29M) | Time:00:00.11 | Mem:0.00M, Peak:0.00M | Scene, ViewLayer | Synchronizing object | common_master_bedroom_wardrobe_01_door_f3c
Fra:1 Mem:380.29M (Peak 380.29M) | Time:00:00.11 | Mem:0.00M, Peak:0.00M | Scene, ViewLayer | Synchronizing object | fx_curt_living_bo_e_A
Fra:1 Mem:380.31M (Peak 380.31M) | Time:00:00.11 | Mem:0.00M, Peak:0.00M | Scene, ViewLayer | Synchronizing object | common_master_bedroom_wardrobe_01_door_f4l
Fra:1 Mem:380.32M (Peak 380.32M) | Time:00:00.11 | Mem:0.00M, Peak:0.00M | Scene, ViewLayer | Synchronizing object | common_master_bedroom_wardrobe_01_door_f4r
Fra:1 Mem:380.32M (Peak 380.32M) | Time:00:00.11 | Mem:0.00M, Peak:0.00M | Scene, ViewLayer | Synchronizing object | common_master_bedroom_wardrobe_01_door_f4t
Fra:1 Mem:387.36M (Peak 387.36M) | Time:00:00.11 | Mem:0.00M, Peak:0.00M | Scene, ViewLayer | Synchronizing object | common_master_bedroom_wardrobe_01_door_f4c
Fra:1 Mem:387.37M (Peak 387.37M) | Time:00:00.11 | Mem:0.00M, Peak:0.00M | Scene, ViewLayer | Synchronizing object | common_master_bedroom_wardrobe_01_door_p4
Fra:1 Mem:387.38M (Peak 387.38M) | Time:00:00.11 | Mem:0.00M, Peak:0.00M | Scene, ViewLayer | Synchronizing object | common_master_bedroom_wardrobe_01_door_f5l
Fra:1 Mem:387.38M (Peak 387.38M) | Time:00:00.11 | Mem:0.00M, Peak:0.00M | Scene, ViewLayer | Synchronizing object | common_master_bedroom_wardrobe_01_door_f5b
Fra:1 Mem:387.39M (Peak 387.39M) | Time:00:00.11 | Mem:0.00M, Peak:0.00M | Scene, ViewLayer | Synchronizing object | common_master_bedroom_wardrobe_01_door_f5t
Fra:1 Mem:387.40M (Peak 387.40M) | Time:00:00.11 | Mem:0.00M, Peak:0.00M | Scene, ViewLayer | Synchronizing object | common_master_bedroom_wardrobe_01_door_f5c
Fra:1 Mem:387.40M (Peak 387.40M) | Time:00:00.11 | Mem:0.00M, Peak:0.00M | Scene, ViewLayer | Synchronizing object | common_master_bedroom_wardrobe_01_door_p5
Fra:1 Mem:387.41M (Peak 387.41M) | Time:00:00.11 | Mem:0.00M, Peak:0.00M | Scene, ViewLayer | Synchronizing object | common_master_bedroom_wardrobe_01_door_f6r
Fra:1 Mem:387.41M (Peak 387.41M) | Time:00:00.11 | Mem:0.00M, Peak:0.00M | Scene, ViewLayer | Synchronizing object | common_master_bedroom_wardrobe_01_door_f6b
Fra:1 Mem:387.44M (Peak 387.44M) | Time:00:00.11 | Mem:0.00M, Peak:0.00M | Scene, ViewLayer | Synchronizing object | fx_curt_living_bo_w_A
Fra:1 Mem:387.44M (Peak 387.44M) | Time:00:00.11 | Mem:0.00M, Peak:0.00M | Scene, ViewLayer | Synchronizing object | common_master_bedroom_wardrobe_01_door_f6t
Fra:1 Mem:387.44M (Peak 387.44M) | Time:00:00.11 | Mem:0.00M, Peak:0.00M | Scene, ViewLayer | Synchronizing object | common_master_bedroom_wardrobe_01_door_f6c
Fra:1 Mem:387.45M (Peak 387.45M) | Time:00:00.11 | Mem:0.00M, Peak:0.00M | Scene, ViewLayer | Synchronizing object | common_master_bedroom_wardrobe_01_door_p6
Fra:1 Mem:387.46M (Peak 387.46M) | Time:00:00.11 | Mem:0.00M, Peak:0.00M | Scene, ViewLayer | Synchronizing object | common_master_bedroom_open_niche_01_back
Fra:1 Mem:387.47M (Peak 387.47M) | Time:00:00.11 | Mem:0.00M, Peak:0.00M | Scene, ViewLayer | Synchronizing object | common_master_bedroom_open_niche_01_cheek0
Fra:1 Mem:387.48M (Peak 387.48M) | Time:00:00.11 | Mem:0.00M, Peak:0.00M | Scene, ViewLayer | Synchronizing object | common_master_bedroom_open_niche_01_top
Fra:1 Mem:387.48M (Peak 387.48M) | Time:00:00.11 | Mem:0.00M, Peak:0.00M | Scene, ViewLayer | Synchronizing object | common_master_bedroom_open_niche_01_bottom
Fra:1 Mem:387.49M (Peak 387.49M) | Time:00:00.11 | Mem:0.00M, Peak:0.00M | Scene, ViewLayer | Synchronizing object | common_master_bedroom_open_niche_01_sh1
Fra:1 Mem:387.49M (Peak 387.49M) | Time:00:00.11 | Mem:0.00M, Peak:0.00M | Scene, ViewLayer | Synchronizing object | common_master_bedroom_open_niche_01_sh2
Fra:1 Mem:387.49M (Peak 387.49M) | Time:00:00.11 | Mem:0.00M, Peak:0.00M | Scene, ViewLayer | Synchronizing object | common_master_bath_vanity_01_cab
Fra:1 Mem:387.50M (Peak 387.50M) | Time:00:00.11 | Mem:0.00M, Peak:0.00M | Scene, ViewLayer | Synchronizing object | common_master_bath_vanity_01_drw_f0
Fra:1 Mem:387.52M (Peak 387.52M) | Time:00:00.11 | Mem:0.00M, Peak:0.00M | Scene, ViewLayer | Synchronizing object | common_master_bath_vanity_01_drw_p0
Fra:1 Mem:387.52M (Peak 387.52M) | Time:00:00.11 | Mem:0.00M, Peak:0.00M | Scene, ViewLayer | Synchronizing object | common_master_bath_vanity_01_drw_f1
Fra:1 Mem:387.52M (Peak 387.52M) | Time:00:00.11 | Mem:0.00M, Peak:0.00M | Scene, ViewLayer | Synchronizing object | common_master_bath_vanity_01_top_s2
Fra:1 Mem:387.54M (Peak 387.54M) | Time:00:00.11 | Mem:0.00M, Peak:0.00M | Scene, ViewLayer | Synchronizing object | common_master_bath_vanity_01_top_s4
Fra:1 Mem:387.55M (Peak 387.55M) | Time:00:00.11 | Mem:0.00M, Peak:0.00M | Scene, ViewLayer | Synchronizing object | common_master_bath_vanity_01_bowl
Fra:1 Mem:387.58M (Peak 387.58M) | Time:00:00.11 | Mem:0.00M, Peak:0.00M | Scene, ViewLayer | Synchronizing object | A_living_dining_balcony_lounge_chair_01_arm1
Fra:1 Mem:387.59M (Peak 387.59M) | Time:00:00.11 | Mem:0.00M, Peak:0.00M | Scene, ViewLayer | Synchronizing object | common_master_bath_vanity_01_fc_base
Fra:1 Mem:387.59M (Peak 387.59M) | Time:00:00.11 | Mem:0.00M, Peak:0.00M | Scene, ViewLayer | Synchronizing object | common_master_bath_vanity_01_fc_riser
Fra:1 Mem:387.59M (Peak 387.59M) | Time:00:00.11 | Mem:0.00M, Peak:0.00M | Scene, ViewLayer | Synchronizing object | common_master_bath_vanity_01_fc_spout
Fra:1 Mem:387.59M (Peak 387.59M) | Time:00:00.11 | Mem:0.00M, Peak:0.00M | Scene, ViewLayer | Synchronizing object | common_master_bath_vanity_01_fc_tip
Fra:1 Mem:387.59M (Peak 387.59M) | Time:00:00.11 | Mem:0.00M, Peak:0.00M | Scene, ViewLayer | Synchronizing object | common_master_bath_mirror_cabinet_01_body
Fra:1 Mem:387.60M (Peak 387.60M) | Time:00:00.11 | Mem:0.00M, Peak:0.00M | Scene, ViewLayer | Synchronizing object | common_master_bath_mirror_cabinet_01_mir_f0
Fra:1 Mem:387.60M (Peak 387.60M) | Time:00:00.11 | Mem:0.00M, Peak:0.00M | Scene, ViewLayer | Synchronizing object | common_master_bath_toilet_01_base
Fra:1 Mem:387.61M (Peak 387.61M) | Time:00:00.11 | Mem:0.00M, Peak:0.00M | Scene, ViewLayer | Synchronizing object | common_master_bath_toilet_01_seat
Fra:1 Mem:387.62M (Peak 387.62M) | Time:00:00.11 | Mem:0.00M, Peak:0.00M | Scene, ViewLayer | Synchronizing object | common_master_bath_toilet_01_tank
Fra:1 Mem:387.63M (Peak 387.63M) | Time:00:00.11 | Mem:0.00M, Peak:0.00M | Scene, ViewLayer | Synchronizing object | common_master_bath_glass_partition_01_fr0
Fra:1 Mem:387.63M (Peak 387.63M) | Time:00:00.11 | Mem:0.00M, Peak:0.00M | Scene, ViewLayer | Synchronizing object | common_master_bath_glass_partition_01_fr2
Fra:1 Mem:387.64M (Peak 387.64M) | Time:00:00.11 | Mem:0.00M, Peak:0.00M | Scene, ViewLayer | Synchronizing object | common_master_bath_glass_partition_01_fr3
Fra:1 Mem:387.65M (Peak 387.65M) | Time:00:00.11 | Mem:0.00M, Peak:0.00M | Scene, ViewLayer | Synchronizing object | common_master_bath_glass_partition_01_fr4
Fra:1 Mem:387.65M (Peak 387.65M) | Time:00:00.11 | Mem:0.00M, Peak:0.00M | Scene, ViewLayer | Synchronizing object | common_master_bath_shower_floor_01_pan
Fra:1 Mem:387.65M (Peak 387.65M) | Time:00:00.11 | Mem:0.00M, Peak:0.00M | Scene, ViewLayer | Synchronizing object | common_master_bath_shower_floor_01_drain
Fra:1 Mem:388.77M (Peak 388.77M) | Time:00:00.11 | Mem:0.00M, Peak:0.00M | Scene, ViewLayer | Synchronizing object | common_corridor_vanity_01_cab
Fra:1 Mem:388.77M (Peak 388.77M) | Time:00:00.11 | Mem:0.00M, Peak:0.00M | Scene, ViewLayer | Synchronizing object | common_corridor_vanity_01_drw_f0
Fra:1 Mem:388.77M (Peak 388.77M) | Time:00:00.11 | Mem:0.00M, Peak:0.00M | Scene, ViewLayer | Synchronizing object | common_corridor_vanity_01_drw_f1
Fra:1 Mem:388.78M (Peak 388.78M) | Time:00:00.11 | Mem:0.00M, Peak:0.00M | Scene, ViewLayer | Synchronizing object | common_corridor_vanity_01_drw_f2
Fra:1 Mem:388.78M (Peak 388.78M) | Time:00:00.11 | Mem:0.00M, Peak:0.00M | Scene, ViewLayer | Synchronizing object | common_corridor_vanity_01_drw_p2
Fra:1 Mem:388.79M (Peak 388.79M) | Time:00:00.11 | Mem:0.00M, Peak:0.00M | Scene, ViewLayer | Synchronizing object | common_corridor_vanity_01_top_s1
Fra:1 Mem:388.81M (Peak 388.81M) | Time:00:00.11 | Mem:0.00M, Peak:0.00M | Scene, ViewLayer | Synchronizing object | common_corridor_vanity_01_top_s2
Fra:1 Mem:388.82M (Peak 388.82M) | Time:00:00.11 | Mem:0.00M, Peak:0.00M | Scene, ViewLayer | Synchronizing object | common_corridor_vanity_01_bowl
Fra:1 Mem:388.84M (Peak 388.84M) | Time:00:00.11 | Mem:0.00M, Peak:0.00M | Scene, ViewLayer | Synchronizing object | common_corridor_vanity_01_cav
Fra:1 Mem:388.85M (Peak 388.85M) | Time:00:00.11 | Mem:0.00M, Peak:0.00M | Scene, ViewLayer | Synchronizing object | A_living_dining_balcony_lounge_chair_01_arm0
Fra:1 Mem:388.85M (Peak 388.85M) | Time:00:00.11 | Mem:0.00M, Peak:0.00M | Scene, ViewLayer | Synchronizing object | common_corridor_vanity_01_bowl.001
Fra:1 Mem:388.85M (Peak 388.85M) | Time:00:00.11 | Mem:0.00M, Peak:0.00M | Scene, ViewLayer | Synchronizing object | A_living_dining_balcony_lounge_chair_01_leg3
Fra:1 Mem:388.86M (Peak 388.86M) | Time:00:00.11 | Mem:0.00M, Peak:0.00M | Scene, ViewLayer | Synchronizing object | common_corridor_vanity_01_cav.001
Fra:1 Mem:388.86M (Peak 388.86M) | Time:00:00.11 | Mem:0.00M, Peak:0.00M | Scene, ViewLayer | Synchronizing object | common_corridor_vanity_01_fc281_riser
Fra:1 Mem:388.86M (Peak 388.86M) | Time:00:00.11 | Mem:0.00M, Peak:0.00M | Scene, ViewLayer | Synchronizing object | common_corridor_vanity_01_fc281_spout
Fra:1 Mem:388.86M (Peak 388.86M) | Time:00:00.11 | Mem:0.00M, Peak:0.00M | Scene, ViewLayer | Synchronizing object | common_corridor_vanity_01_fc281_tip
Fra:1 Mem:388.87M (Peak 388.87M) | Time:00:00.11 | Mem:0.00M, Peak:0.00M | Scene, ViewLayer | Synchronizing object | common_corridor_mirror_cabinet_01_mir_f0
Fra:1 Mem:388.87M (Peak 388.87M) | Time:00:00.11 | Mem:0.00M, Peak:0.00M | Scene, ViewLayer | Synchronizing object | common_corridor_mirror_cabinet_01_mir_f1
Fra:1 Mem:387.80M (Peak 388.87M) | Time:00:00.11 | Mem:0.00M, Peak:0.00M | Scene, ViewLayer | Synchronizing object | common_public_bath_wet_shower_floor_01_pan
Fra:1 Mem:387.83M (Peak 388.87M) | Time:00:00.11 | Mem:0.00M, Peak:0.00M | Scene, ViewLayer | Synchronizing object | common_public_bath_wet_shower_floor_01_drain
Fra:1 Mem:388.13M (Peak 388.87M) | Time:00:00.11 | Mem:0.00M, Peak:0.00M | Scene, ViewLayer | Synchronizing object | common_public_bath_wet_glass_partition_01_fr0
Fra:1 Mem:388.27M (Peak 388.87M) | Time:00:00.11 | Mem:0.00M, Peak:0.00M | Scene, ViewLayer | Synchronizing object | common_public_bath_wet_glass_partition_01_fr1
Fra:1 Mem:388.38M (Peak 388.87M) | Time:00:00.11 | Mem:0.00M, Peak:0.00M | Scene, ViewLayer | Synchronizing object | common_public_bath_wet_glass_partition_01_fr2
Fra:1 Mem:388.62M (Peak 388.87M) | Time:00:00.11 | Mem:0.00M, Peak:0.00M | Scene, ViewLayer | Synchronizing object | common_public_bath_wet_glass_partition_01_fr3
Fra:1 Mem:388.91M (Peak 388.91M) | Time:00:00.11 | Mem:0.00M, Peak:0.00M | Scene, ViewLayer | Synchronizing object | common_public_bath_wet_toilet_01_base
Fra:1 Mem:394.47M (Peak 394.47M) | Time:00:00.11 | Mem:0.00M, Peak:0.00M | Scene, ViewLayer | Synchronizing object | common_public_bath_wet_toilet_01_seat
Fra:1 Mem:394.60M (Peak 394.60M) | Time:00:00.11 | Mem:0.00M, Peak:0.00M | Scene, ViewLayer | Synchronizing object | common_public_bath_wet_toilet_01_tank
Fra:1 Mem:394.80M (Peak 394.80M) | Time:00:00.11 | Mem:0.00M, Peak:0.00M | Scene, ViewLayer | Synchronizing object | common_parents_room_wardrobe_01_body
Fra:1 Mem:394.85M (Peak 394.85M) | Time:00:00.11 | Mem:0.00M, Peak:0.00M | Scene, ViewLayer | Synchronizing object | common_parents_room_wardrobe_01_slB_f0
Fra:1 Mem:394.86M (Peak 394.86M) | Time:00:00.11 | Mem:0.00M, Peak:0.00M | Scene, ViewLayer | Synchronizing object | common_master_bedroom_screen_01_slat00
Fra:1 Mem:394.87M (Peak 394.87M) | Time:00:00.11 | Mem:0.00M, Peak:0.00M | Scene, ViewLayer | Synchronizing object | common_master_bedroom_screen_01_slat01
Fra:1 Mem:394.87M (Peak 394.87M) | Time:00:00.11 | Mem:0.00M, Peak:0.00M | Scene, ViewLayer | Synchronizing object | common_master_bedroom_screen_01_slat02
Fra:1 Mem:394.88M (Peak 394.88M) | Time:00:00.11 | Mem:0.00M, Peak:0.00M | Scene, ViewLayer | Synchronizing object | common_master_bedroom_screen_01_slat03
Fra:1 Mem:394.90M (Peak 394.90M) | Time:00:00.11 | Mem:0.00M, Peak:0.00M | Scene, ViewLayer | Synchronizing object | common_master_bedroom_screen_01_slat04
Fra:1 Mem:394.90M (Peak 394.90M) | Time:00:00.11 | Mem:0.00M, Peak:0.00M | Scene, ViewLayer | Synchronizing object | common_master_bedroom_screen_01_slat06
Fra:1 Mem:394.91M (Peak 394.91M) | Time:00:00.11 | Mem:0.00M, Peak:0.00M | Scene, ViewLayer | Synchronizing object | common_master_bedroom_screen_01_slat09
Fra:1 Mem:394.92M (Peak 394.92M) | Time:00:00.11 | Mem:0.00M, Peak:0.00M | Scene, ViewLayer | Synchronizing object | common_master_bedroom_screen_01_slat10
Fra:1 Mem:394.93M (Peak 394.93M) | Time:00:00.11 | Mem:0.00M, Peak:0.00M | Scene, ViewLayer | Synchronizing object | common_master_bedroom_screen_01_slat11
Fra:1 Mem:394.93M (Peak 394.93M) | Time:00:00.11 | Mem:0.00M, Peak:0.00M | Scene, ViewLayer | Synchronizing object | common_master_bedroom_screen_01_slat13
Fra:1 Mem:394.93M (Peak 394.93M) | Time:00:00.11 | Mem:0.00M, Peak:0.00M | Scene, ViewLayer | Synchronizing object | common_master_bedroom_screen_01_slat14
Fra:1 Mem:394.95M (Peak 394.95M) | Time:00:00.11 | Mem:0.00M, Peak:0.00M | Scene, ViewLayer | Synchronizing object | common_master_bedroom_screen_01_slat15
Fra:1 Mem:394.95M (Peak 394.95M) | Time:00:00.11 | Mem:0.00M, Peak:0.00M | Scene, ViewLayer | Synchronizing object | common_master_bedroom_screen_01_slat16
Fra:1 Mem:394.97M (Peak 394.97M) | Time:00:00.11 | Mem:0.00M, Peak:0.00M | Scene, ViewLayer | Synchronizing object | common_master_bedroom_screen_01_slat17
Fra:1 Mem:394.98M (Peak 394.98M) | Time:00:00.11 | Mem:0.00M, Peak:0.00M | Scene, ViewLayer | Synchronizing object | common_master_bedroom_screen_01_cap
Fra:1 Mem:394.99M (Peak 394.99M) | Time:00:00.11 | Mem:0.00M, Peak:0.00M | Scene, ViewLayer | Synchronizing object | mb_shower_mixer
Fra:1 Mem:394.99M (Peak 394.99M) | Time:00:00.11 | Mem:0.00M, Peak:0.00M | Scene, ViewLayer | Synchronizing object | mb_shower_rail
Fra:1 Mem:394.99M (Peak 394.99M) | Time:00:00.11 | Mem:0.00M, Peak:0.00M | Scene, ViewLayer | Synchronizing object | mb_shower_arm
Fra:1 Mem:395.00M (Peak 395.00M) | Time:00:00.11 | Mem:0.00M, Peak:0.00M | Scene, ViewLayer | Synchronizing object | mb_shower_rain
Fra:1 Mem:395.00M (Peak 395.00M) | Time:00:00.11 | Mem:0.00M, Peak:0.00M | Scene, ViewLayer | Synchronizing object | fx_mb_niche_back
Fra:1 Mem:395.00M (Peak 395.00M) | Time:00:00.11 | Mem:0.00M, Peak:0.00M | Scene, ViewLayer | Synchronizing object | fx_mb_niche_side0
Fra:1 Mem:395.01M (Peak 395.01M) | Time:00:00.11 | Mem:0.00M, Peak:0.00M | Scene, ViewLayer | Synchronizing object | fx_mb_niche_side1
Fra:1 Mem:395.01M (Peak 395.01M) | Time:00:00.11 | Mem:0.00M, Peak:0.00M | Scene, ViewLayer | Synchronizing object | fx_mb_niche_btm
Fra:1 Mem:395.01M (Peak 395.01M) | Time:00:00.11 | Mem:0.00M, Peak:0.00M | Scene, ViewLayer | Synchronizing object | fx_mb_paper_plate
Fra:1 Mem:395.03M (Peak 395.03M) | Time:00:00.11 | Mem:0.00M, Peak:0.00M | Scene, ViewLayer | Synchronizing object | fx_mb_paper_rod
Fra:1 Mem:395.04M (Peak 395.04M) | Time:00:00.11 | Mem:0.00M, Peak:0.00M | Scene, ViewLayer | Synchronizing object | pb_shower_mixer
Fra:1 Mem:395.04M (Peak 395.04M) | Time:00:00.11 | Mem:0.00M, Peak:0.00M | Scene, ViewLayer | Synchronizing object | pb_shower_hand
Fra:1 Mem:395.04M (Peak 395.04M) | Time:00:00.11 | Mem:0.00M, Peak:0.00M | Scene, ViewLayer | Synchronizing object | pb_shower_arm
Fra:1 Mem:395.05M (Peak 395.05M) | Time:00:00.11 | Mem:0.00M, Peak:0.00M | Scene, ViewLayer | Synchronizing object | pb_shower_rain
Fra:1 Mem:395.05M (Peak 395.05M) | Time:00:00.11 | Mem:0.00M, Peak:0.00M | Scene, ViewLayer | Synchronizing object | fx_pb_niche_back
Fra:1 Mem:395.05M (Peak 395.05M) | Time:00:00.11 | Mem:0.00M, Peak:0.00M | Scene, ViewLayer | Synchronizing object | fx_pb_niche_side0
Fra:1 Mem:395.05M (Peak 395.05M) | Time:00:00.11 | Mem:0.00M, Peak:0.00M | Scene, ViewLayer | Synchronizing object | fx_pb_niche_side1
Fra:1 Mem:395.09M (Peak 395.09M) | Time:00:00.11 | Mem:0.00M, Peak:0.00M | Scene, ViewLayer | Synchronizing object | fx_pb_niche_top
Fra:1 Mem:395.05M (Peak 395.09M) | Time:00:00.11 | Mem:0.00M, Peak:0.00M | Scene, ViewLayer | Synchronizing object | fx_stool_top
Fra:1 Mem:395.06M (Peak 395.09M) | Time:00:00.11 | Mem:0.00M, Peak:0.00M | Scene, ViewLayer | Synchronizing object | A_living_dining_balcony_lounge_chair_01_leg1
Fra:1 Mem:395.06M (Peak 395.09M) | Time:00:00.11 | Mem:0.00M, Peak:0.00M | Scene, ViewLayer | Synchronizing object | A_living_dining_balcony_lounge_chair_01_leg0
Fra:1 Mem:395.06M (Peak 395.09M) | Time:00:00.11 | Mem:0.00M, Peak:0.00M | Scene, ViewLayer | Synchronizing object | A_living_dining_balcony_lounge_chair_01_back
Fra:1 Mem:395.07M (Peak 395.09M) | Time:00:00.11 | Mem:0.00M, Peak:0.00M | Scene, ViewLayer | Synchronizing object | A_living_dining_balcony_lounge_chair_01_seat
Fra:1 Mem:395.08M (Peak 395.09M) | Time:00:00.11 | Mem:0.00M, Peak:0.00M | Scene, ViewLayer | Synchronizing object | A_living_dining_balcony_floor_lamp_01_shade
Fra:1 Mem:395.09M (Peak 395.09M) | Time:00:00.11 | Mem:0.00M, Peak:0.00M | Scene, ViewLayer | Synchronizing object | fx_stool_leg0
Fra:1 Mem:395.09M (Peak 395.09M) | Time:00:00.11 | Mem:0.00M, Peak:0.00M | Scene, ViewLayer | Synchronizing object | fx_stool_leg1
Fra:1 Mem:395.09M (Peak 395.09M) | Time:00:00.12 | Mem:0.00M, Peak:0.00M | Scene, ViewLayer | Synchronizing object | fx_stool_leg2
Fra:1 Mem:395.09M (Peak 395.09M) | Time:00:00.12 | Mem:0.00M, Peak:0.00M | Scene, ViewLayer | Synchronizing object | common_foyer_stool_01_leg1
Fra:1 Mem:395.09M (Peak 395.09M) | Time:00:00.12 | Mem:0.00M, Peak:0.00M | Scene, ViewLayer | Synchronizing object | common_foyer_stool_01_leg2
Fra:1 Mem:395.09M (Peak 395.09M) | Time:00:00.12 | Mem:0.00M, Peak:0.00M | Scene, ViewLayer | Synchronizing object | common_foyer_stool_01_leg3
Fra:1 Mem:395.10M (Peak 395.10M) | Time:00:00.12 | Mem:0.00M, Peak:0.00M | Scene, ViewLayer | Synchronizing object | common_living_dining_balcony_plant_01_stem
Fra:1 Mem:395.10M (Peak 395.10M) | Time:00:00.12 | Mem:0.00M, Peak:0.00M | Scene, ViewLayer | Synchronizing object | common_living_dining_balcony_plant_01_leaf0
Fra:1 Mem:395.11M (Peak 395.11M) | Time:00:00.12 | Mem:0.00M, Peak:0.00M | Scene, ViewLayer | Synchronizing object | common_living_dining_balcony_plant_01_leaf3
Fra:1 Mem:395.11M (Peak 395.11M) | Time:00:00.12 | Mem:0.00M, Peak:0.00M | Scene, ViewLayer | Synchronizing object | common_living_dining_balcony_plant_01_leaf4
Fra:1 Mem:395.11M (Peak 395.11M) | Time:00:00.12 | Mem:0.00M, Peak:0.00M | Scene, ViewLayer | Synchronizing object | common_living_dining_balcony_plant_01_leaf5
Fra:1 Mem:395.11M (Peak 395.11M) | Time:00:00.12 | Mem:0.00M, Peak:0.00M | Scene, ViewLayer | Synchronizing object | common_living_dining_balcony_plant_01_leaf6
Fra:1 Mem:395.11M (Peak 395.11M) | Time:00:00.12 | Mem:0.00M, Peak:0.00M | Scene, ViewLayer | Synchronizing object | common_living_dining_balcony_plant_01_leaf7
Fra:1 Mem:395.11M (Peak 395.11M) | Time:00:00.12 | Mem:0.00M, Peak:0.00M | Scene, ViewLayer | Synchronizing object | common_living_dining_balcony_planter_01_pot
Fra:1 Mem:395.11M (Peak 395.11M) | Time:00:00.12 | Mem:0.00M, Peak:0.00M | Scene, ViewLayer | Synchronizing object | common_living_dining_balcony_stool_01_top
Fra:1 Mem:395.12M (Peak 395.12M) | Time:00:00.12 | Mem:0.00M, Peak:0.00M | Scene, ViewLayer | Synchronizing object | common_living_dining_balcony_stool_01_post
Fra:1 Mem:395.12M (Peak 395.12M) | Time:00:00.12 | Mem:0.00M, Peak:0.00M | Scene, ViewLayer | Synchronizing object | common_living_dining_balcony_artwork_01_canvas
Fra:1 Mem:395.13M (Peak 395.13M) | Time:00:00.12 | Mem:0.00M, Peak:0.00M | Scene, ViewLayer | Synchronizing object | common_living_dining_balcony_artwork_01_lamp
Fra:1 Mem:395.13M (Peak 395.13M) | Time:00:00.12 | Mem:0.00M, Peak:0.00M | Scene, ViewLayer | Synchronizing object | common_master_bedroom_dressing_table_01_top
Fra:1 Mem:395.14M (Peak 395.14M) | Time:00:00.12 | Mem:0.00M, Peak:0.00M | Scene, ViewLayer | Synchronizing object | common_master_bedroom_dressing_table_01_side1
Fra:1 Mem:395.14M (Peak 395.14M) | Time:00:00.12 | Mem:0.00M, Peak:0.00M | Scene, ViewLayer | Synchronizing object | common_master_bedroom_dressing_table_01_shelf
Fra:1 Mem:395.14M (Peak 395.14M) | Time:00:00.12 | Mem:0.00M, Peak:0.00M | Scene, ViewLayer | Synchronizing object | common_master_bedroom_dressing_table_01_door_f0l
Fra:1 Mem:395.15M (Peak 395.15M) | Time:00:00.12 | Mem:0.00M, Peak:0.00M | Scene, ViewLayer | Synchronizing object | common_master_bedroom_dressing_table_01_door_f0r
Fra:1 Mem:395.16M (Peak 395.16M) | Time:00:00.12 | Mem:0.00M, Peak:0.00M | Scene, ViewLayer | Synchronizing object | common_master_bedroom_dressing_table_01_door_f0b
Fra:1 Mem:395.17M (Peak 395.17M) | Time:00:00.12 | Mem:0.00M, Peak:0.00M | Scene, ViewLayer | Synchronizing object | common_master_bedroom_dressing_table_01_door_f0t
Fra:1 Mem:395.18M (Peak 395.18M) | Time:00:00.12 | Mem:0.00M, Peak:0.00M | Scene, ViewLayer | Synchronizing object | common_master_bedroom_dressing_table_01_door_f0c
Fra:1 Mem:395.19M (Peak 395.19M) | Time:00:00.12 | Mem:0.00M, Peak:0.00M | Scene, ViewLayer | Synchronizing object | common_master_bedroom_dressing_table_01_door_f1l
Fra:1 Mem:395.20M (Peak 395.20M) | Time:00:00.12 | Mem:0.00M, Peak:0.00M | Scene, ViewLayer | Synchronizing object | common_master_bedroom_dressing_table_01_door_f1r
Fra:1 Mem:395.20M (Peak 395.20M) | Time:00:00.12 | Mem:0.00M, Peak:0.00M | Scene, ViewLayer | Synchronizing object | common_master_bedroom_dressing_table_01_door_f1t
Fra:1 Mem:395.24M (Peak 395.24M) | Time:00:00.12 | Mem:0.00M, Peak:0.00M | Scene, ViewLayer | Synchronizing object | common_master_bedroom_dressing_table_01_door_f1c
Fra:1 Mem:395.25M (Peak 395.25M) | Time:00:00.12 | Mem:0.00M, Peak:0.00M | Scene, ViewLayer | Synchronizing object | common_master_bedroom_dressing_table_01_door_p1
Fra:1 Mem:395.26M (Peak 395.26M) | Time:00:00.12 | Mem:0.00M, Peak:0.00M | Scene, ViewLayer | Synchronizing object | common_master_bedroom_dressing_table_01_door_f2l
Fra:1 Mem:395.26M (Peak 395.26M) | Time:00:00.12 | Mem:0.00M, Peak:0.00M | Scene, ViewLayer | Synchronizing object | common_master_bedroom_dressing_table_01_door_f2r
Fra:1 Mem:395.27M (Peak 395.27M) | Time:00:00.12 | Mem:0.00M, Peak:0.00M | Scene, ViewLayer | Synchronizing object | common_master_bedroom_dressing_table_01_door_f2b
Fra:1 Mem:395.28M (Peak 395.28M) | Time:00:00.12 | Mem:0.00M, Peak:0.00M | Scene, ViewLayer | Synchronizing object | common_master_bedroom_dressing_table_01_door_f2c
Fra:1 Mem:395.28M (Peak 395.28M) | Time:00:00.12 | Mem:0.00M, Peak:0.00M | Scene, ViewLayer | Synchronizing object | common_master_bedroom_dressing_table_01_door_p2
Fra:1 Mem:395.29M (Peak 395.29M) | Time:00:00.12 | Mem:0.00M, Peak:0.00M | Scene, ViewLayer | Synchronizing object | common_master_bedroom_stool_01_pad
Fra:1 Mem:395.29M (Peak 395.29M) | Time:00:00.12 | Mem:0.00M, Peak:0.00M | Scene, ViewLayer | Synchronizing object | common_master_bedroom_stool_01_leg0
Fra:1 Mem:395.30M (Peak 395.30M) | Time:00:00.12 | Mem:0.00M, Peak:0.00M | Scene, ViewLayer | Synchronizing object | common_master_bedroom_stool_01_leg1
Fra:1 Mem:395.30M (Peak 395.30M) | Time:00:00.12 | Mem:0.00M, Peak:0.00M | Scene, ViewLayer | Synchronizing object | common_master_bedroom_stool_01_leg2
Fra:1 Mem:402.35M (Peak 402.35M) | Time:00:00.12 | Mem:0.00M, Peak:0.00M | Scene, ViewLayer | Synchronizing object | common_master_bedroom_stool_01_leg3
Fra:1 Mem:402.35M (Peak 402.35M) | Time:00:00.12 | Mem:0.00M, Peak:0.00M | Scene, ViewLayer | Synchronizing object | common_master_bedroom_bed_01_frame
Fra:1 Mem:402.36M (Peak 402.36M) | Time:00:00.12 | Mem:0.00M, Peak:0.00M | Scene, ViewLayer | Synchronizing object | common_master_bedroom_bed_01_duvet
Fra:1 Mem:402.37M (Peak 402.37M) | Time:00:00.12 | Mem:0.00M, Peak:0.00M | Scene, ViewLayer | Synchronizing object | common_master_bedroom_bed_01_duvetdrop2
Fra:1 Mem:402.39M (Peak 402.39M) | Time:00:00.12 | Mem:0.00M, Peak:0.00M | Scene, ViewLayer | Synchronizing object | common_master_bedroom_bed_01_pillow1
Fra:1 Mem:402.41M (Peak 402.41M) | Time:00:00.12 | Mem:0.00M, Peak:0.00M | Scene, ViewLayer | Synchronizing object | common_master_bedroom_bed_01_pillow2
Fra:1 Mem:402.42M (Peak 402.42M) | Time:00:00.12 | Mem:0.00M, Peak:0.00M | Scene, ViewLayer | Synchronizing object | common_master_bedroom_bed_01_throw
Fra:1 Mem:402.43M (Peak 402.43M) | Time:00:00.12 | Mem:0.00M, Peak:0.00M | Scene, ViewLayer | Synchronizing object | common_master_bedroom_nightstand_01_body
Fra:1 Mem:402.43M (Peak 402.43M) | Time:00:00.12 | Mem:0.00M, Peak:0.00M | Scene, ViewLayer | Synchronizing object | common_master_bedroom_nightstand_01_drw_gapbg
Fra:1 Mem:402.44M (Peak 402.44M) | Time:00:00.12 | Mem:0.00M, Peak:0.00M | Scene, ViewLayer | Synchronizing object | common_master_bedroom_nightstand_01_leg0
Fra:1 Mem:402.44M (Peak 402.44M) | Time:00:00.12 | Mem:0.00M, Peak:0.00M | Scene, ViewLayer | Synchronizing object | A_living_dining_balcony_rug_01_border3
Fra:1 Mem:402.44M (Peak 402.44M) | Time:00:00.12 | Mem:0.00M, Peak:0.00M | Scene, ViewLayer | Synchronizing object | A_living_dining_balcony_rug_01_border2
Fra:1 Mem:402.44M (Peak 402.44M) | Time:00:00.12 | Mem:0.00M, Peak:0.00M | Scene, ViewLayer | Synchronizing object | A_living_dining_balcony_rug_01_border1
Fra:1 Mem:402.46M (Peak 402.46M) | Time:00:00.12 | Mem:0.00M, Peak:0.00M | Scene, ViewLayer | Synchronizing object | common_master_bedroom_nightstand_02_drw_f0
Fra:1 Mem:402.48M (Peak 402.48M) | Time:00:00.12 | Mem:0.00M, Peak:0.00M | Scene, ViewLayer | Synchronizing object | common_master_bedroom_nightstand_02_drw_p0
Fra:1 Mem:402.48M (Peak 402.48M) | Time:00:00.12 | Mem:0.00M, Peak:0.00M | Scene, ViewLayer | Synchronizing object | common_master_bedroom_nightstand_02_leg0
Fra:1 Mem:402.48M (Peak 402.48M) | Time:00:00.12 | Mem:0.00M, Peak:0.00M | Scene, ViewLayer | Synchronizing object | common_master_bedroom_nightstand_02_leg1
Fra:1 Mem:402.49M (Peak 402.49M) | Time:00:00.12 | Mem:0.00M, Peak:0.00M | Scene, ViewLayer | Synchronizing object | common_master_bedroom_nightstand_02_leg3
Fra:1 Mem:402.49M (Peak 402.49M) | Time:00:00.12 | Mem:0.00M, Peak:0.00M | Scene, ViewLayer | Synchronizing object | common_master_bedroom_desk_01_top
Fra:1 Mem:402.49M (Peak 402.49M) | Time:00:00.12 | Mem:0.00M, Peak:0.00M | Scene, ViewLayer | Synchronizing object | common_master_bedroom_desk_01_drawer
Fra:1 Mem:402.50M (Peak 402.50M) | Time:00:00.12 | Mem:0.00M, Peak:0.00M | Scene, ViewLayer | Synchronizing object | common_master_bedroom_desk_01_leg0
Fra:1 Mem:402.50M (Peak 402.50M) | Time:00:00.12 | Mem:0.00M, Peak:0.00M | Scene, ViewLayer | Synchronizing object | common_master_bedroom_desk_01_leg1
Fra:1 Mem:402.51M (Peak 402.51M) | Time:00:00.12 | Mem:0.00M, Peak:0.00M | Scene, ViewLayer | Synchronizing object | common_master_bedroom_desk_01_leg2
Fra:1 Mem:402.51M (Peak 402.51M) | Time:00:00.12 | Mem:0.00M, Peak:0.00M | Scene, ViewLayer | Synchronizing object | common_master_bedroom_desk_01_leg3
Fra:1 Mem:402.51M (Peak 402.51M) | Time:00:00.12 | Mem:0.00M, Peak:0.00M | Scene, ViewLayer | Synchronizing object | common_master_bedroom_desk_01_monitor
Fra:1 Mem:402.51M (Peak 402.51M) | Time:00:00.12 | Mem:0.00M, Peak:0.00M | Scene, ViewLayer | Synchronizing object | common_master_bedroom_desk_01_monstand
Fra:1 Mem:402.52M (Peak 402.52M) | Time:00:00.12 | Mem:0.00M, Peak:0.00M | Scene, ViewLayer | Synchronizing object | common_master_bedroom_chair_01_back
Fra:1 Mem:402.53M (Peak 402.53M) | Time:00:00.12 | Mem:0.00M, Peak:0.00M | Scene, ViewLayer | Synchronizing object | common_master_bedroom_chair_01_post
Fra:1 Mem:402.53M (Peak 402.53M) | Time:00:00.12 | Mem:0.00M, Peak:0.00M | Scene, ViewLayer | Synchronizing object | common_master_bedroom_rug_01_pile
Fra:1 Mem:396.39M (Peak 402.53M) | Time:00:00.12 | Mem:0.00M, Peak:0.00M | Scene, ViewLayer | Synchronizing object | common_terrace_coffee_table_01_leg0
Fra:1 Mem:396.39M (Peak 402.53M) | Time:00:00.12 | Mem:0.00M, Peak:0.00M | Scene, ViewLayer | Synchronizing object | common_terrace_coffee_table_01_leg1
Fra:1 Mem:396.42M (Peak 402.53M) | Time:00:00.12 | Mem:0.00M, Peak:0.00M | Scene, ViewLayer | Synchronizing object | common_terrace_coffee_table_01_leg2
Fra:1 Mem:396.42M (Peak 402.53M) | Time:00:00.12 | Mem:0.00M, Peak:0.00M | Scene, ViewLayer | Synchronizing object | common_terrace_lounge_chair_01_seat
Fra:1 Mem:396.42M (Peak 402.53M) | Time:00:00.12 | Mem:0.00M, Peak:0.00M | Scene, ViewLayer | Synchronizing object | common_terrace_lounge_chair_01_back0
Fra:1 Mem:396.43M (Peak 402.53M) | Time:00:00.12 | Mem:0.00M, Peak:0.00M | Scene, ViewLayer | Synchronizing object | common_terrace_lounge_chair_01_back1
Fra:1 Mem:396.43M (Peak 402.53M) | Time:00:00.12 | Mem:0.00M, Peak:0.00M | Scene, ViewLayer | Synchronizing object | common_terrace_lounge_chair_01_arm-1
Fra:1 Mem:396.44M (Peak 402.53M) | Time:00:00.12 | Mem:0.00M, Peak:0.00M | Scene, ViewLayer | Synchronizing object | common_terrace_lounge_chair_01_arm1
Fra:1 Mem:396.46M (Peak 402.53M) | Time:00:00.12 | Mem:0.00M, Peak:0.00M | Scene, ViewLayer | Synchronizing object | common_terrace_lounge_chair_01_leg1
Fra:1 Mem:396.46M (Peak 402.53M) | Time:00:00.12 | Mem:0.00M, Peak:0.00M | Scene, ViewLayer | Synchronizing object | common_terrace_lounge_chair_01_leg2
Fra:1 Mem:396.47M (Peak 402.53M) | Time:00:00.12 | Mem:0.00M, Peak:0.00M | Scene, ViewLayer | Synchronizing object | common_terrace_lounge_chair_01_leg3
Fra:1 Mem:396.47M (Peak 402.53M) | Time:00:00.12 | Mem:0.00M, Peak:0.00M | Scene, ViewLayer | Synchronizing object | common_terrace_lounge_chair_02_seat
Fra:1 Mem:396.47M (Peak 402.53M) | Time:00:00.12 | Mem:0.00M, Peak:0.00M | Scene, ViewLayer | Synchronizing object | common_terrace_lounge_chair_02_cushion
Fra:1 Mem:396.49M (Peak 402.53M) | Time:00:00.12 | Mem:0.00M, Peak:0.00M | Scene, ViewLayer | Synchronizing object | common_terrace_lounge_chair_02_back0
Fra:1 Mem:396.49M (Peak 402.53M) | Time:00:00.12 | Mem:0.00M, Peak:0.00M | Scene, ViewLayer | Synchronizing object | common_terrace_lounge_chair_02_back1
Fra:1 Mem:396.50M (Peak 402.53M) | Time:00:00.12 | Mem:0.00M, Peak:0.00M | Scene, ViewLayer | Synchronizing object | common_terrace_lounge_chair_02_back2
Fra:1 Mem:396.51M (Peak 402.53M) | Time:00:00.12 | Mem:0.00M, Peak:0.00M | Scene, ViewLayer | Synchronizing object | common_terrace_lounge_chair_02_arm-1
Fra:1 Mem:396.52M (Peak 402.53M) | Time:00:00.12 | Mem:0.00M, Peak:0.00M | Scene, ViewLayer | Synchronizing object | common_terrace_lounge_chair_02_arm1
Fra:1 Mem:396.53M (Peak 402.53M) | Time:00:00.12 | Mem:0.00M, Peak:0.00M | Scene, ViewLayer | Synchronizing object | common_terrace_lounge_chair_02_armp1
Fra:1 Mem:396.53M (Peak 402.53M) | Time:00:00.12 | Mem:0.00M, Peak:0.00M | Scene, ViewLayer | Synchronizing object | common_terrace_lounge_chair_02_leg0
Fra:1 Mem:396.54M (Peak 402.53M) | Time:00:00.12 | Mem:0.00M, Peak:0.00M | Scene, ViewLayer | Synchronizing object | common_terrace_lounge_chair_02_leg1
Fra:1 Mem:396.55M (Peak 402.53M) | Time:00:00.12 | Mem:0.00M, Peak:0.00M | Scene, ViewLayer | Synchronizing object | common_terrace_lounge_chair_02_leg2
Fra:1 Mem:396.55M (Peak 402.53M) | Time:00:00.12 | Mem:0.00M, Peak:0.00M | Scene, ViewLayer | Synchronizing object | common_terrace_lounge_chair_02_leg3
Fra:1 Mem:396.55M (Peak 402.53M) | Time:00:00.12 | Mem:0.00M, Peak:0.00M | Scene, ViewLayer | Synchronizing object | common_terrace_plant_01_pot
Fra:1 Mem:396.56M (Peak 402.53M) | Time:00:00.12 | Mem:0.00M, Peak:0.00M | Scene, ViewLayer | Synchronizing object | common_terrace_plant_01_stem
Fra:1 Mem:396.56M (Peak 402.53M) | Time:00:00.12 | Mem:0.00M, Peak:0.00M | Scene, ViewLayer | Synchronizing object | common_terrace_plant_01_leaf1
Fra:1 Mem:396.57M (Peak 402.53M) | Time:00:00.12 | Mem:0.00M, Peak:0.00M | Scene, ViewLayer | Synchronizing object | common_terrace_plant_01_leaf2
Fra:1 Mem:396.57M (Peak 402.53M) | Time:00:00.12 | Mem:0.00M, Peak:0.00M | Scene, ViewLayer | Synchronizing object | common_terrace_plant_01_leaf4
Fra:1 Mem:396.57M (Peak 402.53M) | Time:00:00.12 | Mem:0.00M, Peak:0.00M | Scene, ViewLayer | Synchronizing object | common_terrace_plant_02_pot
Fra:1 Mem:396.59M (Peak 402.53M) | Time:00:00.12 | Mem:0.00M, Peak:0.00M | Scene, ViewLayer | Synchronizing object | common_terrace_plant_02_stem
Fra:1 Mem:396.59M (Peak 402.53M) | Time:00:00.12 | Mem:0.00M, Peak:0.00M | Scene, ViewLayer | Synchronizing object | common_terrace_plant_02_leaf0
Fra:1 Mem:396.59M (Peak 402.53M) | Time:00:00.12 | Mem:0.00M, Peak:0.00M | Scene, ViewLayer | Synchronizing object | common_terrace_plant_02_leaf2
Fra:1 Mem:396.59M (Peak 402.53M) | Time:00:00.12 | Mem:0.00M, Peak:0.00M | Scene, ViewLayer | Synchronizing object | common_terrace_plant_02_leaf3
Fra:1 Mem:396.59M (Peak 402.53M) | Time:00:00.12 | Mem:0.00M, Peak:0.00M | Scene, ViewLayer | Synchronizing object | common_terrace_plant_02_leaf4
Fra:1 Mem:396.59M (Peak 402.53M) | Time:00:00.12 | Mem:0.00M, Peak:0.00M | Scene, ViewLayer | Synchronizing object | common_terrace_plant_03_pot
Fra:1 Mem:396.60M (Peak 402.53M) | Time:00:00.12 | Mem:0.00M, Peak:0.00M | Scene, ViewLayer | Synchronizing object | common_terrace_plant_03_stem
Fra:1 Mem:396.61M (Peak 402.53M) | Time:00:00.12 | Mem:0.00M, Peak:0.00M | Scene, ViewLayer | Synchronizing object | common_terrace_plant_03_leaf1
Fra:1 Mem:407.22M (Peak 407.22M) | Time:00:00.12 | Mem:0.00M, Peak:0.00M | Scene, ViewLayer | Synchronizing object | common_terrace_plant_03_leaf2
Fra:1 Mem:407.22M (Peak 407.22M) | Time:00:00.12 | Mem:0.00M, Peak:0.00M | Scene, ViewLayer | Synchronizing object | common_terrace_plant_03_leaf3
Fra:1 Mem:407.22M (Peak 407.22M) | Time:00:00.12 | Mem:0.00M, Peak:0.00M | Scene, ViewLayer | Synchronizing object | common_terrace_plant_03_leaf4
Fra:1 Mem:407.22M (Peak 407.22M) | Time:00:00.12 | Mem:0.00M, Peak:0.00M | Scene, ViewLayer | Synchronizing object | common_terrace_plant_03_leaf5
Fra:1 Mem:407.22M (Peak 407.22M) | Time:00:00.12 | Mem:0.00M, Peak:0.00M | Scene, ViewLayer | Synchronizing object | common_terrace_plant_04_stem
Fra:1 Mem:407.22M (Peak 407.22M) | Time:00:00.12 | Mem:0.00M, Peak:0.00M | Scene, ViewLayer | Synchronizing object | common_terrace_plant_04_leaf0
Fra:1 Mem:407.23M (Peak 407.23M) | Time:00:00.12 | Mem:0.00M, Peak:0.00M | Scene, ViewLayer | Synchronizing object | common_terrace_plant_04_leaf1
Fra:1 Mem:407.24M (Peak 407.24M) | Time:00:00.12 | Mem:0.00M, Peak:0.00M | Scene, ViewLayer | Synchronizing object | common_terrace_plant_04_leaf2
Fra:1 Mem:407.24M (Peak 407.24M) | Time:00:00.12 | Mem:0.00M, Peak:0.00M | Scene, ViewLayer | Synchronizing object | common_terrace_plant_04_leaf4
Fra:1 Mem:407.25M (Peak 407.25M) | Time:00:00.12 | Mem:0.00M, Peak:0.00M | Scene, ViewLayer | Synchronizing object | common_terrace_plant_04_leaf5
Fra:1 Mem:413.97M (Peak 413.97M) | Time:00:00.12 | Mem:0.00M, Peak:0.00M | Scene, ViewLayer | Synchronizing object | common_parents_room_bed_01_headboard
Fra:1 Mem:413.97M (Peak 413.97M) | Time:00:00.12 | Mem:0.00M, Peak:0.00M | Scene, ViewLayer | Synchronizing object | common_parents_room_bed_01_duvet
Fra:1 Mem:413.98M (Peak 413.98M) | Time:00:00.12 | Mem:0.00M, Peak:0.00M | Scene, ViewLayer | Synchronizing object | common_parents_room_bed_01_duvetdrop
Fra:1 Mem:413.98M (Peak 413.98M) | Time:00:00.12 | Mem:0.00M, Peak:0.00M | Scene, ViewLayer | Synchronizing object | common_parents_room_bed_01_pillow1
Fra:1 Mem:413.99M (Peak 413.99M) | Time:00:00.12 | Mem:0.00M, Peak:0.00M | Scene, ViewLayer | Synchronizing object | common_parents_room_bed_01_pillow2
Fra:1 Mem:414.00M (Peak 414.00M) | Time:00:00.12 | Mem:0.00M, Peak:0.00M | Scene, ViewLayer | Synchronizing object | common_parents_room_bed_01_throw
Fra:1 Mem:414.00M (Peak 414.00M) | Time:00:00.12 | Mem:0.00M, Peak:0.00M | Scene, ViewLayer | Synchronizing object | common_parents_room_nightstand_01_body
Fra:1 Mem:414.01M (Peak 414.01M) | Time:00:00.12 | Mem:0.00M, Peak:0.00M | Scene, ViewLayer | Synchronizing object | common_parents_room_nightstand_01_drw_gapbg
Fra:1 Mem:414.01M (Peak 414.01M) | Time:00:00.12 | Mem:0.00M, Peak:0.00M | Scene, ViewLayer | Synchronizing object | common_parents_room_nightstand_01_drw_f0
Fra:1 Mem:414.02M (Peak 414.02M) | Time:00:00.12 | Mem:0.00M, Peak:0.00M | Scene, ViewLayer | Synchronizing object | common_parents_room_nightstand_01_leg0
Fra:1 Mem:414.04M (Peak 414.04M) | Time:00:00.12 | Mem:0.00M, Peak:0.00M | Scene, ViewLayer | Synchronizing object | common_parents_room_nightstand_01_leg2
Fra:1 Mem:414.04M (Peak 414.04M) | Time:00:00.12 | Mem:0.00M, Peak:0.00M | Scene, ViewLayer | Synchronizing object | common_parents_room_cushion_01_pil_olive
Fra:1 Mem:414.04M (Peak 414.04M) | Time:00:00.12 | Mem:0.00M, Peak:0.00M | Scene, ViewLayer | Synchronizing object | common_parents_room_cushion_01_pil_brick
Fra:1 Mem:414.04M (Peak 414.04M) | Time:00:00.12 | Mem:0.00M, Peak:0.00M | Scene, ViewLayer | Synchronizing object | common_parents_room_shelf_01_side0
Fra:1 Mem:414.06M (Peak 414.06M) | Time:00:00.12 | Mem:0.00M, Peak:0.00M | Scene, ViewLayer | Synchronizing object | common_parents_room_shelf_01_side1
Fra:1 Mem:414.06M (Peak 414.06M) | Time:00:00.12 | Mem:0.00M, Peak:0.00M | Scene, ViewLayer | Synchronizing object | common_parents_room_shelf_01_sh1
Fra:1 Mem:414.06M (Peak 414.06M) | Time:00:00.12 | Mem:0.00M, Peak:0.00M | Scene, ViewLayer | Synchronizing object | common_parents_room_shelf_02_side1
Fra:1 Mem:414.07M (Peak 414.07M) | Time:00:00.12 | Mem:0.00M, Peak:0.00M | Scene, ViewLayer | Synchronizing object | common_parents_room_shelf_02_top
Fra:1 Mem:414.07M (Peak 414.07M) | Time:00:00.12 | Mem:0.00M, Peak:0.00M | Scene, ViewLayer | Synchronizing object | common_parents_room_shelf_02_sh1
Fra:1 Mem:414.07M (Peak 414.07M) | Time:00:00.12 | Mem:0.00M, Peak:0.00M | Scene, ViewLayer | Synchronizing object | common_daughter_room_wardrobe_01_body
Fra:1 Mem:414.07M (Peak 414.07M) | Time:00:00.12 | Mem:0.00M, Peak:0.00M | Scene, ViewLayer | Synchronizing object | common_daughter_room_wardrobe_01_slA_f0
Fra:1 Mem:414.08M (Peak 414.08M) | Time:00:00.12 | Mem:0.00M, Peak:0.00M | Scene, ViewLayer | Synchronizing object | common_daughter_room_wardrobe_01_slA_f1
Fra:1 Mem:414.08M (Peak 414.08M) | Time:00:00.12 | Mem:0.00M, Peak:0.00M | Scene, ViewLayer | Synchronizing object | common_daughter_room_wardrobe_01_slB_f0
Fra:1 Mem:414.10M (Peak 414.10M) | Time:00:00.12 | Mem:0.00M, Peak:0.00M | Scene, ViewLayer | Synchronizing object | common_daughter_room_wardrobe_01_slB_f1
Fra:1 Mem:414.11M (Peak 414.11M) | Time:00:00.12 | Mem:0.00M, Peak:0.00M | Scene, ViewLayer | Synchronizing object | common_daughter_room_wardrobe_02_body
Fra:1 Mem:414.11M (Peak 414.11M) | Time:00:00.12 | Mem:0.00M, Peak:0.00M | Scene, ViewLayer | Synchronizing object | common_daughter_room_wardrobe_02_slA_f0
Fra:1 Mem:414.12M (Peak 414.12M) | Time:00:00.12 | Mem:0.00M, Peak:0.00M | Scene, ViewLayer | Synchronizing object | common_daughter_room_wardrobe_02_slA_f1
Fra:1 Mem:414.13M (Peak 414.13M) | Time:00:00.12 | Mem:0.00M, Peak:0.00M | Scene, ViewLayer | Synchronizing object | common_daughter_room_wardrobe_02_slB_f1
Fra:1 Mem:414.14M (Peak 414.14M) | Time:00:00.12 | Mem:0.00M, Peak:0.00M | Scene, ViewLayer | Synchronizing object | common_daughter_room_bed_01_duvetdrop2
Fra:1 Mem:414.15M (Peak 414.15M) | Time:00:00.12 | Mem:0.00M, Peak:0.00M | Scene, ViewLayer | Synchronizing object | common_daughter_room_bed_01_pillow1
Fra:1 Mem:414.15M (Peak 414.15M) | Time:00:00.12 | Mem:0.00M, Peak:0.00M | Scene, ViewLayer | Synchronizing object | common_daughter_room_bed_01_pillow2
Fra:1 Mem:414.17M (Peak 414.17M) | Time:00:00.12 | Mem:0.00M, Peak:0.00M | Scene, ViewLayer | Synchronizing object | common_daughter_room_bed_01_pillow_acc
Fra:1 Mem:414.18M (Peak 414.18M) | Time:00:00.12 | Mem:0.00M, Peak:0.00M | Scene, ViewLayer | Synchronizing object | common_daughter_room_shelf_01_side0
Fra:1 Mem:414.18M (Peak 414.18M) | Time:00:00.12 | Mem:0.00M, Peak:0.00M | Scene, ViewLayer | Synchronizing object | common_daughter_room_shelf_01_side1
Fra:1 Mem:414.18M (Peak 414.18M) | Time:00:00.12 | Mem:0.00M, Peak:0.00M | Scene, ViewLayer | Synchronizing object | common_daughter_room_shelf_01_top
Fra:1 Mem:414.18M (Peak 414.18M) | Time:00:00.12 | Mem:0.00M, Peak:0.00M | Scene, ViewLayer | Synchronizing object | common_daughter_room_shelf_01_sh2
Fra:1 Mem:414.18M (Peak 414.18M) | Time:00:00.12 | Mem:0.00M, Peak:0.00M | Scene, ViewLayer | Synchronizing object | common_daughter_room_desk_01_top
Fra:1 Mem:414.18M (Peak 414.18M) | Time:00:00.12 | Mem:0.00M, Peak:0.00M | Scene, ViewLayer | Synchronizing object | common_daughter_room_desk_01_drawer
Fra:1 Mem:414.18M (Peak 414.18M) | Time:00:00.12 | Mem:0.00M, Peak:0.00M | Scene, ViewLayer | Synchronizing object | common_daughter_room_desk_01_leg0
Fra:1 Mem:414.18M (Peak 414.18M) | Time:00:00.12 | Mem:0.00M, Peak:0.00M | Scene, ViewLayer | Synchronizing object | common_daughter_room_desk_01_leg1
Fra:1 Mem:414.20M (Peak 414.20M) | Time:00:00.12 | Mem:0.00M, Peak:0.00M | Scene, ViewLayer | Synchronizing object | common_daughter_room_desk_01_leg2
Fra:1 Mem:414.20M (Peak 414.20M) | Time:00:00.12 | Mem:0.00M, Peak:0.00M | Scene, ViewLayer | Synchronizing object | common_daughter_room_desk_01_leg3
Fra:1 Mem:414.77M (Peak 414.77M) | Time:00:00.12 | Mem:0.00M, Peak:0.00M | Scene, ViewLayer | Synchronizing object | common_daughter_room_chair_01_back
Fra:1 Mem:414.77M (Peak 414.77M) | Time:00:00.12 | Mem:0.00M, Peak:0.00M | Scene, ViewLayer | Synchronizing object | common_son_room_wardrobe_01_body
Fra:1 Mem:414.78M (Peak 414.78M) | Time:00:00.12 | Mem:0.00M, Peak:0.00M | Scene, ViewLayer | Synchronizing object | common_son_room_wardrobe_01_slA_f0
Fra:1 Mem:414.79M (Peak 414.79M) | Time:00:00.12 | Mem:0.00M, Peak:0.00M | Scene, ViewLayer | Synchronizing object | common_son_room_wardrobe_01_slA_f1
Fra:1 Mem:414.67M (Peak 414.79M) | Time:00:00.12 | Mem:0.00M, Peak:0.00M | Scene, ViewLayer | Synchronizing object | common_son_room_wardrobe_01_slB_f2
Fra:1 Mem:413.12M (Peak 414.79M) | Time:00:00.12 | Mem:0.00M, Peak:0.00M | Scene, ViewLayer | Synchronizing object | common_son_room_bed_01_frame
Fra:1 Mem:390.12M (Peak 414.79M) | Time:00:00.12 | Mem:0.00M, Peak:0.00M | Scene, ViewLayer | Synchronizing object | common_son_room_bed_01_mattress
Fra:1 Mem:393.38M (Peak 414.79M) | Time:00:00.12 | Mem:0.00M, Peak:0.00M | Scene, ViewLayer | Synchronizing object | common_son_room_bed_01_headboard
Fra:1 Mem:393.38M (Peak 414.79M) | Time:00:00.12 | Mem:0.00M, Peak:0.00M | Scene, ViewLayer | Synchronizing object | common_son_room_bed_01_duvet
Fra:1 Mem:393.39M (Peak 414.79M) | Time:00:00.12 | Mem:0.00M, Peak:0.00M | Scene, ViewLayer | Synchronizing object | common_son_room_bed_01_duvetdrop
Fra:1 Mem:393.39M (Peak 414.79M) | Time:00:00.12 | Mem:0.00M, Peak:0.00M | Scene, ViewLayer | Synchronizing object | common_son_room_bed_01_duvetdrop2
Fra:1 Mem:393.40M (Peak 414.79M) | Time:00:00.12 | Mem:0.00M, Peak:0.00M | Scene, ViewLayer | Synchronizing object | common_son_room_bed_01_pillow1
Fra:1 Mem:393.40M (Peak 414.79M) | Time:00:00.12 | Mem:0.00M, Peak:0.00M | Scene, ViewLayer | Synchronizing object | common_son_room_bed_01_pillow2
Fra:1 Mem:393.40M (Peak 414.79M) | Time:00:00.12 | Mem:0.00M, Peak:0.00M | Scene, ViewLayer | Synchronizing object | A_living_dining_balcony_coffee_table_01_leg2
Fra:1 Mem:393.41M (Peak 414.79M) | Time:00:00.12 | Mem:0.00M, Peak:0.00M | Scene, ViewLayer | Synchronizing object | common_son_room_bed_01_pillow_acc
Fra:1 Mem:393.41M (Peak 414.79M) | Time:00:00.12 | Mem:0.00M, Peak:0.00M | Scene, ViewLayer | Synchronizing object | common_son_room_desk_01_drawer
Fra:1 Mem:393.42M (Peak 414.79M) | Time:00:00.12 | Mem:0.00M, Peak:0.00M | Scene, ViewLayer | Synchronizing object | common_son_room_desk_01_leg0
Fra:1 Mem:393.43M (Peak 414.79M) | Time:00:00.12 | Mem:0.00M, Peak:0.00M | Scene, ViewLayer | Synchronizing object | common_son_room_desk_01_leg1
Fra:1 Mem:393.44M (Peak 414.79M) | Time:00:00.12 | Mem:0.00M, Peak:0.00M | Scene, ViewLayer | Synchronizing object | common_son_room_desk_01_leg2
Fra:1 Mem:393.44M (Peak 414.79M) | Time:00:00.12 | Mem:0.00M, Peak:0.00M | Scene, ViewLayer | Synchronizing object | common_son_room_desk_01_leg3
Fra:1 Mem:410.44M (Peak 414.79M) | Time:00:00.12 | Mem:0.00M, Peak:0.00M | Scene, ViewLayer | Synchronizing object | common_son_room_shelf_01_top
Fra:1 Mem:410.46M (Peak 414.79M) | Time:00:00.12 | Mem:0.00M, Peak:0.00M | Scene, ViewLayer | Synchronizing object | common_son_room_shelf_01_sh1
Fra:1 Mem:410.49M (Peak 414.79M) | Time:00:00.12 | Mem:0.00M, Peak:0.00M | Scene, ViewLayer | Synchronizing object | common_son_room_chair_01_seat
Fra:1 Mem:410.50M (Peak 414.79M) | Time:00:00.12 | Mem:0.00M, Peak:0.00M | Scene, ViewLayer | Synchronizing object | common_son_room_chair_01_back
Fra:1 Mem:410.50M (Peak 414.79M) | Time:00:00.12 | Mem:0.00M, Peak:0.00M | Scene, ViewLayer | Synchronizing object | A_living_dining_balcony_coffee_table_01_leg1
Fra:1 Mem:410.51M (Peak 414.79M) | Time:00:00.12 | Mem:0.00M, Peak:0.00M | Scene, ViewLayer | Synchronizing object | A_living_dining_balcony_coffee_table_01_leg0
Fra:1 Mem:410.51M (Peak 414.79M) | Time:00:00.12 | Mem:0.00M, Peak:0.00M | Scene, ViewLayer | Synchronizing object | A_living_dining_balcony_coffee_table_01_top
Fra:1 Mem:410.51M (Peak 414.79M) | Time:00:00.12 | Mem:0.00M, Peak:0.00M | Scene, ViewLayer | Synchronizing object | A_living_dining_balcony_ottoman_01_base
Fra:1 Mem:410.51M (Peak 414.79M) | Time:00:00.12 | Mem:0.00M, Peak:0.00M | Scene, ViewLayer | Synchronizing object | A_living_dining_balcony_ottoman_01_pad
Fra:1 Mem:410.52M (Peak 414.79M) | Time:00:00.12 | Mem:0.00M, Peak:0.00M | Scene, ViewLayer | Synchronizing object | A_living_dining_balcony_sofa_01_pillow_brick
Fra:1 Mem:410.53M (Peak 414.79M) | Time:00:00.12 | Mem:0.00M, Peak:0.00M | Scene, ViewLayer | Synchronizing object | A_living_dining_balcony_sofa_01_pillow_olive
Fra:1 Mem:410.54M (Peak 414.79M) | Time:00:00.12 | Mem:0.00M, Peak:0.00M | Scene, ViewLayer | Synchronizing object | A_living_dining_balcony_sofa_01_arm1
Fra:1 Mem:410.54M (Peak 414.79M) | Time:00:00.12 | Mem:0.00M, Peak:0.00M | Scene, ViewLayer | Synchronizing object | A_living_dining_balcony_sofa_01_arm0
Fra:1 Mem:410.55M (Peak 414.79M) | Time:00:00.12 | Mem:0.00M, Peak:0.00M | Scene, ViewLayer | Synchronizing object | A_living_dining_balcony_sofa_01_seat2
Fra:1 Mem:410.57M (Peak 414.79M) | Time:00:00.12 | Mem:0.00M, Peak:0.00M | Scene, ViewLayer | Synchronizing object | A_living_dining_balcony_sofa_01_seat1
Fra:1 Mem:410.58M (Peak 414.79M) | Time:00:00.12 | Mem:0.00M, Peak:0.00M | Scene, ViewLayer | Synchronizing object | common_son_room_chair_01_base
Fra:1 Mem:410.60M (Peak 414.79M) | Time:00:00.12 | Mem:0.00M, Peak:0.00M | Scene, ViewLayer | Synchronizing object | A_living_dining_balcony_sofa_01_seat0
Fra:1 Mem:410.61M (Peak 414.79M) | Time:00:00.12 | Mem:0.00M, Peak:0.00M | Scene, ViewLayer | Synchronizing object | A_living_dining_balcony_sofa_01_back2
Fra:1 Mem:410.61M (Peak 414.79M) | Time:00:00.12 | Mem:0.00M, Peak:0.00M | Scene, ViewLayer | Synchronizing object | common_son_room_rug_01_pile
Fra:1 Mem:410.62M (Peak 414.79M) | Time:00:00.12 | Mem:0.00M, Peak:0.00M | Scene, ViewLayer | Synchronizing object | A_living_dining_balcony_sofa_01_back1
Fra:1 Mem:410.63M (Peak 414.79M) | Time:00:00.13 | Mem:0.00M, Peak:0.00M | Scene, ViewLayer | Synchronizing object | A_living_dining_balcony_sofa_01_back0
Fra:1 Mem:410.64M (Peak 414.79M) | Time:00:00.13 | Mem:0.00M, Peak:0.00M | Scene, ViewLayer | Synchronizing object | A_living_dining_balcony_sofa_01_leg3
Fra:1 Mem:410.64M (Peak 414.79M) | Time:00:00.13 | Mem:0.00M, Peak:0.00M | Scene, ViewLayer | Synchronizing object | A_living_dining_balcony_sofa_01_leg2
Fra:1 Mem:410.64M (Peak 414.79M) | Time:00:00.13 | Mem:0.00M, Peak:0.00M | Scene, ViewLayer | Synchronizing object | fx_curt_master_sheer
Fra:1 Mem:410.64M (Peak 414.79M) | Time:00:00.13 | Mem:0.00M, Peak:0.00M | Scene, ViewLayer | Synchronizing object | fx_curt_master_bo_w
Fra:1 Mem:410.64M (Peak 414.79M) | Time:00:00.13 | Mem:0.00M, Peak:0.00M | Scene, ViewLayer | Synchronizing object | A_living_dining_balcony_sofa_01_leg0
Fra:1 Mem:410.64M (Peak 414.79M) | Time:00:00.13 | Mem:0.00M, Peak:0.00M | Scene, ViewLayer | Synchronizing object | fx_curt_parents_sheer
Fra:1 Mem:410.64M (Peak 414.79M) | Time:00:00.13 | Mem:0.00M, Peak:0.00M | Scene, ViewLayer | Synchronizing object | fx_curt_son_bo_e
Fra:1 Mem:412.90M (Peak 414.79M) | Time:00:00.13 | Mem:0.00M, Peak:0.00M | Scene, ViewLayer | Synchronizing object | fx_blind_mb_slats1
Fra:1 Mem:412.90M (Peak 414.79M) | Time:00:00.13 | Mem:0.00M, Peak:0.00M | Scene, ViewLayer | Synchronizing object | fx_blind_mb_slats2
Fra:1 Mem:412.90M (Peak 414.79M) | Time:00:00.13 | Mem:0.00M, Peak:0.00M | Scene, ViewLayer | Synchronizing object | fx_blind_mb_slats4
Fra:1 Mem:412.92M (Peak 414.79M) | Time:00:00.13 | Mem:0.00M, Peak:0.00M | Scene, ViewLayer | Synchronizing object | fx_blind_mb_slats5
Fra:1 Mem:412.92M (Peak 414.79M) | Time:00:00.13 | Mem:0.00M, Peak:0.00M | Scene, ViewLayer | Synchronizing object | fx_blind_mb_slats6
Fra:1 Mem:412.93M (Peak 414.79M) | Time:00:00.13 | Mem:0.00M, Peak:0.00M | Scene, ViewLayer | Synchronizing object | fx_blind_mb_slats7
Fra:1 Mem:412.93M (Peak 414.79M) | Time:00:00.13 | Mem:0.00M, Peak:0.00M | Scene, ViewLayer | Synchronizing object | fx_blind_mb_slats8
Fra:1 Mem:412.94M (Peak 414.79M) | Time:00:00.13 | Mem:0.00M, Peak:0.00M | Scene, ViewLayer | Synchronizing object | fx_wall_lamp0
Fra:1 Mem:412.94M (Peak 414.79M) | Time:00:00.13 | Mem:0.00M, Peak:0.00M | Scene, ViewLayer | Synchronizing object | fx_wall_lamp0_sh
Fra:1 Mem:412.95M (Peak 414.79M) | Time:00:00.13 | Mem:0.00M, Peak:0.00M | Scene, ViewLayer | Synchronizing object | A_living_dining_balcony_dining_chair_05_armf1
Fra:1 Mem:412.96M (Peak 414.79M) | Time:00:00.13 | Mem:0.00M, Peak:0.00M | Scene, ViewLayer | Synchronizing object | fx_wall_lamp1
Fra:1 Mem:412.96M (Peak 414.79M) | Time:00:00.13 | Mem:0.00M, Peak:0.00M | Scene, ViewLayer | Synchronizing object | fx_wall_lamp1_sh
Fra:1 Mem:412.96M (Peak 414.79M) | Time:00:00.13 | Mem:0.00M, Peak:0.00M | Scene, ViewLayer | Synchronizing object | fx_wall_lamp2_sh
Fra:1 Mem:412.97M (Peak 414.79M) | Time:00:00.13 | Mem:0.00M, Peak:0.00M | Scene, ViewLayer | Synchronizing object | fx_foyer_jar
Fra:1 Mem:412.98M (Peak 414.79M) | Time:00:00.13 | Mem:0.00M, Peak:0.00M | Scene, ViewLayer | Synchronizing object | fx_foyer_pic
Fra:1 Mem:413.01M (Peak 414.79M) | Time:00:00.13 | Mem:0.00M, Peak:0.00M | Scene, ViewLayer | Synchronizing object | fx_kn_board
Fra:1 Mem:413.01M (Peak 414.79M) | Time:00:00.13 | Mem:0.00M, Peak:0.00M | Scene, ViewLayer | Synchronizing object | fx_kn_oil
Fra:1 Mem:413.03M (Peak 414.79M) | Time:00:00.13 | Mem:0.00M, Peak:0.00M | Scene, ViewLayer | Synchronizing object | fx_kn_herb
Fra:1 Mem:413.03M (Peak 414.79M) | Time:00:00.13 | Mem:0.00M, Peak:0.00M | Scene, ViewLayer | Synchronizing object | fx_kn_herb_leaf1
Fra:1 Mem:413.03M (Peak 414.79M) | Time:00:00.13 | Mem:0.00M, Peak:0.00M | Scene, ViewLayer | Synchronizing object | fx_bc_b0_1
Fra:1 Mem:413.03M (Peak 414.79M) | Time:00:00.13 | Mem:0.00M, Peak:0.00M | Scene, ViewLayer | Synchronizing object | fx_bc_b0_2
Fra:1 Mem:413.05M (Peak 414.79M) | Time:00:00.13 | Mem:0.00M, Peak:0.00M | Scene, ViewLayer | Synchronizing object | A_living_dining_balcony_dining_chair_05_arm1
Fra:1 Mem:413.06M (Peak 414.79M) | Time:00:00.13 | Mem:0.00M, Peak:0.00M | Scene, ViewLayer | Synchronizing object | A_living_dining_balcony_dining_chair_05_armf0
Fra:1 Mem:413.07M (Peak 414.79M) | Time:00:00.13 | Mem:0.00M, Peak:0.00M | Scene, ViewLayer | Synchronizing object | A_living_dining_balcony_dining_chair_05_arm0
Fra:1 Mem:413.08M (Peak 414.79M) | Time:00:00.13 | Mem:0.00M, Peak:0.00M | Scene, ViewLayer | Synchronizing object | fx_bc_b0_4
Fra:1 Mem:413.08M (Peak 414.79M) | Time:00:00.13 | Mem:0.00M, Peak:0.00M | Scene, ViewLayer | Synchronizing object | fx_bc_b0f_0
Fra:1 Mem:413.09M (Peak 414.79M) | Time:00:00.13 | Mem:0.00M, Peak:0.00M | Scene, ViewLayer | Synchronizing object | fx_bc_b0f_1
Fra:1 Mem:413.10M (Peak 414.79M) | Time:00:00.13 | Mem:0.00M, Peak:0.00M | Scene, ViewLayer | Synchronizing object | fx_bc_pot
Fra:1 Mem:413.10M (Peak 414.79M) | Time:00:00.13 | Mem:0.00M, Peak:0.00M | Scene, ViewLayer | Synchronizing object | fx_bc_potlip
Fra:1 Mem:413.10M (Peak 414.79M) | Time:00:00.13 | Mem:0.00M, Peak:0.00M | Scene, ViewLayer | Synchronizing object | fx_bc_rec2
Fra:1 Mem:413.11M (Peak 414.79M) | Time:00:00.13 | Mem:0.00M, Peak:0.00M | Scene, ViewLayer | Synchronizing object | fx_bc_b3_0
Fra:1 Mem:417.35M (Peak 417.35M) | Time:00:00.13 | Mem:0.00M, Peak:0.00M | Scene, ViewLayer | Synchronizing object | A_living_dining_balcony_dining_chair_05_leg3
Fra:1 Mem:417.36M (Peak 417.36M) | Time:00:00.13 | Mem:0.00M, Peak:0.00M | Scene, ViewLayer | Synchronizing object | fx_bc_b3_1
Fra:1 Mem:417.36M (Peak 417.36M) | Time:00:00.13 | Mem:0.00M, Peak:0.00M | Scene, ViewLayer | Synchronizing object | fx_bc_pot4
Fra:1 Mem:432.21M (Peak 432.21M) | Time:00:00.13 | Mem:0.00M, Peak:0.00M | Scene, ViewLayer | Synchronizing object | fx_bc_g0_0
Fra:1 Mem:432.21M (Peak 432.21M) | Time:00:00.13 | Mem:0.00M, Peak:0.00M | Scene, ViewLayer | Synchronizing object | fx_bc_g0_2
Fra:1 Mem:432.22M (Peak 432.22M) | Time:00:00.13 | Mem:0.00M, Peak:0.00M | Scene, ViewLayer | Synchronizing object | fx_bc_gpot
Fra:1 Mem:432.22M (Peak 432.22M) | Time:00:00.13 | Mem:0.00M, Peak:0.00M | Scene, ViewLayer | Synchronizing object | fx_bc_g1_1
Fra:1 Mem:432.23M (Peak 432.23M) | Time:00:00.13 | Mem:0.00M, Peak:0.00M | Scene, ViewLayer | Synchronizing object | fx_bc_g1_3
Fra:1 Mem:432.23M (Peak 432.23M) | Time:00:00.13 | Mem:0.00M, Peak:0.00M | Scene, ViewLayer | Synchronizing object | fx_bc_gpot2
Fra:1 Mem:432.23M (Peak 432.23M) | Time:00:00.13 | Mem:0.00M, Peak:0.00M | Scene, ViewLayer | Synchronizing object | fx_desk_book0
Fra:1 Mem:432.24M (Peak 432.24M) | Time:00:00.13 | Mem:0.00M, Peak:0.00M | Scene, ViewLayer | Synchronizing object | fx_desk_book1
Fra:1 Mem:432.24M (Peak 432.24M) | Time:00:00.13 | Mem:0.00M, Peak:0.00M | Scene, ViewLayer | Synchronizing object | fx_fiddle_stem
Fra:1 Mem:432.24M (Peak 432.24M) | Time:00:00.13 | Mem:0.00M, Peak:0.00M | Scene, ViewLayer | Synchronizing object | fx_fiddle_leaf0
Fra:1 Mem:432.24M (Peak 432.24M) | Time:00:00.13 | Mem:0.00M, Peak:0.00M | Scene, ViewLayer | Synchronizing object | fx_fiddle_leaf1
Fra:1 Mem:434.49M (Peak 434.49M) | Time:00:00.13 | Mem:0.00M, Peak:0.00M | Scene, ViewLayer | Synchronizing object | fx_fiddle_leaf2
Fra:1 Mem:434.49M (Peak 434.49M) | Time:00:00.13 | Mem:0.00M, Peak:0.00M | Scene, ViewLayer | Synchronizing object | fx_fiddle_leaf3
Fra:1 Mem:434.49M (Peak 434.49M) | Time:00:00.13 | Mem:0.00M, Peak:0.00M | Scene, ViewLayer | Synchronizing object | fx_fiddle_leaf4
Fra:1 Mem:434.50M (Peak 434.50M) | Time:00:00.13 | Mem:0.00M, Peak:0.00M | Scene, ViewLayer | Synchronizing object | fx_fiddle_leaf5
Fra:1 Mem:434.50M (Peak 434.50M) | Time:00:00.13 | Mem:0.00M, Peak:0.00M | Scene, ViewLayer | Synchronizing object | fx_fiddle_leaf6
Fra:1 Mem:434.50M (Peak 434.50M) | Time:00:00.13 | Mem:0.00M, Peak:0.00M | Scene, ViewLayer | Synchronizing object | lt_spot_liv00
Fra:1 Mem:434.50M (Peak 434.50M) | Time:00:00.13 | Mem:0.00M, Peak:0.00M | Scene, ViewLayer | Synchronizing object | lt_spot_liv01
Fra:1 Mem:434.50M (Peak 434.50M) | Time:00:00.13 | Mem:0.00M, Peak:0.00M | Scene, ViewLayer | Synchronizing object | lt_spot_liv02
Fra:1 Mem:434.50M (Peak 434.50M) | Time:00:00.13 | Mem:0.00M, Peak:0.00M | Scene, ViewLayer | Synchronizing object | lt_spot_liv04
Fra:1 Mem:434.50M (Peak 434.50M) | Time:00:00.13 | Mem:0.00M, Peak:0.00M | Scene, ViewLayer | Synchronizing object | lt_spot_liv09
Fra:1 Mem:434.50M (Peak 434.50M) | Time:00:00.13 | Mem:0.00M, Peak:0.00M | Scene, ViewLayer | Synchronizing object | A_living_dining_balcony_dining_chair_05_legt2
Fra:1 Mem:434.50M (Peak 434.50M) | Time:00:00.13 | Mem:0.00M, Peak:0.00M | Scene, ViewLayer | Synchronizing object | A_living_dining_balcony_dining_chair_05_leg2
Fra:1 Mem:434.50M (Peak 434.50M) | Time:00:00.13 | Mem:0.00M, Peak:0.00M | Scene, ViewLayer | Synchronizing object | A_living_dining_balcony_dining_chair_05_legt1
Fra:1 Mem:434.54M (Peak 434.54M) | Time:00:00.13 | Mem:0.00M, Peak:0.00M | Scene, ViewLayer | Synchronizing object | lt_spot_liv10
Fra:1 Mem:434.54M (Peak 434.54M) | Time:00:00.13 | Mem:0.00M, Peak:0.00M | Scene, ViewLayer | Synchronizing object | lt_spot_liv11
Fra:1 Mem:434.54M (Peak 434.54M) | Time:00:00.13 | Mem:0.00M, Peak:0.00M | Scene, ViewLayer | Synchronizing object | lt_spot_liv12
Fra:1 Mem:434.54M (Peak 434.54M) | Time:00:00.13 | Mem:0.00M, Peak:0.00M | Scene, ViewLayer | Synchronizing object | lt_spot_liv13
Fra:1 Mem:434.54M (Peak 434.54M) | Time:00:00.13 | Mem:0.00M, Peak:0.00M | Scene, ViewLayer | Synchronizing object | lt_spot_liv15
Fra:1 Mem:434.54M (Peak 434.54M) | Time:00:00.13 | Mem:0.00M, Peak:0.00M | Scene, ViewLayer | Synchronizing object | lt_spot_liv16
Fra:1 Mem:432.30M (Peak 434.54M) | Time:00:00.13 | Mem:0.00M, Peak:0.00M | Scene, ViewLayer | Synchronizing object | lt_spot_room2
Fra:1 Mem:432.30M (Peak 434.54M) | Time:00:00.13 | Mem:0.00M, Peak:0.00M | Scene, ViewLayer | Synchronizing object | lt_spot_room5
Fra:1 Mem:432.30M (Peak 434.54M) | Time:00:00.13 | Mem:0.00M, Peak:0.00M | Scene, ViewLayer | Synchronizing object | lt_spot_room6
Fra:1 Mem:432.30M (Peak 434.54M) | Time:00:00.13 | Mem:0.00M, Peak:0.00M | Scene, ViewLayer | Synchronizing object | lt_spot_room7
Fra:1 Mem:432.31M (Peak 434.54M) | Time:00:00.13 | Mem:0.00M, Peak:0.00M | Scene, ViewLayer | Synchronizing object | lt_spot_room8
Fra:1 Mem:432.31M (Peak 434.54M) | Time:00:00.13 | Mem:0.00M, Peak:0.00M | Scene, ViewLayer | Synchronizing object | lt_spot_room9
Fra:1 Mem:432.31M (Peak 434.54M) | Time:00:00.13 | Mem:0.00M, Peak:0.00M | Scene, ViewLayer | Synchronizing object | lt_spot_room10
Fra:1 Mem:432.31M (Peak 434.54M) | Time:00:00.13 | Mem:0.00M, Peak:0.00M | Scene, ViewLayer | Synchronizing object | A_living_dining_balcony_dining_chair_05_leg1
Fra:1 Mem:432.31M (Peak 434.54M) | Time:00:00.13 | Mem:0.00M, Peak:0.00M | Scene, ViewLayer | Synchronizing object | lt_spot_room12
Fra:1 Mem:432.31M (Peak 434.54M) | Time:00:00.13 | Mem:0.00M, Peak:0.00M | Scene, ViewLayer | Synchronizing object | lt_spot_room13
Fra:1 Mem:432.31M (Peak 434.54M) | Time:00:00.13 | Mem:0.00M, Peak:0.00M | Scene, ViewLayer | Synchronizing object | lt_ceiling_master
Fra:1 Mem:432.31M (Peak 434.54M) | Time:00:00.13 | Mem:0.00M, Peak:0.00M | Scene, ViewLayer | Synchronizing object | lt_ceiling_parents
Fra:1 Mem:432.31M (Peak 434.54M) | Time:00:00.13 | Mem:0.00M, Peak:0.00M | Scene, ViewLayer | Synchronizing object | lt_ceiling_son
Fra:1 Mem:432.31M (Peak 434.54M) | Time:00:00.13 | Mem:0.00M, Peak:0.00M | Scene, ViewLayer | Synchronizing object | lt_wall0
Fra:1 Mem:432.31M (Peak 434.54M) | Time:00:00.13 | Mem:0.00M, Peak:0.00M | Scene, ViewLayer | Synchronizing object | lt_wall1
Fra:1 Mem:432.31M (Peak 434.54M) | Time:00:00.13 | Mem:0.00M, Peak:0.00M | Scene, ViewLayer | Synchronizing object | lt_wall2
Fra:1 Mem:432.31M (Peak 434.54M) | Time:00:00.13 | Mem:0.00M, Peak:0.00M | Scene, ViewLayer | Synchronizing object | lt_strip_S
Fra:1 Mem:432.31M (Peak 434.54M) | Time:00:00.13 | Mem:0.00M, Peak:0.00M | Scene, ViewLayer | Synchronizing object | lt_strip_N
Fra:1 Mem:432.31M (Peak 434.54M) | Time:00:00.13 | Mem:0.00M, Peak:0.00M | Scene, ViewLayer | Synchronizing object | lt_strip_W
Fra:1 Mem:432.31M (Peak 434.54M) | Time:00:00.13 | Mem:0.00M, Peak:0.00M | Scene, ViewLayer | Synchronizing object | lt_strip_E
Fra:1 Mem:432.31M (Peak 434.54M) | Time:00:00.13 | Mem:0.00M, Peak:0.00M | Scene, ViewLayer | Synchronizing object | lt_strip_kc1
Fra:1 Mem:432.31M (Peak 434.54M) | Time:00:00.13 | Mem:0.00M, Peak:0.00M | Scene, ViewLayer | Synchronizing object | lt_strip_kc2
Fra:1 Mem:432.31M (Peak 434.54M) | Time:00:00.13 | Mem:0.00M, Peak:0.00M | Scene, ViewLayer | Synchronizing object | lt_strip_fyn
Fra:1 Mem:432.31M (Peak 434.54M) | Time:00:00.13 | Mem:0.00M, Peak:0.00M | Scene, ViewLayer | Synchronizing object | lt_strip_bcg
Fra:1 Mem:432.31M (Peak 434.54M) | Time:00:00.13 | Mem:0.00M, Peak:0.00M | Scene, ViewLayer | Synchronizing object | lt_strip_mb
Fra:1 Mem:432.31M (Peak 434.54M) | Time:00:00.13 | Mem:0.00M, Peak:0.00M | Scene, ViewLayer | Synchronizing object | lt_strip_cb
Fra:1 Mem:432.32M (Peak 434.54M) | Time:00:00.13 | Mem:0.00M, Peak:0.00M | Scene, ViewLayer | Synchronizing object | lt_strip_dt
Fra:1 Mem:432.32M (Peak 434.54M) | Time:00:00.13 | Mem:0.00M, Peak:0.00M | Scene, ViewLayer | Synchronizing object | lt_fill_daughter
Fra:1 Mem:432.32M (Peak 434.54M) | Time:00:00.13 | Mem:0.00M, Peak:0.00M | Scene, ViewLayer | Synchronizing object | lt_fill_son
Fra:1 Mem:432.32M (Peak 434.54M) | Time:00:00.13 | Mem:0.00M, Peak:0.00M | Scene, ViewLayer | Synchronizing object | lt_fill_pbath
Fra:1 Mem:432.32M (Peak 434.54M) | Time:00:00.13 | Mem:0.00M, Peak:0.00M | Scene, ViewLayer | Synchronizing object | lt_fill_mbath
Fra:1 Mem:432.32M (Peak 434.54M) | Time:00:00.13 | Mem:0.00M, Peak:0.00M | Scene, ViewLayer | Synchronizing object | lt_fill_corridor
Fra:1 Mem:432.32M (Peak 434.54M) | Time:00:00.13 | Mem:0.00M, Peak:0.00M | Scene, ViewLayer | Synchronizing object | A_living_dining_balcony_island_01_sideW
Fra:1 Mem:432.32M (Peak 434.54M) | Time:00:00.13 | Mem:0.00M, Peak:0.00M | Scene, ViewLayer | Synchronizing object | A_living_dining_balcony_island_01_sideE
Fra:1 Mem:432.32M (Peak 434.54M) | Time:00:00.13 | Mem:0.00M, Peak:0.00M | Scene, ViewLayer | Synchronizing object | A_living_dining_balcony_island_01_backN
Fra:1 Mem:432.32M (Peak 434.54M) | Time:00:00.13 | Mem:0.00M, Peak:0.00M | Scene, ViewLayer | Synchronizing object | A_living_dining_balcony_island_01_base
Fra:1 Mem:432.32M (Peak 434.54M) | Time:00:00.13 | Mem:0.00M, Peak:0.00M | Scene, ViewLayer | Synchronizing object | A_living_dining_balcony_island_01_oven
Fra:1 Mem:432.32M (Peak 434.54M) | Time:00:00.13 | Mem:0.00M, Peak:0.00M | Scene, ViewLayer | Synchronizing object | A_living_dining_balcony_island_01_drw_gapbg
Fra:1 Mem:432.32M (Peak 434.54M) | Time:00:00.13 | Mem:0.00M, Peak:0.00M | Scene, ViewLayer | Synchronizing object | A_living_dining_balcony_island_01_drw_p0
Fra:1 Mem:432.32M (Peak 434.54M) | Time:00:00.13 | Mem:0.00M, Peak:0.00M | Scene, ViewLayer | Synchronizing object | A_living_dining_balcony_island_01_sh0
Fra:1 Mem:432.32M (Peak 434.54M) | Time:00:00.13 | Mem:0.00M, Peak:0.00M | Scene, ViewLayer | Synchronizing object | A_living_dining_balcony_island_01_sh1
Fra:1 Mem:432.32M (Peak 434.54M) | Time:00:00.13 | Mem:0.00M, Peak:0.00M | Scene, ViewLayer | Synchronizing object | A_living_dining_balcony_island_01_top
Fra:1 Mem:432.32M (Peak 434.54M) | Time:00:00.13 | Mem:0.00M, Peak:0.00M | Scene, ViewLayer | Synchronizing object | A_living_dining_balcony_tv_cabinet_01_body
Fra:1 Mem:432.33M (Peak 434.54M) | Time:00:00.13 | Mem:0.00M, Peak:0.00M | Scene, ViewLayer | Synchronizing object | A_living_dining_balcony_tv_cabinet_01_door_gapbg
Fra:1 Mem:432.33M (Peak 434.54M) | Time:00:00.13 | Mem:0.00M, Peak:0.00M | Scene, ViewLayer | Synchronizing object | A_living_dining_balcony_tv_cabinet_01_door_f0
Fra:1 Mem:432.34M (Peak 434.54M) | Time:00:00.13 | Mem:0.00M, Peak:0.00M | Scene, ViewLayer | Synchronizing object | A_living_dining_balcony_tv_cabinet_01_door_f1
Fra:1 Mem:432.34M (Peak 434.54M) | Time:00:00.13 | Mem:0.00M, Peak:0.00M | Scene, ViewLayer | Synchronizing object | A_living_dining_balcony_tv_cabinet_01_door_f2
Fra:1 Mem:417.49M (Peak 434.54M) | Time:00:00.13 | Mem:0.00M, Peak:0.00M | Scene, ViewLayer | Synchronizing object | A_living_dining_balcony_tv_cabinet_01_door_f3
Fra:1 Mem:432.36M (Peak 434.54M) | Time:00:00.13 | Mem:0.00M, Peak:0.00M | Scene, ViewLayer | Synchronizing object | A_living_dining_balcony_tv_cabinet_01_door_f4
Fra:1 Mem:432.36M (Peak 434.54M) | Time:00:00.13 | Mem:0.00M, Peak:0.00M | Scene, ViewLayer | Synchronizing object | A_living_dining_balcony_pendant_lamp_01_rod
Fra:1 Mem:432.36M (Peak 434.54M) | Time:00:00.13 | Mem:0.00M, Peak:0.00M | Scene, ViewLayer | Synchronizing object | A_living_dining_balcony_island_02_leg0
Fra:1 Mem:432.36M (Peak 434.54M) | Time:00:00.13 | Mem:0.00M, Peak:0.00M | Scene, ViewLayer | Synchronizing object | A_living_dining_balcony_island_02_leg1
Fra:1 Mem:432.36M (Peak 434.54M) | Time:00:00.13 | Mem:0.00M, Peak:0.00M | Scene, ViewLayer | Synchronizing object | A_living_dining_balcony_island_02_leg3
Fra:1 Mem:432.37M (Peak 434.54M) | Time:00:00.13 | Mem:0.00M, Peak:0.00M | Scene, ViewLayer | Synchronizing object | A_living_dining_balcony_pendant_lamp_02_rod
Fra:1 Mem:432.37M (Peak 434.54M) | Time:00:00.13 | Mem:0.00M, Peak:0.00M | Scene, ViewLayer | Synchronizing object | A_living_dining_balcony_dining_chair_01_seat
Fra:1 Mem:432.38M (Peak 434.54M) | Time:00:00.13 | Mem:0.00M, Peak:0.00M | Scene, ViewLayer | Synchronizing object | A_living_dining_balcony_dining_chair_01_back
Fra:1 Mem:432.39M (Peak 434.54M) | Time:00:00.13 | Mem:0.00M, Peak:0.00M | Scene, ViewLayer | Synchronizing object | A_living_dining_balcony_dining_chair_01_leg0
Fra:1 Mem:432.39M (Peak 434.54M) | Time:00:00.13 | Mem:0.00M, Peak:0.00M | Scene, ViewLayer | Synchronizing object | A_living_dining_balcony_dining_chair_05_leg0
Fra:1 Mem:432.40M (Peak 434.54M) | Time:00:00.13 | Mem:0.00M, Peak:0.00M | Scene, ViewLayer | Synchronizing object | A_living_dining_balcony_dining_chair_01_leg1
Fra:1 Mem:432.40M (Peak 434.54M) | Time:00:00.13 | Mem:0.00M, Peak:0.00M | Scene, ViewLayer | Synchronizing object | A_living_dining_balcony_dining_chair_01_legt1
Fra:1 Mem:432.41M (Peak 434.54M) | Time:00:00.13 | Mem:0.00M, Peak:0.00M | Scene, ViewLayer | Synchronizing object | A_living_dining_balcony_dining_chair_01_leg2
Fra:1 Mem:432.41M (Peak 434.54M) | Time:00:00.13 | Mem:0.00M, Peak:0.00M | Scene, ViewLayer | Synchronizing object | A_living_dining_balcony_dining_chair_01_legt2
Fra:1 Mem:432.42M (Peak 434.54M) | Time:00:00.13 | Mem:0.00M, Peak:0.00M | Scene, ViewLayer | Synchronizing object | A_living_dining_balcony_dining_chair_01_leg3
Fra:1 Mem:432.42M (Peak 434.54M) | Time:00:00.13 | Mem:0.00M, Peak:0.00M | Scene, ViewLayer | Synchronizing object | A_living_dining_balcony_dining_chair_01_legt3
Fra:1 Mem:432.42M (Peak 434.54M) | Time:00:00.13 | Mem:0.00M, Peak:0.00M | Scene, ViewLayer | Synchronizing object | A_living_dining_balcony_dining_chair_01_arm1
Fra:1 Mem:432.42M (Peak 434.54M) | Time:00:00.13 | Mem:0.00M, Peak:0.00M | Scene, ViewLayer | Synchronizing object | A_living_dining_balcony_dining_chair_01_armf1
Fra:1 Mem:432.42M (Peak 434.54M) | Time:00:00.13 | Mem:0.00M, Peak:0.00M | Scene, ViewLayer | Synchronizing object | A_living_dining_balcony_dining_chair_02_seat
Fra:1 Mem:432.43M (Peak 434.54M) | Time:00:00.13 | Mem:0.00M, Peak:0.00M | Scene, ViewLayer | Synchronizing object | A_living_dining_balcony_dining_chair_02_back
Fra:1 Mem:432.47M (Peak 434.54M) | Time:00:00.13 | Mem:0.00M, Peak:0.00M | Scene, ViewLayer | Synchronizing object | A_living_dining_balcony_dining_chair_02_leg0
Fra:1 Mem:432.47M (Peak 434.54M) | Time:00:00.13 | Mem:0.00M, Peak:0.00M | Scene, ViewLayer | Synchronizing object | A_living_dining_balcony_dining_chair_02_leg1
Fra:1 Mem:432.47M (Peak 434.54M) | Time:00:00.13 | Mem:0.00M, Peak:0.00M | Scene, ViewLayer | Synchronizing object | A_living_dining_balcony_dining_chair_02_legt2
Fra:1 Mem:432.48M (Peak 434.54M) | Time:00:00.13 | Mem:0.00M, Peak:0.00M | Scene, ViewLayer | Synchronizing object | A_living_dining_balcony_dining_chair_02_leg3
Fra:1 Mem:432.48M (Peak 434.54M) | Time:00:00.13 | Mem:0.00M, Peak:0.00M | Scene, ViewLayer | Synchronizing object | A_living_dining_balcony_dining_chair_02_legt3
Fra:1 Mem:432.48M (Peak 434.54M) | Time:00:00.13 | Mem:0.00M, Peak:0.00M | Scene, ViewLayer | Synchronizing object | A_living_dining_balcony_dining_chair_02_arm0
Fra:1 Mem:432.48M (Peak 434.54M) | Time:00:00.13 | Mem:0.00M, Peak:0.00M | Scene, ViewLayer | Synchronizing object | A_living_dining_balcony_dining_chair_02_armf0
Fra:1 Mem:432.50M (Peak 434.54M) | Time:00:00.13 | Mem:0.00M, Peak:0.00M | Scene, ViewLayer | Synchronizing object | A_living_dining_balcony_dining_chair_02_arm1
Fra:1 Mem:432.50M (Peak 434.54M) | Time:00:00.13 | Mem:0.00M, Peak:0.00M | Scene, ViewLayer | Synchronizing object | A_living_dining_balcony_dining_chair_02_armf1
Fra:1 Mem:432.51M (Peak 434.54M) | Time:00:00.13 | Mem:0.00M, Peak:0.00M | Scene, ViewLayer | Synchronizing object | A_living_dining_balcony_dining_chair_03_seat
Fra:1 Mem:432.53M (Peak 434.54M) | Time:00:00.13 | Mem:0.00M, Peak:0.00M | Scene, ViewLayer | Synchronizing object | A_living_dining_balcony_dining_chair_03_back
Fra:1 Mem:432.53M (Peak 434.54M) | Time:00:00.13 | Mem:0.00M, Peak:0.00M | Scene, ViewLayer | Synchronizing object | A_living_dining_balcony_dining_chair_03_leg0
Fra:1 Mem:432.53M (Peak 434.54M) | Time:00:00.13 | Mem:0.00M, Peak:0.00M | Scene, ViewLayer | Synchronizing object | A_living_dining_balcony_dining_chair_03_legt0
Fra:1 Mem:432.53M (Peak 434.54M) | Time:00:00.13 | Mem:0.00M, Peak:0.00M | Scene, ViewLayer | Synchronizing object | A_living_dining_balcony_dining_chair_03_leg1
Fra:1 Mem:432.54M (Peak 434.54M) | Time:00:00.13 | Mem:0.00M, Peak:0.00M | Scene, ViewLayer | Synchronizing object | A_living_dining_balcony_dining_chair_03_leg2
Fra:1 Mem:432.54M (Peak 434.54M) | Time:00:00.13 | Mem:0.00M, Peak:0.00M | Scene, ViewLayer | Synchronizing object | A_living_dining_balcony_dining_chair_05_back
Fra:1 Mem:432.55M (Peak 434.54M) | Time:00:00.13 | Mem:0.00M, Peak:0.00M | Scene, ViewLayer | Synchronizing object | A_living_dining_balcony_dining_chair_03_legt2
Fra:1 Mem:432.55M (Peak 434.54M) | Time:00:00.13 | Mem:0.00M, Peak:0.00M | Scene, ViewLayer | Synchronizing object | A_living_dining_balcony_dining_chair_05_seat
Fra:1 Mem:432.55M (Peak 434.54M) | Time:00:00.13 | Mem:0.00M, Peak:0.00M | Scene, ViewLayer | Synchronizing object | A_living_dining_balcony_dining_chair_03_legt3
Fra:1 Mem:432.56M (Peak 434.54M) | Time:00:00.13 | Mem:0.00M, Peak:0.00M | Scene, ViewLayer | Synchronizing object | A_living_dining_balcony_dining_chair_03_arm0
Fra:1 Mem:432.56M (Peak 434.54M) | Time:00:00.13 | Mem:0.00M, Peak:0.00M | Scene, ViewLayer | Synchronizing object | A_living_dining_balcony_dining_chair_03_arm1
Fra:1 Mem:432.58M (Peak 434.54M) | Time:00:00.13 | Mem:0.00M, Peak:0.00M | Scene, ViewLayer | Synchronizing object | A_living_dining_balcony_dining_chair_03_armf1
Fra:1 Mem:432.58M (Peak 434.54M) | Time:00:00.13 | Mem:0.00M, Peak:0.00M | Scene, ViewLayer | Synchronizing object | A_living_dining_balcony_dining_chair_04_seat
Fra:1 Mem:417.73M (Peak 434.54M) | Time:00:00.13 | Mem:0.00M, Peak:0.00M | Scene, ViewLayer | Synchronizing object | A_living_dining_balcony_dining_chair_04_back
Fra:1 Mem:423.05M (Peak 434.54M) | Time:00:00.13 | Mem:0.00M, Peak:0.00M | Scene, ViewLayer | Synchronizing object | A_living_dining_balcony_dining_chair_04_leg0
Fra:1 Mem:423.05M (Peak 434.54M) | Time:00:00.13 | Mem:0.00M, Peak:0.00M | Scene, ViewLayer | Synchronizing object | A_living_dining_balcony_dining_chair_04_leg1
Fra:1 Mem:423.05M (Peak 434.54M) | Time:00:00.13 | Mem:0.00M, Peak:0.00M | Scene, ViewLayer | Synchronizing object | A_living_dining_balcony_dining_chair_04_legt1
Fra:1 Mem:423.05M (Peak 434.54M) | Time:00:00.13 | Mem:0.00M, Peak:0.00M | Scene, ViewLayer | Synchronizing object | A_living_dining_balcony_dining_chair_04_leg2
Fra:1 Mem:423.06M (Peak 434.54M) | Time:00:00.13 | Mem:0.00M, Peak:0.00M | Scene, ViewLayer | Synchronizing object | A_living_dining_balcony_dining_chair_04_legt2
Fra:1 Mem:423.08M (Peak 434.54M) | Time:00:00.13 | Mem:0.00M, Peak:0.00M | Scene, ViewLayer | Synchronizing object | A_living_dining_balcony_dining_chair_04_legt3
Fra:1 Mem:423.08M (Peak 434.54M) | Time:00:00.13 | Mem:0.00M, Peak:0.00M | Scene, ViewLayer | Synchronizing object | A_living_dining_balcony_dining_chair_04_arm0
Fra:1 Mem:423.09M (Peak 434.54M) | Time:00:00.13 | Mem:0.00M, Peak:0.00M | Scene, ViewLayer | Synchronizing object | A_living_dining_balcony_dining_chair_04_armf0
Fra:1 Mem:423.10M (Peak 434.54M) | Time:00:00.13 | Mem:0.00M, Peak:0.00M | Scene, ViewLayer | Synchronizing object | A_living_dining_balcony_dining_chair_04_arm1
Fra:1 Mem:416.36M (Peak 467.80M) | Time:00:00.22 | Mem:0.00M, Peak:0.00M | Scene, ViewLayer | Initializing
Fra:1 Mem:407.10M (Peak 467.80M) | Time:00:00.22 | Mem:0.00M, Peak:0.00M | Scene, ViewLayer | Updating Images | Loading tree_small_02_nor_gl
Fra:1 Mem:407.10M (Peak 467.80M) | Time:00:00.22 | Mem:0.00M, Peak:0.00M | Scene, ViewLayer | Updating Images | Loading jacaranda_tree_trunk_rough
Fra:1 Mem:407.10M (Peak 467.80M) | Time:00:00.22 | Mem:0.00M, Peak:0.00M | Scene, ViewLayer | Updating Images | Loading jacaranda_tree_leaves_diff-jacaranda_tree_leaves_alpha
Fra:1 Mem:411.10M (Peak 467.80M) | Time:00:00.22 | Mem:0.00M, Peak:0.00M | Scene, ViewLayer | Updating Images | Loading tree_small_02_leaves_diff-tree_small_02_leaves_alpha
Fra:1 Mem:419.11M (Peak 467.80M) | Time:00:00.22 | Mem:0.00M, Peak:0.00M | Scene, ViewLayer | Updating Images | Loading tree_small_02_rough
Fra:1 Mem:438.94M (Peak 499.20M) | Time:00:00.28 | Mem:72.00M, Peak:72.00M | Scene, ViewLayer | Waiting for render to start
Fra:1 Mem:438.94M (Peak 499.20M) | Time:00:00.28 | Mem:72.00M, Peak:72.00M | Scene, ViewLayer | Updating Scene
Fra:1 Mem:438.94M (Peak 499.20M) | Time:00:00.28 | Mem:72.00M, Peak:72.00M | Scene, ViewLayer | Updating Shaders
Fra:1 Mem:438.94M (Peak 499.20M) | Time:00:00.28 | Mem:72.00M, Peak:72.00M | Scene, ViewLayer | Loading render kernels (may take a few minutes the first time)
Fra:1 Mem:439.07M (Peak 499.20M) | Time:00:00.28 | Mem:72.07M, Peak:72.07M | Scene, ViewLayer | Updating Procedurals
Fra:1 Mem:439.07M (Peak 499.20M) | Time:00:00.28 | Mem:72.07M, Peak:72.07M | Scene, ViewLayer | Updating Background
Fra:1 Mem:439.07M (Peak 499.20M) | Time:00:00.28 | Mem:72.07M, Peak:72.07M | Scene, ViewLayer | Updating Camera
Fra:1 Mem:439.07M (Peak 499.20M) | Time:00:00.28 | Mem:72.07M, Peak:72.07M | Scene, ViewLayer | Updating Meshes Flags
Fra:1 Mem:439.07M (Peak 499.20M) | Time:00:00.28 | Mem:72.07M, Peak:72.07M | Scene, ViewLayer | Updating Objects
Fra:1 Mem:439.07M (Peak 499.20M) | Time:00:00.28 | Mem:72.07M, Peak:72.07M | Scene, ViewLayer | Updating Objects | Copying Transformations to device
Fra:1 Mem:439.37M (Peak 499.20M) | Time:00:00.28 | Mem:72.35M, Peak:72.35M | Scene, ViewLayer | Updating Particle Systems
Fra:1 Mem:439.37M (Peak 499.20M) | Time:00:00.29 | Mem:72.35M, Peak:72.35M | Scene, ViewLayer | Updating Particle Systems | Copying Particles to device
Fra:1 Mem:439.37M (Peak 499.20M) | Time:00:00.29 | Mem:72.35M, Peak:72.35M | Scene, ViewLayer | Updating Meshes
Fra:1 Mem:509.14M (Peak 509.14M) | Time:00:00.96 | Mem:72.35M, Peak:72.35M | Scene, ViewLayer | Updating Objects | Applying Static Transformations
Fra:1 Mem:509.14M (Peak 509.14M) | Time:00:00.96 | Mem:72.35M, Peak:72.35M | Scene, ViewLayer | Updating Mesh | Computing attributes
Fra:1 Mem:616.39M (Peak 616.39M) | Time:00:00.99 | Mem:72.45M, Peak:72.45M | Scene, ViewLayer | Updating Mesh | Copying Attributes to device
Fra:1 Mem:616.24M (Peak 616.39M) | Time:00:01.01 | Mem:179.45M, Peak:179.45M | Scene, ViewLayer | Updating Geometry BVH ceil_living_r1S_mesh 2/118 | Building BVH
Fra:1 Mem:616.24M (Peak 616.39M) | Time:00:01.01 | Mem:179.45M, Peak:179.45M | Scene, ViewLayer | Updating Geometry BVH ceil_living_r2N_mesh 7/118 | Building BVH
Fra:1 Mem:616.24M (Peak 616.39M) | Time:00:01.01 | Mem:179.45M, Peak:179.45M | Scene, ViewLayer | Updating Geometry BVH ceil_master_bedroom_slab_mesh 12/118 | Building BVH
Fra:1 Mem:616.24M (Peak 616.39M) | Time:00:01.01 | Mem:179.45M, Peak:179.45M | Scene, ViewLayer | Updating Geometry BVH ceil_son_room_slab_mesh 15/118 | Building BVH
Fra:1 Mem:616.24M (Peak 616.39M) | Time:00:01.01 | Mem:179.45M, Peak:179.45M | Scene, ViewLayer | Updating Geometry BVH ceil_master_ac_mesh 17/118 | Building BVH
Fra:1 Mem:616.24M (Peak 616.39M) | Time:00:01.01 | Mem:179.45M, Peak:179.45M | Scene, ViewLayer | Updating Geometry BVH ceil_bay_slab_mesh 21/370 | Building BVH
Fra:1 Mem:616.24M (Peak 616.39M) | Time:00:01.01 | Mem:179.45M, Peak:179.45M | Scene, ViewLayer | Updating Geometry BVH light 1230/1229 | Building BVH
Fra:1 Mem:616.24M (Peak 616.39M) | Time:00:01.02 | Mem:179.64M, Peak:179.65M | Scene, ViewLayer | Updating Geometry BVH ceil_public_bath_wet_fill_mesh 23/1229 | Building BVH
Fra:1 Mem:616.24M (Peak 616.39M) | Time:00:01.02 | Mem:179.64M, Peak:179.65M | Scene, ViewLayer | Updating Geometry BVH ceil_master_bath_fill_mesh 24/1229 | Building BVH
Fra:1 Mem:616.24M (Peak 616.39M) | Time:00:01.02 | Mem:179.66M, Peak:179.66M | Scene, ViewLayer | Updating Geometry BVH ceil_corridor_fill_mesh 25/1229 | Building BVH
Fra:1 Mem:616.24M (Peak 616.39M) | Time:00:01.02 | Mem:179.66M, Peak:179.66M | Scene, ViewLayer | Updating Geometry BVH lt_strip_tv_mesh 1229/1229 | Building BVH
Fra:1 Mem:616.24M (Peak 616.39M) | Time:00:01.02 | Mem:179.68M, Peak:179.68M | Scene, ViewLayer | Updating Geometry BVH ceil_elevator_hall_fill_mesh 26/1229 | Building BVH
Fra:1 Mem:616.24M (Peak 616.39M) | Time:00:01.02 | Mem:179.68M, Peak:179.68M | Scene, ViewLayer | Updating Geometry BVH fx_ceiling_master_bedroom_mesh 27/1229 | Building BVH
Fra:1 Mem:616.24M (Peak 616.39M) | Time:00:01.02 | Mem:179.69M, Peak:179.69M | Scene, ViewLayer | Updating Geometry BVH fx_ceiling_parents_room_mesh 28/1229 | Building BVH
Fra:1 Mem:616.24M (Peak 616.39M) | Time:00:01.02 | Mem:179.70M, Peak:179.70M | Scene, ViewLayer | Updating Geometry BVH fx_ceiling_daughter_room_mesh 29/1229 | Building BVH
Fra:1 Mem:616.24M (Peak 616.39M) | Time:00:01.02 | Mem:179.72M, Peak:179.72M | Scene, ViewLayer | Updating Geometry BVH fx_ceiling_son_room_mesh 30/1229 | Building BVH
Fra:1 Mem:616.24M (Peak 616.39M) | Time:00:01.02 | Mem:179.73M, Peak:179.73M | Scene, ViewLayer | Updating Geometry BVH fx_spot_living00_mesh 31/1229 | Building BVH
Fra:1 Mem:616.24M (Peak 616.39M) | Time:00:01.02 | Mem:179.73M, Peak:179.73M | Scene, ViewLayer | Updating Geometry BVH fx_spot_living00_r_mesh 32/1229 | Building BVH
Fra:1 Mem:616.24M (Peak 616.39M) | Time:00:01.02 | Mem:179.78M, Peak:179.79M | Scene, ViewLayer | Updating Geometry BVH lt_pendant_02 1228/1229 | Building BVH
Fra:1 Mem:616.24M (Peak 616.39M) | Time:00:01.02 | Mem:179.78M, Peak:179.79M | Scene, ViewLayer | Updating Geometry BVH fx_spot_living01_mesh 33/1229 | Building BVH
Fra:1 Mem:616.24M (Peak 616.39M) | Time:00:01.02 | Mem:179.78M, Peak:179.79M | Scene, ViewLayer | Updating Geometry BVH fx_spot_living01_r_mesh 34/1229 | Building BVH
Fra:1 Mem:616.24M (Peak 616.39M) | Time:00:01.02 | Mem:179.78M, Peak:179.79M | Scene, ViewLayer | Updating Geometry BVH fx_spot_living02_r_mesh 36/1229 | Building BVH
Fra:1 Mem:616.24M (Peak 616.39M) | Time:00:01.02 | Mem:179.78M, Peak:179.79M | Scene, ViewLayer | Updating Geometry BVH fx_spot_living03_mesh 37/1229 | Building BVH
Fra:1 Mem:616.24M (Peak 616.39M) | Time:00:01.02 | Mem:179.79M, Peak:179.79M | Scene, ViewLayer | Updating Geometry BVH fx_spot_living03_r_mesh 38/1229 | Building BVH
Fra:1 Mem:616.24M (Peak 616.39M) | Time:00:01.02 | Mem:179.89M, Peak:179.89M | Scene, ViewLayer | Updating Geometry BVH lt_pendant_01 1227/1229 | Building BVH
Fra:1 Mem:616.24M (Peak 616.39M) | Time:00:01.02 | Mem:179.88M, Peak:179.89M | Scene, ViewLayer | Updating Geometry BVH fx_spot_living04_mesh 39/1229 | Building BVH
Fra:1 Mem:616.24M (Peak 616.39M) | Time:00:01.02 | Mem:179.89M, Peak:179.89M | Scene, ViewLayer | Updating Geometry BVH fx_spot_living04_r_mesh 40/1229 | Building BVH
Fra:1 Mem:616.24M (Peak 616.39M) | Time:00:01.02 | Mem:179.88M, Peak:179.89M | Scene, ViewLayer | Updating Geometry BVH fx_spot_living05_r_mesh 42/1229 | Building BVH
Fra:1 Mem:616.24M (Peak 616.39M) | Time:00:01.02 | Mem:179.88M, Peak:179.89M | Scene, ViewLayer | Updating Geometry BVH fx_spot_living06_mesh 43/1229 | Building BVH
Fra:1 Mem:616.24M (Peak 616.39M) | Time:00:01.02 | Mem:179.89M, Peak:179.89M | Scene, ViewLayer | Updating Geometry BVH fx_spot_living06_r_mesh 44/1229 | Building BVH
Fra:1 Mem:616.24M (Peak 616.39M) | Time:00:01.02 | Mem:179.89M, Peak:179.89M | Scene, ViewLayer | Updating Geometry BVH fx_spot_living07_mesh 45/1229 | Building BVH
Fra:1 Mem:616.24M (Peak 616.39M) | Time:00:01.02 | Mem:179.99M, Peak:180.00M | Scene, ViewLayer | Updating Geometry BVH fx_art_wall_A_mesh 1226/1229 | Building BVH
Fra:1 Mem:616.24M (Peak 616.39M) | Time:00:01.02 | Mem:179.99M, Peak:180.00M | Scene, ViewLayer | Updating Geometry BVH fx_spot_living07_r_mesh 46/1229 | Building BVH
Fra:1 Mem:616.24M (Peak 616.39M) | Time:00:01.02 | Mem:179.99M, Peak:180.00M | Scene, ViewLayer | Updating Geometry BVH fx_spot_living08_mesh 47/1229 | Building BVH
Fra:1 Mem:616.24M (Peak 616.39M) | Time:00:01.02 | Mem:179.99M, Peak:180.00M | Scene, ViewLayer | Updating Geometry BVH fx_spot_living08_r_mesh 48/1229 | Building BVH
Fra:1 Mem:616.24M (Peak 616.39M) | Time:00:01.02 | Mem:180.02M, Peak:180.02M | Scene, ViewLayer | Updating Geometry BVH fx_spot_living09_mesh 49/1229 | Building BVH
Fra:1 Mem:616.24M (Peak 616.39M) | Time:00:01.02 | Mem:180.05M, Peak:180.06M | Scene, ViewLayer | Updating Geometry BVH fx_spot_living09_r_mesh 50/1229 | Building BVH
Fra:1 Mem:616.24M (Peak 616.39M) | Time:00:01.02 | Mem:180.07M, Peak:180.07M | Scene, ViewLayer | Updating Geometry BVH fx_spot_living10_mesh 51/1229 | Building BVH
Fra:1 Mem:616.24M (Peak 616.39M) | Time:00:01.02 | Mem:180.07M, Peak:180.07M | Scene, ViewLayer | Updating Geometry BVH fx_spot_living11_mesh 53/1229 | Building BVH
Fra:1 Mem:616.24M (Peak 616.39M) | Time:00:01.02 | Mem:180.07M, Peak:180.07M | Scene, ViewLayer | Updating Geometry BVH fx_spot_living11_r_mesh 54/1229 | Building BVH
Fra:1 Mem:616.24M (Peak 616.39M) | Time:00:01.02 | Mem:180.07M, Peak:180.07M | Scene, ViewLayer | Updating Geometry BVH fx_spot_living12_mesh 55/1229 | Building BVH
Fra:1 Mem:616.24M (Peak 616.39M) | Time:00:01.02 | Mem:180.07M, Peak:180.07M | Scene, ViewLayer | Updating Geometry BVH fx_spot_living12_r_mesh 56/1229 | Building BVH
Fra:1 Mem:616.24M (Peak 616.39M) | Time:00:01.02 | Mem:180.07M, Peak:180.07M | Scene, ViewLayer | Updating Geometry BVH fx_spot_living13_mesh 57/1229 | Building BVH
Fra:1 Mem:616.24M (Peak 616.39M) | Time:00:01.02 | Mem:180.08M, Peak:180.08M | Scene, ViewLayer | Updating Geometry BVH fx_spot_living14_mesh 59/1229 | Building BVH
Fra:1 Mem:616.24M (Peak 616.39M) | Time:00:01.02 | Mem:180.10M, Peak:180.10M | Scene, ViewLayer | Updating Geometry BVH fx_spot_living14_r_mesh 60/1229 | Building BVH
Fra:1 Mem:616.24M (Peak 616.39M) | Time:00:01.02 | Mem:180.13M, Peak:180.13M | Scene, ViewLayer | Updating Geometry BVH fx_spot_living15_mesh 61/1229 | Building BVH
Fra:1 Mem:616.24M (Peak 616.39M) | Time:00:01.02 | Mem:180.20M, Peak:180.20M | Scene, ViewLayer | Updating Geometry BVH fx_spot_living15_r_mesh 62/1229 | Building BVH
Fra:1 Mem:616.24M (Peak 616.39M) | Time:00:01.02 | Mem:180.21M, Peak:180.21M | Scene, ViewLayer | Updating Geometry BVH fx_spot_living16_mesh 63/1229 | Building BVH
Fra:1 Mem:616.24M (Peak 616.39M) | Time:00:01.02 | Mem:180.22M, Peak:180.22M | Scene, ViewLayer | Updating Geometry BVH fx_curt_living_bo_e_A_mesh 1225/1229 | Building BVH
Fra:1 Mem:616.24M (Peak 616.39M) | Time:00:01.02 | Mem:180.25M, Peak:180.25M | Scene, ViewLayer | Updating Geometry BVH fx_spot_living16_r_mesh 64/1229 | Building BVH
Fra:1 Mem:616.24M (Peak 616.39M) | Time:00:01.02 | Mem:180.25M, Peak:180.26M | Scene, ViewLayer | Updating Geometry BVH fx_spot_room0_mesh 65/1229 | Building BVH
Fra:1 Mem:616.24M (Peak 616.39M) | Time:00:01.02 | Mem:180.30M, Peak:180.30M | Scene, ViewLayer | Updating Geometry BVH fx_spot_room1_mesh 66/1229 | Building BVH
Fra:1 Mem:616.24M (Peak 616.39M) | Time:00:01.02 | Mem:180.30M, Peak:180.30M | Scene, ViewLayer | Updating Geometry BVH fx_spot_room2_mesh 67/1229 | Building BVH
Fra:1 Mem:616.24M (Peak 616.39M) | Time:00:01.02 | Mem:180.30M, Peak:180.30M | Scene, ViewLayer | Updating Geometry BVH fx_spot_room3_mesh 68/1229 | Building BVH
Fra:1 Mem:616.24M (Peak 616.39M) | Time:00:01.02 | Mem:180.30M, Peak:180.30M | Scene, ViewLayer | Updating Geometry BVH fx_spot_room4_mesh 69/1229 | Building BVH
Fra:1 Mem:616.24M (Peak 616.39M) | Time:00:01.02 | Mem:180.30M, Peak:180.30M | Scene, ViewLayer | Updating Geometry BVH fx_spot_room5_mesh 70/1229 | Building BVH
Fra:1 Mem:616.24M (Peak 616.39M) | Time:00:01.02 | Mem:180.32M, Peak:180.32M | Scene, ViewLayer | Updating Geometry BVH fx_spot_room7_mesh 72/1229 | Building BVH
Fra:1 Mem:616.24M (Peak 616.39M) | Time:00:01.02 | Mem:180.33M, Peak:180.33M | Scene, ViewLayer | Updating Geometry BVH out_path_s_mesh 74/1229 | Building BVH
Fra:1 Mem:616.24M (Peak 616.39M) | Time:00:01.02 | Mem:180.33M, Peak:180.33M | Scene, ViewLayer | Updating Geometry BVH out_path_n_mesh 75/1229 | Building BVH
Fra:1 Mem:616.24M (Peak 616.39M) | Time:00:01.02 | Mem:180.34M, Peak:180.34M | Scene, ViewLayer | Updating Geometry BVH out_bldg_s_mesh 78/1229 | Building BVH
Fra:1 Mem:616.24M (Peak 616.39M) | Time:00:01.02 | Mem:180.34M, Peak:180.34M | Scene, ViewLayer | Updating Geometry BVH out_bldg_n_mesh 79/1229 | Building BVH
Fra:1 Mem:616.24M (Peak 616.39M) | Time:00:01.02 | Mem:180.39M, Peak:180.39M | Scene, ViewLayer | Updating Geometry BVH floor_living_dining_balcony_mesh 80/1229 | Building BVH
Fra:1 Mem:616.24M (Peak 616.39M) | Time:00:01.02 | Mem:180.39M, Peak:180.39M | Scene, ViewLayer | Updating Geometry BVH floor_kitchen_mesh 81/1229 | Building BVH
Fra:1 Mem:616.24M (Peak 616.39M) | Time:00:01.02 | Mem:180.44M, Peak:180.44M | Scene, ViewLayer | Updating Geometry BVH floor_daughter_room_mesh 82/1229 | Building BVH
Fra:1 Mem:616.24M (Peak 616.39M) | Time:00:01.02 | Mem:180.45M, Peak:180.45M | Scene, ViewLayer | Updating Geometry BVH floor_public_bath_wet_mesh 83/1229 | Building BVH
Fra:1 Mem:616.24M (Peak 616.39M) | Time:00:01.02 | Mem:180.46M, Peak:180.46M | Scene, ViewLayer | Updating Geometry BVH fx_curt_living_bo_w_A_mesh 1224/1229 | Building BVH
Fra:1 Mem:616.24M (Peak 616.39M) | Time:00:01.02 | Mem:180.48M, Peak:180.48M | Scene, ViewLayer | Updating Geometry BVH floor_corridor_0_mesh 84/1229 | Building BVH
Fra:1 Mem:616.24M (Peak 616.39M) | Time:00:01.02 | Mem:180.49M, Peak:180.49M | Scene, ViewLayer | Updating Geometry BVH floor_corridor_1_mesh 85/1229 | Building BVH
Fra:1 Mem:616.24M (Peak 616.39M) | Time:00:01.02 | Mem:180.51M, Peak:180.51M | Scene, ViewLayer | Updating Geometry BVH floor_son_room_mesh 86/1229 | Building BVH
Fra:1 Mem:616.24M (Peak 616.39M) | Time:00:01.02 | Mem:180.51M, Peak:180.51M | Scene, ViewLayer | Updating Geometry BVH floor_master_bath_mesh 87/1229 | Building BVH
Fra:1 Mem:616.24M (Peak 616.39M) | Time:00:01.02 | Mem:180.51M, Peak:180.51M | Scene, ViewLayer | Updating Geometry BVH floor_master_bedroom_mesh 88/1229 | Building BVH
Fra:1 Mem:616.24M (Peak 616.39M) | Time:00:01.02 | Mem:180.54M, Peak:180.54M | Scene, ViewLayer | Updating Geometry BVH fx_curt_living_sheer_A_mesh 1223/1229 | Building BVH
Fra:1 Mem:616.24M (Peak 616.39M) | Time:00:01.02 | Mem:180.54M, Peak:180.54M | Scene, ViewLayer | Updating Geometry BVH floor_terrace_mesh 89/1229 | Building BVH
Fra:1 Mem:616.24M (Peak 616.39M) | Time:00:01.02 | Mem:180.55M, Peak:180.55M | Scene, ViewLayer | Updating Geometry BVH floor_parents_room_mesh 90/1229 | Building BVH
Fra:1 Mem:616.24M (Peak 616.39M) | Time:00:01.02 | Mem:180.55M, Peak:180.55M | Scene, ViewLayer | Updating Geometry BVH floor_foyer_mesh 91/1229 | Building BVH
Fra:1 Mem:616.24M (Peak 616.39M) | Time:00:01.02 | Mem:180.60M, Peak:180.60M | Scene, ViewLayer | Updating Geometry BVH floor_elevator_hall_mesh 92/1229 | Building BVH
Fra:1 Mem:616.24M (Peak 616.39M) | Time:00:01.02 | Mem:180.61M, Peak:180.61M | Scene, ViewLayer | Updating Geometry BVH BezierCurve.002 77/1229 | Building BVH
Fra:1 Mem:616.24M (Peak 616.39M) | Time:00:01.02 | Mem:184.86M, Peak:184.86M | Scene, ViewLayer | Updating Geometry BVH W01_s00_mesh 93/1229 | Building BVH
Fra:1 Mem:616.24M (Peak 616.39M) | Time:00:01.02 | Mem:184.85M, Peak:184.86M | Scene, ViewLayer | Updating Geometry BVH W01_s01_mesh 94/1229 | Building BVH
Fra:1 Mem:616.24M (Peak 616.39M) | Time:00:01.02 | Mem:184.85M, Peak:184.86M | Scene, ViewLayer | Updating Geometry BVH W01_s02_mesh 95/1229 | Building BVH
Fra:1 Mem:616.24M (Peak 616.39M) | Time:00:01.02 | Mem:184.85M, Peak:184.86M | Scene, ViewLayer | Updating Geometry BVH W01_s03_mesh 96/1229 | Building BVH
Fra:1 Mem:616.24M (Peak 616.39M) | Time:00:01.02 | Mem:184.87M, Peak:184.87M | Scene, ViewLayer | Updating Geometry BVH W02_s00_mesh 97/1229 | Building BVH
Fra:1 Mem:616.24M (Peak 616.39M) | Time:00:01.02 | Mem:184.88M, Peak:184.88M | Scene, ViewLayer | Updating Geometry BVH W02_s01_mesh 98/1229 | Building BVH
Fra:1 Mem:616.24M (Peak 616.39M) | Time:00:01.02 | Mem:184.88M, Peak:184.88M | Scene, ViewLayer | Updating Geometry BVH W02_s02_mesh 99/1229 | Building BVH
Fra:1 Mem:616.24M (Peak 616.39M) | Time:00:01.02 | Mem:191.60M, Peak:191.60M | Scene, ViewLayer | Updating Geometry BVH W02_s03_mesh 100/1229 | Building BVH
Fra:1 Mem:616.24M (Peak 616.39M) | Time:00:01.02 | Mem:191.60M, Peak:191.60M | Scene, ViewLayer | Updating Geometry BVH W03_s00_mesh 101/1229 | Building BVH
Fra:1 Mem:616.24M (Peak 616.39M) | Time:00:01.02 | Mem:191.62M, Peak:191.62M | Scene, ViewLayer | Updating Geometry BVH tree.016 76/1229 | Building BVH
Fra:1 Mem:616.24M (Peak 616.39M) | Time:00:01.03 | Mem:196.93M, Peak:196.93M | Scene, ViewLayer | Updating Geometry BVH W04_s00_mesh 102/1229 | Building BVH
Fra:1 Mem:616.24M (Peak 616.39M) | Time:00:01.03 | Mem:196.93M, Peak:196.93M | Scene, ViewLayer | Updating Geometry BVH W05_s00_mesh 103/1229 | Building BVH
Fra:1 Mem:616.24M (Peak 616.39M) | Time:00:01.03 | Mem:196.95M, Peak:196.96M | Scene, ViewLayer | Updating Geometry BVH W05_s01_mesh 104/1229 | Building BVH
Fra:1 Mem:616.24M (Peak 616.39M) | Time:00:01.03 | Mem:196.95M, Peak:196.96M | Scene, ViewLayer | Updating Geometry BVH W05_s02_mesh 105/1229 | Building BVH
Fra:1 Mem:616.24M (Peak 616.39M) | Time:00:01.03 | Mem:196.96M, Peak:196.96M | Scene, ViewLayer | Updating Geometry BVH A_living_dining_balcony_lounge_chair_01_arm1_mesh 1222/1229 | Building BVH
Fra:1 Mem:616.24M (Peak 616.39M) | Time:00:01.03 | Mem:196.95M, Peak:196.96M | Scene, ViewLayer | Updating Geometry BVH W05_s03_mesh 106/1229 | Building BVH
Fra:1 Mem:616.24M (Peak 616.39M) | Time:00:01.03 | Mem:196.96M, Peak:196.96M | Scene, ViewLayer | Updating Geometry BVH W06_s00_mesh 107/1229 | Building BVH
Fra:1 Mem:616.24M (Peak 616.39M) | Time:00:01.03 | Mem:196.97M, Peak:196.97M | Scene, ViewLayer | Updating Geometry BVH W06_s01_mesh 108/1229 | Building BVH
Fra:1 Mem:616.24M (Peak 616.39M) | Time:00:01.03 | Mem:197.02M, Peak:197.02M | Scene, ViewLayer | Updating Geometry BVH W06_s02_mesh 109/1229 | Building BVH
Fra:1 Mem:616.24M (Peak 616.39M) | Time:00:01.03 | Mem:219.52M, Peak:219.53M | Scene, ViewLayer | Updating Geometry BVH W06_s03_mesh 110/1229 | Building BVH
Fra:1 Mem:616.24M (Peak 616.39M) | Time:00:01.03 | Mem:219.54M, Peak:219.54M | Scene, ViewLayer | Updating Geometry BVH W07_s00_mesh 111/1229 | Building BVH
Fra:1 Mem:616.24M (Peak 616.39M) | Time:00:01.03 | Mem:219.54M, Peak:219.54M | Scene, ViewLayer | Updating Geometry BVH W07_s01_mesh 112/1229 | Building BVH
Fra:1 Mem:616.24M (Peak 616.39M) | Time:00:01.03 | Mem:219.54M, Peak:219.54M | Scene, ViewLayer | Updating Geometry BVH W08_s00_mesh 114/1229 | Building BVH
Fra:1 Mem:616.24M (Peak 616.39M) | Time:00:01.03 | Mem:219.54M, Peak:219.54M | Scene, ViewLayer | Updating Geometry BVH W08_s01_mesh 115/1229 | Building BVH
Fra:1 Mem:616.24M (Peak 616.39M) | Time:00:01.03 | Mem:219.56M, Peak:219.56M | Scene, ViewLayer | Updating Geometry BVH W08_s02_mesh 116/1229 | Building BVH
Fra:1 Mem:616.24M (Peak 616.39M) | Time:00:01.03 | Mem:219.59M, Peak:219.59M | Scene, ViewLayer | Updating Geometry BVH A_living_dining_balcony_lounge_chair_01_arm0_mesh 1221/1229 | Building BVH
Fra:1 Mem:616.24M (Peak 616.39M) | Time:00:01.03 | Mem:219.60M, Peak:219.60M | Scene, ViewLayer | Updating Geometry BVH W09_s00_mesh 117/1229 | Building BVH
Fra:1 Mem:616.24M (Peak 616.39M) | Time:00:01.03 | Mem:219.61M, Peak:219.61M | Scene, ViewLayer | Updating Geometry BVH W10_s00_mesh 118/1229 | Building BVH
Fra:1 Mem:616.24M (Peak 616.39M) | Time:00:01.03 | Mem:219.62M, Peak:219.62M | Scene, ViewLayer | Updating Geometry BVH W10_s01_mesh 119/1229 | Building BVH
Fra:1 Mem:616.24M (Peak 616.39M) | Time:00:01.03 | Mem:219.62M, Peak:219.62M | Scene, ViewLayer | Updating Geometry BVH W10_s02_mesh 120/1229 | Building BVH
Fra:1 Mem:616.24M (Peak 616.39M) | Time:00:01.03 | Mem:219.63M, Peak:219.63M | Scene, ViewLayer | Updating Geometry BVH W10_s03_mesh 121/1229 | Building BVH
Fra:1 Mem:616.24M (Peak 616.39M) | Time:00:01.03 | Mem:219.63M, Peak:219.63M | Scene, ViewLayer | Updating Geometry BVH W11_s00_mesh 122/1229 | Building BVH
Fra:1 Mem:616.24M (Peak 616.39M) | Time:00:01.03 | Mem:219.66M, Peak:219.66M | Scene, ViewLayer | Updating Geometry BVH W12_s00_mesh 123/1229 | Building BVH
Fra:1 Mem:616.24M (Peak 616.39M) | Time:00:01.03 | Mem:219.66M, Peak:219.66M | Scene, ViewLayer | Updating Geometry BVH W12_s01_mesh 124/1229 | Building BVH
Fra:1 Mem:616.24M (Peak 616.39M) | Time:00:01.03 | Mem:219.66M, Peak:219.66M | Scene, ViewLayer | Updating Geometry BVH W12_s02_mesh 125/1229 | Building BVH
Fra:1 Mem:616.24M (Peak 616.39M) | Time:00:01.03 | Mem:219.66M, Peak:219.66M | Scene, ViewLayer | Updating Geometry BVH W13_s00_mesh 126/1229 | Building BVH
Fra:1 Mem:616.24M (Peak 616.39M) | Time:00:01.03 | Mem:219.70M, Peak:219.70M | Scene, ViewLayer | Updating Geometry BVH W13_s01_mesh 127/1229 | Building BVH
Fra:1 Mem:616.24M (Peak 616.39M) | Time:00:01.03 | Mem:219.70M, Peak:219.70M | Scene, ViewLayer | Updating Geometry BVH W13_s02_mesh 128/1229 | Building BVH
Fra:1 Mem:616.24M (Peak 616.39M) | Time:00:01.03 | Mem:219.71M, Peak:219.71M | Scene, ViewLayer | Updating Geometry BVH W14_s00_mesh 129/1229 | Building BVH
Fra:1 Mem:616.24M (Peak 616.39M) | Time:00:01.03 | Mem:219.71M, Peak:219.71M | Scene, ViewLayer | Updating Geometry BVH A_living_dining_balcony_lounge_chair_01_leg3_mesh 1220/1229 | Building BVH
Fra:1 Mem:616.24M (Peak 616.39M) | Time:00:01.03 | Mem:219.71M, Peak:219.71M | Scene, ViewLayer | Updating Geometry BVH W14_s01_mesh 130/1229 | Building BVH
Fra:1 Mem:616.24M (Peak 616.39M) | Time:00:01.03 | Mem:219.72M, Peak:219.72M | Scene, ViewLayer | Updating Geometry BVH W14_s02_mesh 131/1229 | Building BVH
Fra:1 Mem:616.24M (Peak 616.39M) | Time:00:01.03 | Mem:219.73M, Peak:219.73M | Scene, ViewLayer | Updating Geometry BVH W14_s03_mesh 132/1229 | Building BVH
Fra:1 Mem:616.24M (Peak 616.39M) | Time:00:01.03 | Mem:219.76M, Peak:219.76M | Scene, ViewLayer | Updating Geometry BVH W14_s04_mesh 133/1229 | Building BVH
Fra:1 Mem:616.24M (Peak 616.39M) | Time:00:01.03 | Mem:219.76M, Peak:219.76M | Scene, ViewLayer | Updating Geometry BVH W15_s00_mesh 134/1229 | Building BVH
Fra:1 Mem:616.24M (Peak 616.39M) | Time:00:01.03 | Mem:219.76M, Peak:219.76M | Scene, ViewLayer | Updating Geometry BVH W15_s01_mesh 135/1229 | Building BVH
Fra:1 Mem:616.24M (Peak 616.39M) | Time:00:01.03 | Mem:219.76M, Peak:219.76M | Scene, ViewLayer | Updating Geometry BVH W16_s00_mesh 137/1229 | Building BVH
Fra:1 Mem:616.24M (Peak 616.39M) | Time:00:01.03 | Mem:253.41M, Peak:253.41M | Scene, ViewLayer | Updating Geometry BVH W17_s00_mesh 138/1229 | Building BVH
Fra:1 Mem:616.24M (Peak 616.39M) | Time:00:01.03 | Mem:253.45M, Peak:253.45M | Scene, ViewLayer | Updating Geometry BVH W17_s01_mesh 139/1229 | Building BVH
Fra:1 Mem:616.24M (Peak 616.39M) | Time:00:01.03 | Mem:253.45M, Peak:253.45M | Scene, ViewLayer | Updating Geometry BVH A_living_dining_balcony_lounge_chair_01_leg2_mesh 1219/1229 | Building BVH
Fra:1 Mem:616.24M (Peak 616.39M) | Time:00:01.03 | Mem:253.45M, Peak:253.45M | Scene, ViewLayer | Updating Geometry BVH W17_s02_mesh 140/1229 | Building BVH
Fra:1 Mem:616.24M (Peak 616.39M) | Time:00:01.04 | Mem:253.45M, Peak:253.45M | Scene, ViewLayer | Updating Geometry BVH W18_s01_mesh 142/1229 | Building BVH
Fra:1 Mem:616.24M (Peak 616.39M) | Time:00:01.04 | Mem:253.49M, Peak:253.50M | Scene, ViewLayer | Updating Geometry BVH W18_s02_mesh 143/1229 | Building BVH
Fra:1 Mem:616.24M (Peak 616.39M) | Time:00:01.04 | Mem:253.49M, Peak:253.50M | Scene, ViewLayer | Updating Geometry BVH W18_s03_mesh 144/1229 | Building BVH
Fra:1 Mem:616.24M (Peak 616.39M) | Time:00:01.04 | Mem:253.50M, Peak:253.50M | Scene, ViewLayer | Updating Geometry BVH W19_s00_mesh 145/1229 | Building BVH
Fra:1 Mem:616.24M (Peak 616.39M) | Time:00:01.04 | Mem:253.52M, Peak:253.52M | Scene, ViewLayer | Updating Geometry BVH W19_s01_mesh 146/1229 | Building BVH
Fra:1 Mem:616.24M (Peak 616.39M) | Time:00:01.04 | Mem:253.53M, Peak:253.53M | Scene, ViewLayer | Updating Geometry BVH W19_s02_mesh 147/1229 | Building BVH
Fra:1 Mem:616.24M (Peak 616.39M) | Time:00:01.04 | Mem:253.54M, Peak:253.54M | Scene, ViewLayer | Updating Geometry BVH A_living_dining_balcony_lounge_chair_01_leg1_mesh 1218/1229 | Building BVH
Fra:1 Mem:616.24M (Peak 616.39M) | Time:00:01.04 | Mem:253.55M, Peak:253.55M | Scene, ViewLayer | Updating Geometry BVH W20_s00_mesh 148/1229 | Building BVH
Fra:1 Mem:616.24M (Peak 616.39M) | Time:00:01.04 | Mem:277.88M, Peak:277.88M | Scene, ViewLayer | Updating Geometry BVH A_living_dining_balcony_lounge_chair_01_leg0_mesh 1217/1229 | Building BVH
Fra:1 Mem:616.24M (Peak 616.39M) | Time:00:01.04 | Mem:277.89M, Peak:277.89M | Scene, ViewLayer | Updating Geometry BVH A_living_dining_balcony_lounge_chair_01_back_mesh 1216/1229 | Building BVH
Fra:1 Mem:616.24M (Peak 616.39M) | Time:00:01.04 | Mem:277.91M, Peak:277.91M | Scene, ViewLayer | Updating Geometry BVH A_living_dining_balcony_lounge_chair_01_seat_mesh 1215/1229 | Building BVH
Fra:1 Mem:616.24M (Peak 616.39M) | Time:00:01.05 | Mem:277.92M, Peak:277.93M | Scene, ViewLayer | Updating Geometry BVH A_living_dining_balcony_floor_lamp_01_shade_mesh 1214/1229 | Building BVH
Fra:1 Mem:616.24M (Peak 616.39M) | Time:00:01.05 | Mem:277.95M, Peak:277.96M | Scene, ViewLayer | Updating Geometry BVH A_living_dining_balcony_floor_lamp_01_arc 1213/1229 | Building BVH
Fra:1 Mem:616.24M (Peak 616.39M) | Time:00:01.06 | Mem:278.00M, Peak:278.02M | Scene, ViewLayer | Updating Geometry BVH A_living_dining_balcony_floor_lamp_01_base_mesh 1212/1229 | Building BVH
Fra:1 Mem:616.24M (Peak 616.39M) | Time:00:01.06 | Mem:278.01M, Peak:278.02M | Scene, ViewLayer | Updating Geometry BVH A_living_dining_balcony_tv_01_screen_mesh 1211/1229 | Building BVH
Fra:1 Mem:616.24M (Peak 616.39M) | Time:00:01.06 | Mem:278.03M, Peak:278.03M | Scene, ViewLayer | Updating Geometry BVH A_living_dining_balcony_rug_01_border3_mesh 1210/1229 | Building BVH
Fra:1 Mem:616.24M (Peak 616.39M) | Time:00:01.07 | Mem:278.04M, Peak:278.04M | Scene, ViewLayer | Updating Geometry BVH A_living_dining_balcony_rug_01_border2_mesh 1209/1229 | Building BVH
Fra:1 Mem:616.24M (Peak 616.39M) | Time:00:01.10 | Mem:278.05M, Peak:278.05M | Scene, ViewLayer | Updating Geometry BVH A_living_dining_balcony_rug_01_border1_mesh 1208/1229 | Building BVH
Fra:1 Mem:616.24M (Peak 616.39M) | Time:00:01.10 | Mem:278.06M, Peak:278.06M | Scene, ViewLayer | Updating Geometry BVH A_living_dining_balcony_rug_01_border0_mesh 1207/1229 | Building BVH
Fra:1 Mem:616.24M (Peak 616.39M) | Time:00:01.10 | Mem:278.06M, Peak:278.07M | Scene, ViewLayer | Updating Geometry BVH A_living_dining_balcony_rug_01_pile_mesh 1206/1229 | Building BVH
Fra:1 Mem:616.24M (Peak 616.39M) | Time:00:01.10 | Mem:278.07M, Peak:278.07M | Scene, ViewLayer | Updating Geometry BVH A_living_dining_balcony_coffee_table_01_leg2_mesh 1205/1229 | Building BVH
Fra:1 Mem:616.24M (Peak 616.39M) | Time:00:01.10 | Mem:278.08M, Peak:278.08M | Scene, ViewLayer | Updating Geometry BVH A_living_dining_balcony_coffee_table_01_leg1_mesh 1204/1229 | Building BVH
Fra:1 Mem:616.24M (Peak 616.39M) | Time:00:01.10 | Mem:278.09M, Peak:278.09M | Scene, ViewLayer | Updating Geometry BVH W21_s00_mesh 149/1229 | Building BVH
Fra:1 Mem:616.24M (Peak 616.39M) | Time:00:01.10 | Mem:278.09M, Peak:278.09M | Scene, ViewLayer | Updating Geometry BVH W23_s02_mesh 154/1229 | Building BVH
Fra:1 Mem:616.24M (Peak 616.39M) | Time:00:01.10 | Mem:278.09M, Peak:278.09M | Scene, ViewLayer | Updating Geometry BVH W23_s01_mesh 153/1229 | Building BVH
Fra:1 Mem:616.24M (Peak 616.39M) | Time:00:01.10 | Mem:278.11M, Peak:278.11M | Scene, ViewLayer | Updating Geometry BVH A_living_dining_balcony_coffee_table_01_leg0_mesh 1203/1229 | Building BVH
Fra:1 Mem:616.24M (Peak 616.39M) | Time:00:01.10 | Mem:278.11M, Peak:278.11M | Scene, ViewLayer | Updating Geometry BVH W23_s03_mesh 155/1229 | Building BVH
Fra:1 Mem:616.24M (Peak 616.39M) | Time:00:01.10 | Mem:278.12M, Peak:278.12M | Scene, ViewLayer | Updating Geometry BVH W25_s00_mesh 157/1229 | Building BVH
Fra:1 Mem:616.24M (Peak 616.39M) | Time:00:01.10 | Mem:278.12M, Peak:278.12M | Scene, ViewLayer | Updating Geometry BVH W26_s00_mesh 158/1229 | Building BVH
Fra:1 Mem:616.24M (Peak 616.39M) | Time:00:01.10 | Mem:278.13M, Peak:278.13M | Scene, ViewLayer | Updating Geometry BVH W27_s02_mesh 161/1229 | Building BVH
Fra:1 Mem:616.24M (Peak 616.39M) | Time:00:01.10 | Mem:278.14M, Peak:278.14M | Scene, ViewLayer | Updating Geometry BVH win_W01_0bot_mesh 164/1229 | Building BVH
Fra:1 Mem:616.24M (Peak 616.39M) | Time:00:01.10 | Mem:278.14M, Peak:278.14M | Scene, ViewLayer | Updating Geometry BVH W29_s00_mesh 163/1229 | Building BVH
Fra:1 Mem:616.24M (Peak 616.39M) | Time:00:01.10 | Mem:278.17M, Peak:278.17M | Scene, ViewLayer | Updating Geometry BVH win_W01_0top_mesh 165/1229 | Building BVH
Fra:1 Mem:616.24M (Peak 616.39M) | Time:00:01.10 | Mem:278.17M, Peak:278.17M | Scene, ViewLayer | Updating Geometry BVH win_W01_0lft_mesh 166/1229 | Building BVH
Fra:1 Mem:616.24M (Peak 616.39M) | Time:00:01.10 | Mem:278.22M, Peak:278.22M | Scene, ViewLayer | Updating Geometry BVH win_W01_0rgt_mesh 167/1229 | Building BVH
Fra:1 Mem:616.24M (Peak 616.39M) | Time:00:01.10 | Mem:278.23M, Peak:278.23M | Scene, ViewLayer | Updating Geometry BVH win_W01_0mul1_mesh 168/1229 | Building BVH
Fra:1 Mem:616.24M (Peak 616.39M) | Time:00:01.10 | Mem:278.23M, Peak:278.23M | Scene, ViewLayer | Updating Geometry BVH A_living_dining_balcony_coffee_table_01_top_mesh 1202/1229 | Building BVH
Fra:1 Mem:616.24M (Peak 616.39M) | Time:00:01.10 | Mem:278.24M, Peak:278.24M | Scene, ViewLayer | Updating Geometry BVH win_W01_0glass_mesh 169/1229 | Building BVH
Fra:1 Mem:616.24M (Peak 616.39M) | Time:00:01.10 | Mem:278.26M, Peak:278.26M | Scene, ViewLayer | Updating Geometry BVH win_W02_0bot_mesh 170/1229 | Building BVH
Fra:1 Mem:616.24M (Peak 616.39M) | Time:00:01.10 | Mem:278.30M, Peak:278.30M | Scene, ViewLayer | Updating Geometry BVH win_W02_0top_mesh 171/1229 | Building BVH
Fra:1 Mem:616.24M (Peak 616.39M) | Time:00:01.10 | Mem:278.30M, Peak:278.30M | Scene, ViewLayer | Updating Geometry BVH win_W02_0lft_mesh 172/1229 | Building BVH
Fra:1 Mem:616.24M (Peak 616.39M) | Time:00:01.10 | Mem:264.18M, Peak:278.33M | Scene, ViewLayer | Updating Geometry BVH win_W02_0rgt_mesh 173/1229 | Building BVH
Fra:1 Mem:616.24M (Peak 616.39M) | Time:00:01.10 | Mem:264.18M, Peak:278.33M | Scene, ViewLayer | Updating Geometry BVH win_W05_0bot_mesh 175/1229 | Building BVH
Fra:1 Mem:616.24M (Peak 616.39M) | Time:00:01.10 | Mem:252.85M, Peak:278.33M | Scene, ViewLayer | Updating Geometry BVH win_W05_0top_mesh 176/1229 | Building BVH
Fra:1 Mem:616.24M (Peak 616.39M) | Time:00:01.10 | Mem:252.85M, Peak:278.33M | Scene, ViewLayer | Updating Geometry BVH win_W05_0lft_mesh 177/1229 | Building BVH
Fra:1 Mem:616.24M (Peak 616.39M) | Time:00:01.10 | Mem:252.85M, Peak:278.33M | Scene, ViewLayer | Updating Geometry BVH win_W05_0rgt_mesh 178/1229 | Building BVH
Fra:1 Mem:616.24M (Peak 616.39M) | Time:00:01.10 | Mem:252.85M, Peak:278.33M | Scene, ViewLayer | Updating Geometry BVH win_W05_0glass_mesh 179/1229 | Building BVH
Fra:1 Mem:616.24M (Peak 616.39M) | Time:00:01.10 | Mem:252.92M, Peak:278.33M | Scene, ViewLayer | Updating Geometry BVH win_W06_0bot_mesh 180/1229 | Building BVH
Fra:1 Mem:616.24M (Peak 616.39M) | Time:00:01.10 | Mem:252.92M, Peak:278.33M | Scene, ViewLayer | Updating Geometry BVH win_W06_0top_mesh 181/1229 | Building BVH
Fra:1 Mem:616.24M (Peak 616.39M) | Time:00:01.10 | Mem:252.92M, Peak:278.33M | Scene, ViewLayer | Updating Geometry BVH win_W06_0lft_mesh 182/1229 | Building BVH
Fra:1 Mem:616.24M (Peak 616.39M) | Time:00:01.10 | Mem:252.94M, Peak:278.33M | Scene, ViewLayer | Updating Geometry BVH win_W06_0rgt_mesh 183/1229 | Building BVH
Fra:1 Mem:616.24M (Peak 616.39M) | Time:00:01.10 | Mem:252.94M, Peak:278.33M | Scene, ViewLayer | Updating Geometry BVH win_W06_0mul1_mesh 184/1229 | Building BVH
Fra:1 Mem:616.24M (Peak 616.39M) | Time:00:01.10 | Mem:252.95M, Peak:278.33M | Scene, ViewLayer | Updating Geometry BVH win_W06_0glass_mesh 185/1229 | Building BVH
Fra:1 Mem:616.24M (Peak 616.39M) | Time:00:01.10 | Mem:252.95M, Peak:278.33M | Scene, ViewLayer | Updating Geometry BVH win_W10_0bot_mesh 186/1229 | Building BVH
Fra:1 Mem:616.24M (Peak 616.39M) | Time:00:01.10 | Mem:252.98M, Peak:278.33M | Scene, ViewLayer | Updating Geometry BVH win_W10_0top_mesh 187/1229 | Building BVH
Fra:1 Mem:616.24M (Peak 616.39M) | Time:00:01.10 | Mem:252.98M, Peak:278.33M | Scene, ViewLayer | Updating Geometry BVH win_W10_0lft_mesh 188/1229 | Building BVH
Fra:1 Mem:616.24M (Peak 616.39M) | Time:00:01.10 | Mem:253.00M, Peak:278.33M | Scene, ViewLayer | Updating Geometry BVH win_W10_0rgt_mesh 189/1229 | Building BVH
Fra:1 Mem:616.24M (Peak 616.39M) | Time:00:01.11 | Mem:253.00M, Peak:278.33M | Scene, ViewLayer | Updating Geometry BVH win_W10_0glass_mesh 190/1229 | Building BVH
Fra:1 Mem:616.24M (Peak 616.39M) | Time:00:01.11 | Mem:253.01M, Peak:278.33M | Scene, ViewLayer | Updating Geometry BVH win_W18_0bot_mesh 191/1229 | Building BVH
Fra:1 Mem:616.24M (Peak 616.39M) | Time:00:01.11 | Mem:253.01M, Peak:278.33M | Scene, ViewLayer | Updating Geometry BVH win_W18_0top_mesh 192/1229 | Building BVH
Fra:1 Mem:616.24M (Peak 616.39M) | Time:00:01.11 | Mem:253.02M, Peak:278.33M | Scene, ViewLayer | Updating Geometry BVH win_W18_0lft_mesh 193/1229 | Building BVH
Fra:1 Mem:616.24M (Peak 616.39M) | Time:00:01.11 | Mem:253.04M, Peak:278.33M | Scene, ViewLayer | Updating Geometry BVH win_W18_0rgt_mesh 194/1229 | Building BVH
Fra:1 Mem:616.24M (Peak 616.39M) | Time:00:01.11 | Mem:253.04M, Peak:278.33M | Scene, ViewLayer | Updating Geometry BVH A_living_dining_balcony_ottoman_01_base_mesh 1201/1229 | Building BVH
Fra:1 Mem:616.24M (Peak 616.39M) | Time:00:01.11 | Mem:253.04M, Peak:278.33M | Scene, ViewLayer | Updating Geometry BVH win_W18_0mul1_mesh 195/1229 | Building BVH
Fra:1 Mem:616.24M (Peak 616.39M) | Time:00:01.11 | Mem:253.04M, Peak:278.33M | Scene, ViewLayer | Updating Geometry BVH win_W18_0mul2_mesh 196/1229 | Building BVH
Fra:1 Mem:616.24M (Peak 616.39M) | Time:00:01.11 | Mem:253.04M, Peak:278.33M | Scene, ViewLayer | Updating Geometry BVH win_W18_0mul3_mesh 197/1229 | Building BVH
Fra:1 Mem:616.24M (Peak 616.39M) | Time:00:01.11 | Mem:253.05M, Peak:278.33M | Scene, ViewLayer | Updating Geometry BVH win_W18_0glass_mesh 198/1229 | Building BVH
Fra:1 Mem:616.24M (Peak 616.39M) | Time:00:01.11 | Mem:253.06M, Peak:278.33M | Scene, ViewLayer | Updating Geometry BVH win_W23_0top_mesh 200/1229 | Building BVH
Fra:1 Mem:616.24M (Peak 616.39M) | Time:00:01.11 | Mem:253.07M, Peak:278.33M | Scene, ViewLayer | Updating Geometry BVH win_W23_0lft_mesh 201/1229 | Building BVH
Fra:1 Mem:616.24M (Peak 616.39M) | Time:00:01.11 | Mem:253.12M, Peak:278.33M | Scene, ViewLayer | Updating Geometry BVH win_W23_0rgt_mesh 202/1229 | Building BVH
Fra:1 Mem:616.24M (Peak 616.39M) | Time:00:01.11 | Mem:253.12M, Peak:278.33M | Scene, ViewLayer | Updating Geometry BVH win_W23_0mul1_mesh 203/1229 | Building BVH
Fra:1 Mem:616.24M (Peak 616.39M) | Time:00:01.11 | Mem:253.12M, Peak:278.33M | Scene, ViewLayer | Updating Geometry BVH win_W23_0glass_mesh 204/1229 | Building BVH
Fra:1 Mem:616.24M (Peak 616.39M) | Time:00:01.11 | Mem:253.12M, Peak:278.33M | Scene, ViewLayer | Updating Geometry BVH door_W07_0jlfto_mesh 205/1229 | Building BVH
Fra:1 Mem:616.24M (Peak 616.39M) | Time:00:01.11 | Mem:253.16M, Peak:278.33M | Scene, ViewLayer | Updating Geometry BVH door_W07_0jlfti_mesh 206/1229 | Building BVH
Fra:1 Mem:616.24M (Peak 616.39M) | Time:00:01.11 | Mem:253.16M, Peak:278.33M | Scene, ViewLayer | Updating Geometry BVH door_W07_0jrgto_mesh 207/1229 | Building BVH
Fra:1 Mem:616.24M (Peak 616.39M) | Time:00:01.11 | Mem:253.16M, Peak:278.33M | Scene, ViewLayer | Updating Geometry BVH door_W07_0jtopo_mesh 209/1229 | Building BVH
Fra:1 Mem:616.24M (Peak 616.39M) | Time:00:01.11 | Mem:253.16M, Peak:278.33M | Scene, ViewLayer | Updating Geometry BVH door_W07_0jtopi_mesh 210/1229 | Building BVH
Fra:1 Mem:616.24M (Peak 616.39M) | Time:00:01.11 | Mem:253.16M, Peak:278.33M | Scene, ViewLayer | Updating Geometry BVH door_W07_0leaf_mesh 211/1229 | Building BVH
Fra:1 Mem:616.24M (Peak 616.39M) | Time:00:01.11 | Mem:253.16M, Peak:278.33M | Scene, ViewLayer | Updating Geometry BVH door_W07_0hdl_mesh 212/1229 | Building BVH
Fra:1 Mem:616.24M (Peak 616.39M) | Time:00:01.11 | Mem:253.16M, Peak:278.33M | Scene, ViewLayer | Updating Geometry BVH door_W08_0jlfto_mesh 213/1229 | Building BVH
Fra:1 Mem:616.24M (Peak 616.39M) | Time:00:01.11 | Mem:253.17M, Peak:278.33M | Scene, ViewLayer | Updating Geometry BVH door_W08_0jlfti_mesh 214/1229 | Building BVH
Fra:1 Mem:616.24M (Peak 616.39M) | Time:00:01.11 | Mem:253.19M, Peak:278.33M | Scene, ViewLayer | Updating Geometry BVH door_W08_0jrgto_mesh 215/1229 | Building BVH
Fra:1 Mem:616.24M (Peak 616.39M) | Time:00:01.11 | Mem:253.21M, Peak:278.33M | Scene, ViewLayer | Updating Geometry BVH door_W08_0jrgti_mesh 216/1229 | Building BVH
Fra:1 Mem:616.24M (Peak 616.39M) | Time:00:01.11 | Mem:253.25M, Peak:278.33M | Scene, ViewLayer | Updating Geometry BVH door_W08_0jtopo_mesh 217/1229 | Building BVH
Fra:1 Mem:616.24M (Peak 616.39M) | Time:00:01.11 | Mem:253.26M, Peak:278.33M | Scene, ViewLayer | Updating Geometry BVH door_W08_0jtopi_mesh 218/1229 | Building BVH
Fra:1 Mem:616.24M (Peak 616.39M) | Time:00:01.11 | Mem:253.27M, Peak:278.33M | Scene, ViewLayer | Updating Geometry BVH door_W08_0lft_mesh 219/1229 | Building BVH
Fra:1 Mem:616.24M (Peak 616.39M) | Time:00:01.11 | Mem:253.27M, Peak:278.33M | Scene, ViewLayer | Updating Geometry BVH door_W08_0rgt_mesh 220/1229 | Building BVH
Fra:1 Mem:616.24M (Peak 616.39M) | Time:00:01.11 | Mem:253.29M, Peak:278.33M | Scene, ViewLayer | Updating Geometry BVH door_W08_0top_mesh 221/1229 | Building BVH
Fra:1 Mem:616.24M (Peak 616.39M) | Time:00:01.11 | Mem:253.30M, Peak:278.33M | Scene, ViewLayer | Updating Geometry BVH door_W08_0bot_mesh 222/1229 | Building BVH
Fra:1 Mem:616.24M (Peak 616.39M) | Time:00:01.11 | Mem:253.30M, Peak:278.33M | Scene, ViewLayer | Updating Geometry BVH A_living_dining_balcony_ottoman_01_pad_mesh 1200/1229 | Building BVH
Fra:1 Mem:616.24M (Peak 616.39M) | Time:00:01.11 | Mem:253.31M, Peak:278.33M | Scene, ViewLayer | Updating Geometry BVH door_W08_0fglass_mesh 223/1229 | Building BVH
Fra:1 Mem:616.24M (Peak 616.39M) | Time:00:01.11 | Mem:253.32M, Peak:278.33M | Scene, ViewLayer | Updating Geometry BVH door_W08_0hdl_mesh 224/1229 | Building BVH
Fra:1 Mem:616.24M (Peak 616.39M) | Time:00:01.11 | Mem:253.33M, Peak:278.33M | Scene, ViewLayer | Updating Geometry BVH door_W13_0jlfto_mesh 225/1229 | Building BVH
Fra:1 Mem:616.24M (Peak 616.39M) | Time:00:01.11 | Mem:253.33M, Peak:278.33M | Scene, ViewLayer | Updating Geometry BVH door_W13_0jlfti_mesh 226/1229 | Building BVH
Fra:1 Mem:616.24M (Peak 616.39M) | Time:00:01.11 | Mem:253.36M, Peak:278.33M | Scene, ViewLayer | Updating Geometry BVH door_W13_0jrgto_mesh 227/1229 | Building BVH
Fra:1 Mem:616.24M (Peak 616.39M) | Time:00:01.11 | Mem:253.36M, Peak:278.33M | Scene, ViewLayer | Updating Geometry BVH door_W13_0jrgti_mesh 228/1229 | Building BVH
Fra:1 Mem:616.24M (Peak 616.39M) | Time:00:01.11 | Mem:253.37M, Peak:278.33M | Scene, ViewLayer | Updating Geometry BVH door_W13_0jtopo_mesh 229/1229 | Building BVH
Fra:1 Mem:616.24M (Peak 616.39M) | Time:00:01.11 | Mem:253.36M, Peak:278.33M | Scene, ViewLayer | Updating Geometry BVH door_W13_0jtopi_mesh 230/1229 | Building BVH
Fra:1 Mem:616.24M (Peak 616.39M) | Time:00:01.11 | Mem:253.37M, Peak:278.33M | Scene, ViewLayer | Updating Geometry BVH door_W13_0leaf_mesh 231/1229 | Building BVH
Fra:1 Mem:616.24M (Peak 616.39M) | Time:00:01.11 | Mem:253.38M, Peak:278.33M | Scene, ViewLayer | Updating Geometry BVH door_W13_0hdl_mesh 232/1229 | Building BVH
Fra:1 Mem:616.24M (Peak 616.39M) | Time:00:01.11 | Mem:253.38M, Peak:278.33M | Scene, ViewLayer | Updating Geometry BVH door_W14_0jlfto_mesh 233/1229 | Building BVH
Fra:1 Mem:616.24M (Peak 616.39M) | Time:00:01.11 | Mem:253.38M, Peak:278.33M | Scene, ViewLayer | Updating Geometry BVH door_W14_0jlfti_mesh 234/1229 | Building BVH
Fra:1 Mem:616.24M (Peak 616.39M) | Time:00:01.11 | Mem:253.42M, Peak:278.33M | Scene, ViewLayer | Updating Geometry BVH door_W14_0jrgto_mesh 235/1229 | Building BVH
Fra:1 Mem:616.24M (Peak 616.39M) | Time:00:01.11 | Mem:253.43M, Peak:278.33M | Scene, ViewLayer | Updating Geometry BVH door_W14_0jrgti_mesh 236/1229 | Building BVH
Fra:1 Mem:616.24M (Peak 616.39M) | Time:00:01.11 | Mem:253.46M, Peak:278.33M | Scene, ViewLayer | Updating Geometry BVH door_W14_0jtopo_mesh 237/1229 | Building BVH
Fra:1 Mem:616.24M (Peak 616.39M) | Time:00:01.11 | Mem:253.46M, Peak:278.33M | Scene, ViewLayer | Updating Geometry BVH door_W14_0jtopi_mesh 238/1229 | Building BVH
Fra:1 Mem:616.24M (Peak 616.39M) | Time:00:01.11 | Mem:253.46M, Peak:278.33M | Scene, ViewLayer | Updating Geometry BVH door_W14_0leaf_mesh 239/1229 | Building BVH
Fra:1 Mem:616.24M (Peak 616.39M) | Time:00:01.11 | Mem:253.46M, Peak:278.33M | Scene, ViewLayer | Updating Geometry BVH door_W14_0hdl_mesh 240/1229 | Building BVH
Fra:1 Mem:616.24M (Peak 616.39M) | Time:00:01.11 | Mem:253.45M, Peak:278.33M | Scene, ViewLayer | Updating Geometry BVH door_W14_1jlfti_mesh 242/1229 | Building BVH
Fra:1 Mem:616.24M (Peak 616.39M) | Time:00:01.11 | Mem:253.45M, Peak:278.33M | Scene, ViewLayer | Updating Geometry BVH door_W14_1jrgto_mesh 243/1229 | Building BVH
Fra:1 Mem:616.24M (Peak 616.39M) | Time:00:01.11 | Mem:253.46M, Peak:278.33M | Scene, ViewLayer | Updating Geometry BVH door_W14_1jrgti_mesh 244/1229 | Building BVH
Fra:1 Mem:616.24M (Peak 616.39M) | Time:00:01.11 | Mem:253.46M, Peak:278.33M | Scene, ViewLayer | Updating Geometry BVH A_living_dining_balcony_sofa_01_pillow_brick_mesh 1199/1229 | Building BVH
Fra:1 Mem:616.24M (Peak 616.39M) | Time:00:01.11 | Mem:253.46M, Peak:278.33M | Scene, ViewLayer | Updating Geometry BVH door_W14_1jtopo_mesh 245/1229 | Building BVH
Fra:1 Mem:616.24M (Peak 616.39M) | Time:00:01.11 | Mem:253.55M, Peak:278.33M | Scene, ViewLayer | Updating Geometry BVH door_W14_1jtopi_mesh 246/1229 | Building BVH
Fra:1 Mem:616.24M (Peak 616.39M) | Time:00:01.11 | Mem:253.55M, Peak:278.33M | Scene, ViewLayer | Updating Geometry BVH door_W14_1lft_mesh 247/1229 | Building BVH
Fra:1 Mem:616.24M (Peak 616.39M) | Time:00:01.11 | Mem:253.55M, Peak:278.33M | Scene, ViewLayer | Updating Geometry BVH door_W14_1rgt_mesh 248/1229 | Building BVH
Fra:1 Mem:616.24M (Peak 616.39M) | Time:00:01.11 | Mem:253.56M, Peak:278.33M | Scene, ViewLayer | Updating Geometry BVH door_W14_1top_mesh 249/1229 | Building BVH
Fra:1 Mem:616.24M (Peak 616.39M) | Time:00:01.11 | Mem:253.56M, Peak:278.33M | Scene, ViewLayer | Updating Geometry BVH door_W14_1bot_mesh 250/1229 | Building BVH
Fra:1 Mem:616.24M (Peak 616.39M) | Time:00:01.11 | Mem:253.59M, Peak:278.33M | Scene, ViewLayer | Updating Geometry BVH door_W14_1fglass_mesh 251/1229 | Building BVH
Fra:1 Mem:616.24M (Peak 616.39M) | Time:00:01.11 | Mem:253.59M, Peak:278.33M | Scene, ViewLayer | Updating Geometry BVH door_W14_1hdl_mesh 252/1229 | Building BVH
Fra:1 Mem:616.24M (Peak 616.39M) | Time:00:01.11 | Mem:253.59M, Peak:278.33M | Scene, ViewLayer | Updating Geometry BVH door_W15_0_bot_mesh 253/1229 | Building BVH
Fra:1 Mem:616.24M (Peak 616.39M) | Time:00:01.11 | Mem:253.59M, Peak:278.33M | Scene, ViewLayer | Updating Geometry BVH door_W15_0_top_mesh 254/1229 | Building BVH
Fra:1 Mem:616.24M (Peak 616.39M) | Time:00:01.11 | Mem:253.63M, Peak:278.33M | Scene, ViewLayer | Updating Geometry BVH door_W15_0_lft_mesh 255/1229 | Building BVH
Fra:1 Mem:616.24M (Peak 616.39M) | Time:00:01.11 | Mem:253.64M, Peak:278.33M | Scene, ViewLayer | Updating Geometry BVH door_W15_0_rgt_mesh 256/1229 | Building BVH
Fra:1 Mem:616.24M (Peak 616.39M) | Time:00:01.11 | Mem:253.64M, Peak:278.33M | Scene, ViewLayer | Updating Geometry BVH door_W15_0_glass_mesh 257/1229 | Building BVH
Fra:1 Mem:616.24M (Peak 616.39M) | Time:00:01.11 | Mem:253.64M, Peak:278.33M | Scene, ViewLayer | Updating Geometry BVH door_W15_1_bot_mesh 258/1229 | Building BVH
Fra:1 Mem:616.24M (Peak 616.39M) | Time:00:01.11 | Mem:253.67M, Peak:278.33M | Scene, ViewLayer | Updating Geometry BVH door_W15_1_top_mesh 259/1229 | Building BVH
Fra:1 Mem:616.24M (Peak 616.39M) | Time:00:01.11 | Mem:253.67M, Peak:278.33M | Scene, ViewLayer | Updating Geometry BVH door_W15_1_lft_mesh 260/1229 | Building BVH
Fra:1 Mem:616.24M (Peak 616.39M) | Time:00:01.11 | Mem:253.67M, Peak:278.33M | Scene, ViewLayer | Updating Geometry BVH door_W15_1_rgt_mesh 261/1229 | Building BVH
Fra:1 Mem:616.24M (Peak 616.39M) | Time:00:01.11 | Mem:253.68M, Peak:278.33M | Scene, ViewLayer | Updating Geometry BVH door_W15_1_glass_mesh 262/1229 | Building BVH
Fra:1 Mem:616.24M (Peak 616.39M) | Time:00:01.11 | Mem:253.70M, Peak:278.33M | Scene, ViewLayer | Updating Geometry BVH door_W17_0_bot_mesh 263/1229 | Building BVH
Fra:1 Mem:616.24M (Peak 616.39M) | Time:00:01.11 | Mem:253.71M, Peak:278.33M | Scene, ViewLayer | Updating Geometry BVH door_W17_0_top_mesh 264/1229 | Building BVH
Fra:1 Mem:616.24M (Peak 616.39M) | Time:00:01.11 | Mem:253.71M, Peak:278.33M | Scene, ViewLayer | Updating Geometry BVH door_W17_0_lft_mesh 265/1229 | Building BVH
Fra:1 Mem:616.24M (Peak 616.39M) | Time:00:01.11 | Mem:253.71M, Peak:278.33M | Scene, ViewLayer | Updating Geometry BVH door_W17_0_rgt_mesh 266/1229 | Building BVH
Fra:1 Mem:616.24M (Peak 616.39M) | Time:00:01.11 | Mem:253.72M, Peak:278.33M | Scene, ViewLayer | Updating Geometry BVH door_W17_0_glass_mesh 267/1229 | Building BVH
Fra:1 Mem:616.24M (Peak 616.39M) | Time:00:01.11 | Mem:253.72M, Peak:278.33M | Scene, ViewLayer | Updating Geometry BVH door_W17_1_bot_mesh 268/1229 | Building BVH
Fra:1 Mem:616.24M (Peak 616.39M) | Time:00:01.11 | Mem:253.72M, Peak:278.33M | Scene, ViewLayer | Updating Geometry BVH A_living_dining_balcony_sofa_01_pillow_olive_mesh 1198/1229 | Building BVH
Fra:1 Mem:616.24M (Peak 616.39M) | Time:00:01.11 | Mem:253.75M, Peak:278.33M | Scene, ViewLayer | Updating Geometry BVH door_W17_1_top_mesh 269/1229 | Building BVH
Fra:1 Mem:616.24M (Peak 616.39M) | Time:00:01.11 | Mem:253.77M, Peak:278.33M | Scene, ViewLayer | Updating Geometry BVH door_W17_1_lft_mesh 270/1229 | Building BVH
Fra:1 Mem:616.24M (Peak 616.39M) | Time:00:01.11 | Mem:253.78M, Peak:278.33M | Scene, ViewLayer | Updating Geometry BVH door_W17_1_rgt_mesh 271/1229 | Building BVH
Fra:1 Mem:616.24M (Peak 616.39M) | Time:00:01.11 | Mem:253.78M, Peak:278.33M | Scene, ViewLayer | Updating Geometry BVH door_W17_1_glass_mesh 272/1229 | Building BVH
Fra:1 Mem:616.24M (Peak 616.39M) | Time:00:01.11 | Mem:253.79M, Peak:278.33M | Scene, ViewLayer | Updating Geometry BVH door_W17_2_bot_mesh 273/1229 | Building BVH
Fra:1 Mem:616.24M (Peak 616.39M) | Time:00:01.11 | Mem:253.82M, Peak:278.33M | Scene, ViewLayer | Updating Geometry BVH door_W17_2_top_mesh 274/1229 | Building BVH
Fra:1 Mem:616.24M (Peak 616.39M) | Time:00:01.11 | Mem:253.82M, Peak:278.33M | Scene, ViewLayer | Updating Geometry BVH door_W17_2_lft_mesh 275/1229 | Building BVH
Fra:1 Mem:616.24M (Peak 616.39M) | Time:00:01.12 | Mem:253.82M, Peak:278.33M | Scene, ViewLayer | Updating Geometry BVH door_W17_2_rgt_mesh 276/1229 | Building BVH
Fra:1 Mem:616.24M (Peak 616.39M) | Time:00:01.12 | Mem:253.82M, Peak:278.33M | Scene, ViewLayer | Updating Geometry BVH door_W17_2_glass_mesh 277/1229 | Building BVH
Fra:1 Mem:616.24M (Peak 616.39M) | Time:00:01.12 | Mem:253.82M, Peak:278.33M | Scene, ViewLayer | Updating Geometry BVH door_W19_0jlfto_mesh 278/1229 | Building BVH
Fra:1 Mem:616.24M (Peak 616.39M) | Time:00:01.12 | Mem:253.83M, Peak:278.33M | Scene, ViewLayer | Updating Geometry BVH door_W19_0jlfti_mesh 279/1229 | Building BVH
Fra:1 Mem:616.24M (Peak 616.39M) | Time:00:01.12 | Mem:253.86M, Peak:278.33M | Scene, ViewLayer | Updating Geometry BVH door_W19_0jrgto_mesh 280/1229 | Building BVH
Fra:1 Mem:616.24M (Peak 616.39M) | Time:00:01.12 | Mem:253.87M, Peak:278.33M | Scene, ViewLayer | Updating Geometry BVH door_W19_0jrgti_mesh 281/1229 | Building BVH
Fra:1 Mem:616.24M (Peak 616.39M) | Time:00:01.12 | Mem:253.88M, Peak:278.33M | Scene, ViewLayer | Updating Geometry BVH door_W19_0jtopo_mesh 282/1229 | Building BVH
Fra:1 Mem:616.24M (Peak 616.39M) | Time:00:01.12 | Mem:253.88M, Peak:278.33M | Scene, ViewLayer | Updating Geometry BVH door_W19_0jtopi_mesh 283/1229 | Building BVH
Fra:1 Mem:616.24M (Peak 616.39M) | Time:00:01.12 | Mem:253.89M, Peak:278.33M | Scene, ViewLayer | Updating Geometry BVH A_living_dining_balcony_sofa_01_arm1_mesh 1197/1229 | Building BVH
Fra:1 Mem:616.24M (Peak 616.39M) | Time:00:01.12 | Mem:253.89M, Peak:278.33M | Scene, ViewLayer | Updating Geometry BVH door_W19_0hdl_mesh 285/1229 | Building BVH
Fra:1 Mem:616.24M (Peak 616.39M) | Time:00:01.12 | Mem:253.93M, Peak:278.33M | Scene, ViewLayer | Updating Geometry BVH door_W27_0jlfto_mesh 286/1229 | Building BVH
Fra:1 Mem:616.24M (Peak 616.39M) | Time:00:01.12 | Mem:253.95M, Peak:278.33M | Scene, ViewLayer | Updating Geometry BVH door_W27_0jlfti_mesh 287/1229 | Building BVH
Fra:1 Mem:616.24M (Peak 616.39M) | Time:00:01.12 | Mem:253.95M, Peak:278.33M | Scene, ViewLayer | Updating Geometry BVH door_W27_0jrgto_mesh 288/1229 | Building BVH
Fra:1 Mem:616.24M (Peak 616.39M) | Time:00:01.12 | Mem:253.96M, Peak:278.33M | Scene, ViewLayer | Updating Geometry BVH door_W27_0jrgti_mesh 289/1229 | Building BVH
Fra:1 Mem:616.24M (Peak 616.39M) | Time:00:01.12 | Mem:253.98M, Peak:278.33M | Scene, ViewLayer | Updating Geometry BVH door_W27_0jtopo_mesh 290/1229 | Building BVH
Fra:1 Mem:616.24M (Peak 616.39M) | Time:00:01.12 | Mem:253.98M, Peak:278.33M | Scene, ViewLayer | Updating Geometry BVH door_W27_0jtopi_mesh 291/1229 | Building BVH
Fra:1 Mem:616.24M (Peak 616.39M) | Time:00:01.12 | Mem:254.00M, Peak:278.33M | Scene, ViewLayer | Updating Geometry BVH door_W27_0leaf_mesh 292/1229 | Building BVH
Fra:1 Mem:616.24M (Peak 616.39M) | Time:00:01.12 | Mem:254.00M, Peak:278.33M | Scene, ViewLayer | Updating Geometry BVH door_W27_0hdl_mesh 293/1229 | Building BVH
Fra:1 Mem:616.24M (Peak 616.39M) | Time:00:01.12 | Mem:254.02M, Peak:278.33M | Scene, ViewLayer | Updating Geometry BVH bay_platform_mesh 294/1229 | Building BVH
Fra:1 Mem:616.24M (Peak 616.39M) | Time:00:01.12 | Mem:254.02M, Peak:278.33M | Scene, ViewLayer | Updating Geometry BVH rail_ter_S_p1_mesh 296/1229 | Building BVH
Fra:1 Mem:616.24M (Peak 616.39M) | Time:00:01.12 | Mem:254.02M, Peak:278.33M | Scene, ViewLayer | Updating Geometry BVH rail_ter_S_p0_mesh 295/1229 | Building BVH
Fra:1 Mem:616.24M (Peak 616.39M) | Time:00:01.12 | Mem:254.03M, Peak:278.33M | Scene, ViewLayer | Updating Geometry BVH rail_ter_S_p2_mesh 297/1229 | Building BVH
Fra:1 Mem:616.24M (Peak 616.39M) | Time:00:01.12 | Mem:254.04M, Peak:278.33M | Scene, ViewLayer | Updating Geometry BVH rail_ter_S_p3_mesh 298/1229 | Building BVH
Fra:1 Mem:616.24M (Peak 616.39M) | Time:00:01.12 | Mem:254.04M, Peak:278.33M | Scene, ViewLayer | Updating Geometry BVH rail_ter_S_top_mesh 299/1229 | Building BVH
Fra:1 Mem:616.24M (Peak 616.39M) | Time:00:01.12 | Mem:254.05M, Peak:278.33M | Scene, ViewLayer | Updating Geometry BVH rail_ter_S_glass_mesh 300/1229 | Building BVH
Fra:1 Mem:616.24M (Peak 616.39M) | Time:00:01.12 | Mem:254.06M, Peak:278.33M | Scene, ViewLayer | Updating Geometry BVH rail_ter_E_p1_mesh 302/1229 | Building BVH
Fra:1 Mem:616.24M (Peak 616.39M) | Time:00:01.12 | Mem:254.07M, Peak:278.33M | Scene, ViewLayer | Updating Geometry BVH rail_ter_E_p2_mesh 303/1229 | Building BVH
Fra:1 Mem:616.24M (Peak 616.39M) | Time:00:01.12 | Mem:254.07M, Peak:278.33M | Scene, ViewLayer | Updating Geometry BVH rail_ter_E_top_mesh 304/1229 | Building BVH
Fra:1 Mem:616.24M (Peak 616.39M) | Time:00:01.12 | Mem:254.08M, Peak:278.33M | Scene, ViewLayer | Updating Geometry BVH rail_ter_E_glass_mesh 305/1229 | Building BVH
Fra:1 Mem:616.25M (Peak 616.39M) | Time:00:01.12 | Mem:254.12M, Peak:278.33M | Scene, ViewLayer | Updating Geometry BVH rail_ter_W_p0_mesh 306/1229 | Building BVH
Fra:1 Mem:616.25M (Peak 616.39M) | Time:00:01.12 | Mem:254.12M, Peak:278.33M | Scene, ViewLayer | Updating Geometry BVH rail_ter_W_p1_mesh 307/1229 | Building BVH
Fra:1 Mem:616.25M (Peak 616.39M) | Time:00:01.12 | Mem:254.14M, Peak:278.33M | Scene, ViewLayer | Updating Geometry BVH rail_ter_W_top_mesh 308/1229 | Building BVH
Fra:1 Mem:616.25M (Peak 616.39M) | Time:00:01.12 | Mem:254.14M, Peak:278.33M | Scene, ViewLayer | Updating Geometry BVH rail_ter_W_glass_mesh 309/1229 | Building BVH
Fra:1 Mem:616.25M (Peak 616.39M) | Time:00:01.12 | Mem:254.15M, Peak:278.33M | Scene, ViewLayer | Updating Geometry BVH common_kitchen_dishwasher_01_body_mesh 310/1229 | Building BVH
Fra:1 Mem:616.25M (Peak 616.39M) | Time:00:01.12 | Mem:254.15M, Peak:278.33M | Scene, ViewLayer | Updating Geometry BVH A_living_dining_balcony_sofa_01_arm0_mesh 1196/1229 | Building BVH
Fra:1 Mem:616.25M (Peak 616.39M) | Time:00:01.12 | Mem:254.15M, Peak:278.33M | Scene, ViewLayer | Updating Geometry BVH common_kitchen_dishwasher_01_top_L_mesh 311/1229 | Building BVH
Fra:1 Mem:616.25M (Peak 616.39M) | Time:00:01.12 | Mem:254.18M, Peak:278.33M | Scene, ViewLayer | Updating Geometry BVH common_kitchen_dishwasher_01_top_R_mesh 312/1229 | Building BVH
Fra:1 Mem:616.25M (Peak 616.39M) | Time:00:01.12 | Mem:254.22M, Peak:278.33M | Scene, ViewLayer | Updating Geometry BVH common_kitchen_dishwasher_01_top_B_mesh 313/1229 | Building BVH
Fra:1 Mem:616.25M (Peak 616.39M) | Time:00:01.12 | Mem:254.22M, Peak:278.33M | Scene, ViewLayer | Updating Geometry BVH common_kitchen_dishwasher_01_top_F_mesh 314/1229 | Building BVH
Fra:1 Mem:616.25M (Peak 616.39M) | Time:00:01.12 | Mem:254.22M, Peak:278.33M | Scene, ViewLayer | Updating Geometry BVH common_kitchen_dishwasher_01_drwW_gapbg_mesh 315/1229 | Building BVH
Fra:1 Mem:616.25M (Peak 616.39M) | Time:00:01.12 | Mem:254.22M, Peak:278.33M | Scene, ViewLayer | Updating Geometry BVH common_kitchen_dishwasher_01_drwW_f0_mesh 316/1229 | Building BVH
Fra:1 Mem:616.25M (Peak 616.39M) | Time:00:01.12 | Mem:254.22M, Peak:278.33M | Scene, ViewLayer | Updating Geometry BVH common_kitchen_dishwasher_01_drwW_p0_mesh 317/1229 | Building BVH
Fra:1 Mem:616.25M (Peak 616.39M) | Time:00:01.12 | Mem:254.26M, Peak:278.33M | Scene, ViewLayer | Updating Geometry BVH common_kitchen_dishwasher_01_drw_gapbg_mesh 318/1229 | Building BVH
Fra:1 Mem:616.25M (Peak 616.39M) | Time:00:01.12 | Mem:254.25M, Peak:278.33M | Scene, ViewLayer | Updating Geometry BVH common_kitchen_dishwasher_01_drw_f0_mesh 319/1229 | Building BVH
Fra:1 Mem:616.25M (Peak 616.39M) | Time:00:01.12 | Mem:254.28M, Peak:278.33M | Scene, ViewLayer | Updating Geometry BVH common_kitchen_dishwasher_01_drw_f1_mesh 321/1229 | Building BVH
Fra:1 Mem:616.25M (Peak 616.39M) | Time:00:01.12 | Mem:254.30M, Peak:278.33M | Scene, ViewLayer | Updating Geometry BVH common_kitchen_dishwasher_01_drw_f2_mesh 323/1229 | Building BVH
Fra:1 Mem:616.25M (Peak 616.39M) | Time:00:01.12 | Mem:254.30M, Peak:278.33M | Scene, ViewLayer | Updating Geometry BVH common_kitchen_dishwasher_01_drw_p2_mesh 324/1229 | Building BVH
Fra:1 Mem:616.25M (Peak 616.39M) | Time:00:01.12 | Mem:254.33M, Peak:278.33M | Scene, ViewLayer | Updating Geometry BVH common_kitchen_dishwasher_01_drw_p1_mesh 322/1229 | Building BVH
Fra:1 Mem:616.25M (Peak 616.39M) | Time:00:01.12 | Mem:254.34M, Peak:278.33M | Scene, ViewLayer | Updating Geometry BVH common_kitchen_dishwasher_01_drw_f3_mesh 325/1229 | Building BVH
Fra:1 Mem:616.25M (Peak 616.39M) | Time:00:01.12 | Mem:254.37M, Peak:278.33M | Scene, ViewLayer | Updating Geometry BVH common_kitchen_dishwasher_01_drw_p3_mesh 326/1229 | Building BVH
Fra:1 Mem:616.25M (Peak 616.39M) | Time:00:01.12 | Mem:254.38M, Peak:278.33M | Scene, ViewLayer | Updating Geometry BVH A_living_dining_balcony_sofa_01_seat2_mesh 1195/1229 | Building BVH
Fra:1 Mem:616.25M (Peak 616.39M) | Time:00:01.12 | Mem:254.39M, Peak:278.33M | Scene, ViewLayer | Updating Geometry BVH common_kitchen_sink_01_basin_mesh 327/1229 | Building BVH
Fra:1 Mem:616.25M (Peak 616.39M) | Time:00:01.12 | Mem:254.40M, Peak:278.33M | Scene, ViewLayer | Updating Geometry BVH common_kitchen_sink_01_cav_mesh 328/1229 | Building BVH
Fra:1 Mem:616.25M (Peak 616.39M) | Time:00:01.12 | Mem:254.40M, Peak:278.33M | Scene, ViewLayer | Updating Geometry BVH common_kitchen_sink_01_tap_mesh 329/1229 | Building BVH
Fra:1 Mem:616.25M (Peak 616.39M) | Time:00:01.12 | Mem:254.40M, Peak:278.33M | Scene, ViewLayer | Updating Geometry BVH common_kitchen_sink_01_taparm_mesh 330/1229 | Building BVH
Fra:1 Mem:616.25M (Peak 616.39M) | Time:00:01.12 | Mem:254.44M, Peak:278.33M | Scene, ViewLayer | Updating Geometry BVH common_kitchen_sink_01_taptip_mesh 331/1229 | Building BVH
Fra:1 Mem:616.25M (Peak 616.39M) | Time:00:01.12 | Mem:254.44M, Peak:278.33M | Scene, ViewLayer | Updating Geometry BVH common_kitchen_dishwasher_02_panel_mesh 332/1229 | Building BVH
Fra:1 Mem:616.25M (Peak 616.39M) | Time:00:01.12 | Mem:254.45M, Peak:278.33M | Scene, ViewLayer | Updating Geometry BVH common_kitchen_dishwasher_02_pull_mesh 333/1229 | Building BVH
Fra:1 Mem:616.25M (Peak 616.39M) | Time:00:01.12 | Mem:254.45M, Peak:278.33M | Scene, ViewLayer | Updating Geometry BVH common_kitchen_kitchen_counter_01_top_mesh 335/1229 | Building BVH
Fra:1 Mem:616.25M (Peak 616.39M) | Time:00:01.12 | Mem:254.45M, Peak:278.33M | Scene, ViewLayer | Updating Geometry BVH common_kitchen_kitchen_counter_01_drwS_gapbg_mesh 336/1229 | Building BVH
Fra:1 Mem:616.25M (Peak 616.39M) | Time:00:01.12 | Mem:254.51M, Peak:278.33M | Scene, ViewLayer | Updating Geometry BVH common_kitchen_kitchen_counter_01_drwS_f0_mesh 337/1229 | Building BVH
Fra:1 Mem:616.25M (Peak 616.39M) | Time:00:01.12 | Mem:254.54M, Peak:278.33M | Scene, ViewLayer | Updating Geometry BVH common_kitchen_kitchen_counter_01_drwH_gapbg_mesh 339/1229 | Building BVH
Fra:1 Mem:616.25M (Peak 616.39M) | Time:00:01.12 | Mem:254.54M, Peak:278.33M | Scene, ViewLayer | Updating Geometry BVH common_kitchen_kitchen_counter_01_drwH_d0_mesh 340/1229 | Building BVH
Fra:1 Mem:616.25M (Peak 616.39M) | Time:00:01.12 | Mem:254.54M, Peak:278.33M | Scene, ViewLayer | Updating Geometry BVH common_kitchen_kitchen_counter_01_drwH_slot0_mesh 341/1229 | Building BVH
Fra:1 Mem:616.25M (Peak 616.39M) | Time:00:01.12 | Mem:254.54M, Peak:278.33M | Scene, ViewLayer | Updating Geometry BVH common_kitchen_kitchen_counter_01_drwH_d1_mesh 342/1229 | Building BVH
Fra:1 Mem:616.25M (Peak 616.39M) | Time:00:01.12 | Mem:254.55M, Peak:278.33M | Scene, ViewLayer | Updating Geometry BVH common_kitchen_kitchen_counter_01_drwH_slot1_mesh 343/1229 | Building BVH
Fra:1 Mem:616.25M (Peak 616.39M) | Time:00:01.12 | Mem:254.58M, Peak:278.33M | Scene, ViewLayer | Updating Geometry BVH common_kitchen_kitchen_counter_01_drwH_d2_mesh 344/1229 | Building BVH
Fra:1 Mem:616.25M (Peak 616.39M) | Time:00:01.12 | Mem:254.58M, Peak:278.33M | Scene, ViewLayer | Updating Geometry BVH common_kitchen_kitchen_counter_01_drwH_slot2_mesh 345/1229 | Building BVH
Fra:1 Mem:616.25M (Peak 616.39M) | Time:00:01.12 | Mem:254.58M, Peak:278.33M | Scene, ViewLayer | Updating Geometry BVH common_kitchen_kitchen_counter_01_drwN_gapbg_mesh 346/1229 | Building BVH
Fra:1 Mem:616.25M (Peak 616.39M) | Time:00:01.12 | Mem:254.59M, Peak:278.33M | Scene, ViewLayer | Updating Geometry BVH common_kitchen_kitchen_counter_01_drwN_f0_mesh 347/1229 | Building BVH
Fra:1 Mem:616.25M (Peak 616.39M) | Time:00:01.12 | Mem:254.59M, Peak:278.33M | Scene, ViewLayer | Updating Geometry BVH common_kitchen_kitchen_counter_01_drwN_p0_mesh 348/1229 | Building BVH
Fra:1 Mem:616.25M (Peak 616.39M) | Time:00:01.12 | Mem:254.59M, Peak:278.33M | Scene, ViewLayer | Updating Geometry BVH common_kitchen_kitchen_counter_01_drwN_f1_mesh 349/1229 | Building BVH
Fra:1 Mem:616.25M (Peak 616.39M) | Time:00:01.12 | Mem:254.64M, Peak:278.33M | Scene, ViewLayer | Updating Geometry BVH common_kitchen_kitchen_counter_01_drwN_p1_mesh 350/1229 | Building BVH
Fra:1 Mem:616.25M (Peak 616.39M) | Time:00:01.12 | Mem:254.70M, Peak:278.33M | Scene, ViewLayer | Updating Geometry BVH common_kitchen_hob_01_glass_mesh 351/1229 | Building BVH
Fra:1 Mem:616.25M (Peak 616.39M) | Time:00:01.12 | Mem:254.73M, Peak:278.33M | Scene, ViewLayer | Updating Geometry BVH common_kitchen_hob_01_burner0_mesh 352/1229 | Building BVH
Fra:1 Mem:616.25M (Peak 616.39M) | Time:00:01.12 | Mem:254.72M, Peak:278.33M | Scene, ViewLayer | Updating Geometry BVH common_kitchen_hob_01_burner1_mesh 353/1229 | Building BVH
Fra:1 Mem:616.25M (Peak 616.39M) | Time:00:01.12 | Mem:254.72M, Peak:278.33M | Scene, ViewLayer | Updating Geometry BVH common_kitchen_range_hood_01_topbox_mesh 354/1229 | Building BVH
Fra:1 Mem:616.25M (Peak 616.39M) | Time:00:01.12 | Mem:254.72M, Peak:278.33M | Scene, ViewLayer | Updating Geometry BVH common_kitchen_range_hood_01_slant_mesh 355/1229 | Building BVH
Fra:1 Mem:616.25M (Peak 616.39M) | Time:00:01.12 | Mem:254.73M, Peak:278.33M | Scene, ViewLayer | Updating Geometry BVH common_kitchen_cabinet_01_body_mesh 356/1229 | Building BVH
Fra:1 Mem:616.25M (Peak 616.39M) | Time:00:01.12 | Mem:254.73M, Peak:278.33M | Scene, ViewLayer | Updating Geometry BVH common_kitchen_cabinet_01_door_gapbg_mesh 357/1229 | Building BVH
Fra:1 Mem:616.25M (Peak 616.39M) | Time:00:01.12 | Mem:254.78M, Peak:278.33M | Scene, ViewLayer | Updating Geometry BVH common_kitchen_cabinet_01_door_f0l_mesh 358/1229 | Building BVH
Fra:1 Mem:616.25M (Peak 616.39M) | Time:00:01.12 | Mem:254.78M, Peak:278.33M | Scene, ViewLayer | Updating Geometry BVH common_kitchen_cabinet_01_door_f0r_mesh 359/1229 | Building BVH
Fra:1 Mem:616.25M (Peak 616.39M) | Time:00:01.12 | Mem:254.78M, Peak:278.33M | Scene, ViewLayer | Updating Geometry BVH common_kitchen_cabinet_01_door_f0b_mesh 360/1229 | Building BVH
Fra:1 Mem:616.25M (Peak 616.39M) | Time:00:01.12 | Mem:254.78M, Peak:278.33M | Scene, ViewLayer | Updating Geometry BVH common_kitchen_cabinet_01_door_f0t_mesh 361/1229 | Building BVH
Fra:1 Mem:616.25M (Peak 616.39M) | Time:00:01.12 | Mem:254.78M, Peak:278.33M | Scene, ViewLayer | Updating Geometry BVH common_kitchen_cabinet_01_door_f0c_mesh 362/1229 | Building BVH
Fra:1 Mem:616.25M (Peak 616.39M) | Time:00:01.12 | Mem:254.79M, Peak:278.33M | Scene, ViewLayer | Updating Geometry BVH common_kitchen_cabinet_01_door_p0_mesh 363/1229 | Building BVH
Fra:1 Mem:616.25M (Peak 616.39M) | Time:00:01.12 | Mem:254.80M, Peak:278.33M | Scene, ViewLayer | Updating Geometry BVH common_kitchen_cabinet_01_door_f1l_mesh 364/1229 | Building BVH
Fra:1 Mem:616.25M (Peak 616.39M) | Time:00:01.12 | Mem:254.81M, Peak:278.33M | Scene, ViewLayer | Updating Geometry BVH common_kitchen_cabinet_01_door_f1r_mesh 365/1229 | Building BVH
Fra:1 Mem:616.25M (Peak 616.39M) | Time:00:01.12 | Mem:254.87M, Peak:278.33M | Scene, ViewLayer | Updating Geometry BVH common_kitchen_cabinet_01_door_f1b_mesh 366/1229 | Building BVH
Fra:1 Mem:616.25M (Peak 616.39M) | Time:00:01.12 | Mem:254.90M, Peak:278.33M | Scene, ViewLayer | Updating Geometry BVH common_kitchen_cabinet_01_door_f1t_mesh 367/1229 | Building BVH
Fra:1 Mem:616.25M (Peak 616.39M) | Time:00:01.12 | Mem:254.91M, Peak:278.33M | Scene, ViewLayer | Updating Geometry BVH A_living_dining_balcony_sofa_01_back2_mesh 1192/1229 | Building BVH
Fra:1 Mem:616.25M (Peak 616.39M) | Time:00:01.12 | Mem:254.91M, Peak:278.33M | Scene, ViewLayer | Updating Geometry BVH common_kitchen_cabinet_01_door_p1_mesh 369/1229 | Building BVH
Fra:1 Mem:616.25M (Peak 616.39M) | Time:00:01.12 | Mem:254.97M, Peak:278.33M | Scene, ViewLayer | Updating Geometry BVH common_kitchen_cabinet_01_door_f2l_mesh 370/1229 | Building BVH
Fra:1 Mem:616.25M (Peak 616.39M) | Time:00:01.12 | Mem:254.96M, Peak:278.33M | Scene, ViewLayer | Updating Geometry BVH common_kitchen_cabinet_01_door_f2r_mesh 371/1229 | Building BVH
Fra:1 Mem:616.25M (Peak 616.39M) | Time:00:01.12 | Mem:254.97M, Peak:278.33M | Scene, ViewLayer | Updating Geometry BVH common_kitchen_cabinet_01_door_f2b_mesh 372/1229 | Building BVH
Fra:1 Mem:616.25M (Peak 616.39M) | Time:00:01.12 | Mem:255.00M, Peak:278.33M | Scene, ViewLayer | Updating Geometry BVH common_kitchen_cabinet_01_door_f2c_mesh 374/1229 | Building BVH
Fra:1 Mem:616.25M (Peak 616.39M) | Time:00:01.13 | Mem:255.00M, Peak:278.33M | Scene, ViewLayer | Updating Geometry BVH common_kitchen_cabinet_02_body_mesh 376/1229 | Building BVH
Fra:1 Mem:616.25M (Peak 616.39M) | Time:00:01.13 | Mem:255.01M, Peak:278.33M | Scene, ViewLayer | Updating Geometry BVH common_kitchen_cabinet_02_door_gapbg_mesh 377/1229 | Building BVH
Fra:1 Mem:616.25M (Peak 616.39M) | Time:00:01.13 | Mem:255.02M, Peak:278.33M | Scene, ViewLayer | Updating Geometry BVH common_kitchen_cabinet_02_door_f0l_mesh 378/1229 | Building BVH
Fra:1 Mem:616.25M (Peak 616.39M) | Time:00:01.13 | Mem:255.11M, Peak:278.33M | Scene, ViewLayer | Updating Geometry BVH common_kitchen_cabinet_02_door_f0r_mesh 379/1229 | Building BVH
Fra:1 Mem:616.25M (Peak 616.39M) | Time:00:01.13 | Mem:255.11M, Peak:278.33M | Scene, ViewLayer | Updating Geometry BVH A_living_dining_balcony_sofa_01_back1_mesh 1191/1229 | Building BVH
Fra:1 Mem:616.25M (Peak 616.39M) | Time:00:01.13 | Mem:255.12M, Peak:278.33M | Scene, ViewLayer | Updating Geometry BVH common_kitchen_cabinet_02_door_f0b_mesh 380/1229 | Building BVH
Fra:1 Mem:616.25M (Peak 616.39M) | Time:00:01.13 | Mem:255.12M, Peak:278.33M | Scene, ViewLayer | Updating Geometry BVH common_kitchen_cabinet_02_door_f0t_mesh 381/1229 | Building BVH
Fra:1 Mem:616.25M (Peak 616.39M) | Time:00:01.13 | Mem:255.12M, Peak:278.33M | Scene, ViewLayer | Updating Geometry BVH common_kitchen_cabinet_02_door_f0c_mesh 382/1229 | Building BVH
Fra:1 Mem:616.25M (Peak 616.39M) | Time:00:01.13 | Mem:255.13M, Peak:278.33M | Scene, ViewLayer | Updating Geometry BVH common_kitchen_cabinet_02_door_f1l_mesh 384/1229 | Building BVH
Fra:1 Mem:616.25M (Peak 616.39M) | Time:00:01.13 | Mem:255.14M, Peak:278.33M | Scene, ViewLayer | Updating Geometry BVH common_kitchen_cabinet_02_door_f1b_mesh 386/1229 | Building BVH
Fra:1 Mem:616.25M (Peak 616.39M) | Time:00:01.13 | Mem:255.15M, Peak:278.33M | Scene, ViewLayer | Updating Geometry BVH common_kitchen_cabinet_02_door_f1t_mesh 387/1229 | Building BVH
Fra:1 Mem:616.25M (Peak 616.39M) | Time:00:01.13 | Mem:255.17M, Peak:278.33M | Scene, ViewLayer | Updating Geometry BVH common_kitchen_cabinet_02_door_f1c_mesh 388/1229 | Building BVH
Fra:1 Mem:616.25M (Peak 616.39M) | Time:00:01.13 | Mem:255.17M, Peak:278.33M | Scene, ViewLayer | Updating Geometry BVH common_kitchen_cabinet_02_door_p1_mesh 389/1229 | Building BVH
Fra:1 Mem:616.25M (Peak 616.39M) | Time:00:01.13 | Mem:255.26M, Peak:278.33M | Scene, ViewLayer | Updating Geometry BVH common_kitchen_cabinet_02_door_f2l_mesh 390/1229 | Building BVH
Fra:1 Mem:616.25M (Peak 616.39M) | Time:00:01.13 | Mem:255.27M, Peak:278.33M | Scene, ViewLayer | Updating Geometry BVH common_kitchen_cabinet_02_door_f2r_mesh 391/1229 | Building BVH
Fra:1 Mem:616.25M (Peak 616.39M) | Time:00:01.13 | Mem:255.27M, Peak:278.33M | Scene, ViewLayer | Updating Geometry BVH common_kitchen_cabinet_02_door_f2b_mesh 392/1229 | Building BVH
Fra:1 Mem:616.25M (Peak 616.39M) | Time:00:01.13 | Mem:255.29M, Peak:278.33M | Scene, ViewLayer | Updating Geometry BVH common_kitchen_cabinet_02_door_f2t_mesh 393/1229 | Building BVH
Fra:1 Mem:616.25M (Peak 616.39M) | Time:00:01.13 | Mem:255.32M, Peak:278.33M | Scene, ViewLayer | Updating Geometry BVH common_kitchen_cabinet_02_door_f2c_mesh 394/1229 | Building BVH
Fra:1 Mem:616.25M (Peak 616.39M) | Time:00:01.13 | Mem:255.32M, Peak:278.33M | Scene, ViewLayer | Updating Geometry BVH common_kitchen_glass_sliding_door_01_glass_mesh 396/1229 | Building BVH
Fra:1 Mem:616.25M (Peak 616.39M) | Time:00:01.13 | Mem:255.33M, Peak:278.33M | Scene, ViewLayer | Updating Geometry BVH common_kitchen_cabinet_02_door_p2_mesh 395/1229 | Building BVH
Fra:1 Mem:616.25M (Peak 616.39M) | Time:00:01.13 | Mem:255.33M, Peak:278.33M | Scene, ViewLayer | Updating Geometry BVH common_kitchen_glass_sliding_door_01_stL_mesh 397/1229 | Building BVH
Fra:1 Mem:616.25M (Peak 616.39M) | Time:00:01.13 | Mem:255.33M, Peak:278.33M | Scene, ViewLayer | Updating Geometry BVH common_kitchen_glass_sliding_door_01_stR_mesh 398/1229 | Building BVH
Fra:1 Mem:616.25M (Peak 616.39M) | Time:00:01.13 | Mem:255.35M, Peak:278.33M | Scene, ViewLayer | Updating Geometry BVH A_living_dining_balcony_sofa_01_back0_mesh 1190/1229 | Building BVH
Fra:1 Mem:616.25M (Peak 616.39M) | Time:00:01.13 | Mem:255.35M, Peak:278.33M | Scene, ViewLayer | Updating Geometry BVH common_kitchen_glass_sliding_door_01_stT_mesh 399/1229 | Building BVH
Fra:1 Mem:616.25M (Peak 616.39M) | Time:00:01.13 | Mem:255.36M, Peak:278.33M | Scene, ViewLayer | Updating Geometry BVH common_kitchen_glass_sliding_door_01_stB_mesh 400/1229 | Building BVH
Fra:1 Mem:616.25M (Peak 616.39M) | Time:00:01.13 | Mem:255.38M, Peak:278.33M | Scene, ViewLayer | Updating Geometry BVH common_living_dining_balcony_glass_sliding_door_01_glass_mesh 401/1229 | Building BVH
Fra:1 Mem:616.25M (Peak 616.39M) | Time:00:01.13 | Mem:255.41M, Peak:278.33M | Scene, ViewLayer | Updating Geometry BVH common_living_dining_balcony_glass_sliding_door_01_stL_mesh 402/1229 | Building BVH
Fra:1 Mem:616.25M (Peak 616.39M) | Time:00:01.13 | Mem:255.42M, Peak:278.33M | Scene, ViewLayer | Updating Geometry BVH common_living_dining_balcony_glass_sliding_door_01_stR_mesh 403/1229 | Building BVH
Fra:1 Mem:616.25M (Peak 616.39M) | Time:00:01.13 | Mem:255.44M, Peak:278.33M | Scene, ViewLayer | Updating Geometry BVH common_living_dining_balcony_glass_sliding_door_01_stT_mesh 404/1229 | Building BVH
Fra:1 Mem:616.25M (Peak 616.39M) | Time:00:01.13 | Mem:255.44M, Peak:278.33M | Scene, ViewLayer | Updating Geometry BVH common_living_dining_balcony_glass_sliding_door_01_stB_mesh 405/1229 | Building BVH
Fra:1 Mem:616.25M (Peak 616.39M) | Time:00:01.13 | Mem:255.44M, Peak:278.33M | Scene, ViewLayer | Updating Geometry BVH common_living_dining_balcony_glass_sliding_door_02_glass_mesh 406/1229 | Building BVH
Fra:1 Mem:616.25M (Peak 616.39M) | Time:00:01.13 | Mem:255.45M, Peak:278.33M | Scene, ViewLayer | Updating Geometry BVH common_living_dining_balcony_glass_sliding_door_02_stL_mesh 407/1229 | Building BVH
Fra:1 Mem:616.25M (Peak 616.39M) | Time:00:01.13 | Mem:255.45M, Peak:278.33M | Scene, ViewLayer | Updating Geometry BVH common_living_dining_balcony_glass_sliding_door_02_stR_mesh 408/1229 | Building BVH
Fra:1 Mem:616.25M (Peak 616.39M) | Time:00:01.13 | Mem:255.48M, Peak:278.33M | Scene, ViewLayer | Updating Geometry BVH common_living_dining_balcony_glass_sliding_door_02_stT_mesh 409/1229 | Building BVH
Fra:1 Mem:616.25M (Peak 616.39M) | Time:00:01.13 | Mem:255.48M, Peak:278.33M | Scene, ViewLayer | Updating Geometry BVH common_living_dining_balcony_glass_sliding_door_02_stB_mesh 410/1229 | Building BVH
Fra:1 Mem:616.25M (Peak 616.39M) | Time:00:01.13 | Mem:255.48M, Peak:278.33M | Scene, ViewLayer | Updating Geometry BVH common_kitchen_glass_sliding_door_02_glass_mesh 411/1229 | Building BVH
Fra:1 Mem:616.25M (Peak 616.39M) | Time:00:01.13 | Mem:255.48M, Peak:278.33M | Scene, ViewLayer | Updating Geometry BVH common_kitchen_glass_sliding_door_02_stL_mesh 412/1229 | Building BVH
Fra:1 Mem:616.25M (Peak 616.39M) | Time:00:01.13 | Mem:255.48M, Peak:278.33M | Scene, ViewLayer | Updating Geometry BVH common_kitchen_glass_sliding_door_02_stR_mesh 413/1229 | Building BVH
Fra:1 Mem:616.25M (Peak 616.39M) | Time:00:01.13 | Mem:255.50M, Peak:278.33M | Scene, ViewLayer | Updating Geometry BVH common_kitchen_glass_sliding_door_02_stT_mesh 414/1229 | Building BVH
Fra:1 Mem:616.25M (Peak 616.39M) | Time:00:01.13 | Mem:255.52M, Peak:278.33M | Scene, ViewLayer | Updating Geometry BVH common_kitchen_glass_sliding_door_02_stB_mesh 415/1229 | Building BVH
Fra:1 Mem:616.25M (Peak 616.39M) | Time:00:01.13 | Mem:255.54M, Peak:278.33M | Scene, ViewLayer | Updating Geometry BVH common_living_dining_balcony_fridge_01_body_mesh 416/1229 | Building BVH
Fra:1 Mem:616.25M (Peak 616.39M) | Time:00:01.13 | Mem:255.54M, Peak:278.33M | Scene, ViewLayer | Updating Geometry BVH common_living_dining_balcony_fridge_01_seamH_mesh 417/1229 | Building BVH
Fra:1 Mem:616.25M (Peak 616.39M) | Time:00:01.13 | Mem:255.54M, Peak:278.33M | Scene, ViewLayer | Updating Geometry BVH common_living_dining_balcony_fridge_01_seamV_mesh 418/1229 | Building BVH
Fra:1 Mem:616.25M (Peak 616.39M) | Time:00:01.13 | Mem:255.55M, Peak:278.33M | Scene, ViewLayer | Updating Geometry BVH common_living_dining_balcony_fridge_01_pullL_mesh 419/1229 | Building BVH
Fra:1 Mem:616.25M (Peak 616.39M) | Time:00:01.13 | Mem:255.55M, Peak:278.33M | Scene, ViewLayer | Updating Geometry BVH common_living_dining_balcony_fridge_01_pullU_mesh 420/1229 | Building BVH
Fra:1 Mem:616.25M (Peak 616.39M) | Time:00:01.13 | Mem:255.57M, Peak:278.33M | Scene, ViewLayer | Updating Geometry BVH common_living_dining_balcony_cabinet_01_body_mesh 421/1229 | Building BVH
Fra:1 Mem:616.25M (Peak 616.39M) | Time:00:01.13 | Mem:255.58M, Peak:278.33M | Scene, ViewLayer | Updating Geometry BVH common_living_dining_balcony_cabinet_01_door_gapbg_mesh 422/1229 | Building BVH
Fra:1 Mem:616.25M (Peak 616.39M) | Time:00:01.13 | Mem:255.62M, Peak:278.33M | Scene, ViewLayer | Updating Geometry BVH common_living_dining_balcony_cabinet_01_door_f0l_mesh 423/1229 | Building BVH
Fra:1 Mem:616.25M (Peak 616.39M) | Time:00:01.13 | Mem:255.62M, Peak:278.33M | Scene, ViewLayer | Updating Geometry BVH A_living_dining_balcony_sofa_01_leg3_mesh 1189/1229 | Building BVH
Fra:1 Mem:616.25M (Peak 616.39M) | Time:00:01.13 | Mem:255.62M, Peak:278.33M | Scene, ViewLayer | Updating Geometry BVH common_living_dining_balcony_cabinet_01_door_f0r_mesh 424/1229 | Building BVH
Fra:1 Mem:616.25M (Peak 616.39M) | Time:00:01.13 | Mem:255.62M, Peak:278.33M | Scene, ViewLayer | Updating Geometry BVH common_living_dining_balcony_cabinet_01_door_f0b_mesh 425/1229 | Building BVH
Fra:1 Mem:616.25M (Peak 616.39M) | Time:00:01.13 | Mem:255.63M, Peak:278.33M | Scene, ViewLayer | Updating Geometry BVH common_living_dining_balcony_cabinet_01_door_f0t_mesh 426/1229 | Building BVH
Fra:1 Mem:616.25M (Peak 616.39M) | Time:00:01.13 | Mem:255.65M, Peak:278.33M | Scene, ViewLayer | Updating Geometry BVH common_living_dining_balcony_cabinet_01_door_f0c_mesh 427/1229 | Building BVH
Fra:1 Mem:616.25M (Peak 616.39M) | Time:00:01.13 | Mem:255.71M, Peak:278.33M | Scene, ViewLayer | Updating Geometry BVH common_living_dining_balcony_cabinet_01_door_p0_mesh 428/1229 | Building BVH
Fra:1 Mem:616.25M (Peak 616.39M) | Time:00:01.13 | Mem:255.71M, Peak:278.33M | Scene, ViewLayer | Updating Geometry BVH common_living_dining_balcony_cabinet_01_door_f1l_mesh 429/1229 | Building BVH
Fra:1 Mem:616.25M (Peak 616.39M) | Time:00:01.13 | Mem:255.72M, Peak:278.33M | Scene, ViewLayer | Updating Geometry BVH common_living_dining_balcony_cabinet_01_door_f1r_mesh 430/1229 | Building BVH
Fra:1 Mem:616.25M (Peak 616.39M) | Time:00:01.13 | Mem:255.73M, Peak:278.33M | Scene, ViewLayer | Updating Geometry BVH A_living_dining_balcony_sofa_01_leg2_mesh 1188/1229 | Building BVH
Fra:1 Mem:616.25M (Peak 616.39M) | Time:00:01.13 | Mem:255.73M, Peak:278.33M | Scene, ViewLayer | Updating Geometry BVH common_living_dining_balcony_cabinet_01_door_f1b_mesh 431/1229 | Building BVH
Fra:1 Mem:616.25M (Peak 616.39M) | Time:00:01.13 | Mem:255.76M, Peak:278.33M | Scene, ViewLayer | Updating Geometry BVH common_living_dining_balcony_cabinet_01_door_f1t_mesh 432/1229 | Building BVH
Fra:1 Mem:616.25M (Peak 616.39M) | Time:00:01.13 | Mem:255.79M, Peak:278.33M | Scene, ViewLayer | Updating Geometry BVH common_living_dining_balcony_cabinet_01_door_f1c_mesh 433/1229 | Building BVH
Fra:1 Mem:616.25M (Peak 616.39M) | Time:00:01.13 | Mem:255.79M, Peak:278.33M | Scene, ViewLayer | Updating Geometry BVH common_living_dining_balcony_cabinet_01_door_p1_mesh 434/1229 | Building BVH
Fra:1 Mem:616.25M (Peak 616.39M) | Time:00:01.13 | Mem:255.82M, Peak:278.33M | Scene, ViewLayer | Updating Geometry BVH common_foyer_cabinet_01_body_mesh 435/1229 | Building BVH
Fra:1 Mem:616.25M (Peak 616.39M) | Time:00:01.13 | Mem:255.81M, Peak:278.33M | Scene, ViewLayer | Updating Geometry BVH common_foyer_cabinet_01_door_f0l_mesh 437/1229 | Building BVH
Fra:1 Mem:616.25M (Peak 616.39M) | Time:00:01.13 | Mem:255.81M, Peak:278.33M | Scene, ViewLayer | Updating Geometry BVH common_foyer_cabinet_01_door_gapbg_mesh 436/1229 | Building BVH
Fra:1 Mem:616.25M (Peak 616.39M) | Time:00:01.13 | Mem:255.82M, Peak:278.33M | Scene, ViewLayer | Updating Geometry BVH common_foyer_cabinet_01_door_f0r_mesh 438/1229 | Building BVH
Fra:1 Mem:616.25M (Peak 616.39M) | Time:00:01.13 | Mem:255.82M, Peak:278.33M | Scene, ViewLayer | Updating Geometry BVH common_foyer_cabinet_01_door_f0b_mesh 439/1229 | Building BVH
Fra:1 Mem:616.25M (Peak 616.39M) | Time:00:01.13 | Mem:255.82M, Peak:278.33M | Scene, ViewLayer | Updating Geometry BVH common_foyer_cabinet_01_door_f0t_mesh 440/1229 | Building BVH
Fra:1 Mem:616.25M (Peak 616.39M) | Time:00:01.13 | Mem:255.84M, Peak:278.33M | Scene, ViewLayer | Updating Geometry BVH common_foyer_cabinet_01_door_f0c_mesh 441/1229 | Building BVH
Fra:1 Mem:616.25M (Peak 616.39M) | Time:00:01.13 | Mem:255.87M, Peak:278.33M | Scene, ViewLayer | Updating Geometry BVH common_foyer_cabinet_01_door_p0_mesh 442/1229 | Building BVH
Fra:1 Mem:616.25M (Peak 616.39M) | Time:00:01.13 | Mem:255.87M, Peak:278.33M | Scene, ViewLayer | Updating Geometry BVH common_foyer_cabinet_01_door_f1l_mesh 443/1229 | Building BVH
Fra:1 Mem:616.25M (Peak 616.39M) | Time:00:01.13 | Mem:255.89M, Peak:278.33M | Scene, ViewLayer | Updating Geometry BVH common_foyer_cabinet_01_door_f1r_mesh 444/1229 | Building BVH
Fra:1 Mem:616.25M (Peak 616.39M) | Time:00:01.13 | Mem:255.95M, Peak:278.33M | Scene, ViewLayer | Updating Geometry BVH common_foyer_cabinet_01_door_f1b_mesh 445/1229 | Building BVH
Fra:1 Mem:616.25M (Peak 616.39M) | Time:00:01.13 | Mem:255.95M, Peak:278.33M | Scene, ViewLayer | Updating Geometry BVH common_foyer_cabinet_01_door_f1t_mesh 446/1229 | Building BVH
Fra:1 Mem:616.25M (Peak 616.39M) | Time:00:01.13 | Mem:255.96M, Peak:278.33M | Scene, ViewLayer | Updating Geometry BVH common_foyer_cabinet_01_door_f1c_mesh 447/1229 | Building BVH
Fra:1 Mem:616.25M (Peak 616.39M) | Time:00:01.13 | Mem:255.96M, Peak:278.33M | Scene, ViewLayer | Updating Geometry BVH common_foyer_cabinet_01_door_p1_mesh 448/1229 | Building BVH
Fra:1 Mem:616.25M (Peak 616.39M) | Time:00:01.13 | Mem:255.97M, Peak:278.33M | Scene, ViewLayer | Updating Geometry BVH common_foyer_cabinet_01_door_f2l_mesh 449/1229 | Building BVH
Fra:1 Mem:616.25M (Peak 616.39M) | Time:00:01.13 | Mem:256.01M, Peak:278.33M | Scene, ViewLayer | Updating Geometry BVH common_foyer_cabinet_01_door_f2r_mesh 450/1229 | Building BVH
Fra:1 Mem:616.25M (Peak 616.39M) | Time:00:01.13 | Mem:256.02M, Peak:278.33M | Scene, ViewLayer | Updating Geometry BVH common_foyer_cabinet_01_door_f2b_mesh 451/1229 | Building BVH
Fra:1 Mem:616.25M (Peak 616.39M) | Time:00:01.13 | Mem:256.05M, Peak:278.33M | Scene, ViewLayer | Updating Geometry BVH common_foyer_cabinet_01_door_f2t_mesh 452/1229 | Building BVH
Fra:1 Mem:616.25M (Peak 616.39M) | Time:00:01.13 | Mem:256.05M, Peak:278.33M | Scene, ViewLayer | Updating Geometry BVH common_foyer_cabinet_01_door_f2c_mesh 453/1229 | Building BVH
Fra:1 Mem:616.25M (Peak 616.39M) | Time:00:01.13 | Mem:256.05M, Peak:278.33M | Scene, ViewLayer | Updating Geometry BVH A_living_dining_balcony_sofa_01_leg1_mesh 1187/1229 | Building BVH
Fra:1 Mem:616.25M (Peak 616.39M) | Time:00:01.13 | Mem:256.08M, Peak:278.33M | Scene, ViewLayer | Updating Geometry BVH common_foyer_cabinet_01_door_p2_mesh 454/1229 | Building BVH
Fra:1 Mem:616.25M (Peak 616.39M) | Time:00:01.13 | Mem:256.09M, Peak:278.33M | Scene, ViewLayer | Updating Geometry BVH common_foyer_open_niche_01_back_mesh 455/1229 | Building BVH
Fra:1 Mem:616.25M (Peak 616.39M) | Time:00:01.13 | Mem:256.10M, Peak:278.33M | Scene, ViewLayer | Updating Geometry BVH common_foyer_open_niche_01_cheek0_mesh 456/1229 | Building BVH
Fra:1 Mem:616.25M (Peak 616.39M) | Time:00:01.13 | Mem:256.12M, Peak:278.33M | Scene, ViewLayer | Updating Geometry BVH common_foyer_open_niche_01_cheek1_mesh 457/1229 | Building BVH
Fra:1 Mem:616.25M (Peak 616.39M) | Time:00:01.13 | Mem:256.12M, Peak:278.33M | Scene, ViewLayer | Updating Geometry BVH common_foyer_open_niche_01_top_mesh 458/1229 | Building BVH
Fra:1 Mem:616.25M (Peak 616.39M) | Time:00:01.13 | Mem:256.13M, Peak:278.33M | Scene, ViewLayer | Updating Geometry BVH common_foyer_open_niche_01_bottom_mesh 459/1229 | Building BVH
Fra:1 Mem:616.25M (Peak 616.39M) | Time:00:01.13 | Mem:256.13M, Peak:278.33M | Scene, ViewLayer | Updating Geometry BVH common_foyer_open_niche_01_sh0_mesh 460/1229 | Building BVH
Fra:1 Mem:616.25M (Peak 616.39M) | Time:00:01.13 | Mem:256.13M, Peak:278.33M | Scene, ViewLayer | Updating Geometry BVH A_living_dining_balcony_sofa_01_leg0_mesh 1186/1229 | Building BVH
Fra:1 Mem:616.25M (Peak 616.39M) | Time:00:01.13 | Mem:256.14M, Peak:278.33M | Scene, ViewLayer | Updating Geometry BVH common_foyer_cabinet_02_body_mesh 461/1229 | Building BVH
Fra:1 Mem:616.25M (Peak 616.39M) | Time:00:01.13 | Mem:256.16M, Peak:278.33M | Scene, ViewLayer | Updating Geometry BVH common_foyer_cabinet_02_door_gapbg_mesh 462/1229 | Building BVH
Fra:1 Mem:616.25M (Peak 616.39M) | Time:00:01.13 | Mem:256.16M, Peak:278.33M | Scene, ViewLayer | Updating Geometry BVH common_foyer_cabinet_02_door_f0l_mesh 463/1229 | Building BVH
Fra:1 Mem:616.25M (Peak 616.39M) | Time:00:01.13 | Mem:256.20M, Peak:278.33M | Scene, ViewLayer | Updating Geometry BVH common_foyer_cabinet_02_door_f0r_mesh 464/1229 | Building BVH
Fra:1 Mem:616.25M (Peak 616.39M) | Time:00:01.13 | Mem:256.20M, Peak:278.33M | Scene, ViewLayer | Updating Geometry BVH common_foyer_cabinet_02_door_f0b_mesh 465/1229 | Building BVH
Fra:1 Mem:616.25M (Peak 616.39M) | Time:00:01.13 | Mem:256.20M, Peak:278.33M | Scene, ViewLayer | Updating Geometry BVH common_foyer_cabinet_02_door_f0c_mesh 467/1229 | Building BVH
Fra:1 Mem:616.25M (Peak 616.39M) | Time:00:01.13 | Mem:256.20M, Peak:278.33M | Scene, ViewLayer | Updating Geometry BVH common_foyer_cabinet_02_door_p0_mesh 468/1229 | Building BVH
Fra:1 Mem:616.25M (Peak 616.39M) | Time:00:01.13 | Mem:256.22M, Peak:278.33M | Scene, ViewLayer | Updating Geometry BVH common_foyer_cabinet_02_door_f1l_mesh 469/1229 | Building BVH
Fra:1 Mem:616.25M (Peak 616.39M) | Time:00:01.13 | Mem:256.22M, Peak:278.33M | Scene, ViewLayer | Updating Geometry BVH common_foyer_cabinet_02_door_f1r_mesh 470/1229 | Building BVH
Fra:1 Mem:616.25M (Peak 616.39M) | Time:00:01.13 | Mem:256.24M, Peak:278.33M | Scene, ViewLayer | Updating Geometry BVH common_foyer_cabinet_02_door_f1b_mesh 471/1229 | Building BVH
Fra:1 Mem:616.25M (Peak 616.39M) | Time:00:01.13 | Mem:256.32M, Peak:278.33M | Scene, ViewLayer | Updating Geometry BVH common_foyer_cabinet_02_door_f1t_mesh 472/1229 | Building BVH
Fra:1 Mem:616.25M (Peak 616.39M) | Time:00:01.14 | Mem:256.34M, Peak:278.33M | Scene, ViewLayer | Updating Geometry BVH common_foyer_cabinet_02_door_f1c_mesh 473/1229 | Building BVH
Fra:1 Mem:616.25M (Peak 616.39M) | Time:00:01.14 | Mem:256.35M, Peak:278.33M | Scene, ViewLayer | Updating Geometry BVH common_foyer_cabinet_02_door_p1_mesh 474/1229 | Building BVH
Fra:1 Mem:616.25M (Peak 616.39M) | Time:00:01.14 | Mem:256.35M, Peak:278.33M | Scene, ViewLayer | Updating Geometry BVH common_foyer_cabinet_02_door_f2r_mesh 476/1229 | Building BVH
Fra:1 Mem:616.25M (Peak 616.39M) | Time:00:01.14 | Mem:256.35M, Peak:278.33M | Scene, ViewLayer | Updating Geometry BVH common_foyer_cabinet_02_door_f2b_mesh 477/1229 | Building BVH
Fra:1 Mem:616.25M (Peak 616.39M) | Time:00:01.14 | Mem:256.35M, Peak:278.33M | Scene, ViewLayer | Updating Geometry BVH common_foyer_cabinet_02_door_f2t_mesh 478/1229 | Building BVH
Fra:1 Mem:616.25M (Peak 616.39M) | Time:00:01.14 | Mem:256.35M, Peak:278.33M | Scene, ViewLayer | Updating Geometry BVH common_foyer_cabinet_02_door_f2c_mesh 479/1229 | Building BVH
Fra:1 Mem:616.25M (Peak 616.39M) | Time:00:01.14 | Mem:256.35M, Peak:278.33M | Scene, ViewLayer | Updating Geometry BVH common_foyer_cabinet_02_door_p2_mesh 480/1229 | Building BVH
Fra:1 Mem:616.25M (Peak 616.39M) | Time:00:01.14 | Mem:256.37M, Peak:278.33M | Scene, ViewLayer | Updating Geometry BVH common_foyer_mirror_door_01_mirror_mesh 481/1229 | Building BVH
Fra:1 Mem:616.25M (Peak 616.39M) | Time:00:01.14 | Mem:256.42M, Peak:278.33M | Scene, ViewLayer | Updating Geometry BVH common_foyer_mirror_door_01_fr0_mesh 482/1229 | Building BVH
Fra:1 Mem:616.25M (Peak 616.39M) | Time:00:01.14 | Mem:256.46M, Peak:278.33M | Scene, ViewLayer | Updating Geometry BVH common_foyer_mirror_door_01_fr1_mesh 483/1229 | Building BVH
Fra:1 Mem:616.25M (Peak 616.39M) | Time:00:01.14 | Mem:256.46M, Peak:278.33M | Scene, ViewLayer | Updating Geometry BVH common_foyer_mirror_door_01_fr2_mesh 484/1229 | Building BVH
Fra:1 Mem:616.25M (Peak 616.39M) | Time:00:01.14 | Mem:256.46M, Peak:278.33M | Scene, ViewLayer | Updating Geometry BVH A_living_dining_balcony_sofa_01_base_mesh 1185/1229 | Building BVH
Fra:1 Mem:616.25M (Peak 616.39M) | Time:00:01.14 | Mem:256.47M, Peak:278.33M | Scene, ViewLayer | Updating Geometry BVH common_foyer_mirror_door_01_fr3_mesh 485/1229 | Building BVH
Fra:1 Mem:616.25M (Peak 616.39M) | Time:00:01.14 | Mem:256.47M, Peak:278.33M | Scene, ViewLayer | Updating Geometry BVH common_elevator_hall_cabinet_01_body_mesh 487/1229 | Building BVH
Fra:1 Mem:616.25M (Peak 616.39M) | Time:00:01.14 | Mem:256.50M, Peak:278.33M | Scene, ViewLayer | Updating Geometry BVH common_elevator_hall_cabinet_01_door_gapbg_mesh 488/1229 | Building BVH
Fra:1 Mem:616.25M (Peak 616.39M) | Time:00:01.14 | Mem:256.51M, Peak:278.33M | Scene, ViewLayer | Updating Geometry BVH common_elevator_hall_cabinet_01_door_f0l_mesh 489/1229 | Building BVH
Fra:1 Mem:616.25M (Peak 616.39M) | Time:00:01.14 | Mem:256.52M, Peak:278.33M | Scene, ViewLayer | Updating Geometry BVH common_elevator_hall_cabinet_01_door_f0r_mesh 490/1229 | Building BVH
Fra:1 Mem:616.25M (Peak 616.39M) | Time:00:01.14 | Mem:256.52M, Peak:278.33M | Scene, ViewLayer | Updating Geometry BVH common_elevator_hall_cabinet_01_door_f0b_mesh 491/1229 | Building BVH
Fra:1 Mem:616.25M (Peak 616.39M) | Time:00:01.14 | Mem:256.52M, Peak:278.33M | Scene, ViewLayer | Updating Geometry BVH common_elevator_hall_cabinet_01_door_f0t_mesh 492/1229 | Building BVH
Fra:1 Mem:616.25M (Peak 616.39M) | Time:00:01.14 | Mem:256.57M, Peak:278.33M | Scene, ViewLayer | Updating Geometry BVH common_elevator_hall_cabinet_01_door_f0c_mesh 493/1229 | Building BVH
Fra:1 Mem:616.25M (Peak 616.39M) | Time:00:01.14 | Mem:256.58M, Peak:278.33M | Scene, ViewLayer | Updating Geometry BVH common_elevator_hall_cabinet_01_door_p0_mesh 494/1229 | Building BVH
Fra:1 Mem:616.25M (Peak 616.39M) | Time:00:01.14 | Mem:256.61M, Peak:278.33M | Scene, ViewLayer | Updating Geometry BVH common_living_dining_balcony_bookcase_01_body_mesh 495/1229 | Building BVH
Fra:1 Mem:616.25M (Peak 616.39M) | Time:00:01.14 | Mem:256.61M, Peak:278.33M | Scene, ViewLayer | Updating Geometry BVH common_living_dining_balcony_bookcase_01_drw_gapbg_mesh 496/1229 | Building BVH
Fra:1 Mem:616.25M (Peak 616.39M) | Time:00:01.14 | Mem:256.62M, Peak:278.33M | Scene, ViewLayer | Updating Geometry BVH A_living_dining_balcony_dining_chair_05_armf1_mesh 1184/1229 | Building BVH
Fra:1 Mem:616.25M (Peak 616.39M) | Time:00:01.14 | Mem:256.62M, Peak:278.33M | Scene, ViewLayer | Updating Geometry BVH common_living_dining_balcony_bookcase_01_drw_f0_mesh 497/1229 | Building BVH
Fra:1 Mem:616.25M (Peak 616.39M) | Time:00:01.14 | Mem:256.65M, Peak:278.33M | Scene, ViewLayer | Updating Geometry BVH common_living_dining_balcony_bookcase_01_drw_slot0_mesh 498/1229 | Building BVH
Fra:1 Mem:616.25M (Peak 616.39M) | Time:00:01.14 | Mem:256.66M, Peak:278.33M | Scene, ViewLayer | Updating Geometry BVH common_living_dining_balcony_bookcase_01_drw_f1_mesh 499/1229 | Building BVH
Fra:1 Mem:616.25M (Peak 616.39M) | Time:00:01.14 | Mem:256.66M, Peak:278.33M | Scene, ViewLayer | Updating Geometry BVH common_living_dining_balcony_bookcase_01_drw_slot1_mesh 500/1229 | Building BVH
Fra:1 Mem:616.25M (Peak 616.39M) | Time:00:01.14 | Mem:256.66M, Peak:278.33M | Scene, ViewLayer | Updating Geometry BVH common_living_dining_balcony_bookcase_01_drw_f2_mesh 501/1229 | Building BVH
Fra:1 Mem:616.25M (Peak 616.39M) | Time:00:01.14 | Mem:256.66M, Peak:278.33M | Scene, ViewLayer | Updating Geometry BVH common_living_dining_balcony_bookcase_01_drw_slot2_mesh 502/1229 | Building BVH
Fra:1 Mem:616.25M (Peak 616.39M) | Time:00:01.14 | Mem:256.72M, Peak:278.33M | Scene, ViewLayer | Updating Geometry BVH common_living_dining_balcony_bookcase_02_back_mesh 503/1229 | Building BVH
Fra:1 Mem:616.25M (Peak 616.39M) | Time:00:01.14 | Mem:256.72M, Peak:278.33M | Scene, ViewLayer | Updating Geometry BVH common_living_dining_balcony_bookcase_02_top_mesh 504/1229 | Building BVH
Fra:1 Mem:616.25M (Peak 616.39M) | Time:00:01.14 | Mem:256.72M, Peak:278.33M | Scene, ViewLayer | Updating Geometry BVH common_living_dining_balcony_bookcase_02_bot_mesh 505/1229 | Building BVH
Fra:1 Mem:616.25M (Peak 616.39M) | Time:00:01.14 | Mem:256.72M, Peak:278.33M | Scene, ViewLayer | Updating Geometry BVH common_living_dining_balcony_bookcase_02_div1_mesh 508/1229 | Building BVH
Fra:1 Mem:616.25M (Peak 616.39M) | Time:00:01.14 | Mem:256.74M, Peak:278.33M | Scene, ViewLayer | Updating Geometry BVH common_living_dining_balcony_bookcase_02_div2_mesh 509/1229 | Building BVH
Fra:1 Mem:616.25M (Peak 616.39M) | Time:00:01.14 | Mem:256.74M, Peak:278.33M | Scene, ViewLayer | Updating Geometry BVH A_living_dining_balcony_dining_chair_05_arm1_mesh 1183/1229 | Building BVH
Fra:1 Mem:616.25M (Peak 616.39M) | Time:00:01.14 | Mem:256.74M, Peak:278.33M | Scene, ViewLayer | Updating Geometry BVH common_living_dining_balcony_bookcase_02_shelf0_mesh 513/1229 | Building BVH
Fra:1 Mem:616.25M (Peak 616.39M) | Time:00:01.14 | Mem:256.74M, Peak:278.33M | Scene, ViewLayer | Updating Geometry BVH common_living_dining_balcony_bookcase_02_shelf3_mesh 516/1229 | Building BVH
Fra:1 Mem:616.25M (Peak 616.39M) | Time:00:01.14 | Mem:256.75M, Peak:278.33M | Scene, ViewLayer | Updating Geometry BVH common_living_dining_balcony_bookcase_02_gshelf0_mesh 517/1229 | Building BVH
Fra:1 Mem:616.25M (Peak 616.39M) | Time:00:01.14 | Mem:256.76M, Peak:278.33M | Scene, ViewLayer | Updating Geometry BVH common_living_dining_balcony_bookcase_02_gf_rlB_mesh 521/1229 | Building BVH
Fra:1 Mem:616.25M (Peak 616.39M) | Time:00:01.14 | Mem:256.76M, Peak:278.33M | Scene, ViewLayer | Updating Geometry BVH common_living_dining_balcony_bookcase_02_gpane_mesh 523/1229 | Building BVH
Fra:1 Mem:616.25M (Peak 616.39M) | Time:00:01.14 | Mem:256.82M, Peak:278.33M | Scene, ViewLayer | Updating Geometry BVH common_living_dining_balcony_bookcase_02_gknob_mesh 524/1229 | Building BVH
Fra:1 Mem:616.25M (Peak 616.39M) | Time:00:01.14 | Mem:256.97M, Peak:278.33M | Scene, ViewLayer | Updating Geometry BVH common_living_dining_balcony_laundry_cabinet_01_body_mesh 525/1229 | Building BVH
Fra:1 Mem:616.25M (Peak 616.39M) | Time:00:01.14 | Mem:256.97M, Peak:278.33M | Scene, ViewLayer | Updating Geometry BVH common_living_dining_balcony_laundry_cabinet_01_door_gapbg_mesh 526/1229 | Building BVH
Fra:1 Mem:616.25M (Peak 616.39M) | Time:00:01.14 | Mem:256.98M, Peak:278.33M | Scene, ViewLayer | Updating Geometry BVH common_living_dining_balcony_laundry_cabinet_01_door_f0r_mesh 528/1229 | Building BVH
Fra:1 Mem:616.25M (Peak 616.39M) | Time:00:01.14 | Mem:256.98M, Peak:278.33M | Scene, ViewLayer | Updating Geometry BVH common_living_dining_balcony_laundry_cabinet_01_door_f0t_mesh 530/1229 | Building BVH
Fra:1 Mem:616.25M (Peak 616.39M) | Time:00:01.14 | Mem:256.98M, Peak:278.33M | Scene, ViewLayer | Updating Geometry BVH common_living_dining_balcony_laundry_cabinet_01_door_f1r_mesh 534/1229 | Building BVH
Fra:1 Mem:616.25M (Peak 616.39M) | Time:00:01.14 | Mem:256.98M, Peak:278.33M | Scene, ViewLayer | Updating Geometry BVH common_living_dining_balcony_laundry_cabinet_01_door_f1t_mesh 536/1229 | Building BVH
Fra:1 Mem:616.25M (Peak 616.39M) | Time:00:01.14 | Mem:256.98M, Peak:278.33M | Scene, ViewLayer | Updating Geometry BVH common_living_dining_balcony_laundry_cabinet_01_door_f1c_mesh 537/1229 | Building BVH
Fra:1 Mem:616.25M (Peak 616.39M) | Time:00:01.14 | Mem:256.99M, Peak:278.33M | Scene, ViewLayer | Updating Geometry BVH common_master_bedroom_wardrobe_01_body_mesh 539/1229 | Building BVH
Fra:1 Mem:616.25M (Peak 616.39M) | Time:00:01.14 | Mem:256.99M, Peak:278.33M | Scene, ViewLayer | Updating Geometry BVH common_master_bedroom_wardrobe_01_door_gapbg_mesh 540/1229 | Building BVH
Fra:1 Mem:616.25M (Peak 616.39M) | Time:00:01.14 | Mem:257.00M, Peak:278.33M | Scene, ViewLayer | Updating Geometry BVH common_master_bedroom_wardrobe_01_door_f0l_mesh 541/1229 | Building BVH
Fra:1 Mem:616.25M (Peak 616.39M) | Time:00:01.14 | Mem:257.00M, Peak:278.33M | Scene, ViewLayer | Updating Geometry BVH common_master_bedroom_wardrobe_01_door_f0r_mesh 542/1229 | Building BVH
Fra:1 Mem:616.25M (Peak 616.39M) | Time:00:01.14 | Mem:257.01M, Peak:278.33M | Scene, ViewLayer | Updating Geometry BVH common_master_bedroom_wardrobe_01_door_f0b_mesh 543/1229 | Building BVH
Fra:1 Mem:616.25M (Peak 616.39M) | Time:00:01.14 | Mem:257.03M, Peak:278.33M | Scene, ViewLayer | Updating Geometry BVH common_master_bedroom_wardrobe_01_door_f0t_mesh 544/1229 | Building BVH
Fra:1 Mem:616.25M (Peak 616.39M) | Time:00:01.14 | Mem:257.04M, Peak:278.33M | Scene, ViewLayer | Updating Geometry BVH common_master_bedroom_wardrobe_01_door_p0_mesh 546/1229 | Building BVH
Fra:1 Mem:616.25M (Peak 616.39M) | Time:00:01.14 | Mem:257.06M, Peak:278.33M | Scene, ViewLayer | Updating Geometry BVH common_master_bedroom_wardrobe_01_door_f1l_mesh 547/1229 | Building BVH
Fra:1 Mem:616.25M (Peak 616.39M) | Time:00:01.14 | Mem:257.25M, Peak:278.33M | Scene, ViewLayer | Updating Geometry BVH common_master_bedroom_wardrobe_01_door_f1r_mesh 548/1229 | Building BVH
Fra:1 Mem:616.25M (Peak 616.39M) | Time:00:01.14 | Mem:257.35M, Peak:278.33M | Scene, ViewLayer | Updating Geometry BVH common_master_bedroom_wardrobe_01_door_f1b_mesh 549/1229 | Building BVH
Fra:1 Mem:616.25M (Peak 616.39M) | Time:00:01.14 | Mem:257.34M, Peak:278.33M | Scene, ViewLayer | Updating Geometry BVH common_master_bedroom_wardrobe_01_door_f1t_mesh 550/1229 | Building BVH
Fra:1 Mem:616.25M (Peak 616.39M) | Time:00:01.14 | Mem:257.33M, Peak:278.33M | Scene, ViewLayer | Updating Geometry BVH common_master_bedroom_wardrobe_01_door_f1c_mesh 551/1229 | Building BVH
Fra:1 Mem:616.25M (Peak 616.39M) | Time:00:01.15 | Mem:257.36M, Peak:278.33M | Scene, ViewLayer | Updating Geometry BVH common_master_bedroom_wardrobe_01_door_p1_mesh 552/1229 | Building BVH
Fra:1 Mem:616.25M (Peak 616.39M) | Time:00:01.15 | Mem:257.36M, Peak:278.33M | Scene, ViewLayer | Updating Geometry BVH common_master_bedroom_wardrobe_01_door_f2l_mesh 553/1229 | Building BVH
Fra:1 Mem:616.25M (Peak 616.39M) | Time:00:01.15 | Mem:257.37M, Peak:278.33M | Scene, ViewLayer | Updating Geometry BVH A_living_dining_balcony_dining_chair_05_arm0_mesh 1181/1229 | Building BVH
Fra:1 Mem:616.25M (Peak 616.39M) | Time:00:01.15 | Mem:257.39M, Peak:278.33M | Scene, ViewLayer | Updating Geometry BVH common_master_bedroom_wardrobe_01_door_f2r_mesh 554/1229 | Building BVH
Fra:1 Mem:616.25M (Peak 616.39M) | Time:00:01.15 | Mem:257.41M, Peak:278.33M | Scene, ViewLayer | Updating Geometry BVH common_master_bedroom_wardrobe_01_door_f2b_mesh 555/1229 | Building BVH
Fra:1 Mem:616.25M (Peak 616.39M) | Time:00:01.15 | Mem:257.42M, Peak:278.33M | Scene, ViewLayer | Updating Geometry BVH common_master_bedroom_wardrobe_01_door_f2t_mesh 556/1229 | Building BVH
Fra:1 Mem:616.25M (Peak 616.39M) | Time:00:01.15 | Mem:257.45M, Peak:278.33M | Scene, ViewLayer | Updating Geometry BVH common_master_bedroom_wardrobe_01_door_f2c_mesh 557/1229 | Building BVH
Fra:1 Mem:616.25M (Peak 616.39M) | Time:00:01.15 | Mem:257.45M, Peak:278.33M | Scene, ViewLayer | Updating Geometry BVH common_master_bedroom_wardrobe_01_door_p2_mesh 558/1229 | Building BVH
Fra:1 Mem:616.25M (Peak 616.39M) | Time:00:01.15 | Mem:257.45M, Peak:278.33M | Scene, ViewLayer | Updating Geometry BVH common_master_bedroom_wardrobe_01_door_f3l_mesh 559/1229 | Building BVH
Fra:1 Mem:616.25M (Peak 616.39M) | Time:00:01.15 | Mem:257.46M, Peak:278.33M | Scene, ViewLayer | Updating Geometry BVH common_master_bedroom_wardrobe_01_door_f3r_mesh 560/1229 | Building BVH
Fra:1 Mem:616.25M (Peak 616.39M) | Time:00:01.15 | Mem:257.47M, Peak:278.33M | Scene, ViewLayer | Updating Geometry BVH common_master_bedroom_wardrobe_01_door_f3b_mesh 561/1229 | Building BVH
Fra:1 Mem:616.25M (Peak 616.39M) | Time:00:01.15 | Mem:257.47M, Peak:278.33M | Scene, ViewLayer | Updating Geometry BVH common_master_bedroom_wardrobe_01_door_f3t_mesh 562/1229 | Building BVH
Fra:1 Mem:616.25M (Peak 616.39M) | Time:00:01.15 | Mem:257.54M, Peak:278.33M | Scene, ViewLayer | Updating Geometry BVH common_master_bedroom_wardrobe_01_door_f3c_mesh 563/1229 | Building BVH
Fra:1 Mem:616.25M (Peak 616.39M) | Time:00:01.15 | Mem:257.56M, Peak:278.33M | Scene, ViewLayer | Updating Geometry BVH common_master_bedroom_wardrobe_01_door_p3_mesh 564/1229 | Building BVH
Fra:1 Mem:616.25M (Peak 616.39M) | Time:00:01.15 | Mem:257.55M, Peak:278.33M | Scene, ViewLayer | Updating Geometry BVH common_master_bedroom_wardrobe_01_door_f4r_mesh 566/1229 | Building BVH
Fra:1 Mem:616.25M (Peak 616.39M) | Time:00:01.15 | Mem:257.55M, Peak:278.33M | Scene, ViewLayer | Updating Geometry BVH common_master_bedroom_wardrobe_01_door_f4b_mesh 567/1229 | Building BVH
Fra:1 Mem:616.25M (Peak 616.39M) | Time:00:01.15 | Mem:257.55M, Peak:278.33M | Scene, ViewLayer | Updating Geometry BVH common_master_bedroom_wardrobe_01_door_f4t_mesh 568/1229 | Building BVH
Fra:1 Mem:616.25M (Peak 616.39M) | Time:00:01.15 | Mem:257.55M, Peak:278.33M | Scene, ViewLayer | Updating Geometry BVH common_master_bedroom_wardrobe_01_door_f4c_mesh 569/1229 | Building BVH
Fra:1 Mem:616.25M (Peak 616.39M) | Time:00:01.15 | Mem:257.55M, Peak:278.33M | Scene, ViewLayer | Updating Geometry BVH common_master_bedroom_wardrobe_01_door_p4_mesh 570/1229 | Building BVH
Fra:1 Mem:616.25M (Peak 616.39M) | Time:00:01.15 | Mem:257.60M, Peak:278.33M | Scene, ViewLayer | Updating Geometry BVH common_master_bedroom_wardrobe_01_door_f5l_mesh 571/1229 | Building BVH
Fra:1 Mem:616.25M (Peak 616.39M) | Time:00:01.15 | Mem:257.68M, Peak:278.33M | Scene, ViewLayer | Updating Geometry BVH A_living_dining_balcony_dining_chair_05_legt3_mesh 1180/1229 | Building BVH
Fra:1 Mem:616.25M (Peak 616.39M) | Time:00:01.15 | Mem:257.68M, Peak:278.33M | Scene, ViewLayer | Updating Geometry BVH common_master_bedroom_wardrobe_01_door_f5r_mesh 572/1229 | Building BVH
Fra:1 Mem:616.25M (Peak 616.39M) | Time:00:01.15 | Mem:257.68M, Peak:278.33M | Scene, ViewLayer | Updating Geometry BVH common_master_bedroom_wardrobe_01_door_f5b_mesh 573/1229 | Building BVH
Fra:1 Mem:616.25M (Peak 616.39M) | Time:00:01.15 | Mem:257.67M, Peak:278.33M | Scene, ViewLayer | Updating Geometry BVH common_master_bedroom_wardrobe_01_door_f5t_mesh 574/1229 | Building BVH
Fra:1 Mem:616.25M (Peak 616.39M) | Time:00:01.15 | Mem:257.67M, Peak:278.33M | Scene, ViewLayer | Updating Geometry BVH common_master_bedroom_wardrobe_01_door_f5c_mesh 575/1229 | Building BVH
Fra:1 Mem:616.25M (Peak 616.39M) | Time:00:01.15 | Mem:257.70M, Peak:278.33M | Scene, ViewLayer | Updating Geometry BVH common_master_bedroom_wardrobe_01_door_p5_mesh 576/1229 | Building BVH
Fra:1 Mem:616.25M (Peak 616.39M) | Time:00:01.15 | Mem:257.71M, Peak:278.33M | Scene, ViewLayer | Updating Geometry BVH common_master_bedroom_wardrobe_01_door_f6l_mesh 577/1229 | Building BVH
Fra:1 Mem:616.25M (Peak 616.39M) | Time:00:01.15 | Mem:257.73M, Peak:278.33M | Scene, ViewLayer | Updating Geometry BVH common_master_bedroom_wardrobe_01_door_f6r_mesh 578/1229 | Building BVH
Fra:1 Mem:616.25M (Peak 616.39M) | Time:00:01.15 | Mem:257.74M, Peak:278.33M | Scene, ViewLayer | Updating Geometry BVH common_master_bedroom_wardrobe_01_door_f6b_mesh 579/1229 | Building BVH
Fra:1 Mem:616.25M (Peak 616.39M) | Time:00:01.15 | Mem:257.80M, Peak:278.33M | Scene, ViewLayer | Updating Geometry BVH common_master_bedroom_wardrobe_01_door_f6t_mesh 580/1229 | Building BVH
Fra:1 Mem:616.25M (Peak 616.39M) | Time:00:01.15 | Mem:257.79M, Peak:278.33M | Scene, ViewLayer | Updating Geometry BVH common_master_bedroom_wardrobe_01_door_f6c_mesh 581/1229 | Building BVH
Fra:1 Mem:616.25M (Peak 616.39M) | Time:00:01.15 | Mem:257.79M, Peak:278.33M | Scene, ViewLayer | Updating Geometry BVH common_master_bedroom_wardrobe_01_door_p6_mesh 582/1229 | Building BVH
Fra:1 Mem:616.25M (Peak 616.39M) | Time:00:01.15 | Mem:257.82M, Peak:278.33M | Scene, ViewLayer | Updating Geometry BVH common_master_bedroom_open_niche_01_back_mesh 583/1229 | Building BVH
Fra:1 Mem:616.25M (Peak 616.39M) | Time:00:01.15 | Mem:257.84M, Peak:278.33M | Scene, ViewLayer | Updating Geometry BVH common_master_bedroom_open_niche_01_cheek0_mesh 584/1229 | Building BVH
Fra:1 Mem:616.25M (Peak 616.39M) | Time:00:01.15 | Mem:257.84M, Peak:278.33M | Scene, ViewLayer | Updating Geometry BVH common_master_bedroom_open_niche_01_cheek1_mesh 585/1229 | Building BVH
Fra:1 Mem:616.25M (Peak 616.39M) | Time:00:01.15 | Mem:257.84M, Peak:278.33M | Scene, ViewLayer | Updating Geometry BVH common_master_bedroom_open_niche_01_top_mesh 586/1229 | Building BVH
Fra:1 Mem:616.25M (Peak 616.39M) | Time:00:01.15 | Mem:257.86M, Peak:278.33M | Scene, ViewLayer | Updating Geometry BVH A_living_dining_balcony_dining_chair_05_leg3_mesh 1179/1229 | Building BVH
Fra:1 Mem:616.25M (Peak 616.39M) | Time:00:01.15 | Mem:257.87M, Peak:278.33M | Scene, ViewLayer | Updating Geometry BVH common_master_bedroom_open_niche_01_bottom_mesh 587/1229 | Building BVH
Fra:1 Mem:616.25M (Peak 616.39M) | Time:00:01.15 | Mem:257.88M, Peak:278.33M | Scene, ViewLayer | Updating Geometry BVH common_master_bedroom_open_niche_01_sh0_mesh 588/1229 | Building BVH
Fra:1 Mem:616.25M (Peak 616.39M) | Time:00:01.15 | Mem:257.88M, Peak:278.33M | Scene, ViewLayer | Updating Geometry BVH common_master_bedroom_open_niche_01_sh1_mesh 589/1229 | Building BVH
Fra:1 Mem:616.25M (Peak 616.39M) | Time:00:01.15 | Mem:257.88M, Peak:278.33M | Scene, ViewLayer | Updating Geometry BVH common_master_bedroom_open_niche_01_sh2_mesh 590/1229 | Building BVH
Fra:1 Mem:616.25M (Peak 616.39M) | Time:00:01.15 | Mem:257.89M, Peak:278.33M | Scene, ViewLayer | Updating Geometry BVH common_master_bath_vanity_01_cab_mesh 591/1229 | Building BVH
Fra:1 Mem:616.25M (Peak 616.39M) | Time:00:01.15 | Mem:257.91M, Peak:278.33M | Scene, ViewLayer | Updating Geometry BVH common_master_bath_vanity_01_drw_gapbg_mesh 592/1229 | Building BVH
Fra:1 Mem:616.25M (Peak 616.39M) | Time:00:01.15 | Mem:257.92M, Peak:278.33M | Scene, ViewLayer | Updating Geometry BVH common_master_bath_vanity_01_drw_p0_mesh 594/1229 | Building BVH
Fra:1 Mem:616.25M (Peak 616.39M) | Time:00:01.15 | Mem:257.92M, Peak:278.33M | Scene, ViewLayer | Updating Geometry BVH common_master_bath_vanity_01_drw_f1_mesh 595/1229 | Building BVH
Fra:1 Mem:616.25M (Peak 616.39M) | Time:00:01.15 | Mem:257.92M, Peak:278.33M | Scene, ViewLayer | Updating Geometry BVH common_master_bath_vanity_01_drw_p1_mesh 596/1229 | Building BVH
Fra:1 Mem:616.25M (Peak 616.39M) | Time:00:01.15 | Mem:257.92M, Peak:278.33M | Scene, ViewLayer | Updating Geometry BVH common_master_bath_vanity_01_top_s1_mesh 597/1229 | Building BVH
Fra:1 Mem:616.25M (Peak 616.39M) | Time:00:01.15 | Mem:257.92M, Peak:278.33M | Scene, ViewLayer | Updating Geometry BVH common_master_bath_vanity_01_top_s2_mesh 598/1229 | Building BVH
Fra:1 Mem:616.25M (Peak 616.39M) | Time:00:01.15 | Mem:257.97M, Peak:278.33M | Scene, ViewLayer | Updating Geometry BVH common_master_bath_vanity_01_top_s3_mesh 599/1229 | Building BVH
Fra:1 Mem:616.25M (Peak 616.39M) | Time:00:01.15 | Mem:257.97M, Peak:278.33M | Scene, ViewLayer | Updating Geometry BVH common_master_bath_vanity_01_bowl_mesh 601/1229 | Building BVH
Fra:1 Mem:616.25M (Peak 616.39M) | Time:00:01.15 | Mem:257.99M, Peak:278.33M | Scene, ViewLayer | Updating Geometry BVH common_master_bath_vanity_01_cav_mesh 602/1229 | Building BVH
Fra:1 Mem:616.25M (Peak 616.39M) | Time:00:01.15 | Mem:258.05M, Peak:278.33M | Scene, ViewLayer | Updating Geometry BVH common_master_bath_vanity_01_fc_base_mesh 603/1229 | Building BVH
Fra:1 Mem:616.25M (Peak 616.39M) | Time:00:01.15 | Mem:258.07M, Peak:278.33M | Scene, ViewLayer | Updating Geometry BVH common_master_bath_vanity_01_fc_riser_mesh 604/1229 | Building BVH
Fra:1 Mem:616.25M (Peak 616.39M) | Time:00:01.15 | Mem:258.08M, Peak:278.33M | Scene, ViewLayer | Updating Geometry BVH common_master_bath_vanity_01_fc_spout_mesh 605/1229 | Building BVH
Fra:1 Mem:616.25M (Peak 616.39M) | Time:00:01.15 | Mem:258.08M, Peak:278.33M | Scene, ViewLayer | Updating Geometry BVH common_master_bath_vanity_01_fc_tip_mesh 606/1229 | Building BVH
Fra:1 Mem:616.25M (Peak 616.39M) | Time:00:01.15 | Mem:258.08M, Peak:278.33M | Scene, ViewLayer | Updating Geometry BVH common_master_bath_mirror_cabinet_01_body_mesh 607/1229 | Building BVH
Fra:1 Mem:616.25M (Peak 616.39M) | Time:00:01.15 | Mem:258.10M, Peak:278.33M | Scene, ViewLayer | Updating Geometry BVH common_master_bath_mirror_cabinet_01_mir_f0_mesh 608/1229 | Building BVH
Fra:1 Mem:616.25M (Peak 616.39M) | Time:00:01.15 | Mem:258.11M, Peak:278.33M | Scene, ViewLayer | Updating Geometry BVH A_living_dining_balcony_dining_chair_05_legt2_mesh 1178/1229 | Building BVH
Fra:1 Mem:616.25M (Peak 616.39M) | Time:00:01.15 | Mem:258.11M, Peak:278.33M | Scene, ViewLayer | Updating Geometry BVH common_master_bath_toilet_01_base_mesh 609/1229 | Building BVH
Fra:1 Mem:616.25M (Peak 616.39M) | Time:00:01.15 | Mem:258.15M, Peak:278.33M | Scene, ViewLayer | Updating Geometry BVH common_master_bath_toilet_01_seat_mesh 610/1229 | Building BVH
Fra:1 Mem:616.25M (Peak 616.39M) | Time:00:01.15 | Mem:258.15M, Peak:278.33M | Scene, ViewLayer | Updating Geometry BVH common_master_bath_toilet_01_tank_mesh 611/1229 | Building BVH
Fra:1 Mem:616.25M (Peak 616.39M) | Time:00:01.15 | Mem:258.16M, Peak:278.33M | Scene, ViewLayer | Updating Geometry BVH common_master_bath_glass_partition_01_fr0_mesh 612/1229 | Building BVH
Fra:1 Mem:616.25M (Peak 616.39M) | Time:00:01.15 | Mem:258.17M, Peak:278.33M | Scene, ViewLayer | Updating Geometry BVH common_master_bath_glass_partition_01_fr1_mesh 613/1229 | Building BVH
Fra:1 Mem:616.25M (Peak 616.39M) | Time:00:01.15 | Mem:258.17M, Peak:278.33M | Scene, ViewLayer | Updating Geometry BVH common_master_bath_glass_partition_01_fr2_mesh 614/1229 | Building BVH
Fra:1 Mem:616.25M (Peak 616.39M) | Time:00:01.15 | Mem:258.20M, Peak:278.33M | Scene, ViewLayer | Updating Geometry BVH common_master_bath_glass_partition_01_fr3_mesh 615/1229 | Building BVH
Fra:1 Mem:616.25M (Peak 616.39M) | Time:00:01.15 | Mem:258.21M, Peak:278.33M | Scene, ViewLayer | Updating Geometry BVH common_master_bath_glass_partition_01_fr4_mesh 616/1229 | Building BVH
Fra:1 Mem:616.25M (Peak 616.39M) | Time:00:01.15 | Mem:258.21M, Peak:278.33M | Scene, ViewLayer | Updating Geometry BVH common_master_bath_shower_floor_01_pan_mesh 617/1229 | Building BVH
Fra:1 Mem:616.25M (Peak 616.39M) | Time:00:01.15 | Mem:258.23M, Peak:278.33M | Scene, ViewLayer | Updating Geometry BVH common_corridor_vanity_01_cab_mesh 619/1229 | Building BVH
Fra:1 Mem:616.25M (Peak 616.39M) | Time:00:01.15 | Mem:258.24M, Peak:278.33M | Scene, ViewLayer | Updating Geometry BVH common_corridor_vanity_01_drw_gapbg_mesh 620/1229 | Building BVH
Fra:1 Mem:616.25M (Peak 616.39M) | Time:00:01.15 | Mem:258.24M, Peak:278.33M | Scene, ViewLayer | Updating Geometry BVH common_corridor_vanity_01_drw_f0_mesh 621/1229 | Building BVH
Fra:1 Mem:616.25M (Peak 616.39M) | Time:00:01.15 | Mem:258.25M, Peak:278.33M | Scene, ViewLayer | Updating Geometry BVH common_corridor_vanity_01_drw_p0_mesh 622/1229 | Building BVH
Fra:1 Mem:616.25M (Peak 616.39M) | Time:00:01.15 | Mem:258.25M, Peak:278.33M | Scene, ViewLayer | Updating Geometry BVH common_corridor_vanity_01_drw_f1_mesh 623/1229 | Building BVH
Fra:1 Mem:616.25M (Peak 616.39M) | Time:00:01.15 | Mem:258.28M, Peak:278.33M | Scene, ViewLayer | Updating Geometry BVH common_corridor_vanity_01_drw_p1_mesh 624/1229 | Building BVH
Fra:1 Mem:616.25M (Peak 616.39M) | Time:00:01.15 | Mem:258.28M, Peak:278.33M | Scene, ViewLayer | Updating Geometry BVH common_corridor_vanity_01_drw_f2_mesh 625/1229 | Building BVH
Fra:1 Mem:616.25M (Peak 616.39M) | Time:00:01.15 | Mem:258.33M, Peak:278.33M | Scene, ViewLayer | Updating Geometry BVH common_corridor_vanity_01_drw_p2_mesh 626/1229 | Building BVH
Fra:1 Mem:616.25M (Peak 616.39M) | Time:00:01.15 | Mem:258.33M, Peak:278.33M | Scene, ViewLayer | Updating Geometry BVH common_corridor_vanity_01_top_s1_mesh 627/1229 | Building BVH
Fra:1 Mem:616.25M (Peak 616.39M) | Time:00:01.15 | Mem:258.36M, Peak:278.33M | Scene, ViewLayer | Updating Geometry BVH common_corridor_vanity_01_top_s3_mesh 629/1229 | Building BVH
Fra:1 Mem:616.25M (Peak 616.39M) | Time:00:01.15 | Mem:258.36M, Peak:278.33M | Scene, ViewLayer | Updating Geometry BVH common_corridor_vanity_01_top_s2_mesh 628/1229 | Building BVH
Fra:1 Mem:616.25M (Peak 616.39M) | Time:00:01.15 | Mem:258.37M, Peak:278.33M | Scene, ViewLayer | Updating Geometry BVH common_corridor_vanity_01_top_s4_mesh 630/1229 | Building BVH
Fra:1 Mem:616.25M (Peak 616.39M) | Time:00:01.15 | Mem:258.38M, Peak:278.33M | Scene, ViewLayer | Updating Geometry BVH common_corridor_vanity_01_top_s5_mesh 631/1229 | Building BVH
Fra:1 Mem:616.25M (Peak 616.39M) | Time:00:01.15 | Mem:258.41M, Peak:278.33M | Scene, ViewLayer | Updating Geometry BVH common_corridor_vanity_01_bowl_mesh 632/1229 | Building BVH
Fra:1 Mem:616.25M (Peak 616.39M) | Time:00:01.15 | Mem:258.41M, Peak:278.33M | Scene, ViewLayer | Updating Geometry BVH common_corridor_vanity_01_fc353_base_mesh 634/1229 | Building BVH
Fra:1 Mem:616.25M (Peak 616.39M) | Time:00:01.15 | Mem:258.44M, Peak:278.33M | Scene, ViewLayer | Updating Geometry BVH A_living_dining_balcony_dining_chair_05_leg2_mesh 1177/1229 | Building BVH
Fra:1 Mem:616.25M (Peak 616.39M) | Time:00:01.15 | Mem:258.44M, Peak:278.33M | Scene, ViewLayer | Updating Geometry BVH common_corridor_vanity_01_fc353_riser_mesh 635/1229 | Building BVH
Fra:1 Mem:616.25M (Peak 616.39M) | Time:00:01.15 | Mem:258.46M, Peak:278.33M | Scene, ViewLayer | Updating Geometry BVH common_corridor_vanity_01_fc353_spout_mesh 636/1229 | Building BVH
Fra:1 Mem:616.25M (Peak 616.39M) | Time:00:01.15 | Mem:258.46M, Peak:278.33M | Scene, ViewLayer | Updating Geometry BVH common_corridor_vanity_01_fc353_tip_mesh 637/1229 | Building BVH
Fra:1 Mem:616.25M (Peak 616.39M) | Time:00:01.15 | Mem:258.48M, Peak:278.33M | Scene, ViewLayer | Updating Geometry BVH common_corridor_vanity_01_bowl_mesh.001 638/1229 | Building BVH
Fra:1 Mem:616.25M (Peak 616.39M) | Time:00:01.15 | Mem:258.49M, Peak:278.33M | Scene, ViewLayer | Updating Geometry BVH common_corridor_vanity_01_cav_mesh.001 639/1229 | Building BVH
Fra:1 Mem:616.25M (Peak 616.39M) | Time:00:01.15 | Mem:258.50M, Peak:278.33M | Scene, ViewLayer | Updating Geometry BVH common_corridor_vanity_01_fc281_base_mesh 640/1229 | Building BVH
Fra:1 Mem:616.25M (Peak 616.39M) | Time:00:01.15 | Mem:258.52M, Peak:278.33M | Scene, ViewLayer | Updating Geometry BVH common_corridor_vanity_01_fc281_riser_mesh 641/1229 | Building BVH
Fra:1 Mem:616.25M (Peak 616.39M) | Time:00:01.15 | Mem:258.52M, Peak:278.33M | Scene, ViewLayer | Updating Geometry BVH common_corridor_vanity_01_fc281_spout_mesh 642/1229 | Building BVH
Fra:1 Mem:616.25M (Peak 616.39M) | Time:00:01.15 | Mem:258.52M, Peak:278.33M | Scene, ViewLayer | Updating Geometry BVH common_corridor_vanity_01_fc281_tip_mesh 643/1229 | Building BVH
Fra:1 Mem:616.25M (Peak 616.39M) | Time:00:01.15 | Mem:258.52M, Peak:278.33M | Scene, ViewLayer | Updating Geometry BVH common_corridor_mirror_cabinet_01_body_mesh 644/1229 | Building BVH
Fra:1 Mem:616.25M (Peak 616.39M) | Time:00:01.15 | Mem:258.52M, Peak:278.33M | Scene, ViewLayer | Updating Geometry BVH common_corridor_mirror_cabinet_01_mir_f0_mesh 645/1229 | Building BVH
Fra:1 Mem:616.25M (Peak 616.39M) | Time:00:01.15 | Mem:258.53M, Peak:278.33M | Scene, ViewLayer | Updating Geometry BVH A_living_dining_balcony_dining_chair_05_legt1_mesh 1176/1229 | Building BVH
Fra:1 Mem:616.25M (Peak 616.39M) | Time:00:01.15 | Mem:258.54M, Peak:278.33M | Scene, ViewLayer | Updating Geometry BVH common_corridor_mirror_cabinet_01_mir_f1_mesh 646/1229 | Building BVH
Fra:1 Mem:616.25M (Peak 616.39M) | Time:00:01.15 | Mem:258.58M, Peak:278.33M | Scene, ViewLayer | Updating Geometry BVH common_public_bath_wet_shower_floor_01_pan_mesh 647/1229 | Building BVH
Fra:1 Mem:616.25M (Peak 616.39M) | Time:00:01.16 | Mem:258.60M, Peak:278.33M | Scene, ViewLayer | Updating Geometry BVH common_public_bath_wet_shower_floor_01_drain_mesh 648/1229 | Building BVH
Fra:1 Mem:616.25M (Peak 616.39M) | Time:00:01.16 | Mem:258.60M, Peak:278.33M | Scene, ViewLayer | Updating Geometry BVH common_public_bath_wet_glass_partition_01_fr0_mesh 649/1229 | Building BVH
Fra:1 Mem:616.25M (Peak 616.39M) | Time:00:01.16 | Mem:258.60M, Peak:278.33M | Scene, ViewLayer | Updating Geometry BVH common_public_bath_wet_glass_partition_01_fr1_mesh 650/1229 | Building BVH
Fra:1 Mem:616.25M (Peak 616.39M) | Time:00:01.16 | Mem:258.61M, Peak:278.33M | Scene, ViewLayer | Updating Geometry BVH common_public_bath_wet_glass_partition_01_fr2_mesh 651/1229 | Building BVH
Fra:1 Mem:616.25M (Peak 616.39M) | Time:00:01.16 | Mem:258.61M, Peak:278.33M | Scene, ViewLayer | Updating Geometry BVH common_public_bath_wet_glass_partition_01_fr3_mesh 652/1229 | Building BVH
Fra:1 Mem:616.25M (Peak 616.39M) | Time:00:01.16 | Mem:258.62M, Peak:278.33M | Scene, ViewLayer | Updating Geometry BVH common_public_bath_wet_glass_partition_01_fr4_mesh 653/1229 | Building BVH
Fra:1 Mem:616.25M (Peak 616.39M) | Time:00:01.16 | Mem:258.65M, Peak:278.33M | Scene, ViewLayer | Updating Geometry BVH common_public_bath_wet_toilet_01_base_mesh 654/1229 | Building BVH
Fra:1 Mem:616.25M (Peak 616.39M) | Time:00:01.16 | Mem:258.68M, Peak:278.33M | Scene, ViewLayer | Updating Geometry BVH common_public_bath_wet_toilet_01_seat_mesh 655/1229 | Building BVH
Fra:1 Mem:616.25M (Peak 616.39M) | Time:00:01.16 | Mem:258.68M, Peak:278.33M | Scene, ViewLayer | Updating Geometry BVH common_public_bath_wet_toilet_01_tank_mesh 656/1229 | Building BVH
Fra:1 Mem:616.25M (Peak 616.39M) | Time:00:01.16 | Mem:258.69M, Peak:278.33M | Scene, ViewLayer | Updating Geometry BVH common_parents_room_wardrobe_01_body_mesh 657/1229 | Building BVH
Fra:1 Mem:616.25M (Peak 616.39M) | Time:00:01.16 | Mem:258.70M, Peak:278.33M | Scene, ViewLayer | Updating Geometry BVH common_parents_room_wardrobe_01_slA_f2_mesh 660/1229 | Building BVH
Fra:1 Mem:616.25M (Peak 616.39M) | Time:00:01.16 | Mem:258.71M, Peak:278.33M | Scene, ViewLayer | Updating Geometry BVH common_parents_room_wardrobe_01_slB_f0_mesh 661/1229 | Building BVH
Fra:1 Mem:616.25M (Peak 616.39M) | Time:00:01.16 | Mem:258.71M, Peak:278.33M | Scene, ViewLayer | Updating Geometry BVH common_parents_room_wardrobe_01_slB_f1_mesh 662/1229 | Building BVH
Fra:1 Mem:616.25M (Peak 616.39M) | Time:00:01.16 | Mem:258.77M, Peak:278.33M | Scene, ViewLayer | Updating Geometry BVH common_parents_room_wardrobe_01_slB_f2_mesh 663/1229 | Building BVH
Fra:1 Mem:616.25M (Peak 616.39M) | Time:00:01.16 | Mem:258.80M, Peak:278.33M | Scene, ViewLayer | Updating Geometry BVH common_master_bedroom_screen_01_slat00_mesh 664/1229 | Building BVH
Fra:1 Mem:616.25M (Peak 616.39M) | Time:00:01.16 | Mem:258.81M, Peak:278.33M | Scene, ViewLayer | Updating Geometry BVH common_master_bedroom_screen_01_slat01_mesh 665/1229 | Building BVH
Fra:1 Mem:616.25M (Peak 616.39M) | Time:00:01.16 | Mem:258.84M, Peak:278.33M | Scene, ViewLayer | Updating Geometry BVH common_master_bedroom_screen_01_slat02_mesh 666/1229 | Building BVH
Fra:1 Mem:616.25M (Peak 616.39M) | Time:00:01.16 | Mem:258.84M, Peak:278.33M | Scene, ViewLayer | Updating Geometry BVH common_master_bedroom_screen_01_slat03_mesh 667/1229 | Building BVH
Fra:1 Mem:616.25M (Peak 616.39M) | Time:00:01.16 | Mem:258.86M, Peak:278.33M | Scene, ViewLayer | Updating Geometry BVH common_master_bedroom_screen_01_slat04_mesh 668/1229 | Building BVH
Fra:1 Mem:616.25M (Peak 616.39M) | Time:00:01.16 | Mem:258.89M, Peak:278.33M | Scene, ViewLayer | Updating Geometry BVH common_master_bedroom_screen_01_slat05_mesh 669/1229 | Building BVH
Fra:1 Mem:616.25M (Peak 616.39M) | Time:00:01.16 | Mem:258.89M, Peak:278.33M | Scene, ViewLayer | Updating Geometry BVH common_master_bedroom_screen_01_slat06_mesh 670/1229 | Building BVH
Fra:1 Mem:616.25M (Peak 616.39M) | Time:00:01.16 | Mem:258.90M, Peak:278.33M | Scene, ViewLayer | Updating Geometry BVH common_master_bedroom_screen_01_slat07_mesh 671/1229 | Building BVH
Fra:1 Mem:616.25M (Peak 616.39M) | Time:00:01.16 | Mem:258.91M, Peak:278.33M | Scene, ViewLayer | Updating Geometry BVH A_living_dining_balcony_dining_chair_05_leg1_mesh 1175/1229 | Building BVH
Fra:1 Mem:616.25M (Peak 616.39M) | Time:00:01.16 | Mem:258.93M, Peak:278.33M | Scene, ViewLayer | Updating Geometry BVH common_master_bedroom_screen_01_slat08_mesh 672/1229 | Building BVH
Fra:1 Mem:616.25M (Peak 616.39M) | Time:00:01.16 | Mem:258.94M, Peak:278.33M | Scene, ViewLayer | Updating Geometry BVH common_master_bedroom_screen_01_slat10_mesh 674/1229 | Building BVH
Fra:1 Mem:616.25M (Peak 616.39M) | Time:00:01.16 | Mem:258.95M, Peak:278.33M | Scene, ViewLayer | Updating Geometry BVH common_master_bedroom_screen_01_slat11_mesh 675/1229 | Building BVH
Fra:1 Mem:616.25M (Peak 616.39M) | Time:00:01.16 | Mem:258.95M, Peak:278.33M | Scene, ViewLayer | Updating Geometry BVH common_master_bedroom_screen_01_slat12_mesh 676/1229 | Building BVH
Fra:1 Mem:616.25M (Peak 616.39M) | Time:00:01.16 | Mem:258.95M, Peak:278.33M | Scene, ViewLayer | Updating Geometry BVH common_master_bedroom_screen_01_slat13_mesh 677/1229 | Building BVH
Fra:1 Mem:616.25M (Peak 616.39M) | Time:00:01.16 | Mem:258.96M, Peak:278.33M | Scene, ViewLayer | Updating Geometry BVH common_master_bedroom_screen_01_slat14_mesh 678/1229 | Building BVH
Fra:1 Mem:616.26M (Peak 616.39M) | Time:00:01.16 | Mem:259.01M, Peak:278.33M | Scene, ViewLayer | Updating Geometry BVH common_master_bedroom_screen_01_slat15_mesh 679/1229 | Building BVH
Fra:1 Mem:616.26M (Peak 616.39M) | Time:00:01.16 | Mem:259.08M, Peak:278.33M | Scene, ViewLayer | Updating Geometry BVH common_master_bedroom_screen_01_slat16_mesh 680/1229 | Building BVH
Fra:1 Mem:616.26M (Peak 616.39M) | Time:00:01.16 | Mem:259.08M, Peak:278.33M | Scene, ViewLayer | Updating Geometry BVH common_master_bedroom_screen_01_slat17_mesh 681/1229 | Building BVH
Fra:1 Mem:616.26M (Peak 616.39M) | Time:00:01.16 | Mem:259.08M, Peak:278.33M | Scene, ViewLayer | Updating Geometry BVH common_master_bedroom_screen_01_slat18_mesh 682/1229 | Building BVH
Fra:1 Mem:616.26M (Peak 616.39M) | Time:00:01.16 | Mem:259.10M, Peak:278.33M | Scene, ViewLayer | Updating Geometry BVH common_master_bedroom_screen_01_cap_mesh 683/1229 | Building BVH
Fra:1 Mem:616.26M (Peak 616.39M) | Time:00:01.16 | Mem:259.10M, Peak:278.33M | Scene, ViewLayer | Updating Geometry BVH mb_shower_mixer_mesh 684/1229 | Building BVH
Fra:1 Mem:616.26M (Peak 616.39M) | Time:00:01.16 | Mem:259.09M, Peak:278.33M | Scene, ViewLayer | Updating Geometry BVH mb_shower_rail_mesh 685/1229 | Building BVH
Fra:1 Mem:616.26M (Peak 616.39M) | Time:00:01.16 | Mem:259.10M, Peak:278.33M | Scene, ViewLayer | Updating Geometry BVH mb_shower_hand_mesh 686/1229 | Building BVH
Fra:1 Mem:616.26M (Peak 616.39M) | Time:00:01.16 | Mem:259.15M, Peak:278.33M | Scene, ViewLayer | Updating Geometry BVH mb_shower_arm_mesh 687/1229 | Building BVH
Fra:1 Mem:616.26M (Peak 616.39M) | Time:00:01.16 | Mem:259.15M, Peak:278.33M | Scene, ViewLayer | Updating Geometry BVH mb_shower_rain_mesh 688/1229 | Building BVH
Fra:1 Mem:616.26M (Peak 616.39M) | Time:00:01.16 | Mem:259.17M, Peak:278.33M | Scene, ViewLayer | Updating Geometry BVH fx_mb_niche_back_mesh 689/1229 | Building BVH
Fra:1 Mem:616.26M (Peak 616.39M) | Time:00:01.16 | Mem:259.17M, Peak:278.33M | Scene, ViewLayer | Updating Geometry BVH fx_mb_niche_side0_mesh 690/1229 | Building BVH
Fra:1 Mem:616.26M (Peak 616.39M) | Time:00:01.16 | Mem:259.19M, Peak:278.33M | Scene, ViewLayer | Updating Geometry BVH fx_mb_niche_side1_mesh 691/1229 | Building BVH
Fra:1 Mem:616.26M (Peak 616.39M) | Time:00:01.16 | Mem:259.19M, Peak:278.33M | Scene, ViewLayer | Updating Geometry BVH fx_mb_niche_btm_mesh 692/1229 | Building BVH
Fra:1 Mem:616.26M (Peak 616.39M) | Time:00:01.16 | Mem:259.19M, Peak:278.33M | Scene, ViewLayer | Updating Geometry BVH fx_mb_niche_top_mesh 693/1229 | Building BVH
Fra:1 Mem:616.26M (Peak 616.39M) | Time:00:01.16 | Mem:259.19M, Peak:278.33M | Scene, ViewLayer | Updating Geometry BVH fx_mb_paper_plate_mesh 694/1229 | Building BVH
Fra:1 Mem:616.26M (Peak 616.39M) | Time:00:01.16 | Mem:259.20M, Peak:278.33M | Scene, ViewLayer | Updating Geometry BVH fx_mb_paper_rod_mesh 695/1229 | Building BVH
Fra:1 Mem:616.26M (Peak 616.39M) | Time:00:01.16 | Mem:259.22M, Peak:278.33M | Scene, ViewLayer | Updating Geometry BVH pb_shower_mixer_mesh 696/1229 | Building BVH
Fra:1 Mem:616.26M (Peak 616.39M) | Time:00:01.16 | Mem:259.22M, Peak:278.33M | Scene, ViewLayer | Updating Geometry BVH pb_shower_hand_mesh 698/1229 | Building BVH
Fra:1 Mem:616.26M (Peak 616.39M) | Time:00:01.16 | Mem:259.25M, Peak:278.33M | Scene, ViewLayer | Updating Geometry BVH pb_shower_arm_mesh 699/1229 | Building BVH
Fra:1 Mem:616.26M (Peak 616.39M) | Time:00:01.16 | Mem:259.26M, Peak:278.33M | Scene, ViewLayer | Updating Geometry BVH pb_shower_rain_mesh 700/1229 | Building BVH
Fra:1 Mem:616.26M (Peak 616.39M) | Time:00:01.16 | Mem:259.27M, Peak:278.33M | Scene, ViewLayer | Updating Geometry BVH fx_pb_niche_back_mesh 701/1229 | Building BVH
Fra:1 Mem:616.26M (Peak 616.39M) | Time:00:01.16 | Mem:259.28M, Peak:278.33M | Scene, ViewLayer | Updating Geometry BVH fx_pb_niche_side0_mesh 702/1229 | Building BVH
Fra:1 Mem:616.26M (Peak 616.39M) | Time:00:01.16 | Mem:259.30M, Peak:278.33M | Scene, ViewLayer | Updating Geometry BVH fx_pb_niche_side1_mesh 703/1229 | Building BVH
Fra:1 Mem:616.26M (Peak 616.39M) | Time:00:01.16 | Mem:259.29M, Peak:278.33M | Scene, ViewLayer | Updating Geometry BVH fx_pb_niche_btm_mesh 704/1229 | Building BVH
Fra:1 Mem:616.26M (Peak 616.39M) | Time:00:01.16 | Mem:259.31M, Peak:278.33M | Scene, ViewLayer | Updating Geometry BVH fx_pb_niche_top_mesh 705/1229 | Building BVH
Fra:1 Mem:616.26M (Peak 616.39M) | Time:00:01.16 | Mem:259.31M, Peak:278.33M | Scene, ViewLayer | Updating Geometry BVH fx_stool_top_mesh 706/1229 | Building BVH
Fra:1 Mem:616.26M (Peak 616.39M) | Time:00:01.16 | Mem:259.32M, Peak:278.33M | Scene, ViewLayer | Updating Geometry BVH fx_stool_leg0_mesh 707/1229 | Building BVH
Fra:1 Mem:616.26M (Peak 616.39M) | Time:00:01.16 | Mem:259.35M, Peak:278.33M | Scene, ViewLayer | Updating Geometry BVH fx_stool_leg1_mesh 708/1229 | Building BVH
Fra:1 Mem:616.26M (Peak 616.39M) | Time:00:01.16 | Mem:259.35M, Peak:278.33M | Scene, ViewLayer | Updating Geometry BVH fx_stool_leg3_mesh 710/1229 | Building BVH
Fra:1 Mem:616.26M (Peak 616.39M) | Time:00:01.16 | Mem:259.35M, Peak:278.33M | Scene, ViewLayer | Updating Geometry BVH common_foyer_stool_01_pad_mesh 711/1229 | Building BVH
Fra:1 Mem:616.26M (Peak 616.39M) | Time:00:01.16 | Mem:259.35M, Peak:278.33M | Scene, ViewLayer | Updating Geometry BVH common_foyer_stool_01_leg0_mesh 712/1229 | Building BVH
Fra:1 Mem:616.26M (Peak 616.39M) | Time:00:01.16 | Mem:259.35M, Peak:278.33M | Scene, ViewLayer | Updating Geometry BVH common_foyer_stool_01_leg2_mesh 714/1229 | Building BVH
Fra:1 Mem:616.26M (Peak 616.39M) | Time:00:01.16 | Mem:259.35M, Peak:278.33M | Scene, ViewLayer | Updating Geometry BVH common_foyer_stool_01_leg3_mesh 715/1229 | Building BVH
Fra:1 Mem:616.26M (Peak 616.39M) | Time:00:01.16 | Mem:259.36M, Peak:278.33M | Scene, ViewLayer | Updating Geometry BVH common_living_dining_balcony_plant_01_stem_mesh 716/1229 | Building BVH
Fra:1 Mem:616.26M (Peak 616.39M) | Time:00:01.16 | Mem:259.40M, Peak:278.33M | Scene, ViewLayer | Updating Geometry BVH common_living_dining_balcony_plant_01_leaf0_mesh 717/1229 | Building BVH
Fra:1 Mem:616.26M (Peak 616.39M) | Time:00:01.16 | Mem:259.40M, Peak:278.33M | Scene, ViewLayer | Updating Geometry BVH common_living_dining_balcony_plant_01_leaf1_mesh 718/1229 | Building BVH
Fra:1 Mem:616.26M (Peak 616.39M) | Time:00:01.16 | Mem:259.41M, Peak:278.33M | Scene, ViewLayer | Updating Geometry BVH common_living_dining_balcony_plant_01_leaf2_mesh 719/1229 | Building BVH
Fra:1 Mem:616.26M (Peak 616.39M) | Time:00:01.16 | Mem:259.42M, Peak:278.33M | Scene, ViewLayer | Updating Geometry BVH A_living_dining_balcony_dining_chair_05_legt0_mesh 1174/1229 | Building BVH
Fra:1 Mem:616.26M (Peak 616.39M) | Time:00:01.16 | Mem:259.43M, Peak:278.33M | Scene, ViewLayer | Updating Geometry BVH common_living_dining_balcony_plant_01_leaf3_mesh 720/1229 | Building BVH
Fra:1 Mem:616.26M (Peak 616.39M) | Time:00:01.16 | Mem:259.43M, Peak:278.33M | Scene, ViewLayer | Updating Geometry BVH common_living_dining_balcony_plant_01_leaf6_mesh 723/1229 | Building BVH
Fra:1 Mem:616.26M (Peak 616.39M) | Time:00:01.16 | Mem:259.45M, Peak:278.33M | Scene, ViewLayer | Updating Geometry BVH common_living_dining_balcony_plant_01_leaf7_mesh 724/1229 | Building BVH
Fra:1 Mem:616.26M (Peak 616.39M) | Time:00:01.16 | Mem:259.48M, Peak:278.33M | Scene, ViewLayer | Updating Geometry BVH common_living_dining_balcony_planter_01_pot_mesh 725/1229 | Building BVH
Fra:1 Mem:616.26M (Peak 616.39M) | Time:00:01.16 | Mem:259.49M, Peak:278.33M | Scene, ViewLayer | Updating Geometry BVH common_living_dining_balcony_stool_01_top_mesh 726/1229 | Building BVH
Fra:1 Mem:616.26M (Peak 616.39M) | Time:00:01.16 | Mem:259.53M, Peak:278.33M | Scene, ViewLayer | Updating Geometry BVH common_living_dining_balcony_stool_01_post_mesh 727/1229 | Building BVH
Fra:1 Mem:616.26M (Peak 616.39M) | Time:00:01.16 | Mem:259.56M, Peak:278.33M | Scene, ViewLayer | Updating Geometry BVH common_living_dining_balcony_stool_01_jar_mesh 728/1229 | Building BVH
Fra:1 Mem:616.26M (Peak 616.39M) | Time:00:01.16 | Mem:259.59M, Peak:278.33M | Scene, ViewLayer | Updating Geometry BVH common_living_dining_balcony_artwork_01_canvas_mesh 729/1229 | Building BVH
Fra:1 Mem:616.26M (Peak 616.39M) | Time:00:01.16 | Mem:259.61M, Peak:278.33M | Scene, ViewLayer | Updating Geometry BVH common_living_dining_balcony_artwork_01_lamp_mesh 730/1229 | Building BVH
Fra:1 Mem:616.26M (Peak 616.39M) | Time:00:01.16 | Mem:259.61M, Peak:278.33M | Scene, ViewLayer | Updating Geometry BVH common_master_bedroom_dressing_table_01_top_mesh 731/1229 | Building BVH
Fra:1 Mem:616.26M (Peak 616.39M) | Time:00:01.16 | Mem:259.61M, Peak:278.33M | Scene, ViewLayer | Updating Geometry BVH common_master_bedroom_dressing_table_01_side0_mesh 732/1229 | Building BVH
Fra:1 Mem:616.26M (Peak 616.39M) | Time:00:01.16 | Mem:259.71M, Peak:278.33M | Scene, ViewLayer | Updating Geometry BVH common_master_bedroom_dressing_table_01_side1_mesh 733/1229 | Building BVH
Fra:1 Mem:616.26M (Peak 616.39M) | Time:00:01.16 | Mem:259.71M, Peak:278.33M | Scene, ViewLayer | Updating Geometry BVH common_master_bedroom_dressing_table_01_shelf_mesh 734/1229 | Building BVH
Fra:1 Mem:616.26M (Peak 616.39M) | Time:00:01.16 | Mem:259.72M, Peak:278.33M | Scene, ViewLayer | Updating Geometry BVH common_master_bedroom_dressing_table_01_upper_mesh 735/1229 | Building BVH
Fra:1 Mem:616.26M (Peak 616.39M) | Time:00:01.16 | Mem:259.74M, Peak:278.33M | Scene, ViewLayer | Updating Geometry BVH common_master_bedroom_dressing_table_01_door_gapbg_mesh 736/1229 | Building BVH
Fra:1 Mem:616.26M (Peak 616.39M) | Time:00:01.16 | Mem:259.75M, Peak:278.33M | Scene, ViewLayer | Updating Geometry BVH common_master_bedroom_dressing_table_01_door_f0l_mesh 737/1229 | Building BVH
Fra:1 Mem:616.26M (Peak 616.39M) | Time:00:01.16 | Mem:259.74M, Peak:278.33M | Scene, ViewLayer | Updating Geometry BVH common_master_bedroom_dressing_table_01_door_f0r_mesh 738/1229 | Building BVH
Fra:1 Mem:616.26M (Peak 616.39M) | Time:00:01.16 | Mem:259.74M, Peak:278.33M | Scene, ViewLayer | Updating Geometry BVH common_master_bedroom_dressing_table_01_door_f0t_mesh 740/1229 | Building BVH
Fra:1 Mem:616.26M (Peak 616.39M) | Time:00:01.16 | Mem:259.74M, Peak:278.33M | Scene, ViewLayer | Updating Geometry BVH A_living_dining_balcony_dining_chair_05_leg0_mesh 1173/1229 | Building BVH
Fra:1 Mem:616.26M (Peak 616.39M) | Time:00:01.16 | Mem:259.74M, Peak:278.33M | Scene, ViewLayer | Updating Geometry BVH common_master_bedroom_dressing_table_01_door_f1l_mesh 743/1229 | Building BVH
Fra:1 Mem:616.26M (Peak 616.39M) | Time:00:01.16 | Mem:259.75M, Peak:278.33M | Scene, ViewLayer | Updating Geometry BVH common_master_bedroom_dressing_table_01_door_f1r_mesh 744/1229 | Building BVH
Fra:1 Mem:616.26M (Peak 616.39M) | Time:00:01.16 | Mem:259.80M, Peak:278.33M | Scene, ViewLayer | Updating Geometry BVH common_master_bedroom_dressing_table_01_door_f1b_mesh 745/1229 | Building BVH
Fra:1 Mem:616.26M (Peak 616.39M) | Time:00:01.16 | Mem:259.88M, Peak:278.33M | Scene, ViewLayer | Updating Geometry BVH common_master_bedroom_dressing_table_01_door_f1t_mesh 746/1229 | Building BVH
Fra:1 Mem:616.26M (Peak 616.39M) | Time:00:01.16 | Mem:259.90M, Peak:278.33M | Scene, ViewLayer | Updating Geometry BVH common_master_bedroom_dressing_table_01_door_f1c_mesh 747/1229 | Building BVH
Fra:1 Mem:616.26M (Peak 616.39M) | Time:00:01.16 | Mem:259.91M, Peak:278.33M | Scene, ViewLayer | Updating Geometry BVH common_master_bedroom_dressing_table_01_door_f2l_mesh 749/1229 | Building BVH
Fra:1 Mem:616.26M (Peak 616.39M) | Time:00:01.16 | Mem:259.90M, Peak:278.33M | Scene, ViewLayer | Updating Geometry BVH common_master_bedroom_dressing_table_01_door_f2r_mesh 750/1229 | Building BVH
Fra:1 Mem:616.26M (Peak 616.39M) | Time:00:01.17 | Mem:259.93M, Peak:278.33M | Scene, ViewLayer | Updating Geometry BVH common_master_bedroom_dressing_table_01_door_f2b_mesh 751/1229 | Building BVH
Fra:1 Mem:616.26M (Peak 616.39M) | Time:00:01.17 | Mem:259.95M, Peak:278.33M | Scene, ViewLayer | Updating Geometry BVH common_master_bedroom_dressing_table_01_door_f2t_mesh 752/1229 | Building BVH
Fra:1 Mem:616.26M (Peak 616.39M) | Time:00:01.17 | Mem:259.95M, Peak:278.33M | Scene, ViewLayer | Updating Geometry BVH common_master_bedroom_dressing_table_01_door_f2c_mesh 753/1229 | Building BVH
Fra:1 Mem:616.26M (Peak 616.39M) | Time:00:01.17 | Mem:259.97M, Peak:278.33M | Scene, ViewLayer | Updating Geometry BVH common_master_bedroom_dressing_table_01_mirror_mesh 755/1229 | Building BVH
Fra:1 Mem:616.26M (Peak 616.39M) | Time:00:01.17 | Mem:259.98M, Peak:278.33M | Scene, ViewLayer | Updating Geometry BVH common_master_bedroom_stool_01_pad_mesh 756/1229 | Building BVH
Fra:1 Mem:616.26M (Peak 616.39M) | Time:00:01.17 | Mem:260.01M, Peak:278.33M | Scene, ViewLayer | Updating Geometry BVH common_master_bedroom_stool_01_leg0_mesh 757/1229 | Building BVH
Fra:1 Mem:616.26M (Peak 616.39M) | Time:00:01.17 | Mem:260.01M, Peak:278.33M | Scene, ViewLayer | Updating Geometry BVH common_master_bedroom_stool_01_leg1_mesh 758/1229 | Building BVH
Fra:1 Mem:616.26M (Peak 616.39M) | Time:00:01.17 | Mem:260.02M, Peak:278.33M | Scene, ViewLayer | Updating Geometry BVH common_master_bedroom_stool_01_leg2_mesh 759/1229 | Building BVH
Fra:1 Mem:616.26M (Peak 616.39M) | Time:00:01.17 | Mem:260.03M, Peak:278.33M | Scene, ViewLayer | Updating Geometry BVH common_master_bedroom_stool_01_leg3_mesh 760/1229 | Building BVH
Fra:1 Mem:616.26M (Peak 616.39M) | Time:00:01.17 | Mem:260.03M, Peak:278.33M | Scene, ViewLayer | Updating Geometry BVH common_master_bedroom_bed_01_frame_mesh 761/1229 | Building BVH
Fra:1 Mem:616.26M (Peak 616.39M) | Time:00:01.17 | Mem:260.05M, Peak:278.33M | Scene, ViewLayer | Updating Geometry BVH common_master_bedroom_bed_01_mattress_mesh 762/1229 | Building BVH
Fra:1 Mem:616.26M (Peak 616.39M) | Time:00:01.17 | Mem:260.09M, Peak:278.33M | Scene, ViewLayer | Updating Geometry BVH common_master_bedroom_bed_01_duvet_mesh 763/1229 | Building BVH
Fra:1 Mem:616.26M (Peak 616.39M) | Time:00:01.17 | Mem:260.09M, Peak:278.33M | Scene, ViewLayer | Updating Geometry BVH common_master_bedroom_bed_01_duvetdrop_mesh 764/1229 | Building BVH
Fra:1 Mem:616.26M (Peak 616.39M) | Time:00:01.17 | Mem:260.09M, Peak:278.33M | Scene, ViewLayer | Updating Geometry BVH common_master_bedroom_bed_01_duvetdrop2_mesh 765/1229 | Building BVH
Fra:1 Mem:616.26M (Peak 616.39M) | Time:00:01.17 | Mem:260.09M, Peak:278.33M | Scene, ViewLayer | Updating Geometry BVH common_master_bedroom_bed_01_pillow1_mesh 766/1229 | Building BVH
Fra:1 Mem:616.26M (Peak 616.39M) | Time:00:01.17 | Mem:260.12M, Peak:278.33M | Scene, ViewLayer | Updating Geometry BVH common_master_bedroom_bed_01_pillow2_mesh 767/1229 | Building BVH
Fra:1 Mem:616.26M (Peak 616.39M) | Time:00:01.17 | Mem:260.13M, Peak:278.33M | Scene, ViewLayer | Updating Geometry BVH common_master_bedroom_bed_01_throw_mesh 768/1229 | Building BVH
Fra:1 Mem:616.26M (Peak 616.39M) | Time:00:01.17 | Mem:260.16M, Peak:278.33M | Scene, ViewLayer | Updating Geometry BVH A_living_dining_balcony_dining_chair_05_back_mesh 1172/1229 | Building BVH
Fra:1 Mem:616.26M (Peak 616.39M) | Time:00:01.17 | Mem:260.18M, Peak:278.33M | Scene, ViewLayer | Updating Geometry BVH common_master_bedroom_headboard_01_pad_mesh 769/1229 | Building BVH
Fra:1 Mem:616.26M (Peak 616.39M) | Time:00:01.17 | Mem:260.20M, Peak:278.33M | Scene, ViewLayer | Updating Geometry BVH common_master_bedroom_nightstand_01_body_mesh 770/1229 | Building BVH
Fra:1 Mem:616.26M (Peak 616.39M) | Time:00:01.17 | Mem:260.21M, Peak:278.33M | Scene, ViewLayer | Updating Geometry BVH common_master_bedroom_nightstand_01_drw_gapbg_mesh 771/1229 | Building BVH
Fra:1 Mem:616.26M (Peak 616.39M) | Time:00:01.17 | Mem:260.22M, Peak:278.33M | Scene, ViewLayer | Updating Geometry BVH common_master_bedroom_nightstand_01_drw_f0_mesh 772/1229 | Building BVH
Fra:1 Mem:616.26M (Peak 616.39M) | Time:00:01.17 | Mem:260.22M, Peak:278.33M | Scene, ViewLayer | Updating Geometry BVH common_master_bedroom_nightstand_01_drw_p0_mesh 773/1229 | Building BVH
Fra:1 Mem:616.26M (Peak 616.39M) | Time:00:01.17 | Mem:260.23M, Peak:278.33M | Scene, ViewLayer | Updating Geometry BVH common_master_bedroom_nightstand_01_leg0_mesh 774/1229 | Building BVH
Fra:1 Mem:616.26M (Peak 616.39M) | Time:00:01.17 | Mem:260.23M, Peak:278.33M | Scene, ViewLayer | Updating Geometry BVH common_master_bedroom_nightstand_01_leg1_mesh 775/1229 | Building BVH
Fra:1 Mem:616.26M (Peak 616.39M) | Time:00:01.17 | Mem:260.27M, Peak:278.33M | Scene, ViewLayer | Updating Geometry BVH common_master_bedroom_nightstand_01_leg2_mesh 776/1229 | Building BVH
Fra:1 Mem:616.26M (Peak 616.39M) | Time:00:01.17 | Mem:260.28M, Peak:278.33M | Scene, ViewLayer | Updating Geometry BVH common_master_bedroom_nightstand_01_leg3_mesh 777/1229 | Building BVH
Fra:1 Mem:616.26M (Peak 616.39M) | Time:00:01.17 | Mem:260.28M, Peak:278.33M | Scene, ViewLayer | Updating Geometry BVH common_master_bedroom_nightstand_02_body_mesh 778/1229 | Building BVH
Fra:1 Mem:616.26M (Peak 616.39M) | Time:00:01.17 | Mem:260.28M, Peak:278.33M | Scene, ViewLayer | Updating Geometry BVH common_master_bedroom_nightstand_02_drw_gapbg_mesh 779/1229 | Building BVH
Fra:1 Mem:616.26M (Peak 616.39M) | Time:00:01.17 | Mem:260.28M, Peak:278.33M | Scene, ViewLayer | Updating Geometry BVH common_master_bedroom_nightstand_02_drw_f0_mesh 780/1229 | Building BVH
Fra:1 Mem:616.26M (Peak 616.39M) | Time:00:01.17 | Mem:260.28M, Peak:278.33M | Scene, ViewLayer | Updating Geometry BVH common_master_bedroom_nightstand_02_drw_p0_mesh 781/1229 | Building BVH
Fra:1 Mem:616.26M (Peak 616.39M) | Time:00:01.17 | Mem:260.29M, Peak:278.33M | Scene, ViewLayer | Updating Geometry BVH A_living_dining_balcony_dining_chair_05_seat_mesh 1171/1229 | Building BVH
Fra:1 Mem:616.26M (Peak 616.39M) | Time:00:01.17 | Mem:260.29M, Peak:278.33M | Scene, ViewLayer | Updating Geometry BVH common_master_bedroom_nightstand_02_leg0_mesh 782/1229 | Building BVH
Fra:1 Mem:616.26M (Peak 616.39M) | Time:00:01.17 | Mem:260.36M, Peak:278.33M | Scene, ViewLayer | Updating Geometry BVH common_master_bedroom_nightstand_02_leg1_mesh 783/1229 | Building BVH
Fra:1 Mem:616.26M (Peak 616.39M) | Time:00:01.17 | Mem:260.36M, Peak:278.33M | Scene, ViewLayer | Updating Geometry BVH common_master_bedroom_nightstand_02_leg2_mesh 784/1229 | Building BVH
Fra:1 Mem:616.26M (Peak 616.39M) | Time:00:01.17 | Mem:260.35M, Peak:278.33M | Scene, ViewLayer | Updating Geometry BVH common_master_bedroom_nightstand_02_leg3_mesh 785/1229 | Building BVH
Fra:1 Mem:616.26M (Peak 616.39M) | Time:00:01.17 | Mem:260.35M, Peak:278.33M | Scene, ViewLayer | Updating Geometry BVH common_master_bedroom_desk_01_leg0_mesh 788/1229 | Building BVH
Fra:1 Mem:616.26M (Peak 616.39M) | Time:00:01.17 | Mem:260.37M, Peak:278.33M | Scene, ViewLayer | Updating Geometry BVH common_master_bedroom_desk_01_leg2_mesh 790/1229 | Building BVH
Fra:1 Mem:616.26M (Peak 616.39M) | Time:00:01.17 | Mem:260.43M, Peak:278.33M | Scene, ViewLayer | Updating Geometry BVH common_master_bedroom_desk_01_leg3_mesh 791/1229 | Building BVH
Fra:1 Mem:616.26M (Peak 616.39M) | Time:00:01.17 | Mem:260.43M, Peak:278.33M | Scene, ViewLayer | Updating Geometry BVH common_master_bedroom_desk_01_monitor_mesh 792/1229 | Building BVH
Fra:1 Mem:616.26M (Peak 616.39M) | Time:00:01.17 | Mem:260.44M, Peak:278.33M | Scene, ViewLayer | Updating Geometry BVH common_master_bedroom_desk_01_monstand_mesh 793/1229 | Building BVH
Fra:1 Mem:616.26M (Peak 616.39M) | Time:00:01.17 | Mem:260.44M, Peak:278.33M | Scene, ViewLayer | Updating Geometry BVH common_master_bedroom_chair_01_seat_mesh 794/1229 | Building BVH
Fra:1 Mem:616.26M (Peak 616.39M) | Time:00:01.17 | Mem:260.46M, Peak:278.33M | Scene, ViewLayer | Updating Geometry BVH common_master_bedroom_chair_01_back_mesh 795/1229 | Building BVH
Fra:1 Mem:616.26M (Peak 616.39M) | Time:00:01.17 | Mem:260.50M, Peak:278.33M | Scene, ViewLayer | Updating Geometry BVH common_master_bedroom_chair_01_post_mesh 796/1229 | Building BVH
Fra:1 Mem:616.26M (Peak 616.39M) | Time:00:01.17 | Mem:260.50M, Peak:278.33M | Scene, ViewLayer | Updating Geometry BVH common_master_bedroom_chair_01_base_mesh 797/1229 | Building BVH
Fra:1 Mem:616.26M (Peak 616.39M) | Time:00:01.17 | Mem:260.50M, Peak:278.33M | Scene, ViewLayer | Updating Geometry BVH common_master_bedroom_rug_01_pile_mesh 798/1229 | Building BVH
Fra:1 Mem:616.26M (Peak 616.39M) | Time:00:01.17 | Mem:260.50M, Peak:278.33M | Scene, ViewLayer | Updating Geometry BVH common_terrace_coffee_table_01_top_mesh 799/1229 | Building BVH
Fra:1 Mem:616.26M (Peak 616.39M) | Time:00:01.17 | Mem:260.53M, Peak:278.33M | Scene, ViewLayer | Updating Geometry BVH common_terrace_coffee_table_01_leg0_mesh 800/1229 | Building BVH
Fra:1 Mem:616.26M (Peak 616.39M) | Time:00:01.17 | Mem:260.54M, Peak:278.33M | Scene, ViewLayer | Updating Geometry BVH common_terrace_coffee_table_01_leg1_mesh 801/1229 | Building BVH
Fra:1 Mem:616.26M (Peak 616.39M) | Time:00:01.17 | Mem:260.56M, Peak:278.33M | Scene, ViewLayer | Updating Geometry BVH common_terrace_coffee_table_01_leg2_mesh 802/1229 | Building BVH
Fra:1 Mem:616.26M (Peak 616.39M) | Time:00:01.17 | Mem:260.57M, Peak:278.33M | Scene, ViewLayer | Updating Geometry BVH A_living_dining_balcony_dining_chair_04_armf1_mesh 1170/1229 | Building BVH
Fra:1 Mem:616.26M (Peak 616.39M) | Time:00:01.17 | Mem:260.57M, Peak:278.33M | Scene, ViewLayer | Updating Geometry BVH common_terrace_lounge_chair_01_seat_mesh 803/1229 | Building BVH
Fra:1 Mem:616.26M (Peak 616.39M) | Time:00:01.17 | Mem:260.58M, Peak:278.33M | Scene, ViewLayer | Updating Geometry BVH common_terrace_lounge_chair_01_cushion_mesh 804/1229 | Building BVH
Fra:1 Mem:616.26M (Peak 616.39M) | Time:00:01.17 | Mem:260.58M, Peak:278.33M | Scene, ViewLayer | Updating Geometry BVH common_terrace_lounge_chair_01_back0_mesh 805/1229 | Building BVH
Fra:1 Mem:616.26M (Peak 616.39M) | Time:00:01.17 | Mem:260.62M, Peak:278.33M | Scene, ViewLayer | Updating Geometry BVH common_terrace_lounge_chair_01_back1_mesh 806/1229 | Building BVH
Fra:1 Mem:616.26M (Peak 616.39M) | Time:00:01.17 | Mem:260.64M, Peak:278.33M | Scene, ViewLayer | Updating Geometry BVH common_terrace_lounge_chair_01_back2_mesh 807/1229 | Building BVH
Fra:1 Mem:616.26M (Peak 616.39M) | Time:00:01.17 | Mem:260.67M, Peak:278.33M | Scene, ViewLayer | Updating Geometry BVH common_terrace_lounge_chair_01_arm-1_mesh 808/1229 | Building BVH
Fra:1 Mem:616.26M (Peak 616.39M) | Time:00:01.17 | Mem:260.67M, Peak:278.33M | Scene, ViewLayer | Updating Geometry BVH common_terrace_lounge_chair_01_armp-1_mesh 809/1229 | Building BVH
Fra:1 Mem:616.26M (Peak 616.39M) | Time:00:01.17 | Mem:260.67M, Peak:278.33M | Scene, ViewLayer | Updating Geometry BVH common_terrace_lounge_chair_01_arm1_mesh 810/1229 | Building BVH
Fra:1 Mem:616.26M (Peak 616.39M) | Time:00:01.17 | Mem:260.67M, Peak:278.33M | Scene, ViewLayer | Updating Geometry BVH common_terrace_lounge_chair_01_armp1_mesh 811/1229 | Building BVH
Fra:1 Mem:616.26M (Peak 616.39M) | Time:00:01.17 | Mem:260.71M, Peak:278.33M | Scene, ViewLayer | Updating Geometry BVH common_terrace_lounge_chair_01_leg0_mesh 812/1229 | Building BVH
Fra:1 Mem:616.26M (Peak 616.39M) | Time:00:01.17 | Mem:260.73M, Peak:278.33M | Scene, ViewLayer | Updating Geometry BVH common_terrace_lounge_chair_01_leg1_mesh 813/1229 | Building BVH
Fra:1 Mem:616.26M (Peak 616.39M) | Time:00:01.17 | Mem:260.74M, Peak:278.33M | Scene, ViewLayer | Updating Geometry BVH common_terrace_lounge_chair_01_leg2_mesh 814/1229 | Building BVH
Fra:1 Mem:616.26M (Peak 616.39M) | Time:00:01.17 | Mem:260.75M, Peak:278.33M | Scene, ViewLayer | Updating Geometry BVH common_terrace_lounge_chair_01_leg3_mesh 815/1229 | Building BVH
Fra:1 Mem:616.26M (Peak 616.39M) | Time:00:01.17 | Mem:260.76M, Peak:278.33M | Scene, ViewLayer | Updating Geometry BVH common_terrace_lounge_chair_02_seat_mesh 816/1229 | Building BVH
Fra:1 Mem:616.26M (Peak 616.39M) | Time:00:01.17 | Mem:260.77M, Peak:278.33M | Scene, ViewLayer | Updating Geometry BVH common_terrace_lounge_chair_02_cushion_mesh 817/1229 | Building BVH
Fra:1 Mem:616.26M (Peak 616.39M) | Time:00:01.17 | Mem:260.77M, Peak:278.33M | Scene, ViewLayer | Updating Geometry BVH common_terrace_lounge_chair_02_back0_mesh 818/1229 | Building BVH
Fra:1 Mem:616.26M (Peak 616.39M) | Time:00:01.17 | Mem:260.81M, Peak:278.33M | Scene, ViewLayer | Updating Geometry BVH common_terrace_lounge_chair_02_back1_mesh 819/1229 | Building BVH
Fra:1 Mem:616.26M (Peak 616.39M) | Time:00:01.17 | Mem:260.82M, Peak:278.33M | Scene, ViewLayer | Updating Geometry BVH common_terrace_lounge_chair_02_back2_mesh 820/1229 | Building BVH
Fra:1 Mem:616.26M (Peak 616.39M) | Time:00:01.17 | Mem:260.84M, Peak:278.33M | Scene, ViewLayer | Updating Geometry BVH common_terrace_lounge_chair_02_arm-1_mesh 821/1229 | Building BVH
Fra:1 Mem:616.26M (Peak 616.39M) | Time:00:01.17 | Mem:260.85M, Peak:278.33M | Scene, ViewLayer | Updating Geometry BVH common_terrace_lounge_chair_02_armp-1_mesh 822/1229 | Building BVH
Fra:1 Mem:616.26M (Peak 616.39M) | Time:00:01.17 | Mem:260.85M, Peak:278.33M | Scene, ViewLayer | Updating Geometry BVH common_terrace_lounge_chair_02_arm1_mesh 823/1229 | Building BVH
Fra:1 Mem:616.26M (Peak 616.39M) | Time:00:01.17 | Mem:260.85M, Peak:278.33M | Scene, ViewLayer | Updating Geometry BVH common_terrace_lounge_chair_02_armp1_mesh 824/1229 | Building BVH
Fra:1 Mem:616.26M (Peak 616.39M) | Time:00:01.17 | Mem:260.87M, Peak:278.33M | Scene, ViewLayer | Updating Geometry BVH common_terrace_lounge_chair_02_leg0_mesh 825/1229 | Building BVH
Fra:1 Mem:616.26M (Peak 616.39M) | Time:00:01.17 | Mem:260.90M, Peak:278.33M | Scene, ViewLayer | Updating Geometry BVH common_terrace_lounge_chair_02_leg1_mesh 826/1229 | Building BVH
Fra:1 Mem:616.26M (Peak 616.39M) | Time:00:01.17 | Mem:260.92M, Peak:278.33M | Scene, ViewLayer | Updating Geometry BVH common_terrace_lounge_chair_02_leg2_mesh 827/1229 | Building BVH
Fra:1 Mem:616.26M (Peak 616.39M) | Time:00:01.17 | Mem:260.93M, Peak:278.33M | Scene, ViewLayer | Updating Geometry BVH common_terrace_lounge_chair_02_leg3_mesh 828/1229 | Building BVH
Fra:1 Mem:616.26M (Peak 616.39M) | Time:00:01.17 | Mem:260.94M, Peak:278.33M | Scene, ViewLayer | Updating Geometry BVH A_living_dining_balcony_dining_chair_04_arm1_mesh 1169/1229 | Building BVH
Fra:1 Mem:616.26M (Peak 616.39M) | Time:00:01.17 | Mem:260.95M, Peak:278.33M | Scene, ViewLayer | Updating Geometry BVH common_terrace_plant_01_pot_mesh 829/1229 | Building BVH
Fra:1 Mem:616.26M (Peak 616.39M) | Time:00:01.17 | Mem:260.96M, Peak:278.33M | Scene, ViewLayer | Updating Geometry BVH common_terrace_plant_01_stem_mesh 830/1229 | Building BVH
Fra:1 Mem:616.26M (Peak 616.39M) | Time:00:01.17 | Mem:260.99M, Peak:278.33M | Scene, ViewLayer | Updating Geometry BVH common_terrace_plant_01_leaf0_mesh 831/1229 | Building BVH
Fra:1 Mem:616.26M (Peak 616.39M) | Time:00:01.17 | Mem:260.99M, Peak:278.33M | Scene, ViewLayer | Updating Geometry BVH common_terrace_plant_01_leaf1_mesh 832/1229 | Building BVH
Fra:1 Mem:616.26M (Peak 616.39M) | Time:00:01.17 | Mem:261.00M, Peak:278.33M | Scene, ViewLayer | Updating Geometry BVH common_terrace_plant_01_leaf2_mesh 833/1229 | Building BVH
Fra:1 Mem:616.26M (Peak 616.39M) | Time:00:01.17 | Mem:261.01M, Peak:278.33M | Scene, ViewLayer | Updating Geometry BVH common_terrace_plant_01_leaf3_mesh 834/1229 | Building BVH
Fra:1 Mem:616.26M (Peak 616.39M) | Time:00:01.17 | Mem:261.02M, Peak:278.33M | Scene, ViewLayer | Updating Geometry BVH common_terrace_plant_01_leaf4_mesh 835/1229 | Building BVH
Fra:1 Mem:616.26M (Peak 616.39M) | Time:00:01.17 | Mem:261.02M, Peak:278.33M | Scene, ViewLayer | Updating Geometry BVH common_terrace_plant_01_leaf5_mesh 836/1229 | Building BVH
Fra:1 Mem:616.26M (Peak 616.39M) | Time:00:01.17 | Mem:261.02M, Peak:278.33M | Scene, ViewLayer | Updating Geometry BVH common_terrace_plant_02_pot_mesh 837/1229 | Building BVH
Fra:1 Mem:616.26M (Peak 616.39M) | Time:00:01.17 | Mem:261.06M, Peak:278.33M | Scene, ViewLayer | Updating Geometry BVH common_terrace_plant_02_stem_mesh 838/1229 | Building BVH
Fra:1 Mem:616.26M (Peak 616.39M) | Time:00:01.17 | Mem:261.06M, Peak:278.33M | Scene, ViewLayer | Updating Geometry BVH common_terrace_plant_02_leaf0_mesh 839/1229 | Building BVH
Fra:1 Mem:616.26M (Peak 616.39M) | Time:00:01.17 | Mem:261.06M, Peak:278.33M | Scene, ViewLayer | Updating Geometry BVH A_living_dining_balcony_dining_chair_04_armf0_mesh 1168/1229 | Building BVH
Fra:1 Mem:616.26M (Peak 616.39M) | Time:00:01.17 | Mem:261.06M, Peak:278.33M | Scene, ViewLayer | Updating Geometry BVH common_terrace_plant_02_leaf1_mesh 840/1229 | Building BVH
Fra:1 Mem:616.26M (Peak 616.39M) | Time:00:01.17 | Mem:261.08M, Peak:278.33M | Scene, ViewLayer | Updating Geometry BVH common_terrace_plant_02_leaf2_mesh 841/1229 | Building BVH
Fra:1 Mem:616.26M (Peak 616.39M) | Time:00:01.17 | Mem:261.12M, Peak:278.33M | Scene, ViewLayer | Updating Geometry BVH common_terrace_plant_02_leaf3_mesh 842/1229 | Building BVH
Fra:1 Mem:616.26M (Peak 616.39M) | Time:00:01.17 | Mem:261.11M, Peak:278.33M | Scene, ViewLayer | Updating Geometry BVH common_terrace_plant_02_leaf4_mesh 843/1229 | Building BVH
Fra:1 Mem:616.26M (Peak 616.39M) | Time:00:01.17 | Mem:261.11M, Peak:278.33M | Scene, ViewLayer | Updating Geometry BVH common_terrace_plant_02_leaf5_mesh 844/1229 | Building BVH
Fra:1 Mem:616.26M (Peak 616.39M) | Time:00:01.17 | Mem:261.12M, Peak:278.33M | Scene, ViewLayer | Updating Geometry BVH common_terrace_plant_03_pot_mesh 845/1229 | Building BVH
Fra:1 Mem:616.26M (Peak 616.39M) | Time:00:01.17 | Mem:261.12M, Peak:278.33M | Scene, ViewLayer | Updating Geometry BVH common_terrace_plant_03_leaf0_mesh 847/1229 | Building BVH
Fra:1 Mem:616.26M (Peak 616.39M) | Time:00:01.17 | Mem:261.13M, Peak:278.33M | Scene, ViewLayer | Updating Geometry BVH common_terrace_plant_03_leaf1_mesh 848/1229 | Building BVH
Fra:1 Mem:616.26M (Peak 616.39M) | Time:00:01.17 | Mem:261.14M, Peak:278.33M | Scene, ViewLayer | Updating Geometry BVH common_terrace_plant_03_leaf2_mesh 849/1229 | Building BVH
Fra:1 Mem:616.26M (Peak 616.39M) | Time:00:01.17 | Mem:261.14M, Peak:278.33M | Scene, ViewLayer | Updating Geometry BVH common_terrace_plant_03_leaf3_mesh 850/1229 | Building BVH
Fra:1 Mem:616.26M (Peak 616.39M) | Time:00:01.17 | Mem:261.14M, Peak:278.33M | Scene, ViewLayer | Updating Geometry BVH common_terrace_plant_03_leaf4_mesh 851/1229 | Building BVH
Fra:1 Mem:616.26M (Peak 616.39M) | Time:00:01.18 | Mem:261.16M, Peak:278.33M | Scene, ViewLayer | Updating Geometry BVH common_terrace_plant_03_leaf5_mesh 852/1229 | Building BVH
Fra:1 Mem:616.26M (Peak 616.39M) | Time:00:01.18 | Mem:261.23M, Peak:278.33M | Scene, ViewLayer | Updating Geometry BVH common_terrace_plant_04_pot_mesh 853/1229 | Building BVH
Fra:1 Mem:616.26M (Peak 616.39M) | Time:00:01.18 | Mem:261.23M, Peak:278.33M | Scene, ViewLayer | Updating Geometry BVH common_terrace_plant_04_stem_mesh 854/1229 | Building BVH
Fra:1 Mem:616.26M (Peak 616.39M) | Time:00:01.18 | Mem:261.23M, Peak:278.33M | Scene, ViewLayer | Updating Geometry BVH common_terrace_plant_04_leaf0_mesh 855/1229 | Building BVH
Fra:1 Mem:616.26M (Peak 616.39M) | Time:00:01.18 | Mem:261.23M, Peak:278.33M | Scene, ViewLayer | Updating Geometry BVH common_terrace_plant_04_leaf1_mesh 856/1229 | Building BVH
Fra:1 Mem:616.26M (Peak 616.39M) | Time:00:01.18 | Mem:261.25M, Peak:278.33M | Scene, ViewLayer | Updating Geometry BVH common_terrace_plant_04_leaf2_mesh 857/1229 | Building BVH
Fra:1 Mem:616.26M (Peak 616.39M) | Time:00:01.18 | Mem:261.25M, Peak:278.33M | Scene, ViewLayer | Updating Geometry BVH common_terrace_plant_04_leaf4_mesh 859/1229 | Building BVH
Fra:1 Mem:616.26M (Peak 616.39M) | Time:00:01.18 | Mem:261.28M, Peak:278.33M | Scene, ViewLayer | Updating Geometry BVH common_terrace_plant_04_leaf5_mesh 860/1229 | Building BVH
Fra:1 Mem:616.26M (Peak 616.39M) | Time:00:01.18 | Mem:261.31M, Peak:278.33M | Scene, ViewLayer | Updating Geometry BVH common_parents_room_bed_01_frame_mesh 861/1229 | Building BVH
Fra:1 Mem:616.26M (Peak 616.39M) | Time:00:01.18 | Mem:261.31M, Peak:278.33M | Scene, ViewLayer | Updating Geometry BVH common_parents_room_bed_01_mattress_mesh 862/1229 | Building BVH
Fra:1 Mem:616.26M (Peak 616.39M) | Time:00:01.18 | Mem:261.31M, Peak:278.33M | Scene, ViewLayer | Updating Geometry BVH common_parents_room_bed_01_duvet_mesh 864/1229 | Building BVH
Fra:1 Mem:616.26M (Peak 616.39M) | Time:00:01.18 | Mem:261.31M, Peak:278.33M | Scene, ViewLayer | Updating Geometry BVH common_parents_room_bed_01_duvetdrop_mesh 865/1229 | Building BVH
Fra:1 Mem:616.26M (Peak 616.39M) | Time:00:01.18 | Mem:261.31M, Peak:278.33M | Scene, ViewLayer | Updating Geometry BVH common_parents_room_bed_01_pillow1_mesh 867/1229 | Building BVH
Fra:1 Mem:616.26M (Peak 616.39M) | Time:00:01.18 | Mem:261.31M, Peak:278.33M | Scene, ViewLayer | Updating Geometry BVH common_parents_room_bed_01_duvetdrop2_mesh 866/1229 | Building BVH
Fra:1 Mem:616.26M (Peak 616.39M) | Time:00:01.18 | Mem:261.32M, Peak:278.33M | Scene, ViewLayer | Updating Geometry BVH common_parents_room_bed_01_pillow2_mesh 868/1229 | Building BVH
Fra:1 Mem:616.26M (Peak 616.39M) | Time:00:01.18 | Mem:261.32M, Peak:278.33M | Scene, ViewLayer | Updating Geometry BVH common_parents_room_bed_01_throw_mesh 869/1229 | Building BVH
Fra:1 Mem:616.26M (Peak 616.39M) | Time:00:01.18 | Mem:261.37M, Peak:278.33M | Scene, ViewLayer | Updating Geometry BVH A_living_dining_balcony_dining_chair_04_arm0_mesh 1167/1229 | Building BVH
Fra:1 Mem:616.26M (Peak 616.39M) | Time:00:01.18 | Mem:261.40M, Peak:278.33M | Scene, ViewLayer | Updating Geometry BVH common_parents_room_nightstand_01_body_mesh 870/1229 | Building BVH
Fra:1 Mem:616.26M (Peak 616.39M) | Time:00:01.18 | Mem:261.49M, Peak:278.33M | Scene, ViewLayer | Updating Geometry BVH common_parents_room_nightstand_01_drw_gapbg_mesh 871/1229 | Building BVH
Fra:1 Mem:616.26M (Peak 616.39M) | Time:00:01.18 | Mem:261.48M, Peak:278.33M | Scene, ViewLayer | Updating Geometry BVH common_parents_room_nightstand_01_drw_f0_mesh 872/1229 | Building BVH
Fra:1 Mem:616.26M (Peak 616.39M) | Time:00:01.18 | Mem:261.48M, Peak:278.33M | Scene, ViewLayer | Updating Geometry BVH common_parents_room_nightstand_01_leg0_mesh 874/1229 | Building BVH
Fra:1 Mem:616.26M (Peak 616.39M) | Time:00:01.18 | Mem:261.48M, Peak:278.33M | Scene, ViewLayer | Updating Geometry BVH common_parents_room_nightstand_01_leg1_mesh 875/1229 | Building BVH
Fra:1 Mem:616.26M (Peak 616.39M) | Time:00:01.18 | Mem:261.49M, Peak:278.33M | Scene, ViewLayer | Updating Geometry BVH common_parents_room_nightstand_01_leg2_mesh 876/1229 | Building BVH
Fra:1 Mem:616.26M (Peak 616.39M) | Time:00:01.18 | Mem:261.49M, Peak:278.33M | Scene, ViewLayer | Updating Geometry BVH A_living_dining_balcony_dining_chair_04_legt3_mesh 1166/1229 | Building BVH
Fra:1 Mem:616.26M (Peak 616.39M) | Time:00:01.18 | Mem:261.49M, Peak:278.33M | Scene, ViewLayer | Updating Geometry BVH common_parents_room_nightstand_01_leg3_mesh 877/1229 | Building BVH
Fra:1 Mem:616.26M (Peak 616.39M) | Time:00:01.18 | Mem:261.52M, Peak:278.33M | Scene, ViewLayer | Updating Geometry BVH common_parents_room_cushion_01_pad_mesh 878/1229 | Building BVH
Fra:1 Mem:616.26M (Peak 616.39M) | Time:00:01.18 | Mem:261.53M, Peak:278.33M | Scene, ViewLayer | Updating Geometry BVH common_parents_room_cushion_01_pil_olive_mesh 879/1229 | Building BVH
Fra:1 Mem:616.26M (Peak 616.39M) | Time:00:01.18 | Mem:261.55M, Peak:278.33M | Scene, ViewLayer | Updating Geometry BVH common_parents_room_cushion_01_pil_brick_mesh 880/1229 | Building BVH
Fra:1 Mem:616.26M (Peak 616.39M) | Time:00:01.18 | Mem:261.55M, Peak:278.33M | Scene, ViewLayer | Updating Geometry BVH common_parents_room_shelf_01_side0_mesh 881/1229 | Building BVH
Fra:1 Mem:616.26M (Peak 616.39M) | Time:00:01.18 | Mem:261.56M, Peak:278.33M | Scene, ViewLayer | Updating Geometry BVH common_parents_room_shelf_01_side1_mesh 882/1229 | Building BVH
Fra:1 Mem:616.26M (Peak 616.39M) | Time:00:01.18 | Mem:261.57M, Peak:278.33M | Scene, ViewLayer | Updating Geometry BVH common_parents_room_shelf_01_top_mesh 883/1229 | Building BVH
Fra:1 Mem:616.26M (Peak 616.39M) | Time:00:01.18 | Mem:261.63M, Peak:278.33M | Scene, ViewLayer | Updating Geometry BVH common_parents_room_shelf_01_sh1_mesh 884/1229 | Building BVH
Fra:1 Mem:616.26M (Peak 616.39M) | Time:00:01.18 | Mem:261.63M, Peak:278.33M | Scene, ViewLayer | Updating Geometry BVH common_parents_room_shelf_02_side0_mesh 885/1229 | Building BVH
Fra:1 Mem:616.26M (Peak 616.39M) | Time:00:01.18 | Mem:261.63M, Peak:278.33M | Scene, ViewLayer | Updating Geometry BVH common_parents_room_shelf_02_side1_mesh 886/1229 | Building BVH
Fra:1 Mem:616.26M (Peak 616.39M) | Time:00:01.18 | Mem:261.62M, Peak:278.33M | Scene, ViewLayer | Updating Geometry BVH common_parents_room_shelf_02_sh1_mesh 888/1229 | Building BVH
Fra:1 Mem:616.26M (Peak 616.39M) | Time:00:01.18 | Mem:261.63M, Peak:278.33M | Scene, ViewLayer | Updating Geometry BVH common_parents_room_shelf_02_top_mesh 887/1229 | Building BVH
Fra:1 Mem:616.26M (Peak 616.39M) | Time:00:01.18 | Mem:261.63M, Peak:278.33M | Scene, ViewLayer | Updating Geometry BVH common_daughter_room_wardrobe_01_body_mesh 889/1229 | Building BVH
Fra:1 Mem:616.26M (Peak 616.39M) | Time:00:01.18 | Mem:261.65M, Peak:278.33M | Scene, ViewLayer | Updating Geometry BVH common_daughter_room_wardrobe_01_slA_f0_mesh 890/1229 | Building BVH
Fra:1 Mem:616.26M (Peak 616.39M) | Time:00:01.18 | Mem:261.69M, Peak:278.33M | Scene, ViewLayer | Updating Geometry BVH common_daughter_room_wardrobe_01_slA_f1_mesh 891/1229 | Building BVH
Fra:1 Mem:616.26M (Peak 616.39M) | Time:00:01.18 | Mem:261.69M, Peak:278.33M | Scene, ViewLayer | Updating Geometry BVH common_daughter_room_wardrobe_01_slB_f0_mesh 892/1229 | Building BVH
Fra:1 Mem:616.26M (Peak 616.39M) | Time:00:01.18 | Mem:261.70M, Peak:278.33M | Scene, ViewLayer | Updating Geometry BVH common_daughter_room_wardrobe_01_slB_f1_mesh 893/1229 | Building BVH
Fra:1 Mem:616.26M (Peak 616.39M) | Time:00:01.18 | Mem:261.73M, Peak:278.33M | Scene, ViewLayer | Updating Geometry BVH common_daughter_room_wardrobe_02_body_mesh 894/1229 | Building BVH
Fra:1 Mem:616.26M (Peak 616.39M) | Time:00:01.18 | Mem:261.75M, Peak:278.33M | Scene, ViewLayer | Updating Geometry BVH common_daughter_room_wardrobe_02_slA_f0_mesh 895/1229 | Building BVH
Fra:1 Mem:616.26M (Peak 616.39M) | Time:00:01.18 | Mem:261.75M, Peak:278.33M | Scene, ViewLayer | Updating Geometry BVH common_daughter_room_wardrobe_02_slA_f1_mesh 896/1229 | Building BVH
Fra:1 Mem:616.26M (Peak 616.39M) | Time:00:01.18 | Mem:261.76M, Peak:278.33M | Scene, ViewLayer | Updating Geometry BVH common_daughter_room_wardrobe_02_slB_f0_mesh 897/1229 | Building BVH
Fra:1 Mem:616.26M (Peak 616.39M) | Time:00:01.18 | Mem:261.80M, Peak:278.33M | Scene, ViewLayer | Updating Geometry BVH common_daughter_room_wardrobe_02_slB_f1_mesh 898/1229 | Building BVH
Fra:1 Mem:616.26M (Peak 616.39M) | Time:00:01.18 | Mem:261.80M, Peak:278.33M | Scene, ViewLayer | Updating Geometry BVH common_daughter_room_bed_01_frame_mesh 899/1229 | Building BVH
Fra:1 Mem:616.26M (Peak 616.39M) | Time:00:01.18 | Mem:261.82M, Peak:278.33M | Scene, ViewLayer | Updating Geometry BVH common_daughter_room_bed_01_mattress_mesh 900/1229 | Building BVH
Fra:1 Mem:616.26M (Peak 616.39M) | Time:00:01.18 | Mem:261.82M, Peak:278.33M | Scene, ViewLayer | Updating Geometry BVH A_living_dining_balcony_dining_chair_04_leg3_mesh 1165/1229 | Building BVH
Fra:1 Mem:616.26M (Peak 616.39M) | Time:00:01.18 | Mem:261.82M, Peak:278.33M | Scene, ViewLayer | Updating Geometry BVH common_daughter_room_bed_01_headboard_mesh 901/1229 | Building BVH
Fra:1 Mem:616.26M (Peak 616.39M) | Time:00:01.18 | Mem:261.83M, Peak:278.33M | Scene, ViewLayer | Updating Geometry BVH common_daughter_room_bed_01_duvet_mesh 902/1229 | Building BVH
Fra:1 Mem:616.26M (Peak 616.39M) | Time:00:01.18 | Mem:261.86M, Peak:278.33M | Scene, ViewLayer | Updating Geometry BVH common_daughter_room_bed_01_duvetdrop_mesh 903/1229 | Building BVH
Fra:1 Mem:616.26M (Peak 616.39M) | Time:00:01.18 | Mem:261.86M, Peak:278.33M | Scene, ViewLayer | Updating Geometry BVH common_daughter_room_bed_01_duvetdrop2_mesh 904/1229 | Building BVH
Fra:1 Mem:616.26M (Peak 616.39M) | Time:00:01.18 | Mem:261.88M, Peak:278.33M | Scene, ViewLayer | Updating Geometry BVH common_daughter_room_bed_01_pillow1_mesh 905/1229 | Building BVH
Fra:1 Mem:616.26M (Peak 616.39M) | Time:00:01.18 | Mem:261.88M, Peak:278.33M | Scene, ViewLayer | Updating Geometry BVH common_daughter_room_bed_01_pillow2_mesh 906/1229 | Building BVH
Fra:1 Mem:616.26M (Peak 616.39M) | Time:00:01.18 | Mem:261.88M, Peak:278.33M | Scene, ViewLayer | Updating Geometry BVH common_daughter_room_bed_01_pillow_acc_mesh 907/1229 | Building BVH
Fra:1 Mem:616.26M (Peak 616.39M) | Time:00:01.18 | Mem:261.89M, Peak:278.33M | Scene, ViewLayer | Updating Geometry BVH common_daughter_room_bed_01_throw_mesh 908/1229 | Building BVH
Fra:1 Mem:616.26M (Peak 616.39M) | Time:00:01.18 | Mem:261.91M, Peak:278.33M | Scene, ViewLayer | Updating Geometry BVH common_daughter_room_shelf_01_side0_mesh 909/1229 | Building BVH
Fra:1 Mem:616.26M (Peak 616.39M) | Time:00:01.18 | Mem:262.00M, Peak:278.33M | Scene, ViewLayer | Updating Geometry BVH common_daughter_room_shelf_01_side1_mesh 910/1229 | Building BVH
Fra:1 Mem:616.26M (Peak 616.39M) | Time:00:01.18 | Mem:261.98M, Peak:278.33M | Scene, ViewLayer | Updating Geometry BVH common_daughter_room_shelf_01_top_mesh 911/1229 | Building BVH
Fra:1 Mem:616.26M (Peak 616.39M) | Time:00:01.18 | Mem:261.98M, Peak:278.33M | Scene, ViewLayer | Updating Geometry BVH common_daughter_room_shelf_01_sh1_mesh 912/1229 | Building BVH
Fra:1 Mem:616.26M (Peak 616.39M) | Time:00:01.18 | Mem:261.99M, Peak:278.33M | Scene, ViewLayer | Updating Geometry BVH common_daughter_room_shelf_01_sh2_mesh 913/1229 | Building BVH
Fra:1 Mem:616.26M (Peak 616.39M) | Time:00:01.18 | Mem:262.02M, Peak:278.33M | Scene, ViewLayer | Updating Geometry BVH common_daughter_room_desk_01_top_mesh 914/1229 | Building BVH
Fra:1 Mem:616.26M (Peak 616.39M) | Time:00:01.18 | Mem:262.02M, Peak:278.33M | Scene, ViewLayer | Updating Geometry BVH common_daughter_room_desk_01_drawer_mesh 915/1229 | Building BVH
Fra:1 Mem:616.26M (Peak 616.39M) | Time:00:01.18 | Mem:262.04M, Peak:278.33M | Scene, ViewLayer | Updating Geometry BVH common_daughter_room_desk_01_leg0_mesh 916/1229 | Building BVH
Fra:1 Mem:616.26M (Peak 616.39M) | Time:00:01.18 | Mem:262.04M, Peak:278.33M | Scene, ViewLayer | Updating Geometry BVH common_daughter_room_desk_01_leg1_mesh 917/1229 | Building BVH
Fra:1 Mem:616.26M (Peak 616.39M) | Time:00:01.18 | Mem:262.04M, Peak:278.33M | Scene, ViewLayer | Updating Geometry BVH common_daughter_room_desk_01_leg3_mesh 919/1229 | Building BVH
Fra:1 Mem:616.26M (Peak 616.39M) | Time:00:01.18 | Mem:262.04M, Peak:278.33M | Scene, ViewLayer | Updating Geometry BVH common_daughter_room_chair_01_seat_mesh 920/1229 | Building BVH
Fra:1 Mem:616.26M (Peak 616.39M) | Time:00:01.18 | Mem:262.09M, Peak:278.33M | Scene, ViewLayer | Updating Geometry BVH common_daughter_room_chair_01_back_mesh 921/1229 | Building BVH
Fra:1 Mem:616.26M (Peak 616.39M) | Time:00:01.18 | Mem:262.09M, Peak:278.33M | Scene, ViewLayer | Updating Geometry BVH common_daughter_room_chair_01_base_mesh 923/1229 | Building BVH
Fra:1 Mem:616.26M (Peak 616.39M) | Time:00:01.18 | Mem:262.09M, Peak:278.33M | Scene, ViewLayer | Updating Geometry BVH common_son_room_wardrobe_01_body_mesh 924/1229 | Building BVH
Fra:1 Mem:616.26M (Peak 616.39M) | Time:00:01.18 | Mem:262.09M, Peak:278.33M | Scene, ViewLayer | Updating Geometry BVH common_son_room_wardrobe_01_slA_f1_mesh 926/1229 | Building BVH
Fra:1 Mem:616.26M (Peak 616.39M) | Time:00:01.18 | Mem:262.09M, Peak:278.33M | Scene, ViewLayer | Updating Geometry BVH common_son_room_wardrobe_01_slA_f2_mesh 927/1229 | Building BVH
Fra:1 Mem:616.26M (Peak 616.39M) | Time:00:01.18 | Mem:262.12M, Peak:278.33M | Scene, ViewLayer | Updating Geometry BVH common_son_room_wardrobe_01_slB_f0_mesh 928/1229 | Building BVH
Fra:1 Mem:616.26M (Peak 616.39M) | Time:00:01.19 | Mem:262.19M, Peak:278.33M | Scene, ViewLayer | Updating Geometry BVH common_son_room_wardrobe_01_slB_f1_mesh 929/1229 | Building BVH
Fra:1 Mem:616.26M (Peak 616.39M) | Time:00:01.19 | Mem:262.22M, Peak:278.33M | Scene, ViewLayer | Updating Geometry BVH common_son_room_wardrobe_01_slB_f2_mesh 930/1229 | Building BVH
Fra:1 Mem:616.26M (Peak 616.39M) | Time:00:01.19 | Mem:262.22M, Peak:278.33M | Scene, ViewLayer | Updating Geometry BVH common_son_room_bed_01_frame_mesh 931/1229 | Building BVH
Fra:1 Mem:616.26M (Peak 616.39M) | Time:00:01.19 | Mem:262.23M, Peak:278.33M | Scene, ViewLayer | Updating Geometry BVH common_son_room_bed_01_duvet_mesh 934/1229 | Building BVH
Fra:1 Mem:616.26M (Peak 616.39M) | Time:00:01.19 | Mem:262.24M, Peak:278.33M | Scene, ViewLayer | Updating Geometry BVH common_son_room_bed_01_duvetdrop2_mesh 936/1229 | Building BVH
Fra:1 Mem:616.26M (Peak 616.39M) | Time:00:01.19 | Mem:262.24M, Peak:278.33M | Scene, ViewLayer | Updating Geometry BVH common_son_room_bed_01_pillow2_mesh 938/1229 | Building BVH
Fra:1 Mem:616.26M (Peak 616.39M) | Time:00:01.19 | Mem:262.26M, Peak:278.33M | Scene, ViewLayer | Updating Geometry BVH common_son_room_bed_01_pillow_acc_mesh 939/1229 | Building BVH
Fra:1 Mem:616.26M (Peak 616.39M) | Time:00:01.19 | Mem:262.29M, Peak:278.33M | Scene, ViewLayer | Updating Geometry BVH common_son_room_bed_01_duvetdrop_mesh 935/1229 | Building BVH
Fra:1 Mem:616.26M (Peak 616.39M) | Time:00:01.19 | Mem:262.30M, Peak:278.33M | Scene, ViewLayer | Updating Geometry BVH common_son_room_desk_01_top_mesh 941/1229 | Building BVH
Fra:1 Mem:616.26M (Peak 616.39M) | Time:00:01.19 | Mem:262.30M, Peak:278.33M | Scene, ViewLayer | Updating Geometry BVH common_son_room_desk_01_drawer_mesh 942/1229 | Building BVH
Fra:1 Mem:616.26M (Peak 616.39M) | Time:00:01.19 | Mem:262.34M, Peak:278.33M | Scene, ViewLayer | Updating Geometry BVH common_son_room_desk_01_leg0_mesh 943/1229 | Building BVH
Fra:1 Mem:616.26M (Peak 616.39M) | Time:00:01.19 | Mem:262.34M, Peak:278.33M | Scene, ViewLayer | Updating Geometry BVH common_son_room_desk_01_leg1_mesh 944/1229 | Building BVH
Fra:1 Mem:616.26M (Peak 616.39M) | Time:00:01.19 | Mem:262.39M, Peak:278.33M | Scene, ViewLayer | Updating Geometry BVH common_son_room_desk_01_leg2_mesh 945/1229 | Building BVH
Fra:1 Mem:616.26M (Peak 616.39M) | Time:00:01.19 | Mem:262.40M, Peak:278.33M | Scene, ViewLayer | Updating Geometry BVH common_son_room_desk_01_leg3_mesh 946/1229 | Building BVH
Fra:1 Mem:616.26M (Peak 616.39M) | Time:00:01.19 | Mem:262.41M, Peak:278.33M | Scene, ViewLayer | Updating Geometry BVH A_living_dining_balcony_dining_chair_04_legt2_mesh 1164/1229 | Building BVH
Fra:1 Mem:616.26M (Peak 616.39M) | Time:00:01.19 | Mem:262.44M, Peak:278.33M | Scene, ViewLayer | Updating Geometry BVH common_son_room_shelf_01_side1_mesh 948/1229 | Building BVH
Fra:1 Mem:616.26M (Peak 616.39M) | Time:00:01.19 | Mem:262.47M, Peak:278.33M | Scene, ViewLayer | Updating Geometry BVH common_son_room_shelf_01_top_mesh 949/1229 | Building BVH
Fra:1 Mem:616.26M (Peak 616.39M) | Time:00:01.19 | Mem:262.48M, Peak:278.33M | Scene, ViewLayer | Updating Geometry BVH common_son_room_shelf_01_sh1_mesh 950/1229 | Building BVH
Fra:1 Mem:616.26M (Peak 616.39M) | Time:00:01.19 | Mem:262.49M, Peak:278.33M | Scene, ViewLayer | Updating Geometry BVH common_son_room_chair_01_seat_mesh 951/1229 | Building BVH
Fra:1 Mem:616.26M (Peak 616.39M) | Time:00:01.19 | Mem:262.50M, Peak:278.33M | Scene, ViewLayer | Updating Geometry BVH common_son_room_chair_01_back_mesh 952/1229 | Building BVH
Fra:1 Mem:616.26M (Peak 616.39M) | Time:00:01.19 | Mem:262.50M, Peak:278.33M | Scene, ViewLayer | Updating Geometry BVH common_son_room_chair_01_post_mesh 953/1229 | Building BVH
Fra:1 Mem:616.26M (Peak 616.39M) | Time:00:01.19 | Mem:262.51M, Peak:278.33M | Scene, ViewLayer | Updating Geometry BVH common_son_room_rug_01_pile_mesh 955/1229 | Building BVH
Fra:1 Mem:616.26M (Peak 616.39M) | Time:00:01.19 | Mem:262.51M, Peak:278.33M | Scene, ViewLayer | Updating Geometry BVH fx_curt_master_sheer_mesh 956/1229 | Building BVH
Fra:1 Mem:616.26M (Peak 616.39M) | Time:00:01.19 | Mem:262.54M, Peak:278.33M | Scene, ViewLayer | Updating Geometry BVH fx_curt_master_bo_w_mesh 957/1229 | Building BVH
Fra:1 Mem:616.26M (Peak 616.39M) | Time:00:01.19 | Mem:262.54M, Peak:278.33M | Scene, ViewLayer | Updating Geometry BVH fx_curt_master_bo_e_mesh 958/1229 | Building BVH
Fra:1 Mem:616.26M (Peak 616.39M) | Time:00:01.19 | Mem:262.62M, Peak:278.33M | Scene, ViewLayer | Updating Geometry BVH A_living_dining_balcony_dining_chair_04_leg2_mesh 1163/1229 | Building BVH
Fra:1 Mem:616.26M (Peak 616.39M) | Time:00:01.19 | Mem:262.63M, Peak:278.33M | Scene, ViewLayer | Updating Geometry BVH fx_curt_parents_sheer_mesh 959/1229 | Building BVH
Fra:1 Mem:616.26M (Peak 616.39M) | Time:00:01.19 | Mem:262.63M, Peak:278.33M | Scene, ViewLayer | Updating Geometry BVH fx_curt_parents_roller_mesh 960/1229 | Building BVH
Fra:1 Mem:616.26M (Peak 616.39M) | Time:00:01.19 | Mem:262.63M, Peak:278.33M | Scene, ViewLayer | Updating Geometry BVH fx_curt_daughter_sheer_mesh 961/1229 | Building BVH
Fra:1 Mem:616.26M (Peak 616.39M) | Time:00:01.19 | Mem:262.69M, Peak:278.33M | Scene, ViewLayer | Updating Geometry BVH fx_curt_daughter_bo_w_mesh 962/1229 | Building BVH
Fra:1 Mem:616.26M (Peak 616.39M) | Time:00:01.19 | Mem:262.69M, Peak:278.33M | Scene, ViewLayer | Updating Geometry BVH fx_curt_daughter_bo_e_mesh 963/1229 | Building BVH
Fra:1 Mem:616.26M (Peak 616.39M) | Time:00:01.19 | Mem:262.70M, Peak:278.33M | Scene, ViewLayer | Updating Geometry BVH fx_curt_son_sheer_mesh 964/1229 | Building BVH
Fra:1 Mem:616.26M (Peak 616.39M) | Time:00:01.19 | Mem:262.73M, Peak:278.33M | Scene, ViewLayer | Updating Geometry BVH fx_curt_son_bo_w_mesh 965/1229 | Building BVH
Fra:1 Mem:616.26M (Peak 616.39M) | Time:00:01.19 | Mem:262.73M, Peak:278.33M | Scene, ViewLayer | Updating Geometry BVH fx_curt_son_bo_e_mesh 966/1229 | Building BVH
Fra:1 Mem:616.26M (Peak 616.39M) | Time:00:01.19 | Mem:262.74M, Peak:278.33M | Scene, ViewLayer | Updating Geometry BVH fx_blind_mb_slats0_mesh 967/1229 | Building BVH
Fra:1 Mem:616.26M (Peak 616.39M) | Time:00:01.19 | Mem:262.75M, Peak:278.33M | Scene, ViewLayer | Updating Geometry BVH fx_blind_mb_slats1_mesh 968/1229 | Building BVH
Fra:1 Mem:616.26M (Peak 616.39M) | Time:00:01.19 | Mem:262.77M, Peak:278.33M | Scene, ViewLayer | Updating Geometry BVH fx_blind_mb_slats2_mesh 969/1229 | Building BVH
Fra:1 Mem:616.26M (Peak 616.39M) | Time:00:01.19 | Mem:262.77M, Peak:278.33M | Scene, ViewLayer | Updating Geometry BVH fx_blind_mb_slats4_mesh 971/1229 | Building BVH
Fra:1 Mem:616.26M (Peak 616.39M) | Time:00:01.19 | Mem:262.77M, Peak:278.33M | Scene, ViewLayer | Updating Geometry BVH fx_blind_mb_slats5_mesh 972/1229 | Building BVH
Fra:1 Mem:616.26M (Peak 616.39M) | Time:00:01.19 | Mem:262.78M, Peak:278.33M | Scene, ViewLayer | Updating Geometry BVH fx_blind_mb_slats6_mesh 973/1229 | Building BVH
Fra:1 Mem:616.26M (Peak 616.39M) | Time:00:01.19 | Mem:262.81M, Peak:278.33M | Scene, ViewLayer | Updating Geometry BVH fx_blind_mb_slats7_mesh 974/1229 | Building BVH
Fra:1 Mem:616.26M (Peak 616.39M) | Time:00:01.19 | Mem:262.83M, Peak:278.33M | Scene, ViewLayer | Updating Geometry BVH fx_blind_mb_slats8_mesh 975/1229 | Building BVH
Fra:1 Mem:616.26M (Peak 616.39M) | Time:00:01.19 | Mem:262.83M, Peak:278.33M | Scene, ViewLayer | Updating Geometry BVH fx_wall_lamp0_mesh 976/1229 | Building BVH
Fra:1 Mem:616.26M (Peak 616.39M) | Time:00:01.19 | Mem:262.83M, Peak:278.33M | Scene, ViewLayer | Updating Geometry BVH fx_wall_lamp0_sh_mesh 977/1229 | Building BVH
Fra:1 Mem:616.26M (Peak 616.39M) | Time:00:01.19 | Mem:262.83M, Peak:278.33M | Scene, ViewLayer | Updating Geometry BVH fx_wall_lamp1_sh_mesh 979/1229 | Building BVH
Fra:1 Mem:616.26M (Peak 616.39M) | Time:00:01.19 | Mem:262.83M, Peak:278.33M | Scene, ViewLayer | Updating Geometry BVH fx_wall_lamp2_mesh 980/1229 | Building BVH
Fra:1 Mem:616.26M (Peak 616.39M) | Time:00:01.19 | Mem:262.84M, Peak:278.33M | Scene, ViewLayer | Updating Geometry BVH A_living_dining_balcony_dining_chair_04_legt1_mesh 1162/1229 | Building BVH
Fra:1 Mem:616.26M (Peak 616.39M) | Time:00:01.19 | Mem:262.92M, Peak:278.33M | Scene, ViewLayer | Updating Geometry BVH fx_foyer_jar_mesh 982/1229 | Building BVH
Fra:1 Mem:616.26M (Peak 616.39M) | Time:00:01.19 | Mem:262.93M, Peak:278.33M | Scene, ViewLayer | Updating Geometry BVH fx_foyer_pic_mesh 983/1229 | Building BVH
Fra:1 Mem:616.26M (Peak 616.39M) | Time:00:01.19 | Mem:262.93M, Peak:278.33M | Scene, ViewLayer | Updating Geometry BVH fx_kn_board_mesh 984/1229 | Building BVH
Fra:1 Mem:616.26M (Peak 616.39M) | Time:00:01.19 | Mem:262.97M, Peak:278.33M | Scene, ViewLayer | Updating Geometry BVH fx_kn_oil_mesh 985/1229 | Building BVH
Fra:1 Mem:616.26M (Peak 616.39M) | Time:00:01.19 | Mem:263.05M, Peak:278.33M | Scene, ViewLayer | Updating Geometry BVH fx_kn_herb_mesh 986/1229 | Building BVH
Fra:1 Mem:616.26M (Peak 616.39M) | Time:00:01.19 | Mem:263.05M, Peak:278.33M | Scene, ViewLayer | Updating Geometry BVH fx_kn_herb_leaf2_mesh 988/1229 | Building BVH
Fra:1 Mem:616.26M (Peak 616.39M) | Time:00:01.19 | Mem:263.07M, Peak:278.33M | Scene, ViewLayer | Updating Geometry BVH fx_island_tray_mesh 989/1229 | Building BVH
Fra:1 Mem:616.26M (Peak 616.39M) | Time:00:01.19 | Mem:263.11M, Peak:278.33M | Scene, ViewLayer | Updating Geometry BVH fx_bc_b0_0_mesh 990/1229 | Building BVH
Fra:1 Mem:616.26M (Peak 616.39M) | Time:00:01.19 | Mem:263.11M, Peak:278.33M | Scene, ViewLayer | Updating Geometry BVH fx_bc_b0_1_mesh 991/1229 | Building BVH
Fra:1 Mem:616.26M (Peak 616.39M) | Time:00:01.19 | Mem:263.11M, Peak:278.33M | Scene, ViewLayer | Updating Geometry BVH fx_bc_b0_3_mesh 993/1229 | Building BVH
Fra:1 Mem:616.26M (Peak 616.39M) | Time:00:01.19 | Mem:263.09M, Peak:278.33M | Scene, ViewLayer | Updating Geometry BVH fx_bc_b0f_1_mesh 996/1229 | Building BVH
Fra:1 Mem:616.26M (Peak 616.39M) | Time:00:01.19 | Mem:263.09M, Peak:278.33M | Scene, ViewLayer | Updating Geometry BVH fx_bc_potneck_mesh 998/1229 | Building BVH
Fra:1 Mem:616.26M (Peak 616.39M) | Time:00:01.19 | Mem:263.10M, Peak:278.33M | Scene, ViewLayer | Updating Geometry BVH fx_bc_potlip_mesh 999/1229 | Building BVH
Fra:1 Mem:616.26M (Peak 616.39M) | Time:00:01.19 | Mem:263.10M, Peak:278.33M | Scene, ViewLayer | Updating Geometry BVH fx_bc_frame_mesh 1000/1229 | Building BVH
Fra:1 Mem:616.26M (Peak 616.39M) | Time:00:01.19 | Mem:263.12M, Peak:278.33M | Scene, ViewLayer | Updating Geometry BVH fx_bc_framein_mesh 1001/1229 | Building BVH
Fra:1 Mem:616.26M (Peak 616.39M) | Time:00:01.19 | Mem:263.12M, Peak:278.33M | Scene, ViewLayer | Updating Geometry BVH fx_bc_rec0_mesh 1002/1229 | Building BVH
Fra:1 Mem:616.26M (Peak 616.39M) | Time:00:01.19 | Mem:263.12M, Peak:278.33M | Scene, ViewLayer | Updating Geometry BVH A_living_dining_balcony_dining_chair_04_leg1_mesh 1161/1229 | Building BVH
Fra:1 Mem:616.26M (Peak 616.39M) | Time:00:01.19 | Mem:263.21M, Peak:278.33M | Scene, ViewLayer | Updating Geometry BVH fx_bc_rec1_mesh 1003/1229 | Building BVH
Fra:1 Mem:616.26M (Peak 616.39M) | Time:00:01.19 | Mem:263.24M, Peak:278.33M | Scene, ViewLayer | Updating Geometry BVH fx_bc_rec2_mesh 1004/1229 | Building BVH
Fra:1 Mem:616.26M (Peak 616.39M) | Time:00:01.19 | Mem:263.24M, Peak:278.33M | Scene, ViewLayer | Updating Geometry BVH fx_bc_recstand_mesh 1005/1229 | Building BVH
Fra:1 Mem:616.26M (Peak 616.39M) | Time:00:01.19 | Mem:263.24M, Peak:278.33M | Scene, ViewLayer | Updating Geometry BVH fx_bc_b3_1_mesh 1007/1229 | Building BVH
Fra:1 Mem:616.26M (Peak 616.39M) | Time:00:01.19 | Mem:263.24M, Peak:278.33M | Scene, ViewLayer | Updating Geometry BVH fx_bc_b3_2_mesh 1008/1229 | Building BVH
Fra:1 Mem:616.26M (Peak 616.39M) | Time:00:01.19 | Mem:263.24M, Peak:278.33M | Scene, ViewLayer | Updating Geometry BVH fx_bc_jar3_mesh 1009/1229 | Building BVH
Fra:1 Mem:616.26M (Peak 616.39M) | Time:00:01.19 | Mem:263.26M, Peak:278.33M | Scene, ViewLayer | Updating Geometry BVH fx_bc_pot4_mesh 1010/1229 | Building BVH
Fra:1 Mem:616.26M (Peak 616.39M) | Time:00:01.19 | Mem:263.27M, Peak:278.33M | Scene, ViewLayer | Updating Geometry BVH fx_bc_g0_0_mesh 1011/1229 | Building BVH
Fra:1 Mem:616.26M (Peak 616.39M) | Time:00:01.19 | Mem:263.39M, Peak:278.33M | Scene, ViewLayer | Updating Geometry BVH fx_bc_g0_1_mesh 1012/1229 | Building BVH
Fra:1 Mem:616.26M (Peak 616.39M) | Time:00:01.19 | Mem:263.40M, Peak:278.33M | Scene, ViewLayer | Updating Geometry BVH fx_bc_g0_2_mesh 1013/1229 | Building BVH
Fra:1 Mem:616.26M (Peak 616.39M) | Time:00:01.19 | Mem:263.42M, Peak:278.33M | Scene, ViewLayer | Updating Geometry BVH fx_bc_gpot_mesh 1014/1229 | Building BVH
Fra:1 Mem:616.26M (Peak 616.39M) | Time:00:01.19 | Mem:263.42M, Peak:278.33M | Scene, ViewLayer | Updating Geometry BVH fx_bc_g1_0_mesh 1015/1229 | Building BVH
Fra:1 Mem:616.26M (Peak 616.39M) | Time:00:01.19 | Mem:263.46M, Peak:278.33M | Scene, ViewLayer | Updating Geometry BVH fx_bc_g1_1_mesh 1016/1229 | Building BVH
Fra:1 Mem:616.26M (Peak 616.39M) | Time:00:01.19 | Mem:263.43M, Peak:278.33M | Scene, ViewLayer | Updating Geometry BVH fx_bc_g1_2_mesh 1017/1229 | Building BVH
Fra:1 Mem:616.26M (Peak 616.39M) | Time:00:01.19 | Mem:263.44M, Peak:278.33M | Scene, ViewLayer | Updating Geometry BVH fx_bc_g1_3_mesh 1018/1229 | Building BVH
Fra:1 Mem:616.26M (Peak 616.39M) | Time:00:01.19 | Mem:263.45M, Peak:278.33M | Scene, ViewLayer | Updating Geometry BVH A_living_dining_balcony_dining_chair_04_legt0_mesh 1160/1229 | Building BVH
Fra:1 Mem:616.27M (Peak 616.39M) | Time:00:01.20 | Mem:263.46M, Peak:278.33M | Scene, ViewLayer | Updating Geometry BVH fx_bc_gpot2_mesh 1019/1229 | Building BVH
Fra:1 Mem:616.27M (Peak 616.39M) | Time:00:01.20 | Mem:263.46M, Peak:278.33M | Scene, ViewLayer | Updating Geometry BVH fx_desk_book1_mesh 1021/1229 | Building BVH
Fra:1 Mem:616.27M (Peak 616.39M) | Time:00:01.20 | Mem:263.46M, Peak:278.33M | Scene, ViewLayer | Updating Geometry BVH fx_fiddle_stem_mesh 1023/1229 | Building BVH
Fra:1 Mem:616.27M (Peak 616.39M) | Time:00:01.20 | Mem:263.47M, Peak:278.33M | Scene, ViewLayer | Updating Geometry BVH fx_fiddle_leaf0_mesh 1024/1229 | Building BVH
Fra:1 Mem:616.27M (Peak 616.39M) | Time:00:01.20 | Mem:263.47M, Peak:278.33M | Scene, ViewLayer | Updating Geometry BVH fx_fiddle_leaf1_mesh 1025/1229 | Building BVH
Fra:1 Mem:616.27M (Peak 616.39M) | Time:00:01.20 | Mem:263.49M, Peak:278.33M | Scene, ViewLayer | Updating Geometry BVH fx_fiddle_leaf2_mesh 1026/1229 | Building BVH
Fra:1 Mem:616.27M (Peak 616.39M) | Time:00:01.20 | Mem:263.49M, Peak:278.33M | Scene, ViewLayer | Updating Geometry BVH fx_fiddle_leaf3_mesh 1027/1229 | Building BVH
Fra:1 Mem:616.27M (Peak 616.39M) | Time:00:01.20 | Mem:263.50M, Peak:278.33M | Scene, ViewLayer | Updating Geometry BVH fx_fiddle_leaf4_mesh 1028/1229 | Building BVH
Fra:1 Mem:616.27M (Peak 616.39M) | Time:00:01.20 | Mem:263.51M, Peak:278.33M | Scene, ViewLayer | Updating Geometry BVH lt_spot_liv00 1031/1229 | Building BVH
Fra:1 Mem:616.27M (Peak 616.39M) | Time:00:01.20 | Mem:263.52M, Peak:278.33M | Scene, ViewLayer | Updating Geometry BVH lt_spot_liv01 1032/1229 | Building BVH
Fra:1 Mem:616.27M (Peak 616.39M) | Time:00:01.20 | Mem:263.57M, Peak:278.33M | Scene, ViewLayer | Updating Geometry BVH lt_spot_liv02 1033/1229 | Building BVH
Fra:1 Mem:616.27M (Peak 616.39M) | Time:00:01.20 | Mem:263.57M, Peak:278.33M | Scene, ViewLayer | Updating Geometry BVH lt_spot_liv03 1034/1229 | Building BVH
Fra:1 Mem:616.27M (Peak 616.39M) | Time:00:01.20 | Mem:263.63M, Peak:278.33M | Scene, ViewLayer | Updating Geometry BVH lt_spot_liv04 1035/1229 | Building BVH
Fra:1 Mem:616.27M (Peak 616.39M) | Time:00:01.20 | Mem:263.63M, Peak:278.33M | Scene, ViewLayer | Updating Geometry BVH lt_spot_liv05 1036/1229 | Building BVH
Fra:1 Mem:616.27M (Peak 616.39M) | Time:00:01.20 | Mem:263.63M, Peak:278.33M | Scene, ViewLayer | Updating Geometry BVH lt_spot_liv06 1037/1229 | Building BVH
Fra:1 Mem:616.27M (Peak 616.39M) | Time:00:01.20 | Mem:263.65M, Peak:278.33M | Scene, ViewLayer | Updating Geometry BVH lt_spot_liv07 1038/1229 | Building BVH
Fra:1 Mem:616.27M (Peak 616.39M) | Time:00:01.20 | Mem:263.65M, Peak:278.33M | Scene, ViewLayer | Updating Geometry BVH lt_spot_liv08 1039/1229 | Building BVH
Fra:1 Mem:616.27M (Peak 616.39M) | Time:00:01.20 | Mem:263.66M, Peak:278.33M | Scene, ViewLayer | Updating Geometry BVH lt_spot_liv09 1040/1229 | Building BVH
Fra:1 Mem:616.27M (Peak 616.39M) | Time:00:01.20 | Mem:263.66M, Peak:278.33M | Scene, ViewLayer | Updating Geometry BVH lt_spot_liv10 1041/1229 | Building BVH
Fra:1 Mem:616.27M (Peak 616.39M) | Time:00:01.20 | Mem:263.66M, Peak:278.33M | Scene, ViewLayer | Updating Geometry BVH A_living_dining_balcony_dining_chair_04_leg0_mesh 1159/1229 | Building BVH
Fra:1 Mem:616.27M (Peak 616.39M) | Time:00:01.20 | Mem:263.67M, Peak:278.33M | Scene, ViewLayer | Updating Geometry BVH lt_spot_liv11 1042/1229 | Building BVH
Fra:1 Mem:616.27M (Peak 616.39M) | Time:00:01.20 | Mem:263.67M, Peak:278.33M | Scene, ViewLayer | Updating Geometry BVH lt_spot_liv12 1043/1229 | Building BVH
Fra:1 Mem:616.27M (Peak 616.39M) | Time:00:01.20 | Mem:263.69M, Peak:278.33M | Scene, ViewLayer | Updating Geometry BVH lt_spot_liv13 1044/1229 | Building BVH
Fra:1 Mem:616.27M (Peak 616.39M) | Time:00:01.20 | Mem:263.70M, Peak:278.33M | Scene, ViewLayer | Updating Geometry BVH lt_spot_liv14 1045/1229 | Building BVH
Fra:1 Mem:616.27M (Peak 616.39M) | Time:00:01.20 | Mem:263.70M, Peak:278.33M | Scene, ViewLayer | Updating Geometry BVH lt_spot_liv15 1046/1229 | Building BVH
Fra:1 Mem:616.27M (Peak 616.39M) | Time:00:01.20 | Mem:263.70M, Peak:278.33M | Scene, ViewLayer | Updating Geometry BVH lt_spot_room0 1048/1229 | Building BVH
Fra:1 Mem:616.27M (Peak 616.39M) | Time:00:01.20 | Mem:263.72M, Peak:278.33M | Scene, ViewLayer | Updating Geometry BVH lt_spot_room1 1049/1229 | Building BVH
Fra:1 Mem:616.27M (Peak 616.39M) | Time:00:01.20 | Mem:263.73M, Peak:278.33M | Scene, ViewLayer | Updating Geometry BVH lt_spot_room2 1050/1229 | Building BVH
Fra:1 Mem:616.27M (Peak 616.39M) | Time:00:01.20 | Mem:263.75M, Peak:278.33M | Scene, ViewLayer | Updating Geometry BVH lt_spot_room3 1051/1229 | Building BVH
Fra:1 Mem:616.27M (Peak 616.39M) | Time:00:01.20 | Mem:263.75M, Peak:278.33M | Scene, ViewLayer | Updating Geometry BVH lt_spot_room4 1052/1229 | Building BVH
Fra:1 Mem:616.27M (Peak 616.39M) | Time:00:01.20 | Mem:263.77M, Peak:278.33M | Scene, ViewLayer | Updating Geometry BVH lt_spot_room5 1053/1229 | Building BVH
Fra:1 Mem:616.27M (Peak 616.39M) | Time:00:01.20 | Mem:263.77M, Peak:278.33M | Scene, ViewLayer | Updating Geometry BVH lt_spot_room8 1056/1229 | Building BVH
Fra:1 Mem:616.27M (Peak 616.39M) | Time:00:01.20 | Mem:263.77M, Peak:278.33M | Scene, ViewLayer | Updating Geometry BVH lt_spot_room9 1057/1229 | Building BVH
Fra:1 Mem:616.27M (Peak 616.39M) | Time:00:01.20 | Mem:263.77M, Peak:278.33M | Scene, ViewLayer | Updating Geometry BVH lt_spot_room10 1058/1229 | Building BVH
Fra:1 Mem:616.27M (Peak 616.39M) | Time:00:01.20 | Mem:263.77M, Peak:278.33M | Scene, ViewLayer | Updating Geometry BVH lt_spot_room11 1059/1229 | Building BVH
Fra:1 Mem:616.27M (Peak 616.39M) | Time:00:01.20 | Mem:263.77M, Peak:278.33M | Scene, ViewLayer | Updating Geometry BVH lt_spot_room12 1060/1229 | Building BVH
Fra:1 Mem:616.27M (Peak 616.39M) | Time:00:01.20 | Mem:263.78M, Peak:278.33M | Scene, ViewLayer | Updating Geometry BVH lt_spot_room13 1061/1229 | Building BVH
Fra:1 Mem:616.27M (Peak 616.39M) | Time:00:01.20 | Mem:263.81M, Peak:278.33M | Scene, ViewLayer | Updating Geometry BVH lt_ceiling_master 1062/1229 | Building BVH
Fra:1 Mem:616.27M (Peak 616.39M) | Time:00:01.20 | Mem:263.82M, Peak:278.33M | Scene, ViewLayer | Updating Geometry BVH lt_ceiling_parents 1063/1229 | Building BVH
Fra:1 Mem:616.27M (Peak 616.39M) | Time:00:01.20 | Mem:263.86M, Peak:278.33M | Scene, ViewLayer | Updating Geometry BVH A_living_dining_balcony_dining_chair_04_back_mesh 1158/1229 | Building BVH
Fra:1 Mem:616.27M (Peak 616.39M) | Time:00:01.20 | Mem:263.88M, Peak:278.33M | Scene, ViewLayer | Updating Geometry BVH lt_wall2 1068/1229 | Building BVH
Fra:1 Mem:616.27M (Peak 616.39M) | Time:00:01.20 | Mem:263.88M, Peak:278.33M | Scene, ViewLayer | Updating Geometry BVH lt_strip_cb_mesh 1080/1229 | Building BVH
Fra:1 Mem:616.27M (Peak 616.39M) | Time:00:01.20 | Mem:263.88M, Peak:278.33M | Scene, ViewLayer | Updating Geometry BVH lt_fill_pbath 1084/1229 | Building BVH
Fra:1 Mem:616.27M (Peak 616.39M) | Time:00:01.20 | Mem:263.88M, Peak:278.33M | Scene, ViewLayer | Updating Geometry BVH A_living_dining_balcony_dining_chair_04_seat_mesh 1157/1229 | Building BVH
Fra:1 Mem:616.27M (Peak 616.39M) | Time:00:01.20 | Mem:263.95M, Peak:278.33M | Scene, ViewLayer | Updating Geometry BVH lt_fill_mbath 1085/1229 | Building BVH
Fra:1 Mem:616.27M (Peak 616.39M) | Time:00:01.20 | Mem:264.09M, Peak:278.33M | Scene, ViewLayer | Updating Geometry BVH lt_fill_corridor 1086/1229 | Building BVH
Fra:1 Mem:616.27M (Peak 616.39M) | Time:00:01.20 | Mem:264.09M, Peak:278.33M | Scene, ViewLayer | Updating Geometry BVH A_living_dining_balcony_island_01_sideW_mesh 1087/1229 | Building BVH
Fra:1 Mem:616.27M (Peak 616.39M) | Time:00:01.20 | Mem:264.09M, Peak:278.33M | Scene, ViewLayer | Updating Geometry BVH A_living_dining_balcony_island_01_sideE_mesh 1088/1229 | Building BVH
Fra:1 Mem:616.27M (Peak 616.39M) | Time:00:01.20 | Mem:264.09M, Peak:278.33M | Scene, ViewLayer | Updating Geometry BVH A_living_dining_balcony_island_01_backN_mesh 1089/1229 | Building BVH
Fra:1 Mem:616.27M (Peak 616.39M) | Time:00:01.20 | Mem:264.09M, Peak:278.33M | Scene, ViewLayer | Updating Geometry BVH A_living_dining_balcony_island_01_base_mesh 1090/1229 | Building BVH
Fra:1 Mem:616.27M (Peak 616.39M) | Time:00:01.20 | Mem:264.09M, Peak:278.33M | Scene, ViewLayer | Updating Geometry BVH A_living_dining_balcony_island_01_oven_mesh 1091/1229 | Building BVH
Fra:1 Mem:616.27M (Peak 616.39M) | Time:00:01.20 | Mem:264.10M, Peak:278.33M | Scene, ViewLayer | Updating Geometry BVH A_living_dining_balcony_island_01_drw_gapbg_mesh 1092/1229 | Building BVH
Fra:1 Mem:616.27M (Peak 616.39M) | Time:00:01.20 | Mem:264.14M, Peak:278.33M | Scene, ViewLayer | Updating Geometry BVH A_living_dining_balcony_island_01_drw_f0_mesh 1093/1229 | Building BVH
Fra:1 Mem:616.27M (Peak 616.39M) | Time:00:01.20 | Mem:264.14M, Peak:278.33M | Scene, ViewLayer | Updating Geometry BVH A_living_dining_balcony_island_01_drw_p0_mesh 1094/1229 | Building BVH
Fra:1 Mem:616.27M (Peak 616.39M) | Time:00:01.20 | Mem:264.15M, Peak:278.33M | Scene, ViewLayer | Updating Geometry BVH A_living_dining_balcony_island_01_niche_mesh 1095/1229 | Building BVH
Fra:1 Mem:616.27M (Peak 616.39M) | Time:00:01.20 | Mem:264.16M, Peak:278.33M | Scene, ViewLayer | Updating Geometry BVH A_living_dining_balcony_island_01_sh0_mesh 1096/1229 | Building BVH
Fra:1 Mem:616.27M (Peak 616.39M) | Time:00:01.20 | Mem:264.18M, Peak:278.33M | Scene, ViewLayer | Updating Geometry BVH A_living_dining_balcony_dining_chair_03_armf1_mesh 1156/1229 | Building BVH
Fra:1 Mem:616.27M (Peak 616.39M) | Time:00:01.20 | Mem:264.21M, Peak:278.33M | Scene, ViewLayer | Updating Geometry BVH A_living_dining_balcony_island_01_top_mesh 1098/1229 | Building BVH
Fra:1 Mem:616.27M (Peak 616.39M) | Time:00:01.20 | Mem:264.21M, Peak:278.33M | Scene, ViewLayer | Updating Geometry BVH A_living_dining_balcony_tv_cabinet_01_body_mesh 1099/1229 | Building BVH
Fra:1 Mem:616.27M (Peak 616.39M) | Time:00:01.20 | Mem:264.21M, Peak:278.33M | Scene, ViewLayer | Updating Geometry BVH A_living_dining_balcony_tv_cabinet_01_door_gapbg_mesh 1100/1229 | Building BVH
Fra:1 Mem:616.27M (Peak 616.39M) | Time:00:01.20 | Mem:264.22M, Peak:278.33M | Scene, ViewLayer | Updating Geometry BVH A_living_dining_balcony_tv_cabinet_01_door_f0_mesh 1101/1229 | Building BVH
Fra:1 Mem:616.27M (Peak 616.39M) | Time:00:01.20 | Mem:264.22M, Peak:278.33M | Scene, ViewLayer | Updating Geometry BVH A_living_dining_balcony_tv_cabinet_01_door_f1_mesh 1102/1229 | Building BVH
Fra:1 Mem:616.27M (Peak 616.39M) | Time:00:01.20 | Mem:264.22M, Peak:278.33M | Scene, ViewLayer | Updating Geometry BVH A_living_dining_balcony_tv_cabinet_01_door_f3_mesh 1104/1229 | Building BVH
Fra:1 Mem:616.27M (Peak 616.39M) | Time:00:01.20 | Mem:264.24M, Peak:278.33M | Scene, ViewLayer | Updating Geometry BVH A_living_dining_balcony_tv_cabinet_01_door_f4_mesh 1105/1229 | Building BVH
Fra:1 Mem:616.27M (Peak 616.39M) | Time:00:01.20 | Mem:264.33M, Peak:278.33M | Scene, ViewLayer | Updating Geometry BVH A_living_dining_balcony_pendant_lamp_01_rod_mesh 1106/1229 | Building BVH
Fra:1 Mem:616.27M (Peak 616.39M) | Time:00:01.20 | Mem:264.35M, Peak:278.33M | Scene, ViewLayer | Updating Geometry BVH A_living_dining_balcony_pendant_lamp_01_ globe_mesh 1107/1229 | Building BVH
Fra:1 Mem:616.27M (Peak 616.39M) | Time:00:01.20 | Mem:264.36M, Peak:278.33M | Scene, ViewLayer | Updating Geometry BVH A_living_dining_balcony_island_02_top_mesh 1108/1229 | Building BVH
Fra:1 Mem:616.27M (Peak 616.39M) | Time:00:01.20 | Mem:264.45M, Peak:278.33M | Scene, ViewLayer | Updating Geometry BVH A_living_dining_balcony_island_02_leg0_mesh 1109/1229 | Building BVH
Fra:1 Mem:616.27M (Peak 616.39M) | Time:00:01.20 | Mem:264.45M, Peak:278.33M | Scene, ViewLayer | Updating Geometry BVH A_living_dining_balcony_island_02_leg1_mesh 1110/1229 | Building BVH
Fra:1 Mem:616.27M (Peak 616.39M) | Time:00:01.20 | Mem:264.48M, Peak:278.33M | Scene, ViewLayer | Updating Geometry BVH A_living_dining_balcony_island_02_leg2_mesh 1111/1229 | Building BVH
Fra:1 Mem:616.27M (Peak 616.39M) | Time:00:01.20 | Mem:264.48M, Peak:278.33M | Scene, ViewLayer | Updating Geometry BVH A_living_dining_balcony_island_02_leg3_mesh 1112/1229 | Building BVH
Fra:1 Mem:616.27M (Peak 616.39M) | Time:00:01.20 | Mem:264.51M, Peak:278.33M | Scene, ViewLayer | Updating Geometry BVH A_living_dining_balcony_pendant_lamp_02_rod_mesh 1113/1229 | Building BVH
Fra:1 Mem:616.27M (Peak 616.39M) | Time:00:01.20 | Mem:264.51M, Peak:278.33M | Scene, ViewLayer | Updating Geometry BVH A_living_dining_balcony_pendant_lamp_02_ globe_mesh 1114/1229 | Building BVH
Fra:1 Mem:616.27M (Peak 616.39M) | Time:00:01.20 | Mem:264.52M, Peak:278.33M | Scene, ViewLayer | Updating Geometry BVH A_living_dining_balcony_dining_chair_03_arm1_mesh 1155/1229 | Building BVH
Fra:1 Mem:616.27M (Peak 616.39M) | Time:00:01.20 | Mem:264.53M, Peak:278.33M | Scene, ViewLayer | Updating Geometry BVH A_living_dining_balcony_dining_chair_01_seat_mesh 1115/1229 | Building BVH
Fra:1 Mem:616.27M (Peak 616.39M) | Time:00:01.20 | Mem:264.56M, Peak:278.33M | Scene, ViewLayer | Updating Geometry BVH A_living_dining_balcony_dining_chair_01_back_mesh 1116/1229 | Building BVH
Fra:1 Mem:616.27M (Peak 616.39M) | Time:00:01.20 | Mem:264.62M, Peak:278.33M | Scene, ViewLayer | Updating Geometry BVH A_living_dining_balcony_dining_chair_01_leg0_mesh 1117/1229 | Building BVH
Fra:1 Mem:616.27M (Peak 616.39M) | Time:00:01.20 | Mem:264.67M, Peak:278.33M | Scene, ViewLayer | Updating Geometry BVH A_living_dining_balcony_dining_chair_01_legt0_mesh 1118/1229 | Building BVH
Fra:1 Mem:616.27M (Peak 616.39M) | Time:00:01.20 | Mem:264.67M, Peak:278.33M | Scene, ViewLayer | Updating Geometry BVH A_living_dining_balcony_dining_chair_01_leg1_mesh 1119/1229 | Building BVH
Fra:1 Mem:616.27M (Peak 616.39M) | Time:00:01.20 | Mem:264.68M, Peak:278.33M | Scene, ViewLayer | Updating Geometry BVH A_living_dining_balcony_dining_chair_01_legt1_mesh 1120/1229 | Building BVH
Fra:1 Mem:616.27M (Peak 616.39M) | Time:00:01.20 | Mem:264.68M, Peak:278.33M | Scene, ViewLayer | Updating Geometry BVH A_living_dining_balcony_dining_chair_01_leg2_mesh 1121/1229 | Building BVH
Fra:1 Mem:616.27M (Peak 616.39M) | Time:00:01.21 | Mem:264.70M, Peak:278.33M | Scene, ViewLayer | Updating Geometry BVH A_living_dining_balcony_dining_chair_01_legt2_mesh 1122/1229 | Building BVH
Fra:1 Mem:616.27M (Peak 616.39M) | Time:00:01.21 | Mem:264.70M, Peak:278.33M | Scene, ViewLayer | Updating Geometry BVH A_living_dining_balcony_dining_chair_01_leg3_mesh 1123/1229 | Building BVH
Fra:1 Mem:616.27M (Peak 616.39M) | Time:00:01.21 | Mem:264.70M, Peak:278.33M | Scene, ViewLayer | Updating Geometry BVH A_living_dining_balcony_dining_chair_01_arm0_mesh 1125/1229 | Building BVH
Fra:1 Mem:616.27M (Peak 616.39M) | Time:00:01.21 | Mem:264.70M, Peak:278.33M | Scene, ViewLayer | Updating Geometry BVH A_living_dining_balcony_dining_chair_01_arm1_mesh 1127/1229 | Building BVH
Fra:1 Mem:616.27M (Peak 616.39M) | Time:00:01.21 | Mem:264.68M, Peak:278.33M | Scene, ViewLayer | Updating Geometry BVH A_living_dining_balcony_dining_chair_01_armf1_mesh 1128/1229 | Building BVH
Fra:1 Mem:616.27M (Peak 616.39M) | Time:00:01.21 | Mem:264.69M, Peak:278.33M | Scene, ViewLayer | Updating Geometry BVH A_living_dining_balcony_dining_chair_02_seat_mesh 1129/1229 | Building BVH
Fra:1 Mem:616.27M (Peak 616.39M) | Time:00:01.21 | Mem:264.71M, Peak:278.33M | Scene, ViewLayer | Updating Geometry BVH A_living_dining_balcony_dining_chair_02_back_mesh 1130/1229 | Building BVH
Fra:1 Mem:616.27M (Peak 616.39M) | Time:00:01.21 | Mem:264.76M, Peak:278.33M | Scene, ViewLayer | Updating Geometry BVH A_living_dining_balcony_dining_chair_02_legt0_mesh 1132/1229 | Building BVH
Fra:1 Mem:616.27M (Peak 616.39M) | Time:00:01.21 | Mem:264.76M, Peak:278.33M | Scene, ViewLayer | Updating Geometry BVH A_living_dining_balcony_dining_chair_02_leg0_mesh 1131/1229 | Building BVH
Fra:1 Mem:616.27M (Peak 616.39M) | Time:00:01.21 | Mem:264.81M, Peak:278.33M | Scene, ViewLayer | Updating Geometry BVH A_living_dining_balcony_dining_chair_02_leg1_mesh 1133/1229 | Building BVH
Fra:1 Mem:616.27M (Peak 616.39M) | Time:00:01.21 | Mem:264.82M, Peak:278.33M | Scene, ViewLayer | Updating Geometry BVH A_living_dining_balcony_dining_chair_02_legt1_mesh 1134/1229 | Building BVH
Fra:1 Mem:616.27M (Peak 616.39M) | Time:00:01.21 | Mem:264.82M, Peak:278.33M | Scene, ViewLayer | Updating Geometry BVH A_living_dining_balcony_dining_chair_02_leg3_mesh 1137/1229 | Building BVH
Fra:1 Mem:616.27M (Peak 616.39M) | Time:00:01.21 | Mem:264.83M, Peak:278.33M | Scene, ViewLayer | Updating Geometry BVH A_living_dining_balcony_dining_chair_02_legt3_mesh 1138/1229 | Building BVH
Fra:1 Mem:616.27M (Peak 616.39M) | Time:00:01.21 | Mem:264.83M, Peak:278.33M | Scene, ViewLayer | Updating Geometry BVH A_living_dining_balcony_dining_chair_02_armf0_mesh 1140/1229 | Building BVH
Fra:1 Mem:616.27M (Peak 616.39M) | Time:00:01.21 | Mem:264.91M, Peak:278.33M | Scene, ViewLayer | Updating Geometry BVH A_living_dining_balcony_dining_chair_02_arm1_mesh 1141/1229 | Building BVH
Fra:1 Mem:616.27M (Peak 616.39M) | Time:00:01.21 | Mem:264.91M, Peak:278.33M | Scene, ViewLayer | Updating Geometry BVH A_living_dining_balcony_dining_chair_02_armf1_mesh 1142/1229 | Building BVH
Fra:1 Mem:616.27M (Peak 616.39M) | Time:00:01.21 | Mem:264.91M, Peak:278.33M | Scene, ViewLayer | Updating Geometry BVH A_living_dining_balcony_dining_chair_03_seat_mesh 1143/1229 | Building BVH
Fra:1 Mem:616.27M (Peak 616.39M) | Time:00:01.21 | Mem:264.91M, Peak:278.33M | Scene, ViewLayer | Updating Geometry BVH A_living_dining_balcony_dining_chair_03_leg0_mesh 1145/1229 | Building BVH
Fra:1 Mem:616.27M (Peak 616.39M) | Time:00:01.21 | Mem:264.98M, Peak:278.33M | Scene, ViewLayer | Updating Geometry BVH A_living_dining_balcony_dining_chair_03_legt0_mesh 1146/1229 | Building BVH
Fra:1 Mem:616.27M (Peak 616.39M) | Time:00:01.21 | Mem:264.99M, Peak:278.33M | Scene, ViewLayer | Updating Geometry BVH A_living_dining_balcony_dining_chair_03_arm0_mesh 1153/1229 | Building BVH
Fra:1 Mem:616.27M (Peak 616.39M) | Time:00:01.21 | Mem:264.99M, Peak:278.33M | Scene, ViewLayer | Updating Geometry BVH A_living_dining_balcony_dining_chair_03_leg1_mesh 1147/1229 | Building BVH
Fra:1 Mem:616.27M (Peak 616.39M) | Time:00:01.21 | Mem:265.00M, Peak:278.33M | Scene, ViewLayer | Updating Geometry BVH A_living_dining_balcony_dining_chair_03_legt1_mesh 1148/1229 | Building BVH
Fra:1 Mem:616.27M (Peak 616.39M) | Time:00:01.21 | Mem:265.00M, Peak:278.33M | Scene, ViewLayer | Updating Geometry BVH A_living_dining_balcony_dining_chair_03_leg2_mesh 1149/1229 | Building BVH
Fra:1 Mem:616.27M (Peak 616.39M) | Time:00:01.21 | Mem:265.02M, Peak:278.33M | Scene, ViewLayer | Updating Geometry BVH A_living_dining_balcony_dining_chair_03_legt2_mesh 1150/1229 | Building BVH
Fra:1 Mem:616.27M (Peak 616.39M) | Time:00:01.21 | Mem:265.02M, Peak:278.33M | Scene, ViewLayer | Updating Geometry BVH A_living_dining_balcony_dining_chair_03_leg3_mesh 1151/1229 | Building BVH
Fra:1 Mem:616.27M (Peak 616.39M) | Time:00:01.21 | Mem:265.05M, Peak:278.33M | Scene, ViewLayer | Updating Geometry BVH A_living_dining_balcony_dining_chair_03_legt3_mesh 1152/1229 | Building BVH
Fra:1 Mem:616.27M (Peak 616.39M) | Time:00:01.21 | Mem:265.07M, Peak:278.33M | Scene, ViewLayer | Updating Scene BVH | Building
Fra:1 Mem:616.29M (Peak 616.39M) | Time:00:01.21 | Mem:265.07M, Peak:278.33M | Scene, ViewLayer | Updating Scene BVH | Building BVH
Fra:1 Mem:616.29M (Peak 616.39M) | Time:00:01.34 | Mem:269.48M, Peak:278.33M | Scene, ViewLayer | Updating Scene BVH | Copying BVH to device
Fra:1 Mem:616.29M (Peak 616.39M) | Time:00:01.34 | Mem:269.48M, Peak:278.33M | Scene, ViewLayer | Updating Mesh | Computing normals
Fra:1 Mem:666.51M (Peak 666.51M) | Time:00:01.36 | Mem:269.48M, Peak:278.33M | Scene, ViewLayer | Updating Mesh | Copying Mesh to device
Fra:1 Mem:666.51M (Peak 666.51M) | Time:00:01.37 | Mem:319.70M, Peak:319.70M | Scene, ViewLayer | Updating Objects Flags
Fra:1 Mem:666.51M (Peak 666.51M) | Time:00:01.37 | Mem:319.71M, Peak:319.71M | Scene, ViewLayer | Updating Primitive Offsets
Fra:1 Mem:666.51M (Peak 666.51M) | Time:00:01.37 | Mem:319.71M, Peak:319.71M | Scene, ViewLayer | Updating Images
Fra:1 Mem:666.51M (Peak 666.51M) | Time:00:01.37 | Mem:319.71M, Peak:319.71M | Scene, ViewLayer | Updating Images | Loading walnut3_nor_gl_2k.jpg
Fra:1 Mem:666.51M (Peak 666.51M) | Time:00:01.37 | Mem:319.71M, Peak:319.71M | Scene, ViewLayer | Updating Images | Loading kloofendal_48d_partly_cloudy_puresky_4k.hdr
Fra:1 Mem:682.51M (Peak 682.51M) | Time:00:01.37 | Mem:319.71M, Peak:319.71M | Scene, ViewLayer | Updating Images | Loading walnut3_rough_2k.jpg
Fra:1 Mem:830.51M (Peak 830.51M) | Time:00:01.58 | Mem:483.71M, Peak:483.71M | Scene, ViewLayer | Updating Camera Volume
Fra:1 Mem:830.51M (Peak 830.51M) | Time:00:01.58 | Mem:483.71M, Peak:483.71M | Scene, ViewLayer | Updating Lookup Tables
Fra:1 Mem:830.51M (Peak 830.51M) | Time:00:01.58 | Mem:483.79M, Peak:483.79M | Scene, ViewLayer | Updating Lights
Fra:1 Mem:830.52M (Peak 830.52M) | Time:00:01.58 | Mem:483.80M, Peak:483.80M | Scene, ViewLayer | Updating Lights | Importance map
Fra:1 Mem:894.55M (Peak 1182.52M) | Time:00:01.99 | Mem:547.83M, Peak:707.80M | Scene, ViewLayer | Updating Lights | Computing tree
Fra:1 Mem:895.55M (Peak 1182.52M) | Time:00:02.00 | Mem:548.83M, Peak:707.80M | Scene, ViewLayer | Updating Integrator
Fra:1 Mem:895.55M (Peak 1182.52M) | Time:00:02.00 | Mem:548.83M, Peak:707.80M | Scene, ViewLayer | Updating Film
Fra:1 Mem:895.55M (Peak 1182.52M) | Time:00:02.00 | Mem:548.74M, Peak:707.80M | Scene, ViewLayer | Updating Lookup Tables
Fra:1 Mem:895.55M (Peak 1182.52M) | Time:00:02.00 | Mem:548.83M, Peak:707.80M | Scene, ViewLayer | Updating Baking
Fra:1 Mem:895.55M (Peak 1182.52M) | Time:00:02.00 | Mem:548.83M, Peak:707.80M | Scene, ViewLayer | Updating Device | Writing constant memory
Fra:1 Mem:895.57M (Peak 1182.52M) | Time:00:02.00 | Mem:548.83M, Peak:707.80M | Scene, ViewLayer | Loading denoising kernels (may take a few minutes the first time)
Fra:1 Mem:899.62M (Peak 1182.52M) | Time:00:02.04 | Mem:900.88M, Peak:900.88M | Scene, ViewLayer | Sample 0/16
Fra:1 Mem:937.20M (Peak 1182.52M) | Time:00:02.39 | Remaining:00:05.20 | Mem:938.46M, Peak:938.46M | Scene, ViewLayer | Sample 1/16
Fra:1 Mem:953.03M (Peak 1182.52M) | Time:00:08.53 | Mem:938.46M, Peak:938.46M | Scene, ViewLayer | Sample 16/16
Fra:1 Mem:953.03M (Peak 1182.52M) | Time:00:08.53 | Mem:938.46M, Peak:938.46M | Scene, ViewLayer | Finished
Saved: 'D:\ClaudeCodeProject2026\jiangyu-render\review\screenshots\f7_diag_lt_sun.png'
Time: 00:08.69 (Saving: 00:00.04)

BlenderMCP addon registered
[f7] base rendered (everything visible)
[f7] hidden-render done: ['lt_sun']
[f7] luminance grid base (960x540):
   ++++======-::::=+***#######+:---++++++++==++++++
   +++=======::::-+***#########+:---++====--====+++
   +++======::::-++**#######*###+:-:-==-:::--===+++
   +++++===-:::-++**#######***###*::::::::::-==++++
   =+++++++=::-++**######******###*::.::::-:-=+++++
   ===+++++=:-++**#####*********##**:::--:-:==+++++
   ======++=:=+*######********#####**.:--:-:=++++++
   --=======++*#####********########*-:-----=++++++
   .:-======+*####*******###########*=-=====+++++++
   .::====--=**#*******#############**==+++++++++++
   .::====------=+***########******==-:+***********
   .::====--=--::::-=+*####******+=----************
   .::====--=--::::::::-=+++++=--------************
   :::====-===-:-::--:::=++:-----------************
   :::+++=-====:-----:-:=*+------------*##*********
   :.-++++==+==:--------+*+--------==++######******
   ::-++++=+***-=-----=-+##++********###%%%##******
   ::-++++=+**+======-==*%%#********###%%%%%##*****
   ::-++++=++++-++++++++#*###*******###%+*#%##*****
   ::-++++=++++-++=:.:=+*#####******###%-=#%##*****
   ::-++++=++++-++=::==+*#######****####%%%##******
   ::-++++=+++=-+++:.:-=***########**########******
   ::-++++=--===+++=-::=********############*******
   --=++**+++++++++==+++**********#####************
   +++++**++++++++===+++*************###***********
   ++++++++++++++=====++***************************
   =++++++++++++==++++++***************************
[f7] luminance grid hidden=lt_sun (960x540):
   +++=======-.:::-++*****++++=::::=============+++
   +++======-:.::-+++*******+++=::::===------====++
   +++======:.::-+++********++++=::.:--::.::--===++
   ===+====-.::-+++**********++++=:.....::::-===+++
   ====+++==:::+++************++++=:...:::::-==++++
   =======+=::=++****************++=:.::::::-==++++
   --=======:=++******************++=.::::::-=+++++
   ---=======+**********************+:::----=++++++
   .::--=====************************=-===-=+++++++
   ..:------=+************************-=+++++++++++
   ..:----:---:-=+****************+=-::++++++++++++
   ..:----:----::.::-=+**********+=::::++++++++++++
   ..:----:----::::::..:==+=+=-::::::::+******+++++
   ..:===------::::::::.-+=::::::::::::************
   ..:====-----:::::::::=+=:::::::::::-************
   ..:====-====:::::::-:=*+:::::---===+#####*******
   ..:====-=+==:--------+#*++++*******##%%%##******
   .::====-+++=:-------=*%%#*********##%%%%%#******
   .::====-+++=-------==**##*********##%+*#%##*****
   .::====-+++=-==-...==*###*********##%-=#%##*****
   :::=====+++=-===..-==*##***********##%%###******
   :::=+++=+++=-===..::=+**************#####*******
   :::++++=----====-::.-+**************************
   :--++++++++++======++***************************
   ==++++++++++=======++***************************
   ===++++++==========+++**************************
   ====+++===========++++**************************
[f7] base right-third  mean=0.578  R-B=0.131
[f7] base right-upper  mean=0.467  R-B=0.161
[f7] hidden right-third  mean=0.545  R-B=0.134
[f7] hidden right-upper  mean=0.425  R-B=0.159
[f7] diff>0.10 pixels=26472 (5.1%)  bbox x[0..782] y[0..497] (y 从顶部)
[f7] diff row profile (每 20 行的像素数):
   3047 2713 2363 1964 1695 1451 1218 775 156 13 52 88 179 260 255 346 2143 1807 3084 345 408 602 574 636 298 0 0
BlenderMCP addon unregistered

Blender quit
