Blender 4.5.10 LTS (hash 6dc0b208d1b5 built 2026-05-19 01:33:42)
Read blend: "D:\ClaudeCodeProject2026\jiangyu-render\blend\jiangyu.blend"
Fra:1 Mem:255.07M (Peak 258.12M) | Time:00:00.11 | Mem:0.00M, Peak:0.00M | Scene, ViewLayer | Synchronizing object | ceil_living_r1S
Fra:1 Mem:255.07M (Peak 258.12M) | Time:00:00.11 | Mem:0.00M, Peak:0.00M | Scene, ViewLayer | Synchronizing object | ceil_son_ac
Fra:1 Mem:255.07M (Peak 258.12M) | Time:00:00.11 | Mem:0.00M, Peak:0.00M | Scene, ViewLayer | Synchronizing object | ceil_kitchen_fill
Fra:1 Mem:255.07M (Peak 258.12M) | Time:00:00.11 | Mem:0.00M, Peak:0.00M | Scene, ViewLayer | Synchronizing object | ceil_master_bath_fill
Fra:1 Mem:255.11M (Peak 258.12M) | Time:00:00.12 | Mem:0.00M, Peak:0.00M | Scene, ViewLayer | Synchronizing object | ceil_corridor_fill
Fra:1 Mem:255.11M (Peak 258.12M) | Time:00:00.12 | Mem:0.00M, Peak:0.00M | Scene, ViewLayer | Synchronizing object | ceil_elevator_hall_fill
Fra:1 Mem:255.11M (Peak 258.12M) | Time:00:00.12 | Mem:0.00M, Peak:0.00M | Scene, ViewLayer | Synchronizing object | fx_ceiling_master_bedroom
Fra:1 Mem:255.12M (Peak 258.12M) | Time:00:00.12 | Mem:0.00M, Peak:0.00M | Scene, ViewLayer | Synchronizing object | fx_ceiling_parents_room
Fra:1 Mem:255.12M (Peak 258.12M) | Time:00:00.12 | Mem:0.00M, Peak:0.00M | Scene, ViewLayer | Synchronizing object | fx_ceiling_son_room
Fra:1 Mem:255.12M (Peak 258.12M) | Time:00:00.12 | Mem:0.00M, Peak:0.00M | Scene, ViewLayer | Synchronizing object | fx_spot_living00
Fra:1 Mem:255.12M (Peak 258.12M) | Time:00:00.12 | Mem:0.00M, Peak:0.00M | Scene, ViewLayer | Synchronizing object | fx_spot_living00_r
Fra:1 Mem:255.14M (Peak 258.12M) | Time:00:00.12 | Mem:0.00M, Peak:0.00M | Scene, ViewLayer | Synchronizing object | fx_spot_living01
Fra:1 Mem:255.14M (Peak 258.12M) | Time:00:00.12 | Mem:0.00M, Peak:0.00M | Scene, ViewLayer | Synchronizing object | fx_spot_living02
Fra:1 Mem:255.14M (Peak 258.12M) | Time:00:00.12 | Mem:0.00M, Peak:0.00M | Scene, ViewLayer | Synchronizing object | fx_spot_living02_r
Fra:1 Mem:255.15M (Peak 258.12M) | Time:00:00.12 | Mem:0.00M, Peak:0.00M | Scene, ViewLayer | Synchronizing object | fx_spot_living03
Fra:1 Mem:255.15M (Peak 258.12M) | Time:00:00.12 | Mem:0.00M, Peak:0.00M | Scene, ViewLayer | Synchronizing object | fx_spot_living03_r
Fra:1 Mem:255.15M (Peak 258.12M) | Time:00:00.12 | Mem:0.00M, Peak:0.00M | Scene, ViewLayer | Synchronizing object | fx_spot_living04
Fra:1 Mem:255.16M (Peak 258.12M) | Time:00:00.12 | Mem:0.00M, Peak:0.00M | Scene, ViewLayer | Synchronizing object | fx_spot_living05
Fra:1 Mem:255.17M (Peak 258.12M) | Time:00:00.12 | Mem:0.00M, Peak:0.00M | Scene, ViewLayer | Synchronizing object | fx_spot_living06
Fra:1 Mem:255.17M (Peak 258.12M) | Time:00:00.12 | Mem:0.00M, Peak:0.00M | Scene, ViewLayer | Synchronizing object | fx_spot_living06_r
Fra:1 Mem:255.17M (Peak 258.12M) | Time:00:00.12 | Mem:0.00M, Peak:0.00M | Scene, ViewLayer | Synchronizing object | fx_spot_living07
Fra:1 Mem:255.18M (Peak 258.12M) | Time:00:00.12 | Mem:0.00M, Peak:0.00M | Scene, ViewLayer | Synchronizing object | fx_spot_living07_r
Fra:1 Mem:255.20M (Peak 258.12M) | Time:00:00.12 | Mem:0.00M, Peak:0.00M | Scene, ViewLayer | Synchronizing object | fx_spot_living08
Fra:1 Mem:255.20M (Peak 258.12M) | Time:00:00.12 | Mem:0.00M, Peak:0.00M | Scene, ViewLayer | Synchronizing object | fx_spot_living09_r
Fra:1 Mem:255.20M (Peak 258.12M) | Time:00:00.12 | Mem:0.00M, Peak:0.00M | Scene, ViewLayer | Synchronizing object | fx_spot_living10
Fra:1 Mem:255.21M (Peak 258.12M) | Time:00:00.12 | Mem:0.00M, Peak:0.00M | Scene, ViewLayer | Synchronizing object | fx_spot_living10_r
Fra:1 Mem:255.22M (Peak 258.12M) | Time:00:00.12 | Mem:0.00M, Peak:0.00M | Scene, ViewLayer | Synchronizing object | fx_spot_living12
Fra:1 Mem:255.23M (Peak 258.12M) | Time:00:00.12 | Mem:0.00M, Peak:0.00M | Scene, ViewLayer | Synchronizing object | fx_spot_living12_r
Fra:1 Mem:255.24M (Peak 258.12M) | Time:00:00.12 | Mem:0.00M, Peak:0.00M | Scene, ViewLayer | Synchronizing object | fx_spot_living13
Fra:1 Mem:255.25M (Peak 258.12M) | Time:00:00.12 | Mem:0.00M, Peak:0.00M | Scene, ViewLayer | Synchronizing object | fx_spot_living14
Fra:1 Mem:255.26M (Peak 258.12M) | Time:00:00.12 | Mem:0.00M, Peak:0.00M | Scene, ViewLayer | Synchronizing object | fx_spot_living15
Fra:1 Mem:255.28M (Peak 258.12M) | Time:00:00.12 | Mem:0.00M, Peak:0.00M | Scene, ViewLayer | Synchronizing object | fx_spot_living15_r
Fra:1 Mem:255.28M (Peak 258.12M) | Time:00:00.12 | Mem:0.00M, Peak:0.00M | Scene, ViewLayer | Synchronizing object | fx_spot_living16_r
Fra:1 Mem:255.29M (Peak 258.12M) | Time:00:00.12 | Mem:0.00M, Peak:0.00M | Scene, ViewLayer | Synchronizing object | fx_spot_room1
Fra:1 Mem:255.30M (Peak 258.12M) | Time:00:00.12 | Mem:0.00M, Peak:0.00M | Scene, ViewLayer | Synchronizing object | fx_spot_room2
Fra:1 Mem:255.32M (Peak 258.12M) | Time:00:00.12 | Mem:0.00M, Peak:0.00M | Scene, ViewLayer | Synchronizing object | fx_spot_room4
Fra:1 Mem:255.32M (Peak 258.12M) | Time:00:00.12 | Mem:0.00M, Peak:0.00M | Scene, ViewLayer | Synchronizing object | fx_spot_room6
Fra:1 Mem:255.36M (Peak 258.12M) | Time:00:00.12 | Mem:0.00M, Peak:0.00M | Scene, ViewLayer | Synchronizing object | fx_spot_room7
Fra:1 Mem:255.35M (Peak 258.12M) | Time:00:00.12 | Mem:0.00M, Peak:0.00M | Scene, ViewLayer | Synchronizing object | out_path_s
Fra:1 Mem:255.35M (Peak 258.12M) | Time:00:00.12 | Mem:0.00M, Peak:0.00M | Scene, ViewLayer | Synchronizing object | out_path_n
Fra:1 Mem:255.36M (Peak 258.12M) | Time:00:00.12 | Mem:0.00M, Peak:0.00M | Scene, ViewLayer | Synchronizing object | jacaranda_tree_LOD0.001
Fra:1 Mem:255.38M (Peak 258.12M) | Time:00:00.12 | Mem:0.00M, Peak:0.00M | Scene, ViewLayer | Synchronizing object | tree_small_02_LOD0.001
Fra:1 Mem:255.37M (Peak 258.12M) | Time:00:00.12 | Mem:0.00M, Peak:0.00M | Scene, ViewLayer | Synchronizing object | out_bldg_n
Fra:1 Mem:255.38M (Peak 258.12M) | Time:00:00.12 | Mem:0.00M, Peak:0.00M | Scene, ViewLayer | Synchronizing object | floor_kitchen
Fra:1 Mem:255.39M (Peak 258.12M) | Time:00:00.12 | Mem:0.00M, Peak:0.00M | Scene, ViewLayer | Synchronizing object | floor_daughter_room
Fra:1 Mem:255.39M (Peak 258.12M) | Time:00:00.12 | Mem:0.00M, Peak:0.00M | Scene, ViewLayer | Synchronizing object | floor_public_bath_wet
Fra:1 Mem:255.39M (Peak 258.12M) | Time:00:00.12 | Mem:0.00M, Peak:0.00M | Scene, ViewLayer | Synchronizing object | floor_corridor_0
Fra:1 Mem:255.40M (Peak 258.12M) | Time:00:00.12 | Mem:0.00M, Peak:0.00M | Scene, ViewLayer | Synchronizing object | floor_master_bath
Fra:1 Mem:255.41M (Peak 258.12M) | Time:00:00.12 | Mem:0.00M, Peak:0.00M | Scene, ViewLayer | Synchronizing object | floor_master_bedroom
Fra:1 Mem:255.42M (Peak 258.12M) | Time:00:00.12 | Mem:0.00M, Peak:0.00M | Scene, ViewLayer | Synchronizing object | floor_terrace
Fra:1 Mem:255.43M (Peak 258.12M) | Time:00:00.12 | Mem:0.00M, Peak:0.00M | Scene, ViewLayer | Synchronizing object | floor_elevator_hall
Fra:1 Mem:255.43M (Peak 258.12M) | Time:00:00.12 | Mem:0.00M, Peak:0.00M | Scene, ViewLayer | Synchronizing object | W01_s00
Fra:1 Mem:255.44M (Peak 258.12M) | Time:00:00.12 | Mem:0.00M, Peak:0.00M | Scene, ViewLayer | Synchronizing object | W01_s01
Fra:1 Mem:255.44M (Peak 258.12M) | Time:00:00.12 | Mem:0.00M, Peak:0.00M | Scene, ViewLayer | Synchronizing object | W01_s02
Fra:1 Mem:255.44M (Peak 258.12M) | Time:00:00.12 | Mem:0.00M, Peak:0.00M | Scene, ViewLayer | Synchronizing object | W01_s03
Fra:1 Mem:255.44M (Peak 258.12M) | Time:00:00.12 | Mem:0.00M, Peak:0.00M | Scene, ViewLayer | Synchronizing object | W02_s01
Fra:1 Mem:255.45M (Peak 258.12M) | Time:00:00.12 | Mem:0.00M, Peak:0.00M | Scene, ViewLayer | Synchronizing object | W02_s03
Fra:1 Mem:255.45M (Peak 258.12M) | Time:00:00.12 | Mem:0.00M, Peak:0.00M | Scene, ViewLayer | Synchronizing object | W04_s00
Fra:1 Mem:255.45M (Peak 258.12M) | Time:00:00.12 | Mem:0.00M, Peak:0.00M | Scene, ViewLayer | Synchronizing object | W05_s00
Fra:1 Mem:255.45M (Peak 258.12M) | Time:00:00.12 | Mem:0.00M, Peak:0.00M | Scene, ViewLayer | Synchronizing object | W05_s01
Fra:1 Mem:255.46M (Peak 258.12M) | Time:00:00.12 | Mem:0.00M, Peak:0.00M | Scene, ViewLayer | Synchronizing object | W05_s02
Fra:1 Mem:255.47M (Peak 258.12M) | Time:00:00.12 | Mem:0.00M, Peak:0.00M | Scene, ViewLayer | Synchronizing object | W06_s00
Fra:1 Mem:255.47M (Peak 258.12M) | Time:00:00.12 | Mem:0.00M, Peak:0.00M | Scene, ViewLayer | Synchronizing object | W06_s02
Fra:1 Mem:255.47M (Peak 258.12M) | Time:00:00.12 | Mem:0.00M, Peak:0.00M | Scene, ViewLayer | Synchronizing object | W06_s03
Fra:1 Mem:255.47M (Peak 258.12M) | Time:00:00.12 | Mem:0.00M, Peak:0.00M | Scene, ViewLayer | Synchronizing object | W07_s01
Fra:1 Mem:255.47M (Peak 258.12M) | Time:00:00.12 | Mem:0.00M, Peak:0.00M | Scene, ViewLayer | Synchronizing object | W07_s02
Fra:1 Mem:255.48M (Peak 258.12M) | Time:00:00.12 | Mem:0.00M, Peak:0.00M | Scene, ViewLayer | Synchronizing object | W08_s00
Fra:1 Mem:255.49M (Peak 258.12M) | Time:00:00.12 | Mem:0.00M, Peak:0.00M | Scene, ViewLayer | Synchronizing object | W08_s01
Fra:1 Mem:257.37M (Peak 258.12M) | Time:00:00.12 | Mem:0.00M, Peak:0.00M | Scene, ViewLayer | Synchronizing object | W08_s02
Fra:1 Mem:258.38M (Peak 258.38M) | Time:00:00.12 | Mem:0.00M, Peak:0.00M | Scene, ViewLayer | Synchronizing object | W09_s00
Fra:1 Mem:258.38M (Peak 258.38M) | Time:00:00.12 | Mem:0.00M, Peak:0.00M | Scene, ViewLayer | Synchronizing object | W10_s00
Fra:1 Mem:258.39M (Peak 258.39M) | Time:00:00.12 | Mem:0.00M, Peak:0.00M | Scene, ViewLayer | Synchronizing object | W10_s01
Fra:1 Mem:258.39M (Peak 258.39M) | Time:00:00.12 | Mem:0.00M, Peak:0.00M | Scene, ViewLayer | Synchronizing object | W10_s02
Fra:1 Mem:258.40M (Peak 258.40M) | Time:00:00.12 | Mem:0.00M, Peak:0.00M | Scene, ViewLayer | Synchronizing object | W10_s03
Fra:1 Mem:258.40M (Peak 258.40M) | Time:00:00.12 | Mem:0.00M, Peak:0.00M | Scene, ViewLayer | Synchronizing object | W11_s00
Fra:1 Mem:258.40M (Peak 258.40M) | Time:00:00.12 | Mem:0.00M, Peak:0.00M | Scene, ViewLayer | Synchronizing object | W12_s00
Fra:1 Mem:258.40M (Peak 258.40M) | Time:00:00.12 | Mem:0.00M, Peak:0.00M | Scene, ViewLayer | Synchronizing object | W14_s01
Fra:1 Mem:258.40M (Peak 258.40M) | Time:00:00.12 | Mem:0.00M, Peak:0.00M | Scene, ViewLayer | Synchronizing object | W14_s03
Fra:1 Mem:258.40M (Peak 258.40M) | Time:00:00.12 | Mem:0.00M, Peak:0.00M | Scene, ViewLayer | Synchronizing object | W14_s04
Fra:1 Mem:258.41M (Peak 258.41M) | Time:00:00.12 | Mem:0.00M, Peak:0.00M | Scene, ViewLayer | Synchronizing object | W15_s01
Fra:1 Mem:258.41M (Peak 258.41M) | Time:00:00.12 | Mem:0.00M, Peak:0.00M | Scene, ViewLayer | Synchronizing object | W15_s02
Fra:1 Mem:258.42M (Peak 258.42M) | Time:00:00.12 | Mem:0.00M, Peak:0.00M | Scene, ViewLayer | Synchronizing object | W16_s00
Fra:1 Mem:258.42M (Peak 258.42M) | Time:00:00.12 | Mem:0.00M, Peak:0.00M | Scene, ViewLayer | Synchronizing object | W17_s00
Fra:1 Mem:258.42M (Peak 258.42M) | Time:00:00.12 | Mem:0.00M, Peak:0.00M | Scene, ViewLayer | Synchronizing object | W17_s01
Fra:1 Mem:258.42M (Peak 258.42M) | Time:00:00.12 | Mem:0.00M, Peak:0.00M | Scene, ViewLayer | Synchronizing object | W17_s02
Fra:1 Mem:258.42M (Peak 258.42M) | Time:00:00.12 | Mem:0.00M, Peak:0.00M | Scene, ViewLayer | Synchronizing object | W18_s00
Fra:1 Mem:258.42M (Peak 258.42M) | Time:00:00.12 | Mem:0.00M, Peak:0.00M | Scene, ViewLayer | Synchronizing object | W18_s01
Fra:1 Mem:258.43M (Peak 258.43M) | Time:00:00.12 | Mem:0.00M, Peak:0.00M | Scene, ViewLayer | Synchronizing object | W18_s02
Fra:1 Mem:259.67M (Peak 259.67M) | Time:00:00.12 | Mem:0.00M, Peak:0.00M | Scene, ViewLayer | Synchronizing object | W19_s00
Fra:1 Mem:259.67M (Peak 259.67M) | Time:00:00.12 | Mem:0.00M, Peak:0.00M | Scene, ViewLayer | Synchronizing object | W22_s01
Fra:1 Mem:259.67M (Peak 259.67M) | Time:00:00.12 | Mem:0.00M, Peak:0.00M | Scene, ViewLayer | Synchronizing object | W23_s00
Fra:1 Mem:259.67M (Peak 259.67M) | Time:00:00.12 | Mem:0.00M, Peak:0.00M | Scene, ViewLayer | Synchronizing object | W23_s02
Fra:1 Mem:259.68M (Peak 259.68M) | Time:00:00.12 | Mem:0.00M, Peak:0.00M | Scene, ViewLayer | Synchronizing object | W23_s03
Fra:1 Mem:259.68M (Peak 259.68M) | Time:00:00.12 | Mem:0.00M, Peak:0.00M | Scene, ViewLayer | Synchronizing object | W24_s00
Fra:1 Mem:259.68M (Peak 259.68M) | Time:00:00.12 | Mem:0.00M, Peak:0.00M | Scene, ViewLayer | Synchronizing object | W25_s00
Fra:1 Mem:259.68M (Peak 259.68M) | Time:00:00.12 | Mem:0.00M, Peak:0.00M | Scene, ViewLayer | Synchronizing object | W26_s00
Fra:1 Mem:259.68M (Peak 259.68M) | Time:00:00.12 | Mem:0.00M, Peak:0.00M | Scene, ViewLayer | Synchronizing object | W27_s02
Fra:1 Mem:259.69M (Peak 259.69M) | Time:00:00.12 | Mem:0.00M, Peak:0.00M | Scene, ViewLayer | Synchronizing object | W28_s00
Fra:1 Mem:259.69M (Peak 259.69M) | Time:00:00.12 | Mem:0.00M, Peak:0.00M | Scene, ViewLayer | Synchronizing object | win_W01_0bot
Fra:1 Mem:259.69M (Peak 259.69M) | Time:00:00.12 | Mem:0.00M, Peak:0.00M | Scene, ViewLayer | Synchronizing object | win_W01_0lft
Fra:1 Mem:259.69M (Peak 259.69M) | Time:00:00.12 | Mem:0.00M, Peak:0.00M | Scene, ViewLayer | Synchronizing object | win_W01_0rgt
Fra:1 Mem:259.69M (Peak 259.69M) | Time:00:00.12 | Mem:0.00M, Peak:0.00M | Scene, ViewLayer | Synchronizing object | win_W01_0glass
Fra:1 Mem:259.70M (Peak 259.70M) | Time:00:00.12 | Mem:0.00M, Peak:0.00M | Scene, ViewLayer | Synchronizing object | win_W02_0top
Fra:1 Mem:259.70M (Peak 259.70M) | Time:00:00.12 | Mem:0.00M, Peak:0.00M | Scene, ViewLayer | Synchronizing object | win_W02_0lft
Fra:1 Mem:259.70M (Peak 259.70M) | Time:00:00.12 | Mem:0.00M, Peak:0.00M | Scene, ViewLayer | Synchronizing object | win_W02_0glass
Fra:1 Mem:259.70M (Peak 259.70M) | Time:00:00.12 | Mem:0.00M, Peak:0.00M | Scene, ViewLayer | Synchronizing object | win_W05_0top
Fra:1 Mem:259.71M (Peak 259.71M) | Time:00:00.12 | Mem:0.00M, Peak:0.00M | Scene, ViewLayer | Synchronizing object | win_W05_0lft
Fra:1 Mem:259.71M (Peak 259.71M) | Time:00:00.12 | Mem:0.00M, Peak:0.00M | Scene, ViewLayer | Synchronizing object | win_W05_0glass
Fra:1 Mem:259.71M (Peak 259.71M) | Time:00:00.12 | Mem:0.00M, Peak:0.00M | Scene, ViewLayer | Synchronizing object | win_W06_0bot
Fra:1 Mem:259.71M (Peak 259.71M) | Time:00:00.12 | Mem:0.00M, Peak:0.00M | Scene, ViewLayer | Synchronizing object | win_W06_0top
Fra:1 Mem:259.72M (Peak 259.72M) | Time:00:00.12 | Mem:0.00M, Peak:0.00M | Scene, ViewLayer | Synchronizing object | win_W06_0rgt
Fra:1 Mem:263.83M (Peak 263.83M) | Time:00:00.12 | Mem:0.00M, Peak:0.00M | Scene, ViewLayer | Synchronizing object | win_W06_0mul1
Fra:1 Mem:264.40M (Peak 264.40M) | Time:00:00.12 | Mem:0.00M, Peak:0.00M | Scene, ViewLayer | Synchronizing object | win_W06_0glass
Fra:1 Mem:264.40M (Peak 264.40M) | Time:00:00.12 | Mem:0.00M, Peak:0.00M | Scene, ViewLayer | Synchronizing object | win_W10_0bot
Fra:1 Mem:264.40M (Peak 264.40M) | Time:00:00.12 | Mem:0.00M, Peak:0.00M | Scene, ViewLayer | Synchronizing object | win_W10_0top
Fra:1 Mem:264.41M (Peak 264.41M) | Time:00:00.12 | Mem:0.00M, Peak:0.00M | Scene, ViewLayer | Synchronizing object | win_W10_0lft
Fra:1 Mem:264.42M (Peak 264.42M) | Time:00:00.12 | Mem:0.00M, Peak:0.00M | Scene, ViewLayer | Synchronizing object | win_W10_0rgt
Fra:1 Mem:264.43M (Peak 264.43M) | Time:00:00.12 | Mem:0.00M, Peak:0.00M | Scene, ViewLayer | Synchronizing object | win_W18_0bot
Fra:1 Mem:264.43M (Peak 264.43M) | Time:00:00.12 | Mem:0.00M, Peak:0.00M | Scene, ViewLayer | Synchronizing object | win_W18_0mul2
Fra:1 Mem:285.66M (Peak 285.66M) | Time:00:00.12 | Mem:0.00M, Peak:0.00M | Scene, ViewLayer | Synchronizing object | win_W23_0top
Fra:1 Mem:285.22M (Peak 285.66M) | Time:00:00.12 | Mem:0.00M, Peak:0.00M | Scene, ViewLayer | Synchronizing object | win_W23_0lft
Fra:1 Mem:285.33M (Peak 285.66M) | Time:00:00.12 | Mem:0.00M, Peak:0.00M | Scene, ViewLayer | Synchronizing object | win_W23_0mul1
Fra:1 Mem:285.33M (Peak 285.66M) | Time:00:00.12 | Mem:0.00M, Peak:0.00M | Scene, ViewLayer | Synchronizing object | win_W23_0glass
Fra:1 Mem:285.34M (Peak 285.66M) | Time:00:00.12 | Mem:0.00M, Peak:0.00M | Scene, ViewLayer | Synchronizing object | door_W07_0jlfto
Fra:1 Mem:285.34M (Peak 285.66M) | Time:00:00.12 | Mem:0.00M, Peak:0.00M | Scene, ViewLayer | Synchronizing object | door_W07_0jlfti
Fra:1 Mem:285.35M (Peak 285.66M) | Time:00:00.12 | Mem:0.00M, Peak:0.00M | Scene, ViewLayer | Synchronizing object | door_W07_0jrgto
Fra:1 Mem:285.35M (Peak 285.66M) | Time:00:00.12 | Mem:0.00M, Peak:0.00M | Scene, ViewLayer | Synchronizing object | door_W07_0jrgti
Fra:1 Mem:285.35M (Peak 285.66M) | Time:00:00.12 | Mem:0.00M, Peak:0.00M | Scene, ViewLayer | Synchronizing object | door_W07_0jtopo
Fra:1 Mem:285.36M (Peak 285.66M) | Time:00:00.12 | Mem:0.00M, Peak:0.00M | Scene, ViewLayer | Synchronizing object | door_W07_0jtopi
Fra:1 Mem:285.37M (Peak 285.66M) | Time:00:00.12 | Mem:0.00M, Peak:0.00M | Scene, ViewLayer | Synchronizing object | door_W07_0lin_l
Fra:1 Mem:285.37M (Peak 285.66M) | Time:00:00.12 | Mem:0.00M, Peak:0.00M | Scene, ViewLayer | Synchronizing object | door_W07_0lin_r
Fra:1 Mem:285.37M (Peak 285.66M) | Time:00:00.12 | Mem:0.00M, Peak:0.00M | Scene, ViewLayer | Synchronizing object | door_W07_0lin_t
Fra:1 Mem:285.37M (Peak 285.66M) | Time:00:00.12 | Mem:0.00M, Peak:0.00M | Scene, ViewLayer | Synchronizing object | door_W07_0leaf
Fra:1 Mem:285.38M (Peak 285.66M) | Time:00:00.12 | Mem:0.00M, Peak:0.00M | Scene, ViewLayer | Synchronizing object | door_W08_0jlfto
Fra:1 Mem:285.38M (Peak 285.66M) | Time:00:00.12 | Mem:0.00M, Peak:0.00M | Scene, ViewLayer | Synchronizing object | door_W08_0jtopo
Fra:1 Mem:285.38M (Peak 285.66M) | Time:00:00.12 | Mem:0.00M, Peak:0.00M | Scene, ViewLayer | Synchronizing object | door_W08_0lin_l
Fra:1 Mem:285.38M (Peak 285.66M) | Time:00:00.12 | Mem:0.00M, Peak:0.00M | Scene, ViewLayer | Synchronizing object | door_W08_0lin_t
Fra:1 Mem:285.38M (Peak 285.66M) | Time:00:00.12 | Mem:0.00M, Peak:0.00M | Scene, ViewLayer | Synchronizing object | door_W08_0hdl
Fra:1 Mem:289.10M (Peak 289.10M) | Time:00:00.12 | Mem:0.00M, Peak:0.00M | Scene, ViewLayer | Synchronizing object | door_W13_0jlfti
Fra:1 Mem:289.10M (Peak 289.10M) | Time:00:00.12 | Mem:0.00M, Peak:0.00M | Scene, ViewLayer | Synchronizing object | door_W13_0jrgti
Fra:1 Mem:289.10M (Peak 289.10M) | Time:00:00.12 | Mem:0.00M, Peak:0.00M | Scene, ViewLayer | Synchronizing object | door_W13_0jtopo
Fra:1 Mem:289.10M (Peak 289.10M) | Time:00:00.12 | Mem:0.00M, Peak:0.00M | Scene, ViewLayer | Synchronizing object | door_W13_0jtopi
Fra:1 Mem:289.11M (Peak 289.11M) | Time:00:00.12 | Mem:0.00M, Peak:0.00M | Scene, ViewLayer | Synchronizing object | door_W13_0lin_l
Fra:1 Mem:289.11M (Peak 289.11M) | Time:00:00.12 | Mem:0.00M, Peak:0.00M | Scene, ViewLayer | Synchronizing object | door_W13_0lin_t
Fra:1 Mem:289.11M (Peak 289.11M) | Time:00:00.12 | Mem:0.00M, Peak:0.00M | Scene, ViewLayer | Synchronizing object | door_W13_0leaf
Fra:1 Mem:289.11M (Peak 289.11M) | Time:00:00.12 | Mem:0.00M, Peak:0.00M | Scene, ViewLayer | Synchronizing object | door_W13_0hdl
Fra:1 Mem:289.11M (Peak 289.11M) | Time:00:00.12 | Mem:0.00M, Peak:0.00M | Scene, ViewLayer | Synchronizing object | door_W14_0jlfti
Fra:1 Mem:289.11M (Peak 289.11M) | Time:00:00.12 | Mem:0.00M, Peak:0.00M | Scene, ViewLayer | Synchronizing object | door_W14_0jrgto
Fra:1 Mem:289.12M (Peak 289.12M) | Time:00:00.12 | Mem:0.00M, Peak:0.00M | Scene, ViewLayer | Synchronizing object | door_W14_0jrgti
Fra:1 Mem:289.12M (Peak 289.12M) | Time:00:00.12 | Mem:0.00M, Peak:0.00M | Scene, ViewLayer | Synchronizing object | door_W14_0jtopi
Fra:1 Mem:289.12M (Peak 289.12M) | Time:00:00.12 | Mem:0.00M, Peak:0.00M | Scene, ViewLayer | Synchronizing object | door_W14_0lin_l
Fra:1 Mem:289.12M (Peak 289.12M) | Time:00:00.12 | Mem:0.00M, Peak:0.00M | Scene, ViewLayer | Synchronizing object | door_W14_0lin_r
Fra:1 Mem:289.12M (Peak 289.12M) | Time:00:00.12 | Mem:0.00M, Peak:0.00M | Scene, ViewLayer | Synchronizing object | door_W14_0lin_t
Fra:1 Mem:289.12M (Peak 289.12M) | Time:00:00.12 | Mem:0.00M, Peak:0.00M | Scene, ViewLayer | Synchronizing object | door_W14_0leaf
Fra:1 Mem:289.12M (Peak 289.12M) | Time:00:00.12 | Mem:0.00M, Peak:0.00M | Scene, ViewLayer | Synchronizing object | door_W14_1jlfto
Fra:1 Mem:289.13M (Peak 289.13M) | Time:00:00.12 | Mem:0.00M, Peak:0.00M | Scene, ViewLayer | Synchronizing object | door_W14_1jlfti
Fra:1 Mem:289.13M (Peak 289.13M) | Time:00:00.12 | Mem:0.00M, Peak:0.00M | Scene, ViewLayer | Synchronizing object | door_W14_1jrgto
Fra:1 Mem:289.13M (Peak 289.13M) | Time:00:00.12 | Mem:0.00M, Peak:0.00M | Scene, ViewLayer | Synchronizing object | door_W14_1jtopo
Fra:1 Mem:291.35M (Peak 291.35M) | Time:00:00.12 | Mem:0.00M, Peak:0.00M | Scene, ViewLayer | Synchronizing object | door_W14_1jtopi
Fra:1 Mem:291.35M (Peak 291.35M) | Time:00:00.12 | Mem:0.00M, Peak:0.00M | Scene, ViewLayer | Synchronizing object | door_W14_1lin_r
Fra:1 Mem:291.35M (Peak 291.35M) | Time:00:00.12 | Mem:0.00M, Peak:0.00M | Scene, ViewLayer | Synchronizing object | door_W14_1lin_t
Fra:1 Mem:291.35M (Peak 291.35M) | Time:00:00.12 | Mem:0.00M, Peak:0.00M | Scene, ViewLayer | Synchronizing object | door_W14_1rgt
Fra:1 Mem:291.36M (Peak 291.36M) | Time:00:00.12 | Mem:0.00M, Peak:0.00M | Scene, ViewLayer | Synchronizing object | door_W14_1top
Fra:1 Mem:291.36M (Peak 291.36M) | Time:00:00.12 | Mem:0.00M, Peak:0.00M | Scene, ViewLayer | Synchronizing object | door_W14_1bot
Fra:1 Mem:291.36M (Peak 291.36M) | Time:00:00.12 | Mem:0.00M, Peak:0.00M | Scene, ViewLayer | Synchronizing object | door_W14_1fglass
Fra:1 Mem:291.36M (Peak 291.36M) | Time:00:00.12 | Mem:0.00M, Peak:0.00M | Scene, ViewLayer | Synchronizing object | door_W15_0jlfto
Fra:1 Mem:291.36M (Peak 291.36M) | Time:00:00.12 | Mem:0.00M, Peak:0.00M | Scene, ViewLayer | Synchronizing object | door_W15_0jlfti
Fra:1 Mem:291.36M (Peak 291.36M) | Time:00:00.12 | Mem:0.00M, Peak:0.00M | Scene, ViewLayer | Synchronizing object | door_W15_0jrgto
Fra:1 Mem:291.37M (Peak 291.37M) | Time:00:00.12 | Mem:0.00M, Peak:0.00M | Scene, ViewLayer | Synchronizing object | door_W15_0jtopo
Fra:1 Mem:291.37M (Peak 291.37M) | Time:00:00.12 | Mem:0.00M, Peak:0.00M | Scene, ViewLayer | Synchronizing object | door_W15_0jtopi
Fra:1 Mem:291.37M (Peak 291.37M) | Time:00:00.12 | Mem:0.00M, Peak:0.00M | Scene, ViewLayer | Synchronizing object | door_W15_0lin_r
Fra:1 Mem:291.37M (Peak 291.37M) | Time:00:00.12 | Mem:0.00M, Peak:0.00M | Scene, ViewLayer | Synchronizing object | door_W15_0_bot
Fra:1 Mem:291.37M (Peak 291.37M) | Time:00:00.12 | Mem:0.00M, Peak:0.00M | Scene, ViewLayer | Synchronizing object | door_W15_0_top
Fra:1 Mem:291.38M (Peak 291.38M) | Time:00:00.12 | Mem:0.00M, Peak:0.00M | Scene, ViewLayer | Synchronizing object | door_W15_0_lft
Fra:1 Mem:291.39M (Peak 291.39M) | Time:00:00.12 | Mem:0.00M, Peak:0.00M | Scene, ViewLayer | Synchronizing object | door_W15_0_rgt
Fra:1 Mem:291.40M (Peak 291.40M) | Time:00:00.12 | Mem:0.00M, Peak:0.00M | Scene, ViewLayer | Synchronizing object | door_W15_0_glass
Fra:1 Mem:291.40M (Peak 291.40M) | Time:00:00.12 | Mem:0.00M, Peak:0.00M | Scene, ViewLayer | Synchronizing object | door_W15_1_bot
Fra:1 Mem:291.41M (Peak 291.41M) | Time:00:00.12 | Mem:0.00M, Peak:0.00M | Scene, ViewLayer | Synchronizing object | door_W15_1_top
Fra:1 Mem:291.41M (Peak 291.41M) | Time:00:00.12 | Mem:0.00M, Peak:0.00M | Scene, ViewLayer | Synchronizing object | door_W15_1_lft
Fra:1 Mem:291.41M (Peak 291.41M) | Time:00:00.12 | Mem:0.00M, Peak:0.00M | Scene, ViewLayer | Synchronizing object | door_W15_1_glass
Fra:1 Mem:291.41M (Peak 291.41M) | Time:00:00.12 | Mem:0.00M, Peak:0.00M | Scene, ViewLayer | Synchronizing object | door_W17_0jrgto
Fra:1 Mem:291.41M (Peak 291.41M) | Time:00:00.12 | Mem:0.00M, Peak:0.00M | Scene, ViewLayer | Synchronizing object | door_W17_0lin_l
Fra:1 Mem:291.42M (Peak 291.42M) | Time:00:00.12 | Mem:0.00M, Peak:0.00M | Scene, ViewLayer | Synchronizing object | door_W17_0_bot
Fra:1 Mem:291.42M (Peak 291.42M) | Time:00:00.12 | Mem:0.00M, Peak:0.00M | Scene, ViewLayer | Synchronizing object | door_W17_0_top
Fra:1 Mem:291.42M (Peak 291.42M) | Time:00:00.12 | Mem:0.00M, Peak:0.00M | Scene, ViewLayer | Synchronizing object | door_W17_0_rgt
Fra:1 Mem:291.43M (Peak 291.43M) | Time:00:00.12 | Mem:0.00M, Peak:0.00M | Scene, ViewLayer | Synchronizing object | door_W17_0_glass
Fra:1 Mem:296.74M (Peak 296.74M) | Time:00:00.12 | Mem:0.00M, Peak:0.00M | Scene, ViewLayer | Synchronizing object | door_W17_1_bot
Fra:1 Mem:296.74M (Peak 296.74M) | Time:00:00.12 | Mem:0.00M, Peak:0.00M | Scene, ViewLayer | Synchronizing object | door_W17_1_top
Fra:1 Mem:296.75M (Peak 296.75M) | Time:00:00.12 | Mem:0.00M, Peak:0.00M | Scene, ViewLayer | Synchronizing object | door_W17_1_lft
Fra:1 Mem:296.75M (Peak 296.75M) | Time:00:00.12 | Mem:0.00M, Peak:0.00M | Scene, ViewLayer | Synchronizing object | door_W17_1_rgt
Fra:1 Mem:296.75M (Peak 296.75M) | Time:00:00.12 | Mem:0.00M, Peak:0.00M | Scene, ViewLayer | Synchronizing object | door_W17_1_glass
Fra:1 Mem:296.76M (Peak 296.76M) | Time:00:00.12 | Mem:0.00M, Peak:0.00M | Scene, ViewLayer | Synchronizing object | door_W17_2_bot
Fra:1 Mem:296.76M (Peak 296.76M) | Time:00:00.12 | Mem:0.00M, Peak:0.00M | Scene, ViewLayer | Synchronizing object | door_W17_2_lft
Fra:1 Mem:296.76M (Peak 296.76M) | Time:00:00.13 | Mem:0.00M, Peak:0.00M | Scene, ViewLayer | Synchronizing object | door_W19_0jlfti
Fra:1 Mem:296.76M (Peak 296.76M) | Time:00:00.13 | Mem:0.00M, Peak:0.00M | Scene, ViewLayer | Synchronizing object | door_W19_0jtopo
Fra:1 Mem:296.77M (Peak 296.77M) | Time:00:00.13 | Mem:0.00M, Peak:0.00M | Scene, ViewLayer | Synchronizing object | door_W19_0leaf
Fra:1 Mem:296.77M (Peak 296.77M) | Time:00:00.13 | Mem:0.00M, Peak:0.00M | Scene, ViewLayer | Synchronizing object | door_W19_0hdl
Fra:1 Mem:296.77M (Peak 296.77M) | Time:00:00.13 | Mem:0.00M, Peak:0.00M | Scene, ViewLayer | Synchronizing object | door_W27_0jlfto
Fra:1 Mem:296.77M (Peak 296.77M) | Time:00:00.13 | Mem:0.00M, Peak:0.00M | Scene, ViewLayer | Synchronizing object | door_W27_0jlfti
Fra:1 Mem:296.77M (Peak 296.77M) | Time:00:00.13 | Mem:0.00M, Peak:0.00M | Scene, ViewLayer | Synchronizing object | door_W27_0jrgti
Fra:1 Mem:296.78M (Peak 296.78M) | Time:00:00.13 | Mem:0.00M, Peak:0.00M | Scene, ViewLayer | Synchronizing object | door_W27_0jtopo
Fra:1 Mem:296.78M (Peak 296.78M) | Time:00:00.13 | Mem:0.00M, Peak:0.00M | Scene, ViewLayer | Synchronizing object | door_W27_0jtopi
Fra:1 Mem:296.78M (Peak 296.78M) | Time:00:00.13 | Mem:0.00M, Peak:0.00M | Scene, ViewLayer | Synchronizing object | door_W27_0lin_l
Fra:1 Mem:296.78M (Peak 296.78M) | Time:00:00.13 | Mem:0.00M, Peak:0.00M | Scene, ViewLayer | Synchronizing object | door_W27_0lin_r
Fra:1 Mem:296.78M (Peak 296.78M) | Time:00:00.13 | Mem:0.00M, Peak:0.00M | Scene, ViewLayer | Synchronizing object | door_W27_0leaf
Fra:1 Mem:296.78M (Peak 296.78M) | Time:00:00.13 | Mem:0.00M, Peak:0.00M | Scene, ViewLayer | Synchronizing object | door_W27_0hdl
Fra:1 Mem:296.79M (Peak 296.79M) | Time:00:00.13 | Mem:0.00M, Peak:0.00M | Scene, ViewLayer | Synchronizing object | rail_ter_S_p0
Fra:1 Mem:296.79M (Peak 296.79M) | Time:00:00.13 | Mem:0.00M, Peak:0.00M | Scene, ViewLayer | Synchronizing object | rail_ter_S_p1
Fra:1 Mem:296.79M (Peak 296.79M) | Time:00:00.13 | Mem:0.00M, Peak:0.00M | Scene, ViewLayer | Synchronizing object | rail_ter_S_p2
Fra:1 Mem:296.79M (Peak 296.79M) | Time:00:00.13 | Mem:0.00M, Peak:0.00M | Scene, ViewLayer | Synchronizing object | rail_ter_S_top
Fra:1 Mem:296.79M (Peak 296.79M) | Time:00:00.13 | Mem:0.00M, Peak:0.00M | Scene, ViewLayer | Synchronizing object | rail_ter_E_p0
Fra:1 Mem:296.80M (Peak 296.80M) | Time:00:00.13 | Mem:0.00M, Peak:0.00M | Scene, ViewLayer | Synchronizing object | rail_ter_E_p1
Fra:1 Mem:296.80M (Peak 296.80M) | Time:00:00.13 | Mem:0.00M, Peak:0.00M | Scene, ViewLayer | Synchronizing object | rail_ter_E_p2
Fra:1 Mem:296.80M (Peak 296.80M) | Time:00:00.13 | Mem:0.00M, Peak:0.00M | Scene, ViewLayer | Synchronizing object | rail_ter_E_glass
Fra:1 Mem:296.80M (Peak 296.80M) | Time:00:00.13 | Mem:0.00M, Peak:0.00M | Scene, ViewLayer | Synchronizing object | rail_ter_W_p0
Fra:1 Mem:296.80M (Peak 296.80M) | Time:00:00.13 | Mem:0.00M, Peak:0.00M | Scene, ViewLayer | Synchronizing object | rail_ter_W_p1
Fra:1 Mem:296.80M (Peak 296.80M) | Time:00:00.13 | Mem:0.00M, Peak:0.00M | Scene, ViewLayer | Synchronizing object | rail_ter_W_top
Fra:1 Mem:300.52M (Peak 300.52M) | Time:00:00.13 | Mem:0.00M, Peak:0.00M | Scene, ViewLayer | Synchronizing object | rail_ter_W_glass
Fra:1 Mem:300.53M (Peak 300.53M) | Time:00:00.13 | Mem:0.00M, Peak:0.00M | Scene, ViewLayer | Synchronizing object | common_kitchen_dishwasher_01_kick
Fra:1 Mem:307.00M (Peak 307.00M) | Time:00:00.13 | Mem:0.00M, Peak:0.00M | Scene, ViewLayer | Synchronizing object | A_living_dining_balcony_floor_lamp_01_arc
Fra:1 Mem:307.07M (Peak 307.07M) | Time:00:00.13 | Mem:0.00M, Peak:0.00M | Scene, ViewLayer | Synchronizing object | common_kitchen_dishwasher_01_top_L
Fra:1 Mem:307.08M (Peak 307.08M) | Time:00:00.13 | Mem:0.00M, Peak:0.00M | Scene, ViewLayer | Synchronizing object | common_kitchen_dishwasher_01_top_B
Fra:1 Mem:307.10M (Peak 307.10M) | Time:00:00.13 | Mem:0.00M, Peak:0.00M | Scene, ViewLayer | Synchronizing object | common_kitchen_dishwasher_01_top_F
Fra:1 Mem:307.10M (Peak 307.10M) | Time:00:00.13 | Mem:0.00M, Peak:0.00M | Scene, ViewLayer | Synchronizing object | lt_strip_tv
Fra:1 Mem:307.10M (Peak 307.10M) | Time:00:00.13 | Mem:0.00M, Peak:0.00M | Scene, ViewLayer | Synchronizing object | common_kitchen_dishwasher_01_drw_gapbg
Fra:1 Mem:307.11M (Peak 307.11M) | Time:00:00.13 | Mem:0.00M, Peak:0.00M | Scene, ViewLayer | Synchronizing object | lt_pendant_02
Fra:1 Mem:307.12M (Peak 307.12M) | Time:00:00.13 | Mem:0.00M, Peak:0.00M | Scene, ViewLayer | Synchronizing object | common_kitchen_dishwasher_01_drw_f0
Fra:1 Mem:307.12M (Peak 307.12M) | Time:00:00.13 | Mem:0.00M, Peak:0.00M | Scene, ViewLayer | Synchronizing object | common_kitchen_dishwasher_01_drw_p0
Fra:1 Mem:307.12M (Peak 307.12M) | Time:00:00.13 | Mem:0.00M, Peak:0.00M | Scene, ViewLayer | Synchronizing object | common_kitchen_dishwasher_01_drw_f1
Fra:1 Mem:307.13M (Peak 307.13M) | Time:00:00.13 | Mem:0.00M, Peak:0.00M | Scene, ViewLayer | Synchronizing object | common_kitchen_dishwasher_01_drw_p1
Fra:1 Mem:307.13M (Peak 307.13M) | Time:00:00.13 | Mem:0.00M, Peak:0.00M | Scene, ViewLayer | Synchronizing object | common_kitchen_dishwasher_01_drw_f2
Fra:1 Mem:307.13M (Peak 307.13M) | Time:00:00.13 | Mem:0.00M, Peak:0.00M | Scene, ViewLayer | Synchronizing object | common_kitchen_dishwasher_01_drw_p2
Fra:1 Mem:307.14M (Peak 307.14M) | Time:00:00.13 | Mem:0.00M, Peak:0.00M | Scene, ViewLayer | Synchronizing object | common_kitchen_dishwasher_01_drw_f3
Fra:1 Mem:307.14M (Peak 307.14M) | Time:00:00.13 | Mem:0.00M, Peak:0.00M | Scene, ViewLayer | Synchronizing object | common_kitchen_sink_01_basin
Fra:1 Mem:307.15M (Peak 307.15M) | Time:00:00.13 | Mem:0.00M, Peak:0.00M | Scene, ViewLayer | Synchronizing object | common_kitchen_sink_01_cav
Fra:1 Mem:303.43M (Peak 307.15M) | Time:00:00.13 | Mem:0.00M, Peak:0.00M | Scene, ViewLayer | Synchronizing object | common_kitchen_kitchen_counter_01_kick
Fra:1 Mem:303.45M (Peak 307.15M) | Time:00:00.13 | Mem:0.00M, Peak:0.00M | Scene, ViewLayer | Synchronizing object | common_kitchen_kitchen_counter_01_top
Fra:1 Mem:303.46M (Peak 307.15M) | Time:00:00.13 | Mem:0.00M, Peak:0.00M | Scene, ViewLayer | Synchronizing object | common_kitchen_kitchen_counter_01_drwS_gapbg
Fra:1 Mem:303.46M (Peak 307.15M) | Time:00:00.13 | Mem:0.00M, Peak:0.00M | Scene, ViewLayer | Synchronizing object | common_kitchen_kitchen_counter_01_drwS_f0
Fra:1 Mem:303.46M (Peak 307.15M) | Time:00:00.13 | Mem:0.00M, Peak:0.00M | Scene, ViewLayer | Synchronizing object | common_kitchen_kitchen_counter_01_drwH_gapbg
Fra:1 Mem:303.46M (Peak 307.15M) | Time:00:00.13 | Mem:0.00M, Peak:0.00M | Scene, ViewLayer | Synchronizing object | common_kitchen_kitchen_counter_01_drwH_slot0
Fra:1 Mem:301.25M (Peak 307.15M) | Time:00:00.13 | Mem:0.00M, Peak:0.00M | Scene, ViewLayer | Synchronizing object | common_kitchen_kitchen_counter_01_drwN_f0
Fra:1 Mem:304.76M (Peak 307.15M) | Time:00:00.13 | Mem:0.00M, Peak:0.00M | Scene, ViewLayer | Synchronizing object | common_kitchen_hob_01_glass
Fra:1 Mem:304.77M (Peak 307.15M) | Time:00:00.13 | Mem:0.00M, Peak:0.00M | Scene, ViewLayer | Synchronizing object | common_kitchen_hob_01_burner0
Fra:1 Mem:304.78M (Peak 307.15M) | Time:00:00.13 | Mem:0.00M, Peak:0.00M | Scene, ViewLayer | Synchronizing object | common_kitchen_hob_01_burner1
Fra:1 Mem:304.78M (Peak 307.15M) | Time:00:00.13 | Mem:0.00M, Peak:0.00M | Scene, ViewLayer | Synchronizing object | common_kitchen_range_hood_01_panel
Fra:1 Mem:304.78M (Peak 307.15M) | Time:00:00.13 | Mem:0.00M, Peak:0.00M | Scene, ViewLayer | Synchronizing object | common_kitchen_cabinet_01_body
Fra:1 Mem:304.80M (Peak 307.15M) | Time:00:00.13 | Mem:0.00M, Peak:0.00M | Scene, ViewLayer | Synchronizing object | lt_pendant_01
Fra:1 Mem:304.80M (Peak 307.15M) | Time:00:00.13 | Mem:0.00M, Peak:0.00M | Scene, ViewLayer | Synchronizing object | common_kitchen_cabinet_01_door_gapbg
Fra:1 Mem:304.80M (Peak 307.15M) | Time:00:00.13 | Mem:0.00M, Peak:0.00M | Scene, ViewLayer | Synchronizing object | common_kitchen_cabinet_01_door_f0r
Fra:1 Mem:304.80M (Peak 307.15M) | Time:00:00.13 | Mem:0.00M, Peak:0.00M | Scene, ViewLayer | Synchronizing object | common_kitchen_cabinet_01_door_f0b
Fra:1 Mem:304.81M (Peak 307.15M) | Time:00:00.13 | Mem:0.00M, Peak:0.00M | Scene, ViewLayer | Synchronizing object | common_kitchen_cabinet_01_door_f0t
Fra:1 Mem:304.81M (Peak 307.15M) | Time:00:00.13 | Mem:0.00M, Peak:0.00M | Scene, ViewLayer | Synchronizing object | common_kitchen_cabinet_01_door_p0
Fra:1 Mem:304.82M (Peak 307.15M) | Time:00:00.13 | Mem:0.00M, Peak:0.00M | Scene, ViewLayer | Synchronizing object | common_kitchen_cabinet_01_door_f1l
Fra:1 Mem:304.83M (Peak 307.15M) | Time:00:00.13 | Mem:0.00M, Peak:0.00M | Scene, ViewLayer | Synchronizing object | common_kitchen_cabinet_01_door_f1b
Fra:1 Mem:304.84M (Peak 307.15M) | Time:00:00.13 | Mem:0.00M, Peak:0.00M | Scene, ViewLayer | Synchronizing object | common_kitchen_cabinet_01_door_f1c
Fra:1 Mem:304.86M (Peak 307.15M) | Time:00:00.13 | Mem:0.00M, Peak:0.00M | Scene, ViewLayer | Synchronizing object | common_kitchen_cabinet_01_door_p1
Fra:1 Mem:304.86M (Peak 307.15M) | Time:00:00.13 | Mem:0.00M, Peak:0.00M | Scene, ViewLayer | Synchronizing object | common_kitchen_cabinet_01_door_f2r
Fra:1 Mem:304.86M (Peak 307.15M) | Time:00:00.13 | Mem:0.00M, Peak:0.00M | Scene, ViewLayer | Synchronizing object | common_kitchen_cabinet_01_door_f2b
Fra:1 Mem:304.87M (Peak 307.15M) | Time:00:00.13 | Mem:0.00M, Peak:0.00M | Scene, ViewLayer | Synchronizing object | common_kitchen_cabinet_01_door_f2t
Fra:1 Mem:304.87M (Peak 307.15M) | Time:00:00.13 | Mem:0.00M, Peak:0.00M | Scene, ViewLayer | Synchronizing object | fx_art_wall_A
Fra:1 Mem:304.87M (Peak 307.15M) | Time:00:00.13 | Mem:0.00M, Peak:0.00M | Scene, ViewLayer | Synchronizing object | common_kitchen_cabinet_01_door_f2c
Fra:1 Mem:304.89M (Peak 307.15M) | Time:00:00.13 | Mem:0.00M, Peak:0.00M | Scene, ViewLayer | Synchronizing object | common_kitchen_cabinet_01_door_p2
Fra:1 Mem:304.90M (Peak 307.15M) | Time:00:00.13 | Mem:0.00M, Peak:0.00M | Scene, ViewLayer | Synchronizing object | common_kitchen_cabinet_02_body
Fra:1 Mem:304.90M (Peak 307.15M) | Time:00:00.13 | Mem:0.00M, Peak:0.00M | Scene, ViewLayer | Synchronizing object | common_kitchen_cabinet_02_doorLo_gapbg
Fra:1 Mem:304.91M (Peak 307.15M) | Time:00:00.13 | Mem:0.00M, Peak:0.00M | Scene, ViewLayer | Synchronizing object | common_kitchen_cabinet_02_doorLo_f0l
Fra:1 Mem:304.91M (Peak 307.15M) | Time:00:00.13 | Mem:0.00M, Peak:0.00M | Scene, ViewLayer | Synchronizing object | common_kitchen_cabinet_02_doorLo_f0r
Fra:1 Mem:304.92M (Peak 307.15M) | Time:00:00.13 | Mem:0.00M, Peak:0.00M | Scene, ViewLayer | Synchronizing object | common_kitchen_cabinet_02_doorLo_f0b
Fra:1 Mem:304.92M (Peak 307.15M) | Time:00:00.13 | Mem:0.00M, Peak:0.00M | Scene, ViewLayer | Synchronizing object | common_kitchen_cabinet_02_doorLo_f0t
Fra:1 Mem:304.93M (Peak 307.15M) | Time:00:00.13 | Mem:0.00M, Peak:0.00M | Scene, ViewLayer | Synchronizing object | common_kitchen_cabinet_02_doorLo_f0c
Fra:1 Mem:304.94M (Peak 307.15M) | Time:00:00.13 | Mem:0.00M, Peak:0.00M | Scene, ViewLayer | Synchronizing object | common_kitchen_cabinet_02_doorLo_p0
Fra:1 Mem:304.95M (Peak 307.15M) | Time:00:00.13 | Mem:0.00M, Peak:0.00M | Scene, ViewLayer | Synchronizing object | common_kitchen_cabinet_02_doorLo_f1l
Fra:1 Mem:304.95M (Peak 307.15M) | Time:00:00.13 | Mem:0.00M, Peak:0.00M | Scene, ViewLayer | Synchronizing object | common_kitchen_cabinet_02_doorLo_f1b
Fra:1 Mem:304.98M (Peak 307.15M) | Time:00:00.13 | Mem:0.00M, Peak:0.00M | Scene, ViewLayer | Synchronizing object | fx_chair_A6s_leg11.001
Fra:1 Mem:305.01M (Peak 307.15M) | Time:00:00.13 | Mem:0.00M, Peak:0.00M | Scene, ViewLayer | Synchronizing object | common_kitchen_cabinet_02_doorLo_f1t
Fra:1 Mem:305.02M (Peak 307.15M) | Time:00:00.13 | Mem:0.00M, Peak:0.00M | Scene, ViewLayer | Synchronizing object | common_kitchen_cabinet_02_doorLo_f1c
Fra:1 Mem:305.02M (Peak 307.15M) | Time:00:00.13 | Mem:0.00M, Peak:0.00M | Scene, ViewLayer | Synchronizing object | common_kitchen_cabinet_02_doorLo_p1
Fra:1 Mem:305.03M (Peak 307.15M) | Time:00:00.13 | Mem:0.00M, Peak:0.00M | Scene, ViewLayer | Synchronizing object | common_kitchen_cabinet_02_doorLo_f2r
Fra:1 Mem:305.03M (Peak 307.15M) | Time:00:00.13 | Mem:0.00M, Peak:0.00M | Scene, ViewLayer | Synchronizing object | common_kitchen_cabinet_02_doorLo_f2c
Fra:1 Mem:305.04M (Peak 307.15M) | Time:00:00.13 | Mem:0.00M, Peak:0.00M | Scene, ViewLayer | Synchronizing object | common_kitchen_cabinet_02_doorLo_f3t
Fra:1 Mem:305.05M (Peak 307.15M) | Time:00:00.13 | Mem:0.00M, Peak:0.00M | Scene, ViewLayer | Synchronizing object | common_kitchen_cabinet_02_doorHi_gapbg
Fra:1 Mem:305.06M (Peak 307.15M) | Time:00:00.13 | Mem:0.00M, Peak:0.00M | Scene, ViewLayer | Synchronizing object | fx_chair_A6s_leg11
Fra:1 Mem:305.06M (Peak 307.15M) | Time:00:00.13 | Mem:0.00M, Peak:0.00M | Scene, ViewLayer | Synchronizing object | common_kitchen_cabinet_02_doorHi_f0t
Fra:1 Mem:305.06M (Peak 307.15M) | Time:00:00.13 | Mem:0.00M, Peak:0.00M | Scene, ViewLayer | Synchronizing object | fx_chair_A6s_leg01.001
Fra:1 Mem:305.08M (Peak 307.15M) | Time:00:00.13 | Mem:0.00M, Peak:0.00M | Scene, ViewLayer | Synchronizing object | common_kitchen_cabinet_02_doorHi_f0c
Fra:1 Mem:305.08M (Peak 307.15M) | Time:00:00.13 | Mem:0.00M, Peak:0.00M | Scene, ViewLayer | Synchronizing object | fx_chair_A6s_leg01
Fra:1 Mem:305.09M (Peak 307.15M) | Time:00:00.13 | Mem:0.00M, Peak:0.00M | Scene, ViewLayer | Synchronizing object | common_kitchen_cabinet_02_doorHi_p0
Fra:1 Mem:305.10M (Peak 307.15M) | Time:00:00.13 | Mem:0.00M, Peak:0.00M | Scene, ViewLayer | Synchronizing object | common_kitchen_cabinet_02_doorHi_f1l
Fra:1 Mem:305.11M (Peak 307.15M) | Time:00:00.13 | Mem:0.00M, Peak:0.00M | Scene, ViewLayer | Synchronizing object | common_kitchen_cabinet_02_doorHi_f1r
Fra:1 Mem:305.11M (Peak 307.15M) | Time:00:00.13 | Mem:0.00M, Peak:0.00M | Scene, ViewLayer | Synchronizing object | common_kitchen_cabinet_02_doorHi_f1t
Fra:1 Mem:305.13M (Peak 307.15M) | Time:00:00.13 | Mem:0.00M, Peak:0.00M | Scene, ViewLayer | Synchronizing object | common_kitchen_cabinet_02_doorHi_f1c
Fra:1 Mem:305.15M (Peak 307.15M) | Time:00:00.13 | Mem:0.00M, Peak:0.00M | Scene, ViewLayer | Synchronizing object | common_kitchen_cabinet_02_doorHi_p1
Fra:1 Mem:305.15M (Peak 307.15M) | Time:00:00.13 | Mem:0.00M, Peak:0.00M | Scene, ViewLayer | Synchronizing object | common_kitchen_cabinet_02_doorHi_f2b
Fra:1 Mem:305.18M (Peak 307.15M) | Time:00:00.13 | Mem:0.00M, Peak:0.00M | Scene, ViewLayer | Synchronizing object | common_kitchen_cabinet_02_doorHi_f2c
Fra:1 Mem:305.19M (Peak 307.15M) | Time:00:00.13 | Mem:0.00M, Peak:0.00M | Scene, ViewLayer | Synchronizing object | common_kitchen_cabinet_02_doorHi_f3l
Fra:1 Mem:305.21M (Peak 307.15M) | Time:00:00.13 | Mem:0.00M, Peak:0.00M | Scene, ViewLayer | Synchronizing object | common_kitchen_cabinet_02_doorHi_f3r
Fra:1 Mem:305.22M (Peak 307.15M) | Time:00:00.13 | Mem:0.00M, Peak:0.00M | Scene, ViewLayer | Synchronizing object | common_kitchen_cabinet_02_doorHi_f3c
Fra:1 Mem:305.25M (Peak 307.15M) | Time:00:00.13 | Mem:0.00M, Peak:0.00M | Scene, ViewLayer | Synchronizing object | common_kitchen_cabinet_02_doorHi_p3
Fra:1 Mem:305.25M (Peak 307.15M) | Time:00:00.13 | Mem:0.00M, Peak:0.00M | Scene, ViewLayer | Synchronizing object | common_kitchen_glass_sliding_door_01_glass
Fra:1 Mem:305.26M (Peak 307.15M) | Time:00:00.13 | Mem:0.00M, Peak:0.00M | Scene, ViewLayer | Synchronizing object | common_kitchen_glass_sliding_door_01_stR
Fra:1 Mem:305.26M (Peak 307.15M) | Time:00:00.13 | Mem:0.00M, Peak:0.00M | Scene, ViewLayer | Synchronizing object | common_kitchen_glass_sliding_door_01_stT
Fra:1 Mem:305.27M (Peak 307.15M) | Time:00:00.13 | Mem:0.00M, Peak:0.00M | Scene, ViewLayer | Synchronizing object | common_kitchen_glass_sliding_door_01_stB
Fra:1 Mem:305.27M (Peak 307.15M) | Time:00:00.13 | Mem:0.00M, Peak:0.00M | Scene, ViewLayer | Synchronizing object | common_living_dining_balcony_glass_sliding_door_01_glass
Fra:1 Mem:305.28M (Peak 307.15M) | Time:00:00.13 | Mem:0.00M, Peak:0.00M | Scene, ViewLayer | Synchronizing object | common_living_dining_balcony_glass_sliding_door_01_stL
Fra:1 Mem:305.29M (Peak 307.15M) | Time:00:00.13 | Mem:0.00M, Peak:0.00M | Scene, ViewLayer | Synchronizing object | common_living_dining_balcony_glass_sliding_door_01_stR
Fra:1 Mem:305.29M (Peak 307.15M) | Time:00:00.13 | Mem:0.00M, Peak:0.00M | Scene, ViewLayer | Synchronizing object | common_living_dining_balcony_glass_sliding_door_01_stB
Fra:1 Mem:305.31M (Peak 307.15M) | Time:00:00.13 | Mem:0.00M, Peak:0.00M | Scene, ViewLayer | Synchronizing object | common_living_dining_balcony_glass_sliding_door_02_glass
Fra:1 Mem:305.32M (Peak 307.15M) | Time:00:00.13 | Mem:0.00M, Peak:0.00M | Scene, ViewLayer | Synchronizing object | common_living_dining_balcony_glass_sliding_door_02_stR
Fra:1 Mem:305.33M (Peak 307.15M) | Time:00:00.13 | Mem:0.00M, Peak:0.00M | Scene, ViewLayer | Synchronizing object | common_living_dining_balcony_glass_sliding_door_02_stB
Fra:1 Mem:305.33M (Peak 307.15M) | Time:00:00.13 | Mem:0.00M, Peak:0.00M | Scene, ViewLayer | Synchronizing object | common_kitchen_glass_sliding_door_02_glass
Fra:1 Mem:305.34M (Peak 307.15M) | Time:00:00.13 | Mem:0.00M, Peak:0.00M | Scene, ViewLayer | Synchronizing object | common_kitchen_glass_sliding_door_02_stL
Fra:1 Mem:305.34M (Peak 307.15M) | Time:00:00.13 | Mem:0.00M, Peak:0.00M | Scene, ViewLayer | Synchronizing object | common_kitchen_glass_sliding_door_02_stB
Fra:1 Mem:305.34M (Peak 307.15M) | Time:00:00.13 | Mem:0.00M, Peak:0.00M | Scene, ViewLayer | Synchronizing object | common_living_dining_balcony_fridge_01_seamH
Fra:1 Mem:305.34M (Peak 307.15M) | Time:00:00.13 | Mem:0.00M, Peak:0.00M | Scene, ViewLayer | Synchronizing object | common_living_dining_balcony_fridge_01_seamV
Fra:1 Mem:305.35M (Peak 307.15M) | Time:00:00.13 | Mem:0.00M, Peak:0.00M | Scene, ViewLayer | Synchronizing object | common_living_dining_balcony_fridge_01_pullU
Fra:1 Mem:305.35M (Peak 307.15M) | Time:00:00.13 | Mem:0.00M, Peak:0.00M | Scene, ViewLayer | Synchronizing object | common_living_dining_balcony_cabinet_01_body
Fra:1 Mem:305.35M (Peak 307.15M) | Time:00:00.13 | Mem:0.00M, Peak:0.00M | Scene, ViewLayer | Synchronizing object | common_living_dining_balcony_cabinet_01_door_f0l
Fra:1 Mem:305.37M (Peak 307.15M) | Time:00:00.13 | Mem:0.00M, Peak:0.00M | Scene, ViewLayer | Synchronizing object | common_living_dining_balcony_cabinet_01_door_f0c
Fra:1 Mem:305.37M (Peak 307.15M) | Time:00:00.13 | Mem:0.00M, Peak:0.00M | Scene, ViewLayer | Synchronizing object | common_living_dining_balcony_cabinet_01_door_p0
Fra:1 Mem:305.38M (Peak 307.15M) | Time:00:00.13 | Mem:0.00M, Peak:0.00M | Scene, ViewLayer | Synchronizing object | common_living_dining_balcony_cabinet_01_door_f1l
Fra:1 Mem:305.38M (Peak 307.15M) | Time:00:00.13 | Mem:0.00M, Peak:0.00M | Scene, ViewLayer | Synchronizing object | common_living_dining_balcony_cabinet_01_door_f1b
Fra:1 Mem:305.40M (Peak 307.15M) | Time:00:00.13 | Mem:0.00M, Peak:0.00M | Scene, ViewLayer | Synchronizing object | common_living_dining_balcony_cabinet_01_door_f1t
Fra:1 Mem:305.40M (Peak 307.15M) | Time:00:00.13 | Mem:0.00M, Peak:0.00M | Scene, ViewLayer | Synchronizing object | common_living_dining_balcony_cabinet_01_door_f1c
Fra:1 Mem:305.41M (Peak 307.15M) | Time:00:00.13 | Mem:0.00M, Peak:0.00M | Scene, ViewLayer | Synchronizing object | common_living_dining_balcony_cabinet_01_door_p1
Fra:1 Mem:305.42M (Peak 307.15M) | Time:00:00.13 | Mem:0.00M, Peak:0.00M | Scene, ViewLayer | Synchronizing object | common_foyer_cabinet_01_body
Fra:1 Mem:305.42M (Peak 307.15M) | Time:00:00.13 | Mem:0.00M, Peak:0.00M | Scene, ViewLayer | Synchronizing object | common_foyer_cabinet_01_door_f0l
Fra:1 Mem:305.42M (Peak 307.15M) | Time:00:00.13 | Mem:0.00M, Peak:0.00M | Scene, ViewLayer | Synchronizing object | common_foyer_cabinet_01_door_f0r
Fra:1 Mem:305.43M (Peak 307.15M) | Time:00:00.13 | Mem:0.00M, Peak:0.00M | Scene, ViewLayer | Synchronizing object | common_foyer_cabinet_01_door_f0b
Fra:1 Mem:305.44M (Peak 307.15M) | Time:00:00.13 | Mem:0.00M, Peak:0.00M | Scene, ViewLayer | Synchronizing object | common_foyer_cabinet_01_door_f0c
Fra:1 Mem:305.44M (Peak 307.15M) | Time:00:00.13 | Mem:0.00M, Peak:0.00M | Scene, ViewLayer | Synchronizing object | common_foyer_cabinet_01_door_p0
Fra:1 Mem:305.45M (Peak 307.15M) | Time:00:00.13 | Mem:0.00M, Peak:0.00M | Scene, ViewLayer | Synchronizing object | common_foyer_cabinet_01_door_f1l
Fra:1 Mem:305.46M (Peak 307.15M) | Time:00:00.13 | Mem:0.00M, Peak:0.00M | Scene, ViewLayer | Synchronizing object | common_foyer_cabinet_01_door_f1r
Fra:1 Mem:305.47M (Peak 307.15M) | Time:00:00.13 | Mem:0.00M, Peak:0.00M | Scene, ViewLayer | Synchronizing object | common_foyer_cabinet_01_door_f1b
Fra:1 Mem:305.48M (Peak 307.15M) | Time:00:00.13 | Mem:0.00M, Peak:0.00M | Scene, ViewLayer | Synchronizing object | fx_chair_A6s_back0
Fra:1 Mem:305.48M (Peak 307.15M) | Time:00:00.13 | Mem:0.00M, Peak:0.00M | Scene, ViewLayer | Synchronizing object | common_foyer_cabinet_01_door_f1c
Fra:1 Mem:305.49M (Peak 307.15M) | Time:00:00.13 | Mem:0.00M, Peak:0.00M | Scene, ViewLayer | Synchronizing object | fx_chair_A6s_seat
Fra:1 Mem:305.51M (Peak 307.15M) | Time:00:00.13 | Mem:0.00M, Peak:0.00M | Scene, ViewLayer | Synchronizing object | fx_chair_A6n_leg11.001
Fra:1 Mem:305.51M (Peak 307.15M) | Time:00:00.13 | Mem:0.00M, Peak:0.00M | Scene, ViewLayer | Synchronizing object | common_foyer_cabinet_01_door_f2r
Fra:1 Mem:309.03M (Peak 309.03M) | Time:00:00.13 | Mem:0.00M, Peak:0.00M | Scene, ViewLayer | Synchronizing object | fx_chair_A6n_leg11
Fra:1 Mem:313.29M (Peak 313.29M) | Time:00:00.13 | Mem:0.00M, Peak:0.00M | Scene, ViewLayer | Synchronizing object | common_foyer_cabinet_01_door_f2b
Fra:1 Mem:313.30M (Peak 313.30M) | Time:00:00.13 | Mem:0.00M, Peak:0.00M | Scene, ViewLayer | Synchronizing object | fx_chair_A6n_leg01.001
Fra:1 Mem:313.32M (Peak 313.32M) | Time:00:00.13 | Mem:0.00M, Peak:0.00M | Scene, ViewLayer | Synchronizing object | common_foyer_cabinet_01_door_f2t
Fra:1 Mem:313.36M (Peak 313.36M) | Time:00:00.13 | Mem:0.00M, Peak:0.00M | Scene, ViewLayer | Synchronizing object | common_foyer_cabinet_01_door_f2c
Fra:1 Mem:313.37M (Peak 313.37M) | Time:00:00.13 | Mem:0.00M, Peak:0.00M | Scene, ViewLayer | Synchronizing object | common_foyer_cabinet_01_door_p2
Fra:1 Mem:313.37M (Peak 313.37M) | Time:00:00.13 | Mem:0.00M, Peak:0.00M | Scene, ViewLayer | Synchronizing object | common_foyer_open_niche_01_back
Fra:1 Mem:313.37M (Peak 313.37M) | Time:00:00.13 | Mem:0.00M, Peak:0.00M | Scene, ViewLayer | Synchronizing object | common_foyer_open_niche_01_cheek0
Fra:1 Mem:313.38M (Peak 313.38M) | Time:00:00.13 | Mem:0.00M, Peak:0.00M | Scene, ViewLayer | Synchronizing object | fx_chair_A6n_leg01
Fra:1 Mem:313.38M (Peak 313.38M) | Time:00:00.13 | Mem:0.00M, Peak:0.00M | Scene, ViewLayer | Synchronizing object | common_foyer_open_niche_01_cheek1
Fra:1 Mem:313.39M (Peak 313.39M) | Time:00:00.13 | Mem:0.00M, Peak:0.00M | Scene, ViewLayer | Synchronizing object | common_foyer_open_niche_01_top
Fra:1 Mem:313.39M (Peak 313.39M) | Time:00:00.13 | Mem:0.00M, Peak:0.00M | Scene, ViewLayer | Synchronizing object | common_foyer_cabinet_02_door_f0r
Fra:1 Mem:313.39M (Peak 313.39M) | Time:00:00.13 | Mem:0.00M, Peak:0.00M | Scene, ViewLayer | Synchronizing object | common_foyer_cabinet_02_door_f0c
Fra:1 Mem:313.40M (Peak 313.40M) | Time:00:00.13 | Mem:0.00M, Peak:0.00M | Scene, ViewLayer | Synchronizing object | common_foyer_cabinet_02_door_f1t
Fra:1 Mem:313.42M (Peak 313.42M) | Time:00:00.13 | Mem:0.00M, Peak:0.00M | Scene, ViewLayer | Synchronizing object | common_foyer_cabinet_02_door_f1c
Fra:1 Mem:313.43M (Peak 313.43M) | Time:00:00.13 | Mem:0.00M, Peak:0.00M | Scene, ViewLayer | Synchronizing object | common_foyer_cabinet_02_door_p1
Fra:1 Mem:313.43M (Peak 313.43M) | Time:00:00.13 | Mem:0.00M, Peak:0.00M | Scene, ViewLayer | Synchronizing object | common_foyer_cabinet_02_door_f2b
Fra:1 Mem:313.45M (Peak 313.45M) | Time:00:00.13 | Mem:0.00M, Peak:0.00M | Scene, ViewLayer | Synchronizing object | common_foyer_cabinet_02_door_f2t
Fra:1 Mem:313.45M (Peak 313.45M) | Time:00:00.13 | Mem:0.00M, Peak:0.00M | Scene, ViewLayer | Synchronizing object | common_foyer_cabinet_02_door_p2
Fra:1 Mem:313.46M (Peak 313.46M) | Time:00:00.13 | Mem:0.00M, Peak:0.00M | Scene, ViewLayer | Synchronizing object | common_foyer_mirror_door_01_mirror
Fra:1 Mem:313.46M (Peak 313.46M) | Time:00:00.13 | Mem:0.00M, Peak:0.00M | Scene, ViewLayer | Synchronizing object | common_foyer_mirror_door_01_fr0
Fra:1 Mem:313.46M (Peak 313.46M) | Time:00:00.13 | Mem:0.00M, Peak:0.00M | Scene, ViewLayer | Synchronizing object | common_foyer_mirror_door_01_fr1
Fra:1 Mem:313.47M (Peak 313.47M) | Time:00:00.13 | Mem:0.00M, Peak:0.00M | Scene, ViewLayer | Synchronizing object | common_foyer_mirror_door_01_fr2
Fra:1 Mem:313.52M (Peak 313.52M) | Time:00:00.13 | Mem:0.00M, Peak:0.00M | Scene, ViewLayer | Synchronizing object | common_foyer_mirror_door_01_fr3
Fra:1 Mem:313.53M (Peak 313.53M) | Time:00:00.13 | Mem:0.00M, Peak:0.00M | Scene, ViewLayer | Synchronizing object | common_foyer_mirror_door_01_pull
Fra:1 Mem:313.55M (Peak 313.55M) | Time:00:00.13 | Mem:0.00M, Peak:0.00M | Scene, ViewLayer | Synchronizing object | common_elevator_hall_cabinet_01_body
Fra:1 Mem:313.55M (Peak 313.55M) | Time:00:00.13 | Mem:0.00M, Peak:0.00M | Scene, ViewLayer | Synchronizing object | common_elevator_hall_cabinet_01_door_f0l
Fra:1 Mem:313.55M (Peak 313.55M) | Time:00:00.13 | Mem:0.00M, Peak:0.00M | Scene, ViewLayer | Synchronizing object | common_elevator_hall_cabinet_01_door_f0r
Fra:1 Mem:313.56M (Peak 313.56M) | Time:00:00.13 | Mem:0.00M, Peak:0.00M | Scene, ViewLayer | Synchronizing object | common_elevator_hall_cabinet_01_door_f0b
Fra:1 Mem:313.58M (Peak 313.58M) | Time:00:00.13 | Mem:0.00M, Peak:0.00M | Scene, ViewLayer | Synchronizing object | fx_chair_A6n_seat
Fra:1 Mem:313.58M (Peak 313.58M) | Time:00:00.13 | Mem:0.00M, Peak:0.00M | Scene, ViewLayer | Synchronizing object | common_living_dining_balcony_bookcase_01_drw_slot0
Fra:1 Mem:313.59M (Peak 313.59M) | Time:00:00.13 | Mem:0.00M, Peak:0.00M | Scene, ViewLayer | Synchronizing object | common_living_dining_balcony_bookcase_02_bot
Fra:1 Mem:310.08M (Peak 313.59M) | Time:00:00.13 | Mem:0.00M, Peak:0.00M | Scene, ViewLayer | Synchronizing object | common_living_dining_balcony_bookcase_02_endN
Fra:1 Mem:310.08M (Peak 313.59M) | Time:00:00.13 | Mem:0.00M, Peak:0.00M | Scene, ViewLayer | Synchronizing object | common_living_dining_balcony_bookcase_02_div2
Fra:1 Mem:312.31M (Peak 313.59M) | Time:00:00.13 | Mem:0.00M, Peak:0.00M | Scene, ViewLayer | Synchronizing object | common_living_dining_balcony_bookcase_02_door_gapbg
Fra:1 Mem:312.32M (Peak 313.59M) | Time:00:00.13 | Mem:0.00M, Peak:0.00M | Scene, ViewLayer | Synchronizing object | common_living_dining_balcony_bookcase_02_door_f0
Fra:1 Mem:312.32M (Peak 313.59M) | Time:00:00.13 | Mem:0.00M, Peak:0.00M | Scene, ViewLayer | Synchronizing object | common_living_dining_balcony_bookcase_02_door_p0
Fra:1 Mem:312.32M (Peak 313.59M) | Time:00:00.13 | Mem:0.00M, Peak:0.00M | Scene, ViewLayer | Synchronizing object | common_living_dining_balcony_bookcase_02_shelf0
Fra:1 Mem:312.32M (Peak 313.59M) | Time:00:00.13 | Mem:0.00M, Peak:0.00M | Scene, ViewLayer | Synchronizing object | common_living_dining_balcony_bookcase_02_shelf1
Fra:1 Mem:312.34M (Peak 313.59M) | Time:00:00.13 | Mem:0.00M, Peak:0.00M | Scene, ViewLayer | Synchronizing object | common_living_dining_balcony_bookcase_02_shelf3
Fra:1 Mem:312.34M (Peak 313.59M) | Time:00:00.13 | Mem:0.00M, Peak:0.00M | Scene, ViewLayer | Synchronizing object | common_living_dining_balcony_bookcase_02_gshelf0
Fra:1 Mem:312.34M (Peak 313.59M) | Time:00:00.13 | Mem:0.00M, Peak:0.00M | Scene, ViewLayer | Synchronizing object | common_living_dining_balcony_bookcase_02_gf_stN
Fra:1 Mem:312.35M (Peak 313.59M) | Time:00:00.13 | Mem:0.00M, Peak:0.00M | Scene, ViewLayer | Synchronizing object | common_living_dining_balcony_bookcase_02_gf_rlB
Fra:1 Mem:312.35M (Peak 313.59M) | Time:00:00.13 | Mem:0.00M, Peak:0.00M | Scene, ViewLayer | Synchronizing object | common_living_dining_balcony_bookcase_02_gpane
Fra:1 Mem:312.36M (Peak 313.59M) | Time:00:00.13 | Mem:0.00M, Peak:0.00M | Scene, ViewLayer | Synchronizing object | common_living_dining_balcony_bookcase_02_gknob
Fra:1 Mem:312.36M (Peak 313.59M) | Time:00:00.13 | Mem:0.00M, Peak:0.00M | Scene, ViewLayer | Synchronizing object | common_living_dining_balcony_laundry_cabinet_01_body
Fra:1 Mem:312.36M (Peak 313.59M) | Time:00:00.13 | Mem:0.00M, Peak:0.00M | Scene, ViewLayer | Synchronizing object | common_living_dining_balcony_laundry_cabinet_01_door_gapbg
Fra:1 Mem:312.37M (Peak 313.59M) | Time:00:00.13 | Mem:0.00M, Peak:0.00M | Scene, ViewLayer | Synchronizing object | common_living_dining_balcony_laundry_cabinet_01_door_f0r
Fra:1 Mem:312.37M (Peak 313.59M) | Time:00:00.13 | Mem:0.00M, Peak:0.00M | Scene, ViewLayer | Synchronizing object | common_living_dining_balcony_laundry_cabinet_01_door_f0b
Fra:1 Mem:312.39M (Peak 313.59M) | Time:00:00.14 | Mem:0.00M, Peak:0.00M | Scene, ViewLayer | Synchronizing object | f1_tvw_art_frame
Fra:1 Mem:312.41M (Peak 313.59M) | Time:00:00.14 | Mem:0.00M, Peak:0.00M | Scene, ViewLayer | Synchronizing object | f1_tvw_slat14
Fra:1 Mem:312.42M (Peak 313.59M) | Time:00:00.14 | Mem:0.00M, Peak:0.00M | Scene, ViewLayer | Synchronizing object | f1_tvw_slat13
Fra:1 Mem:312.42M (Peak 313.59M) | Time:00:00.14 | Mem:0.00M, Peak:0.00M | Scene, ViewLayer | Synchronizing object | common_living_dining_balcony_laundry_cabinet_01_door_f0t
Fra:1 Mem:312.42M (Peak 313.59M) | Time:00:00.14 | Mem:0.00M, Peak:0.00M | Scene, ViewLayer | Synchronizing object | f1_tvw_slat12
Fra:1 Mem:312.43M (Peak 313.59M) | Time:00:00.14 | Mem:0.00M, Peak:0.00M | Scene, ViewLayer | Synchronizing object | common_living_dining_balcony_laundry_cabinet_01_door_f0c
Fra:1 Mem:312.43M (Peak 313.59M) | Time:00:00.14 | Mem:0.00M, Peak:0.00M | Scene, ViewLayer | Synchronizing object | common_living_dining_balcony_laundry_cabinet_01_door_p0
Fra:1 Mem:312.44M (Peak 313.59M) | Time:00:00.14 | Mem:0.00M, Peak:0.00M | Scene, ViewLayer | Synchronizing object | common_living_dining_balcony_laundry_cabinet_01_door_f1l
Fra:1 Mem:312.44M (Peak 313.59M) | Time:00:00.14 | Mem:0.00M, Peak:0.00M | Scene, ViewLayer | Synchronizing object | common_living_dining_balcony_laundry_cabinet_01_door_f1r
Fra:1 Mem:312.45M (Peak 313.59M) | Time:00:00.14 | Mem:0.00M, Peak:0.00M | Scene, ViewLayer | Synchronizing object | common_living_dining_balcony_laundry_cabinet_01_door_f1b
Fra:1 Mem:312.45M (Peak 313.59M) | Time:00:00.14 | Mem:0.00M, Peak:0.00M | Scene, ViewLayer | Synchronizing object | common_living_dining_balcony_laundry_cabinet_01_door_p1
Fra:1 Mem:312.46M (Peak 313.59M) | Time:00:00.14 | Mem:0.00M, Peak:0.00M | Scene, ViewLayer | Synchronizing object | common_master_bedroom_wardrobe_01_door_f0l
Fra:1 Mem:312.47M (Peak 313.59M) | Time:00:00.14 | Mem:0.00M, Peak:0.00M | Scene, ViewLayer | Synchronizing object | common_master_bedroom_wardrobe_01_door_f0c
Fra:1 Mem:312.47M (Peak 313.59M) | Time:00:00.14 | Mem:0.00M, Peak:0.00M | Scene, ViewLayer | Synchronizing object | common_master_bedroom_wardrobe_01_door_p0
Fra:1 Mem:312.49M (Peak 313.59M) | Time:00:00.14 | Mem:0.00M, Peak:0.00M | Scene, ViewLayer | Synchronizing object | common_master_bedroom_wardrobe_01_door_p1
Fra:1 Mem:312.49M (Peak 313.59M) | Time:00:00.14 | Mem:0.00M, Peak:0.00M | Scene, ViewLayer | Synchronizing object | common_master_bedroom_wardrobe_01_door_f2l
Fra:1 Mem:312.49M (Peak 313.59M) | Time:00:00.14 | Mem:0.00M, Peak:0.00M | Scene, ViewLayer | Synchronizing object | common_master_bedroom_wardrobe_01_door_f2b
Fra:1 Mem:312.50M (Peak 313.59M) | Time:00:00.14 | Mem:0.00M, Peak:0.00M | Scene, ViewLayer | Synchronizing object | f1_tvw_slat11
Fra:1 Mem:312.50M (Peak 313.59M) | Time:00:00.14 | Mem:0.00M, Peak:0.00M | Scene, ViewLayer | Synchronizing object | common_master_bedroom_wardrobe_01_door_f2t
Fra:1 Mem:312.50M (Peak 313.59M) | Time:00:00.14 | Mem:0.00M, Peak:0.00M | Scene, ViewLayer | Synchronizing object | common_master_bedroom_wardrobe_01_door_p2
Fra:1 Mem:312.51M (Peak 313.59M) | Time:00:00.14 | Mem:0.00M, Peak:0.00M | Scene, ViewLayer | Synchronizing object | common_master_bedroom_wardrobe_01_door_f3l
Fra:1 Mem:312.53M (Peak 313.59M) | Time:00:00.14 | Mem:0.00M, Peak:0.00M | Scene, ViewLayer | Synchronizing object | common_master_bedroom_wardrobe_01_door_f3r
Fra:1 Mem:312.53M (Peak 313.59M) | Time:00:00.14 | Mem:0.00M, Peak:0.00M | Scene, ViewLayer | Synchronizing object | common_master_bedroom_wardrobe_01_door_f3b
Fra:1 Mem:312.54M (Peak 313.59M) | Time:00:00.14 | Mem:0.00M, Peak:0.00M | Scene, ViewLayer | Synchronizing object | common_master_bedroom_wardrobe_01_door_f3t
Fra:1 Mem:319.58M (Peak 319.58M) | Time:00:00.14 | Mem:0.00M, Peak:0.00M | Scene, ViewLayer | Synchronizing object | common_master_bedroom_wardrobe_01_door_f3c
Fra:1 Mem:319.59M (Peak 319.59M) | Time:00:00.14 | Mem:0.00M, Peak:0.00M | Scene, ViewLayer | Synchronizing object | common_master_bedroom_wardrobe_01_door_p3
Fra:1 Mem:319.60M (Peak 319.60M) | Time:00:00.14 | Mem:0.00M, Peak:0.00M | Scene, ViewLayer | Synchronizing object | common_master_bedroom_wardrobe_01_door_f4r
Fra:1 Mem:319.60M (Peak 319.60M) | Time:00:00.14 | Mem:0.00M, Peak:0.00M | Scene, ViewLayer | Synchronizing object | common_master_bedroom_wardrobe_01_door_f4b
Fra:1 Mem:319.61M (Peak 319.61M) | Time:00:00.14 | Mem:0.00M, Peak:0.00M | Scene, ViewLayer | Synchronizing object | common_master_bedroom_wardrobe_01_door_f4t
Fra:1 Mem:319.63M (Peak 319.63M) | Time:00:00.14 | Mem:0.00M, Peak:0.00M | Scene, ViewLayer | Synchronizing object | common_master_bedroom_wardrobe_01_door_f5l
Fra:1 Mem:319.64M (Peak 319.64M) | Time:00:00.14 | Mem:0.00M, Peak:0.00M | Scene, ViewLayer | Synchronizing object | common_master_bedroom_wardrobe_01_door_f5r
Fra:1 Mem:319.65M (Peak 319.65M) | Time:00:00.14 | Mem:0.00M, Peak:0.00M | Scene, ViewLayer | Synchronizing object | common_master_bedroom_wardrobe_01_door_f5b
Fra:1 Mem:319.65M (Peak 319.65M) | Time:00:00.14 | Mem:0.00M, Peak:0.00M | Scene, ViewLayer | Synchronizing object | common_master_bedroom_wardrobe_01_door_f5t
Fra:1 Mem:319.66M (Peak 319.66M) | Time:00:00.14 | Mem:0.00M, Peak:0.00M | Scene, ViewLayer | Synchronizing object | common_master_bedroom_wardrobe_01_door_f5c
Fra:1 Mem:319.66M (Peak 319.66M) | Time:00:00.14 | Mem:0.00M, Peak:0.00M | Scene, ViewLayer | Synchronizing object | common_master_bedroom_wardrobe_01_door_p5
Fra:1 Mem:319.68M (Peak 319.68M) | Time:00:00.14 | Mem:0.00M, Peak:0.00M | Scene, ViewLayer | Synchronizing object | common_master_bedroom_wardrobe_01_door_f6l
Fra:1 Mem:319.69M (Peak 319.69M) | Time:00:00.14 | Mem:0.00M, Peak:0.00M | Scene, ViewLayer | Synchronizing object | common_master_bedroom_wardrobe_01_door_f6r
Fra:1 Mem:319.71M (Peak 319.71M) | Time:00:00.14 | Mem:0.00M, Peak:0.00M | Scene, ViewLayer | Synchronizing object | common_master_bedroom_wardrobe_01_door_f6t
Fra:1 Mem:321.92M (Peak 321.92M) | Time:00:00.14 | Mem:0.00M, Peak:0.00M | Scene, ViewLayer | Synchronizing object | common_master_bedroom_wardrobe_01_door_p6
Fra:1 Mem:321.94M (Peak 321.94M) | Time:00:00.14 | Mem:0.00M, Peak:0.00M | Scene, ViewLayer | Synchronizing object | common_master_bedroom_open_niche_01_back
Fra:1 Mem:321.96M (Peak 321.96M) | Time:00:00.14 | Mem:0.00M, Peak:0.00M | Scene, ViewLayer | Synchronizing object | common_master_bedroom_open_niche_01_cheek0
Fra:1 Mem:321.96M (Peak 321.96M) | Time:00:00.14 | Mem:0.00M, Peak:0.00M | Scene, ViewLayer | Synchronizing object | common_master_bedroom_open_niche_01_cheek1
Fra:1 Mem:321.99M (Peak 321.99M) | Time:00:00.14 | Mem:0.00M, Peak:0.00M | Scene, ViewLayer | Synchronizing object | f1_tvw_slat10
Fra:1 Mem:322.00M (Peak 322.00M) | Time:00:00.14 | Mem:0.00M, Peak:0.00M | Scene, ViewLayer | Synchronizing object | common_master_bedroom_open_niche_01_top
Fra:1 Mem:322.04M (Peak 322.04M) | Time:00:00.14 | Mem:0.00M, Peak:0.00M | Scene, ViewLayer | Synchronizing object | common_master_bedroom_open_niche_01_bottom
Fra:1 Mem:322.04M (Peak 322.04M) | Time:00:00.14 | Mem:0.00M, Peak:0.00M | Scene, ViewLayer | Synchronizing object | common_master_bedroom_open_niche_01_sh0
Fra:1 Mem:322.05M (Peak 322.05M) | Time:00:00.14 | Mem:0.00M, Peak:0.00M | Scene, ViewLayer | Synchronizing object | common_master_bath_vanity_01_cab
Fra:1 Mem:322.05M (Peak 322.05M) | Time:00:00.14 | Mem:0.00M, Peak:0.00M | Scene, ViewLayer | Synchronizing object | common_master_bath_vanity_01_drw_f0
Fra:1 Mem:322.05M (Peak 322.05M) | Time:00:00.14 | Mem:0.00M, Peak:0.00M | Scene, ViewLayer | Synchronizing object | common_master_bath_vanity_01_bowlS
Fra:1 Mem:322.05M (Peak 322.05M) | Time:00:00.14 | Mem:0.00M, Peak:0.00M | Scene, ViewLayer | Synchronizing object | common_master_bath_vanity_01_fc_base
Fra:1 Mem:322.06M (Peak 322.06M) | Time:00:00.14 | Mem:0.00M, Peak:0.00M | Scene, ViewLayer | Synchronizing object | common_master_bath_vanity_01_fc_riser
Fra:1 Mem:322.07M (Peak 322.07M) | Time:00:00.14 | Mem:0.00M, Peak:0.00M | Scene, ViewLayer | Synchronizing object | common_master_bath_vanity_01_fc_spout
Fra:1 Mem:322.07M (Peak 322.07M) | Time:00:00.14 | Mem:0.00M, Peak:0.00M | Scene, ViewLayer | Synchronizing object | common_master_bath_mirror_cabinet_01_body
Fra:1 Mem:322.07M (Peak 322.07M) | Time:00:00.14 | Mem:0.00M, Peak:0.00M | Scene, ViewLayer | Synchronizing object | common_master_bath_mirror_cabinet_01_mir_f0
Fra:1 Mem:322.07M (Peak 322.07M) | Time:00:00.14 | Mem:0.00M, Peak:0.00M | Scene, ViewLayer | Synchronizing object | common_master_bath_toilet_01_base
Fra:1 Mem:322.09M (Peak 322.09M) | Time:00:00.14 | Mem:0.00M, Peak:0.00M | Scene, ViewLayer | Synchronizing object | common_master_bath_toilet_01_seat
Fra:1 Mem:322.09M (Peak 322.09M) | Time:00:00.14 | Mem:0.00M, Peak:0.00M | Scene, ViewLayer | Synchronizing object | common_master_bath_glass_partition_01_fr0
Fra:1 Mem:322.10M (Peak 322.10M) | Time:00:00.14 | Mem:0.00M, Peak:0.00M | Scene, ViewLayer | Synchronizing object | common_master_bath_glass_partition_01_fr1
Fra:1 Mem:322.10M (Peak 322.10M) | Time:00:00.14 | Mem:0.00M, Peak:0.00M | Scene, ViewLayer | Synchronizing object | common_master_bath_glass_partition_01_fr3
Fra:1 Mem:322.11M (Peak 322.11M) | Time:00:00.14 | Mem:0.00M, Peak:0.00M | Scene, ViewLayer | Synchronizing object | common_master_bath_glass_partition_01_fr4
Fra:1 Mem:322.11M (Peak 322.11M) | Time:00:00.14 | Mem:0.00M, Peak:0.00M | Scene, ViewLayer | Synchronizing object | common_master_bath_shower_floor_01_drain
Fra:1 Mem:322.14M (Peak 322.14M) | Time:00:00.14 | Mem:0.00M, Peak:0.00M | Scene, ViewLayer | Synchronizing object | common_corridor_vanity_01_drw_gapbg
Fra:1 Mem:322.14M (Peak 322.14M) | Time:00:00.14 | Mem:0.00M, Peak:0.00M | Scene, ViewLayer | Synchronizing object | common_corridor_vanity_01_drw_f0
Fra:1 Mem:322.14M (Peak 322.14M) | Time:00:00.14 | Mem:0.00M, Peak:0.00M | Scene, ViewLayer | Synchronizing object | common_corridor_vanity_01_drw_p0
Fra:1 Mem:322.14M (Peak 322.14M) | Time:00:00.14 | Mem:0.00M, Peak:0.00M | Scene, ViewLayer | Synchronizing object | common_corridor_vanity_01_drw_f1
Fra:1 Mem:322.14M (Peak 322.14M) | Time:00:00.14 | Mem:0.00M, Peak:0.00M | Scene, ViewLayer | Synchronizing object | common_corridor_vanity_01_drw_p1
Fra:1 Mem:322.14M (Peak 322.14M) | Time:00:00.14 | Mem:0.00M, Peak:0.00M | Scene, ViewLayer | Synchronizing object | common_corridor_vanity_01_drw_f2
Fra:1 Mem:322.14M (Peak 322.14M) | Time:00:00.14 | Mem:0.00M, Peak:0.00M | Scene, ViewLayer | Synchronizing object | f1_tvw_slat09
Fra:1 Mem:322.20M (Peak 322.20M) | Time:00:00.14 | Mem:0.00M, Peak:0.00M | Scene, ViewLayer | Synchronizing object | common_corridor_vanity_01_drw_p2
Fra:1 Mem:322.20M (Peak 322.20M) | Time:00:00.14 | Mem:0.00M, Peak:0.00M | Scene, ViewLayer | Synchronizing object | common_corridor_vanity_01_top_s1
Fra:1 Mem:322.21M (Peak 322.21M) | Time:00:00.14 | Mem:0.00M, Peak:0.00M | Scene, ViewLayer | Synchronizing object | common_corridor_vanity_01_top_s2
Fra:1 Mem:322.22M (Peak 322.22M) | Time:00:00.14 | Mem:0.00M, Peak:0.00M | Scene, ViewLayer | Synchronizing object | common_corridor_vanity_01_top_s3
Fra:1 Mem:322.23M (Peak 322.23M) | Time:00:00.14 | Mem:0.00M, Peak:0.00M | Scene, ViewLayer | Synchronizing object | common_corridor_vanity_01_top_s4
Fra:1 Mem:322.24M (Peak 322.24M) | Time:00:00.14 | Mem:0.00M, Peak:0.00M | Scene, ViewLayer | Synchronizing object | common_corridor_vanity_01_top_s5
Fra:1 Mem:322.25M (Peak 322.25M) | Time:00:00.14 | Mem:0.00M, Peak:0.00M | Scene, ViewLayer | Synchronizing object | common_corridor_vanity_01_bowlW
Fra:1 Mem:322.25M (Peak 322.25M) | Time:00:00.14 | Mem:0.00M, Peak:0.00M | Scene, ViewLayer | Synchronizing object | common_corridor_vanity_01_bowlB
Fra:1 Mem:322.26M (Peak 322.26M) | Time:00:00.14 | Mem:0.00M, Peak:0.00M | Scene, ViewLayer | Synchronizing object | common_corridor_vanity_01_bowlB.001
Fra:1 Mem:322.26M (Peak 322.26M) | Time:00:00.14 | Mem:0.00M, Peak:0.00M | Scene, ViewLayer | Synchronizing object | common_corridor_vanity_01_fc281_riser
Fra:1 Mem:322.28M (Peak 322.28M) | Time:00:00.14 | Mem:0.00M, Peak:0.00M | Scene, ViewLayer | Synchronizing object | common_corridor_vanity_01_fc281_spout
Fra:1 Mem:322.28M (Peak 322.28M) | Time:00:00.14 | Mem:0.00M, Peak:0.00M | Scene, ViewLayer | Synchronizing object | common_corridor_mirror_cabinet_01_body
Fra:1 Mem:320.09M (Peak 322.28M) | Time:00:00.14 | Mem:0.00M, Peak:0.00M | Scene, ViewLayer | Synchronizing object | common_corridor_mirror_cabinet_01_mir_f0
Fra:1 Mem:320.10M (Peak 322.28M) | Time:00:00.14 | Mem:0.00M, Peak:0.00M | Scene, ViewLayer | Synchronizing object | common_public_bath_wet_shower_floor_01_pan
Fra:1 Mem:320.10M (Peak 322.28M) | Time:00:00.14 | Mem:0.00M, Peak:0.00M | Scene, ViewLayer | Synchronizing object | common_public_bath_wet_glass_partition_01_fr0
Fra:1 Mem:324.35M (Peak 324.35M) | Time:00:00.14 | Mem:0.00M, Peak:0.00M | Scene, ViewLayer | Synchronizing object | common_public_bath_wet_glass_partition_01_fr1
Fra:1 Mem:324.40M (Peak 324.40M) | Time:00:00.14 | Mem:0.00M, Peak:0.00M | Scene, ViewLayer | Synchronizing object | f1_tvw_slat07
Fra:1 Mem:324.40M (Peak 324.40M) | Time:00:00.14 | Mem:0.00M, Peak:0.00M | Scene, ViewLayer | Synchronizing object | f1_tvw_slat06
Fra:1 Mem:324.41M (Peak 324.41M) | Time:00:00.14 | Mem:0.00M, Peak:0.00M | Scene, ViewLayer | Synchronizing object | f1_tvw_slat05
Fra:1 Mem:324.41M (Peak 324.41M) | Time:00:00.14 | Mem:0.00M, Peak:0.00M | Scene, ViewLayer | Synchronizing object | f1_tvw_slat04
Fra:1 Mem:324.41M (Peak 324.41M) | Time:00:00.14 | Mem:0.00M, Peak:0.00M | Scene, ViewLayer | Synchronizing object | f1_tvw_slat03
Fra:1 Mem:324.41M (Peak 324.41M) | Time:00:00.14 | Mem:0.00M, Peak:0.00M | Scene, ViewLayer | Synchronizing object | common_public_bath_wet_glass_partition_01_fr3
Fra:1 Mem:324.41M (Peak 324.41M) | Time:00:00.14 | Mem:0.00M, Peak:0.00M | Scene, ViewLayer | Synchronizing object | common_public_bath_wet_glass_partition_01_fr4
Fra:1 Mem:324.42M (Peak 324.42M) | Time:00:00.14 | Mem:0.00M, Peak:0.00M | Scene, ViewLayer | Synchronizing object | f1_tvw_slat02
Fra:1 Mem:324.42M (Peak 324.42M) | Time:00:00.14 | Mem:0.00M, Peak:0.00M | Scene, ViewLayer | Synchronizing object | common_public_bath_wet_toilet_01_base
Fra:1 Mem:324.42M (Peak 324.42M) | Time:00:00.14 | Mem:0.00M, Peak:0.00M | Scene, ViewLayer | Synchronizing object | common_public_bath_wet_toilet_01_seat
Fra:1 Mem:324.43M (Peak 324.43M) | Time:00:00.14 | Mem:0.00M, Peak:0.00M | Scene, ViewLayer | Synchronizing object | common_public_bath_wet_toilet_01_tank
Fra:1 Mem:324.44M (Peak 324.44M) | Time:00:00.14 | Mem:0.00M, Peak:0.00M | Scene, ViewLayer | Synchronizing object | common_parents_room_wardrobe_01_slA_f2
Fra:1 Mem:324.44M (Peak 324.44M) | Time:00:00.14 | Mem:0.00M, Peak:0.00M | Scene, ViewLayer | Synchronizing object | common_parents_room_wardrobe_01_slB_f1
Fra:1 Mem:328.69M (Peak 328.69M) | Time:00:00.14 | Mem:0.00M, Peak:0.00M | Scene, ViewLayer | Synchronizing object | common_master_bedroom_screen_01_slat05
Fra:1 Mem:328.70M (Peak 328.70M) | Time:00:00.14 | Mem:0.00M, Peak:0.00M | Scene, ViewLayer | Synchronizing object | common_master_bedroom_screen_01_slat06
Fra:1 Mem:328.72M (Peak 328.72M) | Time:00:00.14 | Mem:0.00M, Peak:0.00M | Scene, ViewLayer | Synchronizing object | common_master_bedroom_screen_01_slat09
Fra:1 Mem:328.72M (Peak 328.72M) | Time:00:00.14 | Mem:0.00M, Peak:0.00M | Scene, ViewLayer | Synchronizing object | common_master_bedroom_screen_01_slat10
Fra:1 Mem:328.73M (Peak 328.73M) | Time:00:00.14 | Mem:0.00M, Peak:0.00M | Scene, ViewLayer | Synchronizing object | common_master_bedroom_screen_01_slat11
Fra:1 Mem:328.74M (Peak 328.74M) | Time:00:00.14 | Mem:0.00M, Peak:0.00M | Scene, ViewLayer | Synchronizing object | common_master_bedroom_screen_01_slat12
Fra:1 Mem:328.75M (Peak 328.75M) | Time:00:00.14 | Mem:0.00M, Peak:0.00M | Scene, ViewLayer | Synchronizing object | common_master_bedroom_screen_01_slat14
Fra:1 Mem:328.76M (Peak 328.76M) | Time:00:00.14 | Mem:0.00M, Peak:0.00M | Scene, ViewLayer | Synchronizing object | common_master_bedroom_screen_01_slat16
Fra:1 Mem:328.80M (Peak 328.80M) | Time:00:00.14 | Mem:0.00M, Peak:0.00M | Scene, ViewLayer | Synchronizing object | common_master_bedroom_screen_01_slat17
Fra:1 Mem:328.81M (Peak 328.81M) | Time:00:00.14 | Mem:0.00M, Peak:0.00M | Scene, ViewLayer | Synchronizing object | common_master_bedroom_screen_01_slat18
Fra:1 Mem:328.82M (Peak 328.82M) | Time:00:00.14 | Mem:0.00M, Peak:0.00M | Scene, ViewLayer | Synchronizing object | mb_shower_rail
Fra:1 Mem:328.82M (Peak 328.82M) | Time:00:00.14 | Mem:0.00M, Peak:0.00M | Scene, ViewLayer | Synchronizing object | mb_shower_arm
Fra:1 Mem:328.83M (Peak 328.83M) | Time:00:00.14 | Mem:0.00M, Peak:0.00M | Scene, ViewLayer | Synchronizing object | mb_shower_rain
Fra:1 Mem:328.83M (Peak 328.83M) | Time:00:00.14 | Mem:0.00M, Peak:0.00M | Scene, ViewLayer | Synchronizing object | fx_mb_niche_back
Fra:1 Mem:328.83M (Peak 328.83M) | Time:00:00.14 | Mem:0.00M, Peak:0.00M | Scene, ViewLayer | Synchronizing object | fx_mb_niche_side0
Fra:1 Mem:328.84M (Peak 328.84M) | Time:00:00.14 | Mem:0.00M, Peak:0.00M | Scene, ViewLayer | Synchronizing object | fx_mb_niche_side1
Fra:1 Mem:328.84M (Peak 328.84M) | Time:00:00.14 | Mem:0.00M, Peak:0.00M | Scene, ViewLayer | Synchronizing object | fx_mb_niche_top
Fra:1 Mem:328.85M (Peak 328.85M) | Time:00:00.14 | Mem:0.00M, Peak:0.00M | Scene, ViewLayer | Synchronizing object | fx_mb_paper_plate
Fra:1 Mem:328.87M (Peak 328.87M) | Time:00:00.14 | Mem:0.00M, Peak:0.00M | Scene, ViewLayer | Synchronizing object | fx_mb_paper_rod
Fra:1 Mem:328.87M (Peak 328.87M) | Time:00:00.14 | Mem:0.00M, Peak:0.00M | Scene, ViewLayer | Synchronizing object | pb_shower_hand
Fra:1 Mem:328.87M (Peak 328.87M) | Time:00:00.14 | Mem:0.00M, Peak:0.00M | Scene, ViewLayer | Synchronizing object | pb_shower_arm
Fra:1 Mem:328.87M (Peak 328.87M) | Time:00:00.14 | Mem:0.00M, Peak:0.00M | Scene, ViewLayer | Synchronizing object | fx_pb_niche_back
Fra:1 Mem:328.88M (Peak 328.88M) | Time:00:00.14 | Mem:0.00M, Peak:0.00M | Scene, ViewLayer | Synchronizing object | fx_pb_niche_side0
Fra:1 Mem:328.89M (Peak 328.89M) | Time:00:00.14 | Mem:0.00M, Peak:0.00M | Scene, ViewLayer | Synchronizing object | fx_pb_niche_top
Fra:1 Mem:328.89M (Peak 328.89M) | Time:00:00.14 | Mem:0.00M, Peak:0.00M | Scene, ViewLayer | Synchronizing object | fx_stool_top
Fra:1 Mem:328.91M (Peak 328.91M) | Time:00:00.14 | Mem:0.00M, Peak:0.00M | Scene, ViewLayer | Synchronizing object | fx_stool_leg0
Fra:1 Mem:328.91M (Peak 328.91M) | Time:00:00.14 | Mem:0.00M, Peak:0.00M | Scene, ViewLayer | Synchronizing object | fx_stool_leg2
Fra:1 Mem:328.91M (Peak 328.91M) | Time:00:00.14 | Mem:0.00M, Peak:0.00M | Scene, ViewLayer | Synchronizing object | fx_stool_leg3
Fra:1 Mem:328.91M (Peak 328.91M) | Time:00:00.14 | Mem:0.00M, Peak:0.00M | Scene, ViewLayer | Synchronizing object | common_living_dining_balcony_plant_01_stem
Fra:1 Mem:328.91M (Peak 328.91M) | Time:00:00.14 | Mem:0.00M, Peak:0.00M | Scene, ViewLayer | Synchronizing object | common_living_dining_balcony_plant_01_leaf1
Fra:1 Mem:328.91M (Peak 328.91M) | Time:00:00.14 | Mem:0.00M, Peak:0.00M | Scene, ViewLayer | Synchronizing object | common_living_dining_balcony_plant_01_leaf2
Fra:1 Mem:328.92M (Peak 328.92M) | Time:00:00.14 | Mem:0.00M, Peak:0.00M | Scene, ViewLayer | Synchronizing object | common_living_dining_balcony_plant_01_leaf5
Fra:1 Mem:328.92M (Peak 328.92M) | Time:00:00.14 | Mem:0.00M, Peak:0.00M | Scene, ViewLayer | Synchronizing object | common_living_dining_balcony_plant_01_leaf6
Fra:1 Mem:330.48M (Peak 330.48M) | Time:00:00.14 | Mem:0.00M, Peak:0.00M | Scene, ViewLayer | Synchronizing object | common_living_dining_balcony_planter_01_pot
Fra:1 Mem:330.48M (Peak 330.48M) | Time:00:00.14 | Mem:0.00M, Peak:0.00M | Scene, ViewLayer | Synchronizing object | common_living_dining_balcony_stool_01_top
Fra:1 Mem:330.49M (Peak 330.49M) | Time:00:00.14 | Mem:0.00M, Peak:0.00M | Scene, ViewLayer | Synchronizing object | common_living_dining_balcony_stool_01_post
Fra:1 Mem:330.50M (Peak 330.50M) | Time:00:00.14 | Mem:0.00M, Peak:0.00M | Scene, ViewLayer | Synchronizing object | f1_tvw_led_t
Fra:1 Mem:330.50M (Peak 330.50M) | Time:00:00.14 | Mem:0.00M, Peak:0.00M | Scene, ViewLayer | Synchronizing object | f1_tvw_led_n
Fra:1 Mem:330.53M (Peak 330.53M) | Time:00:00.14 | Mem:0.00M, Peak:0.00M | Scene, ViewLayer | Synchronizing object | common_living_dining_balcony_stool_01_jar
Fra:1 Mem:330.53M (Peak 330.53M) | Time:00:00.14 | Mem:0.00M, Peak:0.00M | Scene, ViewLayer | Synchronizing object | common_living_dining_balcony_artwork_01_canvas
Fra:1 Mem:330.53M (Peak 330.53M) | Time:00:00.14 | Mem:0.00M, Peak:0.00M | Scene, ViewLayer | Synchronizing object | common_living_dining_balcony_artwork_01_lamp
Fra:1 Mem:330.54M (Peak 330.54M) | Time:00:00.14 | Mem:0.00M, Peak:0.00M | Scene, ViewLayer | Synchronizing object | common_master_bedroom_dressing_table_01_top
Fra:1 Mem:330.54M (Peak 330.54M) | Time:00:00.14 | Mem:0.00M, Peak:0.00M | Scene, ViewLayer | Synchronizing object | common_master_bedroom_dressing_table_01_topl
Fra:1 Mem:330.55M (Peak 330.55M) | Time:00:00.14 | Mem:0.00M, Peak:0.00M | Scene, ViewLayer | Synchronizing object | common_master_bedroom_dressing_table_01_side1
Fra:1 Mem:330.56M (Peak 330.56M) | Time:00:00.14 | Mem:0.00M, Peak:0.00M | Scene, ViewLayer | Synchronizing object | common_master_bedroom_dressing_table_01_drw
Fra:1 Mem:330.56M (Peak 330.56M) | Time:00:00.14 | Mem:0.00M, Peak:0.00M | Scene, ViewLayer | Synchronizing object | common_master_bedroom_dressing_table_01drw_drw_p0
Fra:1 Mem:330.56M (Peak 330.56M) | Time:00:00.14 | Mem:0.00M, Peak:0.00M | Scene, ViewLayer | Synchronizing object | f1_tvw_led_s
Fra:1 Mem:330.56M (Peak 330.56M) | Time:00:00.14 | Mem:0.00M, Peak:0.00M | Scene, ViewLayer | Synchronizing object | common_master_bedroom_dressing_table_01_upper
Fra:1 Mem:330.56M (Peak 330.56M) | Time:00:00.14 | Mem:0.00M, Peak:0.00M | Scene, ViewLayer | Synchronizing object | common_master_bedroom_dressing_table_01_door_f0l
Fra:1 Mem:330.56M (Peak 330.56M) | Time:00:00.14 | Mem:0.00M, Peak:0.00M | Scene, ViewLayer | Synchronizing object | common_master_bedroom_dressing_table_01_door_f0b
Fra:1 Mem:330.57M (Peak 330.57M) | Time:00:00.14 | Mem:0.00M, Peak:0.00M | Scene, ViewLayer | Synchronizing object | common_master_bedroom_dressing_table_01_door_f0c
Fra:1 Mem:330.57M (Peak 330.57M) | Time:00:00.14 | Mem:0.00M, Peak:0.00M | Scene, ViewLayer | Synchronizing object | common_master_bedroom_dressing_table_01_door_p0
Fra:1 Mem:330.57M (Peak 330.57M) | Time:00:00.14 | Mem:0.00M, Peak:0.00M | Scene, ViewLayer | Synchronizing object | common_master_bedroom_dressing_table_01_door_f1r
Fra:1 Mem:330.57M (Peak 330.57M) | Time:00:00.14 | Mem:0.00M, Peak:0.00M | Scene, ViewLayer | Synchronizing object | common_master_bedroom_dressing_table_01_door_f1t
Fra:1 Mem:330.57M (Peak 330.57M) | Time:00:00.14 | Mem:0.00M, Peak:0.00M | Scene, ViewLayer | Synchronizing object | common_master_bedroom_dressing_table_01_door_f1c
Fra:1 Mem:330.62M (Peak 330.62M) | Time:00:00.14 | Mem:0.00M, Peak:0.00M | Scene, ViewLayer | Synchronizing object | common_master_bedroom_dressing_table_01_door_p1
Fra:1 Mem:330.66M (Peak 330.66M) | Time:00:00.14 | Mem:0.00M, Peak:0.00M | Scene, ViewLayer | Synchronizing object | common_master_bedroom_dressing_table_01_door_f2l
Fra:1 Mem:330.67M (Peak 330.67M) | Time:00:00.14 | Mem:0.00M, Peak:0.00M | Scene, ViewLayer | Synchronizing object | common_master_bedroom_dressing_table_01_door_f2b
Fra:1 Mem:330.68M (Peak 330.68M) | Time:00:00.14 | Mem:0.00M, Peak:0.00M | Scene, ViewLayer | Synchronizing object | common_master_bedroom_dressing_table_01_door_f2t
Fra:1 Mem:330.68M (Peak 330.68M) | Time:00:00.14 | Mem:0.00M, Peak:0.00M | Scene, ViewLayer | Synchronizing object | common_master_bedroom_dressing_table_01_door_f2c
Fra:1 Mem:330.69M (Peak 330.69M) | Time:00:00.14 | Mem:0.00M, Peak:0.00M | Scene, ViewLayer | Synchronizing object | common_master_bedroom_dressing_table_01_door_p2
Fra:1 Mem:330.69M (Peak 330.69M) | Time:00:00.14 | Mem:0.00M, Peak:0.00M | Scene, ViewLayer | Synchronizing object | common_master_bedroom_dressing_table_01_mirror
Fra:1 Mem:330.70M (Peak 330.70M) | Time:00:00.14 | Mem:0.00M, Peak:0.00M | Scene, ViewLayer | Synchronizing object | common_master_bedroom_stool_01_pad
Fra:1 Mem:330.72M (Peak 330.72M) | Time:00:00.14 | Mem:0.00M, Peak:0.00M | Scene, ViewLayer | Synchronizing object | common_master_bedroom_stool_01_leg0
Fra:1 Mem:330.73M (Peak 330.73M) | Time:00:00.14 | Mem:0.00M, Peak:0.00M | Scene, ViewLayer | Synchronizing object | common_master_bedroom_stool_01_leg1
Fra:1 Mem:330.74M (Peak 330.74M) | Time:00:00.14 | Mem:0.00M, Peak:0.00M | Scene, ViewLayer | Synchronizing object | common_master_bedroom_stool_01_leg2
Fra:1 Mem:330.74M (Peak 330.74M) | Time:00:00.14 | Mem:0.00M, Peak:0.00M | Scene, ViewLayer | Synchronizing object | common_master_bedroom_bed_01_frame
Fra:1 Mem:330.74M (Peak 330.74M) | Time:00:00.14 | Mem:0.00M, Peak:0.00M | Scene, ViewLayer | Synchronizing object | common_master_bedroom_bed_01_mattress
Fra:1 Mem:330.75M (Peak 330.75M) | Time:00:00.14 | Mem:0.00M, Peak:0.00M | Scene, ViewLayer | Synchronizing object | common_master_bedroom_bed_01_duvet
Fra:1 Mem:330.76M (Peak 330.76M) | Time:00:00.15 | Mem:0.00M, Peak:0.00M | Scene, ViewLayer | Synchronizing object | common_master_bedroom_bed_01_duvetdrop2
Fra:1 Mem:330.77M (Peak 330.77M) | Time:00:00.15 | Mem:0.00M, Peak:0.00M | Scene, ViewLayer | Synchronizing object | common_master_bedroom_bed_01_pillow2
Fra:1 Mem:330.81M (Peak 330.81M) | Time:00:00.15 | Mem:0.00M, Peak:0.00M | Scene, ViewLayer | Synchronizing object | common_master_bedroom_bed_01_throw
Fra:1 Mem:330.82M (Peak 330.82M) | Time:00:00.15 | Mem:0.00M, Peak:0.00M | Scene, ViewLayer | Synchronizing object | f1_tvc_topline
Fra:1 Mem:330.83M (Peak 330.83M) | Time:00:00.15 | Mem:0.00M, Peak:0.00M | Scene, ViewLayer | Synchronizing object | common_master_bedroom_headboard_01_pad
Fra:1 Mem:330.83M (Peak 330.83M) | Time:00:00.15 | Mem:0.00M, Peak:0.00M | Scene, ViewLayer | Synchronizing object | common_master_bedroom_nightstand_01_drw_gapbg
Fra:1 Mem:330.84M (Peak 330.84M) | Time:00:00.15 | Mem:0.00M, Peak:0.00M | Scene, ViewLayer | Synchronizing object | common_master_bedroom_nightstand_01_drw_f0
Fra:1 Mem:330.86M (Peak 330.86M) | Time:00:00.15 | Mem:0.00M, Peak:0.00M | Scene, ViewLayer | Synchronizing object | common_master_bedroom_nightstand_01_drw_p0
Fra:1 Mem:330.87M (Peak 330.87M) | Time:00:00.15 | Mem:0.00M, Peak:0.00M | Scene, ViewLayer | Synchronizing object | common_master_bedroom_nightstand_02_body
Fra:1 Mem:330.87M (Peak 330.87M) | Time:00:00.15 | Mem:0.00M, Peak:0.00M | Scene, ViewLayer | Synchronizing object | common_master_bedroom_nightstand_02_drw_gapbg
Fra:1 Mem:330.88M (Peak 330.88M) | Time:00:00.15 | Mem:0.00M, Peak:0.00M | Scene, ViewLayer | Synchronizing object | common_master_bedroom_nightstand_02_drw_f0
Fra:1 Mem:330.89M (Peak 330.89M) | Time:00:00.15 | Mem:0.00M, Peak:0.00M | Scene, ViewLayer | Synchronizing object | common_master_bedroom_nightstand_02_drw_p0
Fra:1 Mem:330.90M (Peak 330.90M) | Time:00:00.15 | Mem:0.00M, Peak:0.00M | Scene, ViewLayer | Synchronizing object | common_master_bedroom_nightstand_02_leg1
Fra:1 Mem:330.91M (Peak 330.91M) | Time:00:00.15 | Mem:0.00M, Peak:0.00M | Scene, ViewLayer | Synchronizing object | common_master_bedroom_nightstand_02_leg2
Fra:1 Mem:330.91M (Peak 330.91M) | Time:00:00.15 | Mem:0.00M, Peak:0.00M | Scene, ViewLayer | Synchronizing object | common_master_bedroom_nightstand_02_leg3
Fra:1 Mem:330.91M (Peak 330.91M) | Time:00:00.15 | Mem:0.00M, Peak:0.00M | Scene, ViewLayer | Synchronizing object | common_master_bedroom_desk_01_top
Fra:1 Mem:330.92M (Peak 330.92M) | Time:00:00.15 | Mem:0.00M, Peak:0.00M | Scene, ViewLayer | Synchronizing object | common_master_bedroom_desk_01_drawer
Fra:1 Mem:330.92M (Peak 330.92M) | Time:00:00.15 | Mem:0.00M, Peak:0.00M | Scene, ViewLayer | Synchronizing object | common_master_bedroom_desk_01_leg0
Fra:1 Mem:330.92M (Peak 330.92M) | Time:00:00.15 | Mem:0.00M, Peak:0.00M | Scene, ViewLayer | Synchronizing object | f1_tvc_body
Fra:1 Mem:330.93M (Peak 330.93M) | Time:00:00.15 | Mem:0.00M, Peak:0.00M | Scene, ViewLayer | Synchronizing object | common_master_bedroom_desk_01_leg2
Fra:1 Mem:330.93M (Peak 330.93M) | Time:00:00.15 | Mem:0.00M, Peak:0.00M | Scene, ViewLayer | Synchronizing object | fx_curt_living_bo_e_A
Fra:1 Mem:330.93M (Peak 330.93M) | Time:00:00.15 | Mem:0.00M, Peak:0.00M | Scene, ViewLayer | Synchronizing object | common_master_bedroom_desk_01_leg3
Fra:1 Mem:330.93M (Peak 330.93M) | Time:00:00.15 | Mem:0.00M, Peak:0.00M | Scene, ViewLayer | Synchronizing object | common_master_bedroom_desk_01_monitor
Fra:1 Mem:335.18M (Peak 335.18M) | Time:00:00.15 | Mem:0.00M, Peak:0.00M | Scene, ViewLayer | Synchronizing object | common_master_bedroom_desk_01_monstand
Fra:1 Mem:335.19M (Peak 335.19M) | Time:00:00.15 | Mem:0.00M, Peak:0.00M | Scene, ViewLayer | Synchronizing object | common_master_bedroom_chair_01_seat
Fra:1 Mem:335.19M (Peak 335.19M) | Time:00:00.15 | Mem:0.00M, Peak:0.00M | Scene, ViewLayer | Synchronizing object | common_master_bedroom_chair_01_back
Fra:1 Mem:335.20M (Peak 335.20M) | Time:00:00.15 | Mem:0.00M, Peak:0.00M | Scene, ViewLayer | Synchronizing object | common_master_bedroom_chair_01_post
Fra:1 Mem:335.21M (Peak 335.21M) | Time:00:00.15 | Mem:0.00M, Peak:0.00M | Scene, ViewLayer | Synchronizing object | common_master_bedroom_chair_01_base
Fra:1 Mem:335.21M (Peak 335.21M) | Time:00:00.15 | Mem:0.00M, Peak:0.00M | Scene, ViewLayer | Synchronizing object | common_terrace_coffee_table_01_top
Fra:1 Mem:335.22M (Peak 335.22M) | Time:00:00.15 | Mem:0.00M, Peak:0.00M | Scene, ViewLayer | Synchronizing object | common_terrace_coffee_table_01_leg0
Fra:1 Mem:335.23M (Peak 335.23M) | Time:00:00.15 | Mem:0.00M, Peak:0.00M | Scene, ViewLayer | Synchronizing object | common_terrace_coffee_table_01_leg2
Fra:1 Mem:335.23M (Peak 335.23M) | Time:00:00.15 | Mem:0.00M, Peak:0.00M | Scene, ViewLayer | Synchronizing object | common_terrace_lounge_chair_01_seat
Fra:1 Mem:335.24M (Peak 335.24M) | Time:00:00.15 | Mem:0.00M, Peak:0.00M | Scene, ViewLayer | Synchronizing object | common_terrace_lounge_chair_01_cushion
Fra:1 Mem:335.24M (Peak 335.24M) | Time:00:00.15 | Mem:0.00M, Peak:0.00M | Scene, ViewLayer | Synchronizing object | common_terrace_lounge_chair_01_back1
Fra:1 Mem:335.26M (Peak 335.26M) | Time:00:00.15 | Mem:0.00M, Peak:0.00M | Scene, ViewLayer | Synchronizing object | fx_curt_living_bo_w_A
Fra:1 Mem:335.28M (Peak 335.28M) | Time:00:00.15 | Mem:0.00M, Peak:0.00M | Scene, ViewLayer | Synchronizing object | common_terrace_lounge_chair_01_armp-1
Fra:1 Mem:335.28M (Peak 335.28M) | Time:00:00.15 | Mem:0.00M, Peak:0.00M | Scene, ViewLayer | Synchronizing object | common_terrace_lounge_chair_01_arm1
Fra:1 Mem:335.29M (Peak 335.29M) | Time:00:00.15 | Mem:0.00M, Peak:0.00M | Scene, ViewLayer | Synchronizing object | common_terrace_lounge_chair_01_armp1
Fra:1 Mem:335.31M (Peak 335.31M) | Time:00:00.15 | Mem:0.00M, Peak:0.00M | Scene, ViewLayer | Synchronizing object | common_terrace_lounge_chair_01_leg0
Fra:1 Mem:335.31M (Peak 335.31M) | Time:00:00.15 | Mem:0.00M, Peak:0.00M | Scene, ViewLayer | Synchronizing object | common_terrace_lounge_chair_01_leg3
Fra:1 Mem:335.31M (Peak 335.31M) | Time:00:00.15 | Mem:0.00M, Peak:0.00M | Scene, ViewLayer | Synchronizing object | common_terrace_lounge_chair_02_seat
Fra:1 Mem:335.32M (Peak 335.32M) | Time:00:00.15 | Mem:0.00M, Peak:0.00M | Scene, ViewLayer | Synchronizing object | common_terrace_lounge_chair_02_cushion
Fra:1 Mem:335.32M (Peak 335.32M) | Time:00:00.15 | Mem:0.00M, Peak:0.00M | Scene, ViewLayer | Synchronizing object | common_terrace_lounge_chair_02_back1
Fra:1 Mem:335.34M (Peak 335.34M) | Time:00:00.15 | Mem:0.00M, Peak:0.00M | Scene, ViewLayer | Synchronizing object | common_terrace_lounge_chair_02_back2
Fra:1 Mem:335.35M (Peak 335.35M) | Time:00:00.15 | Mem:0.00M, Peak:0.00M | Scene, ViewLayer | Synchronizing object | common_terrace_lounge_chair_02_arm-1
Fra:1 Mem:335.36M (Peak 335.36M) | Time:00:00.15 | Mem:0.00M, Peak:0.00M | Scene, ViewLayer | Synchronizing object | common_terrace_lounge_chair_02_arm1
Fra:1 Mem:335.37M (Peak 335.37M) | Time:00:00.15 | Mem:0.00M, Peak:0.00M | Scene, ViewLayer | Synchronizing object | common_terrace_lounge_chair_02_armp1
Fra:1 Mem:335.38M (Peak 335.38M) | Time:00:00.15 | Mem:0.00M, Peak:0.00M | Scene, ViewLayer | Synchronizing object | common_terrace_lounge_chair_02_leg0
Fra:1 Mem:335.38M (Peak 335.38M) | Time:00:00.15 | Mem:0.00M, Peak:0.00M | Scene, ViewLayer | Synchronizing object | common_terrace_lounge_chair_02_leg2
Fra:1 Mem:335.40M (Peak 335.40M) | Time:00:00.15 | Mem:0.00M, Peak:0.00M | Scene, ViewLayer | Synchronizing object | common_terrace_lounge_chair_02_leg3
Fra:1 Mem:335.42M (Peak 335.42M) | Time:00:00.15 | Mem:0.00M, Peak:0.00M | Scene, ViewLayer | Synchronizing object | common_terrace_plant_01_pot
Fra:1 Mem:335.42M (Peak 335.42M) | Time:00:00.15 | Mem:0.00M, Peak:0.00M | Scene, ViewLayer | Synchronizing object | common_terrace_plant_01_stem
Fra:1 Mem:335.43M (Peak 335.43M) | Time:00:00.15 | Mem:0.00M, Peak:0.00M | Scene, ViewLayer | Synchronizing object | common_terrace_plant_01_leaf0
Fra:1 Mem:335.43M (Peak 335.43M) | Time:00:00.15 | Mem:0.00M, Peak:0.00M | Scene, ViewLayer | Synchronizing object | A_living_dining_balcony_lounge_chair_01_arm1
Fra:1 Mem:335.43M (Peak 335.43M) | Time:00:00.15 | Mem:0.00M, Peak:0.00M | Scene, ViewLayer | Synchronizing object | common_terrace_plant_01_leaf3
Fra:1 Mem:335.44M (Peak 335.44M) | Time:00:00.15 | Mem:0.00M, Peak:0.00M | Scene, ViewLayer | Synchronizing object | common_terrace_plant_01_leaf4
Fra:1 Mem:335.45M (Peak 335.45M) | Time:00:00.15 | Mem:0.00M, Peak:0.00M | Scene, ViewLayer | Synchronizing object | A_living_dining_balcony_lounge_chair_01_arm0
Fra:1 Mem:335.45M (Peak 335.45M) | Time:00:00.15 | Mem:0.00M, Peak:0.00M | Scene, ViewLayer | Synchronizing object | common_terrace_plant_01_leaf5
Fra:1 Mem:335.46M (Peak 335.46M) | Time:00:00.15 | Mem:0.00M, Peak:0.00M | Scene, ViewLayer | Synchronizing object | common_terrace_plant_02_pot
Fra:1 Mem:335.47M (Peak 335.47M) | Time:00:00.15 | Mem:0.00M, Peak:0.00M | Scene, ViewLayer | Synchronizing object | common_terrace_plant_02_stem
Fra:1 Mem:335.47M (Peak 335.47M) | Time:00:00.15 | Mem:0.00M, Peak:0.00M | Scene, ViewLayer | Synchronizing object | A_living_dining_balcony_lounge_chair_01_leg3
Fra:1 Mem:339.77M (Peak 339.77M) | Time:00:00.15 | Mem:0.00M, Peak:0.00M | Scene, ViewLayer | Synchronizing object | common_terrace_plant_02_leaf1
Fra:1 Mem:339.77M (Peak 339.77M) | Time:00:00.15 | Mem:0.00M, Peak:0.00M | Scene, ViewLayer | Synchronizing object | common_terrace_plant_02_leaf2
Fra:1 Mem:339.77M (Peak 339.77M) | Time:00:00.15 | Mem:0.00M, Peak:0.00M | Scene, ViewLayer | Synchronizing object | common_terrace_plant_02_leaf3
Fra:1 Mem:339.77M (Peak 339.77M) | Time:00:00.15 | Mem:0.00M, Peak:0.00M | Scene, ViewLayer | Synchronizing object | common_terrace_plant_02_leaf5
Fra:1 Mem:339.77M (Peak 339.77M) | Time:00:00.15 | Mem:0.00M, Peak:0.00M | Scene, ViewLayer | Synchronizing object | common_terrace_plant_03_stem
Fra:1 Mem:339.79M (Peak 339.79M) | Time:00:00.15 | Mem:0.00M, Peak:0.00M | Scene, ViewLayer | Synchronizing object | common_terrace_plant_03_leaf2
Fra:1 Mem:339.80M (Peak 339.80M) | Time:00:00.15 | Mem:0.00M, Peak:0.00M | Scene, ViewLayer | Synchronizing object | common_terrace_plant_03_leaf3
Fra:1 Mem:339.80M (Peak 339.80M) | Time:00:00.15 | Mem:0.00M, Peak:0.00M | Scene, ViewLayer | Synchronizing object | common_terrace_plant_03_leaf4
Fra:1 Mem:339.81M (Peak 339.81M) | Time:00:00.15 | Mem:0.00M, Peak:0.00M | Scene, ViewLayer | Synchronizing object | common_terrace_plant_03_leaf5
Fra:1 Mem:339.82M (Peak 339.82M) | Time:00:00.15 | Mem:0.00M, Peak:0.00M | Scene, ViewLayer | Synchronizing object | common_terrace_plant_04_pot
Fra:1 Mem:339.84M (Peak 339.84M) | Time:00:00.15 | Mem:0.00M, Peak:0.00M | Scene, ViewLayer | Synchronizing object | common_terrace_plant_04_stem
Fra:1 Mem:339.83M (Peak 339.84M) | Time:00:00.15 | Mem:0.00M, Peak:0.00M | Scene, ViewLayer | Synchronizing object | common_terrace_plant_04_leaf0
Fra:1 Mem:339.83M (Peak 339.84M) | Time:00:00.15 | Mem:0.00M, Peak:0.00M | Scene, ViewLayer | Synchronizing object | A_living_dining_balcony_lounge_chair_01_leg2
Fra:1 Mem:339.83M (Peak 339.84M) | Time:00:00.15 | Mem:0.00M, Peak:0.00M | Scene, ViewLayer | Synchronizing object | common_terrace_plant_04_leaf2
Fra:1 Mem:339.84M (Peak 339.84M) | Time:00:00.15 | Mem:0.00M, Peak:0.00M | Scene, ViewLayer | Synchronizing object | A_living_dining_balcony_lounge_chair_01_leg1
Fra:1 Mem:339.84M (Peak 339.84M) | Time:00:00.15 | Mem:0.00M, Peak:0.00M | Scene, ViewLayer | Synchronizing object | common_terrace_plant_04_leaf4
Fra:1 Mem:339.84M (Peak 339.84M) | Time:00:00.15 | Mem:0.00M, Peak:0.00M | Scene, ViewLayer | Synchronizing object | common_terrace_plant_04_leaf5
Fra:1 Mem:339.85M (Peak 339.85M) | Time:00:00.15 | Mem:0.00M, Peak:0.00M | Scene, ViewLayer | Synchronizing object | common_parents_room_bed_01_frame
Fra:1 Mem:339.85M (Peak 339.85M) | Time:00:00.15 | Mem:0.00M, Peak:0.00M | Scene, ViewLayer | Synchronizing object | common_parents_room_bed_01_mattress
Fra:1 Mem:339.85M (Peak 339.85M) | Time:00:00.15 | Mem:0.00M, Peak:0.00M | Scene, ViewLayer | Synchronizing object | common_parents_room_bed_01_duvet
Fra:1 Mem:339.85M (Peak 339.85M) | Time:00:00.15 | Mem:0.00M, Peak:0.00M | Scene, ViewLayer | Synchronizing object | common_parents_room_bed_01_duvetdrop
Fra:1 Mem:339.86M (Peak 339.86M) | Time:00:00.15 | Mem:0.00M, Peak:0.00M | Scene, ViewLayer | Synchronizing object | common_parents_room_bed_01_duvetdrop2
Fra:1 Mem:339.86M (Peak 339.86M) | Time:00:00.15 | Mem:0.00M, Peak:0.00M | Scene, ViewLayer | Synchronizing object | common_parents_room_bed_01_pillow2
Fra:1 Mem:339.87M (Peak 339.87M) | Time:00:00.15 | Mem:0.00M, Peak:0.00M | Scene, ViewLayer | Synchronizing object | common_parents_room_bed_01_throw
Fra:1 Mem:339.88M (Peak 339.88M) | Time:00:00.15 | Mem:0.00M, Peak:0.00M | Scene, ViewLayer | Synchronizing object | common_parents_room_nightstand_01_rail
Fra:1 Mem:339.88M (Peak 339.88M) | Time:00:00.15 | Mem:0.00M, Peak:0.00M | Scene, ViewLayer | Synchronizing object | common_parents_room_nightstand_01_body
Fra:1 Mem:339.88M (Peak 339.88M) | Time:00:00.15 | Mem:0.00M, Peak:0.00M | Scene, ViewLayer | Synchronizing object | common_parents_room_nightstand_01_drw_f0
Fra:1 Mem:346.91M (Peak 346.91M) | Time:00:00.15 | Mem:0.00M, Peak:0.00M | Scene, ViewLayer | Synchronizing object | A_living_dining_balcony_lounge_chair_01_leg0
Fra:1 Mem:346.92M (Peak 346.92M) | Time:00:00.15 | Mem:0.00M, Peak:0.00M | Scene, ViewLayer | Synchronizing object | common_parents_room_cushion_01_pad
Fra:1 Mem:346.92M (Peak 346.92M) | Time:00:00.15 | Mem:0.00M, Peak:0.00M | Scene, ViewLayer | Synchronizing object | common_parents_room_cushion_01_pil_brick
Fra:1 Mem:346.93M (Peak 346.93M) | Time:00:00.15 | Mem:0.00M, Peak:0.00M | Scene, ViewLayer | Synchronizing object | common_parents_room_shelf_01_side1
Fra:1 Mem:346.94M (Peak 346.94M) | Time:00:00.15 | Mem:0.00M, Peak:0.00M | Scene, ViewLayer | Synchronizing object | common_parents_room_shelf_01_top
Fra:1 Mem:346.94M (Peak 346.94M) | Time:00:00.15 | Mem:0.00M, Peak:0.00M | Scene, ViewLayer | Synchronizing object | common_parents_room_shelf_01_sh1
Fra:1 Mem:346.95M (Peak 346.95M) | Time:00:00.15 | Mem:0.00M, Peak:0.00M | Scene, ViewLayer | Synchronizing object | common_parents_room_shelf_02_side0
Fra:1 Mem:346.95M (Peak 346.95M) | Time:00:00.15 | Mem:0.00M, Peak:0.00M | Scene, ViewLayer | Synchronizing object | common_parents_room_shelf_02_top
Fra:1 Mem:346.97M (Peak 346.97M) | Time:00:00.15 | Mem:0.00M, Peak:0.00M | Scene, ViewLayer | Synchronizing object | common_parents_room_shelf_02_sh1
Fra:1 Mem:346.97M (Peak 346.97M) | Time:00:00.15 | Mem:0.00M, Peak:0.00M | Scene, ViewLayer | Synchronizing object | common_daughter_room_wardrobe_01_door_gapbg
Fra:1 Mem:346.98M (Peak 346.98M) | Time:00:00.15 | Mem:0.00M, Peak:0.00M | Scene, ViewLayer | Synchronizing object | common_daughter_room_wardrobe_01_door_f0
Fra:1 Mem:346.98M (Peak 346.98M) | Time:00:00.15 | Mem:0.00M, Peak:0.00M | Scene, ViewLayer | Synchronizing object | common_daughter_room_wardrobe_01_door_kn0
Fra:1 Mem:346.99M (Peak 346.99M) | Time:00:00.15 | Mem:0.00M, Peak:0.00M | Scene, ViewLayer | Synchronizing object | common_daughter_room_wardrobe_01_door_f1
Fra:1 Mem:346.99M (Peak 346.99M) | Time:00:00.15 | Mem:0.00M, Peak:0.00M | Scene, ViewLayer | Synchronizing object | common_daughter_room_wardrobe_01_door_f2
Fra:1 Mem:347.01M (Peak 347.01M) | Time:00:00.15 | Mem:0.00M, Peak:0.00M | Scene, ViewLayer | Synchronizing object | common_daughter_room_wardrobe_01_door_kn2
Fra:1 Mem:347.02M (Peak 347.02M) | Time:00:00.15 | Mem:0.00M, Peak:0.00M | Scene, ViewLayer | Synchronizing object | common_daughter_room_wardrobe_01_door_kn3
Fra:1 Mem:347.02M (Peak 347.02M) | Time:00:00.15 | Mem:0.00M, Peak:0.00M | Scene, ViewLayer | Synchronizing object | common_daughter_room_wardrobe_02_body
Fra:1 Mem:347.02M (Peak 347.02M) | Time:00:00.15 | Mem:0.00M, Peak:0.00M | Scene, ViewLayer | Synchronizing object | common_daughter_room_wardrobe_02_door_gapbg
Fra:1 Mem:347.02M (Peak 347.02M) | Time:00:00.15 | Mem:0.00M, Peak:0.00M | Scene, ViewLayer | Synchronizing object | common_daughter_room_wardrobe_02_door_kn0
Fra:1 Mem:347.03M (Peak 347.03M) | Time:00:00.15 | Mem:0.00M, Peak:0.00M | Scene, ViewLayer | Synchronizing object | common_daughter_room_wardrobe_02_door_f1
Fra:1 Mem:347.03M (Peak 347.03M) | Time:00:00.15 | Mem:0.00M, Peak:0.00M | Scene, ViewLayer | Synchronizing object | common_daughter_room_wardrobe_02_door_f2
Fra:1 Mem:347.03M (Peak 347.03M) | Time:00:00.15 | Mem:0.00M, Peak:0.00M | Scene, ViewLayer | Synchronizing object | common_daughter_room_wardrobe_02_door_kn2
Fra:1 Mem:347.04M (Peak 347.04M) | Time:00:00.15 | Mem:0.00M, Peak:0.00M | Scene, ViewLayer | Synchronizing object | common_daughter_room_bed_01_mattress
Fra:1 Mem:347.04M (Peak 347.04M) | Time:00:00.15 | Mem:0.00M, Peak:0.00M | Scene, ViewLayer | Synchronizing object | common_daughter_room_bed_01_headboard
Fra:1 Mem:347.04M (Peak 347.04M) | Time:00:00.15 | Mem:0.00M, Peak:0.00M | Scene, ViewLayer | Synchronizing object | common_daughter_room_bed_01_duvet
Fra:1 Mem:347.05M (Peak 347.05M) | Time:00:00.15 | Mem:0.00M, Peak:0.00M | Scene, ViewLayer | Synchronizing object | common_daughter_room_bed_01_duvetdrop
Fra:1 Mem:347.05M (Peak 347.05M) | Time:00:00.15 | Mem:0.00M, Peak:0.00M | Scene, ViewLayer | Synchronizing object | common_daughter_room_bed_01_duvetdrop2
Fra:1 Mem:347.06M (Peak 347.06M) | Time:00:00.15 | Mem:0.00M, Peak:0.00M | Scene, ViewLayer | Synchronizing object | common_daughter_room_bed_01_pillow1
Fra:1 Mem:347.06M (Peak 347.06M) | Time:00:00.15 | Mem:0.00M, Peak:0.00M | Scene, ViewLayer | Synchronizing object | common_daughter_room_bed_01_pillow2
Fra:1 Mem:347.07M (Peak 347.07M) | Time:00:00.15 | Mem:0.00M, Peak:0.00M | Scene, ViewLayer | Synchronizing object | common_daughter_room_bed_01_throw
Fra:1 Mem:347.10M (Peak 347.10M) | Time:00:00.15 | Mem:0.00M, Peak:0.00M | Scene, ViewLayer | Synchronizing object | common_daughter_room_shelf_01_side0
Fra:1 Mem:347.10M (Peak 347.10M) | Time:00:00.15 | Mem:0.00M, Peak:0.00M | Scene, ViewLayer | Synchronizing object | common_daughter_room_shelf_01_sh1
Fra:1 Mem:347.11M (Peak 347.11M) | Time:00:00.15 | Mem:0.00M, Peak:0.00M | Scene, ViewLayer | Synchronizing object | common_daughter_room_shelf_01_sh2
Fra:1 Mem:347.11M (Peak 347.11M) | Time:00:00.15 | Mem:0.00M, Peak:0.00M | Scene, ViewLayer | Synchronizing object | common_daughter_room_desk_01_top
Fra:1 Mem:347.11M (Peak 347.11M) | Time:00:00.15 | Mem:0.00M, Peak:0.00M | Scene, ViewLayer | Synchronizing object | common_daughter_room_desk_01_leg0
Fra:1 Mem:347.12M (Peak 347.12M) | Time:00:00.15 | Mem:0.00M, Peak:0.00M | Scene, ViewLayer | Synchronizing object | common_daughter_room_desk_01_leg1
Fra:1 Mem:347.12M (Peak 347.12M) | Time:00:00.15 | Mem:0.00M, Peak:0.00M | Scene, ViewLayer | Synchronizing object | common_daughter_room_desk_01_leg2
Fra:1 Mem:347.14M (Peak 347.14M) | Time:00:00.15 | Mem:0.00M, Peak:0.00M | Scene, ViewLayer | Synchronizing object | common_daughter_room_desk_01_leg3
Fra:1 Mem:347.15M (Peak 347.15M) | Time:00:00.15 | Mem:0.00M, Peak:0.00M | Scene, ViewLayer | Synchronizing object | common_daughter_room_chair_01_back
Fra:1 Mem:347.15M (Peak 347.15M) | Time:00:00.15 | Mem:0.00M, Peak:0.00M | Scene, ViewLayer | Synchronizing object | A_living_dining_balcony_lounge_chair_01_seat
Fra:1 Mem:347.16M (Peak 347.16M) | Time:00:00.15 | Mem:0.00M, Peak:0.00M | Scene, ViewLayer | Synchronizing object | common_daughter_room_chair_01_post
Fra:1 Mem:347.16M (Peak 347.16M) | Time:00:00.15 | Mem:0.00M, Peak:0.00M | Scene, ViewLayer | Synchronizing object | common_daughter_room_chair_01_base
Fra:1 Mem:347.17M (Peak 347.17M) | Time:00:00.15 | Mem:0.00M, Peak:0.00M | Scene, ViewLayer | Synchronizing object | common_son_room_wardrobe_01_body
Fra:1 Mem:347.17M (Peak 347.17M) | Time:00:00.15 | Mem:0.00M, Peak:0.00M | Scene, ViewLayer | Synchronizing object | common_son_room_wardrobe_01_slA_f0
Fra:1 Mem:347.18M (Peak 347.18M) | Time:00:00.15 | Mem:0.00M, Peak:0.00M | Scene, ViewLayer | Synchronizing object | common_son_room_wardrobe_01_slA_f1
Fra:1 Mem:347.18M (Peak 347.18M) | Time:00:00.15 | Mem:0.00M, Peak:0.00M | Scene, ViewLayer | Synchronizing object | common_son_room_wardrobe_01_slB_f1
Fra:1 Mem:347.19M (Peak 347.19M) | Time:00:00.15 | Mem:0.00M, Peak:0.00M | Scene, ViewLayer | Synchronizing object | common_son_room_wardrobe_01_slB_f2
Fra:1 Mem:348.31M (Peak 348.31M) | Time:00:00.15 | Mem:0.00M, Peak:0.00M | Scene, ViewLayer | Synchronizing object | common_son_room_bed_01_mattress
Fra:1 Mem:348.32M (Peak 348.32M) | Time:00:00.15 | Mem:0.00M, Peak:0.00M | Scene, ViewLayer | Synchronizing object | common_son_room_bed_01_headboard
Fra:1 Mem:348.33M (Peak 348.33M) | Time:00:00.15 | Mem:0.00M, Peak:0.00M | Scene, ViewLayer | Synchronizing object | common_son_room_bed_01_duvet
Fra:1 Mem:348.33M (Peak 348.33M) | Time:00:00.15 | Mem:0.00M, Peak:0.00M | Scene, ViewLayer | Synchronizing object | common_son_room_bed_01_duvetdrop
Fra:1 Mem:348.34M (Peak 348.34M) | Time:00:00.15 | Mem:0.00M, Peak:0.00M | Scene, ViewLayer | Synchronizing object | common_son_room_bed_01_duvetdrop2
Fra:1 Mem:348.35M (Peak 348.35M) | Time:00:00.15 | Mem:0.00M, Peak:0.00M | Scene, ViewLayer | Synchronizing object | common_son_room_bed_01_pillow2
Fra:1 Mem:348.35M (Peak 348.35M) | Time:00:00.15 | Mem:0.00M, Peak:0.00M | Scene, ViewLayer | Synchronizing object | common_son_room_bed_01_pillow_acc
Fra:1 Mem:348.38M (Peak 348.38M) | Time:00:00.15 | Mem:0.00M, Peak:0.00M | Scene, ViewLayer | Synchronizing object | common_son_room_bed_01_throw
Fra:1 Mem:348.39M (Peak 348.39M) | Time:00:00.15 | Mem:0.00M, Peak:0.00M | Scene, ViewLayer | Synchronizing object | A_living_dining_balcony_floor_lamp_01_shade
Fra:1 Mem:348.40M (Peak 348.40M) | Time:00:00.15 | Mem:0.00M, Peak:0.00M | Scene, ViewLayer | Synchronizing object | common_son_room_desk_01_drawer
Fra:1 Mem:348.41M (Peak 348.41M) | Time:00:00.15 | Mem:0.00M, Peak:0.00M | Scene, ViewLayer | Synchronizing object | common_son_room_desk_01_leg0
Fra:1 Mem:348.43M (Peak 348.43M) | Time:00:00.15 | Mem:0.00M, Peak:0.00M | Scene, ViewLayer | Synchronizing object | common_son_room_desk_01_leg1
Fra:1 Mem:348.43M (Peak 348.43M) | Time:00:00.15 | Mem:0.00M, Peak:0.00M | Scene, ViewLayer | Synchronizing object | common_son_room_desk_01_leg3
Fra:1 Mem:348.44M (Peak 348.44M) | Time:00:00.15 | Mem:0.00M, Peak:0.00M | Scene, ViewLayer | Synchronizing object | common_son_room_shelf_01_sh1
Fra:1 Mem:348.44M (Peak 348.44M) | Time:00:00.15 | Mem:0.00M, Peak:0.00M | Scene, ViewLayer | Synchronizing object | common_son_room_chair_01_back
Fra:1 Mem:348.44M (Peak 348.44M) | Time:00:00.15 | Mem:0.00M, Peak:0.00M | Scene, ViewLayer | Synchronizing object | fx_curt_master_sheer
Fra:1 Mem:348.44M (Peak 348.44M) | Time:00:00.15 | Mem:0.00M, Peak:0.00M | Scene, ViewLayer | Synchronizing object | fx_curt_master_bo_w
Fra:1 Mem:348.46M (Peak 348.46M) | Time:00:00.15 | Mem:0.00M, Peak:0.00M | Scene, ViewLayer | Synchronizing object | fx_curt_master_bo_e
Fra:1 Mem:348.48M (Peak 348.48M) | Time:00:00.15 | Mem:0.00M, Peak:0.00M | Scene, ViewLayer | Synchronizing object | fx_curt_parents_sheer
Fra:1 Mem:348.49M (Peak 348.49M) | Time:00:00.15 | Mem:0.00M, Peak:0.00M | Scene, ViewLayer | Synchronizing object | fx_curt_daughter_bo_w
Fra:1 Mem:348.49M (Peak 348.49M) | Time:00:00.15 | Mem:0.00M, Peak:0.00M | Scene, ViewLayer | Synchronizing object | fx_curt_daughter_bo_e
Fra:1 Mem:348.49M (Peak 348.49M) | Time:00:00.15 | Mem:0.00M, Peak:0.00M | Scene, ViewLayer | Synchronizing object | fx_curt_son_bo_w
Fra:1 Mem:348.51M (Peak 348.51M) | Time:00:00.15 | Mem:0.00M, Peak:0.00M | Scene, ViewLayer | Synchronizing object | fx_curt_son_bo_e
Fra:1 Mem:347.42M (Peak 348.51M) | Time:00:00.15 | Mem:0.00M, Peak:0.00M | Scene, ViewLayer | Synchronizing object | fx_blind_mb_head
Fra:1 Mem:347.42M (Peak 348.51M) | Time:00:00.15 | Mem:0.00M, Peak:0.00M | Scene, ViewLayer | Synchronizing object | fx_blind_mb_slats1
Fra:1 Mem:347.46M (Peak 348.51M) | Time:00:00.15 | Mem:0.00M, Peak:0.00M | Scene, ViewLayer | Synchronizing object | fx_blind_mb_slats2
Fra:1 Mem:348.25M (Peak 348.51M) | Time:00:00.15 | Mem:0.00M, Peak:0.00M | Scene, ViewLayer | Synchronizing object | fx_blind_mb_slats3
Fra:1 Mem:348.46M (Peak 348.51M) | Time:00:00.15 | Mem:0.00M, Peak:0.00M | Scene, ViewLayer | Synchronizing object | A_living_dining_balcony_floor_lamp_01_base
Fra:1 Mem:348.60M (Peak 348.60M) | Time:00:00.15 | Mem:0.00M, Peak:0.00M | Scene, ViewLayer | Synchronizing object | fx_wall_lamp0
Fra:1 Mem:348.89M (Peak 348.89M) | Time:00:00.15 | Mem:0.00M, Peak:0.00M | Scene, ViewLayer | Synchronizing object | fx_wall_lamp2
Fra:1 Mem:348.96M (Peak 348.96M) | Time:00:00.15 | Mem:0.00M, Peak:0.00M | Scene, ViewLayer | Synchronizing object | fx_wall_lamp2_sh
Fra:1 Mem:349.05M (Peak 349.05M) | Time:00:00.15 | Mem:0.00M, Peak:0.00M | Scene, ViewLayer | Synchronizing object | fx_wall_lamp3_sh
Fra:1 Mem:349.09M (Peak 349.09M) | Time:00:00.15 | Mem:0.00M, Peak:0.00M | Scene, ViewLayer | Synchronizing object | fx_foyer_jar
Fra:1 Mem:349.16M (Peak 349.16M) | Time:00:00.15 | Mem:0.00M, Peak:0.00M | Scene, ViewLayer | Synchronizing object | fx_foyer_pic
Fra:1 Mem:349.31M (Peak 349.31M) | Time:00:00.15 | Mem:0.00M, Peak:0.00M | Scene, ViewLayer | Synchronizing object | fx_kn_oil
Fra:1 Mem:349.36M (Peak 349.36M) | Time:00:00.15 | Mem:0.00M, Peak:0.00M | Scene, ViewLayer | Synchronizing object | fx_kn_herb
Fra:1 Mem:349.38M (Peak 349.38M) | Time:00:00.15 | Mem:0.00M, Peak:0.00M | Scene, ViewLayer | Synchronizing object | fx_bc_b0_1
Fra:1 Mem:349.39M (Peak 349.39M) | Time:00:00.15 | Mem:0.00M, Peak:0.00M | Scene, ViewLayer | Synchronizing object | fx_bc_b0_2
Fra:1 Mem:349.39M (Peak 349.39M) | Time:00:00.15 | Mem:0.00M, Peak:0.00M | Scene, ViewLayer | Synchronizing object | fx_bc_b0_3
Fra:1 Mem:349.39M (Peak 349.39M) | Time:00:00.15 | Mem:0.00M, Peak:0.00M | Scene, ViewLayer | Synchronizing object | fx_bc_b0_4
Fra:1 Mem:349.40M (Peak 349.40M) | Time:00:00.15 | Mem:0.00M, Peak:0.00M | Scene, ViewLayer | Synchronizing object | fx_bc_b0f_1
Fra:1 Mem:349.40M (Peak 349.40M) | Time:00:00.15 | Mem:0.00M, Peak:0.00M | Scene, ViewLayer | Synchronizing object | fx_bc_pot
Fra:1 Mem:349.41M (Peak 349.41M) | Time:00:00.15 | Mem:0.00M, Peak:0.00M | Scene, ViewLayer | Synchronizing object | fx_bc_potneck
Fra:1 Mem:349.42M (Peak 349.42M) | Time:00:00.15 | Mem:0.00M, Peak:0.00M | Scene, ViewLayer | Synchronizing object | fx_bc_potlip
Fra:1 Mem:349.43M (Peak 349.43M) | Time:00:00.15 | Mem:0.00M, Peak:0.00M | Scene, ViewLayer | Synchronizing object | fx_bc_frame
Fra:1 Mem:349.42M (Peak 349.43M) | Time:00:00.15 | Mem:0.00M, Peak:0.00M | Scene, ViewLayer | Synchronizing object | fx_bc_framein
Fra:1 Mem:349.42M (Peak 349.43M) | Time:00:00.15 | Mem:0.00M, Peak:0.00M | Scene, ViewLayer | Synchronizing object | fx_bc_rec0
Fra:1 Mem:349.44M (Peak 349.44M) | Time:00:00.15 | Mem:0.00M, Peak:0.00M | Scene, ViewLayer | Synchronizing object | fx_bc_rec2
Fra:1 Mem:349.45M (Peak 349.45M) | Time:00:00.15 | Mem:0.00M, Peak:0.00M | Scene, ViewLayer | Synchronizing object | A_living_dining_balcony_tv_01_screen
Fra:1 Mem:349.46M (Peak 349.46M) | Time:00:00.15 | Mem:0.00M, Peak:0.00M | Scene, ViewLayer | Synchronizing object | A_living_dining_balcony_rug_01_border3
Fra:1 Mem:349.46M (Peak 349.46M) | Time:00:00.15 | Mem:0.00M, Peak:0.00M | Scene, ViewLayer | Synchronizing object | fx_bc_recstand
Fra:1 Mem:349.48M (Peak 349.48M) | Time:00:00.15 | Mem:0.00M, Peak:0.00M | Scene, ViewLayer | Synchronizing object | fx_bc_b3_0
Fra:1 Mem:349.50M (Peak 349.50M) | Time:00:00.15 | Mem:0.00M, Peak:0.00M | Scene, ViewLayer | Synchronizing object | fx_bc_b3_2
Fra:1 Mem:349.50M (Peak 349.50M) | Time:00:00.15 | Mem:0.00M, Peak:0.00M | Scene, ViewLayer | Synchronizing object | fx_bc_jar3
Fra:1 Mem:349.51M (Peak 349.51M) | Time:00:00.15 | Mem:0.00M, Peak:0.00M | Scene, ViewLayer | Synchronizing object | fx_bc_g0_0
Fra:1 Mem:349.56M (Peak 349.56M) | Time:00:00.15 | Mem:0.00M, Peak:0.00M | Scene, ViewLayer | Synchronizing object | fx_bc_g0_1
Fra:1 Mem:349.57M (Peak 349.57M) | Time:00:00.15 | Mem:0.00M, Peak:0.00M | Scene, ViewLayer | Synchronizing object | fx_bc_g0_2
Fra:1 Mem:349.57M (Peak 349.57M) | Time:00:00.15 | Mem:0.00M, Peak:0.00M | Scene, ViewLayer | Synchronizing object | fx_fiddle_leaf1
Fra:1 Mem:349.57M (Peak 349.57M) | Time:00:00.15 | Mem:0.00M, Peak:0.00M | Scene, ViewLayer | Synchronizing object | fx_fiddle_leaf3
Fra:1 Mem:349.58M (Peak 349.58M) | Time:00:00.15 | Mem:0.00M, Peak:0.00M | Scene, ViewLayer | Synchronizing object | fx_fiddle_leaf4
Fra:1 Mem:349.58M (Peak 349.58M) | Time:00:00.15 | Mem:0.00M, Peak:0.00M | Scene, ViewLayer | Synchronizing object | fx_fiddle_leaf5
Fra:1 Mem:349.58M (Peak 349.58M) | Time:00:00.15 | Mem:0.00M, Peak:0.00M | Scene, ViewLayer | Synchronizing object | fx_fiddle_leaf6
Fra:1 Mem:349.58M (Peak 349.58M) | Time:00:00.15 | Mem:0.00M, Peak:0.00M | Scene, ViewLayer | Synchronizing object | f1_shoe_body
Fra:1 Mem:349.58M (Peak 349.58M) | Time:00:00.15 | Mem:0.00M, Peak:0.00M | Scene, ViewLayer | Synchronizing object | f1_shoe_side_s
Fra:1 Mem:349.58M (Peak 349.58M) | Time:00:00.15 | Mem:0.00M, Peak:0.00M | Scene, ViewLayer | Synchronizing object | f1_shoe_lo_door_gapbg
Fra:1 Mem:349.59M (Peak 349.59M) | Time:00:00.15 | Mem:0.00M, Peak:0.00M | Scene, ViewLayer | Synchronizing object | f1_shoe_lo_door_f0l
Fra:1 Mem:349.61M (Peak 349.61M) | Time:00:00.15 | Mem:0.00M, Peak:0.00M | Scene, ViewLayer | Synchronizing object | f1_shoe_lo_door_f0r
Fra:1 Mem:349.61M (Peak 349.61M) | Time:00:00.15 | Mem:0.00M, Peak:0.00M | Scene, ViewLayer | Synchronizing object | f1_shoe_lo_door_f0b
Fra:1 Mem:349.62M (Peak 349.62M) | Time:00:00.15 | Mem:0.00M, Peak:0.00M | Scene, ViewLayer | Synchronizing object | f1_shoe_lo_door_p0
Fra:1 Mem:349.63M (Peak 349.63M) | Time:00:00.15 | Mem:0.00M, Peak:0.00M | Scene, ViewLayer | Synchronizing object | f1_shoe_hi_door_gapbg
Fra:1 Mem:349.63M (Peak 349.63M) | Time:00:00.15 | Mem:0.00M, Peak:0.00M | Scene, ViewLayer | Synchronizing object | f1_shoe_hi_door_f0b
Fra:1 Mem:349.65M (Peak 349.65M) | Time:00:00.15 | Mem:0.00M, Peak:0.00M | Scene, ViewLayer | Synchronizing object | A_living_dining_balcony_rug_01_border2
Fra:1 Mem:349.64M (Peak 349.65M) | Time:00:00.15 | Mem:0.00M, Peak:0.00M | Scene, ViewLayer | Synchronizing object | f1_shoe_hi_door_f0c
Fra:1 Mem:349.64M (Peak 349.65M) | Time:00:00.15 | Mem:0.00M, Peak:0.00M | Scene, ViewLayer | Synchronizing object | f1_shoe_hi_door_p0
Fra:1 Mem:349.65M (Peak 349.65M) | Time:00:00.15 | Mem:0.00M, Peak:0.00M | Scene, ViewLayer | Synchronizing object | f1_shoe_niche_b
Fra:1 Mem:349.65M (Peak 349.65M) | Time:00:00.15 | Mem:0.00M, Peak:0.00M | Scene, ViewLayer | Synchronizing object | f1_shoe_niche_back
Fra:1 Mem:349.65M (Peak 349.65M) | Time:00:00.15 | Mem:0.00M, Peak:0.00M | Scene, ViewLayer | Synchronizing object | f1_shoe_light
Fra:1 Mem:349.65M (Peak 349.65M) | Time:00:00.15 | Mem:0.00M, Peak:0.00M | Scene, ViewLayer | Synchronizing object | f1_elc_lo_door_gapbg
Fra:1 Mem:349.67M (Peak 349.67M) | Time:00:00.15 | Mem:0.00M, Peak:0.00M | Scene, ViewLayer | Synchronizing object | f1_elc_lo_door_f0l
Fra:1 Mem:349.68M (Peak 349.68M) | Time:00:00.15 | Mem:0.00M, Peak:0.00M | Scene, ViewLayer | Synchronizing object | f1_elc_lo_door_f0b
Fra:1 Mem:349.70M (Peak 349.70M) | Time:00:00.15 | Mem:0.00M, Peak:0.00M | Scene, ViewLayer | Synchronizing object | f1_elc_lo_door_f0c
Fra:1 Mem:349.73M (Peak 349.73M) | Time:00:00.15 | Mem:0.00M, Peak:0.00M | Scene, ViewLayer | Synchronizing object | f1_elc_lo_door_f1r
Fra:1 Mem:349.73M (Peak 349.73M) | Time:00:00.15 | Mem:0.00M, Peak:0.00M | Scene, ViewLayer | Synchronizing object | A_living_dining_balcony_rug_01_border1
Fra:1 Mem:349.74M (Peak 349.74M) | Time:00:00.15 | Mem:0.00M, Peak:0.00M | Scene, ViewLayer | Synchronizing object | A_living_dining_balcony_rug_01_border0
Fra:1 Mem:349.74M (Peak 349.74M) | Time:00:00.15 | Mem:0.00M, Peak:0.00M | Scene, ViewLayer | Synchronizing object | f1_elc_lo_door_p1
Fra:1 Mem:349.75M (Peak 349.75M) | Time:00:00.15 | Mem:0.00M, Peak:0.00M | Scene, ViewLayer | Synchronizing object | A_living_dining_balcony_rug_01_pile
Fra:1 Mem:349.75M (Peak 349.75M) | Time:00:00.15 | Mem:0.00M, Peak:0.00M | Scene, ViewLayer | Synchronizing object | f1_elc_lo_door_f2l
Fra:1 Mem:356.80M (Peak 356.80M) | Time:00:00.15 | Mem:0.00M, Peak:0.00M | Scene, ViewLayer | Synchronizing object | f1_elc_lo_door_f2r
Fra:1 Mem:356.81M (Peak 356.81M) | Time:00:00.15 | Mem:0.00M, Peak:0.00M | Scene, ViewLayer | Synchronizing object | f1_elc_lo_door_f2b
Fra:1 Mem:356.81M (Peak 356.81M) | Time:00:00.15 | Mem:0.00M, Peak:0.00M | Scene, ViewLayer | Synchronizing object | f1_elc_lo_door_f2t
Fra:1 Mem:356.82M (Peak 356.82M) | Time:00:00.15 | Mem:0.00M, Peak:0.00M | Scene, ViewLayer | Synchronizing object | f1_elc_lo_door_p2
Fra:1 Mem:356.84M (Peak 356.84M) | Time:00:00.15 | Mem:0.00M, Peak:0.00M | Scene, ViewLayer | Synchronizing object | f1_elc_hi_door_gapbg
Fra:1 Mem:356.84M (Peak 356.84M) | Time:00:00.15 | Mem:0.00M, Peak:0.00M | Scene, ViewLayer | Synchronizing object | f1_elc_hi_door_f0l
Fra:1 Mem:356.84M (Peak 356.84M) | Time:00:00.15 | Mem:0.00M, Peak:0.00M | Scene, ViewLayer | Synchronizing object | f1_elc_hi_door_f0b
Fra:1 Mem:356.86M (Peak 356.86M) | Time:00:00.15 | Mem:0.00M, Peak:0.00M | Scene, ViewLayer | Synchronizing object | f1_elc_hi_door_f0c
Fra:1 Mem:356.86M (Peak 356.86M) | Time:00:00.15 | Mem:0.00M, Peak:0.00M | Scene, ViewLayer | Synchronizing object | f1_elc_hi_door_p0
Fra:1 Mem:356.88M (Peak 356.88M) | Time:00:00.15 | Mem:0.00M, Peak:0.00M | Scene, ViewLayer | Synchronizing object | f1_elc_hi_door_f1l
Fra:1 Mem:356.88M (Peak 356.88M) | Time:00:00.15 | Mem:0.00M, Peak:0.00M | Scene, ViewLayer | Synchronizing object | f1_elc_hi_door_f1c
Fra:1 Mem:356.89M (Peak 356.89M) | Time:00:00.15 | Mem:0.00M, Peak:0.00M | Scene, ViewLayer | Synchronizing object | A_living_dining_balcony_coffee_table_01_leg2
Fra:1 Mem:356.89M (Peak 356.89M) | Time:00:00.15 | Mem:0.00M, Peak:0.00M | Scene, ViewLayer | Synchronizing object | f1_elc_hi_door_p1
Fra:1 Mem:356.89M (Peak 356.89M) | Time:00:00.15 | Mem:0.00M, Peak:0.00M | Scene, ViewLayer | Synchronizing object | A_living_dining_balcony_coffee_table_01_leg1
Fra:1 Mem:356.90M (Peak 356.90M) | Time:00:00.15 | Mem:0.00M, Peak:0.00M | Scene, ViewLayer | Synchronizing object | f1_elc_hi_door_f2l
Fra:1 Mem:356.90M (Peak 356.90M) | Time:00:00.15 | Mem:0.00M, Peak:0.00M | Scene, ViewLayer | Synchronizing object | f1_elc_hi_door_f2r
Fra:1 Mem:356.92M (Peak 356.92M) | Time:00:00.15 | Mem:0.00M, Peak:0.00M | Scene, ViewLayer | Synchronizing object | f1_elc_hi_door_f2b
Fra:1 Mem:356.92M (Peak 356.92M) | Time:00:00.15 | Mem:0.00M, Peak:0.00M | Scene, ViewLayer | Synchronizing object | f1_elc_hi_door_f2c
Fra:1 Mem:356.95M (Peak 356.95M) | Time:00:00.15 | Mem:0.00M, Peak:0.00M | Scene, ViewLayer | Synchronizing object | f1_elc_hi_door_p2
Fra:1 Mem:356.95M (Peak 356.95M) | Time:00:00.15 | Mem:0.00M, Peak:0.00M | Scene, ViewLayer | Synchronizing object | f1_elc_plinth
Fra:1 Mem:356.96M (Peak 356.96M) | Time:00:00.15 | Mem:0.00M, Peak:0.00M | Scene, ViewLayer | Synchronizing object | f1_bench_leg1
Fra:1 Mem:356.96M (Peak 356.96M) | Time:00:00.15 | Mem:0.00M, Peak:0.00M | Scene, ViewLayer | Synchronizing object | f1_bench_leg3
Fra:1 Mem:356.98M (Peak 356.98M) | Time:00:00.15 | Mem:0.00M, Peak:0.00M | Scene, ViewLayer | Synchronizing object | f1_bench_seat
Fra:1 Mem:356.99M (Peak 356.99M) | Time:00:00.15 | Mem:0.00M, Peak:0.00M | Scene, ViewLayer | Synchronizing object | f1_night_light
Fra:1 Mem:357.00M (Peak 357.00M) | Time:00:00.15 | Mem:0.00M, Peak:0.00M | Scene, ViewLayer | Synchronizing object | fx_lamp_dau_base
Fra:1 Mem:357.00M (Peak 357.00M) | Time:00:00.15 | Mem:0.00M, Peak:0.00M | Scene, ViewLayer | Synchronizing object | fx_lamp_dau_stem
Fra:1 Mem:357.00M (Peak 357.00M) | Time:00:00.15 | Mem:0.00M, Peak:0.00M | Scene, ViewLayer | Synchronizing object | fx_lamp_dau_bulb
Fra:1 Mem:357.00M (Peak 357.00M) | Time:00:00.15 | Mem:0.00M, Peak:0.00M | Scene, ViewLayer | Synchronizing object | A_living_dining_balcony_coffee_table_01_leg0
Fra:1 Mem:357.01M (Peak 357.01M) | Time:00:00.15 | Mem:0.00M, Peak:0.00M | Scene, ViewLayer | Synchronizing object | A_living_dining_balcony_coffee_table_01_top
Fra:1 Mem:357.02M (Peak 357.02M) | Time:00:00.15 | Mem:0.00M, Peak:0.00M | Scene, ViewLayer | Synchronizing object | fx_lamp_son_base
Fra:1 Mem:357.03M (Peak 357.03M) | Time:00:00.15 | Mem:0.00M, Peak:0.00M | Scene, ViewLayer | Synchronizing object | A_living_dining_balcony_ottoman_01_base
Fra:1 Mem:357.03M (Peak 357.03M) | Time:00:00.15 | Mem:0.00M, Peak:0.00M | Scene, ViewLayer | Synchronizing object | fx_lamp_son_stem
Fra:1 Mem:357.03M (Peak 357.03M) | Time:00:00.15 | Mem:0.00M, Peak:0.00M | Scene, ViewLayer | Synchronizing object | A_living_dining_balcony_ottoman_01_pad
Fra:1 Mem:357.03M (Peak 357.03M) | Time:00:00.15 | Mem:0.00M, Peak:0.00M | Scene, ViewLayer | Synchronizing object | fx_lamp_son_head
Fra:1 Mem:357.04M (Peak 357.04M) | Time:00:00.15 | Mem:0.00M, Peak:0.00M | Scene, ViewLayer | Synchronizing object | f1_grab_v
Fra:1 Mem:357.04M (Peak 357.04M) | Time:00:00.15 | Mem:0.00M, Peak:0.00M | Scene, ViewLayer | Synchronizing object | f1_grab_h
Fra:1 Mem:357.05M (Peak 357.05M) | Time:00:00.15 | Mem:0.00M, Peak:0.00M | Scene, ViewLayer | Synchronizing object | f1_fold_brk
Fra:1 Mem:357.06M (Peak 357.06M) | Time:00:00.15 | Mem:0.00M, Peak:0.00M | Scene, ViewLayer | Synchronizing object | f1_bar_v
Fra:1 Mem:357.07M (Peak 357.07M) | Time:00:00.15 | Mem:0.00M, Peak:0.00M | Scene, ViewLayer | Synchronizing object | f1_waterbar
Fra:1 Mem:357.07M (Peak 357.07M) | Time:00:00.15 | Mem:0.00M, Peak:0.00M | Scene, ViewLayer | Synchronizing object | f1_floorlt2
Fra:1 Mem:357.09M (Peak 357.09M) | Time:00:00.15 | Mem:0.00M, Peak:0.00M | Scene, ViewLayer | Synchronizing object | lt_sun
Fra:1 Mem:357.10M (Peak 357.10M) | Time:00:00.15 | Mem:0.00M, Peak:0.00M | Scene, ViewLayer | Synchronizing object | lt_spot_liv01
Fra:1 Mem:357.10M (Peak 357.10M) | Time:00:00.15 | Mem:0.00M, Peak:0.00M | Scene, ViewLayer | Synchronizing object | lt_spot_liv03
Fra:1 Mem:357.10M (Peak 357.10M) | Time:00:00.15 | Mem:0.00M, Peak:0.00M | Scene, ViewLayer | Synchronizing object | lt_spot_liv04
Fra:1 Mem:357.11M (Peak 357.11M) | Time:00:00.15 | Mem:0.00M, Peak:0.00M | Scene, ViewLayer | Synchronizing object | A_living_dining_balcony_sofa_01_pillow_brick
Fra:1 Mem:357.11M (Peak 357.11M) | Time:00:00.15 | Mem:0.00M, Peak:0.00M | Scene, ViewLayer | Synchronizing object | lt_spot_liv06
Fra:1 Mem:357.12M (Peak 357.12M) | Time:00:00.15 | Mem:0.00M, Peak:0.00M | Scene, ViewLayer | Synchronizing object | lt_spot_liv07
Fra:1 Mem:357.13M (Peak 357.13M) | Time:00:00.15 | Mem:0.00M, Peak:0.00M | Scene, ViewLayer | Synchronizing object | lt_spot_liv09
Fra:1 Mem:357.13M (Peak 357.13M) | Time:00:00.15 | Mem:0.00M, Peak:0.00M | Scene, ViewLayer | Synchronizing object | lt_spot_liv10
Fra:1 Mem:357.13M (Peak 357.13M) | Time:00:00.15 | Mem:0.00M, Peak:0.00M | Scene, ViewLayer | Synchronizing object | lt_spot_liv12
Fra:1 Mem:357.13M (Peak 357.13M) | Time:00:00.15 | Mem:0.00M, Peak:0.00M | Scene, ViewLayer | Synchronizing object | lt_spot_liv13
Fra:1 Mem:350.10M (Peak 357.13M) | Time:00:00.15 | Mem:0.00M, Peak:0.00M | Scene, ViewLayer | Synchronizing object | lt_spot_liv14
Fra:1 Mem:350.10M (Peak 357.13M) | Time:00:00.15 | Mem:0.00M, Peak:0.00M | Scene, ViewLayer | Synchronizing object | lt_spot_liv15
Fra:1 Mem:350.13M (Peak 357.13M) | Time:00:00.15 | Mem:0.00M, Peak:0.00M | Scene, ViewLayer | Synchronizing object | lt_spot_liv16
Fra:1 Mem:350.12M (Peak 357.13M) | Time:00:00.15 | Mem:0.00M, Peak:0.00M | Scene, ViewLayer | Synchronizing object | lt_spot_room0
Fra:1 Mem:350.12M (Peak 357.13M) | Time:00:00.15 | Mem:0.00M, Peak:0.00M | Scene, ViewLayer | Synchronizing object | lt_spot_room1
Fra:1 Mem:350.12M (Peak 357.13M) | Time:00:00.15 | Mem:0.00M, Peak:0.00M | Scene, ViewLayer | Synchronizing object | lt_spot_room3
Fra:1 Mem:350.12M (Peak 357.13M) | Time:00:00.15 | Mem:0.00M, Peak:0.00M | Scene, ViewLayer | Synchronizing object | lt_spot_room4
Fra:1 Mem:350.12M (Peak 357.13M) | Time:00:00.15 | Mem:0.00M, Peak:0.00M | Scene, ViewLayer | Synchronizing object | lt_spot_room5
Fra:1 Mem:351.01M (Peak 357.13M) | Time:00:00.15 | Mem:0.00M, Peak:0.00M | Scene, ViewLayer | Synchronizing object | lt_spot_room6
Fra:1 Mem:351.01M (Peak 357.13M) | Time:00:00.15 | Mem:0.00M, Peak:0.00M | Scene, ViewLayer | Synchronizing object | A_living_dining_balcony_sofa_01_pillow_olive
Fra:1 Mem:351.01M (Peak 357.13M) | Time:00:00.15 | Mem:0.00M, Peak:0.00M | Scene, ViewLayer | Synchronizing object | lt_spot_room7
Fra:1 Mem:351.01M (Peak 357.13M) | Time:00:00.15 | Mem:0.00M, Peak:0.00M | Scene, ViewLayer | Synchronizing object | lt_spot_room8
Fra:1 Mem:351.01M (Peak 357.13M) | Time:00:00.15 | Mem:0.00M, Peak:0.00M | Scene, ViewLayer | Synchronizing object | lt_spot_room9
Fra:1 Mem:351.04M (Peak 357.13M) | Time:00:00.15 | Mem:0.00M, Peak:0.00M | Scene, ViewLayer | Synchronizing object | lt_spot_room10
Fra:1 Mem:351.04M (Peak 357.13M) | Time:00:00.15 | Mem:0.00M, Peak:0.00M | Scene, ViewLayer | Synchronizing object | lt_spot_room12
Fra:1 Mem:351.04M (Peak 357.13M) | Time:00:00.15 | Mem:0.00M, Peak:0.00M | Scene, ViewLayer | Synchronizing object | lt_spot_room13
Fra:1 Mem:351.04M (Peak 357.13M) | Time:00:00.15 | Mem:0.00M, Peak:0.00M | Scene, ViewLayer | Synchronizing object | lt_ceiling_master
Fra:1 Mem:351.04M (Peak 357.13M) | Time:00:00.16 | Mem:0.00M, Peak:0.00M | Scene, ViewLayer | Synchronizing object | lt_ceiling_daughter
Fra:1 Mem:351.05M (Peak 357.13M) | Time:00:00.16 | Mem:0.00M, Peak:0.00M | Scene, ViewLayer | Synchronizing object | lt_ceiling_son
Fra:1 Mem:351.05M (Peak 357.13M) | Time:00:00.16 | Mem:0.00M, Peak:0.00M | Scene, ViewLayer | Synchronizing object | lt_wall0
Fra:1 Mem:351.05M (Peak 357.13M) | Time:00:00.16 | Mem:0.00M, Peak:0.00M | Scene, ViewLayer | Synchronizing object | lt_wall2
Fra:1 Mem:351.05M (Peak 357.13M) | Time:00:00.16 | Mem:0.00M, Peak:0.00M | Scene, ViewLayer | Synchronizing object | lt_wall3
Fra:1 Mem:351.05M (Peak 357.13M) | Time:00:00.16 | Mem:0.00M, Peak:0.00M | Scene, ViewLayer | Synchronizing object | lt_strip_S
Fra:1 Mem:351.05M (Peak 357.13M) | Time:00:00.16 | Mem:0.00M, Peak:0.00M | Scene, ViewLayer | Synchronizing object | lt_strip_N
Fra:1 Mem:351.05M (Peak 357.13M) | Time:00:00.16 | Mem:0.00M, Peak:0.00M | Scene, ViewLayer | Synchronizing object | lt_strip_W
Fra:1 Mem:351.06M (Peak 357.13M) | Time:00:00.16 | Mem:0.00M, Peak:0.00M | Scene, ViewLayer | Synchronizing object | lt_strip_E
Fra:1 Mem:351.06M (Peak 357.13M) | Time:00:00.16 | Mem:0.00M, Peak:0.00M | Scene, ViewLayer | Synchronizing object | lt_strip_kc1
Fra:1 Mem:351.06M (Peak 357.13M) | Time:00:00.16 | Mem:0.00M, Peak:0.00M | Scene, ViewLayer | Synchronizing object | A_living_dining_balcony_sofa_01_arm1
Fra:1 Mem:351.07M (Peak 357.13M) | Time:00:00.16 | Mem:0.00M, Peak:0.00M | Scene, ViewLayer | Synchronizing object | lt_strip_kc2
Fra:1 Mem:351.07M (Peak 357.13M) | Time:00:00.16 | Mem:0.00M, Peak:0.00M | Scene, ViewLayer | Synchronizing object | lt_strip_fyb
Fra:1 Mem:351.07M (Peak 357.13M) | Time:00:00.16 | Mem:0.00M, Peak:0.00M | Scene, ViewLayer | Synchronizing object | lt_strip_fyn
Fra:1 Mem:351.07M (Peak 357.13M) | Time:00:00.16 | Mem:0.00M, Peak:0.00M | Scene, ViewLayer | Synchronizing object | lt_strip_bc
Fra:1 Mem:351.07M (Peak 357.13M) | Time:00:00.16 | Mem:0.00M, Peak:0.00M | Scene, ViewLayer | Synchronizing object | lt_strip_bcg
Fra:1 Mem:351.07M (Peak 357.13M) | Time:00:00.16 | Mem:0.00M, Peak:0.00M | Scene, ViewLayer | Synchronizing object | lt_strip_mb
Fra:1 Mem:351.07M (Peak 357.13M) | Time:00:00.16 | Mem:0.00M, Peak:0.00M | Scene, ViewLayer | Synchronizing object | lt_strip_dt
Fra:1 Mem:351.07M (Peak 357.13M) | Time:00:00.16 | Mem:0.00M, Peak:0.00M | Scene, ViewLayer | Synchronizing object | lt_fill_daughter
Fra:1 Mem:351.07M (Peak 357.13M) | Time:00:00.16 | Mem:0.00M, Peak:0.00M | Scene, ViewLayer | Synchronizing object | lt_fill_pbath
Fra:1 Mem:351.07M (Peak 357.13M) | Time:00:00.16 | Mem:0.00M, Peak:0.00M | Scene, ViewLayer | Synchronizing object | lt_fill_mbath
Fra:1 Mem:351.07M (Peak 357.13M) | Time:00:00.16 | Mem:0.00M, Peak:0.00M | Scene, ViewLayer | Synchronizing object | A_living_dining_balcony_island_01_sideW
Fra:1 Mem:351.07M (Peak 357.13M) | Time:00:00.16 | Mem:0.00M, Peak:0.00M | Scene, ViewLayer | Synchronizing object | A_living_dining_balcony_island_01_sideE
Fra:1 Mem:351.08M (Peak 357.13M) | Time:00:00.16 | Mem:0.00M, Peak:0.00M | Scene, ViewLayer | Synchronizing object | A_living_dining_balcony_island_01_base
Fra:1 Mem:351.08M (Peak 357.13M) | Time:00:00.16 | Mem:0.00M, Peak:0.00M | Scene, ViewLayer | Synchronizing object | A_living_dining_balcony_sofa_01_arm0
Fra:1 Mem:351.08M (Peak 357.13M) | Time:00:00.16 | Mem:0.00M, Peak:0.00M | Scene, ViewLayer | Synchronizing object | A_living_dining_balcony_island_01_oven
Fra:1 Mem:357.82M (Peak 357.82M) | Time:00:00.16 | Mem:0.00M, Peak:0.00M | Scene, ViewLayer | Synchronizing object | A_living_dining_balcony_sofa_01_seat2
Fra:1 Mem:357.82M (Peak 357.82M) | Time:00:00.16 | Mem:0.00M, Peak:0.00M | Scene, ViewLayer | Synchronizing object | A_living_dining_balcony_island_01_drw_gapbg
Fra:1 Mem:357.82M (Peak 357.82M) | Time:00:00.16 | Mem:0.00M, Peak:0.00M | Scene, ViewLayer | Synchronizing object | A_living_dining_balcony_island_01_drw_f0
Fra:1 Mem:357.82M (Peak 357.82M) | Time:00:00.16 | Mem:0.00M, Peak:0.00M | Scene, ViewLayer | Synchronizing object | A_living_dining_balcony_island_01_niche
Fra:1 Mem:357.83M (Peak 357.83M) | Time:00:00.16 | Mem:0.00M, Peak:0.00M | Scene, ViewLayer | Synchronizing object | A_living_dining_balcony_island_01_sh0
Fra:1 Mem:357.83M (Peak 357.83M) | Time:00:00.16 | Mem:0.00M, Peak:0.00M | Scene, ViewLayer | Synchronizing object | A_living_dining_balcony_island_01_sh1
Fra:1 Mem:357.83M (Peak 357.83M) | Time:00:00.16 | Mem:0.00M, Peak:0.00M | Scene, ViewLayer | Synchronizing object | A_living_dining_balcony_tv_cabinet_01_body
Fra:1 Mem:357.83M (Peak 357.83M) | Time:00:00.16 | Mem:0.00M, Peak:0.00M | Scene, ViewLayer | Synchronizing object | A_living_dining_balcony_tv_cabinet_01_door_f0
Fra:1 Mem:357.84M (Peak 357.84M) | Time:00:00.16 | Mem:0.00M, Peak:0.00M | Scene, ViewLayer | Synchronizing object | A_living_dining_balcony_tv_cabinet_01_door_f1
Fra:1 Mem:357.84M (Peak 357.84M) | Time:00:00.16 | Mem:0.00M, Peak:0.00M | Scene, ViewLayer | Synchronizing object | A_living_dining_balcony_tv_cabinet_01_door_f3
Fra:1 Mem:357.85M (Peak 357.85M) | Time:00:00.16 | Mem:0.00M, Peak:0.00M | Scene, ViewLayer | Synchronizing object | A_living_dining_balcony_tv_cabinet_01_door_f4
Fra:1 Mem:357.85M (Peak 357.85M) | Time:00:00.16 | Mem:0.00M, Peak:0.00M | Scene, ViewLayer | Synchronizing object | A_living_dining_balcony_island_02_top
Fra:1 Mem:357.87M (Peak 357.87M) | Time:00:00.16 | Mem:0.00M, Peak:0.00M | Scene, ViewLayer | Synchronizing object | A_living_dining_balcony_sofa_01_seat1
Fra:1 Mem:357.87M (Peak 357.87M) | Time:00:00.16 | Mem:0.00M, Peak:0.00M | Scene, ViewLayer | Synchronizing object | A_living_dining_balcony_island_02_leg1
Fra:1 Mem:357.87M (Peak 357.87M) | Time:00:00.16 | Mem:0.00M, Peak:0.00M | Scene, ViewLayer | Synchronizing object | A_living_dining_balcony_island_02_leg2
Fra:1 Mem:357.87M (Peak 357.87M) | Time:00:00.16 | Mem:0.00M, Peak:0.00M | Scene, ViewLayer | Synchronizing object | A_living_dining_balcony_pendant_lamp_02_rod
Fra:1 Mem:357.89M (Peak 357.89M) | Time:00:00.16 | Mem:0.00M, Peak:0.00M | Scene, ViewLayer | Synchronizing object | A_living_dining_balcony_dining_chair_01_seat
Fra:1 Mem:357.89M (Peak 357.89M) | Time:00:00.16 | Mem:0.00M, Peak:0.00M | Scene, ViewLayer | Synchronizing object | A_living_dining_balcony_dining_chair_01_back1
Fra:1 Mem:357.90M (Peak 357.90M) | Time:00:00.16 | Mem:0.00M, Peak:0.00M | Scene, ViewLayer | Synchronizing object | A_living_dining_balcony_dining_chair_01_leg01
Fra:1 Mem:357.92M (Peak 357.90M) | Time:00:00.16 | Mem:0.00M, Peak:0.00M | Scene, ViewLayer | Synchronizing object | A_living_dining_balcony_dining_chair_01_leg01.001
Fra:1 Mem:357.91M (Peak 357.91M) | Time:00:00.16 | Mem:0.00M, Peak:0.00M | Scene, ViewLayer | Synchronizing object | A_living_dining_balcony_dining_chair_01_leg11
Fra:1 Mem:357.92M (Peak 357.92M) | Time:00:00.16 | Mem:0.00M, Peak:0.00M | Scene, ViewLayer | Synchronizing object | A_living_dining_balcony_dining_chair_01_leg11.001
Fra:1 Mem:357.92M (Peak 357.92M) | Time:00:00.16 | Mem:0.00M, Peak:0.00M | Scene, ViewLayer | Synchronizing object | A_living_dining_balcony_dining_chair_02_back0
Fra:1 Mem:357.98M (Peak 357.98M) | Time:00:00.16 | Mem:0.00M, Peak:0.00M | Scene, ViewLayer | Synchronizing object | A_living_dining_balcony_dining_chair_02_back1
Fra:1 Mem:358.02M (Peak 358.02M) | Time:00:00.16 | Mem:0.00M, Peak:0.00M | Scene, ViewLayer | Synchronizing object | A_living_dining_balcony_sofa_01_seat0
Fra:1 Mem:358.02M (Peak 358.03M) | Time:00:00.16 | Mem:0.00M, Peak:0.00M | Scene, ViewLayer | Synchronizing object | A_living_dining_balcony_dining_chair_02_leg01
Fra:1 Mem:358.03M (Peak 358.03M) | Time:00:00.16 | Mem:0.00M, Peak:0.00M | Scene, ViewLayer | Synchronizing object | A_living_dining_balcony_sofa_01_back2
Fra:1 Mem:358.05M (Peak 358.05M) | Time:00:00.16 | Mem:0.00M, Peak:0.00M | Scene, ViewLayer | Synchronizing object | A_living_dining_balcony_dining_chair_02_leg11.001
Fra:1 Mem:358.05M (Peak 358.05M) | Time:00:00.16 | Mem:0.00M, Peak:0.00M | Scene, ViewLayer | Synchronizing object | A_living_dining_balcony_dining_chair_03_back0
Fra:1 Mem:358.11M (Peak 358.11M) | Time:00:00.16 | Mem:0.00M, Peak:0.00M | Scene, ViewLayer | Synchronizing object | A_living_dining_balcony_dining_chair_03_back1
Fra:1 Mem:358.13M (Peak 358.13M) | Time:00:00.16 | Mem:0.00M, Peak:0.00M | Scene, ViewLayer | Synchronizing object | A_living_dining_balcony_dining_chair_03_leg01
Fra:1 Mem:358.70M (Peak 358.70M) | Time:00:00.16 | Mem:0.00M, Peak:0.00M | Scene, ViewLayer | Synchronizing object | A_living_dining_balcony_dining_chair_03_leg01.001
Fra:1 Mem:358.73M (Peak 358.73M) | Time:00:00.16 | Mem:0.00M, Peak:0.00M | Scene, ViewLayer | Synchronizing object | A_living_dining_balcony_dining_chair_03_leg11
Fra:1 Mem:358.74M (Peak 358.74M) | Time:00:00.16 | Mem:0.00M, Peak:0.00M | Scene, ViewLayer | Synchronizing object | A_living_dining_balcony_dining_chair_04_back1
Fra:1 Mem:358.62M (Peak 358.74M) | Time:00:00.16 | Mem:0.00M, Peak:0.00M | Scene, ViewLayer | Synchronizing object | A_living_dining_balcony_dining_chair_04_leg01.001
Fra:1 Mem:357.08M (Peak 358.74M) | Time:00:00.16 | Mem:0.00M, Peak:0.00M | Scene, ViewLayer | Synchronizing object | A_living_dining_balcony_sofa_01_base
Fra:1 Mem:352.84M (Peak 358.74M) | Time:00:00.16 | Mem:0.00M, Peak:0.00M | Scene, ViewLayer | Synchronizing object | A_living_dining_balcony_sofa_01_leg0
Fra:1 Mem:352.85M (Peak 358.74M) | Time:00:00.16 | Mem:0.00M, Peak:0.00M | Scene, ViewLayer | Synchronizing object | A_living_dining_balcony_sofa_01_leg1
Fra:1 Mem:352.86M (Peak 358.74M) | Time:00:00.16 | Mem:0.00M, Peak:0.00M | Scene, ViewLayer | Synchronizing object | A_living_dining_balcony_sofa_01_back0
Fra:1 Mem:352.86M (Peak 358.74M) | Time:00:00.16 | Mem:0.00M, Peak:0.00M | Scene, ViewLayer | Synchronizing object | A_living_dining_balcony_sofa_01_back1
Fra:1 Mem:430.60M (Peak 482.05M) | Time:00:00.27 | Mem:0.00M, Peak:0.00M | Scene, ViewLayer | Initializing
Fra:1 Mem:419.76M (Peak 482.05M) | Time:00:00.27 | Mem:0.00M, Peak:0.00M | Scene, ViewLayer | Updating Images | Loading tree_small_02_nor_gl
Fra:1 Mem:419.76M (Peak 482.05M) | Time:00:00.27 | Mem:0.00M, Peak:0.00M | Scene, ViewLayer | Updating Images | Loading tree_small_02_diff
Fra:1 Mem:419.76M (Peak 482.05M) | Time:00:00.27 | Mem:0.00M, Peak:0.00M | Scene, ViewLayer | Updating Images | Loading tree_small_02_branch_rough
Fra:1 Mem:446.72M (Peak 543.91M) | Time:00:00.35 | Mem:72.00M, Peak:72.00M | Scene, ViewLayer | Waiting for render to start
Fra:1 Mem:446.72M (Peak 543.91M) | Time:00:00.35 | Mem:72.00M, Peak:72.00M | Scene, ViewLayer | Updating Scene
Fra:1 Mem:446.72M (Peak 543.91M) | Time:00:00.35 | Mem:72.00M, Peak:72.00M | Scene, ViewLayer | Updating Shaders
Fra:1 Mem:446.72M (Peak 543.91M) | Time:00:00.35 | Mem:72.00M, Peak:72.00M | Scene, ViewLayer | Loading render kernels (may take a few minutes the first time)
Fra:1 Mem:446.86M (Peak 543.91M) | Time:00:01.27 | Mem:72.07M, Peak:72.07M | Scene, ViewLayer | Updating Procedurals
Fra:1 Mem:446.86M (Peak 543.91M) | Time:00:01.27 | Mem:72.07M, Peak:72.07M | Scene, ViewLayer | Updating Background
Fra:1 Mem:446.86M (Peak 543.91M) | Time:00:01.27 | Mem:72.07M, Peak:72.07M | Scene, ViewLayer | Updating Camera
Fra:1 Mem:446.86M (Peak 543.91M) | Time:00:01.27 | Mem:72.07M, Peak:72.07M | Scene, ViewLayer | Updating Meshes Flags
Fra:1 Mem:446.86M (Peak 543.91M) | Time:00:01.27 | Mem:72.07M, Peak:72.07M | Scene, ViewLayer | Updating Objects
Fra:1 Mem:446.86M (Peak 543.91M) | Time:00:01.27 | Mem:72.07M, Peak:72.07M | Scene, ViewLayer | Updating Objects | Copying Transformations to device
Fra:1 Mem:447.20M (Peak 543.91M) | Time:00:01.27 | Mem:72.39M, Peak:72.39M | Scene, ViewLayer | Updating Particle Systems
Fra:1 Mem:447.20M (Peak 543.91M) | Time:00:01.27 | Mem:72.39M, Peak:72.39M | Scene, ViewLayer | Updating Particle Systems | Copying Particles to device
Fra:1 Mem:447.20M (Peak 543.91M) | Time:00:01.27 | Mem:72.39M, Peak:72.39M | Scene, ViewLayer | Updating Meshes
Fra:1 Mem:516.69M (Peak 543.91M) | Time:00:01.97 | Mem:72.39M, Peak:72.39M | Scene, ViewLayer | Updating Objects | Applying Static Transformations
Fra:1 Mem:516.69M (Peak 543.91M) | Time:00:01.97 | Mem:72.39M, Peak:72.39M | Scene, ViewLayer | Updating Mesh | Computing attributes
Fra:1 Mem:623.79M (Peak 623.79M) | Time:00:01.99 | Mem:72.49M, Peak:72.49M | Scene, ViewLayer | Updating Mesh | Copying Attributes to device
Fra:1 Mem:623.62M (Peak 623.79M) | Time:00:02.03 | Mem:179.33M, Peak:179.33M | Scene, ViewLayer | Updating Geometry BVH ceil_living_r1S_mesh 2/378 | Building BVH
Fra:1 Mem:623.62M (Peak 623.79M) | Time:00:02.03 | Mem:179.33M, Peak:179.33M | Scene, ViewLayer | Updating Geometry BVH ceil_living_r2W_mesh 8/397 | Building BVH
Fra:1 Mem:623.62M (Peak 623.79M) | Time:00:02.03 | Mem:179.33M, Peak:179.33M | Scene, ViewLayer | Updating Geometry BVH ceil_master_ac_mesh 17/478 | Building BVH
Fra:1 Mem:623.62M (Peak 623.79M) | Time:00:02.03 | Mem:179.33M, Peak:179.33M | Scene, ViewLayer | Updating Geometry BVH ceil_kitchen_fill_mesh 22/478 | Building BVH
Fra:1 Mem:623.62M (Peak 623.79M) | Time:00:02.03 | Mem:179.33M, Peak:179.33M | Scene, ViewLayer | Updating Geometry BVH light 1403/1402 | Building BVH
Fra:1 Mem:623.62M (Peak 623.79M) | Time:00:02.04 | Mem:179.53M, Peak:179.54M | Scene, ViewLayer | Updating Geometry BVH ceil_public_bath_wet_fill_mesh 23/1402 | Building BVH
Fra:1 Mem:623.63M (Peak 623.79M) | Time:00:02.04 | Mem:179.53M, Peak:179.54M | Scene, ViewLayer | Updating Geometry BVH ceil_corridor_fill_mesh 25/1402 | Building BVH
Fra:1 Mem:623.63M (Peak 623.79M) | Time:00:02.04 | Mem:179.56M, Peak:179.56M | Scene, ViewLayer | Updating Geometry BVH ceil_elevator_hall_fill_mesh 26/1402 | Building BVH
Fra:1 Mem:623.63M (Peak 623.79M) | Time:00:02.05 | Mem:179.57M, Peak:179.57M | Scene, ViewLayer | Updating Geometry BVH fx_ceiling_master_bedroom_mesh 27/1402 | Building BVH
Fra:1 Mem:623.63M (Peak 623.79M) | Time:00:02.05 | Mem:179.57M, Peak:179.57M | Scene, ViewLayer | Updating Geometry BVH fx_ceiling_parents_room_mesh 28/1402 | Building BVH
Fra:1 Mem:623.63M (Peak 623.79M) | Time:00:02.05 | Mem:179.57M, Peak:179.57M | Scene, ViewLayer | Updating Geometry BVH fx_ceiling_daughter_room_mesh 29/1402 | Building BVH
Fra:1 Mem:623.63M (Peak 623.79M) | Time:00:02.05 | Mem:179.57M, Peak:179.57M | Scene, ViewLayer | Updating Geometry BVH lt_strip_tv_mesh 1402/1402 | Building BVH
Fra:1 Mem:623.63M (Peak 623.79M) | Time:00:02.05 | Mem:179.62M, Peak:179.62M | Scene, ViewLayer | Updating Geometry BVH fx_ceiling_son_room_mesh 30/1402 | Building BVH
Fra:1 Mem:623.63M (Peak 623.79M) | Time:00:02.05 | Mem:179.62M, Peak:179.62M | Scene, ViewLayer | Updating Geometry BVH fx_spot_living00_mesh 31/1402 | Building BVH
Fra:1 Mem:623.63M (Peak 623.79M) | Time:00:02.05 | Mem:179.62M, Peak:179.62M | Scene, ViewLayer | Updating Geometry BVH fx_spot_living01_r_mesh 34/1402 | Building BVH
Fra:1 Mem:623.63M (Peak 623.79M) | Time:00:02.05 | Mem:179.63M, Peak:179.63M | Scene, ViewLayer | Updating Geometry BVH fx_spot_living02_mesh 35/1402 | Building BVH
Fra:1 Mem:623.63M (Peak 623.79M) | Time:00:02.05 | Mem:179.63M, Peak:179.63M | Scene, ViewLayer | Updating Geometry BVH fx_spot_living03_mesh 37/1402 | Building BVH
Fra:1 Mem:623.63M (Peak 623.79M) | Time:00:02.05 | Mem:179.65M, Peak:179.65M | Scene, ViewLayer | Updating Geometry BVH fx_spot_living03_r_mesh 38/1402 | Building BVH
Fra:1 Mem:623.63M (Peak 623.79M) | Time:00:02.05 | Mem:179.68M, Peak:179.68M | Scene, ViewLayer | Updating Geometry BVH fx_spot_living04_r_mesh 40/1402 | Building BVH
Fra:1 Mem:623.63M (Peak 623.79M) | Time:00:02.05 | Mem:179.71M, Peak:179.71M | Scene, ViewLayer | Updating Geometry BVH fx_spot_living05_mesh 41/1402 | Building BVH
Fra:1 Mem:623.63M (Peak 623.79M) | Time:00:02.05 | Mem:179.79M, Peak:179.79M | Scene, ViewLayer | Updating Geometry BVH fx_spot_living05_r_mesh 42/1402 | Building BVH
Fra:1 Mem:623.63M (Peak 623.79M) | Time:00:02.05 | Mem:179.82M, Peak:179.82M | Scene, ViewLayer | Updating Geometry BVH fx_spot_living06_mesh 43/1402 | Building BVH
Fra:1 Mem:623.63M (Peak 623.79M) | Time:00:02.05 | Mem:179.81M, Peak:179.82M | Scene, ViewLayer | Updating Geometry BVH fx_spot_living06_r_mesh 44/1402 | Building BVH
Fra:1 Mem:623.63M (Peak 623.79M) | Time:00:02.05 | Mem:179.85M, Peak:179.86M | Scene, ViewLayer | Updating Geometry BVH lt_pendant_02 1401/1402 | Building BVH
Fra:1 Mem:623.63M (Peak 623.79M) | Time:00:02.05 | Mem:179.85M, Peak:179.86M | Scene, ViewLayer | Updating Geometry BVH fx_spot_living07_mesh 45/1402 | Building BVH
Fra:1 Mem:623.63M (Peak 623.79M) | Time:00:02.05 | Mem:179.86M, Peak:179.86M | Scene, ViewLayer | Updating Geometry BVH fx_spot_living07_r_mesh 46/1402 | Building BVH
Fra:1 Mem:623.63M (Peak 623.79M) | Time:00:02.05 | Mem:179.88M, Peak:179.88M | Scene, ViewLayer | Updating Geometry BVH fx_spot_living08_mesh 47/1402 | Building BVH
Fra:1 Mem:623.63M (Peak 623.79M) | Time:00:02.05 | Mem:179.88M, Peak:179.88M | Scene, ViewLayer | Updating Geometry BVH fx_spot_living08_r_mesh 48/1402 | Building BVH
Fra:1 Mem:623.63M (Peak 623.79M) | Time:00:02.05 | Mem:179.88M, Peak:179.88M | Scene, ViewLayer | Updating Geometry BVH fx_spot_living09_r_mesh 50/1402 | Building BVH
Fra:1 Mem:623.63M (Peak 623.79M) | Time:00:02.05 | Mem:179.88M, Peak:179.88M | Scene, ViewLayer | Updating Geometry BVH fx_spot_living10_r_mesh 52/1402 | Building BVH
Fra:1 Mem:623.63M (Peak 623.79M) | Time:00:02.05 | Mem:179.89M, Peak:179.89M | Scene, ViewLayer | Updating Geometry BVH fx_spot_living11_mesh 53/1402 | Building BVH
Fra:1 Mem:623.63M (Peak 623.79M) | Time:00:02.05 | Mem:179.89M, Peak:179.89M | Scene, ViewLayer | Updating Geometry BVH fx_spot_living12_mesh 55/1402 | Building BVH
Fra:1 Mem:623.63M (Peak 623.79M) | Time:00:02.05 | Mem:179.90M, Peak:179.90M | Scene, ViewLayer | Updating Geometry BVH fx_spot_living12_r_mesh 56/1402 | Building BVH
Fra:1 Mem:623.63M (Peak 623.79M) | Time:00:02.05 | Mem:179.90M, Peak:179.90M | Scene, ViewLayer | Updating Geometry BVH fx_spot_living13_mesh 57/1402 | Building BVH
Fra:1 Mem:623.63M (Peak 623.79M) | Time:00:02.05 | Mem:180.03M, Peak:180.04M | Scene, ViewLayer | Updating Geometry BVH fx_spot_living14_mesh 59/1402 | Building BVH
Fra:1 Mem:623.63M (Peak 623.79M) | Time:00:02.05 | Mem:180.05M, Peak:180.05M | Scene, ViewLayer | Updating Geometry BVH fx_spot_living13_r_mesh 58/1402 | Building BVH
Fra:1 Mem:623.63M (Peak 623.79M) | Time:00:02.05 | Mem:180.04M, Peak:180.05M | Scene, ViewLayer | Updating Geometry BVH fx_spot_living14_r_mesh 60/1402 | Building BVH
Fra:1 Mem:623.63M (Peak 623.79M) | Time:00:02.05 | Mem:180.06M, Peak:180.06M | Scene, ViewLayer | Updating Geometry BVH fx_spot_living15_mesh 61/1402 | Building BVH
Fra:1 Mem:623.63M (Peak 623.79M) | Time:00:02.05 | Mem:180.08M, Peak:180.08M | Scene, ViewLayer | Updating Geometry BVH fx_spot_living15_r_mesh 62/1402 | Building BVH
Fra:1 Mem:623.63M (Peak 623.79M) | Time:00:02.05 | Mem:180.09M, Peak:180.09M | Scene, ViewLayer | Updating Geometry BVH fx_spot_living16_mesh 63/1402 | Building BVH
Fra:1 Mem:623.63M (Peak 623.79M) | Time:00:02.05 | Mem:180.10M, Peak:180.10M | Scene, ViewLayer | Updating Geometry BVH fx_spot_living16_r_mesh 64/1402 | Building BVH
Fra:1 Mem:623.63M (Peak 623.79M) | Time:00:02.05 | Mem:180.13M, Peak:180.13M | Scene, ViewLayer | Updating Geometry BVH fx_spot_room2_mesh 67/1402 | Building BVH
Fra:1 Mem:623.63M (Peak 623.79M) | Time:00:02.05 | Mem:180.13M, Peak:180.13M | Scene, ViewLayer | Updating Geometry BVH fx_spot_room1_mesh 66/1402 | Building BVH
Fra:1 Mem:623.63M (Peak 623.79M) | Time:00:02.05 | Mem:180.13M, Peak:180.13M | Scene, ViewLayer | Updating Geometry BVH fx_spot_room3_mesh 68/1402 | Building BVH
Fra:1 Mem:623.63M (Peak 623.79M) | Time:00:02.05 | Mem:180.16M, Peak:180.16M | Scene, ViewLayer | Updating Geometry BVH fx_spot_room4_mesh 69/1402 | Building BVH
Fra:1 Mem:623.63M (Peak 623.79M) | Time:00:02.05 | Mem:180.17M, Peak:180.17M | Scene, ViewLayer | Updating Geometry BVH fx_spot_room5_mesh 70/1402 | Building BVH
Fra:1 Mem:623.63M (Peak 623.79M) | Time:00:02.05 | Mem:180.17M, Peak:180.17M | Scene, ViewLayer | Updating Geometry BVH fx_spot_room6_mesh 71/1402 | Building BVH
Fra:1 Mem:623.63M (Peak 623.79M) | Time:00:02.05 | Mem:180.25M, Peak:180.26M | Scene, ViewLayer | Updating Geometry BVH lt_pendant_01 1400/1402 | Building BVH
Fra:1 Mem:623.63M (Peak 623.79M) | Time:00:02.05 | Mem:180.25M, Peak:180.26M | Scene, ViewLayer | Updating Geometry BVH fx_spot_room7_mesh 72/1402 | Building BVH
Fra:1 Mem:623.63M (Peak 623.79M) | Time:00:02.05 | Mem:180.25M, Peak:180.26M | Scene, ViewLayer | Updating Geometry BVH out_ground_mesh 73/1402 | Building BVH
Fra:1 Mem:623.63M (Peak 623.79M) | Time:00:02.05 | Mem:180.25M, Peak:180.26M | Scene, ViewLayer | Updating Geometry BVH out_path_s_mesh 74/1402 | Building BVH
Fra:1 Mem:623.63M (Peak 623.79M) | Time:00:02.05 | Mem:180.25M, Peak:180.26M | Scene, ViewLayer | Updating Geometry BVH out_path_n_mesh 75/1402 | Building BVH
Fra:1 Mem:623.63M (Peak 623.79M) | Time:00:02.05 | Mem:180.26M, Peak:180.26M | Scene, ViewLayer | Updating Geometry BVH fx_art_wall_A_mesh 1399/1402 | Building BVH
Fra:1 Mem:623.63M (Peak 623.79M) | Time:00:02.05 | Mem:180.29M, Peak:180.29M | Scene, ViewLayer | Updating Geometry BVH out_bldg_s_mesh 78/1402 | Building BVH
Fra:1 Mem:623.63M (Peak 623.79M) | Time:00:02.05 | Mem:180.31M, Peak:180.31M | Scene, ViewLayer | Updating Geometry BVH out_bldg_n_mesh 79/1402 | Building BVH
Fra:1 Mem:623.63M (Peak 623.79M) | Time:00:02.05 | Mem:180.31M, Peak:180.31M | Scene, ViewLayer | Updating Geometry BVH floor_living_dining_balcony_mesh 80/1402 | Building BVH
Fra:1 Mem:623.63M (Peak 623.79M) | Time:00:02.05 | Mem:180.31M, Peak:180.31M | Scene, ViewLayer | Updating Geometry BVH floor_kitchen_mesh 81/1402 | Building BVH
Fra:1 Mem:623.63M (Peak 623.79M) | Time:00:02.05 | Mem:180.31M, Peak:180.31M | Scene, ViewLayer | Updating Geometry BVH floor_daughter_room_mesh 82/1402 | Building BVH
Fra:1 Mem:623.63M (Peak 623.79M) | Time:00:02.05 | Mem:180.31M, Peak:180.31M | Scene, ViewLayer | Updating Geometry BVH floor_public_bath_wet_mesh 83/1402 | Building BVH
Fra:1 Mem:623.63M (Peak 623.79M) | Time:00:02.05 | Mem:180.32M, Peak:180.32M | Scene, ViewLayer | Updating Geometry BVH floor_corridor_1_mesh 85/1402 | Building BVH
Fra:1 Mem:623.63M (Peak 623.79M) | Time:00:02.05 | Mem:180.32M, Peak:180.32M | Scene, ViewLayer | Updating Geometry BVH floor_son_room_mesh 86/1402 | Building BVH
Fra:1 Mem:623.63M (Peak 623.79M) | Time:00:02.05 | Mem:180.33M, Peak:180.33M | Scene, ViewLayer | Updating Geometry BVH floor_master_bath_mesh 87/1402 | Building BVH
Fra:1 Mem:623.63M (Peak 623.79M) | Time:00:02.05 | Mem:180.33M, Peak:180.33M | Scene, ViewLayer | Updating Geometry BVH floor_master_bedroom_mesh 88/1402 | Building BVH
Fra:1 Mem:623.63M (Peak 623.79M) | Time:00:02.05 | Mem:180.34M, Peak:180.34M | Scene, ViewLayer | Updating Geometry BVH floor_terrace_mesh 89/1402 | Building BVH
Fra:1 Mem:623.63M (Peak 623.79M) | Time:00:02.05 | Mem:180.35M, Peak:180.35M | Scene, ViewLayer | Updating Geometry BVH floor_parents_room_mesh 90/1402 | Building BVH
Fra:1 Mem:623.63M (Peak 623.79M) | Time:00:02.05 | Mem:180.38M, Peak:180.38M | Scene, ViewLayer | Updating Geometry BVH floor_foyer_mesh 91/1402 | Building BVH
Fra:1 Mem:623.63M (Peak 623.79M) | Time:00:02.05 | Mem:180.38M, Peak:180.38M | Scene, ViewLayer | Updating Geometry BVH floor_elevator_hall_mesh 92/1402 | Building BVH
Fra:1 Mem:623.63M (Peak 623.79M) | Time:00:02.05 | Mem:180.38M, Peak:180.38M | Scene, ViewLayer | Updating Geometry BVH W01_s00_mesh 93/1402 | Building BVH
Fra:1 Mem:623.63M (Peak 623.79M) | Time:00:02.05 | Mem:180.40M, Peak:180.40M | Scene, ViewLayer | Updating Geometry BVH BezierCurve.002 77/1402 | Building BVH
Fra:1 Mem:623.63M (Peak 623.79M) | Time:00:02.05 | Mem:180.40M, Peak:180.40M | Scene, ViewLayer | Updating Geometry BVH W01_s01_mesh 94/1402 | Building BVH
Fra:1 Mem:623.63M (Peak 623.79M) | Time:00:02.05 | Mem:180.41M, Peak:180.41M | Scene, ViewLayer | Updating Geometry BVH W01_s02_mesh 95/1402 | Building BVH
Fra:1 Mem:623.63M (Peak 623.79M) | Time:00:02.05 | Mem:180.42M, Peak:180.42M | Scene, ViewLayer | Updating Geometry BVH W01_s03_mesh 96/1402 | Building BVH
Fra:1 Mem:623.63M (Peak 623.79M) | Time:00:02.05 | Mem:180.42M, Peak:180.42M | Scene, ViewLayer | Updating Geometry BVH fx_chair_A6s_leg11_mesh.001 1398/1402 | Building BVH
Fra:1 Mem:623.63M (Peak 623.79M) | Time:00:02.05 | Mem:184.73M, Peak:184.73M | Scene, ViewLayer | Updating Geometry BVH W02_s01_mesh 98/1402 | Building BVH
Fra:1 Mem:623.63M (Peak 623.79M) | Time:00:02.05 | Mem:184.72M, Peak:184.73M | Scene, ViewLayer | Updating Geometry BVH W02_s02_mesh 99/1402 | Building BVH
Fra:1 Mem:623.63M (Peak 623.79M) | Time:00:02.05 | Mem:184.72M, Peak:184.73M | Scene, ViewLayer | Updating Geometry BVH tree.016 76/1402 | Building BVH
Fra:1 Mem:623.63M (Peak 623.79M) | Time:00:02.05 | Mem:190.03M, Peak:190.03M | Scene, ViewLayer | Updating Geometry BVH W02_s03_mesh 100/1402 | Building BVH
Fra:1 Mem:623.63M (Peak 623.79M) | Time:00:02.05 | Mem:190.03M, Peak:190.03M | Scene, ViewLayer | Updating Geometry BVH W03_s00_mesh 101/1402 | Building BVH
Fra:1 Mem:623.63M (Peak 623.79M) | Time:00:02.05 | Mem:196.75M, Peak:196.75M | Scene, ViewLayer | Updating Geometry BVH W04_s00_mesh 102/1402 | Building BVH
Fra:1 Mem:623.63M (Peak 623.79M) | Time:00:02.05 | Mem:196.75M, Peak:196.75M | Scene, ViewLayer | Updating Geometry BVH W05_s00_mesh 103/1402 | Building BVH
Fra:1 Mem:623.63M (Peak 623.79M) | Time:00:02.05 | Mem:196.76M, Peak:196.76M | Scene, ViewLayer | Updating Geometry BVH W05_s01_mesh 104/1402 | Building BVH
Fra:1 Mem:623.63M (Peak 623.79M) | Time:00:02.05 | Mem:196.77M, Peak:196.77M | Scene, ViewLayer | Updating Geometry BVH W05_s02_mesh 105/1402 | Building BVH
Fra:1 Mem:623.63M (Peak 623.79M) | Time:00:02.05 | Mem:196.77M, Peak:196.77M | Scene, ViewLayer | Updating Geometry BVH W05_s03_mesh 106/1402 | Building BVH
Fra:1 Mem:623.63M (Peak 623.79M) | Time:00:02.05 | Mem:196.77M, Peak:196.77M | Scene, ViewLayer | Updating Geometry BVH W06_s00_mesh 107/1402 | Building BVH
Fra:1 Mem:623.63M (Peak 623.79M) | Time:00:02.05 | Mem:196.77M, Peak:196.77M | Scene, ViewLayer | Updating Geometry BVH W06_s01_mesh 108/1402 | Building BVH
Fra:1 Mem:623.63M (Peak 623.79M) | Time:00:02.05 | Mem:196.78M, Peak:196.78M | Scene, ViewLayer | Updating Geometry BVH W06_s02_mesh 109/1402 | Building BVH
Fra:1 Mem:623.63M (Peak 623.79M) | Time:00:02.05 | Mem:196.78M, Peak:196.78M | Scene, ViewLayer | Updating Geometry BVH W06_s03_mesh 110/1402 | Building BVH
Fra:1 Mem:623.63M (Peak 623.79M) | Time:00:02.05 | Mem:196.78M, Peak:196.78M | Scene, ViewLayer | Updating Geometry BVH W07_s00_mesh 111/1402 | Building BVH
Fra:1 Mem:623.63M (Peak 623.79M) | Time:00:02.05 | Mem:196.78M, Peak:196.78M | Scene, ViewLayer | Updating Geometry BVH W07_s01_mesh 112/1402 | Building BVH
Fra:1 Mem:623.63M (Peak 623.79M) | Time:00:02.05 | Mem:196.85M, Peak:196.85M | Scene, ViewLayer | Updating Geometry BVH fx_chair_A6s_leg11_mesh 1397/1402 | Building BVH
Fra:1 Mem:623.63M (Peak 623.79M) | Time:00:02.05 | Mem:208.07M, Peak:208.07M | Scene, ViewLayer | Updating Geometry BVH W07_s02_mesh 113/1402 | Building BVH
Fra:1 Mem:623.63M (Peak 623.79M) | Time:00:02.05 | Mem:219.40M, Peak:219.40M | Scene, ViewLayer | Updating Geometry BVH W08_s00_mesh 114/1402 | Building BVH
Fra:1 Mem:623.63M (Peak 623.79M) | Time:00:02.05 | Mem:219.40M, Peak:219.40M | Scene, ViewLayer | Updating Geometry BVH W09_s00_mesh 117/1402 | Building BVH
Fra:1 Mem:623.63M (Peak 623.79M) | Time:00:02.05 | Mem:219.40M, Peak:219.40M | Scene, ViewLayer | Updating Geometry BVH W10_s00_mesh 118/1402 | Building BVH
Fra:1 Mem:623.63M (Peak 623.79M) | Time:00:02.05 | Mem:219.40M, Peak:219.40M | Scene, ViewLayer | Updating Geometry BVH W10_s01_mesh 119/1402 | Building BVH
Fra:1 Mem:623.63M (Peak 623.79M) | Time:00:02.06 | Mem:219.42M, Peak:219.42M | Scene, ViewLayer | Updating Geometry BVH W10_s02_mesh 120/1402 | Building BVH
Fra:1 Mem:623.63M (Peak 623.79M) | Time:00:02.06 | Mem:219.45M, Peak:219.45M | Scene, ViewLayer | Updating Geometry BVH W10_s03_mesh 121/1402 | Building BVH
Fra:1 Mem:623.63M (Peak 623.79M) | Time:00:02.06 | Mem:219.46M, Peak:219.47M | Scene, ViewLayer | Updating Geometry BVH W11_s00_mesh 122/1402 | Building BVH
Fra:1 Mem:623.63M (Peak 623.79M) | Time:00:02.06 | Mem:219.47M, Peak:219.47M | Scene, ViewLayer | Updating Geometry BVH W12_s00_mesh 123/1402 | Building BVH
Fra:1 Mem:623.63M (Peak 623.79M) | Time:00:02.06 | Mem:219.47M, Peak:219.47M | Scene, ViewLayer | Updating Geometry BVH fx_chair_A6s_leg01_mesh.001 1396/1402 | Building BVH
Fra:1 Mem:623.63M (Peak 623.79M) | Time:00:02.06 | Mem:219.47M, Peak:219.47M | Scene, ViewLayer | Updating Geometry BVH W12_s01_mesh 124/1402 | Building BVH
Fra:1 Mem:623.63M (Peak 623.79M) | Time:00:02.06 | Mem:219.51M, Peak:219.51M | Scene, ViewLayer | Updating Geometry BVH W12_s02_mesh 125/1402 | Building BVH
Fra:1 Mem:623.63M (Peak 623.79M) | Time:00:02.06 | Mem:219.51M, Peak:219.51M | Scene, ViewLayer | Updating Geometry BVH W13_s00_mesh 126/1402 | Building BVH
Fra:1 Mem:623.63M (Peak 623.79M) | Time:00:02.06 | Mem:219.52M, Peak:219.52M | Scene, ViewLayer | Updating Geometry BVH W13_s01_mesh 127/1402 | Building BVH
Fra:1 Mem:623.63M (Peak 623.79M) | Time:00:02.06 | Mem:219.54M, Peak:219.54M | Scene, ViewLayer | Updating Geometry BVH W13_s02_mesh 128/1402 | Building BVH
Fra:1 Mem:623.63M (Peak 623.79M) | Time:00:02.06 | Mem:219.54M, Peak:219.54M | Scene, ViewLayer | Updating Geometry BVH W14_s00_mesh 129/1402 | Building BVH
Fra:1 Mem:623.63M (Peak 623.79M) | Time:00:02.06 | Mem:219.54M, Peak:219.54M | Scene, ViewLayer | Updating Geometry BVH W14_s01_mesh 130/1402 | Building BVH
Fra:1 Mem:623.63M (Peak 623.79M) | Time:00:02.06 | Mem:233.69M, Peak:233.69M | Scene, ViewLayer | Updating Geometry BVH W14_s02_mesh 131/1402 | Building BVH
Fra:1 Mem:623.63M (Peak 623.79M) | Time:00:02.06 | Mem:233.69M, Peak:233.69M | Scene, ViewLayer | Updating Geometry BVH W15_s00_mesh 134/1402 | Building BVH
Fra:1 Mem:623.63M (Peak 623.79M) | Time:00:02.06 | Mem:233.69M, Peak:233.69M | Scene, ViewLayer | Updating Geometry BVH W16_s00_mesh 137/1402 | Building BVH
Fra:1 Mem:623.63M (Peak 623.79M) | Time:00:02.06 | Mem:233.72M, Peak:233.72M | Scene, ViewLayer | Updating Geometry BVH W17_s00_mesh 138/1402 | Building BVH
Fra:1 Mem:623.63M (Peak 623.79M) | Time:00:02.06 | Mem:233.72M, Peak:233.72M | Scene, ViewLayer | Updating Geometry BVH W17_s01_mesh 139/1402 | Building BVH
Fra:1 Mem:623.63M (Peak 623.79M) | Time:00:02.06 | Mem:233.73M, Peak:233.73M | Scene, ViewLayer | Updating Geometry BVH fx_chair_A6s_leg01_mesh 1395/1402 | Building BVH
Fra:1 Mem:623.63M (Peak 623.79M) | Time:00:02.06 | Mem:233.74M, Peak:233.74M | Scene, ViewLayer | Updating Geometry BVH W17_s02_mesh 140/1402 | Building BVH
Fra:1 Mem:623.63M (Peak 623.79M) | Time:00:02.06 | Mem:233.74M, Peak:233.74M | Scene, ViewLayer | Updating Geometry BVH W18_s00_mesh 141/1402 | Building BVH
Fra:1 Mem:623.63M (Peak 623.79M) | Time:00:02.06 | Mem:233.74M, Peak:233.74M | Scene, ViewLayer | Updating Geometry BVH W18_s01_mesh 142/1402 | Building BVH
Fra:1 Mem:623.63M (Peak 623.79M) | Time:00:02.06 | Mem:233.74M, Peak:233.75M | Scene, ViewLayer | Updating Geometry BVH W18_s02_mesh 143/1402 | Building BVH
Fra:1 Mem:623.63M (Peak 623.79M) | Time:00:02.06 | Mem:233.76M, Peak:233.76M | Scene, ViewLayer | Updating Geometry BVH W18_s03_mesh 144/1402 | Building BVH
Fra:1 Mem:623.63M (Peak 623.79M) | Time:00:02.06 | Mem:233.76M, Peak:233.76M | Scene, ViewLayer | Updating Geometry BVH W19_s01_mesh 146/1402 | Building BVH
Fra:1 Mem:623.63M (Peak 623.79M) | Time:00:02.06 | Mem:233.80M, Peak:233.80M | Scene, ViewLayer | Updating Geometry BVH W19_s00_mesh 145/1402 | Building BVH
Fra:1 Mem:623.63M (Peak 623.79M) | Time:00:02.06 | Mem:233.81M, Peak:233.81M | Scene, ViewLayer | Updating Geometry BVH W19_s02_mesh 147/1402 | Building BVH
Fra:1 Mem:623.63M (Peak 623.79M) | Time:00:02.06 | Mem:233.87M, Peak:233.87M | Scene, ViewLayer | Updating Geometry BVH W20_s00_mesh 148/1402 | Building BVH
Fra:1 Mem:623.63M (Peak 623.79M) | Time:00:02.06 | Mem:233.87M, Peak:233.87M | Scene, ViewLayer | Updating Geometry BVH W21_s00_mesh 149/1402 | Building BVH
Fra:1 Mem:623.63M (Peak 623.79M) | Time:00:02.06 | Mem:233.87M, Peak:233.87M | Scene, ViewLayer | Updating Geometry BVH W22_s00_mesh 150/1402 | Building BVH
Fra:1 Mem:623.63M (Peak 623.79M) | Time:00:02.06 | Mem:233.92M, Peak:233.92M | Scene, ViewLayer | Updating Geometry BVH W22_s01_mesh 151/1402 | Building BVH
Fra:1 Mem:623.63M (Peak 623.79M) | Time:00:02.06 | Mem:233.92M, Peak:233.92M | Scene, ViewLayer | Updating Geometry BVH W23_s00_mesh 152/1402 | Building BVH
Fra:1 Mem:623.63M (Peak 623.79M) | Time:00:02.06 | Mem:233.91M, Peak:233.92M | Scene, ViewLayer | Updating Geometry BVH W23_s01_mesh 153/1402 | Building BVH
Fra:1 Mem:623.63M (Peak 623.79M) | Time:00:02.06 | Mem:233.94M, Peak:233.94M | Scene, ViewLayer | Updating Geometry BVH W23_s02_mesh 154/1402 | Building BVH
Fra:1 Mem:623.63M (Peak 623.79M) | Time:00:02.06 | Mem:233.94M, Peak:233.94M | Scene, ViewLayer | Updating Geometry BVH W23_s03_mesh 155/1402 | Building BVH
Fra:1 Mem:623.63M (Peak 623.79M) | Time:00:02.06 | Mem:233.95M, Peak:233.95M | Scene, ViewLayer | Updating Geometry BVH fx_chair_A6s_back1_mesh 1394/1402 | Building BVH
Fra:1 Mem:623.63M (Peak 623.79M) | Time:00:02.06 | Mem:233.96M, Peak:233.96M | Scene, ViewLayer | Updating Geometry BVH W24_s00_mesh 156/1402 | Building BVH
Fra:1 Mem:623.63M (Peak 623.79M) | Time:00:02.06 | Mem:233.97M, Peak:233.97M | Scene, ViewLayer | Updating Geometry BVH W25_s00_mesh 157/1402 | Building BVH
Fra:1 Mem:623.63M (Peak 623.79M) | Time:00:02.06 | Mem:233.98M, Peak:233.98M | Scene, ViewLayer | Updating Geometry BVH W26_s00_mesh 158/1402 | Building BVH
Fra:1 Mem:623.63M (Peak 623.79M) | Time:00:02.06 | Mem:253.46M, Peak:253.47M | Scene, ViewLayer | Updating Geometry BVH W27_s00_mesh 159/1402 | Building BVH
Fra:1 Mem:623.63M (Peak 623.79M) | Time:00:02.06 | Mem:253.46M, Peak:253.47M | Scene, ViewLayer | Updating Geometry BVH W27_s01_mesh 160/1402 | Building BVH
Fra:1 Mem:623.63M (Peak 623.79M) | Time:00:02.06 | Mem:253.47M, Peak:253.47M | Scene, ViewLayer | Updating Geometry BVH W27_s02_mesh 161/1402 | Building BVH
Fra:1 Mem:623.63M (Peak 623.79M) | Time:00:02.06 | Mem:253.47M, Peak:253.48M | Scene, ViewLayer | Updating Geometry BVH W28_s00_mesh 162/1402 | Building BVH
Fra:1 Mem:623.63M (Peak 623.79M) | Time:00:02.06 | Mem:253.49M, Peak:253.49M | Scene, ViewLayer | Updating Geometry BVH W29_s00_mesh 163/1402 | Building BVH
Fra:1 Mem:623.63M (Peak 623.79M) | Time:00:02.06 | Mem:253.49M, Peak:253.49M | Scene, ViewLayer | Updating Geometry BVH win_W01_0bot_mesh 164/1402 | Building BVH
Fra:1 Mem:623.63M (Peak 623.79M) | Time:00:02.06 | Mem:253.54M, Peak:253.54M | Scene, ViewLayer | Updating Geometry BVH win_W01_0top_mesh 165/1402 | Building BVH
Fra:1 Mem:623.63M (Peak 623.79M) | Time:00:02.06 | Mem:253.54M, Peak:253.54M | Scene, ViewLayer | Updating Geometry BVH win_W01_0lft_mesh 166/1402 | Building BVH
Fra:1 Mem:623.63M (Peak 623.79M) | Time:00:02.06 | Mem:253.54M, Peak:253.54M | Scene, ViewLayer | Updating Geometry BVH win_W01_0rgt_mesh 167/1402 | Building BVH
Fra:1 Mem:623.63M (Peak 623.79M) | Time:00:02.06 | Mem:253.54M, Peak:253.54M | Scene, ViewLayer | Updating Geometry BVH win_W01_0mul1_mesh 168/1402 | Building BVH
Fra:1 Mem:623.63M (Peak 623.79M) | Time:00:02.06 | Mem:277.90M, Peak:277.90M | Scene, ViewLayer | Updating Geometry BVH win_W01_0glass_mesh 169/1402 | Building BVH
Fra:1 Mem:623.63M (Peak 623.79M) | Time:00:02.06 | Mem:277.90M, Peak:277.90M | Scene, ViewLayer | Updating Geometry BVH fx_chair_A6s_back0_mesh 1393/1402 | Building BVH
Fra:1 Mem:623.63M (Peak 623.79M) | Time:00:02.06 | Mem:277.90M, Peak:277.90M | Scene, ViewLayer | Updating Geometry BVH win_W02_0bot_mesh 170/1402 | Building BVH
Fra:1 Mem:623.63M (Peak 623.79M) | Time:00:02.06 | Mem:277.91M, Peak:277.91M | Scene, ViewLayer | Updating Geometry BVH win_W02_0top_mesh 171/1402 | Building BVH
Fra:1 Mem:623.63M (Peak 623.79M) | Time:00:02.06 | Mem:277.93M, Peak:277.93M | Scene, ViewLayer | Updating Geometry BVH win_W02_0lft_mesh 172/1402 | Building BVH
Fra:1 Mem:623.63M (Peak 623.79M) | Time:00:02.06 | Mem:277.96M, Peak:277.96M | Scene, ViewLayer | Updating Geometry BVH win_W02_0rgt_mesh 173/1402 | Building BVH
Fra:1 Mem:623.63M (Peak 623.79M) | Time:00:02.06 | Mem:277.96M, Peak:277.96M | Scene, ViewLayer | Updating Geometry BVH win_W02_0glass_mesh 174/1402 | Building BVH
Fra:1 Mem:623.63M (Peak 623.79M) | Time:00:02.07 | Mem:277.97M, Peak:277.97M | Scene, ViewLayer | Updating Geometry BVH win_W05_0bot_mesh 175/1402 | Building BVH
Fra:1 Mem:623.63M (Peak 623.79M) | Time:00:02.07 | Mem:277.98M, Peak:277.98M | Scene, ViewLayer | Updating Geometry BVH fx_chair_A6s_seat_mesh 1392/1402 | Building BVH
Fra:1 Mem:623.63M (Peak 623.79M) | Time:00:02.07 | Mem:277.99M, Peak:278.00M | Scene, ViewLayer | Updating Geometry BVH win_W05_0top_mesh 176/1402 | Building BVH
Fra:1 Mem:623.63M (Peak 623.79M) | Time:00:02.07 | Mem:278.00M, Peak:278.00M | Scene, ViewLayer | Updating Geometry BVH fx_chair_A6n_leg11_mesh.001 1391/1402 | Building BVH
Fra:1 Mem:623.63M (Peak 623.79M) | Time:00:02.07 | Mem:278.01M, Peak:278.01M | Scene, ViewLayer | Updating Geometry BVH win_W05_0lft_mesh 177/1402 | Building BVH
Fra:1 Mem:623.63M (Peak 623.79M) | Time:00:02.07 | Mem:278.03M, Peak:278.03M | Scene, ViewLayer | Updating Geometry BVH fx_chair_A6n_leg11_mesh 1390/1402 | Building BVH
Fra:1 Mem:623.63M (Peak 623.79M) | Time:00:02.07 | Mem:278.04M, Peak:278.04M | Scene, ViewLayer | Updating Geometry BVH fx_chair_A6n_leg01_mesh.001 1389/1402 | Building BVH
Fra:1 Mem:623.63M (Peak 623.79M) | Time:00:02.07 | Mem:278.06M, Peak:278.06M | Scene, ViewLayer | Updating Geometry BVH fx_chair_A6n_leg01_mesh 1388/1402 | Building BVH
Fra:1 Mem:623.63M (Peak 623.79M) | Time:00:02.07 | Mem:278.07M, Peak:278.07M | Scene, ViewLayer | Updating Geometry BVH fx_chair_A6n_back1_mesh 1387/1402 | Building BVH
Fra:1 Mem:623.63M (Peak 623.79M) | Time:00:02.07 | Mem:278.09M, Peak:278.09M | Scene, ViewLayer | Updating Geometry BVH fx_chair_A6n_back0_mesh 1386/1402 | Building BVH
Fra:1 Mem:623.63M (Peak 623.79M) | Time:00:02.07 | Mem:278.10M, Peak:278.11M | Scene, ViewLayer | Updating Geometry BVH fx_chair_A6n_seat_mesh 1385/1402 | Building BVH
Fra:1 Mem:623.63M (Peak 623.79M) | Time:00:02.07 | Mem:278.12M, Peak:278.12M | Scene, ViewLayer | Updating Geometry BVH f1_tvw_art_mesh 1384/1402 | Building BVH
Fra:1 Mem:623.63M (Peak 623.79M) | Time:00:02.08 | Mem:278.13M, Peak:278.13M | Scene, ViewLayer | Updating Geometry BVH f1_tvw_art_frame_mesh 1383/1402 | Building BVH
Fra:1 Mem:623.63M (Peak 623.79M) | Time:00:02.08 | Mem:278.14M, Peak:278.14M | Scene, ViewLayer | Updating Geometry BVH f1_tvw_slat14_mesh 1382/1402 | Building BVH
Fra:1 Mem:623.63M (Peak 623.79M) | Time:00:02.08 | Mem:278.14M, Peak:278.15M | Scene, ViewLayer | Updating Geometry BVH f1_tvw_slat13_mesh 1381/1402 | Building BVH
Fra:1 Mem:623.63M (Peak 623.79M) | Time:00:02.08 | Mem:278.15M, Peak:278.15M | Scene, ViewLayer | Updating Geometry BVH f1_tvw_slat12_mesh 1380/1402 | Building BVH
Fra:1 Mem:623.63M (Peak 623.79M) | Time:00:02.08 | Mem:278.16M, Peak:278.16M | Scene, ViewLayer | Updating Geometry BVH f1_tvw_slat11_mesh 1379/1402 | Building BVH
Fra:1 Mem:623.63M (Peak 623.79M) | Time:00:02.08 | Mem:278.17M, Peak:278.17M | Scene, ViewLayer | Updating Geometry BVH f1_tvw_slat10_mesh 1378/1402 | Building BVH
Fra:1 Mem:623.63M (Peak 623.79M) | Time:00:02.08 | Mem:278.18M, Peak:278.18M | Scene, ViewLayer | Updating Geometry BVH f1_tvw_slat09_mesh 1377/1402 | Building BVH
Fra:1 Mem:623.63M (Peak 623.79M) | Time:00:02.08 | Mem:278.19M, Peak:278.19M | Scene, ViewLayer | Updating Geometry BVH f1_tvw_slat08_mesh 1376/1402 | Building BVH
Fra:1 Mem:623.63M (Peak 623.79M) | Time:00:02.08 | Mem:278.20M, Peak:278.20M | Scene, ViewLayer | Updating Geometry BVH f1_tvw_slat07_mesh 1375/1402 | Building BVH
Fra:1 Mem:623.63M (Peak 623.79M) | Time:00:02.09 | Mem:278.21M, Peak:278.21M | Scene, ViewLayer | Updating Geometry BVH f1_tvw_slat06_mesh 1374/1402 | Building BVH
Fra:1 Mem:623.63M (Peak 623.79M) | Time:00:02.09 | Mem:278.22M, Peak:278.22M | Scene, ViewLayer | Updating Geometry BVH f1_tvw_slat05_mesh 1373/1402 | Building BVH
Fra:1 Mem:623.63M (Peak 623.79M) | Time:00:02.09 | Mem:278.23M, Peak:278.23M | Scene, ViewLayer | Updating Geometry BVH f1_tvw_slat04_mesh 1372/1402 | Building BVH
Fra:1 Mem:623.63M (Peak 623.79M) | Time:00:02.09 | Mem:278.23M, Peak:278.24M | Scene, ViewLayer | Updating Geometry BVH f1_tvw_slat03_mesh 1371/1402 | Building BVH
Fra:1 Mem:623.63M (Peak 623.79M) | Time:00:02.09 | Mem:278.24M, Peak:278.24M | Scene, ViewLayer | Updating Geometry BVH f1_tvw_slat02_mesh 1370/1402 | Building BVH
Fra:1 Mem:623.63M (Peak 623.79M) | Time:00:02.09 | Mem:278.25M, Peak:278.25M | Scene, ViewLayer | Updating Geometry BVH f1_tvw_slat01_mesh 1369/1402 | Building BVH
Fra:1 Mem:623.63M (Peak 623.79M) | Time:00:02.09 | Mem:278.26M, Peak:278.26M | Scene, ViewLayer | Updating Geometry BVH f1_tvw_slat00_mesh 1368/1402 | Building BVH
Fra:1 Mem:623.63M (Peak 623.79M) | Time:00:02.10 | Mem:278.27M, Peak:278.27M | Scene, ViewLayer | Updating Geometry BVH f1_tvw_led_t_mesh 1367/1402 | Building BVH
Fra:1 Mem:623.63M (Peak 623.79M) | Time:00:02.10 | Mem:278.28M, Peak:278.28M | Scene, ViewLayer | Updating Geometry BVH f1_tvw_led_n_mesh 1366/1402 | Building BVH
Fra:1 Mem:623.63M (Peak 623.79M) | Time:00:02.10 | Mem:278.29M, Peak:278.29M | Scene, ViewLayer | Updating Geometry BVH f1_tvw_led_s_mesh 1365/1402 | Building BVH
Fra:1 Mem:623.63M (Peak 623.79M) | Time:00:02.10 | Mem:278.30M, Peak:278.30M | Scene, ViewLayer | Updating Geometry BVH f1_tvw_panel_mesh 1364/1402 | Building BVH
Fra:1 Mem:623.63M (Peak 623.79M) | Time:00:02.11 | Mem:278.31M, Peak:278.31M | Scene, ViewLayer | Updating Geometry BVH f1_tvc_strip_mesh 1363/1402 | Building BVH
Fra:1 Mem:623.63M (Peak 623.79M) | Time:00:02.11 | Mem:278.32M, Peak:278.32M | Scene, ViewLayer | Updating Geometry BVH f1_tvc_topline_mesh 1362/1402 | Building BVH
Fra:1 Mem:623.63M (Peak 623.79M) | Time:00:02.11 | Mem:278.32M, Peak:278.33M | Scene, ViewLayer | Updating Geometry BVH f1_tvc_gap_mesh 1361/1402 | Building BVH
Fra:1 Mem:623.63M (Peak 623.79M) | Time:00:02.11 | Mem:278.33M, Peak:278.33M | Scene, ViewLayer | Updating Geometry BVH f1_tvc_body_mesh 1360/1402 | Building BVH
Fra:1 Mem:623.63M (Peak 623.79M) | Time:00:02.11 | Mem:278.34M, Peak:278.34M | Scene, ViewLayer | Updating Geometry BVH fx_curt_living_bo_e_A_mesh 1359/1402 | Building BVH
Fra:1 Mem:623.63M (Peak 623.79M) | Time:00:02.11 | Mem:278.36M, Peak:278.36M | Scene, ViewLayer | Updating Geometry BVH fx_curt_living_bo_w_A_mesh 1358/1402 | Building BVH
Fra:1 Mem:623.63M (Peak 623.79M) | Time:00:02.11 | Mem:278.37M, Peak:278.38M | Scene, ViewLayer | Updating Geometry BVH fx_curt_living_sheer_A_mesh 1357/1402 | Building BVH
Fra:1 Mem:623.63M (Peak 623.79M) | Time:00:02.11 | Mem:278.38M, Peak:278.38M | Scene, ViewLayer | Updating Geometry BVH win_W05_0rgt_mesh 178/1402 | Building BVH
Fra:1 Mem:623.63M (Peak 623.79M) | Time:00:02.11 | Mem:278.38M, Peak:278.38M | Scene, ViewLayer | Updating Geometry BVH win_W06_0bot_mesh 180/1402 | Building BVH
Fra:1 Mem:623.63M (Peak 623.79M) | Time:00:02.11 | Mem:278.38M, Peak:278.38M | Scene, ViewLayer | Updating Geometry BVH win_W18_0bot_mesh 191/1402 | Building BVH
Fra:1 Mem:623.63M (Peak 623.79M) | Time:00:02.11 | Mem:278.39M, Peak:278.39M | Scene, ViewLayer | Updating Geometry BVH win_W18_0mul2_mesh 196/1402 | Building BVH
Fra:1 Mem:623.63M (Peak 623.79M) | Time:00:02.11 | Mem:278.55M, Peak:278.55M | Scene, ViewLayer | Updating Geometry BVH win_W18_0mul3_mesh 197/1402 | Building BVH
Fra:1 Mem:623.63M (Peak 623.79M) | Time:00:02.12 | Mem:253.11M, Peak:278.57M | Scene, ViewLayer | Updating Geometry BVH win_W18_0glass_mesh 198/1402 | Building BVH
Fra:1 Mem:623.63M (Peak 623.79M) | Time:00:02.12 | Mem:253.12M, Peak:278.57M | Scene, ViewLayer | Updating Geometry BVH win_W23_0bot_mesh 199/1402 | Building BVH
Fra:1 Mem:623.63M (Peak 623.79M) | Time:00:02.12 | Mem:253.12M, Peak:278.57M | Scene, ViewLayer | Updating Geometry BVH win_W23_0lft_mesh 201/1402 | Building BVH
Fra:1 Mem:623.63M (Peak 623.79M) | Time:00:02.12 | Mem:253.12M, Peak:278.57M | Scene, ViewLayer | Updating Geometry BVH door_W07_0jlfti_mesh 206/1402 | Building BVH
Fra:1 Mem:623.63M (Peak 623.79M) | Time:00:02.12 | Mem:253.12M, Peak:278.57M | Scene, ViewLayer | Updating Geometry BVH door_W07_0jrgto_mesh 207/1402 | Building BVH
Fra:1 Mem:623.63M (Peak 623.79M) | Time:00:02.12 | Mem:253.12M, Peak:278.57M | Scene, ViewLayer | Updating Geometry BVH door_W07_0lin_l_mesh 211/1402 | Building BVH
Fra:1 Mem:623.63M (Peak 623.79M) | Time:00:02.12 | Mem:253.12M, Peak:278.57M | Scene, ViewLayer | Updating Geometry BVH door_W07_0lin_t_mesh 213/1402 | Building BVH
Fra:1 Mem:623.63M (Peak 623.79M) | Time:00:02.12 | Mem:253.13M, Peak:278.57M | Scene, ViewLayer | Updating Geometry BVH door_W07_0hdl_mesh 215/1402 | Building BVH
Fra:1 Mem:623.63M (Peak 623.79M) | Time:00:02.12 | Mem:253.13M, Peak:278.57M | Scene, ViewLayer | Updating Geometry BVH door_W08_0jlfto_mesh 216/1402 | Building BVH
Fra:1 Mem:623.63M (Peak 623.79M) | Time:00:02.12 | Mem:253.13M, Peak:278.57M | Scene, ViewLayer | Updating Geometry BVH door_W08_0jrgto_mesh 218/1402 | Building BVH
Fra:1 Mem:623.63M (Peak 623.79M) | Time:00:02.12 | Mem:253.15M, Peak:278.57M | Scene, ViewLayer | Updating Geometry BVH door_W08_0jrgti_mesh 219/1402 | Building BVH
Fra:1 Mem:623.63M (Peak 623.79M) | Time:00:02.12 | Mem:253.17M, Peak:278.57M | Scene, ViewLayer | Updating Geometry BVH door_W08_0jtopo_mesh 220/1402 | Building BVH
Fra:1 Mem:623.63M (Peak 623.79M) | Time:00:02.12 | Mem:253.19M, Peak:278.57M | Scene, ViewLayer | Updating Geometry BVH door_W08_0jtopi_mesh 221/1402 | Building BVH
Fra:1 Mem:623.63M (Peak 623.79M) | Time:00:02.12 | Mem:253.22M, Peak:278.57M | Scene, ViewLayer | Updating Geometry BVH door_W08_0lin_l_mesh 222/1402 | Building BVH
Fra:1 Mem:623.63M (Peak 623.79M) | Time:00:02.12 | Mem:253.23M, Peak:278.57M | Scene, ViewLayer | Updating Geometry BVH door_W08_0lin_r_mesh 223/1402 | Building BVH
Fra:1 Mem:623.63M (Peak 623.79M) | Time:00:02.12 | Mem:253.24M, Peak:278.57M | Scene, ViewLayer | Updating Geometry BVH door_W08_0lft_mesh 225/1402 | Building BVH
Fra:1 Mem:623.63M (Peak 623.79M) | Time:00:02.12 | Mem:253.38M, Peak:278.57M | Scene, ViewLayer | Updating Geometry BVH door_W08_0rgt_mesh 226/1402 | Building BVH
Fra:1 Mem:623.63M (Peak 623.79M) | Time:00:02.12 | Mem:253.38M, Peak:278.57M | Scene, ViewLayer | Updating Geometry BVH door_W08_0top_mesh 227/1402 | Building BVH
Fra:1 Mem:623.63M (Peak 623.79M) | Time:00:02.12 | Mem:253.39M, Peak:278.57M | Scene, ViewLayer | Updating Geometry BVH door_W08_0bot_mesh 228/1402 | Building BVH
Fra:1 Mem:623.63M (Peak 623.79M) | Time:00:02.12 | Mem:253.39M, Peak:278.57M | Scene, ViewLayer | Updating Geometry BVH door_W08_0fglass_mesh 229/1402 | Building BVH
Fra:1 Mem:623.63M (Peak 623.79M) | Time:00:02.12 | Mem:253.40M, Peak:278.57M | Scene, ViewLayer | Updating Geometry BVH door_W08_0hdl_mesh 230/1402 | Building BVH
Fra:1 Mem:623.63M (Peak 623.79M) | Time:00:02.12 | Mem:253.42M, Peak:278.57M | Scene, ViewLayer | Updating Geometry BVH door_W13_0jlfto_mesh 231/1402 | Building BVH
Fra:1 Mem:623.63M (Peak 623.79M) | Time:00:02.12 | Mem:253.42M, Peak:278.57M | Scene, ViewLayer | Updating Geometry BVH door_W13_0jlfti_mesh 232/1402 | Building BVH
Fra:1 Mem:623.63M (Peak 623.79M) | Time:00:02.12 | Mem:253.43M, Peak:278.57M | Scene, ViewLayer | Updating Geometry BVH door_W13_0jrgto_mesh 233/1402 | Building BVH
Fra:1 Mem:623.63M (Peak 623.79M) | Time:00:02.12 | Mem:253.43M, Peak:278.57M | Scene, ViewLayer | Updating Geometry BVH door_W13_0jrgti_mesh 234/1402 | Building BVH
Fra:1 Mem:623.63M (Peak 623.79M) | Time:00:02.12 | Mem:253.43M, Peak:278.57M | Scene, ViewLayer | Updating Geometry BVH door_W13_0jtopo_mesh 235/1402 | Building BVH
Fra:1 Mem:623.63M (Peak 623.79M) | Time:00:02.12 | Mem:253.43M, Peak:278.57M | Scene, ViewLayer | Updating Geometry BVH door_W13_0jtopi_mesh 236/1402 | Building BVH
Fra:1 Mem:623.63M (Peak 623.79M) | Time:00:02.12 | Mem:253.44M, Peak:278.57M | Scene, ViewLayer | Updating Geometry BVH door_W13_0lin_r_mesh 238/1402 | Building BVH
Fra:1 Mem:623.63M (Peak 623.79M) | Time:00:02.12 | Mem:253.44M, Peak:278.57M | Scene, ViewLayer | Updating Geometry BVH door_W13_0lin_t_mesh 239/1402 | Building BVH
Fra:1 Mem:623.63M (Peak 623.79M) | Time:00:02.12 | Mem:253.46M, Peak:278.57M | Scene, ViewLayer | Updating Geometry BVH door_W13_0leaf_mesh 240/1402 | Building BVH
Fra:1 Mem:623.63M (Peak 623.79M) | Time:00:02.12 | Mem:253.48M, Peak:278.57M | Scene, ViewLayer | Updating Geometry BVH door_W14_0jlfto_mesh 242/1402 | Building BVH
Fra:1 Mem:623.63M (Peak 623.79M) | Time:00:02.12 | Mem:253.49M, Peak:278.57M | Scene, ViewLayer | Updating Geometry BVH door_W14_0jlfti_mesh 243/1402 | Building BVH
Fra:1 Mem:623.63M (Peak 623.79M) | Time:00:02.12 | Mem:253.49M, Peak:278.57M | Scene, ViewLayer | Updating Geometry BVH door_W14_0jrgto_mesh 244/1402 | Building BVH
Fra:1 Mem:623.63M (Peak 623.79M) | Time:00:02.12 | Mem:253.49M, Peak:278.57M | Scene, ViewLayer | Updating Geometry BVH door_W14_0jrgti_mesh 245/1402 | Building BVH
Fra:1 Mem:623.63M (Peak 623.79M) | Time:00:02.12 | Mem:253.51M, Peak:278.57M | Scene, ViewLayer | Updating Geometry BVH door_W14_0jtopo_mesh 246/1402 | Building BVH
Fra:1 Mem:623.63M (Peak 623.79M) | Time:00:02.12 | Mem:253.52M, Peak:278.57M | Scene, ViewLayer | Updating Geometry BVH A_living_dining_balcony_lounge_chair_01_arm0_mesh 1355/1402 | Building BVH
Fra:1 Mem:623.63M (Peak 623.79M) | Time:00:02.12 | Mem:253.55M, Peak:278.57M | Scene, ViewLayer | Updating Geometry BVH door_W14_0lin_l_mesh 248/1402 | Building BVH
Fra:1 Mem:623.63M (Peak 623.79M) | Time:00:02.12 | Mem:253.56M, Peak:278.57M | Scene, ViewLayer | Updating Geometry BVH door_W14_0lin_r_mesh 249/1402 | Building BVH
Fra:1 Mem:623.63M (Peak 623.79M) | Time:00:02.12 | Mem:253.60M, Peak:278.57M | Scene, ViewLayer | Updating Geometry BVH door_W14_0lin_t_mesh 250/1402 | Building BVH
Fra:1 Mem:623.63M (Peak 623.79M) | Time:00:02.12 | Mem:253.62M, Peak:278.57M | Scene, ViewLayer | Updating Geometry BVH door_W14_0leaf_mesh 251/1402 | Building BVH
Fra:1 Mem:623.63M (Peak 623.79M) | Time:00:02.12 | Mem:253.62M, Peak:278.57M | Scene, ViewLayer | Updating Geometry BVH door_W14_0hdl_mesh 252/1402 | Building BVH
Fra:1 Mem:623.63M (Peak 623.79M) | Time:00:02.12 | Mem:253.62M, Peak:278.57M | Scene, ViewLayer | Updating Geometry BVH door_W14_1jlfto_mesh 253/1402 | Building BVH
Fra:1 Mem:623.63M (Peak 623.79M) | Time:00:02.12 | Mem:253.62M, Peak:278.57M | Scene, ViewLayer | Updating Geometry BVH A_living_dining_balcony_lounge_chair_01_leg3_mesh 1354/1402 | Building BVH
Fra:1 Mem:623.63M (Peak 623.79M) | Time:00:02.12 | Mem:253.65M, Peak:278.57M | Scene, ViewLayer | Updating Geometry BVH door_W14_1jlfti_mesh 254/1402 | Building BVH
Fra:1 Mem:623.63M (Peak 623.79M) | Time:00:02.12 | Mem:253.65M, Peak:278.57M | Scene, ViewLayer | Updating Geometry BVH door_W14_1jrgto_mesh 255/1402 | Building BVH
Fra:1 Mem:623.63M (Peak 623.79M) | Time:00:02.12 | Mem:253.66M, Peak:278.57M | Scene, ViewLayer | Updating Geometry BVH door_W14_1jrgti_mesh 256/1402 | Building BVH
Fra:1 Mem:623.63M (Peak 623.79M) | Time:00:02.12 | Mem:253.66M, Peak:278.57M | Scene, ViewLayer | Updating Geometry BVH door_W14_1jtopo_mesh 257/1402 | Building BVH
Fra:1 Mem:623.63M (Peak 623.79M) | Time:00:02.12 | Mem:253.66M, Peak:278.57M | Scene, ViewLayer | Updating Geometry BVH door_W14_1jtopi_mesh 258/1402 | Building BVH
Fra:1 Mem:623.63M (Peak 623.79M) | Time:00:02.12 | Mem:253.70M, Peak:278.57M | Scene, ViewLayer | Updating Geometry BVH door_W14_1lin_l_mesh 259/1402 | Building BVH
Fra:1 Mem:623.63M (Peak 623.79M) | Time:00:02.12 | Mem:253.70M, Peak:278.57M | Scene, ViewLayer | Updating Geometry BVH door_W14_1lin_r_mesh 260/1402 | Building BVH
Fra:1 Mem:623.63M (Peak 623.79M) | Time:00:02.12 | Mem:253.70M, Peak:278.57M | Scene, ViewLayer | Updating Geometry BVH door_W14_1lin_t_mesh 261/1402 | Building BVH
Fra:1 Mem:623.63M (Peak 623.79M) | Time:00:02.12 | Mem:253.70M, Peak:278.57M | Scene, ViewLayer | Updating Geometry BVH door_W14_1lft_mesh 262/1402 | Building BVH
Fra:1 Mem:623.63M (Peak 623.79M) | Time:00:02.12 | Mem:253.70M, Peak:278.57M | Scene, ViewLayer | Updating Geometry BVH door_W14_1rgt_mesh 263/1402 | Building BVH
Fra:1 Mem:623.63M (Peak 623.79M) | Time:00:02.12 | Mem:253.70M, Peak:278.57M | Scene, ViewLayer | Updating Geometry BVH door_W14_1top_mesh 264/1402 | Building BVH
Fra:1 Mem:623.63M (Peak 623.79M) | Time:00:02.12 | Mem:253.70M, Peak:278.57M | Scene, ViewLayer | Updating Geometry BVH door_W14_1bot_mesh 265/1402 | Building BVH
Fra:1 Mem:623.63M (Peak 623.79M) | Time:00:02.12 | Mem:253.71M, Peak:278.57M | Scene, ViewLayer | Updating Geometry BVH door_W14_1fglass_mesh 266/1402 | Building BVH
Fra:1 Mem:623.63M (Peak 623.79M) | Time:00:02.12 | Mem:253.72M, Peak:278.57M | Scene, ViewLayer | Updating Geometry BVH door_W15_0jlfto_mesh 268/1402 | Building BVH
Fra:1 Mem:623.63M (Peak 623.79M) | Time:00:02.12 | Mem:253.76M, Peak:278.57M | Scene, ViewLayer | Updating Geometry BVH door_W15_0jlfti_mesh 269/1402 | Building BVH
Fra:1 Mem:623.63M (Peak 623.79M) | Time:00:02.12 | Mem:253.76M, Peak:278.57M | Scene, ViewLayer | Updating Geometry BVH door_W15_0jrgto_mesh 270/1402 | Building BVH
Fra:1 Mem:623.63M (Peak 623.79M) | Time:00:02.12 | Mem:253.77M, Peak:278.57M | Scene, ViewLayer | Updating Geometry BVH door_W15_0jrgti_mesh 271/1402 | Building BVH
Fra:1 Mem:623.63M (Peak 623.79M) | Time:00:02.12 | Mem:253.77M, Peak:278.57M | Scene, ViewLayer | Updating Geometry BVH door_W15_0jtopo_mesh 272/1402 | Building BVH
Fra:1 Mem:623.63M (Peak 623.79M) | Time:00:02.12 | Mem:253.78M, Peak:278.57M | Scene, ViewLayer | Updating Geometry BVH door_W15_0jtopi_mesh 273/1402 | Building BVH
Fra:1 Mem:623.63M (Peak 623.79M) | Time:00:02.12 | Mem:253.80M, Peak:278.57M | Scene, ViewLayer | Updating Geometry BVH door_W15_0lin_l_mesh 274/1402 | Building BVH
Fra:1 Mem:623.63M (Peak 623.79M) | Time:00:02.12 | Mem:253.81M, Peak:278.57M | Scene, ViewLayer | Updating Geometry BVH door_W15_0lin_r_mesh 275/1402 | Building BVH
Fra:1 Mem:623.63M (Peak 623.79M) | Time:00:02.12 | Mem:253.84M, Peak:278.57M | Scene, ViewLayer | Updating Geometry BVH A_living_dining_balcony_lounge_chair_01_leg2_mesh 1353/1402 | Building BVH
Fra:1 Mem:623.63M (Peak 623.79M) | Time:00:02.12 | Mem:253.84M, Peak:278.57M | Scene, ViewLayer | Updating Geometry BVH door_W15_0lin_t_mesh 276/1402 | Building BVH
Fra:1 Mem:623.63M (Peak 623.79M) | Time:00:02.12 | Mem:253.86M, Peak:278.57M | Scene, ViewLayer | Updating Geometry BVH door_W15_0_bot_mesh 277/1402 | Building BVH
Fra:1 Mem:623.63M (Peak 623.79M) | Time:00:02.12 | Mem:253.86M, Peak:278.57M | Scene, ViewLayer | Updating Geometry BVH door_W15_0_top_mesh 278/1402 | Building BVH
Fra:1 Mem:623.63M (Peak 623.79M) | Time:00:02.12 | Mem:253.87M, Peak:278.57M | Scene, ViewLayer | Updating Geometry BVH door_W15_0_lft_mesh 279/1402 | Building BVH
Fra:1 Mem:623.63M (Peak 623.79M) | Time:00:02.12 | Mem:253.87M, Peak:278.57M | Scene, ViewLayer | Updating Geometry BVH door_W15_0_rgt_mesh 280/1402 | Building BVH
Fra:1 Mem:623.63M (Peak 623.79M) | Time:00:02.12 | Mem:253.87M, Peak:278.57M | Scene, ViewLayer | Updating Geometry BVH door_W15_0_glass_mesh 281/1402 | Building BVH
Fra:1 Mem:623.63M (Peak 623.79M) | Time:00:02.12 | Mem:253.87M, Peak:278.57M | Scene, ViewLayer | Updating Geometry BVH door_W15_1_bot_mesh 282/1402 | Building BVH
Fra:1 Mem:623.63M (Peak 623.79M) | Time:00:02.12 | Mem:253.90M, Peak:278.57M | Scene, ViewLayer | Updating Geometry BVH door_W15_1_lft_mesh 284/1402 | Building BVH
Fra:1 Mem:623.63M (Peak 623.79M) | Time:00:02.12 | Mem:253.94M, Peak:278.57M | Scene, ViewLayer | Updating Geometry BVH door_W15_1_rgt_mesh 285/1402 | Building BVH
Fra:1 Mem:623.63M (Peak 623.79M) | Time:00:02.12 | Mem:253.94M, Peak:278.57M | Scene, ViewLayer | Updating Geometry BVH door_W15_1_glass_mesh 286/1402 | Building BVH
Fra:1 Mem:623.63M (Peak 623.79M) | Time:00:02.12 | Mem:253.94M, Peak:278.57M | Scene, ViewLayer | Updating Geometry BVH door_W17_0jlfto_mesh 287/1402 | Building BVH
Fra:1 Mem:623.63M (Peak 623.79M) | Time:00:02.12 | Mem:253.94M, Peak:278.57M | Scene, ViewLayer | Updating Geometry BVH door_W17_0jlfti_mesh 288/1402 | Building BVH
Fra:1 Mem:623.63M (Peak 623.79M) | Time:00:02.12 | Mem:253.97M, Peak:278.57M | Scene, ViewLayer | Updating Geometry BVH door_W17_0jrgto_mesh 289/1402 | Building BVH
Fra:1 Mem:623.63M (Peak 623.79M) | Time:00:02.12 | Mem:253.98M, Peak:278.57M | Scene, ViewLayer | Updating Geometry BVH door_W17_0jrgti_mesh 290/1402 | Building BVH
Fra:1 Mem:623.63M (Peak 623.79M) | Time:00:02.12 | Mem:254.00M, Peak:278.57M | Scene, ViewLayer | Updating Geometry BVH A_living_dining_balcony_lounge_chair_01_leg1_mesh 1352/1402 | Building BVH
Fra:1 Mem:623.63M (Peak 623.79M) | Time:00:02.12 | Mem:254.00M, Peak:278.57M | Scene, ViewLayer | Updating Geometry BVH door_W17_0jtopo_mesh 291/1402 | Building BVH
Fra:1 Mem:623.63M (Peak 623.79M) | Time:00:02.12 | Mem:254.00M, Peak:278.57M | Scene, ViewLayer | Updating Geometry BVH door_W17_0jtopi_mesh 292/1402 | Building BVH
Fra:1 Mem:623.63M (Peak 623.79M) | Time:00:02.12 | Mem:254.00M, Peak:278.57M | Scene, ViewLayer | Updating Geometry BVH door_W17_0lin_l_mesh 293/1402 | Building BVH
Fra:1 Mem:623.63M (Peak 623.79M) | Time:00:02.12 | Mem:254.00M, Peak:278.57M | Scene, ViewLayer | Updating Geometry BVH door_W17_0lin_r_mesh 294/1402 | Building BVH
Fra:1 Mem:623.63M (Peak 623.79M) | Time:00:02.12 | Mem:254.00M, Peak:278.57M | Scene, ViewLayer | Updating Geometry BVH door_W17_0lin_t_mesh 295/1402 | Building BVH
Fra:1 Mem:623.63M (Peak 623.79M) | Time:00:02.12 | Mem:254.00M, Peak:278.57M | Scene, ViewLayer | Updating Geometry BVH door_W17_0_bot_mesh 296/1402 | Building BVH
Fra:1 Mem:623.63M (Peak 623.79M) | Time:00:02.12 | Mem:254.03M, Peak:278.57M | Scene, ViewLayer | Updating Geometry BVH door_W17_0_lft_mesh 298/1402 | Building BVH
Fra:1 Mem:623.63M (Peak 623.79M) | Time:00:02.12 | Mem:254.05M, Peak:278.57M | Scene, ViewLayer | Updating Geometry BVH door_W17_0_rgt_mesh 299/1402 | Building BVH
Fra:1 Mem:623.63M (Peak 623.79M) | Time:00:02.12 | Mem:254.08M, Peak:278.57M | Scene, ViewLayer | Updating Geometry BVH door_W17_0_glass_mesh 300/1402 | Building BVH
Fra:1 Mem:623.63M (Peak 623.79M) | Time:00:02.12 | Mem:254.09M, Peak:278.57M | Scene, ViewLayer | Updating Geometry BVH door_W17_1_bot_mesh 301/1402 | Building BVH
Fra:1 Mem:623.63M (Peak 623.79M) | Time:00:02.12 | Mem:254.09M, Peak:278.57M | Scene, ViewLayer | Updating Geometry BVH door_W17_1_top_mesh 302/1402 | Building BVH
Fra:1 Mem:623.63M (Peak 623.79M) | Time:00:02.12 | Mem:254.09M, Peak:278.57M | Scene, ViewLayer | Updating Geometry BVH door_W17_1_rgt_mesh 304/1402 | Building BVH
Fra:1 Mem:623.63M (Peak 623.79M) | Time:00:02.12 | Mem:254.09M, Peak:278.57M | Scene, ViewLayer | Updating Geometry BVH door_W17_1_glass_mesh 305/1402 | Building BVH
Fra:1 Mem:623.63M (Peak 623.79M) | Time:00:02.12 | Mem:254.11M, Peak:278.57M | Scene, ViewLayer | Updating Geometry BVH door_W17_2_bot_mesh 306/1402 | Building BVH
Fra:1 Mem:623.63M (Peak 623.79M) | Time:00:02.12 | Mem:254.11M, Peak:278.57M | Scene, ViewLayer | Updating Geometry BVH door_W17_2_top_mesh 307/1402 | Building BVH
Fra:1 Mem:623.63M (Peak 623.79M) | Time:00:02.12 | Mem:254.16M, Peak:278.57M | Scene, ViewLayer | Updating Geometry BVH door_W17_2_lft_mesh 308/1402 | Building BVH
Fra:1 Mem:623.63M (Peak 623.79M) | Time:00:02.13 | Mem:254.16M, Peak:278.57M | Scene, ViewLayer | Updating Geometry BVH door_W17_2_rgt_mesh 309/1402 | Building BVH
Fra:1 Mem:623.63M (Peak 623.79M) | Time:00:02.13 | Mem:254.17M, Peak:278.57M | Scene, ViewLayer | Updating Geometry BVH door_W17_2_glass_mesh 310/1402 | Building BVH
Fra:1 Mem:623.63M (Peak 623.79M) | Time:00:02.13 | Mem:254.17M, Peak:278.57M | Scene, ViewLayer | Updating Geometry BVH door_W19_0jlfto_mesh 311/1402 | Building BVH
Fra:1 Mem:623.63M (Peak 623.79M) | Time:00:02.13 | Mem:254.18M, Peak:278.57M | Scene, ViewLayer | Updating Geometry BVH door_W19_0jlfti_mesh 312/1402 | Building BVH
Fra:1 Mem:623.63M (Peak 623.79M) | Time:00:02.13 | Mem:254.19M, Peak:278.57M | Scene, ViewLayer | Updating Geometry BVH door_W19_0jrgto_mesh 313/1402 | Building BVH
Fra:1 Mem:623.63M (Peak 623.79M) | Time:00:02.13 | Mem:254.21M, Peak:278.57M | Scene, ViewLayer | Updating Geometry BVH door_W19_0jrgti_mesh 314/1402 | Building BVH
Fra:1 Mem:623.63M (Peak 623.79M) | Time:00:02.13 | Mem:254.21M, Peak:278.57M | Scene, ViewLayer | Updating Geometry BVH door_W19_0jtopo_mesh 315/1402 | Building BVH
Fra:1 Mem:623.63M (Peak 623.79M) | Time:00:02.13 | Mem:254.21M, Peak:278.57M | Scene, ViewLayer | Updating Geometry BVH A_living_dining_balcony_lounge_chair_01_leg0_mesh 1351/1402 | Building BVH
Fra:1 Mem:623.63M (Peak 623.79M) | Time:00:02.13 | Mem:254.22M, Peak:278.57M | Scene, ViewLayer | Updating Geometry BVH door_W19_0jtopi_mesh 316/1402 | Building BVH
Fra:1 Mem:623.63M (Peak 623.79M) | Time:00:02.13 | Mem:254.23M, Peak:278.57M | Scene, ViewLayer | Updating Geometry BVH door_W19_0lin_l_mesh 317/1402 | Building BVH
Fra:1 Mem:623.63M (Peak 623.79M) | Time:00:02.13 | Mem:254.24M, Peak:278.57M | Scene, ViewLayer | Updating Geometry BVH door_W19_0lin_r_mesh 318/1402 | Building BVH
Fra:1 Mem:623.63M (Peak 623.79M) | Time:00:02.13 | Mem:254.27M, Peak:278.57M | Scene, ViewLayer | Updating Geometry BVH door_W19_0lin_t_mesh 319/1402 | Building BVH
Fra:1 Mem:623.63M (Peak 623.79M) | Time:00:02.13 | Mem:254.27M, Peak:278.57M | Scene, ViewLayer | Updating Geometry BVH door_W19_0leaf_mesh 320/1402 | Building BVH
Fra:1 Mem:623.63M (Peak 623.79M) | Time:00:02.13 | Mem:254.27M, Peak:278.57M | Scene, ViewLayer | Updating Geometry BVH door_W19_0hdl_mesh 321/1402 | Building BVH
Fra:1 Mem:623.63M (Peak 623.79M) | Time:00:02.13 | Mem:254.28M, Peak:278.57M | Scene, ViewLayer | Updating Geometry BVH door_W27_0jlfto_mesh 322/1402 | Building BVH
Fra:1 Mem:623.63M (Peak 623.79M) | Time:00:02.13 | Mem:254.30M, Peak:278.57M | Scene, ViewLayer | Updating Geometry BVH door_W27_0jlfti_mesh 323/1402 | Building BVH
Fra:1 Mem:623.63M (Peak 623.79M) | Time:00:02.13 | Mem:254.31M, Peak:278.57M | Scene, ViewLayer | Updating Geometry BVH door_W27_0jrgto_mesh 324/1402 | Building BVH
Fra:1 Mem:623.63M (Peak 623.79M) | Time:00:02.13 | Mem:254.31M, Peak:278.57M | Scene, ViewLayer | Updating Geometry BVH door_W27_0jrgti_mesh 325/1402 | Building BVH
Fra:1 Mem:623.63M (Peak 623.79M) | Time:00:02.13 | Mem:254.31M, Peak:278.57M | Scene, ViewLayer | Updating Geometry BVH door_W27_0jtopo_mesh 326/1402 | Building BVH
Fra:1 Mem:623.63M (Peak 623.79M) | Time:00:02.13 | Mem:254.33M, Peak:278.57M | Scene, ViewLayer | Updating Geometry BVH door_W27_0jtopi_mesh 327/1402 | Building BVH
Fra:1 Mem:623.63M (Peak 623.79M) | Time:00:02.13 | Mem:254.35M, Peak:278.57M | Scene, ViewLayer | Updating Geometry BVH door_W27_0lin_l_mesh 328/1402 | Building BVH
Fra:1 Mem:623.63M (Peak 623.79M) | Time:00:02.13 | Mem:254.35M, Peak:278.57M | Scene, ViewLayer | Updating Geometry BVH door_W27_0lin_r_mesh 329/1402 | Building BVH
Fra:1 Mem:623.63M (Peak 623.79M) | Time:00:02.13 | Mem:254.35M, Peak:278.57M | Scene, ViewLayer | Updating Geometry BVH door_W27_0lin_t_mesh 330/1402 | Building BVH
Fra:1 Mem:623.63M (Peak 623.79M) | Time:00:02.13 | Mem:254.38M, Peak:278.57M | Scene, ViewLayer | Updating Geometry BVH door_W27_0leaf_mesh 331/1402 | Building BVH
Fra:1 Mem:623.63M (Peak 623.79M) | Time:00:02.13 | Mem:254.38M, Peak:278.57M | Scene, ViewLayer | Updating Geometry BVH door_W27_0hdl_mesh 332/1402 | Building BVH
Fra:1 Mem:623.63M (Peak 623.79M) | Time:00:02.13 | Mem:254.38M, Peak:278.57M | Scene, ViewLayer | Updating Geometry BVH A_living_dining_balcony_lounge_chair_01_back_mesh 1350/1402 | Building BVH
Fra:1 Mem:623.63M (Peak 623.79M) | Time:00:02.13 | Mem:254.39M, Peak:278.57M | Scene, ViewLayer | Updating Geometry BVH rail_ter_S_p0_mesh 334/1402 | Building BVH
Fra:1 Mem:623.63M (Peak 623.79M) | Time:00:02.13 | Mem:254.40M, Peak:278.57M | Scene, ViewLayer | Updating Geometry BVH rail_ter_S_p1_mesh 335/1402 | Building BVH
Fra:1 Mem:623.63M (Peak 623.79M) | Time:00:02.13 | Mem:254.40M, Peak:278.57M | Scene, ViewLayer | Updating Geometry BVH rail_ter_S_p2_mesh 336/1402 | Building BVH
Fra:1 Mem:623.63M (Peak 623.79M) | Time:00:02.13 | Mem:254.41M, Peak:278.57M | Scene, ViewLayer | Updating Geometry BVH rail_ter_S_top_mesh 338/1402 | Building BVH
Fra:1 Mem:623.63M (Peak 623.79M) | Time:00:02.13 | Mem:254.46M, Peak:278.57M | Scene, ViewLayer | Updating Geometry BVH rail_ter_S_glass_mesh 339/1402 | Building BVH
Fra:1 Mem:623.63M (Peak 623.79M) | Time:00:02.13 | Mem:254.46M, Peak:278.57M | Scene, ViewLayer | Updating Geometry BVH rail_ter_E_p0_mesh 340/1402 | Building BVH
Fra:1 Mem:623.63M (Peak 623.79M) | Time:00:02.13 | Mem:254.47M, Peak:278.57M | Scene, ViewLayer | Updating Geometry BVH rail_ter_E_p1_mesh 341/1402 | Building BVH
Fra:1 Mem:623.63M (Peak 623.79M) | Time:00:02.13 | Mem:254.47M, Peak:278.57M | Scene, ViewLayer | Updating Geometry BVH rail_ter_E_p2_mesh 342/1402 | Building BVH
Fra:1 Mem:623.63M (Peak 623.79M) | Time:00:02.13 | Mem:254.47M, Peak:278.57M | Scene, ViewLayer | Updating Geometry BVH rail_ter_E_top_mesh 343/1402 | Building BVH
Fra:1 Mem:623.63M (Peak 623.79M) | Time:00:02.13 | Mem:254.47M, Peak:278.57M | Scene, ViewLayer | Updating Geometry BVH rail_ter_E_glass_mesh 344/1402 | Building BVH
Fra:1 Mem:623.63M (Peak 623.79M) | Time:00:02.13 | Mem:254.47M, Peak:278.57M | Scene, ViewLayer | Updating Geometry BVH rail_ter_W_p0_mesh 345/1402 | Building BVH
Fra:1 Mem:623.63M (Peak 623.79M) | Time:00:02.13 | Mem:254.47M, Peak:278.57M | Scene, ViewLayer | Updating Geometry BVH rail_ter_W_p1_mesh 346/1402 | Building BVH
Fra:1 Mem:623.63M (Peak 623.79M) | Time:00:02.13 | Mem:254.47M, Peak:278.57M | Scene, ViewLayer | Updating Geometry BVH rail_ter_W_glass_mesh 348/1402 | Building BVH
Fra:1 Mem:623.63M (Peak 623.79M) | Time:00:02.13 | Mem:254.48M, Peak:278.57M | Scene, ViewLayer | Updating Geometry BVH common_kitchen_dishwasher_01_body_mesh 349/1402 | Building BVH
Fra:1 Mem:623.63M (Peak 623.79M) | Time:00:02.13 | Mem:254.52M, Peak:278.57M | Scene, ViewLayer | Updating Geometry BVH common_kitchen_dishwasher_01_kick_mesh 350/1402 | Building BVH
Fra:1 Mem:623.63M (Peak 623.79M) | Time:00:02.13 | Mem:254.57M, Peak:278.57M | Scene, ViewLayer | Updating Geometry BVH common_kitchen_dishwasher_01_top_L_mesh 351/1402 | Building BVH
Fra:1 Mem:623.63M (Peak 623.79M) | Time:00:02.13 | Mem:254.58M, Peak:278.57M | Scene, ViewLayer | Updating Geometry BVH common_kitchen_dishwasher_01_top_R_mesh 352/1402 | Building BVH
Fra:1 Mem:623.63M (Peak 623.79M) | Time:00:02.13 | Mem:254.58M, Peak:278.57M | Scene, ViewLayer | Updating Geometry BVH common_kitchen_dishwasher_01_top_B_mesh 353/1402 | Building BVH
Fra:1 Mem:623.63M (Peak 623.79M) | Time:00:02.13 | Mem:254.60M, Peak:278.57M | Scene, ViewLayer | Updating Geometry BVH common_kitchen_dishwasher_01_top_F_mesh 354/1402 | Building BVH
Fra:1 Mem:623.63M (Peak 623.79M) | Time:00:02.13 | Mem:254.60M, Peak:278.57M | Scene, ViewLayer | Updating Geometry BVH common_kitchen_dishwasher_01_drwW_gapbg_mesh 355/1402 | Building BVH
Fra:1 Mem:623.63M (Peak 623.79M) | Time:00:02.13 | Mem:254.65M, Peak:278.57M | Scene, ViewLayer | Updating Geometry BVH common_kitchen_dishwasher_01_drwW_f0_mesh 356/1402 | Building BVH
Fra:1 Mem:623.63M (Peak 623.79M) | Time:00:02.13 | Mem:254.65M, Peak:278.57M | Scene, ViewLayer | Updating Geometry BVH common_kitchen_dishwasher_01_drwW_p0_mesh 357/1402 | Building BVH
Fra:1 Mem:623.63M (Peak 623.79M) | Time:00:02.13 | Mem:254.65M, Peak:278.57M | Scene, ViewLayer | Updating Geometry BVH common_kitchen_dishwasher_01_drw_gapbg_mesh 358/1402 | Building BVH
Fra:1 Mem:623.63M (Peak 623.79M) | Time:00:02.13 | Mem:254.66M, Peak:278.57M | Scene, ViewLayer | Updating Geometry BVH common_kitchen_dishwasher_01_drw_f0_mesh 359/1402 | Building BVH
Fra:1 Mem:623.63M (Peak 623.79M) | Time:00:02.13 | Mem:254.66M, Peak:278.57M | Scene, ViewLayer | Updating Geometry BVH common_kitchen_dishwasher_01_drw_p0_mesh 360/1402 | Building BVH
Fra:1 Mem:623.63M (Peak 623.79M) | Time:00:02.13 | Mem:254.66M, Peak:278.57M | Scene, ViewLayer | Updating Geometry BVH common_kitchen_dishwasher_01_drw_f1_mesh 361/1402 | Building BVH
Fra:1 Mem:623.63M (Peak 623.79M) | Time:00:02.13 | Mem:254.70M, Peak:278.57M | Scene, ViewLayer | Updating Geometry BVH common_kitchen_dishwasher_01_drw_p1_mesh 362/1402 | Building BVH
Fra:1 Mem:623.63M (Peak 623.79M) | Time:00:02.13 | Mem:254.73M, Peak:278.57M | Scene, ViewLayer | Updating Geometry BVH common_kitchen_dishwasher_01_drw_f2_mesh 363/1402 | Building BVH
Fra:1 Mem:623.63M (Peak 623.79M) | Time:00:02.13 | Mem:254.73M, Peak:278.57M | Scene, ViewLayer | Updating Geometry BVH common_kitchen_dishwasher_01_drw_f3_mesh 365/1402 | Building BVH
Fra:1 Mem:623.63M (Peak 623.79M) | Time:00:02.13 | Mem:254.75M, Peak:278.57M | Scene, ViewLayer | Updating Geometry BVH common_kitchen_dishwasher_01_drw_p3_mesh 366/1402 | Building BVH
Fra:1 Mem:623.63M (Peak 623.79M) | Time:00:02.13 | Mem:254.75M, Peak:278.57M | Scene, ViewLayer | Updating Geometry BVH common_kitchen_sink_01_basin_mesh 367/1402 | Building BVH
Fra:1 Mem:623.63M (Peak 623.79M) | Time:00:02.13 | Mem:254.75M, Peak:278.57M | Scene, ViewLayer | Updating Geometry BVH common_kitchen_sink_01_cav_mesh 368/1402 | Building BVH
Fra:1 Mem:623.63M (Peak 623.79M) | Time:00:02.13 | Mem:254.78M, Peak:278.57M | Scene, ViewLayer | Updating Geometry BVH A_living_dining_balcony_lounge_chair_01_seat_mesh 1349/1402 | Building BVH
Fra:1 Mem:623.63M (Peak 623.79M) | Time:00:02.13 | Mem:254.77M, Peak:278.57M | Scene, ViewLayer | Updating Geometry BVH common_kitchen_sink_01_tap_mesh 369/1402 | Building BVH
Fra:1 Mem:623.63M (Peak 623.79M) | Time:00:02.13 | Mem:254.82M, Peak:278.57M | Scene, ViewLayer | Updating Geometry BVH common_kitchen_sink_01_taparm_mesh 370/1402 | Building BVH
Fra:1 Mem:623.63M (Peak 623.79M) | Time:00:02.13 | Mem:254.82M, Peak:278.57M | Scene, ViewLayer | Updating Geometry BVH common_kitchen_sink_01_taptip_mesh 371/1402 | Building BVH
Fra:1 Mem:623.63M (Peak 623.79M) | Time:00:02.13 | Mem:254.82M, Peak:278.57M | Scene, ViewLayer | Updating Geometry BVH common_kitchen_dishwasher_02_panel_mesh 372/1402 | Building BVH
Fra:1 Mem:623.63M (Peak 623.79M) | Time:00:02.13 | Mem:254.82M, Peak:278.57M | Scene, ViewLayer | Updating Geometry BVH common_kitchen_dishwasher_02_pull_mesh 373/1402 | Building BVH
Fra:1 Mem:623.63M (Peak 623.79M) | Time:00:02.13 | Mem:254.82M, Peak:278.57M | Scene, ViewLayer | Updating Geometry BVH common_kitchen_kitchen_counter_01_body_mesh 374/1402 | Building BVH
Fra:1 Mem:623.63M (Peak 623.79M) | Time:00:02.13 | Mem:254.83M, Peak:278.57M | Scene, ViewLayer | Updating Geometry BVH common_kitchen_kitchen_counter_01_kick_mesh 375/1402 | Building BVH
Fra:1 Mem:623.63M (Peak 623.79M) | Time:00:02.13 | Mem:254.83M, Peak:278.57M | Scene, ViewLayer | Updating Geometry BVH common_kitchen_kitchen_counter_01_top_mesh 376/1402 | Building BVH
Fra:1 Mem:623.63M (Peak 623.79M) | Time:00:02.13 | Mem:254.89M, Peak:278.57M | Scene, ViewLayer | Updating Geometry BVH common_kitchen_kitchen_counter_01_drwS_gapbg_mesh 377/1402 | Building BVH
Fra:1 Mem:623.63M (Peak 623.79M) | Time:00:02.13 | Mem:254.90M, Peak:278.57M | Scene, ViewLayer | Updating Geometry BVH common_kitchen_kitchen_counter_01_drwS_f0_mesh 378/1402 | Building BVH
Fra:1 Mem:623.63M (Peak 623.79M) | Time:00:02.13 | Mem:254.90M, Peak:278.57M | Scene, ViewLayer | Updating Geometry BVH common_kitchen_kitchen_counter_01_drwH_gapbg_mesh 380/1402 | Building BVH
Fra:1 Mem:623.63M (Peak 623.79M) | Time:00:02.13 | Mem:254.90M, Peak:278.57M | Scene, ViewLayer | Updating Geometry BVH common_kitchen_kitchen_counter_01_drwH_d0_mesh 381/1402 | Building BVH
Fra:1 Mem:623.63M (Peak 623.79M) | Time:00:02.13 | Mem:254.90M, Peak:278.57M | Scene, ViewLayer | Updating Geometry BVH common_kitchen_kitchen_counter_01_drwH_slot0_mesh 382/1402 | Building BVH
Fra:1 Mem:623.63M (Peak 623.79M) | Time:00:02.13 | Mem:254.90M, Peak:278.57M | Scene, ViewLayer | Updating Geometry BVH common_kitchen_kitchen_counter_01_drwH_d1_mesh 383/1402 | Building BVH
Fra:1 Mem:623.63M (Peak 623.79M) | Time:00:02.13 | Mem:254.90M, Peak:278.57M | Scene, ViewLayer | Updating Geometry BVH common_kitchen_kitchen_counter_01_drwH_slot1_mesh 384/1402 | Building BVH
Fra:1 Mem:623.63M (Peak 623.79M) | Time:00:02.13 | Mem:254.91M, Peak:278.57M | Scene, ViewLayer | Updating Geometry BVH common_kitchen_kitchen_counter_01_drwH_d2_mesh 385/1402 | Building BVH
Fra:1 Mem:623.64M (Peak 623.79M) | Time:00:02.13 | Mem:254.98M, Peak:278.57M | Scene, ViewLayer | Updating Geometry BVH common_kitchen_kitchen_counter_01_drwH_slot2_mesh 386/1402 | Building BVH
Fra:1 Mem:623.64M (Peak 623.79M) | Time:00:02.13 | Mem:254.99M, Peak:278.57M | Scene, ViewLayer | Updating Geometry BVH common_kitchen_kitchen_counter_01_drwN_gapbg_mesh 387/1402 | Building BVH
Fra:1 Mem:623.64M (Peak 623.79M) | Time:00:02.13 | Mem:255.00M, Peak:278.57M | Scene, ViewLayer | Updating Geometry BVH common_kitchen_kitchen_counter_01_drwN_f0_mesh 388/1402 | Building BVH
Fra:1 Mem:623.64M (Peak 623.79M) | Time:00:02.13 | Mem:255.00M, Peak:278.57M | Scene, ViewLayer | Updating Geometry BVH common_kitchen_kitchen_counter_01_drwN_p0_mesh 389/1402 | Building BVH
Fra:1 Mem:623.64M (Peak 623.79M) | Time:00:02.13 | Mem:255.05M, Peak:278.57M | Scene, ViewLayer | Updating Geometry BVH common_kitchen_kitchen_counter_01_drwN_f1_mesh 390/1402 | Building BVH
Fra:1 Mem:623.64M (Peak 623.79M) | Time:00:02.13 | Mem:255.05M, Peak:278.57M | Scene, ViewLayer | Updating Geometry BVH common_kitchen_hob_01_glass_mesh 392/1402 | Building BVH
Fra:1 Mem:623.64M (Peak 623.79M) | Time:00:02.13 | Mem:255.05M, Peak:278.57M | Scene, ViewLayer | Updating Geometry BVH common_kitchen_hob_01_burner0_mesh 393/1402 | Building BVH
Fra:1 Mem:623.64M (Peak 623.79M) | Time:00:02.13 | Mem:255.05M, Peak:278.57M | Scene, ViewLayer | Updating Geometry BVH common_kitchen_hob_01_burner1_mesh 394/1402 | Building BVH
Fra:1 Mem:623.64M (Peak 623.79M) | Time:00:02.13 | Mem:255.05M, Peak:278.57M | Scene, ViewLayer | Updating Geometry BVH common_kitchen_range_hood_01_topbox_mesh 395/1402 | Building BVH
Fra:1 Mem:623.64M (Peak 623.79M) | Time:00:02.13 | Mem:255.07M, Peak:278.57M | Scene, ViewLayer | Updating Geometry BVH common_kitchen_range_hood_01_slant_mesh 396/1402 | Building BVH
Fra:1 Mem:623.64M (Peak 623.79M) | Time:00:02.13 | Mem:255.12M, Peak:278.57M | Scene, ViewLayer | Updating Geometry BVH common_kitchen_range_hood_01_panel_mesh 397/1402 | Building BVH
Fra:1 Mem:623.64M (Peak 623.79M) | Time:00:02.13 | Mem:255.13M, Peak:278.57M | Scene, ViewLayer | Updating Geometry BVH common_kitchen_cabinet_01_body_mesh 398/1402 | Building BVH
Fra:1 Mem:623.64M (Peak 623.79M) | Time:00:02.13 | Mem:255.13M, Peak:278.57M | Scene, ViewLayer | Updating Geometry BVH common_kitchen_cabinet_01_door_gapbg_mesh 399/1402 | Building BVH
Fra:1 Mem:623.64M (Peak 623.79M) | Time:00:02.13 | Mem:255.13M, Peak:278.57M | Scene, ViewLayer | Updating Geometry BVH common_kitchen_cabinet_01_door_f0l_mesh 400/1402 | Building BVH
Fra:1 Mem:623.64M (Peak 623.79M) | Time:00:02.13 | Mem:255.13M, Peak:278.57M | Scene, ViewLayer | Updating Geometry BVH common_kitchen_cabinet_01_door_f0b_mesh 402/1402 | Building BVH
Fra:1 Mem:623.64M (Peak 623.79M) | Time:00:02.13 | Mem:255.13M, Peak:278.57M | Scene, ViewLayer | Updating Geometry BVH common_kitchen_cabinet_01_door_f0t_mesh 403/1402 | Building BVH
Fra:1 Mem:623.64M (Peak 623.79M) | Time:00:02.13 | Mem:255.13M, Peak:278.57M | Scene, ViewLayer | Updating Geometry BVH common_kitchen_cabinet_01_door_p0_mesh 405/1402 | Building BVH
Fra:1 Mem:623.64M (Peak 623.79M) | Time:00:02.13 | Mem:255.13M, Peak:278.57M | Scene, ViewLayer | Updating Geometry BVH common_kitchen_cabinet_01_door_f1l_mesh 406/1402 | Building BVH
Fra:1 Mem:623.64M (Peak 623.79M) | Time:00:02.13 | Mem:255.14M, Peak:278.57M | Scene, ViewLayer | Updating Geometry BVH common_kitchen_cabinet_01_door_f1b_mesh 408/1402 | Building BVH
Fra:1 Mem:623.64M (Peak 623.79M) | Time:00:02.13 | Mem:255.14M, Peak:278.57M | Scene, ViewLayer | Updating Geometry BVH common_kitchen_cabinet_01_door_f1c_mesh 410/1402 | Building BVH
Fra:1 Mem:623.64M (Peak 623.79M) | Time:00:02.13 | Mem:255.17M, Peak:278.57M | Scene, ViewLayer | Updating Geometry BVH common_kitchen_cabinet_01_door_p1_mesh 411/1402 | Building BVH
Fra:1 Mem:623.64M (Peak 623.79M) | Time:00:02.13 | Mem:255.17M, Peak:278.57M | Scene, ViewLayer | Updating Geometry BVH common_kitchen_cabinet_01_door_f2l_mesh 412/1402 | Building BVH
Fra:1 Mem:623.64M (Peak 623.79M) | Time:00:02.13 | Mem:255.20M, Peak:278.57M | Scene, ViewLayer | Updating Geometry BVH common_kitchen_cabinet_01_door_f2b_mesh 414/1402 | Building BVH
Fra:1 Mem:623.64M (Peak 623.79M) | Time:00:02.13 | Mem:255.22M, Peak:278.57M | Scene, ViewLayer | Updating Geometry BVH common_kitchen_cabinet_01_door_f2t_mesh 415/1402 | Building BVH
Fra:1 Mem:623.64M (Peak 623.79M) | Time:00:02.13 | Mem:255.23M, Peak:278.57M | Scene, ViewLayer | Updating Geometry BVH common_kitchen_cabinet_01_door_f2c_mesh 416/1402 | Building BVH
Fra:1 Mem:623.64M (Peak 623.79M) | Time:00:02.13 | Mem:255.23M, Peak:278.57M | Scene, ViewLayer | Updating Geometry BVH common_kitchen_cabinet_01_door_p2_mesh 417/1402 | Building BVH
Fra:1 Mem:623.64M (Peak 623.79M) | Time:00:02.13 | Mem:255.46M, Peak:278.57M | Scene, ViewLayer | Updating Geometry BVH common_kitchen_cabinet_02_body_mesh 418/1402 | Building BVH
Fra:1 Mem:623.64M (Peak 623.79M) | Time:00:02.14 | Mem:255.46M, Peak:278.57M | Scene, ViewLayer | Updating Geometry BVH common_kitchen_cabinet_02_doorLo_gapbg_mesh 419/1402 | Building BVH
Fra:1 Mem:623.64M (Peak 623.79M) | Time:00:02.14 | Mem:255.45M, Peak:278.57M | Scene, ViewLayer | Updating Geometry BVH common_kitchen_cabinet_02_doorLo_f0l_mesh 420/1402 | Building BVH
Fra:1 Mem:623.64M (Peak 623.79M) | Time:00:02.14 | Mem:255.45M, Peak:278.57M | Scene, ViewLayer | Updating Geometry BVH common_kitchen_cabinet_02_doorLo_f0r_mesh 421/1402 | Building BVH
Fra:1 Mem:623.64M (Peak 623.79M) | Time:00:02.14 | Mem:255.48M, Peak:278.57M | Scene, ViewLayer | Updating Geometry BVH common_kitchen_cabinet_02_doorLo_f0t_mesh 423/1402 | Building BVH
Fra:1 Mem:623.64M (Peak 623.79M) | Time:00:02.14 | Mem:255.48M, Peak:278.57M | Scene, ViewLayer | Updating Geometry BVH common_kitchen_cabinet_02_doorLo_f0b_mesh 422/1402 | Building BVH
Fra:1 Mem:623.64M (Peak 623.79M) | Time:00:02.14 | Mem:255.50M, Peak:278.57M | Scene, ViewLayer | Updating Geometry BVH common_kitchen_cabinet_02_doorLo_f0c_mesh 424/1402 | Building BVH
Fra:1 Mem:623.64M (Peak 623.79M) | Time:00:02.14 | Mem:255.50M, Peak:278.57M | Scene, ViewLayer | Updating Geometry BVH common_kitchen_cabinet_02_doorLo_p0_mesh 425/1402 | Building BVH
Fra:1 Mem:623.64M (Peak 623.79M) | Time:00:02.14 | Mem:255.55M, Peak:278.57M | Scene, ViewLayer | Updating Geometry BVH common_kitchen_cabinet_02_doorLo_f1l_mesh 426/1402 | Building BVH
Fra:1 Mem:623.64M (Peak 623.79M) | Time:00:02.14 | Mem:255.54M, Peak:278.57M | Scene, ViewLayer | Updating Geometry BVH common_kitchen_cabinet_02_doorLo_f1r_mesh 427/1402 | Building BVH
Fra:1 Mem:623.64M (Peak 623.79M) | Time:00:02.14 | Mem:255.56M, Peak:278.57M | Scene, ViewLayer | Updating Geometry BVH common_kitchen_cabinet_02_doorLo_f1b_mesh 428/1402 | Building BVH
Fra:1 Mem:623.64M (Peak 623.79M) | Time:00:02.14 | Mem:255.56M, Peak:278.57M | Scene, ViewLayer | Updating Geometry BVH common_kitchen_cabinet_02_doorLo_f1t_mesh 429/1402 | Building BVH
Fra:1 Mem:623.64M (Peak 623.79M) | Time:00:02.14 | Mem:255.56M, Peak:278.57M | Scene, ViewLayer | Updating Geometry BVH A_living_dining_balcony_floor_lamp_01_arc 1347/1402 | Building BVH
Fra:1 Mem:623.64M (Peak 623.79M) | Time:00:02.14 | Mem:255.59M, Peak:278.57M | Scene, ViewLayer | Updating Geometry BVH common_kitchen_cabinet_02_doorLo_f1c_mesh 430/1402 | Building BVH
Fra:1 Mem:623.64M (Peak 623.79M) | Time:00:02.14 | Mem:255.59M, Peak:278.57M | Scene, ViewLayer | Updating Geometry BVH common_kitchen_cabinet_02_doorLo_p1_mesh 431/1402 | Building BVH
Fra:1 Mem:623.64M (Peak 623.79M) | Time:00:02.14 | Mem:255.64M, Peak:278.57M | Scene, ViewLayer | Updating Geometry BVH common_kitchen_cabinet_02_doorLo_f2l_mesh 432/1402 | Building BVH
Fra:1 Mem:623.64M (Peak 623.79M) | Time:00:02.14 | Mem:255.64M, Peak:278.57M | Scene, ViewLayer | Updating Geometry BVH common_kitchen_cabinet_02_doorLo_f2r_mesh 433/1402 | Building BVH
Fra:1 Mem:623.64M (Peak 623.79M) | Time:00:02.14 | Mem:255.65M, Peak:278.57M | Scene, ViewLayer | Updating Geometry BVH common_kitchen_cabinet_02_doorLo_f2b_mesh 434/1402 | Building BVH
Fra:1 Mem:623.64M (Peak 623.79M) | Time:00:02.14 | Mem:255.66M, Peak:278.57M | Scene, ViewLayer | Updating Geometry BVH common_kitchen_cabinet_02_doorLo_f2t_mesh 435/1402 | Building BVH
Fra:1 Mem:623.64M (Peak 623.79M) | Time:00:02.14 | Mem:255.68M, Peak:278.57M | Scene, ViewLayer | Updating Geometry BVH common_kitchen_cabinet_02_doorLo_f2c_mesh 436/1402 | Building BVH
Fra:1 Mem:623.64M (Peak 623.79M) | Time:00:02.14 | Mem:255.69M, Peak:278.57M | Scene, ViewLayer | Updating Geometry BVH common_kitchen_cabinet_02_doorLo_f3l_mesh 438/1402 | Building BVH
Fra:1 Mem:623.64M (Peak 623.79M) | Time:00:02.14 | Mem:255.69M, Peak:278.57M | Scene, ViewLayer | Updating Geometry BVH common_kitchen_cabinet_02_doorLo_f3r_mesh 439/1402 | Building BVH
Fra:1 Mem:623.64M (Peak 623.79M) | Time:00:02.14 | Mem:255.78M, Peak:278.57M | Scene, ViewLayer | Updating Geometry BVH common_kitchen_cabinet_02_doorLo_f3b_mesh 440/1402 | Building BVH
Fra:1 Mem:623.64M (Peak 623.79M) | Time:00:02.14 | Mem:255.81M, Peak:278.57M | Scene, ViewLayer | Updating Geometry BVH common_kitchen_cabinet_02_doorLo_f3t_mesh 441/1402 | Building BVH
Fra:1 Mem:623.64M (Peak 623.79M) | Time:00:02.14 | Mem:255.82M, Peak:278.57M | Scene, ViewLayer | Updating Geometry BVH common_kitchen_cabinet_02_doorLo_f3c_mesh 442/1402 | Building BVH
Fra:1 Mem:623.64M (Peak 623.79M) | Time:00:02.14 | Mem:255.90M, Peak:278.57M | Scene, ViewLayer | Updating Geometry BVH common_kitchen_cabinet_02_doorLo_p3_mesh 443/1402 | Building BVH
Fra:1 Mem:623.64M (Peak 623.79M) | Time:00:02.14 | Mem:255.92M, Peak:278.57M | Scene, ViewLayer | Updating Geometry BVH common_kitchen_cabinet_02_doorHi_gapbg_mesh 444/1402 | Building BVH
Fra:1 Mem:623.64M (Peak 623.79M) | Time:00:02.14 | Mem:255.91M, Peak:278.57M | Scene, ViewLayer | Updating Geometry BVH common_kitchen_cabinet_02_doorHi_f0l_mesh 445/1402 | Building BVH
Fra:1 Mem:623.64M (Peak 623.79M) | Time:00:02.14 | Mem:255.91M, Peak:278.57M | Scene, ViewLayer | Updating Geometry BVH common_kitchen_cabinet_02_doorHi_f0r_mesh 446/1402 | Building BVH
Fra:1 Mem:623.64M (Peak 623.79M) | Time:00:02.14 | Mem:255.91M, Peak:278.57M | Scene, ViewLayer | Updating Geometry BVH common_kitchen_cabinet_02_doorHi_f0b_mesh 447/1402 | Building BVH
Fra:1 Mem:623.64M (Peak 623.79M) | Time:00:02.14 | Mem:255.91M, Peak:278.57M | Scene, ViewLayer | Updating Geometry BVH common_kitchen_cabinet_02_doorHi_f0c_mesh 449/1402 | Building BVH
Fra:1 Mem:623.64M (Peak 623.79M) | Time:00:02.14 | Mem:255.89M, Peak:278.57M | Scene, ViewLayer | Updating Geometry BVH common_kitchen_cabinet_02_doorHi_p0_mesh 450/1402 | Building BVH
Fra:1 Mem:623.64M (Peak 623.79M) | Time:00:02.14 | Mem:255.91M, Peak:278.57M | Scene, ViewLayer | Updating Geometry BVH common_kitchen_cabinet_02_doorHi_f1l_mesh 451/1402 | Building BVH
Fra:1 Mem:623.64M (Peak 623.79M) | Time:00:02.14 | Mem:255.92M, Peak:278.57M | Scene, ViewLayer | Updating Geometry BVH common_kitchen_cabinet_02_doorHi_f1r_mesh 452/1402 | Building BVH
Fra:1 Mem:623.64M (Peak 623.79M) | Time:00:02.14 | Mem:255.93M, Peak:278.57M | Scene, ViewLayer | Updating Geometry BVH common_kitchen_cabinet_02_doorHi_f1b_mesh 453/1402 | Building BVH
Fra:1 Mem:623.64M (Peak 623.79M) | Time:00:02.14 | Mem:255.93M, Peak:278.57M | Scene, ViewLayer | Updating Geometry BVH common_kitchen_cabinet_02_doorHi_f1t_mesh 454/1402 | Building BVH
Fra:1 Mem:623.64M (Peak 623.79M) | Time:00:02.14 | Mem:255.94M, Peak:278.57M | Scene, ViewLayer | Updating Geometry BVH common_kitchen_cabinet_02_doorHi_f1c_mesh 455/1402 | Building BVH
Fra:1 Mem:623.64M (Peak 623.79M) | Time:00:02.14 | Mem:255.98M, Peak:278.57M | Scene, ViewLayer | Updating Geometry BVH common_kitchen_cabinet_02_doorHi_p1_mesh 456/1402 | Building BVH
Fra:1 Mem:623.64M (Peak 623.79M) | Time:00:02.14 | Mem:256.08M, Peak:278.57M | Scene, ViewLayer | Updating Geometry BVH common_kitchen_cabinet_02_doorHi_f2l_mesh 457/1402 | Building BVH
Fra:1 Mem:623.64M (Peak 623.79M) | Time:00:02.14 | Mem:256.08M, Peak:278.57M | Scene, ViewLayer | Updating Geometry BVH A_living_dining_balcony_floor_lamp_01_base_mesh 1346/1402 | Building BVH
Fra:1 Mem:623.64M (Peak 623.79M) | Time:00:02.14 | Mem:256.09M, Peak:278.57M | Scene, ViewLayer | Updating Geometry BVH common_kitchen_cabinet_02_doorHi_f2r_mesh 458/1402 | Building BVH
Fra:1 Mem:623.64M (Peak 623.79M) | Time:00:02.14 | Mem:256.09M, Peak:278.57M | Scene, ViewLayer | Updating Geometry BVH common_kitchen_cabinet_02_doorHi_f2b_mesh 459/1402 | Building BVH
Fra:1 Mem:623.64M (Peak 623.79M) | Time:00:02.14 | Mem:256.09M, Peak:278.57M | Scene, ViewLayer | Updating Geometry BVH common_kitchen_cabinet_02_doorHi_f2t_mesh 460/1402 | Building BVH
Fra:1 Mem:623.64M (Peak 623.79M) | Time:00:02.14 | Mem:256.13M, Peak:278.57M | Scene, ViewLayer | Updating Geometry BVH common_kitchen_cabinet_02_doorHi_f2c_mesh 461/1402 | Building BVH
Fra:1 Mem:623.64M (Peak 623.79M) | Time:00:02.14 | Mem:256.15M, Peak:278.57M | Scene, ViewLayer | Updating Geometry BVH common_kitchen_cabinet_02_doorHi_p2_mesh 462/1402 | Building BVH
Fra:1 Mem:623.64M (Peak 623.79M) | Time:00:02.14 | Mem:256.15M, Peak:278.57M | Scene, ViewLayer | Updating Geometry BVH common_kitchen_cabinet_02_doorHi_f3l_mesh 463/1402 | Building BVH
Fra:1 Mem:623.64M (Peak 623.79M) | Time:00:02.14 | Mem:256.15M, Peak:278.57M | Scene, ViewLayer | Updating Geometry BVH common_kitchen_cabinet_02_doorHi_f3r_mesh 464/1402 | Building BVH
Fra:1 Mem:623.64M (Peak 623.79M) | Time:00:02.14 | Mem:256.16M, Peak:278.57M | Scene, ViewLayer | Updating Geometry BVH common_kitchen_cabinet_02_doorHi_f3b_mesh 465/1402 | Building BVH
Fra:1 Mem:623.64M (Peak 623.79M) | Time:00:02.14 | Mem:256.19M, Peak:278.57M | Scene, ViewLayer | Updating Geometry BVH common_kitchen_cabinet_02_doorHi_f3t_mesh 466/1402 | Building BVH
Fra:1 Mem:623.64M (Peak 623.79M) | Time:00:02.14 | Mem:256.19M, Peak:278.57M | Scene, ViewLayer | Updating Geometry BVH common_kitchen_cabinet_02_doorHi_p3_mesh 468/1402 | Building BVH
Fra:1 Mem:623.64M (Peak 623.79M) | Time:00:02.14 | Mem:256.22M, Peak:278.57M | Scene, ViewLayer | Updating Geometry BVH common_kitchen_glass_sliding_door_01_glass_mesh 469/1402 | Building BVH
Fra:1 Mem:623.64M (Peak 623.79M) | Time:00:02.14 | Mem:256.22M, Peak:278.57M | Scene, ViewLayer | Updating Geometry BVH common_kitchen_glass_sliding_door_01_stL_mesh 470/1402 | Building BVH
Fra:1 Mem:623.64M (Peak 623.79M) | Time:00:02.14 | Mem:256.22M, Peak:278.57M | Scene, ViewLayer | Updating Geometry BVH common_kitchen_glass_sliding_door_01_stR_mesh 471/1402 | Building BVH
Fra:1 Mem:623.64M (Peak 623.79M) | Time:00:02.14 | Mem:256.26M, Peak:278.57M | Scene, ViewLayer | Updating Geometry BVH common_kitchen_glass_sliding_door_01_stT_mesh 472/1402 | Building BVH
Fra:1 Mem:623.64M (Peak 623.79M) | Time:00:02.14 | Mem:256.26M, Peak:278.57M | Scene, ViewLayer | Updating Geometry BVH common_kitchen_glass_sliding_door_01_stB_mesh 473/1402 | Building BVH
Fra:1 Mem:623.64M (Peak 623.79M) | Time:00:02.14 | Mem:256.26M, Peak:278.57M | Scene, ViewLayer | Updating Geometry BVH common_living_dining_balcony_glass_sliding_door_01_stL_mesh 475/1402 | Building BVH
Fra:1 Mem:623.64M (Peak 623.79M) | Time:00:02.14 | Mem:256.27M, Peak:278.57M | Scene, ViewLayer | Updating Geometry BVH common_living_dining_balcony_glass_sliding_door_01_stR_mesh 476/1402 | Building BVH
Fra:1 Mem:623.64M (Peak 623.79M) | Time:00:02.14 | Mem:256.28M, Peak:278.57M | Scene, ViewLayer | Updating Geometry BVH common_living_dining_balcony_glass_sliding_door_01_stB_mesh 478/1402 | Building BVH
Fra:1 Mem:623.64M (Peak 623.79M) | Time:00:02.14 | Mem:256.28M, Peak:278.57M | Scene, ViewLayer | Updating Geometry BVH common_living_dining_balcony_glass_sliding_door_02_glass_mesh 479/1402 | Building BVH
Fra:1 Mem:623.64M (Peak 623.79M) | Time:00:02.14 | Mem:256.31M, Peak:278.57M | Scene, ViewLayer | Updating Geometry BVH common_living_dining_balcony_glass_sliding_door_02_stL_mesh 480/1402 | Building BVH
Fra:1 Mem:623.64M (Peak 623.79M) | Time:00:02.14 | Mem:256.32M, Peak:278.57M | Scene, ViewLayer | Updating Geometry BVH common_living_dining_balcony_glass_sliding_door_02_stT_mesh 482/1402 | Building BVH
Fra:1 Mem:623.64M (Peak 623.79M) | Time:00:02.14 | Mem:256.39M, Peak:278.57M | Scene, ViewLayer | Updating Geometry BVH common_living_dining_balcony_glass_sliding_door_02_stB_mesh 483/1402 | Building BVH
Fra:1 Mem:623.64M (Peak 623.79M) | Time:00:02.14 | Mem:256.39M, Peak:278.57M | Scene, ViewLayer | Updating Geometry BVH common_kitchen_glass_sliding_door_02_glass_mesh 484/1402 | Building BVH
Fra:1 Mem:623.64M (Peak 623.79M) | Time:00:02.14 | Mem:256.39M, Peak:278.57M | Scene, ViewLayer | Updating Geometry BVH common_kitchen_glass_sliding_door_02_stL_mesh 485/1402 | Building BVH
Fra:1 Mem:623.64M (Peak 623.79M) | Time:00:02.14 | Mem:256.40M, Peak:278.57M | Scene, ViewLayer | Updating Geometry BVH common_kitchen_glass_sliding_door_02_stR_mesh 486/1402 | Building BVH
Fra:1 Mem:623.64M (Peak 623.79M) | Time:00:02.14 | Mem:256.42M, Peak:278.57M | Scene, ViewLayer | Updating Geometry BVH common_kitchen_glass_sliding_door_02_stT_mesh 487/1402 | Building BVH
Fra:1 Mem:623.64M (Peak 623.79M) | Time:00:02.14 | Mem:256.43M, Peak:278.57M | Scene, ViewLayer | Updating Geometry BVH common_kitchen_glass_sliding_door_02_stB_mesh 488/1402 | Building BVH
Fra:1 Mem:623.64M (Peak 623.79M) | Time:00:02.14 | Mem:256.43M, Peak:278.57M | Scene, ViewLayer | Updating Geometry BVH common_living_dining_balcony_fridge_01_body_mesh 489/1402 | Building BVH
Fra:1 Mem:623.64M (Peak 623.79M) | Time:00:02.14 | Mem:256.44M, Peak:278.57M | Scene, ViewLayer | Updating Geometry BVH common_living_dining_balcony_fridge_01_seamH_mesh 490/1402 | Building BVH
Fra:1 Mem:623.64M (Peak 623.79M) | Time:00:02.14 | Mem:256.44M, Peak:278.57M | Scene, ViewLayer | Updating Geometry BVH common_living_dining_balcony_fridge_01_seamV_mesh 491/1402 | Building BVH
Fra:1 Mem:623.64M (Peak 623.79M) | Time:00:02.14 | Mem:256.47M, Peak:278.57M | Scene, ViewLayer | Updating Geometry BVH common_living_dining_balcony_fridge_01_pullL_mesh 492/1402 | Building BVH
Fra:1 Mem:623.64M (Peak 623.79M) | Time:00:02.14 | Mem:256.47M, Peak:278.57M | Scene, ViewLayer | Updating Geometry BVH common_living_dining_balcony_fridge_01_pullU_mesh 493/1402 | Building BVH
Fra:1 Mem:623.64M (Peak 623.79M) | Time:00:02.14 | Mem:256.50M, Peak:278.57M | Scene, ViewLayer | Updating Geometry BVH common_living_dining_balcony_cabinet_01_body_mesh 494/1402 | Building BVH
Fra:1 Mem:623.64M (Peak 623.79M) | Time:00:02.14 | Mem:256.51M, Peak:278.57M | Scene, ViewLayer | Updating Geometry BVH common_living_dining_balcony_cabinet_01_door_gapbg_mesh 495/1402 | Building BVH
Fra:1 Mem:623.64M (Peak 623.79M) | Time:00:02.14 | Mem:256.51M, Peak:278.57M | Scene, ViewLayer | Updating Geometry BVH common_living_dining_balcony_cabinet_01_door_f0l_mesh 496/1402 | Building BVH
Fra:1 Mem:623.64M (Peak 623.79M) | Time:00:02.14 | Mem:256.51M, Peak:278.57M | Scene, ViewLayer | Updating Geometry BVH common_living_dining_balcony_cabinet_01_door_f0r_mesh 497/1402 | Building BVH
Fra:1 Mem:623.64M (Peak 623.79M) | Time:00:02.14 | Mem:256.51M, Peak:278.57M | Scene, ViewLayer | Updating Geometry BVH A_living_dining_balcony_rug_01_border3_mesh 1344/1402 | Building BVH
Fra:1 Mem:623.64M (Peak 623.79M) | Time:00:02.14 | Mem:256.51M, Peak:278.57M | Scene, ViewLayer | Updating Geometry BVH common_living_dining_balcony_cabinet_01_door_f0b_mesh 498/1402 | Building BVH
Fra:1 Mem:623.64M (Peak 623.79M) | Time:00:02.14 | Mem:256.52M, Peak:278.57M | Scene, ViewLayer | Updating Geometry BVH common_living_dining_balcony_cabinet_01_door_f0t_mesh 499/1402 | Building BVH
Fra:1 Mem:623.64M (Peak 623.79M) | Time:00:02.14 | Mem:256.52M, Peak:278.57M | Scene, ViewLayer | Updating Geometry BVH common_living_dining_balcony_cabinet_01_door_f0c_mesh 500/1402 | Building BVH
Fra:1 Mem:623.64M (Peak 623.79M) | Time:00:02.14 | Mem:256.55M, Peak:278.57M | Scene, ViewLayer | Updating Geometry BVH common_living_dining_balcony_cabinet_01_door_p0_mesh 501/1402 | Building BVH
Fra:1 Mem:623.64M (Peak 623.79M) | Time:00:02.14 | Mem:256.59M, Peak:278.57M | Scene, ViewLayer | Updating Geometry BVH common_living_dining_balcony_cabinet_01_door_f1l_mesh 502/1402 | Building BVH
Fra:1 Mem:623.64M (Peak 623.79M) | Time:00:02.14 | Mem:256.61M, Peak:278.57M | Scene, ViewLayer | Updating Geometry BVH common_living_dining_balcony_cabinet_01_door_f1r_mesh 503/1402 | Building BVH
Fra:1 Mem:623.64M (Peak 623.79M) | Time:00:02.14 | Mem:256.63M, Peak:278.57M | Scene, ViewLayer | Updating Geometry BVH common_living_dining_balcony_cabinet_01_door_f1b_mesh 504/1402 | Building BVH
Fra:1 Mem:623.64M (Peak 623.79M) | Time:00:02.14 | Mem:256.63M, Peak:278.57M | Scene, ViewLayer | Updating Geometry BVH common_living_dining_balcony_cabinet_01_door_f1t_mesh 505/1402 | Building BVH
Fra:1 Mem:623.64M (Peak 623.79M) | Time:00:02.14 | Mem:256.68M, Peak:278.57M | Scene, ViewLayer | Updating Geometry BVH common_living_dining_balcony_cabinet_01_door_f1c_mesh 506/1402 | Building BVH
Fra:1 Mem:623.64M (Peak 623.79M) | Time:00:02.14 | Mem:256.67M, Peak:278.57M | Scene, ViewLayer | Updating Geometry BVH common_living_dining_balcony_cabinet_01_door_p1_mesh 507/1402 | Building BVH
Fra:1 Mem:623.64M (Peak 623.79M) | Time:00:02.14 | Mem:256.67M, Peak:278.57M | Scene, ViewLayer | Updating Geometry BVH common_foyer_cabinet_01_body_mesh 508/1402 | Building BVH
Fra:1 Mem:623.64M (Peak 623.79M) | Time:00:02.14 | Mem:256.68M, Peak:278.57M | Scene, ViewLayer | Updating Geometry BVH common_foyer_cabinet_01_door_gapbg_mesh 509/1402 | Building BVH
Fra:1 Mem:623.64M (Peak 623.79M) | Time:00:02.14 | Mem:256.69M, Peak:278.57M | Scene, ViewLayer | Updating Geometry BVH common_foyer_cabinet_01_door_f0l_mesh 510/1402 | Building BVH
Fra:1 Mem:623.64M (Peak 623.79M) | Time:00:02.14 | Mem:256.70M, Peak:278.57M | Scene, ViewLayer | Updating Geometry BVH common_foyer_cabinet_01_door_f0r_mesh 511/1402 | Building BVH
Fra:1 Mem:623.64M (Peak 623.79M) | Time:00:02.14 | Mem:256.71M, Peak:278.57M | Scene, ViewLayer | Updating Geometry BVH common_foyer_cabinet_01_door_f0c_mesh 514/1402 | Building BVH
Fra:1 Mem:623.64M (Peak 623.79M) | Time:00:02.14 | Mem:256.81M, Peak:278.57M | Scene, ViewLayer | Updating Geometry BVH common_foyer_cabinet_01_door_p0_mesh 515/1402 | Building BVH
Fra:1 Mem:623.64M (Peak 623.79M) | Time:00:02.14 | Mem:256.80M, Peak:278.57M | Scene, ViewLayer | Updating Geometry BVH A_living_dining_balcony_rug_01_border2_mesh 1343/1402 | Building BVH
Fra:1 Mem:623.64M (Peak 623.79M) | Time:00:02.14 | Mem:256.80M, Peak:278.57M | Scene, ViewLayer | Updating Geometry BVH common_foyer_cabinet_01_door_f1b_mesh 518/1402 | Building BVH
Fra:1 Mem:623.64M (Peak 623.79M) | Time:00:02.14 | Mem:256.80M, Peak:278.57M | Scene, ViewLayer | Updating Geometry BVH common_foyer_cabinet_01_door_f1t_mesh 519/1402 | Building BVH
Fra:1 Mem:623.64M (Peak 623.79M) | Time:00:02.14 | Mem:256.80M, Peak:278.57M | Scene, ViewLayer | Updating Geometry BVH common_foyer_cabinet_01_door_p1_mesh 521/1402 | Building BVH
Fra:1 Mem:623.64M (Peak 623.79M) | Time:00:02.14 | Mem:256.81M, Peak:278.57M | Scene, ViewLayer | Updating Geometry BVH common_foyer_cabinet_01_door_f2l_mesh 522/1402 | Building BVH
Fra:1 Mem:623.64M (Peak 623.79M) | Time:00:02.14 | Mem:256.91M, Peak:278.57M | Scene, ViewLayer | Updating Geometry BVH common_foyer_cabinet_01_door_f2r_mesh 523/1402 | Building BVH
Fra:1 Mem:623.64M (Peak 623.79M) | Time:00:02.14 | Mem:256.91M, Peak:278.57M | Scene, ViewLayer | Updating Geometry BVH common_foyer_cabinet_01_door_f2b_mesh 524/1402 | Building BVH
Fra:1 Mem:623.64M (Peak 623.79M) | Time:00:02.14 | Mem:256.91M, Peak:278.57M | Scene, ViewLayer | Updating Geometry BVH common_foyer_cabinet_01_door_f2c_mesh 526/1402 | Building BVH
Fra:1 Mem:623.64M (Peak 623.79M) | Time:00:02.14 | Mem:256.91M, Peak:278.57M | Scene, ViewLayer | Updating Geometry BVH common_foyer_cabinet_01_door_p2_mesh 527/1402 | Building BVH
Fra:1 Mem:623.64M (Peak 623.79M) | Time:00:02.14 | Mem:256.92M, Peak:278.57M | Scene, ViewLayer | Updating Geometry BVH common_foyer_open_niche_01_cheek0_mesh 529/1402 | Building BVH
Fra:1 Mem:623.64M (Peak 623.79M) | Time:00:02.14 | Mem:256.92M, Peak:278.57M | Scene, ViewLayer | Updating Geometry BVH common_foyer_open_niche_01_cheek1_mesh 530/1402 | Building BVH
Fra:1 Mem:623.64M (Peak 623.79M) | Time:00:02.14 | Mem:256.98M, Peak:278.57M | Scene, ViewLayer | Updating Geometry BVH common_foyer_open_niche_01_top_mesh 531/1402 | Building BVH
Fra:1 Mem:623.64M (Peak 623.79M) | Time:00:02.14 | Mem:257.00M, Peak:278.57M | Scene, ViewLayer | Updating Geometry BVH common_foyer_open_niche_01_bottom_mesh 532/1402 | Building BVH
Fra:1 Mem:623.64M (Peak 623.79M) | Time:00:02.14 | Mem:257.02M, Peak:278.57M | Scene, ViewLayer | Updating Geometry BVH common_foyer_open_niche_01_sh0_mesh 533/1402 | Building BVH
Fra:1 Mem:623.64M (Peak 623.79M) | Time:00:02.14 | Mem:257.04M, Peak:278.57M | Scene, ViewLayer | Updating Geometry BVH common_foyer_cabinet_02_body_mesh 534/1402 | Building BVH
Fra:1 Mem:623.64M (Peak 623.79M) | Time:00:02.15 | Mem:257.04M, Peak:278.57M | Scene, ViewLayer | Updating Geometry BVH common_foyer_cabinet_02_door_gapbg_mesh 535/1402 | Building BVH
Fra:1 Mem:623.64M (Peak 623.79M) | Time:00:02.15 | Mem:257.04M, Peak:278.57M | Scene, ViewLayer | Updating Geometry BVH common_foyer_cabinet_02_door_f0r_mesh 537/1402 | Building BVH
Fra:1 Mem:623.64M (Peak 623.79M) | Time:00:02.15 | Mem:257.05M, Peak:278.57M | Scene, ViewLayer | Updating Geometry BVH common_foyer_cabinet_02_door_f0b_mesh 538/1402 | Building BVH
Fra:1 Mem:623.64M (Peak 623.79M) | Time:00:02.15 | Mem:257.07M, Peak:278.57M | Scene, ViewLayer | Updating Geometry BVH common_foyer_cabinet_02_door_f0c_mesh 540/1402 | Building BVH
Fra:1 Mem:623.64M (Peak 623.79M) | Time:00:02.15 | Mem:257.08M, Peak:278.57M | Scene, ViewLayer | Updating Geometry BVH common_foyer_cabinet_02_door_p0_mesh 541/1402 | Building BVH
Fra:1 Mem:623.64M (Peak 623.79M) | Time:00:02.15 | Mem:257.12M, Peak:278.57M | Scene, ViewLayer | Updating Geometry BVH common_foyer_cabinet_02_door_f1l_mesh 542/1402 | Building BVH
Fra:1 Mem:623.64M (Peak 623.79M) | Time:00:02.15 | Mem:257.14M, Peak:278.57M | Scene, ViewLayer | Updating Geometry BVH common_foyer_cabinet_02_door_f1r_mesh 543/1402 | Building BVH
Fra:1 Mem:623.64M (Peak 623.79M) | Time:00:02.15 | Mem:257.18M, Peak:278.57M | Scene, ViewLayer | Updating Geometry BVH A_living_dining_balcony_rug_01_border1_mesh 1342/1402 | Building BVH
Fra:1 Mem:623.64M (Peak 623.79M) | Time:00:02.15 | Mem:257.18M, Peak:278.57M | Scene, ViewLayer | Updating Geometry BVH common_foyer_cabinet_02_door_f1b_mesh 544/1402 | Building BVH
Fra:1 Mem:623.64M (Peak 623.79M) | Time:00:02.15 | Mem:257.18M, Peak:278.57M | Scene, ViewLayer | Updating Geometry BVH common_foyer_cabinet_02_door_p1_mesh 547/1402 | Building BVH
Fra:1 Mem:623.64M (Peak 623.79M) | Time:00:02.15 | Mem:257.18M, Peak:278.57M | Scene, ViewLayer | Updating Geometry BVH common_foyer_cabinet_02_door_f2l_mesh 548/1402 | Building BVH
Fra:1 Mem:623.64M (Peak 623.79M) | Time:00:02.15 | Mem:257.18M, Peak:278.57M | Scene, ViewLayer | Updating Geometry BVH common_foyer_cabinet_02_door_f2r_mesh 549/1402 | Building BVH
Fra:1 Mem:623.64M (Peak 623.79M) | Time:00:02.15 | Mem:257.18M, Peak:278.57M | Scene, ViewLayer | Updating Geometry BVH common_foyer_cabinet_02_door_f2b_mesh 550/1402 | Building BVH
Fra:1 Mem:623.64M (Peak 623.79M) | Time:00:02.15 | Mem:257.19M, Peak:278.57M | Scene, ViewLayer | Updating Geometry BVH common_foyer_cabinet_02_door_f2t_mesh 551/1402 | Building BVH
Fra:1 Mem:623.64M (Peak 623.79M) | Time:00:02.15 | Mem:257.21M, Peak:278.57M | Scene, ViewLayer | Updating Geometry BVH common_foyer_cabinet_02_door_p2_mesh 553/1402 | Building BVH
Fra:1 Mem:623.64M (Peak 623.79M) | Time:00:02.15 | Mem:257.25M, Peak:278.57M | Scene, ViewLayer | Updating Geometry BVH common_foyer_mirror_door_01_mirror_mesh 554/1402 | Building BVH
Fra:1 Mem:623.64M (Peak 623.79M) | Time:00:02.15 | Mem:257.28M, Peak:278.57M | Scene, ViewLayer | Updating Geometry BVH common_foyer_mirror_door_01_fr0_mesh 555/1402 | Building BVH
Fra:1 Mem:623.64M (Peak 623.79M) | Time:00:02.15 | Mem:257.32M, Peak:278.57M | Scene, ViewLayer | Updating Geometry BVH common_foyer_mirror_door_01_fr1_mesh 556/1402 | Building BVH
Fra:1 Mem:623.64M (Peak 623.79M) | Time:00:02.15 | Mem:257.33M, Peak:278.57M | Scene, ViewLayer | Updating Geometry BVH common_foyer_mirror_door_01_fr2_mesh 557/1402 | Building BVH
Fra:1 Mem:623.64M (Peak 623.79M) | Time:00:02.15 | Mem:257.37M, Peak:278.57M | Scene, ViewLayer | Updating Geometry BVH common_foyer_mirror_door_01_fr3_mesh 558/1402 | Building BVH
Fra:1 Mem:623.64M (Peak 623.79M) | Time:00:02.15 | Mem:257.38M, Peak:278.57M | Scene, ViewLayer | Updating Geometry BVH common_foyer_mirror_door_01_pull_mesh 559/1402 | Building BVH
Fra:1 Mem:623.64M (Peak 623.79M) | Time:00:02.15 | Mem:257.38M, Peak:278.57M | Scene, ViewLayer | Updating Geometry BVH common_elevator_hall_cabinet_01_door_gapbg_mesh 561/1402 | Building BVH
Fra:1 Mem:623.64M (Peak 623.79M) | Time:00:02.15 | Mem:257.38M, Peak:278.57M | Scene, ViewLayer | Updating Geometry BVH common_elevator_hall_cabinet_01_door_f0l_mesh 562/1402 | Building BVH
Fra:1 Mem:623.64M (Peak 623.79M) | Time:00:02.15 | Mem:257.38M, Peak:278.57M | Scene, ViewLayer | Updating Geometry BVH common_elevator_hall_cabinet_01_door_f0r_mesh 563/1402 | Building BVH
Fra:1 Mem:623.64M (Peak 623.79M) | Time:00:02.15 | Mem:257.38M, Peak:278.57M | Scene, ViewLayer | Updating Geometry BVH A_living_dining_balcony_rug_01_border0_mesh 1341/1402 | Building BVH
Fra:1 Mem:623.64M (Peak 623.79M) | Time:00:02.15 | Mem:257.39M, Peak:278.57M | Scene, ViewLayer | Updating Geometry BVH common_elevator_hall_cabinet_01_door_f0b_mesh 564/1402 | Building BVH
Fra:1 Mem:623.64M (Peak 623.79M) | Time:00:02.15 | Mem:257.41M, Peak:278.57M | Scene, ViewLayer | Updating Geometry BVH common_elevator_hall_cabinet_01_door_f0t_mesh 565/1402 | Building BVH
Fra:1 Mem:623.64M (Peak 623.79M) | Time:00:02.15 | Mem:257.48M, Peak:278.57M | Scene, ViewLayer | Updating Geometry BVH common_elevator_hall_cabinet_01_door_f0c_mesh 566/1402 | Building BVH
Fra:1 Mem:623.64M (Peak 623.79M) | Time:00:02.15 | Mem:257.48M, Peak:278.57M | Scene, ViewLayer | Updating Geometry BVH common_living_dining_balcony_bookcase_01_body_mesh 568/1402 | Building BVH
Fra:1 Mem:623.64M (Peak 623.79M) | Time:00:02.15 | Mem:257.48M, Peak:278.57M | Scene, ViewLayer | Updating Geometry BVH common_living_dining_balcony_bookcase_01_drw_gapbg_mesh 569/1402 | Building BVH
Fra:1 Mem:623.64M (Peak 623.79M) | Time:00:02.15 | Mem:257.47M, Peak:278.57M | Scene, ViewLayer | Updating Geometry BVH common_living_dining_balcony_bookcase_01_drw_slot0_mesh 571/1402 | Building BVH
Fra:1 Mem:623.64M (Peak 623.79M) | Time:00:02.15 | Mem:257.48M, Peak:278.57M | Scene, ViewLayer | Updating Geometry BVH common_living_dining_balcony_bookcase_01_drw_f1_mesh 572/1402 | Building BVH
Fra:1 Mem:623.64M (Peak 623.79M) | Time:00:02.15 | Mem:257.55M, Peak:278.57M | Scene, ViewLayer | Updating Geometry BVH common_living_dining_balcony_bookcase_01_drw_slot1_mesh 573/1402 | Building BVH
Fra:1 Mem:623.64M (Peak 623.79M) | Time:00:02.15 | Mem:257.57M, Peak:278.57M | Scene, ViewLayer | Updating Geometry BVH common_living_dining_balcony_bookcase_01_drw_f2_mesh 574/1402 | Building BVH
Fra:1 Mem:623.64M (Peak 623.79M) | Time:00:02.15 | Mem:257.57M, Peak:278.57M | Scene, ViewLayer | Updating Geometry BVH common_living_dining_balcony_bookcase_01_drw_slot2_mesh 575/1402 | Building BVH
Fra:1 Mem:623.64M (Peak 623.79M) | Time:00:02.15 | Mem:257.57M, Peak:278.57M | Scene, ViewLayer | Updating Geometry BVH common_living_dining_balcony_bookcase_02_back_mesh 576/1402 | Building BVH
Fra:1 Mem:623.64M (Peak 623.79M) | Time:00:02.15 | Mem:257.57M, Peak:278.57M | Scene, ViewLayer | Updating Geometry BVH common_living_dining_balcony_bookcase_02_top_mesh 577/1402 | Building BVH
Fra:1 Mem:623.64M (Peak 623.79M) | Time:00:02.15 | Mem:257.57M, Peak:278.57M | Scene, ViewLayer | Updating Geometry BVH common_living_dining_balcony_bookcase_02_bot_mesh 578/1402 | Building BVH
Fra:1 Mem:623.64M (Peak 623.79M) | Time:00:02.15 | Mem:257.57M, Peak:278.57M | Scene, ViewLayer | Updating Geometry BVH common_living_dining_balcony_bookcase_02_endS_mesh 579/1402 | Building BVH
Fra:1 Mem:623.64M (Peak 623.79M) | Time:00:02.15 | Mem:257.60M, Peak:278.57M | Scene, ViewLayer | Updating Geometry BVH common_living_dining_balcony_bookcase_02_div1_mesh 581/1402 | Building BVH
Fra:1 Mem:623.64M (Peak 623.79M) | Time:00:02.15 | Mem:257.61M, Peak:278.57M | Scene, ViewLayer | Updating Geometry BVH common_living_dining_balcony_bookcase_02_endN_mesh 580/1402 | Building BVH
Fra:1 Mem:623.64M (Peak 623.79M) | Time:00:02.15 | Mem:257.65M, Peak:278.57M | Scene, ViewLayer | Updating Geometry BVH common_living_dining_balcony_bookcase_02_div2_mesh 582/1402 | Building BVH
Fra:1 Mem:623.64M (Peak 623.79M) | Time:00:02.15 | Mem:257.65M, Peak:278.57M | Scene, ViewLayer | Updating Geometry BVH common_living_dining_balcony_bookcase_02_door_gapbg_mesh 583/1402 | Building BVH
Fra:1 Mem:623.64M (Peak 623.79M) | Time:00:02.15 | Mem:257.65M, Peak:278.57M | Scene, ViewLayer | Updating Geometry BVH common_living_dining_balcony_bookcase_02_door_f0_mesh 584/1402 | Building BVH
Fra:1 Mem:623.64M (Peak 623.79M) | Time:00:02.15 | Mem:257.65M, Peak:278.57M | Scene, ViewLayer | Updating Geometry BVH common_living_dining_balcony_bookcase_02_door_p0_mesh 585/1402 | Building BVH
Fra:1 Mem:623.64M (Peak 623.79M) | Time:00:02.15 | Mem:257.65M, Peak:278.57M | Scene, ViewLayer | Updating Geometry BVH common_living_dining_balcony_bookcase_02_shelf0_mesh 586/1402 | Building BVH
Fra:1 Mem:623.64M (Peak 623.79M) | Time:00:02.15 | Mem:257.67M, Peak:278.57M | Scene, ViewLayer | Updating Geometry BVH common_living_dining_balcony_bookcase_02_shelf1_mesh 587/1402 | Building BVH
Fra:1 Mem:623.64M (Peak 623.79M) | Time:00:02.15 | Mem:257.69M, Peak:278.57M | Scene, ViewLayer | Updating Geometry BVH common_living_dining_balcony_bookcase_02_shelf2_mesh 588/1402 | Building BVH
Fra:1 Mem:623.64M (Peak 623.79M) | Time:00:02.15 | Mem:257.69M, Peak:278.57M | Scene, ViewLayer | Updating Geometry BVH common_living_dining_balcony_bookcase_02_shelf3_mesh 589/1402 | Building BVH
Fra:1 Mem:623.64M (Peak 623.79M) | Time:00:02.15 | Mem:257.70M, Peak:278.57M | Scene, ViewLayer | Updating Geometry BVH A_living_dining_balcony_rug_01_pile_mesh 1340/1402 | Building BVH
Fra:1 Mem:623.64M (Peak 623.79M) | Time:00:02.15 | Mem:257.72M, Peak:278.57M | Scene, ViewLayer | Updating Geometry BVH common_living_dining_balcony_bookcase_02_gshelf0_mesh 590/1402 | Building BVH
Fra:1 Mem:623.64M (Peak 623.79M) | Time:00:02.15 | Mem:257.73M, Peak:278.57M | Scene, ViewLayer | Updating Geometry BVH common_living_dining_balcony_bookcase_02_gshelf1_mesh 591/1402 | Building BVH
Fra:1 Mem:623.64M (Peak 623.79M) | Time:00:02.15 | Mem:257.74M, Peak:278.57M | Scene, ViewLayer | Updating Geometry BVH common_living_dining_balcony_bookcase_02_gf_stS_mesh 592/1402 | Building BVH
Fra:1 Mem:623.64M (Peak 623.79M) | Time:00:02.15 | Mem:257.75M, Peak:278.57M | Scene, ViewLayer | Updating Geometry BVH common_living_dining_balcony_bookcase_02_gf_rlB_mesh 594/1402 | Building BVH
Fra:1 Mem:623.64M (Peak 623.79M) | Time:00:02.15 | Mem:257.75M, Peak:278.57M | Scene, ViewLayer | Updating Geometry BVH common_living_dining_balcony_bookcase_02_gf_rlT_mesh 595/1402 | Building BVH
Fra:1 Mem:623.64M (Peak 623.79M) | Time:00:02.15 | Mem:257.75M, Peak:278.57M | Scene, ViewLayer | Updating Geometry BVH common_living_dining_balcony_bookcase_02_gpane_mesh 596/1402 | Building BVH
Fra:1 Mem:623.64M (Peak 623.79M) | Time:00:02.15 | Mem:257.76M, Peak:278.57M | Scene, ViewLayer | Updating Geometry BVH common_living_dining_balcony_bookcase_02_gknob_mesh 597/1402 | Building BVH
Fra:1 Mem:623.64M (Peak 623.79M) | Time:00:02.15 | Mem:257.77M, Peak:278.57M | Scene, ViewLayer | Updating Geometry BVH common_living_dining_balcony_laundry_cabinet_01_body_mesh 598/1402 | Building BVH
Fra:1 Mem:623.64M (Peak 623.79M) | Time:00:02.15 | Mem:257.78M, Peak:278.57M | Scene, ViewLayer | Updating Geometry BVH common_living_dining_balcony_laundry_cabinet_01_door_gapbg_mesh 599/1402 | Building BVH
Fra:1 Mem:623.64M (Peak 623.79M) | Time:00:02.15 | Mem:257.81M, Peak:278.57M | Scene, ViewLayer | Updating Geometry BVH common_living_dining_balcony_laundry_cabinet_01_door_f0l_mesh 600/1402 | Building BVH
Fra:1 Mem:623.64M (Peak 623.79M) | Time:00:02.15 | Mem:257.82M, Peak:278.57M | Scene, ViewLayer | Updating Geometry BVH common_living_dining_balcony_laundry_cabinet_01_door_f0r_mesh 601/1402 | Building BVH
Fra:1 Mem:623.64M (Peak 623.79M) | Time:00:02.15 | Mem:257.84M, Peak:278.57M | Scene, ViewLayer | Updating Geometry BVH common_living_dining_balcony_laundry_cabinet_01_door_f0b_mesh 602/1402 | Building BVH
Fra:1 Mem:623.64M (Peak 623.79M) | Time:00:02.15 | Mem:257.86M, Peak:278.57M | Scene, ViewLayer | Updating Geometry BVH common_living_dining_balcony_laundry_cabinet_01_door_f0t_mesh 603/1402 | Building BVH
Fra:1 Mem:623.64M (Peak 623.79M) | Time:00:02.15 | Mem:257.89M, Peak:278.57M | Scene, ViewLayer | Updating Geometry BVH common_living_dining_balcony_laundry_cabinet_01_door_f0c_mesh 604/1402 | Building BVH
Fra:1 Mem:623.64M (Peak 623.79M) | Time:00:02.15 | Mem:257.94M, Peak:278.57M | Scene, ViewLayer | Updating Geometry BVH common_living_dining_balcony_laundry_cabinet_01_door_p0_mesh 605/1402 | Building BVH
Fra:1 Mem:623.64M (Peak 623.79M) | Time:00:02.15 | Mem:257.93M, Peak:278.57M | Scene, ViewLayer | Updating Geometry BVH common_living_dining_balcony_laundry_cabinet_01_door_f1l_mesh 606/1402 | Building BVH
Fra:1 Mem:623.64M (Peak 623.79M) | Time:00:02.15 | Mem:257.94M, Peak:278.57M | Scene, ViewLayer | Updating Geometry BVH common_living_dining_balcony_laundry_cabinet_01_door_f1r_mesh 607/1402 | Building BVH
Fra:1 Mem:623.64M (Peak 623.79M) | Time:00:02.15 | Mem:257.96M, Peak:278.57M | Scene, ViewLayer | Updating Geometry BVH common_living_dining_balcony_laundry_cabinet_01_door_f1b_mesh 608/1402 | Building BVH
Fra:1 Mem:623.64M (Peak 623.79M) | Time:00:02.15 | Mem:257.98M, Peak:278.57M | Scene, ViewLayer | Updating Geometry BVH common_living_dining_balcony_laundry_cabinet_01_door_f1t_mesh 609/1402 | Building BVH
Fra:1 Mem:623.64M (Peak 623.79M) | Time:00:02.15 | Mem:257.97M, Peak:278.57M | Scene, ViewLayer | Updating Geometry BVH common_living_dining_balcony_laundry_cabinet_01_door_f1c_mesh 610/1402 | Building BVH
Fra:1 Mem:623.64M (Peak 623.79M) | Time:00:02.15 | Mem:257.97M, Peak:278.57M | Scene, ViewLayer | Updating Geometry BVH common_master_bedroom_wardrobe_01_body_mesh 612/1402 | Building BVH
Fra:1 Mem:623.64M (Peak 623.79M) | Time:00:02.15 | Mem:257.98M, Peak:278.57M | Scene, ViewLayer | Updating Geometry BVH common_master_bedroom_wardrobe_01_door_gapbg_mesh 613/1402 | Building BVH
Fra:1 Mem:623.64M (Peak 623.79M) | Time:00:02.15 | Mem:257.98M, Peak:278.57M | Scene, ViewLayer | Updating Geometry BVH common_master_bedroom_wardrobe_01_door_f0l_mesh 614/1402 | Building BVH
Fra:1 Mem:623.64M (Peak 623.79M) | Time:00:02.15 | Mem:257.98M, Peak:278.57M | Scene, ViewLayer | Updating Geometry BVH common_master_bedroom_wardrobe_01_door_f0r_mesh 615/1402 | Building BVH
Fra:1 Mem:623.64M (Peak 623.79M) | Time:00:02.15 | Mem:258.00M, Peak:278.57M | Scene, ViewLayer | Updating Geometry BVH common_master_bedroom_wardrobe_01_door_f0b_mesh 616/1402 | Building BVH
Fra:1 Mem:623.64M (Peak 623.79M) | Time:00:02.15 | Mem:258.05M, Peak:278.57M | Scene, ViewLayer | Updating Geometry BVH A_living_dining_balcony_coffee_table_01_leg2_mesh 1339/1402 | Building BVH
Fra:1 Mem:623.64M (Peak 623.79M) | Time:00:02.15 | Mem:258.10M, Peak:278.57M | Scene, ViewLayer | Updating Geometry BVH common_master_bedroom_wardrobe_01_door_f0t_mesh 617/1402 | Building BVH
Fra:1 Mem:623.64M (Peak 623.79M) | Time:00:02.15 | Mem:258.10M, Peak:278.57M | Scene, ViewLayer | Updating Geometry BVH common_master_bedroom_wardrobe_01_door_f0c_mesh 618/1402 | Building BVH
Fra:1 Mem:623.64M (Peak 623.79M) | Time:00:02.15 | Mem:258.10M, Peak:278.57M | Scene, ViewLayer | Updating Geometry BVH common_master_bedroom_wardrobe_01_door_p0_mesh 619/1402 | Building BVH
Fra:1 Mem:623.64M (Peak 623.79M) | Time:00:02.15 | Mem:258.12M, Peak:278.57M | Scene, ViewLayer | Updating Geometry BVH common_master_bedroom_wardrobe_01_door_f1l_mesh 620/1402 | Building BVH
Fra:1 Mem:623.64M (Peak 623.79M) | Time:00:02.15 | Mem:258.13M, Peak:278.57M | Scene, ViewLayer | Updating Geometry BVH common_master_bedroom_wardrobe_01_door_f1r_mesh 621/1402 | Building BVH
Fra:1 Mem:623.64M (Peak 623.79M) | Time:00:02.15 | Mem:258.14M, Peak:278.57M | Scene, ViewLayer | Updating Geometry BVH common_master_bedroom_wardrobe_01_door_f1b_mesh 622/1402 | Building BVH
Fra:1 Mem:623.64M (Peak 623.79M) | Time:00:02.15 | Mem:258.15M, Peak:278.57M | Scene, ViewLayer | Updating Geometry BVH common_master_bedroom_wardrobe_01_door_f1t_mesh 623/1402 | Building BVH
Fra:1 Mem:623.64M (Peak 623.79M) | Time:00:02.15 | Mem:258.16M, Peak:278.57M | Scene, ViewLayer | Updating Geometry BVH common_master_bedroom_wardrobe_01_door_f1c_mesh 624/1402 | Building BVH
Fra:1 Mem:623.64M (Peak 623.79M) | Time:00:02.15 | Mem:258.17M, Peak:278.57M | Scene, ViewLayer | Updating Geometry BVH common_master_bedroom_wardrobe_01_door_p1_mesh 625/1402 | Building BVH
Fra:1 Mem:623.64M (Peak 623.79M) | Time:00:02.15 | Mem:258.22M, Peak:278.57M | Scene, ViewLayer | Updating Geometry BVH common_master_bedroom_wardrobe_01_door_f2l_mesh 626/1402 | Building BVH
Fra:1 Mem:623.64M (Peak 623.79M) | Time:00:02.15 | Mem:258.25M, Peak:278.57M | Scene, ViewLayer | Updating Geometry BVH common_master_bedroom_wardrobe_01_door_f2r_mesh 627/1402 | Building BVH
Fra:1 Mem:623.64M (Peak 623.79M) | Time:00:02.15 | Mem:258.25M, Peak:278.57M | Scene, ViewLayer | Updating Geometry BVH common_master_bedroom_wardrobe_01_door_f2b_mesh 628/1402 | Building BVH
Fra:1 Mem:623.64M (Peak 623.79M) | Time:00:02.15 | Mem:258.25M, Peak:278.57M | Scene, ViewLayer | Updating Geometry BVH common_master_bedroom_wardrobe_01_door_f2t_mesh 629/1402 | Building BVH
Fra:1 Mem:623.64M (Peak 623.79M) | Time:00:02.15 | Mem:258.26M, Peak:278.57M | Scene, ViewLayer | Updating Geometry BVH common_master_bedroom_wardrobe_01_door_f2c_mesh 630/1402 | Building BVH
Fra:1 Mem:623.64M (Peak 623.79M) | Time:00:02.15 | Mem:258.27M, Peak:278.57M | Scene, ViewLayer | Updating Geometry BVH common_master_bedroom_wardrobe_01_door_f3l_mesh 632/1402 | Building BVH
Fra:1 Mem:623.64M (Peak 623.79M) | Time:00:02.15 | Mem:258.27M, Peak:278.57M | Scene, ViewLayer | Updating Geometry BVH common_master_bedroom_wardrobe_01_door_f3r_mesh 633/1402 | Building BVH
Fra:1 Mem:623.64M (Peak 623.79M) | Time:00:02.15 | Mem:258.31M, Peak:278.57M | Scene, ViewLayer | Updating Geometry BVH common_master_bedroom_wardrobe_01_door_f3b_mesh 634/1402 | Building BVH
Fra:1 Mem:623.64M (Peak 623.79M) | Time:00:02.15 | Mem:258.34M, Peak:278.57M | Scene, ViewLayer | Updating Geometry BVH common_master_bedroom_wardrobe_01_door_f3t_mesh 635/1402 | Building BVH
Fra:1 Mem:623.64M (Peak 623.79M) | Time:00:02.15 | Mem:258.36M, Peak:278.57M | Scene, ViewLayer | Updating Geometry BVH common_master_bedroom_wardrobe_01_door_f3c_mesh 636/1402 | Building BVH
Fra:1 Mem:623.64M (Peak 623.79M) | Time:00:02.15 | Mem:258.38M, Peak:278.57M | Scene, ViewLayer | Updating Geometry BVH common_master_bedroom_wardrobe_01_door_p3_mesh 637/1402 | Building BVH
Fra:1 Mem:623.64M (Peak 623.79M) | Time:00:02.15 | Mem:258.38M, Peak:278.57M | Scene, ViewLayer | Updating Geometry BVH common_master_bedroom_wardrobe_01_door_f4l_mesh 638/1402 | Building BVH
Fra:1 Mem:623.64M (Peak 623.79M) | Time:00:02.15 | Mem:258.38M, Peak:278.57M | Scene, ViewLayer | Updating Geometry BVH common_master_bedroom_wardrobe_01_door_f4r_mesh 639/1402 | Building BVH
Fra:1 Mem:623.64M (Peak 623.79M) | Time:00:02.15 | Mem:258.42M, Peak:278.57M | Scene, ViewLayer | Updating Geometry BVH common_master_bedroom_wardrobe_01_door_f4b_mesh 640/1402 | Building BVH
Fra:1 Mem:623.64M (Peak 623.79M) | Time:00:02.15 | Mem:258.43M, Peak:278.57M | Scene, ViewLayer | Updating Geometry BVH common_master_bedroom_wardrobe_01_door_f4c_mesh 642/1402 | Building BVH
Fra:1 Mem:623.64M (Peak 623.79M) | Time:00:02.15 | Mem:258.44M, Peak:278.57M | Scene, ViewLayer | Updating Geometry BVH common_master_bedroom_wardrobe_01_door_p4_mesh 643/1402 | Building BVH
Fra:1 Mem:623.64M (Peak 623.79M) | Time:00:02.15 | Mem:258.44M, Peak:278.57M | Scene, ViewLayer | Updating Geometry BVH common_master_bedroom_wardrobe_01_door_f5l_mesh 644/1402 | Building BVH
Fra:1 Mem:623.64M (Peak 623.79M) | Time:00:02.15 | Mem:258.47M, Peak:278.57M | Scene, ViewLayer | Updating Geometry BVH common_master_bedroom_wardrobe_01_door_f5b_mesh 646/1402 | Building BVH
Fra:1 Mem:623.64M (Peak 623.79M) | Time:00:02.15 | Mem:258.56M, Peak:278.57M | Scene, ViewLayer | Updating Geometry BVH common_master_bedroom_wardrobe_01_door_f5t_mesh 647/1402 | Building BVH
Fra:1 Mem:623.64M (Peak 623.79M) | Time:00:02.15 | Mem:258.56M, Peak:278.57M | Scene, ViewLayer | Updating Geometry BVH common_master_bedroom_wardrobe_01_door_f5c_mesh 648/1402 | Building BVH
Fra:1 Mem:623.64M (Peak 623.79M) | Time:00:02.15 | Mem:258.59M, Peak:278.57M | Scene, ViewLayer | Updating Geometry BVH common_master_bedroom_wardrobe_01_door_p5_mesh 649/1402 | Building BVH
Fra:1 Mem:623.64M (Peak 623.79M) | Time:00:02.15 | Mem:258.58M, Peak:278.57M | Scene, ViewLayer | Updating Geometry BVH common_master_bedroom_wardrobe_01_door_f6l_mesh 650/1402 | Building BVH
Fra:1 Mem:623.64M (Peak 623.79M) | Time:00:02.15 | Mem:258.58M, Peak:278.57M | Scene, ViewLayer | Updating Geometry BVH A_living_dining_balcony_coffee_table_01_leg0_mesh 1337/1402 | Building BVH
Fra:1 Mem:623.64M (Peak 623.79M) | Time:00:02.15 | Mem:258.58M, Peak:278.57M | Scene, ViewLayer | Updating Geometry BVH common_master_bedroom_wardrobe_01_door_f6r_mesh 651/1402 | Building BVH
Fra:1 Mem:623.64M (Peak 623.79M) | Time:00:02.15 | Mem:258.58M, Peak:278.57M | Scene, ViewLayer | Updating Geometry BVH common_master_bedroom_wardrobe_01_door_f6b_mesh 652/1402 | Building BVH
Fra:1 Mem:623.64M (Peak 623.79M) | Time:00:02.15 | Mem:258.58M, Peak:278.57M | Scene, ViewLayer | Updating Geometry BVH common_master_bedroom_wardrobe_01_door_f6t_mesh 653/1402 | Building BVH
Fra:1 Mem:623.64M (Peak 623.79M) | Time:00:02.15 | Mem:258.64M, Peak:278.57M | Scene, ViewLayer | Updating Geometry BVH common_master_bedroom_open_niche_01_back_mesh 656/1402 | Building BVH
Fra:1 Mem:623.64M (Peak 623.79M) | Time:00:02.15 | Mem:258.69M, Peak:278.57M | Scene, ViewLayer | Updating Geometry BVH common_master_bedroom_open_niche_01_cheek0_mesh 657/1402 | Building BVH
Fra:1 Mem:623.64M (Peak 623.79M) | Time:00:02.15 | Mem:258.70M, Peak:278.57M | Scene, ViewLayer | Updating Geometry BVH common_master_bedroom_open_niche_01_cheek1_mesh 658/1402 | Building BVH
Fra:1 Mem:623.64M (Peak 623.79M) | Time:00:02.15 | Mem:258.71M, Peak:278.57M | Scene, ViewLayer | Updating Geometry BVH common_master_bedroom_open_niche_01_top_mesh 659/1402 | Building BVH
Fra:1 Mem:623.64M (Peak 623.79M) | Time:00:02.15 | Mem:258.70M, Peak:278.57M | Scene, ViewLayer | Updating Geometry BVH common_master_bedroom_open_niche_01_bottom_mesh 660/1402 | Building BVH
Fra:1 Mem:623.64M (Peak 623.79M) | Time:00:02.15 | Mem:258.72M, Peak:278.57M | Scene, ViewLayer | Updating Geometry BVH common_master_bedroom_open_niche_01_sh0_mesh 661/1402 | Building BVH
Fra:1 Mem:623.64M (Peak 623.79M) | Time:00:02.15 | Mem:258.73M, Peak:278.57M | Scene, ViewLayer | Updating Geometry BVH common_master_bedroom_open_niche_01_sh1_mesh 662/1402 | Building BVH
Fra:1 Mem:623.64M (Peak 623.79M) | Time:00:02.15 | Mem:258.73M, Peak:278.57M | Scene, ViewLayer | Updating Geometry BVH common_master_bedroom_open_niche_01_sh2_mesh 663/1402 | Building BVH
Fra:1 Mem:623.64M (Peak 623.79M) | Time:00:02.15 | Mem:258.75M, Peak:278.57M | Scene, ViewLayer | Updating Geometry BVH common_master_bath_vanity_01_cab_mesh 664/1402 | Building BVH
Fra:1 Mem:623.64M (Peak 623.79M) | Time:00:02.15 | Mem:258.75M, Peak:278.57M | Scene, ViewLayer | Updating Geometry BVH common_master_bath_vanity_01_drw_gapbg_mesh 665/1402 | Building BVH
Fra:1 Mem:623.64M (Peak 623.79M) | Time:00:02.15 | Mem:258.75M, Peak:278.57M | Scene, ViewLayer | Updating Geometry BVH common_master_bath_vanity_01_drw_f0_mesh 666/1402 | Building BVH
Fra:1 Mem:623.64M (Peak 623.79M) | Time:00:02.16 | Mem:258.77M, Peak:278.57M | Scene, ViewLayer | Updating Geometry BVH common_master_bath_vanity_01_drw_p0_mesh 667/1402 | Building BVH
Fra:1 Mem:623.64M (Peak 623.79M) | Time:00:02.16 | Mem:258.79M, Peak:278.57M | Scene, ViewLayer | Updating Geometry BVH common_master_bath_vanity_01_drw_f1_mesh 668/1402 | Building BVH
Fra:1 Mem:623.64M (Peak 623.79M) | Time:00:02.16 | Mem:258.80M, Peak:278.57M | Scene, ViewLayer | Updating Geometry BVH common_master_bath_vanity_01_drw_p1_mesh 669/1402 | Building BVH
Fra:1 Mem:623.64M (Peak 623.79M) | Time:00:02.16 | Mem:258.80M, Peak:278.57M | Scene, ViewLayer | Updating Geometry BVH common_master_bath_vanity_01_top_s1_mesh 670/1402 | Building BVH
Fra:1 Mem:623.64M (Peak 623.79M) | Time:00:02.16 | Mem:258.80M, Peak:278.57M | Scene, ViewLayer | Updating Geometry BVH common_master_bath_vanity_01_top_s2_mesh 671/1402 | Building BVH
Fra:1 Mem:623.64M (Peak 623.79M) | Time:00:02.16 | Mem:258.83M, Peak:278.57M | Scene, ViewLayer | Updating Geometry BVH common_master_bath_vanity_01_top_s3_mesh 672/1402 | Building BVH
Fra:1 Mem:623.64M (Peak 623.79M) | Time:00:02.16 | Mem:258.83M, Peak:278.57M | Scene, ViewLayer | Updating Geometry BVH common_master_bath_vanity_01_top_s4_mesh 673/1402 | Building BVH
Fra:1 Mem:623.64M (Peak 623.79M) | Time:00:02.16 | Mem:258.85M, Peak:278.57M | Scene, ViewLayer | Updating Geometry BVH common_master_bath_vanity_01_bowlW_mesh 674/1402 | Building BVH
Fra:1 Mem:623.64M (Peak 623.79M) | Time:00:02.16 | Mem:258.91M, Peak:278.57M | Scene, ViewLayer | Updating Geometry BVH common_master_bath_vanity_01_bowlE_mesh 675/1402 | Building BVH
Fra:1 Mem:623.64M (Peak 623.79M) | Time:00:02.16 | Mem:258.92M, Peak:278.57M | Scene, ViewLayer | Updating Geometry BVH common_master_bath_vanity_01_bowlN_mesh 676/1402 | Building BVH
Fra:1 Mem:623.64M (Peak 623.79M) | Time:00:02.16 | Mem:258.92M, Peak:278.57M | Scene, ViewLayer | Updating Geometry BVH common_master_bath_vanity_01_bowlS_mesh 677/1402 | Building BVH
Fra:1 Mem:623.64M (Peak 623.79M) | Time:00:02.16 | Mem:258.95M, Peak:278.57M | Scene, ViewLayer | Updating Geometry BVH A_living_dining_balcony_coffee_table_01_top_mesh 1336/1402 | Building BVH
Fra:1 Mem:623.64M (Peak 623.79M) | Time:00:02.16 | Mem:258.95M, Peak:278.57M | Scene, ViewLayer | Updating Geometry BVH common_master_bath_vanity_01_bowlB_mesh 678/1402 | Building BVH
Fra:1 Mem:623.64M (Peak 623.79M) | Time:00:02.16 | Mem:258.95M, Peak:278.57M | Scene, ViewLayer | Updating Geometry BVH common_master_bath_vanity_01_fc_spout_mesh 681/1402 | Building BVH
Fra:1 Mem:623.64M (Peak 623.79M) | Time:00:02.16 | Mem:258.97M, Peak:278.57M | Scene, ViewLayer | Updating Geometry BVH common_master_bath_vanity_01_fc_tip_mesh 682/1402 | Building BVH
Fra:1 Mem:623.64M (Peak 623.79M) | Time:00:02.16 | Mem:258.97M, Peak:278.57M | Scene, ViewLayer | Updating Geometry BVH common_master_bath_mirror_cabinet_01_mir_f0_mesh 684/1402 | Building BVH
Fra:1 Mem:623.64M (Peak 623.79M) | Time:00:02.16 | Mem:258.98M, Peak:278.57M | Scene, ViewLayer | Updating Geometry BVH common_master_bath_toilet_01_base_mesh 685/1402 | Building BVH
Fra:1 Mem:623.64M (Peak 623.79M) | Time:00:02.16 | Mem:259.00M, Peak:278.57M | Scene, ViewLayer | Updating Geometry BVH common_master_bath_toilet_01_tank_mesh 687/1402 | Building BVH
Fra:1 Mem:623.64M (Peak 623.79M) | Time:00:02.16 | Mem:259.07M, Peak:278.57M | Scene, ViewLayer | Updating Geometry BVH common_master_bath_glass_partition_01_fr0_mesh 688/1402 | Building BVH
Fra:1 Mem:623.64M (Peak 623.79M) | Time:00:02.16 | Mem:259.09M, Peak:278.57M | Scene, ViewLayer | Updating Geometry BVH common_master_bath_glass_partition_01_fr1_mesh 689/1402 | Building BVH
Fra:1 Mem:623.64M (Peak 623.79M) | Time:00:02.16 | Mem:259.10M, Peak:278.57M | Scene, ViewLayer | Updating Geometry BVH common_master_bath_glass_partition_01_fr2_mesh 690/1402 | Building BVH
Fra:1 Mem:623.64M (Peak 623.79M) | Time:00:02.16 | Mem:259.10M, Peak:278.57M | Scene, ViewLayer | Updating Geometry BVH common_master_bath_glass_partition_01_fr3_mesh 691/1402 | Building BVH
Fra:1 Mem:623.64M (Peak 623.79M) | Time:00:02.16 | Mem:259.10M, Peak:278.57M | Scene, ViewLayer | Updating Geometry BVH common_master_bath_glass_partition_01_fr4_mesh 692/1402 | Building BVH
Fra:1 Mem:623.64M (Peak 623.79M) | Time:00:02.16 | Mem:259.10M, Peak:278.57M | Scene, ViewLayer | Updating Geometry BVH common_master_bath_shower_floor_01_pan_mesh 693/1402 | Building BVH
Fra:1 Mem:623.64M (Peak 623.79M) | Time:00:02.16 | Mem:259.12M, Peak:278.57M | Scene, ViewLayer | Updating Geometry BVH common_master_bath_shower_floor_01_drain_mesh 694/1402 | Building BVH
Fra:1 Mem:623.64M (Peak 623.79M) | Time:00:02.16 | Mem:259.12M, Peak:278.57M | Scene, ViewLayer | Updating Geometry BVH common_corridor_vanity_01_cab_mesh 695/1402 | Building BVH
Fra:1 Mem:623.64M (Peak 623.79M) | Time:00:02.16 | Mem:259.14M, Peak:278.57M | Scene, ViewLayer | Updating Geometry BVH common_corridor_vanity_01_drw_gapbg_mesh 696/1402 | Building BVH
Fra:1 Mem:623.64M (Peak 623.79M) | Time:00:02.16 | Mem:259.16M, Peak:278.57M | Scene, ViewLayer | Updating Geometry BVH A_living_dining_balcony_ottoman_01_base_mesh 1335/1402 | Building BVH
Fra:1 Mem:623.64M (Peak 623.79M) | Time:00:02.16 | Mem:259.17M, Peak:278.57M | Scene, ViewLayer | Updating Geometry BVH common_corridor_vanity_01_drw_f0_mesh 697/1402 | Building BVH
Fra:1 Mem:623.64M (Peak 623.79M) | Time:00:02.16 | Mem:259.18M, Peak:278.57M | Scene, ViewLayer | Updating Geometry BVH common_corridor_vanity_01_drw_p0_mesh 698/1402 | Building BVH
Fra:1 Mem:623.64M (Peak 623.79M) | Time:00:02.16 | Mem:259.19M, Peak:278.57M | Scene, ViewLayer | Updating Geometry BVH common_corridor_vanity_01_drw_f1_mesh 699/1402 | Building BVH
Fra:1 Mem:623.64M (Peak 623.79M) | Time:00:02.16 | Mem:259.20M, Peak:278.57M | Scene, ViewLayer | Updating Geometry BVH common_corridor_vanity_01_drw_p1_mesh 700/1402 | Building BVH
Fra:1 Mem:623.64M (Peak 623.79M) | Time:00:02.16 | Mem:259.21M, Peak:278.57M | Scene, ViewLayer | Updating Geometry BVH common_corridor_vanity_01_drw_f2_mesh 701/1402 | Building BVH
Fra:1 Mem:623.64M (Peak 623.79M) | Time:00:02.16 | Mem:259.22M, Peak:278.57M | Scene, ViewLayer | Updating Geometry BVH common_corridor_vanity_01_drw_p2_mesh 702/1402 | Building BVH
Fra:1 Mem:623.64M (Peak 623.79M) | Time:00:02.16 | Mem:259.22M, Peak:278.57M | Scene, ViewLayer | Updating Geometry BVH common_corridor_vanity_01_top_s1_mesh 703/1402 | Building BVH
Fra:1 Mem:623.64M (Peak 623.79M) | Time:00:02.16 | Mem:259.22M, Peak:278.57M | Scene, ViewLayer | Updating Geometry BVH common_corridor_vanity_01_top_s2_mesh 704/1402 | Building BVH
Fra:1 Mem:623.64M (Peak 623.79M) | Time:00:02.16 | Mem:259.22M, Peak:278.57M | Scene, ViewLayer | Updating Geometry BVH common_corridor_vanity_01_top_s3_mesh 705/1402 | Building BVH
Fra:1 Mem:623.64M (Peak 623.79M) | Time:00:02.16 | Mem:259.25M, Peak:278.57M | Scene, ViewLayer | Updating Geometry BVH common_corridor_vanity_01_top_s4_mesh 706/1402 | Building BVH
Fra:1 Mem:623.64M (Peak 623.79M) | Time:00:02.16 | Mem:259.27M, Peak:278.57M | Scene, ViewLayer | Updating Geometry BVH common_corridor_vanity_01_top_s5_mesh 707/1402 | Building BVH
Fra:1 Mem:623.64M (Peak 623.79M) | Time:00:02.16 | Mem:259.30M, Peak:278.57M | Scene, ViewLayer | Updating Geometry BVH common_corridor_vanity_01_bowlW_mesh 708/1402 | Building BVH
Fra:1 Mem:623.64M (Peak 623.79M) | Time:00:02.16 | Mem:259.30M, Peak:278.57M | Scene, ViewLayer | Updating Geometry BVH common_corridor_vanity_01_bowlN_mesh 710/1402 | Building BVH
Fra:1 Mem:623.64M (Peak 623.79M) | Time:00:02.16 | Mem:259.30M, Peak:278.57M | Scene, ViewLayer | Updating Geometry BVH common_corridor_vanity_01_bowlS_mesh 711/1402 | Building BVH
Fra:1 Mem:623.64M (Peak 623.79M) | Time:00:02.16 | Mem:259.30M, Peak:278.57M | Scene, ViewLayer | Updating Geometry BVH common_corridor_vanity_01_bowlB_mesh 712/1402 | Building BVH
Fra:1 Mem:623.64M (Peak 623.79M) | Time:00:02.16 | Mem:259.31M, Peak:278.57M | Scene, ViewLayer | Updating Geometry BVH common_corridor_vanity_01_fc353_base_mesh 713/1402 | Building BVH
Fra:1 Mem:623.64M (Peak 623.79M) | Time:00:02.16 | Mem:259.35M, Peak:278.57M | Scene, ViewLayer | Updating Geometry BVH common_corridor_vanity_01_fc353_riser_mesh 714/1402 | Building BVH
Fra:1 Mem:623.64M (Peak 623.79M) | Time:00:02.16 | Mem:259.38M, Peak:278.57M | Scene, ViewLayer | Updating Geometry BVH common_corridor_vanity_01_fc353_tip_mesh 716/1402 | Building BVH
Fra:1 Mem:623.64M (Peak 623.79M) | Time:00:02.16 | Mem:259.40M, Peak:278.57M | Scene, ViewLayer | Updating Geometry BVH common_corridor_vanity_01_bowlE_mesh.001 718/1402 | Building BVH
Fra:1 Mem:623.64M (Peak 623.79M) | Time:00:02.16 | Mem:259.48M, Peak:278.57M | Scene, ViewLayer | Updating Geometry BVH common_corridor_vanity_01_bowlN_mesh.001 719/1402 | Building BVH
Fra:1 Mem:623.64M (Peak 623.79M) | Time:00:02.16 | Mem:259.48M, Peak:278.57M | Scene, ViewLayer | Updating Geometry BVH common_corridor_vanity_01_bowlS_mesh.001 720/1402 | Building BVH
Fra:1 Mem:623.64M (Peak 623.79M) | Time:00:02.16 | Mem:259.48M, Peak:278.57M | Scene, ViewLayer | Updating Geometry BVH common_corridor_vanity_01_fc281_base_mesh 722/1402 | Building BVH
Fra:1 Mem:623.64M (Peak 623.79M) | Time:00:02.16 | Mem:259.49M, Peak:278.57M | Scene, ViewLayer | Updating Geometry BVH common_corridor_vanity_01_fc281_riser_mesh 723/1402 | Building BVH
Fra:1 Mem:623.64M (Peak 623.79M) | Time:00:02.16 | Mem:259.56M, Peak:278.57M | Scene, ViewLayer | Updating Geometry BVH common_corridor_vanity_01_fc281_spout_mesh 724/1402 | Building BVH
Fra:1 Mem:623.64M (Peak 623.79M) | Time:00:02.16 | Mem:259.55M, Peak:278.57M | Scene, ViewLayer | Updating Geometry BVH common_corridor_vanity_01_fc281_tip_mesh 725/1402 | Building BVH
Fra:1 Mem:623.64M (Peak 623.79M) | Time:00:02.16 | Mem:259.55M, Peak:278.57M | Scene, ViewLayer | Updating Geometry BVH common_corridor_mirror_cabinet_01_body_mesh 726/1402 | Building BVH
Fra:1 Mem:623.64M (Peak 623.79M) | Time:00:02.16 | Mem:259.56M, Peak:278.57M | Scene, ViewLayer | Updating Geometry BVH common_public_bath_wet_shower_floor_01_pan_mesh 729/1402 | Building BVH
Fra:1 Mem:623.64M (Peak 623.79M) | Time:00:02.16 | Mem:259.56M, Peak:278.57M | Scene, ViewLayer | Updating Geometry BVH A_living_dining_balcony_ottoman_01_pad_mesh 1334/1402 | Building BVH
Fra:1 Mem:623.64M (Peak 623.79M) | Time:00:02.16 | Mem:259.56M, Peak:278.57M | Scene, ViewLayer | Updating Geometry BVH common_public_bath_wet_glass_partition_01_fr1_mesh 732/1402 | Building BVH
Fra:1 Mem:623.64M (Peak 623.79M) | Time:00:02.16 | Mem:259.56M, Peak:278.57M | Scene, ViewLayer | Updating Geometry BVH common_public_bath_wet_glass_partition_01_fr2_mesh 733/1402 | Building BVH
Fra:1 Mem:623.64M (Peak 623.79M) | Time:00:02.16 | Mem:259.56M, Peak:278.57M | Scene, ViewLayer | Updating Geometry BVH common_public_bath_wet_glass_partition_01_fr3_mesh 734/1402 | Building BVH
Fra:1 Mem:623.64M (Peak 623.79M) | Time:00:02.16 | Mem:259.56M, Peak:278.57M | Scene, ViewLayer | Updating Geometry BVH common_public_bath_wet_glass_partition_01_fr4_mesh 735/1402 | Building BVH
Fra:1 Mem:623.65M (Peak 623.79M) | Time:00:02.16 | Mem:259.56M, Peak:278.57M | Scene, ViewLayer | Updating Geometry BVH common_public_bath_wet_toilet_01_base_mesh 736/1402 | Building BVH
Fra:1 Mem:623.65M (Peak 623.79M) | Time:00:02.16 | Mem:259.58M, Peak:278.57M | Scene, ViewLayer | Updating Geometry BVH common_public_bath_wet_toilet_01_tank_mesh 738/1402 | Building BVH
Fra:1 Mem:623.65M (Peak 623.79M) | Time:00:02.16 | Mem:259.58M, Peak:278.57M | Scene, ViewLayer | Updating Geometry BVH common_parents_room_wardrobe_01_body_mesh 739/1402 | Building BVH
Fra:1 Mem:623.65M (Peak 623.79M) | Time:00:02.16 | Mem:259.65M, Peak:278.57M | Scene, ViewLayer | Updating Geometry BVH common_parents_room_wardrobe_01_slA_f0_mesh 740/1402 | Building BVH
Fra:1 Mem:623.65M (Peak 623.79M) | Time:00:02.16 | Mem:259.71M, Peak:278.57M | Scene, ViewLayer | Updating Geometry BVH common_parents_room_wardrobe_01_slA_f1_mesh 741/1402 | Building BVH
Fra:1 Mem:623.65M (Peak 623.79M) | Time:00:02.16 | Mem:259.74M, Peak:278.57M | Scene, ViewLayer | Updating Geometry BVH common_parents_room_wardrobe_01_slA_f2_mesh 742/1402 | Building BVH
Fra:1 Mem:623.65M (Peak 623.79M) | Time:00:02.16 | Mem:259.76M, Peak:278.57M | Scene, ViewLayer | Updating Geometry BVH common_parents_room_wardrobe_01_slB_f0_mesh 743/1402 | Building BVH
Fra:1 Mem:623.65M (Peak 623.79M) | Time:00:02.16 | Mem:259.80M, Peak:278.57M | Scene, ViewLayer | Updating Geometry BVH common_parents_room_wardrobe_01_slB_f1_mesh 744/1402 | Building BVH
Fra:1 Mem:623.65M (Peak 623.79M) | Time:00:02.16 | Mem:259.80M, Peak:278.57M | Scene, ViewLayer | Updating Geometry BVH common_parents_room_wardrobe_01_slB_f2_mesh 745/1402 | Building BVH
Fra:1 Mem:623.65M (Peak 623.79M) | Time:00:02.16 | Mem:259.80M, Peak:278.57M | Scene, ViewLayer | Updating Geometry BVH common_master_bedroom_screen_01_slat00_mesh 746/1402 | Building BVH
Fra:1 Mem:623.65M (Peak 623.79M) | Time:00:02.16 | Mem:259.80M, Peak:278.57M | Scene, ViewLayer | Updating Geometry BVH common_master_bedroom_screen_01_slat04_mesh 750/1402 | Building BVH
Fra:1 Mem:623.65M (Peak 623.79M) | Time:00:02.16 | Mem:259.81M, Peak:278.57M | Scene, ViewLayer | Updating Geometry BVH common_master_bedroom_screen_01_slat05_mesh 751/1402 | Building BVH
Fra:1 Mem:623.65M (Peak 623.79M) | Time:00:02.16 | Mem:259.85M, Peak:278.57M | Scene, ViewLayer | Updating Geometry BVH A_living_dining_balcony_sofa_01_pillow_brick_mesh 1333/1402 | Building BVH
Fra:1 Mem:623.65M (Peak 623.79M) | Time:00:02.16 | Mem:259.96M, Peak:278.57M | Scene, ViewLayer | Updating Geometry BVH common_master_bedroom_screen_01_slat06_mesh 752/1402 | Building BVH
Fra:1 Mem:623.65M (Peak 623.79M) | Time:00:02.16 | Mem:259.96M, Peak:278.57M | Scene, ViewLayer | Updating Geometry BVH common_master_bedroom_screen_01_slat07_mesh 753/1402 | Building BVH
Fra:1 Mem:623.65M (Peak 623.79M) | Time:00:02.16 | Mem:259.99M, Peak:278.57M | Scene, ViewLayer | Updating Geometry BVH common_master_bedroom_screen_01_slat08_mesh 754/1402 | Building BVH
Fra:1 Mem:623.65M (Peak 623.79M) | Time:00:02.16 | Mem:259.98M, Peak:278.57M | Scene, ViewLayer | Updating Geometry BVH common_master_bedroom_screen_01_slat09_mesh 755/1402 | Building BVH
Fra:1 Mem:623.65M (Peak 623.79M) | Time:00:02.16 | Mem:259.98M, Peak:278.57M | Scene, ViewLayer | Updating Geometry BVH common_master_bedroom_screen_01_slat11_mesh 757/1402 | Building BVH
Fra:1 Mem:623.65M (Peak 623.79M) | Time:00:02.16 | Mem:259.99M, Peak:278.57M | Scene, ViewLayer | Updating Geometry BVH common_master_bedroom_screen_01_slat10_mesh 756/1402 | Building BVH
Fra:1 Mem:623.65M (Peak 623.79M) | Time:00:02.16 | Mem:259.99M, Peak:278.57M | Scene, ViewLayer | Updating Geometry BVH common_master_bedroom_screen_01_slat12_mesh 758/1402 | Building BVH
Fra:1 Mem:623.65M (Peak 623.79M) | Time:00:02.16 | Mem:259.99M, Peak:278.57M | Scene, ViewLayer | Updating Geometry BVH common_master_bedroom_screen_01_slat14_mesh 760/1402 | Building BVH
Fra:1 Mem:623.65M (Peak 623.79M) | Time:00:02.16 | Mem:260.06M, Peak:278.57M | Scene, ViewLayer | Updating Geometry BVH common_master_bedroom_screen_01_slat15_mesh 761/1402 | Building BVH
Fra:1 Mem:623.65M (Peak 623.79M) | Time:00:02.17 | Mem:260.11M, Peak:278.57M | Scene, ViewLayer | Updating Geometry BVH common_master_bedroom_screen_01_slat16_mesh 762/1402 | Building BVH
Fra:1 Mem:623.65M (Peak 623.79M) | Time:00:02.17 | Mem:260.12M, Peak:278.57M | Scene, ViewLayer | Updating Geometry BVH common_master_bedroom_screen_01_slat17_mesh 763/1402 | Building BVH
Fra:1 Mem:623.65M (Peak 623.79M) | Time:00:02.17 | Mem:260.13M, Peak:278.57M | Scene, ViewLayer | Updating Geometry BVH common_master_bedroom_screen_01_slat18_mesh 764/1402 | Building BVH
Fra:1 Mem:623.65M (Peak 623.79M) | Time:00:02.17 | Mem:260.13M, Peak:278.57M | Scene, ViewLayer | Updating Geometry BVH common_master_bedroom_screen_01_cap_mesh 765/1402 | Building BVH
Fra:1 Mem:623.65M (Peak 623.79M) | Time:00:02.17 | Mem:260.13M, Peak:278.57M | Scene, ViewLayer | Updating Geometry BVH mb_shower_mixer_mesh 766/1402 | Building BVH
Fra:1 Mem:623.65M (Peak 623.79M) | Time:00:02.17 | Mem:260.14M, Peak:278.57M | Scene, ViewLayer | Updating Geometry BVH mb_shower_rail_mesh 767/1402 | Building BVH
Fra:1 Mem:623.65M (Peak 623.79M) | Time:00:02.17 | Mem:260.16M, Peak:278.57M | Scene, ViewLayer | Updating Geometry BVH A_living_dining_balcony_sofa_01_pillow_olive_mesh 1332/1402 | Building BVH
Fra:1 Mem:623.65M (Peak 623.79M) | Time:00:02.17 | Mem:260.17M, Peak:278.57M | Scene, ViewLayer | Updating Geometry BVH mb_shower_hand_mesh 768/1402 | Building BVH
Fra:1 Mem:623.65M (Peak 623.79M) | Time:00:02.17 | Mem:260.17M, Peak:278.57M | Scene, ViewLayer | Updating Geometry BVH mb_shower_arm_mesh 769/1402 | Building BVH
Fra:1 Mem:623.65M (Peak 623.79M) | Time:00:02.17 | Mem:260.17M, Peak:278.57M | Scene, ViewLayer | Updating Geometry BVH fx_mb_niche_side0_mesh 772/1402 | Building BVH
Fra:1 Mem:623.65M (Peak 623.79M) | Time:00:02.17 | Mem:260.17M, Peak:278.57M | Scene, ViewLayer | Updating Geometry BVH fx_mb_niche_btm_mesh 774/1402 | Building BVH
Fra:1 Mem:623.65M (Peak 623.79M) | Time:00:02.17 | Mem:260.19M, Peak:278.57M | Scene, ViewLayer | Updating Geometry BVH fx_mb_niche_top_mesh 775/1402 | Building BVH
Fra:1 Mem:623.65M (Peak 623.79M) | Time:00:02.17 | Mem:260.19M, Peak:278.57M | Scene, ViewLayer | Updating Geometry BVH fx_mb_paper_rod_mesh 777/1402 | Building BVH
Fra:1 Mem:623.65M (Peak 623.79M) | Time:00:02.17 | Mem:260.19M, Peak:278.57M | Scene, ViewLayer | Updating Geometry BVH pb_shower_mixer_mesh 778/1402 | Building BVH
Fra:1 Mem:623.65M (Peak 623.79M) | Time:00:02.17 | Mem:260.19M, Peak:278.57M | Scene, ViewLayer | Updating Geometry BVH pb_shower_hand_mesh 780/1402 | Building BVH
Fra:1 Mem:623.65M (Peak 623.79M) | Time:00:02.17 | Mem:260.19M, Peak:278.57M | Scene, ViewLayer | Updating Geometry BVH pb_shower_rain_mesh 782/1402 | Building BVH
Fra:1 Mem:623.65M (Peak 623.79M) | Time:00:02.17 | Mem:260.18M, Peak:278.57M | Scene, ViewLayer | Updating Geometry BVH fx_pb_niche_side0_mesh 784/1402 | Building BVH
Fra:1 Mem:623.65M (Peak 623.79M) | Time:00:02.17 | Mem:260.19M, Peak:278.57M | Scene, ViewLayer | Updating Geometry BVH fx_pb_niche_btm_mesh 786/1402 | Building BVH
Fra:1 Mem:623.65M (Peak 623.79M) | Time:00:02.17 | Mem:260.27M, Peak:278.57M | Scene, ViewLayer | Updating Geometry BVH fx_pb_niche_top_mesh 787/1402 | Building BVH
Fra:1 Mem:623.65M (Peak 623.79M) | Time:00:02.17 | Mem:260.27M, Peak:278.57M | Scene, ViewLayer | Updating Geometry BVH fx_stool_top_mesh 788/1402 | Building BVH
Fra:1 Mem:623.65M (Peak 623.79M) | Time:00:02.17 | Mem:260.35M, Peak:278.57M | Scene, ViewLayer | Updating Geometry BVH A_living_dining_balcony_sofa_01_arm1_mesh 1331/1402 | Building BVH
Fra:1 Mem:623.65M (Peak 623.79M) | Time:00:02.17 | Mem:260.38M, Peak:278.57M | Scene, ViewLayer | Updating Geometry BVH fx_stool_leg0_mesh 789/1402 | Building BVH
Fra:1 Mem:623.65M (Peak 623.79M) | Time:00:02.17 | Mem:260.38M, Peak:278.57M | Scene, ViewLayer | Updating Geometry BVH fx_stool_leg1_mesh 790/1402 | Building BVH
Fra:1 Mem:623.65M (Peak 623.79M) | Time:00:02.17 | Mem:260.39M, Peak:278.57M | Scene, ViewLayer | Updating Geometry BVH fx_stool_leg2_mesh 791/1402 | Building BVH
Fra:1 Mem:623.65M (Peak 623.79M) | Time:00:02.17 | Mem:260.40M, Peak:278.57M | Scene, ViewLayer | Updating Geometry BVH fx_stool_leg3_mesh 792/1402 | Building BVH
Fra:1 Mem:623.65M (Peak 623.79M) | Time:00:02.17 | Mem:260.42M, Peak:278.57M | Scene, ViewLayer | Updating Geometry BVH common_living_dining_balcony_plant_01_stem_mesh 793/1402 | Building BVH
Fra:1 Mem:623.65M (Peak 623.79M) | Time:00:02.17 | Mem:260.42M, Peak:278.57M | Scene, ViewLayer | Updating Geometry BVH common_living_dining_balcony_plant_01_leaf0_mesh 794/1402 | Building BVH
Fra:1 Mem:623.65M (Peak 623.79M) | Time:00:02.17 | Mem:260.43M, Peak:278.57M | Scene, ViewLayer | Updating Geometry BVH common_living_dining_balcony_plant_01_leaf1_mesh 795/1402 | Building BVH
Fra:1 Mem:623.65M (Peak 623.79M) | Time:00:02.17 | Mem:260.44M, Peak:278.57M | Scene, ViewLayer | Updating Geometry BVH common_living_dining_balcony_plant_01_leaf2_mesh 796/1402 | Building BVH
Fra:1 Mem:623.65M (Peak 623.79M) | Time:00:02.17 | Mem:260.47M, Peak:278.57M | Scene, ViewLayer | Updating Geometry BVH common_living_dining_balcony_plant_01_leaf3_mesh 797/1402 | Building BVH
Fra:1 Mem:623.65M (Peak 623.79M) | Time:00:02.17 | Mem:260.47M, Peak:278.57M | Scene, ViewLayer | Updating Geometry BVH common_living_dining_balcony_plant_01_leaf4_mesh 798/1402 | Building BVH
Fra:1 Mem:623.65M (Peak 623.79M) | Time:00:02.17 | Mem:260.48M, Peak:278.57M | Scene, ViewLayer | Updating Geometry BVH common_living_dining_balcony_plant_01_leaf5_mesh 799/1402 | Building BVH
Fra:1 Mem:623.65M (Peak 623.79M) | Time:00:02.17 | Mem:260.48M, Peak:278.57M | Scene, ViewLayer | Updating Geometry BVH common_living_dining_balcony_plant_01_leaf7_mesh 801/1402 | Building BVH
Fra:1 Mem:623.65M (Peak 623.79M) | Time:00:02.17 | Mem:260.49M, Peak:278.57M | Scene, ViewLayer | Updating Geometry BVH common_living_dining_balcony_planter_01_pot_mesh 802/1402 | Building BVH
Fra:1 Mem:623.65M (Peak 623.79M) | Time:00:02.17 | Mem:260.50M, Peak:278.57M | Scene, ViewLayer | Updating Geometry BVH common_living_dining_balcony_stool_01_top_mesh 803/1402 | Building BVH
Fra:1 Mem:623.65M (Peak 623.79M) | Time:00:02.17 | Mem:260.50M, Peak:278.57M | Scene, ViewLayer | Updating Geometry BVH common_living_dining_balcony_stool_01_post_mesh 804/1402 | Building BVH
Fra:1 Mem:623.65M (Peak 623.79M) | Time:00:02.17 | Mem:260.50M, Peak:278.57M | Scene, ViewLayer | Updating Geometry BVH common_living_dining_balcony_stool_01_jar_mesh 805/1402 | Building BVH
Fra:1 Mem:623.65M (Peak 623.79M) | Time:00:02.17 | Mem:260.60M, Peak:278.57M | Scene, ViewLayer | Updating Geometry BVH common_living_dining_balcony_artwork_01_canvas_mesh 806/1402 | Building BVH
Fra:1 Mem:623.65M (Peak 623.79M) | Time:00:02.17 | Mem:260.67M, Peak:278.57M | Scene, ViewLayer | Updating Geometry BVH common_living_dining_balcony_artwork_01_lamp_mesh 807/1402 | Building BVH
Fra:1 Mem:623.65M (Peak 623.79M) | Time:00:02.17 | Mem:260.68M, Peak:278.57M | Scene, ViewLayer | Updating Geometry BVH common_master_bedroom_dressing_table_01_topl_mesh 809/1402 | Building BVH
Fra:1 Mem:623.65M (Peak 623.79M) | Time:00:02.17 | Mem:260.69M, Peak:278.57M | Scene, ViewLayer | Updating Geometry BVH common_master_bedroom_dressing_table_01_side0_mesh 810/1402 | Building BVH
Fra:1 Mem:623.65M (Peak 623.79M) | Time:00:02.17 | Mem:260.70M, Peak:278.57M | Scene, ViewLayer | Updating Geometry BVH common_master_bedroom_dressing_table_01_side1_mesh 811/1402 | Building BVH
Fra:1 Mem:623.65M (Peak 623.79M) | Time:00:02.17 | Mem:260.74M, Peak:278.57M | Scene, ViewLayer | Updating Geometry BVH common_master_bedroom_dressing_table_01_drw_mesh 812/1402 | Building BVH
Fra:1 Mem:623.65M (Peak 623.79M) | Time:00:02.17 | Mem:260.75M, Peak:278.57M | Scene, ViewLayer | Updating Geometry BVH common_master_bedroom_dressing_table_01drw_drw_gapbg_mesh 813/1402 | Building BVH
Fra:1 Mem:623.65M (Peak 623.79M) | Time:00:02.17 | Mem:260.75M, Peak:278.57M | Scene, ViewLayer | Updating Geometry BVH A_living_dining_balcony_sofa_01_arm0_mesh 1330/1402 | Building BVH
Fra:1 Mem:623.65M (Peak 623.79M) | Time:00:02.17 | Mem:260.72M, Peak:278.57M | Scene, ViewLayer | Updating Geometry BVH common_master_bedroom_dressing_table_01drw_drw_f0_mesh 814/1402 | Building BVH
Fra:1 Mem:623.65M (Peak 623.79M) | Time:00:02.17 | Mem:260.73M, Peak:278.57M | Scene, ViewLayer | Updating Geometry BVH common_master_bedroom_dressing_table_01_door_f0l_mesh 820/1402 | Building BVH
Fra:1 Mem:623.65M (Peak 623.79M) | Time:00:02.17 | Mem:260.78M, Peak:278.57M | Scene, ViewLayer | Updating Geometry BVH common_master_bedroom_dressing_table_01_door_f0r_mesh 821/1402 | Building BVH
Fra:1 Mem:623.65M (Peak 623.79M) | Time:00:02.17 | Mem:260.79M, Peak:278.57M | Scene, ViewLayer | Updating Geometry BVH common_master_bedroom_dressing_table_01_door_f0b_mesh 822/1402 | Building BVH
Fra:1 Mem:623.65M (Peak 623.79M) | Time:00:02.17 | Mem:260.82M, Peak:278.57M | Scene, ViewLayer | Updating Geometry BVH common_master_bedroom_dressing_table_01_door_f0t_mesh 823/1402 | Building BVH
Fra:1 Mem:623.65M (Peak 623.79M) | Time:00:02.17 | Mem:260.84M, Peak:278.57M | Scene, ViewLayer | Updating Geometry BVH common_master_bedroom_dressing_table_01_door_f0c_mesh 824/1402 | Building BVH
Fra:1 Mem:623.65M (Peak 623.79M) | Time:00:02.17 | Mem:260.89M, Peak:278.57M | Scene, ViewLayer | Updating Geometry BVH common_master_bedroom_dressing_table_01_door_p0_mesh 825/1402 | Building BVH
Fra:1 Mem:623.65M (Peak 623.79M) | Time:00:02.17 | Mem:260.89M, Peak:278.57M | Scene, ViewLayer | Updating Geometry BVH common_master_bedroom_dressing_table_01_door_f1l_mesh 826/1402 | Building BVH
Fra:1 Mem:623.65M (Peak 623.79M) | Time:00:02.17 | Mem:260.90M, Peak:278.57M | Scene, ViewLayer | Updating Geometry BVH common_master_bedroom_dressing_table_01_door_f1r_mesh 827/1402 | Building BVH
Fra:1 Mem:623.65M (Peak 623.79M) | Time:00:02.17 | Mem:260.92M, Peak:278.57M | Scene, ViewLayer | Updating Geometry BVH common_master_bedroom_dressing_table_01_door_f1b_mesh 828/1402 | Building BVH
Fra:1 Mem:623.65M (Peak 623.79M) | Time:00:02.17 | Mem:260.92M, Peak:278.57M | Scene, ViewLayer | Updating Geometry BVH common_master_bedroom_dressing_table_01_door_f1t_mesh 829/1402 | Building BVH
Fra:1 Mem:623.65M (Peak 623.79M) | Time:00:02.17 | Mem:260.92M, Peak:278.57M | Scene, ViewLayer | Updating Geometry BVH common_master_bedroom_dressing_table_01_door_f1c_mesh 830/1402 | Building BVH
Fra:1 Mem:623.65M (Peak 623.79M) | Time:00:02.17 | Mem:260.92M, Peak:278.57M | Scene, ViewLayer | Updating Geometry BVH A_living_dining_balcony_sofa_01_seat2_mesh 1329/1402 | Building BVH
Fra:1 Mem:623.65M (Peak 623.79M) | Time:00:02.17 | Mem:260.93M, Peak:278.57M | Scene, ViewLayer | Updating Geometry BVH common_master_bedroom_dressing_table_01_door_p1_mesh 831/1402 | Building BVH
Fra:1 Mem:623.65M (Peak 623.79M) | Time:00:02.17 | Mem:260.96M, Peak:278.57M | Scene, ViewLayer | Updating Geometry BVH common_master_bedroom_dressing_table_01_door_f2l_mesh 832/1402 | Building BVH
Fra:1 Mem:623.65M (Peak 623.79M) | Time:00:02.17 | Mem:260.96M, Peak:278.57M | Scene, ViewLayer | Updating Geometry BVH common_master_bedroom_dressing_table_01_door_f2r_mesh 833/1402 | Building BVH
Fra:1 Mem:623.65M (Peak 623.79M) | Time:00:02.17 | Mem:260.99M, Peak:278.57M | Scene, ViewLayer | Updating Geometry BVH common_master_bedroom_dressing_table_01_door_f2t_mesh 835/1402 | Building BVH
Fra:1 Mem:623.65M (Peak 623.79M) | Time:00:02.17 | Mem:261.00M, Peak:278.57M | Scene, ViewLayer | Updating Geometry BVH common_master_bedroom_stool_01_pad_mesh 839/1402 | Building BVH
Fra:1 Mem:623.65M (Peak 623.79M) | Time:00:02.17 | Mem:261.05M, Peak:278.57M | Scene, ViewLayer | Updating Geometry BVH common_master_bedroom_stool_01_leg0_mesh 840/1402 | Building BVH
Fra:1 Mem:623.65M (Peak 623.79M) | Time:00:02.17 | Mem:261.05M, Peak:278.57M | Scene, ViewLayer | Updating Geometry BVH common_master_bedroom_stool_01_leg1_mesh 841/1402 | Building BVH
Fra:1 Mem:623.65M (Peak 623.79M) | Time:00:02.17 | Mem:261.06M, Peak:278.57M | Scene, ViewLayer | Updating Geometry BVH common_master_bedroom_stool_01_leg2_mesh 842/1402 | Building BVH
Fra:1 Mem:623.65M (Peak 623.79M) | Time:00:02.17 | Mem:261.15M, Peak:278.57M | Scene, ViewLayer | Updating Geometry BVH common_master_bedroom_stool_01_leg3_mesh 843/1402 | Building BVH
Fra:1 Mem:623.65M (Peak 623.79M) | Time:00:02.17 | Mem:261.15M, Peak:278.57M | Scene, ViewLayer | Updating Geometry BVH common_master_bedroom_bed_01_frame_mesh 844/1402 | Building BVH
Fra:1 Mem:623.65M (Peak 623.79M) | Time:00:02.17 | Mem:261.15M, Peak:278.57M | Scene, ViewLayer | Updating Geometry BVH common_master_bedroom_bed_01_mattress_mesh 845/1402 | Building BVH
Fra:1 Mem:623.65M (Peak 623.79M) | Time:00:02.17 | Mem:261.16M, Peak:278.57M | Scene, ViewLayer | Updating Geometry BVH common_master_bedroom_bed_01_duvet_mesh 846/1402 | Building BVH
Fra:1 Mem:623.65M (Peak 623.79M) | Time:00:02.17 | Mem:261.16M, Peak:278.57M | Scene, ViewLayer | Updating Geometry BVH common_master_bedroom_bed_01_duvetdrop2_mesh 848/1402 | Building BVH
Fra:1 Mem:623.65M (Peak 623.79M) | Time:00:02.17 | Mem:261.18M, Peak:278.57M | Scene, ViewLayer | Updating Geometry BVH common_master_bedroom_bed_01_pillow1_mesh 849/1402 | Building BVH
Fra:1 Mem:623.65M (Peak 623.79M) | Time:00:02.17 | Mem:261.18M, Peak:278.57M | Scene, ViewLayer | Updating Geometry BVH common_master_bedroom_bed_01_throw_mesh 851/1402 | Building BVH
Fra:1 Mem:623.65M (Peak 623.79M) | Time:00:02.17 | Mem:261.20M, Peak:278.57M | Scene, ViewLayer | Updating Geometry BVH common_master_bedroom_nightstand_01_body_mesh 853/1402 | Building BVH
Fra:1 Mem:623.65M (Peak 623.79M) | Time:00:02.17 | Mem:261.20M, Peak:278.57M | Scene, ViewLayer | Updating Geometry BVH common_master_bedroom_nightstand_01_drw_f0_mesh 855/1402 | Building BVH
Fra:1 Mem:623.65M (Peak 623.79M) | Time:00:02.17 | Mem:261.22M, Peak:278.57M | Scene, ViewLayer | Updating Geometry BVH common_master_bedroom_nightstand_01_drw_p0_mesh 856/1402 | Building BVH
Fra:1 Mem:623.65M (Peak 623.79M) | Time:00:02.17 | Mem:261.23M, Peak:278.57M | Scene, ViewLayer | Updating Geometry BVH common_master_bedroom_nightstand_01_leg0_mesh 857/1402 | Building BVH
Fra:1 Mem:623.65M (Peak 623.79M) | Time:00:02.17 | Mem:261.26M, Peak:278.57M | Scene, ViewLayer | Updating Geometry BVH common_master_bedroom_nightstand_01_leg1_mesh 858/1402 | Building BVH
Fra:1 Mem:623.65M (Peak 623.79M) | Time:00:02.17 | Mem:261.38M, Peak:278.57M | Scene, ViewLayer | Updating Geometry BVH A_living_dining_balcony_sofa_01_seat1_mesh 1328/1402 | Building BVH
Fra:1 Mem:623.65M (Peak 623.79M) | Time:00:02.17 | Mem:261.37M, Peak:278.57M | Scene, ViewLayer | Updating Geometry BVH common_master_bedroom_nightstand_01_leg2_mesh 859/1402 | Building BVH
Fra:1 Mem:623.65M (Peak 623.79M) | Time:00:02.17 | Mem:261.37M, Peak:278.57M | Scene, ViewLayer | Updating Geometry BVH common_master_bedroom_nightstand_01_leg3_mesh 860/1402 | Building BVH
Fra:1 Mem:623.65M (Peak 623.79M) | Time:00:02.17 | Mem:261.38M, Peak:278.57M | Scene, ViewLayer | Updating Geometry BVH common_master_bedroom_nightstand_02_body_mesh 861/1402 | Building BVH
Fra:1 Mem:623.65M (Peak 623.79M) | Time:00:02.17 | Mem:261.39M, Peak:278.57M | Scene, ViewLayer | Updating Geometry BVH common_master_bedroom_nightstand_02_drw_gapbg_mesh 862/1402 | Building BVH
Fra:1 Mem:623.65M (Peak 623.79M) | Time:00:02.17 | Mem:261.40M, Peak:278.57M | Scene, ViewLayer | Updating Geometry BVH common_master_bedroom_nightstand_02_drw_f0_mesh 863/1402 | Building BVH
Fra:1 Mem:623.65M (Peak 623.79M) | Time:00:02.17 | Mem:261.40M, Peak:278.57M | Scene, ViewLayer | Updating Geometry BVH common_master_bedroom_nightstand_02_drw_p0_mesh 864/1402 | Building BVH
Fra:1 Mem:623.65M (Peak 623.79M) | Time:00:02.17 | Mem:261.42M, Peak:278.57M | Scene, ViewLayer | Updating Geometry BVH common_master_bedroom_nightstand_02_leg0_mesh 865/1402 | Building BVH
Fra:1 Mem:623.65M (Peak 623.79M) | Time:00:02.17 | Mem:261.45M, Peak:278.57M | Scene, ViewLayer | Updating Geometry BVH common_master_bedroom_nightstand_02_leg1_mesh 866/1402 | Building BVH
Fra:1 Mem:623.65M (Peak 623.79M) | Time:00:02.17 | Mem:261.44M, Peak:278.57M | Scene, ViewLayer | Updating Geometry BVH common_master_bedroom_nightstand_02_leg2_mesh 867/1402 | Building BVH
Fra:1 Mem:623.65M (Peak 623.79M) | Time:00:02.17 | Mem:261.46M, Peak:278.57M | Scene, ViewLayer | Updating Geometry BVH common_master_bedroom_nightstand_02_leg3_mesh 868/1402 | Building BVH
Fra:1 Mem:623.65M (Peak 623.79M) | Time:00:02.17 | Mem:261.46M, Peak:278.57M | Scene, ViewLayer | Updating Geometry BVH common_master_bedroom_desk_01_drawer_mesh 870/1402 | Building BVH
Fra:1 Mem:623.65M (Peak 623.79M) | Time:00:02.17 | Mem:261.46M, Peak:278.57M | Scene, ViewLayer | Updating Geometry BVH common_master_bedroom_desk_01_leg0_mesh 871/1402 | Building BVH
Fra:1 Mem:623.65M (Peak 623.79M) | Time:00:02.17 | Mem:261.49M, Peak:278.57M | Scene, ViewLayer | Updating Geometry BVH common_master_bedroom_desk_01_leg1_mesh 872/1402 | Building BVH
Fra:1 Mem:623.65M (Peak 623.79M) | Time:00:02.17 | Mem:261.50M, Peak:278.57M | Scene, ViewLayer | Updating Geometry BVH common_master_bedroom_desk_01_leg2_mesh 873/1402 | Building BVH
Fra:1 Mem:623.65M (Peak 623.79M) | Time:00:02.18 | Mem:261.52M, Peak:278.57M | Scene, ViewLayer | Updating Geometry BVH common_master_bedroom_desk_01_leg3_mesh 874/1402 | Building BVH
Fra:1 Mem:623.65M (Peak 623.79M) | Time:00:02.18 | Mem:261.52M, Peak:278.57M | Scene, ViewLayer | Updating Geometry BVH common_master_bedroom_desk_01_monitor_mesh 875/1402 | Building BVH
Fra:1 Mem:623.65M (Peak 623.79M) | Time:00:02.18 | Mem:261.52M, Peak:278.57M | Scene, ViewLayer | Updating Geometry BVH common_master_bedroom_desk_01_monstand_mesh 876/1402 | Building BVH
Fra:1 Mem:623.65M (Peak 623.79M) | Time:00:02.18 | Mem:261.52M, Peak:278.57M | Scene, ViewLayer | Updating Geometry BVH common_master_bedroom_chair_01_seat_mesh 877/1402 | Building BVH
Fra:1 Mem:623.65M (Peak 623.79M) | Time:00:02.18 | Mem:261.53M, Peak:278.57M | Scene, ViewLayer | Updating Geometry BVH common_master_bedroom_chair_01_back_mesh 878/1402 | Building BVH
Fra:1 Mem:623.65M (Peak 623.79M) | Time:00:02.18 | Mem:261.54M, Peak:278.57M | Scene, ViewLayer | Updating Geometry BVH common_master_bedroom_chair_01_base_mesh 880/1402 | Building BVH
Fra:1 Mem:623.65M (Peak 623.79M) | Time:00:02.18 | Mem:261.61M, Peak:278.57M | Scene, ViewLayer | Updating Geometry BVH common_master_bedroom_rug_01_pile_mesh 881/1402 | Building BVH
Fra:1 Mem:623.65M (Peak 623.79M) | Time:00:02.18 | Mem:261.62M, Peak:278.57M | Scene, ViewLayer | Updating Geometry BVH common_terrace_coffee_table_01_top_mesh 882/1402 | Building BVH
Fra:1 Mem:623.65M (Peak 623.79M) | Time:00:02.18 | Mem:261.63M, Peak:278.57M | Scene, ViewLayer | Updating Geometry BVH common_terrace_coffee_table_01_leg0_mesh 883/1402 | Building BVH
Fra:1 Mem:623.65M (Peak 623.79M) | Time:00:02.18 | Mem:261.64M, Peak:278.57M | Scene, ViewLayer | Updating Geometry BVH common_terrace_coffee_table_01_leg1_mesh 884/1402 | Building BVH
Fra:1 Mem:623.65M (Peak 623.79M) | Time:00:02.18 | Mem:261.64M, Peak:278.57M | Scene, ViewLayer | Updating Geometry BVH common_terrace_coffee_table_01_leg2_mesh 885/1402 | Building BVH
Fra:1 Mem:623.65M (Peak 623.79M) | Time:00:02.18 | Mem:261.64M, Peak:278.57M | Scene, ViewLayer | Updating Geometry BVH common_terrace_lounge_chair_01_seat_mesh 886/1402 | Building BVH
Fra:1 Mem:623.65M (Peak 623.79M) | Time:00:02.18 | Mem:261.64M, Peak:278.57M | Scene, ViewLayer | Updating Geometry BVH common_terrace_lounge_chair_01_cushion_mesh 887/1402 | Building BVH
Fra:1 Mem:623.65M (Peak 623.79M) | Time:00:02.18 | Mem:261.65M, Peak:278.57M | Scene, ViewLayer | Updating Geometry BVH common_terrace_lounge_chair_01_back0_mesh 888/1402 | Building BVH
Fra:1 Mem:623.65M (Peak 623.79M) | Time:00:02.18 | Mem:261.67M, Peak:278.57M | Scene, ViewLayer | Updating Geometry BVH common_terrace_lounge_chair_01_back1_mesh 889/1402 | Building BVH
Fra:1 Mem:623.65M (Peak 623.79M) | Time:00:02.18 | Mem:261.67M, Peak:278.57M | Scene, ViewLayer | Updating Geometry BVH common_terrace_lounge_chair_01_back2_mesh 890/1402 | Building BVH
Fra:1 Mem:623.65M (Peak 623.79M) | Time:00:02.18 | Mem:261.71M, Peak:278.57M | Scene, ViewLayer | Updating Geometry BVH common_terrace_lounge_chair_01_arm-1_mesh 891/1402 | Building BVH
Fra:1 Mem:623.65M (Peak 623.79M) | Time:00:02.18 | Mem:261.72M, Peak:278.57M | Scene, ViewLayer | Updating Geometry BVH common_terrace_lounge_chair_01_armp-1_mesh 892/1402 | Building BVH
Fra:1 Mem:623.65M (Peak 623.79M) | Time:00:02.18 | Mem:261.78M, Peak:278.57M | Scene, ViewLayer | Updating Geometry BVH common_terrace_lounge_chair_01_arm1_mesh 893/1402 | Building BVH
Fra:1 Mem:623.65M (Peak 623.79M) | Time:00:02.18 | Mem:261.83M, Peak:278.57M | Scene, ViewLayer | Updating Geometry BVH common_terrace_lounge_chair_01_armp1_mesh 894/1402 | Building BVH
Fra:1 Mem:623.65M (Peak 623.79M) | Time:00:02.18 | Mem:261.83M, Peak:278.57M | Scene, ViewLayer | Updating Geometry BVH common_terrace_lounge_chair_01_leg0_mesh 895/1402 | Building BVH
Fra:1 Mem:623.65M (Peak 623.79M) | Time:00:02.18 | Mem:261.83M, Peak:278.57M | Scene, ViewLayer | Updating Geometry BVH common_terrace_lounge_chair_01_leg1_mesh 896/1402 | Building BVH
Fra:1 Mem:623.65M (Peak 623.79M) | Time:00:02.18 | Mem:261.84M, Peak:278.57M | Scene, ViewLayer | Updating Geometry BVH common_terrace_lounge_chair_01_leg2_mesh 897/1402 | Building BVH
Fra:1 Mem:623.65M (Peak 623.79M) | Time:00:02.18 | Mem:261.82M, Peak:278.57M | Scene, ViewLayer | Updating Geometry BVH common_terrace_lounge_chair_01_leg3_mesh 898/1402 | Building BVH
Fra:1 Mem:623.65M (Peak 623.79M) | Time:00:02.18 | Mem:261.82M, Peak:278.57M | Scene, ViewLayer | Updating Geometry BVH common_terrace_lounge_chair_02_seat_mesh 899/1402 | Building BVH
Fra:1 Mem:623.65M (Peak 623.79M) | Time:00:02.18 | Mem:261.82M, Peak:278.57M | Scene, ViewLayer | Updating Geometry BVH common_terrace_lounge_chair_02_cushion_mesh 900/1402 | Building BVH
Fra:1 Mem:623.65M (Peak 623.79M) | Time:00:02.18 | Mem:261.82M, Peak:278.57M | Scene, ViewLayer | Updating Geometry BVH common_terrace_lounge_chair_02_back0_mesh 901/1402 | Building BVH
Fra:1 Mem:623.65M (Peak 623.79M) | Time:00:02.18 | Mem:261.84M, Peak:278.57M | Scene, ViewLayer | Updating Geometry BVH common_terrace_lounge_chair_02_back1_mesh 902/1402 | Building BVH
Fra:1 Mem:623.65M (Peak 623.79M) | Time:00:02.18 | Mem:261.87M, Peak:278.57M | Scene, ViewLayer | Updating Geometry BVH A_living_dining_balcony_sofa_01_back2_mesh 1326/1402 | Building BVH
Fra:1 Mem:623.65M (Peak 623.79M) | Time:00:02.18 | Mem:261.92M, Peak:278.57M | Scene, ViewLayer | Updating Geometry BVH common_terrace_lounge_chair_02_back2_mesh 903/1402 | Building BVH
Fra:1 Mem:623.65M (Peak 623.79M) | Time:00:02.18 | Mem:261.96M, Peak:278.57M | Scene, ViewLayer | Updating Geometry BVH common_terrace_lounge_chair_02_arm-1_mesh 904/1402 | Building BVH
Fra:1 Mem:623.65M (Peak 623.79M) | Time:00:02.18 | Mem:261.96M, Peak:278.57M | Scene, ViewLayer | Updating Geometry BVH common_terrace_lounge_chair_02_armp-1_mesh 905/1402 | Building BVH
Fra:1 Mem:623.65M (Peak 623.79M) | Time:00:02.18 | Mem:261.96M, Peak:278.57M | Scene, ViewLayer | Updating Geometry BVH common_terrace_lounge_chair_02_arm1_mesh 906/1402 | Building BVH
Fra:1 Mem:623.65M (Peak 623.79M) | Time:00:02.18 | Mem:261.96M, Peak:278.57M | Scene, ViewLayer | Updating Geometry BVH common_terrace_lounge_chair_02_armp1_mesh 907/1402 | Building BVH
Fra:1 Mem:623.65M (Peak 623.79M) | Time:00:02.18 | Mem:261.96M, Peak:278.57M | Scene, ViewLayer | Updating Geometry BVH common_terrace_lounge_chair_02_leg1_mesh 909/1402 | Building BVH
Fra:1 Mem:623.65M (Peak 623.79M) | Time:00:02.18 | Mem:261.99M, Peak:278.57M | Scene, ViewLayer | Updating Geometry BVH common_terrace_lounge_chair_02_leg2_mesh 910/1402 | Building BVH
Fra:1 Mem:623.65M (Peak 623.79M) | Time:00:02.18 | Mem:261.99M, Peak:278.57M | Scene, ViewLayer | Updating Geometry BVH common_terrace_lounge_chair_02_leg3_mesh 911/1402 | Building BVH
Fra:1 Mem:623.65M (Peak 623.79M) | Time:00:02.18 | Mem:262.03M, Peak:278.57M | Scene, ViewLayer | Updating Geometry BVH common_terrace_plant_01_pot_mesh 912/1402 | Building BVH
Fra:1 Mem:623.65M (Peak 623.79M) | Time:00:02.18 | Mem:262.03M, Peak:278.57M | Scene, ViewLayer | Updating Geometry BVH common_terrace_plant_01_stem_mesh 913/1402 | Building BVH
Fra:1 Mem:623.65M (Peak 623.79M) | Time:00:02.18 | Mem:262.07M, Peak:278.57M | Scene, ViewLayer | Updating Geometry BVH common_terrace_plant_01_leaf0_mesh 914/1402 | Building BVH
Fra:1 Mem:623.65M (Peak 623.79M) | Time:00:02.18 | Mem:262.07M, Peak:278.57M | Scene, ViewLayer | Updating Geometry BVH common_terrace_plant_01_leaf1_mesh 915/1402 | Building BVH
Fra:1 Mem:623.65M (Peak 623.79M) | Time:00:02.18 | Mem:262.08M, Peak:278.57M | Scene, ViewLayer | Updating Geometry BVH common_terrace_plant_01_leaf2_mesh 916/1402 | Building BVH
Fra:1 Mem:623.65M (Peak 623.79M) | Time:00:02.18 | Mem:262.09M, Peak:278.57M | Scene, ViewLayer | Updating Geometry BVH common_terrace_plant_01_leaf3_mesh 917/1402 | Building BVH
Fra:1 Mem:623.65M (Peak 623.79M) | Time:00:02.18 | Mem:262.09M, Peak:278.57M | Scene, ViewLayer | Updating Geometry BVH common_terrace_plant_01_leaf4_mesh 918/1402 | Building BVH
Fra:1 Mem:623.65M (Peak 623.79M) | Time:00:02.18 | Mem:262.12M, Peak:278.57M | Scene, ViewLayer | Updating Geometry BVH common_terrace_plant_01_leaf5_mesh 919/1402 | Building BVH
Fra:1 Mem:623.65M (Peak 623.79M) | Time:00:02.18 | Mem:262.13M, Peak:278.57M | Scene, ViewLayer | Updating Geometry BVH common_terrace_plant_02_pot_mesh 920/1402 | Building BVH
Fra:1 Mem:623.65M (Peak 623.79M) | Time:00:02.18 | Mem:262.13M, Peak:278.57M | Scene, ViewLayer | Updating Geometry BVH common_terrace_plant_02_stem_mesh 921/1402 | Building BVH
Fra:1 Mem:623.65M (Peak 623.79M) | Time:00:02.18 | Mem:262.19M, Peak:278.57M | Scene, ViewLayer | Updating Geometry BVH common_terrace_plant_02_leaf0_mesh 922/1402 | Building BVH
Fra:1 Mem:623.65M (Peak 623.79M) | Time:00:02.18 | Mem:262.18M, Peak:278.57M | Scene, ViewLayer | Updating Geometry BVH common_terrace_plant_02_leaf1_mesh 923/1402 | Building BVH
Fra:1 Mem:623.65M (Peak 623.79M) | Time:00:02.18 | Mem:262.19M, Peak:278.57M | Scene, ViewLayer | Updating Geometry BVH common_terrace_plant_02_leaf2_mesh 924/1402 | Building BVH
Fra:1 Mem:623.65M (Peak 623.79M) | Time:00:02.18 | Mem:262.20M, Peak:278.57M | Scene, ViewLayer | Updating Geometry BVH common_terrace_plant_02_leaf3_mesh 925/1402 | Building BVH
Fra:1 Mem:623.65M (Peak 623.79M) | Time:00:02.18 | Mem:262.20M, Peak:278.57M | Scene, ViewLayer | Updating Geometry BVH common_terrace_plant_02_leaf4_mesh 926/1402 | Building BVH
Fra:1 Mem:623.65M (Peak 623.79M) | Time:00:02.18 | Mem:262.21M, Peak:278.57M | Scene, ViewLayer | Updating Geometry BVH common_terrace_plant_02_leaf5_mesh 927/1402 | Building BVH
Fra:1 Mem:623.65M (Peak 623.79M) | Time:00:02.18 | Mem:262.21M, Peak:278.57M | Scene, ViewLayer | Updating Geometry BVH common_terrace_plant_03_pot_mesh 928/1402 | Building BVH
Fra:1 Mem:623.65M (Peak 623.79M) | Time:00:02.18 | Mem:262.21M, Peak:278.57M | Scene, ViewLayer | Updating Geometry BVH common_terrace_plant_03_stem_mesh 929/1402 | Building BVH
Fra:1 Mem:623.65M (Peak 623.79M) | Time:00:02.18 | Mem:262.21M, Peak:278.57M | Scene, ViewLayer | Updating Geometry BVH common_terrace_plant_03_leaf0_mesh 930/1402 | Building BVH
Fra:1 Mem:623.65M (Peak 623.79M) | Time:00:02.18 | Mem:262.22M, Peak:278.57M | Scene, ViewLayer | Updating Geometry BVH common_terrace_plant_03_leaf1_mesh 931/1402 | Building BVH
Fra:1 Mem:623.65M (Peak 623.79M) | Time:00:02.18 | Mem:262.24M, Peak:278.57M | Scene, ViewLayer | Updating Geometry BVH common_terrace_plant_03_leaf3_mesh 933/1402 | Building BVH
Fra:1 Mem:623.65M (Peak 623.79M) | Time:00:02.18 | Mem:262.27M, Peak:278.57M | Scene, ViewLayer | Updating Geometry BVH common_terrace_plant_03_leaf4_mesh 934/1402 | Building BVH
Fra:1 Mem:623.65M (Peak 623.79M) | Time:00:02.18 | Mem:262.28M, Peak:278.57M | Scene, ViewLayer | Updating Geometry BVH common_terrace_plant_03_leaf5_mesh 935/1402 | Building BVH
Fra:1 Mem:623.65M (Peak 623.79M) | Time:00:02.18 | Mem:262.28M, Peak:278.57M | Scene, ViewLayer | Updating Geometry BVH common_terrace_plant_04_pot_mesh 936/1402 | Building BVH
Fra:1 Mem:623.65M (Peak 623.79M) | Time:00:02.18 | Mem:262.28M, Peak:278.57M | Scene, ViewLayer | Updating Geometry BVH common_terrace_plant_04_stem_mesh 937/1402 | Building BVH
Fra:1 Mem:623.65M (Peak 623.79M) | Time:00:02.18 | Mem:262.30M, Peak:278.57M | Scene, ViewLayer | Updating Geometry BVH A_living_dining_balcony_sofa_01_back0_mesh 1324/1402 | Building BVH
Fra:1 Mem:623.65M (Peak 623.79M) | Time:00:02.18 | Mem:262.30M, Peak:278.57M | Scene, ViewLayer | Updating Geometry BVH common_terrace_plant_04_leaf0_mesh 938/1402 | Building BVH
Fra:1 Mem:623.65M (Peak 623.79M) | Time:00:02.18 | Mem:262.32M, Peak:278.57M | Scene, ViewLayer | Updating Geometry BVH common_terrace_plant_04_leaf1_mesh 939/1402 | Building BVH
Fra:1 Mem:623.65M (Peak 623.79M) | Time:00:02.18 | Mem:262.34M, Peak:278.57M | Scene, ViewLayer | Updating Geometry BVH common_terrace_plant_04_leaf2_mesh 940/1402 | Building BVH
Fra:1 Mem:623.65M (Peak 623.79M) | Time:00:02.18 | Mem:262.38M, Peak:278.57M | Scene, ViewLayer | Updating Geometry BVH common_terrace_plant_04_leaf3_mesh 941/1402 | Building BVH
Fra:1 Mem:623.65M (Peak 623.79M) | Time:00:02.18 | Mem:262.39M, Peak:278.57M | Scene, ViewLayer | Updating Geometry BVH common_terrace_plant_04_leaf4_mesh 942/1402 | Building BVH
Fra:1 Mem:623.65M (Peak 623.79M) | Time:00:02.18 | Mem:262.40M, Peak:278.57M | Scene, ViewLayer | Updating Geometry BVH common_terrace_plant_04_leaf5_mesh 943/1402 | Building BVH
Fra:1 Mem:623.65M (Peak 623.79M) | Time:00:02.18 | Mem:262.41M, Peak:278.57M | Scene, ViewLayer | Updating Geometry BVH common_parents_room_bed_01_frame_mesh 944/1402 | Building BVH
Fra:1 Mem:623.65M (Peak 623.79M) | Time:00:02.18 | Mem:262.41M, Peak:278.57M | Scene, ViewLayer | Updating Geometry BVH common_parents_room_bed_01_mattress_mesh 945/1402 | Building BVH
Fra:1 Mem:623.65M (Peak 623.79M) | Time:00:02.18 | Mem:262.41M, Peak:278.57M | Scene, ViewLayer | Updating Geometry BVH common_parents_room_bed_01_headboard_mesh 946/1402 | Building BVH
Fra:1 Mem:623.65M (Peak 623.79M) | Time:00:02.18 | Mem:262.45M, Peak:278.57M | Scene, ViewLayer | Updating Geometry BVH common_parents_room_bed_01_duvet_mesh 947/1402 | Building BVH
Fra:1 Mem:623.65M (Peak 623.79M) | Time:00:02.18 | Mem:262.46M, Peak:278.57M | Scene, ViewLayer | Updating Geometry BVH common_parents_room_bed_01_duvetdrop_mesh 948/1402 | Building BVH
Fra:1 Mem:623.65M (Peak 623.79M) | Time:00:02.18 | Mem:262.46M, Peak:278.57M | Scene, ViewLayer | Updating Geometry BVH common_parents_room_bed_01_duvetdrop2_mesh 949/1402 | Building BVH
Fra:1 Mem:623.65M (Peak 623.79M) | Time:00:02.18 | Mem:262.46M, Peak:278.57M | Scene, ViewLayer | Updating Geometry BVH common_parents_room_bed_01_pillow1_mesh 950/1402 | Building BVH
Fra:1 Mem:623.65M (Peak 623.79M) | Time:00:02.18 | Mem:262.49M, Peak:278.57M | Scene, ViewLayer | Updating Geometry BVH common_parents_room_bed_01_pillow2_mesh 951/1402 | Building BVH
Fra:1 Mem:623.65M (Peak 623.79M) | Time:00:02.18 | Mem:262.53M, Peak:278.57M | Scene, ViewLayer | Updating Geometry BVH common_parents_room_bed_01_throw_mesh 952/1402 | Building BVH
Fra:1 Mem:623.65M (Peak 623.79M) | Time:00:02.18 | Mem:262.54M, Peak:278.57M | Scene, ViewLayer | Updating Geometry BVH common_parents_room_nightstand_01_rail_mesh 953/1402 | Building BVH
Fra:1 Mem:623.65M (Peak 623.79M) | Time:00:02.18 | Mem:262.56M, Peak:278.57M | Scene, ViewLayer | Updating Geometry BVH common_parents_room_nightstand_01_body_mesh 954/1402 | Building BVH
Fra:1 Mem:623.65M (Peak 623.79M) | Time:00:02.18 | Mem:262.56M, Peak:278.57M | Scene, ViewLayer | Updating Geometry BVH common_parents_room_nightstand_01_drw_gapbg_mesh 955/1402 | Building BVH
Fra:1 Mem:623.65M (Peak 623.79M) | Time:00:02.18 | Mem:262.56M, Peak:278.57M | Scene, ViewLayer | Updating Geometry BVH common_parents_room_nightstand_01_drw_f0_mesh 956/1402 | Building BVH
Fra:1 Mem:623.65M (Peak 623.79M) | Time:00:02.18 | Mem:262.55M, Peak:278.57M | Scene, ViewLayer | Updating Geometry BVH common_parents_room_nightstand_01_drw_p0_mesh 957/1402 | Building BVH
Fra:1 Mem:623.65M (Peak 623.79M) | Time:00:02.18 | Mem:262.55M, Peak:278.57M | Scene, ViewLayer | Updating Geometry BVH common_parents_room_cushion_01_pad_mesh 958/1402 | Building BVH
Fra:1 Mem:623.65M (Peak 623.79M) | Time:00:02.18 | Mem:262.55M, Peak:278.57M | Scene, ViewLayer | Updating Geometry BVH common_parents_room_cushion_01_pil_olive_mesh 959/1402 | Building BVH
Fra:1 Mem:623.65M (Peak 623.79M) | Time:00:02.18 | Mem:262.55M, Peak:278.57M | Scene, ViewLayer | Updating Geometry BVH common_parents_room_cushion_01_pil_brick_mesh 960/1402 | Building BVH
Fra:1 Mem:623.65M (Peak 623.79M) | Time:00:02.18 | Mem:262.56M, Peak:278.57M | Scene, ViewLayer | Updating Geometry BVH common_parents_room_shelf_01_side1_mesh 962/1402 | Building BVH
Fra:1 Mem:623.65M (Peak 623.79M) | Time:00:02.18 | Mem:262.61M, Peak:278.57M | Scene, ViewLayer | Updating Geometry BVH common_parents_room_shelf_01_top_mesh 963/1402 | Building BVH
Fra:1 Mem:623.65M (Peak 623.79M) | Time:00:02.18 | Mem:262.67M, Peak:278.57M | Scene, ViewLayer | Updating Geometry BVH common_parents_room_shelf_01_sh1_mesh 964/1402 | Building BVH
Fra:1 Mem:623.65M (Peak 623.79M) | Time:00:02.18 | Mem:262.68M, Peak:278.57M | Scene, ViewLayer | Updating Geometry BVH common_parents_room_shelf_02_side0_mesh 965/1402 | Building BVH
Fra:1 Mem:623.65M (Peak 623.79M) | Time:00:02.18 | Mem:262.70M, Peak:278.57M | Scene, ViewLayer | Updating Geometry BVH common_parents_room_shelf_02_side1_mesh 966/1402 | Building BVH
Fra:1 Mem:623.65M (Peak 623.79M) | Time:00:02.18 | Mem:262.70M, Peak:278.57M | Scene, ViewLayer | Updating Geometry BVH common_parents_room_shelf_02_top_mesh 967/1402 | Building BVH
Fra:1 Mem:623.65M (Peak 623.79M) | Time:00:02.18 | Mem:262.70M, Peak:278.57M | Scene, ViewLayer | Updating Geometry BVH common_parents_room_shelf_02_sh1_mesh 968/1402 | Building BVH
Fra:1 Mem:623.65M (Peak 623.79M) | Time:00:02.18 | Mem:262.70M, Peak:278.57M | Scene, ViewLayer | Updating Geometry BVH common_daughter_room_wardrobe_01_body_mesh 969/1402 | Building BVH
Fra:1 Mem:623.65M (Peak 623.79M) | Time:00:02.18 | Mem:262.70M, Peak:278.57M | Scene, ViewLayer | Updating Geometry BVH common_daughter_room_wardrobe_01_door_gapbg_mesh 970/1402 | Building BVH
Fra:1 Mem:623.65M (Peak 623.79M) | Time:00:02.18 | Mem:262.71M, Peak:278.57M | Scene, ViewLayer | Updating Geometry BVH A_living_dining_balcony_sofa_01_leg3_mesh 1323/1402 | Building BVH
Fra:1 Mem:623.65M (Peak 623.79M) | Time:00:02.18 | Mem:262.72M, Peak:278.57M | Scene, ViewLayer | Updating Geometry BVH common_daughter_room_wardrobe_01_door_kn0_mesh 972/1402 | Building BVH
Fra:1 Mem:623.65M (Peak 623.79M) | Time:00:02.18 | Mem:262.73M, Peak:278.57M | Scene, ViewLayer | Updating Geometry BVH common_daughter_room_wardrobe_01_door_f1_mesh 973/1402 | Building BVH
Fra:1 Mem:623.65M (Peak 623.79M) | Time:00:02.18 | Mem:262.73M, Peak:278.57M | Scene, ViewLayer | Updating Geometry BVH common_daughter_room_wardrobe_01_door_kn1_mesh 974/1402 | Building BVH
Fra:1 Mem:623.65M (Peak 623.79M) | Time:00:02.18 | Mem:262.75M, Peak:278.57M | Scene, ViewLayer | Updating Geometry BVH common_daughter_room_wardrobe_01_door_f2_mesh 975/1402 | Building BVH
Fra:1 Mem:623.65M (Peak 623.79M) | Time:00:02.18 | Mem:262.76M, Peak:278.57M | Scene, ViewLayer | Updating Geometry BVH common_daughter_room_wardrobe_01_door_kn2_mesh 976/1402 | Building BVH
Fra:1 Mem:623.65M (Peak 623.79M) | Time:00:02.18 | Mem:262.80M, Peak:278.57M | Scene, ViewLayer | Updating Geometry BVH common_daughter_room_wardrobe_01_door_f3_mesh 977/1402 | Building BVH
Fra:1 Mem:623.65M (Peak 623.79M) | Time:00:02.18 | Mem:262.82M, Peak:278.57M | Scene, ViewLayer | Updating Geometry BVH common_daughter_room_wardrobe_01_door_kn3_mesh 978/1402 | Building BVH
Fra:1 Mem:623.65M (Peak 623.79M) | Time:00:02.18 | Mem:262.86M, Peak:278.57M | Scene, ViewLayer | Updating Geometry BVH common_daughter_room_wardrobe_02_body_mesh 979/1402 | Building BVH
Fra:1 Mem:623.65M (Peak 623.79M) | Time:00:02.18 | Mem:262.87M, Peak:278.57M | Scene, ViewLayer | Updating Geometry BVH common_daughter_room_wardrobe_02_door_gapbg_mesh 980/1402 | Building BVH
Fra:1 Mem:623.65M (Peak 623.79M) | Time:00:02.18 | Mem:262.87M, Peak:278.57M | Scene, ViewLayer | Updating Geometry BVH common_daughter_room_wardrobe_02_door_f0_mesh 981/1402 | Building BVH
Fra:1 Mem:623.65M (Peak 623.79M) | Time:00:02.18 | Mem:262.87M, Peak:278.57M | Scene, ViewLayer | Updating Geometry BVH common_daughter_room_wardrobe_02_door_kn0_mesh 982/1402 | Building BVH
Fra:1 Mem:623.65M (Peak 623.79M) | Time:00:02.18 | Mem:262.86M, Peak:278.57M | Scene, ViewLayer | Updating Geometry BVH common_daughter_room_wardrobe_02_door_f1_mesh 983/1402 | Building BVH
Fra:1 Mem:623.65M (Peak 623.79M) | Time:00:02.18 | Mem:262.87M, Peak:278.57M | Scene, ViewLayer | Updating Geometry BVH common_daughter_room_bed_01_frame_mesh 987/1402 | Building BVH
Fra:1 Mem:623.65M (Peak 623.79M) | Time:00:02.18 | Mem:262.90M, Peak:278.57M | Scene, ViewLayer | Updating Geometry BVH common_daughter_room_bed_01_mattress_mesh 988/1402 | Building BVH
Fra:1 Mem:623.65M (Peak 623.79M) | Time:00:02.18 | Mem:262.95M, Peak:278.57M | Scene, ViewLayer | Updating Geometry BVH common_daughter_room_bed_01_headboard_mesh 989/1402 | Building BVH
Fra:1 Mem:623.65M (Peak 623.79M) | Time:00:02.18 | Mem:262.96M, Peak:278.57M | Scene, ViewLayer | Updating Geometry BVH A_living_dining_balcony_sofa_01_leg2_mesh 1322/1402 | Building BVH
Fra:1 Mem:623.65M (Peak 623.79M) | Time:00:02.18 | Mem:262.99M, Peak:278.57M | Scene, ViewLayer | Updating Geometry BVH common_daughter_room_bed_01_duvetdrop2_mesh 992/1402 | Building BVH
Fra:1 Mem:623.65M (Peak 623.79M) | Time:00:02.18 | Mem:263.00M, Peak:278.57M | Scene, ViewLayer | Updating Geometry BVH common_daughter_room_bed_01_pillow1_mesh 993/1402 | Building BVH
Fra:1 Mem:623.65M (Peak 623.79M) | Time:00:02.18 | Mem:263.04M, Peak:278.57M | Scene, ViewLayer | Updating Geometry BVH common_daughter_room_bed_01_pillow2_mesh 994/1402 | Building BVH
Fra:1 Mem:623.65M (Peak 623.79M) | Time:00:02.18 | Mem:263.07M, Peak:278.57M | Scene, ViewLayer | Updating Geometry BVH common_daughter_room_bed_01_pillow_acc_mesh 995/1402 | Building BVH
Fra:1 Mem:623.65M (Peak 623.79M) | Time:00:02.18 | Mem:263.08M, Peak:278.57M | Scene, ViewLayer | Updating Geometry BVH common_daughter_room_bed_01_throw_mesh 996/1402 | Building BVH
Fra:1 Mem:623.65M (Peak 623.79M) | Time:00:02.19 | Mem:263.12M, Peak:278.57M | Scene, ViewLayer | Updating Geometry BVH common_daughter_room_shelf_01_side0_mesh 997/1402 | Building BVH
Fra:1 Mem:623.65M (Peak 623.79M) | Time:00:02.19 | Mem:263.11M, Peak:278.57M | Scene, ViewLayer | Updating Geometry BVH common_daughter_room_shelf_01_top_mesh 999/1402 | Building BVH
Fra:1 Mem:623.65M (Peak 623.79M) | Time:00:02.19 | Mem:263.11M, Peak:278.57M | Scene, ViewLayer | Updating Geometry BVH common_daughter_room_shelf_01_sh1_mesh 1000/1402 | Building BVH
Fra:1 Mem:623.65M (Peak 623.79M) | Time:00:02.19 | Mem:263.10M, Peak:278.57M | Scene, ViewLayer | Updating Geometry BVH common_daughter_room_shelf_01_sh2_mesh 1001/1402 | Building BVH
Fra:1 Mem:623.65M (Peak 623.79M) | Time:00:02.19 | Mem:263.12M, Peak:278.57M | Scene, ViewLayer | Updating Geometry BVH common_daughter_room_desk_01_top_mesh 1002/1402 | Building BVH
Fra:1 Mem:623.65M (Peak 623.79M) | Time:00:02.19 | Mem:263.17M, Peak:278.57M | Scene, ViewLayer | Updating Geometry BVH common_daughter_room_desk_01_drawer_mesh 1003/1402 | Building BVH
Fra:1 Mem:623.65M (Peak 623.79M) | Time:00:02.19 | Mem:263.17M, Peak:278.57M | Scene, ViewLayer | Updating Geometry BVH A_living_dining_balcony_sofa_01_leg1_mesh 1321/1402 | Building BVH
Fra:1 Mem:623.65M (Peak 623.79M) | Time:00:02.19 | Mem:263.17M, Peak:278.57M | Scene, ViewLayer | Updating Geometry BVH common_daughter_room_desk_01_leg0_mesh 1004/1402 | Building BVH
Fra:1 Mem:623.65M (Peak 623.79M) | Time:00:02.19 | Mem:263.17M, Peak:278.57M | Scene, ViewLayer | Updating Geometry BVH common_daughter_room_desk_01_leg2_mesh 1006/1402 | Building BVH
Fra:1 Mem:623.65M (Peak 623.79M) | Time:00:02.19 | Mem:263.17M, Peak:278.57M | Scene, ViewLayer | Updating Geometry BVH common_daughter_room_chair_01_post_mesh 1010/1402 | Building BVH
Fra:1 Mem:623.65M (Peak 623.79M) | Time:00:02.19 | Mem:263.17M, Peak:278.57M | Scene, ViewLayer | Updating Geometry BVH common_son_room_wardrobe_01_body_mesh 1012/1402 | Building BVH
Fra:1 Mem:623.65M (Peak 623.79M) | Time:00:02.19 | Mem:263.18M, Peak:278.57M | Scene, ViewLayer | Updating Geometry BVH common_son_room_wardrobe_01_slA_f0_mesh 1013/1402 | Building BVH
Fra:1 Mem:623.65M (Peak 623.79M) | Time:00:02.19 | Mem:263.18M, Peak:278.57M | Scene, ViewLayer | Updating Geometry BVH common_son_room_wardrobe_01_slA_f1_mesh 1014/1402 | Building BVH
Fra:1 Mem:623.65M (Peak 623.79M) | Time:00:02.19 | Mem:263.18M, Peak:278.57M | Scene, ViewLayer | Updating Geometry BVH common_son_room_wardrobe_01_slA_f2_mesh 1015/1402 | Building BVH
Fra:1 Mem:623.65M (Peak 623.79M) | Time:00:02.19 | Mem:263.19M, Peak:278.57M | Scene, ViewLayer | Updating Geometry BVH common_son_room_wardrobe_01_slB_f0_mesh 1016/1402 | Building BVH
Fra:1 Mem:623.65M (Peak 623.79M) | Time:00:02.19 | Mem:263.20M, Peak:278.57M | Scene, ViewLayer | Updating Geometry BVH common_son_room_wardrobe_01_slB_f1_mesh 1017/1402 | Building BVH
Fra:1 Mem:623.65M (Peak 623.79M) | Time:00:02.19 | Mem:263.22M, Peak:278.57M | Scene, ViewLayer | Updating Geometry BVH common_son_room_wardrobe_01_slB_f2_mesh 1018/1402 | Building BVH
Fra:1 Mem:623.65M (Peak 623.79M) | Time:00:02.19 | Mem:263.24M, Peak:278.57M | Scene, ViewLayer | Updating Geometry BVH common_son_room_bed_01_frame_mesh 1019/1402 | Building BVH
Fra:1 Mem:623.65M (Peak 623.79M) | Time:00:02.19 | Mem:263.25M, Peak:278.57M | Scene, ViewLayer | Updating Geometry BVH common_son_room_bed_01_mattress_mesh 1020/1402 | Building BVH
Fra:1 Mem:623.65M (Peak 623.79M) | Time:00:02.19 | Mem:263.26M, Peak:278.57M | Scene, ViewLayer | Updating Geometry BVH common_son_room_bed_01_headboard_mesh 1021/1402 | Building BVH
Fra:1 Mem:623.65M (Peak 623.79M) | Time:00:02.19 | Mem:263.27M, Peak:278.57M | Scene, ViewLayer | Updating Geometry BVH common_son_room_bed_01_duvetdrop_mesh 1023/1402 | Building BVH
Fra:1 Mem:623.65M (Peak 623.79M) | Time:00:02.19 | Mem:263.44M, Peak:278.57M | Scene, ViewLayer | Updating Geometry BVH common_son_room_bed_01_duvetdrop2_mesh 1024/1402 | Building BVH
Fra:1 Mem:623.65M (Peak 623.79M) | Time:00:02.19 | Mem:263.45M, Peak:278.57M | Scene, ViewLayer | Updating Geometry BVH A_living_dining_balcony_sofa_01_leg0_mesh 1320/1402 | Building BVH
Fra:1 Mem:623.65M (Peak 623.79M) | Time:00:02.19 | Mem:263.45M, Peak:278.57M | Scene, ViewLayer | Updating Geometry BVH common_son_room_bed_01_pillow1_mesh 1025/1402 | Building BVH
Fra:1 Mem:623.65M (Peak 623.79M) | Time:00:02.19 | Mem:263.46M, Peak:278.57M | Scene, ViewLayer | Updating Geometry BVH common_son_room_bed_01_pillow2_mesh 1026/1402 | Building BVH
Fra:1 Mem:623.65M (Peak 623.79M) | Time:00:02.19 | Mem:263.49M, Peak:278.57M | Scene, ViewLayer | Updating Geometry BVH common_son_room_bed_01_pillow_acc_mesh 1027/1402 | Building BVH
Fra:1 Mem:623.65M (Peak 623.79M) | Time:00:02.19 | Mem:263.50M, Peak:278.57M | Scene, ViewLayer | Updating Geometry BVH common_son_room_bed_01_throw_mesh 1028/1402 | Building BVH
Fra:1 Mem:623.65M (Peak 623.79M) | Time:00:02.19 | Mem:263.50M, Peak:278.57M | Scene, ViewLayer | Updating Geometry BVH common_son_room_desk_01_top_mesh 1029/1402 | Building BVH
Fra:1 Mem:623.65M (Peak 623.79M) | Time:00:02.19 | Mem:263.54M, Peak:278.57M | Scene, ViewLayer | Updating Geometry BVH common_son_room_desk_01_drawer_mesh 1030/1402 | Building BVH
Fra:1 Mem:623.65M (Peak 623.79M) | Time:00:02.19 | Mem:263.54M, Peak:278.57M | Scene, ViewLayer | Updating Geometry BVH common_son_room_desk_01_leg0_mesh 1031/1402 | Building BVH
Fra:1 Mem:623.65M (Peak 623.79M) | Time:00:02.19 | Mem:263.55M, Peak:278.57M | Scene, ViewLayer | Updating Geometry BVH common_son_room_desk_01_leg1_mesh 1032/1402 | Building BVH
Fra:1 Mem:623.65M (Peak 623.79M) | Time:00:02.19 | Mem:263.57M, Peak:278.57M | Scene, ViewLayer | Updating Geometry BVH common_son_room_desk_01_leg2_mesh 1033/1402 | Building BVH
Fra:1 Mem:623.65M (Peak 623.79M) | Time:00:02.19 | Mem:263.57M, Peak:278.57M | Scene, ViewLayer | Updating Geometry BVH common_son_room_desk_01_leg3_mesh 1034/1402 | Building BVH
Fra:1 Mem:623.65M (Peak 623.79M) | Time:00:02.19 | Mem:263.59M, Peak:278.57M | Scene, ViewLayer | Updating Geometry BVH common_son_room_shelf_01_side0_mesh 1035/1402 | Building BVH
Fra:1 Mem:623.65M (Peak 623.79M) | Time:00:02.19 | Mem:263.59M, Peak:278.57M | Scene, ViewLayer | Updating Geometry BVH common_son_room_shelf_01_side1_mesh 1036/1402 | Building BVH
Fra:1 Mem:623.65M (Peak 623.79M) | Time:00:02.19 | Mem:263.60M, Peak:278.57M | Scene, ViewLayer | Updating Geometry BVH common_son_room_shelf_01_top_mesh 1037/1402 | Building BVH
Fra:1 Mem:623.65M (Peak 623.79M) | Time:00:02.19 | Mem:263.62M, Peak:278.57M | Scene, ViewLayer | Updating Geometry BVH common_son_room_shelf_01_sh1_mesh 1038/1402 | Building BVH
Fra:1 Mem:623.65M (Peak 623.79M) | Time:00:02.19 | Mem:263.63M, Peak:278.57M | Scene, ViewLayer | Updating Geometry BVH common_son_room_chair_01_seat_mesh 1039/1402 | Building BVH
Fra:1 Mem:623.65M (Peak 623.79M) | Time:00:02.19 | Mem:263.63M, Peak:278.57M | Scene, ViewLayer | Updating Geometry BVH common_son_room_chair_01_post_mesh 1041/1402 | Building BVH
Fra:1 Mem:623.65M (Peak 623.79M) | Time:00:02.19 | Mem:263.63M, Peak:278.57M | Scene, ViewLayer | Updating Geometry BVH common_son_room_chair_01_base_mesh 1042/1402 | Building BVH
Fra:1 Mem:623.65M (Peak 623.79M) | Time:00:02.19 | Mem:263.64M, Peak:278.57M | Scene, ViewLayer | Updating Geometry BVH common_son_room_rug_01_pile_mesh 1043/1402 | Building BVH
Fra:1 Mem:623.65M (Peak 623.79M) | Time:00:02.19 | Mem:263.65M, Peak:278.57M | Scene, ViewLayer | Updating Geometry BVH fx_curt_master_sheer_mesh 1044/1402 | Building BVH
Fra:1 Mem:623.65M (Peak 623.79M) | Time:00:02.19 | Mem:263.74M, Peak:278.57M | Scene, ViewLayer | Updating Geometry BVH fx_curt_master_bo_w_mesh 1045/1402 | Building BVH
Fra:1 Mem:623.65M (Peak 623.79M) | Time:00:02.19 | Mem:263.74M, Peak:278.57M | Scene, ViewLayer | Updating Geometry BVH fx_curt_master_bo_e_mesh 1046/1402 | Building BVH
Fra:1 Mem:623.65M (Peak 623.79M) | Time:00:02.19 | Mem:263.74M, Peak:278.57M | Scene, ViewLayer | Updating Geometry BVH fx_curt_parents_sheer_mesh 1047/1402 | Building BVH
Fra:1 Mem:623.65M (Peak 623.79M) | Time:00:02.19 | Mem:263.73M, Peak:278.57M | Scene, ViewLayer | Updating Geometry BVH fx_curt_parents_roller_mesh 1048/1402 | Building BVH
Fra:1 Mem:623.65M (Peak 623.79M) | Time:00:02.19 | Mem:263.73M, Peak:278.57M | Scene, ViewLayer | Updating Geometry BVH fx_curt_daughter_sheer_mesh 1049/1402 | Building BVH
Fra:1 Mem:623.65M (Peak 623.79M) | Time:00:02.19 | Mem:263.73M, Peak:278.57M | Scene, ViewLayer | Updating Geometry BVH A_living_dining_balcony_sofa_01_base_mesh 1319/1402 | Building BVH
Fra:1 Mem:623.65M (Peak 623.79M) | Time:00:02.19 | Mem:263.74M, Peak:278.57M | Scene, ViewLayer | Updating Geometry BVH fx_curt_daughter_bo_w_mesh 1050/1402 | Building BVH
Fra:1 Mem:623.65M (Peak 623.79M) | Time:00:02.19 | Mem:263.74M, Peak:278.57M | Scene, ViewLayer | Updating Geometry BVH fx_curt_daughter_bo_e_mesh 1051/1402 | Building BVH
Fra:1 Mem:623.65M (Peak 623.79M) | Time:00:02.19 | Mem:263.75M, Peak:278.57M | Scene, ViewLayer | Updating Geometry BVH fx_curt_son_sheer_mesh 1052/1402 | Building BVH
Fra:1 Mem:623.65M (Peak 623.79M) | Time:00:02.19 | Mem:263.75M, Peak:278.57M | Scene, ViewLayer | Updating Geometry BVH fx_curt_son_bo_w_mesh 1053/1402 | Building BVH
Fra:1 Mem:623.65M (Peak 623.79M) | Time:00:02.19 | Mem:263.76M, Peak:278.57M | Scene, ViewLayer | Updating Geometry BVH fx_curt_son_bo_e_mesh 1054/1402 | Building BVH
Fra:1 Mem:623.65M (Peak 623.79M) | Time:00:02.19 | Mem:263.83M, Peak:278.57M | Scene, ViewLayer | Updating Geometry BVH fx_blind_mb_head_mesh 1055/1402 | Building BVH
Fra:1 Mem:623.65M (Peak 623.79M) | Time:00:02.19 | Mem:263.85M, Peak:278.57M | Scene, ViewLayer | Updating Geometry BVH fx_blind_mb_slats1_mesh 1057/1402 | Building BVH
Fra:1 Mem:623.65M (Peak 623.79M) | Time:00:02.19 | Mem:263.92M, Peak:278.57M | Scene, ViewLayer | Updating Geometry BVH fx_blind_mb_slats2_mesh 1058/1402 | Building BVH
Fra:1 Mem:623.65M (Peak 623.79M) | Time:00:02.19 | Mem:263.93M, Peak:278.57M | Scene, ViewLayer | Updating Geometry BVH fx_blind_mb_slats3_mesh 1059/1402 | Building BVH
Fra:1 Mem:623.65M (Peak 623.79M) | Time:00:02.19 | Mem:263.96M, Peak:278.57M | Scene, ViewLayer | Updating Geometry BVH fx_blind_mb_slats5_mesh 1061/1402 | Building BVH
Fra:1 Mem:623.65M (Peak 623.79M) | Time:00:02.19 | Mem:263.95M, Peak:278.57M | Scene, ViewLayer | Updating Geometry BVH fx_wall_lamp0_mesh 1062/1402 | Building BVH
Fra:1 Mem:623.65M (Peak 623.79M) | Time:00:02.19 | Mem:263.95M, Peak:278.57M | Scene, ViewLayer | Updating Geometry BVH fx_wall_lamp0_sh_mesh 1063/1402 | Building BVH
Fra:1 Mem:623.65M (Peak 623.79M) | Time:00:02.19 | Mem:263.95M, Peak:278.57M | Scene, ViewLayer | Updating Geometry BVH fx_wall_lamp1_mesh 1064/1402 | Building BVH
Fra:1 Mem:623.65M (Peak 623.79M) | Time:00:02.19 | Mem:264.00M, Peak:278.57M | Scene, ViewLayer | Updating Geometry BVH fx_wall_lamp1_sh_mesh 1065/1402 | Building BVH
Fra:1 Mem:623.65M (Peak 623.79M) | Time:00:02.19 | Mem:264.00M, Peak:278.57M | Scene, ViewLayer | Updating Geometry BVH fx_wall_lamp2_mesh 1066/1402 | Building BVH
Fra:1 Mem:623.65M (Peak 623.79M) | Time:00:02.19 | Mem:264.00M, Peak:278.57M | Scene, ViewLayer | Updating Geometry BVH A_living_dining_balcony_dining_chair_04_leg11_mesh.001 1318/1402 | Building BVH
Fra:1 Mem:623.65M (Peak 623.79M) | Time:00:02.19 | Mem:264.02M, Peak:278.57M | Scene, ViewLayer | Updating Geometry BVH fx_wall_lamp2_sh_mesh 1067/1402 | Building BVH
Fra:1 Mem:623.65M (Peak 623.79M) | Time:00:02.19 | Mem:264.02M, Peak:278.57M | Scene, ViewLayer | Updating Geometry BVH fx_wall_lamp3_mesh 1068/1402 | Building BVH
Fra:1 Mem:623.65M (Peak 623.79M) | Time:00:02.19 | Mem:264.02M, Peak:278.57M | Scene, ViewLayer | Updating Geometry BVH fx_wall_lamp3_sh_mesh 1069/1402 | Building BVH
Fra:1 Mem:623.65M (Peak 623.79M) | Time:00:02.19 | Mem:264.02M, Peak:278.57M | Scene, ViewLayer | Updating Geometry BVH fx_foyer_jar_mesh 1070/1402 | Building BVH
Fra:1 Mem:623.65M (Peak 623.79M) | Time:00:02.19 | Mem:264.05M, Peak:278.57M | Scene, ViewLayer | Updating Geometry BVH fx_foyer_pic_mesh 1071/1402 | Building BVH
Fra:1 Mem:623.65M (Peak 623.79M) | Time:00:02.19 | Mem:264.19M, Peak:278.57M | Scene, ViewLayer | Updating Geometry BVH fx_kn_board_mesh 1072/1402 | Building BVH
Fra:1 Mem:623.65M (Peak 623.79M) | Time:00:02.19 | Mem:264.21M, Peak:278.57M | Scene, ViewLayer | Updating Geometry BVH fx_kn_oil_mesh 1073/1402 | Building BVH
Fra:1 Mem:623.65M (Peak 623.79M) | Time:00:02.19 | Mem:264.21M, Peak:278.57M | Scene, ViewLayer | Updating Geometry BVH fx_kn_herb_mesh 1074/1402 | Building BVH
Fra:1 Mem:623.65M (Peak 623.79M) | Time:00:02.19 | Mem:264.22M, Peak:278.57M | Scene, ViewLayer | Updating Geometry BVH fx_kn_herb_leaf1_mesh 1075/1402 | Building BVH
Fra:1 Mem:623.65M (Peak 623.79M) | Time:00:02.19 | Mem:264.22M, Peak:278.57M | Scene, ViewLayer | Updating Geometry BVH fx_kn_herb_leaf2_mesh 1076/1402 | Building BVH
Fra:1 Mem:623.65M (Peak 623.79M) | Time:00:02.19 | Mem:264.19M, Peak:278.57M | Scene, ViewLayer | Updating Geometry BVH fx_bc_b0f_0_mesh 1083/1402 | Building BVH
Fra:1 Mem:623.65M (Peak 623.79M) | Time:00:02.19 | Mem:264.19M, Peak:278.57M | Scene, ViewLayer | Updating Geometry BVH fx_bc_b0f_1_mesh 1084/1402 | Building BVH
Fra:1 Mem:623.65M (Peak 623.79M) | Time:00:02.19 | Mem:264.19M, Peak:278.57M | Scene, ViewLayer | Updating Geometry BVH fx_bc_pot_mesh 1085/1402 | Building BVH
Fra:1 Mem:623.65M (Peak 623.79M) | Time:00:02.19 | Mem:264.19M, Peak:278.57M | Scene, ViewLayer | Updating Geometry BVH fx_bc_potneck_mesh 1086/1402 | Building BVH
Fra:1 Mem:623.65M (Peak 623.79M) | Time:00:02.19 | Mem:264.23M, Peak:278.57M | Scene, ViewLayer | Updating Geometry BVH fx_bc_potlip_mesh 1087/1402 | Building BVH
Fra:1 Mem:623.65M (Peak 623.79M) | Time:00:02.19 | Mem:264.23M, Peak:278.57M | Scene, ViewLayer | Updating Geometry BVH A_living_dining_balcony_dining_chair_04_leg11_mesh 1317/1402 | Building BVH
Fra:1 Mem:623.65M (Peak 623.79M) | Time:00:02.19 | Mem:264.36M, Peak:278.57M | Scene, ViewLayer | Updating Geometry BVH fx_bc_frame_mesh 1088/1402 | Building BVH
Fra:1 Mem:623.65M (Peak 623.79M) | Time:00:02.20 | Mem:264.36M, Peak:278.57M | Scene, ViewLayer | Updating Geometry BVH fx_bc_framein_mesh 1089/1402 | Building BVH
Fra:1 Mem:623.65M (Peak 623.79M) | Time:00:02.20 | Mem:264.36M, Peak:278.57M | Scene, ViewLayer | Updating Geometry BVH fx_bc_rec0_mesh 1090/1402 | Building BVH
Fra:1 Mem:623.65M (Peak 623.79M) | Time:00:02.20 | Mem:264.36M, Peak:278.57M | Scene, ViewLayer | Updating Geometry BVH fx_bc_rec1_mesh 1091/1402 | Building BVH
Fra:1 Mem:623.65M (Peak 623.79M) | Time:00:02.20 | Mem:264.39M, Peak:278.57M | Scene, ViewLayer | Updating Geometry BVH fx_bc_rec2_mesh 1092/1402 | Building BVH
Fra:1 Mem:623.65M (Peak 623.79M) | Time:00:02.20 | Mem:264.39M, Peak:278.57M | Scene, ViewLayer | Updating Geometry BVH fx_bc_recstand_mesh 1093/1402 | Building BVH
Fra:1 Mem:623.65M (Peak 623.79M) | Time:00:02.20 | Mem:264.41M, Peak:278.57M | Scene, ViewLayer | Updating Geometry BVH fx_bc_b3_0_mesh 1094/1402 | Building BVH
Fra:1 Mem:623.65M (Peak 623.79M) | Time:00:02.20 | Mem:264.41M, Peak:278.57M | Scene, ViewLayer | Updating Geometry BVH fx_bc_b3_1_mesh 1095/1402 | Building BVH
Fra:1 Mem:623.65M (Peak 623.79M) | Time:00:02.20 | Mem:264.41M, Peak:278.57M | Scene, ViewLayer | Updating Geometry BVH fx_bc_b3_2_mesh 1096/1402 | Building BVH
Fra:1 Mem:623.65M (Peak 623.79M) | Time:00:02.20 | Mem:264.45M, Peak:278.57M | Scene, ViewLayer | Updating Geometry BVH fx_bc_jar3_mesh 1097/1402 | Building BVH
Fra:1 Mem:623.65M (Peak 623.79M) | Time:00:02.20 | Mem:264.45M, Peak:278.57M | Scene, ViewLayer | Updating Geometry BVH fx_bc_pot4_mesh 1098/1402 | Building BVH
Fra:1 Mem:623.65M (Peak 623.79M) | Time:00:02.20 | Mem:264.47M, Peak:278.57M | Scene, ViewLayer | Updating Geometry BVH fx_bc_g0_0_mesh 1099/1402 | Building BVH
Fra:1 Mem:623.65M (Peak 623.79M) | Time:00:02.20 | Mem:264.48M, Peak:278.57M | Scene, ViewLayer | Updating Geometry BVH fx_bc_g0_1_mesh 1100/1402 | Building BVH
Fra:1 Mem:623.65M (Peak 623.79M) | Time:00:02.20 | Mem:264.57M, Peak:278.57M | Scene, ViewLayer | Updating Geometry BVH fx_bc_g0_2_mesh 1101/1402 | Building BVH
Fra:1 Mem:623.65M (Peak 623.79M) | Time:00:02.20 | Mem:264.58M, Peak:278.57M | Scene, ViewLayer | Updating Geometry BVH fx_bc_gpot_mesh 1102/1402 | Building BVH
Fra:1 Mem:623.65M (Peak 623.79M) | Time:00:02.20 | Mem:264.59M, Peak:278.57M | Scene, ViewLayer | Updating Geometry BVH A_living_dining_balcony_dining_chair_04_leg01_mesh.001 1316/1402 | Building BVH
Fra:1 Mem:623.65M (Peak 623.79M) | Time:00:02.20 | Mem:264.62M, Peak:278.57M | Scene, ViewLayer | Updating Geometry BVH fx_bc_g1_0_mesh 1103/1402 | Building BVH
Fra:1 Mem:623.65M (Peak 623.79M) | Time:00:02.20 | Mem:264.62M, Peak:278.57M | Scene, ViewLayer | Updating Geometry BVH fx_bc_g1_1_mesh 1104/1402 | Building BVH
Fra:1 Mem:623.65M (Peak 623.79M) | Time:00:02.20 | Mem:264.64M, Peak:278.57M | Scene, ViewLayer | Updating Geometry BVH fx_bc_g1_2_mesh 1105/1402 | Building BVH
Fra:1 Mem:623.66M (Peak 623.79M) | Time:00:02.20 | Mem:264.61M, Peak:278.57M | Scene, ViewLayer | Updating Geometry BVH fx_bc_gpot2_mesh 1107/1402 | Building BVH
Fra:1 Mem:623.66M (Peak 623.79M) | Time:00:02.20 | Mem:264.61M, Peak:278.57M | Scene, ViewLayer | Updating Geometry BVH fx_desk_book0_mesh 1108/1402 | Building BVH
Fra:1 Mem:623.66M (Peak 623.79M) | Time:00:02.20 | Mem:264.61M, Peak:278.57M | Scene, ViewLayer | Updating Geometry BVH fx_desk_book1_mesh 1109/1402 | Building BVH
Fra:1 Mem:623.66M (Peak 623.79M) | Time:00:02.20 | Mem:264.63M, Peak:278.57M | Scene, ViewLayer | Updating Geometry BVH fx_fiddle_pot_mesh 1110/1402 | Building BVH
Fra:1 Mem:623.66M (Peak 623.79M) | Time:00:02.20 | Mem:264.65M, Peak:278.57M | Scene, ViewLayer | Updating Geometry BVH fx_fiddle_stem_mesh 1111/1402 | Building BVH
Fra:1 Mem:623.66M (Peak 623.79M) | Time:00:02.20 | Mem:264.67M, Peak:278.57M | Scene, ViewLayer | Updating Geometry BVH fx_fiddle_leaf0_mesh 1112/1402 | Building BVH
Fra:1 Mem:623.66M (Peak 623.79M) | Time:00:02.20 | Mem:264.70M, Peak:278.57M | Scene, ViewLayer | Updating Geometry BVH A_living_dining_balcony_dining_chair_04_leg01_mesh 1315/1402 | Building BVH
Fra:1 Mem:623.66M (Peak 623.79M) | Time:00:02.20 | Mem:264.70M, Peak:278.57M | Scene, ViewLayer | Updating Geometry BVH fx_fiddle_leaf1_mesh 1113/1402 | Building BVH
Fra:1 Mem:623.66M (Peak 623.79M) | Time:00:02.20 | Mem:264.70M, Peak:278.57M | Scene, ViewLayer | Updating Geometry BVH fx_fiddle_leaf4_mesh 1116/1402 | Building BVH
Fra:1 Mem:623.66M (Peak 623.79M) | Time:00:02.20 | Mem:264.72M, Peak:278.57M | Scene, ViewLayer | Updating Geometry BVH fx_fiddle_leaf5_mesh 1117/1402 | Building BVH
Fra:1 Mem:623.66M (Peak 623.79M) | Time:00:02.20 | Mem:264.72M, Peak:278.57M | Scene, ViewLayer | Updating Geometry BVH fx_fiddle_leaf6_mesh 1118/1402 | Building BVH
Fra:1 Mem:623.66M (Peak 623.79M) | Time:00:02.20 | Mem:264.74M, Peak:278.57M | Scene, ViewLayer | Updating Geometry BVH f1_shoe_body_mesh 1119/1402 | Building BVH
Fra:1 Mem:623.66M (Peak 623.79M) | Time:00:02.20 | Mem:264.74M, Peak:278.57M | Scene, ViewLayer | Updating Geometry BVH f1_shoe_side_s_mesh 1120/1402 | Building BVH
Fra:1 Mem:623.66M (Peak 623.79M) | Time:00:02.20 | Mem:264.75M, Peak:278.57M | Scene, ViewLayer | Updating Geometry BVH f1_shoe_lo_door_f0b_mesh 1125/1402 | Building BVH
Fra:1 Mem:623.66M (Peak 623.79M) | Time:00:02.20 | Mem:264.75M, Peak:278.57M | Scene, ViewLayer | Updating Geometry BVH f1_shoe_lo_door_f0c_mesh 1127/1402 | Building BVH
Fra:1 Mem:623.66M (Peak 623.79M) | Time:00:02.20 | Mem:264.76M, Peak:278.57M | Scene, ViewLayer | Updating Geometry BVH f1_shoe_lo_door_p0_mesh 1128/1402 | Building BVH
Fra:1 Mem:623.66M (Peak 623.79M) | Time:00:02.20 | Mem:264.76M, Peak:278.57M | Scene, ViewLayer | Updating Geometry BVH f1_shoe_hi_door_f0r_mesh 1131/1402 | Building BVH
Fra:1 Mem:623.66M (Peak 623.79M) | Time:00:02.20 | Mem:264.76M, Peak:278.57M | Scene, ViewLayer | Updating Geometry BVH f1_shoe_hi_door_f0b_mesh 1132/1402 | Building BVH
Fra:1 Mem:623.66M (Peak 623.79M) | Time:00:02.20 | Mem:264.78M, Peak:278.57M | Scene, ViewLayer | Updating Geometry BVH f1_shoe_hi_door_f0t_mesh 1133/1402 | Building BVH
Fra:1 Mem:623.66M (Peak 623.79M) | Time:00:02.20 | Mem:264.81M, Peak:278.57M | Scene, ViewLayer | Updating Geometry BVH A_living_dining_balcony_dining_chair_04_back1_mesh 1314/1402 | Building BVH
Fra:1 Mem:623.66M (Peak 623.79M) | Time:00:02.20 | Mem:264.87M, Peak:278.57M | Scene, ViewLayer | Updating Geometry BVH f1_shoe_hi_door_f0c_mesh 1134/1402 | Building BVH
Fra:1 Mem:623.66M (Peak 623.79M) | Time:00:02.20 | Mem:264.87M, Peak:278.57M | Scene, ViewLayer | Updating Geometry BVH f1_shoe_niche_b_mesh 1136/1402 | Building BVH
Fra:1 Mem:623.66M (Peak 623.79M) | Time:00:02.20 | Mem:264.92M, Peak:278.57M | Scene, ViewLayer | Updating Geometry BVH f1_shoe_niche_t_mesh 1137/1402 | Building BVH
Fra:1 Mem:623.66M (Peak 623.79M) | Time:00:02.20 | Mem:265.02M, Peak:278.57M | Scene, ViewLayer | Updating Geometry BVH f1_shoe_niche_back_mesh 1138/1402 | Building BVH
Fra:1 Mem:623.66M (Peak 623.79M) | Time:00:02.20 | Mem:265.03M, Peak:278.57M | Scene, ViewLayer | Updating Geometry BVH f1_shoe_light_mesh 1139/1402 | Building BVH
Fra:1 Mem:623.66M (Peak 623.79M) | Time:00:02.20 | Mem:265.03M, Peak:278.57M | Scene, ViewLayer | Updating Geometry BVH f1_elc_body_mesh 1140/1402 | Building BVH
Fra:1 Mem:623.66M (Peak 623.79M) | Time:00:02.20 | Mem:265.03M, Peak:278.57M | Scene, ViewLayer | Updating Geometry BVH f1_elc_lo_door_gapbg_mesh 1141/1402 | Building BVH
Fra:1 Mem:623.66M (Peak 623.79M) | Time:00:02.20 | Mem:265.03M, Peak:278.57M | Scene, ViewLayer | Updating Geometry BVH f1_elc_lo_door_f0l_mesh 1142/1402 | Building BVH
Fra:1 Mem:623.66M (Peak 623.79M) | Time:00:02.20 | Mem:265.03M, Peak:278.57M | Scene, ViewLayer | Updating Geometry BVH f1_elc_lo_door_f0r_mesh 1143/1402 | Building BVH
Fra:1 Mem:623.66M (Peak 623.79M) | Time:00:02.20 | Mem:265.03M, Peak:278.57M | Scene, ViewLayer | Updating Geometry BVH f1_elc_lo_door_f0b_mesh 1144/1402 | Building BVH
Fra:1 Mem:623.66M (Peak 623.79M) | Time:00:02.20 | Mem:265.04M, Peak:278.57M | Scene, ViewLayer | Updating Geometry BVH f1_elc_lo_door_f0t_mesh 1145/1402 | Building BVH
Fra:1 Mem:623.66M (Peak 623.79M) | Time:00:02.20 | Mem:265.08M, Peak:278.57M | Scene, ViewLayer | Updating Geometry BVH f1_elc_lo_door_f0c_mesh 1146/1402 | Building BVH
Fra:1 Mem:623.66M (Peak 623.79M) | Time:00:02.20 | Mem:265.09M, Peak:278.57M | Scene, ViewLayer | Updating Geometry BVH f1_elc_lo_door_p0_mesh 1147/1402 | Building BVH
Fra:1 Mem:623.66M (Peak 623.79M) | Time:00:02.20 | Mem:265.11M, Peak:278.57M | Scene, ViewLayer | Updating Geometry BVH A_living_dining_balcony_dining_chair_04_back0_mesh 1313/1402 | Building BVH
Fra:1 Mem:623.66M (Peak 623.79M) | Time:00:02.20 | Mem:265.12M, Peak:278.57M | Scene, ViewLayer | Updating Geometry BVH f1_elc_lo_door_f1l_mesh 1148/1402 | Building BVH
Fra:1 Mem:623.66M (Peak 623.79M) | Time:00:02.20 | Mem:265.13M, Peak:278.57M | Scene, ViewLayer | Updating Geometry BVH f1_elc_lo_door_f1r_mesh 1149/1402 | Building BVH
Fra:1 Mem:623.66M (Peak 623.79M) | Time:00:02.20 | Mem:265.15M, Peak:278.57M | Scene, ViewLayer | Updating Geometry BVH f1_elc_lo_door_f1b_mesh 1150/1402 | Building BVH
Fra:1 Mem:623.66M (Peak 623.79M) | Time:00:02.20 | Mem:265.19M, Peak:278.57M | Scene, ViewLayer | Updating Geometry BVH f1_elc_lo_door_f1t_mesh 1151/1402 | Building BVH
Fra:1 Mem:623.66M (Peak 623.79M) | Time:00:02.20 | Mem:265.23M, Peak:278.57M | Scene, ViewLayer | Updating Geometry BVH f1_elc_lo_door_f1c_mesh 1152/1402 | Building BVH
Fra:1 Mem:623.66M (Peak 623.79M) | Time:00:02.20 | Mem:265.24M, Peak:278.57M | Scene, ViewLayer | Updating Geometry BVH f1_elc_lo_door_p1_mesh 1153/1402 | Building BVH
Fra:1 Mem:623.66M (Peak 623.79M) | Time:00:02.20 | Mem:265.23M, Peak:278.57M | Scene, ViewLayer | Updating Geometry BVH f1_elc_lo_door_f2l_mesh 1154/1402 | Building BVH
Fra:1 Mem:623.66M (Peak 623.79M) | Time:00:02.20 | Mem:265.23M, Peak:278.57M | Scene, ViewLayer | Updating Geometry BVH f1_elc_lo_door_f2r_mesh 1155/1402 | Building BVH
Fra:1 Mem:623.66M (Peak 623.79M) | Time:00:02.20 | Mem:265.25M, Peak:278.57M | Scene, ViewLayer | Updating Geometry BVH f1_elc_lo_door_f2b_mesh 1156/1402 | Building BVH
Fra:1 Mem:623.66M (Peak 623.79M) | Time:00:02.20 | Mem:265.25M, Peak:278.57M | Scene, ViewLayer | Updating Geometry BVH A_living_dining_balcony_dining_chair_04_seat_mesh 1312/1402 | Building BVH
Fra:1 Mem:623.66M (Peak 623.79M) | Time:00:02.20 | Mem:265.32M, Peak:278.57M | Scene, ViewLayer | Updating Geometry BVH f1_elc_lo_door_f2t_mesh 1157/1402 | Building BVH
Fra:1 Mem:623.66M (Peak 623.79M) | Time:00:02.20 | Mem:265.32M, Peak:278.57M | Scene, ViewLayer | Updating Geometry BVH f1_elc_lo_door_f2c_mesh 1158/1402 | Building BVH
Fra:1 Mem:623.66M (Peak 623.79M) | Time:00:02.20 | Mem:265.34M, Peak:278.57M | Scene, ViewLayer | Updating Geometry BVH f1_elc_lo_door_p2_mesh 1159/1402 | Building BVH
Fra:1 Mem:623.66M (Peak 623.79M) | Time:00:02.20 | Mem:265.35M, Peak:278.57M | Scene, ViewLayer | Updating Geometry BVH f1_elc_hi_door_gapbg_mesh 1160/1402 | Building BVH
Fra:1 Mem:623.66M (Peak 623.79M) | Time:00:02.20 | Mem:265.36M, Peak:278.57M | Scene, ViewLayer | Updating Geometry BVH f1_elc_hi_door_f0l_mesh 1161/1402 | Building BVH
Fra:1 Mem:623.66M (Peak 623.79M) | Time:00:02.20 | Mem:265.36M, Peak:278.57M | Scene, ViewLayer | Updating Geometry BVH f1_elc_hi_door_f0r_mesh 1162/1402 | Building BVH
Fra:1 Mem:623.66M (Peak 623.79M) | Time:00:02.20 | Mem:265.37M, Peak:278.57M | Scene, ViewLayer | Updating Geometry BVH f1_elc_hi_door_f0b_mesh 1163/1402 | Building BVH
Fra:1 Mem:623.66M (Peak 623.79M) | Time:00:02.20 | Mem:265.38M, Peak:278.57M | Scene, ViewLayer | Updating Geometry BVH f1_elc_hi_door_f0t_mesh 1164/1402 | Building BVH
Fra:1 Mem:623.66M (Peak 623.79M) | Time:00:02.20 | Mem:265.42M, Peak:278.57M | Scene, ViewLayer | Updating Geometry BVH f1_elc_hi_door_f0c_mesh 1165/1402 | Building BVH
Fra:1 Mem:623.66M (Peak 623.79M) | Time:00:02.20 | Mem:265.42M, Peak:278.57M | Scene, ViewLayer | Updating Geometry BVH f1_elc_hi_door_p0_mesh 1166/1402 | Building BVH
Fra:1 Mem:623.66M (Peak 623.79M) | Time:00:02.20 | Mem:265.44M, Peak:278.57M | Scene, ViewLayer | Updating Geometry BVH f1_elc_hi_door_f1l_mesh 1167/1402 | Building BVH
Fra:1 Mem:623.66M (Peak 623.79M) | Time:00:02.20 | Mem:265.45M, Peak:278.57M | Scene, ViewLayer | Updating Geometry BVH f1_elc_hi_door_f1r_mesh 1168/1402 | Building BVH
Fra:1 Mem:623.66M (Peak 623.79M) | Time:00:02.20 | Mem:265.46M, Peak:278.57M | Scene, ViewLayer | Updating Geometry BVH f1_elc_hi_door_f1b_mesh 1169/1402 | Building BVH
Fra:1 Mem:623.66M (Peak 623.79M) | Time:00:02.20 | Mem:265.47M, Peak:278.57M | Scene, ViewLayer | Updating Geometry BVH f1_elc_hi_door_f1t_mesh 1170/1402 | Building BVH
Fra:1 Mem:623.66M (Peak 623.79M) | Time:00:02.20 | Mem:265.49M, Peak:278.57M | Scene, ViewLayer | Updating Geometry BVH f1_elc_hi_door_f1c_mesh 1171/1402 | Building BVH
Fra:1 Mem:623.66M (Peak 623.79M) | Time:00:02.20 | Mem:265.54M, Peak:278.57M | Scene, ViewLayer | Updating Geometry BVH f1_elc_hi_door_p1_mesh 1172/1402 | Building BVH
Fra:1 Mem:623.66M (Peak 623.79M) | Time:00:02.20 | Mem:265.54M, Peak:278.57M | Scene, ViewLayer | Updating Geometry BVH f1_elc_hi_door_f2l_mesh 1173/1402 | Building BVH
Fra:1 Mem:623.66M (Peak 623.79M) | Time:00:02.20 | Mem:265.53M, Peak:278.57M | Scene, ViewLayer | Updating Geometry BVH A_living_dining_balcony_dining_chair_03_leg11_mesh.001 1311/1402 | Building BVH
Fra:1 Mem:623.66M (Peak 623.79M) | Time:00:02.20 | Mem:265.54M, Peak:278.57M | Scene, ViewLayer | Updating Geometry BVH f1_elc_hi_door_f2b_mesh 1175/1402 | Building BVH
Fra:1 Mem:623.66M (Peak 623.79M) | Time:00:02.20 | Mem:265.54M, Peak:278.57M | Scene, ViewLayer | Updating Geometry BVH f1_elc_hi_door_f2t_mesh 1176/1402 | Building BVH
Fra:1 Mem:623.66M (Peak 623.79M) | Time:00:02.20 | Mem:265.54M, Peak:278.57M | Scene, ViewLayer | Updating Geometry BVH f1_elc_hi_door_p2_mesh 1178/1402 | Building BVH
Fra:1 Mem:623.66M (Peak 623.79M) | Time:00:02.20 | Mem:265.55M, Peak:278.57M | Scene, ViewLayer | Updating Geometry BVH f1_bench_leg0_mesh 1180/1402 | Building BVH
Fra:1 Mem:623.66M (Peak 623.79M) | Time:00:02.20 | Mem:265.58M, Peak:278.57M | Scene, ViewLayer | Updating Geometry BVH f1_bench_leg1_mesh 1181/1402 | Building BVH
Fra:1 Mem:623.66M (Peak 623.79M) | Time:00:02.20 | Mem:265.59M, Peak:278.57M | Scene, ViewLayer | Updating Geometry BVH f1_bench_leg2_mesh 1182/1402 | Building BVH
Fra:1 Mem:623.66M (Peak 623.79M) | Time:00:02.20 | Mem:265.66M, Peak:278.57M | Scene, ViewLayer | Updating Geometry BVH f1_bench_leg3_mesh 1183/1402 | Building BVH
Fra:1 Mem:623.66M (Peak 623.79M) | Time:00:02.20 | Mem:265.68M, Peak:278.57M | Scene, ViewLayer | Updating Geometry BVH f1_bench_seat_mesh 1184/1402 | Building BVH
Fra:1 Mem:623.66M (Peak 623.79M) | Time:00:02.20 | Mem:265.68M, Peak:278.57M | Scene, ViewLayer | Updating Geometry BVH f1_bench_arm_mesh 1185/1402 | Building BVH
Fra:1 Mem:623.66M (Peak 623.79M) | Time:00:02.20 | Mem:265.69M, Peak:278.57M | Scene, ViewLayer | Updating Geometry BVH f1_night_light_mesh 1186/1402 | Building BVH
Fra:1 Mem:623.66M (Peak 623.79M) | Time:00:02.20 | Mem:265.70M, Peak:278.57M | Scene, ViewLayer | Updating Geometry BVH fx_lamp_dau_base_mesh 1187/1402 | Building BVH
Fra:1 Mem:623.66M (Peak 623.79M) | Time:00:02.20 | Mem:265.71M, Peak:278.57M | Scene, ViewLayer | Updating Geometry BVH fx_lamp_dau_stem_mesh 1188/1402 | Building BVH
Fra:1 Mem:623.66M (Peak 623.79M) | Time:00:02.20 | Mem:265.74M, Peak:278.57M | Scene, ViewLayer | Updating Geometry BVH fx_lamp_dau_head_mesh 1189/1402 | Building BVH
Fra:1 Mem:623.66M (Peak 623.79M) | Time:00:02.20 | Mem:265.77M, Peak:278.57M | Scene, ViewLayer | Updating Geometry BVH fx_lamp_dau_bulb_mesh 1190/1402 | Building BVH
Fra:1 Mem:623.66M (Peak 623.79M) | Time:00:02.20 | Mem:265.77M, Peak:278.57M | Scene, ViewLayer | Updating Geometry BVH fx_lamp_son_base_mesh 1191/1402 | Building BVH
Fra:1 Mem:623.66M (Peak 623.79M) | Time:00:02.20 | Mem:265.77M, Peak:278.57M | Scene, ViewLayer | Updating Geometry BVH fx_lamp_son_stem_mesh 1192/1402 | Building BVH
Fra:1 Mem:623.66M (Peak 623.79M) | Time:00:02.20 | Mem:265.79M, Peak:278.57M | Scene, ViewLayer | Updating Geometry BVH fx_lamp_son_head_mesh 1193/1402 | Building BVH
Fra:1 Mem:623.66M (Peak 623.79M) | Time:00:02.20 | Mem:265.82M, Peak:278.57M | Scene, ViewLayer | Updating Geometry BVH fx_lamp_son_bulb_mesh 1194/1402 | Building BVH
Fra:1 Mem:623.66M (Peak 623.79M) | Time:00:02.21 | Mem:265.83M, Peak:278.57M | Scene, ViewLayer | Updating Geometry BVH f1_grab_v_mesh 1195/1402 | Building BVH
Fra:1 Mem:623.66M (Peak 623.79M) | Time:00:02.21 | Mem:265.84M, Peak:278.57M | Scene, ViewLayer | Updating Geometry BVH f1_grab_h_mesh 1196/1402 | Building BVH
Fra:1 Mem:623.66M (Peak 623.79M) | Time:00:02.21 | Mem:265.84M, Peak:278.57M | Scene, ViewLayer | Updating Geometry BVH f1_fold_seat_mesh 1197/1402 | Building BVH
Fra:1 Mem:623.66M (Peak 623.79M) | Time:00:02.21 | Mem:265.84M, Peak:278.57M | Scene, ViewLayer | Updating Geometry BVH f1_fold_brk_mesh 1198/1402 | Building BVH
Fra:1 Mem:623.66M (Peak 623.79M) | Time:00:02.21 | Mem:265.86M, Peak:278.57M | Scene, ViewLayer | Updating Geometry BVH f1_bar_v_mesh 1199/1402 | Building BVH
Fra:1 Mem:623.66M (Peak 623.79M) | Time:00:02.21 | Mem:265.87M, Peak:278.57M | Scene, ViewLayer | Updating Geometry BVH f1_floorlt0_mesh 1201/1402 | Building BVH
Fra:1 Mem:623.66M (Peak 623.79M) | Time:00:02.21 | Mem:265.89M, Peak:278.57M | Scene, ViewLayer | Updating Geometry BVH f1_floorlt1_mesh 1202/1402 | Building BVH
Fra:1 Mem:623.66M (Peak 623.79M) | Time:00:02.21 | Mem:265.88M, Peak:278.57M | Scene, ViewLayer | Updating Geometry BVH f1_floorlt2_mesh 1203/1402 | Building BVH
Fra:1 Mem:623.66M (Peak 623.79M) | Time:00:02.21 | Mem:265.88M, Peak:278.57M | Scene, ViewLayer | Updating Geometry BVH A_living_dining_balcony_dining_chair_03_leg11_mesh 1310/1402 | Building BVH
Fra:1 Mem:623.66M (Peak 623.79M) | Time:00:02.21 | Mem:265.88M, Peak:278.57M | Scene, ViewLayer | Updating Geometry BVH lt_sun 1204/1402 | Building BVH
Fra:1 Mem:623.66M (Peak 623.79M) | Time:00:02.21 | Mem:265.92M, Peak:278.57M | Scene, ViewLayer | Updating Geometry BVH lt_spot_liv01 1206/1402 | Building BVH
Fra:1 Mem:623.66M (Peak 623.79M) | Time:00:02.21 | Mem:265.93M, Peak:278.57M | Scene, ViewLayer | Updating Geometry BVH lt_spot_liv02 1207/1402 | Building BVH
Fra:1 Mem:623.66M (Peak 623.79M) | Time:00:02.21 | Mem:265.98M, Peak:278.57M | Scene, ViewLayer | Updating Geometry BVH lt_spot_liv03 1208/1402 | Building BVH
Fra:1 Mem:623.66M (Peak 623.79M) | Time:00:02.21 | Mem:265.97M, Peak:278.57M | Scene, ViewLayer | Updating Geometry BVH lt_spot_liv04 1209/1402 | Building BVH
Fra:1 Mem:623.66M (Peak 623.79M) | Time:00:02.21 | Mem:265.98M, Peak:278.57M | Scene, ViewLayer | Updating Geometry BVH lt_spot_liv05 1210/1402 | Building BVH
Fra:1 Mem:623.66M (Peak 623.79M) | Time:00:02.21 | Mem:265.98M, Peak:278.57M | Scene, ViewLayer | Updating Geometry BVH lt_spot_liv06 1211/1402 | Building BVH
Fra:1 Mem:623.66M (Peak 623.79M) | Time:00:02.21 | Mem:265.99M, Peak:278.57M | Scene, ViewLayer | Updating Geometry BVH lt_spot_liv07 1212/1402 | Building BVH
Fra:1 Mem:623.66M (Peak 623.79M) | Time:00:02.21 | Mem:266.00M, Peak:278.57M | Scene, ViewLayer | Updating Geometry BVH lt_spot_liv08 1213/1402 | Building BVH
Fra:1 Mem:623.66M (Peak 623.79M) | Time:00:02.21 | Mem:266.00M, Peak:278.57M | Scene, ViewLayer | Updating Geometry BVH lt_spot_liv10 1215/1402 | Building BVH
Fra:1 Mem:623.66M (Peak 623.79M) | Time:00:02.21 | Mem:266.00M, Peak:278.57M | Scene, ViewLayer | Updating Geometry BVH lt_spot_liv11 1216/1402 | Building BVH
Fra:1 Mem:623.66M (Peak 623.79M) | Time:00:02.21 | Mem:266.01M, Peak:278.57M | Scene, ViewLayer | Updating Geometry BVH lt_spot_liv12 1217/1402 | Building BVH
Fra:1 Mem:623.66M (Peak 623.79M) | Time:00:02.21 | Mem:266.02M, Peak:278.57M | Scene, ViewLayer | Updating Geometry BVH lt_spot_liv13 1218/1402 | Building BVH
Fra:1 Mem:623.66M (Peak 623.79M) | Time:00:02.21 | Mem:266.05M, Peak:278.57M | Scene, ViewLayer | Updating Geometry BVH lt_spot_liv14 1219/1402 | Building BVH
Fra:1 Mem:623.66M (Peak 623.79M) | Time:00:02.21 | Mem:266.05M, Peak:278.57M | Scene, ViewLayer | Updating Geometry BVH lt_spot_liv16 1221/1402 | Building BVH
Fra:1 Mem:623.66M (Peak 623.79M) | Time:00:02.21 | Mem:266.06M, Peak:278.57M | Scene, ViewLayer | Updating Geometry BVH lt_spot_room0 1222/1402 | Building BVH
Fra:1 Mem:623.66M (Peak 623.79M) | Time:00:02.21 | Mem:266.06M, Peak:278.57M | Scene, ViewLayer | Updating Geometry BVH A_living_dining_balcony_dining_chair_03_leg01_mesh.001 1309/1402 | Building BVH
Fra:1 Mem:623.66M (Peak 623.79M) | Time:00:02.21 | Mem:266.06M, Peak:278.57M | Scene, ViewLayer | Updating Geometry BVH lt_spot_room1 1223/1402 | Building BVH
Fra:1 Mem:623.66M (Peak 623.79M) | Time:00:02.21 | Mem:266.08M, Peak:278.57M | Scene, ViewLayer | Updating Geometry BVH lt_spot_room2 1224/1402 | Building BVH
Fra:1 Mem:623.66M (Peak 623.79M) | Time:00:02.21 | Mem:266.09M, Peak:278.57M | Scene, ViewLayer | Updating Geometry BVH lt_spot_room3 1225/1402 | Building BVH
Fra:1 Mem:623.66M (Peak 623.79M) | Time:00:02.21 | Mem:266.11M, Peak:278.57M | Scene, ViewLayer | Updating Geometry BVH lt_spot_room4 1226/1402 | Building BVH
Fra:1 Mem:623.66M (Peak 623.79M) | Time:00:02.21 | Mem:266.11M, Peak:278.57M | Scene, ViewLayer | Updating Geometry BVH lt_spot_room5 1227/1402 | Building BVH
Fra:1 Mem:623.66M (Peak 623.79M) | Time:00:02.21 | Mem:266.11M, Peak:278.57M | Scene, ViewLayer | Updating Geometry BVH lt_spot_room6 1228/1402 | Building BVH
Fra:1 Mem:623.66M (Peak 623.79M) | Time:00:02.21 | Mem:266.11M, Peak:278.57M | Scene, ViewLayer | Updating Geometry BVH lt_spot_room7 1229/1402 | Building BVH
Fra:1 Mem:623.66M (Peak 623.79M) | Time:00:02.21 | Mem:266.11M, Peak:278.57M | Scene, ViewLayer | Updating Geometry BVH lt_spot_room8 1230/1402 | Building BVH
Fra:1 Mem:623.66M (Peak 623.79M) | Time:00:02.21 | Mem:266.11M, Peak:278.57M | Scene, ViewLayer | Updating Geometry BVH lt_spot_room9 1231/1402 | Building BVH
Fra:1 Mem:623.66M (Peak 623.79M) | Time:00:02.21 | Mem:266.13M, Peak:278.57M | Scene, ViewLayer | Updating Geometry BVH lt_spot_room10 1232/1402 | Building BVH
Fra:1 Mem:623.66M (Peak 623.79M) | Time:00:02.21 | Mem:266.13M, Peak:278.57M | Scene, ViewLayer | Updating Geometry BVH lt_spot_room13 1235/1402 | Building BVH
Fra:1 Mem:623.66M (Peak 623.79M) | Time:00:02.21 | Mem:266.22M, Peak:278.57M | Scene, ViewLayer | Updating Geometry BVH lt_ceiling_master 1236/1402 | Building BVH
Fra:1 Mem:623.66M (Peak 623.79M) | Time:00:02.21 | Mem:266.22M, Peak:278.57M | Scene, ViewLayer | Updating Geometry BVH lt_wall0 1240/1402 | Building BVH
Fra:1 Mem:623.66M (Peak 623.79M) | Time:00:02.21 | Mem:266.22M, Peak:278.57M | Scene, ViewLayer | Updating Geometry BVH lt_wall1 1241/1402 | Building BVH
Fra:1 Mem:623.66M (Peak 623.79M) | Time:00:02.21 | Mem:266.21M, Peak:278.57M | Scene, ViewLayer | Updating Geometry BVH lt_strip_S_mesh 1244/1402 | Building BVH
Fra:1 Mem:623.66M (Peak 623.79M) | Time:00:02.21 | Mem:266.21M, Peak:278.57M | Scene, ViewLayer | Updating Geometry BVH lt_strip_N_mesh 1245/1402 | Building BVH
Fra:1 Mem:623.66M (Peak 623.79M) | Time:00:02.21 | Mem:266.21M, Peak:278.57M | Scene, ViewLayer | Updating Geometry BVH lt_strip_kc1_mesh 1248/1402 | Building BVH
Fra:1 Mem:623.66M (Peak 623.79M) | Time:00:02.21 | Mem:266.21M, Peak:278.57M | Scene, ViewLayer | Updating Geometry BVH lt_strip_kc2_mesh 1249/1402 | Building BVH
Fra:1 Mem:623.66M (Peak 623.79M) | Time:00:02.21 | Mem:266.21M, Peak:278.57M | Scene, ViewLayer | Updating Geometry BVH lt_strip_fyb_mesh 1250/1402 | Building BVH
Fra:1 Mem:623.66M (Peak 623.79M) | Time:00:02.21 | Mem:266.21M, Peak:278.57M | Scene, ViewLayer | Updating Geometry BVH lt_strip_fyn_mesh 1251/1402 | Building BVH
Fra:1 Mem:623.66M (Peak 623.79M) | Time:00:02.21 | Mem:266.21M, Peak:278.57M | Scene, ViewLayer | Updating Geometry BVH lt_strip_bc_mesh 1252/1402 | Building BVH
Fra:1 Mem:623.66M (Peak 623.79M) | Time:00:02.21 | Mem:266.23M, Peak:278.57M | Scene, ViewLayer | Updating Geometry BVH lt_strip_mb_mesh 1254/1402 | Building BVH
Fra:1 Mem:623.66M (Peak 623.79M) | Time:00:02.21 | Mem:266.24M, Peak:278.57M | Scene, ViewLayer | Updating Geometry BVH lt_strip_cb_mesh 1255/1402 | Building BVH
Fra:1 Mem:623.66M (Peak 623.79M) | Time:00:02.21 | Mem:266.31M, Peak:278.57M | Scene, ViewLayer | Updating Geometry BVH lt_fill_daughter 1257/1402 | Building BVH
Fra:1 Mem:623.66M (Peak 623.79M) | Time:00:02.21 | Mem:266.33M, Peak:278.57M | Scene, ViewLayer | Updating Geometry BVH lt_fill_son 1258/1402 | Building BVH
Fra:1 Mem:623.66M (Peak 623.79M) | Time:00:02.21 | Mem:266.35M, Peak:278.57M | Scene, ViewLayer | Updating Geometry BVH lt_fill_pbath 1259/1402 | Building BVH
Fra:1 Mem:623.66M (Peak 623.79M) | Time:00:02.21 | Mem:266.37M, Peak:278.57M | Scene, ViewLayer | Updating Geometry BVH lt_fill_mbath 1260/1402 | Building BVH
Fra:1 Mem:623.66M (Peak 623.79M) | Time:00:02.21 | Mem:266.39M, Peak:278.57M | Scene, ViewLayer | Updating Geometry BVH lt_fill_master 1261/1402 | Building BVH
Fra:1 Mem:623.66M (Peak 623.79M) | Time:00:02.21 | Mem:266.40M, Peak:278.57M | Scene, ViewLayer | Updating Geometry BVH lt_fill_corridor 1262/1402 | Building BVH
Fra:1 Mem:623.66M (Peak 623.79M) | Time:00:02.21 | Mem:266.46M, Peak:278.57M | Scene, ViewLayer | Updating Geometry BVH A_living_dining_balcony_island_01_sideW_mesh 1263/1402 | Building BVH
Fra:1 Mem:623.66M (Peak 623.79M) | Time:00:02.21 | Mem:266.46M, Peak:278.57M | Scene, ViewLayer | Updating Geometry BVH A_living_dining_balcony_island_01_sideE_mesh 1264/1402 | Building BVH
Fra:1 Mem:623.66M (Peak 623.79M) | Time:00:02.21 | Mem:266.46M, Peak:278.57M | Scene, ViewLayer | Updating Geometry BVH A_living_dining_balcony_island_01_backN_mesh 1265/1402 | Building BVH
Fra:1 Mem:623.66M (Peak 623.79M) | Time:00:02.21 | Mem:266.46M, Peak:278.57M | Scene, ViewLayer | Updating Geometry BVH A_living_dining_balcony_island_01_oven_mesh 1267/1402 | Building BVH
Fra:1 Mem:623.66M (Peak 623.79M) | Time:00:02.21 | Mem:266.46M, Peak:278.57M | Scene, ViewLayer | Updating Geometry BVH A_living_dining_balcony_island_01_drw_gapbg_mesh 1268/1402 | Building BVH
Fra:1 Mem:623.66M (Peak 623.79M) | Time:00:02.21 | Mem:266.46M, Peak:278.57M | Scene, ViewLayer | Updating Geometry BVH A_living_dining_balcony_island_01_drw_p0_mesh 1270/1402 | Building BVH
Fra:1 Mem:623.66M (Peak 623.79M) | Time:00:02.21 | Mem:266.46M, Peak:278.57M | Scene, ViewLayer | Updating Geometry BVH A_living_dining_balcony_island_01_niche_mesh 1271/1402 | Building BVH
Fra:1 Mem:623.66M (Peak 623.79M) | Time:00:02.21 | Mem:266.46M, Peak:278.57M | Scene, ViewLayer | Updating Geometry BVH A_living_dining_balcony_island_01_sh0_mesh 1272/1402 | Building BVH
Fra:1 Mem:623.66M (Peak 623.79M) | Time:00:02.21 | Mem:266.48M, Peak:278.57M | Scene, ViewLayer | Updating Geometry BVH A_living_dining_balcony_island_01_top_mesh 1274/1402 | Building BVH
Fra:1 Mem:623.66M (Peak 623.79M) | Time:00:02.21 | Mem:266.49M, Peak:278.57M | Scene, ViewLayer | Updating Geometry BVH A_living_dining_balcony_tv_cabinet_01_body_mesh 1275/1402 | Building BVH
Fra:1 Mem:623.66M (Peak 623.79M) | Time:00:02.21 | Mem:266.51M, Peak:278.57M | Scene, ViewLayer | Updating Geometry BVH A_living_dining_balcony_tv_cabinet_01_door_gapbg_mesh 1276/1402 | Building BVH
Fra:1 Mem:623.66M (Peak 623.79M) | Time:00:02.21 | Mem:266.52M, Peak:278.57M | Scene, ViewLayer | Updating Geometry BVH A_living_dining_balcony_tv_cabinet_01_door_f0_mesh 1277/1402 | Building BVH
Fra:1 Mem:623.66M (Peak 623.79M) | Time:00:02.21 | Mem:266.52M, Peak:278.57M | Scene, ViewLayer | Updating Geometry BVH A_living_dining_balcony_tv_cabinet_01_door_f1_mesh 1278/1402 | Building BVH
Fra:1 Mem:623.66M (Peak 623.79M) | Time:00:02.21 | Mem:266.61M, Peak:278.57M | Scene, ViewLayer | Updating Geometry BVH A_living_dining_balcony_tv_cabinet_01_door_f2_mesh 1279/1402 | Building BVH
Fra:1 Mem:623.66M (Peak 623.79M) | Time:00:02.21 | Mem:266.62M, Peak:278.57M | Scene, ViewLayer | Updating Geometry BVH A_living_dining_balcony_tv_cabinet_01_door_f3_mesh 1280/1402 | Building BVH
Fra:1 Mem:623.66M (Peak 623.79M) | Time:00:02.21 | Mem:266.64M, Peak:278.57M | Scene, ViewLayer | Updating Geometry BVH A_living_dining_balcony_tv_cabinet_01_door_f4_mesh 1281/1402 | Building BVH
Fra:1 Mem:623.66M (Peak 623.79M) | Time:00:02.21 | Mem:266.68M, Peak:278.57M | Scene, ViewLayer | Updating Geometry BVH A_living_dining_balcony_pendant_lamp_01_rod_mesh 1282/1402 | Building BVH
Fra:1 Mem:623.66M (Peak 623.79M) | Time:00:02.21 | Mem:266.68M, Peak:278.57M | Scene, ViewLayer | Updating Geometry BVH A_living_dining_balcony_dining_chair_03_back1_mesh 1307/1402 | Building BVH
Fra:1 Mem:623.66M (Peak 623.79M) | Time:00:02.21 | Mem:266.70M, Peak:278.57M | Scene, ViewLayer | Updating Geometry BVH A_living_dining_balcony_pendant_lamp_01_ globe_mesh 1283/1402 | Building BVH
Fra:1 Mem:623.66M (Peak 623.79M) | Time:00:02.21 | Mem:266.70M, Peak:278.57M | Scene, ViewLayer | Updating Geometry BVH A_living_dining_balcony_island_02_top_mesh 1284/1402 | Building BVH
Fra:1 Mem:623.66M (Peak 623.79M) | Time:00:02.21 | Mem:266.71M, Peak:278.57M | Scene, ViewLayer | Updating Geometry BVH A_living_dining_balcony_island_02_leg0_mesh 1285/1402 | Building BVH
Fra:1 Mem:623.66M (Peak 623.79M) | Time:00:02.21 | Mem:266.74M, Peak:278.57M | Scene, ViewLayer | Updating Geometry BVH A_living_dining_balcony_island_02_leg1_mesh 1286/1402 | Building BVH
Fra:1 Mem:623.66M (Peak 623.79M) | Time:00:02.21 | Mem:266.75M, Peak:278.57M | Scene, ViewLayer | Updating Geometry BVH A_living_dining_balcony_island_02_leg3_mesh 1288/1402 | Building BVH
Fra:1 Mem:623.66M (Peak 623.79M) | Time:00:02.21 | Mem:266.84M, Peak:278.57M | Scene, ViewLayer | Updating Geometry BVH A_living_dining_balcony_pendant_lamp_02_rod_mesh 1289/1402 | Building BVH
Fra:1 Mem:623.66M (Peak 623.79M) | Time:00:02.21 | Mem:266.87M, Peak:278.57M | Scene, ViewLayer | Updating Geometry BVH A_living_dining_balcony_pendant_lamp_02_ globe_mesh 1290/1402 | Building BVH
Fra:1 Mem:623.66M (Peak 623.79M) | Time:00:02.21 | Mem:267.01M, Peak:278.57M | Scene, ViewLayer | Updating Geometry BVH A_living_dining_balcony_dining_chair_01_seat_mesh 1291/1402 | Building BVH
Fra:1 Mem:623.66M (Peak 623.79M) | Time:00:02.21 | Mem:266.98M, Peak:278.57M | Scene, ViewLayer | Updating Geometry BVH A_living_dining_balcony_dining_chair_01_leg01_mesh.001 1295/1402 | Building BVH
Fra:1 Mem:623.66M (Peak 623.79M) | Time:00:02.21 | Mem:266.98M, Peak:278.57M | Scene, ViewLayer | Updating Geometry BVH A_living_dining_balcony_dining_chair_02_back0_mesh 1299/1402 | Building BVH
Fra:1 Mem:623.66M (Peak 623.79M) | Time:00:02.21 | Mem:266.98M, Peak:278.57M | Scene, ViewLayer | Updating Geometry BVH A_living_dining_balcony_dining_chair_02_back1_mesh 1300/1402 | Building BVH
Fra:1 Mem:623.66M (Peak 623.79M) | Time:00:02.21 | Mem:267.00M, Peak:278.57M | Scene, ViewLayer | Updating Geometry BVH A_living_dining_balcony_dining_chair_02_leg01_mesh 1301/1402 | Building BVH
Fra:1 Mem:623.66M (Peak 623.79M) | Time:00:02.21 | Mem:267.04M, Peak:278.57M | Scene, ViewLayer | Updating Geometry BVH A_living_dining_balcony_dining_chair_02_leg01_mesh.001 1302/1402 | Building BVH
Fra:1 Mem:623.66M (Peak 623.79M) | Time:00:02.21 | Mem:267.05M, Peak:278.57M | Scene, ViewLayer | Updating Geometry BVH A_living_dining_balcony_dining_chair_03_back0_mesh 1306/1402 | Building BVH
Fra:1 Mem:623.66M (Peak 623.79M) | Time:00:02.21 | Mem:267.05M, Peak:278.57M | Scene, ViewLayer | Updating Geometry BVH A_living_dining_balcony_dining_chair_02_leg11_mesh 1303/1402 | Building BVH
Fra:1 Mem:623.66M (Peak 623.79M) | Time:00:02.21 | Mem:267.22M, Peak:278.57M | Scene, ViewLayer | Updating Geometry BVH A_living_dining_balcony_dining_chair_02_leg11_mesh.001 1304/1402 | Building BVH
Fra:1 Mem:623.66M (Peak 623.79M) | Time:00:02.21 | Mem:267.19M, Peak:278.57M | Scene, ViewLayer | Updating Geometry BVH A_living_dining_balcony_dining_chair_03_seat_mesh 1305/1402 | Building BVH
Fra:1 Mem:623.66M (Peak 623.79M) | Time:00:02.22 | Mem:267.19M, Peak:278.57M | Scene, ViewLayer | Updating Scene BVH | Building
Fra:1 Mem:623.68M (Peak 623.79M) | Time:00:02.22 | Mem:267.19M, Peak:278.57M | Scene, ViewLayer | Updating Scene BVH | Building BVH
Fra:1 Mem:623.68M (Peak 623.79M) | Time:00:02.35 | Mem:272.43M, Peak:278.57M | Scene, ViewLayer | Updating Scene BVH | Copying BVH to device
Fra:1 Mem:623.68M (Peak 623.79M) | Time:00:02.35 | Mem:272.43M, Peak:278.57M | Scene, ViewLayer | Updating Mesh | Computing normals
Fra:1 Mem:674.23M (Peak 674.23M) | Time:00:02.36 | Mem:272.43M, Peak:278.57M | Scene, ViewLayer | Updating Mesh | Copying Mesh to device
Fra:1 Mem:674.23M (Peak 674.23M) | Time:00:02.38 | Mem:322.98M, Peak:322.98M | Scene, ViewLayer | Updating Objects Flags
Fra:1 Mem:674.23M (Peak 674.23M) | Time:00:02.38 | Mem:322.99M, Peak:322.99M | Scene, ViewLayer | Updating Primitive Offsets
Fra:1 Mem:674.23M (Peak 674.23M) | Time:00:02.38 | Mem:323.00M, Peak:323.00M | Scene, ViewLayer | Updating Images
Fra:1 Mem:674.23M (Peak 674.23M) | Time:00:02.38 | Mem:323.00M, Peak:323.00M | Scene, ViewLayer | Updating Images | Loading walnut3_nor_gl_2k.jpg
Fra:1 Mem:674.23M (Peak 674.23M) | Time:00:02.38 | Mem:323.00M, Peak:323.00M | Scene, ViewLayer | Updating Images | Loading kloofendal_48d_partly_cloudy_puresky_4k.hdr
Fra:1 Mem:690.23M (Peak 690.23M) | Time:00:02.38 | Mem:323.00M, Peak:323.00M | Scene, ViewLayer | Updating Images | Loading walnut3_rough_2k.jpg
Fra:1 Mem:838.23M (Peak 838.23M) | Time:00:02.59 | Mem:487.00M, Peak:487.00M | Scene, ViewLayer | Updating Camera Volume
Fra:1 Mem:838.23M (Peak 838.23M) | Time:00:02.59 | Mem:487.00M, Peak:487.00M | Scene, ViewLayer | Updating Lookup Tables
Fra:1 Mem:838.23M (Peak 838.23M) | Time:00:02.59 | Mem:487.08M, Peak:487.08M | Scene, ViewLayer | Updating Lights
Fra:1 Mem:838.24M (Peak 838.24M) | Time:00:02.59 | Mem:487.08M, Peak:487.08M | Scene, ViewLayer | Updating Lights | Importance map
Fra:1 Mem:902.27M (Peak 1190.24M) | Time:00:03.05 | Mem:551.12M, Peak:711.08M | Scene, ViewLayer | Updating Lights | Computing tree
Fra:1 Mem:903.34M (Peak 1190.24M) | Time:00:03.06 | Mem:552.18M, Peak:711.08M | Scene, ViewLayer | Updating Integrator
Fra:1 Mem:903.34M (Peak 1190.24M) | Time:00:03.06 | Mem:552.18M, Peak:711.08M | Scene, ViewLayer | Updating Film
Fra:1 Mem:903.34M (Peak 1190.24M) | Time:00:03.06 | Mem:552.10M, Peak:711.08M | Scene, ViewLayer | Updating Lookup Tables
Fra:1 Mem:903.34M (Peak 1190.24M) | Time:00:03.06 | Mem:552.19M, Peak:711.08M | Scene, ViewLayer | Updating Baking
Fra:1 Mem:903.34M (Peak 1190.24M) | Time:00:03.06 | Mem:552.19M, Peak:711.08M | Scene, ViewLayer | Updating Device | Writing constant memory
Fra:1 Mem:903.37M (Peak 1190.24M) | Time:00:03.06 | Mem:552.19M, Peak:711.08M | Scene, ViewLayer | Loading denoising kernels (may take a few minutes the first time)
Fra:1 Mem:907.42M (Peak 1190.24M) | Time:00:03.12 | Mem:904.24M, Peak:904.24M | Scene, ViewLayer | Sample 0/64
Fra:1 Mem:945.00M (Peak 1190.24M) | Time:00:03.46 | Remaining:00:21.64 | Mem:941.82M, Peak:941.82M | Scene, ViewLayer | Sample 1/64
Fra:1 Mem:945.01M (Peak 1190.24M) | Time:00:16.96 | Remaining:00:04.61 | Mem:941.82M, Peak:941.82M | Scene, ViewLayer | Sample 48/64
Fra:1 Mem:960.83M (Peak 1190.24M) | Time:00:21.23 | Mem:941.82M, Peak:941.82M | Scene, ViewLayer | Sample 64/64
Fra:1 Mem:960.83M (Peak 1190.24M) | Time:00:21.23 | Mem:941.82M, Peak:941.82M | Scene, ViewLayer | Finished
Saved: 'D:\ClaudeCodeProject2026\jiangyu-render\renders\preview\12_master_bed_screen.png'
Time: 00:21.49 (Saving: 00:00.15)

Fra:1 Mem:307.62M (Peak 308.26M) | Time:00:00.11 | Mem:0.00M, Peak:0.00M | Scene, ViewLayer | Synchronizing object | ceil_living_r1S
Fra:1 Mem:307.62M (Peak 308.26M) | Time:00:00.11 | Mem:0.00M, Peak:0.00M | Scene, ViewLayer | Synchronizing object | ceil_living_r1W
Fra:1 Mem:307.62M (Peak 308.26M) | Time:00:00.11 | Mem:0.00M, Peak:0.00M | Scene, ViewLayer | Synchronizing object | ceil_living_r2E
Fra:1 Mem:307.62M (Peak 308.26M) | Time:00:00.11 | Mem:0.00M, Peak:0.00M | Scene, ViewLayer | Synchronizing object | ceil_living_ac_slot
Fra:1 Mem:307.62M (Peak 308.26M) | Time:00:00.11 | Mem:0.00M, Peak:0.00M | Scene, ViewLayer | Synchronizing object | ceil_parents_room_slab
Fra:1 Mem:307.62M (Peak 308.26M) | Time:00:00.11 | Mem:0.00M, Peak:0.00M | Scene, ViewLayer | Synchronizing object | ceil_foyer_slab
Fra:1 Mem:307.62M (Peak 308.26M) | Time:00:00.11 | Mem:0.00M, Peak:0.00M | Scene, ViewLayer | Synchronizing object | ceil_son_ac
Fra:1 Mem:307.63M (Peak 308.26M) | Time:00:00.11 | Mem:0.00M, Peak:0.00M | Scene, ViewLayer | Synchronizing object | ceil_kitchen_fill
Fra:1 Mem:307.63M (Peak 308.26M) | Time:00:00.11 | Mem:0.00M, Peak:0.00M | Scene, ViewLayer | Synchronizing object | ceil_elevator_hall_fill
Fra:1 Mem:307.63M (Peak 308.26M) | Time:00:00.11 | Mem:0.00M, Peak:0.00M | Scene, ViewLayer | Synchronizing object | fx_ceiling_son_room
Fra:1 Mem:307.63M (Peak 308.26M) | Time:00:00.11 | Mem:0.00M, Peak:0.00M | Scene, ViewLayer | Synchronizing object | fx_spot_living00
Fra:1 Mem:307.63M (Peak 308.26M) | Time:00:00.11 | Mem:0.00M, Peak:0.00M | Scene, ViewLayer | Synchronizing object | fx_spot_living01
Fra:1 Mem:307.63M (Peak 308.26M) | Time:00:00.11 | Mem:0.00M, Peak:0.00M | Scene, ViewLayer | Synchronizing object | fx_spot_living01_r
Fra:1 Mem:307.63M (Peak 308.26M) | Time:00:00.11 | Mem:0.00M, Peak:0.00M | Scene, ViewLayer | Synchronizing object | fx_spot_living02
Fra:1 Mem:307.64M (Peak 308.26M) | Time:00:00.11 | Mem:0.00M, Peak:0.00M | Scene, ViewLayer | Synchronizing object | fx_spot_living02_r
Fra:1 Mem:307.64M (Peak 308.26M) | Time:00:00.11 | Mem:0.00M, Peak:0.00M | Scene, ViewLayer | Synchronizing object | fx_spot_living03_r
Fra:1 Mem:307.64M (Peak 308.26M) | Time:00:00.11 | Mem:0.00M, Peak:0.00M | Scene, ViewLayer | Synchronizing object | fx_spot_living04_r
Fra:1 Mem:307.64M (Peak 308.26M) | Time:00:00.11 | Mem:0.00M, Peak:0.00M | Scene, ViewLayer | Synchronizing object | fx_spot_living05
Fra:1 Mem:307.64M (Peak 308.26M) | Time:00:00.11 | Mem:0.00M, Peak:0.00M | Scene, ViewLayer | Synchronizing object | fx_spot_living05_r
Fra:1 Mem:307.65M (Peak 308.26M) | Time:00:00.11 | Mem:0.00M, Peak:0.00M | Scene, ViewLayer | Synchronizing object | fx_spot_living06
Fra:1 Mem:307.65M (Peak 308.26M) | Time:00:00.11 | Mem:0.00M, Peak:0.00M | Scene, ViewLayer | Synchronizing object | fx_spot_living07
Fra:1 Mem:307.65M (Peak 308.26M) | Time:00:00.11 | Mem:0.00M, Peak:0.00M | Scene, ViewLayer | Synchronizing object | fx_spot_living07_r
Fra:1 Mem:307.66M (Peak 308.26M) | Time:00:00.11 | Mem:0.00M, Peak:0.00M | Scene, ViewLayer | Synchronizing object | fx_spot_living08
Fra:1 Mem:307.67M (Peak 308.26M) | Time:00:00.11 | Mem:0.00M, Peak:0.00M | Scene, ViewLayer | Synchronizing object | fx_spot_living08_r
Fra:1 Mem:307.68M (Peak 308.26M) | Time:00:00.11 | Mem:0.00M, Peak:0.00M | Scene, ViewLayer | Synchronizing object | fx_spot_living09
Fra:1 Mem:307.68M (Peak 308.26M) | Time:00:00.11 | Mem:0.00M, Peak:0.00M | Scene, ViewLayer | Synchronizing object | fx_spot_living10_r
Fra:1 Mem:307.68M (Peak 308.26M) | Time:00:00.11 | Mem:0.00M, Peak:0.00M | Scene, ViewLayer | Synchronizing object | fx_spot_living11
Fra:1 Mem:307.68M (Peak 308.26M) | Time:00:00.11 | Mem:0.00M, Peak:0.00M | Scene, ViewLayer | Synchronizing object | fx_spot_living11_r
Fra:1 Mem:307.69M (Peak 308.26M) | Time:00:00.11 | Mem:0.00M, Peak:0.00M | Scene, ViewLayer | Synchronizing object | fx_spot_living12
Fra:1 Mem:307.70M (Peak 308.26M) | Time:00:00.11 | Mem:0.00M, Peak:0.00M | Scene, ViewLayer | Synchronizing object | fx_spot_living12_r
Fra:1 Mem:307.71M (Peak 308.26M) | Time:00:00.11 | Mem:0.00M, Peak:0.00M | Scene, ViewLayer | Synchronizing object | fx_spot_living13
Fra:1 Mem:307.71M (Peak 308.26M) | Time:00:00.11 | Mem:0.00M, Peak:0.00M | Scene, ViewLayer | Synchronizing object | fx_spot_living14_r
Fra:1 Mem:307.72M (Peak 308.26M) | Time:00:00.11 | Mem:0.00M, Peak:0.00M | Scene, ViewLayer | Synchronizing object | fx_spot_living15
Fra:1 Mem:307.72M (Peak 308.26M) | Time:00:00.11 | Mem:0.00M, Peak:0.00M | Scene, ViewLayer | Synchronizing object | fx_spot_living15_r
Fra:1 Mem:307.72M (Peak 308.26M) | Time:00:00.11 | Mem:0.00M, Peak:0.00M | Scene, ViewLayer | Synchronizing object | fx_spot_living16
Fra:1 Mem:307.73M (Peak 308.26M) | Time:00:00.11 | Mem:0.00M, Peak:0.00M | Scene, ViewLayer | Synchronizing object | fx_spot_living16_r
Fra:1 Mem:307.73M (Peak 308.26M) | Time:00:00.11 | Mem:0.00M, Peak:0.00M | Scene, ViewLayer | Synchronizing object | fx_spot_room2
Fra:1 Mem:307.74M (Peak 308.26M) | Time:00:00.11 | Mem:0.00M, Peak:0.00M | Scene, ViewLayer | Synchronizing object | fx_spot_room3
Fra:1 Mem:307.74M (Peak 308.26M) | Time:00:00.11 | Mem:0.00M, Peak:0.00M | Scene, ViewLayer | Synchronizing object | fx_spot_room4
Fra:1 Mem:307.75M (Peak 308.26M) | Time:00:00.11 | Mem:0.00M, Peak:0.00M | Scene, ViewLayer | Synchronizing object | fx_spot_room5
Fra:1 Mem:307.76M (Peak 308.26M) | Time:00:00.11 | Mem:0.00M, Peak:0.00M | Scene, ViewLayer | Synchronizing object | fx_spot_room7
Fra:1 Mem:307.76M (Peak 308.26M) | Time:00:00.11 | Mem:0.00M, Peak:0.00M | Scene, ViewLayer | Synchronizing object | out_ground
Fra:1 Mem:307.77M (Peak 308.26M) | Time:00:00.11 | Mem:0.00M, Peak:0.00M | Scene, ViewLayer | Synchronizing object | out_path_s
Fra:1 Mem:307.77M (Peak 308.26M) | Time:00:00.11 | Mem:0.00M, Peak:0.00M | Scene, ViewLayer | Synchronizing object | jacaranda_tree_LOD0.001
Fra:1 Mem:307.78M (Peak 308.26M) | Time:00:00.11 | Mem:0.00M, Peak:0.00M | Scene, ViewLayer | Synchronizing object | tree_small_02_LOD0.001
Fra:1 Mem:307.78M (Peak 308.26M) | Time:00:00.11 | Mem:0.00M, Peak:0.00M | Scene, ViewLayer | Synchronizing object | out_bldg_n
Fra:1 Mem:307.79M (Peak 308.26M) | Time:00:00.11 | Mem:0.00M, Peak:0.00M | Scene, ViewLayer | Synchronizing object | floor_living_dining_balcony
Fra:1 Mem:307.79M (Peak 308.26M) | Time:00:00.11 | Mem:0.00M, Peak:0.00M | Scene, ViewLayer | Synchronizing object | floor_kitchen
Fra:1 Mem:307.79M (Peak 308.26M) | Time:00:00.11 | Mem:0.00M, Peak:0.00M | Scene, ViewLayer | Synchronizing object | floor_daughter_room
Fra:1 Mem:307.80M (Peak 308.26M) | Time:00:00.11 | Mem:0.00M, Peak:0.00M | Scene, ViewLayer | Synchronizing object | floor_public_bath_wet
Fra:1 Mem:307.80M (Peak 308.26M) | Time:00:00.11 | Mem:0.00M, Peak:0.00M | Scene, ViewLayer | Synchronizing object | floor_corridor_1
Fra:1 Mem:307.80M (Peak 308.26M) | Time:00:00.11 | Mem:0.00M, Peak:0.00M | Scene, ViewLayer | Synchronizing object | floor_son_room
Fra:1 Mem:307.81M (Peak 308.26M) | Time:00:00.11 | Mem:0.00M, Peak:0.00M | Scene, ViewLayer | Synchronizing object | floor_master_bath
Fra:1 Mem:307.81M (Peak 308.26M) | Time:00:00.11 | Mem:0.00M, Peak:0.00M | Scene, ViewLayer | Synchronizing object | floor_master_bedroom
Fra:1 Mem:307.81M (Peak 308.26M) | Time:00:00.11 | Mem:0.00M, Peak:0.00M | Scene, ViewLayer | Synchronizing object | floor_terrace
Fra:1 Mem:307.81M (Peak 308.26M) | Time:00:00.11 | Mem:0.00M, Peak:0.00M | Scene, ViewLayer | Synchronizing object | floor_parents_room
Fra:1 Mem:307.82M (Peak 308.26M) | Time:00:00.11 | Mem:0.00M, Peak:0.00M | Scene, ViewLayer | Synchronizing object | floor_elevator_hall
Fra:1 Mem:307.82M (Peak 308.26M) | Time:00:00.11 | Mem:0.00M, Peak:0.00M | Scene, ViewLayer | Synchronizing object | W01_s00
Fra:1 Mem:309.06M (Peak 309.06M) | Time:00:00.11 | Mem:0.00M, Peak:0.00M | Scene, ViewLayer | Synchronizing object | W01_s01
Fra:1 Mem:309.94M (Peak 309.94M) | Time:00:00.11 | Mem:0.00M, Peak:0.00M | Scene, ViewLayer | Synchronizing object | W01_s02
Fra:1 Mem:309.94M (Peak 309.94M) | Time:00:00.11 | Mem:0.00M, Peak:0.00M | Scene, ViewLayer | Synchronizing object | W02_s00
Fra:1 Mem:309.94M (Peak 309.94M) | Time:00:00.11 | Mem:0.00M, Peak:0.00M | Scene, ViewLayer | Synchronizing object | W02_s01
Fra:1 Mem:309.95M (Peak 309.95M) | Time:00:00.11 | Mem:0.00M, Peak:0.00M | Scene, ViewLayer | Synchronizing object | W02_s03
Fra:1 Mem:309.95M (Peak 309.95M) | Time:00:00.11 | Mem:0.00M, Peak:0.00M | Scene, ViewLayer | Synchronizing object | W04_s00
Fra:1 Mem:309.95M (Peak 309.95M) | Time:00:00.11 | Mem:0.00M, Peak:0.00M | Scene, ViewLayer | Synchronizing object | W05_s01
Fra:1 Mem:309.95M (Peak 309.95M) | Time:00:00.11 | Mem:0.00M, Peak:0.00M | Scene, ViewLayer | Synchronizing object | W05_s02
Fra:1 Mem:309.95M (Peak 309.95M) | Time:00:00.11 | Mem:0.00M, Peak:0.00M | Scene, ViewLayer | Synchronizing object | W05_s03
Fra:1 Mem:309.96M (Peak 309.96M) | Time:00:00.11 | Mem:0.00M, Peak:0.00M | Scene, ViewLayer | Synchronizing object | W06_s00
Fra:1 Mem:309.96M (Peak 309.96M) | Time:00:00.11 | Mem:0.00M, Peak:0.00M | Scene, ViewLayer | Synchronizing object | W06_s02
Fra:1 Mem:309.96M (Peak 309.96M) | Time:00:00.11 | Mem:0.00M, Peak:0.00M | Scene, ViewLayer | Synchronizing object | W06_s03
Fra:1 Mem:309.96M (Peak 309.96M) | Time:00:00.11 | Mem:0.00M, Peak:0.00M | Scene, ViewLayer | Synchronizing object | W07_s00
Fra:1 Mem:309.96M (Peak 309.96M) | Time:00:00.11 | Mem:0.00M, Peak:0.00M | Scene, ViewLayer | Synchronizing object | W07_s02
Fra:1 Mem:309.96M (Peak 309.96M) | Time:00:00.11 | Mem:0.00M, Peak:0.00M | Scene, ViewLayer | Synchronizing object | W08_s00
Fra:1 Mem:309.97M (Peak 309.97M) | Time:00:00.11 | Mem:0.00M, Peak:0.00M | Scene, ViewLayer | Synchronizing object | W08_s01
Fra:1 Mem:309.97M (Peak 309.97M) | Time:00:00.11 | Mem:0.00M, Peak:0.00M | Scene, ViewLayer | Synchronizing object | W10_s00
Fra:1 Mem:309.97M (Peak 309.97M) | Time:00:00.11 | Mem:0.00M, Peak:0.00M | Scene, ViewLayer | Synchronizing object | W10_s02
Fra:1 Mem:309.97M (Peak 309.97M) | Time:00:00.11 | Mem:0.00M, Peak:0.00M | Scene, ViewLayer | Synchronizing object | W10_s03
Fra:1 Mem:309.98M (Peak 309.98M) | Time:00:00.11 | Mem:0.00M, Peak:0.00M | Scene, ViewLayer | Synchronizing object | W12_s00
Fra:1 Mem:309.98M (Peak 309.98M) | Time:00:00.11 | Mem:0.00M, Peak:0.00M | Scene, ViewLayer | Synchronizing object | W12_s02
Fra:1 Mem:309.98M (Peak 309.98M) | Time:00:00.11 | Mem:0.00M, Peak:0.00M | Scene, ViewLayer | Synchronizing object | W13_s00
Fra:1 Mem:309.98M (Peak 309.98M) | Time:00:00.11 | Mem:0.00M, Peak:0.00M | Scene, ViewLayer | Synchronizing object | W13_s02
Fra:1 Mem:309.98M (Peak 309.98M) | Time:00:00.11 | Mem:0.00M, Peak:0.00M | Scene, ViewLayer | Synchronizing object | W14_s00
Fra:1 Mem:309.99M (Peak 309.99M) | Time:00:00.11 | Mem:0.00M, Peak:0.00M | Scene, ViewLayer | Synchronizing object | W14_s01
Fra:1 Mem:309.99M (Peak 309.99M) | Time:00:00.11 | Mem:0.00M, Peak:0.00M | Scene, ViewLayer | Synchronizing object | W14_s02
Fra:1 Mem:309.99M (Peak 309.99M) | Time:00:00.11 | Mem:0.00M, Peak:0.00M | Scene, ViewLayer | Synchronizing object | W15_s00
Fra:1 Mem:309.99M (Peak 309.99M) | Time:00:00.11 | Mem:0.00M, Peak:0.00M | Scene, ViewLayer | Synchronizing object | W16_s00
Fra:1 Mem:309.99M (Peak 309.99M) | Time:00:00.11 | Mem:0.00M, Peak:0.00M | Scene, ViewLayer | Synchronizing object | W17_s00
Fra:1 Mem:310.02M (Peak 310.02M) | Time:00:00.11 | Mem:0.00M, Peak:0.00M | Scene, ViewLayer | Synchronizing object | W17_s01
Fra:1 Mem:310.03M (Peak 310.03M) | Time:00:00.11 | Mem:0.00M, Peak:0.00M | Scene, ViewLayer | Synchronizing object | W18_s01
Fra:1 Mem:310.04M (Peak 310.04M) | Time:00:00.11 | Mem:0.00M, Peak:0.00M | Scene, ViewLayer | Synchronizing object | W18_s03
Fra:1 Mem:310.59M (Peak 310.59M) | Time:00:00.11 | Mem:0.00M, Peak:0.00M | Scene, ViewLayer | Synchronizing object | W19_s00
Fra:1 Mem:310.59M (Peak 310.59M) | Time:00:00.11 | Mem:0.00M, Peak:0.00M | Scene, ViewLayer | Synchronizing object | W20_s00
Fra:1 Mem:310.59M (Peak 310.59M) | Time:00:00.11 | Mem:0.00M, Peak:0.00M | Scene, ViewLayer | Synchronizing object | W21_s00
Fra:1 Mem:310.60M (Peak 310.60M) | Time:00:00.11 | Mem:0.00M, Peak:0.00M | Scene, ViewLayer | Synchronizing object | W22_s00
Fra:1 Mem:324.22M (Peak 324.22M) | Time:00:00.11 | Mem:0.00M, Peak:0.00M | Scene, ViewLayer | Synchronizing object | W23_s02
Fra:1 Mem:331.74M (Peak 331.74M) | Time:00:00.11 | Mem:0.00M, Peak:0.00M | Scene, ViewLayer | Synchronizing object | W23_s03
Fra:1 Mem:331.76M (Peak 331.76M) | Time:00:00.11 | Mem:0.00M, Peak:0.00M | Scene, ViewLayer | Synchronizing object | W24_s00
Fra:1 Mem:331.77M (Peak 331.77M) | Time:00:00.11 | Mem:0.00M, Peak:0.00M | Scene, ViewLayer | Synchronizing object | W25_s00
Fra:1 Mem:331.33M (Peak 331.77M) | Time:00:00.11 | Mem:0.00M, Peak:0.00M | Scene, ViewLayer | Synchronizing object | W27_s01
Fra:1 Mem:331.33M (Peak 331.77M) | Time:00:00.11 | Mem:0.00M, Peak:0.00M | Scene, ViewLayer | Synchronizing object | W27_s02
Fra:1 Mem:331.33M (Peak 331.77M) | Time:00:00.11 | Mem:0.00M, Peak:0.00M | Scene, ViewLayer | Synchronizing object | W28_s00
Fra:1 Mem:334.85M (Peak 334.85M) | Time:00:00.11 | Mem:0.00M, Peak:0.00M | Scene, ViewLayer | Synchronizing object | W29_s00
Fra:1 Mem:334.85M (Peak 334.85M) | Time:00:00.11 | Mem:0.00M, Peak:0.00M | Scene, ViewLayer | Synchronizing object | win_W01_0top
Fra:1 Mem:334.85M (Peak 334.85M) | Time:00:00.11 | Mem:0.00M, Peak:0.00M | Scene, ViewLayer | Synchronizing object | win_W01_0lft
Fra:1 Mem:334.85M (Peak 334.85M) | Time:00:00.11 | Mem:0.00M, Peak:0.00M | Scene, ViewLayer | Synchronizing object | win_W01_0mul1
Fra:1 Mem:334.85M (Peak 334.85M) | Time:00:00.11 | Mem:0.00M, Peak:0.00M | Scene, ViewLayer | Synchronizing object | win_W01_0glass
Fra:1 Mem:334.86M (Peak 334.86M) | Time:00:00.11 | Mem:0.00M, Peak:0.00M | Scene, ViewLayer | Synchronizing object | win_W02_0top
Fra:1 Mem:334.86M (Peak 334.86M) | Time:00:00.11 | Mem:0.00M, Peak:0.00M | Scene, ViewLayer | Synchronizing object | win_W02_0rgt
Fra:1 Mem:334.86M (Peak 334.86M) | Time:00:00.11 | Mem:0.00M, Peak:0.00M | Scene, ViewLayer | Synchronizing object | win_W05_0bot
Fra:1 Mem:334.86M (Peak 334.86M) | Time:00:00.11 | Mem:0.00M, Peak:0.00M | Scene, ViewLayer | Synchronizing object | win_W05_0top
Fra:1 Mem:334.86M (Peak 334.86M) | Time:00:00.11 | Mem:0.00M, Peak:0.00M | Scene, ViewLayer | Synchronizing object | win_W05_0rgt
Fra:1 Mem:334.86M (Peak 334.86M) | Time:00:00.11 | Mem:0.00M, Peak:0.00M | Scene, ViewLayer | Synchronizing object | win_W05_0glass
Fra:1 Mem:334.86M (Peak 334.86M) | Time:00:00.11 | Mem:0.00M, Peak:0.00M | Scene, ViewLayer | Synchronizing object | win_W06_0bot
Fra:1 Mem:334.86M (Peak 334.86M) | Time:00:00.11 | Mem:0.00M, Peak:0.00M | Scene, ViewLayer | Synchronizing object | win_W06_0top
Fra:1 Mem:334.86M (Peak 334.86M) | Time:00:00.11 | Mem:0.00M, Peak:0.00M | Scene, ViewLayer | Synchronizing object | win_W06_0lft
Fra:1 Mem:334.87M (Peak 334.87M) | Time:00:00.11 | Mem:0.00M, Peak:0.00M | Scene, ViewLayer | Synchronizing object | win_W06_0rgt
Fra:1 Mem:334.87M (Peak 334.87M) | Time:00:00.11 | Mem:0.00M, Peak:0.00M | Scene, ViewLayer | Synchronizing object | win_W06_0mul1
Fra:1 Mem:334.87M (Peak 334.87M) | Time:00:00.11 | Mem:0.00M, Peak:0.00M | Scene, ViewLayer | Synchronizing object | win_W06_0glass
Fra:1 Mem:334.87M (Peak 334.87M) | Time:00:00.11 | Mem:0.00M, Peak:0.00M | Scene, ViewLayer | Synchronizing object | win_W10_0top
Fra:1 Mem:334.87M (Peak 334.87M) | Time:00:00.11 | Mem:0.00M, Peak:0.00M | Scene, ViewLayer | Synchronizing object | win_W10_0lft
Fra:1 Mem:334.87M (Peak 334.87M) | Time:00:00.11 | Mem:0.00M, Peak:0.00M | Scene, ViewLayer | Synchronizing object | win_W10_0glass
Fra:1 Mem:334.87M (Peak 334.87M) | Time:00:00.11 | Mem:0.00M, Peak:0.00M | Scene, ViewLayer | Synchronizing object | win_W18_0bot
Fra:1 Mem:334.87M (Peak 334.87M) | Time:00:00.11 | Mem:0.00M, Peak:0.00M | Scene, ViewLayer | Synchronizing object | win_W18_0lft
Fra:1 Mem:334.88M (Peak 334.88M) | Time:00:00.11 | Mem:0.00M, Peak:0.00M | Scene, ViewLayer | Synchronizing object | win_W18_0rgt
Fra:1 Mem:334.88M (Peak 334.88M) | Time:00:00.11 | Mem:0.00M, Peak:0.00M | Scene, ViewLayer | Synchronizing object | win_W18_0mul1
Fra:1 Mem:334.88M (Peak 334.88M) | Time:00:00.11 | Mem:0.00M, Peak:0.00M | Scene, ViewLayer | Synchronizing object | win_W18_0mul2
Fra:1 Mem:334.88M (Peak 334.88M) | Time:00:00.11 | Mem:0.00M, Peak:0.00M | Scene, ViewLayer | Synchronizing object | win_W18_0mul3
Fra:1 Mem:334.88M (Peak 334.88M) | Time:00:00.11 | Mem:0.00M, Peak:0.00M | Scene, ViewLayer | Synchronizing object | win_W23_0bot
Fra:1 Mem:334.89M (Peak 334.89M) | Time:00:00.11 | Mem:0.00M, Peak:0.00M | Scene, ViewLayer | Synchronizing object | win_W23_0lft
Fra:1 Mem:334.89M (Peak 334.89M) | Time:00:00.11 | Mem:0.00M, Peak:0.00M | Scene, ViewLayer | Synchronizing object | win_W23_0rgt
Fra:1 Mem:334.89M (Peak 334.89M) | Time:00:00.11 | Mem:0.00M, Peak:0.00M | Scene, ViewLayer | Synchronizing object | win_W23_0glass
Fra:1 Mem:334.89M (Peak 334.89M) | Time:00:00.11 | Mem:0.00M, Peak:0.00M | Scene, ViewLayer | Synchronizing object | door_W07_0jlfto
Fra:1 Mem:334.89M (Peak 334.89M) | Time:00:00.11 | Mem:0.00M, Peak:0.00M | Scene, ViewLayer | Synchronizing object | door_W07_0jlfti
Fra:1 Mem:334.89M (Peak 334.89M) | Time:00:00.11 | Mem:0.00M, Peak:0.00M | Scene, ViewLayer | Synchronizing object | door_W07_0jrgti
Fra:1 Mem:334.89M (Peak 334.89M) | Time:00:00.11 | Mem:0.00M, Peak:0.00M | Scene, ViewLayer | Synchronizing object | door_W07_0jtopo
Fra:1 Mem:334.89M (Peak 334.89M) | Time:00:00.11 | Mem:0.00M, Peak:0.00M | Scene, ViewLayer | Synchronizing object | door_W07_0jtopi
Fra:1 Mem:334.90M (Peak 334.90M) | Time:00:00.11 | Mem:0.00M, Peak:0.00M | Scene, ViewLayer | Synchronizing object | door_W07_0lin_l
Fra:1 Mem:334.90M (Peak 334.90M) | Time:00:00.11 | Mem:0.00M, Peak:0.00M | Scene, ViewLayer | Synchronizing object | door_W07_0lin_t
Fra:1 Mem:334.90M (Peak 334.90M) | Time:00:00.11 | Mem:0.00M, Peak:0.00M | Scene, ViewLayer | Synchronizing object | door_W07_0leaf
Fra:1 Mem:334.91M (Peak 334.91M) | Time:00:00.11 | Mem:0.00M, Peak:0.00M | Scene, ViewLayer | Synchronizing object | door_W07_0hdl
Fra:1 Mem:334.91M (Peak 334.91M) | Time:00:00.11 | Mem:0.00M, Peak:0.00M | Scene, ViewLayer | Synchronizing object | door_W08_0jlfto
Fra:1 Mem:334.91M (Peak 334.91M) | Time:00:00.11 | Mem:0.00M, Peak:0.00M | Scene, ViewLayer | Synchronizing object | door_W08_0jlfti
Fra:1 Mem:334.92M (Peak 334.92M) | Time:00:00.11 | Mem:0.00M, Peak:0.00M | Scene, ViewLayer | Synchronizing object | door_W08_0jrgto
Fra:1 Mem:334.92M (Peak 334.92M) | Time:00:00.11 | Mem:0.00M, Peak:0.00M | Scene, ViewLayer | Synchronizing object | door_W08_0jtopi
Fra:1 Mem:334.92M (Peak 334.92M) | Time:00:00.11 | Mem:0.00M, Peak:0.00M | Scene, ViewLayer | Synchronizing object | door_W08_0lin_l
Fra:1 Mem:334.92M (Peak 334.92M) | Time:00:00.11 | Mem:0.00M, Peak:0.00M | Scene, ViewLayer | Synchronizing object | door_W08_0lin_r
Fra:1 Mem:334.92M (Peak 334.92M) | Time:00:00.11 | Mem:0.00M, Peak:0.00M | Scene, ViewLayer | Synchronizing object | door_W08_0rgt
Fra:1 Mem:334.92M (Peak 334.92M) | Time:00:00.11 | Mem:0.00M, Peak:0.00M | Scene, ViewLayer | Synchronizing object | door_W13_0jrgto
Fra:1 Mem:334.92M (Peak 334.92M) | Time:00:00.11 | Mem:0.00M, Peak:0.00M | Scene, ViewLayer | Synchronizing object | door_W13_0jtopi
Fra:1 Mem:334.92M (Peak 334.92M) | Time:00:00.11 | Mem:0.00M, Peak:0.00M | Scene, ViewLayer | Synchronizing object | door_W13_0lin_l
Fra:1 Mem:334.92M (Peak 334.92M) | Time:00:00.11 | Mem:0.00M, Peak:0.00M | Scene, ViewLayer | Synchronizing object | door_W13_0lin_t
Fra:1 Mem:334.93M (Peak 334.93M) | Time:00:00.11 | Mem:0.00M, Peak:0.00M | Scene, ViewLayer | Synchronizing object | door_W13_0leaf
Fra:1 Mem:334.93M (Peak 334.93M) | Time:00:00.11 | Mem:0.00M, Peak:0.00M | Scene, ViewLayer | Synchronizing object | door_W13_0hdl
Fra:1 Mem:334.93M (Peak 334.93M) | Time:00:00.11 | Mem:0.00M, Peak:0.00M | Scene, ViewLayer | Synchronizing object | door_W14_0jlfti
Fra:1 Mem:334.93M (Peak 334.93M) | Time:00:00.11 | Mem:0.00M, Peak:0.00M | Scene, ViewLayer | Synchronizing object | door_W14_0jrgto
Fra:1 Mem:334.93M (Peak 334.93M) | Time:00:00.11 | Mem:0.00M, Peak:0.00M | Scene, ViewLayer | Synchronizing object | door_W14_0jrgti
Fra:1 Mem:334.93M (Peak 334.93M) | Time:00:00.11 | Mem:0.00M, Peak:0.00M | Scene, ViewLayer | Synchronizing object | door_W14_0jtopo
Fra:1 Mem:334.93M (Peak 334.93M) | Time:00:00.11 | Mem:0.00M, Peak:0.00M | Scene, ViewLayer | Synchronizing object | door_W14_0jtopi
Fra:1 Mem:334.93M (Peak 334.93M) | Time:00:00.11 | Mem:0.00M, Peak:0.00M | Scene, ViewLayer | Synchronizing object | door_W14_0lin_r
Fra:1 Mem:334.93M (Peak 334.93M) | Time:00:00.11 | Mem:0.00M, Peak:0.00M | Scene, ViewLayer | Synchronizing object | door_W14_0lin_t
Fra:1 Mem:334.93M (Peak 334.93M) | Time:00:00.11 | Mem:0.00M, Peak:0.00M | Scene, ViewLayer | Synchronizing object | door_W14_0leaf
Fra:1 Mem:334.93M (Peak 334.93M) | Time:00:00.11 | Mem:0.00M, Peak:0.00M | Scene, ViewLayer | Synchronizing object | door_W14_0hdl
Fra:1 Mem:334.94M (Peak 334.94M) | Time:00:00.11 | Mem:0.00M, Peak:0.00M | Scene, ViewLayer | Synchronizing object | door_W14_1jlfto
Fra:1 Mem:334.94M (Peak 334.94M) | Time:00:00.11 | Mem:0.00M, Peak:0.00M | Scene, ViewLayer | Synchronizing object | door_W14_1jlfti
Fra:1 Mem:334.94M (Peak 334.94M) | Time:00:00.11 | Mem:0.00M, Peak:0.00M | Scene, ViewLayer | Synchronizing object | door_W14_1jrgti
Fra:1 Mem:334.94M (Peak 334.94M) | Time:00:00.11 | Mem:0.00M, Peak:0.00M | Scene, ViewLayer | Synchronizing object | door_W14_1jtopo
Fra:1 Mem:334.94M (Peak 334.94M) | Time:00:00.11 | Mem:0.00M, Peak:0.00M | Scene, ViewLayer | Synchronizing object | door_W14_1jtopi
Fra:1 Mem:334.94M (Peak 334.94M) | Time:00:00.11 | Mem:0.00M, Peak:0.00M | Scene, ViewLayer | Synchronizing object | door_W14_1lin_t
Fra:1 Mem:334.94M (Peak 334.94M) | Time:00:00.11 | Mem:0.00M, Peak:0.00M | Scene, ViewLayer | Synchronizing object | door_W14_1lft
Fra:1 Mem:334.95M (Peak 334.95M) | Time:00:00.11 | Mem:0.00M, Peak:0.00M | Scene, ViewLayer | Synchronizing object | door_W14_1top
Fra:1 Mem:334.95M (Peak 334.95M) | Time:00:00.11 | Mem:0.00M, Peak:0.00M | Scene, ViewLayer | Synchronizing object | door_W14_1bot
Fra:1 Mem:334.95M (Peak 334.95M) | Time:00:00.11 | Mem:0.00M, Peak:0.00M | Scene, ViewLayer | Synchronizing object | door_W14_1hdl
Fra:1 Mem:334.95M (Peak 334.95M) | Time:00:00.11 | Mem:0.00M, Peak:0.00M | Scene, ViewLayer | Synchronizing object | door_W15_0jlfto
Fra:1 Mem:334.95M (Peak 334.95M) | Time:00:00.11 | Mem:0.00M, Peak:0.00M | Scene, ViewLayer | Synchronizing object | door_W15_0jrgti
Fra:1 Mem:334.95M (Peak 334.95M) | Time:00:00.11 | Mem:0.00M, Peak:0.00M | Scene, ViewLayer | Synchronizing object | door_W15_0jtopo
Fra:1 Mem:334.95M (Peak 334.95M) | Time:00:00.11 | Mem:0.00M, Peak:0.00M | Scene, ViewLayer | Synchronizing object | door_W15_0lin_l
Fra:1 Mem:334.95M (Peak 334.95M) | Time:00:00.11 | Mem:0.00M, Peak:0.00M | Scene, ViewLayer | Synchronizing object | door_W15_0lin_r
Fra:1 Mem:334.95M (Peak 334.95M) | Time:00:00.11 | Mem:0.00M, Peak:0.00M | Scene, ViewLayer | Synchronizing object | door_W15_0lin_t
Fra:1 Mem:334.95M (Peak 334.95M) | Time:00:00.11 | Mem:0.00M, Peak:0.00M | Scene, ViewLayer | Synchronizing object | door_W15_0_top
Fra:1 Mem:334.96M (Peak 334.96M) | Time:00:00.11 | Mem:0.00M, Peak:0.00M | Scene, ViewLayer | Synchronizing object | door_W15_0_lft
Fra:1 Mem:334.96M (Peak 334.96M) | Time:00:00.11 | Mem:0.00M, Peak:0.00M | Scene, ViewLayer | Synchronizing object | door_W15_0_glass
Fra:1 Mem:334.96M (Peak 334.96M) | Time:00:00.11 | Mem:0.00M, Peak:0.00M | Scene, ViewLayer | Synchronizing object | door_W15_1_bot
Fra:1 Mem:334.96M (Peak 334.96M) | Time:00:00.11 | Mem:0.00M, Peak:0.00M | Scene, ViewLayer | Synchronizing object | door_W15_1_top
Fra:1 Mem:334.96M (Peak 334.96M) | Time:00:00.11 | Mem:0.00M, Peak:0.00M | Scene, ViewLayer | Synchronizing object | door_W15_1_lft
Fra:1 Mem:334.96M (Peak 334.96M) | Time:00:00.11 | Mem:0.00M, Peak:0.00M | Scene, ViewLayer | Synchronizing object | door_W15_1_glass
Fra:1 Mem:334.96M (Peak 334.96M) | Time:00:00.11 | Mem:0.00M, Peak:0.00M | Scene, ViewLayer | Synchronizing object | door_W17_0jlfto
Fra:1 Mem:334.96M (Peak 334.96M) | Time:00:00.11 | Mem:0.00M, Peak:0.00M | Scene, ViewLayer | Synchronizing object | door_W17_0jlfti
Fra:1 Mem:334.96M (Peak 334.96M) | Time:00:00.11 | Mem:0.00M, Peak:0.00M | Scene, ViewLayer | Synchronizing object | door_W17_0jrgto
Fra:1 Mem:334.97M (Peak 334.97M) | Time:00:00.11 | Mem:0.00M, Peak:0.00M | Scene, ViewLayer | Synchronizing object | door_W17_0jrgti
Fra:1 Mem:334.97M (Peak 334.97M) | Time:00:00.11 | Mem:0.00M, Peak:0.00M | Scene, ViewLayer | Synchronizing object | door_W17_0jtopi
Fra:1 Mem:334.97M (Peak 334.97M) | Time:00:00.11 | Mem:0.00M, Peak:0.00M | Scene, ViewLayer | Synchronizing object | door_W17_0lin_l
Fra:1 Mem:334.97M (Peak 334.97M) | Time:00:00.11 | Mem:0.00M, Peak:0.00M | Scene, ViewLayer | Synchronizing object | door_W17_0lin_r
Fra:1 Mem:334.97M (Peak 334.97M) | Time:00:00.11 | Mem:0.00M, Peak:0.00M | Scene, ViewLayer | Synchronizing object | door_W17_0lin_t
Fra:1 Mem:334.97M (Peak 334.97M) | Time:00:00.11 | Mem:0.00M, Peak:0.00M | Scene, ViewLayer | Synchronizing object | door_W17_0_top
Fra:1 Mem:334.97M (Peak 334.97M) | Time:00:00.11 | Mem:0.00M, Peak:0.00M | Scene, ViewLayer | Synchronizing object | door_W17_0_lft
Fra:1 Mem:334.97M (Peak 334.97M) | Time:00:00.11 | Mem:0.00M, Peak:0.00M | Scene, ViewLayer | Synchronizing object | door_W17_0_glass
Fra:1 Mem:334.98M (Peak 334.98M) | Time:00:00.11 | Mem:0.00M, Peak:0.00M | Scene, ViewLayer | Synchronizing object | door_W17_1_bot
Fra:1 Mem:334.98M (Peak 334.98M) | Time:00:00.11 | Mem:0.00M, Peak:0.00M | Scene, ViewLayer | Synchronizing object | door_W17_1_top
Fra:1 Mem:334.98M (Peak 334.98M) | Time:00:00.11 | Mem:0.00M, Peak:0.00M | Scene, ViewLayer | Synchronizing object | door_W17_1_lft
Fra:1 Mem:334.98M (Peak 334.98M) | Time:00:00.11 | Mem:0.00M, Peak:0.00M | Scene, ViewLayer | Synchronizing object | door_W17_1_rgt
Fra:1 Mem:334.98M (Peak 334.98M) | Time:00:00.12 | Mem:0.00M, Peak:0.00M | Scene, ViewLayer | Synchronizing object | door_W17_1_glass
Fra:1 Mem:334.98M (Peak 334.98M) | Time:00:00.12 | Mem:0.00M, Peak:0.00M | Scene, ViewLayer | Synchronizing object | door_W17_2_bot
Fra:1 Mem:334.98M (Peak 334.98M) | Time:00:00.12 | Mem:0.00M, Peak:0.00M | Scene, ViewLayer | Synchronizing object | door_W17_2_top
Fra:1 Mem:334.98M (Peak 334.98M) | Time:00:00.12 | Mem:0.00M, Peak:0.00M | Scene, ViewLayer | Synchronizing object | door_W17_2_lft
Fra:1 Mem:334.99M (Peak 334.99M) | Time:00:00.12 | Mem:0.00M, Peak:0.00M | Scene, ViewLayer | Synchronizing object | door_W17_2_rgt
Fra:1 Mem:334.99M (Peak 334.99M) | Time:00:00.12 | Mem:0.00M, Peak:0.00M | Scene, ViewLayer | Synchronizing object | door_W19_0jlfto
Fra:1 Mem:334.99M (Peak 334.99M) | Time:00:00.12 | Mem:0.00M, Peak:0.00M | Scene, ViewLayer | Synchronizing object | door_W19_0jlfti
Fra:1 Mem:334.99M (Peak 334.99M) | Time:00:00.12 | Mem:0.00M, Peak:0.00M | Scene, ViewLayer | Synchronizing object | door_W19_0jrgto
Fra:1 Mem:334.99M (Peak 334.99M) | Time:00:00.12 | Mem:0.00M, Peak:0.00M | Scene, ViewLayer | Synchronizing object | door_W19_0jtopo
Fra:1 Mem:334.99M (Peak 334.99M) | Time:00:00.12 | Mem:0.00M, Peak:0.00M | Scene, ViewLayer | Synchronizing object | door_W19_0jtopi
Fra:1 Mem:342.75M (Peak 342.75M) | Time:00:00.12 | Mem:0.00M, Peak:0.00M | Scene, ViewLayer | Synchronizing object | door_W19_0lin_t
Fra:1 Mem:342.76M (Peak 342.76M) | Time:00:00.12 | Mem:0.00M, Peak:0.00M | Scene, ViewLayer | Synchronizing object | door_W19_0leaf
Fra:1 Mem:342.77M (Peak 342.77M) | Time:00:00.12 | Mem:0.00M, Peak:0.00M | Scene, ViewLayer | Synchronizing object | door_W19_0hdl
Fra:1 Mem:342.77M (Peak 342.77M) | Time:00:00.12 | Mem:0.00M, Peak:0.00M | Scene, ViewLayer | Synchronizing object | door_W27_0jlfto
Fra:1 Mem:342.77M (Peak 342.77M) | Time:00:00.12 | Mem:0.00M, Peak:0.00M | Scene, ViewLayer | Synchronizing object | door_W27_0jlfti
Fra:1 Mem:342.77M (Peak 342.77M) | Time:00:00.12 | Mem:0.00M, Peak:0.00M | Scene, ViewLayer | Synchronizing object | door_W27_0leaf
Fra:1 Mem:342.77M (Peak 342.77M) | Time:00:00.12 | Mem:0.00M, Peak:0.00M | Scene, ViewLayer | Synchronizing object | rail_ter_S_p2
Fra:1 Mem:342.77M (Peak 342.77M) | Time:00:00.12 | Mem:0.00M, Peak:0.00M | Scene, ViewLayer | Synchronizing object | rail_ter_S_p3
Fra:1 Mem:342.77M (Peak 342.77M) | Time:00:00.12 | Mem:0.00M, Peak:0.00M | Scene, ViewLayer | Synchronizing object | rail_ter_S_top
Fra:1 Mem:342.77M (Peak 342.77M) | Time:00:00.12 | Mem:0.00M, Peak:0.00M | Scene, ViewLayer | Synchronizing object | rail_ter_S_glass
Fra:1 Mem:342.78M (Peak 342.78M) | Time:00:00.12 | Mem:0.00M, Peak:0.00M | Scene, ViewLayer | Synchronizing object | rail_ter_E_p0
Fra:1 Mem:357.64M (Peak 357.64M) | Time:00:00.12 | Mem:0.00M, Peak:0.00M | Scene, ViewLayer | Synchronizing object | rail_ter_E_p1
Fra:1 Mem:357.64M (Peak 357.64M) | Time:00:00.12 | Mem:0.00M, Peak:0.00M | Scene, ViewLayer | Synchronizing object | rail_ter_E_p2
Fra:1 Mem:357.64M (Peak 357.64M) | Time:00:00.12 | Mem:0.00M, Peak:0.00M | Scene, ViewLayer | Synchronizing object | rail_ter_E_top
Fra:1 Mem:357.64M (Peak 357.64M) | Time:00:00.12 | Mem:0.00M, Peak:0.00M | Scene, ViewLayer | Synchronizing object | rail_ter_E_glass
Fra:1 Mem:357.65M (Peak 357.65M) | Time:00:00.12 | Mem:0.00M, Peak:0.00M | Scene, ViewLayer | Synchronizing object | rail_ter_W_p0
Fra:1 Mem:357.65M (Peak 357.65M) | Time:00:00.12 | Mem:0.00M, Peak:0.00M | Scene, ViewLayer | Synchronizing object | common_kitchen_dishwasher_01_top_L
Fra:1 Mem:357.65M (Peak 357.65M) | Time:00:00.12 | Mem:0.00M, Peak:0.00M | Scene, ViewLayer | Synchronizing object | common_kitchen_dishwasher_01_drw_gapbg
Fra:1 Mem:357.66M (Peak 357.66M) | Time:00:00.12 | Mem:0.00M, Peak:0.00M | Scene, ViewLayer | Synchronizing object | common_kitchen_dishwasher_01_drw_f0
Fra:1 Mem:357.66M (Peak 357.66M) | Time:00:00.12 | Mem:0.00M, Peak:0.00M | Scene, ViewLayer | Synchronizing object | common_kitchen_dishwasher_01_drw_p0
Fra:1 Mem:357.67M (Peak 357.67M) | Time:00:00.12 | Mem:0.00M, Peak:0.00M | Scene, ViewLayer | Synchronizing object | common_kitchen_dishwasher_01_drw_p2
Fra:1 Mem:357.67M (Peak 357.67M) | Time:00:00.12 | Mem:0.00M, Peak:0.00M | Scene, ViewLayer | Synchronizing object | common_kitchen_dishwasher_01_drw_f3
Fra:1 Mem:354.16M (Peak 357.67M) | Time:00:00.12 | Mem:0.00M, Peak:0.00M | Scene, ViewLayer | Synchronizing object | common_kitchen_dishwasher_01_drw_p3
Fra:1 Mem:356.37M (Peak 357.67M) | Time:00:00.12 | Mem:0.00M, Peak:0.00M | Scene, ViewLayer | Synchronizing object | common_kitchen_sink_01_basin
Fra:1 Mem:356.37M (Peak 357.67M) | Time:00:00.12 | Mem:0.00M, Peak:0.00M | Scene, ViewLayer | Synchronizing object | common_kitchen_sink_01_cav
Fra:1 Mem:356.37M (Peak 357.67M) | Time:00:00.12 | Mem:0.00M, Peak:0.00M | Scene, ViewLayer | Synchronizing object | common_kitchen_sink_01_tap
Fra:1 Mem:356.39M (Peak 357.67M) | Time:00:00.12 | Mem:0.00M, Peak:0.00M | Scene, ViewLayer | Synchronizing object | common_kitchen_sink_01_taparm
Fra:1 Mem:356.39M (Peak 357.67M) | Time:00:00.12 | Mem:0.00M, Peak:0.00M | Scene, ViewLayer | Synchronizing object | common_kitchen_dishwasher_02_panel
Fra:1 Mem:356.39M (Peak 357.67M) | Time:00:00.12 | Mem:0.00M, Peak:0.00M | Scene, ViewLayer | Synchronizing object | common_kitchen_dishwasher_02_pull
Fra:1 Mem:356.39M (Peak 357.67M) | Time:00:00.12 | Mem:0.00M, Peak:0.00M | Scene, ViewLayer | Synchronizing object | common_kitchen_kitchen_counter_01_body
Fra:1 Mem:356.39M (Peak 357.67M) | Time:00:00.12 | Mem:0.00M, Peak:0.00M | Scene, ViewLayer | Synchronizing object | common_kitchen_kitchen_counter_01_kick
Fra:1 Mem:356.40M (Peak 357.67M) | Time:00:00.12 | Mem:0.00M, Peak:0.00M | Scene, ViewLayer | Synchronizing object | common_kitchen_kitchen_counter_01_drwS_gapbg
Fra:1 Mem:356.40M (Peak 357.67M) | Time:00:00.12 | Mem:0.00M, Peak:0.00M | Scene, ViewLayer | Synchronizing object | common_kitchen_kitchen_counter_01_drwS_f0
Fra:1 Mem:356.40M (Peak 357.67M) | Time:00:00.12 | Mem:0.00M, Peak:0.00M | Scene, ViewLayer | Synchronizing object | common_kitchen_kitchen_counter_01_drwS_p0
Fra:1 Mem:356.41M (Peak 357.67M) | Time:00:00.12 | Mem:0.00M, Peak:0.00M | Scene, ViewLayer | Synchronizing object | common_kitchen_kitchen_counter_01_drwH_gapbg
Fra:1 Mem:356.41M (Peak 357.67M) | Time:00:00.12 | Mem:0.00M, Peak:0.00M | Scene, ViewLayer | Synchronizing object | common_kitchen_kitchen_counter_01_drwH_d0
Fra:1 Mem:356.42M (Peak 357.67M) | Time:00:00.12 | Mem:0.00M, Peak:0.00M | Scene, ViewLayer | Synchronizing object | common_kitchen_kitchen_counter_01_drwH_slot0
Fra:1 Mem:356.42M (Peak 357.67M) | Time:00:00.12 | Mem:0.00M, Peak:0.00M | Scene, ViewLayer | Synchronizing object | common_kitchen_kitchen_counter_01_drwH_d1
Fra:1 Mem:356.42M (Peak 357.67M) | Time:00:00.12 | Mem:0.00M, Peak:0.00M | Scene, ViewLayer | Synchronizing object | common_kitchen_kitchen_counter_01_drwH_d2
Fra:1 Mem:356.43M (Peak 357.67M) | Time:00:00.12 | Mem:0.00M, Peak:0.00M | Scene, ViewLayer | Synchronizing object | common_kitchen_kitchen_counter_01_drwN_gapbg
Fra:1 Mem:356.44M (Peak 357.67M) | Time:00:00.12 | Mem:0.00M, Peak:0.00M | Scene, ViewLayer | Synchronizing object | common_kitchen_kitchen_counter_01_drwN_p0
Fra:1 Mem:356.46M (Peak 357.67M) | Time:00:00.12 | Mem:0.00M, Peak:0.00M | Scene, ViewLayer | Synchronizing object | common_kitchen_kitchen_counter_01_drwN_f1
Fra:1 Mem:356.47M (Peak 357.67M) | Time:00:00.12 | Mem:0.00M, Peak:0.00M | Scene, ViewLayer | Synchronizing object | common_kitchen_kitchen_counter_01_drwN_p1
Fra:1 Mem:356.51M (Peak 357.67M) | Time:00:00.12 | Mem:0.00M, Peak:0.00M | Scene, ViewLayer | Synchronizing object | common_kitchen_hob_01_glass
Fra:1 Mem:356.52M (Peak 357.67M) | Time:00:00.12 | Mem:0.00M, Peak:0.00M | Scene, ViewLayer | Synchronizing object | common_kitchen_hob_01_burner0
Fra:1 Mem:356.53M (Peak 357.67M) | Time:00:00.12 | Mem:0.00M, Peak:0.00M | Scene, ViewLayer | Synchronizing object | common_kitchen_hob_01_burner1
Fra:1 Mem:356.53M (Peak 357.67M) | Time:00:00.12 | Mem:0.00M, Peak:0.00M | Scene, ViewLayer | Synchronizing object | common_kitchen_range_hood_01_topbox
Fra:1 Mem:356.53M (Peak 357.67M) | Time:00:00.12 | Mem:0.00M, Peak:0.00M | Scene, ViewLayer | Synchronizing object | common_kitchen_range_hood_01_slant
Fra:1 Mem:356.53M (Peak 357.67M) | Time:00:00.12 | Mem:0.00M, Peak:0.00M | Scene, ViewLayer | Synchronizing object | common_kitchen_cabinet_01_body
Fra:1 Mem:356.53M (Peak 357.67M) | Time:00:00.12 | Mem:0.00M, Peak:0.00M | Scene, ViewLayer | Synchronizing object | common_kitchen_cabinet_01_door_f0b
Fra:1 Mem:356.53M (Peak 357.67M) | Time:00:00.12 | Mem:0.00M, Peak:0.00M | Scene, ViewLayer | Synchronizing object | common_kitchen_cabinet_01_door_f1r
Fra:1 Mem:356.54M (Peak 357.67M) | Time:00:00.12 | Mem:0.00M, Peak:0.00M | Scene, ViewLayer | Synchronizing object | common_kitchen_cabinet_01_door_f1c
Fra:1 Mem:356.54M (Peak 357.67M) | Time:00:00.12 | Mem:0.00M, Peak:0.00M | Scene, ViewLayer | Synchronizing object | common_kitchen_cabinet_01_door_f2l
Fra:1 Mem:356.55M (Peak 357.67M) | Time:00:00.12 | Mem:0.00M, Peak:0.00M | Scene, ViewLayer | Synchronizing object | common_kitchen_cabinet_01_door_f2r
Fra:1 Mem:356.55M (Peak 357.67M) | Time:00:00.12 | Mem:0.00M, Peak:0.00M | Scene, ViewLayer | Synchronizing object | common_kitchen_cabinet_01_door_f2b
Fra:1 Mem:356.56M (Peak 357.67M) | Time:00:00.12 | Mem:0.00M, Peak:0.00M | Scene, ViewLayer | Synchronizing object | common_kitchen_cabinet_01_door_f2t
Fra:1 Mem:356.56M (Peak 357.67M) | Time:00:00.12 | Mem:0.00M, Peak:0.00M | Scene, ViewLayer | Synchronizing object | common_kitchen_cabinet_01_door_f2c
Fra:1 Mem:356.57M (Peak 357.67M) | Time:00:00.12 | Mem:0.00M, Peak:0.00M | Scene, ViewLayer | Synchronizing object | common_kitchen_cabinet_02_body
Fra:1 Mem:356.58M (Peak 357.67M) | Time:00:00.12 | Mem:0.00M, Peak:0.00M | Scene, ViewLayer | Synchronizing object | common_kitchen_cabinet_02_doorLo_gapbg
Fra:1 Mem:356.58M (Peak 357.67M) | Time:00:00.12 | Mem:0.00M, Peak:0.00M | Scene, ViewLayer | Synchronizing object | common_kitchen_cabinet_02_doorLo_f0l
Fra:1 Mem:356.59M (Peak 357.67M) | Time:00:00.12 | Mem:0.00M, Peak:0.00M | Scene, ViewLayer | Synchronizing object | common_kitchen_cabinet_02_doorLo_f0r
Fra:1 Mem:356.59M (Peak 357.67M) | Time:00:00.12 | Mem:0.00M, Peak:0.00M | Scene, ViewLayer | Synchronizing object | common_kitchen_cabinet_02_doorLo_f0b
Fra:1 Mem:356.59M (Peak 357.67M) | Time:00:00.12 | Mem:0.00M, Peak:0.00M | Scene, ViewLayer | Synchronizing object | common_kitchen_cabinet_02_doorLo_f0t
Fra:1 Mem:356.60M (Peak 357.67M) | Time:00:00.12 | Mem:0.00M, Peak:0.00M | Scene, ViewLayer | Synchronizing object | common_kitchen_cabinet_02_doorLo_f0c
Fra:1 Mem:356.61M (Peak 357.67M) | Time:00:00.12 | Mem:0.00M, Peak:0.00M | Scene, ViewLayer | Synchronizing object | common_kitchen_cabinet_02_doorLo_p0
Fra:1 Mem:356.62M (Peak 357.67M) | Time:00:00.12 | Mem:0.00M, Peak:0.00M | Scene, ViewLayer | Synchronizing object | common_kitchen_cabinet_02_doorLo_f1r
Fra:1 Mem:363.66M (Peak 363.66M) | Time:00:00.12 | Mem:0.00M, Peak:0.00M | Scene, ViewLayer | Synchronizing object | common_kitchen_cabinet_02_doorLo_f1t
Fra:1 Mem:363.68M (Peak 363.68M) | Time:00:00.12 | Mem:0.00M, Peak:0.00M | Scene, ViewLayer | Synchronizing object | common_kitchen_cabinet_02_doorLo_f1c
Fra:1 Mem:363.68M (Peak 363.68M) | Time:00:00.12 | Mem:0.00M, Peak:0.00M | Scene, ViewLayer | Synchronizing object | common_kitchen_cabinet_02_doorLo_p1
Fra:1 Mem:363.68M (Peak 363.68M) | Time:00:00.12 | Mem:0.00M, Peak:0.00M | Scene, ViewLayer | Synchronizing object | common_kitchen_cabinet_02_doorLo_f2l
Fra:1 Mem:363.69M (Peak 363.69M) | Time:00:00.12 | Mem:0.00M, Peak:0.00M | Scene, ViewLayer | Synchronizing object | common_kitchen_cabinet_02_doorLo_f2r
Fra:1 Mem:363.70M (Peak 363.70M) | Time:00:00.12 | Mem:0.00M, Peak:0.00M | Scene, ViewLayer | Synchronizing object | common_kitchen_cabinet_02_doorLo_f2b
Fra:1 Mem:363.70M (Peak 363.70M) | Time:00:00.12 | Mem:0.00M, Peak:0.00M | Scene, ViewLayer | Synchronizing object | common_kitchen_cabinet_02_doorLo_f2c
Fra:1 Mem:363.71M (Peak 363.71M) | Time:00:00.12 | Mem:0.00M, Peak:0.00M | Scene, ViewLayer | Synchronizing object | common_kitchen_cabinet_02_doorLo_f3l
Fra:1 Mem:363.72M (Peak 363.72M) | Time:00:00.12 | Mem:0.00M, Peak:0.00M | Scene, ViewLayer | Synchronizing object | common_kitchen_cabinet_02_doorLo_f3r
Fra:1 Mem:363.74M (Peak 363.74M) | Time:00:00.12 | Mem:0.00M, Peak:0.00M | Scene, ViewLayer | Synchronizing object | common_kitchen_cabinet_02_doorLo_f3b
Fra:1 Mem:363.74M (Peak 363.74M) | Time:00:00.12 | Mem:0.00M, Peak:0.00M | Scene, ViewLayer | Synchronizing object | common_kitchen_cabinet_02_doorLo_f3c
Fra:1 Mem:363.77M (Peak 363.77M) | Time:00:00.12 | Mem:0.00M, Peak:0.00M | Scene, ViewLayer | Synchronizing object | common_kitchen_cabinet_02_doorLo_p3
Fra:1 Mem:363.77M (Peak 363.77M) | Time:00:00.12 | Mem:0.00M, Peak:0.00M | Scene, ViewLayer | Synchronizing object | common_kitchen_cabinet_02_doorHi_gapbg
Fra:1 Mem:363.78M (Peak 363.78M) | Time:00:00.12 | Mem:0.00M, Peak:0.00M | Scene, ViewLayer | Synchronizing object | common_kitchen_cabinet_02_doorHi_f0r
Fra:1 Mem:378.64M (Peak 378.64M) | Time:00:00.12 | Mem:0.00M, Peak:0.00M | Scene, ViewLayer | Synchronizing object | common_kitchen_cabinet_02_doorHi_f0c
Fra:1 Mem:378.66M (Peak 378.66M) | Time:00:00.12 | Mem:0.00M, Peak:0.00M | Scene, ViewLayer | Synchronizing object | common_kitchen_cabinet_02_doorHi_f1l
Fra:1 Mem:378.68M (Peak 378.68M) | Time:00:00.12 | Mem:0.00M, Peak:0.00M | Scene, ViewLayer | Synchronizing object | common_kitchen_cabinet_02_doorHi_f1r
Fra:1 Mem:378.69M (Peak 378.69M) | Time:00:00.12 | Mem:0.00M, Peak:0.00M | Scene, ViewLayer | Synchronizing object | common_kitchen_cabinet_02_doorHi_f1t
Fra:1 Mem:380.91M (Peak 380.91M) | Time:00:00.12 | Mem:0.00M, Peak:0.00M | Scene, ViewLayer | Synchronizing object | common_kitchen_cabinet_02_doorHi_f2l
Fra:1 Mem:380.95M (Peak 380.95M) | Time:00:00.12 | Mem:0.00M, Peak:0.00M | Scene, ViewLayer | Synchronizing object | common_kitchen_cabinet_02_doorHi_f2r
Fra:1 Mem:380.97M (Peak 380.97M) | Time:00:00.12 | Mem:0.00M, Peak:0.00M | Scene, ViewLayer | Synchronizing object | common_kitchen_cabinet_02_doorHi_f2b
Fra:1 Mem:381.03M (Peak 381.03M) | Time:00:00.12 | Mem:0.00M, Peak:0.00M | Scene, ViewLayer | Synchronizing object | common_kitchen_cabinet_02_doorHi_f2t
Fra:1 Mem:381.06M (Peak 381.06M) | Time:00:00.12 | Mem:0.00M, Peak:0.00M | Scene, ViewLayer | Synchronizing object | common_kitchen_cabinet_02_doorHi_f2c
Fra:1 Mem:381.07M (Peak 381.07M) | Time:00:00.12 | Mem:0.00M, Peak:0.00M | Scene, ViewLayer | Synchronizing object | common_kitchen_cabinet_02_doorHi_p2
Fra:1 Mem:381.07M (Peak 381.07M) | Time:00:00.12 | Mem:0.00M, Peak:0.00M | Scene, ViewLayer | Synchronizing object | common_kitchen_cabinet_02_doorHi_f3l
Fra:1 Mem:381.07M (Peak 381.07M) | Time:00:00.12 | Mem:0.00M, Peak:0.00M | Scene, ViewLayer | Synchronizing object | common_kitchen_cabinet_02_doorHi_f3b
Fra:1 Mem:381.08M (Peak 381.08M) | Time:00:00.12 | Mem:0.00M, Peak:0.00M | Scene, ViewLayer | Synchronizing object | common_kitchen_cabinet_02_doorHi_f3t
Fra:1 Mem:381.09M (Peak 381.09M) | Time:00:00.12 | Mem:0.00M, Peak:0.00M | Scene, ViewLayer | Synchronizing object | common_kitchen_glass_sliding_door_01_stT
Fra:1 Mem:381.10M (Peak 381.10M) | Time:00:00.12 | Mem:0.00M, Peak:0.00M | Scene, ViewLayer | Synchronizing object | common_living_dining_balcony_glass_sliding_door_02_glass
Fra:1 Mem:381.10M (Peak 381.10M) | Time:00:00.12 | Mem:0.00M, Peak:0.00M | Scene, ViewLayer | Synchronizing object | common_living_dining_balcony_glass_sliding_door_02_stT
Fra:1 Mem:381.10M (Peak 381.10M) | Time:00:00.12 | Mem:0.00M, Peak:0.00M | Scene, ViewLayer | Synchronizing object | common_living_dining_balcony_glass_sliding_door_02_stB
Fra:1 Mem:381.11M (Peak 381.11M) | Time:00:00.12 | Mem:0.00M, Peak:0.00M | Scene, ViewLayer | Synchronizing object | common_kitchen_glass_sliding_door_02_glass
Fra:1 Mem:381.14M (Peak 381.14M) | Time:00:00.12 | Mem:0.00M, Peak:0.00M | Scene, ViewLayer | Synchronizing object | common_kitchen_glass_sliding_door_02_stL
Fra:1 Mem:381.14M (Peak 381.14M) | Time:00:00.12 | Mem:0.00M, Peak:0.00M | Scene, ViewLayer | Synchronizing object | common_kitchen_glass_sliding_door_02_stR
Fra:1 Mem:381.14M (Peak 381.14M) | Time:00:00.12 | Mem:0.00M, Peak:0.00M | Scene, ViewLayer | Synchronizing object | common_living_dining_balcony_fridge_01_body
Fra:1 Mem:381.14M (Peak 381.14M) | Time:00:00.12 | Mem:0.00M, Peak:0.00M | Scene, ViewLayer | Synchronizing object | common_living_dining_balcony_fridge_01_seamV
Fra:1 Mem:381.14M (Peak 381.14M) | Time:00:00.12 | Mem:0.00M, Peak:0.00M | Scene, ViewLayer | Synchronizing object | common_living_dining_balcony_fridge_01_pullL
Fra:1 Mem:381.15M (Peak 381.15M) | Time:00:00.12 | Mem:0.00M, Peak:0.00M | Scene, ViewLayer | Synchronizing object | common_living_dining_balcony_fridge_01_pullU
Fra:1 Mem:381.15M (Peak 381.15M) | Time:00:00.12 | Mem:0.00M, Peak:0.00M | Scene, ViewLayer | Synchronizing object | common_living_dining_balcony_cabinet_01_door_f0t
Fra:1 Mem:381.16M (Peak 381.16M) | Time:00:00.12 | Mem:0.00M, Peak:0.00M | Scene, ViewLayer | Synchronizing object | common_living_dining_balcony_cabinet_01_door_f0c
Fra:1 Mem:381.16M (Peak 381.16M) | Time:00:00.12 | Mem:0.00M, Peak:0.00M | Scene, ViewLayer | Synchronizing object | common_living_dining_balcony_cabinet_01_door_p0
Fra:1 Mem:381.16M (Peak 381.16M) | Time:00:00.12 | Mem:0.00M, Peak:0.00M | Scene, ViewLayer | Synchronizing object | common_living_dining_balcony_cabinet_01_door_f1r
Fra:1 Mem:381.16M (Peak 381.16M) | Time:00:00.12 | Mem:0.00M, Peak:0.00M | Scene, ViewLayer | Synchronizing object | common_living_dining_balcony_cabinet_01_door_f1b
Fra:1 Mem:383.20M (Peak 383.20M) | Time:00:00.12 | Mem:0.00M, Peak:0.00M | Scene, ViewLayer | Synchronizing object | common_living_dining_balcony_cabinet_01_door_f1t
Fra:1 Mem:383.22M (Peak 383.22M) | Time:00:00.12 | Mem:0.00M, Peak:0.00M | Scene, ViewLayer | Synchronizing object | common_living_dining_balcony_cabinet_01_door_f1c
Fra:1 Mem:383.22M (Peak 383.22M) | Time:00:00.12 | Mem:0.00M, Peak:0.00M | Scene, ViewLayer | Synchronizing object | common_foyer_cabinet_01_body
Fra:1 Mem:383.23M (Peak 383.23M) | Time:00:00.12 | Mem:0.00M, Peak:0.00M | Scene, ViewLayer | Synchronizing object | common_foyer_cabinet_01_door_f0r
Fra:1 Mem:383.23M (Peak 383.23M) | Time:00:00.12 | Mem:0.00M, Peak:0.00M | Scene, ViewLayer | Synchronizing object | common_foyer_cabinet_01_door_f0b
Fra:1 Mem:383.24M (Peak 383.24M) | Time:00:00.12 | Mem:0.00M, Peak:0.00M | Scene, ViewLayer | Synchronizing object | common_foyer_cabinet_01_door_f0t
Fra:1 Mem:383.24M (Peak 383.24M) | Time:00:00.12 | Mem:0.00M, Peak:0.00M | Scene, ViewLayer | Synchronizing object | common_foyer_cabinet_01_door_f0c
Fra:1 Mem:383.26M (Peak 383.26M) | Time:00:00.12 | Mem:0.00M, Peak:0.00M | Scene, ViewLayer | Synchronizing object | common_foyer_cabinet_01_door_p0
Fra:1 Mem:383.26M (Peak 383.26M) | Time:00:00.12 | Mem:0.00M, Peak:0.00M | Scene, ViewLayer | Synchronizing object | common_foyer_cabinet_01_door_f1r
Fra:1 Mem:384.84M (Peak 384.84M) | Time:00:00.12 | Mem:0.00M, Peak:0.00M | Scene, ViewLayer | Synchronizing object | common_foyer_cabinet_01_door_f1b
Fra:1 Mem:384.89M (Peak 384.89M) | Time:00:00.12 | Mem:0.00M, Peak:0.00M | Scene, ViewLayer | Synchronizing object | common_foyer_cabinet_01_door_f1c
Fra:1 Mem:384.89M (Peak 384.89M) | Time:00:00.12 | Mem:0.00M, Peak:0.00M | Scene, ViewLayer | Synchronizing object | common_foyer_cabinet_01_door_f2l
Fra:1 Mem:384.90M (Peak 384.90M) | Time:00:00.12 | Mem:0.00M, Peak:0.00M | Scene, ViewLayer | Synchronizing object | common_foyer_cabinet_01_door_f2r
Fra:1 Mem:384.92M (Peak 384.92M) | Time:00:00.12 | Mem:0.00M, Peak:0.00M | Scene, ViewLayer | Synchronizing object | common_foyer_cabinet_01_door_f2c
Fra:1 Mem:384.93M (Peak 384.93M) | Time:00:00.12 | Mem:0.00M, Peak:0.00M | Scene, ViewLayer | Synchronizing object | common_foyer_cabinet_02_door_gapbg
Fra:1 Mem:384.94M (Peak 384.94M) | Time:00:00.12 | Mem:0.00M, Peak:0.00M | Scene, ViewLayer | Synchronizing object | common_foyer_cabinet_02_door_f0r
Fra:1 Mem:384.94M (Peak 384.94M) | Time:00:00.12 | Mem:0.00M, Peak:0.00M | Scene, ViewLayer | Synchronizing object | common_foyer_cabinet_02_door_f0b
Fra:1 Mem:384.94M (Peak 384.94M) | Time:00:00.12 | Mem:0.00M, Peak:0.00M | Scene, ViewLayer | Synchronizing object | common_foyer_cabinet_02_door_f0c
Fra:1 Mem:384.96M (Peak 384.96M) | Time:00:00.12 | Mem:0.00M, Peak:0.00M | Scene, ViewLayer | Synchronizing object | common_foyer_cabinet_02_door_p0
Fra:1 Mem:384.97M (Peak 384.97M) | Time:00:00.12 | Mem:0.00M, Peak:0.00M | Scene, ViewLayer | Synchronizing object | common_foyer_cabinet_02_door_f1l
Fra:1 Mem:384.97M (Peak 384.97M) | Time:00:00.12 | Mem:0.00M, Peak:0.00M | Scene, ViewLayer | Synchronizing object | common_foyer_cabinet_02_door_f1r
Fra:1 Mem:384.98M (Peak 384.98M) | Time:00:00.12 | Mem:0.00M, Peak:0.00M | Scene, ViewLayer | Synchronizing object | common_foyer_cabinet_02_door_f1b
Fra:1 Mem:384.98M (Peak 384.98M) | Time:00:00.12 | Mem:0.00M, Peak:0.00M | Scene, ViewLayer | Synchronizing object | common_foyer_cabinet_02_door_f1c
Fra:1 Mem:384.98M (Peak 384.98M) | Time:00:00.12 | Mem:0.00M, Peak:0.00M | Scene, ViewLayer | Synchronizing object | common_foyer_cabinet_02_door_p1
Fra:1 Mem:384.99M (Peak 384.99M) | Time:00:00.12 | Mem:0.00M, Peak:0.00M | Scene, ViewLayer | Synchronizing object | common_foyer_cabinet_02_door_f2l
Fra:1 Mem:384.99M (Peak 384.99M) | Time:00:00.12 | Mem:0.00M, Peak:0.00M | Scene, ViewLayer | Synchronizing object | common_foyer_cabinet_02_door_f2b
Fra:1 Mem:385.00M (Peak 385.00M) | Time:00:00.12 | Mem:0.00M, Peak:0.00M | Scene, ViewLayer | Synchronizing object | common_foyer_cabinet_02_door_f2t
Fra:1 Mem:385.01M (Peak 385.01M) | Time:00:00.12 | Mem:0.00M, Peak:0.00M | Scene, ViewLayer | Synchronizing object | common_foyer_cabinet_02_door_p2
Fra:1 Mem:385.01M (Peak 385.01M) | Time:00:00.12 | Mem:0.00M, Peak:0.00M | Scene, ViewLayer | Synchronizing object | A_living_dining_balcony_floor_lamp_01_arc
Fra:1 Mem:385.01M (Peak 385.01M) | Time:00:00.12 | Mem:0.00M, Peak:0.00M | Scene, ViewLayer | Synchronizing object | common_foyer_mirror_door_01_fr0
Fra:1 Mem:385.02M (Peak 385.02M) | Time:00:00.12 | Mem:0.00M, Peak:0.00M | Scene, ViewLayer | Synchronizing object | common_foyer_mirror_door_01_fr1
Fra:1 Mem:385.03M (Peak 385.03M) | Time:00:00.12 | Mem:0.00M, Peak:0.00M | Scene, ViewLayer | Synchronizing object | common_foyer_mirror_door_01_fr2
Fra:1 Mem:385.03M (Peak 385.03M) | Time:00:00.12 | Mem:0.00M, Peak:0.00M | Scene, ViewLayer | Synchronizing object | common_foyer_mirror_door_01_pull
Fra:1 Mem:385.03M (Peak 385.03M) | Time:00:00.12 | Mem:0.00M, Peak:0.00M | Scene, ViewLayer | Synchronizing object | common_elevator_hall_cabinet_01_body
Fra:1 Mem:385.03M (Peak 385.03M) | Time:00:00.12 | Mem:0.00M, Peak:0.00M | Scene, ViewLayer | Synchronizing object | common_elevator_hall_cabinet_01_door_f0l
Fra:1 Mem:385.04M (Peak 385.04M) | Time:00:00.12 | Mem:0.00M, Peak:0.00M | Scene, ViewLayer | Synchronizing object | common_elevator_hall_cabinet_01_door_f0r
Fra:1 Mem:385.04M (Peak 385.04M) | Time:00:00.12 | Mem:0.00M, Peak:0.00M | Scene, ViewLayer | Synchronizing object | common_elevator_hall_cabinet_01_door_f0b
Fra:1 Mem:385.06M (Peak 385.06M) | Time:00:00.12 | Mem:0.00M, Peak:0.00M | Scene, ViewLayer | Synchronizing object | common_elevator_hall_cabinet_01_door_f0t
Fra:1 Mem:385.10M (Peak 385.10M) | Time:00:00.12 | Mem:0.00M, Peak:0.00M | Scene, ViewLayer | Synchronizing object | common_elevator_hall_cabinet_01_door_f0c
Fra:1 Mem:385.11M (Peak 385.11M) | Time:00:00.13 | Mem:0.00M, Peak:0.00M | Scene, ViewLayer | Synchronizing object | common_elevator_hall_cabinet_01_door_p0
Fra:1 Mem:385.12M (Peak 385.12M) | Time:00:00.13 | Mem:0.00M, Peak:0.00M | Scene, ViewLayer | Synchronizing object | common_living_dining_balcony_bookcase_01_body
Fra:1 Mem:385.13M (Peak 385.13M) | Time:00:00.13 | Mem:0.00M, Peak:0.00M | Scene, ViewLayer | Synchronizing object | common_living_dining_balcony_bookcase_01_drw_gapbg
Fra:1 Mem:385.14M (Peak 385.14M) | Time:00:00.13 | Mem:0.00M, Peak:0.00M | Scene, ViewLayer | Synchronizing object | common_living_dining_balcony_bookcase_01_drw_f0
Fra:1 Mem:389.44M (Peak 389.44M) | Time:00:00.13 | Mem:0.00M, Peak:0.00M | Scene, ViewLayer | Synchronizing object | common_living_dining_balcony_bookcase_01_drw_slot1
Fra:1 Mem:389.44M (Peak 389.44M) | Time:00:00.13 | Mem:0.00M, Peak:0.00M | Scene, ViewLayer | Synchronizing object | common_living_dining_balcony_bookcase_01_drw_f2
Fra:1 Mem:389.44M (Peak 389.44M) | Time:00:00.13 | Mem:0.00M, Peak:0.00M | Scene, ViewLayer | Synchronizing object | common_living_dining_balcony_bookcase_01_drw_slot2
Fra:1 Mem:389.46M (Peak 389.46M) | Time:00:00.13 | Mem:0.00M, Peak:0.00M | Scene, ViewLayer | Synchronizing object | common_living_dining_balcony_bookcase_02_top
Fra:1 Mem:389.47M (Peak 389.47M) | Time:00:00.13 | Mem:0.00M, Peak:0.00M | Scene, ViewLayer | Synchronizing object | common_living_dining_balcony_bookcase_02_bot
Fra:1 Mem:389.48M (Peak 389.48M) | Time:00:00.13 | Mem:0.00M, Peak:0.00M | Scene, ViewLayer | Synchronizing object | common_living_dining_balcony_bookcase_02_endS
Fra:1 Mem:389.49M (Peak 389.49M) | Time:00:00.13 | Mem:0.00M, Peak:0.00M | Scene, ViewLayer | Synchronizing object | common_living_dining_balcony_bookcase_02_endN
Fra:1 Mem:389.49M (Peak 389.49M) | Time:00:00.13 | Mem:0.00M, Peak:0.00M | Scene, ViewLayer | Synchronizing object | common_living_dining_balcony_bookcase_02_div2
Fra:1 Mem:389.49M (Peak 389.49M) | Time:00:00.13 | Mem:0.00M, Peak:0.00M | Scene, ViewLayer | Synchronizing object | common_living_dining_balcony_bookcase_02_door_gapbg
Fra:1 Mem:389.49M (Peak 389.49M) | Time:00:00.13 | Mem:0.00M, Peak:0.00M | Scene, ViewLayer | Synchronizing object | common_living_dining_balcony_bookcase_02_door_f0
Fra:1 Mem:389.49M (Peak 389.49M) | Time:00:00.13 | Mem:0.00M, Peak:0.00M | Scene, ViewLayer | Synchronizing object | common_living_dining_balcony_bookcase_02_shelf0
Fra:1 Mem:389.49M (Peak 389.49M) | Time:00:00.13 | Mem:0.00M, Peak:0.00M | Scene, ViewLayer | Synchronizing object | common_living_dining_balcony_bookcase_02_shelf1
Fra:1 Mem:389.51M (Peak 389.51M) | Time:00:00.13 | Mem:0.00M, Peak:0.00M | Scene, ViewLayer | Synchronizing object | common_living_dining_balcony_bookcase_02_shelf2
Fra:1 Mem:389.52M (Peak 389.52M) | Time:00:00.13 | Mem:0.00M, Peak:0.00M | Scene, ViewLayer | Synchronizing object | common_living_dining_balcony_bookcase_02_shelf3
Fra:1 Mem:389.52M (Peak 389.52M) | Time:00:00.13 | Mem:0.00M, Peak:0.00M | Scene, ViewLayer | Synchronizing object | common_living_dining_balcony_bookcase_02_gshelf1
Fra:1 Mem:389.55M (Peak 389.56M) | Time:00:00.13 | Mem:0.00M, Peak:0.00M | Scene, ViewLayer | Synchronizing object | common_living_dining_balcony_bookcase_02_gf_stN
Fra:1 Mem:393.81M (Peak 393.81M) | Time:00:00.13 | Mem:0.00M, Peak:0.00M | Scene, ViewLayer | Synchronizing object | common_living_dining_balcony_bookcase_02_gf_rlB
Fra:1 Mem:393.81M (Peak 393.81M) | Time:00:00.13 | Mem:0.00M, Peak:0.00M | Scene, ViewLayer | Synchronizing object | common_living_dining_balcony_bookcase_02_gf_rlT
Fra:1 Mem:393.82M (Peak 393.82M) | Time:00:00.13 | Mem:0.00M, Peak:0.00M | Scene, ViewLayer | Synchronizing object | common_living_dining_balcony_bookcase_02_gpane
Fra:1 Mem:393.83M (Peak 393.83M) | Time:00:00.13 | Mem:0.00M, Peak:0.00M | Scene, ViewLayer | Synchronizing object | common_living_dining_balcony_bookcase_02_gknob
Fra:1 Mem:393.84M (Peak 393.84M) | Time:00:00.13 | Mem:0.00M, Peak:0.00M | Scene, ViewLayer | Synchronizing object | common_living_dining_balcony_laundry_cabinet_01_body
Fra:1 Mem:393.84M (Peak 393.84M) | Time:00:00.13 | Mem:0.00M, Peak:0.00M | Scene, ViewLayer | Synchronizing object | common_living_dining_balcony_laundry_cabinet_01_door_f0l
Fra:1 Mem:393.86M (Peak 393.86M) | Time:00:00.13 | Mem:0.00M, Peak:0.00M | Scene, ViewLayer | Synchronizing object | common_living_dining_balcony_laundry_cabinet_01_door_f0r
Fra:1 Mem:393.86M (Peak 393.86M) | Time:00:00.13 | Mem:0.00M, Peak:0.00M | Scene, ViewLayer | Synchronizing object | common_living_dining_balcony_laundry_cabinet_01_door_f0t
Fra:1 Mem:393.86M (Peak 393.86M) | Time:00:00.13 | Mem:0.00M, Peak:0.00M | Scene, ViewLayer | Synchronizing object | common_living_dining_balcony_laundry_cabinet_01_door_p0
Fra:1 Mem:393.87M (Peak 393.87M) | Time:00:00.13 | Mem:0.00M, Peak:0.00M | Scene, ViewLayer | Synchronizing object | common_living_dining_balcony_laundry_cabinet_01_door_f1l
Fra:1 Mem:393.88M (Peak 393.88M) | Time:00:00.13 | Mem:0.00M, Peak:0.00M | Scene, ViewLayer | Synchronizing object | common_living_dining_balcony_laundry_cabinet_01_door_f1b
Fra:1 Mem:393.88M (Peak 393.88M) | Time:00:00.13 | Mem:0.00M, Peak:0.00M | Scene, ViewLayer | Synchronizing object | common_living_dining_balcony_laundry_cabinet_01_door_f1t
Fra:1 Mem:393.90M (Peak 393.90M) | Time:00:00.13 | Mem:0.00M, Peak:0.00M | Scene, ViewLayer | Synchronizing object | common_living_dining_balcony_laundry_cabinet_01_door_f1c
Fra:1 Mem:393.91M (Peak 393.91M) | Time:00:00.13 | Mem:0.00M, Peak:0.00M | Scene, ViewLayer | Synchronizing object | common_master_bedroom_wardrobe_01_body
Fra:1 Mem:393.92M (Peak 393.92M) | Time:00:00.13 | Mem:0.00M, Peak:0.00M | Scene, ViewLayer | Synchronizing object | common_master_bedroom_wardrobe_01_door_f0l
Fra:1 Mem:393.93M (Peak 393.93M) | Time:00:00.13 | Mem:0.00M, Peak:0.00M | Scene, ViewLayer | Synchronizing object | common_master_bedroom_wardrobe_01_door_f0r
Fra:1 Mem:393.93M (Peak 393.93M) | Time:00:00.13 | Mem:0.00M, Peak:0.00M | Scene, ViewLayer | Synchronizing object | common_master_bedroom_wardrobe_01_door_f0b
Fra:1 Mem:393.93M (Peak 393.93M) | Time:00:00.13 | Mem:0.00M, Peak:0.00M | Scene, ViewLayer | Synchronizing object | common_master_bedroom_wardrobe_01_door_f0t
Fra:1 Mem:393.95M (Peak 393.95M) | Time:00:00.13 | Mem:0.00M, Peak:0.00M | Scene, ViewLayer | Synchronizing object | common_master_bedroom_wardrobe_01_door_f0c
Fra:1 Mem:393.95M (Peak 393.95M) | Time:00:00.13 | Mem:0.00M, Peak:0.00M | Scene, ViewLayer | Synchronizing object | common_master_bedroom_wardrobe_01_door_p0
Fra:1 Mem:393.96M (Peak 393.96M) | Time:00:00.13 | Mem:0.00M, Peak:0.00M | Scene, ViewLayer | Synchronizing object | common_master_bedroom_wardrobe_01_door_f1l
Fra:1 Mem:393.97M (Peak 393.97M) | Time:00:00.13 | Mem:0.00M, Peak:0.00M | Scene, ViewLayer | Synchronizing object | common_master_bedroom_wardrobe_01_door_f1r
Fra:1 Mem:393.97M (Peak 393.97M) | Time:00:00.13 | Mem:0.00M, Peak:0.00M | Scene, ViewLayer | Synchronizing object | common_master_bedroom_wardrobe_01_door_f1c
Fra:1 Mem:393.98M (Peak 393.99M) | Time:00:00.13 | Mem:0.00M, Peak:0.00M | Scene, ViewLayer | Synchronizing object | lt_strip_tv
Fra:1 Mem:393.99M (Peak 393.99M) | Time:00:00.13 | Mem:0.00M, Peak:0.00M | Scene, ViewLayer | Synchronizing object | common_master_bedroom_wardrobe_01_door_f2r
Fra:1 Mem:393.99M (Peak 393.99M) | Time:00:00.13 | Mem:0.00M, Peak:0.00M | Scene, ViewLayer | Synchronizing object | lt_pendant_02
Fra:1 Mem:393.99M (Peak 393.99M) | Time:00:00.13 | Mem:0.00M, Peak:0.00M | Scene, ViewLayer | Synchronizing object | common_master_bedroom_wardrobe_01_door_f2b
Fra:1 Mem:393.99M (Peak 393.99M) | Time:00:00.13 | Mem:0.00M, Peak:0.00M | Scene, ViewLayer | Synchronizing object | lt_pendant_01
Fra:1 Mem:393.99M (Peak 393.99M) | Time:00:00.13 | Mem:0.00M, Peak:0.00M | Scene, ViewLayer | Synchronizing object | common_master_bedroom_wardrobe_01_door_f2t
Fra:1 Mem:393.99M (Peak 393.99M) | Time:00:00.13 | Mem:0.00M, Peak:0.00M | Scene, ViewLayer | Synchronizing object | common_master_bedroom_wardrobe_01_door_f2c
Fra:1 Mem:394.00M (Peak 394.00M) | Time:00:00.13 | Mem:0.00M, Peak:0.00M | Scene, ViewLayer | Synchronizing object | common_master_bedroom_wardrobe_01_door_p2
Fra:1 Mem:394.02M (Peak 394.02M) | Time:00:00.13 | Mem:0.00M, Peak:0.00M | Scene, ViewLayer | Synchronizing object | common_master_bedroom_wardrobe_01_door_f3l
Fra:1 Mem:394.02M (Peak 394.02M) | Time:00:00.13 | Mem:0.00M, Peak:0.00M | Scene, ViewLayer | Synchronizing object | common_master_bedroom_wardrobe_01_door_f3r
Fra:1 Mem:394.03M (Peak 394.03M) | Time:00:00.13 | Mem:0.00M, Peak:0.00M | Scene, ViewLayer | Synchronizing object | common_master_bedroom_wardrobe_01_door_f3t
Fra:1 Mem:401.06M (Peak 401.06M) | Time:00:00.13 | Mem:0.00M, Peak:0.00M | Scene, ViewLayer | Synchronizing object | common_master_bedroom_wardrobe_01_door_f3c
Fra:1 Mem:401.08M (Peak 401.08M) | Time:00:00.13 | Mem:0.00M, Peak:0.00M | Scene, ViewLayer | Synchronizing object | common_master_bedroom_wardrobe_01_door_p3
Fra:1 Mem:401.08M (Peak 401.08M) | Time:00:00.13 | Mem:0.00M, Peak:0.00M | Scene, ViewLayer | Synchronizing object | common_master_bedroom_wardrobe_01_door_f4l
Fra:1 Mem:401.09M (Peak 401.09M) | Time:00:00.13 | Mem:0.00M, Peak:0.00M | Scene, ViewLayer | Synchronizing object | common_master_bedroom_wardrobe_01_door_f4r
Fra:1 Mem:401.09M (Peak 401.09M) | Time:00:00.13 | Mem:0.00M, Peak:0.00M | Scene, ViewLayer | Synchronizing object | common_master_bedroom_wardrobe_01_door_f4t
Fra:1 Mem:401.10M (Peak 401.10M) | Time:00:00.13 | Mem:0.00M, Peak:0.00M | Scene, ViewLayer | Synchronizing object | common_master_bedroom_wardrobe_01_door_f4c
Fra:1 Mem:401.11M (Peak 401.11M) | Time:00:00.13 | Mem:0.00M, Peak:0.00M | Scene, ViewLayer | Synchronizing object | common_master_bedroom_wardrobe_01_door_p4
Fra:1 Mem:401.13M (Peak 401.13M) | Time:00:00.13 | Mem:0.00M, Peak:0.00M | Scene, ViewLayer | Synchronizing object | common_master_bedroom_wardrobe_01_door_f5b
Fra:1 Mem:401.13M (Peak 401.13M) | Time:00:00.13 | Mem:0.00M, Peak:0.00M | Scene, ViewLayer | Synchronizing object | fx_art_wall_A
Fra:1 Mem:401.14M (Peak 401.14M) | Time:00:00.13 | Mem:0.00M, Peak:0.00M | Scene, ViewLayer | Synchronizing object | common_master_bedroom_wardrobe_01_door_f5c
Fra:1 Mem:401.14M (Peak 401.14M) | Time:00:00.13 | Mem:0.00M, Peak:0.00M | Scene, ViewLayer | Synchronizing object | fx_chair_A6s_leg11.001
Fra:1 Mem:401.14M (Peak 401.14M) | Time:00:00.13 | Mem:0.00M, Peak:0.00M | Scene, ViewLayer | Synchronizing object | common_master_bedroom_wardrobe_01_door_p5
Fra:1 Mem:401.14M (Peak 401.14M) | Time:00:00.13 | Mem:0.00M, Peak:0.00M | Scene, ViewLayer | Synchronizing object | common_master_bedroom_wardrobe_01_door_f6l
Fra:1 Mem:401.15M (Peak 401.15M) | Time:00:00.13 | Mem:0.00M, Peak:0.00M | Scene, ViewLayer | Synchronizing object | fx_chair_A6s_leg11
Fra:1 Mem:401.16M (Peak 401.16M) | Time:00:00.13 | Mem:0.00M, Peak:0.00M | Scene, ViewLayer | Synchronizing object | common_master_bedroom_wardrobe_01_door_f6r
Fra:1 Mem:401.17M (Peak 401.17M) | Time:00:00.13 | Mem:0.00M, Peak:0.00M | Scene, ViewLayer | Synchronizing object | common_master_bedroom_wardrobe_01_door_f6b
Fra:1 Mem:401.18M (Peak 401.18M) | Time:00:00.13 | Mem:0.00M, Peak:0.00M | Scene, ViewLayer | Synchronizing object | common_master_bedroom_wardrobe_01_door_f6t
Fra:1 Mem:401.19M (Peak 401.19M) | Time:00:00.13 | Mem:0.00M, Peak:0.00M | Scene, ViewLayer | Synchronizing object | common_master_bedroom_wardrobe_01_door_f6c
Fra:1 Mem:401.20M (Peak 401.20M) | Time:00:00.13 | Mem:0.00M, Peak:0.00M | Scene, ViewLayer | Synchronizing object | common_master_bedroom_wardrobe_01_door_p6
Fra:1 Mem:401.20M (Peak 401.20M) | Time:00:00.13 | Mem:0.00M, Peak:0.00M | Scene, ViewLayer | Synchronizing object | common_master_bedroom_open_niche_01_back
Fra:1 Mem:401.21M (Peak 401.21M) | Time:00:00.13 | Mem:0.00M, Peak:0.00M | Scene, ViewLayer | Synchronizing object | common_master_bedroom_open_niche_01_cheek1
Fra:1 Mem:401.21M (Peak 401.21M) | Time:00:00.13 | Mem:0.00M, Peak:0.00M | Scene, ViewLayer | Synchronizing object | common_master_bedroom_open_niche_01_top
Fra:1 Mem:401.22M (Peak 401.22M) | Time:00:00.13 | Mem:0.00M, Peak:0.00M | Scene, ViewLayer | Synchronizing object | common_master_bedroom_open_niche_01_bottom
Fra:1 Mem:401.22M (Peak 401.22M) | Time:00:00.13 | Mem:0.00M, Peak:0.00M | Scene, ViewLayer | Synchronizing object | common_master_bedroom_open_niche_01_sh0
Fra:1 Mem:401.22M (Peak 401.22M) | Time:00:00.13 | Mem:0.00M, Peak:0.00M | Scene, ViewLayer | Synchronizing object | common_master_bedroom_open_niche_01_sh1
Fra:1 Mem:401.22M (Peak 401.22M) | Time:00:00.13 | Mem:0.00M, Peak:0.00M | Scene, ViewLayer | Synchronizing object | common_master_bedroom_open_niche_01_sh2
Fra:1 Mem:401.23M (Peak 401.23M) | Time:00:00.13 | Mem:0.00M, Peak:0.00M | Scene, ViewLayer | Synchronizing object | common_master_bath_vanity_01_drw_gapbg
Fra:1 Mem:401.24M (Peak 401.24M) | Time:00:00.13 | Mem:0.00M, Peak:0.00M | Scene, ViewLayer | Synchronizing object | common_master_bath_vanity_01_drw_f0
Fra:1 Mem:401.25M (Peak 401.25M) | Time:00:00.13 | Mem:0.00M, Peak:0.00M | Scene, ViewLayer | Synchronizing object | common_master_bath_vanity_01_drw_p0
Fra:1 Mem:401.25M (Peak 401.25M) | Time:00:00.13 | Mem:0.00M, Peak:0.00M | Scene, ViewLayer | Synchronizing object | common_master_bath_vanity_01_drw_f1
Fra:1 Mem:401.25M (Peak 401.25M) | Time:00:00.13 | Mem:0.00M, Peak:0.00M | Scene, ViewLayer | Synchronizing object | common_master_bath_vanity_01_drw_p1
Fra:1 Mem:401.27M (Peak 401.27M) | Time:00:00.13 | Mem:0.00M, Peak:0.00M | Scene, ViewLayer | Synchronizing object | common_master_bath_vanity_01_top_s1
Fra:1 Mem:401.27M (Peak 401.27M) | Time:00:00.13 | Mem:0.00M, Peak:0.00M | Scene, ViewLayer | Synchronizing object | common_master_bath_vanity_01_top_s3
Fra:1 Mem:401.28M (Peak 401.28M) | Time:00:00.13 | Mem:0.00M, Peak:0.00M | Scene, ViewLayer | Synchronizing object | common_master_bath_vanity_01_top_s4
Fra:1 Mem:401.28M (Peak 401.28M) | Time:00:00.13 | Mem:0.00M, Peak:0.00M | Scene, ViewLayer | Synchronizing object | common_master_bath_vanity_01_bowlW
Fra:1 Mem:401.28M (Peak 401.28M) | Time:00:00.13 | Mem:0.00M, Peak:0.00M | Scene, ViewLayer | Synchronizing object | common_master_bath_vanity_01_bowlN
Fra:1 Mem:401.28M (Peak 401.28M) | Time:00:00.13 | Mem:0.00M, Peak:0.00M | Scene, ViewLayer | Synchronizing object | common_master_bath_vanity_01_bowlS
Fra:1 Mem:401.31M (Peak 401.31M) | Time:00:00.13 | Mem:0.00M, Peak:0.00M | Scene, ViewLayer | Synchronizing object | common_master_bath_vanity_01_bowlB
Fra:1 Mem:401.31M (Peak 401.31M) | Time:00:00.13 | Mem:0.00M, Peak:0.00M | Scene, ViewLayer | Synchronizing object | common_master_bath_vanity_01_fc_base
Fra:1 Mem:401.31M (Peak 401.31M) | Time:00:00.13 | Mem:0.00M, Peak:0.00M | Scene, ViewLayer | Synchronizing object | common_master_bath_vanity_01_fc_tip
Fra:1 Mem:401.32M (Peak 401.32M) | Time:00:00.13 | Mem:0.00M, Peak:0.00M | Scene, ViewLayer | Synchronizing object | common_master_bath_mirror_cabinet_01_body
Fra:1 Mem:401.32M (Peak 401.32M) | Time:00:00.13 | Mem:0.00M, Peak:0.00M | Scene, ViewLayer | Synchronizing object | common_master_bath_toilet_01_base
Fra:1 Mem:401.33M (Peak 401.33M) | Time:00:00.13 | Mem:0.00M, Peak:0.00M | Scene, ViewLayer | Synchronizing object | common_master_bath_toilet_01_seat
Fra:1 Mem:401.34M (Peak 401.34M) | Time:00:00.13 | Mem:0.00M, Peak:0.00M | Scene, ViewLayer | Synchronizing object | common_master_bath_toilet_01_tank
Fra:1 Mem:401.34M (Peak 401.34M) | Time:00:00.13 | Mem:0.00M, Peak:0.00M | Scene, ViewLayer | Synchronizing object | common_master_bath_glass_partition_01_fr0
Fra:1 Mem:401.34M (Peak 401.34M) | Time:00:00.13 | Mem:0.00M, Peak:0.00M | Scene, ViewLayer | Synchronizing object | common_master_bath_glass_partition_01_fr1
Fra:1 Mem:401.34M (Peak 401.34M) | Time:00:00.13 | Mem:0.00M, Peak:0.00M | Scene, ViewLayer | Synchronizing object | common_master_bath_glass_partition_01_fr3
Fra:1 Mem:401.36M (Peak 401.36M) | Time:00:00.13 | Mem:0.00M, Peak:0.00M | Scene, ViewLayer | Synchronizing object | common_master_bath_glass_partition_01_fr4
Fra:1 Mem:401.37M (Peak 401.37M) | Time:00:00.13 | Mem:0.00M, Peak:0.00M | Scene, ViewLayer | Synchronizing object | common_master_bath_shower_floor_01_pan
Fra:1 Mem:401.38M (Peak 401.38M) | Time:00:00.13 | Mem:0.00M, Peak:0.00M | Scene, ViewLayer | Synchronizing object | common_corridor_vanity_01_cab
Fra:1 Mem:401.38M (Peak 401.38M) | Time:00:00.13 | Mem:0.00M, Peak:0.00M | Scene, ViewLayer | Synchronizing object | common_corridor_vanity_01_drw_f0
Fra:1 Mem:401.39M (Peak 401.39M) | Time:00:00.13 | Mem:0.00M, Peak:0.00M | Scene, ViewLayer | Synchronizing object | common_corridor_vanity_01_drw_p0
Fra:1 Mem:401.39M (Peak 401.39M) | Time:00:00.13 | Mem:0.00M, Peak:0.00M | Scene, ViewLayer | Synchronizing object | common_corridor_vanity_01_drw_p1
Fra:1 Mem:401.39M (Peak 401.39M) | Time:00:00.13 | Mem:0.00M, Peak:0.00M | Scene, ViewLayer | Synchronizing object | common_corridor_vanity_01_drw_f2
Fra:1 Mem:401.41M (Peak 401.41M) | Time:00:00.13 | Mem:0.00M, Peak:0.00M | Scene, ViewLayer | Synchronizing object | common_corridor_vanity_01_top_s1
Fra:1 Mem:401.41M (Peak 401.41M) | Time:00:00.13 | Mem:0.00M, Peak:0.00M | Scene, ViewLayer | Synchronizing object | fx_chair_A6s_leg01
Fra:1 Mem:401.43M (Peak 401.43M) | Time:00:00.13 | Mem:0.00M, Peak:0.00M | Scene, ViewLayer | Synchronizing object | common_corridor_vanity_01_top_s2
Fra:1 Mem:401.44M (Peak 401.44M) | Time:00:00.13 | Mem:0.00M, Peak:0.00M | Scene, ViewLayer | Synchronizing object | common_corridor_vanity_01_top_s3
Fra:1 Mem:401.44M (Peak 401.44M) | Time:00:00.13 | Mem:0.00M, Peak:0.00M | Scene, ViewLayer | Synchronizing object | common_corridor_vanity_01_top_s4
Fra:1 Mem:401.45M (Peak 401.45M) | Time:00:00.13 | Mem:0.00M, Peak:0.00M | Scene, ViewLayer | Synchronizing object | common_corridor_vanity_01_bowlN
Fra:1 Mem:401.47M (Peak 401.47M) | Time:00:00.13 | Mem:0.00M, Peak:0.00M | Scene, ViewLayer | Synchronizing object | common_corridor_vanity_01_bowlS
Fra:1 Mem:402.59M (Peak 402.59M) | Time:00:00.13 | Mem:0.00M, Peak:0.00M | Scene, ViewLayer | Synchronizing object | common_corridor_vanity_01_fc353_base
Fra:1 Mem:402.59M (Peak 402.59M) | Time:00:00.13 | Mem:0.00M, Peak:0.00M | Scene, ViewLayer | Synchronizing object | common_corridor_vanity_01_fc353_riser
Fra:1 Mem:402.59M (Peak 402.59M) | Time:00:00.13 | Mem:0.00M, Peak:0.00M | Scene, ViewLayer | Synchronizing object | common_corridor_vanity_01_fc353_spout
Fra:1 Mem:402.59M (Peak 402.59M) | Time:00:00.13 | Mem:0.00M, Peak:0.00M | Scene, ViewLayer | Synchronizing object | common_corridor_vanity_01_bowlW.001
Fra:1 Mem:402.61M (Peak 402.61M) | Time:00:00.13 | Mem:0.00M, Peak:0.00M | Scene, ViewLayer | Synchronizing object | common_corridor_vanity_01_bowlE.001
Fra:1 Mem:402.61M (Peak 402.61M) | Time:00:00.13 | Mem:0.00M, Peak:0.00M | Scene, ViewLayer | Synchronizing object | fx_chair_A6s_back1
Fra:1 Mem:402.62M (Peak 402.62M) | Time:00:00.13 | Mem:0.00M, Peak:0.00M | Scene, ViewLayer | Synchronizing object | common_corridor_vanity_01_bowlN.001
Fra:1 Mem:402.62M (Peak 402.62M) | Time:00:00.13 | Mem:0.00M, Peak:0.00M | Scene, ViewLayer | Synchronizing object | common_corridor_vanity_01_bowlS.001
Fra:1 Mem:402.62M (Peak 402.62M) | Time:00:00.13 | Mem:0.00M, Peak:0.00M | Scene, ViewLayer | Synchronizing object | common_corridor_vanity_01_bowlB.001
Fra:1 Mem:402.63M (Peak 402.63M) | Time:00:00.13 | Mem:0.00M, Peak:0.00M | Scene, ViewLayer | Synchronizing object | common_corridor_vanity_01_fc281_riser
Fra:1 Mem:401.54M (Peak 402.63M) | Time:00:00.13 | Mem:0.00M, Peak:0.00M | Scene, ViewLayer | Synchronizing object | common_corridor_vanity_01_fc281_spout
Fra:1 Mem:401.55M (Peak 402.63M) | Time:00:00.13 | Mem:0.00M, Peak:0.00M | Scene, ViewLayer | Synchronizing object | common_corridor_mirror_cabinet_01_mir_f0
Fra:1 Mem:401.55M (Peak 402.63M) | Time:00:00.13 | Mem:0.00M, Peak:0.00M | Scene, ViewLayer | Synchronizing object | common_public_bath_wet_shower_floor_01_pan
Fra:1 Mem:401.61M (Peak 402.63M) | Time:00:00.13 | Mem:0.00M, Peak:0.00M | Scene, ViewLayer | Synchronizing object | common_public_bath_wet_shower_floor_01_drain
Fra:1 Mem:401.84M (Peak 402.63M) | Time:00:00.13 | Mem:0.00M, Peak:0.00M | Scene, ViewLayer | Synchronizing object | common_public_bath_wet_glass_partition_01_fr0
Fra:1 Mem:402.82M (Peak 402.82M) | Time:00:00.13 | Mem:0.00M, Peak:0.00M | Scene, ViewLayer | Synchronizing object | common_public_bath_wet_glass_partition_01_fr2
Fra:1 Mem:402.95M (Peak 402.95M) | Time:00:00.13 | Mem:0.00M, Peak:0.00M | Scene, ViewLayer | Synchronizing object | common_public_bath_wet_glass_partition_01_fr3
Fra:1 Mem:403.00M (Peak 403.00M) | Time:00:00.13 | Mem:0.00M, Peak:0.00M | Scene, ViewLayer | Synchronizing object | common_public_bath_wet_toilet_01_base
Fra:1 Mem:403.11M (Peak 403.11M) | Time:00:00.13 | Mem:0.00M, Peak:0.00M | Scene, ViewLayer | Synchronizing object | common_parents_room_wardrobe_01_slA_f0
Fra:1 Mem:403.20M (Peak 403.20M) | Time:00:00.13 | Mem:0.00M, Peak:0.00M | Scene, ViewLayer | Synchronizing object | common_parents_room_wardrobe_01_slA_f1
Fra:1 Mem:403.25M (Peak 403.25M) | Time:00:00.13 | Mem:0.00M, Peak:0.00M | Scene, ViewLayer | Synchronizing object | common_parents_room_wardrobe_01_slB_f0
Fra:1 Mem:403.30M (Peak 403.30M) | Time:00:00.13 | Mem:0.00M, Peak:0.00M | Scene, ViewLayer | Synchronizing object | common_parents_room_wardrobe_01_slB_f1
Fra:1 Mem:403.33M (Peak 403.33M) | Time:00:00.13 | Mem:0.00M, Peak:0.00M | Scene, ViewLayer | Synchronizing object | common_master_bedroom_screen_01_slat00
Fra:1 Mem:403.33M (Peak 403.33M) | Time:00:00.13 | Mem:0.00M, Peak:0.00M | Scene, ViewLayer | Synchronizing object | common_master_bedroom_screen_01_slat01
Fra:1 Mem:403.37M (Peak 403.37M) | Time:00:00.13 | Mem:0.00M, Peak:0.00M | Scene, ViewLayer | Synchronizing object | common_master_bedroom_screen_01_slat02
Fra:1 Mem:403.38M (Peak 403.38M) | Time:00:00.13 | Mem:0.00M, Peak:0.00M | Scene, ViewLayer | Synchronizing object | common_master_bedroom_screen_01_slat04
Fra:1 Mem:403.38M (Peak 403.38M) | Time:00:00.13 | Mem:0.00M, Peak:0.00M | Scene, ViewLayer | Synchronizing object | common_master_bedroom_screen_01_slat05
Fra:1 Mem:403.40M (Peak 403.40M) | Time:00:00.13 | Mem:0.00M, Peak:0.00M | Scene, ViewLayer | Synchronizing object | common_master_bedroom_screen_01_slat06
Fra:1 Mem:403.40M (Peak 403.40M) | Time:00:00.13 | Mem:0.00M, Peak:0.00M | Scene, ViewLayer | Synchronizing object | common_master_bedroom_screen_01_slat09
Fra:1 Mem:403.41M (Peak 403.41M) | Time:00:00.13 | Mem:0.00M, Peak:0.00M | Scene, ViewLayer | Synchronizing object | common_master_bedroom_screen_01_slat10
Fra:1 Mem:403.43M (Peak 403.43M) | Time:00:00.13 | Mem:0.00M, Peak:0.00M | Scene, ViewLayer | Synchronizing object | common_master_bedroom_screen_01_slat11
Fra:1 Mem:403.43M (Peak 403.43M) | Time:00:00.13 | Mem:0.00M, Peak:0.00M | Scene, ViewLayer | Synchronizing object | common_master_bedroom_screen_01_slat14
Fra:1 Mem:403.46M (Peak 403.46M) | Time:00:00.13 | Mem:0.00M, Peak:0.00M | Scene, ViewLayer | Synchronizing object | common_master_bedroom_screen_01_slat15
Fra:1 Mem:403.46M (Peak 403.46M) | Time:00:00.13 | Mem:0.00M, Peak:0.00M | Scene, ViewLayer | Synchronizing object | common_master_bedroom_screen_01_slat17
Fra:1 Mem:403.47M (Peak 403.47M) | Time:00:00.13 | Mem:0.00M, Peak:0.00M | Scene, ViewLayer | Synchronizing object | common_master_bedroom_screen_01_slat18
Fra:1 Mem:403.48M (Peak 403.48M) | Time:00:00.13 | Mem:0.00M, Peak:0.00M | Scene, ViewLayer | Synchronizing object | common_master_bedroom_screen_01_cap
Fra:1 Mem:403.48M (Peak 403.48M) | Time:00:00.13 | Mem:0.00M, Peak:0.00M | Scene, ViewLayer | Synchronizing object | mb_shower_mixer
Fra:1 Mem:403.49M (Peak 403.49M) | Time:00:00.13 | Mem:0.00M, Peak:0.00M | Scene, ViewLayer | Synchronizing object | fx_chair_A6s_seat
Fra:1 Mem:403.56M (Peak 403.56M) | Time:00:00.13 | Mem:0.00M, Peak:0.00M | Scene, ViewLayer | Synchronizing object | mb_shower_rail
Fra:1 Mem:403.56M (Peak 403.56M) | Time:00:00.13 | Mem:0.00M, Peak:0.00M | Scene, ViewLayer | Synchronizing object | mb_shower_hand
Fra:1 Mem:403.56M (Peak 403.56M) | Time:00:00.13 | Mem:0.00M, Peak:0.00M | Scene, ViewLayer | Synchronizing object | mb_shower_arm
Fra:1 Mem:403.56M (Peak 403.56M) | Time:00:00.13 | Mem:0.00M, Peak:0.00M | Scene, ViewLayer | Synchronizing object | mb_shower_rain
Fra:1 Mem:403.56M (Peak 403.56M) | Time:00:00.13 | Mem:0.00M, Peak:0.00M | Scene, ViewLayer | Synchronizing object | fx_mb_niche_side0
Fra:1 Mem:403.56M (Peak 403.56M) | Time:00:00.13 | Mem:0.00M, Peak:0.00M | Scene, ViewLayer | Synchronizing object | fx_mb_niche_side1
Fra:1 Mem:403.56M (Peak 403.56M) | Time:00:00.13 | Mem:0.00M, Peak:0.00M | Scene, ViewLayer | Synchronizing object | fx_mb_paper_plate
Fra:1 Mem:403.56M (Peak 403.56M) | Time:00:00.13 | Mem:0.00M, Peak:0.00M | Scene, ViewLayer | Synchronizing object | pb_shower_mixer
Fra:1 Mem:403.56M (Peak 403.56M) | Time:00:00.13 | Mem:0.00M, Peak:0.00M | Scene, ViewLayer | Synchronizing object | fx_pb_niche_side1
Fra:1 Mem:403.56M (Peak 403.56M) | Time:00:00.13 | Mem:0.00M, Peak:0.00M | Scene, ViewLayer | Synchronizing object | fx_pb_niche_top
Fra:1 Mem:403.57M (Peak 403.57M) | Time:00:00.13 | Mem:0.00M, Peak:0.00M | Scene, ViewLayer | Synchronizing object | fx_stool_top
Fra:1 Mem:403.58M (Peak 403.58M) | Time:00:00.13 | Mem:0.00M, Peak:0.00M | Scene, ViewLayer | Synchronizing object | fx_stool_leg0
Fra:1 Mem:403.59M (Peak 403.59M) | Time:00:00.13 | Mem:0.00M, Peak:0.00M | Scene, ViewLayer | Synchronizing object | fx_stool_leg2
Fra:1 Mem:403.59M (Peak 403.59M) | Time:00:00.13 | Mem:0.00M, Peak:0.00M | Scene, ViewLayer | Synchronizing object | fx_stool_leg3
Fra:1 Mem:403.59M (Peak 403.59M) | Time:00:00.13 | Mem:0.00M, Peak:0.00M | Scene, ViewLayer | Synchronizing object | common_living_dining_balcony_plant_01_stem
Fra:1 Mem:403.59M (Peak 403.59M) | Time:00:00.13 | Mem:0.00M, Peak:0.00M | Scene, ViewLayer | Synchronizing object | common_living_dining_balcony_plant_01_leaf0
Fra:1 Mem:403.59M (Peak 403.59M) | Time:00:00.13 | Mem:0.00M, Peak:0.00M | Scene, ViewLayer | Synchronizing object | common_living_dining_balcony_plant_01_leaf2
Fra:1 Mem:403.61M (Peak 403.61M) | Time:00:00.13 | Mem:0.00M, Peak:0.00M | Scene, ViewLayer | Synchronizing object | common_living_dining_balcony_plant_01_leaf3
Fra:1 Mem:403.61M (Peak 403.61M) | Time:00:00.13 | Mem:0.00M, Peak:0.00M | Scene, ViewLayer | Synchronizing object | fx_chair_A6n_leg11.001
Fra:1 Mem:403.61M (Peak 403.61M) | Time:00:00.13 | Mem:0.00M, Peak:0.00M | Scene, ViewLayer | Synchronizing object | common_living_dining_balcony_plant_01_leaf6
Fra:1 Mem:403.62M (Peak 403.62M) | Time:00:00.13 | Mem:0.00M, Peak:0.00M | Scene, ViewLayer | Synchronizing object | fx_chair_A6n_leg11
Fra:1 Mem:403.62M (Peak 403.62M) | Time:00:00.13 | Mem:0.00M, Peak:0.00M | Scene, ViewLayer | Synchronizing object | common_living_dining_balcony_plant_01_leaf7
Fra:1 Mem:403.62M (Peak 403.62M) | Time:00:00.13 | Mem:0.00M, Peak:0.00M | Scene, ViewLayer | Synchronizing object | common_living_dining_balcony_stool_01_top
Fra:1 Mem:403.62M (Peak 403.62M) | Time:00:00.13 | Mem:0.00M, Peak:0.00M | Scene, ViewLayer | Synchronizing object | common_living_dining_balcony_stool_01_post
Fra:1 Mem:403.62M (Peak 403.62M) | Time:00:00.13 | Mem:0.00M, Peak:0.00M | Scene, ViewLayer | Synchronizing object | common_living_dining_balcony_stool_01_jar
Fra:1 Mem:403.62M (Peak 403.62M) | Time:00:00.13 | Mem:0.00M, Peak:0.00M | Scene, ViewLayer | Synchronizing object | common_living_dining_balcony_artwork_01_canvas
Fra:1 Mem:403.64M (Peak 403.64M) | Time:00:00.13 | Mem:0.00M, Peak:0.00M | Scene, ViewLayer | Synchronizing object | common_master_bedroom_dressing_table_01_top
Fra:1 Mem:403.64M (Peak 403.64M) | Time:00:00.13 | Mem:0.00M, Peak:0.00M | Scene, ViewLayer | Synchronizing object | common_master_bedroom_dressing_table_01_topl
Fra:1 Mem:403.65M (Peak 403.65M) | Time:00:00.13 | Mem:0.00M, Peak:0.00M | Scene, ViewLayer | Synchronizing object | common_master_bedroom_dressing_table_01_side0
Fra:1 Mem:403.65M (Peak 403.65M) | Time:00:00.13 | Mem:0.00M, Peak:0.00M | Scene, ViewLayer | Synchronizing object | common_master_bedroom_dressing_table_01_drw
Fra:1 Mem:403.66M (Peak 403.66M) | Time:00:00.13 | Mem:0.00M, Peak:0.00M | Scene, ViewLayer | Synchronizing object | common_master_bedroom_dressing_table_01drw_drw_gapbg
Fra:1 Mem:403.66M (Peak 403.66M) | Time:00:00.13 | Mem:0.00M, Peak:0.00M | Scene, ViewLayer | Synchronizing object | common_master_bedroom_dressing_table_01drw_drw_f0
Fra:1 Mem:403.66M (Peak 403.66M) | Time:00:00.13 | Mem:0.00M, Peak:0.00M | Scene, ViewLayer | Synchronizing object | common_master_bedroom_dressing_table_01drw_drw_f1
Fra:1 Mem:410.71M (Peak 410.71M) | Time:00:00.13 | Mem:0.00M, Peak:0.00M | Scene, ViewLayer | Synchronizing object | common_master_bedroom_dressing_table_01drw_drw_p1
Fra:1 Mem:410.71M (Peak 410.71M) | Time:00:00.13 | Mem:0.00M, Peak:0.00M | Scene, ViewLayer | Synchronizing object | common_master_bedroom_dressing_table_01_upper
Fra:1 Mem:410.71M (Peak 410.71M) | Time:00:00.13 | Mem:0.00M, Peak:0.00M | Scene, ViewLayer | Synchronizing object | common_master_bedroom_dressing_table_01_door_gapbg
Fra:1 Mem:410.71M (Peak 410.71M) | Time:00:00.13 | Mem:0.00M, Peak:0.00M | Scene, ViewLayer | Synchronizing object | common_master_bedroom_dressing_table_01_door_f0l
Fra:1 Mem:410.71M (Peak 410.71M) | Time:00:00.13 | Mem:0.00M, Peak:0.00M | Scene, ViewLayer | Synchronizing object | common_master_bedroom_dressing_table_01_door_f0r
Fra:1 Mem:410.77M (Peak 410.77M) | Time:00:00.13 | Mem:0.00M, Peak:0.00M | Scene, ViewLayer | Synchronizing object | common_master_bedroom_dressing_table_01_door_f0b
Fra:1 Mem:410.78M (Peak 410.78M) | Time:00:00.13 | Mem:0.00M, Peak:0.00M | Scene, ViewLayer | Synchronizing object | common_master_bedroom_dressing_table_01_door_f0c
Fra:1 Mem:410.78M (Peak 410.78M) | Time:00:00.13 | Mem:0.00M, Peak:0.00M | Scene, ViewLayer | Synchronizing object | common_master_bedroom_dressing_table_01_door_f1l
Fra:1 Mem:410.79M (Peak 410.79M) | Time:00:00.13 | Mem:0.00M, Peak:0.00M | Scene, ViewLayer | Synchronizing object | common_master_bedroom_dressing_table_01_door_f1r
Fra:1 Mem:410.80M (Peak 410.80M) | Time:00:00.13 | Mem:0.00M, Peak:0.00M | Scene, ViewLayer | Synchronizing object | common_master_bedroom_dressing_table_01_door_f1b
Fra:1 Mem:410.81M (Peak 410.81M) | Time:00:00.13 | Mem:0.00M, Peak:0.00M | Scene, ViewLayer | Synchronizing object | common_master_bedroom_dressing_table_01_door_f1c
Fra:1 Mem:410.82M (Peak 410.82M) | Time:00:00.13 | Mem:0.00M, Peak:0.00M | Scene, ViewLayer | Synchronizing object | common_master_bedroom_dressing_table_01_door_f2l
Fra:1 Mem:410.84M (Peak 410.84M) | Time:00:00.13 | Mem:0.00M, Peak:0.00M | Scene, ViewLayer | Synchronizing object | common_master_bedroom_dressing_table_01_door_f2r
Fra:1 Mem:410.84M (Peak 410.84M) | Time:00:00.13 | Mem:0.00M, Peak:0.00M | Scene, ViewLayer | Synchronizing object | common_master_bedroom_dressing_table_01_door_f2t
Fra:1 Mem:410.85M (Peak 410.85M) | Time:00:00.13 | Mem:0.00M, Peak:0.00M | Scene, ViewLayer | Synchronizing object | common_master_bedroom_dressing_table_01_door_f2c
Fra:1 Mem:410.86M (Peak 410.86M) | Time:00:00.13 | Mem:0.00M, Peak:0.00M | Scene, ViewLayer | Synchronizing object | common_master_bedroom_dressing_table_01_door_p2
Fra:1 Mem:410.86M (Peak 410.86M) | Time:00:00.13 | Mem:0.00M, Peak:0.00M | Scene, ViewLayer | Synchronizing object | fx_chair_A6n_leg01
Fra:1 Mem:410.87M (Peak 410.87M) | Time:00:00.13 | Mem:0.00M, Peak:0.00M | Scene, ViewLayer | Synchronizing object | common_master_bedroom_stool_01_pad
Fra:1 Mem:410.87M (Peak 410.87M) | Time:00:00.13 | Mem:0.00M, Peak:0.00M | Scene, ViewLayer | Synchronizing object | common_master_bedroom_stool_01_leg0
Fra:1 Mem:410.89M (Peak 410.89M) | Time:00:00.13 | Mem:0.00M, Peak:0.00M | Scene, ViewLayer | Synchronizing object | common_master_bedroom_stool_01_leg1
Fra:1 Mem:410.90M (Peak 410.90M) | Time:00:00.13 | Mem:0.00M, Peak:0.00M | Scene, ViewLayer | Synchronizing object | common_master_bedroom_stool_01_leg3
Fra:1 Mem:410.91M (Peak 410.91M) | Time:00:00.13 | Mem:0.00M, Peak:0.00M | Scene, ViewLayer | Synchronizing object | common_master_bedroom_bed_01_frame
Fra:1 Mem:410.91M (Peak 410.91M) | Time:00:00.13 | Mem:0.00M, Peak:0.00M | Scene, ViewLayer | Synchronizing object | common_master_bedroom_bed_01_duvet
Fra:1 Mem:410.91M (Peak 410.91M) | Time:00:00.13 | Mem:0.00M, Peak:0.00M | Scene, ViewLayer | Synchronizing object | common_master_bedroom_bed_01_duvetdrop
Fra:1 Mem:410.92M (Peak 410.92M) | Time:00:00.13 | Mem:0.00M, Peak:0.00M | Scene, ViewLayer | Synchronizing object | common_master_bedroom_bed_01_duvetdrop2
Fra:1 Mem:410.92M (Peak 410.92M) | Time:00:00.13 | Mem:0.00M, Peak:0.00M | Scene, ViewLayer | Synchronizing object | common_master_bedroom_bed_01_pillow1
Fra:1 Mem:410.93M (Peak 410.93M) | Time:00:00.13 | Mem:0.00M, Peak:0.00M | Scene, ViewLayer | Synchronizing object | common_master_bedroom_bed_01_throw
Fra:1 Mem:410.95M (Peak 410.95M) | Time:00:00.13 | Mem:0.00M, Peak:0.00M | Scene, ViewLayer | Synchronizing object | common_master_bedroom_headboard_01_pad
Fra:1 Mem:410.95M (Peak 410.95M) | Time:00:00.13 | Mem:0.00M, Peak:0.00M | Scene, ViewLayer | Synchronizing object | common_master_bedroom_nightstand_01_body
Fra:1 Mem:410.96M (Peak 410.96M) | Time:00:00.13 | Mem:0.00M, Peak:0.00M | Scene, ViewLayer | Synchronizing object | common_master_bedroom_nightstand_01_drw_gapbg
Fra:1 Mem:410.96M (Peak 410.96M) | Time:00:00.13 | Mem:0.00M, Peak:0.00M | Scene, ViewLayer | Synchronizing object | common_master_bedroom_nightstand_01_leg0
Fra:1 Mem:410.96M (Peak 410.96M) | Time:00:00.13 | Mem:0.00M, Peak:0.00M | Scene, ViewLayer | Synchronizing object | fx_chair_A6n_back1
Fra:1 Mem:410.96M (Peak 410.96M) | Time:00:00.13 | Mem:0.00M, Peak:0.00M | Scene, ViewLayer | Synchronizing object | common_master_bedroom_nightstand_01_leg3
Fra:1 Mem:410.96M (Peak 410.96M) | Time:00:00.13 | Mem:0.00M, Peak:0.00M | Scene, ViewLayer | Synchronizing object | common_master_bedroom_nightstand_02_body
Fra:1 Mem:410.98M (Peak 410.98M) | Time:00:00.13 | Mem:0.00M, Peak:0.00M | Scene, ViewLayer | Synchronizing object | common_master_bedroom_nightstand_02_drw_gapbg
Fra:1 Mem:410.99M (Peak 410.99M) | Time:00:00.13 | Mem:0.00M, Peak:0.00M | Scene, ViewLayer | Synchronizing object | common_master_bedroom_nightstand_02_drw_f0
Fra:1 Mem:411.00M (Peak 411.00M) | Time:00:00.13 | Mem:0.00M, Peak:0.00M | Scene, ViewLayer | Synchronizing object | common_master_bedroom_nightstand_02_drw_p0
Fra:1 Mem:411.01M (Peak 411.01M) | Time:00:00.13 | Mem:0.00M, Peak:0.00M | Scene, ViewLayer | Synchronizing object | common_master_bedroom_nightstand_02_leg1
Fra:1 Mem:411.01M (Peak 411.01M) | Time:00:00.13 | Mem:0.00M, Peak:0.00M | Scene, ViewLayer | Synchronizing object | common_master_bedroom_nightstand_02_leg2
Fra:1 Mem:411.02M (Peak 411.02M) | Time:00:00.13 | Mem:0.00M, Peak:0.00M | Scene, ViewLayer | Synchronizing object | common_master_bedroom_desk_01_top
Fra:1 Mem:411.03M (Peak 411.03M) | Time:00:00.13 | Mem:0.00M, Peak:0.00M | Scene, ViewLayer | Synchronizing object | common_master_bedroom_desk_01_drawer
Fra:1 Mem:411.04M (Peak 411.04M) | Time:00:00.13 | Mem:0.00M, Peak:0.00M | Scene, ViewLayer | Synchronizing object | common_master_bedroom_desk_01_leg2
Fra:1 Mem:411.04M (Peak 411.04M) | Time:00:00.13 | Mem:0.00M, Peak:0.00M | Scene, ViewLayer | Synchronizing object | common_master_bedroom_desk_01_leg3
Fra:1 Mem:411.05M (Peak 411.05M) | Time:00:00.13 | Mem:0.00M, Peak:0.00M | Scene, ViewLayer | Synchronizing object | common_master_bedroom_desk_01_monitor
Fra:1 Mem:411.05M (Peak 411.05M) | Time:00:00.13 | Mem:0.00M, Peak:0.00M | Scene, ViewLayer | Synchronizing object | common_master_bedroom_chair_01_seat
Fra:1 Mem:411.05M (Peak 411.05M) | Time:00:00.13 | Mem:0.00M, Peak:0.00M | Scene, ViewLayer | Synchronizing object | common_master_bedroom_chair_01_post
Fra:1 Mem:411.05M (Peak 411.05M) | Time:00:00.13 | Mem:0.00M, Peak:0.00M | Scene, ViewLayer | Synchronizing object | common_master_bedroom_chair_01_base
Fra:1 Mem:411.06M (Peak 411.06M) | Time:00:00.13 | Mem:0.00M, Peak:0.00M | Scene, ViewLayer | Synchronizing object | common_master_bedroom_rug_01_pile
Fra:1 Mem:411.07M (Peak 411.07M) | Time:00:00.13 | Mem:0.00M, Peak:0.00M | Scene, ViewLayer | Synchronizing object | common_terrace_coffee_table_01_top
Fra:1 Mem:404.92M (Peak 411.07M) | Time:00:00.13 | Mem:0.00M, Peak:0.00M | Scene, ViewLayer | Synchronizing object | common_terrace_coffee_table_01_leg0
Fra:1 Mem:404.92M (Peak 411.07M) | Time:00:00.13 | Mem:0.00M, Peak:0.00M | Scene, ViewLayer | Synchronizing object | common_terrace_lounge_chair_01_seat
Fra:1 Mem:404.93M (Peak 411.07M) | Time:00:00.13 | Mem:0.00M, Peak:0.00M | Scene, ViewLayer | Synchronizing object | common_terrace_lounge_chair_01_cushion
Fra:1 Mem:404.94M (Peak 411.07M) | Time:00:00.13 | Mem:0.00M, Peak:0.00M | Scene, ViewLayer | Synchronizing object | common_terrace_lounge_chair_01_back0
Fra:1 Mem:410.25M (Peak 411.07M) | Time:00:00.13 | Mem:0.00M, Peak:0.00M | Scene, ViewLayer | Synchronizing object | common_terrace_lounge_chair_01_back1
Fra:1 Mem:410.26M (Peak 411.07M) | Time:00:00.13 | Mem:0.00M, Peak:0.00M | Scene, ViewLayer | Synchronizing object | common_terrace_lounge_chair_01_back2
Fra:1 Mem:410.29M (Peak 411.07M) | Time:00:00.13 | Mem:0.00M, Peak:0.00M | Scene, ViewLayer | Synchronizing object | common_terrace_lounge_chair_01_arm-1
Fra:1 Mem:410.30M (Peak 411.07M) | Time:00:00.13 | Mem:0.00M, Peak:0.00M | Scene, ViewLayer | Synchronizing object | common_terrace_lounge_chair_01_arm1
Fra:1 Mem:410.31M (Peak 411.07M) | Time:00:00.13 | Mem:0.00M, Peak:0.00M | Scene, ViewLayer | Synchronizing object | fx_chair_A6n_back0
Fra:1 Mem:410.32M (Peak 411.07M) | Time:00:00.13 | Mem:0.00M, Peak:0.00M | Scene, ViewLayer | Synchronizing object | common_terrace_lounge_chair_01_armp1
Fra:1 Mem:417.06M (Peak 417.06M) | Time:00:00.13 | Mem:0.00M, Peak:0.00M | Scene, ViewLayer | Synchronizing object | common_terrace_lounge_chair_01_leg0
Fra:1 Mem:417.06M (Peak 417.06M) | Time:00:00.13 | Mem:0.00M, Peak:0.00M | Scene, ViewLayer | Synchronizing object | common_terrace_lounge_chair_01_leg1
Fra:1 Mem:417.06M (Peak 417.06M) | Time:00:00.13 | Mem:0.00M, Peak:0.00M | Scene, ViewLayer | Synchronizing object | common_terrace_lounge_chair_01_leg2
Fra:1 Mem:417.06M (Peak 417.06M) | Time:00:00.13 | Mem:0.00M, Peak:0.00M | Scene, ViewLayer | Synchronizing object | common_terrace_lounge_chair_02_seat
Fra:1 Mem:417.07M (Peak 417.07M) | Time:00:00.13 | Mem:0.00M, Peak:0.00M | Scene, ViewLayer | Synchronizing object | common_terrace_lounge_chair_02_cushion
Fra:1 Mem:417.07M (Peak 417.07M) | Time:00:00.13 | Mem:0.00M, Peak:0.00M | Scene, ViewLayer | Synchronizing object | common_terrace_lounge_chair_02_back1
Fra:1 Mem:417.07M (Peak 417.07M) | Time:00:00.13 | Mem:0.00M, Peak:0.00M | Scene, ViewLayer | Synchronizing object | common_terrace_lounge_chair_02_back2
Fra:1 Mem:417.09M (Peak 417.09M) | Time:00:00.13 | Mem:0.00M, Peak:0.00M | Scene, ViewLayer | Synchronizing object | common_terrace_lounge_chair_02_arm-1
Fra:1 Mem:417.09M (Peak 417.09M) | Time:00:00.13 | Mem:0.00M, Peak:0.00M | Scene, ViewLayer | Synchronizing object | common_terrace_lounge_chair_02_armp1
Fra:1 Mem:417.11M (Peak 417.11M) | Time:00:00.13 | Mem:0.00M, Peak:0.00M | Scene, ViewLayer | Synchronizing object | common_terrace_lounge_chair_02_leg0
Fra:1 Mem:417.11M (Peak 417.11M) | Time:00:00.13 | Mem:0.00M, Peak:0.00M | Scene, ViewLayer | Synchronizing object | common_terrace_lounge_chair_02_leg1
Fra:1 Mem:417.11M (Peak 417.11M) | Time:00:00.13 | Mem:0.00M, Peak:0.00M | Scene, ViewLayer | Synchronizing object | common_terrace_lounge_chair_02_leg3
Fra:1 Mem:417.11M (Peak 417.11M) | Time:00:00.13 | Mem:0.00M, Peak:0.00M | Scene, ViewLayer | Synchronizing object | common_terrace_plant_01_stem
Fra:1 Mem:417.12M (Peak 417.12M) | Time:00:00.13 | Mem:0.00M, Peak:0.00M | Scene, ViewLayer | Synchronizing object | f1_tvw_art
Fra:1 Mem:417.12M (Peak 417.12M) | Time:00:00.13 | Mem:0.00M, Peak:0.00M | Scene, ViewLayer | Synchronizing object | common_terrace_plant_01_leaf0
Fra:1 Mem:417.12M (Peak 417.12M) | Time:00:00.13 | Mem:0.00M, Peak:0.00M | Scene, ViewLayer | Synchronizing object | common_terrace_plant_01_leaf1
Fra:1 Mem:417.12M (Peak 417.12M) | Time:00:00.13 | Mem:0.00M, Peak:0.00M | Scene, ViewLayer | Synchronizing object | common_terrace_plant_01_leaf2
Fra:1 Mem:417.14M (Peak 417.14M) | Time:00:00.13 | Mem:0.00M, Peak:0.00M | Scene, ViewLayer | Synchronizing object | common_terrace_plant_01_leaf4
Fra:1 Mem:417.15M (Peak 417.15M) | Time:00:00.13 | Mem:0.00M, Peak:0.00M | Scene, ViewLayer | Synchronizing object | common_terrace_plant_01_leaf5
Fra:1 Mem:417.15M (Peak 417.15M) | Time:00:00.13 | Mem:0.00M, Peak:0.00M | Scene, ViewLayer | Synchronizing object | common_terrace_plant_02_pot
Fra:1 Mem:417.15M (Peak 417.15M) | Time:00:00.13 | Mem:0.00M, Peak:0.00M | Scene, ViewLayer | Synchronizing object | common_terrace_plant_02_stem
Fra:1 Mem:417.16M (Peak 417.16M) | Time:00:00.13 | Mem:0.00M, Peak:0.00M | Scene, ViewLayer | Synchronizing object | common_terrace_plant_02_leaf0
Fra:1 Mem:417.17M (Peak 417.17M) | Time:00:00.13 | Mem:0.00M, Peak:0.00M | Scene, ViewLayer | Synchronizing object | common_terrace_plant_02_leaf2
Fra:1 Mem:417.17M (Peak 417.17M) | Time:00:00.13 | Mem:0.00M, Peak:0.00M | Scene, ViewLayer | Synchronizing object | common_terrace_plant_02_leaf3
Fra:1 Mem:417.18M (Peak 417.18M) | Time:00:00.13 | Mem:0.00M, Peak:0.00M | Scene, ViewLayer | Synchronizing object | common_terrace_plant_02_leaf4
Fra:1 Mem:417.18M (Peak 417.18M) | Time:00:00.13 | Mem:0.00M, Peak:0.00M | Scene, ViewLayer | Synchronizing object | common_terrace_plant_02_leaf5
Fra:1 Mem:417.18M (Peak 417.18M) | Time:00:00.13 | Mem:0.00M, Peak:0.00M | Scene, ViewLayer | Synchronizing object | common_terrace_plant_03_stem
Fra:1 Mem:417.19M (Peak 417.19M) | Time:00:00.13 | Mem:0.00M, Peak:0.00M | Scene, ViewLayer | Synchronizing object | common_terrace_plant_03_leaf0
Fra:1 Mem:417.19M (Peak 417.19M) | Time:00:00.13 | Mem:0.00M, Peak:0.00M | Scene, ViewLayer | Synchronizing object | common_terrace_plant_03_leaf1
Fra:1 Mem:417.19M (Peak 417.19M) | Time:00:00.13 | Mem:0.00M, Peak:0.00M | Scene, ViewLayer | Synchronizing object | f1_tvw_slat14
Fra:1 Mem:417.19M (Peak 417.19M) | Time:00:00.13 | Mem:0.00M, Peak:0.00M | Scene, ViewLayer | Synchronizing object | f1_tvw_slat13
Fra:1 Mem:417.19M (Peak 417.19M) | Time:00:00.13 | Mem:0.00M, Peak:0.00M | Scene, ViewLayer | Synchronizing object | common_terrace_plant_03_leaf3
Fra:1 Mem:417.19M (Peak 417.19M) | Time:00:00.13 | Mem:0.00M, Peak:0.00M | Scene, ViewLayer | Synchronizing object | common_terrace_plant_03_leaf4
Fra:1 Mem:417.20M (Peak 417.20M) | Time:00:00.13 | Mem:0.00M, Peak:0.00M | Scene, ViewLayer | Synchronizing object | common_terrace_plant_03_leaf5
Fra:1 Mem:417.20M (Peak 417.20M) | Time:00:00.13 | Mem:0.00M, Peak:0.00M | Scene, ViewLayer | Synchronizing object | common_terrace_plant_04_pot
Fra:1 Mem:417.22M (Peak 417.22M) | Time:00:00.13 | Mem:0.00M, Peak:0.00M | Scene, ViewLayer | Synchronizing object | common_terrace_plant_04_leaf0
Fra:1 Mem:417.22M (Peak 417.22M) | Time:00:00.13 | Mem:0.00M, Peak:0.00M | Scene, ViewLayer | Synchronizing object | common_terrace_plant_04_leaf2
Fra:1 Mem:417.22M (Peak 417.22M) | Time:00:00.13 | Mem:0.00M, Peak:0.00M | Scene, ViewLayer | Synchronizing object | common_terrace_plant_04_leaf4
Fra:1 Mem:417.22M (Peak 417.22M) | Time:00:00.13 | Mem:0.00M, Peak:0.00M | Scene, ViewLayer | Synchronizing object | common_terrace_plant_04_leaf5
Fra:1 Mem:417.23M (Peak 417.23M) | Time:00:00.13 | Mem:0.00M, Peak:0.00M | Scene, ViewLayer | Synchronizing object | common_parents_room_bed_01_mattress
Fra:1 Mem:417.23M (Peak 417.23M) | Time:00:00.13 | Mem:0.00M, Peak:0.00M | Scene, ViewLayer | Synchronizing object | common_parents_room_bed_01_headboard
Fra:1 Mem:417.25M (Peak 417.25M) | Time:00:00.13 | Mem:0.00M, Peak:0.00M | Scene, ViewLayer | Synchronizing object | common_parents_room_bed_01_duvet
Fra:1 Mem:417.25M (Peak 417.25M) | Time:00:00.13 | Mem:0.00M, Peak:0.00M | Scene, ViewLayer | Synchronizing object | common_parents_room_bed_01_duvetdrop2
Fra:1 Mem:417.26M (Peak 417.26M) | Time:00:00.13 | Mem:0.00M, Peak:0.00M | Scene, ViewLayer | Synchronizing object | common_parents_room_bed_01_pillow1
Fra:1 Mem:417.27M (Peak 417.27M) | Time:00:00.13 | Mem:0.00M, Peak:0.00M | Scene, ViewLayer | Synchronizing object | common_parents_room_bed_01_pillow2
Fra:1 Mem:417.27M (Peak 417.27M) | Time:00:00.13 | Mem:0.00M, Peak:0.00M | Scene, ViewLayer | Synchronizing object | common_parents_room_nightstand_01_drw_gapbg
Fra:1 Mem:417.28M (Peak 417.28M) | Time:00:00.13 | Mem:0.00M, Peak:0.00M | Scene, ViewLayer | Synchronizing object | common_parents_room_nightstand_01_drw_f0
Fra:1 Mem:417.28M (Peak 417.28M) | Time:00:00.13 | Mem:0.00M, Peak:0.00M | Scene, ViewLayer | Synchronizing object | common_parents_room_nightstand_01_drw_p0
Fra:1 Mem:417.29M (Peak 417.29M) | Time:00:00.13 | Mem:0.00M, Peak:0.00M | Scene, ViewLayer | Synchronizing object | common_parents_room_cushion_01_pil_olive
Fra:1 Mem:417.29M (Peak 417.29M) | Time:00:00.13 | Mem:0.00M, Peak:0.00M | Scene, ViewLayer | Synchronizing object | common_parents_room_cushion_01_pil_brick
Fra:1 Mem:417.29M (Peak 417.29M) | Time:00:00.13 | Mem:0.00M, Peak:0.00M | Scene, ViewLayer | Synchronizing object | common_parents_room_shelf_01_side1
Fra:1 Mem:417.29M (Peak 417.29M) | Time:00:00.13 | Mem:0.00M, Peak:0.00M | Scene, ViewLayer | Synchronizing object | common_parents_room_shelf_01_top
Fra:1 Mem:417.29M (Peak 417.29M) | Time:00:00.13 | Mem:0.00M, Peak:0.00M | Scene, ViewLayer | Synchronizing object | common_parents_room_shelf_01_sh1
Fra:1 Mem:417.30M (Peak 417.30M) | Time:00:00.13 | Mem:0.00M, Peak:0.00M | Scene, ViewLayer | Synchronizing object | common_parents_room_shelf_02_side0
Fra:1 Mem:417.30M (Peak 417.30M) | Time:00:00.13 | Mem:0.00M, Peak:0.00M | Scene, ViewLayer | Synchronizing object | common_parents_room_shelf_02_top
Fra:1 Mem:417.30M (Peak 417.30M) | Time:00:00.13 | Mem:0.00M, Peak:0.00M | Scene, ViewLayer | Synchronizing object | common_parents_room_shelf_02_sh1
Fra:1 Mem:417.88M (Peak 417.88M) | Time:00:00.13 | Mem:0.00M, Peak:0.00M | Scene, ViewLayer | Synchronizing object | common_daughter_room_wardrobe_01_body
Fra:1 Mem:417.88M (Peak 417.88M) | Time:00:00.13 | Mem:0.00M, Peak:0.00M | Scene, ViewLayer | Synchronizing object | common_daughter_room_wardrobe_01_door_kn0
Fra:1 Mem:417.89M (Peak 417.89M) | Time:00:00.13 | Mem:0.00M, Peak:0.00M | Scene, ViewLayer | Synchronizing object | common_daughter_room_wardrobe_01_door_f1
Fra:1 Mem:417.85M (Peak 417.89M) | Time:00:00.13 | Mem:0.00M, Peak:0.00M | Scene, ViewLayer | Synchronizing object | common_daughter_room_wardrobe_01_door_f2
Fra:1 Mem:417.78M (Peak 417.89M) | Time:00:00.13 | Mem:0.00M, Peak:0.00M | Scene, ViewLayer | Synchronizing object | common_daughter_room_wardrobe_01_door_kn2
Fra:1 Mem:417.79M (Peak 417.89M) | Time:00:00.13 | Mem:0.00M, Peak:0.00M | Scene, ViewLayer | Synchronizing object | common_daughter_room_wardrobe_01_door_kn3
Fra:1 Mem:417.79M (Peak 417.89M) | Time:00:00.13 | Mem:0.00M, Peak:0.00M | Scene, ViewLayer | Synchronizing object | common_daughter_room_wardrobe_02_body
Fra:1 Mem:417.78M (Peak 417.89M) | Time:00:00.13 | Mem:0.00M, Peak:0.00M | Scene, ViewLayer | Synchronizing object | common_daughter_room_wardrobe_02_door_gapbg
Fra:1 Mem:417.78M (Peak 417.89M) | Time:00:00.13 | Mem:0.00M, Peak:0.00M | Scene, ViewLayer | Synchronizing object | common_daughter_room_wardrobe_02_door_kn0
Fra:1 Mem:416.23M (Peak 417.89M) | Time:00:00.13 | Mem:0.00M, Peak:0.00M | Scene, ViewLayer | Synchronizing object | common_daughter_room_wardrobe_02_door_f1
Fra:1 Mem:416.23M (Peak 417.89M) | Time:00:00.13 | Mem:0.00M, Peak:0.00M | Scene, ViewLayer | Synchronizing object | common_daughter_room_wardrobe_02_door_kn1
Fra:1 Mem:416.24M (Peak 417.89M) | Time:00:00.13 | Mem:0.00M, Peak:0.00M | Scene, ViewLayer | Synchronizing object | common_daughter_room_wardrobe_02_door_f2
Fra:1 Mem:416.24M (Peak 417.89M) | Time:00:00.13 | Mem:0.00M, Peak:0.00M | Scene, ViewLayer | Synchronizing object | f1_tvw_slat10
Fra:1 Mem:416.24M (Peak 417.89M) | Time:00:00.13 | Mem:0.00M, Peak:0.00M | Scene, ViewLayer | Synchronizing object | common_daughter_room_bed_01_frame
Fra:1 Mem:416.25M (Peak 417.89M) | Time:00:00.13 | Mem:0.00M, Peak:0.00M | Scene, ViewLayer | Synchronizing object | common_daughter_room_bed_01_mattress
Fra:1 Mem:394.11M (Peak 417.89M) | Time:00:00.13 | Mem:0.00M, Peak:0.00M | Scene, ViewLayer | Synchronizing object | common_daughter_room_bed_01_headboard
Fra:1 Mem:393.14M (Peak 417.89M) | Time:00:00.13 | Mem:0.00M, Peak:0.00M | Scene, ViewLayer | Synchronizing object | common_daughter_room_bed_01_duvet
Fra:1 Mem:396.50M (Peak 417.89M) | Time:00:00.13 | Mem:0.00M, Peak:0.00M | Scene, ViewLayer | Synchronizing object | common_daughter_room_bed_01_duvetdrop2
Fra:1 Mem:396.51M (Peak 417.89M) | Time:00:00.13 | Mem:0.00M, Peak:0.00M | Scene, ViewLayer | Synchronizing object | common_daughter_room_bed_01_pillow1
Fra:1 Mem:396.52M (Peak 417.89M) | Time:00:00.13 | Mem:0.00M, Peak:0.00M | Scene, ViewLayer | Synchronizing object | common_daughter_room_bed_01_pillow2
Fra:1 Mem:396.52M (Peak 417.89M) | Time:00:00.13 | Mem:0.00M, Peak:0.00M | Scene, ViewLayer | Synchronizing object | common_daughter_room_bed_01_pillow_acc
Fra:1 Mem:396.53M (Peak 417.89M) | Time:00:00.13 | Mem:0.00M, Peak:0.00M | Scene, ViewLayer | Synchronizing object | common_daughter_room_bed_01_throw
Fra:1 Mem:396.55M (Peak 417.89M) | Time:00:00.13 | Mem:0.00M, Peak:0.00M | Scene, ViewLayer | Synchronizing object | common_daughter_room_shelf_01_side0
Fra:1 Mem:396.55M (Peak 417.89M) | Time:00:00.13 | Mem:0.00M, Peak:0.00M | Scene, ViewLayer | Synchronizing object | common_daughter_room_shelf_01_side1
Fra:1 Mem:396.55M (Peak 417.89M) | Time:00:00.13 | Mem:0.00M, Peak:0.00M | Scene, ViewLayer | Synchronizing object | common_daughter_room_shelf_01_top
Fra:1 Mem:396.57M (Peak 417.89M) | Time:00:00.13 | Mem:0.00M, Peak:0.00M | Scene, ViewLayer | Synchronizing object | common_daughter_room_shelf_01_sh1
Fra:1 Mem:396.58M (Peak 417.89M) | Time:00:00.14 | Mem:0.00M, Peak:0.00M | Scene, ViewLayer | Synchronizing object | common_daughter_room_chair_01_seat
Fra:1 Mem:396.58M (Peak 417.89M) | Time:00:00.14 | Mem:0.00M, Peak:0.00M | Scene, ViewLayer | Synchronizing object | common_daughter_room_chair_01_base
Fra:1 Mem:396.61M (Peak 417.89M) | Time:00:00.14 | Mem:0.00M, Peak:0.00M | Scene, ViewLayer | Synchronizing object | common_son_room_wardrobe_01_body
Fra:1 Mem:413.60M (Peak 417.89M) | Time:00:00.14 | Mem:0.00M, Peak:0.00M | Scene, ViewLayer | Synchronizing object | common_son_room_wardrobe_01_slA_f1
Fra:1 Mem:413.61M (Peak 417.89M) | Time:00:00.14 | Mem:0.00M, Peak:0.00M | Scene, ViewLayer | Synchronizing object | f1_tvw_slat08
Fra:1 Mem:413.61M (Peak 417.89M) | Time:00:00.14 | Mem:0.00M, Peak:0.00M | Scene, ViewLayer | Synchronizing object | f1_tvw_slat07
Fra:1 Mem:413.61M (Peak 417.89M) | Time:00:00.14 | Mem:0.00M, Peak:0.00M | Scene, ViewLayer | Synchronizing object | f1_tvw_slat06
Fra:1 Mem:413.61M (Peak 417.89M) | Time:00:00.14 | Mem:0.00M, Peak:0.00M | Scene, ViewLayer | Synchronizing object | f1_tvw_slat05
Fra:1 Mem:413.65M (Peak 417.89M) | Time:00:00.14 | Mem:0.00M, Peak:0.00M | Scene, ViewLayer | Synchronizing object | common_son_room_wardrobe_01_slB_f0
Fra:1 Mem:413.66M (Peak 417.89M) | Time:00:00.14 | Mem:0.00M, Peak:0.00M | Scene, ViewLayer | Synchronizing object | common_son_room_wardrobe_01_slB_f1
Fra:1 Mem:413.66M (Peak 417.89M) | Time:00:00.14 | Mem:0.00M, Peak:0.00M | Scene, ViewLayer | Synchronizing object | common_son_room_wardrobe_01_slB_f2
Fra:1 Mem:413.67M (Peak 417.89M) | Time:00:00.14 | Mem:0.00M, Peak:0.00M | Scene, ViewLayer | Synchronizing object | common_son_room_bed_01_frame
Fra:1 Mem:413.67M (Peak 417.89M) | Time:00:00.14 | Mem:0.00M, Peak:0.00M | Scene, ViewLayer | Synchronizing object | common_son_room_bed_01_mattress
Fra:1 Mem:413.67M (Peak 417.89M) | Time:00:00.14 | Mem:0.00M, Peak:0.00M | Scene, ViewLayer | Synchronizing object | common_son_room_bed_01_headboard
Fra:1 Mem:413.67M (Peak 417.89M) | Time:00:00.14 | Mem:0.00M, Peak:0.00M | Scene, ViewLayer | Synchronizing object | common_son_room_bed_01_duvetdrop2
Fra:1 Mem:413.67M (Peak 417.89M) | Time:00:00.14 | Mem:0.00M, Peak:0.00M | Scene, ViewLayer | Synchronizing object | common_son_room_bed_01_pillow2
Fra:1 Mem:413.69M (Peak 417.89M) | Time:00:00.14 | Mem:0.00M, Peak:0.00M | Scene, ViewLayer | Synchronizing object | common_son_room_desk_01_top
Fra:1 Mem:415.93M (Peak 417.89M) | Time:00:00.14 | Mem:0.00M, Peak:0.00M | Scene, ViewLayer | Synchronizing object | common_son_room_shelf_01_side1
Fra:1 Mem:415.94M (Peak 417.89M) | Time:00:00.14 | Mem:0.00M, Peak:0.00M | Scene, ViewLayer | Synchronizing object | common_son_room_shelf_01_top
Fra:1 Mem:415.95M (Peak 417.89M) | Time:00:00.14 | Mem:0.00M, Peak:0.00M | Scene, ViewLayer | Synchronizing object | common_son_room_shelf_01_sh1
Fra:1 Mem:415.95M (Peak 417.89M) | Time:00:00.14 | Mem:0.00M, Peak:0.00M | Scene, ViewLayer | Synchronizing object | common_son_room_chair_01_post
Fra:1 Mem:415.96M (Peak 417.89M) | Time:00:00.14 | Mem:0.00M, Peak:0.00M | Scene, ViewLayer | Synchronizing object | common_son_room_chair_01_base
Fra:1 Mem:415.96M (Peak 417.89M) | Time:00:00.14 | Mem:0.00M, Peak:0.00M | Scene, ViewLayer | Synchronizing object | common_son_room_rug_01_pile
Fra:1 Mem:415.96M (Peak 417.89M) | Time:00:00.14 | Mem:0.00M, Peak:0.00M | Scene, ViewLayer | Synchronizing object | f1_tvw_slat04
Fra:1 Mem:415.97M (Peak 417.89M) | Time:00:00.14 | Mem:0.00M, Peak:0.00M | Scene, ViewLayer | Synchronizing object | fx_curt_master_sheer
Fra:1 Mem:416.00M (Peak 417.89M) | Time:00:00.14 | Mem:0.00M, Peak:0.00M | Scene, ViewLayer | Synchronizing object | fx_curt_master_bo_w
Fra:1 Mem:416.01M (Peak 417.89M) | Time:00:00.14 | Mem:0.00M, Peak:0.00M | Scene, ViewLayer | Synchronizing object | fx_curt_master_bo_e
Fra:1 Mem:416.01M (Peak 417.89M) | Time:00:00.14 | Mem:0.00M, Peak:0.00M | Scene, ViewLayer | Synchronizing object | fx_curt_parents_roller
Fra:1 Mem:416.01M (Peak 417.89M) | Time:00:00.14 | Mem:0.00M, Peak:0.00M | Scene, ViewLayer | Synchronizing object | fx_curt_daughter_sheer
Fra:1 Mem:416.01M (Peak 417.89M) | Time:00:00.14 | Mem:0.00M, Peak:0.00M | Scene, ViewLayer | Synchronizing object | fx_curt_daughter_bo_w
Fra:1 Mem:416.01M (Peak 417.89M) | Time:00:00.14 | Mem:0.00M, Peak:0.00M | Scene, ViewLayer | Synchronizing object | fx_curt_son_sheer
Fra:1 Mem:416.02M (Peak 417.89M) | Time:00:00.14 | Mem:0.00M, Peak:0.00M | Scene, ViewLayer | Synchronizing object | fx_curt_son_bo_w
Fra:1 Mem:416.02M (Peak 417.89M) | Time:00:00.14 | Mem:0.00M, Peak:0.00M | Scene, ViewLayer | Synchronizing object | fx_curt_son_bo_e
Fra:1 Mem:416.03M (Peak 417.89M) | Time:00:00.14 | Mem:0.00M, Peak:0.00M | Scene, ViewLayer | Synchronizing object | fx_blind_mb_head
Fra:1 Mem:416.04M (Peak 417.89M) | Time:00:00.14 | Mem:0.00M, Peak:0.00M | Scene, ViewLayer | Synchronizing object | fx_blind_mb_slats0
Fra:1 Mem:416.05M (Peak 417.89M) | Time:00:00.14 | Mem:0.00M, Peak:0.00M | Scene, ViewLayer | Synchronizing object | fx_blind_mb_slats2
Fra:1 Mem:416.05M (Peak 417.89M) | Time:00:00.14 | Mem:0.00M, Peak:0.00M | Scene, ViewLayer | Synchronizing object | fx_blind_mb_slats4
Fra:1 Mem:416.05M (Peak 417.89M) | Time:00:00.14 | Mem:0.00M, Peak:0.00M | Scene, ViewLayer | Synchronizing object | fx_blind_mb_slats5
Fra:1 Mem:416.05M (Peak 417.89M) | Time:00:00.14 | Mem:0.00M, Peak:0.00M | Scene, ViewLayer | Synchronizing object | f1_tvw_slat03
Fra:1 Mem:416.06M (Peak 417.89M) | Time:00:00.14 | Mem:0.00M, Peak:0.00M | Scene, ViewLayer | Synchronizing object | f1_tvw_slat02
Fra:1 Mem:416.06M (Peak 417.89M) | Time:00:00.14 | Mem:0.00M, Peak:0.00M | Scene, ViewLayer | Synchronizing object | fx_wall_lamp0_sh
Fra:1 Mem:416.07M (Peak 417.89M) | Time:00:00.14 | Mem:0.00M, Peak:0.00M | Scene, ViewLayer | Synchronizing object | f1_tvw_slat01
Fra:1 Mem:416.08M (Peak 417.89M) | Time:00:00.14 | Mem:0.00M, Peak:0.00M | Scene, ViewLayer | Synchronizing object | fx_wall_lamp1_sh
Fra:1 Mem:416.09M (Peak 417.89M) | Time:00:00.14 | Mem:0.00M, Peak:0.00M | Scene, ViewLayer | Synchronizing object | fx_wall_lamp2
Fra:1 Mem:416.09M (Peak 417.89M) | Time:00:00.14 | Mem:0.00M, Peak:0.00M | Scene, ViewLayer | Synchronizing object | fx_wall_lamp2_sh
Fra:1 Mem:416.10M (Peak 417.89M) | Time:00:00.14 | Mem:0.00M, Peak:0.00M | Scene, ViewLayer | Synchronizing object | fx_wall_lamp3
Fra:1 Mem:416.11M (Peak 417.89M) | Time:00:00.14 | Mem:0.00M, Peak:0.00M | Scene, ViewLayer | Synchronizing object | fx_wall_lamp3_sh
Fra:1 Mem:416.13M (Peak 417.89M) | Time:00:00.14 | Mem:0.00M, Peak:0.00M | Scene, ViewLayer | Synchronizing object | fx_foyer_jar
Fra:1 Mem:416.16M (Peak 417.89M) | Time:00:00.14 | Mem:0.00M, Peak:0.00M | Scene, ViewLayer | Synchronizing object | fx_foyer_pic
Fra:1 Mem:416.19M (Peak 417.89M) | Time:00:00.14 | Mem:0.00M, Peak:0.00M | Scene, ViewLayer | Synchronizing object | f1_tvw_slat00
Fra:1 Mem:416.19M (Peak 417.89M) | Time:00:00.14 | Mem:0.00M, Peak:0.00M | Scene, ViewLayer | Synchronizing object | f1_tvw_led_t
Fra:1 Mem:416.19M (Peak 417.89M) | Time:00:00.14 | Mem:0.00M, Peak:0.00M | Scene, ViewLayer | Synchronizing object | f1_tvw_led_n
Fra:1 Mem:416.19M (Peak 417.89M) | Time:00:00.14 | Mem:0.00M, Peak:0.00M | Scene, ViewLayer | Synchronizing object | f1_tvw_led_s
Fra:1 Mem:416.19M (Peak 417.89M) | Time:00:00.14 | Mem:0.00M, Peak:0.00M | Scene, ViewLayer | Synchronizing object | f1_tvw_panel
Fra:1 Mem:416.19M (Peak 417.89M) | Time:00:00.14 | Mem:0.00M, Peak:0.00M | Scene, ViewLayer | Synchronizing object | f1_tvc_strip
Fra:1 Mem:416.19M (Peak 417.89M) | Time:00:00.14 | Mem:0.00M, Peak:0.00M | Scene, ViewLayer | Synchronizing object | f1_tvc_topline
Fra:1 Mem:416.19M (Peak 417.89M) | Time:00:00.14 | Mem:0.00M, Peak:0.00M | Scene, ViewLayer | Synchronizing object | fx_kn_board
Fra:1 Mem:416.19M (Peak 417.89M) | Time:00:00.14 | Mem:0.00M, Peak:0.00M | Scene, ViewLayer | Synchronizing object | f1_tvc_gap
Fra:1 Mem:416.20M (Peak 417.89M) | Time:00:00.14 | Mem:0.00M, Peak:0.00M | Scene, ViewLayer | Synchronizing object | fx_kn_oil
Fra:1 Mem:416.20M (Peak 417.89M) | Time:00:00.14 | Mem:0.00M, Peak:0.00M | Scene, ViewLayer | Synchronizing object | fx_kn_herb_leaf1
Fra:1 Mem:416.21M (Peak 417.89M) | Time:00:00.14 | Mem:0.00M, Peak:0.00M | Scene, ViewLayer | Synchronizing object | fx_kn_herb_leaf2
Fra:1 Mem:416.21M (Peak 417.89M) | Time:00:00.14 | Mem:0.00M, Peak:0.00M | Scene, ViewLayer | Synchronizing object | fx_bc_frame
Fra:1 Mem:416.21M (Peak 417.89M) | Time:00:00.14 | Mem:0.00M, Peak:0.00M | Scene, ViewLayer | Synchronizing object | fx_bc_rec0
Fra:1 Mem:416.21M (Peak 417.89M) | Time:00:00.14 | Mem:0.00M, Peak:0.00M | Scene, ViewLayer | Synchronizing object | fx_bc_rec1
Fra:1 Mem:416.21M (Peak 417.89M) | Time:00:00.14 | Mem:0.00M, Peak:0.00M | Scene, ViewLayer | Synchronizing object | f1_tvc_body
Fra:1 Mem:416.21M (Peak 417.89M) | Time:00:00.14 | Mem:0.00M, Peak:0.00M | Scene, ViewLayer | Synchronizing object | fx_bc_recstand
Fra:1 Mem:416.22M (Peak 417.89M) | Time:00:00.14 | Mem:0.00M, Peak:0.00M | Scene, ViewLayer | Synchronizing object | fx_bc_b3_0
Fra:1 Mem:420.47M (Peak 420.47M) | Time:00:00.14 | Mem:0.00M, Peak:0.00M | Scene, ViewLayer | Synchronizing object | fx_bc_b3_1
Fra:1 Mem:420.47M (Peak 420.47M) | Time:00:00.14 | Mem:0.00M, Peak:0.00M | Scene, ViewLayer | Synchronizing object | fx_bc_pot4
Fra:1 Mem:420.47M (Peak 420.47M) | Time:00:00.14 | Mem:0.00M, Peak:0.00M | Scene, ViewLayer | Synchronizing object | fx_bc_g0_0
Fra:1 Mem:420.48M (Peak 420.48M) | Time:00:00.14 | Mem:0.00M, Peak:0.00M | Scene, ViewLayer | Synchronizing object | fx_bc_g0_1
Fra:1 Mem:420.48M (Peak 420.48M) | Time:00:00.14 | Mem:0.00M, Peak:0.00M | Scene, ViewLayer | Synchronizing object | fx_bc_gpot
Fra:1 Mem:420.49M (Peak 420.49M) | Time:00:00.14 | Mem:0.00M, Peak:0.00M | Scene, ViewLayer | Synchronizing object | fx_bc_g1_1
Fra:1 Mem:420.49M (Peak 420.49M) | Time:00:00.14 | Mem:0.00M, Peak:0.00M | Scene, ViewLayer | Synchronizing object | fx_bc_g1_2
Fra:1 Mem:420.49M (Peak 420.49M) | Time:00:00.14 | Mem:0.00M, Peak:0.00M | Scene, ViewLayer | Synchronizing object | fx_bc_gpot2
Fra:1 Mem:420.49M (Peak 420.49M) | Time:00:00.14 | Mem:0.00M, Peak:0.00M | Scene, ViewLayer | Synchronizing object | fx_desk_book0
Fra:1 Mem:420.49M (Peak 420.49M) | Time:00:00.14 | Mem:0.00M, Peak:0.00M | Scene, ViewLayer | Synchronizing object | fx_desk_book1
Fra:1 Mem:420.50M (Peak 420.50M) | Time:00:00.14 | Mem:0.00M, Peak:0.00M | Scene, ViewLayer | Synchronizing object | fx_fiddle_stem
Fra:1 Mem:420.51M (Peak 420.51M) | Time:00:00.14 | Mem:0.00M, Peak:0.00M | Scene, ViewLayer | Synchronizing object | fx_fiddle_leaf0
Fra:1 Mem:420.51M (Peak 420.51M) | Time:00:00.14 | Mem:0.00M, Peak:0.00M | Scene, ViewLayer | Synchronizing object | fx_fiddle_leaf2
Fra:1 Mem:420.51M (Peak 420.51M) | Time:00:00.14 | Mem:0.00M, Peak:0.00M | Scene, ViewLayer | Synchronizing object | fx_fiddle_leaf5
Fra:1 Mem:422.77M (Peak 422.77M) | Time:00:00.14 | Mem:0.00M, Peak:0.00M | Scene, ViewLayer | Synchronizing object | fx_curt_living_bo_e_A
Fra:1 Mem:422.77M (Peak 422.77M) | Time:00:00.14 | Mem:0.00M, Peak:0.00M | Scene, ViewLayer | Synchronizing object | fx_curt_living_bo_w_A
Fra:1 Mem:422.78M (Peak 422.78M) | Time:00:00.14 | Mem:0.00M, Peak:0.00M | Scene, ViewLayer | Synchronizing object | fx_curt_living_sheer_A
Fra:1 Mem:422.81M (Peak 422.81M) | Time:00:00.14 | Mem:0.00M, Peak:0.00M | Scene, ViewLayer | Synchronizing object | fx_fiddle_leaf6
Fra:1 Mem:422.81M (Peak 422.81M) | Time:00:00.14 | Mem:0.00M, Peak:0.00M | Scene, ViewLayer | Synchronizing object | f1_shoe_body
Fra:1 Mem:422.80M (Peak 422.81M) | Time:00:00.14 | Mem:0.00M, Peak:0.00M | Scene, ViewLayer | Synchronizing object | f1_shoe_side_s
Fra:1 Mem:422.80M (Peak 422.81M) | Time:00:00.14 | Mem:0.00M, Peak:0.00M | Scene, ViewLayer | Synchronizing object | f1_shoe_side_n
Fra:1 Mem:422.80M (Peak 422.81M) | Time:00:00.14 | Mem:0.00M, Peak:0.00M | Scene, ViewLayer | Synchronizing object | f1_shoe_lo_door_gapbg
Fra:1 Mem:422.81M (Peak 422.81M) | Time:00:00.14 | Mem:0.00M, Peak:0.00M | Scene, ViewLayer | Synchronizing object | f1_shoe_lo_door_f0l
Fra:1 Mem:422.81M (Peak 422.81M) | Time:00:00.14 | Mem:0.00M, Peak:0.00M | Scene, ViewLayer | Synchronizing object | f1_shoe_lo_door_f0b
Fra:1 Mem:422.82M (Peak 422.82M) | Time:00:00.14 | Mem:0.00M, Peak:0.00M | Scene, ViewLayer | Synchronizing object | f1_shoe_lo_door_f0t
Fra:1 Mem:422.83M (Peak 422.83M) | Time:00:00.14 | Mem:0.00M, Peak:0.00M | Scene, ViewLayer | Synchronizing object | f1_shoe_lo_door_f0c
Fra:1 Mem:422.84M (Peak 422.84M) | Time:00:00.14 | Mem:0.00M, Peak:0.00M | Scene, ViewLayer | Synchronizing object | A_living_dining_balcony_lounge_chair_01_arm0
Fra:1 Mem:422.84M (Peak 422.84M) | Time:00:00.14 | Mem:0.00M, Peak:0.00M | Scene, ViewLayer | Synchronizing object | f1_shoe_hi_door_gapbg
Fra:1 Mem:422.85M (Peak 422.85M) | Time:00:00.14 | Mem:0.00M, Peak:0.00M | Scene, ViewLayer | Synchronizing object | f1_shoe_hi_door_f0c
Fra:1 Mem:422.86M (Peak 422.86M) | Time:00:00.14 | Mem:0.00M, Peak:0.00M | Scene, ViewLayer | Synchronizing object | A_living_dining_balcony_lounge_chair_01_leg3
Fra:1 Mem:422.86M (Peak 422.86M) | Time:00:00.14 | Mem:0.00M, Peak:0.00M | Scene, ViewLayer | Synchronizing object | f1_shoe_niche_back
Fra:1 Mem:422.90M (Peak 422.90M) | Time:00:00.14 | Mem:0.00M, Peak:0.00M | Scene, ViewLayer | Synchronizing object | f1_shoe_light
Fra:1 Mem:422.92M (Peak 422.92M) | Time:00:00.14 | Mem:0.00M, Peak:0.00M | Scene, ViewLayer | Synchronizing object | f1_elc_body
Fra:1 Mem:422.93M (Peak 422.93M) | Time:00:00.14 | Mem:0.00M, Peak:0.00M | Scene, ViewLayer | Synchronizing object | f1_elc_lo_door_f0l
Fra:1 Mem:420.69M (Peak 422.93M) | Time:00:00.14 | Mem:0.00M, Peak:0.00M | Scene, ViewLayer | Synchronizing object | f1_elc_lo_door_f1c
Fra:1 Mem:420.69M (Peak 422.93M) | Time:00:00.14 | Mem:0.00M, Peak:0.00M | Scene, ViewLayer | Synchronizing object | f1_elc_lo_door_p1
Fra:1 Mem:420.70M (Peak 422.93M) | Time:00:00.14 | Mem:0.00M, Peak:0.00M | Scene, ViewLayer | Synchronizing object | f1_elc_lo_door_f2r
Fra:1 Mem:420.71M (Peak 422.93M) | Time:00:00.14 | Mem:0.00M, Peak:0.00M | Scene, ViewLayer | Synchronizing object | A_living_dining_balcony_lounge_chair_01_leg2
Fra:1 Mem:420.71M (Peak 422.93M) | Time:00:00.14 | Mem:0.00M, Peak:0.00M | Scene, ViewLayer | Synchronizing object | f1_elc_lo_door_f2t
Fra:1 Mem:420.73M (Peak 422.93M) | Time:00:00.14 | Mem:0.00M, Peak:0.00M | Scene, ViewLayer | Synchronizing object | f1_elc_lo_door_f2c
Fra:1 Mem:420.74M (Peak 422.93M) | Time:00:00.14 | Mem:0.00M, Peak:0.00M | Scene, ViewLayer | Synchronizing object | f1_elc_lo_door_p2
Fra:1 Mem:420.75M (Peak 422.93M) | Time:00:00.14 | Mem:0.00M, Peak:0.00M | Scene, ViewLayer | Synchronizing object | f1_elc_hi_door_f0l
Fra:1 Mem:420.76M (Peak 422.93M) | Time:00:00.14 | Mem:0.00M, Peak:0.00M | Scene, ViewLayer | Synchronizing object | f1_elc_hi_door_f0r
Fra:1 Mem:420.77M (Peak 422.93M) | Time:00:00.14 | Mem:0.00M, Peak:0.00M | Scene, ViewLayer | Synchronizing object | f1_elc_hi_door_f0t
Fra:1 Mem:420.78M (Peak 422.93M) | Time:00:00.14 | Mem:0.00M, Peak:0.00M | Scene, ViewLayer | Synchronizing object | f1_elc_hi_door_f0c
Fra:1 Mem:420.79M (Peak 422.93M) | Time:00:00.14 | Mem:0.00M, Peak:0.00M | Scene, ViewLayer | Synchronizing object | f1_elc_hi_door_p0
Fra:1 Mem:420.80M (Peak 422.93M) | Time:00:00.14 | Mem:0.00M, Peak:0.00M | Scene, ViewLayer | Synchronizing object | f1_elc_hi_door_f1l
Fra:1 Mem:420.82M (Peak 422.93M) | Time:00:00.14 | Mem:0.00M, Peak:0.00M | Scene, ViewLayer | Synchronizing object | f1_elc_hi_door_f1r
Fra:1 Mem:420.82M (Peak 422.93M) | Time:00:00.14 | Mem:0.00M, Peak:0.00M | Scene, ViewLayer | Synchronizing object | f1_elc_hi_door_f1c
Fra:1 Mem:420.82M (Peak 422.93M) | Time:00:00.14 | Mem:0.00M, Peak:0.00M | Scene, ViewLayer | Synchronizing object | f1_elc_hi_door_p1
Fra:1 Mem:420.83M (Peak 422.93M) | Time:00:00.14 | Mem:0.00M, Peak:0.00M | Scene, ViewLayer | Synchronizing object | f1_elc_hi_door_f2l
Fra:1 Mem:420.84M (Peak 422.93M) | Time:00:00.14 | Mem:0.00M, Peak:0.00M | Scene, ViewLayer | Synchronizing object | f1_elc_hi_door_f2r
Fra:1 Mem:420.84M (Peak 422.93M) | Time:00:00.14 | Mem:0.00M, Peak:0.00M | Scene, ViewLayer | Synchronizing object | f1_elc_hi_door_f2b
Fra:1 Mem:431.46M (Peak 431.46M) | Time:00:00.14 | Mem:0.00M, Peak:0.00M | Scene, ViewLayer | Synchronizing object | f1_elc_hi_door_f2c
Fra:1 Mem:431.46M (Peak 431.46M) | Time:00:00.14 | Mem:0.00M, Peak:0.00M | Scene, ViewLayer | Synchronizing object | f1_elc_hi_door_p2
Fra:1 Mem:431.47M (Peak 431.47M) | Time:00:00.14 | Mem:0.00M, Peak:0.00M | Scene, ViewLayer | Synchronizing object | f1_elc_plinth
Fra:1 Mem:431.47M (Peak 431.47M) | Time:00:00.14 | Mem:0.00M, Peak:0.00M | Scene, ViewLayer | Synchronizing object | f1_bench_leg0
Fra:1 Mem:431.48M (Peak 431.48M) | Time:00:00.14 | Mem:0.00M, Peak:0.00M | Scene, ViewLayer | Synchronizing object | f1_bench_leg3
Fra:1 Mem:431.49M (Peak 431.49M) | Time:00:00.14 | Mem:0.00M, Peak:0.00M | Scene, ViewLayer | Synchronizing object | f1_bench_seat
Fra:1 Mem:431.51M (Peak 431.51M) | Time:00:00.14 | Mem:0.00M, Peak:0.00M | Scene, ViewLayer | Synchronizing object | f1_night_light
Fra:1 Mem:431.52M (Peak 431.52M) | Time:00:00.14 | Mem:0.00M, Peak:0.00M | Scene, ViewLayer | Synchronizing object | fx_lamp_dau_stem
Fra:1 Mem:431.52M (Peak 431.52M) | Time:00:00.14 | Mem:0.00M, Peak:0.00M | Scene, ViewLayer | Synchronizing object | fx_lamp_dau_head
Fra:1 Mem:431.52M (Peak 431.52M) | Time:00:00.14 | Mem:0.00M, Peak:0.00M | Scene, ViewLayer | Synchronizing object | fx_lamp_dau_bulb
Fra:1 Mem:431.55M (Peak 431.55M) | Time:00:00.14 | Mem:0.00M, Peak:0.00M | Scene, ViewLayer | Synchronizing object | fx_lamp_son_stem
Fra:1 Mem:431.56M (Peak 431.56M) | Time:00:00.14 | Mem:0.00M, Peak:0.00M | Scene, ViewLayer | Synchronizing object | fx_lamp_son_head
Fra:1 Mem:431.56M (Peak 431.56M) | Time:00:00.14 | Mem:0.00M, Peak:0.00M | Scene, ViewLayer | Synchronizing object | f1_grab_h
Fra:1 Mem:431.56M (Peak 431.56M) | Time:00:00.14 | Mem:0.00M, Peak:0.00M | Scene, ViewLayer | Synchronizing object | f1_fold_seat
Fra:1 Mem:431.57M (Peak 431.57M) | Time:00:00.14 | Mem:0.00M, Peak:0.00M | Scene, ViewLayer | Synchronizing object | f1_fold_brk
Fra:1 Mem:431.57M (Peak 431.57M) | Time:00:00.14 | Mem:0.00M, Peak:0.00M | Scene, ViewLayer | Synchronizing object | f1_bar_v
Fra:1 Mem:431.57M (Peak 431.57M) | Time:00:00.14 | Mem:0.00M, Peak:0.00M | Scene, ViewLayer | Synchronizing object | f1_waterbar
Fra:1 Mem:431.58M (Peak 431.58M) | Time:00:00.14 | Mem:0.00M, Peak:0.00M | Scene, ViewLayer | Synchronizing object | f1_floorlt0
Fra:1 Mem:431.59M (Peak 431.59M) | Time:00:00.14 | Mem:0.00M, Peak:0.00M | Scene, ViewLayer | Synchronizing object | f1_floorlt1
Fra:1 Mem:431.59M (Peak 431.59M) | Time:00:00.14 | Mem:0.00M, Peak:0.00M | Scene, ViewLayer | Synchronizing object | f1_floorlt2
Fra:1 Mem:431.59M (Peak 431.59M) | Time:00:00.14 | Mem:0.00M, Peak:0.00M | Scene, ViewLayer | Synchronizing object | lt_sun
Fra:1 Mem:431.60M (Peak 431.60M) | Time:00:00.14 | Mem:0.00M, Peak:0.00M | Scene, ViewLayer | Synchronizing object | lt_spot_liv00
Fra:1 Mem:431.60M (Peak 431.60M) | Time:00:00.14 | Mem:0.00M, Peak:0.00M | Scene, ViewLayer | Synchronizing object | lt_spot_liv02
Fra:1 Mem:431.61M (Peak 431.61M) | Time:00:00.14 | Mem:0.00M, Peak:0.00M | Scene, ViewLayer | Synchronizing object | lt_spot_liv03
Fra:1 Mem:431.61M (Peak 431.61M) | Time:00:00.14 | Mem:0.00M, Peak:0.00M | Scene, ViewLayer | Synchronizing object | lt_spot_liv04
Fra:1 Mem:431.61M (Peak 431.61M) | Time:00:00.14 | Mem:0.00M, Peak:0.00M | Scene, ViewLayer | Synchronizing object | lt_spot_liv05
Fra:1 Mem:431.61M (Peak 431.61M) | Time:00:00.14 | Mem:0.00M, Peak:0.00M | Scene, ViewLayer | Synchronizing object | lt_spot_liv07
Fra:1 Mem:431.62M (Peak 431.62M) | Time:00:00.14 | Mem:0.00M, Peak:0.00M | Scene, ViewLayer | Synchronizing object | lt_spot_liv08
Fra:1 Mem:431.62M (Peak 431.62M) | Time:00:00.14 | Mem:0.00M, Peak:0.00M | Scene, ViewLayer | Synchronizing object | lt_spot_liv09
Fra:1 Mem:431.62M (Peak 431.62M) | Time:00:00.14 | Mem:0.00M, Peak:0.00M | Scene, ViewLayer | Synchronizing object | lt_spot_liv11
Fra:1 Mem:431.62M (Peak 431.62M) | Time:00:00.14 | Mem:0.00M, Peak:0.00M | Scene, ViewLayer | Synchronizing object | lt_spot_liv12
Fra:1 Mem:431.63M (Peak 431.63M) | Time:00:00.14 | Mem:0.00M, Peak:0.00M | Scene, ViewLayer | Synchronizing object | lt_spot_liv13
Fra:1 Mem:431.63M (Peak 431.63M) | Time:00:00.14 | Mem:0.00M, Peak:0.00M | Scene, ViewLayer | Synchronizing object | lt_spot_liv15
Fra:1 Mem:431.63M (Peak 431.63M) | Time:00:00.14 | Mem:0.00M, Peak:0.00M | Scene, ViewLayer | Synchronizing object | lt_spot_liv16
Fra:1 Mem:431.63M (Peak 431.63M) | Time:00:00.14 | Mem:0.00M, Peak:0.00M | Scene, ViewLayer | Synchronizing object | lt_spot_room0
Fra:1 Mem:431.63M (Peak 431.63M) | Time:00:00.14 | Mem:0.00M, Peak:0.00M | Scene, ViewLayer | Synchronizing object | lt_spot_room1
Fra:1 Mem:431.63M (Peak 431.63M) | Time:00:00.14 | Mem:0.00M, Peak:0.00M | Scene, ViewLayer | Synchronizing object | lt_spot_room2
Fra:1 Mem:431.63M (Peak 431.63M) | Time:00:00.14 | Mem:0.00M, Peak:0.00M | Scene, ViewLayer | Synchronizing object | lt_spot_room3
Fra:1 Mem:431.63M (Peak 431.63M) | Time:00:00.14 | Mem:0.00M, Peak:0.00M | Scene, ViewLayer | Synchronizing object | lt_spot_room4
Fra:1 Mem:431.63M (Peak 431.63M) | Time:00:00.14 | Mem:0.00M, Peak:0.00M | Scene, ViewLayer | Synchronizing object | lt_spot_room5
Fra:1 Mem:431.63M (Peak 431.63M) | Time:00:00.14 | Mem:0.00M, Peak:0.00M | Scene, ViewLayer | Synchronizing object | lt_spot_room6
Fra:1 Mem:431.63M (Peak 431.63M) | Time:00:00.14 | Mem:0.00M, Peak:0.00M | Scene, ViewLayer | Synchronizing object | lt_spot_room7
Fra:1 Mem:431.63M (Peak 431.63M) | Time:00:00.14 | Mem:0.00M, Peak:0.00M | Scene, ViewLayer | Synchronizing object | lt_spot_room9
Fra:1 Mem:431.63M (Peak 431.63M) | Time:00:00.14 | Mem:0.00M, Peak:0.00M | Scene, ViewLayer | Synchronizing object | lt_spot_room10
Fra:1 Mem:431.63M (Peak 431.63M) | Time:00:00.14 | Mem:0.00M, Peak:0.00M | Scene, ViewLayer | Synchronizing object | lt_spot_room13
Fra:1 Mem:431.63M (Peak 431.63M) | Time:00:00.14 | Mem:0.00M, Peak:0.00M | Scene, ViewLayer | Synchronizing object | lt_ceiling_master
Fra:1 Mem:431.63M (Peak 431.63M) | Time:00:00.14 | Mem:0.00M, Peak:0.00M | Scene, ViewLayer | Synchronizing object | lt_ceiling_parents
Fra:1 Mem:431.63M (Peak 431.63M) | Time:00:00.14 | Mem:0.00M, Peak:0.00M | Scene, ViewLayer | Synchronizing object | lt_ceiling_daughter
Fra:1 Mem:431.64M (Peak 431.64M) | Time:00:00.14 | Mem:0.00M, Peak:0.00M | Scene, ViewLayer | Synchronizing object | lt_ceiling_son
Fra:1 Mem:431.64M (Peak 431.64M) | Time:00:00.14 | Mem:0.00M, Peak:0.00M | Scene, ViewLayer | Synchronizing object | lt_wall0
Fra:1 Mem:431.64M (Peak 431.64M) | Time:00:00.14 | Mem:0.00M, Peak:0.00M | Scene, ViewLayer | Synchronizing object | lt_wall1
Fra:1 Mem:431.64M (Peak 431.64M) | Time:00:00.14 | Mem:0.00M, Peak:0.00M | Scene, ViewLayer | Synchronizing object | lt_wall2
Fra:1 Mem:431.64M (Peak 431.64M) | Time:00:00.14 | Mem:0.00M, Peak:0.00M | Scene, ViewLayer | Synchronizing object | lt_wall3
Fra:1 Mem:431.64M (Peak 431.64M) | Time:00:00.14 | Mem:0.00M, Peak:0.00M | Scene, ViewLayer | Synchronizing object | lt_strip_S
Fra:1 Mem:431.64M (Peak 431.64M) | Time:00:00.14 | Mem:0.00M, Peak:0.00M | Scene, ViewLayer | Synchronizing object | A_living_dining_balcony_lounge_chair_01_leg0
Fra:1 Mem:431.64M (Peak 431.64M) | Time:00:00.14 | Mem:0.00M, Peak:0.00M | Scene, ViewLayer | Synchronizing object | lt_strip_E
Fra:1 Mem:431.64M (Peak 431.64M) | Time:00:00.14 | Mem:0.00M, Peak:0.00M | Scene, ViewLayer | Synchronizing object | A_living_dining_balcony_lounge_chair_01_back
Fra:1 Mem:431.64M (Peak 431.64M) | Time:00:00.14 | Mem:0.00M, Peak:0.00M | Scene, ViewLayer | Synchronizing object | lt_strip_kc1
Fra:1 Mem:431.64M (Peak 431.64M) | Time:00:00.14 | Mem:0.00M, Peak:0.00M | Scene, ViewLayer | Synchronizing object | lt_strip_kc2
Fra:1 Mem:431.64M (Peak 431.64M) | Time:00:00.14 | Mem:0.00M, Peak:0.00M | Scene, ViewLayer | Synchronizing object | lt_strip_fyb
Fra:1 Mem:431.64M (Peak 431.64M) | Time:00:00.14 | Mem:0.00M, Peak:0.00M | Scene, ViewLayer | Synchronizing object | lt_strip_fyn
Fra:1 Mem:431.64M (Peak 431.64M) | Time:00:00.14 | Mem:0.00M, Peak:0.00M | Scene, ViewLayer | Synchronizing object | lt_strip_bc
Fra:1 Mem:431.64M (Peak 431.64M) | Time:00:00.14 | Mem:0.00M, Peak:0.00M | Scene, ViewLayer | Synchronizing object | lt_strip_bcg
Fra:1 Mem:431.64M (Peak 431.64M) | Time:00:00.14 | Mem:0.00M, Peak:0.00M | Scene, ViewLayer | Synchronizing object | lt_strip_mb
Fra:1 Mem:431.64M (Peak 431.64M) | Time:00:00.14 | Mem:0.00M, Peak:0.00M | Scene, ViewLayer | Synchronizing object | lt_strip_dt
Fra:1 Mem:431.64M (Peak 431.64M) | Time:00:00.14 | Mem:0.00M, Peak:0.00M | Scene, ViewLayer | Synchronizing object | lt_fill_daughter
Fra:1 Mem:431.64M (Peak 431.64M) | Time:00:00.14 | Mem:0.00M, Peak:0.00M | Scene, ViewLayer | Synchronizing object | lt_fill_son
Fra:1 Mem:431.64M (Peak 431.64M) | Time:00:00.14 | Mem:0.00M, Peak:0.00M | Scene, ViewLayer | Synchronizing object | lt_fill_pbath
Fra:1 Mem:431.64M (Peak 431.64M) | Time:00:00.14 | Mem:0.00M, Peak:0.00M | Scene, ViewLayer | Synchronizing object | lt_fill_mbath
Fra:1 Mem:431.64M (Peak 431.64M) | Time:00:00.14 | Mem:0.00M, Peak:0.00M | Scene, ViewLayer | Synchronizing object | lt_fill_master
Fra:1 Mem:431.64M (Peak 431.64M) | Time:00:00.14 | Mem:0.00M, Peak:0.00M | Scene, ViewLayer | Synchronizing object | lt_fill_corridor
Fra:1 Mem:431.65M (Peak 431.65M) | Time:00:00.14 | Mem:0.00M, Peak:0.00M | Scene, ViewLayer | Synchronizing object | A_living_dining_balcony_island_01_sideE
Fra:1 Mem:431.65M (Peak 431.65M) | Time:00:00.14 | Mem:0.00M, Peak:0.00M | Scene, ViewLayer | Synchronizing object | A_living_dining_balcony_lounge_chair_01_seat
Fra:1 Mem:431.65M (Peak 431.65M) | Time:00:00.14 | Mem:0.00M, Peak:0.00M | Scene, ViewLayer | Synchronizing object | A_living_dining_balcony_island_01_backN
Fra:1 Mem:431.66M (Peak 431.66M) | Time:00:00.14 | Mem:0.00M, Peak:0.00M | Scene, ViewLayer | Synchronizing object | A_living_dining_balcony_island_01_base
Fra:1 Mem:431.66M (Peak 431.66M) | Time:00:00.14 | Mem:0.00M, Peak:0.00M | Scene, ViewLayer | Synchronizing object | A_living_dining_balcony_floor_lamp_01_shade
Fra:1 Mem:431.66M (Peak 431.66M) | Time:00:00.14 | Mem:0.00M, Peak:0.00M | Scene, ViewLayer | Synchronizing object | A_living_dining_balcony_island_01_drw_gapbg
Fra:1 Mem:431.66M (Peak 431.66M) | Time:00:00.14 | Mem:0.00M, Peak:0.00M | Scene, ViewLayer | Synchronizing object | A_living_dining_balcony_island_01_drw_f0
Fra:1 Mem:431.67M (Peak 431.67M) | Time:00:00.14 | Mem:0.00M, Peak:0.00M | Scene, ViewLayer | Synchronizing object | A_living_dining_balcony_island_01_niche
Fra:1 Mem:431.67M (Peak 431.67M) | Time:00:00.14 | Mem:0.00M, Peak:0.00M | Scene, ViewLayer | Synchronizing object | A_living_dining_balcony_island_01_sh0
Fra:1 Mem:431.67M (Peak 431.67M) | Time:00:00.14 | Mem:0.00M, Peak:0.00M | Scene, ViewLayer | Synchronizing object | A_living_dining_balcony_island_01_sh1
Fra:1 Mem:431.67M (Peak 431.67M) | Time:00:00.14 | Mem:0.00M, Peak:0.00M | Scene, ViewLayer | Synchronizing object | A_living_dining_balcony_tv_cabinet_01_body
Fra:1 Mem:431.67M (Peak 431.67M) | Time:00:00.14 | Mem:0.00M, Peak:0.00M | Scene, ViewLayer | Synchronizing object | A_living_dining_balcony_tv_cabinet_01_door_gapbg
Fra:1 Mem:431.67M (Peak 431.67M) | Time:00:00.14 | Mem:0.00M, Peak:0.00M | Scene, ViewLayer | Synchronizing object | A_living_dining_balcony_tv_cabinet_01_door_f0
Fra:1 Mem:431.68M (Peak 431.68M) | Time:00:00.14 | Mem:0.00M, Peak:0.00M | Scene, ViewLayer | Synchronizing object | A_living_dining_balcony_tv_cabinet_01_door_f1
Fra:1 Mem:431.68M (Peak 431.68M) | Time:00:00.14 | Mem:0.00M, Peak:0.00M | Scene, ViewLayer | Synchronizing object | A_living_dining_balcony_tv_cabinet_01_door_f2
Fra:1 Mem:431.68M (Peak 431.68M) | Time:00:00.14 | Mem:0.00M, Peak:0.00M | Scene, ViewLayer | Synchronizing object | A_living_dining_balcony_tv_cabinet_01_door_f3
Fra:1 Mem:431.68M (Peak 431.68M) | Time:00:00.14 | Mem:0.00M, Peak:0.00M | Scene, ViewLayer | Synchronizing object | A_living_dining_balcony_tv_cabinet_01_door_f4
Fra:1 Mem:431.68M (Peak 431.68M) | Time:00:00.14 | Mem:0.00M, Peak:0.00M | Scene, ViewLayer | Synchronizing object | A_living_dining_balcony_pendant_lamp_01_rod
Fra:1 Mem:431.68M (Peak 431.68M) | Time:00:00.14 | Mem:0.00M, Peak:0.00M | Scene, ViewLayer | Synchronizing object | A_living_dining_balcony_pendant_lamp_01_ globe
Fra:1 Mem:431.69M (Peak 431.69M) | Time:00:00.14 | Mem:0.00M, Peak:0.00M | Scene, ViewLayer | Synchronizing object | A_living_dining_balcony_floor_lamp_01_base
Fra:1 Mem:431.73M (Peak 431.73M) | Time:00:00.14 | Mem:0.00M, Peak:0.00M | Scene, ViewLayer | Synchronizing object | A_living_dining_balcony_tv_01_screen
Fra:1 Mem:431.73M (Peak 431.73M) | Time:00:00.14 | Mem:0.00M, Peak:0.00M | Scene, ViewLayer | Synchronizing object | A_living_dining_balcony_island_02_top
Fra:1 Mem:431.74M (Peak 431.74M) | Time:00:00.14 | Mem:0.00M, Peak:0.00M | Scene, ViewLayer | Synchronizing object | A_living_dining_balcony_island_02_leg0
Fra:1 Mem:431.74M (Peak 431.74M) | Time:00:00.14 | Mem:0.00M, Peak:0.00M | Scene, ViewLayer | Synchronizing object | A_living_dining_balcony_island_02_leg1
Fra:1 Mem:431.74M (Peak 431.74M) | Time:00:00.14 | Mem:0.00M, Peak:0.00M | Scene, ViewLayer | Synchronizing object | A_living_dining_balcony_island_02_leg3
Fra:1 Mem:431.76M (Peak 431.76M) | Time:00:00.14 | Mem:0.00M, Peak:0.00M | Scene, ViewLayer | Synchronizing object | A_living_dining_balcony_pendant_lamp_02_rod
Fra:1 Mem:431.76M (Peak 431.76M) | Time:00:00.14 | Mem:0.00M, Peak:0.00M | Scene, ViewLayer | Synchronizing object | A_living_dining_balcony_pendant_lamp_02_ globe
Fra:1 Mem:431.78M (Peak 431.78M) | Time:00:00.14 | Mem:0.00M, Peak:0.00M | Scene, ViewLayer | Synchronizing object | A_living_dining_balcony_dining_chair_01_seat
Fra:1 Mem:431.80M (Peak 431.80M) | Time:00:00.14 | Mem:0.00M, Peak:0.00M | Scene, ViewLayer | Synchronizing object | A_living_dining_balcony_dining_chair_01_back0
Fra:1 Mem:431.81M (Peak 431.81M) | Time:00:00.14 | Mem:0.00M, Peak:0.00M | Scene, ViewLayer | Synchronizing object | A_living_dining_balcony_dining_chair_01_leg01
Fra:1 Mem:431.82M (Peak 431.82M) | Time:00:00.14 | Mem:0.00M, Peak:0.00M | Scene, ViewLayer | Synchronizing object | A_living_dining_balcony_dining_chair_01_leg01.001
Fra:1 Mem:431.83M (Peak 431.83M) | Time:00:00.14 | Mem:0.00M, Peak:0.00M | Scene, ViewLayer | Synchronizing object | A_living_dining_balcony_dining_chair_01_leg11.001
Fra:1 Mem:431.83M (Peak 431.83M) | Time:00:00.14 | Mem:0.00M, Peak:0.00M | Scene, ViewLayer | Synchronizing object | A_living_dining_balcony_dining_chair_02_seat
Fra:1 Mem:431.84M (Peak 431.84M) | Time:00:00.14 | Mem:0.00M, Peak:0.00M | Scene, ViewLayer | Synchronizing object | A_living_dining_balcony_dining_chair_02_back0
Fra:1 Mem:431.85M (Peak 431.85M) | Time:00:00.14 | Mem:0.00M, Peak:0.00M | Scene, ViewLayer | Synchronizing object | A_living_dining_balcony_dining_chair_02_back1
Fra:1 Mem:431.85M (Peak 431.85M) | Time:00:00.14 | Mem:0.00M, Peak:0.00M | Scene, ViewLayer | Synchronizing object | A_living_dining_balcony_dining_chair_02_leg01
Fra:1 Mem:431.86M (Peak 431.86M) | Time:00:00.14 | Mem:0.00M, Peak:0.00M | Scene, ViewLayer | Synchronizing object | A_living_dining_balcony_dining_chair_02_leg01.001
Fra:1 Mem:431.86M (Peak 431.86M) | Time:00:00.14 | Mem:0.00M, Peak:0.00M | Scene, ViewLayer | Synchronizing object | A_living_dining_balcony_dining_chair_02_leg11.001
Fra:1 Mem:431.88M (Peak 431.88M) | Time:00:00.14 | Mem:0.00M, Peak:0.00M | Scene, ViewLayer | Synchronizing object | A_living_dining_balcony_dining_chair_03_seat
Fra:1 Mem:431.90M (Peak 431.90M) | Time:00:00.14 | Mem:0.00M, Peak:0.00M | Scene, ViewLayer | Synchronizing object | A_living_dining_balcony_dining_chair_03_back0
Fra:1 Mem:431.91M (Peak 431.91M) | Time:00:00.14 | Mem:0.00M, Peak:0.00M | Scene, ViewLayer | Synchronizing object | A_living_dining_balcony_dining_chair_03_leg01.001
Fra:1 Mem:431.92M (Peak 431.92M) | Time:00:00.14 | Mem:0.00M, Peak:0.00M | Scene, ViewLayer | Synchronizing object | A_living_dining_balcony_dining_chair_03_leg11
Fra:1 Mem:431.92M (Peak 431.92M) | Time:00:00.14 | Mem:0.00M, Peak:0.00M | Scene, ViewLayer | Synchronizing object | A_living_dining_balcony_dining_chair_03_leg11.001
Fra:1 Mem:431.93M (Peak 431.93M) | Time:00:00.14 | Mem:0.00M, Peak:0.00M | Scene, ViewLayer | Synchronizing object | A_living_dining_balcony_dining_chair_04_seat
Fra:1 Mem:431.94M (Peak 431.94M) | Time:00:00.14 | Mem:0.00M, Peak:0.00M | Scene, ViewLayer | Synchronizing object | A_living_dining_balcony_dining_chair_04_back0
Fra:1 Mem:431.94M (Peak 431.94M) | Time:00:00.14 | Mem:0.00M, Peak:0.00M | Scene, ViewLayer | Synchronizing object | A_living_dining_balcony_dining_chair_04_leg01.001
Fra:1 Mem:431.95M (Peak 431.95M) | Time:00:00.14 | Mem:0.00M, Peak:0.00M | Scene, ViewLayer | Synchronizing object | A_living_dining_balcony_dining_chair_04_leg11
Fra:1 Mem:431.96M (Peak 431.96M) | Time:00:00.14 | Mem:0.00M, Peak:0.00M | Scene, ViewLayer | Synchronizing object | A_living_dining_balcony_sofa_01_base
Fra:1 Mem:431.96M (Peak 431.96M) | Time:00:00.14 | Mem:0.00M, Peak:0.00M | Scene, ViewLayer | Synchronizing object | A_living_dining_balcony_sofa_01_leg0
Fra:1 Mem:431.97M (Peak 431.97M) | Time:00:00.14 | Mem:0.00M, Peak:0.00M | Scene, ViewLayer | Synchronizing object | A_living_dining_balcony_sofa_01_leg1
Fra:1 Mem:431.97M (Peak 431.97M) | Time:00:00.14 | Mem:0.00M, Peak:0.00M | Scene, ViewLayer | Synchronizing object | A_living_dining_balcony_sofa_01_leg2
Fra:1 Mem:431.98M (Peak 431.98M) | Time:00:00.14 | Mem:0.00M, Peak:0.00M | Scene, ViewLayer | Synchronizing object | A_living_dining_balcony_sofa_01_back2
Fra:1 Mem:432.00M (Peak 432.00M) | Time:00:00.14 | Mem:0.00M, Peak:0.00M | Scene, ViewLayer | Synchronizing object | A_living_dining_balcony_sofa_01_seat0
Fra:1 Mem:432.00M (Peak 432.00M) | Time:00:00.14 | Mem:0.00M, Peak:0.00M | Scene, ViewLayer | Synchronizing object | A_living_dining_balcony_sofa_01_seat1
Fra:1 Mem:432.00M (Peak 432.00M) | Time:00:00.14 | Mem:0.00M, Peak:0.00M | Scene, ViewLayer | Synchronizing object | A_living_dining_balcony_rug_01_border1
Fra:1 Mem:432.01M (Peak 432.01M) | Time:00:00.14 | Mem:0.00M, Peak:0.00M | Scene, ViewLayer | Synchronizing object | A_living_dining_balcony_rug_01_border0
Fra:1 Mem:432.01M (Peak 432.01M) | Time:00:00.14 | Mem:0.00M, Peak:0.00M | Scene, ViewLayer | Synchronizing object | A_living_dining_balcony_sofa_01_arm0
Fra:1 Mem:432.01M (Peak 432.01M) | Time:00:00.14 | Mem:0.00M, Peak:0.00M | Scene, ViewLayer | Synchronizing object | A_living_dining_balcony_rug_01_pile
Fra:1 Mem:432.02M (Peak 432.02M) | Time:00:00.14 | Mem:0.00M, Peak:0.00M | Scene, ViewLayer | Synchronizing object | A_living_dining_balcony_sofa_01_pillow_olive
Fra:1 Mem:432.02M (Peak 432.02M) | Time:00:00.14 | Mem:0.00M, Peak:0.00M | Scene, ViewLayer | Synchronizing object | A_living_dining_balcony_sofa_01_pillow_brick
Fra:1 Mem:432.03M (Peak 432.03M) | Time:00:00.14 | Mem:0.00M, Peak:0.00M | Scene, ViewLayer | Synchronizing object | A_living_dining_balcony_ottoman_01_pad
Fra:1 Mem:432.06M (Peak 432.06M) | Time:00:00.14 | Mem:0.00M, Peak:0.00M | Scene, ViewLayer | Synchronizing object | A_living_dining_balcony_ottoman_01_base
Fra:1 Mem:432.08M (Peak 432.08M) | Time:00:00.14 | Mem:0.00M, Peak:0.00M | Scene, ViewLayer | Synchronizing object | A_living_dining_balcony_coffee_table_01_leg1
Fra:1 Mem:432.08M (Peak 432.08M) | Time:00:00.14 | Mem:0.00M, Peak:0.00M | Scene, ViewLayer | Synchronizing object | A_living_dining_balcony_coffee_table_01_leg2
Fra:1 Mem:430.60M (Peak 482.05M) | Time:00:00.23 | Mem:0.00M, Peak:0.00M | Scene, ViewLayer | Initializing
Fra:1 Mem:419.77M (Peak 482.05M) | Time:00:00.24 | Mem:0.00M, Peak:0.00M | Scene, ViewLayer | Updating Images | Loading jacaranda_tree_branches_diff
Fra:1 Mem:419.77M (Peak 482.05M) | Time:00:00.24 | Mem:0.00M, Peak:0.00M | Scene, ViewLayer | Updating Images | Loading tree_small_02_diff
Fra:1 Mem:446.72M (Peak 511.85M) | Time:00:00.29 | Mem:72.00M, Peak:72.00M | Scene, ViewLayer | Waiting for render to start
Fra:1 Mem:446.72M (Peak 511.85M) | Time:00:00.29 | Mem:72.00M, Peak:72.00M | Scene, ViewLayer | Updating Scene
Fra:1 Mem:446.72M (Peak 511.85M) | Time:00:00.29 | Mem:72.00M, Peak:72.00M | Scene, ViewLayer | Updating Shaders
Fra:1 Mem:446.72M (Peak 511.85M) | Time:00:00.29 | Mem:72.00M, Peak:72.00M | Scene, ViewLayer | Loading render kernels (may take a few minutes the first time)
Fra:1 Mem:446.86M (Peak 511.85M) | Time:00:00.29 | Mem:72.07M, Peak:72.07M | Scene, ViewLayer | Updating Procedurals
Fra:1 Mem:446.86M (Peak 511.85M) | Time:00:00.29 | Mem:72.07M, Peak:72.07M | Scene, ViewLayer | Updating Background
Fra:1 Mem:446.86M (Peak 511.85M) | Time:00:00.29 | Mem:72.07M, Peak:72.07M | Scene, ViewLayer | Updating Camera
Fra:1 Mem:446.86M (Peak 511.85M) | Time:00:00.29 | Mem:72.07M, Peak:72.07M | Scene, ViewLayer | Updating Meshes Flags
Fra:1 Mem:446.86M (Peak 511.85M) | Time:00:00.29 | Mem:72.07M, Peak:72.07M | Scene, ViewLayer | Updating Objects
Fra:1 Mem:446.86M (Peak 511.85M) | Time:00:00.29 | Mem:72.07M, Peak:72.07M | Scene, ViewLayer | Updating Objects | Copying Transformations to device
Fra:1 Mem:447.20M (Peak 511.85M) | Time:00:00.29 | Mem:72.39M, Peak:72.39M | Scene, ViewLayer | Updating Particle Systems
Fra:1 Mem:447.20M (Peak 511.85M) | Time:00:00.29 | Mem:72.39M, Peak:72.39M | Scene, ViewLayer | Updating Particle Systems | Copying Particles to device
Fra:1 Mem:447.20M (Peak 511.85M) | Time:00:00.29 | Mem:72.39M, Peak:72.39M | Scene, ViewLayer | Updating Meshes
Fra:1 Mem:516.69M (Peak 516.69M) | Time:00:00.95 | Mem:72.39M, Peak:72.39M | Scene, ViewLayer | Updating Objects | Applying Static Transformations
Fra:1 Mem:516.69M (Peak 516.69M) | Time:00:00.95 | Mem:72.39M, Peak:72.39M | Scene, ViewLayer | Updating Mesh | Computing attributes
Fra:1 Mem:623.79M (Peak 623.79M) | Time:00:00.97 | Mem:72.49M, Peak:72.49M | Scene, ViewLayer | Updating Mesh | Copying Attributes to device
Fra:1 Mem:623.62M (Peak 623.79M) | Time:00:00.99 | Mem:179.33M, Peak:179.33M | Scene, ViewLayer | Updating Geometry BVH ceil_living_r1S_mesh 2/120 | Building BVH
Fra:1 Mem:623.63M (Peak 623.79M) | Time:00:00.99 | Mem:179.33M, Peak:179.33M | Scene, ViewLayer | Updating Geometry BVH ceil_daughter_room_slab_mesh 14/120 | Building BVH
Fra:1 Mem:623.63M (Peak 623.79M) | Time:00:00.99 | Mem:179.33M, Peak:179.33M | Scene, ViewLayer | Updating Geometry BVH ceil_son_ac_mesh 20/279 | Building BVH
Fra:1 Mem:623.63M (Peak 623.79M) | Time:00:00.99 | Mem:179.33M, Peak:179.33M | Scene, ViewLayer | Updating Geometry BVH ceil_bay_slab_mesh 21/305 | Building BVH
Fra:1 Mem:623.63M (Peak 623.79M) | Time:00:00.99 | Mem:179.33M, Peak:179.33M | Scene, ViewLayer | Updating Geometry BVH light 1403/1402 | Building BVH
Fra:1 Mem:623.63M (Peak 623.79M) | Time:00:01.00 | Mem:179.53M, Peak:179.53M | Scene, ViewLayer | Updating Geometry BVH lt_strip_tv_mesh 1402/1402 | Building BVH
Fra:1 Mem:623.63M (Peak 623.79M) | Time:00:01.00 | Mem:179.53M, Peak:179.53M | Scene, ViewLayer | Updating Geometry BVH ceil_public_bath_wet_fill_mesh 23/1402 | Building BVH
Fra:1 Mem:623.63M (Peak 623.79M) | Time:00:01.00 | Mem:179.55M, Peak:179.55M | Scene, ViewLayer | Updating Geometry BVH ceil_master_bath_fill_mesh 24/1402 | Building BVH
Fra:1 Mem:623.63M (Peak 623.79M) | Time:00:01.00 | Mem:179.55M, Peak:179.55M | Scene, ViewLayer | Updating Geometry BVH ceil_corridor_fill_mesh 25/1402 | Building BVH
Fra:1 Mem:623.63M (Peak 623.79M) | Time:00:01.00 | Mem:179.55M, Peak:179.55M | Scene, ViewLayer | Updating Geometry BVH ceil_elevator_hall_fill_mesh 26/1402 | Building BVH
Fra:1 Mem:623.63M (Peak 623.79M) | Time:00:01.00 | Mem:179.55M, Peak:179.55M | Scene, ViewLayer | Updating Geometry BVH fx_ceiling_master_bedroom_mesh 27/1402 | Building BVH
Fra:1 Mem:623.63M (Peak 623.79M) | Time:00:01.00 | Mem:179.55M, Peak:179.55M | Scene, ViewLayer | Updating Geometry BVH fx_ceiling_parents_room_mesh 28/1402 | Building BVH
Fra:1 Mem:623.63M (Peak 623.79M) | Time:00:01.00 | Mem:179.59M, Peak:179.59M | Scene, ViewLayer | Updating Geometry BVH fx_ceiling_daughter_room_mesh 29/1402 | Building BVH
Fra:1 Mem:623.63M (Peak 623.79M) | Time:00:01.00 | Mem:179.63M, Peak:179.63M | Scene, ViewLayer | Updating Geometry BVH fx_ceiling_son_room_mesh 30/1402 | Building BVH
Fra:1 Mem:623.63M (Peak 623.79M) | Time:00:01.00 | Mem:179.62M, Peak:179.63M | Scene, ViewLayer | Updating Geometry BVH fx_spot_living00_mesh 31/1402 | Building BVH
Fra:1 Mem:623.63M (Peak 623.79M) | Time:00:01.00 | Mem:179.63M, Peak:179.63M | Scene, ViewLayer | Updating Geometry BVH fx_spot_living01_mesh 33/1402 | Building BVH
Fra:1 Mem:623.63M (Peak 623.79M) | Time:00:01.00 | Mem:179.64M, Peak:179.64M | Scene, ViewLayer | Updating Geometry BVH fx_spot_living01_r_mesh 34/1402 | Building BVH
Fra:1 Mem:623.63M (Peak 623.79M) | Time:00:01.00 | Mem:179.69M, Peak:179.69M | Scene, ViewLayer | Updating Geometry BVH fx_spot_living02_mesh 35/1402 | Building BVH
Fra:1 Mem:623.63M (Peak 623.79M) | Time:00:01.00 | Mem:179.69M, Peak:179.70M | Scene, ViewLayer | Updating Geometry BVH fx_spot_living02_r_mesh 36/1402 | Building BVH
Fra:1 Mem:623.63M (Peak 623.79M) | Time:00:01.00 | Mem:179.72M, Peak:179.72M | Scene, ViewLayer | Updating Geometry BVH fx_spot_living03_mesh 37/1402 | Building BVH
Fra:1 Mem:623.63M (Peak 623.79M) | Time:00:01.00 | Mem:179.75M, Peak:179.75M | Scene, ViewLayer | Updating Geometry BVH fx_spot_living03_r_mesh 38/1402 | Building BVH
Fra:1 Mem:623.63M (Peak 623.79M) | Time:00:01.00 | Mem:179.74M, Peak:179.75M | Scene, ViewLayer | Updating Geometry BVH fx_spot_living04_mesh 39/1402 | Building BVH
Fra:1 Mem:623.63M (Peak 623.79M) | Time:00:01.00 | Mem:179.74M, Peak:179.75M | Scene, ViewLayer | Updating Geometry BVH fx_spot_living05_mesh 41/1402 | Building BVH
Fra:1 Mem:623.63M (Peak 623.79M) | Time:00:01.00 | Mem:179.75M, Peak:179.75M | Scene, ViewLayer | Updating Geometry BVH fx_spot_living05_r_mesh 42/1402 | Building BVH
Fra:1 Mem:623.63M (Peak 623.79M) | Time:00:01.00 | Mem:179.76M, Peak:179.76M | Scene, ViewLayer | Updating Geometry BVH fx_spot_living06_mesh 43/1402 | Building BVH
Fra:1 Mem:623.63M (Peak 623.79M) | Time:00:01.00 | Mem:179.76M, Peak:179.76M | Scene, ViewLayer | Updating Geometry BVH fx_spot_living06_r_mesh 44/1402 | Building BVH
Fra:1 Mem:623.63M (Peak 623.79M) | Time:00:01.00 | Mem:179.77M, Peak:179.77M | Scene, ViewLayer | Updating Geometry BVH fx_spot_living08_mesh 47/1402 | Building BVH
Fra:1 Mem:623.63M (Peak 623.79M) | Time:00:01.00 | Mem:179.77M, Peak:179.77M | Scene, ViewLayer | Updating Geometry BVH fx_spot_living08_r_mesh 48/1402 | Building BVH
Fra:1 Mem:623.63M (Peak 623.79M) | Time:00:01.00 | Mem:179.81M, Peak:179.81M | Scene, ViewLayer | Updating Geometry BVH fx_spot_living09_mesh 49/1402 | Building BVH
Fra:1 Mem:623.63M (Peak 623.79M) | Time:00:01.00 | Mem:179.82M, Peak:179.82M | Scene, ViewLayer | Updating Geometry BVH fx_spot_living09_r_mesh 50/1402 | Building BVH
Fra:1 Mem:623.63M (Peak 623.79M) | Time:00:01.00 | Mem:179.82M, Peak:179.82M | Scene, ViewLayer | Updating Geometry BVH fx_spot_living10_r_mesh 52/1402 | Building BVH
Fra:1 Mem:623.63M (Peak 623.79M) | Time:00:01.00 | Mem:179.85M, Peak:179.85M | Scene, ViewLayer | Updating Geometry BVH fx_spot_living11_mesh 53/1402 | Building BVH
Fra:1 Mem:623.63M (Peak 623.79M) | Time:00:01.00 | Mem:179.91M, Peak:179.92M | Scene, ViewLayer | Updating Geometry BVH fx_spot_living11_r_mesh 54/1402 | Building BVH
Fra:1 Mem:623.63M (Peak 623.79M) | Time:00:01.00 | Mem:179.99M, Peak:180.01M | Scene, ViewLayer | Updating Geometry BVH fx_spot_living12_mesh 55/1402 | Building BVH
Fra:1 Mem:623.63M (Peak 623.79M) | Time:00:01.00 | Mem:180.00M, Peak:180.01M | Scene, ViewLayer | Updating Geometry BVH fx_spot_living12_r_mesh 56/1402 | Building BVH
Fra:1 Mem:623.63M (Peak 623.79M) | Time:00:01.00 | Mem:180.00M, Peak:180.01M | Scene, ViewLayer | Updating Geometry BVH fx_spot_living13_mesh 57/1402 | Building BVH
Fra:1 Mem:623.63M (Peak 623.79M) | Time:00:01.00 | Mem:180.00M, Peak:180.01M | Scene, ViewLayer | Updating Geometry BVH fx_spot_living13_r_mesh 58/1402 | Building BVH
Fra:1 Mem:623.63M (Peak 623.79M) | Time:00:01.00 | Mem:180.00M, Peak:180.01M | Scene, ViewLayer | Updating Geometry BVH fx_spot_living14_mesh 59/1402 | Building BVH
Fra:1 Mem:623.63M (Peak 623.79M) | Time:00:01.00 | Mem:180.01M, Peak:180.01M | Scene, ViewLayer | Updating Geometry BVH fx_spot_living14_r_mesh 60/1402 | Building BVH
Fra:1 Mem:623.63M (Peak 623.79M) | Time:00:01.00 | Mem:180.03M, Peak:180.03M | Scene, ViewLayer | Updating Geometry BVH fx_spot_living15_r_mesh 62/1402 | Building BVH
Fra:1 Mem:623.63M (Peak 623.79M) | Time:00:01.00 | Mem:180.04M, Peak:180.04M | Scene, ViewLayer | Updating Geometry BVH fx_spot_living16_mesh 63/1402 | Building BVH
Fra:1 Mem:623.63M (Peak 623.79M) | Time:00:01.00 | Mem:180.09M, Peak:180.10M | Scene, ViewLayer | Updating Geometry BVH fx_spot_living16_r_mesh 64/1402 | Building BVH
Fra:1 Mem:623.63M (Peak 623.79M) | Time:00:01.00 | Mem:180.11M, Peak:180.11M | Scene, ViewLayer | Updating Geometry BVH fx_art_wall_A_mesh 1399/1402 | Building BVH
Fra:1 Mem:623.63M (Peak 623.79M) | Time:00:01.00 | Mem:180.12M, Peak:180.12M | Scene, ViewLayer | Updating Geometry BVH fx_spot_room0_mesh 65/1402 | Building BVH
Fra:1 Mem:623.63M (Peak 623.79M) | Time:00:01.00 | Mem:180.13M, Peak:180.13M | Scene, ViewLayer | Updating Geometry BVH fx_spot_room4_mesh 69/1402 | Building BVH
Fra:1 Mem:623.63M (Peak 623.79M) | Time:00:01.00 | Mem:180.20M, Peak:180.21M | Scene, ViewLayer | Updating Geometry BVH fx_spot_room5_mesh 70/1402 | Building BVH
Fra:1 Mem:623.63M (Peak 623.79M) | Time:00:01.00 | Mem:180.25M, Peak:180.25M | Scene, ViewLayer | Updating Geometry BVH fx_spot_room6_mesh 71/1402 | Building BVH
Fra:1 Mem:623.63M (Peak 623.79M) | Time:00:01.00 | Mem:180.25M, Peak:180.25M | Scene, ViewLayer | Updating Geometry BVH out_ground_mesh 73/1402 | Building BVH
Fra:1 Mem:623.63M (Peak 623.79M) | Time:00:01.00 | Mem:180.24M, Peak:180.25M | Scene, ViewLayer | Updating Geometry BVH out_path_s_mesh 74/1402 | Building BVH
Fra:1 Mem:623.63M (Peak 623.79M) | Time:00:01.00 | Mem:180.27M, Peak:180.27M | Scene, ViewLayer | Updating Geometry BVH out_path_n_mesh 75/1402 | Building BVH
Fra:1 Mem:623.63M (Peak 623.79M) | Time:00:01.00 | Mem:180.30M, Peak:180.30M | Scene, ViewLayer | Updating Geometry BVH out_bldg_s_mesh 78/1402 | Building BVH
Fra:1 Mem:623.63M (Peak 623.79M) | Time:00:01.00 | Mem:180.30M, Peak:180.30M | Scene, ViewLayer | Updating Geometry BVH out_bldg_n_mesh 79/1402 | Building BVH
Fra:1 Mem:623.63M (Peak 623.79M) | Time:00:01.00 | Mem:180.30M, Peak:180.30M | Scene, ViewLayer | Updating Geometry BVH floor_living_dining_balcony_mesh 80/1402 | Building BVH
Fra:1 Mem:623.63M (Peak 623.79M) | Time:00:01.00 | Mem:180.31M, Peak:180.31M | Scene, ViewLayer | Updating Geometry BVH floor_kitchen_mesh 81/1402 | Building BVH
Fra:1 Mem:623.63M (Peak 623.79M) | Time:00:01.00 | Mem:180.32M, Peak:180.32M | Scene, ViewLayer | Updating Geometry BVH floor_public_bath_wet_mesh 83/1402 | Building BVH
Fra:1 Mem:623.63M (Peak 623.79M) | Time:00:01.00 | Mem:180.32M, Peak:180.32M | Scene, ViewLayer | Updating Geometry BVH floor_corridor_0_mesh 84/1402 | Building BVH
Fra:1 Mem:623.63M (Peak 623.79M) | Time:00:01.00 | Mem:180.33M, Peak:180.33M | Scene, ViewLayer | Updating Geometry BVH fx_chair_A6s_leg11_mesh.001 1398/1402 | Building BVH
Fra:1 Mem:623.63M (Peak 623.79M) | Time:00:01.00 | Mem:180.34M, Peak:180.34M | Scene, ViewLayer | Updating Geometry BVH floor_corridor_1_mesh 85/1402 | Building BVH
Fra:1 Mem:623.63M (Peak 623.79M) | Time:00:01.00 | Mem:180.37M, Peak:180.37M | Scene, ViewLayer | Updating Geometry BVH floor_son_room_mesh 86/1402 | Building BVH
Fra:1 Mem:623.63M (Peak 623.79M) | Time:00:01.00 | Mem:180.38M, Peak:180.38M | Scene, ViewLayer | Updating Geometry BVH floor_master_bath_mesh 87/1402 | Building BVH
Fra:1 Mem:623.63M (Peak 623.79M) | Time:00:01.00 | Mem:180.40M, Peak:180.40M | Scene, ViewLayer | Updating Geometry BVH floor_master_bedroom_mesh 88/1402 | Building BVH
Fra:1 Mem:623.63M (Peak 623.79M) | Time:00:01.00 | Mem:180.40M, Peak:180.40M | Scene, ViewLayer | Updating Geometry BVH floor_parents_room_mesh 90/1402 | Building BVH
Fra:1 Mem:623.63M (Peak 623.79M) | Time:00:01.00 | Mem:180.40M, Peak:180.40M | Scene, ViewLayer | Updating Geometry BVH floor_foyer_mesh 91/1402 | Building BVH
Fra:1 Mem:623.63M (Peak 623.79M) | Time:00:01.00 | Mem:180.40M, Peak:180.40M | Scene, ViewLayer | Updating Geometry BVH floor_elevator_hall_mesh 92/1402 | Building BVH
Fra:1 Mem:623.63M (Peak 623.79M) | Time:00:01.00 | Mem:180.42M, Peak:180.42M | Scene, ViewLayer | Updating Geometry BVH W01_s00_mesh 93/1402 | Building BVH
Fra:1 Mem:623.63M (Peak 623.79M) | Time:00:01.00 | Mem:180.43M, Peak:180.43M | Scene, ViewLayer | Updating Geometry BVH W01_s01_mesh 94/1402 | Building BVH
Fra:1 Mem:623.63M (Peak 623.79M) | Time:00:01.00 | Mem:180.44M, Peak:180.44M | Scene, ViewLayer | Updating Geometry BVH W01_s02_mesh 95/1402 | Building BVH
Fra:1 Mem:623.63M (Peak 623.79M) | Time:00:01.00 | Mem:180.45M, Peak:180.45M | Scene, ViewLayer | Updating Geometry BVH W01_s03_mesh 96/1402 | Building BVH
Fra:1 Mem:623.63M (Peak 623.79M) | Time:00:01.00 | Mem:180.45M, Peak:180.45M | Scene, ViewLayer | Updating Geometry BVH W02_s00_mesh 97/1402 | Building BVH
Fra:1 Mem:623.63M (Peak 623.79M) | Time:00:01.00 | Mem:180.45M, Peak:180.45M | Scene, ViewLayer | Updating Geometry BVH W02_s01_mesh 98/1402 | Building BVH
Fra:1 Mem:623.63M (Peak 623.79M) | Time:00:01.00 | Mem:180.46M, Peak:180.46M | Scene, ViewLayer | Updating Geometry BVH BezierCurve.002 77/1402 | Building BVH
Fra:1 Mem:623.63M (Peak 623.79M) | Time:00:01.00 | Mem:180.46M, Peak:180.46M | Scene, ViewLayer | Updating Geometry BVH W02_s02_mesh 99/1402 | Building BVH
Fra:1 Mem:623.63M (Peak 623.79M) | Time:00:01.00 | Mem:184.74M, Peak:184.74M | Scene, ViewLayer | Updating Geometry BVH W02_s03_mesh 100/1402 | Building BVH
Fra:1 Mem:623.63M (Peak 623.79M) | Time:00:01.00 | Mem:184.74M, Peak:184.74M | Scene, ViewLayer | Updating Geometry BVH W03_s00_mesh 101/1402 | Building BVH
Fra:1 Mem:623.63M (Peak 623.79M) | Time:00:01.00 | Mem:191.47M, Peak:191.47M | Scene, ViewLayer | Updating Geometry BVH tree.016 76/1402 | Building BVH
Fra:1 Mem:623.63M (Peak 623.79M) | Time:00:01.00 | Mem:196.78M, Peak:196.78M | Scene, ViewLayer | Updating Geometry BVH W04_s00_mesh 102/1402 | Building BVH
Fra:1 Mem:623.63M (Peak 623.79M) | Time:00:01.00 | Mem:196.78M, Peak:196.78M | Scene, ViewLayer | Updating Geometry BVH W05_s00_mesh 103/1402 | Building BVH
Fra:1 Mem:623.63M (Peak 623.79M) | Time:00:01.00 | Mem:196.80M, Peak:196.80M | Scene, ViewLayer | Updating Geometry BVH W05_s01_mesh 104/1402 | Building BVH
Fra:1 Mem:623.63M (Peak 623.79M) | Time:00:01.00 | Mem:207.94M, Peak:207.94M | Scene, ViewLayer | Updating Geometry BVH W05_s03_mesh 106/1402 | Building BVH
Fra:1 Mem:623.63M (Peak 623.79M) | Time:00:01.00 | Mem:207.94M, Peak:207.94M | Scene, ViewLayer | Updating Geometry BVH fx_chair_A6s_leg11_mesh 1397/1402 | Building BVH
Fra:1 Mem:623.63M (Peak 623.79M) | Time:00:01.00 | Mem:207.94M, Peak:207.94M | Scene, ViewLayer | Updating Geometry BVH W06_s01_mesh 108/1402 | Building BVH
Fra:1 Mem:623.63M (Peak 623.79M) | Time:00:01.00 | Mem:207.94M, Peak:207.94M | Scene, ViewLayer | Updating Geometry BVH W06_s02_mesh 109/1402 | Building BVH
Fra:1 Mem:623.63M (Peak 623.79M) | Time:00:01.00 | Mem:207.94M, Peak:207.94M | Scene, ViewLayer | Updating Geometry BVH W07_s00_mesh 111/1402 | Building BVH
Fra:1 Mem:623.63M (Peak 623.79M) | Time:00:01.00 | Mem:207.94M, Peak:207.94M | Scene, ViewLayer | Updating Geometry BVH W07_s01_mesh 112/1402 | Building BVH
Fra:1 Mem:623.63M (Peak 623.79M) | Time:00:01.00 | Mem:207.97M, Peak:207.97M | Scene, ViewLayer | Updating Geometry BVH W07_s02_mesh 113/1402 | Building BVH
Fra:1 Mem:623.63M (Peak 623.79M) | Time:00:01.00 | Mem:207.97M, Peak:207.97M | Scene, ViewLayer | Updating Geometry BVH W08_s00_mesh 114/1402 | Building BVH
Fra:1 Mem:623.63M (Peak 623.79M) | Time:00:01.01 | Mem:219.40M, Peak:219.40M | Scene, ViewLayer | Updating Geometry BVH W08_s01_mesh 115/1402 | Building BVH
Fra:1 Mem:623.63M (Peak 623.79M) | Time:00:01.01 | Mem:219.41M, Peak:219.41M | Scene, ViewLayer | Updating Geometry BVH W08_s02_mesh 116/1402 | Building BVH
Fra:1 Mem:623.63M (Peak 623.79M) | Time:00:01.01 | Mem:219.42M, Peak:219.42M | Scene, ViewLayer | Updating Geometry BVH W09_s00_mesh 117/1402 | Building BVH
Fra:1 Mem:623.63M (Peak 623.79M) | Time:00:01.01 | Mem:219.44M, Peak:219.44M | Scene, ViewLayer | Updating Geometry BVH W10_s00_mesh 118/1402 | Building BVH
Fra:1 Mem:623.63M (Peak 623.79M) | Time:00:01.01 | Mem:219.44M, Peak:219.44M | Scene, ViewLayer | Updating Geometry BVH W10_s01_mesh 119/1402 | Building BVH
Fra:1 Mem:623.63M (Peak 623.79M) | Time:00:01.01 | Mem:219.44M, Peak:219.44M | Scene, ViewLayer | Updating Geometry BVH W10_s02_mesh 120/1402 | Building BVH
Fra:1 Mem:623.63M (Peak 623.79M) | Time:00:01.01 | Mem:219.44M, Peak:219.44M | Scene, ViewLayer | Updating Geometry BVH W10_s03_mesh 121/1402 | Building BVH
Fra:1 Mem:623.63M (Peak 623.79M) | Time:00:01.01 | Mem:219.46M, Peak:219.46M | Scene, ViewLayer | Updating Geometry BVH W11_s00_mesh 122/1402 | Building BVH
Fra:1 Mem:623.63M (Peak 623.79M) | Time:00:01.01 | Mem:219.46M, Peak:219.46M | Scene, ViewLayer | Updating Geometry BVH W12_s00_mesh 123/1402 | Building BVH
Fra:1 Mem:623.63M (Peak 623.79M) | Time:00:01.01 | Mem:219.47M, Peak:219.47M | Scene, ViewLayer | Updating Geometry BVH W12_s01_mesh 124/1402 | Building BVH
Fra:1 Mem:623.63M (Peak 623.79M) | Time:00:01.01 | Mem:219.46M, Peak:219.47M | Scene, ViewLayer | Updating Geometry BVH W12_s02_mesh 125/1402 | Building BVH
Fra:1 Mem:623.63M (Peak 623.79M) | Time:00:01.01 | Mem:219.47M, Peak:219.47M | Scene, ViewLayer | Updating Geometry BVH W13_s00_mesh 126/1402 | Building BVH
Fra:1 Mem:623.63M (Peak 623.79M) | Time:00:01.01 | Mem:219.47M, Peak:219.47M | Scene, ViewLayer | Updating Geometry BVH W13_s02_mesh 128/1402 | Building BVH
Fra:1 Mem:623.63M (Peak 623.79M) | Time:00:01.01 | Mem:219.51M, Peak:219.51M | Scene, ViewLayer | Updating Geometry BVH W14_s00_mesh 129/1402 | Building BVH
Fra:1 Mem:623.63M (Peak 623.79M) | Time:00:01.01 | Mem:219.54M, Peak:219.55M | Scene, ViewLayer | Updating Geometry BVH W14_s01_mesh 130/1402 | Building BVH
Fra:1 Mem:623.63M (Peak 623.79M) | Time:00:01.01 | Mem:219.54M, Peak:219.55M | Scene, ViewLayer | Updating Geometry BVH W14_s04_mesh 133/1402 | Building BVH
Fra:1 Mem:623.63M (Peak 623.79M) | Time:00:01.01 | Mem:219.54M, Peak:219.55M | Scene, ViewLayer | Updating Geometry BVH fx_chair_A6s_leg01_mesh.001 1396/1402 | Building BVH
Fra:1 Mem:623.63M (Peak 623.79M) | Time:00:01.01 | Mem:219.54M, Peak:219.55M | Scene, ViewLayer | Updating Geometry BVH W15_s00_mesh 134/1402 | Building BVH
Fra:1 Mem:623.63M (Peak 623.79M) | Time:00:01.01 | Mem:219.55M, Peak:219.55M | Scene, ViewLayer | Updating Geometry BVH W15_s01_mesh 135/1402 | Building BVH
Fra:1 Mem:623.63M (Peak 623.79M) | Time:00:01.01 | Mem:219.56M, Peak:219.56M | Scene, ViewLayer | Updating Geometry BVH W15_s02_mesh 136/1402 | Building BVH
Fra:1 Mem:623.63M (Peak 623.79M) | Time:00:01.01 | Mem:219.59M, Peak:219.59M | Scene, ViewLayer | Updating Geometry BVH W16_s00_mesh 137/1402 | Building BVH
Fra:1 Mem:623.63M (Peak 623.79M) | Time:00:01.01 | Mem:219.60M, Peak:219.60M | Scene, ViewLayer | Updating Geometry BVH W17_s00_mesh 138/1402 | Building BVH
Fra:1 Mem:623.63M (Peak 623.79M) | Time:00:01.01 | Mem:219.60M, Peak:219.60M | Scene, ViewLayer | Updating Geometry BVH W17_s01_mesh 139/1402 | Building BVH
Fra:1 Mem:623.63M (Peak 623.79M) | Time:00:01.01 | Mem:219.64M, Peak:219.64M | Scene, ViewLayer | Updating Geometry BVH W17_s02_mesh 140/1402 | Building BVH
Fra:1 Mem:623.63M (Peak 623.79M) | Time:00:01.01 | Mem:219.65M, Peak:219.65M | Scene, ViewLayer | Updating Geometry BVH W18_s00_mesh 141/1402 | Building BVH
Fra:1 Mem:623.63M (Peak 623.79M) | Time:00:01.01 | Mem:219.65M, Peak:219.65M | Scene, ViewLayer | Updating Geometry BVH W18_s01_mesh 142/1402 | Building BVH
Fra:1 Mem:623.63M (Peak 623.79M) | Time:00:01.01 | Mem:233.81M, Peak:233.81M | Scene, ViewLayer | Updating Geometry BVH W18_s02_mesh 143/1402 | Building BVH
Fra:1 Mem:623.63M (Peak 623.79M) | Time:00:01.01 | Mem:233.82M, Peak:233.82M | Scene, ViewLayer | Updating Geometry BVH W18_s03_mesh 144/1402 | Building BVH
Fra:1 Mem:623.63M (Peak 623.79M) | Time:00:01.01 | Mem:233.83M, Peak:233.83M | Scene, ViewLayer | Updating Geometry BVH W19_s00_mesh 145/1402 | Building BVH
Fra:1 Mem:623.63M (Peak 623.79M) | Time:00:01.01 | Mem:233.83M, Peak:233.83M | Scene, ViewLayer | Updating Geometry BVH W19_s01_mesh 146/1402 | Building BVH
Fra:1 Mem:623.63M (Peak 623.79M) | Time:00:01.01 | Mem:233.83M, Peak:233.83M | Scene, ViewLayer | Updating Geometry BVH W19_s02_mesh 147/1402 | Building BVH
Fra:1 Mem:623.63M (Peak 623.79M) | Time:00:01.01 | Mem:233.83M, Peak:233.83M | Scene, ViewLayer | Updating Geometry BVH W20_s00_mesh 148/1402 | Building BVH
Fra:1 Mem:623.63M (Peak 623.79M) | Time:00:01.01 | Mem:233.86M, Peak:233.86M | Scene, ViewLayer | Updating Geometry BVH W21_s00_mesh 149/1402 | Building BVH
Fra:1 Mem:623.63M (Peak 623.79M) | Time:00:01.01 | Mem:233.86M, Peak:233.86M | Scene, ViewLayer | Updating Geometry BVH fx_chair_A6s_leg01_mesh 1395/1402 | Building BVH
Fra:1 Mem:623.63M (Peak 623.79M) | Time:00:01.01 | Mem:233.91M, Peak:233.91M | Scene, ViewLayer | Updating Geometry BVH W22_s00_mesh 150/1402 | Building BVH
Fra:1 Mem:623.63M (Peak 623.79M) | Time:00:01.01 | Mem:233.91M, Peak:233.92M | Scene, ViewLayer | Updating Geometry BVH W22_s01_mesh 151/1402 | Building BVH
Fra:1 Mem:623.63M (Peak 623.79M) | Time:00:01.01 | Mem:233.91M, Peak:233.92M | Scene, ViewLayer | Updating Geometry BVH W23_s00_mesh 152/1402 | Building BVH
Fra:1 Mem:623.63M (Peak 623.79M) | Time:00:01.01 | Mem:233.91M, Peak:233.92M | Scene, ViewLayer | Updating Geometry BVH W23_s01_mesh 153/1402 | Building BVH
Fra:1 Mem:623.63M (Peak 623.79M) | Time:00:01.01 | Mem:233.92M, Peak:233.92M | Scene, ViewLayer | Updating Geometry BVH W23_s02_mesh 154/1402 | Building BVH
Fra:1 Mem:623.63M (Peak 623.79M) | Time:00:01.01 | Mem:233.93M, Peak:233.93M | Scene, ViewLayer | Updating Geometry BVH W23_s03_mesh 155/1402 | Building BVH
Fra:1 Mem:623.63M (Peak 623.79M) | Time:00:01.01 | Mem:233.94M, Peak:233.94M | Scene, ViewLayer | Updating Geometry BVH W26_s00_mesh 158/1402 | Building BVH
Fra:1 Mem:623.63M (Peak 623.79M) | Time:00:01.01 | Mem:253.43M, Peak:253.43M | Scene, ViewLayer | Updating Geometry BVH W27_s00_mesh 159/1402 | Building BVH
Fra:1 Mem:623.63M (Peak 623.79M) | Time:00:01.01 | Mem:253.48M, Peak:253.48M | Scene, ViewLayer | Updating Geometry BVH W27_s01_mesh 160/1402 | Building BVH
Fra:1 Mem:623.63M (Peak 623.79M) | Time:00:01.01 | Mem:253.48M, Peak:253.48M | Scene, ViewLayer | Updating Geometry BVH W27_s02_mesh 161/1402 | Building BVH
Fra:1 Mem:623.63M (Peak 623.79M) | Time:00:01.01 | Mem:253.48M, Peak:253.49M | Scene, ViewLayer | Updating Geometry BVH win_W01_0rgt_mesh 167/1402 | Building BVH
Fra:1 Mem:623.63M (Peak 623.79M) | Time:00:01.01 | Mem:253.54M, Peak:253.54M | Scene, ViewLayer | Updating Geometry BVH fx_chair_A6s_back1_mesh 1394/1402 | Building BVH
Fra:1 Mem:623.63M (Peak 623.79M) | Time:00:01.01 | Mem:253.54M, Peak:253.54M | Scene, ViewLayer | Updating Geometry BVH win_W01_0mul1_mesh 168/1402 | Building BVH
Fra:1 Mem:623.63M (Peak 623.79M) | Time:00:01.01 | Mem:253.57M, Peak:253.58M | Scene, ViewLayer | Updating Geometry BVH win_W01_0glass_mesh 169/1402 | Building BVH
Fra:1 Mem:623.63M (Peak 623.79M) | Time:00:01.01 | Mem:253.57M, Peak:253.58M | Scene, ViewLayer | Updating Geometry BVH fx_chair_A6s_back0_mesh 1393/1402 | Building BVH
Fra:1 Mem:623.63M (Peak 623.79M) | Time:00:01.01 | Mem:253.57M, Peak:253.58M | Scene, ViewLayer | Updating Geometry BVH win_W02_0bot_mesh 170/1402 | Building BVH
Fra:1 Mem:623.63M (Peak 623.79M) | Time:00:01.01 | Mem:253.61M, Peak:253.61M | Scene, ViewLayer | Updating Geometry BVH fx_chair_A6s_seat_mesh 1392/1402 | Building BVH
Fra:1 Mem:623.63M (Peak 623.79M) | Time:00:01.01 | Mem:253.62M, Peak:253.62M | Scene, ViewLayer | Updating Geometry BVH fx_chair_A6n_leg11_mesh.001 1391/1402 | Building BVH
Fra:1 Mem:623.63M (Peak 623.79M) | Time:00:01.02 | Mem:277.96M, Peak:277.97M | Scene, ViewLayer | Updating Geometry BVH fx_chair_A6n_leg11_mesh 1390/1402 | Building BVH
Fra:1 Mem:623.63M (Peak 623.79M) | Time:00:01.03 | Mem:277.98M, Peak:277.98M | Scene, ViewLayer | Updating Geometry BVH fx_chair_A6n_leg01_mesh.001 1389/1402 | Building BVH
Fra:1 Mem:623.63M (Peak 623.79M) | Time:00:01.03 | Mem:277.99M, Peak:278.00M | Scene, ViewLayer | Updating Geometry BVH fx_chair_A6n_leg01_mesh 1388/1402 | Building BVH
Fra:1 Mem:623.63M (Peak 623.79M) | Time:00:01.03 | Mem:278.01M, Peak:278.01M | Scene, ViewLayer | Updating Geometry BVH fx_chair_A6n_back1_mesh 1387/1402 | Building BVH
Fra:1 Mem:623.63M (Peak 623.79M) | Time:00:01.04 | Mem:278.02M, Peak:278.03M | Scene, ViewLayer | Updating Geometry BVH fx_chair_A6n_back0_mesh 1386/1402 | Building BVH
Fra:1 Mem:623.63M (Peak 623.79M) | Time:00:01.04 | Mem:278.04M, Peak:278.04M | Scene, ViewLayer | Updating Geometry BVH fx_chair_A6n_seat_mesh 1385/1402 | Building BVH
Fra:1 Mem:623.63M (Peak 623.79M) | Time:00:01.04 | Mem:278.05M, Peak:278.06M | Scene, ViewLayer | Updating Geometry BVH f1_tvw_art_mesh 1384/1402 | Building BVH
Fra:1 Mem:623.63M (Peak 623.79M) | Time:00:01.04 | Mem:278.06M, Peak:278.06M | Scene, ViewLayer | Updating Geometry BVH f1_tvw_art_frame_mesh 1383/1402 | Building BVH
Fra:1 Mem:623.63M (Peak 623.79M) | Time:00:01.04 | Mem:278.07M, Peak:278.07M | Scene, ViewLayer | Updating Geometry BVH f1_tvw_slat14_mesh 1382/1402 | Building BVH
Fra:1 Mem:623.63M (Peak 623.79M) | Time:00:01.04 | Mem:278.08M, Peak:278.08M | Scene, ViewLayer | Updating Geometry BVH win_W02_0top_mesh 171/1402 | Building BVH
Fra:1 Mem:623.63M (Peak 623.79M) | Time:00:01.04 | Mem:278.08M, Peak:278.08M | Scene, ViewLayer | Updating Geometry BVH win_W02_0rgt_mesh 173/1402 | Building BVH
Fra:1 Mem:623.63M (Peak 623.79M) | Time:00:01.04 | Mem:278.08M, Peak:278.08M | Scene, ViewLayer | Updating Geometry BVH win_W05_0bot_mesh 175/1402 | Building BVH
Fra:1 Mem:623.63M (Peak 623.79M) | Time:00:01.04 | Mem:278.08M, Peak:278.08M | Scene, ViewLayer | Updating Geometry BVH f1_tvw_slat13_mesh 1381/1402 | Building BVH
Fra:1 Mem:623.63M (Peak 623.79M) | Time:00:01.04 | Mem:278.08M, Peak:278.08M | Scene, ViewLayer | Updating Geometry BVH win_W05_0top_mesh 176/1402 | Building BVH
Fra:1 Mem:623.63M (Peak 623.79M) | Time:00:01.04 | Mem:278.08M, Peak:278.08M | Scene, ViewLayer | Updating Geometry BVH win_W05_0lft_mesh 177/1402 | Building BVH
Fra:1 Mem:623.63M (Peak 623.79M) | Time:00:01.04 | Mem:278.08M, Peak:278.08M | Scene, ViewLayer | Updating Geometry BVH win_W05_0rgt_mesh 178/1402 | Building BVH
Fra:1 Mem:623.63M (Peak 623.79M) | Time:00:01.04 | Mem:266.82M, Peak:278.15M | Scene, ViewLayer | Updating Geometry BVH f1_tvw_slat12_mesh 1380/1402 | Building BVH
Fra:1 Mem:623.63M (Peak 623.79M) | Time:00:01.04 | Mem:266.83M, Peak:278.15M | Scene, ViewLayer | Updating Geometry BVH win_W05_0glass_mesh 179/1402 | Building BVH
Fra:1 Mem:623.63M (Peak 623.79M) | Time:00:01.04 | Mem:266.84M, Peak:278.15M | Scene, ViewLayer | Updating Geometry BVH f1_tvw_slat11_mesh 1379/1402 | Building BVH
Fra:1 Mem:623.63M (Peak 623.79M) | Time:00:01.04 | Mem:266.85M, Peak:278.15M | Scene, ViewLayer | Updating Geometry BVH f1_tvw_slat10_mesh 1378/1402 | Building BVH
Fra:1 Mem:623.63M (Peak 623.79M) | Time:00:01.06 | Mem:266.87M, Peak:278.15M | Scene, ViewLayer | Updating Geometry BVH f1_tvw_slat09_mesh 1377/1402 | Building BVH
Fra:1 Mem:623.63M (Peak 623.79M) | Time:00:01.06 | Mem:266.88M, Peak:278.15M | Scene, ViewLayer | Updating Geometry BVH f1_tvw_slat08_mesh 1376/1402 | Building BVH
Fra:1 Mem:623.63M (Peak 623.79M) | Time:00:01.06 | Mem:266.89M, Peak:278.15M | Scene, ViewLayer | Updating Geometry BVH f1_tvw_slat07_mesh 1375/1402 | Building BVH
Fra:1 Mem:623.63M (Peak 623.79M) | Time:00:01.06 | Mem:266.90M, Peak:278.15M | Scene, ViewLayer | Updating Geometry BVH f1_tvw_slat06_mesh 1374/1402 | Building BVH
Fra:1 Mem:623.63M (Peak 623.79M) | Time:00:01.06 | Mem:266.90M, Peak:278.15M | Scene, ViewLayer | Updating Geometry BVH f1_tvw_slat05_mesh 1373/1402 | Building BVH
Fra:1 Mem:623.63M (Peak 623.79M) | Time:00:01.06 | Mem:266.91M, Peak:278.15M | Scene, ViewLayer | Updating Geometry BVH win_W06_0rgt_mesh 183/1402 | Building BVH
Fra:1 Mem:623.63M (Peak 623.79M) | Time:00:01.06 | Mem:266.91M, Peak:278.15M | Scene, ViewLayer | Updating Geometry BVH win_W06_0glass_mesh 185/1402 | Building BVH
Fra:1 Mem:623.63M (Peak 623.79M) | Time:00:01.06 | Mem:266.91M, Peak:278.15M | Scene, ViewLayer | Updating Geometry BVH win_W18_0mul1_mesh 195/1402 | Building BVH
Fra:1 Mem:623.63M (Peak 623.79M) | Time:00:01.06 | Mem:252.76M, Peak:278.15M | Scene, ViewLayer | Updating Geometry BVH win_W23_0bot_mesh 199/1402 | Building BVH
Fra:1 Mem:623.63M (Peak 623.79M) | Time:00:01.06 | Mem:252.77M, Peak:278.15M | Scene, ViewLayer | Updating Geometry BVH win_W23_0top_mesh 200/1402 | Building BVH
Fra:1 Mem:623.63M (Peak 623.79M) | Time:00:01.06 | Mem:252.78M, Peak:278.15M | Scene, ViewLayer | Updating Geometry BVH f1_tvw_slat04_mesh 1372/1402 | Building BVH
Fra:1 Mem:623.63M (Peak 623.79M) | Time:00:01.06 | Mem:252.87M, Peak:278.15M | Scene, ViewLayer | Updating Geometry BVH win_W23_0lft_mesh 201/1402 | Building BVH
Fra:1 Mem:623.63M (Peak 623.79M) | Time:00:01.06 | Mem:252.88M, Peak:278.15M | Scene, ViewLayer | Updating Geometry BVH win_W23_0rgt_mesh 202/1402 | Building BVH
Fra:1 Mem:623.63M (Peak 623.79M) | Time:00:01.06 | Mem:252.98M, Peak:278.15M | Scene, ViewLayer | Updating Geometry BVH win_W23_0mul1_mesh 203/1402 | Building BVH
Fra:1 Mem:623.63M (Peak 623.79M) | Time:00:01.06 | Mem:252.98M, Peak:278.15M | Scene, ViewLayer | Updating Geometry BVH door_W07_0jlfto_mesh 205/1402 | Building BVH
Fra:1 Mem:623.63M (Peak 623.79M) | Time:00:01.06 | Mem:252.98M, Peak:278.15M | Scene, ViewLayer | Updating Geometry BVH f1_tvw_slat03_mesh 1371/1402 | Building BVH
Fra:1 Mem:623.63M (Peak 623.79M) | Time:00:01.06 | Mem:252.98M, Peak:278.15M | Scene, ViewLayer | Updating Geometry BVH door_W07_0jrgto_mesh 207/1402 | Building BVH
Fra:1 Mem:623.63M (Peak 623.79M) | Time:00:01.06 | Mem:253.00M, Peak:278.15M | Scene, ViewLayer | Updating Geometry BVH door_W07_0jtopo_mesh 209/1402 | Building BVH
Fra:1 Mem:623.63M (Peak 623.79M) | Time:00:01.06 | Mem:253.03M, Peak:278.15M | Scene, ViewLayer | Updating Geometry BVH door_W07_0jtopi_mesh 210/1402 | Building BVH
Fra:1 Mem:623.63M (Peak 623.79M) | Time:00:01.06 | Mem:253.04M, Peak:278.15M | Scene, ViewLayer | Updating Geometry BVH door_W07_0lin_l_mesh 211/1402 | Building BVH
Fra:1 Mem:623.63M (Peak 623.79M) | Time:00:01.06 | Mem:253.05M, Peak:278.15M | Scene, ViewLayer | Updating Geometry BVH door_W07_0lin_r_mesh 212/1402 | Building BVH
Fra:1 Mem:623.63M (Peak 623.79M) | Time:00:01.06 | Mem:253.05M, Peak:278.15M | Scene, ViewLayer | Updating Geometry BVH door_W07_0lin_t_mesh 213/1402 | Building BVH
Fra:1 Mem:623.63M (Peak 623.79M) | Time:00:01.06 | Mem:253.06M, Peak:278.15M | Scene, ViewLayer | Updating Geometry BVH door_W07_0leaf_mesh 214/1402 | Building BVH
Fra:1 Mem:623.63M (Peak 623.79M) | Time:00:01.06 | Mem:253.09M, Peak:278.15M | Scene, ViewLayer | Updating Geometry BVH door_W08_0jlfto_mesh 216/1402 | Building BVH
Fra:1 Mem:623.63M (Peak 623.79M) | Time:00:01.06 | Mem:253.09M, Peak:278.15M | Scene, ViewLayer | Updating Geometry BVH door_W08_0jrgto_mesh 218/1402 | Building BVH
Fra:1 Mem:623.63M (Peak 623.79M) | Time:00:01.06 | Mem:253.11M, Peak:278.15M | Scene, ViewLayer | Updating Geometry BVH door_W08_0jrgti_mesh 219/1402 | Building BVH
Fra:1 Mem:623.63M (Peak 623.79M) | Time:00:01.06 | Mem:253.14M, Peak:278.15M | Scene, ViewLayer | Updating Geometry BVH door_W08_0jtopo_mesh 220/1402 | Building BVH
Fra:1 Mem:623.63M (Peak 623.79M) | Time:00:01.06 | Mem:253.15M, Peak:278.15M | Scene, ViewLayer | Updating Geometry BVH door_W08_0jtopi_mesh 221/1402 | Building BVH
Fra:1 Mem:623.63M (Peak 623.79M) | Time:00:01.06 | Mem:253.15M, Peak:278.15M | Scene, ViewLayer | Updating Geometry BVH door_W08_0lin_l_mesh 222/1402 | Building BVH
Fra:1 Mem:623.63M (Peak 623.79M) | Time:00:01.07 | Mem:253.17M, Peak:278.15M | Scene, ViewLayer | Updating Geometry BVH door_W08_0lin_r_mesh 223/1402 | Building BVH
Fra:1 Mem:623.63M (Peak 623.79M) | Time:00:01.07 | Mem:253.17M, Peak:278.15M | Scene, ViewLayer | Updating Geometry BVH door_W08_0lin_t_mesh 224/1402 | Building BVH
Fra:1 Mem:623.63M (Peak 623.79M) | Time:00:01.07 | Mem:253.17M, Peak:278.15M | Scene, ViewLayer | Updating Geometry BVH door_W08_0lft_mesh 225/1402 | Building BVH
Fra:1 Mem:623.63M (Peak 623.79M) | Time:00:01.07 | Mem:253.17M, Peak:278.15M | Scene, ViewLayer | Updating Geometry BVH door_W08_0rgt_mesh 226/1402 | Building BVH
Fra:1 Mem:623.63M (Peak 623.79M) | Time:00:01.07 | Mem:253.17M, Peak:278.15M | Scene, ViewLayer | Updating Geometry BVH door_W08_0top_mesh 227/1402 | Building BVH
Fra:1 Mem:623.63M (Peak 623.79M) | Time:00:01.07 | Mem:253.17M, Peak:278.15M | Scene, ViewLayer | Updating Geometry BVH door_W08_0bot_mesh 228/1402 | Building BVH
Fra:1 Mem:623.63M (Peak 623.79M) | Time:00:01.07 | Mem:253.17M, Peak:278.15M | Scene, ViewLayer | Updating Geometry BVH door_W08_0hdl_mesh 230/1402 | Building BVH
Fra:1 Mem:623.63M (Peak 623.79M) | Time:00:01.07 | Mem:253.18M, Peak:278.15M | Scene, ViewLayer | Updating Geometry BVH door_W13_0jlfto_mesh 231/1402 | Building BVH
Fra:1 Mem:623.63M (Peak 623.79M) | Time:00:01.07 | Mem:253.22M, Peak:278.15M | Scene, ViewLayer | Updating Geometry BVH door_W13_0jlfti_mesh 232/1402 | Building BVH
Fra:1 Mem:623.63M (Peak 623.79M) | Time:00:01.07 | Mem:253.24M, Peak:278.15M | Scene, ViewLayer | Updating Geometry BVH door_W13_0jrgto_mesh 233/1402 | Building BVH
Fra:1 Mem:623.63M (Peak 623.79M) | Time:00:01.07 | Mem:253.27M, Peak:278.15M | Scene, ViewLayer | Updating Geometry BVH door_W13_0jrgti_mesh 234/1402 | Building BVH
Fra:1 Mem:623.63M (Peak 623.79M) | Time:00:01.07 | Mem:253.27M, Peak:278.15M | Scene, ViewLayer | Updating Geometry BVH door_W13_0jtopo_mesh 235/1402 | Building BVH
Fra:1 Mem:623.63M (Peak 623.79M) | Time:00:01.07 | Mem:253.28M, Peak:278.15M | Scene, ViewLayer | Updating Geometry BVH door_W13_0jtopi_mesh 236/1402 | Building BVH
Fra:1 Mem:623.63M (Peak 623.79M) | Time:00:01.07 | Mem:253.28M, Peak:278.15M | Scene, ViewLayer | Updating Geometry BVH door_W13_0lin_l_mesh 237/1402 | Building BVH
Fra:1 Mem:623.63M (Peak 623.79M) | Time:00:01.07 | Mem:253.28M, Peak:278.15M | Scene, ViewLayer | Updating Geometry BVH door_W13_0lin_r_mesh 238/1402 | Building BVH
Fra:1 Mem:623.63M (Peak 623.79M) | Time:00:01.07 | Mem:253.28M, Peak:278.15M | Scene, ViewLayer | Updating Geometry BVH door_W13_0leaf_mesh 240/1402 | Building BVH
Fra:1 Mem:623.63M (Peak 623.79M) | Time:00:01.07 | Mem:253.28M, Peak:278.15M | Scene, ViewLayer | Updating Geometry BVH door_W13_0hdl_mesh 241/1402 | Building BVH
Fra:1 Mem:623.63M (Peak 623.79M) | Time:00:01.07 | Mem:253.30M, Peak:278.15M | Scene, ViewLayer | Updating Geometry BVH door_W14_0jlfto_mesh 242/1402 | Building BVH
Fra:1 Mem:623.63M (Peak 623.79M) | Time:00:01.07 | Mem:253.31M, Peak:278.15M | Scene, ViewLayer | Updating Geometry BVH door_W14_0jlfti_mesh 243/1402 | Building BVH
Fra:1 Mem:623.63M (Peak 623.79M) | Time:00:01.07 | Mem:253.34M, Peak:278.15M | Scene, ViewLayer | Updating Geometry BVH door_W14_0jrgto_mesh 244/1402 | Building BVH
Fra:1 Mem:623.63M (Peak 623.79M) | Time:00:01.07 | Mem:253.37M, Peak:278.15M | Scene, ViewLayer | Updating Geometry BVH door_W14_0jrgti_mesh 245/1402 | Building BVH
Fra:1 Mem:623.63M (Peak 623.79M) | Time:00:01.07 | Mem:253.38M, Peak:278.15M | Scene, ViewLayer | Updating Geometry BVH door_W14_0jtopo_mesh 246/1402 | Building BVH
Fra:1 Mem:623.63M (Peak 623.79M) | Time:00:01.07 | Mem:253.39M, Peak:278.15M | Scene, ViewLayer | Updating Geometry BVH door_W14_0jtopi_mesh 247/1402 | Building BVH
Fra:1 Mem:623.63M (Peak 623.79M) | Time:00:01.07 | Mem:253.40M, Peak:278.15M | Scene, ViewLayer | Updating Geometry BVH door_W14_0lin_r_mesh 249/1402 | Building BVH
Fra:1 Mem:623.63M (Peak 623.79M) | Time:00:01.07 | Mem:253.40M, Peak:278.15M | Scene, ViewLayer | Updating Geometry BVH door_W14_0lin_t_mesh 250/1402 | Building BVH
Fra:1 Mem:623.63M (Peak 623.79M) | Time:00:01.07 | Mem:253.40M, Peak:278.15M | Scene, ViewLayer | Updating Geometry BVH door_W14_0leaf_mesh 251/1402 | Building BVH
Fra:1 Mem:623.63M (Peak 623.79M) | Time:00:01.07 | Mem:253.40M, Peak:278.15M | Scene, ViewLayer | Updating Geometry BVH door_W14_0hdl_mesh 252/1402 | Building BVH
Fra:1 Mem:623.63M (Peak 623.79M) | Time:00:01.07 | Mem:253.42M, Peak:278.15M | Scene, ViewLayer | Updating Geometry BVH door_W14_1jlfto_mesh 253/1402 | Building BVH
Fra:1 Mem:623.63M (Peak 623.79M) | Time:00:01.07 | Mem:253.43M, Peak:278.15M | Scene, ViewLayer | Updating Geometry BVH door_W14_1jlfti_mesh 254/1402 | Building BVH
Fra:1 Mem:623.63M (Peak 623.79M) | Time:00:01.07 | Mem:253.45M, Peak:278.15M | Scene, ViewLayer | Updating Geometry BVH door_W14_1jrgto_mesh 255/1402 | Building BVH
Fra:1 Mem:623.63M (Peak 623.79M) | Time:00:01.07 | Mem:253.45M, Peak:278.15M | Scene, ViewLayer | Updating Geometry BVH door_W14_1jrgti_mesh 256/1402 | Building BVH
Fra:1 Mem:623.63M (Peak 623.79M) | Time:00:01.07 | Mem:253.48M, Peak:278.15M | Scene, ViewLayer | Updating Geometry BVH door_W14_1jtopo_mesh 257/1402 | Building BVH
Fra:1 Mem:623.63M (Peak 623.79M) | Time:00:01.07 | Mem:253.49M, Peak:278.15M | Scene, ViewLayer | Updating Geometry BVH f1_tvw_slat01_mesh 1369/1402 | Building BVH
Fra:1 Mem:623.63M (Peak 623.79M) | Time:00:01.07 | Mem:253.49M, Peak:278.15M | Scene, ViewLayer | Updating Geometry BVH door_W14_1jtopi_mesh 258/1402 | Building BVH
Fra:1 Mem:623.63M (Peak 623.79M) | Time:00:01.07 | Mem:253.51M, Peak:278.15M | Scene, ViewLayer | Updating Geometry BVH door_W14_1lin_l_mesh 259/1402 | Building BVH
Fra:1 Mem:623.63M (Peak 623.79M) | Time:00:01.07 | Mem:253.51M, Peak:278.15M | Scene, ViewLayer | Updating Geometry BVH door_W14_1lin_t_mesh 261/1402 | Building BVH
Fra:1 Mem:623.63M (Peak 623.79M) | Time:00:01.07 | Mem:253.51M, Peak:278.15M | Scene, ViewLayer | Updating Geometry BVH door_W14_1lft_mesh 262/1402 | Building BVH
Fra:1 Mem:623.63M (Peak 623.79M) | Time:00:01.07 | Mem:253.51M, Peak:278.15M | Scene, ViewLayer | Updating Geometry BVH door_W14_1rgt_mesh 263/1402 | Building BVH
Fra:1 Mem:623.63M (Peak 623.79M) | Time:00:01.07 | Mem:253.53M, Peak:278.15M | Scene, ViewLayer | Updating Geometry BVH door_W14_1top_mesh 264/1402 | Building BVH
Fra:1 Mem:623.63M (Peak 623.79M) | Time:00:01.07 | Mem:253.53M, Peak:278.15M | Scene, ViewLayer | Updating Geometry BVH door_W14_1bot_mesh 265/1402 | Building BVH
Fra:1 Mem:623.63M (Peak 623.79M) | Time:00:01.07 | Mem:253.53M, Peak:278.15M | Scene, ViewLayer | Updating Geometry BVH door_W14_1fglass_mesh 266/1402 | Building BVH
Fra:1 Mem:623.63M (Peak 623.79M) | Time:00:01.07 | Mem:253.53M, Peak:278.15M | Scene, ViewLayer | Updating Geometry BVH door_W14_1hdl_mesh 267/1402 | Building BVH
Fra:1 Mem:623.63M (Peak 623.79M) | Time:00:01.07 | Mem:253.58M, Peak:278.15M | Scene, ViewLayer | Updating Geometry BVH door_W15_0jlfto_mesh 268/1402 | Building BVH
Fra:1 Mem:623.63M (Peak 623.79M) | Time:00:01.07 | Mem:253.58M, Peak:278.15M | Scene, ViewLayer | Updating Geometry BVH door_W15_0jlfti_mesh 269/1402 | Building BVH
Fra:1 Mem:623.63M (Peak 623.79M) | Time:00:01.07 | Mem:253.59M, Peak:278.15M | Scene, ViewLayer | Updating Geometry BVH door_W15_0jrgto_mesh 270/1402 | Building BVH
Fra:1 Mem:623.63M (Peak 623.79M) | Time:00:01.07 | Mem:253.60M, Peak:278.15M | Scene, ViewLayer | Updating Geometry BVH door_W15_0jrgti_mesh 271/1402 | Building BVH
Fra:1 Mem:623.63M (Peak 623.79M) | Time:00:01.07 | Mem:253.60M, Peak:278.15M | Scene, ViewLayer | Updating Geometry BVH door_W15_0jtopo_mesh 272/1402 | Building BVH
Fra:1 Mem:623.63M (Peak 623.79M) | Time:00:01.07 | Mem:253.60M, Peak:278.15M | Scene, ViewLayer | Updating Geometry BVH door_W15_0jtopi_mesh 273/1402 | Building BVH
Fra:1 Mem:623.63M (Peak 623.79M) | Time:00:01.07 | Mem:253.62M, Peak:278.15M | Scene, ViewLayer | Updating Geometry BVH f1_tvw_slat00_mesh 1368/1402 | Building BVH
Fra:1 Mem:623.63M (Peak 623.79M) | Time:00:01.07 | Mem:253.62M, Peak:278.15M | Scene, ViewLayer | Updating Geometry BVH door_W15_0lin_l_mesh 274/1402 | Building BVH
Fra:1 Mem:623.63M (Peak 623.79M) | Time:00:01.07 | Mem:253.63M, Peak:278.15M | Scene, ViewLayer | Updating Geometry BVH door_W15_0lin_t_mesh 276/1402 | Building BVH
Fra:1 Mem:623.63M (Peak 623.79M) | Time:00:01.07 | Mem:253.65M, Peak:278.15M | Scene, ViewLayer | Updating Geometry BVH door_W15_0_bot_mesh 277/1402 | Building BVH
Fra:1 Mem:623.63M (Peak 623.79M) | Time:00:01.07 | Mem:253.69M, Peak:278.15M | Scene, ViewLayer | Updating Geometry BVH door_W15_0_top_mesh 278/1402 | Building BVH
Fra:1 Mem:623.63M (Peak 623.79M) | Time:00:01.07 | Mem:253.69M, Peak:278.15M | Scene, ViewLayer | Updating Geometry BVH door_W15_0_lft_mesh 279/1402 | Building BVH
Fra:1 Mem:623.63M (Peak 623.79M) | Time:00:01.07 | Mem:253.69M, Peak:278.15M | Scene, ViewLayer | Updating Geometry BVH door_W15_0_rgt_mesh 280/1402 | Building BVH
Fra:1 Mem:623.63M (Peak 623.79M) | Time:00:01.07 | Mem:253.69M, Peak:278.15M | Scene, ViewLayer | Updating Geometry BVH door_W15_0_glass_mesh 281/1402 | Building BVH
Fra:1 Mem:623.63M (Peak 623.79M) | Time:00:01.07 | Mem:253.70M, Peak:278.15M | Scene, ViewLayer | Updating Geometry BVH door_W15_1_bot_mesh 282/1402 | Building BVH
Fra:1 Mem:623.63M (Peak 623.79M) | Time:00:01.07 | Mem:253.74M, Peak:278.15M | Scene, ViewLayer | Updating Geometry BVH door_W15_1_top_mesh 283/1402 | Building BVH
Fra:1 Mem:623.63M (Peak 623.79M) | Time:00:01.07 | Mem:253.74M, Peak:278.15M | Scene, ViewLayer | Updating Geometry BVH door_W15_1_lft_mesh 284/1402 | Building BVH
Fra:1 Mem:623.63M (Peak 623.79M) | Time:00:01.07 | Mem:253.74M, Peak:278.15M | Scene, ViewLayer | Updating Geometry BVH door_W15_1_rgt_mesh 285/1402 | Building BVH
Fra:1 Mem:623.63M (Peak 623.79M) | Time:00:01.07 | Mem:253.75M, Peak:278.15M | Scene, ViewLayer | Updating Geometry BVH door_W15_1_glass_mesh 286/1402 | Building BVH
Fra:1 Mem:623.63M (Peak 623.79M) | Time:00:01.07 | Mem:253.75M, Peak:278.15M | Scene, ViewLayer | Updating Geometry BVH door_W17_0jlfto_mesh 287/1402 | Building BVH
Fra:1 Mem:623.63M (Peak 623.79M) | Time:00:01.07 | Mem:253.75M, Peak:278.15M | Scene, ViewLayer | Updating Geometry BVH door_W17_0jlfti_mesh 288/1402 | Building BVH
Fra:1 Mem:623.63M (Peak 623.79M) | Time:00:01.07 | Mem:253.80M, Peak:278.15M | Scene, ViewLayer | Updating Geometry BVH f1_tvw_led_t_mesh 1367/1402 | Building BVH
Fra:1 Mem:623.63M (Peak 623.79M) | Time:00:01.07 | Mem:253.79M, Peak:278.15M | Scene, ViewLayer | Updating Geometry BVH door_W17_0jrgto_mesh 289/1402 | Building BVH
Fra:1 Mem:623.63M (Peak 623.79M) | Time:00:01.07 | Mem:253.79M, Peak:278.15M | Scene, ViewLayer | Updating Geometry BVH door_W17_0jtopo_mesh 291/1402 | Building BVH
Fra:1 Mem:623.63M (Peak 623.79M) | Time:00:01.07 | Mem:253.80M, Peak:278.15M | Scene, ViewLayer | Updating Geometry BVH door_W17_0lin_l_mesh 293/1402 | Building BVH
Fra:1 Mem:623.63M (Peak 623.79M) | Time:00:01.07 | Mem:253.80M, Peak:278.15M | Scene, ViewLayer | Updating Geometry BVH door_W17_0_bot_mesh 296/1402 | Building BVH
Fra:1 Mem:623.63M (Peak 623.79M) | Time:00:01.07 | Mem:253.81M, Peak:278.15M | Scene, ViewLayer | Updating Geometry BVH door_W17_0_top_mesh 297/1402 | Building BVH
Fra:1 Mem:623.63M (Peak 623.79M) | Time:00:01.07 | Mem:253.81M, Peak:278.15M | Scene, ViewLayer | Updating Geometry BVH door_W17_0_lft_mesh 298/1402 | Building BVH
Fra:1 Mem:623.63M (Peak 623.79M) | Time:00:01.07 | Mem:253.81M, Peak:278.15M | Scene, ViewLayer | Updating Geometry BVH door_W17_0_rgt_mesh 299/1402 | Building BVH
Fra:1 Mem:623.63M (Peak 623.79M) | Time:00:01.07 | Mem:253.90M, Peak:278.15M | Scene, ViewLayer | Updating Geometry BVH door_W17_0_glass_mesh 300/1402 | Building BVH
Fra:1 Mem:623.63M (Peak 623.79M) | Time:00:01.07 | Mem:253.90M, Peak:278.15M | Scene, ViewLayer | Updating Geometry BVH door_W17_1_bot_mesh 301/1402 | Building BVH
Fra:1 Mem:623.63M (Peak 623.79M) | Time:00:01.07 | Mem:253.90M, Peak:278.15M | Scene, ViewLayer | Updating Geometry BVH door_W17_1_top_mesh 302/1402 | Building BVH
Fra:1 Mem:623.63M (Peak 623.79M) | Time:00:01.07 | Mem:253.90M, Peak:278.15M | Scene, ViewLayer | Updating Geometry BVH door_W17_1_lft_mesh 303/1402 | Building BVH
Fra:1 Mem:623.63M (Peak 623.79M) | Time:00:01.07 | Mem:253.92M, Peak:278.15M | Scene, ViewLayer | Updating Geometry BVH door_W17_1_glass_mesh 305/1402 | Building BVH
Fra:1 Mem:623.63M (Peak 623.79M) | Time:00:01.07 | Mem:253.93M, Peak:278.15M | Scene, ViewLayer | Updating Geometry BVH door_W17_2_bot_mesh 306/1402 | Building BVH
Fra:1 Mem:623.63M (Peak 623.79M) | Time:00:01.07 | Mem:253.95M, Peak:278.15M | Scene, ViewLayer | Updating Geometry BVH door_W17_2_top_mesh 307/1402 | Building BVH
Fra:1 Mem:623.63M (Peak 623.79M) | Time:00:01.07 | Mem:253.95M, Peak:278.15M | Scene, ViewLayer | Updating Geometry BVH f1_tvw_led_n_mesh 1366/1402 | Building BVH
Fra:1 Mem:623.63M (Peak 623.79M) | Time:00:01.07 | Mem:253.95M, Peak:278.15M | Scene, ViewLayer | Updating Geometry BVH door_W17_2_lft_mesh 308/1402 | Building BVH
Fra:1 Mem:623.63M (Peak 623.79M) | Time:00:01.07 | Mem:253.96M, Peak:278.15M | Scene, ViewLayer | Updating Geometry BVH door_W17_2_rgt_mesh 309/1402 | Building BVH
Fra:1 Mem:623.63M (Peak 623.79M) | Time:00:01.07 | Mem:253.98M, Peak:278.15M | Scene, ViewLayer | Updating Geometry BVH door_W17_2_glass_mesh 310/1402 | Building BVH
Fra:1 Mem:623.63M (Peak 623.79M) | Time:00:01.07 | Mem:254.01M, Peak:278.15M | Scene, ViewLayer | Updating Geometry BVH door_W19_0jlfto_mesh 311/1402 | Building BVH
Fra:1 Mem:623.63M (Peak 623.79M) | Time:00:01.07 | Mem:254.01M, Peak:278.15M | Scene, ViewLayer | Updating Geometry BVH door_W19_0jlfti_mesh 312/1402 | Building BVH
Fra:1 Mem:623.63M (Peak 623.79M) | Time:00:01.07 | Mem:254.01M, Peak:278.15M | Scene, ViewLayer | Updating Geometry BVH door_W19_0jrgto_mesh 313/1402 | Building BVH
Fra:1 Mem:623.63M (Peak 623.79M) | Time:00:01.07 | Mem:254.01M, Peak:278.15M | Scene, ViewLayer | Updating Geometry BVH door_W19_0jrgti_mesh 314/1402 | Building BVH
Fra:1 Mem:623.63M (Peak 623.79M) | Time:00:01.07 | Mem:254.02M, Peak:278.15M | Scene, ViewLayer | Updating Geometry BVH door_W19_0jtopo_mesh 315/1402 | Building BVH
Fra:1 Mem:623.63M (Peak 623.79M) | Time:00:01.07 | Mem:254.04M, Peak:278.15M | Scene, ViewLayer | Updating Geometry BVH door_W19_0lin_l_mesh 317/1402 | Building BVH
Fra:1 Mem:623.63M (Peak 623.79M) | Time:00:01.07 | Mem:254.04M, Peak:278.15M | Scene, ViewLayer | Updating Geometry BVH door_W19_0lin_r_mesh 318/1402 | Building BVH
Fra:1 Mem:623.63M (Peak 623.79M) | Time:00:01.07 | Mem:254.04M, Peak:278.15M | Scene, ViewLayer | Updating Geometry BVH door_W19_0lin_t_mesh 319/1402 | Building BVH
Fra:1 Mem:623.63M (Peak 623.79M) | Time:00:01.07 | Mem:254.06M, Peak:278.15M | Scene, ViewLayer | Updating Geometry BVH door_W19_0leaf_mesh 320/1402 | Building BVH
Fra:1 Mem:623.63M (Peak 623.79M) | Time:00:01.07 | Mem:254.07M, Peak:278.15M | Scene, ViewLayer | Updating Geometry BVH door_W19_0hdl_mesh 321/1402 | Building BVH
Fra:1 Mem:623.63M (Peak 623.79M) | Time:00:01.07 | Mem:254.08M, Peak:278.15M | Scene, ViewLayer | Updating Geometry BVH door_W27_0jlfto_mesh 322/1402 | Building BVH
Fra:1 Mem:623.63M (Peak 623.79M) | Time:00:01.07 | Mem:254.09M, Peak:278.15M | Scene, ViewLayer | Updating Geometry BVH door_W27_0jlfti_mesh 323/1402 | Building BVH
Fra:1 Mem:623.63M (Peak 623.79M) | Time:00:01.07 | Mem:254.09M, Peak:278.15M | Scene, ViewLayer | Updating Geometry BVH door_W27_0jrgto_mesh 324/1402 | Building BVH
Fra:1 Mem:623.63M (Peak 623.79M) | Time:00:01.07 | Mem:254.10M, Peak:278.15M | Scene, ViewLayer | Updating Geometry BVH door_W27_0jrgti_mesh 325/1402 | Building BVH
Fra:1 Mem:623.63M (Peak 623.79M) | Time:00:01.07 | Mem:254.12M, Peak:278.15M | Scene, ViewLayer | Updating Geometry BVH door_W27_0jtopo_mesh 326/1402 | Building BVH
Fra:1 Mem:623.63M (Peak 623.79M) | Time:00:01.07 | Mem:254.16M, Peak:278.15M | Scene, ViewLayer | Updating Geometry BVH door_W27_0jtopi_mesh 327/1402 | Building BVH
Fra:1 Mem:623.63M (Peak 623.79M) | Time:00:01.07 | Mem:254.15M, Peak:278.15M | Scene, ViewLayer | Updating Geometry BVH f1_tvw_led_s_mesh 1365/1402 | Building BVH
Fra:1 Mem:623.63M (Peak 623.79M) | Time:00:01.07 | Mem:254.15M, Peak:278.15M | Scene, ViewLayer | Updating Geometry BVH door_W27_0lin_l_mesh 328/1402 | Building BVH
Fra:1 Mem:623.63M (Peak 623.79M) | Time:00:01.07 | Mem:254.16M, Peak:278.15M | Scene, ViewLayer | Updating Geometry BVH door_W27_0lin_r_mesh 329/1402 | Building BVH
Fra:1 Mem:623.63M (Peak 623.79M) | Time:00:01.07 | Mem:254.16M, Peak:278.15M | Scene, ViewLayer | Updating Geometry BVH door_W27_0lin_t_mesh 330/1402 | Building BVH
Fra:1 Mem:623.63M (Peak 623.79M) | Time:00:01.07 | Mem:254.17M, Peak:278.15M | Scene, ViewLayer | Updating Geometry BVH door_W27_0hdl_mesh 332/1402 | Building BVH
Fra:1 Mem:623.63M (Peak 623.79M) | Time:00:01.07 | Mem:254.17M, Peak:278.15M | Scene, ViewLayer | Updating Geometry BVH bay_platform_mesh 333/1402 | Building BVH
Fra:1 Mem:623.63M (Peak 623.79M) | Time:00:01.07 | Mem:254.23M, Peak:278.15M | Scene, ViewLayer | Updating Geometry BVH rail_ter_S_p0_mesh 334/1402 | Building BVH
Fra:1 Mem:623.63M (Peak 623.79M) | Time:00:01.07 | Mem:254.23M, Peak:278.15M | Scene, ViewLayer | Updating Geometry BVH rail_ter_S_p1_mesh 335/1402 | Building BVH
Fra:1 Mem:623.63M (Peak 623.79M) | Time:00:01.07 | Mem:254.23M, Peak:278.15M | Scene, ViewLayer | Updating Geometry BVH rail_ter_S_p2_mesh 336/1402 | Building BVH
Fra:1 Mem:623.63M (Peak 623.79M) | Time:00:01.07 | Mem:254.24M, Peak:278.15M | Scene, ViewLayer | Updating Geometry BVH rail_ter_S_p3_mesh 337/1402 | Building BVH
Fra:1 Mem:623.63M (Peak 623.79M) | Time:00:01.07 | Mem:254.24M, Peak:278.15M | Scene, ViewLayer | Updating Geometry BVH rail_ter_E_p0_mesh 340/1402 | Building BVH
Fra:1 Mem:623.63M (Peak 623.79M) | Time:00:01.07 | Mem:254.24M, Peak:278.15M | Scene, ViewLayer | Updating Geometry BVH rail_ter_E_p1_mesh 341/1402 | Building BVH
Fra:1 Mem:623.63M (Peak 623.79M) | Time:00:01.07 | Mem:254.25M, Peak:278.15M | Scene, ViewLayer | Updating Geometry BVH rail_ter_E_p2_mesh 342/1402 | Building BVH
Fra:1 Mem:623.63M (Peak 623.79M) | Time:00:01.07 | Mem:254.31M, Peak:278.15M | Scene, ViewLayer | Updating Geometry BVH f1_tvw_panel_mesh 1364/1402 | Building BVH
Fra:1 Mem:623.63M (Peak 623.79M) | Time:00:01.07 | Mem:254.32M, Peak:278.15M | Scene, ViewLayer | Updating Geometry BVH rail_ter_E_top_mesh 343/1402 | Building BVH
Fra:1 Mem:623.63M (Peak 623.79M) | Time:00:01.07 | Mem:254.32M, Peak:278.15M | Scene, ViewLayer | Updating Geometry BVH rail_ter_E_glass_mesh 344/1402 | Building BVH
Fra:1 Mem:623.63M (Peak 623.79M) | Time:00:01.07 | Mem:254.32M, Peak:278.15M | Scene, ViewLayer | Updating Geometry BVH rail_ter_W_p0_mesh 345/1402 | Building BVH
Fra:1 Mem:623.63M (Peak 623.79M) | Time:00:01.07 | Mem:254.33M, Peak:278.15M | Scene, ViewLayer | Updating Geometry BVH rail_ter_W_p1_mesh 346/1402 | Building BVH
Fra:1 Mem:623.63M (Peak 623.79M) | Time:00:01.07 | Mem:254.34M, Peak:278.15M | Scene, ViewLayer | Updating Geometry BVH rail_ter_W_top_mesh 347/1402 | Building BVH
Fra:1 Mem:623.63M (Peak 623.79M) | Time:00:01.07 | Mem:254.34M, Peak:278.15M | Scene, ViewLayer | Updating Geometry BVH rail_ter_W_glass_mesh 348/1402 | Building BVH
Fra:1 Mem:623.63M (Peak 623.79M) | Time:00:01.07 | Mem:254.34M, Peak:278.15M | Scene, ViewLayer | Updating Geometry BVH common_kitchen_dishwasher_01_body_mesh 349/1402 | Building BVH
Fra:1 Mem:623.63M (Peak 623.79M) | Time:00:01.07 | Mem:254.35M, Peak:278.15M | Scene, ViewLayer | Updating Geometry BVH common_kitchen_dishwasher_01_kick_mesh 350/1402 | Building BVH
Fra:1 Mem:623.63M (Peak 623.79M) | Time:00:01.07 | Mem:254.35M, Peak:278.15M | Scene, ViewLayer | Updating Geometry BVH common_kitchen_dishwasher_01_top_R_mesh 352/1402 | Building BVH
Fra:1 Mem:623.63M (Peak 623.79M) | Time:00:01.07 | Mem:254.36M, Peak:278.15M | Scene, ViewLayer | Updating Geometry BVH common_kitchen_dishwasher_01_top_B_mesh 353/1402 | Building BVH
Fra:1 Mem:623.63M (Peak 623.79M) | Time:00:01.07 | Mem:254.37M, Peak:278.15M | Scene, ViewLayer | Updating Geometry BVH common_kitchen_dishwasher_01_top_F_mesh 354/1402 | Building BVH
Fra:1 Mem:623.63M (Peak 623.79M) | Time:00:01.07 | Mem:254.38M, Peak:278.15M | Scene, ViewLayer | Updating Geometry BVH common_kitchen_dishwasher_01_drwW_gapbg_mesh 355/1402 | Building BVH
Fra:1 Mem:623.63M (Peak 623.79M) | Time:00:01.07 | Mem:254.40M, Peak:278.15M | Scene, ViewLayer | Updating Geometry BVH common_kitchen_dishwasher_01_drwW_f0_mesh 356/1402 | Building BVH
Fra:1 Mem:623.63M (Peak 623.79M) | Time:00:01.07 | Mem:254.45M, Peak:278.15M | Scene, ViewLayer | Updating Geometry BVH common_kitchen_dishwasher_01_drwW_p0_mesh 357/1402 | Building BVH
Fra:1 Mem:623.63M (Peak 623.79M) | Time:00:01.07 | Mem:254.48M, Peak:278.15M | Scene, ViewLayer | Updating Geometry BVH common_kitchen_dishwasher_01_drw_gapbg_mesh 358/1402 | Building BVH
Fra:1 Mem:623.63M (Peak 623.79M) | Time:00:01.07 | Mem:254.48M, Peak:278.15M | Scene, ViewLayer | Updating Geometry BVH common_kitchen_dishwasher_01_drw_f0_mesh 359/1402 | Building BVH
Fra:1 Mem:623.63M (Peak 623.79M) | Time:00:01.08 | Mem:254.48M, Peak:278.15M | Scene, ViewLayer | Updating Geometry BVH common_kitchen_dishwasher_01_drw_p0_mesh 360/1402 | Building BVH
Fra:1 Mem:623.63M (Peak 623.79M) | Time:00:01.08 | Mem:254.48M, Peak:278.15M | Scene, ViewLayer | Updating Geometry BVH common_kitchen_dishwasher_01_drw_f1_mesh 361/1402 | Building BVH
Fra:1 Mem:623.63M (Peak 623.79M) | Time:00:01.08 | Mem:254.48M, Peak:278.15M | Scene, ViewLayer | Updating Geometry BVH common_kitchen_dishwasher_01_drw_p1_mesh 362/1402 | Building BVH
Fra:1 Mem:623.63M (Peak 623.79M) | Time:00:01.08 | Mem:254.48M, Peak:278.15M | Scene, ViewLayer | Updating Geometry BVH common_kitchen_dishwasher_01_drw_f2_mesh 363/1402 | Building BVH
Fra:1 Mem:623.63M (Peak 623.79M) | Time:00:01.08 | Mem:254.49M, Peak:278.15M | Scene, ViewLayer | Updating Geometry BVH common_kitchen_dishwasher_01_drw_p2_mesh 364/1402 | Building BVH
Fra:1 Mem:623.63M (Peak 623.79M) | Time:00:01.08 | Mem:254.53M, Peak:278.15M | Scene, ViewLayer | Updating Geometry BVH common_kitchen_dishwasher_01_drw_f3_mesh 365/1402 | Building BVH
Fra:1 Mem:623.63M (Peak 623.79M) | Time:00:01.08 | Mem:254.57M, Peak:278.15M | Scene, ViewLayer | Updating Geometry BVH common_kitchen_dishwasher_01_drw_p3_mesh 366/1402 | Building BVH
Fra:1 Mem:623.63M (Peak 623.79M) | Time:00:01.08 | Mem:254.58M, Peak:278.15M | Scene, ViewLayer | Updating Geometry BVH common_kitchen_sink_01_basin_mesh 367/1402 | Building BVH
Fra:1 Mem:623.64M (Peak 623.79M) | Time:00:01.08 | Mem:254.60M, Peak:278.15M | Scene, ViewLayer | Updating Geometry BVH f1_tvc_strip_mesh 1363/1402 | Building BVH
Fra:1 Mem:623.64M (Peak 623.79M) | Time:00:01.08 | Mem:254.60M, Peak:278.15M | Scene, ViewLayer | Updating Geometry BVH common_kitchen_sink_01_cav_mesh 368/1402 | Building BVH
Fra:1 Mem:623.64M (Peak 623.79M) | Time:00:01.08 | Mem:254.61M, Peak:278.15M | Scene, ViewLayer | Updating Geometry BVH common_kitchen_sink_01_tap_mesh 369/1402 | Building BVH
Fra:1 Mem:623.64M (Peak 623.79M) | Time:00:01.08 | Mem:254.62M, Peak:278.15M | Scene, ViewLayer | Updating Geometry BVH common_kitchen_sink_01_taparm_mesh 370/1402 | Building BVH
Fra:1 Mem:623.64M (Peak 623.79M) | Time:00:01.08 | Mem:254.63M, Peak:278.15M | Scene, ViewLayer | Updating Geometry BVH common_kitchen_sink_01_taptip_mesh 371/1402 | Building BVH
Fra:1 Mem:623.64M (Peak 623.79M) | Time:00:01.08 | Mem:254.65M, Peak:278.15M | Scene, ViewLayer | Updating Geometry BVH common_kitchen_dishwasher_02_panel_mesh 372/1402 | Building BVH
Fra:1 Mem:623.64M (Peak 623.79M) | Time:00:01.08 | Mem:254.65M, Peak:278.15M | Scene, ViewLayer | Updating Geometry BVH common_kitchen_dishwasher_02_pull_mesh 373/1402 | Building BVH
Fra:1 Mem:623.64M (Peak 623.79M) | Time:00:01.08 | Mem:254.65M, Peak:278.15M | Scene, ViewLayer | Updating Geometry BVH common_kitchen_kitchen_counter_01_body_mesh 374/1402 | Building BVH
Fra:1 Mem:623.64M (Peak 623.79M) | Time:00:01.08 | Mem:254.65M, Peak:278.15M | Scene, ViewLayer | Updating Geometry BVH common_kitchen_kitchen_counter_01_top_mesh 376/1402 | Building BVH
Fra:1 Mem:623.64M (Peak 623.79M) | Time:00:01.08 | Mem:254.67M, Peak:278.15M | Scene, ViewLayer | Updating Geometry BVH common_kitchen_kitchen_counter_01_drwS_gapbg_mesh 377/1402 | Building BVH
Fra:1 Mem:623.64M (Peak 623.79M) | Time:00:01.08 | Mem:254.68M, Peak:278.15M | Scene, ViewLayer | Updating Geometry BVH common_kitchen_kitchen_counter_01_drwS_p0_mesh 379/1402 | Building BVH
Fra:1 Mem:623.64M (Peak 623.79M) | Time:00:01.08 | Mem:254.68M, Peak:278.15M | Scene, ViewLayer | Updating Geometry BVH common_kitchen_kitchen_counter_01_drwH_gapbg_mesh 380/1402 | Building BVH
Fra:1 Mem:623.64M (Peak 623.79M) | Time:00:01.08 | Mem:254.71M, Peak:278.15M | Scene, ViewLayer | Updating Geometry BVH common_kitchen_kitchen_counter_01_drwH_d0_mesh 381/1402 | Building BVH
Fra:1 Mem:623.64M (Peak 623.79M) | Time:00:01.08 | Mem:254.71M, Peak:278.15M | Scene, ViewLayer | Updating Geometry BVH common_kitchen_kitchen_counter_01_drwH_slot0_mesh 382/1402 | Building BVH
Fra:1 Mem:623.64M (Peak 623.79M) | Time:00:01.08 | Mem:254.71M, Peak:278.15M | Scene, ViewLayer | Updating Geometry BVH common_kitchen_kitchen_counter_01_drwH_d1_mesh 383/1402 | Building BVH
Fra:1 Mem:623.64M (Peak 623.79M) | Time:00:01.08 | Mem:254.72M, Peak:278.15M | Scene, ViewLayer | Updating Geometry BVH common_kitchen_kitchen_counter_01_drwH_slot1_mesh 384/1402 | Building BVH
Fra:1 Mem:623.64M (Peak 623.79M) | Time:00:01.08 | Mem:254.73M, Peak:278.15M | Scene, ViewLayer | Updating Geometry BVH common_kitchen_kitchen_counter_01_drwH_d2_mesh 385/1402 | Building BVH
Fra:1 Mem:623.64M (Peak 623.79M) | Time:00:01.08 | Mem:254.78M, Peak:278.15M | Scene, ViewLayer | Updating Geometry BVH common_kitchen_kitchen_counter_01_drwH_slot2_mesh 386/1402 | Building BVH
Fra:1 Mem:623.64M (Peak 623.79M) | Time:00:01.08 | Mem:254.78M, Peak:278.15M | Scene, ViewLayer | Updating Geometry BVH f1_tvc_topline_mesh 1362/1402 | Building BVH
Fra:1 Mem:623.64M (Peak 623.79M) | Time:00:01.08 | Mem:254.80M, Peak:278.15M | Scene, ViewLayer | Updating Geometry BVH common_kitchen_kitchen_counter_01_drwN_gapbg_mesh 387/1402 | Building BVH
Fra:1 Mem:623.64M (Peak 623.79M) | Time:00:01.08 | Mem:254.81M, Peak:278.15M | Scene, ViewLayer | Updating Geometry BVH common_kitchen_kitchen_counter_01_drwN_f0_mesh 388/1402 | Building BVH
Fra:1 Mem:623.64M (Peak 623.79M) | Time:00:01.08 | Mem:254.85M, Peak:278.15M | Scene, ViewLayer | Updating Geometry BVH common_kitchen_kitchen_counter_01_drwN_p0_mesh 389/1402 | Building BVH
Fra:1 Mem:623.64M (Peak 623.79M) | Time:00:01.08 | Mem:254.87M, Peak:278.15M | Scene, ViewLayer | Updating Geometry BVH common_kitchen_kitchen_counter_01_drwN_f1_mesh 390/1402 | Building BVH
Fra:1 Mem:623.64M (Peak 623.79M) | Time:00:01.08 | Mem:254.88M, Peak:278.15M | Scene, ViewLayer | Updating Geometry BVH common_kitchen_kitchen_counter_01_drwN_p1_mesh 391/1402 | Building BVH
Fra:1 Mem:623.64M (Peak 623.79M) | Time:00:01.08 | Mem:254.88M, Peak:278.15M | Scene, ViewLayer | Updating Geometry BVH common_kitchen_hob_01_glass_mesh 392/1402 | Building BVH
Fra:1 Mem:623.64M (Peak 623.79M) | Time:00:01.08 | Mem:254.88M, Peak:278.15M | Scene, ViewLayer | Updating Geometry BVH common_kitchen_hob_01_burner0_mesh 393/1402 | Building BVH
Fra:1 Mem:623.64M (Peak 623.79M) | Time:00:01.08 | Mem:254.89M, Peak:278.15M | Scene, ViewLayer | Updating Geometry BVH common_kitchen_hob_01_burner1_mesh 394/1402 | Building BVH
Fra:1 Mem:623.64M (Peak 623.79M) | Time:00:01.08 | Mem:254.91M, Peak:278.15M | Scene, ViewLayer | Updating Geometry BVH common_kitchen_range_hood_01_topbox_mesh 395/1402 | Building BVH
Fra:1 Mem:623.64M (Peak 623.79M) | Time:00:01.08 | Mem:254.91M, Peak:278.15M | Scene, ViewLayer | Updating Geometry BVH common_kitchen_range_hood_01_slant_mesh 396/1402 | Building BVH
Fra:1 Mem:623.64M (Peak 623.79M) | Time:00:01.08 | Mem:254.91M, Peak:278.15M | Scene, ViewLayer | Updating Geometry BVH common_kitchen_range_hood_01_panel_mesh 397/1402 | Building BVH
Fra:1 Mem:623.64M (Peak 623.79M) | Time:00:01.08 | Mem:254.91M, Peak:278.15M | Scene, ViewLayer | Updating Geometry BVH common_kitchen_cabinet_01_body_mesh 398/1402 | Building BVH
Fra:1 Mem:623.64M (Peak 623.79M) | Time:00:01.08 | Mem:254.91M, Peak:278.15M | Scene, ViewLayer | Updating Geometry BVH common_kitchen_cabinet_01_door_gapbg_mesh 399/1402 | Building BVH
Fra:1 Mem:623.64M (Peak 623.79M) | Time:00:01.08 | Mem:254.91M, Peak:278.15M | Scene, ViewLayer | Updating Geometry BVH common_kitchen_cabinet_01_door_f0l_mesh 400/1402 | Building BVH
Fra:1 Mem:623.64M (Peak 623.79M) | Time:00:01.08 | Mem:254.99M, Peak:278.15M | Scene, ViewLayer | Updating Geometry BVH common_kitchen_cabinet_01_door_f0r_mesh 401/1402 | Building BVH
Fra:1 Mem:623.64M (Peak 623.79M) | Time:00:01.08 | Mem:254.99M, Peak:278.15M | Scene, ViewLayer | Updating Geometry BVH common_kitchen_cabinet_01_door_f0b_mesh 402/1402 | Building BVH
Fra:1 Mem:623.64M (Peak 623.79M) | Time:00:01.08 | Mem:254.99M, Peak:278.15M | Scene, ViewLayer | Updating Geometry BVH common_kitchen_cabinet_01_door_f0t_mesh 403/1402 | Building BVH
Fra:1 Mem:623.64M (Peak 623.79M) | Time:00:01.08 | Mem:254.99M, Peak:278.15M | Scene, ViewLayer | Updating Geometry BVH common_kitchen_cabinet_01_door_f0c_mesh 404/1402 | Building BVH
Fra:1 Mem:623.64M (Peak 623.79M) | Time:00:01.08 | Mem:254.99M, Peak:278.15M | Scene, ViewLayer | Updating Geometry BVH common_kitchen_cabinet_01_door_p0_mesh 405/1402 | Building BVH
Fra:1 Mem:623.64M (Peak 623.79M) | Time:00:01.08 | Mem:254.99M, Peak:278.15M | Scene, ViewLayer | Updating Geometry BVH common_kitchen_cabinet_01_door_f1l_mesh 406/1402 | Building BVH
Fra:1 Mem:623.64M (Peak 623.79M) | Time:00:01.08 | Mem:255.00M, Peak:278.15M | Scene, ViewLayer | Updating Geometry BVH common_kitchen_cabinet_01_door_f1r_mesh 407/1402 | Building BVH
Fra:1 Mem:623.64M (Peak 623.79M) | Time:00:01.08 | Mem:255.08M, Peak:278.15M | Scene, ViewLayer | Updating Geometry BVH common_kitchen_cabinet_01_door_f1b_mesh 408/1402 | Building BVH
Fra:1 Mem:623.64M (Peak 623.79M) | Time:00:01.08 | Mem:255.09M, Peak:278.15M | Scene, ViewLayer | Updating Geometry BVH f1_tvc_gap_mesh 1361/1402 | Building BVH
Fra:1 Mem:623.64M (Peak 623.79M) | Time:00:01.08 | Mem:255.10M, Peak:278.15M | Scene, ViewLayer | Updating Geometry BVH common_kitchen_cabinet_01_door_f1t_mesh 409/1402 | Building BVH
Fra:1 Mem:623.64M (Peak 623.79M) | Time:00:01.08 | Mem:255.10M, Peak:278.15M | Scene, ViewLayer | Updating Geometry BVH common_kitchen_cabinet_01_door_f1c_mesh 410/1402 | Building BVH
Fra:1 Mem:623.64M (Peak 623.79M) | Time:00:01.08 | Mem:255.13M, Peak:278.15M | Scene, ViewLayer | Updating Geometry BVH common_kitchen_cabinet_01_door_p1_mesh 411/1402 | Building BVH
Fra:1 Mem:623.64M (Peak 623.79M) | Time:00:01.08 | Mem:255.14M, Peak:278.15M | Scene, ViewLayer | Updating Geometry BVH common_kitchen_cabinet_01_door_f2l_mesh 412/1402 | Building BVH
Fra:1 Mem:623.64M (Peak 623.79M) | Time:00:01.08 | Mem:255.15M, Peak:278.15M | Scene, ViewLayer | Updating Geometry BVH common_kitchen_cabinet_01_door_f2r_mesh 413/1402 | Building BVH
Fra:1 Mem:623.64M (Peak 623.79M) | Time:00:01.08 | Mem:255.15M, Peak:278.15M | Scene, ViewLayer | Updating Geometry BVH common_kitchen_cabinet_01_door_f2b_mesh 414/1402 | Building BVH
Fra:1 Mem:623.64M (Peak 623.79M) | Time:00:01.08 | Mem:255.19M, Peak:278.15M | Scene, ViewLayer | Updating Geometry BVH common_kitchen_cabinet_01_door_f2t_mesh 415/1402 | Building BVH
Fra:1 Mem:623.64M (Peak 623.79M) | Time:00:01.08 | Mem:255.22M, Peak:278.15M | Scene, ViewLayer | Updating Geometry BVH common_kitchen_cabinet_01_door_f2c_mesh 416/1402 | Building BVH
Fra:1 Mem:623.64M (Peak 623.79M) | Time:00:01.08 | Mem:255.22M, Peak:278.15M | Scene, ViewLayer | Updating Geometry BVH common_kitchen_cabinet_01_door_p2_mesh 417/1402 | Building BVH
Fra:1 Mem:623.64M (Peak 623.79M) | Time:00:01.08 | Mem:255.24M, Peak:278.15M | Scene, ViewLayer | Updating Geometry BVH common_kitchen_cabinet_02_body_mesh 418/1402 | Building BVH
Fra:1 Mem:623.64M (Peak 623.79M) | Time:00:01.08 | Mem:255.24M, Peak:278.15M | Scene, ViewLayer | Updating Geometry BVH f1_tvc_body_mesh 1360/1402 | Building BVH
Fra:1 Mem:623.64M (Peak 623.79M) | Time:00:01.08 | Mem:255.24M, Peak:278.15M | Scene, ViewLayer | Updating Geometry BVH common_kitchen_cabinet_02_doorLo_f0l_mesh 420/1402 | Building BVH
Fra:1 Mem:623.64M (Peak 623.79M) | Time:00:01.08 | Mem:255.24M, Peak:278.15M | Scene, ViewLayer | Updating Geometry BVH common_kitchen_cabinet_02_doorLo_f0r_mesh 421/1402 | Building BVH
Fra:1 Mem:623.64M (Peak 623.79M) | Time:00:01.08 | Mem:255.25M, Peak:278.15M | Scene, ViewLayer | Updating Geometry BVH common_kitchen_cabinet_02_doorLo_f0t_mesh 423/1402 | Building BVH
Fra:1 Mem:623.64M (Peak 623.79M) | Time:00:01.08 | Mem:255.26M, Peak:278.15M | Scene, ViewLayer | Updating Geometry BVH common_kitchen_cabinet_02_doorLo_p0_mesh 425/1402 | Building BVH
Fra:1 Mem:623.64M (Peak 623.79M) | Time:00:01.08 | Mem:255.28M, Peak:278.15M | Scene, ViewLayer | Updating Geometry BVH common_kitchen_cabinet_02_doorLo_f1l_mesh 426/1402 | Building BVH
Fra:1 Mem:623.64M (Peak 623.79M) | Time:00:01.08 | Mem:255.30M, Peak:278.15M | Scene, ViewLayer | Updating Geometry BVH common_kitchen_cabinet_02_doorLo_f1r_mesh 427/1402 | Building BVH
Fra:1 Mem:623.64M (Peak 623.79M) | Time:00:01.08 | Mem:255.30M, Peak:278.15M | Scene, ViewLayer | Updating Geometry BVH common_kitchen_cabinet_02_doorLo_f1b_mesh 428/1402 | Building BVH
Fra:1 Mem:623.64M (Peak 623.79M) | Time:00:01.08 | Mem:255.32M, Peak:278.15M | Scene, ViewLayer | Updating Geometry BVH common_kitchen_cabinet_02_doorLo_f1c_mesh 430/1402 | Building BVH
Fra:1 Mem:623.64M (Peak 623.79M) | Time:00:01.08 | Mem:255.39M, Peak:278.15M | Scene, ViewLayer | Updating Geometry BVH common_kitchen_cabinet_02_doorLo_p1_mesh 431/1402 | Building BVH
Fra:1 Mem:623.64M (Peak 623.79M) | Time:00:01.08 | Mem:255.39M, Peak:278.15M | Scene, ViewLayer | Updating Geometry BVH common_kitchen_cabinet_02_doorLo_f2l_mesh 432/1402 | Building BVH
Fra:1 Mem:623.64M (Peak 623.79M) | Time:00:01.08 | Mem:255.42M, Peak:278.15M | Scene, ViewLayer | Updating Geometry BVH common_kitchen_cabinet_02_doorLo_f2r_mesh 433/1402 | Building BVH
Fra:1 Mem:623.64M (Peak 623.79M) | Time:00:01.08 | Mem:255.49M, Peak:278.15M | Scene, ViewLayer | Updating Geometry BVH common_kitchen_cabinet_02_doorLo_f2b_mesh 434/1402 | Building BVH
Fra:1 Mem:623.64M (Peak 623.79M) | Time:00:01.08 | Mem:255.48M, Peak:278.15M | Scene, ViewLayer | Updating Geometry BVH common_kitchen_cabinet_02_doorLo_f2t_mesh 435/1402 | Building BVH
Fra:1 Mem:623.64M (Peak 623.79M) | Time:00:01.08 | Mem:255.48M, Peak:278.15M | Scene, ViewLayer | Updating Geometry BVH common_kitchen_cabinet_02_doorLo_f2c_mesh 436/1402 | Building BVH
Fra:1 Mem:623.64M (Peak 623.79M) | Time:00:01.08 | Mem:255.48M, Peak:278.15M | Scene, ViewLayer | Updating Geometry BVH common_kitchen_cabinet_02_doorLo_p2_mesh 437/1402 | Building BVH
Fra:1 Mem:623.64M (Peak 623.79M) | Time:00:01.08 | Mem:255.51M, Peak:278.15M | Scene, ViewLayer | Updating Geometry BVH common_kitchen_cabinet_02_doorLo_f3l_mesh 438/1402 | Building BVH
Fra:1 Mem:623.64M (Peak 623.79M) | Time:00:01.08 | Mem:255.54M, Peak:278.15M | Scene, ViewLayer | Updating Geometry BVH common_kitchen_cabinet_02_doorLo_f3r_mesh 439/1402 | Building BVH
Fra:1 Mem:623.64M (Peak 623.79M) | Time:00:01.08 | Mem:255.53M, Peak:278.15M | Scene, ViewLayer | Updating Geometry BVH common_kitchen_cabinet_02_doorLo_f3t_mesh 441/1402 | Building BVH
Fra:1 Mem:623.64M (Peak 623.79M) | Time:00:01.08 | Mem:255.56M, Peak:278.15M | Scene, ViewLayer | Updating Geometry BVH common_kitchen_cabinet_02_doorLo_f3c_mesh 442/1402 | Building BVH
Fra:1 Mem:623.64M (Peak 623.79M) | Time:00:01.08 | Mem:255.56M, Peak:278.15M | Scene, ViewLayer | Updating Geometry BVH common_kitchen_cabinet_02_doorLo_p3_mesh 443/1402 | Building BVH
Fra:1 Mem:623.64M (Peak 623.79M) | Time:00:01.08 | Mem:255.60M, Peak:278.15M | Scene, ViewLayer | Updating Geometry BVH fx_curt_living_bo_e_A_mesh 1359/1402 | Building BVH
Fra:1 Mem:623.64M (Peak 623.79M) | Time:00:01.08 | Mem:255.63M, Peak:278.15M | Scene, ViewLayer | Updating Geometry BVH common_kitchen_cabinet_02_doorHi_gapbg_mesh 444/1402 | Building BVH
Fra:1 Mem:623.64M (Peak 623.79M) | Time:00:01.08 | Mem:255.63M, Peak:278.15M | Scene, ViewLayer | Updating Geometry BVH common_kitchen_cabinet_02_doorHi_f0l_mesh 445/1402 | Building BVH
Fra:1 Mem:623.64M (Peak 623.79M) | Time:00:01.08 | Mem:255.63M, Peak:278.15M | Scene, ViewLayer | Updating Geometry BVH common_kitchen_cabinet_02_doorHi_f0r_mesh 446/1402 | Building BVH
Fra:1 Mem:623.64M (Peak 623.79M) | Time:00:01.08 | Mem:255.64M, Peak:278.15M | Scene, ViewLayer | Updating Geometry BVH common_kitchen_cabinet_02_doorHi_f0t_mesh 448/1402 | Building BVH
Fra:1 Mem:623.64M (Peak 623.79M) | Time:00:01.08 | Mem:255.67M, Peak:278.15M | Scene, ViewLayer | Updating Geometry BVH common_kitchen_cabinet_02_doorHi_f0c_mesh 449/1402 | Building BVH
Fra:1 Mem:623.64M (Peak 623.79M) | Time:00:01.08 | Mem:255.67M, Peak:278.15M | Scene, ViewLayer | Updating Geometry BVH common_kitchen_cabinet_02_doorHi_p0_mesh 450/1402 | Building BVH
Fra:1 Mem:623.64M (Peak 623.79M) | Time:00:01.08 | Mem:255.71M, Peak:278.15M | Scene, ViewLayer | Updating Geometry BVH common_kitchen_cabinet_02_doorHi_f1l_mesh 451/1402 | Building BVH
Fra:1 Mem:623.64M (Peak 623.79M) | Time:00:01.08 | Mem:255.74M, Peak:278.15M | Scene, ViewLayer | Updating Geometry BVH common_kitchen_cabinet_02_doorHi_f1r_mesh 452/1402 | Building BVH
Fra:1 Mem:623.64M (Peak 623.79M) | Time:00:01.08 | Mem:255.74M, Peak:278.15M | Scene, ViewLayer | Updating Geometry BVH common_kitchen_cabinet_02_doorHi_f1b_mesh 453/1402 | Building BVH
Fra:1 Mem:623.64M (Peak 623.79M) | Time:00:01.08 | Mem:255.74M, Peak:278.15M | Scene, ViewLayer | Updating Geometry BVH common_kitchen_cabinet_02_doorHi_f1t_mesh 454/1402 | Building BVH
Fra:1 Mem:623.64M (Peak 623.79M) | Time:00:01.08 | Mem:255.79M, Peak:278.15M | Scene, ViewLayer | Updating Geometry BVH common_kitchen_cabinet_02_doorHi_f1c_mesh 455/1402 | Building BVH
Fra:1 Mem:623.64M (Peak 623.79M) | Time:00:01.08 | Mem:255.80M, Peak:278.15M | Scene, ViewLayer | Updating Geometry BVH common_kitchen_cabinet_02_doorHi_p1_mesh 456/1402 | Building BVH
Fra:1 Mem:623.64M (Peak 623.79M) | Time:00:01.08 | Mem:255.80M, Peak:278.15M | Scene, ViewLayer | Updating Geometry BVH common_kitchen_cabinet_02_doorHi_f2l_mesh 457/1402 | Building BVH
Fra:1 Mem:623.64M (Peak 623.79M) | Time:00:01.08 | Mem:255.80M, Peak:278.15M | Scene, ViewLayer | Updating Geometry BVH common_kitchen_cabinet_02_doorHi_f2r_mesh 458/1402 | Building BVH
Fra:1 Mem:623.64M (Peak 623.79M) | Time:00:01.08 | Mem:255.81M, Peak:278.15M | Scene, ViewLayer | Updating Geometry BVH common_kitchen_cabinet_02_doorHi_f2b_mesh 459/1402 | Building BVH
Fra:1 Mem:623.64M (Peak 623.79M) | Time:00:01.08 | Mem:255.82M, Peak:278.15M | Scene, ViewLayer | Updating Geometry BVH common_kitchen_cabinet_02_doorHi_f2t_mesh 460/1402 | Building BVH
Fra:1 Mem:623.64M (Peak 623.79M) | Time:00:01.08 | Mem:255.82M, Peak:278.15M | Scene, ViewLayer | Updating Geometry BVH common_kitchen_cabinet_02_doorHi_f2c_mesh 461/1402 | Building BVH
Fra:1 Mem:623.64M (Peak 623.79M) | Time:00:01.08 | Mem:255.86M, Peak:278.15M | Scene, ViewLayer | Updating Geometry BVH common_kitchen_cabinet_02_doorHi_p2_mesh 462/1402 | Building BVH
Fra:1 Mem:623.64M (Peak 623.79M) | Time:00:01.08 | Mem:255.89M, Peak:278.15M | Scene, ViewLayer | Updating Geometry BVH common_kitchen_cabinet_02_doorHi_f3l_mesh 463/1402 | Building BVH
Fra:1 Mem:623.64M (Peak 623.79M) | Time:00:01.08 | Mem:255.90M, Peak:278.15M | Scene, ViewLayer | Updating Geometry BVH common_kitchen_cabinet_02_doorHi_f3r_mesh 464/1402 | Building BVH
Fra:1 Mem:623.64M (Peak 623.79M) | Time:00:01.08 | Mem:255.92M, Peak:278.15M | Scene, ViewLayer | Updating Geometry BVH common_kitchen_cabinet_02_doorHi_f3b_mesh 465/1402 | Building BVH
Fra:1 Mem:623.64M (Peak 623.79M) | Time:00:01.08 | Mem:255.96M, Peak:278.15M | Scene, ViewLayer | Updating Geometry BVH common_kitchen_cabinet_02_doorHi_f3t_mesh 466/1402 | Building BVH
Fra:1 Mem:623.64M (Peak 623.79M) | Time:00:01.08 | Mem:255.96M, Peak:278.15M | Scene, ViewLayer | Updating Geometry BVH common_kitchen_cabinet_02_doorHi_f3c_mesh 467/1402 | Building BVH
Fra:1 Mem:623.64M (Peak 623.79M) | Time:00:01.08 | Mem:255.97M, Peak:278.15M | Scene, ViewLayer | Updating Geometry BVH common_kitchen_cabinet_02_doorHi_p3_mesh 468/1402 | Building BVH
Fra:1 Mem:623.64M (Peak 623.79M) | Time:00:01.08 | Mem:255.99M, Peak:278.15M | Scene, ViewLayer | Updating Geometry BVH common_kitchen_glass_sliding_door_01_glass_mesh 469/1402 | Building BVH
Fra:1 Mem:623.64M (Peak 623.79M) | Time:00:01.08 | Mem:255.98M, Peak:278.15M | Scene, ViewLayer | Updating Geometry BVH fx_curt_living_bo_w_A_mesh 1358/1402 | Building BVH
Fra:1 Mem:623.64M (Peak 623.79M) | Time:00:01.08 | Mem:255.98M, Peak:278.15M | Scene, ViewLayer | Updating Geometry BVH common_kitchen_glass_sliding_door_01_stL_mesh 470/1402 | Building BVH
Fra:1 Mem:623.64M (Peak 623.79M) | Time:00:01.08 | Mem:255.98M, Peak:278.15M | Scene, ViewLayer | Updating Geometry BVH common_kitchen_glass_sliding_door_01_stR_mesh 471/1402 | Building BVH
Fra:1 Mem:623.64M (Peak 623.79M) | Time:00:01.08 | Mem:256.00M, Peak:278.15M | Scene, ViewLayer | Updating Geometry BVH common_kitchen_glass_sliding_door_01_stT_mesh 472/1402 | Building BVH
Fra:1 Mem:623.64M (Peak 623.79M) | Time:00:01.08 | Mem:256.00M, Peak:278.15M | Scene, ViewLayer | Updating Geometry BVH common_kitchen_glass_sliding_door_01_stB_mesh 473/1402 | Building BVH
Fra:1 Mem:623.64M (Peak 623.79M) | Time:00:01.08 | Mem:256.04M, Peak:278.15M | Scene, ViewLayer | Updating Geometry BVH common_living_dining_balcony_glass_sliding_door_01_glass_mesh 474/1402 | Building BVH
Fra:1 Mem:623.64M (Peak 623.79M) | Time:00:01.08 | Mem:256.06M, Peak:278.15M | Scene, ViewLayer | Updating Geometry BVH common_living_dining_balcony_glass_sliding_door_01_stL_mesh 475/1402 | Building BVH
Fra:1 Mem:623.64M (Peak 623.79M) | Time:00:01.08 | Mem:256.06M, Peak:278.15M | Scene, ViewLayer | Updating Geometry BVH common_living_dining_balcony_glass_sliding_door_01_stR_mesh 476/1402 | Building BVH
Fra:1 Mem:623.64M (Peak 623.79M) | Time:00:01.08 | Mem:256.07M, Peak:278.15M | Scene, ViewLayer | Updating Geometry BVH common_living_dining_balcony_glass_sliding_door_01_stT_mesh 477/1402 | Building BVH
Fra:1 Mem:623.64M (Peak 623.79M) | Time:00:01.08 | Mem:256.07M, Peak:278.15M | Scene, ViewLayer | Updating Geometry BVH common_living_dining_balcony_glass_sliding_door_01_stB_mesh 478/1402 | Building BVH
Fra:1 Mem:623.64M (Peak 623.79M) | Time:00:01.08 | Mem:256.07M, Peak:278.15M | Scene, ViewLayer | Updating Geometry BVH common_living_dining_balcony_glass_sliding_door_02_glass_mesh 479/1402 | Building BVH
Fra:1 Mem:623.64M (Peak 623.79M) | Time:00:01.08 | Mem:256.08M, Peak:278.15M | Scene, ViewLayer | Updating Geometry BVH common_living_dining_balcony_glass_sliding_door_02_stL_mesh 480/1402 | Building BVH
Fra:1 Mem:623.64M (Peak 623.79M) | Time:00:01.08 | Mem:256.11M, Peak:278.15M | Scene, ViewLayer | Updating Geometry BVH common_living_dining_balcony_glass_sliding_door_02_stR_mesh 481/1402 | Building BVH
Fra:1 Mem:623.64M (Peak 623.79M) | Time:00:01.08 | Mem:256.11M, Peak:278.15M | Scene, ViewLayer | Updating Geometry BVH common_living_dining_balcony_glass_sliding_door_02_stT_mesh 482/1402 | Building BVH
Fra:1 Mem:623.64M (Peak 623.79M) | Time:00:01.08 | Mem:256.11M, Peak:278.15M | Scene, ViewLayer | Updating Geometry BVH common_living_dining_balcony_glass_sliding_door_02_stB_mesh 483/1402 | Building BVH
Fra:1 Mem:623.64M (Peak 623.79M) | Time:00:01.08 | Mem:256.11M, Peak:278.15M | Scene, ViewLayer | Updating Geometry BVH common_kitchen_glass_sliding_door_02_glass_mesh 484/1402 | Building BVH
Fra:1 Mem:623.64M (Peak 623.79M) | Time:00:01.08 | Mem:256.12M, Peak:278.15M | Scene, ViewLayer | Updating Geometry BVH common_kitchen_glass_sliding_door_02_stL_mesh 485/1402 | Building BVH
Fra:1 Mem:623.64M (Peak 623.79M) | Time:00:01.08 | Mem:256.13M, Peak:278.15M | Scene, ViewLayer | Updating Geometry BVH common_kitchen_glass_sliding_door_02_stR_mesh 486/1402 | Building BVH
Fra:1 Mem:623.64M (Peak 623.79M) | Time:00:01.08 | Mem:256.13M, Peak:278.15M | Scene, ViewLayer | Updating Geometry BVH common_kitchen_glass_sliding_door_02_stT_mesh 487/1402 | Building BVH
Fra:1 Mem:623.64M (Peak 623.79M) | Time:00:01.08 | Mem:256.17M, Peak:278.15M | Scene, ViewLayer | Updating Geometry BVH common_kitchen_glass_sliding_door_02_stB_mesh 488/1402 | Building BVH
Fra:1 Mem:623.64M (Peak 623.79M) | Time:00:01.09 | Mem:256.18M, Peak:278.15M | Scene, ViewLayer | Updating Geometry BVH common_living_dining_balcony_fridge_01_body_mesh 489/1402 | Building BVH
Fra:1 Mem:623.64M (Peak 623.79M) | Time:00:01.09 | Mem:256.18M, Peak:278.15M | Scene, ViewLayer | Updating Geometry BVH common_living_dining_balcony_fridge_01_seamH_mesh 490/1402 | Building BVH
Fra:1 Mem:623.64M (Peak 623.79M) | Time:00:01.09 | Mem:256.18M, Peak:278.15M | Scene, ViewLayer | Updating Geometry BVH common_living_dining_balcony_fridge_01_seamV_mesh 491/1402 | Building BVH
Fra:1 Mem:623.64M (Peak 623.79M) | Time:00:01.09 | Mem:256.20M, Peak:278.15M | Scene, ViewLayer | Updating Geometry BVH common_living_dining_balcony_fridge_01_pullL_mesh 492/1402 | Building BVH
Fra:1 Mem:623.64M (Peak 623.79M) | Time:00:01.09 | Mem:256.20M, Peak:278.15M | Scene, ViewLayer | Updating Geometry BVH common_living_dining_balcony_fridge_01_pullU_mesh 493/1402 | Building BVH
Fra:1 Mem:623.64M (Peak 623.79M) | Time:00:01.09 | Mem:256.21M, Peak:278.15M | Scene, ViewLayer | Updating Geometry BVH common_living_dining_balcony_cabinet_01_body_mesh 494/1402 | Building BVH
Fra:1 Mem:623.64M (Peak 623.79M) | Time:00:01.09 | Mem:256.22M, Peak:278.15M | Scene, ViewLayer | Updating Geometry BVH common_living_dining_balcony_cabinet_01_door_gapbg_mesh 495/1402 | Building BVH
Fra:1 Mem:623.64M (Peak 623.79M) | Time:00:01.09 | Mem:256.25M, Peak:278.15M | Scene, ViewLayer | Updating Geometry BVH common_living_dining_balcony_cabinet_01_door_f0l_mesh 496/1402 | Building BVH
Fra:1 Mem:623.64M (Peak 623.79M) | Time:00:01.09 | Mem:256.26M, Peak:278.15M | Scene, ViewLayer | Updating Geometry BVH common_living_dining_balcony_cabinet_01_door_f0r_mesh 497/1402 | Building BVH
Fra:1 Mem:623.64M (Peak 623.79M) | Time:00:01.09 | Mem:256.26M, Peak:278.15M | Scene, ViewLayer | Updating Geometry BVH common_living_dining_balcony_cabinet_01_door_f0b_mesh 498/1402 | Building BVH
Fra:1 Mem:623.64M (Peak 623.79M) | Time:00:01.09 | Mem:256.27M, Peak:278.15M | Scene, ViewLayer | Updating Geometry BVH common_living_dining_balcony_cabinet_01_door_f0t_mesh 499/1402 | Building BVH
Fra:1 Mem:623.64M (Peak 623.79M) | Time:00:01.09 | Mem:256.27M, Peak:278.15M | Scene, ViewLayer | Updating Geometry BVH common_living_dining_balcony_cabinet_01_door_p0_mesh 501/1402 | Building BVH
Fra:1 Mem:623.64M (Peak 623.79M) | Time:00:01.09 | Mem:256.28M, Peak:278.15M | Scene, ViewLayer | Updating Geometry BVH common_living_dining_balcony_cabinet_01_door_f1l_mesh 502/1402 | Building BVH
Fra:1 Mem:623.64M (Peak 623.79M) | Time:00:01.09 | Mem:256.29M, Peak:278.15M | Scene, ViewLayer | Updating Geometry BVH common_living_dining_balcony_cabinet_01_door_f1r_mesh 503/1402 | Building BVH
Fra:1 Mem:623.64M (Peak 623.79M) | Time:00:01.09 | Mem:256.31M, Peak:278.15M | Scene, ViewLayer | Updating Geometry BVH common_living_dining_balcony_cabinet_01_door_f1b_mesh 504/1402 | Building BVH
Fra:1 Mem:623.64M (Peak 623.79M) | Time:00:01.09 | Mem:256.37M, Peak:278.15M | Scene, ViewLayer | Updating Geometry BVH fx_curt_living_sheer_A_mesh 1357/1402 | Building BVH
Fra:1 Mem:623.64M (Peak 623.79M) | Time:00:01.09 | Mem:256.43M, Peak:278.15M | Scene, ViewLayer | Updating Geometry BVH common_living_dining_balcony_cabinet_01_door_f1t_mesh 505/1402 | Building BVH
Fra:1 Mem:623.64M (Peak 623.79M) | Time:00:01.09 | Mem:256.43M, Peak:278.15M | Scene, ViewLayer | Updating Geometry BVH common_living_dining_balcony_cabinet_01_door_p1_mesh 507/1402 | Building BVH
Fra:1 Mem:623.64M (Peak 623.79M) | Time:00:01.09 | Mem:256.43M, Peak:278.15M | Scene, ViewLayer | Updating Geometry BVH common_foyer_cabinet_01_body_mesh 508/1402 | Building BVH
Fra:1 Mem:623.64M (Peak 623.79M) | Time:00:01.09 | Mem:256.44M, Peak:278.15M | Scene, ViewLayer | Updating Geometry BVH common_foyer_cabinet_01_door_gapbg_mesh 509/1402 | Building BVH
Fra:1 Mem:623.64M (Peak 623.79M) | Time:00:01.09 | Mem:256.44M, Peak:278.15M | Scene, ViewLayer | Updating Geometry BVH common_foyer_cabinet_01_door_f0l_mesh 510/1402 | Building BVH
Fra:1 Mem:623.64M (Peak 623.79M) | Time:00:01.09 | Mem:256.47M, Peak:278.15M | Scene, ViewLayer | Updating Geometry BVH common_foyer_cabinet_01_door_f0r_mesh 511/1402 | Building BVH
Fra:1 Mem:623.64M (Peak 623.79M) | Time:00:01.09 | Mem:256.49M, Peak:278.15M | Scene, ViewLayer | Updating Geometry BVH common_foyer_cabinet_01_door_f0b_mesh 512/1402 | Building BVH
Fra:1 Mem:623.64M (Peak 623.79M) | Time:00:01.09 | Mem:256.50M, Peak:278.15M | Scene, ViewLayer | Updating Geometry BVH common_foyer_cabinet_01_door_f0t_mesh 513/1402 | Building BVH
Fra:1 Mem:623.64M (Peak 623.79M) | Time:00:01.09 | Mem:256.52M, Peak:278.15M | Scene, ViewLayer | Updating Geometry BVH common_foyer_cabinet_01_door_f0c_mesh 514/1402 | Building BVH
Fra:1 Mem:623.64M (Peak 623.79M) | Time:00:01.09 | Mem:256.52M, Peak:278.15M | Scene, ViewLayer | Updating Geometry BVH common_foyer_cabinet_01_door_p0_mesh 515/1402 | Building BVH
Fra:1 Mem:623.64M (Peak 623.79M) | Time:00:01.09 | Mem:256.53M, Peak:278.15M | Scene, ViewLayer | Updating Geometry BVH common_foyer_cabinet_01_door_f1l_mesh 516/1402 | Building BVH
Fra:1 Mem:623.64M (Peak 623.79M) | Time:00:01.09 | Mem:256.55M, Peak:278.15M | Scene, ViewLayer | Updating Geometry BVH common_foyer_cabinet_01_door_f1r_mesh 517/1402 | Building BVH
Fra:1 Mem:623.64M (Peak 623.79M) | Time:00:01.09 | Mem:256.58M, Peak:278.15M | Scene, ViewLayer | Updating Geometry BVH common_foyer_cabinet_01_door_f1b_mesh 518/1402 | Building BVH
Fra:1 Mem:623.64M (Peak 623.79M) | Time:00:01.09 | Mem:256.60M, Peak:278.15M | Scene, ViewLayer | Updating Geometry BVH common_foyer_cabinet_01_door_f1t_mesh 519/1402 | Building BVH
Fra:1 Mem:623.64M (Peak 623.79M) | Time:00:01.09 | Mem:256.60M, Peak:278.15M | Scene, ViewLayer | Updating Geometry BVH common_foyer_cabinet_01_door_f1c_mesh 520/1402 | Building BVH
Fra:1 Mem:623.64M (Peak 623.79M) | Time:00:01.09 | Mem:256.61M, Peak:278.15M | Scene, ViewLayer | Updating Geometry BVH common_foyer_cabinet_01_door_p1_mesh 521/1402 | Building BVH
Fra:1 Mem:623.64M (Peak 623.79M) | Time:00:01.09 | Mem:256.65M, Peak:278.15M | Scene, ViewLayer | Updating Geometry BVH A_living_dining_balcony_lounge_chair_01_arm1_mesh 1356/1402 | Building BVH
Fra:1 Mem:623.64M (Peak 623.79M) | Time:00:01.09 | Mem:256.66M, Peak:278.15M | Scene, ViewLayer | Updating Geometry BVH common_foyer_cabinet_01_door_f2l_mesh 522/1402 | Building BVH
Fra:1 Mem:623.64M (Peak 623.79M) | Time:00:01.09 | Mem:256.68M, Peak:278.15M | Scene, ViewLayer | Updating Geometry BVH common_foyer_cabinet_01_door_f2r_mesh 523/1402 | Building BVH
Fra:1 Mem:623.64M (Peak 623.79M) | Time:00:01.09 | Mem:256.70M, Peak:278.15M | Scene, ViewLayer | Updating Geometry BVH common_foyer_cabinet_01_door_f2b_mesh 524/1402 | Building BVH
Fra:1 Mem:623.64M (Peak 623.79M) | Time:00:01.09 | Mem:256.71M, Peak:278.15M | Scene, ViewLayer | Updating Geometry BVH common_foyer_cabinet_01_door_f2t_mesh 525/1402 | Building BVH
Fra:1 Mem:623.64M (Peak 623.79M) | Time:00:01.09 | Mem:256.71M, Peak:278.15M | Scene, ViewLayer | Updating Geometry BVH common_foyer_cabinet_01_door_p2_mesh 527/1402 | Building BVH
Fra:1 Mem:623.64M (Peak 623.79M) | Time:00:01.09 | Mem:256.73M, Peak:278.15M | Scene, ViewLayer | Updating Geometry BVH common_foyer_open_niche_01_back_mesh 528/1402 | Building BVH
Fra:1 Mem:623.64M (Peak 623.79M) | Time:00:01.09 | Mem:256.75M, Peak:278.15M | Scene, ViewLayer | Updating Geometry BVH common_foyer_open_niche_01_cheek0_mesh 529/1402 | Building BVH
Fra:1 Mem:623.64M (Peak 623.79M) | Time:00:01.09 | Mem:256.78M, Peak:278.15M | Scene, ViewLayer | Updating Geometry BVH common_foyer_open_niche_01_cheek1_mesh 530/1402 | Building BVH
Fra:1 Mem:623.64M (Peak 623.79M) | Time:00:01.09 | Mem:256.78M, Peak:278.15M | Scene, ViewLayer | Updating Geometry BVH common_foyer_open_niche_01_top_mesh 531/1402 | Building BVH
Fra:1 Mem:623.64M (Peak 623.79M) | Time:00:01.09 | Mem:256.78M, Peak:278.15M | Scene, ViewLayer | Updating Geometry BVH common_foyer_open_niche_01_bottom_mesh 532/1402 | Building BVH
Fra:1 Mem:623.64M (Peak 623.79M) | Time:00:01.09 | Mem:256.78M, Peak:278.15M | Scene, ViewLayer | Updating Geometry BVH common_foyer_cabinet_02_body_mesh 534/1402 | Building BVH
Fra:1 Mem:623.64M (Peak 623.79M) | Time:00:01.09 | Mem:256.78M, Peak:278.15M | Scene, ViewLayer | Updating Geometry BVH common_foyer_cabinet_02_door_gapbg_mesh 535/1402 | Building BVH
Fra:1 Mem:623.64M (Peak 623.79M) | Time:00:01.09 | Mem:256.80M, Peak:278.15M | Scene, ViewLayer | Updating Geometry BVH common_foyer_cabinet_02_door_f0r_mesh 537/1402 | Building BVH
Fra:1 Mem:623.64M (Peak 623.79M) | Time:00:01.09 | Mem:256.80M, Peak:278.15M | Scene, ViewLayer | Updating Geometry BVH common_foyer_cabinet_02_door_f0b_mesh 538/1402 | Building BVH
Fra:1 Mem:623.64M (Peak 623.79M) | Time:00:01.09 | Mem:256.80M, Peak:278.15M | Scene, ViewLayer | Updating Geometry BVH common_foyer_cabinet_02_door_f0t_mesh 539/1402 | Building BVH
Fra:1 Mem:623.64M (Peak 623.79M) | Time:00:01.09 | Mem:256.81M, Peak:278.15M | Scene, ViewLayer | Updating Geometry BVH A_living_dining_balcony_lounge_chair_01_arm0_mesh 1355/1402 | Building BVH
Fra:1 Mem:623.64M (Peak 623.79M) | Time:00:01.09 | Mem:256.81M, Peak:278.15M | Scene, ViewLayer | Updating Geometry BVH common_foyer_cabinet_02_door_f0c_mesh 540/1402 | Building BVH
Fra:1 Mem:623.64M (Peak 623.79M) | Time:00:01.09 | Mem:256.87M, Peak:278.15M | Scene, ViewLayer | Updating Geometry BVH common_foyer_cabinet_02_door_p0_mesh 541/1402 | Building BVH
Fra:1 Mem:623.64M (Peak 623.79M) | Time:00:01.09 | Mem:256.89M, Peak:278.15M | Scene, ViewLayer | Updating Geometry BVH common_foyer_cabinet_02_door_f1l_mesh 542/1402 | Building BVH
Fra:1 Mem:623.64M (Peak 623.79M) | Time:00:01.09 | Mem:256.93M, Peak:278.15M | Scene, ViewLayer | Updating Geometry BVH common_foyer_cabinet_02_door_f1r_mesh 543/1402 | Building BVH
Fra:1 Mem:623.64M (Peak 623.79M) | Time:00:01.09 | Mem:256.97M, Peak:278.15M | Scene, ViewLayer | Updating Geometry BVH common_foyer_cabinet_02_door_f1b_mesh 544/1402 | Building BVH
Fra:1 Mem:623.64M (Peak 623.79M) | Time:00:01.09 | Mem:256.98M, Peak:278.15M | Scene, ViewLayer | Updating Geometry BVH common_foyer_cabinet_02_door_f1t_mesh 545/1402 | Building BVH
Fra:1 Mem:623.64M (Peak 623.79M) | Time:00:01.09 | Mem:256.99M, Peak:278.15M | Scene, ViewLayer | Updating Geometry BVH common_foyer_cabinet_02_door_f1c_mesh 546/1402 | Building BVH
Fra:1 Mem:623.64M (Peak 623.79M) | Time:00:01.09 | Mem:257.01M, Peak:278.15M | Scene, ViewLayer | Updating Geometry BVH common_foyer_cabinet_02_door_f2r_mesh 549/1402 | Building BVH
Fra:1 Mem:623.64M (Peak 623.79M) | Time:00:01.09 | Mem:257.02M, Peak:278.15M | Scene, ViewLayer | Updating Geometry BVH common_foyer_cabinet_02_door_f2t_mesh 551/1402 | Building BVH
Fra:1 Mem:623.64M (Peak 623.79M) | Time:00:01.09 | Mem:257.03M, Peak:278.15M | Scene, ViewLayer | Updating Geometry BVH common_foyer_cabinet_02_door_f2c_mesh 552/1402 | Building BVH
Fra:1 Mem:623.64M (Peak 623.79M) | Time:00:01.09 | Mem:257.04M, Peak:278.15M | Scene, ViewLayer | Updating Geometry BVH common_foyer_cabinet_02_door_p2_mesh 553/1402 | Building BVH
Fra:1 Mem:623.64M (Peak 623.79M) | Time:00:01.09 | Mem:257.06M, Peak:278.15M | Scene, ViewLayer | Updating Geometry BVH common_foyer_mirror_door_01_mirror_mesh 554/1402 | Building BVH
Fra:1 Mem:623.64M (Peak 623.79M) | Time:00:01.09 | Mem:257.13M, Peak:278.15M | Scene, ViewLayer | Updating Geometry BVH common_foyer_mirror_door_01_fr0_mesh 555/1402 | Building BVH
Fra:1 Mem:623.64M (Peak 623.79M) | Time:00:01.09 | Mem:257.13M, Peak:278.15M | Scene, ViewLayer | Updating Geometry BVH common_foyer_mirror_door_01_fr1_mesh 556/1402 | Building BVH
Fra:1 Mem:623.64M (Peak 623.79M) | Time:00:01.09 | Mem:257.13M, Peak:278.15M | Scene, ViewLayer | Updating Geometry BVH common_foyer_mirror_door_01_fr2_mesh 557/1402 | Building BVH
Fra:1 Mem:623.64M (Peak 623.79M) | Time:00:01.09 | Mem:257.14M, Peak:278.15M | Scene, ViewLayer | Updating Geometry BVH common_foyer_mirror_door_01_fr3_mesh 558/1402 | Building BVH
Fra:1 Mem:623.64M (Peak 623.79M) | Time:00:01.09 | Mem:257.15M, Peak:278.15M | Scene, ViewLayer | Updating Geometry BVH common_foyer_mirror_door_01_pull_mesh 559/1402 | Building BVH
Fra:1 Mem:623.64M (Peak 623.79M) | Time:00:01.09 | Mem:257.15M, Peak:278.15M | Scene, ViewLayer | Updating Geometry BVH common_elevator_hall_cabinet_01_body_mesh 560/1402 | Building BVH
Fra:1 Mem:623.64M (Peak 623.79M) | Time:00:01.09 | Mem:257.16M, Peak:278.15M | Scene, ViewLayer | Updating Geometry BVH common_elevator_hall_cabinet_01_door_f0r_mesh 563/1402 | Building BVH
Fra:1 Mem:623.64M (Peak 623.79M) | Time:00:01.09 | Mem:257.17M, Peak:278.15M | Scene, ViewLayer | Updating Geometry BVH common_elevator_hall_cabinet_01_door_f0b_mesh 564/1402 | Building BVH
Fra:1 Mem:623.64M (Peak 623.79M) | Time:00:01.09 | Mem:257.17M, Peak:278.15M | Scene, ViewLayer | Updating Geometry BVH common_elevator_hall_cabinet_01_door_f0t_mesh 565/1402 | Building BVH
Fra:1 Mem:623.64M (Peak 623.79M) | Time:00:01.09 | Mem:257.17M, Peak:278.15M | Scene, ViewLayer | Updating Geometry BVH common_elevator_hall_cabinet_01_door_f0c_mesh 566/1402 | Building BVH
Fra:1 Mem:623.64M (Peak 623.79M) | Time:00:01.09 | Mem:257.19M, Peak:278.15M | Scene, ViewLayer | Updating Geometry BVH common_living_dining_balcony_bookcase_01_body_mesh 568/1402 | Building BVH
Fra:1 Mem:623.64M (Peak 623.79M) | Time:00:01.09 | Mem:257.19M, Peak:278.15M | Scene, ViewLayer | Updating Geometry BVH common_elevator_hall_cabinet_01_door_p0_mesh 567/1402 | Building BVH
Fra:1 Mem:623.64M (Peak 623.79M) | Time:00:01.09 | Mem:257.28M, Peak:278.15M | Scene, ViewLayer | Updating Geometry BVH A_living_dining_balcony_lounge_chair_01_leg3_mesh 1354/1402 | Building BVH
Fra:1 Mem:623.64M (Peak 623.79M) | Time:00:01.09 | Mem:257.28M, Peak:278.15M | Scene, ViewLayer | Updating Geometry BVH common_living_dining_balcony_bookcase_01_drw_f0_mesh 570/1402 | Building BVH
Fra:1 Mem:623.64M (Peak 623.79M) | Time:00:01.09 | Mem:257.28M, Peak:278.15M | Scene, ViewLayer | Updating Geometry BVH common_living_dining_balcony_bookcase_01_drw_slot0_mesh 571/1402 | Building BVH
Fra:1 Mem:623.64M (Peak 623.79M) | Time:00:01.09 | Mem:257.28M, Peak:278.15M | Scene, ViewLayer | Updating Geometry BVH common_living_dining_balcony_bookcase_01_drw_f1_mesh 572/1402 | Building BVH
Fra:1 Mem:623.64M (Peak 623.79M) | Time:00:01.09 | Mem:257.29M, Peak:278.15M | Scene, ViewLayer | Updating Geometry BVH common_living_dining_balcony_bookcase_01_drw_slot1_mesh 573/1402 | Building BVH
Fra:1 Mem:623.64M (Peak 623.79M) | Time:00:01.09 | Mem:257.29M, Peak:278.15M | Scene, ViewLayer | Updating Geometry BVH common_living_dining_balcony_bookcase_01_drw_f2_mesh 574/1402 | Building BVH
Fra:1 Mem:623.64M (Peak 623.79M) | Time:00:01.09 | Mem:257.31M, Peak:278.15M | Scene, ViewLayer | Updating Geometry BVH common_living_dining_balcony_bookcase_01_drw_slot2_mesh 575/1402 | Building BVH
Fra:1 Mem:623.64M (Peak 623.79M) | Time:00:01.09 | Mem:257.38M, Peak:278.15M | Scene, ViewLayer | Updating Geometry BVH common_living_dining_balcony_bookcase_02_top_mesh 577/1402 | Building BVH
Fra:1 Mem:623.64M (Peak 623.79M) | Time:00:01.09 | Mem:257.38M, Peak:278.15M | Scene, ViewLayer | Updating Geometry BVH common_living_dining_balcony_bookcase_02_bot_mesh 578/1402 | Building BVH
Fra:1 Mem:623.64M (Peak 623.79M) | Time:00:01.09 | Mem:257.39M, Peak:278.15M | Scene, ViewLayer | Updating Geometry BVH common_living_dining_balcony_bookcase_02_endS_mesh 579/1402 | Building BVH
Fra:1 Mem:623.64M (Peak 623.79M) | Time:00:01.09 | Mem:257.40M, Peak:278.15M | Scene, ViewLayer | Updating Geometry BVH common_living_dining_balcony_bookcase_02_endN_mesh 580/1402 | Building BVH
Fra:1 Mem:623.64M (Peak 623.79M) | Time:00:01.09 | Mem:257.41M, Peak:278.15M | Scene, ViewLayer | Updating Geometry BVH common_living_dining_balcony_bookcase_02_div1_mesh 581/1402 | Building BVH
Fra:1 Mem:623.64M (Peak 623.79M) | Time:00:01.09 | Mem:257.42M, Peak:278.15M | Scene, ViewLayer | Updating Geometry BVH common_living_dining_balcony_bookcase_02_div2_mesh 582/1402 | Building BVH
Fra:1 Mem:623.64M (Peak 623.79M) | Time:00:01.09 | Mem:257.43M, Peak:278.15M | Scene, ViewLayer | Updating Geometry BVH common_living_dining_balcony_bookcase_02_door_gapbg_mesh 583/1402 | Building BVH
Fra:1 Mem:623.64M (Peak 623.79M) | Time:00:01.09 | Mem:257.43M, Peak:278.15M | Scene, ViewLayer | Updating Geometry BVH common_living_dining_balcony_bookcase_02_door_f0_mesh 584/1402 | Building BVH
Fra:1 Mem:623.64M (Peak 623.79M) | Time:00:01.09 | Mem:257.43M, Peak:278.15M | Scene, ViewLayer | Updating Geometry BVH common_living_dining_balcony_bookcase_02_door_p0_mesh 585/1402 | Building BVH
Fra:1 Mem:623.64M (Peak 623.79M) | Time:00:01.09 | Mem:257.47M, Peak:278.15M | Scene, ViewLayer | Updating Geometry BVH common_living_dining_balcony_bookcase_02_shelf0_mesh 586/1402 | Building BVH
Fra:1 Mem:623.64M (Peak 623.79M) | Time:00:01.09 | Mem:257.47M, Peak:278.15M | Scene, ViewLayer | Updating Geometry BVH common_living_dining_balcony_bookcase_02_shelf1_mesh 587/1402 | Building BVH
Fra:1 Mem:623.64M (Peak 623.79M) | Time:00:01.09 | Mem:257.47M, Peak:278.15M | Scene, ViewLayer | Updating Geometry BVH common_living_dining_balcony_bookcase_02_shelf2_mesh 588/1402 | Building BVH
Fra:1 Mem:623.64M (Peak 623.79M) | Time:00:01.09 | Mem:257.50M, Peak:278.15M | Scene, ViewLayer | Updating Geometry BVH common_living_dining_balcony_bookcase_02_shelf3_mesh 589/1402 | Building BVH
Fra:1 Mem:623.64M (Peak 623.79M) | Time:00:01.09 | Mem:257.50M, Peak:278.15M | Scene, ViewLayer | Updating Geometry BVH common_living_dining_balcony_bookcase_02_gshelf1_mesh 591/1402 | Building BVH
Fra:1 Mem:623.64M (Peak 623.79M) | Time:00:01.09 | Mem:257.50M, Peak:278.15M | Scene, ViewLayer | Updating Geometry BVH common_living_dining_balcony_bookcase_02_gf_stS_mesh 592/1402 | Building BVH
Fra:1 Mem:623.64M (Peak 623.79M) | Time:00:01.09 | Mem:257.50M, Peak:278.15M | Scene, ViewLayer | Updating Geometry BVH common_living_dining_balcony_bookcase_02_gf_stN_mesh 593/1402 | Building BVH
Fra:1 Mem:623.64M (Peak 623.79M) | Time:00:01.09 | Mem:257.50M, Peak:278.15M | Scene, ViewLayer | Updating Geometry BVH common_living_dining_balcony_bookcase_02_gf_rlB_mesh 594/1402 | Building BVH
Fra:1 Mem:623.64M (Peak 623.79M) | Time:00:01.09 | Mem:257.50M, Peak:278.15M | Scene, ViewLayer | Updating Geometry BVH common_living_dining_balcony_bookcase_02_gf_rlT_mesh 595/1402 | Building BVH
Fra:1 Mem:623.64M (Peak 623.79M) | Time:00:01.09 | Mem:257.51M, Peak:278.15M | Scene, ViewLayer | Updating Geometry BVH common_living_dining_balcony_bookcase_02_gpane_mesh 596/1402 | Building BVH
Fra:1 Mem:623.64M (Peak 623.79M) | Time:00:01.09 | Mem:257.55M, Peak:278.15M | Scene, ViewLayer | Updating Geometry BVH common_living_dining_balcony_laundry_cabinet_01_body_mesh 598/1402 | Building BVH
Fra:1 Mem:623.64M (Peak 623.79M) | Time:00:01.09 | Mem:257.57M, Peak:278.15M | Scene, ViewLayer | Updating Geometry BVH common_living_dining_balcony_laundry_cabinet_01_door_gapbg_mesh 599/1402 | Building BVH
Fra:1 Mem:623.64M (Peak 623.79M) | Time:00:01.09 | Mem:257.63M, Peak:278.15M | Scene, ViewLayer | Updating Geometry BVH common_living_dining_balcony_laundry_cabinet_01_door_f0l_mesh 600/1402 | Building BVH
Fra:1 Mem:623.64M (Peak 623.79M) | Time:00:01.09 | Mem:257.62M, Peak:278.15M | Scene, ViewLayer | Updating Geometry BVH common_living_dining_balcony_laundry_cabinet_01_door_f0r_mesh 601/1402 | Building BVH
Fra:1 Mem:623.64M (Peak 623.79M) | Time:00:01.09 | Mem:257.62M, Peak:278.15M | Scene, ViewLayer | Updating Geometry BVH common_living_dining_balcony_laundry_cabinet_01_door_f0b_mesh 602/1402 | Building BVH
Fra:1 Mem:623.64M (Peak 623.79M) | Time:00:01.09 | Mem:257.63M, Peak:278.15M | Scene, ViewLayer | Updating Geometry BVH common_living_dining_balcony_laundry_cabinet_01_door_f0t_mesh 603/1402 | Building BVH
Fra:1 Mem:623.64M (Peak 623.79M) | Time:00:01.10 | Mem:257.70M, Peak:278.15M | Scene, ViewLayer | Updating Geometry BVH common_living_dining_balcony_laundry_cabinet_01_door_f0c_mesh 604/1402 | Building BVH
Fra:1 Mem:623.64M (Peak 623.79M) | Time:00:01.10 | Mem:257.70M, Peak:278.15M | Scene, ViewLayer | Updating Geometry BVH common_living_dining_balcony_laundry_cabinet_01_door_p0_mesh 605/1402 | Building BVH
Fra:1 Mem:623.64M (Peak 623.79M) | Time:00:01.10 | Mem:257.70M, Peak:278.15M | Scene, ViewLayer | Updating Geometry BVH common_living_dining_balcony_laundry_cabinet_01_door_f1l_mesh 606/1402 | Building BVH
Fra:1 Mem:623.64M (Peak 623.79M) | Time:00:01.10 | Mem:257.70M, Peak:278.15M | Scene, ViewLayer | Updating Geometry BVH common_living_dining_balcony_laundry_cabinet_01_door_f1r_mesh 607/1402 | Building BVH
Fra:1 Mem:623.64M (Peak 623.79M) | Time:00:01.10 | Mem:257.70M, Peak:278.15M | Scene, ViewLayer | Updating Geometry BVH common_living_dining_balcony_laundry_cabinet_01_door_f1b_mesh 608/1402 | Building BVH
Fra:1 Mem:623.64M (Peak 623.79M) | Time:00:01.10 | Mem:257.70M, Peak:278.15M | Scene, ViewLayer | Updating Geometry BVH common_living_dining_balcony_laundry_cabinet_01_door_f1t_mesh 609/1402 | Building BVH
Fra:1 Mem:623.64M (Peak 623.79M) | Time:00:01.10 | Mem:257.70M, Peak:278.15M | Scene, ViewLayer | Updating Geometry BVH A_living_dining_balcony_lounge_chair_01_leg2_mesh 1353/1402 | Building BVH
Fra:1 Mem:623.64M (Peak 623.79M) | Time:00:01.10 | Mem:257.72M, Peak:278.15M | Scene, ViewLayer | Updating Geometry BVH common_master_bedroom_wardrobe_01_body_mesh 612/1402 | Building BVH
Fra:1 Mem:623.64M (Peak 623.79M) | Time:00:01.10 | Mem:257.80M, Peak:278.15M | Scene, ViewLayer | Updating Geometry BVH common_master_bedroom_wardrobe_01_door_gapbg_mesh 613/1402 | Building BVH
Fra:1 Mem:623.64M (Peak 623.79M) | Time:00:01.10 | Mem:257.82M, Peak:278.15M | Scene, ViewLayer | Updating Geometry BVH common_master_bedroom_wardrobe_01_door_f0l_mesh 614/1402 | Building BVH
Fra:1 Mem:623.64M (Peak 623.79M) | Time:00:01.10 | Mem:257.84M, Peak:278.15M | Scene, ViewLayer | Updating Geometry BVH common_master_bedroom_wardrobe_01_door_f0r_mesh 615/1402 | Building BVH
Fra:1 Mem:623.64M (Peak 623.79M) | Time:00:01.10 | Mem:257.84M, Peak:278.15M | Scene, ViewLayer | Updating Geometry BVH common_master_bedroom_wardrobe_01_door_f0t_mesh 617/1402 | Building BVH
Fra:1 Mem:623.64M (Peak 623.79M) | Time:00:01.10 | Mem:257.85M, Peak:278.15M | Scene, ViewLayer | Updating Geometry BVH common_master_bedroom_wardrobe_01_door_f0c_mesh 618/1402 | Building BVH
Fra:1 Mem:623.64M (Peak 623.79M) | Time:00:01.10 | Mem:257.90M, Peak:278.15M | Scene, ViewLayer | Updating Geometry BVH common_master_bedroom_wardrobe_01_door_p0_mesh 619/1402 | Building BVH
Fra:1 Mem:623.64M (Peak 623.79M) | Time:00:01.10 | Mem:257.90M, Peak:278.15M | Scene, ViewLayer | Updating Geometry BVH common_master_bedroom_wardrobe_01_door_f1l_mesh 620/1402 | Building BVH
Fra:1 Mem:623.64M (Peak 623.79M) | Time:00:01.10 | Mem:257.91M, Peak:278.15M | Scene, ViewLayer | Updating Geometry BVH common_master_bedroom_wardrobe_01_door_f1r_mesh 621/1402 | Building BVH
Fra:1 Mem:623.64M (Peak 623.79M) | Time:00:01.10 | Mem:257.91M, Peak:278.15M | Scene, ViewLayer | Updating Geometry BVH common_master_bedroom_wardrobe_01_door_f1b_mesh 622/1402 | Building BVH
Fra:1 Mem:623.64M (Peak 623.79M) | Time:00:01.10 | Mem:257.91M, Peak:278.15M | Scene, ViewLayer | Updating Geometry BVH common_master_bedroom_wardrobe_01_door_f1t_mesh 623/1402 | Building BVH
Fra:1 Mem:623.64M (Peak 623.79M) | Time:00:01.10 | Mem:257.91M, Peak:278.15M | Scene, ViewLayer | Updating Geometry BVH common_master_bedroom_wardrobe_01_door_f1c_mesh 624/1402 | Building BVH
Fra:1 Mem:623.64M (Peak 623.79M) | Time:00:01.10 | Mem:257.92M, Peak:278.15M | Scene, ViewLayer | Updating Geometry BVH common_master_bedroom_wardrobe_01_door_p1_mesh 625/1402 | Building BVH
Fra:1 Mem:623.64M (Peak 623.79M) | Time:00:01.10 | Mem:258.01M, Peak:278.15M | Scene, ViewLayer | Updating Geometry BVH common_master_bedroom_wardrobe_01_door_f2l_mesh 626/1402 | Building BVH
Fra:1 Mem:623.64M (Peak 623.79M) | Time:00:01.10 | Mem:258.01M, Peak:278.15M | Scene, ViewLayer | Updating Geometry BVH A_living_dining_balcony_lounge_chair_01_leg1_mesh 1352/1402 | Building BVH
Fra:1 Mem:623.64M (Peak 623.79M) | Time:00:01.10 | Mem:258.02M, Peak:278.15M | Scene, ViewLayer | Updating Geometry BVH common_master_bedroom_wardrobe_01_door_f2b_mesh 628/1402 | Building BVH
Fra:1 Mem:623.64M (Peak 623.79M) | Time:00:01.10 | Mem:258.02M, Peak:278.15M | Scene, ViewLayer | Updating Geometry BVH common_master_bedroom_wardrobe_01_door_f2c_mesh 630/1402 | Building BVH
Fra:1 Mem:623.64M (Peak 623.79M) | Time:00:01.10 | Mem:258.03M, Peak:278.15M | Scene, ViewLayer | Updating Geometry BVH common_master_bedroom_wardrobe_01_door_p2_mesh 631/1402 | Building BVH
Fra:1 Mem:623.64M (Peak 623.79M) | Time:00:01.10 | Mem:258.03M, Peak:278.15M | Scene, ViewLayer | Updating Geometry BVH common_master_bedroom_wardrobe_01_door_f3l_mesh 632/1402 | Building BVH
Fra:1 Mem:623.64M (Peak 623.79M) | Time:00:01.10 | Mem:258.10M, Peak:278.15M | Scene, ViewLayer | Updating Geometry BVH common_master_bedroom_wardrobe_01_door_f3r_mesh 633/1402 | Building BVH
Fra:1 Mem:623.64M (Peak 623.79M) | Time:00:01.10 | Mem:258.13M, Peak:278.15M | Scene, ViewLayer | Updating Geometry BVH common_master_bedroom_wardrobe_01_door_f3b_mesh 634/1402 | Building BVH
Fra:1 Mem:623.64M (Peak 623.79M) | Time:00:01.10 | Mem:258.12M, Peak:278.15M | Scene, ViewLayer | Updating Geometry BVH common_master_bedroom_wardrobe_01_door_f3t_mesh 635/1402 | Building BVH
Fra:1 Mem:623.64M (Peak 623.79M) | Time:00:01.10 | Mem:258.14M, Peak:278.15M | Scene, ViewLayer | Updating Geometry BVH common_master_bedroom_wardrobe_01_door_f3c_mesh 636/1402 | Building BVH
Fra:1 Mem:623.64M (Peak 623.79M) | Time:00:01.10 | Mem:258.15M, Peak:278.15M | Scene, ViewLayer | Updating Geometry BVH common_master_bedroom_wardrobe_01_door_p3_mesh 637/1402 | Building BVH
Fra:1 Mem:623.64M (Peak 623.79M) | Time:00:01.10 | Mem:258.15M, Peak:278.15M | Scene, ViewLayer | Updating Geometry BVH common_master_bedroom_wardrobe_01_door_f4l_mesh 638/1402 | Building BVH
Fra:1 Mem:623.64M (Peak 623.79M) | Time:00:01.10 | Mem:258.16M, Peak:278.15M | Scene, ViewLayer | Updating Geometry BVH common_master_bedroom_wardrobe_01_door_f4r_mesh 639/1402 | Building BVH
Fra:1 Mem:623.64M (Peak 623.79M) | Time:00:01.10 | Mem:258.15M, Peak:278.15M | Scene, ViewLayer | Updating Geometry BVH A_living_dining_balcony_lounge_chair_01_leg0_mesh 1351/1402 | Building BVH
Fra:1 Mem:623.64M (Peak 623.79M) | Time:00:01.10 | Mem:258.19M, Peak:278.15M | Scene, ViewLayer | Updating Geometry BVH common_master_bedroom_wardrobe_01_door_f4b_mesh 640/1402 | Building BVH
Fra:1 Mem:623.64M (Peak 623.79M) | Time:00:01.10 | Mem:258.19M, Peak:278.15M | Scene, ViewLayer | Updating Geometry BVH common_master_bedroom_wardrobe_01_door_f4t_mesh 641/1402 | Building BVH
Fra:1 Mem:623.64M (Peak 623.79M) | Time:00:01.10 | Mem:258.20M, Peak:278.15M | Scene, ViewLayer | Updating Geometry BVH common_master_bedroom_wardrobe_01_door_f4c_mesh 642/1402 | Building BVH
Fra:1 Mem:623.64M (Peak 623.79M) | Time:00:01.10 | Mem:258.21M, Peak:278.15M | Scene, ViewLayer | Updating Geometry BVH common_master_bedroom_wardrobe_01_door_p4_mesh 643/1402 | Building BVH
Fra:1 Mem:623.64M (Peak 623.79M) | Time:00:01.10 | Mem:258.25M, Peak:278.15M | Scene, ViewLayer | Updating Geometry BVH common_master_bedroom_wardrobe_01_door_f5l_mesh 644/1402 | Building BVH
Fra:1 Mem:623.64M (Peak 623.79M) | Time:00:01.10 | Mem:258.28M, Peak:278.15M | Scene, ViewLayer | Updating Geometry BVH common_master_bedroom_wardrobe_01_door_f5b_mesh 646/1402 | Building BVH
Fra:1 Mem:623.64M (Peak 623.79M) | Time:00:01.10 | Mem:258.33M, Peak:278.15M | Scene, ViewLayer | Updating Geometry BVH common_master_bedroom_wardrobe_01_door_f5t_mesh 647/1402 | Building BVH
Fra:1 Mem:623.64M (Peak 623.79M) | Time:00:01.10 | Mem:258.33M, Peak:278.15M | Scene, ViewLayer | Updating Geometry BVH common_master_bedroom_wardrobe_01_door_f5c_mesh 648/1402 | Building BVH
Fra:1 Mem:623.64M (Peak 623.79M) | Time:00:01.10 | Mem:258.34M, Peak:278.15M | Scene, ViewLayer | Updating Geometry BVH common_master_bedroom_wardrobe_01_door_p5_mesh 649/1402 | Building BVH
Fra:1 Mem:623.64M (Peak 623.79M) | Time:00:01.10 | Mem:258.35M, Peak:278.15M | Scene, ViewLayer | Updating Geometry BVH common_master_bedroom_wardrobe_01_door_f6l_mesh 650/1402 | Building BVH
Fra:1 Mem:623.64M (Peak 623.79M) | Time:00:01.10 | Mem:258.36M, Peak:278.15M | Scene, ViewLayer | Updating Geometry BVH common_master_bedroom_wardrobe_01_door_f6r_mesh 651/1402 | Building BVH
Fra:1 Mem:623.64M (Peak 623.79M) | Time:00:01.10 | Mem:258.40M, Peak:278.15M | Scene, ViewLayer | Updating Geometry BVH common_master_bedroom_wardrobe_01_door_f6b_mesh 652/1402 | Building BVH
Fra:1 Mem:623.64M (Peak 623.79M) | Time:00:01.10 | Mem:258.40M, Peak:278.15M | Scene, ViewLayer | Updating Geometry BVH A_living_dining_balcony_lounge_chair_01_back_mesh 1350/1402 | Building BVH
Fra:1 Mem:623.64M (Peak 623.79M) | Time:00:01.10 | Mem:258.40M, Peak:278.15M | Scene, ViewLayer | Updating Geometry BVH common_master_bedroom_wardrobe_01_door_f6t_mesh 653/1402 | Building BVH
Fra:1 Mem:623.64M (Peak 623.79M) | Time:00:01.10 | Mem:258.41M, Peak:278.15M | Scene, ViewLayer | Updating Geometry BVH common_master_bedroom_wardrobe_01_door_f6c_mesh 654/1402 | Building BVH
Fra:1 Mem:623.64M (Peak 623.79M) | Time:00:01.10 | Mem:258.46M, Peak:278.15M | Scene, ViewLayer | Updating Geometry BVH common_master_bedroom_wardrobe_01_door_p6_mesh 655/1402 | Building BVH
Fra:1 Mem:623.64M (Peak 623.79M) | Time:00:01.10 | Mem:258.46M, Peak:278.15M | Scene, ViewLayer | Updating Geometry BVH common_master_bedroom_open_niche_01_back_mesh 656/1402 | Building BVH
Fra:1 Mem:623.64M (Peak 623.79M) | Time:00:01.10 | Mem:258.47M, Peak:278.15M | Scene, ViewLayer | Updating Geometry BVH common_master_bedroom_open_niche_01_cheek0_mesh 657/1402 | Building BVH
Fra:1 Mem:623.64M (Peak 623.79M) | Time:00:01.10 | Mem:258.46M, Peak:278.15M | Scene, ViewLayer | Updating Geometry BVH common_master_bedroom_open_niche_01_cheek1_mesh 658/1402 | Building BVH
Fra:1 Mem:623.64M (Peak 623.79M) | Time:00:01.10 | Mem:258.46M, Peak:278.15M | Scene, ViewLayer | Updating Geometry BVH common_master_bedroom_open_niche_01_top_mesh 659/1402 | Building BVH
Fra:1 Mem:623.64M (Peak 623.79M) | Time:00:01.10 | Mem:258.47M, Peak:278.15M | Scene, ViewLayer | Updating Geometry BVH common_master_bedroom_open_niche_01_bottom_mesh 660/1402 | Building BVH
Fra:1 Mem:623.64M (Peak 623.79M) | Time:00:01.10 | Mem:258.49M, Peak:278.15M | Scene, ViewLayer | Updating Geometry BVH common_master_bedroom_open_niche_01_sh0_mesh 661/1402 | Building BVH
Fra:1 Mem:623.64M (Peak 623.79M) | Time:00:01.10 | Mem:258.49M, Peak:278.15M | Scene, ViewLayer | Updating Geometry BVH common_master_bedroom_open_niche_01_sh1_mesh 662/1402 | Building BVH
Fra:1 Mem:623.64M (Peak 623.79M) | Time:00:01.10 | Mem:258.51M, Peak:278.15M | Scene, ViewLayer | Updating Geometry BVH common_master_bedroom_open_niche_01_sh2_mesh 663/1402 | Building BVH
Fra:1 Mem:623.64M (Peak 623.79M) | Time:00:01.10 | Mem:258.51M, Peak:278.15M | Scene, ViewLayer | Updating Geometry BVH common_master_bath_vanity_01_drw_gapbg_mesh 665/1402 | Building BVH
Fra:1 Mem:623.64M (Peak 623.79M) | Time:00:01.10 | Mem:258.56M, Peak:278.15M | Scene, ViewLayer | Updating Geometry BVH common_master_bath_vanity_01_drw_f0_mesh 666/1402 | Building BVH
Fra:1 Mem:623.64M (Peak 623.79M) | Time:00:01.10 | Mem:258.56M, Peak:278.15M | Scene, ViewLayer | Updating Geometry BVH common_master_bath_vanity_01_drw_p0_mesh 667/1402 | Building BVH
Fra:1 Mem:623.64M (Peak 623.79M) | Time:00:01.10 | Mem:258.56M, Peak:278.15M | Scene, ViewLayer | Updating Geometry BVH A_living_dining_balcony_lounge_chair_01_seat_mesh 1349/1402 | Building BVH
Fra:1 Mem:623.64M (Peak 623.79M) | Time:00:01.10 | Mem:258.57M, Peak:278.15M | Scene, ViewLayer | Updating Geometry BVH common_master_bath_vanity_01_drw_f1_mesh 668/1402 | Building BVH
Fra:1 Mem:623.64M (Peak 623.79M) | Time:00:01.10 | Mem:258.59M, Peak:278.15M | Scene, ViewLayer | Updating Geometry BVH common_master_bath_vanity_01_drw_p1_mesh 669/1402 | Building BVH
Fra:1 Mem:623.64M (Peak 623.79M) | Time:00:01.10 | Mem:258.61M, Peak:278.15M | Scene, ViewLayer | Updating Geometry BVH common_master_bath_vanity_01_top_s1_mesh 670/1402 | Building BVH
Fra:1 Mem:623.64M (Peak 623.79M) | Time:00:01.10 | Mem:258.65M, Peak:278.15M | Scene, ViewLayer | Updating Geometry BVH common_master_bath_vanity_01_top_s2_mesh 671/1402 | Building BVH
Fra:1 Mem:623.64M (Peak 623.79M) | Time:00:01.10 | Mem:258.64M, Peak:278.15M | Scene, ViewLayer | Updating Geometry BVH common_master_bath_vanity_01_top_s3_mesh 672/1402 | Building BVH
Fra:1 Mem:623.64M (Peak 623.79M) | Time:00:01.10 | Mem:258.65M, Peak:278.15M | Scene, ViewLayer | Updating Geometry BVH common_master_bath_vanity_01_top_s4_mesh 673/1402 | Building BVH
Fra:1 Mem:623.64M (Peak 623.79M) | Time:00:01.10 | Mem:258.67M, Peak:278.15M | Scene, ViewLayer | Updating Geometry BVH common_master_bath_vanity_01_bowlW_mesh 674/1402 | Building BVH
Fra:1 Mem:623.64M (Peak 623.79M) | Time:00:01.10 | Mem:258.68M, Peak:278.15M | Scene, ViewLayer | Updating Geometry BVH common_master_bath_vanity_01_bowlE_mesh 675/1402 | Building BVH
Fra:1 Mem:623.64M (Peak 623.79M) | Time:00:01.10 | Mem:258.70M, Peak:278.15M | Scene, ViewLayer | Updating Geometry BVH common_master_bath_vanity_01_bowlN_mesh 676/1402 | Building BVH
Fra:1 Mem:623.64M (Peak 623.79M) | Time:00:01.10 | Mem:258.73M, Peak:278.15M | Scene, ViewLayer | Updating Geometry BVH common_master_bath_vanity_01_bowlS_mesh 677/1402 | Building BVH
Fra:1 Mem:623.64M (Peak 623.79M) | Time:00:01.10 | Mem:258.73M, Peak:278.15M | Scene, ViewLayer | Updating Geometry BVH common_master_bath_vanity_01_bowlB_mesh 678/1402 | Building BVH
Fra:1 Mem:623.64M (Peak 623.79M) | Time:00:01.10 | Mem:258.74M, Peak:278.15M | Scene, ViewLayer | Updating Geometry BVH common_master_bath_vanity_01_fc_base_mesh 679/1402 | Building BVH
Fra:1 Mem:623.64M (Peak 623.79M) | Time:00:01.10 | Mem:258.77M, Peak:278.15M | Scene, ViewLayer | Updating Geometry BVH common_master_bath_vanity_01_fc_riser_mesh 680/1402 | Building BVH
Fra:1 Mem:623.64M (Peak 623.79M) | Time:00:01.10 | Mem:258.77M, Peak:278.15M | Scene, ViewLayer | Updating Geometry BVH common_master_bath_vanity_01_fc_tip_mesh 682/1402 | Building BVH
Fra:1 Mem:623.64M (Peak 623.79M) | Time:00:01.10 | Mem:258.79M, Peak:278.15M | Scene, ViewLayer | Updating Geometry BVH common_master_bath_mirror_cabinet_01_body_mesh 683/1402 | Building BVH
Fra:1 Mem:623.64M (Peak 623.79M) | Time:00:01.10 | Mem:258.80M, Peak:278.15M | Scene, ViewLayer | Updating Geometry BVH common_master_bath_mirror_cabinet_01_mir_f0_mesh 684/1402 | Building BVH
Fra:1 Mem:623.64M (Peak 623.79M) | Time:00:01.10 | Mem:258.80M, Peak:278.15M | Scene, ViewLayer | Updating Geometry BVH common_master_bath_toilet_01_base_mesh 685/1402 | Building BVH
Fra:1 Mem:623.64M (Peak 623.79M) | Time:00:01.10 | Mem:258.82M, Peak:278.15M | Scene, ViewLayer | Updating Geometry BVH common_master_bath_toilet_01_seat_mesh 686/1402 | Building BVH
Fra:1 Mem:623.64M (Peak 623.79M) | Time:00:01.10 | Mem:258.82M, Peak:278.15M | Scene, ViewLayer | Updating Geometry BVH common_master_bath_toilet_01_tank_mesh 687/1402 | Building BVH
Fra:1 Mem:623.64M (Peak 623.79M) | Time:00:01.10 | Mem:258.83M, Peak:278.15M | Scene, ViewLayer | Updating Geometry BVH common_master_bath_glass_partition_01_fr0_mesh 688/1402 | Building BVH
Fra:1 Mem:623.64M (Peak 623.79M) | Time:00:01.10 | Mem:258.89M, Peak:278.15M | Scene, ViewLayer | Updating Geometry BVH common_master_bath_glass_partition_01_fr1_mesh 689/1402 | Building BVH
Fra:1 Mem:623.64M (Peak 623.79M) | Time:00:01.10 | Mem:258.89M, Peak:278.15M | Scene, ViewLayer | Updating Geometry BVH common_master_bath_glass_partition_01_fr2_mesh 690/1402 | Building BVH
Fra:1 Mem:623.64M (Peak 623.79M) | Time:00:01.10 | Mem:258.89M, Peak:278.15M | Scene, ViewLayer | Updating Geometry BVH common_master_bath_glass_partition_01_fr3_mesh 691/1402 | Building BVH
Fra:1 Mem:623.64M (Peak 623.79M) | Time:00:01.10 | Mem:258.89M, Peak:278.15M | Scene, ViewLayer | Updating Geometry BVH A_living_dining_balcony_floor_lamp_01_shade_mesh 1348/1402 | Building BVH
Fra:1 Mem:623.64M (Peak 623.79M) | Time:00:01.10 | Mem:258.89M, Peak:278.15M | Scene, ViewLayer | Updating Geometry BVH common_master_bath_glass_partition_01_fr4_mesh 692/1402 | Building BVH
Fra:1 Mem:623.64M (Peak 623.79M) | Time:00:01.10 | Mem:258.89M, Peak:278.15M | Scene, ViewLayer | Updating Geometry BVH common_master_bath_shower_floor_01_pan_mesh 693/1402 | Building BVH
Fra:1 Mem:623.64M (Peak 623.79M) | Time:00:01.10 | Mem:258.91M, Peak:278.15M | Scene, ViewLayer | Updating Geometry BVH common_master_bath_shower_floor_01_drain_mesh 694/1402 | Building BVH
Fra:1 Mem:623.64M (Peak 623.79M) | Time:00:01.10 | Mem:258.96M, Peak:278.15M | Scene, ViewLayer | Updating Geometry BVH common_corridor_vanity_01_cab_mesh 695/1402 | Building BVH
Fra:1 Mem:623.64M (Peak 623.79M) | Time:00:01.10 | Mem:258.97M, Peak:278.15M | Scene, ViewLayer | Updating Geometry BVH common_corridor_vanity_01_drw_gapbg_mesh 696/1402 | Building BVH
Fra:1 Mem:623.64M (Peak 623.79M) | Time:00:01.10 | Mem:258.98M, Peak:278.15M | Scene, ViewLayer | Updating Geometry BVH common_corridor_vanity_01_drw_f0_mesh 697/1402 | Building BVH
Fra:1 Mem:623.64M (Peak 623.79M) | Time:00:01.10 | Mem:258.98M, Peak:278.15M | Scene, ViewLayer | Updating Geometry BVH common_corridor_vanity_01_drw_p0_mesh 698/1402 | Building BVH
Fra:1 Mem:623.64M (Peak 623.79M) | Time:00:01.10 | Mem:259.01M, Peak:278.15M | Scene, ViewLayer | Updating Geometry BVH common_corridor_vanity_01_drw_f1_mesh 699/1402 | Building BVH
Fra:1 Mem:623.64M (Peak 623.79M) | Time:00:01.10 | Mem:259.00M, Peak:278.15M | Scene, ViewLayer | Updating Geometry BVH common_corridor_vanity_01_drw_p1_mesh 700/1402 | Building BVH
Fra:1 Mem:623.64M (Peak 623.79M) | Time:00:01.10 | Mem:259.01M, Peak:278.15M | Scene, ViewLayer | Updating Geometry BVH common_corridor_vanity_01_drw_f2_mesh 701/1402 | Building BVH
Fra:1 Mem:623.64M (Peak 623.79M) | Time:00:01.10 | Mem:259.05M, Peak:278.15M | Scene, ViewLayer | Updating Geometry BVH common_corridor_vanity_01_drw_p2_mesh 702/1402 | Building BVH
Fra:1 Mem:623.64M (Peak 623.79M) | Time:00:01.10 | Mem:259.05M, Peak:278.15M | Scene, ViewLayer | Updating Geometry BVH common_corridor_vanity_01_top_s1_mesh 703/1402 | Building BVH
Fra:1 Mem:623.64M (Peak 623.79M) | Time:00:01.10 | Mem:259.05M, Peak:278.15M | Scene, ViewLayer | Updating Geometry BVH common_corridor_vanity_01_top_s2_mesh 704/1402 | Building BVH
Fra:1 Mem:623.64M (Peak 623.79M) | Time:00:01.10 | Mem:259.05M, Peak:278.15M | Scene, ViewLayer | Updating Geometry BVH common_corridor_vanity_01_top_s4_mesh 706/1402 | Building BVH
Fra:1 Mem:623.64M (Peak 623.79M) | Time:00:01.10 | Mem:259.08M, Peak:278.15M | Scene, ViewLayer | Updating Geometry BVH common_corridor_vanity_01_top_s5_mesh 707/1402 | Building BVH
Fra:1 Mem:623.64M (Peak 623.79M) | Time:00:01.10 | Mem:259.12M, Peak:278.15M | Scene, ViewLayer | Updating Geometry BVH common_corridor_vanity_01_bowlW_mesh 708/1402 | Building BVH
Fra:1 Mem:623.64M (Peak 623.79M) | Time:00:01.10 | Mem:259.15M, Peak:278.15M | Scene, ViewLayer | Updating Geometry BVH common_corridor_vanity_01_bowlE_mesh 709/1402 | Building BVH
Fra:1 Mem:623.64M (Peak 623.79M) | Time:00:01.10 | Mem:259.15M, Peak:278.15M | Scene, ViewLayer | Updating Geometry BVH common_corridor_vanity_01_bowlN_mesh 710/1402 | Building BVH
Fra:1 Mem:623.64M (Peak 623.79M) | Time:00:01.10 | Mem:259.16M, Peak:278.15M | Scene, ViewLayer | Updating Geometry BVH common_corridor_vanity_01_bowlS_mesh 711/1402 | Building BVH
Fra:1 Mem:623.64M (Peak 623.79M) | Time:00:01.10 | Mem:259.16M, Peak:278.15M | Scene, ViewLayer | Updating Geometry BVH common_corridor_vanity_01_bowlB_mesh 712/1402 | Building BVH
Fra:1 Mem:623.65M (Peak 623.79M) | Time:00:01.10 | Mem:259.16M, Peak:278.15M | Scene, ViewLayer | Updating Geometry BVH common_corridor_vanity_01_fc353_riser_mesh 714/1402 | Building BVH
Fra:1 Mem:623.65M (Peak 623.79M) | Time:00:01.10 | Mem:259.18M, Peak:278.15M | Scene, ViewLayer | Updating Geometry BVH common_corridor_vanity_01_fc353_spout_mesh 715/1402 | Building BVH
Fra:1 Mem:623.65M (Peak 623.79M) | Time:00:01.10 | Mem:259.19M, Peak:278.15M | Scene, ViewLayer | Updating Geometry BVH common_corridor_vanity_01_fc353_tip_mesh 716/1402 | Building BVH
Fra:1 Mem:623.65M (Peak 623.79M) | Time:00:01.10 | Mem:259.21M, Peak:278.15M | Scene, ViewLayer | Updating Geometry BVH common_corridor_vanity_01_bowlW_mesh.001 717/1402 | Building BVH
Fra:1 Mem:623.65M (Peak 623.79M) | Time:00:01.10 | Mem:259.24M, Peak:278.15M | Scene, ViewLayer | Updating Geometry BVH common_corridor_vanity_01_bowlE_mesh.001 718/1402 | Building BVH
Fra:1 Mem:623.65M (Peak 623.79M) | Time:00:01.10 | Mem:259.28M, Peak:278.15M | Scene, ViewLayer | Updating Geometry BVH common_corridor_vanity_01_bowlN_mesh.001 719/1402 | Building BVH
Fra:1 Mem:623.65M (Peak 623.79M) | Time:00:01.10 | Mem:259.28M, Peak:278.15M | Scene, ViewLayer | Updating Geometry BVH common_corridor_vanity_01_bowlS_mesh.001 720/1402 | Building BVH
Fra:1 Mem:623.65M (Peak 623.79M) | Time:00:01.10 | Mem:259.28M, Peak:278.15M | Scene, ViewLayer | Updating Geometry BVH common_corridor_vanity_01_bowlB_mesh.001 721/1402 | Building BVH
Fra:1 Mem:623.65M (Peak 623.79M) | Time:00:01.11 | Mem:259.28M, Peak:278.15M | Scene, ViewLayer | Updating Geometry BVH common_corridor_vanity_01_fc281_base_mesh 722/1402 | Building BVH
Fra:1 Mem:623.65M (Peak 623.79M) | Time:00:01.11 | Mem:259.29M, Peak:278.15M | Scene, ViewLayer | Updating Geometry BVH common_corridor_vanity_01_fc281_riser_mesh 723/1402 | Building BVH
Fra:1 Mem:623.65M (Peak 623.79M) | Time:00:01.11 | Mem:259.29M, Peak:278.15M | Scene, ViewLayer | Updating Geometry BVH common_corridor_vanity_01_fc281_spout_mesh 724/1402 | Building BVH
Fra:1 Mem:623.65M (Peak 623.79M) | Time:00:01.11 | Mem:259.31M, Peak:278.15M | Scene, ViewLayer | Updating Geometry BVH common_corridor_vanity_01_fc281_tip_mesh 725/1402 | Building BVH
Fra:1 Mem:623.65M (Peak 623.79M) | Time:00:01.11 | Mem:259.35M, Peak:278.15M | Scene, ViewLayer | Updating Geometry BVH common_corridor_mirror_cabinet_01_body_mesh 726/1402 | Building BVH
Fra:1 Mem:623.65M (Peak 623.79M) | Time:00:01.11 | Mem:259.36M, Peak:278.15M | Scene, ViewLayer | Updating Geometry BVH A_living_dining_balcony_floor_lamp_01_arc 1347/1402 | Building BVH
Fra:1 Mem:623.65M (Peak 623.79M) | Time:00:01.11 | Mem:259.36M, Peak:278.15M | Scene, ViewLayer | Updating Geometry BVH common_corridor_mirror_cabinet_01_mir_f0_mesh 727/1402 | Building BVH
Fra:1 Mem:623.65M (Peak 623.79M) | Time:00:01.11 | Mem:259.37M, Peak:278.15M | Scene, ViewLayer | Updating Geometry BVH common_corridor_mirror_cabinet_01_mir_f1_mesh 728/1402 | Building BVH
Fra:1 Mem:623.65M (Peak 623.79M) | Time:00:01.11 | Mem:259.37M, Peak:278.15M | Scene, ViewLayer | Updating Geometry BVH common_public_bath_wet_shower_floor_01_pan_mesh 729/1402 | Building BVH
Fra:1 Mem:623.65M (Peak 623.79M) | Time:00:01.11 | Mem:259.41M, Peak:278.15M | Scene, ViewLayer | Updating Geometry BVH common_public_bath_wet_glass_partition_01_fr0_mesh 731/1402 | Building BVH
Fra:1 Mem:623.65M (Peak 623.79M) | Time:00:01.11 | Mem:259.42M, Peak:278.15M | Scene, ViewLayer | Updating Geometry BVH common_public_bath_wet_glass_partition_01_fr4_mesh 735/1402 | Building BVH
Fra:1 Mem:623.65M (Peak 623.79M) | Time:00:01.11 | Mem:259.48M, Peak:278.15M | Scene, ViewLayer | Updating Geometry BVH common_public_bath_wet_glass_partition_01_fr3_mesh 734/1402 | Building BVH
Fra:1 Mem:623.65M (Peak 623.79M) | Time:00:01.11 | Mem:259.51M, Peak:278.15M | Scene, ViewLayer | Updating Geometry BVH common_public_bath_wet_toilet_01_base_mesh 736/1402 | Building BVH
Fra:1 Mem:623.65M (Peak 623.79M) | Time:00:01.11 | Mem:259.55M, Peak:278.15M | Scene, ViewLayer | Updating Geometry BVH common_public_bath_wet_toilet_01_seat_mesh 737/1402 | Building BVH
Fra:1 Mem:623.65M (Peak 623.79M) | Time:00:01.11 | Mem:259.55M, Peak:278.15M | Scene, ViewLayer | Updating Geometry BVH common_parents_room_wardrobe_01_slA_f0_mesh 740/1402 | Building BVH
Fra:1 Mem:623.65M (Peak 623.79M) | Time:00:01.11 | Mem:259.56M, Peak:278.15M | Scene, ViewLayer | Updating Geometry BVH common_parents_room_wardrobe_01_slA_f1_mesh 741/1402 | Building BVH
Fra:1 Mem:623.65M (Peak 623.79M) | Time:00:01.11 | Mem:259.56M, Peak:278.15M | Scene, ViewLayer | Updating Geometry BVH common_parents_room_wardrobe_01_slA_f2_mesh 742/1402 | Building BVH
Fra:1 Mem:623.65M (Peak 623.79M) | Time:00:01.11 | Mem:259.64M, Peak:278.15M | Scene, ViewLayer | Updating Geometry BVH common_parents_room_wardrobe_01_slB_f0_mesh 743/1402 | Building BVH
Fra:1 Mem:623.65M (Peak 623.79M) | Time:00:01.11 | Mem:259.64M, Peak:278.15M | Scene, ViewLayer | Updating Geometry BVH common_parents_room_wardrobe_01_slB_f1_mesh 744/1402 | Building BVH
Fra:1 Mem:623.65M (Peak 623.79M) | Time:00:01.11 | Mem:259.65M, Peak:278.15M | Scene, ViewLayer | Updating Geometry BVH common_parents_room_wardrobe_01_slB_f2_mesh 745/1402 | Building BVH
Fra:1 Mem:623.65M (Peak 623.79M) | Time:00:01.11 | Mem:259.66M, Peak:278.15M | Scene, ViewLayer | Updating Geometry BVH common_master_bedroom_screen_01_slat00_mesh 746/1402 | Building BVH
Fra:1 Mem:623.65M (Peak 623.79M) | Time:00:01.11 | Mem:259.66M, Peak:278.15M | Scene, ViewLayer | Updating Geometry BVH common_master_bedroom_screen_01_slat01_mesh 747/1402 | Building BVH
Fra:1 Mem:623.65M (Peak 623.79M) | Time:00:01.11 | Mem:259.67M, Peak:278.15M | Scene, ViewLayer | Updating Geometry BVH common_master_bedroom_screen_01_slat02_mesh 748/1402 | Building BVH
Fra:1 Mem:623.65M (Peak 623.79M) | Time:00:01.11 | Mem:259.71M, Peak:278.15M | Scene, ViewLayer | Updating Geometry BVH common_master_bedroom_screen_01_slat03_mesh 749/1402 | Building BVH
Fra:1 Mem:623.65M (Peak 623.79M) | Time:00:01.11 | Mem:259.71M, Peak:278.15M | Scene, ViewLayer | Updating Geometry BVH common_master_bedroom_screen_01_slat04_mesh 750/1402 | Building BVH
Fra:1 Mem:623.65M (Peak 623.79M) | Time:00:01.11 | Mem:259.72M, Peak:278.15M | Scene, ViewLayer | Updating Geometry BVH A_living_dining_balcony_floor_lamp_01_base_mesh 1346/1402 | Building BVH
Fra:1 Mem:623.65M (Peak 623.79M) | Time:00:01.11 | Mem:259.73M, Peak:278.15M | Scene, ViewLayer | Updating Geometry BVH common_master_bedroom_screen_01_slat06_mesh 752/1402 | Building BVH
Fra:1 Mem:623.65M (Peak 623.79M) | Time:00:01.11 | Mem:259.77M, Peak:278.15M | Scene, ViewLayer | Updating Geometry BVH common_master_bedroom_screen_01_slat07_mesh 753/1402 | Building BVH
Fra:1 Mem:623.65M (Peak 623.79M) | Time:00:01.11 | Mem:259.79M, Peak:278.15M | Scene, ViewLayer | Updating Geometry BVH common_master_bedroom_screen_01_slat08_mesh 754/1402 | Building BVH
Fra:1 Mem:623.65M (Peak 623.79M) | Time:00:01.11 | Mem:259.81M, Peak:278.15M | Scene, ViewLayer | Updating Geometry BVH common_master_bedroom_screen_01_slat09_mesh 755/1402 | Building BVH
Fra:1 Mem:623.65M (Peak 623.79M) | Time:00:01.11 | Mem:259.83M, Peak:278.15M | Scene, ViewLayer | Updating Geometry BVH common_master_bedroom_screen_01_slat10_mesh 756/1402 | Building BVH
Fra:1 Mem:623.65M (Peak 623.79M) | Time:00:01.11 | Mem:259.84M, Peak:278.15M | Scene, ViewLayer | Updating Geometry BVH common_master_bedroom_screen_01_slat11_mesh 757/1402 | Building BVH
Fra:1 Mem:623.65M (Peak 623.79M) | Time:00:01.11 | Mem:259.85M, Peak:278.15M | Scene, ViewLayer | Updating Geometry BVH common_master_bedroom_screen_01_slat12_mesh 758/1402 | Building BVH
Fra:1 Mem:623.65M (Peak 623.79M) | Time:00:01.11 | Mem:259.92M, Peak:278.15M | Scene, ViewLayer | Updating Geometry BVH common_master_bedroom_screen_01_slat13_mesh 759/1402 | Building BVH
Fra:1 Mem:623.65M (Peak 623.79M) | Time:00:01.11 | Mem:259.91M, Peak:278.15M | Scene, ViewLayer | Updating Geometry BVH common_master_bedroom_screen_01_slat14_mesh 760/1402 | Building BVH
Fra:1 Mem:623.65M (Peak 623.79M) | Time:00:01.11 | Mem:259.91M, Peak:278.15M | Scene, ViewLayer | Updating Geometry BVH common_master_bedroom_screen_01_slat15_mesh 761/1402 | Building BVH
Fra:1 Mem:623.65M (Peak 623.79M) | Time:00:01.11 | Mem:259.91M, Peak:278.15M | Scene, ViewLayer | Updating Geometry BVH common_master_bedroom_screen_01_slat16_mesh 762/1402 | Building BVH
Fra:1 Mem:623.65M (Peak 623.79M) | Time:00:01.11 | Mem:259.92M, Peak:278.15M | Scene, ViewLayer | Updating Geometry BVH common_master_bedroom_screen_01_slat17_mesh 763/1402 | Building BVH
Fra:1 Mem:623.65M (Peak 623.79M) | Time:00:01.11 | Mem:259.95M, Peak:278.15M | Scene, ViewLayer | Updating Geometry BVH common_master_bedroom_screen_01_slat18_mesh 764/1402 | Building BVH
Fra:1 Mem:623.65M (Peak 623.79M) | Time:00:01.11 | Mem:260.01M, Peak:278.15M | Scene, ViewLayer | Updating Geometry BVH common_master_bedroom_screen_01_cap_mesh 765/1402 | Building BVH
Fra:1 Mem:623.65M (Peak 623.79M) | Time:00:01.11 | Mem:260.00M, Peak:278.15M | Scene, ViewLayer | Updating Geometry BVH mb_shower_mixer_mesh 766/1402 | Building BVH
Fra:1 Mem:623.65M (Peak 623.79M) | Time:00:01.11 | Mem:260.00M, Peak:278.15M | Scene, ViewLayer | Updating Geometry BVH mb_shower_rail_mesh 767/1402 | Building BVH
Fra:1 Mem:623.65M (Peak 623.79M) | Time:00:01.11 | Mem:260.02M, Peak:278.15M | Scene, ViewLayer | Updating Geometry BVH mb_shower_hand_mesh 768/1402 | Building BVH
Fra:1 Mem:623.65M (Peak 623.79M) | Time:00:01.11 | Mem:260.02M, Peak:278.15M | Scene, ViewLayer | Updating Geometry BVH mb_shower_arm_mesh 769/1402 | Building BVH
Fra:1 Mem:623.65M (Peak 623.79M) | Time:00:01.11 | Mem:260.03M, Peak:278.15M | Scene, ViewLayer | Updating Geometry BVH mb_shower_rain_mesh 770/1402 | Building BVH
Fra:1 Mem:623.65M (Peak 623.79M) | Time:00:01.11 | Mem:260.03M, Peak:278.15M | Scene, ViewLayer | Updating Geometry BVH fx_mb_niche_back_mesh 771/1402 | Building BVH
Fra:1 Mem:623.65M (Peak 623.79M) | Time:00:01.11 | Mem:260.04M, Peak:278.15M | Scene, ViewLayer | Updating Geometry BVH fx_mb_niche_side0_mesh 772/1402 | Building BVH
Fra:1 Mem:623.65M (Peak 623.79M) | Time:00:01.11 | Mem:260.05M, Peak:278.15M | Scene, ViewLayer | Updating Geometry BVH fx_mb_niche_side1_mesh 773/1402 | Building BVH
Fra:1 Mem:623.65M (Peak 623.79M) | Time:00:01.11 | Mem:260.05M, Peak:278.15M | Scene, ViewLayer | Updating Geometry BVH fx_mb_niche_btm_mesh 774/1402 | Building BVH
Fra:1 Mem:623.65M (Peak 623.79M) | Time:00:01.11 | Mem:260.05M, Peak:278.15M | Scene, ViewLayer | Updating Geometry BVH fx_mb_niche_top_mesh 775/1402 | Building BVH
Fra:1 Mem:623.65M (Peak 623.79M) | Time:00:01.11 | Mem:260.10M, Peak:278.15M | Scene, ViewLayer | Updating Geometry BVH fx_mb_paper_plate_mesh 776/1402 | Building BVH
Fra:1 Mem:623.65M (Peak 623.79M) | Time:00:01.11 | Mem:260.10M, Peak:278.15M | Scene, ViewLayer | Updating Geometry BVH A_living_dining_balcony_tv_01_screen_mesh 1345/1402 | Building BVH
Fra:1 Mem:623.65M (Peak 623.79M) | Time:00:01.11 | Mem:260.10M, Peak:278.15M | Scene, ViewLayer | Updating Geometry BVH fx_mb_paper_rod_mesh 777/1402 | Building BVH
Fra:1 Mem:623.65M (Peak 623.79M) | Time:00:01.11 | Mem:260.10M, Peak:278.15M | Scene, ViewLayer | Updating Geometry BVH pb_shower_mixer_mesh 778/1402 | Building BVH
Fra:1 Mem:623.65M (Peak 623.79M) | Time:00:01.11 | Mem:260.10M, Peak:278.15M | Scene, ViewLayer | Updating Geometry BVH pb_shower_hand_mesh 780/1402 | Building BVH
Fra:1 Mem:623.65M (Peak 623.79M) | Time:00:01.11 | Mem:260.10M, Peak:278.15M | Scene, ViewLayer | Updating Geometry BVH pb_shower_arm_mesh 781/1402 | Building BVH
Fra:1 Mem:623.65M (Peak 623.79M) | Time:00:01.11 | Mem:260.12M, Peak:278.15M | Scene, ViewLayer | Updating Geometry BVH pb_shower_rain_mesh 782/1402 | Building BVH
Fra:1 Mem:623.65M (Peak 623.79M) | Time:00:01.11 | Mem:260.14M, Peak:278.15M | Scene, ViewLayer | Updating Geometry BVH fx_pb_niche_back_mesh 783/1402 | Building BVH
Fra:1 Mem:623.65M (Peak 623.79M) | Time:00:01.11 | Mem:260.15M, Peak:278.15M | Scene, ViewLayer | Updating Geometry BVH fx_pb_niche_side0_mesh 784/1402 | Building BVH
Fra:1 Mem:623.65M (Peak 623.79M) | Time:00:01.11 | Mem:260.16M, Peak:278.15M | Scene, ViewLayer | Updating Geometry BVH fx_pb_niche_side1_mesh 785/1402 | Building BVH
Fra:1 Mem:623.65M (Peak 623.79M) | Time:00:01.11 | Mem:260.17M, Peak:278.15M | Scene, ViewLayer | Updating Geometry BVH fx_pb_niche_btm_mesh 786/1402 | Building BVH
Fra:1 Mem:623.65M (Peak 623.79M) | Time:00:01.11 | Mem:260.19M, Peak:278.15M | Scene, ViewLayer | Updating Geometry BVH fx_pb_niche_top_mesh 787/1402 | Building BVH
Fra:1 Mem:623.65M (Peak 623.79M) | Time:00:01.11 | Mem:260.19M, Peak:278.15M | Scene, ViewLayer | Updating Geometry BVH fx_stool_top_mesh 788/1402 | Building BVH
Fra:1 Mem:623.65M (Peak 623.79M) | Time:00:01.11 | Mem:260.20M, Peak:278.15M | Scene, ViewLayer | Updating Geometry BVH fx_stool_leg0_mesh 789/1402 | Building BVH
Fra:1 Mem:623.65M (Peak 623.79M) | Time:00:01.11 | Mem:260.22M, Peak:278.15M | Scene, ViewLayer | Updating Geometry BVH fx_stool_leg1_mesh 790/1402 | Building BVH
Fra:1 Mem:623.65M (Peak 623.79M) | Time:00:01.11 | Mem:260.25M, Peak:278.15M | Scene, ViewLayer | Updating Geometry BVH A_living_dining_balcony_rug_01_border3_mesh 1344/1402 | Building BVH
Fra:1 Mem:623.65M (Peak 623.79M) | Time:00:01.11 | Mem:260.25M, Peak:278.15M | Scene, ViewLayer | Updating Geometry BVH fx_stool_leg2_mesh 791/1402 | Building BVH
Fra:1 Mem:623.65M (Peak 623.79M) | Time:00:01.11 | Mem:260.25M, Peak:278.15M | Scene, ViewLayer | Updating Geometry BVH fx_stool_leg3_mesh 792/1402 | Building BVH
Fra:1 Mem:623.65M (Peak 623.79M) | Time:00:01.11 | Mem:260.25M, Peak:278.15M | Scene, ViewLayer | Updating Geometry BVH common_living_dining_balcony_plant_01_stem_mesh 793/1402 | Building BVH
Fra:1 Mem:623.65M (Peak 623.79M) | Time:00:01.11 | Mem:260.25M, Peak:278.15M | Scene, ViewLayer | Updating Geometry BVH common_living_dining_balcony_plant_01_leaf0_mesh 794/1402 | Building BVH
Fra:1 Mem:623.65M (Peak 623.79M) | Time:00:01.11 | Mem:260.25M, Peak:278.15M | Scene, ViewLayer | Updating Geometry BVH common_living_dining_balcony_plant_01_leaf1_mesh 795/1402 | Building BVH
Fra:1 Mem:623.65M (Peak 623.79M) | Time:00:01.11 | Mem:260.29M, Peak:278.15M | Scene, ViewLayer | Updating Geometry BVH common_living_dining_balcony_plant_01_leaf2_mesh 796/1402 | Building BVH
Fra:1 Mem:623.65M (Peak 623.79M) | Time:00:01.11 | Mem:260.30M, Peak:278.15M | Scene, ViewLayer | Updating Geometry BVH common_living_dining_balcony_plant_01_leaf3_mesh 797/1402 | Building BVH
Fra:1 Mem:623.65M (Peak 623.79M) | Time:00:01.11 | Mem:260.31M, Peak:278.15M | Scene, ViewLayer | Updating Geometry BVH common_living_dining_balcony_plant_01_leaf4_mesh 798/1402 | Building BVH
Fra:1 Mem:623.65M (Peak 623.79M) | Time:00:01.11 | Mem:260.31M, Peak:278.15M | Scene, ViewLayer | Updating Geometry BVH common_living_dining_balcony_plant_01_leaf5_mesh 799/1402 | Building BVH
Fra:1 Mem:623.65M (Peak 623.79M) | Time:00:01.11 | Mem:260.31M, Peak:278.15M | Scene, ViewLayer | Updating Geometry BVH common_living_dining_balcony_plant_01_leaf7_mesh 801/1402 | Building BVH
Fra:1 Mem:623.65M (Peak 623.79M) | Time:00:01.11 | Mem:260.33M, Peak:278.15M | Scene, ViewLayer | Updating Geometry BVH common_living_dining_balcony_planter_01_pot_mesh 802/1402 | Building BVH
Fra:1 Mem:623.65M (Peak 623.79M) | Time:00:01.11 | Mem:260.34M, Peak:278.15M | Scene, ViewLayer | Updating Geometry BVH common_living_dining_balcony_stool_01_post_mesh 804/1402 | Building BVH
Fra:1 Mem:623.65M (Peak 623.79M) | Time:00:01.11 | Mem:260.41M, Peak:278.15M | Scene, ViewLayer | Updating Geometry BVH common_living_dining_balcony_stool_01_jar_mesh 805/1402 | Building BVH
Fra:1 Mem:623.65M (Peak 623.79M) | Time:00:01.11 | Mem:260.43M, Peak:278.15M | Scene, ViewLayer | Updating Geometry BVH common_living_dining_balcony_artwork_01_canvas_mesh 806/1402 | Building BVH
Fra:1 Mem:623.65M (Peak 623.79M) | Time:00:01.11 | Mem:260.44M, Peak:278.15M | Scene, ViewLayer | Updating Geometry BVH common_living_dining_balcony_artwork_01_lamp_mesh 807/1402 | Building BVH
Fra:1 Mem:623.65M (Peak 623.79M) | Time:00:01.11 | Mem:260.54M, Peak:278.15M | Scene, ViewLayer | Updating Geometry BVH common_master_bedroom_dressing_table_01_top_mesh 808/1402 | Building BVH
Fra:1 Mem:623.65M (Peak 623.79M) | Time:00:01.11 | Mem:260.54M, Peak:278.15M | Scene, ViewLayer | Updating Geometry BVH common_master_bedroom_dressing_table_01_topl_mesh 809/1402 | Building BVH
Fra:1 Mem:623.65M (Peak 623.79M) | Time:00:01.11 | Mem:260.54M, Peak:278.15M | Scene, ViewLayer | Updating Geometry BVH common_master_bedroom_dressing_table_01_side0_mesh 810/1402 | Building BVH
Fra:1 Mem:623.65M (Peak 623.79M) | Time:00:01.11 | Mem:260.59M, Peak:278.15M | Scene, ViewLayer | Updating Geometry BVH common_master_bedroom_dressing_table_01_side1_mesh 811/1402 | Building BVH
Fra:1 Mem:623.65M (Peak 623.79M) | Time:00:01.11 | Mem:260.56M, Peak:278.15M | Scene, ViewLayer | Updating Geometry BVH common_master_bedroom_dressing_table_01_drw_mesh 812/1402 | Building BVH
Fra:1 Mem:623.65M (Peak 623.79M) | Time:00:01.11 | Mem:260.55M, Peak:278.15M | Scene, ViewLayer | Updating Geometry BVH common_master_bedroom_dressing_table_01drw_drw_p0_mesh 815/1402 | Building BVH
Fra:1 Mem:623.65M (Peak 623.79M) | Time:00:01.11 | Mem:260.55M, Peak:278.15M | Scene, ViewLayer | Updating Geometry BVH common_master_bedroom_dressing_table_01drw_drw_f1_mesh 816/1402 | Building BVH
Fra:1 Mem:623.65M (Peak 623.79M) | Time:00:01.11 | Mem:260.55M, Peak:278.15M | Scene, ViewLayer | Updating Geometry BVH common_master_bedroom_dressing_table_01drw_drw_p1_mesh 817/1402 | Building BVH
Fra:1 Mem:623.65M (Peak 623.79M) | Time:00:01.11 | Mem:260.55M, Peak:278.15M | Scene, ViewLayer | Updating Geometry BVH common_master_bedroom_dressing_table_01_upper_mesh 818/1402 | Building BVH
Fra:1 Mem:623.65M (Peak 623.79M) | Time:00:01.11 | Mem:260.56M, Peak:278.15M | Scene, ViewLayer | Updating Geometry BVH common_master_bedroom_dressing_table_01_door_gapbg_mesh 819/1402 | Building BVH
Fra:1 Mem:623.65M (Peak 623.79M) | Time:00:01.11 | Mem:260.57M, Peak:278.15M | Scene, ViewLayer | Updating Geometry BVH common_master_bedroom_dressing_table_01_door_f0l_mesh 820/1402 | Building BVH
Fra:1 Mem:623.65M (Peak 623.79M) | Time:00:01.11 | Mem:260.58M, Peak:278.15M | Scene, ViewLayer | Updating Geometry BVH common_master_bedroom_dressing_table_01_door_f0r_mesh 821/1402 | Building BVH
Fra:1 Mem:623.65M (Peak 623.79M) | Time:00:01.11 | Mem:260.58M, Peak:278.15M | Scene, ViewLayer | Updating Geometry BVH common_master_bedroom_dressing_table_01_door_f0t_mesh 823/1402 | Building BVH
Fra:1 Mem:623.65M (Peak 623.79M) | Time:00:01.11 | Mem:260.62M, Peak:278.15M | Scene, ViewLayer | Updating Geometry BVH common_master_bedroom_dressing_table_01_door_f0c_mesh 824/1402 | Building BVH
Fra:1 Mem:623.65M (Peak 623.79M) | Time:00:01.11 | Mem:260.74M, Peak:278.15M | Scene, ViewLayer | Updating Geometry BVH common_master_bedroom_dressing_table_01_door_p0_mesh 825/1402 | Building BVH
Fra:1 Mem:623.65M (Peak 623.79M) | Time:00:01.11 | Mem:260.74M, Peak:278.15M | Scene, ViewLayer | Updating Geometry BVH common_master_bedroom_dressing_table_01_door_f1l_mesh 826/1402 | Building BVH
Fra:1 Mem:623.65M (Peak 623.79M) | Time:00:01.11 | Mem:260.74M, Peak:278.15M | Scene, ViewLayer | Updating Geometry BVH common_master_bedroom_dressing_table_01_door_f1r_mesh 827/1402 | Building BVH
Fra:1 Mem:623.65M (Peak 623.79M) | Time:00:01.11 | Mem:260.74M, Peak:278.15M | Scene, ViewLayer | Updating Geometry BVH common_master_bedroom_dressing_table_01_door_f1t_mesh 829/1402 | Building BVH
Fra:1 Mem:623.65M (Peak 623.79M) | Time:00:01.11 | Mem:260.74M, Peak:278.15M | Scene, ViewLayer | Updating Geometry BVH common_master_bedroom_dressing_table_01_door_f1c_mesh 830/1402 | Building BVH
Fra:1 Mem:623.65M (Peak 623.79M) | Time:00:01.11 | Mem:260.75M, Peak:278.15M | Scene, ViewLayer | Updating Geometry BVH common_master_bedroom_dressing_table_01_door_p1_mesh 831/1402 | Building BVH
Fra:1 Mem:623.65M (Peak 623.79M) | Time:00:01.11 | Mem:260.77M, Peak:278.15M | Scene, ViewLayer | Updating Geometry BVH common_master_bedroom_dressing_table_01_door_f2l_mesh 832/1402 | Building BVH
Fra:1 Mem:623.65M (Peak 623.79M) | Time:00:01.11 | Mem:260.80M, Peak:278.15M | Scene, ViewLayer | Updating Geometry BVH common_master_bedroom_dressing_table_01_door_f2r_mesh 833/1402 | Building BVH
Fra:1 Mem:623.65M (Peak 623.79M) | Time:00:01.11 | Mem:260.81M, Peak:278.15M | Scene, ViewLayer | Updating Geometry BVH common_master_bedroom_dressing_table_01_door_f2b_mesh 834/1402 | Building BVH
Fra:1 Mem:623.65M (Peak 623.79M) | Time:00:01.11 | Mem:260.84M, Peak:278.15M | Scene, ViewLayer | Updating Geometry BVH common_master_bedroom_dressing_table_01_door_f2t_mesh 835/1402 | Building BVH
Fra:1 Mem:623.65M (Peak 623.79M) | Time:00:01.11 | Mem:260.87M, Peak:278.15M | Scene, ViewLayer | Updating Geometry BVH common_master_bedroom_dressing_table_01_door_f2c_mesh 836/1402 | Building BVH
Fra:1 Mem:623.65M (Peak 623.79M) | Time:00:01.11 | Mem:260.91M, Peak:278.15M | Scene, ViewLayer | Updating Geometry BVH common_master_bedroom_dressing_table_01_door_p2_mesh 837/1402 | Building BVH
Fra:1 Mem:623.65M (Peak 623.79M) | Time:00:01.11 | Mem:260.92M, Peak:278.15M | Scene, ViewLayer | Updating Geometry BVH common_master_bedroom_dressing_table_01_mirror_mesh 838/1402 | Building BVH
Fra:1 Mem:623.65M (Peak 623.79M) | Time:00:01.11 | Mem:260.93M, Peak:278.15M | Scene, ViewLayer | Updating Geometry BVH common_master_bedroom_stool_01_pad_mesh 839/1402 | Building BVH
Fra:1 Mem:623.65M (Peak 623.79M) | Time:00:01.11 | Mem:260.93M, Peak:278.15M | Scene, ViewLayer | Updating Geometry BVH common_master_bedroom_stool_01_leg0_mesh 840/1402 | Building BVH
Fra:1 Mem:623.65M (Peak 623.79M) | Time:00:01.11 | Mem:260.94M, Peak:278.15M | Scene, ViewLayer | Updating Geometry BVH common_master_bedroom_stool_01_leg1_mesh 841/1402 | Building BVH
Fra:1 Mem:623.65M (Peak 623.79M) | Time:00:01.11 | Mem:260.95M, Peak:278.15M | Scene, ViewLayer | Updating Geometry BVH common_master_bedroom_stool_01_leg2_mesh 842/1402 | Building BVH
Fra:1 Mem:623.65M (Peak 623.79M) | Time:00:01.11 | Mem:260.95M, Peak:278.15M | Scene, ViewLayer | Updating Geometry BVH common_master_bedroom_bed_01_frame_mesh 844/1402 | Building BVH
Fra:1 Mem:623.65M (Peak 623.79M) | Time:00:01.11 | Mem:260.95M, Peak:278.15M | Scene, ViewLayer | Updating Geometry BVH common_master_bedroom_bed_01_mattress_mesh 845/1402 | Building BVH
Fra:1 Mem:623.65M (Peak 623.79M) | Time:00:01.11 | Mem:260.96M, Peak:278.15M | Scene, ViewLayer | Updating Geometry BVH common_master_bedroom_bed_01_duvet_mesh 846/1402 | Building BVH
Fra:1 Mem:623.65M (Peak 623.79M) | Time:00:01.11 | Mem:260.96M, Peak:278.15M | Scene, ViewLayer | Updating Geometry BVH common_master_bedroom_bed_01_duvetdrop2_mesh 848/1402 | Building BVH
Fra:1 Mem:623.65M (Peak 623.79M) | Time:00:01.12 | Mem:260.99M, Peak:278.15M | Scene, ViewLayer | Updating Geometry BVH common_master_bedroom_bed_01_pillow1_mesh 849/1402 | Building BVH
Fra:1 Mem:623.65M (Peak 623.79M) | Time:00:01.12 | Mem:261.00M, Peak:278.15M | Scene, ViewLayer | Updating Geometry BVH common_master_bedroom_bed_01_pillow2_mesh 850/1402 | Building BVH
Fra:1 Mem:623.65M (Peak 623.79M) | Time:00:01.12 | Mem:261.02M, Peak:278.15M | Scene, ViewLayer | Updating Geometry BVH common_master_bedroom_bed_01_throw_mesh 851/1402 | Building BVH
Fra:1 Mem:623.65M (Peak 623.79M) | Time:00:01.12 | Mem:261.11M, Peak:278.15M | Scene, ViewLayer | Updating Geometry BVH common_master_bedroom_headboard_01_pad_mesh 852/1402 | Building BVH
Fra:1 Mem:623.65M (Peak 623.79M) | Time:00:01.12 | Mem:261.11M, Peak:278.15M | Scene, ViewLayer | Updating Geometry BVH common_master_bedroom_nightstand_01_body_mesh 853/1402 | Building BVH
Fra:1 Mem:623.65M (Peak 623.79M) | Time:00:01.12 | Mem:261.11M, Peak:278.15M | Scene, ViewLayer | Updating Geometry BVH common_master_bedroom_nightstand_01_drw_gapbg_mesh 854/1402 | Building BVH
Fra:1 Mem:623.65M (Peak 623.79M) | Time:00:01.12 | Mem:261.11M, Peak:278.15M | Scene, ViewLayer | Updating Geometry BVH common_master_bedroom_nightstand_01_drw_f0_mesh 855/1402 | Building BVH
Fra:1 Mem:623.65M (Peak 623.79M) | Time:00:01.12 | Mem:261.11M, Peak:278.15M | Scene, ViewLayer | Updating Geometry BVH common_master_bedroom_nightstand_01_drw_p0_mesh 856/1402 | Building BVH
Fra:1 Mem:623.65M (Peak 623.79M) | Time:00:01.12 | Mem:261.11M, Peak:278.15M | Scene, ViewLayer | Updating Geometry BVH common_master_bedroom_nightstand_01_leg0_mesh 857/1402 | Building BVH
Fra:1 Mem:623.65M (Peak 623.79M) | Time:00:01.12 | Mem:261.13M, Peak:278.15M | Scene, ViewLayer | Updating Geometry BVH common_master_bedroom_nightstand_01_leg1_mesh 858/1402 | Building BVH
Fra:1 Mem:623.65M (Peak 623.79M) | Time:00:01.12 | Mem:261.13M, Peak:278.15M | Scene, ViewLayer | Updating Geometry BVH common_master_bedroom_nightstand_01_leg2_mesh 859/1402 | Building BVH
Fra:1 Mem:623.65M (Peak 623.79M) | Time:00:01.12 | Mem:261.15M, Peak:278.15M | Scene, ViewLayer | Updating Geometry BVH common_master_bedroom_nightstand_01_leg3_mesh 860/1402 | Building BVH
Fra:1 Mem:623.65M (Peak 623.79M) | Time:00:01.12 | Mem:261.20M, Peak:278.15M | Scene, ViewLayer | Updating Geometry BVH A_living_dining_balcony_rug_01_border1_mesh 1342/1402 | Building BVH
Fra:1 Mem:623.65M (Peak 623.79M) | Time:00:01.12 | Mem:261.20M, Peak:278.15M | Scene, ViewLayer | Updating Geometry BVH common_master_bedroom_nightstand_02_body_mesh 861/1402 | Building BVH
Fra:1 Mem:623.65M (Peak 623.79M) | Time:00:01.12 | Mem:261.21M, Peak:278.15M | Scene, ViewLayer | Updating Geometry BVH common_master_bedroom_nightstand_02_drw_gapbg_mesh 862/1402 | Building BVH
Fra:1 Mem:623.65M (Peak 623.79M) | Time:00:01.12 | Mem:261.21M, Peak:278.15M | Scene, ViewLayer | Updating Geometry BVH common_master_bedroom_nightstand_02_drw_f0_mesh 863/1402 | Building BVH
Fra:1 Mem:623.65M (Peak 623.79M) | Time:00:01.12 | Mem:261.25M, Peak:278.15M | Scene, ViewLayer | Updating Geometry BVH common_master_bedroom_nightstand_02_drw_p0_mesh 864/1402 | Building BVH
Fra:1 Mem:623.65M (Peak 623.79M) | Time:00:01.12 | Mem:261.25M, Peak:278.15M | Scene, ViewLayer | Updating Geometry BVH common_master_bedroom_nightstand_02_leg1_mesh 866/1402 | Building BVH
Fra:1 Mem:623.65M (Peak 623.79M) | Time:00:01.12 | Mem:261.25M, Peak:278.15M | Scene, ViewLayer | Updating Geometry BVH common_master_bedroom_nightstand_02_leg2_mesh 867/1402 | Building BVH
Fra:1 Mem:623.65M (Peak 623.79M) | Time:00:01.12 | Mem:261.25M, Peak:278.15M | Scene, ViewLayer | Updating Geometry BVH common_master_bedroom_nightstand_02_leg3_mesh 868/1402 | Building BVH
Fra:1 Mem:623.65M (Peak 623.79M) | Time:00:01.12 | Mem:261.25M, Peak:278.15M | Scene, ViewLayer | Updating Geometry BVH common_master_bedroom_desk_01_top_mesh 869/1402 | Building BVH
Fra:1 Mem:623.65M (Peak 623.79M) | Time:00:01.12 | Mem:261.31M, Peak:278.15M | Scene, ViewLayer | Updating Geometry BVH common_master_bedroom_desk_01_drawer_mesh 870/1402 | Building BVH
Fra:1 Mem:623.65M (Peak 623.79M) | Time:00:01.12 | Mem:261.31M, Peak:278.15M | Scene, ViewLayer | Updating Geometry BVH common_master_bedroom_desk_01_leg1_mesh 872/1402 | Building BVH
Fra:1 Mem:623.65M (Peak 623.79M) | Time:00:01.12 | Mem:261.32M, Peak:278.15M | Scene, ViewLayer | Updating Geometry BVH common_master_bedroom_desk_01_leg0_mesh 871/1402 | Building BVH
Fra:1 Mem:623.65M (Peak 623.79M) | Time:00:01.12 | Mem:261.32M, Peak:278.15M | Scene, ViewLayer | Updating Geometry BVH common_master_bedroom_desk_01_leg2_mesh 873/1402 | Building BVH
Fra:1 Mem:623.65M (Peak 623.79M) | Time:00:01.12 | Mem:261.32M, Peak:278.15M | Scene, ViewLayer | Updating Geometry BVH common_master_bedroom_desk_01_leg3_mesh 874/1402 | Building BVH
Fra:1 Mem:623.65M (Peak 623.79M) | Time:00:01.12 | Mem:261.32M, Peak:278.15M | Scene, ViewLayer | Updating Geometry BVH common_master_bedroom_desk_01_monitor_mesh 875/1402 | Building BVH
Fra:1 Mem:623.65M (Peak 623.79M) | Time:00:01.12 | Mem:261.36M, Peak:278.15M | Scene, ViewLayer | Updating Geometry BVH common_master_bedroom_desk_01_monstand_mesh 876/1402 | Building BVH
Fra:1 Mem:623.65M (Peak 623.79M) | Time:00:01.12 | Mem:261.37M, Peak:278.15M | Scene, ViewLayer | Updating Geometry BVH common_master_bedroom_chair_01_seat_mesh 877/1402 | Building BVH
Fra:1 Mem:623.65M (Peak 623.79M) | Time:00:01.12 | Mem:261.37M, Peak:278.15M | Scene, ViewLayer | Updating Geometry BVH common_master_bedroom_chair_01_back_mesh 878/1402 | Building BVH
Fra:1 Mem:623.65M (Peak 623.79M) | Time:00:01.12 | Mem:261.38M, Peak:278.15M | Scene, ViewLayer | Updating Geometry BVH common_master_bedroom_chair_01_post_mesh 879/1402 | Building BVH
Fra:1 Mem:623.65M (Peak 623.79M) | Time:00:01.12 | Mem:261.38M, Peak:278.15M | Scene, ViewLayer | Updating Geometry BVH common_master_bedroom_chair_01_base_mesh 880/1402 | Building BVH
Fra:1 Mem:623.65M (Peak 623.79M) | Time:00:01.12 | Mem:261.42M, Peak:278.15M | Scene, ViewLayer | Updating Geometry BVH common_master_bedroom_rug_01_pile_mesh 881/1402 | Building BVH
Fra:1 Mem:623.65M (Peak 623.79M) | Time:00:01.12 | Mem:261.42M, Peak:278.15M | Scene, ViewLayer | Updating Geometry BVH common_terrace_coffee_table_01_top_mesh 882/1402 | Building BVH
Fra:1 Mem:623.65M (Peak 623.79M) | Time:00:01.12 | Mem:261.44M, Peak:278.15M | Scene, ViewLayer | Updating Geometry BVH common_terrace_coffee_table_01_leg0_mesh 883/1402 | Building BVH
Fra:1 Mem:623.65M (Peak 623.79M) | Time:00:01.12 | Mem:261.47M, Peak:278.15M | Scene, ViewLayer | Updating Geometry BVH A_living_dining_balcony_rug_01_border0_mesh 1341/1402 | Building BVH
Fra:1 Mem:623.65M (Peak 623.79M) | Time:00:01.12 | Mem:261.47M, Peak:278.15M | Scene, ViewLayer | Updating Geometry BVH common_terrace_coffee_table_01_leg1_mesh 884/1402 | Building BVH
Fra:1 Mem:623.65M (Peak 623.79M) | Time:00:01.12 | Mem:261.47M, Peak:278.15M | Scene, ViewLayer | Updating Geometry BVH common_terrace_lounge_chair_01_seat_mesh 886/1402 | Building BVH
Fra:1 Mem:623.65M (Peak 623.79M) | Time:00:01.12 | Mem:261.48M, Peak:278.15M | Scene, ViewLayer | Updating Geometry BVH common_terrace_lounge_chair_01_cushion_mesh 887/1402 | Building BVH
Fra:1 Mem:623.65M (Peak 623.79M) | Time:00:01.12 | Mem:261.48M, Peak:278.15M | Scene, ViewLayer | Updating Geometry BVH common_terrace_lounge_chair_01_back1_mesh 889/1402 | Building BVH
Fra:1 Mem:623.65M (Peak 623.79M) | Time:00:01.12 | Mem:261.48M, Peak:278.15M | Scene, ViewLayer | Updating Geometry BVH common_terrace_lounge_chair_01_back2_mesh 890/1402 | Building BVH
Fra:1 Mem:623.65M (Peak 623.79M) | Time:00:01.12 | Mem:261.51M, Peak:278.15M | Scene, ViewLayer | Updating Geometry BVH common_terrace_lounge_chair_01_armp-1_mesh 892/1402 | Building BVH
Fra:1 Mem:623.65M (Peak 623.79M) | Time:00:01.12 | Mem:261.53M, Peak:278.15M | Scene, ViewLayer | Updating Geometry BVH common_terrace_lounge_chair_01_arm1_mesh 893/1402 | Building BVH
Fra:1 Mem:623.65M (Peak 623.79M) | Time:00:01.12 | Mem:261.55M, Peak:278.15M | Scene, ViewLayer | Updating Geometry BVH common_terrace_lounge_chair_01_armp1_mesh 894/1402 | Building BVH
Fra:1 Mem:623.65M (Peak 623.79M) | Time:00:01.12 | Mem:261.63M, Peak:278.15M | Scene, ViewLayer | Updating Geometry BVH common_terrace_lounge_chair_01_leg0_mesh 895/1402 | Building BVH
Fra:1 Mem:623.65M (Peak 623.79M) | Time:00:01.12 | Mem:261.65M, Peak:278.15M | Scene, ViewLayer | Updating Geometry BVH common_terrace_lounge_chair_01_leg2_mesh 897/1402 | Building BVH
Fra:1 Mem:623.65M (Peak 623.79M) | Time:00:01.12 | Mem:261.65M, Peak:278.15M | Scene, ViewLayer | Updating Geometry BVH common_terrace_lounge_chair_01_leg3_mesh 898/1402 | Building BVH
Fra:1 Mem:623.65M (Peak 623.79M) | Time:00:01.12 | Mem:261.64M, Peak:278.15M | Scene, ViewLayer | Updating Geometry BVH common_terrace_lounge_chair_02_seat_mesh 899/1402 | Building BVH
Fra:1 Mem:623.65M (Peak 623.79M) | Time:00:01.12 | Mem:261.67M, Peak:278.15M | Scene, ViewLayer | Updating Geometry BVH common_terrace_lounge_chair_02_cushion_mesh 900/1402 | Building BVH
Fra:1 Mem:623.65M (Peak 623.79M) | Time:00:01.12 | Mem:261.69M, Peak:278.15M | Scene, ViewLayer | Updating Geometry BVH A_living_dining_balcony_rug_01_pile_mesh 1340/1402 | Building BVH
Fra:1 Mem:623.65M (Peak 623.79M) | Time:00:01.12 | Mem:261.69M, Peak:278.15M | Scene, ViewLayer | Updating Geometry BVH common_terrace_lounge_chair_02_back0_mesh 901/1402 | Building BVH
Fra:1 Mem:623.65M (Peak 623.79M) | Time:00:01.12 | Mem:261.73M, Peak:278.15M | Scene, ViewLayer | Updating Geometry BVH common_terrace_lounge_chair_02_back1_mesh 902/1402 | Building BVH
Fra:1 Mem:623.65M (Peak 623.79M) | Time:00:01.12 | Mem:261.73M, Peak:278.15M | Scene, ViewLayer | Updating Geometry BVH common_terrace_lounge_chair_02_back2_mesh 903/1402 | Building BVH
Fra:1 Mem:623.65M (Peak 623.79M) | Time:00:01.12 | Mem:261.73M, Peak:278.15M | Scene, ViewLayer | Updating Geometry BVH common_terrace_lounge_chair_02_arm-1_mesh 904/1402 | Building BVH
Fra:1 Mem:623.65M (Peak 623.79M) | Time:00:01.12 | Mem:261.73M, Peak:278.15M | Scene, ViewLayer | Updating Geometry BVH common_terrace_lounge_chair_02_armp-1_mesh 905/1402 | Building BVH
Fra:1 Mem:623.65M (Peak 623.79M) | Time:00:01.12 | Mem:261.74M, Peak:278.15M | Scene, ViewLayer | Updating Geometry BVH common_terrace_lounge_chair_02_arm1_mesh 906/1402 | Building BVH
Fra:1 Mem:623.65M (Peak 623.79M) | Time:00:01.12 | Mem:261.80M, Peak:278.15M | Scene, ViewLayer | Updating Geometry BVH common_terrace_lounge_chair_02_armp1_mesh 907/1402 | Building BVH
Fra:1 Mem:623.65M (Peak 623.79M) | Time:00:01.12 | Mem:261.80M, Peak:278.15M | Scene, ViewLayer | Updating Geometry BVH common_terrace_lounge_chair_02_leg1_mesh 909/1402 | Building BVH
Fra:1 Mem:623.65M (Peak 623.79M) | Time:00:01.12 | Mem:261.80M, Peak:278.15M | Scene, ViewLayer | Updating Geometry BVH common_terrace_lounge_chair_02_leg2_mesh 910/1402 | Building BVH
Fra:1 Mem:623.65M (Peak 623.79M) | Time:00:01.12 | Mem:261.81M, Peak:278.15M | Scene, ViewLayer | Updating Geometry BVH common_terrace_lounge_chair_02_leg3_mesh 911/1402 | Building BVH
Fra:1 Mem:623.65M (Peak 623.79M) | Time:00:01.12 | Mem:261.81M, Peak:278.15M | Scene, ViewLayer | Updating Geometry BVH common_terrace_plant_01_leaf0_mesh 914/1402 | Building BVH
Fra:1 Mem:623.65M (Peak 623.79M) | Time:00:01.12 | Mem:261.81M, Peak:278.15M | Scene, ViewLayer | Updating Geometry BVH common_terrace_plant_01_leaf4_mesh 918/1402 | Building BVH
Fra:1 Mem:623.65M (Peak 623.79M) | Time:00:01.12 | Mem:261.81M, Peak:278.15M | Scene, ViewLayer | Updating Geometry BVH common_terrace_plant_02_stem_mesh 921/1402 | Building BVH
Fra:1 Mem:623.65M (Peak 623.79M) | Time:00:01.12 | Mem:261.82M, Peak:278.15M | Scene, ViewLayer | Updating Geometry BVH common_terrace_plant_02_leaf2_mesh 924/1402 | Building BVH
Fra:1 Mem:623.65M (Peak 623.79M) | Time:00:01.12 | Mem:261.83M, Peak:278.15M | Scene, ViewLayer | Updating Geometry BVH common_terrace_plant_02_leaf5_mesh 927/1402 | Building BVH
Fra:1 Mem:623.65M (Peak 623.79M) | Time:00:01.13 | Mem:262.04M, Peak:278.15M | Scene, ViewLayer | Updating Geometry BVH common_terrace_plant_03_pot_mesh 928/1402 | Building BVH
Fra:1 Mem:623.65M (Peak 623.79M) | Time:00:01.13 | Mem:262.05M, Peak:278.15M | Scene, ViewLayer | Updating Geometry BVH common_terrace_plant_03_stem_mesh 929/1402 | Building BVH
Fra:1 Mem:623.65M (Peak 623.79M) | Time:00:01.13 | Mem:262.05M, Peak:278.15M | Scene, ViewLayer | Updating Geometry BVH common_terrace_plant_03_leaf0_mesh 930/1402 | Building BVH
Fra:1 Mem:623.65M (Peak 623.79M) | Time:00:01.13 | Mem:262.05M, Peak:278.15M | Scene, ViewLayer | Updating Geometry BVH common_terrace_plant_03_leaf2_mesh 932/1402 | Building BVH
Fra:1 Mem:623.65M (Peak 623.79M) | Time:00:01.13 | Mem:262.05M, Peak:278.15M | Scene, ViewLayer | Updating Geometry BVH common_terrace_plant_03_leaf3_mesh 933/1402 | Building BVH
Fra:1 Mem:623.65M (Peak 623.79M) | Time:00:01.13 | Mem:262.07M, Peak:278.15M | Scene, ViewLayer | Updating Geometry BVH common_terrace_plant_03_leaf4_mesh 934/1402 | Building BVH
Fra:1 Mem:623.65M (Peak 623.79M) | Time:00:01.13 | Mem:262.08M, Peak:278.15M | Scene, ViewLayer | Updating Geometry BVH common_terrace_plant_03_leaf5_mesh 935/1402 | Building BVH
Fra:1 Mem:623.65M (Peak 623.79M) | Time:00:01.13 | Mem:262.08M, Peak:278.15M | Scene, ViewLayer | Updating Geometry BVH common_terrace_plant_04_pot_mesh 936/1402 | Building BVH
Fra:1 Mem:623.65M (Peak 623.79M) | Time:00:01.13 | Mem:262.11M, Peak:278.15M | Scene, ViewLayer | Updating Geometry BVH common_terrace_plant_04_stem_mesh 937/1402 | Building BVH
Fra:1 Mem:623.65M (Peak 623.79M) | Time:00:01.13 | Mem:262.12M, Peak:278.15M | Scene, ViewLayer | Updating Geometry BVH common_terrace_plant_04_leaf0_mesh 938/1402 | Building BVH
Fra:1 Mem:623.65M (Peak 623.79M) | Time:00:01.13 | Mem:262.14M, Peak:278.15M | Scene, ViewLayer | Updating Geometry BVH common_terrace_plant_04_leaf1_mesh 939/1402 | Building BVH
Fra:1 Mem:623.65M (Peak 623.79M) | Time:00:01.13 | Mem:262.16M, Peak:278.15M | Scene, ViewLayer | Updating Geometry BVH common_terrace_plant_04_leaf2_mesh 940/1402 | Building BVH
Fra:1 Mem:623.65M (Peak 623.79M) | Time:00:01.13 | Mem:262.16M, Peak:278.15M | Scene, ViewLayer | Updating Geometry BVH common_terrace_plant_04_leaf3_mesh 941/1402 | Building BVH
Fra:1 Mem:623.65M (Peak 623.79M) | Time:00:01.13 | Mem:262.18M, Peak:278.15M | Scene, ViewLayer | Updating Geometry BVH common_terrace_plant_04_leaf4_mesh 942/1402 | Building BVH
Fra:1 Mem:623.65M (Peak 623.79M) | Time:00:01.13 | Mem:262.19M, Peak:278.15M | Scene, ViewLayer | Updating Geometry BVH common_terrace_plant_04_leaf5_mesh 943/1402 | Building BVH
Fra:1 Mem:623.65M (Peak 623.79M) | Time:00:01.13 | Mem:262.19M, Peak:278.15M | Scene, ViewLayer | Updating Geometry BVH common_parents_room_bed_01_frame_mesh 944/1402 | Building BVH
Fra:1 Mem:623.65M (Peak 623.79M) | Time:00:01.13 | Mem:262.20M, Peak:278.15M | Scene, ViewLayer | Updating Geometry BVH common_parents_room_bed_01_duvet_mesh 947/1402 | Building BVH
Fra:1 Mem:623.65M (Peak 623.79M) | Time:00:01.13 | Mem:262.20M, Peak:278.15M | Scene, ViewLayer | Updating Geometry BVH common_parents_room_bed_01_duvetdrop_mesh 948/1402 | Building BVH
Fra:1 Mem:623.65M (Peak 623.79M) | Time:00:01.13 | Mem:262.20M, Peak:278.15M | Scene, ViewLayer | Updating Geometry BVH common_parents_room_bed_01_duvetdrop2_mesh 949/1402 | Building BVH
Fra:1 Mem:623.65M (Peak 623.79M) | Time:00:01.13 | Mem:262.21M, Peak:278.15M | Scene, ViewLayer | Updating Geometry BVH common_parents_room_bed_01_pillow1_mesh 950/1402 | Building BVH
Fra:1 Mem:623.65M (Peak 623.79M) | Time:00:01.13 | Mem:262.24M, Peak:278.15M | Scene, ViewLayer | Updating Geometry BVH common_parents_room_bed_01_throw_mesh 952/1402 | Building BVH
Fra:1 Mem:623.65M (Peak 623.79M) | Time:00:01.13 | Mem:262.25M, Peak:278.15M | Scene, ViewLayer | Updating Geometry BVH common_parents_room_nightstand_01_rail_mesh 953/1402 | Building BVH
Fra:1 Mem:623.65M (Peak 623.79M) | Time:00:01.13 | Mem:262.28M, Peak:278.15M | Scene, ViewLayer | Updating Geometry BVH A_living_dining_balcony_coffee_table_01_leg1_mesh 1338/1402 | Building BVH
Fra:1 Mem:623.65M (Peak 623.79M) | Time:00:01.13 | Mem:262.34M, Peak:278.15M | Scene, ViewLayer | Updating Geometry BVH common_parents_room_nightstand_01_body_mesh 954/1402 | Building BVH
Fra:1 Mem:623.65M (Peak 623.79M) | Time:00:01.13 | Mem:262.36M, Peak:278.15M | Scene, ViewLayer | Updating Geometry BVH common_parents_room_nightstand_01_drw_gapbg_mesh 955/1402 | Building BVH
Fra:1 Mem:623.65M (Peak 623.79M) | Time:00:01.13 | Mem:262.37M, Peak:278.15M | Scene, ViewLayer | Updating Geometry BVH common_parents_room_nightstand_01_drw_f0_mesh 956/1402 | Building BVH
Fra:1 Mem:623.65M (Peak 623.79M) | Time:00:01.13 | Mem:262.37M, Peak:278.15M | Scene, ViewLayer | Updating Geometry BVH common_parents_room_nightstand_01_drw_p0_mesh 957/1402 | Building BVH
Fra:1 Mem:623.65M (Peak 623.79M) | Time:00:01.13 | Mem:262.38M, Peak:278.15M | Scene, ViewLayer | Updating Geometry BVH common_parents_room_cushion_01_pad_mesh 958/1402 | Building BVH
Fra:1 Mem:623.65M (Peak 623.79M) | Time:00:01.13 | Mem:262.40M, Peak:278.15M | Scene, ViewLayer | Updating Geometry BVH common_parents_room_cushion_01_pil_olive_mesh 959/1402 | Building BVH
Fra:1 Mem:623.65M (Peak 623.79M) | Time:00:01.13 | Mem:262.42M, Peak:278.15M | Scene, ViewLayer | Updating Geometry BVH common_parents_room_cushion_01_pil_brick_mesh 960/1402 | Building BVH
Fra:1 Mem:623.65M (Peak 623.79M) | Time:00:01.13 | Mem:262.44M, Peak:278.15M | Scene, ViewLayer | Updating Geometry BVH common_parents_room_shelf_01_side0_mesh 961/1402 | Building BVH
Fra:1 Mem:623.65M (Peak 623.79M) | Time:00:01.13 | Mem:262.44M, Peak:278.15M | Scene, ViewLayer | Updating Geometry BVH common_parents_room_shelf_01_side1_mesh 962/1402 | Building BVH
Fra:1 Mem:623.65M (Peak 623.79M) | Time:00:01.13 | Mem:262.44M, Peak:278.15M | Scene, ViewLayer | Updating Geometry BVH common_parents_room_shelf_01_top_mesh 963/1402 | Building BVH
Fra:1 Mem:623.65M (Peak 623.79M) | Time:00:01.13 | Mem:262.45M, Peak:278.15M | Scene, ViewLayer | Updating Geometry BVH common_parents_room_shelf_02_side0_mesh 965/1402 | Building BVH
Fra:1 Mem:623.65M (Peak 623.79M) | Time:00:01.13 | Mem:262.47M, Peak:278.15M | Scene, ViewLayer | Updating Geometry BVH common_parents_room_shelf_02_side1_mesh 966/1402 | Building BVH
Fra:1 Mem:623.65M (Peak 623.79M) | Time:00:01.13 | Mem:262.47M, Peak:278.15M | Scene, ViewLayer | Updating Geometry BVH common_parents_room_shelf_02_top_mesh 967/1402 | Building BVH
Fra:1 Mem:623.65M (Peak 623.79M) | Time:00:01.13 | Mem:262.48M, Peak:278.15M | Scene, ViewLayer | Updating Geometry BVH common_parents_room_shelf_02_sh1_mesh 968/1402 | Building BVH
Fra:1 Mem:623.65M (Peak 623.79M) | Time:00:01.13 | Mem:262.51M, Peak:278.15M | Scene, ViewLayer | Updating Geometry BVH A_living_dining_balcony_coffee_table_01_leg0_mesh 1337/1402 | Building BVH
Fra:1 Mem:623.65M (Peak 623.79M) | Time:00:01.13 | Mem:262.53M, Peak:278.15M | Scene, ViewLayer | Updating Geometry BVH common_daughter_room_wardrobe_01_body_mesh 969/1402 | Building BVH
Fra:1 Mem:623.65M (Peak 623.79M) | Time:00:01.13 | Mem:262.53M, Peak:278.15M | Scene, ViewLayer | Updating Geometry BVH common_daughter_room_wardrobe_01_door_gapbg_mesh 970/1402 | Building BVH
Fra:1 Mem:623.65M (Peak 623.79M) | Time:00:01.13 | Mem:262.54M, Peak:278.15M | Scene, ViewLayer | Updating Geometry BVH common_daughter_room_wardrobe_01_door_f0_mesh 971/1402 | Building BVH
Fra:1 Mem:623.65M (Peak 623.79M) | Time:00:01.13 | Mem:262.55M, Peak:278.15M | Scene, ViewLayer | Updating Geometry BVH common_daughter_room_wardrobe_01_door_kn0_mesh 972/1402 | Building BVH
Fra:1 Mem:623.65M (Peak 623.79M) | Time:00:01.13 | Mem:262.55M, Peak:278.15M | Scene, ViewLayer | Updating Geometry BVH common_daughter_room_wardrobe_01_door_f1_mesh 973/1402 | Building BVH
Fra:1 Mem:623.65M (Peak 623.79M) | Time:00:01.13 | Mem:262.57M, Peak:278.15M | Scene, ViewLayer | Updating Geometry BVH common_daughter_room_wardrobe_01_door_f2_mesh 975/1402 | Building BVH
Fra:1 Mem:623.65M (Peak 623.79M) | Time:00:01.13 | Mem:262.62M, Peak:278.15M | Scene, ViewLayer | Updating Geometry BVH common_daughter_room_wardrobe_01_door_kn2_mesh 976/1402 | Building BVH
Fra:1 Mem:623.65M (Peak 623.79M) | Time:00:01.13 | Mem:262.61M, Peak:278.15M | Scene, ViewLayer | Updating Geometry BVH common_daughter_room_wardrobe_01_door_f3_mesh 977/1402 | Building BVH
Fra:1 Mem:623.65M (Peak 623.79M) | Time:00:01.13 | Mem:262.62M, Peak:278.15M | Scene, ViewLayer | Updating Geometry BVH common_daughter_room_wardrobe_01_door_kn3_mesh 978/1402 | Building BVH
Fra:1 Mem:623.65M (Peak 623.79M) | Time:00:01.13 | Mem:262.62M, Peak:278.15M | Scene, ViewLayer | Updating Geometry BVH common_daughter_room_wardrobe_02_body_mesh 979/1402 | Building BVH
Fra:1 Mem:623.65M (Peak 623.79M) | Time:00:01.13 | Mem:262.64M, Peak:278.15M | Scene, ViewLayer | Updating Geometry BVH common_daughter_room_wardrobe_02_door_gapbg_mesh 980/1402 | Building BVH
Fra:1 Mem:623.65M (Peak 623.79M) | Time:00:01.13 | Mem:262.65M, Peak:278.15M | Scene, ViewLayer | Updating Geometry BVH common_daughter_room_wardrobe_02_door_f0_mesh 981/1402 | Building BVH
Fra:1 Mem:623.65M (Peak 623.79M) | Time:00:01.13 | Mem:262.65M, Peak:278.15M | Scene, ViewLayer | Updating Geometry BVH common_daughter_room_wardrobe_02_door_kn0_mesh 982/1402 | Building BVH
Fra:1 Mem:623.65M (Peak 623.79M) | Time:00:01.13 | Mem:262.66M, Peak:278.15M | Scene, ViewLayer | Updating Geometry BVH common_daughter_room_wardrobe_02_door_f1_mesh 983/1402 | Building BVH
Fra:1 Mem:623.65M (Peak 623.79M) | Time:00:01.13 | Mem:262.67M, Peak:278.15M | Scene, ViewLayer | Updating Geometry BVH common_daughter_room_wardrobe_02_door_f2_mesh 985/1402 | Building BVH
Fra:1 Mem:623.65M (Peak 623.79M) | Time:00:01.13 | Mem:262.68M, Peak:278.15M | Scene, ViewLayer | Updating Geometry BVH common_daughter_room_bed_01_frame_mesh 987/1402 | Building BVH
Fra:1 Mem:623.65M (Peak 623.79M) | Time:00:01.13 | Mem:262.70M, Peak:278.15M | Scene, ViewLayer | Updating Geometry BVH common_daughter_room_bed_01_mattress_mesh 988/1402 | Building BVH
Fra:1 Mem:623.65M (Peak 623.79M) | Time:00:01.13 | Mem:262.72M, Peak:278.15M | Scene, ViewLayer | Updating Geometry BVH common_daughter_room_bed_01_headboard_mesh 989/1402 | Building BVH
Fra:1 Mem:623.65M (Peak 623.79M) | Time:00:01.13 | Mem:262.72M, Peak:278.15M | Scene, ViewLayer | Updating Geometry BVH common_daughter_room_bed_01_duvet_mesh 990/1402 | Building BVH
Fra:1 Mem:623.65M (Peak 623.79M) | Time:00:01.13 | Mem:262.76M, Peak:278.15M | Scene, ViewLayer | Updating Geometry BVH A_living_dining_balcony_coffee_table_01_top_mesh 1336/1402 | Building BVH
Fra:1 Mem:623.65M (Peak 623.79M) | Time:00:01.13 | Mem:262.76M, Peak:278.15M | Scene, ViewLayer | Updating Geometry BVH common_daughter_room_bed_01_duvetdrop_mesh 991/1402 | Building BVH
Fra:1 Mem:623.65M (Peak 623.79M) | Time:00:01.13 | Mem:262.78M, Peak:278.15M | Scene, ViewLayer | Updating Geometry BVH common_daughter_room_bed_01_pillow1_mesh 993/1402 | Building BVH
Fra:1 Mem:623.65M (Peak 623.79M) | Time:00:01.13 | Mem:262.78M, Peak:278.15M | Scene, ViewLayer | Updating Geometry BVH common_daughter_room_bed_01_pillow2_mesh 994/1402 | Building BVH
Fra:1 Mem:623.65M (Peak 623.79M) | Time:00:01.13 | Mem:262.79M, Peak:278.15M | Scene, ViewLayer | Updating Geometry BVH common_daughter_room_bed_01_pillow_acc_mesh 995/1402 | Building BVH
Fra:1 Mem:623.65M (Peak 623.79M) | Time:00:01.13 | Mem:262.83M, Peak:278.15M | Scene, ViewLayer | Updating Geometry BVH common_daughter_room_bed_01_throw_mesh 996/1402 | Building BVH
Fra:1 Mem:623.65M (Peak 623.79M) | Time:00:01.13 | Mem:262.91M, Peak:278.15M | Scene, ViewLayer | Updating Geometry BVH common_daughter_room_shelf_01_side0_mesh 997/1402 | Building BVH
Fra:1 Mem:623.65M (Peak 623.79M) | Time:00:01.13 | Mem:262.92M, Peak:278.15M | Scene, ViewLayer | Updating Geometry BVH common_daughter_room_shelf_01_side1_mesh 998/1402 | Building BVH
Fra:1 Mem:623.65M (Peak 623.79M) | Time:00:01.13 | Mem:262.92M, Peak:278.15M | Scene, ViewLayer | Updating Geometry BVH common_daughter_room_shelf_01_top_mesh 999/1402 | Building BVH
Fra:1 Mem:623.65M (Peak 623.79M) | Time:00:01.13 | Mem:262.92M, Peak:278.15M | Scene, ViewLayer | Updating Geometry BVH common_daughter_room_shelf_01_sh1_mesh 1000/1402 | Building BVH
Fra:1 Mem:623.65M (Peak 623.79M) | Time:00:01.13 | Mem:262.93M, Peak:278.15M | Scene, ViewLayer | Updating Geometry BVH common_daughter_room_shelf_01_sh2_mesh 1001/1402 | Building BVH
Fra:1 Mem:623.65M (Peak 623.79M) | Time:00:01.13 | Mem:262.95M, Peak:278.15M | Scene, ViewLayer | Updating Geometry BVH common_daughter_room_desk_01_top_mesh 1002/1402 | Building BVH
Fra:1 Mem:623.65M (Peak 623.79M) | Time:00:01.13 | Mem:262.97M, Peak:278.15M | Scene, ViewLayer | Updating Geometry BVH common_daughter_room_desk_01_drawer_mesh 1003/1402 | Building BVH
Fra:1 Mem:623.65M (Peak 623.79M) | Time:00:01.13 | Mem:262.97M, Peak:278.15M | Scene, ViewLayer | Updating Geometry BVH common_daughter_room_desk_01_leg0_mesh 1004/1402 | Building BVH
Fra:1 Mem:623.65M (Peak 623.79M) | Time:00:01.13 | Mem:262.97M, Peak:278.15M | Scene, ViewLayer | Updating Geometry BVH common_daughter_room_desk_01_leg2_mesh 1006/1402 | Building BVH
Fra:1 Mem:623.65M (Peak 623.79M) | Time:00:01.13 | Mem:262.97M, Peak:278.15M | Scene, ViewLayer | Updating Geometry BVH common_daughter_room_desk_01_leg3_mesh 1007/1402 | Building BVH
Fra:1 Mem:623.65M (Peak 623.79M) | Time:00:01.13 | Mem:262.97M, Peak:278.15M | Scene, ViewLayer | Updating Geometry BVH common_daughter_room_chair_01_seat_mesh 1008/1402 | Building BVH
Fra:1 Mem:623.65M (Peak 623.79M) | Time:00:01.13 | Mem:262.97M, Peak:278.15M | Scene, ViewLayer | Updating Geometry BVH common_daughter_room_chair_01_post_mesh 1010/1402 | Building BVH
Fra:1 Mem:623.65M (Peak 623.79M) | Time:00:01.13 | Mem:262.98M, Peak:278.15M | Scene, ViewLayer | Updating Geometry BVH common_daughter_room_chair_01_base_mesh 1011/1402 | Building BVH
Fra:1 Mem:623.65M (Peak 623.79M) | Time:00:01.13 | Mem:263.02M, Peak:278.15M | Scene, ViewLayer | Updating Geometry BVH common_son_room_wardrobe_01_body_mesh 1012/1402 | Building BVH
Fra:1 Mem:623.65M (Peak 623.79M) | Time:00:01.13 | Mem:263.06M, Peak:278.15M | Scene, ViewLayer | Updating Geometry BVH common_son_room_wardrobe_01_slA_f0_mesh 1013/1402 | Building BVH
Fra:1 Mem:623.65M (Peak 623.79M) | Time:00:01.13 | Mem:263.10M, Peak:278.15M | Scene, ViewLayer | Updating Geometry BVH common_son_room_wardrobe_01_slA_f1_mesh 1014/1402 | Building BVH
Fra:1 Mem:623.65M (Peak 623.79M) | Time:00:01.13 | Mem:263.10M, Peak:278.15M | Scene, ViewLayer | Updating Geometry BVH common_son_room_wardrobe_01_slA_f2_mesh 1015/1402 | Building BVH
Fra:1 Mem:623.65M (Peak 623.79M) | Time:00:01.13 | Mem:263.10M, Peak:278.15M | Scene, ViewLayer | Updating Geometry BVH common_son_room_wardrobe_01_slB_f0_mesh 1016/1402 | Building BVH
Fra:1 Mem:623.65M (Peak 623.79M) | Time:00:01.13 | Mem:263.10M, Peak:278.15M | Scene, ViewLayer | Updating Geometry BVH common_son_room_wardrobe_01_slB_f2_mesh 1018/1402 | Building BVH
Fra:1 Mem:623.65M (Peak 623.79M) | Time:00:01.13 | Mem:263.11M, Peak:278.15M | Scene, ViewLayer | Updating Geometry BVH common_son_room_bed_01_mattress_mesh 1020/1402 | Building BVH
Fra:1 Mem:623.65M (Peak 623.79M) | Time:00:01.13 | Mem:263.13M, Peak:278.15M | Scene, ViewLayer | Updating Geometry BVH common_son_room_bed_01_headboard_mesh 1021/1402 | Building BVH
Fra:1 Mem:623.65M (Peak 623.79M) | Time:00:01.13 | Mem:263.13M, Peak:278.15M | Scene, ViewLayer | Updating Geometry BVH A_living_dining_balcony_ottoman_01_base_mesh 1335/1402 | Building BVH
Fra:1 Mem:623.65M (Peak 623.79M) | Time:00:01.13 | Mem:263.14M, Peak:278.15M | Scene, ViewLayer | Updating Geometry BVH common_son_room_bed_01_duvet_mesh 1022/1402 | Building BVH
Fra:1 Mem:623.65M (Peak 623.79M) | Time:00:01.13 | Mem:263.14M, Peak:278.15M | Scene, ViewLayer | Updating Geometry BVH common_son_room_bed_01_duvetdrop_mesh 1023/1402 | Building BVH
Fra:1 Mem:623.65M (Peak 623.79M) | Time:00:01.13 | Mem:263.21M, Peak:278.15M | Scene, ViewLayer | Updating Geometry BVH common_son_room_bed_01_duvetdrop2_mesh 1024/1402 | Building BVH
Fra:1 Mem:623.65M (Peak 623.79M) | Time:00:01.13 | Mem:263.27M, Peak:278.15M | Scene, ViewLayer | Updating Geometry BVH common_son_room_bed_01_pillow1_mesh 1025/1402 | Building BVH
Fra:1 Mem:623.65M (Peak 623.79M) | Time:00:01.13 | Mem:263.27M, Peak:278.15M | Scene, ViewLayer | Updating Geometry BVH common_son_room_bed_01_pillow2_mesh 1026/1402 | Building BVH
Fra:1 Mem:623.65M (Peak 623.79M) | Time:00:01.13 | Mem:263.28M, Peak:278.15M | Scene, ViewLayer | Updating Geometry BVH common_son_room_bed_01_pillow_acc_mesh 1027/1402 | Building BVH
Fra:1 Mem:623.65M (Peak 623.79M) | Time:00:01.13 | Mem:263.30M, Peak:278.15M | Scene, ViewLayer | Updating Geometry BVH common_son_room_bed_01_throw_mesh 1028/1402 | Building BVH
Fra:1 Mem:623.65M (Peak 623.79M) | Time:00:01.13 | Mem:263.32M, Peak:278.15M | Scene, ViewLayer | Updating Geometry BVH common_son_room_desk_01_top_mesh 1029/1402 | Building BVH
Fra:1 Mem:623.65M (Peak 623.79M) | Time:00:01.13 | Mem:263.32M, Peak:278.15M | Scene, ViewLayer | Updating Geometry BVH common_son_room_desk_01_drawer_mesh 1030/1402 | Building BVH
Fra:1 Mem:623.65M (Peak 623.79M) | Time:00:01.13 | Mem:263.36M, Peak:278.15M | Scene, ViewLayer | Updating Geometry BVH common_son_room_desk_01_leg0_mesh 1031/1402 | Building BVH
Fra:1 Mem:623.65M (Peak 623.79M) | Time:00:01.13 | Mem:263.36M, Peak:278.15M | Scene, ViewLayer | Updating Geometry BVH common_son_room_desk_01_leg1_mesh 1032/1402 | Building BVH
Fra:1 Mem:623.65M (Peak 623.79M) | Time:00:01.13 | Mem:263.36M, Peak:278.15M | Scene, ViewLayer | Updating Geometry BVH common_son_room_desk_01_leg2_mesh 1033/1402 | Building BVH
Fra:1 Mem:623.65M (Peak 623.79M) | Time:00:01.13 | Mem:263.37M, Peak:278.15M | Scene, ViewLayer | Updating Geometry BVH common_son_room_shelf_01_side0_mesh 1035/1402 | Building BVH
Fra:1 Mem:623.65M (Peak 623.79M) | Time:00:01.13 | Mem:263.37M, Peak:278.15M | Scene, ViewLayer | Updating Geometry BVH common_son_room_shelf_01_top_mesh 1037/1402 | Building BVH
Fra:1 Mem:623.65M (Peak 623.79M) | Time:00:01.13 | Mem:263.37M, Peak:278.15M | Scene, ViewLayer | Updating Geometry BVH common_son_room_shelf_01_sh1_mesh 1038/1402 | Building BVH
Fra:1 Mem:623.65M (Peak 623.79M) | Time:00:01.13 | Mem:263.37M, Peak:278.15M | Scene, ViewLayer | Updating Geometry BVH common_son_room_chair_01_seat_mesh 1039/1402 | Building BVH
Fra:1 Mem:623.65M (Peak 623.79M) | Time:00:01.13 | Mem:263.37M, Peak:278.15M | Scene, ViewLayer | Updating Geometry BVH common_son_room_chair_01_back_mesh 1040/1402 | Building BVH
Fra:1 Mem:623.65M (Peak 623.79M) | Time:00:01.13 | Mem:263.41M, Peak:278.15M | Scene, ViewLayer | Updating Geometry BVH common_son_room_chair_01_post_mesh 1041/1402 | Building BVH
Fra:1 Mem:623.65M (Peak 623.79M) | Time:00:01.13 | Mem:263.43M, Peak:278.15M | Scene, ViewLayer | Updating Geometry BVH common_son_room_chair_01_base_mesh 1042/1402 | Building BVH
Fra:1 Mem:623.65M (Peak 623.79M) | Time:00:01.13 | Mem:263.45M, Peak:278.15M | Scene, ViewLayer | Updating Geometry BVH common_son_room_rug_01_pile_mesh 1043/1402 | Building BVH
Fra:1 Mem:623.65M (Peak 623.79M) | Time:00:01.14 | Mem:263.50M, Peak:278.15M | Scene, ViewLayer | Updating Geometry BVH fx_curt_master_sheer_mesh 1044/1402 | Building BVH
Fra:1 Mem:623.65M (Peak 623.79M) | Time:00:01.14 | Mem:263.50M, Peak:278.15M | Scene, ViewLayer | Updating Geometry BVH fx_curt_master_bo_w_mesh 1045/1402 | Building BVH
Fra:1 Mem:623.65M (Peak 623.79M) | Time:00:01.14 | Mem:263.51M, Peak:278.15M | Scene, ViewLayer | Updating Geometry BVH fx_curt_master_bo_e_mesh 1046/1402 | Building BVH
Fra:1 Mem:623.65M (Peak 623.79M) | Time:00:01.14 | Mem:263.51M, Peak:278.15M | Scene, ViewLayer | Updating Geometry BVH fx_curt_parents_roller_mesh 1048/1402 | Building BVH
Fra:1 Mem:623.65M (Peak 623.79M) | Time:00:01.14 | Mem:263.53M, Peak:278.15M | Scene, ViewLayer | Updating Geometry BVH fx_curt_daughter_sheer_mesh 1049/1402 | Building BVH
Fra:1 Mem:623.65M (Peak 623.79M) | Time:00:01.14 | Mem:263.57M, Peak:278.15M | Scene, ViewLayer | Updating Geometry BVH fx_curt_daughter_bo_w_mesh 1050/1402 | Building BVH
Fra:1 Mem:623.65M (Peak 623.79M) | Time:00:01.14 | Mem:263.65M, Peak:278.15M | Scene, ViewLayer | Updating Geometry BVH fx_curt_daughter_bo_e_mesh 1051/1402 | Building BVH
Fra:1 Mem:623.65M (Peak 623.79M) | Time:00:01.14 | Mem:263.64M, Peak:278.15M | Scene, ViewLayer | Updating Geometry BVH fx_curt_son_bo_w_mesh 1053/1402 | Building BVH
Fra:1 Mem:623.65M (Peak 623.79M) | Time:00:01.14 | Mem:263.64M, Peak:278.15M | Scene, ViewLayer | Updating Geometry BVH fx_curt_son_bo_e_mesh 1054/1402 | Building BVH
Fra:1 Mem:623.65M (Peak 623.79M) | Time:00:01.14 | Mem:263.64M, Peak:278.15M | Scene, ViewLayer | Updating Geometry BVH fx_blind_mb_slats1_mesh 1057/1402 | Building BVH
Fra:1 Mem:623.65M (Peak 623.79M) | Time:00:01.14 | Mem:263.65M, Peak:278.15M | Scene, ViewLayer | Updating Geometry BVH fx_blind_mb_slats2_mesh 1058/1402 | Building BVH
Fra:1 Mem:623.65M (Peak 623.79M) | Time:00:01.14 | Mem:263.65M, Peak:278.15M | Scene, ViewLayer | Updating Geometry BVH fx_blind_mb_slats3_mesh 1059/1402 | Building BVH
Fra:1 Mem:623.65M (Peak 623.79M) | Time:00:01.14 | Mem:263.70M, Peak:278.15M | Scene, ViewLayer | Updating Geometry BVH fx_blind_mb_slats4_mesh 1060/1402 | Building BVH
Fra:1 Mem:623.65M (Peak 623.79M) | Time:00:01.14 | Mem:263.74M, Peak:278.15M | Scene, ViewLayer | Updating Geometry BVH fx_wall_lamp0_mesh 1062/1402 | Building BVH
Fra:1 Mem:623.65M (Peak 623.79M) | Time:00:01.14 | Mem:263.79M, Peak:278.15M | Scene, ViewLayer | Updating Geometry BVH fx_wall_lamp0_sh_mesh 1063/1402 | Building BVH
Fra:1 Mem:623.65M (Peak 623.79M) | Time:00:01.14 | Mem:263.79M, Peak:278.15M | Scene, ViewLayer | Updating Geometry BVH fx_wall_lamp1_sh_mesh 1065/1402 | Building BVH
Fra:1 Mem:623.65M (Peak 623.79M) | Time:00:01.14 | Mem:263.83M, Peak:278.15M | Scene, ViewLayer | Updating Geometry BVH fx_wall_lamp2_mesh 1066/1402 | Building BVH
Fra:1 Mem:623.65M (Peak 623.79M) | Time:00:01.14 | Mem:263.83M, Peak:278.15M | Scene, ViewLayer | Updating Geometry BVH fx_wall_lamp3_mesh 1068/1402 | Building BVH
Fra:1 Mem:623.65M (Peak 623.79M) | Time:00:01.14 | Mem:263.83M, Peak:278.15M | Scene, ViewLayer | Updating Geometry BVH fx_wall_lamp3_sh_mesh 1069/1402 | Building BVH
Fra:1 Mem:623.65M (Peak 623.79M) | Time:00:01.14 | Mem:263.82M, Peak:278.15M | Scene, ViewLayer | Updating Geometry BVH fx_kn_board_mesh 1072/1402 | Building BVH
Fra:1 Mem:623.65M (Peak 623.79M) | Time:00:01.14 | Mem:263.82M, Peak:278.15M | Scene, ViewLayer | Updating Geometry BVH fx_kn_herb_mesh 1074/1402 | Building BVH
Fra:1 Mem:623.65M (Peak 623.79M) | Time:00:01.14 | Mem:263.83M, Peak:278.15M | Scene, ViewLayer | Updating Geometry BVH fx_island_tray_mesh 1077/1402 | Building BVH
Fra:1 Mem:623.65M (Peak 623.79M) | Time:00:01.14 | Mem:263.84M, Peak:278.15M | Scene, ViewLayer | Updating Geometry BVH fx_bc_b0_1_mesh 1079/1402 | Building BVH
Fra:1 Mem:623.65M (Peak 623.79M) | Time:00:01.14 | Mem:263.85M, Peak:278.15M | Scene, ViewLayer | Updating Geometry BVH fx_bc_b0_3_mesh 1081/1402 | Building BVH
Fra:1 Mem:623.65M (Peak 623.79M) | Time:00:01.14 | Mem:263.87M, Peak:278.15M | Scene, ViewLayer | Updating Geometry BVH fx_bc_b0_4_mesh 1082/1402 | Building BVH
Fra:1 Mem:623.65M (Peak 623.79M) | Time:00:01.14 | Mem:263.89M, Peak:278.15M | Scene, ViewLayer | Updating Geometry BVH fx_bc_b0f_0_mesh 1083/1402 | Building BVH
Fra:1 Mem:623.65M (Peak 623.79M) | Time:00:01.14 | Mem:263.90M, Peak:278.15M | Scene, ViewLayer | Updating Geometry BVH A_living_dining_balcony_sofa_01_pillow_olive_mesh 1332/1402 | Building BVH
Fra:1 Mem:623.65M (Peak 623.79M) | Time:00:01.14 | Mem:263.91M, Peak:278.15M | Scene, ViewLayer | Updating Geometry BVH fx_bc_pot_mesh 1085/1402 | Building BVH
Fra:1 Mem:623.65M (Peak 623.79M) | Time:00:01.14 | Mem:263.99M, Peak:278.15M | Scene, ViewLayer | Updating Geometry BVH fx_bc_potneck_mesh 1086/1402 | Building BVH
Fra:1 Mem:623.65M (Peak 623.79M) | Time:00:01.14 | Mem:264.10M, Peak:278.15M | Scene, ViewLayer | Updating Geometry BVH fx_bc_potlip_mesh 1087/1402 | Building BVH
Fra:1 Mem:623.66M (Peak 623.79M) | Time:00:01.14 | Mem:264.19M, Peak:278.15M | Scene, ViewLayer | Updating Geometry BVH fx_bc_frame_mesh 1088/1402 | Building BVH
Fra:1 Mem:623.66M (Peak 623.79M) | Time:00:01.14 | Mem:264.16M, Peak:278.15M | Scene, ViewLayer | Updating Geometry BVH fx_bc_rec0_mesh 1090/1402 | Building BVH
Fra:1 Mem:623.66M (Peak 623.79M) | Time:00:01.14 | Mem:264.15M, Peak:278.15M | Scene, ViewLayer | Updating Geometry BVH fx_bc_recstand_mesh 1093/1402 | Building BVH
Fra:1 Mem:623.66M (Peak 623.79M) | Time:00:01.14 | Mem:264.15M, Peak:278.15M | Scene, ViewLayer | Updating Geometry BVH fx_bc_b3_0_mesh 1094/1402 | Building BVH
Fra:1 Mem:623.66M (Peak 623.79M) | Time:00:01.14 | Mem:264.15M, Peak:278.15M | Scene, ViewLayer | Updating Geometry BVH fx_bc_b3_1_mesh 1095/1402 | Building BVH
Fra:1 Mem:623.66M (Peak 623.79M) | Time:00:01.14 | Mem:264.16M, Peak:278.15M | Scene, ViewLayer | Updating Geometry BVH fx_bc_b3_2_mesh 1096/1402 | Building BVH
Fra:1 Mem:623.66M (Peak 623.79M) | Time:00:01.14 | Mem:264.16M, Peak:278.15M | Scene, ViewLayer | Updating Geometry BVH fx_bc_jar3_mesh 1097/1402 | Building BVH
Fra:1 Mem:623.66M (Peak 623.79M) | Time:00:01.14 | Mem:264.20M, Peak:278.15M | Scene, ViewLayer | Updating Geometry BVH A_living_dining_balcony_sofa_01_arm1_mesh 1331/1402 | Building BVH
Fra:1 Mem:623.66M (Peak 623.79M) | Time:00:01.14 | Mem:264.27M, Peak:278.15M | Scene, ViewLayer | Updating Geometry BVH fx_bc_pot4_mesh 1098/1402 | Building BVH
Fra:1 Mem:623.66M (Peak 623.79M) | Time:00:01.14 | Mem:264.38M, Peak:278.15M | Scene, ViewLayer | Updating Geometry BVH fx_bc_g0_0_mesh 1099/1402 | Building BVH
Fra:1 Mem:623.66M (Peak 623.79M) | Time:00:01.14 | Mem:264.39M, Peak:278.15M | Scene, ViewLayer | Updating Geometry BVH fx_bc_g0_1_mesh 1100/1402 | Building BVH
Fra:1 Mem:623.66M (Peak 623.79M) | Time:00:01.14 | Mem:264.39M, Peak:278.15M | Scene, ViewLayer | Updating Geometry BVH fx_bc_g0_2_mesh 1101/1402 | Building BVH
Fra:1 Mem:623.66M (Peak 623.79M) | Time:00:01.14 | Mem:264.37M, Peak:278.15M | Scene, ViewLayer | Updating Geometry BVH fx_bc_g1_0_mesh 1103/1402 | Building BVH
Fra:1 Mem:623.66M (Peak 623.79M) | Time:00:01.14 | Mem:264.38M, Peak:278.15M | Scene, ViewLayer | Updating Geometry BVH fx_bc_g1_2_mesh 1105/1402 | Building BVH
Fra:1 Mem:623.66M (Peak 623.79M) | Time:00:01.14 | Mem:264.38M, Peak:278.15M | Scene, ViewLayer | Updating Geometry BVH fx_bc_g1_3_mesh 1106/1402 | Building BVH
Fra:1 Mem:623.66M (Peak 623.79M) | Time:00:01.14 | Mem:264.39M, Peak:278.15M | Scene, ViewLayer | Updating Geometry BVH fx_bc_gpot2_mesh 1107/1402 | Building BVH
Fra:1 Mem:623.66M (Peak 623.79M) | Time:00:01.14 | Mem:264.39M, Peak:278.15M | Scene, ViewLayer | Updating Geometry BVH fx_desk_book1_mesh 1109/1402 | Building BVH
Fra:1 Mem:623.66M (Peak 623.79M) | Time:00:01.14 | Mem:264.41M, Peak:278.15M | Scene, ViewLayer | Updating Geometry BVH fx_fiddle_pot_mesh 1110/1402 | Building BVH
Fra:1 Mem:623.66M (Peak 623.79M) | Time:00:01.14 | Mem:264.42M, Peak:278.15M | Scene, ViewLayer | Updating Geometry BVH fx_fiddle_stem_mesh 1111/1402 | Building BVH
Fra:1 Mem:623.66M (Peak 623.79M) | Time:00:01.14 | Mem:264.44M, Peak:278.15M | Scene, ViewLayer | Updating Geometry BVH fx_fiddle_leaf0_mesh 1112/1402 | Building BVH
Fra:1 Mem:623.66M (Peak 623.79M) | Time:00:01.14 | Mem:264.45M, Peak:278.15M | Scene, ViewLayer | Updating Geometry BVH fx_fiddle_leaf1_mesh 1113/1402 | Building BVH
Fra:1 Mem:623.66M (Peak 623.79M) | Time:00:01.14 | Mem:264.49M, Peak:278.15M | Scene, ViewLayer | Updating Geometry BVH fx_fiddle_leaf2_mesh 1114/1402 | Building BVH
Fra:1 Mem:623.66M (Peak 623.79M) | Time:00:01.14 | Mem:264.50M, Peak:278.15M | Scene, ViewLayer | Updating Geometry BVH fx_fiddle_leaf3_mesh 1115/1402 | Building BVH
Fra:1 Mem:623.66M (Peak 623.79M) | Time:00:01.14 | Mem:264.52M, Peak:278.15M | Scene, ViewLayer | Updating Geometry BVH fx_fiddle_leaf4_mesh 1116/1402 | Building BVH
Fra:1 Mem:623.66M (Peak 623.79M) | Time:00:01.14 | Mem:264.52M, Peak:278.15M | Scene, ViewLayer | Updating Geometry BVH A_living_dining_balcony_sofa_01_arm0_mesh 1330/1402 | Building BVH
Fra:1 Mem:623.66M (Peak 623.79M) | Time:00:01.14 | Mem:264.52M, Peak:278.15M | Scene, ViewLayer | Updating Geometry BVH fx_fiddle_leaf5_mesh 1117/1402 | Building BVH
Fra:1 Mem:623.66M (Peak 623.79M) | Time:00:01.14 | Mem:264.53M, Peak:278.15M | Scene, ViewLayer | Updating Geometry BVH fx_fiddle_leaf6_mesh 1118/1402 | Building BVH
Fra:1 Mem:623.66M (Peak 623.79M) | Time:00:01.14 | Mem:264.58M, Peak:278.15M | Scene, ViewLayer | Updating Geometry BVH f1_shoe_body_mesh 1119/1402 | Building BVH
Fra:1 Mem:623.66M (Peak 623.79M) | Time:00:01.14 | Mem:264.58M, Peak:278.15M | Scene, ViewLayer | Updating Geometry BVH f1_shoe_side_s_mesh 1120/1402 | Building BVH
Fra:1 Mem:623.66M (Peak 623.79M) | Time:00:01.14 | Mem:264.58M, Peak:278.15M | Scene, ViewLayer | Updating Geometry BVH f1_shoe_side_n_mesh 1121/1402 | Building BVH
Fra:1 Mem:623.66M (Peak 623.79M) | Time:00:01.14 | Mem:264.58M, Peak:278.15M | Scene, ViewLayer | Updating Geometry BVH f1_shoe_lo_door_gapbg_mesh 1122/1402 | Building BVH
Fra:1 Mem:623.66M (Peak 623.79M) | Time:00:01.14 | Mem:264.59M, Peak:278.15M | Scene, ViewLayer | Updating Geometry BVH f1_shoe_lo_door_f0r_mesh 1124/1402 | Building BVH
Fra:1 Mem:623.66M (Peak 623.79M) | Time:00:01.14 | Mem:264.60M, Peak:278.15M | Scene, ViewLayer | Updating Geometry BVH f1_shoe_lo_door_f0b_mesh 1125/1402 | Building BVH
Fra:1 Mem:623.66M (Peak 623.79M) | Time:00:01.14 | Mem:264.66M, Peak:278.15M | Scene, ViewLayer | Updating Geometry BVH f1_shoe_lo_door_f0t_mesh 1126/1402 | Building BVH
Fra:1 Mem:623.66M (Peak 623.79M) | Time:00:01.14 | Mem:264.66M, Peak:278.15M | Scene, ViewLayer | Updating Geometry BVH f1_shoe_lo_door_f0c_mesh 1127/1402 | Building BVH
Fra:1 Mem:623.66M (Peak 623.79M) | Time:00:01.14 | Mem:264.66M, Peak:278.15M | Scene, ViewLayer | Updating Geometry BVH f1_shoe_lo_door_p0_mesh 1128/1402 | Building BVH
Fra:1 Mem:623.66M (Peak 623.79M) | Time:00:01.14 | Mem:264.66M, Peak:278.15M | Scene, ViewLayer | Updating Geometry BVH f1_shoe_hi_door_gapbg_mesh 1129/1402 | Building BVH
Fra:1 Mem:623.66M (Peak 623.79M) | Time:00:01.14 | Mem:264.68M, Peak:278.15M | Scene, ViewLayer | Updating Geometry BVH f1_shoe_hi_door_f0l_mesh 1130/1402 | Building BVH
Fra:1 Mem:623.66M (Peak 623.79M) | Time:00:01.14 | Mem:264.71M, Peak:278.15M | Scene, ViewLayer | Updating Geometry BVH f1_shoe_hi_door_f0r_mesh 1131/1402 | Building BVH
Fra:1 Mem:623.66M (Peak 623.79M) | Time:00:01.14 | Mem:264.71M, Peak:278.15M | Scene, ViewLayer | Updating Geometry BVH f1_shoe_hi_door_f0b_mesh 1132/1402 | Building BVH
Fra:1 Mem:623.66M (Peak 623.79M) | Time:00:01.14 | Mem:264.73M, Peak:278.15M | Scene, ViewLayer | Updating Geometry BVH f1_shoe_hi_door_f0t_mesh 1133/1402 | Building BVH
Fra:1 Mem:623.66M (Peak 623.79M) | Time:00:01.14 | Mem:264.73M, Peak:278.15M | Scene, ViewLayer | Updating Geometry BVH f1_shoe_hi_door_f0c_mesh 1134/1402 | Building BVH
Fra:1 Mem:623.66M (Peak 623.79M) | Time:00:01.14 | Mem:264.75M, Peak:278.15M | Scene, ViewLayer | Updating Geometry BVH f1_shoe_hi_door_p0_mesh 1135/1402 | Building BVH
Fra:1 Mem:623.66M (Peak 623.79M) | Time:00:01.14 | Mem:264.79M, Peak:278.15M | Scene, ViewLayer | Updating Geometry BVH f1_shoe_niche_b_mesh 1136/1402 | Building BVH
Fra:1 Mem:623.66M (Peak 623.79M) | Time:00:01.14 | Mem:264.79M, Peak:278.15M | Scene, ViewLayer | Updating Geometry BVH f1_shoe_niche_t_mesh 1137/1402 | Building BVH
Fra:1 Mem:623.66M (Peak 623.79M) | Time:00:01.14 | Mem:264.79M, Peak:278.15M | Scene, ViewLayer | Updating Geometry BVH f1_shoe_niche_back_mesh 1138/1402 | Building BVH
Fra:1 Mem:623.66M (Peak 623.79M) | Time:00:01.14 | Mem:264.80M, Peak:278.15M | Scene, ViewLayer | Updating Geometry BVH f1_elc_body_mesh 1140/1402 | Building BVH
Fra:1 Mem:623.66M (Peak 623.79M) | Time:00:01.14 | Mem:264.80M, Peak:278.15M | Scene, ViewLayer | Updating Geometry BVH f1_shoe_light_mesh 1139/1402 | Building BVH
Fra:1 Mem:623.66M (Peak 623.79M) | Time:00:01.14 | Mem:264.80M, Peak:278.15M | Scene, ViewLayer | Updating Geometry BVH f1_elc_lo_door_gapbg_mesh 1141/1402 | Building BVH
Fra:1 Mem:623.66M (Peak 623.79M) | Time:00:01.14 | Mem:264.82M, Peak:278.15M | Scene, ViewLayer | Updating Geometry BVH f1_elc_lo_door_f0l_mesh 1142/1402 | Building BVH
Fra:1 Mem:623.66M (Peak 623.79M) | Time:00:01.14 | Mem:264.83M, Peak:278.15M | Scene, ViewLayer | Updating Geometry BVH f1_elc_lo_door_f0r_mesh 1143/1402 | Building BVH
Fra:1 Mem:623.66M (Peak 623.79M) | Time:00:01.14 | Mem:264.88M, Peak:278.15M | Scene, ViewLayer | Updating Geometry BVH A_living_dining_balcony_sofa_01_seat2_mesh 1329/1402 | Building BVH
Fra:1 Mem:623.66M (Peak 623.79M) | Time:00:01.14 | Mem:264.88M, Peak:278.15M | Scene, ViewLayer | Updating Geometry BVH f1_elc_lo_door_f0b_mesh 1144/1402 | Building BVH
Fra:1 Mem:623.66M (Peak 623.79M) | Time:00:01.14 | Mem:264.88M, Peak:278.15M | Scene, ViewLayer | Updating Geometry BVH f1_elc_lo_door_f0t_mesh 1145/1402 | Building BVH
Fra:1 Mem:623.66M (Peak 623.79M) | Time:00:01.14 | Mem:264.88M, Peak:278.15M | Scene, ViewLayer | Updating Geometry BVH f1_elc_lo_door_p0_mesh 1147/1402 | Building BVH
Fra:1 Mem:623.66M (Peak 623.79M) | Time:00:01.14 | Mem:264.90M, Peak:278.15M | Scene, ViewLayer | Updating Geometry BVH f1_elc_lo_door_f1l_mesh 1148/1402 | Building BVH
Fra:1 Mem:623.66M (Peak 623.79M) | Time:00:01.14 | Mem:264.95M, Peak:278.15M | Scene, ViewLayer | Updating Geometry BVH f1_elc_lo_door_f1r_mesh 1149/1402 | Building BVH
Fra:1 Mem:623.66M (Peak 623.79M) | Time:00:01.14 | Mem:264.96M, Peak:278.15M | Scene, ViewLayer | Updating Geometry BVH f1_elc_lo_door_f1b_mesh 1150/1402 | Building BVH
Fra:1 Mem:623.66M (Peak 623.79M) | Time:00:01.14 | Mem:264.97M, Peak:278.15M | Scene, ViewLayer | Updating Geometry BVH f1_elc_lo_door_f1t_mesh 1151/1402 | Building BVH
Fra:1 Mem:623.66M (Peak 623.79M) | Time:00:01.14 | Mem:264.98M, Peak:278.15M | Scene, ViewLayer | Updating Geometry BVH f1_elc_lo_door_f1c_mesh 1152/1402 | Building BVH
Fra:1 Mem:623.66M (Peak 623.79M) | Time:00:01.14 | Mem:264.99M, Peak:278.15M | Scene, ViewLayer | Updating Geometry BVH f1_elc_lo_door_p1_mesh 1153/1402 | Building BVH
Fra:1 Mem:623.66M (Peak 623.79M) | Time:00:01.14 | Mem:265.01M, Peak:278.15M | Scene, ViewLayer | Updating Geometry BVH f1_elc_lo_door_f2l_mesh 1154/1402 | Building BVH
Fra:1 Mem:623.66M (Peak 623.79M) | Time:00:01.14 | Mem:265.01M, Peak:278.15M | Scene, ViewLayer | Updating Geometry BVH f1_elc_lo_door_f2r_mesh 1155/1402 | Building BVH
Fra:1 Mem:623.66M (Peak 623.79M) | Time:00:01.14 | Mem:265.03M, Peak:278.15M | Scene, ViewLayer | Updating Geometry BVH f1_elc_lo_door_f2b_mesh 1156/1402 | Building BVH
Fra:1 Mem:623.66M (Peak 623.79M) | Time:00:01.14 | Mem:265.09M, Peak:278.15M | Scene, ViewLayer | Updating Geometry BVH f1_elc_lo_door_f2t_mesh 1157/1402 | Building BVH
Fra:1 Mem:623.66M (Peak 623.79M) | Time:00:01.14 | Mem:265.09M, Peak:278.15M | Scene, ViewLayer | Updating Geometry BVH f1_elc_lo_door_f2c_mesh 1158/1402 | Building BVH
Fra:1 Mem:623.66M (Peak 623.79M) | Time:00:01.14 | Mem:265.09M, Peak:278.15M | Scene, ViewLayer | Updating Geometry BVH f1_elc_lo_door_p2_mesh 1159/1402 | Building BVH
Fra:1 Mem:623.66M (Peak 623.79M) | Time:00:01.14 | Mem:265.09M, Peak:278.15M | Scene, ViewLayer | Updating Geometry BVH A_living_dining_balcony_sofa_01_seat1_mesh 1328/1402 | Building BVH
Fra:1 Mem:623.66M (Peak 623.79M) | Time:00:01.14 | Mem:265.10M, Peak:278.15M | Scene, ViewLayer | Updating Geometry BVH f1_elc_hi_door_f0l_mesh 1161/1402 | Building BVH
Fra:1 Mem:623.66M (Peak 623.79M) | Time:00:01.14 | Mem:265.10M, Peak:278.15M | Scene, ViewLayer | Updating Geometry BVH f1_elc_hi_door_f0r_mesh 1162/1402 | Building BVH
Fra:1 Mem:623.66M (Peak 623.79M) | Time:00:01.14 | Mem:265.15M, Peak:278.15M | Scene, ViewLayer | Updating Geometry BVH f1_elc_hi_door_f0b_mesh 1163/1402 | Building BVH
Fra:1 Mem:623.66M (Peak 623.79M) | Time:00:01.14 | Mem:265.17M, Peak:278.15M | Scene, ViewLayer | Updating Geometry BVH f1_elc_hi_door_f0t_mesh 1164/1402 | Building BVH
Fra:1 Mem:623.66M (Peak 623.79M) | Time:00:01.14 | Mem:265.18M, Peak:278.15M | Scene, ViewLayer | Updating Geometry BVH f1_elc_hi_door_f0c_mesh 1165/1402 | Building BVH
Fra:1 Mem:623.66M (Peak 623.79M) | Time:00:01.14 | Mem:265.22M, Peak:278.15M | Scene, ViewLayer | Updating Geometry BVH f1_elc_hi_door_f1l_mesh 1167/1402 | Building BVH
Fra:1 Mem:623.66M (Peak 623.79M) | Time:00:01.15 | Mem:265.23M, Peak:278.15M | Scene, ViewLayer | Updating Geometry BVH f1_elc_hi_door_f1r_mesh 1168/1402 | Building BVH
Fra:1 Mem:623.66M (Peak 623.79M) | Time:00:01.15 | Mem:265.26M, Peak:278.15M | Scene, ViewLayer | Updating Geometry BVH f1_elc_hi_door_f1b_mesh 1169/1402 | Building BVH
Fra:1 Mem:623.66M (Peak 623.79M) | Time:00:01.15 | Mem:265.28M, Peak:278.15M | Scene, ViewLayer | Updating Geometry BVH f1_elc_hi_door_f1c_mesh 1171/1402 | Building BVH
Fra:1 Mem:623.66M (Peak 623.79M) | Time:00:01.15 | Mem:265.28M, Peak:278.15M | Scene, ViewLayer | Updating Geometry BVH f1_elc_hi_door_p1_mesh 1172/1402 | Building BVH
Fra:1 Mem:623.66M (Peak 623.79M) | Time:00:01.15 | Mem:265.27M, Peak:278.15M | Scene, ViewLayer | Updating Geometry BVH f1_elc_hi_door_f2l_mesh 1173/1402 | Building BVH
Fra:1 Mem:623.66M (Peak 623.79M) | Time:00:01.15 | Mem:265.28M, Peak:278.15M | Scene, ViewLayer | Updating Geometry BVH f1_elc_hi_door_f2r_mesh 1174/1402 | Building BVH
Fra:1 Mem:623.66M (Peak 623.79M) | Time:00:01.15 | Mem:265.36M, Peak:278.15M | Scene, ViewLayer | Updating Geometry BVH f1_elc_hi_door_f2b_mesh 1175/1402 | Building BVH
Fra:1 Mem:623.66M (Peak 623.79M) | Time:00:01.15 | Mem:265.37M, Peak:278.15M | Scene, ViewLayer | Updating Geometry BVH f1_elc_hi_door_f2t_mesh 1176/1402 | Building BVH
Fra:1 Mem:623.66M (Peak 623.79M) | Time:00:01.15 | Mem:265.37M, Peak:278.15M | Scene, ViewLayer | Updating Geometry BVH f1_elc_hi_door_f2c_mesh 1177/1402 | Building BVH
Fra:1 Mem:623.66M (Peak 623.79M) | Time:00:01.15 | Mem:265.40M, Peak:278.15M | Scene, ViewLayer | Updating Geometry BVH f1_elc_hi_door_p2_mesh 1178/1402 | Building BVH
Fra:1 Mem:623.66M (Peak 623.79M) | Time:00:01.15 | Mem:265.39M, Peak:278.15M | Scene, ViewLayer | Updating Geometry BVH f1_elc_plinth_mesh 1179/1402 | Building BVH
Fra:1 Mem:623.66M (Peak 623.79M) | Time:00:01.15 | Mem:265.39M, Peak:278.15M | Scene, ViewLayer | Updating Geometry BVH f1_bench_leg0_mesh 1180/1402 | Building BVH
Fra:1 Mem:623.66M (Peak 623.79M) | Time:00:01.15 | Mem:265.41M, Peak:278.15M | Scene, ViewLayer | Updating Geometry BVH f1_bench_leg1_mesh 1181/1402 | Building BVH
Fra:1 Mem:623.66M (Peak 623.79M) | Time:00:01.15 | Mem:265.43M, Peak:278.15M | Scene, ViewLayer | Updating Geometry BVH A_living_dining_balcony_sofa_01_seat0_mesh 1327/1402 | Building BVH
Fra:1 Mem:623.66M (Peak 623.79M) | Time:00:01.15 | Mem:265.44M, Peak:278.15M | Scene, ViewLayer | Updating Geometry BVH f1_bench_leg2_mesh 1182/1402 | Building BVH
Fra:1 Mem:623.66M (Peak 623.79M) | Time:00:01.15 | Mem:265.46M, Peak:278.15M | Scene, ViewLayer | Updating Geometry BVH f1_bench_leg3_mesh 1183/1402 | Building BVH
Fra:1 Mem:623.66M (Peak 623.79M) | Time:00:01.15 | Mem:265.46M, Peak:278.15M | Scene, ViewLayer | Updating Geometry BVH f1_bench_seat_mesh 1184/1402 | Building BVH
Fra:1 Mem:623.66M (Peak 623.79M) | Time:00:01.15 | Mem:265.47M, Peak:278.15M | Scene, ViewLayer | Updating Geometry BVH f1_bench_arm_mesh 1185/1402 | Building BVH
Fra:1 Mem:623.66M (Peak 623.79M) | Time:00:01.15 | Mem:265.48M, Peak:278.15M | Scene, ViewLayer | Updating Geometry BVH f1_night_light_mesh 1186/1402 | Building BVH
Fra:1 Mem:623.66M (Peak 623.79M) | Time:00:01.15 | Mem:265.51M, Peak:278.15M | Scene, ViewLayer | Updating Geometry BVH A_living_dining_balcony_sofa_01_back2_mesh 1326/1402 | Building BVH
Fra:1 Mem:623.66M (Peak 623.79M) | Time:00:01.15 | Mem:265.52M, Peak:278.15M | Scene, ViewLayer | Updating Geometry BVH fx_lamp_dau_stem_mesh 1188/1402 | Building BVH
Fra:1 Mem:623.66M (Peak 623.79M) | Time:00:01.15 | Mem:265.52M, Peak:278.15M | Scene, ViewLayer | Updating Geometry BVH fx_lamp_dau_head_mesh 1189/1402 | Building BVH
Fra:1 Mem:623.66M (Peak 623.79M) | Time:00:01.15 | Mem:265.52M, Peak:278.15M | Scene, ViewLayer | Updating Geometry BVH fx_lamp_dau_bulb_mesh 1190/1402 | Building BVH
Fra:1 Mem:623.66M (Peak 623.79M) | Time:00:01.15 | Mem:265.52M, Peak:278.15M | Scene, ViewLayer | Updating Geometry BVH fx_lamp_son_base_mesh 1191/1402 | Building BVH
Fra:1 Mem:623.66M (Peak 623.79M) | Time:00:01.15 | Mem:265.52M, Peak:278.15M | Scene, ViewLayer | Updating Geometry BVH fx_lamp_son_stem_mesh 1192/1402 | Building BVH
Fra:1 Mem:623.66M (Peak 623.79M) | Time:00:01.15 | Mem:265.58M, Peak:278.15M | Scene, ViewLayer | Updating Geometry BVH fx_lamp_son_head_mesh 1193/1402 | Building BVH
Fra:1 Mem:623.66M (Peak 623.79M) | Time:00:01.15 | Mem:265.61M, Peak:278.15M | Scene, ViewLayer | Updating Geometry BVH fx_lamp_son_bulb_mesh 1194/1402 | Building BVH
Fra:1 Mem:623.66M (Peak 623.79M) | Time:00:01.15 | Mem:265.65M, Peak:278.15M | Scene, ViewLayer | Updating Geometry BVH f1_grab_v_mesh 1195/1402 | Building BVH
Fra:1 Mem:623.66M (Peak 623.79M) | Time:00:01.15 | Mem:265.65M, Peak:278.15M | Scene, ViewLayer | Updating Geometry BVH f1_fold_seat_mesh 1197/1402 | Building BVH
Fra:1 Mem:623.66M (Peak 623.79M) | Time:00:01.15 | Mem:265.65M, Peak:278.15M | Scene, ViewLayer | Updating Geometry BVH f1_grab_h_mesh 1196/1402 | Building BVH
Fra:1 Mem:623.66M (Peak 623.79M) | Time:00:01.15 | Mem:265.65M, Peak:278.15M | Scene, ViewLayer | Updating Geometry BVH f1_fold_brk_mesh 1198/1402 | Building BVH
Fra:1 Mem:623.66M (Peak 623.79M) | Time:00:01.15 | Mem:265.65M, Peak:278.15M | Scene, ViewLayer | Updating Geometry BVH f1_bar_v_mesh 1199/1402 | Building BVH
Fra:1 Mem:623.66M (Peak 623.79M) | Time:00:01.15 | Mem:265.65M, Peak:278.15M | Scene, ViewLayer | Updating Geometry BVH f1_waterbar_mesh 1200/1402 | Building BVH
Fra:1 Mem:623.66M (Peak 623.79M) | Time:00:01.15 | Mem:265.68M, Peak:278.15M | Scene, ViewLayer | Updating Geometry BVH f1_floorlt0_mesh 1201/1402 | Building BVH
Fra:1 Mem:623.66M (Peak 623.79M) | Time:00:01.15 | Mem:265.68M, Peak:278.15M | Scene, ViewLayer | Updating Geometry BVH f1_floorlt1_mesh 1202/1402 | Building BVH
Fra:1 Mem:623.66M (Peak 623.79M) | Time:00:01.15 | Mem:265.69M, Peak:278.15M | Scene, ViewLayer | Updating Geometry BVH f1_floorlt2_mesh 1203/1402 | Building BVH
Fra:1 Mem:623.66M (Peak 623.79M) | Time:00:01.15 | Mem:265.69M, Peak:278.15M | Scene, ViewLayer | Updating Geometry BVH lt_sun 1204/1402 | Building BVH
Fra:1 Mem:623.66M (Peak 623.79M) | Time:00:01.15 | Mem:265.72M, Peak:278.15M | Scene, ViewLayer | Updating Geometry BVH lt_spot_liv00 1205/1402 | Building BVH
Fra:1 Mem:623.66M (Peak 623.79M) | Time:00:01.15 | Mem:265.73M, Peak:278.15M | Scene, ViewLayer | Updating Geometry BVH lt_spot_liv01 1206/1402 | Building BVH
Fra:1 Mem:623.66M (Peak 623.79M) | Time:00:01.15 | Mem:265.74M, Peak:278.15M | Scene, ViewLayer | Updating Geometry BVH lt_spot_liv02 1207/1402 | Building BVH
Fra:1 Mem:623.66M (Peak 623.79M) | Time:00:01.15 | Mem:265.74M, Peak:278.15M | Scene, ViewLayer | Updating Geometry BVH A_living_dining_balcony_sofa_01_back1_mesh 1325/1402 | Building BVH
Fra:1 Mem:623.66M (Peak 623.79M) | Time:00:01.15 | Mem:265.76M, Peak:278.15M | Scene, ViewLayer | Updating Geometry BVH lt_spot_liv03 1208/1402 | Building BVH
Fra:1 Mem:623.66M (Peak 623.79M) | Time:00:01.15 | Mem:265.75M, Peak:278.15M | Scene, ViewLayer | Updating Geometry BVH lt_spot_liv04 1209/1402 | Building BVH
Fra:1 Mem:623.66M (Peak 623.79M) | Time:00:01.15 | Mem:265.75M, Peak:278.15M | Scene, ViewLayer | Updating Geometry BVH lt_spot_liv06 1211/1402 | Building BVH
Fra:1 Mem:623.66M (Peak 623.79M) | Time:00:01.15 | Mem:265.76M, Peak:278.15M | Scene, ViewLayer | Updating Geometry BVH lt_spot_liv07 1212/1402 | Building BVH
Fra:1 Mem:623.66M (Peak 623.79M) | Time:00:01.15 | Mem:265.82M, Peak:278.15M | Scene, ViewLayer | Updating Geometry BVH lt_spot_liv08 1213/1402 | Building BVH
Fra:1 Mem:623.66M (Peak 623.79M) | Time:00:01.15 | Mem:265.82M, Peak:278.15M | Scene, ViewLayer | Updating Geometry BVH lt_spot_liv09 1214/1402 | Building BVH
Fra:1 Mem:623.66M (Peak 623.79M) | Time:00:01.15 | Mem:265.82M, Peak:278.15M | Scene, ViewLayer | Updating Geometry BVH lt_spot_liv10 1215/1402 | Building BVH
Fra:1 Mem:623.66M (Peak 623.79M) | Time:00:01.15 | Mem:265.82M, Peak:278.15M | Scene, ViewLayer | Updating Geometry BVH lt_spot_liv11 1216/1402 | Building BVH
Fra:1 Mem:623.66M (Peak 623.79M) | Time:00:01.15 | Mem:265.83M, Peak:278.15M | Scene, ViewLayer | Updating Geometry BVH lt_spot_liv12 1217/1402 | Building BVH
Fra:1 Mem:623.66M (Peak 623.79M) | Time:00:01.15 | Mem:265.84M, Peak:278.15M | Scene, ViewLayer | Updating Geometry BVH lt_spot_liv13 1218/1402 | Building BVH
Fra:1 Mem:623.66M (Peak 623.79M) | Time:00:01.15 | Mem:265.83M, Peak:278.15M | Scene, ViewLayer | Updating Geometry BVH lt_spot_liv14 1219/1402 | Building BVH
Fra:1 Mem:623.66M (Peak 623.79M) | Time:00:01.15 | Mem:265.83M, Peak:278.15M | Scene, ViewLayer | Updating Geometry BVH lt_spot_liv15 1220/1402 | Building BVH
Fra:1 Mem:623.66M (Peak 623.79M) | Time:00:01.15 | Mem:265.84M, Peak:278.15M | Scene, ViewLayer | Updating Geometry BVH lt_spot_liv16 1221/1402 | Building BVH
Fra:1 Mem:623.66M (Peak 623.79M) | Time:00:01.15 | Mem:265.87M, Peak:278.15M | Scene, ViewLayer | Updating Geometry BVH lt_spot_room0 1222/1402 | Building BVH
Fra:1 Mem:623.66M (Peak 623.79M) | Time:00:01.15 | Mem:265.87M, Peak:278.15M | Scene, ViewLayer | Updating Geometry BVH lt_spot_room3 1225/1402 | Building BVH
Fra:1 Mem:623.66M (Peak 623.79M) | Time:00:01.15 | Mem:265.88M, Peak:278.15M | Scene, ViewLayer | Updating Geometry BVH lt_spot_room4 1226/1402 | Building BVH
Fra:1 Mem:623.66M (Peak 623.79M) | Time:00:01.15 | Mem:265.89M, Peak:278.15M | Scene, ViewLayer | Updating Geometry BVH lt_spot_room5 1227/1402 | Building BVH
Fra:1 Mem:623.66M (Peak 623.79M) | Time:00:01.15 | Mem:265.90M, Peak:278.15M | Scene, ViewLayer | Updating Geometry BVH lt_spot_room6 1228/1402 | Building BVH
Fra:1 Mem:623.66M (Peak 623.79M) | Time:00:01.15 | Mem:265.92M, Peak:278.15M | Scene, ViewLayer | Updating Geometry BVH lt_spot_room7 1229/1402 | Building BVH
Fra:1 Mem:623.66M (Peak 623.79M) | Time:00:01.15 | Mem:265.95M, Peak:278.15M | Scene, ViewLayer | Updating Geometry BVH lt_spot_room8 1230/1402 | Building BVH
Fra:1 Mem:623.66M (Peak 623.79M) | Time:00:01.15 | Mem:265.95M, Peak:278.15M | Scene, ViewLayer | Updating Geometry BVH lt_spot_room9 1231/1402 | Building BVH
Fra:1 Mem:623.66M (Peak 623.79M) | Time:00:01.15 | Mem:265.96M, Peak:278.15M | Scene, ViewLayer | Updating Geometry BVH lt_spot_room10 1232/1402 | Building BVH
Fra:1 Mem:623.66M (Peak 623.79M) | Time:00:01.15 | Mem:265.96M, Peak:278.15M | Scene, ViewLayer | Updating Geometry BVH lt_spot_room11 1233/1402 | Building BVH
Fra:1 Mem:623.66M (Peak 623.79M) | Time:00:01.15 | Mem:265.96M, Peak:278.15M | Scene, ViewLayer | Updating Geometry BVH lt_spot_room13 1235/1402 | Building BVH
Fra:1 Mem:623.66M (Peak 623.79M) | Time:00:01.15 | Mem:265.96M, Peak:278.15M | Scene, ViewLayer | Updating Geometry BVH lt_ceiling_master 1236/1402 | Building BVH
Fra:1 Mem:623.66M (Peak 623.79M) | Time:00:01.15 | Mem:265.96M, Peak:278.15M | Scene, ViewLayer | Updating Geometry BVH lt_ceiling_parents 1237/1402 | Building BVH
Fra:1 Mem:623.66M (Peak 623.79M) | Time:00:01.15 | Mem:265.97M, Peak:278.15M | Scene, ViewLayer | Updating Geometry BVH lt_ceiling_daughter 1238/1402 | Building BVH
Fra:1 Mem:623.66M (Peak 623.79M) | Time:00:01.15 | Mem:265.97M, Peak:278.15M | Scene, ViewLayer | Updating Geometry BVH lt_ceiling_son 1239/1402 | Building BVH
Fra:1 Mem:623.66M (Peak 623.79M) | Time:00:01.15 | Mem:265.98M, Peak:278.15M | Scene, ViewLayer | Updating Geometry BVH lt_wall0 1240/1402 | Building BVH
Fra:1 Mem:623.66M (Peak 623.79M) | Time:00:01.15 | Mem:265.98M, Peak:278.15M | Scene, ViewLayer | Updating Geometry BVH lt_wall1 1241/1402 | Building BVH
Fra:1 Mem:623.66M (Peak 623.79M) | Time:00:01.15 | Mem:266.00M, Peak:278.15M | Scene, ViewLayer | Updating Geometry BVH lt_wall2 1242/1402 | Building BVH
Fra:1 Mem:623.66M (Peak 623.79M) | Time:00:01.15 | Mem:266.00M, Peak:278.15M | Scene, ViewLayer | Updating Geometry BVH lt_wall3 1243/1402 | Building BVH
Fra:1 Mem:623.66M (Peak 623.79M) | Time:00:01.15 | Mem:266.00M, Peak:278.15M | Scene, ViewLayer | Updating Geometry BVH lt_strip_S_mesh 1244/1402 | Building BVH
Fra:1 Mem:623.66M (Peak 623.79M) | Time:00:01.15 | Mem:266.02M, Peak:278.15M | Scene, ViewLayer | Updating Geometry BVH lt_strip_N_mesh 1245/1402 | Building BVH
Fra:1 Mem:623.66M (Peak 623.79M) | Time:00:01.15 | Mem:266.02M, Peak:278.15M | Scene, ViewLayer | Updating Geometry BVH lt_strip_W_mesh 1246/1402 | Building BVH
Fra:1 Mem:623.66M (Peak 623.79M) | Time:00:01.15 | Mem:266.04M, Peak:278.15M | Scene, ViewLayer | Updating Geometry BVH lt_strip_E_mesh 1247/1402 | Building BVH
Fra:1 Mem:623.66M (Peak 623.79M) | Time:00:01.15 | Mem:266.06M, Peak:278.15M | Scene, ViewLayer | Updating Geometry BVH lt_strip_kc1_mesh 1248/1402 | Building BVH
Fra:1 Mem:623.66M (Peak 623.79M) | Time:00:01.15 | Mem:266.09M, Peak:278.15M | Scene, ViewLayer | Updating Geometry BVH lt_strip_kc2_mesh 1249/1402 | Building BVH
Fra:1 Mem:623.66M (Peak 623.79M) | Time:00:01.15 | Mem:266.09M, Peak:278.15M | Scene, ViewLayer | Updating Geometry BVH lt_strip_fyb_mesh 1250/1402 | Building BVH
Fra:1 Mem:623.66M (Peak 623.79M) | Time:00:01.15 | Mem:266.10M, Peak:278.15M | Scene, ViewLayer | Updating Geometry BVH lt_strip_fyn_mesh 1251/1402 | Building BVH
Fra:1 Mem:623.66M (Peak 623.79M) | Time:00:01.15 | Mem:266.12M, Peak:278.15M | Scene, ViewLayer | Updating Geometry BVH lt_strip_bc_mesh 1252/1402 | Building BVH
Fra:1 Mem:623.66M (Peak 623.79M) | Time:00:01.15 | Mem:266.14M, Peak:278.15M | Scene, ViewLayer | Updating Geometry BVH lt_strip_bcg_mesh 1253/1402 | Building BVH
Fra:1 Mem:623.66M (Peak 623.79M) | Time:00:01.15 | Mem:266.15M, Peak:278.15M | Scene, ViewLayer | Updating Geometry BVH lt_strip_mb_mesh 1254/1402 | Building BVH
Fra:1 Mem:623.66M (Peak 623.79M) | Time:00:01.15 | Mem:266.15M, Peak:278.15M | Scene, ViewLayer | Updating Geometry BVH lt_strip_cb_mesh 1255/1402 | Building BVH
Fra:1 Mem:623.66M (Peak 623.79M) | Time:00:01.15 | Mem:266.15M, Peak:278.15M | Scene, ViewLayer | Updating Geometry BVH lt_strip_dt_mesh 1256/1402 | Building BVH
Fra:1 Mem:623.66M (Peak 623.79M) | Time:00:01.15 | Mem:266.15M, Peak:278.15M | Scene, ViewLayer | Updating Geometry BVH A_living_dining_balcony_sofa_01_back0_mesh 1324/1402 | Building BVH
Fra:1 Mem:623.66M (Peak 623.79M) | Time:00:01.15 | Mem:266.15M, Peak:278.15M | Scene, ViewLayer | Updating Geometry BVH lt_fill_pbath 1259/1402 | Building BVH
Fra:1 Mem:623.66M (Peak 623.79M) | Time:00:01.15 | Mem:266.16M, Peak:278.15M | Scene, ViewLayer | Updating Geometry BVH lt_fill_master 1261/1402 | Building BVH
Fra:1 Mem:623.66M (Peak 623.79M) | Time:00:01.15 | Mem:266.16M, Peak:278.15M | Scene, ViewLayer | Updating Geometry BVH lt_fill_corridor 1262/1402 | Building BVH
Fra:1 Mem:623.66M (Peak 623.79M) | Time:00:01.15 | Mem:266.16M, Peak:278.15M | Scene, ViewLayer | Updating Geometry BVH A_living_dining_balcony_island_01_sideW_mesh 1263/1402 | Building BVH
Fra:1 Mem:623.66M (Peak 623.79M) | Time:00:01.15 | Mem:266.20M, Peak:278.15M | Scene, ViewLayer | Updating Geometry BVH A_living_dining_balcony_island_01_sideE_mesh 1264/1402 | Building BVH
Fra:1 Mem:623.66M (Peak 623.79M) | Time:00:01.15 | Mem:266.21M, Peak:278.15M | Scene, ViewLayer | Updating Geometry BVH A_living_dining_balcony_island_01_backN_mesh 1265/1402 | Building BVH
Fra:1 Mem:623.66M (Peak 623.79M) | Time:00:01.15 | Mem:266.22M, Peak:278.15M | Scene, ViewLayer | Updating Geometry BVH A_living_dining_balcony_island_01_base_mesh 1266/1402 | Building BVH
Fra:1 Mem:623.66M (Peak 623.79M) | Time:00:01.15 | Mem:266.27M, Peak:278.15M | Scene, ViewLayer | Updating Geometry BVH A_living_dining_balcony_island_01_oven_mesh 1267/1402 | Building BVH
Fra:1 Mem:623.66M (Peak 623.79M) | Time:00:01.15 | Mem:266.28M, Peak:278.15M | Scene, ViewLayer | Updating Geometry BVH A_living_dining_balcony_island_01_drw_gapbg_mesh 1268/1402 | Building BVH
Fra:1 Mem:623.66M (Peak 623.79M) | Time:00:01.15 | Mem:266.28M, Peak:278.15M | Scene, ViewLayer | Updating Geometry BVH A_living_dining_balcony_island_01_drw_f0_mesh 1269/1402 | Building BVH
Fra:1 Mem:623.66M (Peak 623.79M) | Time:00:01.15 | Mem:266.31M, Peak:278.15M | Scene, ViewLayer | Updating Geometry BVH A_living_dining_balcony_island_01_drw_p0_mesh 1270/1402 | Building BVH
Fra:1 Mem:623.66M (Peak 623.79M) | Time:00:01.15 | Mem:266.32M, Peak:278.15M | Scene, ViewLayer | Updating Geometry BVH A_living_dining_balcony_island_01_niche_mesh 1271/1402 | Building BVH
Fra:1 Mem:623.66M (Peak 623.79M) | Time:00:01.15 | Mem:266.32M, Peak:278.15M | Scene, ViewLayer | Updating Geometry BVH A_living_dining_balcony_island_01_top_mesh 1274/1402 | Building BVH
Fra:1 Mem:623.66M (Peak 623.79M) | Time:00:01.15 | Mem:266.33M, Peak:278.15M | Scene, ViewLayer | Updating Geometry BVH A_living_dining_balcony_tv_cabinet_01_body_mesh 1275/1402 | Building BVH
Fra:1 Mem:623.66M (Peak 623.79M) | Time:00:01.15 | Mem:266.35M, Peak:278.15M | Scene, ViewLayer | Updating Geometry BVH A_living_dining_balcony_sofa_01_leg3_mesh 1323/1402 | Building BVH
Fra:1 Mem:623.66M (Peak 623.79M) | Time:00:01.15 | Mem:266.38M, Peak:278.15M | Scene, ViewLayer | Updating Geometry BVH A_living_dining_balcony_tv_cabinet_01_door_gapbg_mesh 1276/1402 | Building BVH
Fra:1 Mem:623.66M (Peak 623.79M) | Time:00:01.15 | Mem:266.38M, Peak:278.15M | Scene, ViewLayer | Updating Geometry BVH A_living_dining_balcony_tv_cabinet_01_door_f0_mesh 1277/1402 | Building BVH
Fra:1 Mem:623.66M (Peak 623.79M) | Time:00:01.15 | Mem:266.38M, Peak:278.15M | Scene, ViewLayer | Updating Geometry BVH A_living_dining_balcony_tv_cabinet_01_door_f1_mesh 1278/1402 | Building BVH
Fra:1 Mem:623.66M (Peak 623.79M) | Time:00:01.15 | Mem:266.41M, Peak:278.15M | Scene, ViewLayer | Updating Geometry BVH A_living_dining_balcony_tv_cabinet_01_door_f2_mesh 1279/1402 | Building BVH
Fra:1 Mem:623.66M (Peak 623.79M) | Time:00:01.15 | Mem:266.44M, Peak:278.15M | Scene, ViewLayer | Updating Geometry BVH A_living_dining_balcony_tv_cabinet_01_door_f3_mesh 1280/1402 | Building BVH
Fra:1 Mem:623.66M (Peak 623.79M) | Time:00:01.15 | Mem:266.45M, Peak:278.15M | Scene, ViewLayer | Updating Geometry BVH A_living_dining_balcony_tv_cabinet_01_door_f4_mesh 1281/1402 | Building BVH
Fra:1 Mem:623.66M (Peak 623.79M) | Time:00:01.15 | Mem:266.45M, Peak:278.15M | Scene, ViewLayer | Updating Geometry BVH A_living_dining_balcony_pendant_lamp_01_rod_mesh 1282/1402 | Building BVH
Fra:1 Mem:623.66M (Peak 623.79M) | Time:00:01.15 | Mem:266.45M, Peak:278.15M | Scene, ViewLayer | Updating Geometry BVH A_living_dining_balcony_pendant_lamp_01_ globe_mesh 1283/1402 | Building BVH
Fra:1 Mem:623.66M (Peak 623.79M) | Time:00:01.15 | Mem:266.47M, Peak:278.15M | Scene, ViewLayer | Updating Geometry BVH A_living_dining_balcony_island_02_top_mesh 1284/1402 | Building BVH
Fra:1 Mem:623.66M (Peak 623.79M) | Time:00:01.15 | Mem:266.53M, Peak:278.15M | Scene, ViewLayer | Updating Geometry BVH A_living_dining_balcony_island_02_leg0_mesh 1285/1402 | Building BVH
Fra:1 Mem:623.66M (Peak 623.79M) | Time:00:01.15 | Mem:266.54M, Peak:278.15M | Scene, ViewLayer | Updating Geometry BVH A_living_dining_balcony_island_02_leg2_mesh 1287/1402 | Building BVH
Fra:1 Mem:623.66M (Peak 623.79M) | Time:00:01.15 | Mem:266.66M, Peak:278.15M | Scene, ViewLayer | Updating Geometry BVH A_living_dining_balcony_island_02_leg3_mesh 1288/1402 | Building BVH
Fra:1 Mem:623.66M (Peak 623.79M) | Time:00:01.15 | Mem:266.66M, Peak:278.15M | Scene, ViewLayer | Updating Geometry BVH A_living_dining_balcony_pendant_lamp_02_rod_mesh 1289/1402 | Building BVH
Fra:1 Mem:623.66M (Peak 623.79M) | Time:00:01.15 | Mem:266.67M, Peak:278.15M | Scene, ViewLayer | Updating Geometry BVH A_living_dining_balcony_pendant_lamp_02_ globe_mesh 1290/1402 | Building BVH
Fra:1 Mem:623.66M (Peak 623.79M) | Time:00:01.15 | Mem:266.66M, Peak:278.15M | Scene, ViewLayer | Updating Geometry BVH A_living_dining_balcony_dining_chair_01_back1_mesh 1293/1402 | Building BVH
Fra:1 Mem:623.66M (Peak 623.79M) | Time:00:01.15 | Mem:266.66M, Peak:278.15M | Scene, ViewLayer | Updating Geometry BVH A_living_dining_balcony_dining_chair_01_leg01_mesh.001 1295/1402 | Building BVH
Fra:1 Mem:623.66M (Peak 623.79M) | Time:00:01.15 | Mem:266.68M, Peak:278.15M | Scene, ViewLayer | Updating Geometry BVH A_living_dining_balcony_sofa_01_leg2_mesh 1322/1402 | Building BVH
Fra:1 Mem:623.66M (Peak 623.79M) | Time:00:01.15 | Mem:266.71M, Peak:278.15M | Scene, ViewLayer | Updating Geometry BVH A_living_dining_balcony_dining_chair_01_leg11_mesh 1296/1402 | Building BVH
Fra:1 Mem:623.66M (Peak 623.79M) | Time:00:01.15 | Mem:266.77M, Peak:278.15M | Scene, ViewLayer | Updating Geometry BVH A_living_dining_balcony_dining_chair_01_leg11_mesh.001 1297/1402 | Building BVH
Fra:1 Mem:623.66M (Peak 623.79M) | Time:00:01.15 | Mem:266.85M, Peak:278.15M | Scene, ViewLayer | Updating Geometry BVH A_living_dining_balcony_dining_chair_02_seat_mesh 1298/1402 | Building BVH
Fra:1 Mem:623.66M (Peak 623.79M) | Time:00:01.15 | Mem:266.90M, Peak:278.15M | Scene, ViewLayer | Updating Geometry BVH A_living_dining_balcony_dining_chair_02_back0_mesh 1299/1402 | Building BVH
Fra:1 Mem:623.66M (Peak 623.79M) | Time:00:01.15 | Mem:266.90M, Peak:278.15M | Scene, ViewLayer | Updating Geometry BVH A_living_dining_balcony_dining_chair_02_back1_mesh 1300/1402 | Building BVH
Fra:1 Mem:623.66M (Peak 623.79M) | Time:00:01.15 | Mem:266.91M, Peak:278.15M | Scene, ViewLayer | Updating Geometry BVH A_living_dining_balcony_dining_chair_02_leg01_mesh 1301/1402 | Building BVH
Fra:1 Mem:623.66M (Peak 623.79M) | Time:00:01.15 | Mem:266.89M, Peak:278.15M | Scene, ViewLayer | Updating Geometry BVH A_living_dining_balcony_dining_chair_02_leg01_mesh.001 1302/1402 | Building BVH
Fra:1 Mem:623.66M (Peak 623.79M) | Time:00:01.15 | Mem:266.90M, Peak:278.15M | Scene, ViewLayer | Updating Geometry BVH A_living_dining_balcony_dining_chair_02_leg11_mesh 1303/1402 | Building BVH
Fra:1 Mem:623.66M (Peak 623.79M) | Time:00:01.15 | Mem:266.90M, Peak:278.15M | Scene, ViewLayer | Updating Geometry BVH A_living_dining_balcony_dining_chair_03_seat_mesh 1305/1402 | Building BVH
Fra:1 Mem:623.66M (Peak 623.79M) | Time:00:01.15 | Mem:266.92M, Peak:278.15M | Scene, ViewLayer | Updating Geometry BVH A_living_dining_balcony_dining_chair_03_back1_mesh 1307/1402 | Building BVH
Fra:1 Mem:623.66M (Peak 623.79M) | Time:00:01.15 | Mem:266.93M, Peak:278.15M | Scene, ViewLayer | Updating Geometry BVH A_living_dining_balcony_dining_chair_03_leg01_mesh 1308/1402 | Building BVH
Fra:1 Mem:623.66M (Peak 623.79M) | Time:00:01.15 | Mem:266.99M, Peak:278.15M | Scene, ViewLayer | Updating Geometry BVH A_living_dining_balcony_dining_chair_03_leg01_mesh.001 1309/1402 | Building BVH
Fra:1 Mem:623.66M (Peak 623.79M) | Time:00:01.15 | Mem:267.02M, Peak:278.15M | Scene, ViewLayer | Updating Geometry BVH A_living_dining_balcony_dining_chair_03_leg11_mesh 1310/1402 | Building BVH
Fra:1 Mem:623.66M (Peak 623.79M) | Time:00:01.16 | Mem:267.06M, Peak:278.15M | Scene, ViewLayer | Updating Geometry BVH A_living_dining_balcony_dining_chair_03_leg11_mesh.001 1311/1402 | Building BVH
Fra:1 Mem:623.66M (Peak 623.79M) | Time:00:01.16 | Mem:267.06M, Peak:278.15M | Scene, ViewLayer | Updating Geometry BVH A_living_dining_balcony_dining_chair_04_seat_mesh 1312/1402 | Building BVH
Fra:1 Mem:623.66M (Peak 623.79M) | Time:00:01.16 | Mem:267.07M, Peak:278.15M | Scene, ViewLayer | Updating Geometry BVH A_living_dining_balcony_dining_chair_04_back0_mesh 1313/1402 | Building BVH
Fra:1 Mem:623.66M (Peak 623.79M) | Time:00:01.16 | Mem:267.08M, Peak:278.15M | Scene, ViewLayer | Updating Geometry BVH A_living_dining_balcony_dining_chair_04_back1_mesh 1314/1402 | Building BVH
Fra:1 Mem:623.66M (Peak 623.79M) | Time:00:01.16 | Mem:267.08M, Peak:278.15M | Scene, ViewLayer | Updating Geometry BVH A_living_dining_balcony_dining_chair_04_leg01_mesh 1315/1402 | Building BVH
Fra:1 Mem:623.66M (Peak 623.79M) | Time:00:01.16 | Mem:267.08M, Peak:278.15M | Scene, ViewLayer | Updating Geometry BVH A_living_dining_balcony_dining_chair_04_leg11_mesh 1317/1402 | Building BVH
Fra:1 Mem:623.66M (Peak 623.79M) | Time:00:01.16 | Mem:267.10M, Peak:278.15M | Scene, ViewLayer | Updating Geometry BVH A_living_dining_balcony_sofa_01_base_mesh 1319/1402 | Building BVH
Fra:1 Mem:623.66M (Peak 623.79M) | Time:00:01.16 | Mem:267.11M, Peak:278.15M | Scene, ViewLayer | Updating Geometry BVH A_living_dining_balcony_sofa_01_leg0_mesh 1320/1402 | Building BVH
Fra:1 Mem:623.66M (Peak 623.79M) | Time:00:01.16 | Mem:267.11M, Peak:278.15M | Scene, ViewLayer | Updating Geometry BVH A_living_dining_balcony_sofa_01_leg1_mesh 1321/1402 | Building BVH
Fra:1 Mem:623.66M (Peak 623.79M) | Time:00:01.16 | Mem:267.19M, Peak:278.15M | Scene, ViewLayer | Updating Scene BVH | Building
Fra:1 Mem:623.68M (Peak 623.79M) | Time:00:01.16 | Mem:267.19M, Peak:278.15M | Scene, ViewLayer | Updating Scene BVH | Building BVH
Fra:1 Mem:623.68M (Peak 623.79M) | Time:00:01.29 | Mem:272.43M, Peak:278.15M | Scene, ViewLayer | Updating Scene BVH | Copying BVH to device
Fra:1 Mem:623.68M (Peak 623.79M) | Time:00:01.29 | Mem:272.43M, Peak:278.15M | Scene, ViewLayer | Updating Mesh | Computing normals
Fra:1 Mem:674.23M (Peak 674.23M) | Time:00:01.30 | Mem:272.43M, Peak:278.15M | Scene, ViewLayer | Updating Mesh | Copying Mesh to device
Fra:1 Mem:674.23M (Peak 674.23M) | Time:00:01.31 | Mem:322.98M, Peak:322.98M | Scene, ViewLayer | Updating Objects Flags
Fra:1 Mem:674.23M (Peak 674.23M) | Time:00:01.31 | Mem:322.99M, Peak:322.99M | Scene, ViewLayer | Updating Primitive Offsets
Fra:1 Mem:674.23M (Peak 674.23M) | Time:00:01.31 | Mem:323.00M, Peak:323.00M | Scene, ViewLayer | Updating Images
Fra:1 Mem:674.23M (Peak 674.23M) | Time:00:01.31 | Mem:323.00M, Peak:323.00M | Scene, ViewLayer | Updating Images | Loading walnut3_nor_gl_2k.jpg
Fra:1 Mem:674.23M (Peak 674.23M) | Time:00:01.31 | Mem:323.00M, Peak:323.00M | Scene, ViewLayer | Updating Images | Loading kloofendal_48d_partly_cloudy_puresky_4k.hdr
Fra:1 Mem:690.23M (Peak 690.23M) | Time:00:01.31 | Mem:323.00M, Peak:323.00M | Scene, ViewLayer | Updating Images | Loading walnut3_rough_2k.jpg
Fra:1 Mem:838.23M (Peak 838.23M) | Time:00:01.51 | Mem:487.00M, Peak:487.00M | Scene, ViewLayer | Updating Camera Volume
Fra:1 Mem:838.23M (Peak 838.23M) | Time:00:01.51 | Mem:487.00M, Peak:487.00M | Scene, ViewLayer | Updating Lookup Tables
Fra:1 Mem:838.23M (Peak 838.23M) | Time:00:01.51 | Mem:487.08M, Peak:487.08M | Scene, ViewLayer | Updating Lights
Fra:1 Mem:838.24M (Peak 838.24M) | Time:00:01.51 | Mem:487.08M, Peak:487.08M | Scene, ViewLayer | Updating Lights | Importance map
Fra:1 Mem:902.27M (Peak 1190.24M) | Time:00:01.95 | Mem:551.12M, Peak:711.08M | Scene, ViewLayer | Updating Lights | Computing tree
Fra:1 Mem:903.34M (Peak 1190.24M) | Time:00:01.96 | Mem:552.18M, Peak:711.08M | Scene, ViewLayer | Updating Integrator
Fra:1 Mem:903.34M (Peak 1190.24M) | Time:00:01.96 | Mem:552.18M, Peak:711.08M | Scene, ViewLayer | Updating Film
Fra:1 Mem:903.34M (Peak 1190.24M) | Time:00:01.96 | Mem:552.10M, Peak:711.08M | Scene, ViewLayer | Updating Lookup Tables
Fra:1 Mem:903.34M (Peak 1190.24M) | Time:00:01.96 | Mem:552.19M, Peak:711.08M | Scene, ViewLayer | Updating Baking
Fra:1 Mem:903.34M (Peak 1190.24M) | Time:00:01.96 | Mem:552.19M, Peak:711.08M | Scene, ViewLayer | Updating Device | Writing constant memory
Fra:1 Mem:903.37M (Peak 1190.24M) | Time:00:01.96 | Mem:552.19M, Peak:711.08M | Scene, ViewLayer | Loading denoising kernels (may take a few minutes the first time)
Fra:1 Mem:907.42M (Peak 1190.24M) | Time:00:02.00 | Mem:904.24M, Peak:904.24M | Scene, ViewLayer | Sample 0/64
Fra:1 Mem:945.00M (Peak 1190.24M) | Time:00:02.32 | Remaining:00:20.12 | Mem:941.82M, Peak:941.82M | Scene, ViewLayer | Sample 1/64
Fra:1 Mem:945.01M (Peak 1190.24M) | Time:00:15.82 | Remaining:00:04.60 | Mem:941.82M, Peak:941.82M | Scene, ViewLayer | Sample 48/64
Fra:1 Mem:960.83M (Peak 1190.24M) | Time:00:22.20 | Mem:941.82M, Peak:941.82M | Scene, ViewLayer | Sample 64/64
Fra:1 Mem:960.83M (Peak 1190.24M) | Time:00:22.20 | Mem:941.82M, Peak:941.82M | Scene, ViewLayer | Finished
Saved: 'D:\ClaudeCodeProject2026\jiangyu-render\renders\preview\13_master_wardrobe_vanity.png'
Time: 00:22.42 (Saving: 00:00.08)

BlenderMCP addon registered
[render] preset=preview device=GPU look=AgX - Base Contrast
[render] saved D:\ClaudeCodeProject2026\jiangyu-render\renders\preview\12_master_bed_screen.png (21.6s, exp=1.75)
[render] size OK 960x540 12_master_bed_screen.png
[render] saved D:\ClaudeCodeProject2026\jiangyu-render\renders\preview\13_master_wardrobe_vanity.png (22.5s, exp=2.30)
[render] size OK 960x540 13_master_wardrobe_vanity.png
BlenderMCP addon unregistered

Blender quit
