Blender 4.5.10 LTS (hash 6dc0b208d1b5 built 2026-05-19 01:33:42)
Read blend: "D:\ClaudeCodeProject2026\jiangyu-render\blend\jiangyu.blend"
Fra:1 Mem:264.47M (Peak 268.59M) | Time:00:00.11 | Mem:0.00M, Peak:0.00M | Scene, ViewLayer | Synchronizing object | ceil_living_r1S
Fra:1 Mem:264.47M (Peak 268.59M) | Time:00:00.11 | Mem:0.00M, Peak:0.00M | Scene, ViewLayer | Synchronizing object | ceil_daughter_room_slab
Fra:1 Mem:264.47M (Peak 268.59M) | Time:00:00.11 | Mem:0.00M, Peak:0.00M | Scene, ViewLayer | Synchronizing object | ceil_son_ac
Fra:1 Mem:264.47M (Peak 268.59M) | Time:00:00.11 | Mem:0.00M, Peak:0.00M | Scene, ViewLayer | Synchronizing object | ceil_public_bath_wet_fill
Fra:1 Mem:264.51M (Peak 268.59M) | Time:00:00.11 | Mem:0.00M, Peak:0.00M | Scene, ViewLayer | Synchronizing object | ceil_corridor_fill
Fra:1 Mem:264.51M (Peak 268.59M) | Time:00:00.11 | Mem:0.00M, Peak:0.00M | Scene, ViewLayer | Synchronizing object | ceil_elevator_hall_fill
Fra:1 Mem:264.52M (Peak 268.59M) | Time:00:00.11 | Mem:0.00M, Peak:0.00M | Scene, ViewLayer | Synchronizing object | fx_ceiling_parents_room
Fra:1 Mem:264.53M (Peak 268.59M) | Time:00:00.11 | Mem:0.00M, Peak:0.00M | Scene, ViewLayer | Synchronizing object | fx_ceiling_daughter_room
Fra:1 Mem:264.53M (Peak 268.59M) | Time:00:00.11 | Mem:0.00M, Peak:0.00M | Scene, ViewLayer | Synchronizing object | fx_spot_living00_r
Fra:1 Mem:264.54M (Peak 268.59M) | Time:00:00.11 | Mem:0.00M, Peak:0.00M | Scene, ViewLayer | Synchronizing object | fx_spot_living01
Fra:1 Mem:264.54M (Peak 268.59M) | Time:00:00.11 | Mem:0.00M, Peak:0.00M | Scene, ViewLayer | Synchronizing object | fx_spot_living01_r
Fra:1 Mem:264.55M (Peak 268.59M) | Time:00:00.11 | Mem:0.00M, Peak:0.00M | Scene, ViewLayer | Synchronizing object | fx_spot_living02
Fra:1 Mem:264.55M (Peak 268.59M) | Time:00:00.11 | Mem:0.00M, Peak:0.00M | Scene, ViewLayer | Synchronizing object | fx_spot_living03
Fra:1 Mem:264.56M (Peak 268.59M) | Time:00:00.11 | Mem:0.00M, Peak:0.00M | Scene, ViewLayer | Synchronizing object | fx_spot_living03_r
Fra:1 Mem:264.57M (Peak 268.59M) | Time:00:00.11 | Mem:0.00M, Peak:0.00M | Scene, ViewLayer | Synchronizing object | fx_spot_living05
Fra:1 Mem:264.57M (Peak 268.59M) | Time:00:00.11 | Mem:0.00M, Peak:0.00M | Scene, ViewLayer | Synchronizing object | fx_spot_living06
Fra:1 Mem:264.58M (Peak 268.59M) | Time:00:00.11 | Mem:0.00M, Peak:0.00M | Scene, ViewLayer | Synchronizing object | fx_spot_living06_r
Fra:1 Mem:264.58M (Peak 268.59M) | Time:00:00.11 | Mem:0.00M, Peak:0.00M | Scene, ViewLayer | Synchronizing object | fx_spot_living07_r
Fra:1 Mem:264.59M (Peak 268.59M) | Time:00:00.11 | Mem:0.00M, Peak:0.00M | Scene, ViewLayer | Synchronizing object | fx_spot_living08
Fra:1 Mem:264.59M (Peak 268.59M) | Time:00:00.11 | Mem:0.00M, Peak:0.00M | Scene, ViewLayer | Synchronizing object | fx_spot_living08_r
Fra:1 Mem:264.60M (Peak 268.59M) | Time:00:00.11 | Mem:0.00M, Peak:0.00M | Scene, ViewLayer | Synchronizing object | fx_spot_living09
Fra:1 Mem:264.60M (Peak 268.59M) | Time:00:00.11 | Mem:0.00M, Peak:0.00M | Scene, ViewLayer | Synchronizing object | fx_spot_living09_r
Fra:1 Mem:264.62M (Peak 268.59M) | Time:00:00.11 | Mem:0.00M, Peak:0.00M | Scene, ViewLayer | Synchronizing object | fx_spot_living10
Fra:1 Mem:264.61M (Peak 268.59M) | Time:00:00.11 | Mem:0.00M, Peak:0.00M | Scene, ViewLayer | Synchronizing object | fx_spot_living11
Fra:1 Mem:264.61M (Peak 268.59M) | Time:00:00.11 | Mem:0.00M, Peak:0.00M | Scene, ViewLayer | Synchronizing object | fx_spot_living11_r
Fra:1 Mem:264.62M (Peak 268.59M) | Time:00:00.11 | Mem:0.00M, Peak:0.00M | Scene, ViewLayer | Synchronizing object | fx_spot_living12
Fra:1 Mem:264.65M (Peak 268.59M) | Time:00:00.11 | Mem:0.00M, Peak:0.00M | Scene, ViewLayer | Synchronizing object | fx_spot_living12_r
Fra:1 Mem:264.65M (Peak 268.59M) | Time:00:00.11 | Mem:0.00M, Peak:0.00M | Scene, ViewLayer | Synchronizing object | fx_spot_living13_r
Fra:1 Mem:264.65M (Peak 268.59M) | Time:00:00.11 | Mem:0.00M, Peak:0.00M | Scene, ViewLayer | Synchronizing object | fx_spot_living14_r
Fra:1 Mem:264.66M (Peak 268.59M) | Time:00:00.11 | Mem:0.00M, Peak:0.00M | Scene, ViewLayer | Synchronizing object | fx_spot_living15
Fra:1 Mem:264.67M (Peak 268.59M) | Time:00:00.11 | Mem:0.00M, Peak:0.00M | Scene, ViewLayer | Synchronizing object | fx_spot_living16
Fra:1 Mem:264.69M (Peak 268.59M) | Time:00:00.11 | Mem:0.00M, Peak:0.00M | Scene, ViewLayer | Synchronizing object | fx_spot_living16_r
Fra:1 Mem:264.71M (Peak 268.59M) | Time:00:00.11 | Mem:0.00M, Peak:0.00M | Scene, ViewLayer | Synchronizing object | fx_spot_room0
Fra:1 Mem:264.71M (Peak 268.59M) | Time:00:00.11 | Mem:0.00M, Peak:0.00M | Scene, ViewLayer | Synchronizing object | fx_spot_room4
Fra:1 Mem:264.72M (Peak 268.59M) | Time:00:00.11 | Mem:0.00M, Peak:0.00M | Scene, ViewLayer | Synchronizing object | fx_spot_room5
Fra:1 Mem:264.73M (Peak 268.59M) | Time:00:00.11 | Mem:0.00M, Peak:0.00M | Scene, ViewLayer | Synchronizing object | fx_spot_room6
Fra:1 Mem:264.74M (Peak 268.59M) | Time:00:00.11 | Mem:0.00M, Peak:0.00M | Scene, ViewLayer | Synchronizing object | fx_spot_room7
Fra:1 Mem:264.76M (Peak 268.59M) | Time:00:00.11 | Mem:0.00M, Peak:0.00M | Scene, ViewLayer | Synchronizing object | out_path_s
Fra:1 Mem:264.76M (Peak 268.59M) | Time:00:00.11 | Mem:0.00M, Peak:0.00M | Scene, ViewLayer | Synchronizing object | out_path_n
Fra:1 Mem:264.76M (Peak 268.59M) | Time:00:00.11 | Mem:0.00M, Peak:0.00M | Scene, ViewLayer | Synchronizing object | jacaranda_tree_LOD0.001
Fra:1 Mem:264.77M (Peak 268.59M) | Time:00:00.11 | Mem:0.00M, Peak:0.00M | Scene, ViewLayer | Synchronizing object | tree_small_02_LOD0.001
Fra:1 Mem:264.77M (Peak 268.59M) | Time:00:00.11 | Mem:0.00M, Peak:0.00M | Scene, ViewLayer | Synchronizing object | out_bldg_s
Fra:1 Mem:268.01M (Peak 268.59M) | Time:00:00.11 | Mem:0.00M, Peak:0.00M | Scene, ViewLayer | Synchronizing object | out_bldg_n
Fra:1 Mem:268.02M (Peak 268.59M) | Time:00:00.11 | Mem:0.00M, Peak:0.00M | Scene, ViewLayer | Synchronizing object | floor_living_dining_balcony
Fra:1 Mem:268.03M (Peak 268.59M) | Time:00:00.11 | Mem:0.00M, Peak:0.00M | Scene, ViewLayer | Synchronizing object | floor_kitchen
Fra:1 Mem:268.03M (Peak 268.59M) | Time:00:00.11 | Mem:0.00M, Peak:0.00M | Scene, ViewLayer | Synchronizing object | floor_daughter_room
Fra:1 Mem:268.06M (Peak 268.59M) | Time:00:00.11 | Mem:0.00M, Peak:0.00M | Scene, ViewLayer | Synchronizing object | floor_public_bath_wet
Fra:1 Mem:268.07M (Peak 268.59M) | Time:00:00.11 | Mem:0.00M, Peak:0.00M | Scene, ViewLayer | Synchronizing object | floor_corridor_0
Fra:1 Mem:268.08M (Peak 268.59M) | Time:00:00.11 | Mem:0.00M, Peak:0.00M | Scene, ViewLayer | Synchronizing object | floor_corridor_1
Fra:1 Mem:268.08M (Peak 268.59M) | Time:00:00.11 | Mem:0.00M, Peak:0.00M | Scene, ViewLayer | Synchronizing object | floor_son_room
Fra:1 Mem:268.08M (Peak 268.59M) | Time:00:00.11 | Mem:0.00M, Peak:0.00M | Scene, ViewLayer | Synchronizing object | W01_s00
Fra:1 Mem:268.09M (Peak 268.59M) | Time:00:00.11 | Mem:0.00M, Peak:0.00M | Scene, ViewLayer | Synchronizing object | W01_s02
Fra:1 Mem:268.98M (Peak 268.98M) | Time:00:00.11 | Mem:0.00M, Peak:0.00M | Scene, ViewLayer | Synchronizing object | W01_s03
Fra:1 Mem:268.99M (Peak 268.99M) | Time:00:00.11 | Mem:0.00M, Peak:0.00M | Scene, ViewLayer | Synchronizing object | W02_s01
Fra:1 Mem:268.99M (Peak 268.99M) | Time:00:00.11 | Mem:0.00M, Peak:0.00M | Scene, ViewLayer | Synchronizing object | W02_s02
Fra:1 Mem:269.01M (Peak 269.01M) | Time:00:00.11 | Mem:0.00M, Peak:0.00M | Scene, ViewLayer | Synchronizing object | W02_s03
Fra:1 Mem:269.00M (Peak 269.01M) | Time:00:00.11 | Mem:0.00M, Peak:0.00M | Scene, ViewLayer | Synchronizing object | W04_s00
Fra:1 Mem:269.01M (Peak 269.01M) | Time:00:00.11 | Mem:0.00M, Peak:0.00M | Scene, ViewLayer | Synchronizing object | W05_s00
Fra:1 Mem:269.01M (Peak 269.01M) | Time:00:00.11 | Mem:0.00M, Peak:0.00M | Scene, ViewLayer | Synchronizing object | W05_s01
Fra:1 Mem:269.01M (Peak 269.01M) | Time:00:00.11 | Mem:0.00M, Peak:0.00M | Scene, ViewLayer | Synchronizing object | W05_s03
Fra:1 Mem:269.01M (Peak 269.01M) | Time:00:00.11 | Mem:0.00M, Peak:0.00M | Scene, ViewLayer | Synchronizing object | W06_s00
Fra:1 Mem:269.01M (Peak 269.01M) | Time:00:00.11 | Mem:0.00M, Peak:0.00M | Scene, ViewLayer | Synchronizing object | W06_s03
Fra:1 Mem:269.02M (Peak 269.02M) | Time:00:00.11 | Mem:0.00M, Peak:0.00M | Scene, ViewLayer | Synchronizing object | W07_s00
Fra:1 Mem:269.02M (Peak 269.02M) | Time:00:00.11 | Mem:0.00M, Peak:0.00M | Scene, ViewLayer | Synchronizing object | W07_s01
Fra:1 Mem:269.03M (Peak 269.03M) | Time:00:00.11 | Mem:0.00M, Peak:0.00M | Scene, ViewLayer | Synchronizing object | W08_s00
Fra:1 Mem:269.03M (Peak 269.03M) | Time:00:00.11 | Mem:0.00M, Peak:0.00M | Scene, ViewLayer | Synchronizing object | W08_s01
Fra:1 Mem:269.03M (Peak 269.03M) | Time:00:00.11 | Mem:0.00M, Peak:0.00M | Scene, ViewLayer | Synchronizing object | W08_s02
Fra:1 Mem:269.03M (Peak 269.03M) | Time:00:00.11 | Mem:0.00M, Peak:0.00M | Scene, ViewLayer | Synchronizing object | W10_s00
Fra:1 Mem:269.04M (Peak 269.04M) | Time:00:00.11 | Mem:0.00M, Peak:0.00M | Scene, ViewLayer | Synchronizing object | W10_s01
Fra:1 Mem:269.04M (Peak 269.04M) | Time:00:00.11 | Mem:0.00M, Peak:0.00M | Scene, ViewLayer | Synchronizing object | W10_s02
Fra:1 Mem:267.81M (Peak 269.04M) | Time:00:00.11 | Mem:0.00M, Peak:0.00M | Scene, ViewLayer | Synchronizing object | W13_s00
Fra:1 Mem:273.11M (Peak 273.11M) | Time:00:00.12 | Mem:0.00M, Peak:0.00M | Scene, ViewLayer | Synchronizing object | W13_s02
Fra:1 Mem:273.12M (Peak 273.12M) | Time:00:00.12 | Mem:0.00M, Peak:0.00M | Scene, ViewLayer | Synchronizing object | W14_s00
Fra:1 Mem:273.12M (Peak 273.12M) | Time:00:00.12 | Mem:0.00M, Peak:0.00M | Scene, ViewLayer | Synchronizing object | W14_s01
Fra:1 Mem:273.12M (Peak 273.12M) | Time:00:00.12 | Mem:0.00M, Peak:0.00M | Scene, ViewLayer | Synchronizing object | W14_s02
Fra:1 Mem:273.13M (Peak 273.13M) | Time:00:00.12 | Mem:0.00M, Peak:0.00M | Scene, ViewLayer | Synchronizing object | W14_s03
Fra:1 Mem:273.16M (Peak 273.16M) | Time:00:00.12 | Mem:0.00M, Peak:0.00M | Scene, ViewLayer | Synchronizing object | W14_s04
Fra:1 Mem:273.18M (Peak 273.18M) | Time:00:00.12 | Mem:0.00M, Peak:0.00M | Scene, ViewLayer | Synchronizing object | W15_s00
Fra:1 Mem:273.18M (Peak 273.18M) | Time:00:00.12 | Mem:0.00M, Peak:0.00M | Scene, ViewLayer | Synchronizing object | W15_s01
Fra:1 Mem:273.18M (Peak 273.18M) | Time:00:00.12 | Mem:0.00M, Peak:0.00M | Scene, ViewLayer | Synchronizing object | W15_s02
Fra:1 Mem:273.18M (Peak 273.18M) | Time:00:00.12 | Mem:0.00M, Peak:0.00M | Scene, ViewLayer | Synchronizing object | W16_s00
Fra:1 Mem:273.19M (Peak 273.19M) | Time:00:00.12 | Mem:0.00M, Peak:0.00M | Scene, ViewLayer | Synchronizing object | W17_s01
Fra:1 Mem:273.19M (Peak 273.19M) | Time:00:00.12 | Mem:0.00M, Peak:0.00M | Scene, ViewLayer | Synchronizing object | W17_s02
Fra:1 Mem:273.19M (Peak 273.19M) | Time:00:00.12 | Mem:0.00M, Peak:0.00M | Scene, ViewLayer | Synchronizing object | W18_s00
Fra:1 Mem:273.20M (Peak 273.20M) | Time:00:00.12 | Mem:0.00M, Peak:0.00M | Scene, ViewLayer | Synchronizing object | W18_s02
Fra:1 Mem:273.20M (Peak 273.20M) | Time:00:00.12 | Mem:0.00M, Peak:0.00M | Scene, ViewLayer | Synchronizing object | W19_s00
Fra:1 Mem:273.75M (Peak 273.75M) | Time:00:00.12 | Mem:0.00M, Peak:0.00M | Scene, ViewLayer | Synchronizing object | W23_s02
Fra:1 Mem:289.67M (Peak 289.67M) | Time:00:00.12 | Mem:0.00M, Peak:0.00M | Scene, ViewLayer | Synchronizing object | W25_s00
Fra:1 Mem:294.98M (Peak 294.98M) | Time:00:00.12 | Mem:0.00M, Peak:0.00M | Scene, ViewLayer | Synchronizing object | W26_s00
Fra:1 Mem:295.01M (Peak 295.01M) | Time:00:00.12 | Mem:0.00M, Peak:0.00M | Scene, ViewLayer | Synchronizing object | W27_s00
Fra:1 Mem:294.70M (Peak 295.01M) | Time:00:00.12 | Mem:0.00M, Peak:0.00M | Scene, ViewLayer | Synchronizing object | W27_s01
Fra:1 Mem:294.70M (Peak 295.01M) | Time:00:00.12 | Mem:0.00M, Peak:0.00M | Scene, ViewLayer | Synchronizing object | W27_s02
Fra:1 Mem:294.70M (Peak 295.01M) | Time:00:00.12 | Mem:0.00M, Peak:0.00M | Scene, ViewLayer | Synchronizing object | W28_s00
Fra:1 Mem:294.71M (Peak 295.01M) | Time:00:00.12 | Mem:0.00M, Peak:0.00M | Scene, ViewLayer | Synchronizing object | win_W01_0bot
Fra:1 Mem:294.71M (Peak 295.01M) | Time:00:00.12 | Mem:0.00M, Peak:0.00M | Scene, ViewLayer | Synchronizing object | win_W01_0top
Fra:1 Mem:294.71M (Peak 295.01M) | Time:00:00.12 | Mem:0.00M, Peak:0.00M | Scene, ViewLayer | Synchronizing object | win_W01_0lft
Fra:1 Mem:294.72M (Peak 295.01M) | Time:00:00.12 | Mem:0.00M, Peak:0.00M | Scene, ViewLayer | Synchronizing object | win_W01_0rgt
Fra:1 Mem:294.72M (Peak 295.01M) | Time:00:00.12 | Mem:0.00M, Peak:0.00M | Scene, ViewLayer | Synchronizing object | win_W01_0mul1
Fra:1 Mem:294.72M (Peak 295.01M) | Time:00:00.12 | Mem:0.00M, Peak:0.00M | Scene, ViewLayer | Synchronizing object | win_W01_0glass
Fra:1 Mem:294.72M (Peak 295.01M) | Time:00:00.12 | Mem:0.00M, Peak:0.00M | Scene, ViewLayer | Synchronizing object | win_W02_0lft
Fra:1 Mem:294.72M (Peak 295.01M) | Time:00:00.12 | Mem:0.00M, Peak:0.00M | Scene, ViewLayer | Synchronizing object | win_W02_0rgt
Fra:1 Mem:298.44M (Peak 298.44M) | Time:00:00.12 | Mem:0.00M, Peak:0.00M | Scene, ViewLayer | Synchronizing object | win_W06_0glass
Fra:1 Mem:298.44M (Peak 298.44M) | Time:00:00.12 | Mem:0.00M, Peak:0.00M | Scene, ViewLayer | Synchronizing object | win_W10_0bot
Fra:1 Mem:298.44M (Peak 298.44M) | Time:00:00.12 | Mem:0.00M, Peak:0.00M | Scene, ViewLayer | Synchronizing object | win_W10_0top
Fra:1 Mem:298.44M (Peak 298.44M) | Time:00:00.12 | Mem:0.00M, Peak:0.00M | Scene, ViewLayer | Synchronizing object | win_W10_0lft
Fra:1 Mem:298.44M (Peak 298.44M) | Time:00:00.12 | Mem:0.00M, Peak:0.00M | Scene, ViewLayer | Synchronizing object | win_W10_0rgt
Fra:1 Mem:298.44M (Peak 298.44M) | Time:00:00.12 | Mem:0.00M, Peak:0.00M | Scene, ViewLayer | Synchronizing object | win_W10_0glass
Fra:1 Mem:298.44M (Peak 298.44M) | Time:00:00.12 | Mem:0.00M, Peak:0.00M | Scene, ViewLayer | Synchronizing object | win_W18_0bot
Fra:1 Mem:298.45M (Peak 298.45M) | Time:00:00.12 | Mem:0.00M, Peak:0.00M | Scene, ViewLayer | Synchronizing object | win_W18_0top
Fra:1 Mem:298.45M (Peak 298.45M) | Time:00:00.12 | Mem:0.00M, Peak:0.00M | Scene, ViewLayer | Synchronizing object | win_W18_0lft
Fra:1 Mem:298.45M (Peak 298.45M) | Time:00:00.12 | Mem:0.00M, Peak:0.00M | Scene, ViewLayer | Synchronizing object | win_W18_0mul1
Fra:1 Mem:298.45M (Peak 298.45M) | Time:00:00.12 | Mem:0.00M, Peak:0.00M | Scene, ViewLayer | Synchronizing object | win_W18_0mul2
Fra:1 Mem:298.46M (Peak 298.46M) | Time:00:00.12 | Mem:0.00M, Peak:0.00M | Scene, ViewLayer | Synchronizing object | win_W18_0mul3
Fra:1 Mem:298.46M (Peak 298.46M) | Time:00:00.12 | Mem:0.00M, Peak:0.00M | Scene, ViewLayer | Synchronizing object | win_W18_0glass
Fra:1 Mem:298.46M (Peak 298.46M) | Time:00:00.12 | Mem:0.00M, Peak:0.00M | Scene, ViewLayer | Synchronizing object | win_W23_0top
Fra:1 Mem:298.46M (Peak 298.46M) | Time:00:00.12 | Mem:0.00M, Peak:0.00M | Scene, ViewLayer | Synchronizing object | win_W23_0lft
Fra:1 Mem:298.46M (Peak 298.46M) | Time:00:00.12 | Mem:0.00M, Peak:0.00M | Scene, ViewLayer | Synchronizing object | win_W23_0rgt
Fra:1 Mem:298.46M (Peak 298.46M) | Time:00:00.12 | Mem:0.00M, Peak:0.00M | Scene, ViewLayer | Synchronizing object | win_W23_0glass
Fra:1 Mem:298.46M (Peak 298.46M) | Time:00:00.12 | Mem:0.00M, Peak:0.00M | Scene, ViewLayer | Synchronizing object | door_W07_0jlfto
Fra:1 Mem:300.68M (Peak 300.68M) | Time:00:00.12 | Mem:0.00M, Peak:0.00M | Scene, ViewLayer | Synchronizing object | door_W07_0jrgto
Fra:1 Mem:300.68M (Peak 300.68M) | Time:00:00.12 | Mem:0.00M, Peak:0.00M | Scene, ViewLayer | Synchronizing object | door_W07_0jrgti
Fra:1 Mem:300.69M (Peak 300.69M) | Time:00:00.12 | Mem:0.00M, Peak:0.00M | Scene, ViewLayer | Synchronizing object | door_W07_0jtopo
Fra:1 Mem:300.69M (Peak 300.69M) | Time:00:00.12 | Mem:0.00M, Peak:0.00M | Scene, ViewLayer | Synchronizing object | door_W07_0jtopi
Fra:1 Mem:300.69M (Peak 300.69M) | Time:00:00.12 | Mem:0.00M, Peak:0.00M | Scene, ViewLayer | Synchronizing object | door_W07_0lin_l
Fra:1 Mem:300.69M (Peak 300.69M) | Time:00:00.12 | Mem:0.00M, Peak:0.00M | Scene, ViewLayer | Synchronizing object | door_W07_0lin_r
Fra:1 Mem:300.69M (Peak 300.69M) | Time:00:00.12 | Mem:0.00M, Peak:0.00M | Scene, ViewLayer | Synchronizing object | door_W07_0leaf
Fra:1 Mem:300.69M (Peak 300.69M) | Time:00:00.12 | Mem:0.00M, Peak:0.00M | Scene, ViewLayer | Synchronizing object | door_W07_0hdl
Fra:1 Mem:300.70M (Peak 300.70M) | Time:00:00.12 | Mem:0.00M, Peak:0.00M | Scene, ViewLayer | Synchronizing object | door_W08_0jlfto
Fra:1 Mem:300.70M (Peak 300.70M) | Time:00:00.12 | Mem:0.00M, Peak:0.00M | Scene, ViewLayer | Synchronizing object | door_W08_0jlfti
Fra:1 Mem:300.70M (Peak 300.70M) | Time:00:00.12 | Mem:0.00M, Peak:0.00M | Scene, ViewLayer | Synchronizing object | door_W08_0jrgto
Fra:1 Mem:300.70M (Peak 300.70M) | Time:00:00.12 | Mem:0.00M, Peak:0.00M | Scene, ViewLayer | Synchronizing object | door_W08_0jrgti
Fra:1 Mem:300.70M (Peak 300.70M) | Time:00:00.12 | Mem:0.00M, Peak:0.00M | Scene, ViewLayer | Synchronizing object | door_W08_0jtopo
Fra:1 Mem:300.70M (Peak 300.70M) | Time:00:00.12 | Mem:0.00M, Peak:0.00M | Scene, ViewLayer | Synchronizing object | door_W08_0jtopi
Fra:1 Mem:300.70M (Peak 300.70M) | Time:00:00.12 | Mem:0.00M, Peak:0.00M | Scene, ViewLayer | Synchronizing object | door_W08_0lin_l
Fra:1 Mem:300.71M (Peak 300.71M) | Time:00:00.12 | Mem:0.00M, Peak:0.00M | Scene, ViewLayer | Synchronizing object | door_W08_0lin_r
Fra:1 Mem:300.71M (Peak 300.71M) | Time:00:00.12 | Mem:0.00M, Peak:0.00M | Scene, ViewLayer | Synchronizing object | door_W08_0lin_t
Fra:1 Mem:300.71M (Peak 300.71M) | Time:00:00.12 | Mem:0.00M, Peak:0.00M | Scene, ViewLayer | Synchronizing object | door_W08_0bot
Fra:1 Mem:300.71M (Peak 300.71M) | Time:00:00.12 | Mem:0.00M, Peak:0.00M | Scene, ViewLayer | Synchronizing object | door_W08_0fglass
Fra:1 Mem:300.72M (Peak 300.72M) | Time:00:00.12 | Mem:0.00M, Peak:0.00M | Scene, ViewLayer | Synchronizing object | door_W13_0jlfti
Fra:1 Mem:300.72M (Peak 300.72M) | Time:00:00.12 | Mem:0.00M, Peak:0.00M | Scene, ViewLayer | Synchronizing object | door_W13_0jrgto
Fra:1 Mem:300.74M (Peak 300.74M) | Time:00:00.12 | Mem:0.00M, Peak:0.00M | Scene, ViewLayer | Synchronizing object | door_W13_0jrgti
Fra:1 Mem:300.74M (Peak 300.74M) | Time:00:00.12 | Mem:0.00M, Peak:0.00M | Scene, ViewLayer | Synchronizing object | door_W13_0jtopo
Fra:1 Mem:300.74M (Peak 300.74M) | Time:00:00.12 | Mem:0.00M, Peak:0.00M | Scene, ViewLayer | Synchronizing object | door_W13_0jtopi
Fra:1 Mem:300.77M (Peak 300.77M) | Time:00:00.12 | Mem:0.00M, Peak:0.00M | Scene, ViewLayer | Synchronizing object | door_W13_0lin_r
Fra:1 Mem:300.77M (Peak 300.77M) | Time:00:00.12 | Mem:0.00M, Peak:0.00M | Scene, ViewLayer | Synchronizing object | door_W14_0lin_l
Fra:1 Mem:300.77M (Peak 300.77M) | Time:00:00.12 | Mem:0.00M, Peak:0.00M | Scene, ViewLayer | Synchronizing object | door_W14_0hdl
Fra:1 Mem:300.77M (Peak 300.77M) | Time:00:00.12 | Mem:0.00M, Peak:0.00M | Scene, ViewLayer | Synchronizing object | door_W14_1jlfti
Fra:1 Mem:300.77M (Peak 300.77M) | Time:00:00.12 | Mem:0.00M, Peak:0.00M | Scene, ViewLayer | Synchronizing object | door_W14_1jrgti
Fra:1 Mem:300.78M (Peak 300.78M) | Time:00:00.12 | Mem:0.00M, Peak:0.00M | Scene, ViewLayer | Synchronizing object | door_W14_1jtopi
Fra:1 Mem:300.78M (Peak 300.78M) | Time:00:00.12 | Mem:0.00M, Peak:0.00M | Scene, ViewLayer | Synchronizing object | door_W14_1lin_l
Fra:1 Mem:300.78M (Peak 300.78M) | Time:00:00.12 | Mem:0.00M, Peak:0.00M | Scene, ViewLayer | Synchronizing object | door_W14_1lin_r
Fra:1 Mem:300.78M (Peak 300.78M) | Time:00:00.12 | Mem:0.00M, Peak:0.00M | Scene, ViewLayer | Synchronizing object | door_W14_1lft
Fra:1 Mem:300.78M (Peak 300.78M) | Time:00:00.12 | Mem:0.00M, Peak:0.00M | Scene, ViewLayer | Synchronizing object | door_W14_1rgt
Fra:1 Mem:300.78M (Peak 300.78M) | Time:00:00.12 | Mem:0.00M, Peak:0.00M | Scene, ViewLayer | Synchronizing object | door_W14_1top
Fra:1 Mem:300.79M (Peak 300.79M) | Time:00:00.12 | Mem:0.00M, Peak:0.00M | Scene, ViewLayer | Synchronizing object | door_W14_1bot
Fra:1 Mem:306.09M (Peak 306.09M) | Time:00:00.12 | Mem:0.00M, Peak:0.00M | Scene, ViewLayer | Synchronizing object | door_W15_0jlfto
Fra:1 Mem:306.10M (Peak 306.10M) | Time:00:00.12 | Mem:0.00M, Peak:0.00M | Scene, ViewLayer | Synchronizing object | door_W15_0jlfti
Fra:1 Mem:306.10M (Peak 306.10M) | Time:00:00.12 | Mem:0.00M, Peak:0.00M | Scene, ViewLayer | Synchronizing object | door_W15_0jrgti
Fra:1 Mem:306.10M (Peak 306.10M) | Time:00:00.12 | Mem:0.00M, Peak:0.00M | Scene, ViewLayer | Synchronizing object | door_W15_0jtopo
Fra:1 Mem:306.10M (Peak 306.10M) | Time:00:00.12 | Mem:0.00M, Peak:0.00M | Scene, ViewLayer | Synchronizing object | door_W15_0lin_l
Fra:1 Mem:306.11M (Peak 306.11M) | Time:00:00.12 | Mem:0.00M, Peak:0.00M | Scene, ViewLayer | Synchronizing object | door_W15_0lin_r
Fra:1 Mem:306.11M (Peak 306.11M) | Time:00:00.12 | Mem:0.00M, Peak:0.00M | Scene, ViewLayer | Synchronizing object | door_W15_0_top
Fra:1 Mem:306.11M (Peak 306.11M) | Time:00:00.12 | Mem:0.00M, Peak:0.00M | Scene, ViewLayer | Synchronizing object | door_W15_0_lft
Fra:1 Mem:306.11M (Peak 306.11M) | Time:00:00.12 | Mem:0.00M, Peak:0.00M | Scene, ViewLayer | Synchronizing object | door_W15_0_glass
Fra:1 Mem:306.12M (Peak 306.12M) | Time:00:00.12 | Mem:0.00M, Peak:0.00M | Scene, ViewLayer | Synchronizing object | door_W15_1_bot
Fra:1 Mem:306.12M (Peak 306.12M) | Time:00:00.12 | Mem:0.00M, Peak:0.00M | Scene, ViewLayer | Synchronizing object | door_W15_1_lft
Fra:1 Mem:306.12M (Peak 306.12M) | Time:00:00.12 | Mem:0.00M, Peak:0.00M | Scene, ViewLayer | Synchronizing object | door_W15_1_rgt
Fra:1 Mem:306.12M (Peak 306.12M) | Time:00:00.12 | Mem:0.00M, Peak:0.00M | Scene, ViewLayer | Synchronizing object | door_W17_0jlfti
Fra:1 Mem:306.13M (Peak 306.13M) | Time:00:00.12 | Mem:0.00M, Peak:0.00M | Scene, ViewLayer | Synchronizing object | door_W17_0jrgto
Fra:1 Mem:306.13M (Peak 306.13M) | Time:00:00.12 | Mem:0.00M, Peak:0.00M | Scene, ViewLayer | Synchronizing object | door_W17_0jrgti
Fra:1 Mem:306.13M (Peak 306.13M) | Time:00:00.12 | Mem:0.00M, Peak:0.00M | Scene, ViewLayer | Synchronizing object | door_W17_0jtopi
Fra:1 Mem:306.13M (Peak 306.13M) | Time:00:00.12 | Mem:0.00M, Peak:0.00M | Scene, ViewLayer | Synchronizing object | door_W17_0lin_l
Fra:1 Mem:306.13M (Peak 306.13M) | Time:00:00.12 | Mem:0.00M, Peak:0.00M | Scene, ViewLayer | Synchronizing object | door_W17_0lin_t
Fra:1 Mem:308.35M (Peak 308.35M) | Time:00:00.12 | Mem:0.00M, Peak:0.00M | Scene, ViewLayer | Synchronizing object | door_W17_0_bot
Fra:1 Mem:312.60M (Peak 312.60M) | Time:00:00.12 | Mem:0.00M, Peak:0.00M | Scene, ViewLayer | Synchronizing object | door_W17_0_top
Fra:1 Mem:312.60M (Peak 312.60M) | Time:00:00.12 | Mem:0.00M, Peak:0.00M | Scene, ViewLayer | Synchronizing object | door_W17_0_lft
Fra:1 Mem:312.61M (Peak 312.61M) | Time:00:00.12 | Mem:0.00M, Peak:0.00M | Scene, ViewLayer | Synchronizing object | door_W17_0_rgt
Fra:1 Mem:316.35M (Peak 316.35M) | Time:00:00.12 | Mem:0.00M, Peak:0.00M | Scene, ViewLayer | Synchronizing object | door_W17_0_glass
Fra:1 Mem:316.35M (Peak 316.35M) | Time:00:00.12 | Mem:0.00M, Peak:0.00M | Scene, ViewLayer | Synchronizing object | door_W17_1_bot
Fra:1 Mem:316.35M (Peak 316.35M) | Time:00:00.12 | Mem:0.00M, Peak:0.00M | Scene, ViewLayer | Synchronizing object | door_W17_1_top
Fra:1 Mem:316.36M (Peak 316.36M) | Time:00:00.12 | Mem:0.00M, Peak:0.00M | Scene, ViewLayer | Synchronizing object | door_W17_1_lft
Fra:1 Mem:316.36M (Peak 316.36M) | Time:00:00.12 | Mem:0.00M, Peak:0.00M | Scene, ViewLayer | Synchronizing object | door_W17_1_rgt
Fra:1 Mem:316.36M (Peak 316.36M) | Time:00:00.12 | Mem:0.00M, Peak:0.00M | Scene, ViewLayer | Synchronizing object | door_W17_1_glass
Fra:1 Mem:317.66M (Peak 317.66M) | Time:00:00.12 | Mem:0.00M, Peak:0.00M | Scene, ViewLayer | Synchronizing object | door_W17_2_bot
Fra:1 Mem:317.66M (Peak 317.66M) | Time:00:00.12 | Mem:0.00M, Peak:0.00M | Scene, ViewLayer | Synchronizing object | door_W17_2_top
Fra:1 Mem:317.66M (Peak 317.66M) | Time:00:00.12 | Mem:0.00M, Peak:0.00M | Scene, ViewLayer | Synchronizing object | door_W17_2_lft
Fra:1 Mem:317.66M (Peak 317.66M) | Time:00:00.12 | Mem:0.00M, Peak:0.00M | Scene, ViewLayer | Synchronizing object | door_W17_2_rgt
Fra:1 Mem:317.66M (Peak 317.66M) | Time:00:00.12 | Mem:0.00M, Peak:0.00M | Scene, ViewLayer | Synchronizing object | door_W17_2_glass
Fra:1 Mem:317.67M (Peak 317.67M) | Time:00:00.12 | Mem:0.00M, Peak:0.00M | Scene, ViewLayer | Synchronizing object | door_W19_0jrgti
Fra:1 Mem:313.96M (Peak 317.67M) | Time:00:00.12 | Mem:0.00M, Peak:0.00M | Scene, ViewLayer | Synchronizing object | door_W19_0jtopo
Fra:1 Mem:313.96M (Peak 317.67M) | Time:00:00.12 | Mem:0.00M, Peak:0.00M | Scene, ViewLayer | Synchronizing object | door_W27_0lin_t
Fra:1 Mem:313.96M (Peak 317.67M) | Time:00:00.12 | Mem:0.00M, Peak:0.00M | Scene, ViewLayer | Synchronizing object | door_W27_0hdl
Fra:1 Mem:313.96M (Peak 317.67M) | Time:00:00.12 | Mem:0.00M, Peak:0.00M | Scene, ViewLayer | Synchronizing object | bay_platform
Fra:1 Mem:313.97M (Peak 317.67M) | Time:00:00.12 | Mem:0.00M, Peak:0.00M | Scene, ViewLayer | Synchronizing object | rail_ter_S_p0
Fra:1 Mem:313.97M (Peak 317.67M) | Time:00:00.12 | Mem:0.00M, Peak:0.00M | Scene, ViewLayer | Synchronizing object | rail_ter_S_p1
Fra:1 Mem:313.97M (Peak 317.67M) | Time:00:00.12 | Mem:0.00M, Peak:0.00M | Scene, ViewLayer | Synchronizing object | rail_ter_S_p2
Fra:1 Mem:313.97M (Peak 317.67M) | Time:00:00.12 | Mem:0.00M, Peak:0.00M | Scene, ViewLayer | Synchronizing object | rail_ter_S_top
Fra:1 Mem:313.97M (Peak 317.67M) | Time:00:00.12 | Mem:0.00M, Peak:0.00M | Scene, ViewLayer | Synchronizing object | rail_ter_E_p0
Fra:1 Mem:313.98M (Peak 317.67M) | Time:00:00.12 | Mem:0.00M, Peak:0.00M | Scene, ViewLayer | Synchronizing object | rail_ter_E_p1
Fra:1 Mem:313.98M (Peak 317.67M) | Time:00:00.12 | Mem:0.00M, Peak:0.00M | Scene, ViewLayer | Synchronizing object | rail_ter_E_p2
Fra:1 Mem:313.98M (Peak 317.67M) | Time:00:00.12 | Mem:0.00M, Peak:0.00M | Scene, ViewLayer | Synchronizing object | rail_ter_E_top
Fra:1 Mem:313.98M (Peak 317.67M) | Time:00:00.12 | Mem:0.00M, Peak:0.00M | Scene, ViewLayer | Synchronizing object | rail_ter_E_glass
Fra:1 Mem:313.98M (Peak 317.67M) | Time:00:00.12 | Mem:0.00M, Peak:0.00M | Scene, ViewLayer | Synchronizing object | rail_ter_W_p0
Fra:1 Mem:313.98M (Peak 317.67M) | Time:00:00.12 | Mem:0.00M, Peak:0.00M | Scene, ViewLayer | Synchronizing object | rail_ter_W_p1
Fra:1 Mem:313.98M (Peak 317.67M) | Time:00:00.12 | Mem:0.00M, Peak:0.00M | Scene, ViewLayer | Synchronizing object | rail_ter_W_glass
Fra:1 Mem:313.99M (Peak 317.67M) | Time:00:00.12 | Mem:0.00M, Peak:0.00M | Scene, ViewLayer | Synchronizing object | common_kitchen_dishwasher_01_body
Fra:1 Mem:313.99M (Peak 317.67M) | Time:00:00.12 | Mem:0.00M, Peak:0.00M | Scene, ViewLayer | Synchronizing object | common_kitchen_dishwasher_01_kick
Fra:1 Mem:313.99M (Peak 317.67M) | Time:00:00.12 | Mem:0.00M, Peak:0.00M | Scene, ViewLayer | Synchronizing object | common_kitchen_dishwasher_01_top_R
Fra:1 Mem:313.99M (Peak 317.67M) | Time:00:00.12 | Mem:0.00M, Peak:0.00M | Scene, ViewLayer | Synchronizing object | common_kitchen_dishwasher_01_top_B
Fra:1 Mem:313.99M (Peak 317.67M) | Time:00:00.12 | Mem:0.00M, Peak:0.00M | Scene, ViewLayer | Synchronizing object | common_kitchen_dishwasher_01_top_F
Fra:1 Mem:314.00M (Peak 317.67M) | Time:00:00.12 | Mem:0.00M, Peak:0.00M | Scene, ViewLayer | Synchronizing object | common_kitchen_dishwasher_01_drwW_gapbg
Fra:1 Mem:314.00M (Peak 317.67M) | Time:00:00.12 | Mem:0.00M, Peak:0.00M | Scene, ViewLayer | Synchronizing object | common_kitchen_dishwasher_01_drwW_f0
Fra:1 Mem:314.00M (Peak 317.67M) | Time:00:00.12 | Mem:0.00M, Peak:0.00M | Scene, ViewLayer | Synchronizing object | common_kitchen_dishwasher_01_drwW_p0
Fra:1 Mem:314.01M (Peak 317.67M) | Time:00:00.12 | Mem:0.00M, Peak:0.00M | Scene, ViewLayer | Synchronizing object | common_kitchen_dishwasher_01_drw_gapbg
Fra:1 Mem:314.01M (Peak 317.67M) | Time:00:00.12 | Mem:0.00M, Peak:0.00M | Scene, ViewLayer | Synchronizing object | common_kitchen_dishwasher_01_drw_f0
Fra:1 Mem:314.02M (Peak 317.67M) | Time:00:00.12 | Mem:0.00M, Peak:0.00M | Scene, ViewLayer | Synchronizing object | common_kitchen_dishwasher_01_drw_p0
Fra:1 Mem:314.03M (Peak 317.67M) | Time:00:00.12 | Mem:0.00M, Peak:0.00M | Scene, ViewLayer | Synchronizing object | common_kitchen_dishwasher_01_drw_p1
Fra:1 Mem:314.06M (Peak 317.67M) | Time:00:00.13 | Mem:0.00M, Peak:0.00M | Scene, ViewLayer | Synchronizing object | common_kitchen_dishwasher_01_drw_f2
Fra:1 Mem:314.07M (Peak 317.67M) | Time:00:00.13 | Mem:0.00M, Peak:0.00M | Scene, ViewLayer | Synchronizing object | common_kitchen_dishwasher_01_drw_f3
Fra:1 Mem:314.07M (Peak 317.67M) | Time:00:00.13 | Mem:0.00M, Peak:0.00M | Scene, ViewLayer | Synchronizing object | common_kitchen_dishwasher_01_drw_p3
Fra:1 Mem:314.08M (Peak 317.67M) | Time:00:00.13 | Mem:0.00M, Peak:0.00M | Scene, ViewLayer | Synchronizing object | common_kitchen_sink_01_taptip
Fra:1 Mem:314.08M (Peak 317.67M) | Time:00:00.13 | Mem:0.00M, Peak:0.00M | Scene, ViewLayer | Synchronizing object | common_kitchen_kitchen_counter_01_body
Fra:1 Mem:314.08M (Peak 317.67M) | Time:00:00.13 | Mem:0.00M, Peak:0.00M | Scene, ViewLayer | Synchronizing object | common_kitchen_kitchen_counter_01_drwS_p0
Fra:1 Mem:314.09M (Peak 317.67M) | Time:00:00.13 | Mem:0.00M, Peak:0.00M | Scene, ViewLayer | Synchronizing object | common_kitchen_kitchen_counter_01_drwH_d0
Fra:1 Mem:314.09M (Peak 317.67M) | Time:00:00.13 | Mem:0.00M, Peak:0.00M | Scene, ViewLayer | Synchronizing object | common_kitchen_kitchen_counter_01_drwH_slot0
Fra:1 Mem:314.09M (Peak 317.67M) | Time:00:00.13 | Mem:0.00M, Peak:0.00M | Scene, ViewLayer | Synchronizing object | common_kitchen_kitchen_counter_01_drwH_d1
Fra:1 Mem:314.10M (Peak 317.67M) | Time:00:00.13 | Mem:0.00M, Peak:0.00M | Scene, ViewLayer | Synchronizing object | common_kitchen_kitchen_counter_01_drwH_slot1
Fra:1 Mem:314.11M (Peak 317.67M) | Time:00:00.13 | Mem:0.00M, Peak:0.00M | Scene, ViewLayer | Synchronizing object | common_kitchen_kitchen_counter_01_drwH_d2
Fra:1 Mem:314.11M (Peak 317.67M) | Time:00:00.13 | Mem:0.00M, Peak:0.00M | Scene, ViewLayer | Synchronizing object | common_kitchen_kitchen_counter_01_drwH_slot2
Fra:1 Mem:314.11M (Peak 317.67M) | Time:00:00.13 | Mem:0.00M, Peak:0.00M | Scene, ViewLayer | Synchronizing object | common_kitchen_kitchen_counter_01_drwN_f0
Fra:1 Mem:314.12M (Peak 317.67M) | Time:00:00.13 | Mem:0.00M, Peak:0.00M | Scene, ViewLayer | Synchronizing object | common_kitchen_kitchen_counter_01_drwN_f1
Fra:1 Mem:314.13M (Peak 317.67M) | Time:00:00.13 | Mem:0.00M, Peak:0.00M | Scene, ViewLayer | Synchronizing object | common_kitchen_kitchen_counter_01_drwN_p1
Fra:1 Mem:314.13M (Peak 317.67M) | Time:00:00.13 | Mem:0.00M, Peak:0.00M | Scene, ViewLayer | Synchronizing object | common_kitchen_hob_01_glass
Fra:1 Mem:314.13M (Peak 317.67M) | Time:00:00.13 | Mem:0.00M, Peak:0.00M | Scene, ViewLayer | Synchronizing object | common_kitchen_hob_01_burner1
Fra:1 Mem:314.15M (Peak 317.67M) | Time:00:00.13 | Mem:0.00M, Peak:0.00M | Scene, ViewLayer | Synchronizing object | common_kitchen_range_hood_01_topbox
Fra:1 Mem:314.15M (Peak 317.67M) | Time:00:00.13 | Mem:0.00M, Peak:0.00M | Scene, ViewLayer | Synchronizing object | common_kitchen_range_hood_01_slant
Fra:1 Mem:314.15M (Peak 317.67M) | Time:00:00.13 | Mem:0.00M, Peak:0.00M | Scene, ViewLayer | Synchronizing object | common_kitchen_cabinet_01_body
Fra:1 Mem:314.16M (Peak 317.67M) | Time:00:00.13 | Mem:0.00M, Peak:0.00M | Scene, ViewLayer | Synchronizing object | common_kitchen_cabinet_01_door_gapbg
Fra:1 Mem:314.16M (Peak 317.67M) | Time:00:00.13 | Mem:0.00M, Peak:0.00M | Scene, ViewLayer | Synchronizing object | common_kitchen_cabinet_01_door_f0r
Fra:1 Mem:314.16M (Peak 317.67M) | Time:00:00.13 | Mem:0.00M, Peak:0.00M | Scene, ViewLayer | Synchronizing object | common_kitchen_cabinet_01_door_f0b
Fra:1 Mem:314.16M (Peak 317.67M) | Time:00:00.13 | Mem:0.00M, Peak:0.00M | Scene, ViewLayer | Synchronizing object | common_kitchen_cabinet_01_door_f0t
Fra:1 Mem:314.18M (Peak 317.67M) | Time:00:00.13 | Mem:0.00M, Peak:0.00M | Scene, ViewLayer | Synchronizing object | common_kitchen_cabinet_01_door_f0c
Fra:1 Mem:314.18M (Peak 317.67M) | Time:00:00.13 | Mem:0.00M, Peak:0.00M | Scene, ViewLayer | Synchronizing object | common_kitchen_cabinet_01_door_f1r
Fra:1 Mem:314.19M (Peak 317.67M) | Time:00:00.13 | Mem:0.00M, Peak:0.00M | Scene, ViewLayer | Synchronizing object | common_kitchen_cabinet_01_door_f1b
Fra:1 Mem:314.20M (Peak 317.67M) | Time:00:00.13 | Mem:0.00M, Peak:0.00M | Scene, ViewLayer | Synchronizing object | common_kitchen_cabinet_01_door_f1t
Fra:1 Mem:314.25M (Peak 317.67M) | Time:00:00.13 | Mem:0.00M, Peak:0.00M | Scene, ViewLayer | Synchronizing object | common_kitchen_cabinet_01_door_f1c
Fra:1 Mem:314.27M (Peak 317.67M) | Time:00:00.13 | Mem:0.00M, Peak:0.00M | Scene, ViewLayer | Synchronizing object | common_kitchen_cabinet_01_door_p1
Fra:1 Mem:314.27M (Peak 317.67M) | Time:00:00.13 | Mem:0.00M, Peak:0.00M | Scene, ViewLayer | Synchronizing object | common_kitchen_cabinet_01_door_f2l
Fra:1 Mem:314.27M (Peak 317.67M) | Time:00:00.13 | Mem:0.00M, Peak:0.00M | Scene, ViewLayer | Synchronizing object | common_kitchen_cabinet_01_door_f2b
Fra:1 Mem:314.28M (Peak 317.67M) | Time:00:00.13 | Mem:0.00M, Peak:0.00M | Scene, ViewLayer | Synchronizing object | common_kitchen_cabinet_01_door_f2t
Fra:1 Mem:314.29M (Peak 317.67M) | Time:00:00.13 | Mem:0.00M, Peak:0.00M | Scene, ViewLayer | Synchronizing object | common_kitchen_cabinet_02_body
Fra:1 Mem:314.31M (Peak 317.67M) | Time:00:00.13 | Mem:0.00M, Peak:0.00M | Scene, ViewLayer | Synchronizing object | common_kitchen_cabinet_02_doorLo_f0l
Fra:1 Mem:314.31M (Peak 317.67M) | Time:00:00.13 | Mem:0.00M, Peak:0.00M | Scene, ViewLayer | Synchronizing object | common_kitchen_cabinet_02_doorLo_f0b
Fra:1 Mem:314.32M (Peak 317.67M) | Time:00:00.13 | Mem:0.00M, Peak:0.00M | Scene, ViewLayer | Synchronizing object | common_kitchen_cabinet_02_doorLo_f0t
Fra:1 Mem:317.86M (Peak 317.86M) | Time:00:00.13 | Mem:0.00M, Peak:0.00M | Scene, ViewLayer | Synchronizing object | common_kitchen_cabinet_02_doorLo_f0c
Fra:1 Mem:322.11M (Peak 322.11M) | Time:00:00.13 | Mem:0.00M, Peak:0.00M | Scene, ViewLayer | Synchronizing object | common_kitchen_cabinet_02_doorLo_f1l
Fra:1 Mem:322.13M (Peak 322.13M) | Time:00:00.13 | Mem:0.00M, Peak:0.00M | Scene, ViewLayer | Synchronizing object | common_kitchen_cabinet_02_doorLo_f1r
Fra:1 Mem:322.15M (Peak 322.15M) | Time:00:00.13 | Mem:0.00M, Peak:0.00M | Scene, ViewLayer | Synchronizing object | lt_strip_bn
Fra:1 Mem:322.16M (Peak 322.16M) | Time:00:00.13 | Mem:0.00M, Peak:0.00M | Scene, ViewLayer | Synchronizing object | common_kitchen_cabinet_02_doorLo_f1b
Fra:1 Mem:322.16M (Peak 322.16M) | Time:00:00.13 | Mem:0.00M, Peak:0.00M | Scene, ViewLayer | Synchronizing object | lt_pendant_02.001
Fra:1 Mem:322.22M (Peak 322.22M) | Time:00:00.13 | Mem:0.00M, Peak:0.00M | Scene, ViewLayer | Synchronizing object | common_kitchen_cabinet_02_doorLo_f1t
Fra:1 Mem:322.22M (Peak 322.22M) | Time:00:00.13 | Mem:0.00M, Peak:0.00M | Scene, ViewLayer | Synchronizing object | common_kitchen_cabinet_02_doorLo_p1
Fra:1 Mem:322.23M (Peak 322.23M) | Time:00:00.13 | Mem:0.00M, Peak:0.00M | Scene, ViewLayer | Synchronizing object | common_kitchen_cabinet_02_doorLo_f2l
Fra:1 Mem:322.23M (Peak 322.23M) | Time:00:00.13 | Mem:0.00M, Peak:0.00M | Scene, ViewLayer | Synchronizing object | common_kitchen_cabinet_02_doorLo_p2
Fra:1 Mem:322.24M (Peak 322.24M) | Time:00:00.13 | Mem:0.00M, Peak:0.00M | Scene, ViewLayer | Synchronizing object | common_kitchen_cabinet_02_doorLo_f3r
Fra:1 Mem:322.24M (Peak 322.24M) | Time:00:00.13 | Mem:0.00M, Peak:0.00M | Scene, ViewLayer | Synchronizing object | common_kitchen_cabinet_02_doorLo_f3t
Fra:1 Mem:322.25M (Peak 322.25M) | Time:00:00.13 | Mem:0.00M, Peak:0.00M | Scene, ViewLayer | Synchronizing object | common_kitchen_cabinet_02_doorHi_f0t
Fra:1 Mem:322.27M (Peak 322.27M) | Time:00:00.13 | Mem:0.00M, Peak:0.00M | Scene, ViewLayer | Synchronizing object | common_kitchen_cabinet_02_doorHi_f0c
Fra:1 Mem:322.28M (Peak 322.28M) | Time:00:00.13 | Mem:0.00M, Peak:0.00M | Scene, ViewLayer | Synchronizing object | common_kitchen_cabinet_02_doorHi_f1l
Fra:1 Mem:322.28M (Peak 322.28M) | Time:00:00.13 | Mem:0.00M, Peak:0.00M | Scene, ViewLayer | Synchronizing object | common_kitchen_cabinet_02_doorHi_f1r
Fra:1 Mem:322.29M (Peak 322.29M) | Time:00:00.13 | Mem:0.00M, Peak:0.00M | Scene, ViewLayer | Synchronizing object | common_kitchen_cabinet_02_doorHi_f1t
Fra:1 Mem:322.31M (Peak 322.31M) | Time:00:00.13 | Mem:0.00M, Peak:0.00M | Scene, ViewLayer | Synchronizing object | common_kitchen_cabinet_02_doorHi_f1c
Fra:1 Mem:322.31M (Peak 322.31M) | Time:00:00.13 | Mem:0.00M, Peak:0.00M | Scene, ViewLayer | Synchronizing object | common_kitchen_cabinet_02_doorHi_p1
Fra:1 Mem:322.32M (Peak 322.32M) | Time:00:00.13 | Mem:0.00M, Peak:0.00M | Scene, ViewLayer | Synchronizing object | common_kitchen_cabinet_02_doorHi_f2l
Fra:1 Mem:322.32M (Peak 322.32M) | Time:00:00.13 | Mem:0.00M, Peak:0.00M | Scene, ViewLayer | Synchronizing object | lt_pendant_01.001
Fra:1 Mem:322.33M (Peak 322.33M) | Time:00:00.13 | Mem:0.00M, Peak:0.00M | Scene, ViewLayer | Synchronizing object | fx_Bu_jar2
Fra:1 Mem:322.33M (Peak 322.33M) | Time:00:00.13 | Mem:0.00M, Peak:0.00M | Scene, ViewLayer | Synchronizing object | common_kitchen_cabinet_02_doorHi_f2r
Fra:1 Mem:322.42M (Peak 322.43M) | Time:00:00.13 | Mem:0.00M, Peak:0.00M | Scene, ViewLayer | Synchronizing object | common_kitchen_cabinet_02_doorHi_f2t
Fra:1 Mem:322.43M (Peak 322.43M) | Time:00:00.13 | Mem:0.00M, Peak:0.00M | Scene, ViewLayer | Synchronizing object | fx_Bu_rec2
Fra:1 Mem:322.44M (Peak 322.44M) | Time:00:00.13 | Mem:0.00M, Peak:0.00M | Scene, ViewLayer | Synchronizing object | common_kitchen_cabinet_02_doorHi_f2c
Fra:1 Mem:322.50M (Peak 322.50M) | Time:00:00.13 | Mem:0.00M, Peak:0.00M | Scene, ViewLayer | Synchronizing object | common_kitchen_cabinet_02_doorHi_p2
Fra:1 Mem:322.50M (Peak 322.50M) | Time:00:00.13 | Mem:0.00M, Peak:0.00M | Scene, ViewLayer | Synchronizing object | common_kitchen_cabinet_02_doorHi_f3l
Fra:1 Mem:322.50M (Peak 322.50M) | Time:00:00.13 | Mem:0.00M, Peak:0.00M | Scene, ViewLayer | Synchronizing object | common_kitchen_cabinet_02_doorHi_f3b
Fra:1 Mem:319.00M (Peak 322.50M) | Time:00:00.13 | Mem:0.00M, Peak:0.00M | Scene, ViewLayer | Synchronizing object | common_kitchen_glass_sliding_door_01_stL
Fra:1 Mem:319.01M (Peak 322.50M) | Time:00:00.13 | Mem:0.00M, Peak:0.00M | Scene, ViewLayer | Synchronizing object | common_living_dining_balcony_glass_sliding_door_01_stR
Fra:1 Mem:319.01M (Peak 322.50M) | Time:00:00.13 | Mem:0.00M, Peak:0.00M | Scene, ViewLayer | Synchronizing object | common_living_dining_balcony_glass_sliding_door_01_stB
Fra:1 Mem:319.02M (Peak 322.50M) | Time:00:00.13 | Mem:0.00M, Peak:0.00M | Scene, ViewLayer | Synchronizing object | fx_Bu_jar1
Fra:1 Mem:321.24M (Peak 322.50M) | Time:00:00.13 | Mem:0.00M, Peak:0.00M | Scene, ViewLayer | Synchronizing object | common_living_dining_balcony_glass_sliding_door_02_glass
Fra:1 Mem:321.25M (Peak 322.50M) | Time:00:00.13 | Mem:0.00M, Peak:0.00M | Scene, ViewLayer | Synchronizing object | common_living_dining_balcony_glass_sliding_door_02_stR
Fra:1 Mem:321.27M (Peak 322.50M) | Time:00:00.13 | Mem:0.00M, Peak:0.00M | Scene, ViewLayer | Synchronizing object | common_living_dining_balcony_glass_sliding_door_02_stB
Fra:1 Mem:321.28M (Peak 322.50M) | Time:00:00.13 | Mem:0.00M, Peak:0.00M | Scene, ViewLayer | Synchronizing object | common_kitchen_glass_sliding_door_02_stL
Fra:1 Mem:321.28M (Peak 322.50M) | Time:00:00.13 | Mem:0.00M, Peak:0.00M | Scene, ViewLayer | Synchronizing object | common_kitchen_glass_sliding_door_02_stT
Fra:1 Mem:321.29M (Peak 322.50M) | Time:00:00.13 | Mem:0.00M, Peak:0.00M | Scene, ViewLayer | Synchronizing object | common_kitchen_glass_sliding_door_02_stB
Fra:1 Mem:321.29M (Peak 322.50M) | Time:00:00.13 | Mem:0.00M, Peak:0.00M | Scene, ViewLayer | Synchronizing object | common_living_dining_balcony_fridge_01_seamV
Fra:1 Mem:321.29M (Peak 322.50M) | Time:00:00.13 | Mem:0.00M, Peak:0.00M | Scene, ViewLayer | Synchronizing object | common_living_dining_balcony_fridge_01_pullU
Fra:1 Mem:321.29M (Peak 322.50M) | Time:00:00.13 | Mem:0.00M, Peak:0.00M | Scene, ViewLayer | Synchronizing object | common_living_dining_balcony_cabinet_01_body
Fra:1 Mem:321.29M (Peak 322.50M) | Time:00:00.13 | Mem:0.00M, Peak:0.00M | Scene, ViewLayer | Synchronizing object | common_living_dining_balcony_cabinet_01_door_gapbg
Fra:1 Mem:321.29M (Peak 322.50M) | Time:00:00.13 | Mem:0.00M, Peak:0.00M | Scene, ViewLayer | Synchronizing object | common_living_dining_balcony_cabinet_01_door_f0l
Fra:1 Mem:321.30M (Peak 322.50M) | Time:00:00.13 | Mem:0.00M, Peak:0.00M | Scene, ViewLayer | Synchronizing object | common_living_dining_balcony_cabinet_01_door_f0r
Fra:1 Mem:321.30M (Peak 322.50M) | Time:00:00.13 | Mem:0.00M, Peak:0.00M | Scene, ViewLayer | Synchronizing object | common_living_dining_balcony_cabinet_01_door_f0b
Fra:1 Mem:321.30M (Peak 322.50M) | Time:00:00.13 | Mem:0.00M, Peak:0.00M | Scene, ViewLayer | Synchronizing object | common_living_dining_balcony_cabinet_01_door_f0t
Fra:1 Mem:321.31M (Peak 322.50M) | Time:00:00.13 | Mem:0.00M, Peak:0.00M | Scene, ViewLayer | Synchronizing object | common_living_dining_balcony_cabinet_01_door_f0c
Fra:1 Mem:321.32M (Peak 322.50M) | Time:00:00.13 | Mem:0.00M, Peak:0.00M | Scene, ViewLayer | Synchronizing object | common_living_dining_balcony_cabinet_01_door_p0
Fra:1 Mem:321.32M (Peak 322.50M) | Time:00:00.13 | Mem:0.00M, Peak:0.00M | Scene, ViewLayer | Synchronizing object | common_living_dining_balcony_cabinet_01_door_f1r
Fra:1 Mem:321.33M (Peak 322.50M) | Time:00:00.13 | Mem:0.00M, Peak:0.00M | Scene, ViewLayer | Synchronizing object | common_living_dining_balcony_cabinet_01_door_f1t
Fra:1 Mem:321.34M (Peak 322.50M) | Time:00:00.13 | Mem:0.00M, Peak:0.00M | Scene, ViewLayer | Synchronizing object | common_living_dining_balcony_cabinet_01_door_p1
Fra:1 Mem:321.34M (Peak 322.50M) | Time:00:00.13 | Mem:0.00M, Peak:0.00M | Scene, ViewLayer | Synchronizing object | common_foyer_cabinet_01_body
Fra:1 Mem:321.42M (Peak 322.50M) | Time:00:00.13 | Mem:0.00M, Peak:0.00M | Scene, ViewLayer | Synchronizing object | common_foyer_cabinet_01_door_gapbg
Fra:1 Mem:321.43M (Peak 322.50M) | Time:00:00.13 | Mem:0.00M, Peak:0.00M | Scene, ViewLayer | Synchronizing object | common_foyer_cabinet_01_door_f0r
Fra:1 Mem:321.43M (Peak 322.50M) | Time:00:00.13 | Mem:0.00M, Peak:0.00M | Scene, ViewLayer | Synchronizing object | common_foyer_cabinet_01_door_f0b
Fra:1 Mem:321.47M (Peak 322.50M) | Time:00:00.13 | Mem:0.00M, Peak:0.00M | Scene, ViewLayer | Synchronizing object | fx_Bu_rec1
Fra:1 Mem:321.48M (Peak 322.50M) | Time:00:00.13 | Mem:0.00M, Peak:0.00M | Scene, ViewLayer | Synchronizing object | common_foyer_cabinet_01_door_f0t
Fra:1 Mem:321.49M (Peak 322.50M) | Time:00:00.13 | Mem:0.00M, Peak:0.00M | Scene, ViewLayer | Synchronizing object | common_foyer_cabinet_01_door_f0c
Fra:1 Mem:321.51M (Peak 322.50M) | Time:00:00.13 | Mem:0.00M, Peak:0.00M | Scene, ViewLayer | Synchronizing object | common_foyer_cabinet_01_door_f1l
Fra:1 Mem:321.51M (Peak 322.50M) | Time:00:00.13 | Mem:0.00M, Peak:0.00M | Scene, ViewLayer | Synchronizing object | common_foyer_cabinet_01_door_f1b
Fra:1 Mem:321.51M (Peak 322.50M) | Time:00:00.13 | Mem:0.00M, Peak:0.00M | Scene, ViewLayer | Synchronizing object | common_foyer_cabinet_01_door_f1c
Fra:1 Mem:321.52M (Peak 322.50M) | Time:00:00.13 | Mem:0.00M, Peak:0.00M | Scene, ViewLayer | Synchronizing object | common_foyer_cabinet_01_door_f2b
Fra:1 Mem:321.53M (Peak 322.50M) | Time:00:00.13 | Mem:0.00M, Peak:0.00M | Scene, ViewLayer | Synchronizing object | common_foyer_open_niche_01_top
Fra:1 Mem:321.54M (Peak 322.50M) | Time:00:00.13 | Mem:0.00M, Peak:0.00M | Scene, ViewLayer | Synchronizing object | common_foyer_open_niche_01_bottom
Fra:1 Mem:321.54M (Peak 322.50M) | Time:00:00.13 | Mem:0.00M, Peak:0.00M | Scene, ViewLayer | Synchronizing object | common_foyer_cabinet_02_body
Fra:1 Mem:321.57M (Peak 322.50M) | Time:00:00.13 | Mem:0.00M, Peak:0.00M | Scene, ViewLayer | Synchronizing object | common_foyer_cabinet_02_door_gapbg
Fra:1 Mem:321.58M (Peak 322.50M) | Time:00:00.13 | Mem:0.00M, Peak:0.00M | Scene, ViewLayer | Synchronizing object | common_foyer_cabinet_02_door_f0b
Fra:1 Mem:321.59M (Peak 322.50M) | Time:00:00.13 | Mem:0.00M, Peak:0.00M | Scene, ViewLayer | Synchronizing object | common_foyer_cabinet_02_door_f0t
Fra:1 Mem:321.59M (Peak 322.50M) | Time:00:00.13 | Mem:0.00M, Peak:0.00M | Scene, ViewLayer | Synchronizing object | common_foyer_cabinet_02_door_p0
Fra:1 Mem:321.61M (Peak 322.50M) | Time:00:00.13 | Mem:0.00M, Peak:0.00M | Scene, ViewLayer | Synchronizing object | common_foyer_cabinet_02_door_f1l
Fra:1 Mem:321.62M (Peak 322.50M) | Time:00:00.13 | Mem:0.00M, Peak:0.00M | Scene, ViewLayer | Synchronizing object | common_foyer_cabinet_02_door_f1r
Fra:1 Mem:321.62M (Peak 322.50M) | Time:00:00.13 | Mem:0.00M, Peak:0.00M | Scene, ViewLayer | Synchronizing object | common_foyer_cabinet_02_door_f1b
Fra:1 Mem:321.63M (Peak 322.50M) | Time:00:00.13 | Mem:0.00M, Peak:0.00M | Scene, ViewLayer | Synchronizing object | common_foyer_cabinet_02_door_f1t
Fra:1 Mem:321.63M (Peak 322.50M) | Time:00:00.13 | Mem:0.00M, Peak:0.00M | Scene, ViewLayer | Synchronizing object | common_foyer_cabinet_02_door_f1c
Fra:1 Mem:321.63M (Peak 322.50M) | Time:00:00.13 | Mem:0.00M, Peak:0.00M | Scene, ViewLayer | Synchronizing object | common_foyer_cabinet_02_door_p1
Fra:1 Mem:321.64M (Peak 322.50M) | Time:00:00.13 | Mem:0.00M, Peak:0.00M | Scene, ViewLayer | Synchronizing object | common_foyer_cabinet_02_door_f2l
Fra:1 Mem:321.64M (Peak 322.50M) | Time:00:00.13 | Mem:0.00M, Peak:0.00M | Scene, ViewLayer | Synchronizing object | common_foyer_cabinet_02_door_f2r
Fra:1 Mem:328.67M (Peak 328.67M) | Time:00:00.13 | Mem:0.00M, Peak:0.00M | Scene, ViewLayer | Synchronizing object | common_foyer_cabinet_02_door_f2t
Fra:1 Mem:328.67M (Peak 328.67M) | Time:00:00.13 | Mem:0.00M, Peak:0.00M | Scene, ViewLayer | Synchronizing object | common_foyer_cabinet_02_door_f2c
Fra:1 Mem:328.67M (Peak 328.67M) | Time:00:00.13 | Mem:0.00M, Peak:0.00M | Scene, ViewLayer | Synchronizing object | common_foyer_cabinet_02_door_p2
Fra:1 Mem:328.68M (Peak 328.68M) | Time:00:00.13 | Mem:0.00M, Peak:0.00M | Scene, ViewLayer | Synchronizing object | common_foyer_mirror_door_01_fr0
Fra:1 Mem:328.69M (Peak 328.69M) | Time:00:00.13 | Mem:0.00M, Peak:0.00M | Scene, ViewLayer | Synchronizing object | common_foyer_mirror_door_01_fr1
Fra:1 Mem:328.70M (Peak 328.70M) | Time:00:00.13 | Mem:0.00M, Peak:0.00M | Scene, ViewLayer | Synchronizing object | common_foyer_mirror_door_01_fr3
Fra:1 Mem:328.71M (Peak 328.71M) | Time:00:00.13 | Mem:0.00M, Peak:0.00M | Scene, ViewLayer | Synchronizing object | common_foyer_mirror_door_01_pull
Fra:1 Mem:328.71M (Peak 328.71M) | Time:00:00.13 | Mem:0.00M, Peak:0.00M | Scene, ViewLayer | Synchronizing object | common_elevator_hall_cabinet_01_door_f0l
Fra:1 Mem:328.73M (Peak 328.73M) | Time:00:00.13 | Mem:0.00M, Peak:0.00M | Scene, ViewLayer | Synchronizing object | common_elevator_hall_cabinet_01_door_f0r
Fra:1 Mem:328.78M (Peak 328.78M) | Time:00:00.13 | Mem:0.00M, Peak:0.00M | Scene, ViewLayer | Synchronizing object | common_elevator_hall_cabinet_01_door_f0b
Fra:1 Mem:328.82M (Peak 328.82M) | Time:00:00.13 | Mem:0.00M, Peak:0.00M | Scene, ViewLayer | Synchronizing object | common_elevator_hall_cabinet_01_door_f0t
Fra:1 Mem:328.83M (Peak 328.83M) | Time:00:00.13 | Mem:0.00M, Peak:0.00M | Scene, ViewLayer | Synchronizing object | fx_Bu_rec0
Fra:1 Mem:328.84M (Peak 328.84M) | Time:00:00.13 | Mem:0.00M, Peak:0.00M | Scene, ViewLayer | Synchronizing object | common_living_dining_balcony_bookcase_01_body
Fra:1 Mem:328.84M (Peak 328.84M) | Time:00:00.13 | Mem:0.00M, Peak:0.00M | Scene, ViewLayer | Synchronizing object | common_living_dining_balcony_bookcase_01_drw_f0
Fra:1 Mem:328.84M (Peak 328.84M) | Time:00:00.13 | Mem:0.00M, Peak:0.00M | Scene, ViewLayer | Synchronizing object | common_living_dining_balcony_bookcase_01_drw_gapbg
Fra:1 Mem:328.85M (Peak 328.85M) | Time:00:00.13 | Mem:0.00M, Peak:0.00M | Scene, ViewLayer | Synchronizing object | common_living_dining_balcony_bookcase_01_drw_f1
Fra:1 Mem:331.07M (Peak 331.07M) | Time:00:00.13 | Mem:0.00M, Peak:0.00M | Scene, ViewLayer | Synchronizing object | common_living_dining_balcony_bookcase_01_drw_slot1
Fra:1 Mem:331.08M (Peak 331.08M) | Time:00:00.13 | Mem:0.00M, Peak:0.00M | Scene, ViewLayer | Synchronizing object | common_living_dining_balcony_bookcase_01_drw_f2
Fra:1 Mem:331.09M (Peak 331.09M) | Time:00:00.13 | Mem:0.00M, Peak:0.00M | Scene, ViewLayer | Synchronizing object | common_living_dining_balcony_bookcase_01_drw_slot2
Fra:1 Mem:331.13M (Peak 331.13M) | Time:00:00.13 | Mem:0.00M, Peak:0.00M | Scene, ViewLayer | Synchronizing object | fx_Bs7_lip
Fra:1 Mem:331.14M (Peak 331.14M) | Time:00:00.13 | Mem:0.00M, Peak:0.00M | Scene, ViewLayer | Synchronizing object | fx_Bs7_neck
Fra:1 Mem:331.15M (Peak 331.15M) | Time:00:00.13 | Mem:0.00M, Peak:0.00M | Scene, ViewLayer | Synchronizing object | common_living_dining_balcony_bookcase_02_back
Fra:1 Mem:331.15M (Peak 331.15M) | Time:00:00.13 | Mem:0.00M, Peak:0.00M | Scene, ViewLayer | Synchronizing object | common_living_dining_balcony_bookcase_02_top
Fra:1 Mem:331.15M (Peak 331.15M) | Time:00:00.13 | Mem:0.00M, Peak:0.00M | Scene, ViewLayer | Synchronizing object | common_living_dining_balcony_bookcase_02_bot
Fra:1 Mem:331.15M (Peak 331.15M) | Time:00:00.13 | Mem:0.00M, Peak:0.00M | Scene, ViewLayer | Synchronizing object | common_living_dining_balcony_bookcase_02_endS
Fra:1 Mem:331.16M (Peak 331.16M) | Time:00:00.13 | Mem:0.00M, Peak:0.00M | Scene, ViewLayer | Synchronizing object | common_living_dining_balcony_bookcase_02_div1
Fra:1 Mem:331.16M (Peak 331.16M) | Time:00:00.13 | Mem:0.00M, Peak:0.00M | Scene, ViewLayer | Synchronizing object | common_living_dining_balcony_bookcase_02_door_p0
Fra:1 Mem:331.16M (Peak 331.16M) | Time:00:00.13 | Mem:0.00M, Peak:0.00M | Scene, ViewLayer | Synchronizing object | common_living_dining_balcony_bookcase_02_shelf2
Fra:1 Mem:331.17M (Peak 331.17M) | Time:00:00.13 | Mem:0.00M, Peak:0.00M | Scene, ViewLayer | Synchronizing object | common_living_dining_balcony_bookcase_02_gf_stS
Fra:1 Mem:331.17M (Peak 331.17M) | Time:00:00.13 | Mem:0.00M, Peak:0.00M | Scene, ViewLayer | Synchronizing object | common_living_dining_balcony_bookcase_02_gf_stN
Fra:1 Mem:331.18M (Peak 331.18M) | Time:00:00.13 | Mem:0.00M, Peak:0.00M | Scene, ViewLayer | Synchronizing object | common_living_dining_balcony_bookcase_02_gf_rlB
Fra:1 Mem:331.19M (Peak 331.19M) | Time:00:00.13 | Mem:0.00M, Peak:0.00M | Scene, ViewLayer | Synchronizing object | common_living_dining_balcony_bookcase_02_gf_rlT
Fra:1 Mem:331.19M (Peak 331.19M) | Time:00:00.13 | Mem:0.00M, Peak:0.00M | Scene, ViewLayer | Synchronizing object | common_living_dining_balcony_bookcase_02_gpane
Fra:1 Mem:331.20M (Peak 331.20M) | Time:00:00.13 | Mem:0.00M, Peak:0.00M | Scene, ViewLayer | Synchronizing object | common_living_dining_balcony_bookcase_02_gknob
Fra:1 Mem:331.21M (Peak 331.21M) | Time:00:00.13 | Mem:0.00M, Peak:0.00M | Scene, ViewLayer | Synchronizing object | common_living_dining_balcony_laundry_cabinet_01_door_gapbg
Fra:1 Mem:328.99M (Peak 331.21M) | Time:00:00.13 | Mem:0.00M, Peak:0.00M | Scene, ViewLayer | Synchronizing object | common_living_dining_balcony_laundry_cabinet_01_door_f1t
Fra:1 Mem:329.00M (Peak 331.21M) | Time:00:00.13 | Mem:0.00M, Peak:0.00M | Scene, ViewLayer | Synchronizing object | common_master_bedroom_wardrobe_01_body
Fra:1 Mem:329.00M (Peak 331.21M) | Time:00:00.13 | Mem:0.00M, Peak:0.00M | Scene, ViewLayer | Synchronizing object | common_master_bedroom_wardrobe_01_door_gapbg
Fra:1 Mem:329.00M (Peak 331.21M) | Time:00:00.13 | Mem:0.00M, Peak:0.00M | Scene, ViewLayer | Synchronizing object | common_master_bedroom_wardrobe_01_door_f0l
Fra:1 Mem:329.01M (Peak 331.21M) | Time:00:00.13 | Mem:0.00M, Peak:0.00M | Scene, ViewLayer | Synchronizing object | common_master_bedroom_wardrobe_01_door_f0r
Fra:1 Mem:333.27M (Peak 333.27M) | Time:00:00.13 | Mem:0.00M, Peak:0.00M | Scene, ViewLayer | Synchronizing object | common_master_bedroom_wardrobe_01_door_f0b
Fra:1 Mem:333.32M (Peak 333.32M) | Time:00:00.13 | Mem:0.00M, Peak:0.00M | Scene, ViewLayer | Synchronizing object | common_master_bedroom_wardrobe_01_door_f0t
Fra:1 Mem:333.35M (Peak 333.35M) | Time:00:00.13 | Mem:0.00M, Peak:0.00M | Scene, ViewLayer | Synchronizing object | fx_Bs6_f1
Fra:1 Mem:333.36M (Peak 333.36M) | Time:00:00.13 | Mem:0.00M, Peak:0.00M | Scene, ViewLayer | Synchronizing object | common_master_bedroom_wardrobe_01_door_f0c
Fra:1 Mem:333.37M (Peak 333.37M) | Time:00:00.13 | Mem:0.00M, Peak:0.00M | Scene, ViewLayer | Synchronizing object | common_master_bedroom_wardrobe_01_door_p0
Fra:1 Mem:333.37M (Peak 333.37M) | Time:00:00.13 | Mem:0.00M, Peak:0.00M | Scene, ViewLayer | Synchronizing object | common_master_bedroom_wardrobe_01_door_f1l
Fra:1 Mem:333.37M (Peak 333.37M) | Time:00:00.13 | Mem:0.00M, Peak:0.00M | Scene, ViewLayer | Synchronizing object | common_master_bedroom_wardrobe_01_door_f1t
Fra:1 Mem:333.38M (Peak 333.38M) | Time:00:00.13 | Mem:0.00M, Peak:0.00M | Scene, ViewLayer | Synchronizing object | common_master_bedroom_wardrobe_01_door_f1c
Fra:1 Mem:333.39M (Peak 333.39M) | Time:00:00.13 | Mem:0.00M, Peak:0.00M | Scene, ViewLayer | Synchronizing object | common_master_bedroom_wardrobe_01_door_f2t
Fra:1 Mem:333.40M (Peak 333.40M) | Time:00:00.13 | Mem:0.00M, Peak:0.00M | Scene, ViewLayer | Synchronizing object | common_master_bedroom_wardrobe_01_door_f3l
Fra:1 Mem:337.66M (Peak 337.66M) | Time:00:00.14 | Mem:0.00M, Peak:0.00M | Scene, ViewLayer | Synchronizing object | common_master_bedroom_wardrobe_01_door_f3b
Fra:1 Mem:337.66M (Peak 337.66M) | Time:00:00.14 | Mem:0.00M, Peak:0.00M | Scene, ViewLayer | Synchronizing object | common_master_bedroom_wardrobe_01_door_f4r
Fra:1 Mem:337.69M (Peak 337.69M) | Time:00:00.14 | Mem:0.00M, Peak:0.00M | Scene, ViewLayer | Synchronizing object | common_master_bedroom_wardrobe_01_door_f4b
Fra:1 Mem:337.70M (Peak 337.70M) | Time:00:00.14 | Mem:0.00M, Peak:0.00M | Scene, ViewLayer | Synchronizing object | common_master_bedroom_wardrobe_01_door_f4t
Fra:1 Mem:337.71M (Peak 337.71M) | Time:00:00.14 | Mem:0.00M, Peak:0.00M | Scene, ViewLayer | Synchronizing object | common_master_bedroom_wardrobe_01_door_f4c
Fra:1 Mem:337.71M (Peak 337.71M) | Time:00:00.14 | Mem:0.00M, Peak:0.00M | Scene, ViewLayer | Synchronizing object | common_master_bedroom_wardrobe_01_door_f5l
Fra:1 Mem:337.72M (Peak 337.72M) | Time:00:00.14 | Mem:0.00M, Peak:0.00M | Scene, ViewLayer | Synchronizing object | common_master_bedroom_wardrobe_01_door_f5r
Fra:1 Mem:337.72M (Peak 337.72M) | Time:00:00.14 | Mem:0.00M, Peak:0.00M | Scene, ViewLayer | Synchronizing object | common_master_bedroom_wardrobe_01_door_f5t
Fra:1 Mem:337.75M (Peak 337.75M) | Time:00:00.14 | Mem:0.00M, Peak:0.00M | Scene, ViewLayer | Synchronizing object | common_master_bedroom_wardrobe_01_door_f5c
Fra:1 Mem:337.76M (Peak 337.76M) | Time:00:00.14 | Mem:0.00M, Peak:0.00M | Scene, ViewLayer | Synchronizing object | common_master_bedroom_wardrobe_01_door_f6l
Fra:1 Mem:337.76M (Peak 337.76M) | Time:00:00.14 | Mem:0.00M, Peak:0.00M | Scene, ViewLayer | Synchronizing object | common_master_bedroom_wardrobe_01_door_f6r
Fra:1 Mem:337.79M (Peak 337.79M) | Time:00:00.14 | Mem:0.00M, Peak:0.00M | Scene, ViewLayer | Synchronizing object | common_master_bedroom_wardrobe_01_door_f6c
Fra:1 Mem:337.80M (Peak 337.80M) | Time:00:00.14 | Mem:0.00M, Peak:0.00M | Scene, ViewLayer | Synchronizing object | common_master_bedroom_open_niche_01_back
Fra:1 Mem:337.81M (Peak 337.81M) | Time:00:00.14 | Mem:0.00M, Peak:0.00M | Scene, ViewLayer | Synchronizing object | common_master_bedroom_open_niche_01_cheek1
Fra:1 Mem:337.82M (Peak 337.82M) | Time:00:00.14 | Mem:0.00M, Peak:0.00M | Scene, ViewLayer | Synchronizing object | common_master_bedroom_open_niche_01_top
Fra:1 Mem:337.83M (Peak 337.83M) | Time:00:00.14 | Mem:0.00M, Peak:0.00M | Scene, ViewLayer | Synchronizing object | common_master_bedroom_open_niche_01_bottom
Fra:1 Mem:337.84M (Peak 337.84M) | Time:00:00.14 | Mem:0.00M, Peak:0.00M | Scene, ViewLayer | Synchronizing object | common_master_bedroom_open_niche_01_sh1
Fra:1 Mem:337.84M (Peak 337.84M) | Time:00:00.14 | Mem:0.00M, Peak:0.00M | Scene, ViewLayer | Synchronizing object | common_master_bedroom_open_niche_01_sh2
Fra:1 Mem:337.84M (Peak 337.84M) | Time:00:00.14 | Mem:0.00M, Peak:0.00M | Scene, ViewLayer | Synchronizing object | common_master_bath_vanity_01_drw_gapbg
Fra:1 Mem:337.84M (Peak 337.84M) | Time:00:00.14 | Mem:0.00M, Peak:0.00M | Scene, ViewLayer | Synchronizing object | common_master_bath_vanity_01_drw_f0
Fra:1 Mem:337.85M (Peak 337.85M) | Time:00:00.14 | Mem:0.00M, Peak:0.00M | Scene, ViewLayer | Synchronizing object | common_master_bath_vanity_01_drw_p0
Fra:1 Mem:337.85M (Peak 337.85M) | Time:00:00.14 | Mem:0.00M, Peak:0.00M | Scene, ViewLayer | Synchronizing object | common_master_bath_vanity_01_drw_f1
Fra:1 Mem:337.87M (Peak 337.87M) | Time:00:00.14 | Mem:0.00M, Peak:0.00M | Scene, ViewLayer | Synchronizing object | common_master_bath_vanity_01_drw_p1
Fra:1 Mem:337.87M (Peak 337.87M) | Time:00:00.14 | Mem:0.00M, Peak:0.00M | Scene, ViewLayer | Synchronizing object | common_master_bath_vanity_01_top_s1
Fra:1 Mem:337.87M (Peak 337.87M) | Time:00:00.14 | Mem:0.00M, Peak:0.00M | Scene, ViewLayer | Synchronizing object | common_master_bath_vanity_01_top_s3
Fra:1 Mem:339.45M (Peak 339.45M) | Time:00:00.14 | Mem:0.00M, Peak:0.00M | Scene, ViewLayer | Synchronizing object | common_master_bath_vanity_01_top_s4
Fra:1 Mem:339.46M (Peak 339.46M) | Time:00:00.14 | Mem:0.00M, Peak:0.00M | Scene, ViewLayer | Synchronizing object | fx_Bs6_b3
Fra:1 Mem:339.51M (Peak 339.51M) | Time:00:00.14 | Mem:0.00M, Peak:0.00M | Scene, ViewLayer | Synchronizing object | common_master_bath_vanity_01_bowlW
Fra:1 Mem:339.51M (Peak 339.51M) | Time:00:00.14 | Mem:0.00M, Peak:0.00M | Scene, ViewLayer | Synchronizing object | common_master_bath_vanity_01_bowlE
Fra:1 Mem:339.53M (Peak 339.53M) | Time:00:00.14 | Mem:0.00M, Peak:0.00M | Scene, ViewLayer | Synchronizing object | common_master_bath_vanity_01_bowlN
Fra:1 Mem:339.53M (Peak 339.53M) | Time:00:00.14 | Mem:0.00M, Peak:0.00M | Scene, ViewLayer | Synchronizing object | common_master_bath_vanity_01_bowlS
Fra:1 Mem:339.53M (Peak 339.53M) | Time:00:00.14 | Mem:0.00M, Peak:0.00M | Scene, ViewLayer | Synchronizing object | common_master_bath_vanity_01_fc_base
Fra:1 Mem:339.54M (Peak 339.54M) | Time:00:00.14 | Mem:0.00M, Peak:0.00M | Scene, ViewLayer | Synchronizing object | common_master_bath_vanity_01_fc_riser
Fra:1 Mem:339.55M (Peak 339.55M) | Time:00:00.14 | Mem:0.00M, Peak:0.00M | Scene, ViewLayer | Synchronizing object | common_master_bath_toilet_01_tank
Fra:1 Mem:339.55M (Peak 339.55M) | Time:00:00.14 | Mem:0.00M, Peak:0.00M | Scene, ViewLayer | Synchronizing object | common_master_bath_shower_floor_01_pan
Fra:1 Mem:339.56M (Peak 339.56M) | Time:00:00.14 | Mem:0.00M, Peak:0.00M | Scene, ViewLayer | Synchronizing object | common_corridor_vanity_01_cab
Fra:1 Mem:339.56M (Peak 339.56M) | Time:00:00.14 | Mem:0.00M, Peak:0.00M | Scene, ViewLayer | Synchronizing object | common_corridor_vanity_01_drw_gapbg
Fra:1 Mem:339.57M (Peak 339.57M) | Time:00:00.14 | Mem:0.00M, Peak:0.00M | Scene, ViewLayer | Synchronizing object | common_corridor_vanity_01_drw_f0
Fra:1 Mem:339.57M (Peak 339.57M) | Time:00:00.14 | Mem:0.00M, Peak:0.00M | Scene, ViewLayer | Synchronizing object | common_corridor_vanity_01_drw_p0
Fra:1 Mem:339.58M (Peak 339.58M) | Time:00:00.14 | Mem:0.00M, Peak:0.00M | Scene, ViewLayer | Synchronizing object | common_corridor_vanity_01_drw_f1
Fra:1 Mem:339.58M (Peak 339.58M) | Time:00:00.14 | Mem:0.00M, Peak:0.00M | Scene, ViewLayer | Synchronizing object | common_corridor_vanity_01_drw_f2
Fra:1 Mem:339.64M (Peak 339.64M) | Time:00:00.14 | Mem:0.00M, Peak:0.00M | Scene, ViewLayer | Synchronizing object | common_corridor_vanity_01_top_s1
Fra:1 Mem:339.65M (Peak 339.65M) | Time:00:00.14 | Mem:0.00M, Peak:0.00M | Scene, ViewLayer | Synchronizing object | fx_Bs6_b1
Fra:1 Mem:339.65M (Peak 339.65M) | Time:00:00.14 | Mem:0.00M, Peak:0.00M | Scene, ViewLayer | Synchronizing object | fx_Bs6_b0
Fra:1 Mem:339.66M (Peak 339.66M) | Time:00:00.14 | Mem:0.00M, Peak:0.00M | Scene, ViewLayer | Synchronizing object | common_corridor_vanity_01_top_s2
Fra:1 Mem:343.91M (Peak 343.91M) | Time:00:00.14 | Mem:0.00M, Peak:0.00M | Scene, ViewLayer | Synchronizing object | common_corridor_vanity_01_top_s5
Fra:1 Mem:343.91M (Peak 343.91M) | Time:00:00.14 | Mem:0.00M, Peak:0.00M | Scene, ViewLayer | Synchronizing object | common_corridor_vanity_01_bowlW
Fra:1 Mem:343.91M (Peak 343.91M) | Time:00:00.14 | Mem:0.00M, Peak:0.00M | Scene, ViewLayer | Synchronizing object | common_corridor_vanity_01_bowlE
Fra:1 Mem:343.92M (Peak 343.92M) | Time:00:00.14 | Mem:0.00M, Peak:0.00M | Scene, ViewLayer | Synchronizing object | common_corridor_vanity_01_bowlN
Fra:1 Mem:343.92M (Peak 343.92M) | Time:00:00.14 | Mem:0.00M, Peak:0.00M | Scene, ViewLayer | Synchronizing object | common_corridor_vanity_01_bowlS
Fra:1 Mem:343.93M (Peak 343.93M) | Time:00:00.14 | Mem:0.00M, Peak:0.00M | Scene, ViewLayer | Synchronizing object | common_corridor_vanity_01_bowlB
Fra:1 Mem:343.93M (Peak 343.93M) | Time:00:00.14 | Mem:0.00M, Peak:0.00M | Scene, ViewLayer | Synchronizing object | common_corridor_vanity_01_fc353_riser
Fra:1 Mem:343.94M (Peak 343.94M) | Time:00:00.14 | Mem:0.00M, Peak:0.00M | Scene, ViewLayer | Synchronizing object | common_corridor_vanity_01_fc353_spout
Fra:1 Mem:343.95M (Peak 343.95M) | Time:00:00.14 | Mem:0.00M, Peak:0.00M | Scene, ViewLayer | Synchronizing object | common_corridor_vanity_01_fc353_tip
Fra:1 Mem:343.95M (Peak 343.95M) | Time:00:00.14 | Mem:0.00M, Peak:0.00M | Scene, ViewLayer | Synchronizing object | common_corridor_vanity_01_bowlN.001
Fra:1 Mem:343.95M (Peak 343.95M) | Time:00:00.14 | Mem:0.00M, Peak:0.00M | Scene, ViewLayer | Synchronizing object | common_corridor_vanity_01_bowlS.001
Fra:1 Mem:343.95M (Peak 343.95M) | Time:00:00.14 | Mem:0.00M, Peak:0.00M | Scene, ViewLayer | Synchronizing object | fx_Bs5_rec1
Fra:1 Mem:343.96M (Peak 343.96M) | Time:00:00.14 | Mem:0.00M, Peak:0.00M | Scene, ViewLayer | Synchronizing object | common_corridor_vanity_01_fc281_base
Fra:1 Mem:343.97M (Peak 343.97M) | Time:00:00.14 | Mem:0.00M, Peak:0.00M | Scene, ViewLayer | Synchronizing object | common_corridor_vanity_01_fc281_riser
Fra:1 Mem:343.97M (Peak 343.97M) | Time:00:00.14 | Mem:0.00M, Peak:0.00M | Scene, ViewLayer | Synchronizing object | common_corridor_vanity_01_fc281_spout
Fra:1 Mem:343.98M (Peak 343.98M) | Time:00:00.14 | Mem:0.00M, Peak:0.00M | Scene, ViewLayer | Synchronizing object | common_corridor_vanity_01_fc281_tip
Fra:1 Mem:343.99M (Peak 343.99M) | Time:00:00.14 | Mem:0.00M, Peak:0.00M | Scene, ViewLayer | Synchronizing object | common_corridor_mirror_cabinet_01_body
Fra:1 Mem:344.00M (Peak 344.00M) | Time:00:00.14 | Mem:0.00M, Peak:0.00M | Scene, ViewLayer | Synchronizing object | common_corridor_mirror_cabinet_01_mir_f0
Fra:1 Mem:344.00M (Peak 344.00M) | Time:00:00.14 | Mem:0.00M, Peak:0.00M | Scene, ViewLayer | Synchronizing object | common_public_bath_wet_shower_floor_01_drain
Fra:1 Mem:344.01M (Peak 344.01M) | Time:00:00.14 | Mem:0.00M, Peak:0.00M | Scene, ViewLayer | Synchronizing object | common_public_bath_wet_glass_partition_01_fr1
Fra:1 Mem:344.02M (Peak 344.02M) | Time:00:00.14 | Mem:0.00M, Peak:0.00M | Scene, ViewLayer | Synchronizing object | common_public_bath_wet_glass_partition_01_fr2
Fra:1 Mem:344.02M (Peak 344.02M) | Time:00:00.14 | Mem:0.00M, Peak:0.00M | Scene, ViewLayer | Synchronizing object | common_public_bath_wet_glass_partition_01_fr4
Fra:1 Mem:344.02M (Peak 344.02M) | Time:00:00.14 | Mem:0.00M, Peak:0.00M | Scene, ViewLayer | Synchronizing object | common_public_bath_wet_toilet_01_seat
Fra:1 Mem:344.05M (Peak 344.05M) | Time:00:00.14 | Mem:0.00M, Peak:0.00M | Scene, ViewLayer | Synchronizing object | fx_Bs5_rec0
Fra:1 Mem:344.10M (Peak 344.10M) | Time:00:00.14 | Mem:0.00M, Peak:0.00M | Scene, ViewLayer | Synchronizing object | common_public_bath_wet_toilet_01_tank
Fra:1 Mem:348.35M (Peak 348.35M) | Time:00:00.14 | Mem:0.00M, Peak:0.00M | Scene, ViewLayer | Synchronizing object | common_parents_room_wardrobe_01_slA_f1
Fra:1 Mem:348.36M (Peak 348.36M) | Time:00:00.14 | Mem:0.00M, Peak:0.00M | Scene, ViewLayer | Synchronizing object | common_parents_room_wardrobe_01_slA_f2
Fra:1 Mem:348.36M (Peak 348.36M) | Time:00:00.14 | Mem:0.00M, Peak:0.00M | Scene, ViewLayer | Synchronizing object | common_parents_room_wardrobe_01_slB_f1
Fra:1 Mem:348.37M (Peak 348.37M) | Time:00:00.14 | Mem:0.00M, Peak:0.00M | Scene, ViewLayer | Synchronizing object | common_parents_room_wardrobe_01_slB_f2
Fra:1 Mem:348.38M (Peak 348.38M) | Time:00:00.14 | Mem:0.00M, Peak:0.00M | Scene, ViewLayer | Synchronizing object | common_master_bedroom_screen_01_slat00
Fra:1 Mem:348.38M (Peak 348.38M) | Time:00:00.14 | Mem:0.00M, Peak:0.00M | Scene, ViewLayer | Synchronizing object | common_master_bedroom_screen_01_slat02
Fra:1 Mem:348.39M (Peak 348.39M) | Time:00:00.14 | Mem:0.00M, Peak:0.00M | Scene, ViewLayer | Synchronizing object | common_master_bedroom_screen_01_slat03
Fra:1 Mem:348.39M (Peak 348.39M) | Time:00:00.14 | Mem:0.00M, Peak:0.00M | Scene, ViewLayer | Synchronizing object | common_master_bedroom_screen_01_slat05
Fra:1 Mem:348.41M (Peak 348.41M) | Time:00:00.14 | Mem:0.00M, Peak:0.00M | Scene, ViewLayer | Synchronizing object | common_master_bedroom_screen_01_slat06
Fra:1 Mem:348.41M (Peak 348.41M) | Time:00:00.14 | Mem:0.00M, Peak:0.00M | Scene, ViewLayer | Synchronizing object | common_master_bedroom_screen_01_slat08
Fra:1 Mem:348.43M (Peak 348.43M) | Time:00:00.14 | Mem:0.00M, Peak:0.00M | Scene, ViewLayer | Synchronizing object | common_master_bedroom_screen_01_slat10
Fra:1 Mem:348.44M (Peak 348.44M) | Time:00:00.14 | Mem:0.00M, Peak:0.00M | Scene, ViewLayer | Synchronizing object | common_master_bedroom_screen_01_slat11
Fra:1 Mem:348.45M (Peak 348.45M) | Time:00:00.14 | Mem:0.00M, Peak:0.00M | Scene, ViewLayer | Synchronizing object | common_master_bedroom_screen_01_slat12
Fra:1 Mem:348.45M (Peak 348.45M) | Time:00:00.14 | Mem:0.00M, Peak:0.00M | Scene, ViewLayer | Synchronizing object | common_master_bedroom_screen_01_slat13
Fra:1 Mem:348.47M (Peak 348.47M) | Time:00:00.14 | Mem:0.00M, Peak:0.00M | Scene, ViewLayer | Synchronizing object | common_master_bedroom_screen_01_slat14
Fra:1 Mem:348.48M (Peak 348.48M) | Time:00:00.14 | Mem:0.00M, Peak:0.00M | Scene, ViewLayer | Synchronizing object | common_master_bedroom_screen_01_slat15
Fra:1 Mem:348.49M (Peak 348.49M) | Time:00:00.14 | Mem:0.00M, Peak:0.00M | Scene, ViewLayer | Synchronizing object | common_master_bedroom_screen_01_slat17
Fra:1 Mem:348.50M (Peak 348.50M) | Time:00:00.14 | Mem:0.00M, Peak:0.00M | Scene, ViewLayer | Synchronizing object | common_master_bedroom_screen_01_slat18
Fra:1 Mem:348.51M (Peak 348.51M) | Time:00:00.14 | Mem:0.00M, Peak:0.00M | Scene, ViewLayer | Synchronizing object | common_master_bedroom_screen_01_cap
Fra:1 Mem:348.52M (Peak 348.52M) | Time:00:00.14 | Mem:0.00M, Peak:0.00M | Scene, ViewLayer | Synchronizing object | mb_shower_mixer
Fra:1 Mem:348.52M (Peak 348.52M) | Time:00:00.14 | Mem:0.00M, Peak:0.00M | Scene, ViewLayer | Synchronizing object | mb_shower_arm
Fra:1 Mem:348.55M (Peak 348.55M) | Time:00:00.14 | Mem:0.00M, Peak:0.00M | Scene, ViewLayer | Synchronizing object | mb_shower_rain
Fra:1 Mem:348.56M (Peak 348.56M) | Time:00:00.14 | Mem:0.00M, Peak:0.00M | Scene, ViewLayer | Synchronizing object | fx_mb_niche_side0
Fra:1 Mem:348.56M (Peak 348.56M) | Time:00:00.14 | Mem:0.00M, Peak:0.00M | Scene, ViewLayer | Synchronizing object | fx_mb_niche_top
Fra:1 Mem:355.62M (Peak 355.62M) | Time:00:00.14 | Mem:0.00M, Peak:0.00M | Scene, ViewLayer | Synchronizing object | pb_shower_rail
Fra:1 Mem:355.62M (Peak 355.62M) | Time:00:00.14 | Mem:0.00M, Peak:0.00M | Scene, ViewLayer | Synchronizing object | pb_shower_hand
Fra:1 Mem:355.63M (Peak 355.63M) | Time:00:00.14 | Mem:0.00M, Peak:0.00M | Scene, ViewLayer | Synchronizing object | pb_shower_arm
Fra:1 Mem:355.63M (Peak 355.63M) | Time:00:00.14 | Mem:0.00M, Peak:0.00M | Scene, ViewLayer | Synchronizing object | pb_shower_rain
Fra:1 Mem:355.64M (Peak 355.64M) | Time:00:00.14 | Mem:0.00M, Peak:0.00M | Scene, ViewLayer | Synchronizing object | fx_pb_niche_back
Fra:1 Mem:355.65M (Peak 355.65M) | Time:00:00.14 | Mem:0.00M, Peak:0.00M | Scene, ViewLayer | Synchronizing object | fx_pb_niche_btm
Fra:1 Mem:355.65M (Peak 355.65M) | Time:00:00.14 | Mem:0.00M, Peak:0.00M | Scene, ViewLayer | Synchronizing object | fx_pb_niche_top
Fra:1 Mem:355.65M (Peak 355.65M) | Time:00:00.14 | Mem:0.00M, Peak:0.00M | Scene, ViewLayer | Synchronizing object | fx_stool_top
Fra:1 Mem:355.65M (Peak 355.65M) | Time:00:00.14 | Mem:0.00M, Peak:0.00M | Scene, ViewLayer | Synchronizing object | fx_stool_leg0
Fra:1 Mem:355.65M (Peak 355.65M) | Time:00:00.14 | Mem:0.00M, Peak:0.00M | Scene, ViewLayer | Synchronizing object | fx_Bs4_neck
Fra:1 Mem:355.66M (Peak 355.66M) | Time:00:00.14 | Mem:0.00M, Peak:0.00M | Scene, ViewLayer | Synchronizing object | fx_stool_leg2
Fra:1 Mem:355.66M (Peak 355.66M) | Time:00:00.14 | Mem:0.00M, Peak:0.00M | Scene, ViewLayer | Synchronizing object | fx_Bs4_pot
Fra:1 Mem:355.66M (Peak 355.66M) | Time:00:00.14 | Mem:0.00M, Peak:0.00M | Scene, ViewLayer | Synchronizing object | fx_stool_leg3
Fra:1 Mem:355.67M (Peak 355.67M) | Time:00:00.14 | Mem:0.00M, Peak:0.00M | Scene, ViewLayer | Synchronizing object | fx_Bs3_f1
Fra:1 Mem:355.67M (Peak 355.67M) | Time:00:00.14 | Mem:0.00M, Peak:0.00M | Scene, ViewLayer | Synchronizing object | common_living_dining_balcony_plant_01_stem
Fra:1 Mem:355.67M (Peak 355.67M) | Time:00:00.14 | Mem:0.00M, Peak:0.00M | Scene, ViewLayer | Synchronizing object | fx_Bs3_f0
Fra:1 Mem:355.68M (Peak 355.68M) | Time:00:00.14 | Mem:0.00M, Peak:0.00M | Scene, ViewLayer | Synchronizing object | common_living_dining_balcony_plant_01_leaf0
Fra:1 Mem:355.69M (Peak 355.69M) | Time:00:00.14 | Mem:0.00M, Peak:0.00M | Scene, ViewLayer | Synchronizing object | common_living_dining_balcony_plant_01_leaf1
Fra:1 Mem:355.69M (Peak 355.69M) | Time:00:00.14 | Mem:0.00M, Peak:0.00M | Scene, ViewLayer | Synchronizing object | common_living_dining_balcony_plant_01_leaf2
Fra:1 Mem:355.69M (Peak 355.69M) | Time:00:00.14 | Mem:0.00M, Peak:0.00M | Scene, ViewLayer | Synchronizing object | common_living_dining_balcony_plant_01_leaf4
Fra:1 Mem:355.69M (Peak 355.69M) | Time:00:00.14 | Mem:0.00M, Peak:0.00M | Scene, ViewLayer | Synchronizing object | common_living_dining_balcony_plant_01_leaf5
Fra:1 Mem:355.69M (Peak 355.69M) | Time:00:00.14 | Mem:0.00M, Peak:0.00M | Scene, ViewLayer | Synchronizing object | common_living_dining_balcony_plant_01_leaf7
Fra:1 Mem:355.70M (Peak 355.70M) | Time:00:00.14 | Mem:0.00M, Peak:0.00M | Scene, ViewLayer | Synchronizing object | common_living_dining_balcony_planter_01_pot
Fra:1 Mem:355.70M (Peak 355.70M) | Time:00:00.14 | Mem:0.00M, Peak:0.00M | Scene, ViewLayer | Synchronizing object | common_living_dining_balcony_stool_01_post
Fra:1 Mem:355.70M (Peak 355.70M) | Time:00:00.14 | Mem:0.00M, Peak:0.00M | Scene, ViewLayer | Synchronizing object | common_living_dining_balcony_stool_01_jar
Fra:1 Mem:355.72M (Peak 355.72M) | Time:00:00.14 | Mem:0.00M, Peak:0.00M | Scene, ViewLayer | Synchronizing object | common_living_dining_balcony_artwork_01_canvas
Fra:1 Mem:355.76M (Peak 355.76M) | Time:00:00.14 | Mem:0.00M, Peak:0.00M | Scene, ViewLayer | Synchronizing object | common_living_dining_balcony_artwork_01_lamp
Fra:1 Mem:355.78M (Peak 355.78M) | Time:00:00.14 | Mem:0.00M, Peak:0.00M | Scene, ViewLayer | Synchronizing object | common_master_bedroom_dressing_table_01_top
Fra:1 Mem:355.79M (Peak 355.79M) | Time:00:00.14 | Mem:0.00M, Peak:0.00M | Scene, ViewLayer | Synchronizing object | common_master_bedroom_dressing_table_01_topl
Fra:1 Mem:355.80M (Peak 355.80M) | Time:00:00.14 | Mem:0.00M, Peak:0.00M | Scene, ViewLayer | Synchronizing object | fx_Bs3_b4
Fra:1 Mem:355.81M (Peak 355.81M) | Time:00:00.14 | Mem:0.00M, Peak:0.00M | Scene, ViewLayer | Synchronizing object | common_master_bedroom_dressing_table_01_drw
Fra:1 Mem:355.81M (Peak 355.81M) | Time:00:00.14 | Mem:0.00M, Peak:0.00M | Scene, ViewLayer | Synchronizing object | common_master_bedroom_dressing_table_01drw_drw_gapbg
Fra:1 Mem:355.81M (Peak 355.81M) | Time:00:00.14 | Mem:0.00M, Peak:0.00M | Scene, ViewLayer | Synchronizing object | fx_Bs3_b3
Fra:1 Mem:355.81M (Peak 355.81M) | Time:00:00.14 | Mem:0.00M, Peak:0.00M | Scene, ViewLayer | Synchronizing object | common_master_bedroom_dressing_table_01drw_drw_f0
Fra:1 Mem:355.81M (Peak 355.81M) | Time:00:00.14 | Mem:0.00M, Peak:0.00M | Scene, ViewLayer | Synchronizing object | common_master_bedroom_dressing_table_01drw_drw_p0
Fra:1 Mem:355.81M (Peak 355.81M) | Time:00:00.14 | Mem:0.00M, Peak:0.00M | Scene, ViewLayer | Synchronizing object | common_master_bedroom_dressing_table_01drw_drw_p1
Fra:1 Mem:355.81M (Peak 355.81M) | Time:00:00.14 | Mem:0.00M, Peak:0.00M | Scene, ViewLayer | Synchronizing object | common_master_bedroom_dressing_table_01_upper
Fra:1 Mem:355.81M (Peak 355.81M) | Time:00:00.14 | Mem:0.00M, Peak:0.00M | Scene, ViewLayer | Synchronizing object | common_master_bedroom_dressing_table_01_door_gapbg
Fra:1 Mem:355.82M (Peak 355.82M) | Time:00:00.14 | Mem:0.00M, Peak:0.00M | Scene, ViewLayer | Synchronizing object | common_master_bedroom_dressing_table_01_door_f0l
Fra:1 Mem:355.82M (Peak 355.82M) | Time:00:00.14 | Mem:0.00M, Peak:0.00M | Scene, ViewLayer | Synchronizing object | common_master_bedroom_dressing_table_01_door_f0r
Fra:1 Mem:355.83M (Peak 355.83M) | Time:00:00.14 | Mem:0.00M, Peak:0.00M | Scene, ViewLayer | Synchronizing object | common_master_bedroom_dressing_table_01_door_f0b
Fra:1 Mem:355.83M (Peak 355.83M) | Time:00:00.14 | Mem:0.00M, Peak:0.00M | Scene, ViewLayer | Synchronizing object | common_master_bedroom_dressing_table_01_door_f0c
Fra:1 Mem:355.84M (Peak 355.84M) | Time:00:00.14 | Mem:0.00M, Peak:0.00M | Scene, ViewLayer | Synchronizing object | common_master_bedroom_dressing_table_01_door_p0
Fra:1 Mem:355.84M (Peak 355.84M) | Time:00:00.14 | Mem:0.00M, Peak:0.00M | Scene, ViewLayer | Synchronizing object | common_master_bedroom_dressing_table_01_door_f1r
Fra:1 Mem:355.84M (Peak 355.84M) | Time:00:00.14 | Mem:0.00M, Peak:0.00M | Scene, ViewLayer | Synchronizing object | common_master_bedroom_dressing_table_01_door_f1t
Fra:1 Mem:355.84M (Peak 355.84M) | Time:00:00.14 | Mem:0.00M, Peak:0.00M | Scene, ViewLayer | Synchronizing object | common_master_bedroom_dressing_table_01_door_f1c
Fra:1 Mem:355.85M (Peak 355.85M) | Time:00:00.14 | Mem:0.00M, Peak:0.00M | Scene, ViewLayer | Synchronizing object | common_master_bedroom_dressing_table_01_door_p1
Fra:1 Mem:355.86M (Peak 355.86M) | Time:00:00.14 | Mem:0.00M, Peak:0.00M | Scene, ViewLayer | Synchronizing object | common_master_bedroom_dressing_table_01_door_f2l
Fra:1 Mem:355.86M (Peak 355.86M) | Time:00:00.14 | Mem:0.00M, Peak:0.00M | Scene, ViewLayer | Synchronizing object | common_master_bedroom_dressing_table_01_door_f2r
Fra:1 Mem:355.87M (Peak 355.87M) | Time:00:00.14 | Mem:0.00M, Peak:0.00M | Scene, ViewLayer | Synchronizing object | common_master_bedroom_dressing_table_01_door_f2b
Fra:1 Mem:355.87M (Peak 355.87M) | Time:00:00.14 | Mem:0.00M, Peak:0.00M | Scene, ViewLayer | Synchronizing object | common_master_bedroom_dressing_table_01_mirror
Fra:1 Mem:355.89M (Peak 355.89M) | Time:00:00.14 | Mem:0.00M, Peak:0.00M | Scene, ViewLayer | Synchronizing object | common_master_bedroom_stool_01_pad
Fra:1 Mem:355.90M (Peak 355.90M) | Time:00:00.14 | Mem:0.00M, Peak:0.00M | Scene, ViewLayer | Synchronizing object | common_master_bedroom_stool_01_leg1
Fra:1 Mem:355.91M (Peak 355.91M) | Time:00:00.14 | Mem:0.00M, Peak:0.00M | Scene, ViewLayer | Synchronizing object | common_master_bedroom_stool_01_leg3
Fra:1 Mem:355.91M (Peak 355.91M) | Time:00:00.14 | Mem:0.00M, Peak:0.00M | Scene, ViewLayer | Synchronizing object | common_master_bedroom_bed_01_frame
Fra:1 Mem:355.92M (Peak 355.92M) | Time:00:00.14 | Mem:0.00M, Peak:0.00M | Scene, ViewLayer | Synchronizing object | common_master_bedroom_bed_01_duvet
Fra:1 Mem:355.93M (Peak 355.93M) | Time:00:00.14 | Mem:0.00M, Peak:0.00M | Scene, ViewLayer | Synchronizing object | common_master_bedroom_bed_01_duvetdrop
Fra:1 Mem:355.94M (Peak 355.94M) | Time:00:00.14 | Mem:0.00M, Peak:0.00M | Scene, ViewLayer | Synchronizing object | fx_Bs3_b1
Fra:1 Mem:355.94M (Peak 355.94M) | Time:00:00.14 | Mem:0.00M, Peak:0.00M | Scene, ViewLayer | Synchronizing object | common_master_bedroom_bed_01_pillow2
Fra:1 Mem:355.96M (Peak 355.96M) | Time:00:00.14 | Mem:0.00M, Peak:0.00M | Scene, ViewLayer | Synchronizing object | common_master_bedroom_bed_01_throw
Fra:1 Mem:355.97M (Peak 355.97M) | Time:00:00.14 | Mem:0.00M, Peak:0.00M | Scene, ViewLayer | Synchronizing object | common_master_bedroom_headboard_01_pad
Fra:1 Mem:355.98M (Peak 355.98M) | Time:00:00.14 | Mem:0.00M, Peak:0.00M | Scene, ViewLayer | Synchronizing object | common_master_bedroom_nightstand_01_drw_gapbg
Fra:1 Mem:355.99M (Peak 355.99M) | Time:00:00.14 | Mem:0.00M, Peak:0.00M | Scene, ViewLayer | Synchronizing object | common_master_bedroom_nightstand_01_drw_p0
Fra:1 Mem:356.00M (Peak 356.00M) | Time:00:00.14 | Mem:0.00M, Peak:0.00M | Scene, ViewLayer | Synchronizing object | common_master_bedroom_nightstand_01_leg0
Fra:1 Mem:356.00M (Peak 356.00M) | Time:00:00.14 | Mem:0.00M, Peak:0.00M | Scene, ViewLayer | Synchronizing object | common_master_bedroom_nightstand_01_leg1
Fra:1 Mem:356.00M (Peak 356.00M) | Time:00:00.14 | Mem:0.00M, Peak:0.00M | Scene, ViewLayer | Synchronizing object | common_master_bedroom_nightstand_01_leg3
Fra:1 Mem:356.00M (Peak 356.00M) | Time:00:00.14 | Mem:0.00M, Peak:0.00M | Scene, ViewLayer | Synchronizing object | common_master_bedroom_nightstand_02_drw_gapbg
Fra:1 Mem:356.00M (Peak 356.00M) | Time:00:00.14 | Mem:0.00M, Peak:0.00M | Scene, ViewLayer | Synchronizing object | common_master_bedroom_nightstand_02_drw_f0
Fra:1 Mem:356.01M (Peak 356.01M) | Time:00:00.14 | Mem:0.00M, Peak:0.00M | Scene, ViewLayer | Synchronizing object | common_master_bedroom_nightstand_02_drw_p0
Fra:1 Mem:356.02M (Peak 356.02M) | Time:00:00.14 | Mem:0.00M, Peak:0.00M | Scene, ViewLayer | Synchronizing object | common_master_bedroom_nightstand_02_leg0
Fra:1 Mem:356.03M (Peak 356.03M) | Time:00:00.14 | Mem:0.00M, Peak:0.00M | Scene, ViewLayer | Synchronizing object | common_master_bedroom_nightstand_02_leg1
Fra:1 Mem:356.04M (Peak 356.04M) | Time:00:00.14 | Mem:0.00M, Peak:0.00M | Scene, ViewLayer | Synchronizing object | common_master_bedroom_nightstand_02_leg3
Fra:1 Mem:356.05M (Peak 356.05M) | Time:00:00.14 | Mem:0.00M, Peak:0.00M | Scene, ViewLayer | Synchronizing object | common_master_bedroom_desk_01_top
Fra:1 Mem:357.18M (Peak 357.18M) | Time:00:00.14 | Mem:0.00M, Peak:0.00M | Scene, ViewLayer | Synchronizing object | common_master_bedroom_desk_01_drawer
Fra:1 Mem:357.19M (Peak 357.19M) | Time:00:00.14 | Mem:0.00M, Peak:0.00M | Scene, ViewLayer | Synchronizing object | common_master_bedroom_desk_01_leg1
Fra:1 Mem:357.21M (Peak 357.21M) | Time:00:00.14 | Mem:0.00M, Peak:0.00M | Scene, ViewLayer | Synchronizing object | common_master_bedroom_desk_01_leg2
Fra:1 Mem:357.21M (Peak 357.21M) | Time:00:00.14 | Mem:0.00M, Peak:0.00M | Scene, ViewLayer | Synchronizing object | common_master_bedroom_desk_01_monstand
Fra:1 Mem:357.22M (Peak 357.22M) | Time:00:00.14 | Mem:0.00M, Peak:0.00M | Scene, ViewLayer | Synchronizing object | common_master_bedroom_chair_01_seat
Fra:1 Mem:357.23M (Peak 357.23M) | Time:00:00.14 | Mem:0.00M, Peak:0.00M | Scene, ViewLayer | Synchronizing object | common_master_bedroom_chair_01_back
Fra:1 Mem:357.24M (Peak 357.24M) | Time:00:00.14 | Mem:0.00M, Peak:0.00M | Scene, ViewLayer | Synchronizing object | common_master_bedroom_chair_01_post
Fra:1 Mem:357.24M (Peak 357.24M) | Time:00:00.14 | Mem:0.00M, Peak:0.00M | Scene, ViewLayer | Synchronizing object | common_terrace_coffee_table_01_top
Fra:1 Mem:357.25M (Peak 357.25M) | Time:00:00.14 | Mem:0.00M, Peak:0.00M | Scene, ViewLayer | Synchronizing object | common_terrace_coffee_table_01_leg0
Fra:1 Mem:357.25M (Peak 357.25M) | Time:00:00.14 | Mem:0.00M, Peak:0.00M | Scene, ViewLayer | Synchronizing object | common_terrace_coffee_table_01_leg1
Fra:1 Mem:357.26M (Peak 357.26M) | Time:00:00.14 | Mem:0.00M, Peak:0.00M | Scene, ViewLayer | Synchronizing object | common_terrace_coffee_table_01_leg2
Fra:1 Mem:357.27M (Peak 357.27M) | Time:00:00.14 | Mem:0.00M, Peak:0.00M | Scene, ViewLayer | Synchronizing object | common_terrace_lounge_chair_01_seat
Fra:1 Mem:357.27M (Peak 357.27M) | Time:00:00.14 | Mem:0.00M, Peak:0.00M | Scene, ViewLayer | Synchronizing object | common_terrace_lounge_chair_01_cushion
Fra:1 Mem:357.27M (Peak 357.27M) | Time:00:00.14 | Mem:0.00M, Peak:0.00M | Scene, ViewLayer | Synchronizing object | common_terrace_lounge_chair_01_armp-1
Fra:1 Mem:357.27M (Peak 357.27M) | Time:00:00.14 | Mem:0.00M, Peak:0.00M | Scene, ViewLayer | Synchronizing object | common_terrace_lounge_chair_01_armp1
Fra:1 Mem:357.28M (Peak 357.28M) | Time:00:00.14 | Mem:0.00M, Peak:0.00M | Scene, ViewLayer | Synchronizing object | common_terrace_lounge_chair_01_leg1
Fra:1 Mem:357.29M (Peak 357.29M) | Time:00:00.14 | Mem:0.00M, Peak:0.00M | Scene, ViewLayer | Synchronizing object | common_terrace_lounge_chair_01_leg2
Fra:1 Mem:357.30M (Peak 357.30M) | Time:00:00.14 | Mem:0.00M, Peak:0.00M | Scene, ViewLayer | Synchronizing object | common_terrace_lounge_chair_02_seat
Fra:1 Mem:357.30M (Peak 357.30M) | Time:00:00.14 | Mem:0.00M, Peak:0.00M | Scene, ViewLayer | Synchronizing object | common_terrace_lounge_chair_02_cushion
Fra:1 Mem:357.30M (Peak 357.30M) | Time:00:00.14 | Mem:0.00M, Peak:0.00M | Scene, ViewLayer | Synchronizing object | common_terrace_lounge_chair_02_back1
Fra:1 Mem:357.31M (Peak 357.31M) | Time:00:00.14 | Mem:0.00M, Peak:0.00M | Scene, ViewLayer | Synchronizing object | common_terrace_lounge_chair_02_back2
Fra:1 Mem:357.32M (Peak 357.32M) | Time:00:00.14 | Mem:0.00M, Peak:0.00M | Scene, ViewLayer | Synchronizing object | common_terrace_lounge_chair_02_arm-1
Fra:1 Mem:357.33M (Peak 357.33M) | Time:00:00.14 | Mem:0.00M, Peak:0.00M | Scene, ViewLayer | Synchronizing object | common_terrace_lounge_chair_02_arm1
Fra:1 Mem:357.34M (Peak 357.34M) | Time:00:00.14 | Mem:0.00M, Peak:0.00M | Scene, ViewLayer | Synchronizing object | common_terrace_lounge_chair_02_armp1
Fra:1 Mem:356.26M (Peak 357.34M) | Time:00:00.14 | Mem:0.00M, Peak:0.00M | Scene, ViewLayer | Synchronizing object | common_terrace_lounge_chair_02_leg0
Fra:1 Mem:356.27M (Peak 357.34M) | Time:00:00.14 | Mem:0.00M, Peak:0.00M | Scene, ViewLayer | Synchronizing object | common_terrace_lounge_chair_02_leg1
Fra:1 Mem:356.28M (Peak 357.34M) | Time:00:00.14 | Mem:0.00M, Peak:0.00M | Scene, ViewLayer | Synchronizing object | common_terrace_lounge_chair_02_leg3
Fra:1 Mem:356.28M (Peak 357.34M) | Time:00:00.14 | Mem:0.00M, Peak:0.00M | Scene, ViewLayer | Synchronizing object | common_terrace_plant_01_pot
Fra:1 Mem:356.33M (Peak 357.34M) | Time:00:00.14 | Mem:0.00M, Peak:0.00M | Scene, ViewLayer | Synchronizing object | common_terrace_plant_01_stem
Fra:1 Mem:356.43M (Peak 357.34M) | Time:00:00.14 | Mem:0.00M, Peak:0.00M | Scene, ViewLayer | Synchronizing object | fx_Bs3_b0
Fra:1 Mem:356.53M (Peak 357.34M) | Time:00:00.14 | Mem:0.00M, Peak:0.00M | Scene, ViewLayer | Synchronizing object | fx_Bs2_rec2
Fra:1 Mem:356.77M (Peak 357.34M) | Time:00:00.14 | Mem:0.00M, Peak:0.00M | Scene, ViewLayer | Synchronizing object | common_terrace_plant_01_leaf0
Fra:1 Mem:357.37M (Peak 357.37M) | Time:00:00.14 | Mem:0.00M, Peak:0.00M | Scene, ViewLayer | Synchronizing object | common_terrace_plant_01_leaf1
Fra:1 Mem:357.51M (Peak 357.51M) | Time:00:00.14 | Mem:0.00M, Peak:0.00M | Scene, ViewLayer | Synchronizing object | common_terrace_plant_01_leaf2
Fra:1 Mem:357.57M (Peak 357.57M) | Time:00:00.14 | Mem:0.00M, Peak:0.00M | Scene, ViewLayer | Synchronizing object | common_terrace_plant_01_leaf3
Fra:1 Mem:357.65M (Peak 357.65M) | Time:00:00.14 | Mem:0.00M, Peak:0.00M | Scene, ViewLayer | Synchronizing object | common_terrace_plant_02_pot
Fra:1 Mem:357.73M (Peak 357.73M) | Time:00:00.14 | Mem:0.00M, Peak:0.00M | Scene, ViewLayer | Synchronizing object | common_terrace_plant_02_leaf0
Fra:1 Mem:357.76M (Peak 357.76M) | Time:00:00.14 | Mem:0.00M, Peak:0.00M | Scene, ViewLayer | Synchronizing object | common_terrace_plant_02_leaf1
Fra:1 Mem:357.84M (Peak 357.84M) | Time:00:00.14 | Mem:0.00M, Peak:0.00M | Scene, ViewLayer | Synchronizing object | common_terrace_plant_02_leaf3
Fra:1 Mem:357.95M (Peak 357.95M) | Time:00:00.14 | Mem:0.00M, Peak:0.00M | Scene, ViewLayer | Synchronizing object | common_terrace_plant_02_leaf4
Fra:1 Mem:358.03M (Peak 358.03M) | Time:00:00.14 | Mem:0.00M, Peak:0.00M | Scene, ViewLayer | Synchronizing object | common_terrace_plant_03_pot
Fra:1 Mem:358.08M (Peak 358.08M) | Time:00:00.14 | Mem:0.00M, Peak:0.00M | Scene, ViewLayer | Synchronizing object | common_terrace_plant_03_leaf0
Fra:1 Mem:358.10M (Peak 358.10M) | Time:00:00.14 | Mem:0.00M, Peak:0.00M | Scene, ViewLayer | Synchronizing object | common_terrace_plant_03_leaf1
Fra:1 Mem:358.11M (Peak 358.11M) | Time:00:00.14 | Mem:0.00M, Peak:0.00M | Scene, ViewLayer | Synchronizing object | common_terrace_plant_03_leaf3
Fra:1 Mem:358.11M (Peak 358.11M) | Time:00:00.14 | Mem:0.00M, Peak:0.00M | Scene, ViewLayer | Synchronizing object | common_terrace_plant_03_leaf4
Fra:1 Mem:358.11M (Peak 358.11M) | Time:00:00.14 | Mem:0.00M, Peak:0.00M | Scene, ViewLayer | Synchronizing object | common_terrace_plant_04_pot
Fra:1 Mem:358.13M (Peak 358.13M) | Time:00:00.14 | Mem:0.00M, Peak:0.00M | Scene, ViewLayer | Synchronizing object | common_terrace_plant_04_stem
Fra:1 Mem:358.13M (Peak 358.13M) | Time:00:00.14 | Mem:0.00M, Peak:0.00M | Scene, ViewLayer | Synchronizing object | common_terrace_plant_04_leaf0
Fra:1 Mem:358.16M (Peak 358.16M) | Time:00:00.14 | Mem:0.00M, Peak:0.00M | Scene, ViewLayer | Synchronizing object | fx_Bs2_rec0
Fra:1 Mem:358.16M (Peak 358.16M) | Time:00:00.14 | Mem:0.00M, Peak:0.00M | Scene, ViewLayer | Synchronizing object | fx_Bs2_recstand
Fra:1 Mem:358.17M (Peak 358.17M) | Time:00:00.14 | Mem:0.00M, Peak:0.00M | Scene, ViewLayer | Synchronizing object | fx_Bs1_lip
Fra:1 Mem:358.17M (Peak 358.17M) | Time:00:00.14 | Mem:0.00M, Peak:0.00M | Scene, ViewLayer | Synchronizing object | fx_Bs1_neck
Fra:1 Mem:358.18M (Peak 358.18M) | Time:00:00.14 | Mem:0.00M, Peak:0.00M | Scene, ViewLayer | Synchronizing object | fx_Bs1_pot
Fra:1 Mem:358.18M (Peak 358.18M) | Time:00:00.14 | Mem:0.00M, Peak:0.00M | Scene, ViewLayer | Synchronizing object | common_terrace_plant_04_leaf1
Fra:1 Mem:358.18M (Peak 358.18M) | Time:00:00.14 | Mem:0.00M, Peak:0.00M | Scene, ViewLayer | Synchronizing object | fx_Bs0_f1
Fra:1 Mem:358.18M (Peak 358.18M) | Time:00:00.14 | Mem:0.00M, Peak:0.00M | Scene, ViewLayer | Synchronizing object | common_terrace_plant_04_leaf2
Fra:1 Mem:358.19M (Peak 358.19M) | Time:00:00.14 | Mem:0.00M, Peak:0.00M | Scene, ViewLayer | Synchronizing object | common_terrace_plant_04_leaf3
Fra:1 Mem:358.19M (Peak 358.19M) | Time:00:00.14 | Mem:0.00M, Peak:0.00M | Scene, ViewLayer | Synchronizing object | fx_Bs0_f0
Fra:1 Mem:358.19M (Peak 358.19M) | Time:00:00.14 | Mem:0.00M, Peak:0.00M | Scene, ViewLayer | Synchronizing object | fx_Bs0_b4
Fra:1 Mem:358.19M (Peak 358.19M) | Time:00:00.14 | Mem:0.00M, Peak:0.00M | Scene, ViewLayer | Synchronizing object | common_parents_room_bed_01_mattress
Fra:1 Mem:358.19M (Peak 358.19M) | Time:00:00.14 | Mem:0.00M, Peak:0.00M | Scene, ViewLayer | Synchronizing object | common_parents_room_nightstand_01_drw_f0
Fra:1 Mem:358.20M (Peak 358.20M) | Time:00:00.14 | Mem:0.00M, Peak:0.00M | Scene, ViewLayer | Synchronizing object | common_parents_room_cushion_01_pad
Fra:1 Mem:358.20M (Peak 358.20M) | Time:00:00.14 | Mem:0.00M, Peak:0.00M | Scene, ViewLayer | Synchronizing object | common_parents_room_cushion_01_pil_olive
Fra:1 Mem:358.21M (Peak 358.21M) | Time:00:00.14 | Mem:0.00M, Peak:0.00M | Scene, ViewLayer | Synchronizing object | common_parents_room_cushion_01_pil_brick
Fra:1 Mem:358.21M (Peak 358.21M) | Time:00:00.14 | Mem:0.00M, Peak:0.00M | Scene, ViewLayer | Synchronizing object | common_parents_room_shelf_01_side0
Fra:1 Mem:358.22M (Peak 358.22M) | Time:00:00.14 | Mem:0.00M, Peak:0.00M | Scene, ViewLayer | Synchronizing object | common_parents_room_shelf_01_side1
Fra:1 Mem:358.22M (Peak 358.22M) | Time:00:00.14 | Mem:0.00M, Peak:0.00M | Scene, ViewLayer | Synchronizing object | common_parents_room_shelf_01_top
Fra:1 Mem:358.24M (Peak 358.24M) | Time:00:00.14 | Mem:0.00M, Peak:0.00M | Scene, ViewLayer | Synchronizing object | common_parents_room_shelf_01_sh1
Fra:1 Mem:358.25M (Peak 358.25M) | Time:00:00.14 | Mem:0.00M, Peak:0.00M | Scene, ViewLayer | Synchronizing object | common_parents_room_shelf_02_side0
Fra:1 Mem:358.25M (Peak 358.25M) | Time:00:00.14 | Mem:0.00M, Peak:0.00M | Scene, ViewLayer | Synchronizing object | common_parents_room_shelf_02_side1
Fra:1 Mem:358.26M (Peak 358.26M) | Time:00:00.14 | Mem:0.00M, Peak:0.00M | Scene, ViewLayer | Synchronizing object | common_parents_room_shelf_02_sh1
Fra:1 Mem:358.26M (Peak 358.26M) | Time:00:00.14 | Mem:0.00M, Peak:0.00M | Scene, ViewLayer | Synchronizing object | common_daughter_room_wardrobe_01_body
Fra:1 Mem:358.27M (Peak 358.27M) | Time:00:00.14 | Mem:0.00M, Peak:0.00M | Scene, ViewLayer | Synchronizing object | fx_Bs0_b2
Fra:1 Mem:358.27M (Peak 358.27M) | Time:00:00.14 | Mem:0.00M, Peak:0.00M | Scene, ViewLayer | Synchronizing object | common_daughter_room_wardrobe_01_door_kn0
Fra:1 Mem:358.27M (Peak 358.27M) | Time:00:00.14 | Mem:0.00M, Peak:0.00M | Scene, ViewLayer | Synchronizing object | common_daughter_room_wardrobe_01_door_f1
Fra:1 Mem:358.29M (Peak 358.29M) | Time:00:00.14 | Mem:0.00M, Peak:0.00M | Scene, ViewLayer | Synchronizing object | common_daughter_room_wardrobe_01_door_f2
Fra:1 Mem:358.29M (Peak 358.29M) | Time:00:00.14 | Mem:0.00M, Peak:0.00M | Scene, ViewLayer | Synchronizing object | common_daughter_room_wardrobe_01_door_kn2
Fra:1 Mem:358.32M (Peak 358.32M) | Time:00:00.14 | Mem:0.00M, Peak:0.00M | Scene, ViewLayer | Synchronizing object | common_daughter_room_wardrobe_01_door_kn3
Fra:1 Mem:358.32M (Peak 358.32M) | Time:00:00.14 | Mem:0.00M, Peak:0.00M | Scene, ViewLayer | Synchronizing object | common_daughter_room_wardrobe_02_door_gapbg
Fra:1 Mem:358.32M (Peak 358.32M) | Time:00:00.14 | Mem:0.00M, Peak:0.00M | Scene, ViewLayer | Synchronizing object | common_daughter_room_wardrobe_02_door_f0
Fra:1 Mem:358.32M (Peak 358.32M) | Time:00:00.14 | Mem:0.00M, Peak:0.00M | Scene, ViewLayer | Synchronizing object | common_daughter_room_wardrobe_02_door_f1
Fra:1 Mem:358.32M (Peak 358.32M) | Time:00:00.14 | Mem:0.00M, Peak:0.00M | Scene, ViewLayer | Synchronizing object | common_daughter_room_wardrobe_02_door_f2
Fra:1 Mem:358.34M (Peak 358.34M) | Time:00:00.14 | Mem:0.00M, Peak:0.00M | Scene, ViewLayer | Synchronizing object | common_daughter_room_wardrobe_02_door_kn2
Fra:1 Mem:358.34M (Peak 358.34M) | Time:00:00.14 | Mem:0.00M, Peak:0.00M | Scene, ViewLayer | Synchronizing object | common_daughter_room_bed_01_frame
Fra:1 Mem:358.35M (Peak 358.35M) | Time:00:00.14 | Mem:0.00M, Peak:0.00M | Scene, ViewLayer | Synchronizing object | common_daughter_room_bed_01_headboard
Fra:1 Mem:358.36M (Peak 358.36M) | Time:00:00.14 | Mem:0.00M, Peak:0.00M | Scene, ViewLayer | Synchronizing object | common_daughter_room_bed_01_duvetdrop
Fra:1 Mem:358.37M (Peak 358.37M) | Time:00:00.14 | Mem:0.00M, Peak:0.00M | Scene, ViewLayer | Synchronizing object | common_daughter_room_bed_01_duvetdrop2
Fra:1 Mem:358.37M (Peak 358.37M) | Time:00:00.14 | Mem:0.00M, Peak:0.00M | Scene, ViewLayer | Synchronizing object | common_daughter_room_bed_01_pillow2
Fra:1 Mem:358.37M (Peak 358.37M) | Time:00:00.14 | Mem:0.00M, Peak:0.00M | Scene, ViewLayer | Synchronizing object | common_daughter_room_bed_01_throw
Fra:1 Mem:358.38M (Peak 358.38M) | Time:00:00.14 | Mem:0.00M, Peak:0.00M | Scene, ViewLayer | Synchronizing object | common_daughter_room_shelf_01_side0
Fra:1 Mem:358.39M (Peak 358.39M) | Time:00:00.14 | Mem:0.00M, Peak:0.00M | Scene, ViewLayer | Synchronizing object | common_daughter_room_shelf_01_top
Fra:1 Mem:358.40M (Peak 358.40M) | Time:00:00.14 | Mem:0.00M, Peak:0.00M | Scene, ViewLayer | Synchronizing object | common_daughter_room_shelf_01_sh1
Fra:1 Mem:358.40M (Peak 358.40M) | Time:00:00.14 | Mem:0.00M, Peak:0.00M | Scene, ViewLayer | Synchronizing object | common_daughter_room_shelf_01_sh2
Fra:1 Mem:358.41M (Peak 358.41M) | Time:00:00.14 | Mem:0.00M, Peak:0.00M | Scene, ViewLayer | Synchronizing object | common_daughter_room_desk_01_top
Fra:1 Mem:358.42M (Peak 358.42M) | Time:00:00.14 | Mem:0.00M, Peak:0.00M | Scene, ViewLayer | Synchronizing object | common_daughter_room_desk_01_drawer
Fra:1 Mem:358.42M (Peak 358.42M) | Time:00:00.14 | Mem:0.00M, Peak:0.00M | Scene, ViewLayer | Synchronizing object | common_daughter_room_desk_01_leg2
Fra:1 Mem:358.43M (Peak 358.43M) | Time:00:00.14 | Mem:0.00M, Peak:0.00M | Scene, ViewLayer | Synchronizing object | common_daughter_room_desk_01_leg3
Fra:1 Mem:358.44M (Peak 358.44M) | Time:00:00.14 | Mem:0.00M, Peak:0.00M | Scene, ViewLayer | Synchronizing object | common_daughter_room_chair_01_back
Fra:1 Mem:358.44M (Peak 358.44M) | Time:00:00.14 | Mem:0.00M, Peak:0.00M | Scene, ViewLayer | Synchronizing object | common_daughter_room_chair_01_post
Fra:1 Mem:358.45M (Peak 358.45M) | Time:00:00.14 | Mem:0.00M, Peak:0.00M | Scene, ViewLayer | Synchronizing object | common_daughter_room_chair_01_base
Fra:1 Mem:358.46M (Peak 358.46M) | Time:00:00.14 | Mem:0.00M, Peak:0.00M | Scene, ViewLayer | Synchronizing object | common_son_room_wardrobe_01_body
Fra:1 Mem:358.48M (Peak 358.48M) | Time:00:00.14 | Mem:0.00M, Peak:0.00M | Scene, ViewLayer | Synchronizing object | common_son_room_wardrobe_01_slA_f0
Fra:1 Mem:358.49M (Peak 358.49M) | Time:00:00.14 | Mem:0.00M, Peak:0.00M | Scene, ViewLayer | Synchronizing object | common_son_room_wardrobe_01_slA_f1
Fra:1 Mem:358.49M (Peak 358.49M) | Time:00:00.14 | Mem:0.00M, Peak:0.00M | Scene, ViewLayer | Synchronizing object | common_son_room_wardrobe_01_slA_f2
Fra:1 Mem:358.50M (Peak 358.50M) | Time:00:00.14 | Mem:0.00M, Peak:0.00M | Scene, ViewLayer | Synchronizing object | common_son_room_wardrobe_01_slB_f0
Fra:1 Mem:358.51M (Peak 358.51M) | Time:00:00.14 | Mem:0.00M, Peak:0.00M | Scene, ViewLayer | Synchronizing object | common_son_room_wardrobe_01_slB_f2
Fra:1 Mem:358.51M (Peak 358.51M) | Time:00:00.14 | Mem:0.00M, Peak:0.00M | Scene, ViewLayer | Synchronizing object | common_son_room_bed_01_frame
Fra:1 Mem:358.51M (Peak 358.51M) | Time:00:00.14 | Mem:0.00M, Peak:0.00M | Scene, ViewLayer | Synchronizing object | common_son_room_bed_01_mattress
Fra:1 Mem:358.52M (Peak 358.52M) | Time:00:00.14 | Mem:0.00M, Peak:0.00M | Scene, ViewLayer | Synchronizing object | common_son_room_bed_01_duvet
Fra:1 Mem:365.58M (Peak 365.58M) | Time:00:00.14 | Mem:0.00M, Peak:0.00M | Scene, ViewLayer | Synchronizing object | common_son_room_bed_01_duvetdrop
Fra:1 Mem:365.58M (Peak 365.58M) | Time:00:00.14 | Mem:0.00M, Peak:0.00M | Scene, ViewLayer | Synchronizing object | common_son_room_bed_01_duvetdrop2
Fra:1 Mem:365.59M (Peak 365.59M) | Time:00:00.14 | Mem:0.00M, Peak:0.00M | Scene, ViewLayer | Synchronizing object | common_son_room_bed_01_pillow1
Fra:1 Mem:365.60M (Peak 365.60M) | Time:00:00.14 | Mem:0.00M, Peak:0.00M | Scene, ViewLayer | Synchronizing object | common_son_room_bed_01_pillow_acc
Fra:1 Mem:365.61M (Peak 365.61M) | Time:00:00.14 | Mem:0.00M, Peak:0.00M | Scene, ViewLayer | Synchronizing object | common_son_room_desk_01_top
Fra:1 Mem:365.62M (Peak 365.62M) | Time:00:00.14 | Mem:0.00M, Peak:0.00M | Scene, ViewLayer | Synchronizing object | common_son_room_desk_01_drawer
Fra:1 Mem:365.63M (Peak 365.63M) | Time:00:00.14 | Mem:0.00M, Peak:0.00M | Scene, ViewLayer | Synchronizing object | common_son_room_desk_01_leg0
Fra:1 Mem:365.63M (Peak 365.63M) | Time:00:00.14 | Mem:0.00M, Peak:0.00M | Scene, ViewLayer | Synchronizing object | common_son_room_desk_01_leg3
Fra:1 Mem:365.63M (Peak 365.63M) | Time:00:00.14 | Mem:0.00M, Peak:0.00M | Scene, ViewLayer | Synchronizing object | common_son_room_shelf_01_side1
Fra:1 Mem:365.64M (Peak 365.64M) | Time:00:00.14 | Mem:0.00M, Peak:0.00M | Scene, ViewLayer | Synchronizing object | common_son_room_shelf_01_top
Fra:1 Mem:365.65M (Peak 365.65M) | Time:00:00.14 | Mem:0.00M, Peak:0.00M | Scene, ViewLayer | Synchronizing object | common_son_room_chair_01_back
Fra:1 Mem:365.66M (Peak 365.66M) | Time:00:00.14 | Mem:0.00M, Peak:0.00M | Scene, ViewLayer | Synchronizing object | common_son_room_chair_01_post
Fra:1 Mem:365.66M (Peak 365.66M) | Time:00:00.14 | Mem:0.00M, Peak:0.00M | Scene, ViewLayer | Synchronizing object | common_son_room_chair_01_base
Fra:1 Mem:365.67M (Peak 365.67M) | Time:00:00.14 | Mem:0.00M, Peak:0.00M | Scene, ViewLayer | Synchronizing object | common_son_room_rug_01_pile
Fra:1 Mem:365.68M (Peak 365.68M) | Time:00:00.14 | Mem:0.00M, Peak:0.00M | Scene, ViewLayer | Synchronizing object | fx_curt_master_sheer
Fra:1 Mem:365.69M (Peak 365.69M) | Time:00:00.14 | Mem:0.00M, Peak:0.00M | Scene, ViewLayer | Synchronizing object | fx_curt_master_bo_w
Fra:1 Mem:365.70M (Peak 365.70M) | Time:00:00.14 | Mem:0.00M, Peak:0.00M | Scene, ViewLayer | Synchronizing object | fx_curt_master_bo_e
Fra:1 Mem:365.71M (Peak 365.71M) | Time:00:00.14 | Mem:0.00M, Peak:0.00M | Scene, ViewLayer | Synchronizing object | fx_curt_parents_sheer
Fra:1 Mem:365.71M (Peak 365.71M) | Time:00:00.14 | Mem:0.00M, Peak:0.00M | Scene, ViewLayer | Synchronizing object | fx_curt_parents_roller
Fra:1 Mem:365.72M (Peak 365.72M) | Time:00:00.14 | Mem:0.00M, Peak:0.00M | Scene, ViewLayer | Synchronizing object | fx_curt_daughter_sheer
Fra:1 Mem:365.73M (Peak 365.73M) | Time:00:00.14 | Mem:0.00M, Peak:0.00M | Scene, ViewLayer | Synchronizing object | fx_curt_daughter_bo_w
Fra:1 Mem:365.75M (Peak 365.75M) | Time:00:00.14 | Mem:0.00M, Peak:0.00M | Scene, ViewLayer | Synchronizing object | fx_curt_daughter_bo_e
Fra:1 Mem:365.76M (Peak 365.76M) | Time:00:00.14 | Mem:0.00M, Peak:0.00M | Scene, ViewLayer | Synchronizing object | fx_curt_son_sheer
Fra:1 Mem:365.77M (Peak 365.77M) | Time:00:00.14 | Mem:0.00M, Peak:0.00M | Scene, ViewLayer | Synchronizing object | fx_curt_son_bo_e
Fra:1 Mem:365.78M (Peak 365.78M) | Time:00:00.14 | Mem:0.00M, Peak:0.00M | Scene, ViewLayer | Synchronizing object | fx_blind_mb_head
Fra:1 Mem:365.79M (Peak 365.79M) | Time:00:00.14 | Mem:0.00M, Peak:0.00M | Scene, ViewLayer | Synchronizing object | fx_blind_mb_slats0
Fra:1 Mem:365.79M (Peak 365.79M) | Time:00:00.14 | Mem:0.00M, Peak:0.00M | Scene, ViewLayer | Synchronizing object | fx_blind_mb_slats1
Fra:1 Mem:365.79M (Peak 365.79M) | Time:00:00.14 | Mem:0.00M, Peak:0.00M | Scene, ViewLayer | Synchronizing object | fx_blind_mb_slats2
Fra:1 Mem:365.79M (Peak 365.79M) | Time:00:00.14 | Mem:0.00M, Peak:0.00M | Scene, ViewLayer | Synchronizing object | fx_blind_mb_slats3
Fra:1 Mem:365.79M (Peak 365.79M) | Time:00:00.14 | Mem:0.00M, Peak:0.00M | Scene, ViewLayer | Synchronizing object | fx_blind_mb_slats4
Fra:1 Mem:365.80M (Peak 365.80M) | Time:00:00.14 | Mem:0.00M, Peak:0.00M | Scene, ViewLayer | Synchronizing object | fx_blind_mb_slats5
Fra:1 Mem:365.81M (Peak 365.81M) | Time:00:00.14 | Mem:0.00M, Peak:0.00M | Scene, ViewLayer | Synchronizing object | fx_wall_lamp0
Fra:1 Mem:365.81M (Peak 365.81M) | Time:00:00.14 | Mem:0.00M, Peak:0.00M | Scene, ViewLayer | Synchronizing object | fx_wall_lamp1_sh
Fra:1 Mem:365.83M (Peak 365.83M) | Time:00:00.14 | Mem:0.00M, Peak:0.00M | Scene, ViewLayer | Synchronizing object | fx_wall_lamp2
Fra:1 Mem:365.83M (Peak 365.83M) | Time:00:00.15 | Mem:0.00M, Peak:0.00M | Scene, ViewLayer | Synchronizing object | fx_wall_lamp3_sh
Fra:1 Mem:365.83M (Peak 365.83M) | Time:00:00.15 | Mem:0.00M, Peak:0.00M | Scene, ViewLayer | Synchronizing object | fx_foyer_jar
Fra:1 Mem:365.84M (Peak 365.84M) | Time:00:00.15 | Mem:0.00M, Peak:0.00M | Scene, ViewLayer | Synchronizing object | fx_Bs0_b1
Fra:1 Mem:365.85M (Peak 365.85M) | Time:00:00.15 | Mem:0.00M, Peak:0.00M | Scene, ViewLayer | Synchronizing object | fx_foyer_pic
Fra:1 Mem:365.91M (Peak 365.91M) | Time:00:00.15 | Mem:0.00M, Peak:0.00M | Scene, ViewLayer | Synchronizing object | fx_kn_board
Fra:1 Mem:365.92M (Peak 365.92M) | Time:00:00.15 | Mem:0.00M, Peak:0.00M | Scene, ViewLayer | Synchronizing object | fx_kn_oil
Fra:1 Mem:365.92M (Peak 365.92M) | Time:00:00.15 | Mem:0.00M, Peak:0.00M | Scene, ViewLayer | Synchronizing object | fx_kn_herb
Fra:1 Mem:365.93M (Peak 365.93M) | Time:00:00.15 | Mem:0.00M, Peak:0.00M | Scene, ViewLayer | Synchronizing object | fx_kn_herb_leaf1
Fra:1 Mem:365.95M (Peak 365.95M) | Time:00:00.15 | Mem:0.00M, Peak:0.00M | Scene, ViewLayer | Synchronizing object | fx_kn_herb_leaf2
Fra:1 Mem:365.97M (Peak 365.97M) | Time:00:00.15 | Mem:0.00M, Peak:0.00M | Scene, ViewLayer | Synchronizing object | fx_island_tray
Fra:1 Mem:365.98M (Peak 365.98M) | Time:00:00.15 | Mem:0.00M, Peak:0.00M | Scene, ViewLayer | Synchronizing object | fx_bc_b0_1
Fra:1 Mem:365.99M (Peak 365.99M) | Time:00:00.15 | Mem:0.00M, Peak:0.00M | Scene, ViewLayer | Synchronizing object | fx_bc_b0_2
Fra:1 Mem:365.99M (Peak 365.99M) | Time:00:00.15 | Mem:0.00M, Peak:0.00M | Scene, ViewLayer | Synchronizing object | fx_bc_b0_4
Fra:1 Mem:366.01M (Peak 366.01M) | Time:00:00.15 | Mem:0.00M, Peak:0.00M | Scene, ViewLayer | Synchronizing object | fx_bc_b0f_0
Fra:1 Mem:366.00M (Peak 366.01M) | Time:00:00.15 | Mem:0.00M, Peak:0.00M | Scene, ViewLayer | Synchronizing object | fx_bc_b0f_1
Fra:1 Mem:358.98M (Peak 366.01M) | Time:00:00.15 | Mem:0.00M, Peak:0.00M | Scene, ViewLayer | Synchronizing object | fx_bc_potneck
Fra:1 Mem:358.98M (Peak 366.01M) | Time:00:00.15 | Mem:0.00M, Peak:0.00M | Scene, ViewLayer | Synchronizing object | fx_bc_potlip
Fra:1 Mem:358.99M (Peak 366.01M) | Time:00:00.15 | Mem:0.00M, Peak:0.00M | Scene, ViewLayer | Synchronizing object | fx_bc_frame
Fra:1 Mem:358.99M (Peak 366.01M) | Time:00:00.15 | Mem:0.00M, Peak:0.00M | Scene, ViewLayer | Synchronizing object | fx_bc_framein
Fra:1 Mem:358.99M (Peak 366.01M) | Time:00:00.15 | Mem:0.00M, Peak:0.00M | Scene, ViewLayer | Synchronizing object | fx_bc_rec0
Fra:1 Mem:358.99M (Peak 366.01M) | Time:00:00.15 | Mem:0.00M, Peak:0.00M | Scene, ViewLayer | Synchronizing object | fx_bc_rec2
Fra:1 Mem:359.00M (Peak 366.01M) | Time:00:00.15 | Mem:0.00M, Peak:0.00M | Scene, ViewLayer | Synchronizing object | fx_bc_recstand
Fra:1 Mem:359.00M (Peak 366.01M) | Time:00:00.15 | Mem:0.00M, Peak:0.00M | Scene, ViewLayer | Synchronizing object | fx_bc_b3_0
Fra:1 Mem:359.01M (Peak 366.01M) | Time:00:00.15 | Mem:0.00M, Peak:0.00M | Scene, ViewLayer | Synchronizing object | fx_bc_jar3
Fra:1 Mem:359.05M (Peak 366.01M) | Time:00:00.15 | Mem:0.00M, Peak:0.00M | Scene, ViewLayer | Synchronizing object | fx_bc_pot4
Fra:1 Mem:359.08M (Peak 366.01M) | Time:00:00.15 | Mem:0.00M, Peak:0.00M | Scene, ViewLayer | Synchronizing object | fx_bc_g0_0
Fra:1 Mem:359.09M (Peak 366.01M) | Time:00:00.15 | Mem:0.00M, Peak:0.00M | Scene, ViewLayer | Synchronizing object | fx_bc_g0_2
Fra:1 Mem:359.11M (Peak 366.01M) | Time:00:00.15 | Mem:0.00M, Peak:0.00M | Scene, ViewLayer | Synchronizing object | fx_bc_g1_1
Fra:1 Mem:359.99M (Peak 366.01M) | Time:00:00.15 | Mem:0.00M, Peak:0.00M | Scene, ViewLayer | Synchronizing object | fx_bc_g1_2
Fra:1 Mem:359.99M (Peak 366.01M) | Time:00:00.15 | Mem:0.00M, Peak:0.00M | Scene, ViewLayer | Synchronizing object | fx_bc_g1_3
Fra:1 Mem:360.00M (Peak 366.01M) | Time:00:00.15 | Mem:0.00M, Peak:0.00M | Scene, ViewLayer | Synchronizing object | fx_Bs0_b0
Fra:1 Mem:360.00M (Peak 366.01M) | Time:00:00.15 | Mem:0.00M, Peak:0.00M | Scene, ViewLayer | Synchronizing object | fx_bc_gpot2
Fra:1 Mem:360.00M (Peak 366.01M) | Time:00:00.15 | Mem:0.00M, Peak:0.00M | Scene, ViewLayer | Synchronizing object | fx_desk_book0
Fra:1 Mem:360.01M (Peak 366.01M) | Time:00:00.15 | Mem:0.00M, Peak:0.00M | Scene, ViewLayer | Synchronizing object | fx_fiddle_pot
Fra:1 Mem:360.01M (Peak 366.01M) | Time:00:00.15 | Mem:0.00M, Peak:0.00M | Scene, ViewLayer | Synchronizing object | fx_fiddle_leaf1
Fra:1 Mem:360.02M (Peak 366.01M) | Time:00:00.15 | Mem:0.00M, Peak:0.00M | Scene, ViewLayer | Synchronizing object | fx_fiddle_leaf2
Fra:1 Mem:360.02M (Peak 366.01M) | Time:00:00.15 | Mem:0.00M, Peak:0.00M | Scene, ViewLayer | Synchronizing object | fx_fiddle_leaf5
Fra:1 Mem:360.03M (Peak 366.01M) | Time:00:00.15 | Mem:0.00M, Peak:0.00M | Scene, ViewLayer | Synchronizing object | fx_fiddle_leaf6
Fra:1 Mem:360.03M (Peak 366.01M) | Time:00:00.15 | Mem:0.00M, Peak:0.00M | Scene, ViewLayer | Synchronizing object | f1_shoe_body
Fra:1 Mem:360.06M (Peak 366.01M) | Time:00:00.15 | Mem:0.00M, Peak:0.00M | Scene, ViewLayer | Synchronizing object | f1_shoe_side_s
Fra:1 Mem:360.06M (Peak 366.01M) | Time:00:00.15 | Mem:0.00M, Peak:0.00M | Scene, ViewLayer | Synchronizing object | f1_shoe_side_n
Fra:1 Mem:366.79M (Peak 366.79M) | Time:00:00.15 | Mem:0.00M, Peak:0.00M | Scene, ViewLayer | Synchronizing object | f1_shoe_lo_door_gapbg
Fra:1 Mem:366.79M (Peak 366.79M) | Time:00:00.15 | Mem:0.00M, Peak:0.00M | Scene, ViewLayer | Synchronizing object | fx_curt_living_bo_e_B
Fra:1 Mem:366.79M (Peak 366.79M) | Time:00:00.15 | Mem:0.00M, Peak:0.00M | Scene, ViewLayer | Synchronizing object | f1_shoe_lo_door_f0b
Fra:1 Mem:366.79M (Peak 366.79M) | Time:00:00.15 | Mem:0.00M, Peak:0.00M | Scene, ViewLayer | Synchronizing object | f1_shoe_lo_door_f0c
Fra:1 Mem:366.81M (Peak 366.81M) | Time:00:00.15 | Mem:0.00M, Peak:0.00M | Scene, ViewLayer | Synchronizing object | f1_shoe_hi_door_gapbg
Fra:1 Mem:366.81M (Peak 366.81M) | Time:00:00.15 | Mem:0.00M, Peak:0.00M | Scene, ViewLayer | Synchronizing object | f1_shoe_hi_door_f0l
Fra:1 Mem:366.81M (Peak 366.81M) | Time:00:00.15 | Mem:0.00M, Peak:0.00M | Scene, ViewLayer | Synchronizing object | f1_shoe_hi_door_f0b
Fra:1 Mem:366.81M (Peak 366.81M) | Time:00:00.15 | Mem:0.00M, Peak:0.00M | Scene, ViewLayer | Synchronizing object | f1_shoe_hi_door_f0t
Fra:1 Mem:366.82M (Peak 366.82M) | Time:00:00.15 | Mem:0.00M, Peak:0.00M | Scene, ViewLayer | Synchronizing object | f1_shoe_hi_door_p0
Fra:1 Mem:366.82M (Peak 366.82M) | Time:00:00.15 | Mem:0.00M, Peak:0.00M | Scene, ViewLayer | Synchronizing object | f1_shoe_niche_t
Fra:1 Mem:366.82M (Peak 366.82M) | Time:00:00.15 | Mem:0.00M, Peak:0.00M | Scene, ViewLayer | Synchronizing object | f1_shoe_niche_back
Fra:1 Mem:366.84M (Peak 366.84M) | Time:00:00.15 | Mem:0.00M, Peak:0.00M | Scene, ViewLayer | Synchronizing object | f1_shoe_light
Fra:1 Mem:366.85M (Peak 366.85M) | Time:00:00.15 | Mem:0.00M, Peak:0.00M | Scene, ViewLayer | Synchronizing object | f1_elc_body
Fra:1 Mem:366.85M (Peak 366.85M) | Time:00:00.15 | Mem:0.00M, Peak:0.00M | Scene, ViewLayer | Synchronizing object | f1_elc_lo_door_gapbg
Fra:1 Mem:366.85M (Peak 366.85M) | Time:00:00.15 | Mem:0.00M, Peak:0.00M | Scene, ViewLayer | Synchronizing object | f1_elc_lo_door_f0r
Fra:1 Mem:366.86M (Peak 366.86M) | Time:00:00.15 | Mem:0.00M, Peak:0.00M | Scene, ViewLayer | Synchronizing object | f1_elc_lo_door_f0b
Fra:1 Mem:366.87M (Peak 366.87M) | Time:00:00.15 | Mem:0.00M, Peak:0.00M | Scene, ViewLayer | Synchronizing object | fx_curt_living_bo_w_B
Fra:1 Mem:366.87M (Peak 366.87M) | Time:00:00.15 | Mem:0.00M, Peak:0.00M | Scene, ViewLayer | Synchronizing object | f1_elc_lo_door_f0t
Fra:1 Mem:366.88M (Peak 366.88M) | Time:00:00.15 | Mem:0.00M, Peak:0.00M | Scene, ViewLayer | Synchronizing object | f1_elc_lo_door_f0c
Fra:1 Mem:366.89M (Peak 366.89M) | Time:00:00.15 | Mem:0.00M, Peak:0.00M | Scene, ViewLayer | Synchronizing object | f1_elc_lo_door_f1l
Fra:1 Mem:366.89M (Peak 366.89M) | Time:00:00.15 | Mem:0.00M, Peak:0.00M | Scene, ViewLayer | Synchronizing object | f1_elc_lo_door_f1r
Fra:1 Mem:366.90M (Peak 366.90M) | Time:00:00.15 | Mem:0.00M, Peak:0.00M | Scene, ViewLayer | Synchronizing object | f1_elc_lo_door_f1t
Fra:1 Mem:366.91M (Peak 366.91M) | Time:00:00.15 | Mem:0.00M, Peak:0.00M | Scene, ViewLayer | Synchronizing object | f1_elc_lo_door_f1c
Fra:1 Mem:366.91M (Peak 366.91M) | Time:00:00.15 | Mem:0.00M, Peak:0.00M | Scene, ViewLayer | Synchronizing object | f1_elc_lo_door_f2l
Fra:1 Mem:366.93M (Peak 366.93M) | Time:00:00.15 | Mem:0.00M, Peak:0.00M | Scene, ViewLayer | Synchronizing object | f1_elc_lo_door_f2r
Fra:1 Mem:366.94M (Peak 366.94M) | Time:00:00.15 | Mem:0.00M, Peak:0.00M | Scene, ViewLayer | Synchronizing object | f1_elc_lo_door_f2b
Fra:1 Mem:366.94M (Peak 366.94M) | Time:00:00.15 | Mem:0.00M, Peak:0.00M | Scene, ViewLayer | Synchronizing object | f1_elc_lo_door_p2
Fra:1 Mem:366.98M (Peak 366.98M) | Time:00:00.15 | Mem:0.00M, Peak:0.00M | Scene, ViewLayer | Synchronizing object | f1_elc_hi_door_gapbg
Fra:1 Mem:366.99M (Peak 366.99M) | Time:00:00.15 | Mem:0.00M, Peak:0.00M | Scene, ViewLayer | Synchronizing object | f1_elc_hi_door_f0l
Fra:1 Mem:366.99M (Peak 366.99M) | Time:00:00.15 | Mem:0.00M, Peak:0.00M | Scene, ViewLayer | Synchronizing object | f1_elc_hi_door_f0c
Fra:1 Mem:367.01M (Peak 367.01M) | Time:00:00.15 | Mem:0.00M, Peak:0.00M | Scene, ViewLayer | Synchronizing object | f1_elc_hi_door_p0
Fra:1 Mem:367.02M (Peak 367.02M) | Time:00:00.15 | Mem:0.00M, Peak:0.00M | Scene, ViewLayer | Synchronizing object | f1_elc_hi_door_f1r
Fra:1 Mem:367.02M (Peak 367.02M) | Time:00:00.15 | Mem:0.00M, Peak:0.00M | Scene, ViewLayer | Synchronizing object | f1_elc_hi_door_f1b
Fra:1 Mem:367.03M (Peak 367.03M) | Time:00:00.15 | Mem:0.00M, Peak:0.00M | Scene, ViewLayer | Synchronizing object | f1_elc_hi_door_f1c
Fra:1 Mem:367.03M (Peak 367.03M) | Time:00:00.15 | Mem:0.00M, Peak:0.00M | Scene, ViewLayer | Synchronizing object | f1_elc_hi_door_p1
Fra:1 Mem:367.04M (Peak 367.04M) | Time:00:00.15 | Mem:0.00M, Peak:0.00M | Scene, ViewLayer | Synchronizing object | f1_elc_hi_door_f2l
Fra:1 Mem:367.04M (Peak 367.04M) | Time:00:00.15 | Mem:0.00M, Peak:0.00M | Scene, ViewLayer | Synchronizing object | f1_elc_hi_door_f2r
Fra:1 Mem:367.06M (Peak 367.06M) | Time:00:00.15 | Mem:0.00M, Peak:0.00M | Scene, ViewLayer | Synchronizing object | f1_elc_hi_door_f2b
Fra:1 Mem:367.06M (Peak 367.06M) | Time:00:00.15 | Mem:0.00M, Peak:0.00M | Scene, ViewLayer | Synchronizing object | f1_elc_hi_door_f2c
Fra:1 Mem:367.67M (Peak 367.67M) | Time:00:00.15 | Mem:0.00M, Peak:0.00M | Scene, ViewLayer | Synchronizing object | f1_elc_hi_door_p2
Fra:1 Mem:367.68M (Peak 367.68M) | Time:00:00.15 | Mem:0.00M, Peak:0.00M | Scene, ViewLayer | Synchronizing object | B_living_dining_balcony_floor_lamp_01_shade
Fra:1 Mem:367.56M (Peak 367.68M) | Time:00:00.15 | Mem:0.00M, Peak:0.00M | Scene, ViewLayer | Synchronizing object | f1_bench_leg0
Fra:1 Mem:367.57M (Peak 367.68M) | Time:00:00.15 | Mem:0.00M, Peak:0.00M | Scene, ViewLayer | Synchronizing object | f1_bench_leg1
Fra:1 Mem:367.57M (Peak 367.68M) | Time:00:00.15 | Mem:0.00M, Peak:0.00M | Scene, ViewLayer | Synchronizing object | f1_bench_leg2
Fra:1 Mem:367.57M (Peak 367.68M) | Time:00:00.15 | Mem:0.00M, Peak:0.00M | Scene, ViewLayer | Synchronizing object | f1_bench_seat
Fra:1 Mem:361.77M (Peak 367.68M) | Time:00:00.15 | Mem:0.00M, Peak:0.00M | Scene, ViewLayer | Synchronizing object | f1_night_light
Fra:1 Mem:361.80M (Peak 367.68M) | Time:00:00.15 | Mem:0.00M, Peak:0.00M | Scene, ViewLayer | Synchronizing object | fx_lamp_dau_base
Fra:1 Mem:361.81M (Peak 367.68M) | Time:00:00.15 | Mem:0.00M, Peak:0.00M | Scene, ViewLayer | Synchronizing object | fx_lamp_dau_head
Fra:1 Mem:361.83M (Peak 367.68M) | Time:00:00.15 | Mem:0.00M, Peak:0.00M | Scene, ViewLayer | Synchronizing object | fx_lamp_dau_bulb
Fra:1 Mem:344.82M (Peak 367.68M) | Time:00:00.15 | Mem:0.00M, Peak:0.00M | Scene, ViewLayer | Synchronizing object | fx_lamp_son_base
Fra:1 Mem:344.83M (Peak 367.68M) | Time:00:00.15 | Mem:0.00M, Peak:0.00M | Scene, ViewLayer | Synchronizing object | fx_lamp_son_head
Fra:1 Mem:344.85M (Peak 367.68M) | Time:00:00.15 | Mem:0.00M, Peak:0.00M | Scene, ViewLayer | Synchronizing object | fx_lamp_son_bulb
Fra:1 Mem:344.85M (Peak 367.68M) | Time:00:00.15 | Mem:0.00M, Peak:0.00M | Scene, ViewLayer | Synchronizing object | f1_grab_v
Fra:1 Mem:344.86M (Peak 367.68M) | Time:00:00.15 | Mem:0.00M, Peak:0.00M | Scene, ViewLayer | Synchronizing object | f1_grab_h
Fra:1 Mem:344.86M (Peak 367.68M) | Time:00:00.15 | Mem:0.00M, Peak:0.00M | Scene, ViewLayer | Synchronizing object | f1_fold_seat
Fra:1 Mem:344.87M (Peak 367.68M) | Time:00:00.15 | Mem:0.00M, Peak:0.00M | Scene, ViewLayer | Synchronizing object | f1_bar_v
Fra:1 Mem:344.36M (Peak 367.68M) | Time:00:00.15 | Mem:0.00M, Peak:0.00M | Scene, ViewLayer | Synchronizing object | f1_waterbar
Fra:1 Mem:344.36M (Peak 367.68M) | Time:00:00.15 | Mem:0.00M, Peak:0.00M | Scene, ViewLayer | Synchronizing object | f1_floorlt2
Fra:1 Mem:344.38M (Peak 367.68M) | Time:00:00.15 | Mem:0.00M, Peak:0.00M | Scene, ViewLayer | Synchronizing object | lt_sun
Fra:1 Mem:344.39M (Peak 367.68M) | Time:00:00.15 | Mem:0.00M, Peak:0.00M | Scene, ViewLayer | Synchronizing object | lt_spot_liv01
Fra:1 Mem:344.40M (Peak 367.68M) | Time:00:00.15 | Mem:0.00M, Peak:0.00M | Scene, ViewLayer | Synchronizing object | lt_spot_liv03
Fra:1 Mem:344.40M (Peak 367.68M) | Time:00:00.15 | Mem:0.00M, Peak:0.00M | Scene, ViewLayer | Synchronizing object | lt_spot_liv06
Fra:1 Mem:344.40M (Peak 367.68M) | Time:00:00.15 | Mem:0.00M, Peak:0.00M | Scene, ViewLayer | Synchronizing object | lt_spot_liv07
Fra:1 Mem:344.41M (Peak 367.68M) | Time:00:00.15 | Mem:0.00M, Peak:0.00M | Scene, ViewLayer | Synchronizing object | lt_spot_liv08
Fra:1 Mem:344.41M (Peak 367.68M) | Time:00:00.15 | Mem:0.00M, Peak:0.00M | Scene, ViewLayer | Synchronizing object | lt_spot_liv10
Fra:1 Mem:344.41M (Peak 367.68M) | Time:00:00.15 | Mem:0.00M, Peak:0.00M | Scene, ViewLayer | Synchronizing object | lt_spot_liv13
Fra:1 Mem:344.41M (Peak 367.68M) | Time:00:00.15 | Mem:0.00M, Peak:0.00M | Scene, ViewLayer | Synchronizing object | lt_spot_liv14
Fra:1 Mem:344.41M (Peak 367.68M) | Time:00:00.15 | Mem:0.00M, Peak:0.00M | Scene, ViewLayer | Synchronizing object | lt_spot_liv15
Fra:1 Mem:344.41M (Peak 367.68M) | Time:00:00.15 | Mem:0.00M, Peak:0.00M | Scene, ViewLayer | Synchronizing object | lt_spot_liv16
Fra:1 Mem:344.41M (Peak 367.68M) | Time:00:00.15 | Mem:0.00M, Peak:0.00M | Scene, ViewLayer | Synchronizing object | lt_spot_room0
Fra:1 Mem:344.41M (Peak 367.68M) | Time:00:00.15 | Mem:0.00M, Peak:0.00M | Scene, ViewLayer | Synchronizing object | lt_spot_room1
Fra:1 Mem:344.41M (Peak 367.68M) | Time:00:00.15 | Mem:0.00M, Peak:0.00M | Scene, ViewLayer | Synchronizing object | lt_spot_room2
Fra:1 Mem:344.43M (Peak 367.68M) | Time:00:00.15 | Mem:0.00M, Peak:0.00M | Scene, ViewLayer | Synchronizing object | lt_spot_room3
Fra:1 Mem:344.43M (Peak 367.68M) | Time:00:00.15 | Mem:0.00M, Peak:0.00M | Scene, ViewLayer | Synchronizing object | lt_spot_room4
Fra:1 Mem:344.44M (Peak 367.68M) | Time:00:00.15 | Mem:0.00M, Peak:0.00M | Scene, ViewLayer | Synchronizing object | lt_spot_room5
Fra:1 Mem:344.44M (Peak 367.68M) | Time:00:00.15 | Mem:0.00M, Peak:0.00M | Scene, ViewLayer | Synchronizing object | lt_spot_room7
Fra:1 Mem:343.65M (Peak 367.68M) | Time:00:00.15 | Mem:0.00M, Peak:0.00M | Scene, ViewLayer | Synchronizing object | lt_spot_room8
Fra:1 Mem:342.20M (Peak 367.68M) | Time:00:00.15 | Mem:0.00M, Peak:0.00M | Scene, ViewLayer | Synchronizing object | lt_spot_room9
Fra:1 Mem:342.20M (Peak 367.68M) | Time:00:00.15 | Mem:0.00M, Peak:0.00M | Scene, ViewLayer | Synchronizing object | lt_spot_room12
Fra:1 Mem:342.20M (Peak 367.68M) | Time:00:00.15 | Mem:0.00M, Peak:0.00M | Scene, ViewLayer | Synchronizing object | lt_spot_room13
Fra:1 Mem:342.20M (Peak 367.68M) | Time:00:00.15 | Mem:0.00M, Peak:0.00M | Scene, ViewLayer | Synchronizing object | lt_ceiling_master
Fra:1 Mem:342.20M (Peak 367.68M) | Time:00:00.15 | Mem:0.00M, Peak:0.00M | Scene, ViewLayer | Synchronizing object | lt_ceiling_daughter
Fra:1 Mem:342.20M (Peak 367.68M) | Time:00:00.15 | Mem:0.00M, Peak:0.00M | Scene, ViewLayer | Synchronizing object | lt_ceiling_son
Fra:1 Mem:342.20M (Peak 367.68M) | Time:00:00.15 | Mem:0.00M, Peak:0.00M | Scene, ViewLayer | Synchronizing object | lt_wall0
Fra:1 Mem:342.20M (Peak 367.68M) | Time:00:00.15 | Mem:0.00M, Peak:0.00M | Scene, ViewLayer | Synchronizing object | lt_wall2
Fra:1 Mem:342.21M (Peak 367.68M) | Time:00:00.15 | Mem:0.00M, Peak:0.00M | Scene, ViewLayer | Synchronizing object | lt_strip_S
Fra:1 Mem:342.21M (Peak 367.68M) | Time:00:00.15 | Mem:0.00M, Peak:0.00M | Scene, ViewLayer | Synchronizing object | lt_strip_W
Fra:1 Mem:346.46M (Peak 367.68M) | Time:00:00.15 | Mem:0.00M, Peak:0.00M | Scene, ViewLayer | Synchronizing object | lt_strip_E
Fra:1 Mem:346.47M (Peak 367.68M) | Time:00:00.15 | Mem:0.00M, Peak:0.00M | Scene, ViewLayer | Synchronizing object | B_living_dining_balcony_tv_01_base
Fra:1 Mem:346.48M (Peak 367.68M) | Time:00:00.15 | Mem:0.00M, Peak:0.00M | Scene, ViewLayer | Synchronizing object | lt_strip_kc1
Fra:1 Mem:346.48M (Peak 367.68M) | Time:00:00.15 | Mem:0.00M, Peak:0.00M | Scene, ViewLayer | Synchronizing object | B_living_dining_balcony_tv_01_brace2
Fra:1 Mem:346.48M (Peak 367.68M) | Time:00:00.15 | Mem:0.00M, Peak:0.00M | Scene, ViewLayer | Synchronizing object | B_living_dining_balcony_tv_01_brace1
Fra:1 Mem:346.48M (Peak 367.68M) | Time:00:00.15 | Mem:0.00M, Peak:0.00M | Scene, ViewLayer | Synchronizing object | lt_strip_bc
Fra:1 Mem:346.48M (Peak 367.68M) | Time:00:00.15 | Mem:0.00M, Peak:0.00M | Scene, ViewLayer | Synchronizing object | lt_strip_mb
Fra:1 Mem:346.48M (Peak 367.68M) | Time:00:00.15 | Mem:0.00M, Peak:0.00M | Scene, ViewLayer | Synchronizing object | lt_strip_cb
Fra:1 Mem:346.48M (Peak 367.68M) | Time:00:00.15 | Mem:0.00M, Peak:0.00M | Scene, ViewLayer | Synchronizing object | lt_strip_dt
Fra:1 Mem:346.48M (Peak 367.68M) | Time:00:00.15 | Mem:0.00M, Peak:0.00M | Scene, ViewLayer | Synchronizing object | lt_fill_pbath
Fra:1 Mem:346.49M (Peak 367.68M) | Time:00:00.15 | Mem:0.00M, Peak:0.00M | Scene, ViewLayer | Synchronizing object | B_living_dining_balcony_island_01_backN
Fra:1 Mem:363.48M (Peak 367.68M) | Time:00:00.15 | Mem:0.00M, Peak:0.00M | Scene, ViewLayer | Synchronizing object | B_living_dining_balcony_island_01_niche
Fra:1 Mem:363.48M (Peak 367.68M) | Time:00:00.15 | Mem:0.00M, Peak:0.00M | Scene, ViewLayer | Synchronizing object | B_living_dining_balcony_island_01_sh0
Fra:1 Mem:363.48M (Peak 367.68M) | Time:00:00.15 | Mem:0.00M, Peak:0.00M | Scene, ViewLayer | Synchronizing object | B_living_dining_balcony_island_01_sh1
Fra:1 Mem:363.50M (Peak 367.68M) | Time:00:00.15 | Mem:0.00M, Peak:0.00M | Scene, ViewLayer | Synchronizing object | B_living_dining_balcony_tv_01_pole
Fra:1 Mem:363.50M (Peak 367.68M) | Time:00:00.15 | Mem:0.00M, Peak:0.00M | Scene, ViewLayer | Synchronizing object | B_living_dining_balcony_island_01_top
Fra:1 Mem:363.51M (Peak 367.68M) | Time:00:00.15 | Mem:0.00M, Peak:0.00M | Scene, ViewLayer | Synchronizing object | B_living_dining_balcony_tv_01_screen
Fra:1 Mem:363.52M (Peak 367.68M) | Time:00:00.15 | Mem:0.00M, Peak:0.00M | Scene, ViewLayer | Synchronizing object | B_living_dining_balcony_rug_01_pile
Fra:1 Mem:363.52M (Peak 367.68M) | Time:00:00.15 | Mem:0.00M, Peak:0.00M | Scene, ViewLayer | Synchronizing object | B_living_dining_balcony_side_table_01_leg2
Fra:1 Mem:363.52M (Peak 367.68M) | Time:00:00.15 | Mem:0.00M, Peak:0.00M | Scene, ViewLayer | Synchronizing object | B_living_dining_balcony_side_table_01_leg1
Fra:1 Mem:363.52M (Peak 367.68M) | Time:00:00.15 | Mem:0.00M, Peak:0.00M | Scene, ViewLayer | Synchronizing object | B_living_dining_balcony_side_table_01_leg0
Fra:1 Mem:363.52M (Peak 367.68M) | Time:00:00.15 | Mem:0.00M, Peak:0.00M | Scene, ViewLayer | Synchronizing object | B_living_dining_balcony_side_table_01_top
Fra:1 Mem:363.53M (Peak 367.68M) | Time:00:00.15 | Mem:0.00M, Peak:0.00M | Scene, ViewLayer | Synchronizing object | B_living_dining_balcony_sofa_02_arm1
Fra:1 Mem:363.54M (Peak 367.68M) | Time:00:00.15 | Mem:0.00M, Peak:0.00M | Scene, ViewLayer | Synchronizing object | B_living_dining_balcony_sofa_02_arm0
Fra:1 Mem:363.55M (Peak 367.68M) | Time:00:00.15 | Mem:0.00M, Peak:0.00M | Scene, ViewLayer | Synchronizing object | B_living_dining_balcony_sofa_02_seat1
Fra:1 Mem:363.55M (Peak 367.68M) | Time:00:00.15 | Mem:0.00M, Peak:0.00M | Scene, ViewLayer | Synchronizing object | B_living_dining_balcony_sofa_02_seat0
Fra:1 Mem:363.55M (Peak 367.68M) | Time:00:00.15 | Mem:0.00M, Peak:0.00M | Scene, ViewLayer | Synchronizing object | B_living_dining_balcony_cabinet_01_body
Fra:1 Mem:363.56M (Peak 367.68M) | Time:00:00.15 | Mem:0.00M, Peak:0.00M | Scene, ViewLayer | Synchronizing object | B_living_dining_balcony_cabinet_01_door_f0l
Fra:1 Mem:363.58M (Peak 367.68M) | Time:00:00.15 | Mem:0.00M, Peak:0.00M | Scene, ViewLayer | Synchronizing object | B_living_dining_balcony_cabinet_01_door_f0r
Fra:1 Mem:363.59M (Peak 367.68M) | Time:00:00.15 | Mem:0.00M, Peak:0.00M | Scene, ViewLayer | Synchronizing object | B_living_dining_balcony_sofa_02_back0
Fra:1 Mem:363.59M (Peak 367.68M) | Time:00:00.15 | Mem:0.00M, Peak:0.00M | Scene, ViewLayer | Synchronizing object | B_living_dining_balcony_cabinet_01_door_f0t
Fra:1 Mem:363.59M (Peak 367.68M) | Time:00:00.15 | Mem:0.00M, Peak:0.00M | Scene, ViewLayer | Synchronizing object | B_living_dining_balcony_cabinet_01_door_f1c
Fra:1 Mem:363.60M (Peak 367.68M) | Time:00:00.15 | Mem:0.00M, Peak:0.00M | Scene, ViewLayer | Synchronizing object | B_living_dining_balcony_cabinet_01_door_f2c
Fra:1 Mem:365.85M (Peak 367.68M) | Time:00:00.15 | Mem:0.00M, Peak:0.00M | Scene, ViewLayer | Synchronizing object | B_living_dining_balcony_cabinet_01_door_f3l
Fra:1 Mem:365.86M (Peak 367.68M) | Time:00:00.15 | Mem:0.00M, Peak:0.00M | Scene, ViewLayer | Synchronizing object | B_living_dining_balcony_cabinet_01_door_f3r
Fra:1 Mem:365.86M (Peak 367.68M) | Time:00:00.15 | Mem:0.00M, Peak:0.00M | Scene, ViewLayer | Synchronizing object | B_living_dining_balcony_cabinet_01_door_f3t
Fra:1 Mem:365.88M (Peak 367.68M) | Time:00:00.15 | Mem:0.00M, Peak:0.00M | Scene, ViewLayer | Synchronizing object | B_living_dining_balcony_cabinet_01_door_f3c
Fra:1 Mem:365.89M (Peak 367.68M) | Time:00:00.15 | Mem:0.00M, Peak:0.00M | Scene, ViewLayer | Synchronizing object | B_living_dining_balcony_cabinet_01_door_p3
Fra:1 Mem:365.90M (Peak 367.68M) | Time:00:00.15 | Mem:0.00M, Peak:0.00M | Scene, ViewLayer | Synchronizing object | B_living_dining_balcony_cabinet_01_door_f4r
Fra:1 Mem:365.92M (Peak 367.68M) | Time:00:00.15 | Mem:0.00M, Peak:0.00M | Scene, ViewLayer | Synchronizing object | B_living_dining_balcony_cabinet_01_door_f4b
Fra:1 Mem:365.92M (Peak 367.68M) | Time:00:00.15 | Mem:0.00M, Peak:0.00M | Scene, ViewLayer | Synchronizing object | B_living_dining_balcony_cabinet_01_door_f4t
Fra:1 Mem:365.93M (Peak 367.68M) | Time:00:00.15 | Mem:0.00M, Peak:0.00M | Scene, ViewLayer | Synchronizing object | B_living_dining_balcony_cabinet_01_door_f4c
Fra:1 Mem:365.93M (Peak 367.68M) | Time:00:00.15 | Mem:0.00M, Peak:0.00M | Scene, ViewLayer | Synchronizing object | B_living_dining_balcony_cabinet_01_door_p4
Fra:1 Mem:365.95M (Peak 367.68M) | Time:00:00.15 | Mem:0.00M, Peak:0.00M | Scene, ViewLayer | Synchronizing object | B_living_dining_balcony_cabinet_01_door_f5l
Fra:1 Mem:365.95M (Peak 367.68M) | Time:00:00.15 | Mem:0.00M, Peak:0.00M | Scene, ViewLayer | Synchronizing object | B_living_dining_balcony_cabinet_01_door_f5r
Fra:1 Mem:365.97M (Peak 367.68M) | Time:00:00.15 | Mem:0.00M, Peak:0.00M | Scene, ViewLayer | Synchronizing object | B_living_dining_balcony_cabinet_01_door_f5t
Fra:1 Mem:365.97M (Peak 367.68M) | Time:00:00.15 | Mem:0.00M, Peak:0.00M | Scene, ViewLayer | Synchronizing object | B_living_dining_balcony_cabinet_01_door_f5c
Fra:1 Mem:365.99M (Peak 367.68M) | Time:00:00.15 | Mem:0.00M, Peak:0.00M | Scene, ViewLayer | Synchronizing object | B_living_dining_balcony_cabinet_01_door_p5
Fra:1 Mem:365.99M (Peak 367.68M) | Time:00:00.15 | Mem:0.00M, Peak:0.00M | Scene, ViewLayer | Synchronizing object | B_living_dining_balcony_cabinet_01_door_f6l
Fra:1 Mem:365.99M (Peak 367.68M) | Time:00:00.15 | Mem:0.00M, Peak:0.00M | Scene, ViewLayer | Synchronizing object | B_living_dining_balcony_cabinet_01_door_f6r
Fra:1 Mem:366.01M (Peak 367.68M) | Time:00:00.15 | Mem:0.00M, Peak:0.00M | Scene, ViewLayer | Synchronizing object | B_living_dining_balcony_cabinet_01_door_f6b
Fra:1 Mem:366.01M (Peak 367.68M) | Time:00:00.15 | Mem:0.00M, Peak:0.00M | Scene, ViewLayer | Synchronizing object | B_living_dining_balcony_cabinet_01_door_f6c
Fra:1 Mem:366.03M (Peak 367.68M) | Time:00:00.15 | Mem:0.00M, Peak:0.00M | Scene, ViewLayer | Synchronizing object | B_living_dining_balcony_cabinet_01_door_p6
Fra:1 Mem:366.10M (Peak 367.68M) | Time:00:00.15 | Mem:0.00M, Peak:0.00M | Scene, ViewLayer | Synchronizing object | B_living_dining_balcony_sofa_01_pillow_brick
Fra:1 Mem:366.12M (Peak 367.68M) | Time:00:00.15 | Mem:0.00M, Peak:0.00M | Scene, ViewLayer | Synchronizing object | B_living_dining_balcony_sofa_01_pillow_olive
Fra:1 Mem:366.12M (Peak 367.68M) | Time:00:00.15 | Mem:0.00M, Peak:0.00M | Scene, ViewLayer | Synchronizing object | B_living_dining_balcony_cabinet_01_door_f7l
Fra:1 Mem:366.13M (Peak 367.68M) | Time:00:00.15 | Mem:0.00M, Peak:0.00M | Scene, ViewLayer | Synchronizing object | B_living_dining_balcony_sofa_01_arm1
Fra:1 Mem:366.15M (Peak 367.68M) | Time:00:00.15 | Mem:0.00M, Peak:0.00M | Scene, ViewLayer | Synchronizing object | B_living_dining_balcony_sofa_01_arm0
Fra:1 Mem:366.15M (Peak 367.68M) | Time:00:00.15 | Mem:0.00M, Peak:0.00M | Scene, ViewLayer | Synchronizing object | B_living_dining_balcony_cabinet_01_door_f7r
Fra:1 Mem:366.15M (Peak 367.68M) | Time:00:00.15 | Mem:0.00M, Peak:0.00M | Scene, ViewLayer | Synchronizing object | B_living_dining_balcony_sofa_01_seat2
Fra:1 Mem:366.17M (Peak 367.68M) | Time:00:00.15 | Mem:0.00M, Peak:0.00M | Scene, ViewLayer | Synchronizing object | B_living_dining_balcony_cabinet_01_door_f7b
Fra:1 Mem:366.18M (Peak 367.68M) | Time:00:00.15 | Mem:0.00M, Peak:0.00M | Scene, ViewLayer | Synchronizing object | B_living_dining_balcony_sofa_01_seat1
Fra:1 Mem:366.18M (Peak 367.68M) | Time:00:00.15 | Mem:0.00M, Peak:0.00M | Scene, ViewLayer | Synchronizing object | B_living_dining_balcony_cabinet_01_door_f7c
Fra:1 Mem:366.19M (Peak 367.68M) | Time:00:00.15 | Mem:0.00M, Peak:0.00M | Scene, ViewLayer | Synchronizing object | B_living_dining_balcony_cabinet_01_door_f8l
Fra:1 Mem:366.20M (Peak 367.68M) | Time:00:00.15 | Mem:0.00M, Peak:0.00M | Scene, ViewLayer | Synchronizing object | B_living_dining_balcony_cabinet_01_door_f9t
Fra:1 Mem:366.20M (Peak 367.68M) | Time:00:00.15 | Mem:0.00M, Peak:0.00M | Scene, ViewLayer | Synchronizing object | B_living_dining_balcony_open_niche_01_cheek1
Fra:1 Mem:366.24M (Peak 367.68M) | Time:00:00.15 | Mem:0.00M, Peak:0.00M | Scene, ViewLayer | Synchronizing object | B_living_dining_balcony_open_niche_01_top
Fra:1 Mem:366.25M (Peak 367.68M) | Time:00:00.15 | Mem:0.00M, Peak:0.00M | Scene, ViewLayer | Synchronizing object | B_living_dining_balcony_open_niche_01_sh0
Fra:1 Mem:366.25M (Peak 367.68M) | Time:00:00.15 | Mem:0.00M, Peak:0.00M | Scene, ViewLayer | Synchronizing object | B_living_dining_balcony_cabinet_02_body
Fra:1 Mem:366.26M (Peak 367.68M) | Time:00:00.15 | Mem:0.00M, Peak:0.00M | Scene, ViewLayer | Synchronizing object | B_living_dining_balcony_cabinet_02_door_gapbg
Fra:1 Mem:366.26M (Peak 367.68M) | Time:00:00.15 | Mem:0.00M, Peak:0.00M | Scene, ViewLayer | Synchronizing object | B_living_dining_balcony_cabinet_02_door_f0r
Fra:1 Mem:366.28M (Peak 367.68M) | Time:00:00.15 | Mem:0.00M, Peak:0.00M | Scene, ViewLayer | Synchronizing object | B_living_dining_balcony_cabinet_02_door_f0b
Fra:1 Mem:370.54M (Peak 370.54M) | Time:00:00.15 | Mem:0.00M, Peak:0.00M | Scene, ViewLayer | Synchronizing object | B_living_dining_balcony_cabinet_02_door_f0t
Fra:1 Mem:370.54M (Peak 370.54M) | Time:00:00.15 | Mem:0.00M, Peak:0.00M | Scene, ViewLayer | Synchronizing object | B_living_dining_balcony_cabinet_02_door_f1l
Fra:1 Mem:370.55M (Peak 370.55M) | Time:00:00.15 | Mem:0.00M, Peak:0.00M | Scene, ViewLayer | Synchronizing object | B_living_dining_balcony_cabinet_02_door_f1r
Fra:1 Mem:370.57M (Peak 370.57M) | Time:00:00.15 | Mem:0.00M, Peak:0.00M | Scene, ViewLayer | Synchronizing object | B_living_dining_balcony_cabinet_02_door_f1b
Fra:1 Mem:370.57M (Peak 370.57M) | Time:00:00.15 | Mem:0.00M, Peak:0.00M | Scene, ViewLayer | Synchronizing object | B_living_dining_balcony_cabinet_02_door_f1c
Fra:1 Mem:370.58M (Peak 370.58M) | Time:00:00.15 | Mem:0.00M, Peak:0.00M | Scene, ViewLayer | Synchronizing object | B_living_dining_balcony_cabinet_02_door_p1
Fra:1 Mem:370.59M (Peak 370.59M) | Time:00:00.15 | Mem:0.00M, Peak:0.00M | Scene, ViewLayer | Synchronizing object | B_living_dining_balcony_cabinet_02_door_f2l
Fra:1 Mem:370.59M (Peak 370.59M) | Time:00:00.15 | Mem:0.00M, Peak:0.00M | Scene, ViewLayer | Synchronizing object | B_living_dining_balcony_cabinet_02_door_f2r
Fra:1 Mem:370.59M (Peak 370.59M) | Time:00:00.15 | Mem:0.00M, Peak:0.00M | Scene, ViewLayer | Synchronizing object | B_living_dining_balcony_cabinet_02_door_f2b
Fra:1 Mem:370.59M (Peak 370.59M) | Time:00:00.15 | Mem:0.00M, Peak:0.00M | Scene, ViewLayer | Synchronizing object | B_living_dining_balcony_cabinet_02_door_f2c
Fra:1 Mem:370.62M (Peak 370.62M) | Time:00:00.15 | Mem:0.00M, Peak:0.00M | Scene, ViewLayer | Synchronizing object | B_living_dining_balcony_cabinet_02_door_p2
Fra:1 Mem:370.63M (Peak 370.63M) | Time:00:00.15 | Mem:0.00M, Peak:0.00M | Scene, ViewLayer | Synchronizing object | B_living_dining_balcony_cabinet_02_door_f3r
Fra:1 Mem:370.64M (Peak 370.64M) | Time:00:00.15 | Mem:0.00M, Peak:0.00M | Scene, ViewLayer | Synchronizing object | B_living_dining_balcony_cabinet_02_door_f3c
Fra:1 Mem:370.65M (Peak 370.65M) | Time:00:00.15 | Mem:0.00M, Peak:0.00M | Scene, ViewLayer | Synchronizing object | B_living_dining_balcony_cabinet_02_door_p3
Fra:1 Mem:370.65M (Peak 370.65M) | Time:00:00.15 | Mem:0.00M, Peak:0.00M | Scene, ViewLayer | Synchronizing object | B_living_dining_balcony_cabinet_02_door_f4l
Fra:1 Mem:370.67M (Peak 370.67M) | Time:00:00.15 | Mem:0.00M, Peak:0.00M | Scene, ViewLayer | Synchronizing object | B_living_dining_balcony_cabinet_02_door_f4b
Fra:1 Mem:370.67M (Peak 370.67M) | Time:00:00.15 | Mem:0.00M, Peak:0.00M | Scene, ViewLayer | Synchronizing object | B_living_dining_balcony_cabinet_02_door_f4c
Fra:1 Mem:370.68M (Peak 370.68M) | Time:00:00.15 | Mem:0.00M, Peak:0.00M | Scene, ViewLayer | Synchronizing object | B_living_dining_balcony_cabinet_02_door_p4
Fra:1 Mem:370.68M (Peak 370.68M) | Time:00:00.15 | Mem:0.00M, Peak:0.00M | Scene, ViewLayer | Synchronizing object | B_living_dining_balcony_cabinet_02_door_f5l
Fra:1 Mem:370.68M (Peak 370.68M) | Time:00:00.15 | Mem:0.00M, Peak:0.00M | Scene, ViewLayer | Synchronizing object | B_living_dining_balcony_cabinet_02_door_f5r
Fra:1 Mem:370.70M (Peak 370.70M) | Time:00:00.15 | Mem:0.00M, Peak:0.00M | Scene, ViewLayer | Synchronizing object | B_living_dining_balcony_cabinet_02_door_f5b
Fra:1 Mem:372.96M (Peak 372.96M) | Time:00:00.15 | Mem:0.00M, Peak:0.00M | Scene, ViewLayer | Synchronizing object | B_living_dining_balcony_cabinet_02_door_f5t
Fra:1 Mem:372.96M (Peak 372.96M) | Time:00:00.15 | Mem:0.00M, Peak:0.00M | Scene, ViewLayer | Synchronizing object | B_living_dining_balcony_cabinet_02_door_f5c
Fra:1 Mem:373.03M (Peak 373.03M) | Time:00:00.15 | Mem:0.00M, Peak:0.00M | Scene, ViewLayer | Synchronizing object | B_living_dining_balcony_cabinet_02_door_p5
Fra:1 Mem:373.03M (Peak 373.03M) | Time:00:00.15 | Mem:0.00M, Peak:0.00M | Scene, ViewLayer | Synchronizing object | B_living_dining_balcony_cabinet_02_door_f6l
Fra:1 Mem:373.04M (Peak 373.04M) | Time:00:00.15 | Mem:0.00M, Peak:0.00M | Scene, ViewLayer | Synchronizing object | B_living_dining_balcony_cabinet_02_door_f6t
Fra:1 Mem:373.04M (Peak 373.04M) | Time:00:00.15 | Mem:0.00M, Peak:0.00M | Scene, ViewLayer | Synchronizing object | B_living_dining_balcony_cabinet_02_door_p7
Fra:1 Mem:373.09M (Peak 373.09M) | Time:00:00.15 | Mem:0.00M, Peak:0.00M | Scene, ViewLayer | Synchronizing object | B_living_dining_balcony_sofa_01_back0
Fra:1 Mem:373.10M (Peak 373.10M) | Time:00:00.15 | Mem:0.00M, Peak:0.00M | Scene, ViewLayer | Synchronizing object | B_living_dining_balcony_cabinet_02_door_f8l
Fra:1 Mem:373.11M (Peak 373.11M) | Time:00:00.15 | Mem:0.00M, Peak:0.00M | Scene, ViewLayer | Synchronizing object | B_living_dining_balcony_sofa_01_base
Fra:1 Mem:373.12M (Peak 373.12M) | Time:00:00.15 | Mem:0.00M, Peak:0.00M | Scene, ViewLayer | Synchronizing object | B_living_dining_balcony_dining_chair_06_leg11.001
Fra:1 Mem:373.13M (Peak 373.13M) | Time:00:00.15 | Mem:0.00M, Peak:0.00M | Scene, ViewLayer | Synchronizing object | B_living_dining_balcony_dining_chair_06_leg11
Fra:1 Mem:373.14M (Peak 373.14M) | Time:00:00.15 | Mem:0.00M, Peak:0.00M | Scene, ViewLayer | Synchronizing object | B_living_dining_balcony_dining_chair_06_leg01.001
Fra:1 Mem:373.14M (Peak 373.14M) | Time:00:00.15 | Mem:0.00M, Peak:0.00M | Scene, ViewLayer | Synchronizing object | B_living_dining_balcony_cabinet_02_door_f8t
Fra:1 Mem:373.16M (Peak 373.16M) | Time:00:00.16 | Mem:0.00M, Peak:0.00M | Scene, ViewLayer | Synchronizing object | B_living_dining_balcony_cabinet_02_door_p8
Fra:1 Mem:370.92M (Peak 373.16M) | Time:00:00.16 | Mem:0.00M, Peak:0.00M | Scene, ViewLayer | Synchronizing object | B_living_dining_balcony_cabinet_02_door_f9c
Fra:1 Mem:370.93M (Peak 373.16M) | Time:00:00.16 | Mem:0.00M, Peak:0.00M | Scene, ViewLayer | Synchronizing object | B_living_dining_balcony_island_02_top
Fra:1 Mem:370.93M (Peak 373.16M) | Time:00:00.16 | Mem:0.00M, Peak:0.00M | Scene, ViewLayer | Synchronizing object | B_living_dining_balcony_island_02_panel1
Fra:1 Mem:370.94M (Peak 373.16M) | Time:00:00.16 | Mem:0.00M, Peak:0.00M | Scene, ViewLayer | Synchronizing object | B_living_dining_balcony_pendant_lamp_01_rod
Fra:1 Mem:370.96M (Peak 373.16M) | Time:00:00.16 | Mem:0.00M, Peak:0.00M | Scene, ViewLayer | Synchronizing object | B_living_dining_balcony_pendant_lamp_01_ globe
Fra:1 Mem:370.96M (Peak 373.16M) | Time:00:00.16 | Mem:0.00M, Peak:0.00M | Scene, ViewLayer | Synchronizing object | B_living_dining_balcony_dining_chair_06_leg01
Fra:1 Mem:370.99M (Peak 373.16M) | Time:00:00.16 | Mem:0.00M, Peak:0.00M | Scene, ViewLayer | Synchronizing object | B_living_dining_balcony_pendant_lamp_02_rod
Fra:1 Mem:371.00M (Peak 373.16M) | Time:00:00.16 | Mem:0.00M, Peak:0.00M | Scene, ViewLayer | Synchronizing object | B_living_dining_balcony_dining_chair_01_seat
Fra:1 Mem:371.01M (Peak 373.16M) | Time:00:00.16 | Mem:0.00M, Peak:0.00M | Scene, ViewLayer | Synchronizing object | B_living_dining_balcony_dining_chair_01_back0
Fra:1 Mem:371.02M (Peak 373.16M) | Time:00:00.16 | Mem:0.00M, Peak:0.00M | Scene, ViewLayer | Synchronizing object | B_living_dining_balcony_dining_chair_01_leg01
Fra:1 Mem:371.03M (Peak 373.16M) | Time:00:00.16 | Mem:0.00M, Peak:0.00M | Scene, ViewLayer | Synchronizing object | B_living_dining_balcony_dining_chair_01_leg01.001
Fra:1 Mem:371.04M (Peak 373.16M) | Time:00:00.16 | Mem:0.00M, Peak:0.00M | Scene, ViewLayer | Synchronizing object | B_living_dining_balcony_dining_chair_01_leg11.001
Fra:1 Mem:371.04M (Peak 373.16M) | Time:00:00.16 | Mem:0.00M, Peak:0.00M | Scene, ViewLayer | Synchronizing object | B_living_dining_balcony_dining_chair_02_seat
Fra:1 Mem:371.05M (Peak 373.16M) | Time:00:00.16 | Mem:0.00M, Peak:0.00M | Scene, ViewLayer | Synchronizing object | B_living_dining_balcony_dining_chair_02_back0
Fra:1 Mem:371.05M (Peak 373.16M) | Time:00:00.16 | Mem:0.00M, Peak:0.00M | Scene, ViewLayer | Synchronizing object | B_living_dining_balcony_dining_chair_02_leg01
Fra:1 Mem:371.07M (Peak 373.16M) | Time:00:00.16 | Mem:0.00M, Peak:0.00M | Scene, ViewLayer | Synchronizing object | B_living_dining_balcony_dining_chair_02_leg01.001
Fra:1 Mem:371.07M (Peak 373.16M) | Time:00:00.16 | Mem:0.00M, Peak:0.00M | Scene, ViewLayer | Synchronizing object | B_living_dining_balcony_dining_chair_02_leg11
Fra:1 Mem:371.08M (Peak 373.16M) | Time:00:00.16 | Mem:0.00M, Peak:0.00M | Scene, ViewLayer | Synchronizing object | B_living_dining_balcony_dining_chair_06_back1
Fra:1 Mem:371.14M (Peak 373.16M) | Time:00:00.16 | Mem:0.00M, Peak:0.00M | Scene, ViewLayer | Synchronizing object | B_living_dining_balcony_dining_chair_03_seat
Fra:1 Mem:371.16M (Peak 373.16M) | Time:00:00.16 | Mem:0.00M, Peak:0.00M | Scene, ViewLayer | Synchronizing object | B_living_dining_balcony_dining_chair_06_back0
Fra:1 Mem:371.17M (Peak 373.16M) | Time:00:00.16 | Mem:0.00M, Peak:0.00M | Scene, ViewLayer | Synchronizing object | B_living_dining_balcony_dining_chair_03_back0
Fra:1 Mem:371.18M (Peak 373.16M) | Time:00:00.16 | Mem:0.00M, Peak:0.00M | Scene, ViewLayer | Synchronizing object | B_living_dining_balcony_dining_chair_03_leg01
Fra:1 Mem:371.20M (Peak 373.16M) | Time:00:00.16 | Mem:0.00M, Peak:0.00M | Scene, ViewLayer | Synchronizing object | B_living_dining_balcony_dining_chair_03_leg01.001
Fra:1 Mem:371.20M (Peak 373.16M) | Time:00:00.16 | Mem:0.00M, Peak:0.00M | Scene, ViewLayer | Synchronizing object | B_living_dining_balcony_dining_chair_03_leg11
Fra:1 Mem:371.22M (Peak 373.16M) | Time:00:00.16 | Mem:0.00M, Peak:0.00M | Scene, ViewLayer | Synchronizing object | B_living_dining_balcony_dining_chair_04_seat
Fra:1 Mem:371.22M (Peak 373.16M) | Time:00:00.16 | Mem:0.00M, Peak:0.00M | Scene, ViewLayer | Synchronizing object | B_living_dining_balcony_dining_chair_04_back0
Fra:1 Mem:371.24M (Peak 373.16M) | Time:00:00.16 | Mem:0.00M, Peak:0.00M | Scene, ViewLayer | Synchronizing object | B_living_dining_balcony_dining_chair_04_back1
Fra:1 Mem:371.31M (Peak 373.16M) | Time:00:00.16 | Mem:0.00M, Peak:0.00M | Scene, ViewLayer | Synchronizing object | B_living_dining_balcony_dining_chair_04_leg11
Fra:1 Mem:371.35M (Peak 373.16M) | Time:00:00.16 | Mem:0.00M, Peak:0.00M | Scene, ViewLayer | Synchronizing object | B_living_dining_balcony_dining_chair_04_leg11.001
Fra:1 Mem:371.34M (Peak 373.16M) | Time:00:00.16 | Mem:0.00M, Peak:0.00M | Scene, ViewLayer | Synchronizing object | B_living_dining_balcony_dining_chair_05_back1
Fra:1 Mem:371.37M (Peak 373.16M) | Time:00:00.16 | Mem:0.00M, Peak:0.00M | Scene, ViewLayer | Synchronizing object | B_living_dining_balcony_dining_chair_05_leg01
Fra:1 Mem:371.37M (Peak 373.16M) | Time:00:00.16 | Mem:0.00M, Peak:0.00M | Scene, ViewLayer | Synchronizing object | B_living_dining_balcony_dining_chair_05_leg01.001
Fra:1 Mem:371.39M (Peak 373.16M) | Time:00:00.16 | Mem:0.00M, Peak:0.00M | Scene, ViewLayer | Synchronizing object | B_living_dining_balcony_dining_chair_05_leg11
Fra:1 Mem:371.39M (Peak 373.16M) | Time:00:00.16 | Mem:0.00M, Peak:0.00M | Scene, ViewLayer | Synchronizing object | B_living_dining_balcony_dining_chair_05_leg11.001
Fra:1 Mem:441.15M (Peak 485.87M) | Time:00:00.26 | Mem:0.00M, Peak:0.00M | Scene, ViewLayer | Initializing
Fra:1 Mem:428.68M (Peak 485.87M) | Time:00:00.26 | Mem:0.00M, Peak:0.00M | Scene, ViewLayer | Updating Images | Loading tree_small_02_nor_gl
Fra:1 Mem:428.68M (Peak 485.87M) | Time:00:00.26 | Mem:0.00M, Peak:0.00M | Scene, ViewLayer | Updating Images | Loading jacaranda_tree_trunk_diff
Fra:1 Mem:428.68M (Peak 485.87M) | Time:00:00.26 | Mem:0.00M, Peak:0.00M | Scene, ViewLayer | Updating Images | Loading tree_small_02_rough
Fra:1 Mem:452.18M (Peak 532.79M) | Time:00:00.32 | Mem:72.00M, Peak:72.00M | Scene, ViewLayer | Waiting for render to start
Fra:1 Mem:452.18M (Peak 532.79M) | Time:00:00.32 | Mem:72.00M, Peak:72.00M | Scene, ViewLayer | Updating Scene
Fra:1 Mem:452.18M (Peak 532.79M) | Time:00:00.32 | Mem:72.00M, Peak:72.00M | Scene, ViewLayer | Updating Shaders
Fra:1 Mem:452.18M (Peak 532.79M) | Time:00:00.32 | Mem:72.00M, Peak:72.00M | Scene, ViewLayer | Loading render kernels (may take a few minutes the first time)
Fra:1 Mem:452.32M (Peak 532.79M) | Time:00:01.19 | Mem:72.07M, Peak:72.07M | Scene, ViewLayer | Updating Procedurals
Fra:1 Mem:452.32M (Peak 532.79M) | Time:00:01.19 | Mem:72.07M, Peak:72.07M | Scene, ViewLayer | Updating Background
Fra:1 Mem:452.32M (Peak 532.79M) | Time:00:01.19 | Mem:72.07M, Peak:72.07M | Scene, ViewLayer | Updating Camera
Fra:1 Mem:452.32M (Peak 532.79M) | Time:00:01.19 | Mem:72.07M, Peak:72.07M | Scene, ViewLayer | Updating Meshes Flags
Fra:1 Mem:452.32M (Peak 532.79M) | Time:00:01.19 | Mem:72.07M, Peak:72.07M | Scene, ViewLayer | Updating Objects
Fra:1 Mem:452.32M (Peak 532.79M) | Time:00:01.19 | Mem:72.07M, Peak:72.07M | Scene, ViewLayer | Updating Objects | Copying Transformations to device
Fra:1 Mem:452.69M (Peak 532.79M) | Time:00:01.19 | Mem:72.42M, Peak:72.42M | Scene, ViewLayer | Updating Particle Systems
Fra:1 Mem:452.69M (Peak 532.79M) | Time:00:01.19 | Mem:72.42M, Peak:72.42M | Scene, ViewLayer | Updating Particle Systems | Copying Particles to device
Fra:1 Mem:452.69M (Peak 532.79M) | Time:00:01.19 | Mem:72.42M, Peak:72.42M | Scene, ViewLayer | Updating Meshes
Fra:1 Mem:522.14M (Peak 532.79M) | Time:00:02.07 | Mem:72.42M, Peak:72.42M | Scene, ViewLayer | Updating Objects | Applying Static Transformations
Fra:1 Mem:522.14M (Peak 532.79M) | Time:00:02.07 | Mem:72.42M, Peak:72.42M | Scene, ViewLayer | Updating Mesh | Computing attributes
Fra:1 Mem:629.33M (Peak 629.33M) | Time:00:02.11 | Mem:72.53M, Peak:72.53M | Scene, ViewLayer | Updating Mesh | Copying Attributes to device
Fra:1 Mem:629.14M (Peak 629.33M) | Time:00:02.14 | Mem:179.43M, Peak:179.43M | Scene, ViewLayer | Updating Geometry BVH ceil_living_r1S_mesh 2/1 | Building BVH
Fra:1 Mem:629.14M (Peak 629.33M) | Time:00:02.14 | Mem:179.43M, Peak:179.43M | Scene, ViewLayer | Updating Geometry BVH ceil_living_r1N_mesh 3/13 | Building BVH
Fra:1 Mem:629.14M (Peak 629.33M) | Time:00:02.14 | Mem:179.43M, Peak:179.43M | Scene, ViewLayer | Updating Geometry BVH ceil_living_slab_mesh 10/265 | Building BVH
Fra:1 Mem:629.14M (Peak 629.33M) | Time:00:02.14 | Mem:179.43M, Peak:179.43M | Scene, ViewLayer | Updating Geometry BVH ceil_parents_room_slab_mesh 13/399 | Building BVH
Fra:1 Mem:629.14M (Peak 629.33M) | Time:00:02.14 | Mem:179.43M, Peak:179.43M | Scene, ViewLayer | Updating Geometry BVH ceil_daughter_room_slab_mesh 14/764 | Building BVH
Fra:1 Mem:629.14M (Peak 629.33M) | Time:00:02.14 | Mem:179.43M, Peak:179.43M | Scene, ViewLayer | Updating Geometry BVH ceil_foyer_slab_mesh 16/881 | Building BVH
Fra:1 Mem:629.14M (Peak 629.33M) | Time:00:02.14 | Mem:179.43M, Peak:179.43M | Scene, ViewLayer | Updating Geometry BVH ceil_master_ac_mesh 17/1049 | Building BVH
Fra:1 Mem:629.14M (Peak 629.33M) | Time:00:02.14 | Mem:179.43M, Peak:179.43M | Scene, ViewLayer | Updating Geometry BVH ceil_kitchen_fill_mesh 22/1177 | Building BVH
Fra:1 Mem:629.14M (Peak 629.33M) | Time:00:02.14 | Mem:179.43M, Peak:179.43M | Scene, ViewLayer | Updating Geometry BVH light 1537/1536 | Building BVH
Fra:1 Mem:629.14M (Peak 629.33M) | Time:00:02.14 | Mem:179.63M, Peak:179.63M | Scene, ViewLayer | Updating Geometry BVH ceil_public_bath_wet_fill_mesh 23/1536 | Building BVH
Fra:1 Mem:629.14M (Peak 629.33M) | Time:00:02.14 | Mem:179.63M, Peak:179.63M | Scene, ViewLayer | Updating Geometry BVH ceil_corridor_fill_mesh 25/1536 | Building BVH
Fra:1 Mem:629.14M (Peak 629.33M) | Time:00:02.15 | Mem:179.65M, Peak:179.65M | Scene, ViewLayer | Updating Geometry BVH ceil_elevator_hall_fill_mesh 26/1536 | Building BVH
Fra:1 Mem:629.14M (Peak 629.33M) | Time:00:02.15 | Mem:179.66M, Peak:179.66M | Scene, ViewLayer | Updating Geometry BVH fx_ceiling_master_bedroom_mesh 27/1536 | Building BVH
Fra:1 Mem:629.14M (Peak 629.33M) | Time:00:02.15 | Mem:179.66M, Peak:179.66M | Scene, ViewLayer | Updating Geometry BVH fx_ceiling_parents_room_mesh 28/1536 | Building BVH
Fra:1 Mem:629.14M (Peak 629.33M) | Time:00:02.15 | Mem:179.69M, Peak:179.70M | Scene, ViewLayer | Updating Geometry BVH fx_ceiling_daughter_room_mesh 29/1536 | Building BVH
Fra:1 Mem:629.14M (Peak 629.33M) | Time:00:02.15 | Mem:179.70M, Peak:179.71M | Scene, ViewLayer | Updating Geometry BVH fx_ceiling_son_room_mesh 30/1536 | Building BVH
Fra:1 Mem:629.14M (Peak 629.33M) | Time:00:02.15 | Mem:179.72M, Peak:179.72M | Scene, ViewLayer | Updating Geometry BVH fx_spot_living00_mesh 31/1536 | Building BVH
Fra:1 Mem:629.14M (Peak 629.33M) | Time:00:02.15 | Mem:179.74M, Peak:179.74M | Scene, ViewLayer | Updating Geometry BVH fx_spot_living00_r_mesh 32/1536 | Building BVH
Fra:1 Mem:629.14M (Peak 629.33M) | Time:00:02.15 | Mem:179.74M, Peak:179.74M | Scene, ViewLayer | Updating Geometry BVH fx_spot_living01_mesh 33/1536 | Building BVH
Fra:1 Mem:629.14M (Peak 629.33M) | Time:00:02.15 | Mem:179.75M, Peak:179.75M | Scene, ViewLayer | Updating Geometry BVH fx_spot_living01_r_mesh 34/1536 | Building BVH
Fra:1 Mem:629.14M (Peak 629.33M) | Time:00:02.15 | Mem:179.78M, Peak:179.78M | Scene, ViewLayer | Updating Geometry BVH lt_strip_bn_mesh 1536/1536 | Building BVH
Fra:1 Mem:629.14M (Peak 629.33M) | Time:00:02.15 | Mem:179.78M, Peak:179.78M | Scene, ViewLayer | Updating Geometry BVH fx_spot_living02_mesh 35/1536 | Building BVH
Fra:1 Mem:629.14M (Peak 629.33M) | Time:00:02.15 | Mem:179.78M, Peak:179.78M | Scene, ViewLayer | Updating Geometry BVH fx_spot_living03_mesh 37/1536 | Building BVH
Fra:1 Mem:629.14M (Peak 629.33M) | Time:00:02.15 | Mem:179.79M, Peak:179.79M | Scene, ViewLayer | Updating Geometry BVH fx_spot_living03_r_mesh 38/1536 | Building BVH
Fra:1 Mem:629.14M (Peak 629.33M) | Time:00:02.15 | Mem:179.79M, Peak:179.79M | Scene, ViewLayer | Updating Geometry BVH fx_spot_living04_mesh 39/1536 | Building BVH
Fra:1 Mem:629.15M (Peak 629.33M) | Time:00:02.15 | Mem:179.87M, Peak:179.87M | Scene, ViewLayer | Updating Geometry BVH fx_spot_living04_r_mesh 40/1536 | Building BVH
Fra:1 Mem:629.15M (Peak 629.33M) | Time:00:02.15 | Mem:179.87M, Peak:179.87M | Scene, ViewLayer | Updating Geometry BVH fx_spot_living05_mesh 41/1536 | Building BVH
Fra:1 Mem:629.15M (Peak 629.33M) | Time:00:02.15 | Mem:179.87M, Peak:179.87M | Scene, ViewLayer | Updating Geometry BVH fx_spot_living05_r_mesh 42/1536 | Building BVH
Fra:1 Mem:629.15M (Peak 629.33M) | Time:00:02.15 | Mem:179.87M, Peak:179.87M | Scene, ViewLayer | Updating Geometry BVH fx_spot_living06_mesh 43/1536 | Building BVH
Fra:1 Mem:629.15M (Peak 629.33M) | Time:00:02.15 | Mem:179.87M, Peak:179.87M | Scene, ViewLayer | Updating Geometry BVH fx_spot_living06_r_mesh 44/1536 | Building BVH
Fra:1 Mem:629.15M (Peak 629.33M) | Time:00:02.15 | Mem:179.87M, Peak:179.87M | Scene, ViewLayer | Updating Geometry BVH fx_spot_living07_mesh 45/1536 | Building BVH
Fra:1 Mem:629.15M (Peak 629.33M) | Time:00:02.15 | Mem:179.90M, Peak:179.90M | Scene, ViewLayer | Updating Geometry BVH fx_spot_living07_r_mesh 46/1536 | Building BVH
Fra:1 Mem:629.15M (Peak 629.33M) | Time:00:02.15 | Mem:179.97M, Peak:179.97M | Scene, ViewLayer | Updating Geometry BVH fx_spot_living08_mesh 47/1536 | Building BVH
Fra:1 Mem:629.15M (Peak 629.33M) | Time:00:02.15 | Mem:179.98M, Peak:179.98M | Scene, ViewLayer | Updating Geometry BVH fx_spot_living08_r_mesh 48/1536 | Building BVH
Fra:1 Mem:629.15M (Peak 629.33M) | Time:00:02.15 | Mem:179.99M, Peak:179.99M | Scene, ViewLayer | Updating Geometry BVH fx_spot_living09_mesh 49/1536 | Building BVH
Fra:1 Mem:629.15M (Peak 629.33M) | Time:00:02.15 | Mem:179.99M, Peak:179.99M | Scene, ViewLayer | Updating Geometry BVH fx_spot_living09_r_mesh 50/1536 | Building BVH
Fra:1 Mem:629.15M (Peak 629.33M) | Time:00:02.15 | Mem:179.98M, Peak:179.99M | Scene, ViewLayer | Updating Geometry BVH fx_spot_living10_mesh 51/1536 | Building BVH
Fra:1 Mem:629.15M (Peak 629.33M) | Time:00:02.15 | Mem:179.99M, Peak:179.99M | Scene, ViewLayer | Updating Geometry BVH fx_spot_living10_r_mesh 52/1536 | Building BVH
Fra:1 Mem:629.15M (Peak 629.33M) | Time:00:02.15 | Mem:180.00M, Peak:180.00M | Scene, ViewLayer | Updating Geometry BVH fx_spot_living11_mesh 53/1536 | Building BVH
Fra:1 Mem:629.15M (Peak 629.33M) | Time:00:02.15 | Mem:180.02M, Peak:180.02M | Scene, ViewLayer | Updating Geometry BVH fx_spot_living11_r_mesh 54/1536 | Building BVH
Fra:1 Mem:629.15M (Peak 629.33M) | Time:00:02.15 | Mem:180.02M, Peak:180.02M | Scene, ViewLayer | Updating Geometry BVH fx_spot_living12_mesh 55/1536 | Building BVH
Fra:1 Mem:629.15M (Peak 629.33M) | Time:00:02.15 | Mem:180.10M, Peak:180.11M | Scene, ViewLayer | Updating Geometry BVH fx_spot_living12_r_mesh 56/1536 | Building BVH
Fra:1 Mem:629.15M (Peak 629.33M) | Time:00:02.15 | Mem:180.10M, Peak:180.11M | Scene, ViewLayer | Updating Geometry BVH fx_spot_living13_mesh 57/1536 | Building BVH
Fra:1 Mem:629.15M (Peak 629.33M) | Time:00:02.15 | Mem:180.10M, Peak:180.11M | Scene, ViewLayer | Updating Geometry BVH fx_spot_living14_r_mesh 60/1536 | Building BVH
Fra:1 Mem:629.15M (Peak 629.33M) | Time:00:02.15 | Mem:180.10M, Peak:180.11M | Scene, ViewLayer | Updating Geometry BVH fx_spot_living15_mesh 61/1536 | Building BVH
Fra:1 Mem:629.15M (Peak 629.33M) | Time:00:02.15 | Mem:180.13M, Peak:180.13M | Scene, ViewLayer | Updating Geometry BVH fx_spot_living15_r_mesh 62/1536 | Building BVH
Fra:1 Mem:629.15M (Peak 629.33M) | Time:00:02.15 | Mem:180.14M, Peak:180.14M | Scene, ViewLayer | Updating Geometry BVH fx_spot_living16_mesh 63/1536 | Building BVH
Fra:1 Mem:629.15M (Peak 629.33M) | Time:00:02.15 | Mem:180.14M, Peak:180.14M | Scene, ViewLayer | Updating Geometry BVH fx_spot_living16_r_mesh 64/1536 | Building BVH
Fra:1 Mem:629.15M (Peak 629.33M) | Time:00:02.15 | Mem:180.14M, Peak:180.14M | Scene, ViewLayer | Updating Geometry BVH fx_spot_room0_mesh 65/1536 | Building BVH
Fra:1 Mem:629.15M (Peak 629.33M) | Time:00:02.15 | Mem:180.16M, Peak:180.16M | Scene, ViewLayer | Updating Geometry BVH fx_spot_room1_mesh 66/1536 | Building BVH
Fra:1 Mem:629.15M (Peak 629.33M) | Time:00:02.15 | Mem:180.23M, Peak:180.23M | Scene, ViewLayer | Updating Geometry BVH fx_spot_room2_mesh 67/1536 | Building BVH
Fra:1 Mem:629.15M (Peak 629.33M) | Time:00:02.15 | Mem:180.25M, Peak:180.26M | Scene, ViewLayer | Updating Geometry BVH fx_spot_room3_mesh 68/1536 | Building BVH
Fra:1 Mem:629.15M (Peak 629.33M) | Time:00:02.15 | Mem:180.25M, Peak:180.26M | Scene, ViewLayer | Updating Geometry BVH lt_pendant_02.001 1535/1536 | Building BVH
Fra:1 Mem:629.15M (Peak 629.33M) | Time:00:02.16 | Mem:180.26M, Peak:180.26M | Scene, ViewLayer | Updating Geometry BVH fx_spot_room4_mesh 69/1536 | Building BVH
Fra:1 Mem:629.15M (Peak 629.33M) | Time:00:02.16 | Mem:180.28M, Peak:180.29M | Scene, ViewLayer | Updating Geometry BVH fx_spot_room5_mesh 70/1536 | Building BVH
Fra:1 Mem:629.15M (Peak 629.33M) | Time:00:02.16 | Mem:180.29M, Peak:180.29M | Scene, ViewLayer | Updating Geometry BVH lt_pendant_01.001 1534/1536 | Building BVH
Fra:1 Mem:629.15M (Peak 629.33M) | Time:00:02.16 | Mem:180.30M, Peak:180.30M | Scene, ViewLayer | Updating Geometry BVH fx_spot_room6_mesh 71/1536 | Building BVH
Fra:1 Mem:629.15M (Peak 629.33M) | Time:00:02.16 | Mem:180.33M, Peak:180.33M | Scene, ViewLayer | Updating Geometry BVH fx_spot_room7_mesh 72/1536 | Building BVH
Fra:1 Mem:629.15M (Peak 629.33M) | Time:00:02.16 | Mem:180.34M, Peak:180.34M | Scene, ViewLayer | Updating Geometry BVH out_ground_mesh 73/1536 | Building BVH
Fra:1 Mem:629.15M (Peak 629.33M) | Time:00:02.16 | Mem:180.35M, Peak:180.35M | Scene, ViewLayer | Updating Geometry BVH out_path_s_mesh 74/1536 | Building BVH
Fra:1 Mem:629.15M (Peak 629.33M) | Time:00:02.16 | Mem:180.37M, Peak:180.37M | Scene, ViewLayer | Updating Geometry BVH fx_Bu_jar2_mesh 1533/1536 | Building BVH
Fra:1 Mem:629.15M (Peak 629.33M) | Time:00:02.16 | Mem:180.39M, Peak:180.39M | Scene, ViewLayer | Updating Geometry BVH out_path_n_mesh 75/1536 | Building BVH
Fra:1 Mem:629.15M (Peak 629.33M) | Time:00:02.16 | Mem:180.40M, Peak:180.40M | Scene, ViewLayer | Updating Geometry BVH out_bldg_s_mesh 78/1536 | Building BVH
Fra:1 Mem:629.15M (Peak 629.33M) | Time:00:02.16 | Mem:180.40M, Peak:180.40M | Scene, ViewLayer | Updating Geometry BVH out_bldg_n_mesh 79/1536 | Building BVH
Fra:1 Mem:629.15M (Peak 629.33M) | Time:00:02.16 | Mem:180.40M, Peak:180.40M | Scene, ViewLayer | Updating Geometry BVH floor_living_dining_balcony_mesh 80/1536 | Building BVH
Fra:1 Mem:629.15M (Peak 629.33M) | Time:00:02.16 | Mem:180.40M, Peak:180.40M | Scene, ViewLayer | Updating Geometry BVH floor_daughter_room_mesh 82/1536 | Building BVH
Fra:1 Mem:629.15M (Peak 629.33M) | Time:00:02.16 | Mem:180.40M, Peak:180.40M | Scene, ViewLayer | Updating Geometry BVH floor_public_bath_wet_mesh 83/1536 | Building BVH
Fra:1 Mem:629.15M (Peak 629.33M) | Time:00:02.16 | Mem:180.55M, Peak:180.55M | Scene, ViewLayer | Updating Geometry BVH floor_corridor_1_mesh 85/1536 | Building BVH
Fra:1 Mem:629.15M (Peak 629.33M) | Time:00:02.16 | Mem:180.55M, Peak:180.55M | Scene, ViewLayer | Updating Geometry BVH floor_son_room_mesh 86/1536 | Building BVH
Fra:1 Mem:629.15M (Peak 629.33M) | Time:00:02.16 | Mem:180.56M, Peak:180.56M | Scene, ViewLayer | Updating Geometry BVH BezierCurve.002 77/1536 | Building BVH
Fra:1 Mem:629.15M (Peak 629.33M) | Time:00:02.16 | Mem:184.81M, Peak:184.81M | Scene, ViewLayer | Updating Geometry BVH floor_master_bath_mesh 87/1536 | Building BVH
Fra:1 Mem:629.15M (Peak 629.33M) | Time:00:02.16 | Mem:184.81M, Peak:184.81M | Scene, ViewLayer | Updating Geometry BVH floor_master_bedroom_mesh 88/1536 | Building BVH
Fra:1 Mem:629.15M (Peak 629.33M) | Time:00:02.16 | Mem:184.81M, Peak:184.81M | Scene, ViewLayer | Updating Geometry BVH floor_terrace_mesh 89/1536 | Building BVH
Fra:1 Mem:629.15M (Peak 629.33M) | Time:00:02.16 | Mem:184.81M, Peak:184.81M | Scene, ViewLayer | Updating Geometry BVH floor_parents_room_mesh 90/1536 | Building BVH
Fra:1 Mem:629.15M (Peak 629.33M) | Time:00:02.16 | Mem:184.84M, Peak:184.84M | Scene, ViewLayer | Updating Geometry BVH floor_foyer_mesh 91/1536 | Building BVH
Fra:1 Mem:629.15M (Peak 629.33M) | Time:00:02.16 | Mem:184.85M, Peak:184.85M | Scene, ViewLayer | Updating Geometry BVH floor_elevator_hall_mesh 92/1536 | Building BVH
Fra:1 Mem:629.15M (Peak 629.33M) | Time:00:02.16 | Mem:191.58M, Peak:191.58M | Scene, ViewLayer | Updating Geometry BVH W01_s01_mesh 94/1536 | Building BVH
Fra:1 Mem:629.15M (Peak 629.33M) | Time:00:02.16 | Mem:191.56M, Peak:191.59M | Scene, ViewLayer | Updating Geometry BVH W02_s01_mesh 98/1536 | Building BVH
Fra:1 Mem:629.15M (Peak 629.33M) | Time:00:02.16 | Mem:191.56M, Peak:191.59M | Scene, ViewLayer | Updating Geometry BVH W02_s03_mesh 100/1536 | Building BVH
Fra:1 Mem:629.15M (Peak 629.33M) | Time:00:02.16 | Mem:191.57M, Peak:191.59M | Scene, ViewLayer | Updating Geometry BVH W03_s00_mesh 101/1536 | Building BVH
Fra:1 Mem:629.15M (Peak 629.33M) | Time:00:02.16 | Mem:191.64M, Peak:191.64M | Scene, ViewLayer | Updating Geometry BVH W05_s00_mesh 103/1536 | Building BVH
Fra:1 Mem:629.15M (Peak 629.33M) | Time:00:02.16 | Mem:191.64M, Peak:191.64M | Scene, ViewLayer | Updating Geometry BVH W05_s01_mesh 104/1536 | Building BVH
Fra:1 Mem:629.15M (Peak 629.33M) | Time:00:02.16 | Mem:191.64M, Peak:191.64M | Scene, ViewLayer | Updating Geometry BVH fx_Bu_rec2_mesh 1532/1536 | Building BVH
Fra:1 Mem:629.15M (Peak 629.33M) | Time:00:02.16 | Mem:191.69M, Peak:191.69M | Scene, ViewLayer | Updating Geometry BVH W05_s02_mesh 105/1536 | Building BVH
Fra:1 Mem:629.15M (Peak 629.33M) | Time:00:02.16 | Mem:191.69M, Peak:191.69M | Scene, ViewLayer | Updating Geometry BVH W05_s03_mesh 106/1536 | Building BVH
Fra:1 Mem:629.15M (Peak 629.33M) | Time:00:02.16 | Mem:191.70M, Peak:191.70M | Scene, ViewLayer | Updating Geometry BVH W06_s00_mesh 107/1536 | Building BVH
Fra:1 Mem:629.15M (Peak 629.33M) | Time:00:02.16 | Mem:191.71M, Peak:191.71M | Scene, ViewLayer | Updating Geometry BVH W06_s01_mesh 108/1536 | Building BVH
Fra:1 Mem:629.15M (Peak 629.33M) | Time:00:02.16 | Mem:191.72M, Peak:191.72M | Scene, ViewLayer | Updating Geometry BVH fx_Bu_jar1_mesh 1531/1536 | Building BVH
Fra:1 Mem:629.15M (Peak 629.33M) | Time:00:02.16 | Mem:191.74M, Peak:191.74M | Scene, ViewLayer | Updating Geometry BVH W06_s02_mesh 109/1536 | Building BVH
Fra:1 Mem:629.15M (Peak 629.33M) | Time:00:02.16 | Mem:191.74M, Peak:191.74M | Scene, ViewLayer | Updating Geometry BVH W06_s03_mesh 110/1536 | Building BVH
Fra:1 Mem:629.15M (Peak 629.33M) | Time:00:02.16 | Mem:191.77M, Peak:191.77M | Scene, ViewLayer | Updating Geometry BVH W07_s00_mesh 111/1536 | Building BVH
Fra:1 Mem:629.15M (Peak 629.33M) | Time:00:02.16 | Mem:191.83M, Peak:191.83M | Scene, ViewLayer | Updating Geometry BVH W07_s01_mesh 112/1536 | Building BVH
Fra:1 Mem:629.15M (Peak 629.33M) | Time:00:02.16 | Mem:191.83M, Peak:191.83M | Scene, ViewLayer | Updating Geometry BVH W08_s00_mesh 114/1536 | Building BVH
Fra:1 Mem:629.15M (Peak 629.33M) | Time:00:02.16 | Mem:191.88M, Peak:191.88M | Scene, ViewLayer | Updating Geometry BVH W08_s01_mesh 115/1536 | Building BVH
Fra:1 Mem:629.15M (Peak 629.33M) | Time:00:02.16 | Mem:203.21M, Peak:203.21M | Scene, ViewLayer | Updating Geometry BVH W08_s02_mesh 116/1536 | Building BVH
Fra:1 Mem:629.15M (Peak 629.33M) | Time:00:02.16 | Mem:203.21M, Peak:203.21M | Scene, ViewLayer | Updating Geometry BVH W09_s00_mesh 117/1536 | Building BVH
Fra:1 Mem:629.15M (Peak 629.33M) | Time:00:02.16 | Mem:203.21M, Peak:203.21M | Scene, ViewLayer | Updating Geometry BVH W10_s00_mesh 118/1536 | Building BVH
Fra:1 Mem:629.15M (Peak 629.33M) | Time:00:02.16 | Mem:203.18M, Peak:203.21M | Scene, ViewLayer | Updating Geometry BVH W10_s01_mesh 119/1536 | Building BVH
Fra:1 Mem:629.15M (Peak 629.33M) | Time:00:02.16 | Mem:203.18M, Peak:203.21M | Scene, ViewLayer | Updating Geometry BVH W10_s02_mesh 120/1536 | Building BVH
Fra:1 Mem:629.15M (Peak 629.33M) | Time:00:02.16 | Mem:203.20M, Peak:203.21M | Scene, ViewLayer | Updating Geometry BVH W10_s03_mesh 121/1536 | Building BVH
Fra:1 Mem:629.15M (Peak 629.33M) | Time:00:02.16 | Mem:203.22M, Peak:203.22M | Scene, ViewLayer | Updating Geometry BVH fx_Bu_rec1_mesh 1530/1536 | Building BVH
Fra:1 Mem:629.15M (Peak 629.33M) | Time:00:02.16 | Mem:203.26M, Peak:203.26M | Scene, ViewLayer | Updating Geometry BVH W11_s00_mesh 122/1536 | Building BVH
Fra:1 Mem:629.15M (Peak 629.33M) | Time:00:02.16 | Mem:203.26M, Peak:203.26M | Scene, ViewLayer | Updating Geometry BVH tree.016 76/1536 | Building BVH
Fra:1 Mem:629.15M (Peak 629.33M) | Time:00:02.16 | Mem:203.27M, Peak:203.27M | Scene, ViewLayer | Updating Geometry BVH W12_s00_mesh 123/1536 | Building BVH
Fra:1 Mem:629.15M (Peak 629.33M) | Time:00:02.16 | Mem:203.27M, Peak:203.27M | Scene, ViewLayer | Updating Geometry BVH W12_s01_mesh 124/1536 | Building BVH
Fra:1 Mem:629.15M (Peak 629.33M) | Time:00:02.16 | Mem:203.27M, Peak:203.27M | Scene, ViewLayer | Updating Geometry BVH W12_s02_mesh 125/1536 | Building BVH
Fra:1 Mem:629.15M (Peak 629.33M) | Time:00:02.16 | Mem:203.27M, Peak:203.27M | Scene, ViewLayer | Updating Geometry BVH W13_s00_mesh 126/1536 | Building BVH
Fra:1 Mem:629.15M (Peak 629.33M) | Time:00:02.16 | Mem:203.27M, Peak:203.27M | Scene, ViewLayer | Updating Geometry BVH W13_s01_mesh 127/1536 | Building BVH
Fra:1 Mem:629.15M (Peak 629.33M) | Time:00:02.16 | Mem:203.28M, Peak:203.28M | Scene, ViewLayer | Updating Geometry BVH W14_s01_mesh 130/1536 | Building BVH
Fra:1 Mem:629.15M (Peak 629.33M) | Time:00:02.16 | Mem:203.32M, Peak:203.32M | Scene, ViewLayer | Updating Geometry BVH W13_s02_mesh 128/1536 | Building BVH
Fra:1 Mem:629.15M (Peak 629.33M) | Time:00:02.16 | Mem:203.33M, Peak:203.33M | Scene, ViewLayer | Updating Geometry BVH W14_s00_mesh 129/1536 | Building BVH
Fra:1 Mem:629.15M (Peak 629.33M) | Time:00:02.16 | Mem:203.34M, Peak:203.34M | Scene, ViewLayer | Updating Geometry BVH W14_s02_mesh 131/1536 | Building BVH
Fra:1 Mem:629.15M (Peak 629.33M) | Time:00:02.16 | Mem:203.33M, Peak:203.34M | Scene, ViewLayer | Updating Geometry BVH W14_s03_mesh 132/1536 | Building BVH
Fra:1 Mem:629.15M (Peak 629.33M) | Time:00:02.16 | Mem:208.64M, Peak:208.64M | Scene, ViewLayer | Updating Geometry BVH W14_s04_mesh 133/1536 | Building BVH
Fra:1 Mem:629.15M (Peak 629.33M) | Time:00:02.16 | Mem:208.65M, Peak:208.65M | Scene, ViewLayer | Updating Geometry BVH W15_s00_mesh 134/1536 | Building BVH
Fra:1 Mem:629.15M (Peak 629.33M) | Time:00:02.16 | Mem:208.66M, Peak:208.66M | Scene, ViewLayer | Updating Geometry BVH W15_s01_mesh 135/1536 | Building BVH
Fra:1 Mem:629.15M (Peak 629.33M) | Time:00:02.16 | Mem:208.66M, Peak:208.66M | Scene, ViewLayer | Updating Geometry BVH W15_s02_mesh 136/1536 | Building BVH
Fra:1 Mem:629.15M (Peak 629.33M) | Time:00:02.16 | Mem:208.67M, Peak:208.67M | Scene, ViewLayer | Updating Geometry BVH W16_s00_mesh 137/1536 | Building BVH
Fra:1 Mem:629.15M (Peak 629.33M) | Time:00:02.16 | Mem:208.67M, Peak:208.67M | Scene, ViewLayer | Updating Geometry BVH W17_s00_mesh 138/1536 | Building BVH
Fra:1 Mem:629.15M (Peak 629.33M) | Time:00:02.16 | Mem:208.67M, Peak:208.67M | Scene, ViewLayer | Updating Geometry BVH W17_s01_mesh 139/1536 | Building BVH
Fra:1 Mem:629.15M (Peak 629.33M) | Time:00:02.17 | Mem:219.84M, Peak:219.84M | Scene, ViewLayer | Updating Geometry BVH W18_s01_mesh 142/1536 | Building BVH
Fra:1 Mem:629.15M (Peak 629.33M) | Time:00:02.17 | Mem:219.84M, Peak:219.84M | Scene, ViewLayer | Updating Geometry BVH W18_s02_mesh 143/1536 | Building BVH
Fra:1 Mem:629.15M (Peak 629.33M) | Time:00:02.17 | Mem:219.84M, Peak:219.84M | Scene, ViewLayer | Updating Geometry BVH W18_s03_mesh 144/1536 | Building BVH
Fra:1 Mem:629.15M (Peak 629.33M) | Time:00:02.17 | Mem:219.88M, Peak:219.88M | Scene, ViewLayer | Updating Geometry BVH W19_s00_mesh 145/1536 | Building BVH
Fra:1 Mem:629.15M (Peak 629.33M) | Time:00:02.17 | Mem:219.88M, Peak:219.88M | Scene, ViewLayer | Updating Geometry BVH W19_s01_mesh 146/1536 | Building BVH
Fra:1 Mem:629.15M (Peak 629.33M) | Time:00:02.17 | Mem:219.88M, Peak:219.88M | Scene, ViewLayer | Updating Geometry BVH W19_s02_mesh 147/1536 | Building BVH
Fra:1 Mem:629.15M (Peak 629.33M) | Time:00:02.17 | Mem:219.88M, Peak:219.88M | Scene, ViewLayer | Updating Geometry BVH W20_s00_mesh 148/1536 | Building BVH
Fra:1 Mem:629.15M (Peak 629.33M) | Time:00:02.17 | Mem:219.89M, Peak:219.89M | Scene, ViewLayer | Updating Geometry BVH fx_Bu_jar0_mesh 1529/1536 | Building BVH
Fra:1 Mem:629.15M (Peak 629.33M) | Time:00:02.17 | Mem:219.90M, Peak:219.90M | Scene, ViewLayer | Updating Geometry BVH W21_s00_mesh 149/1536 | Building BVH
Fra:1 Mem:629.15M (Peak 629.33M) | Time:00:02.17 | Mem:219.92M, Peak:219.92M | Scene, ViewLayer | Updating Geometry BVH W22_s00_mesh 150/1536 | Building BVH
Fra:1 Mem:629.15M (Peak 629.33M) | Time:00:02.17 | Mem:219.92M, Peak:219.93M | Scene, ViewLayer | Updating Geometry BVH W22_s01_mesh 151/1536 | Building BVH
Fra:1 Mem:629.15M (Peak 629.33M) | Time:00:02.17 | Mem:220.01M, Peak:220.01M | Scene, ViewLayer | Updating Geometry BVH W23_s00_mesh 152/1536 | Building BVH
Fra:1 Mem:629.15M (Peak 629.33M) | Time:00:02.17 | Mem:220.02M, Peak:220.02M | Scene, ViewLayer | Updating Geometry BVH W18_s00_mesh 141/1536 | Building BVH
Fra:1 Mem:629.15M (Peak 629.33M) | Time:00:02.17 | Mem:220.03M, Peak:220.03M | Scene, ViewLayer | Updating Geometry BVH W23_s01_mesh 153/1536 | Building BVH
Fra:1 Mem:629.15M (Peak 629.33M) | Time:00:02.17 | Mem:220.04M, Peak:220.04M | Scene, ViewLayer | Updating Geometry BVH W23_s02_mesh 154/1536 | Building BVH
Fra:1 Mem:629.15M (Peak 629.33M) | Time:00:02.17 | Mem:220.07M, Peak:220.07M | Scene, ViewLayer | Updating Geometry BVH W23_s03_mesh 155/1536 | Building BVH
Fra:1 Mem:629.15M (Peak 629.33M) | Time:00:02.17 | Mem:220.07M, Peak:220.07M | Scene, ViewLayer | Updating Geometry BVH W24_s00_mesh 156/1536 | Building BVH
Fra:1 Mem:629.15M (Peak 629.33M) | Time:00:02.17 | Mem:220.06M, Peak:220.09M | Scene, ViewLayer | Updating Geometry BVH W25_s00_mesh 157/1536 | Building BVH
Fra:1 Mem:629.15M (Peak 629.33M) | Time:00:02.17 | Mem:220.06M, Peak:220.09M | Scene, ViewLayer | Updating Geometry BVH W26_s00_mesh 158/1536 | Building BVH
Fra:1 Mem:629.15M (Peak 629.33M) | Time:00:02.17 | Mem:220.06M, Peak:220.09M | Scene, ViewLayer | Updating Geometry BVH W27_s00_mesh 159/1536 | Building BVH
Fra:1 Mem:629.15M (Peak 629.33M) | Time:00:02.17 | Mem:239.56M, Peak:239.56M | Scene, ViewLayer | Updating Geometry BVH fx_Bu_rec0_mesh 1528/1536 | Building BVH
Fra:1 Mem:629.15M (Peak 629.33M) | Time:00:02.17 | Mem:239.56M, Peak:239.56M | Scene, ViewLayer | Updating Geometry BVH W27_s01_mesh 160/1536 | Building BVH
Fra:1 Mem:629.15M (Peak 629.33M) | Time:00:02.17 | Mem:239.58M, Peak:239.58M | Scene, ViewLayer | Updating Geometry BVH W27_s02_mesh 161/1536 | Building BVH
Fra:1 Mem:629.15M (Peak 629.33M) | Time:00:02.17 | Mem:239.65M, Peak:239.65M | Scene, ViewLayer | Updating Geometry BVH W28_s00_mesh 162/1536 | Building BVH
Fra:1 Mem:629.15M (Peak 629.33M) | Time:00:02.17 | Mem:239.65M, Peak:239.65M | Scene, ViewLayer | Updating Geometry BVH fx_Bs7_lip_mesh 1527/1536 | Building BVH
Fra:1 Mem:629.15M (Peak 629.33M) | Time:00:02.17 | Mem:239.65M, Peak:239.65M | Scene, ViewLayer | Updating Geometry BVH W29_s00_mesh 163/1536 | Building BVH
Fra:1 Mem:629.15M (Peak 629.33M) | Time:00:02.17 | Mem:239.65M, Peak:239.65M | Scene, ViewLayer | Updating Geometry BVH win_W01_0bot_mesh 164/1536 | Building BVH
Fra:1 Mem:629.15M (Peak 629.33M) | Time:00:02.17 | Mem:239.65M, Peak:239.65M | Scene, ViewLayer | Updating Geometry BVH win_W01_0top_mesh 165/1536 | Building BVH
Fra:1 Mem:629.15M (Peak 629.33M) | Time:00:02.17 | Mem:239.69M, Peak:239.69M | Scene, ViewLayer | Updating Geometry BVH win_W01_0lft_mesh 166/1536 | Building BVH
Fra:1 Mem:629.15M (Peak 629.33M) | Time:00:02.17 | Mem:239.69M, Peak:239.69M | Scene, ViewLayer | Updating Geometry BVH win_W01_0rgt_mesh 167/1536 | Building BVH
Fra:1 Mem:629.15M (Peak 629.33M) | Time:00:02.17 | Mem:239.70M, Peak:239.70M | Scene, ViewLayer | Updating Geometry BVH win_W01_0mul1_mesh 168/1536 | Building BVH
Fra:1 Mem:629.15M (Peak 629.33M) | Time:00:02.17 | Mem:239.70M, Peak:239.70M | Scene, ViewLayer | Updating Geometry BVH win_W01_0glass_mesh 169/1536 | Building BVH
Fra:1 Mem:629.15M (Peak 629.33M) | Time:00:02.17 | Mem:239.71M, Peak:239.71M | Scene, ViewLayer | Updating Geometry BVH win_W02_0bot_mesh 170/1536 | Building BVH
Fra:1 Mem:629.15M (Peak 629.33M) | Time:00:02.17 | Mem:239.72M, Peak:239.72M | Scene, ViewLayer | Updating Geometry BVH win_W02_0top_mesh 171/1536 | Building BVH
Fra:1 Mem:629.15M (Peak 629.33M) | Time:00:02.17 | Mem:239.74M, Peak:239.74M | Scene, ViewLayer | Updating Geometry BVH win_W02_0lft_mesh 172/1536 | Building BVH
Fra:1 Mem:629.15M (Peak 629.33M) | Time:00:02.17 | Mem:239.75M, Peak:239.75M | Scene, ViewLayer | Updating Geometry BVH win_W02_0rgt_mesh 173/1536 | Building BVH
Fra:1 Mem:629.15M (Peak 629.33M) | Time:00:02.17 | Mem:239.76M, Peak:239.76M | Scene, ViewLayer | Updating Geometry BVH win_W02_0glass_mesh 174/1536 | Building BVH
Fra:1 Mem:629.15M (Peak 629.33M) | Time:00:02.17 | Mem:239.77M, Peak:239.77M | Scene, ViewLayer | Updating Geometry BVH win_W05_0bot_mesh 175/1536 | Building BVH
Fra:1 Mem:629.15M (Peak 629.33M) | Time:00:02.17 | Mem:253.93M, Peak:253.93M | Scene, ViewLayer | Updating Geometry BVH win_W05_0top_mesh 176/1536 | Building BVH
Fra:1 Mem:629.15M (Peak 629.33M) | Time:00:02.18 | Mem:253.94M, Peak:253.94M | Scene, ViewLayer | Updating Geometry BVH win_W05_0lft_mesh 177/1536 | Building BVH
Fra:1 Mem:629.15M (Peak 629.33M) | Time:00:02.18 | Mem:253.95M, Peak:253.95M | Scene, ViewLayer | Updating Geometry BVH fx_Bs7_neck_mesh 1526/1536 | Building BVH
Fra:1 Mem:629.15M (Peak 629.33M) | Time:00:02.18 | Mem:253.96M, Peak:253.96M | Scene, ViewLayer | Updating Geometry BVH win_W05_0rgt_mesh 178/1536 | Building BVH
Fra:1 Mem:629.15M (Peak 629.33M) | Time:00:02.18 | Mem:253.97M, Peak:253.97M | Scene, ViewLayer | Updating Geometry BVH fx_Bs7_pot_mesh 1525/1536 | Building BVH
Fra:1 Mem:629.15M (Peak 629.33M) | Time:00:02.18 | Mem:253.98M, Peak:253.99M | Scene, ViewLayer | Updating Geometry BVH fx_Bs6_f1_mesh 1524/1536 | Building BVH
Fra:1 Mem:629.15M (Peak 629.33M) | Time:00:02.18 | Mem:253.99M, Peak:253.99M | Scene, ViewLayer | Updating Geometry BVH fx_Bs6_f0_mesh 1523/1536 | Building BVH
Fra:1 Mem:629.15M (Peak 629.33M) | Time:00:02.18 | Mem:254.00M, Peak:254.00M | Scene, ViewLayer | Updating Geometry BVH fx_Bs6_b4_mesh 1522/1536 | Building BVH
Fra:1 Mem:629.15M (Peak 629.33M) | Time:00:02.18 | Mem:254.01M, Peak:254.01M | Scene, ViewLayer | Updating Geometry BVH fx_Bs6_b3_mesh 1521/1536 | Building BVH
Fra:1 Mem:629.15M (Peak 629.33M) | Time:00:02.18 | Mem:254.02M, Peak:254.02M | Scene, ViewLayer | Updating Geometry BVH fx_Bs6_b2_mesh 1520/1536 | Building BVH
Fra:1 Mem:629.15M (Peak 629.33M) | Time:00:02.18 | Mem:254.03M, Peak:254.03M | Scene, ViewLayer | Updating Geometry BVH fx_Bs6_b1_mesh 1519/1536 | Building BVH
Fra:1 Mem:629.15M (Peak 629.33M) | Time:00:02.18 | Mem:254.04M, Peak:254.04M | Scene, ViewLayer | Updating Geometry BVH fx_Bs6_b0_mesh 1518/1536 | Building BVH
Fra:1 Mem:629.15M (Peak 629.33M) | Time:00:02.19 | Mem:278.37M, Peak:278.37M | Scene, ViewLayer | Updating Geometry BVH fx_Bs5_rec2_mesh 1517/1536 | Building BVH
Fra:1 Mem:629.15M (Peak 629.33M) | Time:00:02.19 | Mem:278.39M, Peak:278.39M | Scene, ViewLayer | Updating Geometry BVH fx_Bs5_rec1_mesh 1516/1536 | Building BVH
Fra:1 Mem:629.15M (Peak 629.33M) | Time:00:02.19 | Mem:278.40M, Peak:278.41M | Scene, ViewLayer | Updating Geometry BVH fx_Bs5_rec0_mesh 1515/1536 | Building BVH
Fra:1 Mem:629.15M (Peak 629.33M) | Time:00:02.20 | Mem:278.42M, Peak:278.42M | Scene, ViewLayer | Updating Geometry BVH fx_Bs5_recstand_mesh 1514/1536 | Building BVH
Fra:1 Mem:629.15M (Peak 629.33M) | Time:00:02.20 | Mem:278.43M, Peak:278.43M | Scene, ViewLayer | Updating Geometry BVH fx_Bs4_lip_mesh 1513/1536 | Building BVH
Fra:1 Mem:629.15M (Peak 629.33M) | Time:00:02.20 | Mem:278.44M, Peak:278.44M | Scene, ViewLayer | Updating Geometry BVH fx_Bs4_neck_mesh 1512/1536 | Building BVH
Fra:1 Mem:629.15M (Peak 629.33M) | Time:00:02.20 | Mem:278.45M, Peak:278.46M | Scene, ViewLayer | Updating Geometry BVH fx_Bs4_pot_mesh 1511/1536 | Building BVH
Fra:1 Mem:629.15M (Peak 629.33M) | Time:00:02.21 | Mem:278.47M, Peak:278.47M | Scene, ViewLayer | Updating Geometry BVH fx_Bs3_f1_mesh 1510/1536 | Building BVH
Fra:1 Mem:629.15M (Peak 629.33M) | Time:00:02.21 | Mem:278.48M, Peak:278.48M | Scene, ViewLayer | Updating Geometry BVH fx_Bs3_f0_mesh 1509/1536 | Building BVH
Fra:1 Mem:629.15M (Peak 629.33M) | Time:00:02.21 | Mem:278.48M, Peak:278.49M | Scene, ViewLayer | Updating Geometry BVH fx_Bs3_b4_mesh 1508/1536 | Building BVH
Fra:1 Mem:629.15M (Peak 629.33M) | Time:00:02.21 | Mem:278.49M, Peak:278.49M | Scene, ViewLayer | Updating Geometry BVH fx_Bs3_b3_mesh 1507/1536 | Building BVH
Fra:1 Mem:629.15M (Peak 629.33M) | Time:00:02.23 | Mem:278.50M, Peak:278.50M | Scene, ViewLayer | Updating Geometry BVH fx_Bs3_b2_mesh 1506/1536 | Building BVH
Fra:1 Mem:629.15M (Peak 629.33M) | Time:00:02.23 | Mem:278.51M, Peak:278.51M | Scene, ViewLayer | Updating Geometry BVH fx_Bs3_b1_mesh 1505/1536 | Building BVH
Fra:1 Mem:629.15M (Peak 629.33M) | Time:00:02.23 | Mem:278.52M, Peak:278.52M | Scene, ViewLayer | Updating Geometry BVH fx_Bs3_b0_mesh 1504/1536 | Building BVH
Fra:1 Mem:629.15M (Peak 629.33M) | Time:00:02.23 | Mem:278.53M, Peak:278.53M | Scene, ViewLayer | Updating Geometry BVH fx_Bs2_rec2_mesh 1503/1536 | Building BVH
Fra:1 Mem:629.15M (Peak 629.33M) | Time:00:02.23 | Mem:278.54M, Peak:278.55M | Scene, ViewLayer | Updating Geometry BVH fx_Bs2_rec1_mesh 1502/1536 | Building BVH
Fra:1 Mem:629.15M (Peak 629.33M) | Time:00:02.23 | Mem:278.56M, Peak:278.56M | Scene, ViewLayer | Updating Geometry BVH win_W05_0glass_mesh 179/1536 | Building BVH
Fra:1 Mem:629.15M (Peak 629.33M) | Time:00:02.23 | Mem:278.56M, Peak:278.56M | Scene, ViewLayer | Updating Geometry BVH win_W06_0bot_mesh 180/1536 | Building BVH
Fra:1 Mem:629.15M (Peak 629.33M) | Time:00:02.23 | Mem:278.56M, Peak:278.56M | Scene, ViewLayer | Updating Geometry BVH win_W06_0lft_mesh 182/1536 | Building BVH
Fra:1 Mem:629.15M (Peak 629.33M) | Time:00:02.23 | Mem:278.59M, Peak:278.59M | Scene, ViewLayer | Updating Geometry BVH fx_Bs2_rec0_mesh 1501/1536 | Building BVH
Fra:1 Mem:629.15M (Peak 629.33M) | Time:00:02.23 | Mem:278.61M, Peak:278.61M | Scene, ViewLayer | Updating Geometry BVH fx_Bs2_recstand_mesh 1500/1536 | Building BVH
Fra:1 Mem:629.15M (Peak 629.33M) | Time:00:02.23 | Mem:278.62M, Peak:278.62M | Scene, ViewLayer | Updating Geometry BVH win_W06_0rgt_mesh 183/1536 | Building BVH
Fra:1 Mem:629.15M (Peak 629.33M) | Time:00:02.23 | Mem:278.62M, Peak:278.62M | Scene, ViewLayer | Updating Geometry BVH win_W06_0mul1_mesh 184/1536 | Building BVH
Fra:1 Mem:629.15M (Peak 629.33M) | Time:00:02.23 | Mem:278.64M, Peak:278.64M | Scene, ViewLayer | Updating Geometry BVH fx_Bs1_lip_mesh 1499/1536 | Building BVH
Fra:1 Mem:629.15M (Peak 629.33M) | Time:00:02.23 | Mem:267.31M, Peak:278.64M | Scene, ViewLayer | Updating Geometry BVH win_W06_0glass_mesh 185/1536 | Building BVH
Fra:1 Mem:629.15M (Peak 629.33M) | Time:00:02.23 | Mem:267.31M, Peak:278.64M | Scene, ViewLayer | Updating Geometry BVH win_W10_0bot_mesh 186/1536 | Building BVH
Fra:1 Mem:629.15M (Peak 629.33M) | Time:00:02.23 | Mem:267.34M, Peak:278.64M | Scene, ViewLayer | Updating Geometry BVH fx_Bs1_neck_mesh 1498/1536 | Building BVH
Fra:1 Mem:629.15M (Peak 629.33M) | Time:00:02.24 | Mem:267.35M, Peak:278.64M | Scene, ViewLayer | Updating Geometry BVH fx_Bs1_pot_mesh 1497/1536 | Building BVH
Fra:1 Mem:629.15M (Peak 629.33M) | Time:00:02.24 | Mem:267.37M, Peak:278.64M | Scene, ViewLayer | Updating Geometry BVH fx_Bs0_f1_mesh 1496/1536 | Building BVH
Fra:1 Mem:629.15M (Peak 629.33M) | Time:00:02.24 | Mem:267.37M, Peak:278.64M | Scene, ViewLayer | Updating Geometry BVH fx_Bs0_f0_mesh 1495/1536 | Building BVH
Fra:1 Mem:629.15M (Peak 629.33M) | Time:00:02.24 | Mem:267.38M, Peak:278.64M | Scene, ViewLayer | Updating Geometry BVH fx_Bs0_b4_mesh 1494/1536 | Building BVH
Fra:1 Mem:629.15M (Peak 629.33M) | Time:00:02.24 | Mem:267.39M, Peak:278.64M | Scene, ViewLayer | Updating Geometry BVH fx_Bs0_b3_mesh 1493/1536 | Building BVH
Fra:1 Mem:629.15M (Peak 629.33M) | Time:00:02.24 | Mem:267.40M, Peak:278.64M | Scene, ViewLayer | Updating Geometry BVH fx_Bs0_b2_mesh 1492/1536 | Building BVH
Fra:1 Mem:629.15M (Peak 629.33M) | Time:00:02.24 | Mem:267.41M, Peak:278.64M | Scene, ViewLayer | Updating Geometry BVH fx_Bs0_b1_mesh 1491/1536 | Building BVH
Fra:1 Mem:629.15M (Peak 629.33M) | Time:00:02.25 | Mem:267.42M, Peak:278.64M | Scene, ViewLayer | Updating Geometry BVH fx_Bs0_b0_mesh 1490/1536 | Building BVH
Fra:1 Mem:629.15M (Peak 629.33M) | Time:00:02.25 | Mem:267.43M, Peak:278.64M | Scene, ViewLayer | Updating Geometry BVH fx_curt_living_bo_e_B_mesh 1489/1536 | Building BVH
Fra:1 Mem:629.15M (Peak 629.33M) | Time:00:02.26 | Mem:267.44M, Peak:278.64M | Scene, ViewLayer | Updating Geometry BVH fx_curt_living_bo_w_B_mesh 1488/1536 | Building BVH
Fra:1 Mem:629.15M (Peak 629.33M) | Time:00:02.26 | Mem:267.46M, Peak:278.64M | Scene, ViewLayer | Updating Geometry BVH fx_curt_living_sheer_B_mesh 1487/1536 | Building BVH
Fra:1 Mem:629.15M (Peak 629.33M) | Time:00:02.26 | Mem:267.49M, Peak:278.64M | Scene, ViewLayer | Updating Geometry BVH B_living_dining_balcony_floor_lamp_01_shade_mesh 1486/1536 | Building BVH
Fra:1 Mem:629.15M (Peak 629.33M) | Time:00:02.26 | Mem:267.52M, Peak:278.64M | Scene, ViewLayer | Updating Geometry BVH B_living_dining_balcony_floor_lamp_01_arc 1485/1536 | Building BVH
Fra:1 Mem:629.15M (Peak 629.33M) | Time:00:02.27 | Mem:267.59M, Peak:278.64M | Scene, ViewLayer | Updating Geometry BVH B_living_dining_balcony_floor_lamp_01_base_mesh 1484/1536 | Building BVH
Fra:1 Mem:629.15M (Peak 629.33M) | Time:00:02.27 | Mem:267.60M, Peak:278.64M | Scene, ViewLayer | Updating Geometry BVH B_living_dining_balcony_tv_01_base_mesh 1483/1536 | Building BVH
Fra:1 Mem:629.15M (Peak 629.33M) | Time:00:02.28 | Mem:267.62M, Peak:278.64M | Scene, ViewLayer | Updating Geometry BVH B_living_dining_balcony_tv_01_brace2_mesh 1482/1536 | Building BVH
Fra:1 Mem:629.15M (Peak 629.33M) | Time:00:02.28 | Mem:267.63M, Peak:278.64M | Scene, ViewLayer | Updating Geometry BVH B_living_dining_balcony_tv_01_brace1_mesh 1481/1536 | Building BVH
Fra:1 Mem:629.15M (Peak 629.33M) | Time:00:02.28 | Mem:267.64M, Peak:278.64M | Scene, ViewLayer | Updating Geometry BVH B_living_dining_balcony_tv_01_brace0_mesh 1480/1536 | Building BVH
Fra:1 Mem:629.15M (Peak 629.33M) | Time:00:02.29 | Mem:267.64M, Peak:278.64M | Scene, ViewLayer | Updating Geometry BVH B_living_dining_balcony_tv_01_pole_mesh 1479/1536 | Building BVH
Fra:1 Mem:629.15M (Peak 629.33M) | Time:00:02.29 | Mem:267.66M, Peak:278.64M | Scene, ViewLayer | Updating Geometry BVH B_living_dining_balcony_tv_01_screen_mesh 1478/1536 | Building BVH
Fra:1 Mem:629.15M (Peak 629.33M) | Time:00:02.29 | Mem:267.67M, Peak:278.64M | Scene, ViewLayer | Updating Geometry BVH win_W10_0top_mesh 187/1536 | Building BVH
Fra:1 Mem:629.15M (Peak 629.33M) | Time:00:02.29 | Mem:267.67M, Peak:278.64M | Scene, ViewLayer | Updating Geometry BVH win_W10_0glass_mesh 190/1536 | Building BVH
Fra:1 Mem:629.15M (Peak 629.33M) | Time:00:02.29 | Mem:267.67M, Peak:278.64M | Scene, ViewLayer | Updating Geometry BVH win_W18_0mul1_mesh 195/1536 | Building BVH
Fra:1 Mem:629.15M (Peak 629.33M) | Time:00:02.29 | Mem:267.68M, Peak:278.64M | Scene, ViewLayer | Updating Geometry BVH win_W23_0glass_mesh 204/1536 | Building BVH
Fra:1 Mem:629.15M (Peak 629.33M) | Time:00:02.29 | Mem:267.68M, Peak:278.64M | Scene, ViewLayer | Updating Geometry BVH door_W07_0jlfto_mesh 205/1536 | Building BVH
Fra:1 Mem:629.15M (Peak 629.33M) | Time:00:02.29 | Mem:267.68M, Peak:278.64M | Scene, ViewLayer | Updating Geometry BVH door_W07_0jlfti_mesh 206/1536 | Building BVH
Fra:1 Mem:629.15M (Peak 629.33M) | Time:00:02.29 | Mem:267.82M, Peak:278.64M | Scene, ViewLayer | Updating Geometry BVH door_W07_0jrgto_mesh 207/1536 | Building BVH
Fra:1 Mem:629.15M (Peak 629.33M) | Time:00:02.29 | Mem:267.87M, Peak:278.64M | Scene, ViewLayer | Updating Geometry BVH door_W07_0jrgti_mesh 208/1536 | Building BVH
Fra:1 Mem:629.15M (Peak 629.33M) | Time:00:02.29 | Mem:267.88M, Peak:278.64M | Scene, ViewLayer | Updating Geometry BVH door_W07_0jtopo_mesh 209/1536 | Building BVH
Fra:1 Mem:629.15M (Peak 629.33M) | Time:00:02.29 | Mem:267.88M, Peak:278.64M | Scene, ViewLayer | Updating Geometry BVH door_W07_0jtopi_mesh 210/1536 | Building BVH
Fra:1 Mem:629.15M (Peak 629.33M) | Time:00:02.29 | Mem:253.73M, Peak:278.64M | Scene, ViewLayer | Updating Geometry BVH door_W07_0lin_l_mesh 211/1536 | Building BVH
Fra:1 Mem:629.15M (Peak 629.33M) | Time:00:02.29 | Mem:253.74M, Peak:278.64M | Scene, ViewLayer | Updating Geometry BVH door_W07_0lin_r_mesh 212/1536 | Building BVH
Fra:1 Mem:629.15M (Peak 629.33M) | Time:00:02.29 | Mem:253.74M, Peak:278.64M | Scene, ViewLayer | Updating Geometry BVH door_W07_0lin_t_mesh 213/1536 | Building BVH
Fra:1 Mem:629.15M (Peak 629.33M) | Time:00:02.29 | Mem:253.76M, Peak:278.64M | Scene, ViewLayer | Updating Geometry BVH door_W07_0leaf_mesh 214/1536 | Building BVH
Fra:1 Mem:629.15M (Peak 629.33M) | Time:00:02.29 | Mem:253.79M, Peak:278.64M | Scene, ViewLayer | Updating Geometry BVH door_W07_0hdl_mesh 215/1536 | Building BVH
Fra:1 Mem:629.15M (Peak 629.33M) | Time:00:02.29 | Mem:253.79M, Peak:278.64M | Scene, ViewLayer | Updating Geometry BVH door_W08_0jlfto_mesh 216/1536 | Building BVH
Fra:1 Mem:629.15M (Peak 629.33M) | Time:00:02.29 | Mem:253.79M, Peak:278.64M | Scene, ViewLayer | Updating Geometry BVH door_W08_0jlfti_mesh 217/1536 | Building BVH
Fra:1 Mem:629.15M (Peak 629.33M) | Time:00:02.29 | Mem:253.79M, Peak:278.64M | Scene, ViewLayer | Updating Geometry BVH door_W08_0jrgti_mesh 219/1536 | Building BVH
Fra:1 Mem:629.15M (Peak 629.33M) | Time:00:02.29 | Mem:253.80M, Peak:278.64M | Scene, ViewLayer | Updating Geometry BVH door_W08_0jtopo_mesh 220/1536 | Building BVH
Fra:1 Mem:629.15M (Peak 629.33M) | Time:00:02.29 | Mem:253.80M, Peak:278.64M | Scene, ViewLayer | Updating Geometry BVH door_W08_0jtopi_mesh 221/1536 | Building BVH
Fra:1 Mem:629.15M (Peak 629.33M) | Time:00:02.29 | Mem:253.80M, Peak:278.64M | Scene, ViewLayer | Updating Geometry BVH door_W08_0lin_l_mesh 222/1536 | Building BVH
Fra:1 Mem:629.15M (Peak 629.33M) | Time:00:02.29 | Mem:253.85M, Peak:278.64M | Scene, ViewLayer | Updating Geometry BVH door_W08_0lin_r_mesh 223/1536 | Building BVH
Fra:1 Mem:629.15M (Peak 629.33M) | Time:00:02.29 | Mem:253.85M, Peak:278.64M | Scene, ViewLayer | Updating Geometry BVH door_W08_0lin_t_mesh 224/1536 | Building BVH
Fra:1 Mem:629.15M (Peak 629.33M) | Time:00:02.29 | Mem:253.85M, Peak:278.64M | Scene, ViewLayer | Updating Geometry BVH door_W08_0lft_mesh 225/1536 | Building BVH
Fra:1 Mem:629.15M (Peak 629.33M) | Time:00:02.29 | Mem:253.87M, Peak:278.64M | Scene, ViewLayer | Updating Geometry BVH door_W08_0rgt_mesh 226/1536 | Building BVH
Fra:1 Mem:629.15M (Peak 629.33M) | Time:00:02.29 | Mem:253.88M, Peak:278.64M | Scene, ViewLayer | Updating Geometry BVH door_W08_0top_mesh 227/1536 | Building BVH
Fra:1 Mem:629.15M (Peak 629.33M) | Time:00:02.29 | Mem:253.90M, Peak:278.64M | Scene, ViewLayer | Updating Geometry BVH door_W08_0bot_mesh 228/1536 | Building BVH
Fra:1 Mem:629.15M (Peak 629.33M) | Time:00:02.29 | Mem:253.90M, Peak:278.64M | Scene, ViewLayer | Updating Geometry BVH door_W08_0fglass_mesh 229/1536 | Building BVH
Fra:1 Mem:629.15M (Peak 629.33M) | Time:00:02.29 | Mem:253.90M, Peak:278.64M | Scene, ViewLayer | Updating Geometry BVH door_W08_0hdl_mesh 230/1536 | Building BVH
Fra:1 Mem:629.15M (Peak 629.33M) | Time:00:02.29 | Mem:253.90M, Peak:278.64M | Scene, ViewLayer | Updating Geometry BVH door_W13_0jlfto_mesh 231/1536 | Building BVH
Fra:1 Mem:629.15M (Peak 629.33M) | Time:00:02.29 | Mem:253.92M, Peak:278.64M | Scene, ViewLayer | Updating Geometry BVH door_W13_0jlfti_mesh 232/1536 | Building BVH
Fra:1 Mem:629.15M (Peak 629.33M) | Time:00:02.29 | Mem:253.92M, Peak:278.64M | Scene, ViewLayer | Updating Geometry BVH door_W13_0jrgto_mesh 233/1536 | Building BVH
Fra:1 Mem:629.15M (Peak 629.33M) | Time:00:02.29 | Mem:253.93M, Peak:278.64M | Scene, ViewLayer | Updating Geometry BVH door_W13_0jrgti_mesh 234/1536 | Building BVH
Fra:1 Mem:629.15M (Peak 629.33M) | Time:00:02.29 | Mem:253.96M, Peak:278.64M | Scene, ViewLayer | Updating Geometry BVH door_W13_0jtopo_mesh 235/1536 | Building BVH
Fra:1 Mem:629.15M (Peak 629.33M) | Time:00:02.29 | Mem:253.96M, Peak:278.64M | Scene, ViewLayer | Updating Geometry BVH B_living_dining_balcony_side_table_01_leg2_mesh 1476/1536 | Building BVH
Fra:1 Mem:629.15M (Peak 629.33M) | Time:00:02.29 | Mem:253.97M, Peak:278.64M | Scene, ViewLayer | Updating Geometry BVH door_W13_0jtopi_mesh 236/1536 | Building BVH
Fra:1 Mem:629.15M (Peak 629.33M) | Time:00:02.29 | Mem:253.97M, Peak:278.64M | Scene, ViewLayer | Updating Geometry BVH door_W13_0lin_l_mesh 237/1536 | Building BVH
Fra:1 Mem:629.15M (Peak 629.33M) | Time:00:02.29 | Mem:253.98M, Peak:278.64M | Scene, ViewLayer | Updating Geometry BVH door_W13_0lin_r_mesh 238/1536 | Building BVH
Fra:1 Mem:629.15M (Peak 629.33M) | Time:00:02.29 | Mem:253.99M, Peak:278.64M | Scene, ViewLayer | Updating Geometry BVH door_W13_0lin_t_mesh 239/1536 | Building BVH
Fra:1 Mem:629.15M (Peak 629.33M) | Time:00:02.29 | Mem:253.99M, Peak:278.64M | Scene, ViewLayer | Updating Geometry BVH door_W13_0leaf_mesh 240/1536 | Building BVH
Fra:1 Mem:629.15M (Peak 629.33M) | Time:00:02.29 | Mem:254.02M, Peak:278.64M | Scene, ViewLayer | Updating Geometry BVH door_W13_0hdl_mesh 241/1536 | Building BVH
Fra:1 Mem:629.15M (Peak 629.33M) | Time:00:02.29 | Mem:254.02M, Peak:278.64M | Scene, ViewLayer | Updating Geometry BVH door_W14_0jlfti_mesh 243/1536 | Building BVH
Fra:1 Mem:629.15M (Peak 629.33M) | Time:00:02.29 | Mem:254.03M, Peak:278.64M | Scene, ViewLayer | Updating Geometry BVH door_W14_0jrgti_mesh 245/1536 | Building BVH
Fra:1 Mem:629.15M (Peak 629.33M) | Time:00:02.29 | Mem:254.03M, Peak:278.64M | Scene, ViewLayer | Updating Geometry BVH door_W14_0jtopo_mesh 246/1536 | Building BVH
Fra:1 Mem:629.15M (Peak 629.33M) | Time:00:02.29 | Mem:254.03M, Peak:278.64M | Scene, ViewLayer | Updating Geometry BVH door_W14_0jtopi_mesh 247/1536 | Building BVH
Fra:1 Mem:629.15M (Peak 629.33M) | Time:00:02.29 | Mem:254.03M, Peak:278.64M | Scene, ViewLayer | Updating Geometry BVH door_W14_0lin_l_mesh 248/1536 | Building BVH
Fra:1 Mem:629.15M (Peak 629.33M) | Time:00:02.29 | Mem:254.06M, Peak:278.64M | Scene, ViewLayer | Updating Geometry BVH door_W14_0lin_r_mesh 249/1536 | Building BVH
Fra:1 Mem:629.15M (Peak 629.33M) | Time:00:02.29 | Mem:254.08M, Peak:278.64M | Scene, ViewLayer | Updating Geometry BVH door_W14_0lin_t_mesh 250/1536 | Building BVH
Fra:1 Mem:629.15M (Peak 629.33M) | Time:00:02.29 | Mem:254.11M, Peak:278.64M | Scene, ViewLayer | Updating Geometry BVH door_W14_0leaf_mesh 251/1536 | Building BVH
Fra:1 Mem:629.15M (Peak 629.33M) | Time:00:02.30 | Mem:254.13M, Peak:278.64M | Scene, ViewLayer | Updating Geometry BVH door_W14_0hdl_mesh 252/1536 | Building BVH
Fra:1 Mem:629.15M (Peak 629.33M) | Time:00:02.30 | Mem:254.13M, Peak:278.64M | Scene, ViewLayer | Updating Geometry BVH door_W14_1jlfto_mesh 253/1536 | Building BVH
Fra:1 Mem:629.15M (Peak 629.33M) | Time:00:02.30 | Mem:254.13M, Peak:278.64M | Scene, ViewLayer | Updating Geometry BVH door_W14_1jlfti_mesh 254/1536 | Building BVH
Fra:1 Mem:629.15M (Peak 629.33M) | Time:00:02.30 | Mem:254.13M, Peak:278.64M | Scene, ViewLayer | Updating Geometry BVH door_W14_1jrgto_mesh 255/1536 | Building BVH
Fra:1 Mem:629.15M (Peak 629.33M) | Time:00:02.30 | Mem:254.14M, Peak:278.64M | Scene, ViewLayer | Updating Geometry BVH door_W14_1jrgti_mesh 256/1536 | Building BVH
Fra:1 Mem:629.15M (Peak 629.33M) | Time:00:02.30 | Mem:254.14M, Peak:278.64M | Scene, ViewLayer | Updating Geometry BVH door_W14_1jtopo_mesh 257/1536 | Building BVH
Fra:1 Mem:629.15M (Peak 629.33M) | Time:00:02.30 | Mem:254.14M, Peak:278.64M | Scene, ViewLayer | Updating Geometry BVH door_W14_1lin_l_mesh 259/1536 | Building BVH
Fra:1 Mem:629.15M (Peak 629.33M) | Time:00:02.30 | Mem:254.19M, Peak:278.64M | Scene, ViewLayer | Updating Geometry BVH door_W14_1lin_r_mesh 260/1536 | Building BVH
Fra:1 Mem:629.15M (Peak 629.33M) | Time:00:02.30 | Mem:254.19M, Peak:278.64M | Scene, ViewLayer | Updating Geometry BVH door_W14_1lin_t_mesh 261/1536 | Building BVH
Fra:1 Mem:629.15M (Peak 629.33M) | Time:00:02.30 | Mem:254.19M, Peak:278.64M | Scene, ViewLayer | Updating Geometry BVH door_W14_1lft_mesh 262/1536 | Building BVH
Fra:1 Mem:629.15M (Peak 629.33M) | Time:00:02.30 | Mem:254.22M, Peak:278.64M | Scene, ViewLayer | Updating Geometry BVH door_W14_1rgt_mesh 263/1536 | Building BVH
Fra:1 Mem:629.15M (Peak 629.33M) | Time:00:02.30 | Mem:254.22M, Peak:278.64M | Scene, ViewLayer | Updating Geometry BVH door_W14_1bot_mesh 265/1536 | Building BVH
Fra:1 Mem:629.15M (Peak 629.33M) | Time:00:02.30 | Mem:254.23M, Peak:278.64M | Scene, ViewLayer | Updating Geometry BVH door_W14_1fglass_mesh 266/1536 | Building BVH
Fra:1 Mem:629.15M (Peak 629.33M) | Time:00:02.30 | Mem:254.23M, Peak:278.64M | Scene, ViewLayer | Updating Geometry BVH door_W14_1hdl_mesh 267/1536 | Building BVH
Fra:1 Mem:629.15M (Peak 629.33M) | Time:00:02.30 | Mem:254.23M, Peak:278.64M | Scene, ViewLayer | Updating Geometry BVH door_W15_0jlfto_mesh 268/1536 | Building BVH
Fra:1 Mem:629.15M (Peak 629.33M) | Time:00:02.30 | Mem:254.24M, Peak:278.64M | Scene, ViewLayer | Updating Geometry BVH B_living_dining_balcony_side_table_01_leg1_mesh 1475/1536 | Building BVH
Fra:1 Mem:629.15M (Peak 629.33M) | Time:00:02.30 | Mem:254.24M, Peak:278.64M | Scene, ViewLayer | Updating Geometry BVH door_W15_0jlfti_mesh 269/1536 | Building BVH
Fra:1 Mem:629.15M (Peak 629.33M) | Time:00:02.30 | Mem:254.30M, Peak:278.64M | Scene, ViewLayer | Updating Geometry BVH door_W15_0jrgto_mesh 270/1536 | Building BVH
Fra:1 Mem:629.15M (Peak 629.33M) | Time:00:02.30 | Mem:254.30M, Peak:278.64M | Scene, ViewLayer | Updating Geometry BVH door_W15_0jrgti_mesh 271/1536 | Building BVH
Fra:1 Mem:629.15M (Peak 629.33M) | Time:00:02.30 | Mem:254.30M, Peak:278.64M | Scene, ViewLayer | Updating Geometry BVH door_W15_0jtopo_mesh 272/1536 | Building BVH
Fra:1 Mem:629.15M (Peak 629.33M) | Time:00:02.30 | Mem:254.30M, Peak:278.64M | Scene, ViewLayer | Updating Geometry BVH door_W15_0jtopi_mesh 273/1536 | Building BVH
Fra:1 Mem:629.15M (Peak 629.33M) | Time:00:02.30 | Mem:254.31M, Peak:278.64M | Scene, ViewLayer | Updating Geometry BVH door_W15_0lin_l_mesh 274/1536 | Building BVH
Fra:1 Mem:629.15M (Peak 629.33M) | Time:00:02.30 | Mem:254.33M, Peak:278.64M | Scene, ViewLayer | Updating Geometry BVH door_W15_0lin_r_mesh 275/1536 | Building BVH
Fra:1 Mem:629.15M (Peak 629.33M) | Time:00:02.30 | Mem:254.34M, Peak:278.64M | Scene, ViewLayer | Updating Geometry BVH door_W15_0lin_t_mesh 276/1536 | Building BVH
Fra:1 Mem:629.15M (Peak 629.33M) | Time:00:02.30 | Mem:254.36M, Peak:278.64M | Scene, ViewLayer | Updating Geometry BVH door_W15_0_bot_mesh 277/1536 | Building BVH
Fra:1 Mem:629.15M (Peak 629.33M) | Time:00:02.30 | Mem:254.36M, Peak:278.64M | Scene, ViewLayer | Updating Geometry BVH door_W15_0_top_mesh 278/1536 | Building BVH
Fra:1 Mem:629.15M (Peak 629.33M) | Time:00:02.30 | Mem:254.37M, Peak:278.64M | Scene, ViewLayer | Updating Geometry BVH door_W15_0_lft_mesh 279/1536 | Building BVH
Fra:1 Mem:629.15M (Peak 629.33M) | Time:00:02.30 | Mem:254.37M, Peak:278.64M | Scene, ViewLayer | Updating Geometry BVH door_W15_0_rgt_mesh 280/1536 | Building BVH
Fra:1 Mem:629.15M (Peak 629.33M) | Time:00:02.30 | Mem:254.39M, Peak:278.64M | Scene, ViewLayer | Updating Geometry BVH door_W15_0_glass_mesh 281/1536 | Building BVH
Fra:1 Mem:629.15M (Peak 629.33M) | Time:00:02.30 | Mem:254.39M, Peak:278.64M | Scene, ViewLayer | Updating Geometry BVH door_W15_1_bot_mesh 282/1536 | Building BVH
Fra:1 Mem:629.15M (Peak 629.33M) | Time:00:02.30 | Mem:254.39M, Peak:278.64M | Scene, ViewLayer | Updating Geometry BVH door_W15_1_top_mesh 283/1536 | Building BVH
Fra:1 Mem:629.15M (Peak 629.33M) | Time:00:02.30 | Mem:254.41M, Peak:278.64M | Scene, ViewLayer | Updating Geometry BVH door_W15_1_rgt_mesh 285/1536 | Building BVH
Fra:1 Mem:629.15M (Peak 629.33M) | Time:00:02.30 | Mem:254.41M, Peak:278.64M | Scene, ViewLayer | Updating Geometry BVH door_W15_1_glass_mesh 286/1536 | Building BVH
Fra:1 Mem:629.15M (Peak 629.33M) | Time:00:02.30 | Mem:254.42M, Peak:278.64M | Scene, ViewLayer | Updating Geometry BVH door_W17_0jlfto_mesh 287/1536 | Building BVH
Fra:1 Mem:629.15M (Peak 629.33M) | Time:00:02.30 | Mem:254.42M, Peak:278.64M | Scene, ViewLayer | Updating Geometry BVH door_W17_0jlfti_mesh 288/1536 | Building BVH
Fra:1 Mem:629.15M (Peak 629.33M) | Time:00:02.30 | Mem:254.42M, Peak:278.64M | Scene, ViewLayer | Updating Geometry BVH door_W17_0jrgto_mesh 289/1536 | Building BVH
Fra:1 Mem:629.15M (Peak 629.33M) | Time:00:02.30 | Mem:254.45M, Peak:278.64M | Scene, ViewLayer | Updating Geometry BVH door_W17_0jrgti_mesh 290/1536 | Building BVH
Fra:1 Mem:629.15M (Peak 629.33M) | Time:00:02.30 | Mem:254.49M, Peak:278.64M | Scene, ViewLayer | Updating Geometry BVH door_W17_0jtopo_mesh 291/1536 | Building BVH
Fra:1 Mem:629.15M (Peak 629.33M) | Time:00:02.30 | Mem:254.49M, Peak:278.64M | Scene, ViewLayer | Updating Geometry BVH B_living_dining_balcony_side_table_01_leg0_mesh 1474/1536 | Building BVH
Fra:1 Mem:629.15M (Peak 629.33M) | Time:00:02.30 | Mem:254.49M, Peak:278.64M | Scene, ViewLayer | Updating Geometry BVH door_W17_0jtopi_mesh 292/1536 | Building BVH
Fra:1 Mem:629.15M (Peak 629.33M) | Time:00:02.30 | Mem:254.49M, Peak:278.64M | Scene, ViewLayer | Updating Geometry BVH door_W17_0lin_l_mesh 293/1536 | Building BVH
Fra:1 Mem:629.15M (Peak 629.33M) | Time:00:02.30 | Mem:254.49M, Peak:278.64M | Scene, ViewLayer | Updating Geometry BVH door_W17_0lin_r_mesh 294/1536 | Building BVH
Fra:1 Mem:629.15M (Peak 629.33M) | Time:00:02.30 | Mem:254.51M, Peak:278.64M | Scene, ViewLayer | Updating Geometry BVH door_W17_0lin_t_mesh 295/1536 | Building BVH
Fra:1 Mem:629.15M (Peak 629.33M) | Time:00:02.30 | Mem:254.51M, Peak:278.64M | Scene, ViewLayer | Updating Geometry BVH door_W17_0_bot_mesh 296/1536 | Building BVH
Fra:1 Mem:629.15M (Peak 629.33M) | Time:00:02.30 | Mem:254.55M, Peak:278.64M | Scene, ViewLayer | Updating Geometry BVH door_W17_0_top_mesh 297/1536 | Building BVH
Fra:1 Mem:629.15M (Peak 629.33M) | Time:00:02.30 | Mem:254.55M, Peak:278.64M | Scene, ViewLayer | Updating Geometry BVH door_W17_0_lft_mesh 298/1536 | Building BVH
Fra:1 Mem:629.15M (Peak 629.33M) | Time:00:02.30 | Mem:254.55M, Peak:278.64M | Scene, ViewLayer | Updating Geometry BVH door_W17_0_glass_mesh 300/1536 | Building BVH
Fra:1 Mem:629.15M (Peak 629.33M) | Time:00:02.30 | Mem:254.58M, Peak:278.64M | Scene, ViewLayer | Updating Geometry BVH door_W17_1_bot_mesh 301/1536 | Building BVH
Fra:1 Mem:629.15M (Peak 629.33M) | Time:00:02.30 | Mem:254.59M, Peak:278.64M | Scene, ViewLayer | Updating Geometry BVH door_W17_1_top_mesh 302/1536 | Building BVH
Fra:1 Mem:629.15M (Peak 629.33M) | Time:00:02.30 | Mem:254.59M, Peak:278.64M | Scene, ViewLayer | Updating Geometry BVH door_W17_1_rgt_mesh 304/1536 | Building BVH
Fra:1 Mem:629.15M (Peak 629.33M) | Time:00:02.30 | Mem:254.60M, Peak:278.64M | Scene, ViewLayer | Updating Geometry BVH B_living_dining_balcony_side_table_01_top_mesh 1473/1536 | Building BVH
Fra:1 Mem:629.15M (Peak 629.33M) | Time:00:02.30 | Mem:254.60M, Peak:278.64M | Scene, ViewLayer | Updating Geometry BVH door_W17_2_bot_mesh 306/1536 | Building BVH
Fra:1 Mem:629.15M (Peak 629.33M) | Time:00:02.30 | Mem:254.63M, Peak:278.64M | Scene, ViewLayer | Updating Geometry BVH door_W17_2_top_mesh 307/1536 | Building BVH
Fra:1 Mem:629.15M (Peak 629.33M) | Time:00:02.30 | Mem:254.67M, Peak:278.64M | Scene, ViewLayer | Updating Geometry BVH door_W17_2_lft_mesh 308/1536 | Building BVH
Fra:1 Mem:629.15M (Peak 629.33M) | Time:00:02.30 | Mem:254.67M, Peak:278.64M | Scene, ViewLayer | Updating Geometry BVH door_W17_2_rgt_mesh 309/1536 | Building BVH
Fra:1 Mem:629.15M (Peak 629.33M) | Time:00:02.30 | Mem:254.67M, Peak:278.64M | Scene, ViewLayer | Updating Geometry BVH door_W19_0jlfto_mesh 311/1536 | Building BVH
Fra:1 Mem:629.15M (Peak 629.33M) | Time:00:02.30 | Mem:254.67M, Peak:278.64M | Scene, ViewLayer | Updating Geometry BVH door_W19_0jlfti_mesh 312/1536 | Building BVH
Fra:1 Mem:629.15M (Peak 629.33M) | Time:00:02.30 | Mem:254.68M, Peak:278.64M | Scene, ViewLayer | Updating Geometry BVH door_W19_0jrgto_mesh 313/1536 | Building BVH
Fra:1 Mem:629.15M (Peak 629.33M) | Time:00:02.30 | Mem:254.69M, Peak:278.64M | Scene, ViewLayer | Updating Geometry BVH door_W19_0jrgti_mesh 314/1536 | Building BVH
Fra:1 Mem:629.15M (Peak 629.33M) | Time:00:02.30 | Mem:254.72M, Peak:278.64M | Scene, ViewLayer | Updating Geometry BVH door_W19_0jtopo_mesh 315/1536 | Building BVH
Fra:1 Mem:629.15M (Peak 629.33M) | Time:00:02.30 | Mem:254.74M, Peak:278.64M | Scene, ViewLayer | Updating Geometry BVH door_W19_0jtopi_mesh 316/1536 | Building BVH
Fra:1 Mem:629.15M (Peak 629.33M) | Time:00:02.30 | Mem:254.74M, Peak:278.64M | Scene, ViewLayer | Updating Geometry BVH door_W19_0lin_l_mesh 317/1536 | Building BVH
Fra:1 Mem:629.15M (Peak 629.33M) | Time:00:02.30 | Mem:254.74M, Peak:278.64M | Scene, ViewLayer | Updating Geometry BVH door_W19_0lin_t_mesh 319/1536 | Building BVH
Fra:1 Mem:629.15M (Peak 629.33M) | Time:00:02.30 | Mem:254.74M, Peak:278.64M | Scene, ViewLayer | Updating Geometry BVH door_W19_0hdl_mesh 321/1536 | Building BVH
Fra:1 Mem:629.15M (Peak 629.33M) | Time:00:02.30 | Mem:254.74M, Peak:278.64M | Scene, ViewLayer | Updating Geometry BVH door_W19_0leaf_mesh 320/1536 | Building BVH
Fra:1 Mem:629.15M (Peak 629.33M) | Time:00:02.30 | Mem:254.74M, Peak:278.64M | Scene, ViewLayer | Updating Geometry BVH door_W27_0jlfto_mesh 322/1536 | Building BVH
Fra:1 Mem:629.15M (Peak 629.33M) | Time:00:02.30 | Mem:254.75M, Peak:278.64M | Scene, ViewLayer | Updating Geometry BVH door_W27_0jlfti_mesh 323/1536 | Building BVH
Fra:1 Mem:629.15M (Peak 629.33M) | Time:00:02.30 | Mem:254.80M, Peak:278.64M | Scene, ViewLayer | Updating Geometry BVH B_living_dining_balcony_sofa_02_arm1_mesh 1472/1536 | Building BVH
Fra:1 Mem:629.15M (Peak 629.33M) | Time:00:02.30 | Mem:254.81M, Peak:278.64M | Scene, ViewLayer | Updating Geometry BVH door_W27_0jrgto_mesh 324/1536 | Building BVH
Fra:1 Mem:629.15M (Peak 629.33M) | Time:00:02.30 | Mem:254.81M, Peak:278.64M | Scene, ViewLayer | Updating Geometry BVH door_W27_0jrgti_mesh 325/1536 | Building BVH
Fra:1 Mem:629.15M (Peak 629.33M) | Time:00:02.30 | Mem:254.82M, Peak:278.64M | Scene, ViewLayer | Updating Geometry BVH door_W27_0jtopo_mesh 326/1536 | Building BVH
Fra:1 Mem:629.15M (Peak 629.33M) | Time:00:02.30 | Mem:254.85M, Peak:278.64M | Scene, ViewLayer | Updating Geometry BVH door_W27_0jtopi_mesh 327/1536 | Building BVH
Fra:1 Mem:629.15M (Peak 629.33M) | Time:00:02.30 | Mem:254.85M, Peak:278.64M | Scene, ViewLayer | Updating Geometry BVH door_W27_0lin_l_mesh 328/1536 | Building BVH
Fra:1 Mem:629.15M (Peak 629.33M) | Time:00:02.30 | Mem:254.86M, Peak:278.64M | Scene, ViewLayer | Updating Geometry BVH door_W27_0lin_r_mesh 329/1536 | Building BVH
Fra:1 Mem:629.15M (Peak 629.33M) | Time:00:02.30 | Mem:254.87M, Peak:278.64M | Scene, ViewLayer | Updating Geometry BVH door_W27_0lin_t_mesh 330/1536 | Building BVH
Fra:1 Mem:629.15M (Peak 629.33M) | Time:00:02.30 | Mem:254.87M, Peak:278.64M | Scene, ViewLayer | Updating Geometry BVH door_W27_0leaf_mesh 331/1536 | Building BVH
Fra:1 Mem:629.15M (Peak 629.33M) | Time:00:02.30 | Mem:254.87M, Peak:278.64M | Scene, ViewLayer | Updating Geometry BVH door_W27_0hdl_mesh 332/1536 | Building BVH
Fra:1 Mem:629.15M (Peak 629.33M) | Time:00:02.30 | Mem:254.88M, Peak:278.64M | Scene, ViewLayer | Updating Geometry BVH bay_platform_mesh 333/1536 | Building BVH
Fra:1 Mem:629.15M (Peak 629.33M) | Time:00:02.30 | Mem:254.92M, Peak:278.64M | Scene, ViewLayer | Updating Geometry BVH rail_ter_S_p0_mesh 334/1536 | Building BVH
Fra:1 Mem:629.15M (Peak 629.33M) | Time:00:02.30 | Mem:254.92M, Peak:278.64M | Scene, ViewLayer | Updating Geometry BVH rail_ter_S_p1_mesh 335/1536 | Building BVH
Fra:1 Mem:629.15M (Peak 629.33M) | Time:00:02.30 | Mem:254.92M, Peak:278.64M | Scene, ViewLayer | Updating Geometry BVH rail_ter_S_p2_mesh 336/1536 | Building BVH
Fra:1 Mem:629.15M (Peak 629.33M) | Time:00:02.30 | Mem:254.92M, Peak:278.64M | Scene, ViewLayer | Updating Geometry BVH rail_ter_S_p3_mesh 337/1536 | Building BVH
Fra:1 Mem:629.15M (Peak 629.33M) | Time:00:02.30 | Mem:254.93M, Peak:278.64M | Scene, ViewLayer | Updating Geometry BVH rail_ter_S_top_mesh 338/1536 | Building BVH
Fra:1 Mem:629.15M (Peak 629.33M) | Time:00:02.30 | Mem:254.96M, Peak:278.64M | Scene, ViewLayer | Updating Geometry BVH rail_ter_S_glass_mesh 339/1536 | Building BVH
Fra:1 Mem:629.15M (Peak 629.33M) | Time:00:02.31 | Mem:254.96M, Peak:278.64M | Scene, ViewLayer | Updating Geometry BVH rail_ter_E_p0_mesh 340/1536 | Building BVH
Fra:1 Mem:629.15M (Peak 629.33M) | Time:00:02.31 | Mem:254.97M, Peak:278.64M | Scene, ViewLayer | Updating Geometry BVH rail_ter_E_p2_mesh 342/1536 | Building BVH
Fra:1 Mem:629.15M (Peak 629.33M) | Time:00:02.31 | Mem:254.97M, Peak:278.64M | Scene, ViewLayer | Updating Geometry BVH rail_ter_E_top_mesh 343/1536 | Building BVH
Fra:1 Mem:629.15M (Peak 629.33M) | Time:00:02.31 | Mem:254.99M, Peak:278.64M | Scene, ViewLayer | Updating Geometry BVH rail_ter_E_glass_mesh 344/1536 | Building BVH
Fra:1 Mem:629.15M (Peak 629.33M) | Time:00:02.31 | Mem:254.99M, Peak:278.64M | Scene, ViewLayer | Updating Geometry BVH rail_ter_W_p0_mesh 345/1536 | Building BVH
Fra:1 Mem:629.15M (Peak 629.33M) | Time:00:02.31 | Mem:254.99M, Peak:278.64M | Scene, ViewLayer | Updating Geometry BVH rail_ter_W_p1_mesh 346/1536 | Building BVH
Fra:1 Mem:629.15M (Peak 629.33M) | Time:00:02.31 | Mem:255.03M, Peak:278.64M | Scene, ViewLayer | Updating Geometry BVH rail_ter_W_top_mesh 347/1536 | Building BVH
Fra:1 Mem:629.15M (Peak 629.33M) | Time:00:02.31 | Mem:255.04M, Peak:278.64M | Scene, ViewLayer | Updating Geometry BVH common_kitchen_dishwasher_01_body_mesh 349/1536 | Building BVH
Fra:1 Mem:629.15M (Peak 629.33M) | Time:00:02.31 | Mem:255.04M, Peak:278.64M | Scene, ViewLayer | Updating Geometry BVH B_living_dining_balcony_sofa_02_arm0_mesh 1471/1536 | Building BVH
Fra:1 Mem:629.15M (Peak 629.33M) | Time:00:02.31 | Mem:255.04M, Peak:278.64M | Scene, ViewLayer | Updating Geometry BVH common_kitchen_dishwasher_01_top_L_mesh 351/1536 | Building BVH
Fra:1 Mem:629.15M (Peak 629.33M) | Time:00:02.31 | Mem:255.04M, Peak:278.64M | Scene, ViewLayer | Updating Geometry BVH common_kitchen_dishwasher_01_top_R_mesh 352/1536 | Building BVH
Fra:1 Mem:629.15M (Peak 629.33M) | Time:00:02.31 | Mem:255.06M, Peak:278.64M | Scene, ViewLayer | Updating Geometry BVH common_kitchen_dishwasher_01_top_B_mesh 353/1536 | Building BVH
Fra:1 Mem:629.15M (Peak 629.33M) | Time:00:02.31 | Mem:255.13M, Peak:278.64M | Scene, ViewLayer | Updating Geometry BVH common_kitchen_dishwasher_01_top_F_mesh 354/1536 | Building BVH
Fra:1 Mem:629.15M (Peak 629.33M) | Time:00:02.31 | Mem:255.14M, Peak:278.64M | Scene, ViewLayer | Updating Geometry BVH common_kitchen_dishwasher_01_drwW_gapbg_mesh 355/1536 | Building BVH
Fra:1 Mem:629.15M (Peak 629.33M) | Time:00:02.31 | Mem:255.14M, Peak:278.64M | Scene, ViewLayer | Updating Geometry BVH common_kitchen_dishwasher_01_drwW_f0_mesh 356/1536 | Building BVH
Fra:1 Mem:629.15M (Peak 629.33M) | Time:00:02.31 | Mem:255.15M, Peak:278.64M | Scene, ViewLayer | Updating Geometry BVH common_kitchen_dishwasher_01_drw_gapbg_mesh 358/1536 | Building BVH
Fra:1 Mem:629.15M (Peak 629.33M) | Time:00:02.31 | Mem:255.16M, Peak:278.64M | Scene, ViewLayer | Updating Geometry BVH common_kitchen_dishwasher_01_drw_f0_mesh 359/1536 | Building BVH
Fra:1 Mem:629.15M (Peak 629.33M) | Time:00:02.31 | Mem:255.22M, Peak:278.64M | Scene, ViewLayer | Updating Geometry BVH common_kitchen_dishwasher_01_drw_p0_mesh 360/1536 | Building BVH
Fra:1 Mem:629.15M (Peak 629.33M) | Time:00:02.31 | Mem:255.22M, Peak:278.64M | Scene, ViewLayer | Updating Geometry BVH common_kitchen_dishwasher_01_drw_p1_mesh 362/1536 | Building BVH
Fra:1 Mem:629.15M (Peak 629.33M) | Time:00:02.31 | Mem:255.22M, Peak:278.64M | Scene, ViewLayer | Updating Geometry BVH common_kitchen_dishwasher_01_drw_f2_mesh 363/1536 | Building BVH
Fra:1 Mem:629.15M (Peak 629.33M) | Time:00:02.31 | Mem:255.26M, Peak:278.64M | Scene, ViewLayer | Updating Geometry BVH common_kitchen_dishwasher_01_drw_p2_mesh 364/1536 | Building BVH
Fra:1 Mem:629.15M (Peak 629.33M) | Time:00:02.31 | Mem:255.27M, Peak:278.64M | Scene, ViewLayer | Updating Geometry BVH B_living_dining_balcony_sofa_02_seat1_mesh 1470/1536 | Building BVH
Fra:1 Mem:629.15M (Peak 629.33M) | Time:00:02.31 | Mem:255.27M, Peak:278.64M | Scene, ViewLayer | Updating Geometry BVH common_kitchen_sink_01_basin_mesh 367/1536 | Building BVH
Fra:1 Mem:629.15M (Peak 629.33M) | Time:00:02.31 | Mem:255.27M, Peak:278.64M | Scene, ViewLayer | Updating Geometry BVH common_kitchen_sink_01_taparm_mesh 370/1536 | Building BVH
Fra:1 Mem:629.15M (Peak 629.33M) | Time:00:02.31 | Mem:255.27M, Peak:278.64M | Scene, ViewLayer | Updating Geometry BVH common_kitchen_dishwasher_02_pull_mesh 373/1536 | Building BVH
Fra:1 Mem:629.15M (Peak 629.33M) | Time:00:02.31 | Mem:255.27M, Peak:278.64M | Scene, ViewLayer | Updating Geometry BVH common_kitchen_kitchen_counter_01_body_mesh 374/1536 | Building BVH
Fra:1 Mem:629.15M (Peak 629.33M) | Time:00:02.31 | Mem:255.27M, Peak:278.64M | Scene, ViewLayer | Updating Geometry BVH common_kitchen_kitchen_counter_01_kick_mesh 375/1536 | Building BVH
Fra:1 Mem:629.15M (Peak 629.33M) | Time:00:02.31 | Mem:255.27M, Peak:278.64M | Scene, ViewLayer | Updating Geometry BVH common_kitchen_kitchen_counter_01_drwS_gapbg_mesh 377/1536 | Building BVH
Fra:1 Mem:629.15M (Peak 629.33M) | Time:00:02.31 | Mem:255.27M, Peak:278.64M | Scene, ViewLayer | Updating Geometry BVH common_kitchen_kitchen_counter_01_drwS_f0_mesh 378/1536 | Building BVH
Fra:1 Mem:629.15M (Peak 629.33M) | Time:00:02.31 | Mem:255.27M, Peak:278.64M | Scene, ViewLayer | Updating Geometry BVH common_kitchen_kitchen_counter_01_drwS_p0_mesh 379/1536 | Building BVH
Fra:1 Mem:629.15M (Peak 629.33M) | Time:00:02.31 | Mem:255.28M, Peak:278.64M | Scene, ViewLayer | Updating Geometry BVH common_kitchen_kitchen_counter_01_drwH_gapbg_mesh 380/1536 | Building BVH
Fra:1 Mem:629.15M (Peak 629.33M) | Time:00:02.31 | Mem:255.31M, Peak:278.64M | Scene, ViewLayer | Updating Geometry BVH common_kitchen_kitchen_counter_01_drwH_d0_mesh 381/1536 | Building BVH
Fra:1 Mem:629.15M (Peak 629.33M) | Time:00:02.31 | Mem:255.34M, Peak:278.64M | Scene, ViewLayer | Updating Geometry BVH common_kitchen_kitchen_counter_01_drwH_slot0_mesh 382/1536 | Building BVH
Fra:1 Mem:629.15M (Peak 629.33M) | Time:00:02.31 | Mem:255.34M, Peak:278.64M | Scene, ViewLayer | Updating Geometry BVH common_kitchen_kitchen_counter_01_drwH_d1_mesh 383/1536 | Building BVH
Fra:1 Mem:629.15M (Peak 629.33M) | Time:00:02.31 | Mem:255.47M, Peak:278.64M | Scene, ViewLayer | Updating Geometry BVH common_kitchen_kitchen_counter_01_drwH_slot1_mesh 384/1536 | Building BVH
Fra:1 Mem:629.15M (Peak 629.33M) | Time:00:02.31 | Mem:255.48M, Peak:278.64M | Scene, ViewLayer | Updating Geometry BVH common_kitchen_kitchen_counter_01_drwH_d2_mesh 385/1536 | Building BVH
Fra:1 Mem:629.15M (Peak 629.33M) | Time:00:02.31 | Mem:255.50M, Peak:278.64M | Scene, ViewLayer | Updating Geometry BVH common_kitchen_kitchen_counter_01_drwH_slot2_mesh 386/1536 | Building BVH
Fra:1 Mem:629.15M (Peak 629.33M) | Time:00:02.31 | Mem:255.51M, Peak:278.64M | Scene, ViewLayer | Updating Geometry BVH common_kitchen_kitchen_counter_01_drwN_gapbg_mesh 387/1536 | Building BVH
Fra:1 Mem:629.15M (Peak 629.33M) | Time:00:02.31 | Mem:255.54M, Peak:278.64M | Scene, ViewLayer | Updating Geometry BVH common_kitchen_kitchen_counter_01_drwN_f0_mesh 388/1536 | Building BVH
Fra:1 Mem:629.15M (Peak 629.33M) | Time:00:02.31 | Mem:255.54M, Peak:278.64M | Scene, ViewLayer | Updating Geometry BVH common_kitchen_kitchen_counter_01_drwN_p0_mesh 389/1536 | Building BVH
Fra:1 Mem:629.15M (Peak 629.33M) | Time:00:02.31 | Mem:255.54M, Peak:278.64M | Scene, ViewLayer | Updating Geometry BVH common_kitchen_kitchen_counter_01_drwN_f1_mesh 390/1536 | Building BVH
Fra:1 Mem:629.15M (Peak 629.33M) | Time:00:02.31 | Mem:255.54M, Peak:278.64M | Scene, ViewLayer | Updating Geometry BVH common_kitchen_kitchen_counter_01_drwN_p1_mesh 391/1536 | Building BVH
Fra:1 Mem:629.15M (Peak 629.33M) | Time:00:02.31 | Mem:255.54M, Peak:278.64M | Scene, ViewLayer | Updating Geometry BVH common_kitchen_hob_01_glass_mesh 392/1536 | Building BVH
Fra:1 Mem:629.15M (Peak 629.33M) | Time:00:02.31 | Mem:255.57M, Peak:278.64M | Scene, ViewLayer | Updating Geometry BVH common_kitchen_hob_01_burner0_mesh 393/1536 | Building BVH
Fra:1 Mem:629.15M (Peak 629.33M) | Time:00:02.31 | Mem:255.61M, Peak:278.64M | Scene, ViewLayer | Updating Geometry BVH common_kitchen_hob_01_burner1_mesh 394/1536 | Building BVH
Fra:1 Mem:629.15M (Peak 629.33M) | Time:00:02.32 | Mem:255.62M, Peak:278.64M | Scene, ViewLayer | Updating Geometry BVH common_kitchen_range_hood_01_topbox_mesh 395/1536 | Building BVH
Fra:1 Mem:629.15M (Peak 629.33M) | Time:00:02.32 | Mem:255.63M, Peak:278.64M | Scene, ViewLayer | Updating Geometry BVH common_kitchen_range_hood_01_slant_mesh 396/1536 | Building BVH
Fra:1 Mem:629.15M (Peak 629.33M) | Time:00:02.32 | Mem:255.63M, Peak:278.64M | Scene, ViewLayer | Updating Geometry BVH common_kitchen_range_hood_01_panel_mesh 397/1536 | Building BVH
Fra:1 Mem:629.15M (Peak 629.33M) | Time:00:02.32 | Mem:255.63M, Peak:278.64M | Scene, ViewLayer | Updating Geometry BVH common_kitchen_cabinet_01_door_gapbg_mesh 399/1536 | Building BVH
Fra:1 Mem:629.15M (Peak 629.33M) | Time:00:02.32 | Mem:255.63M, Peak:278.64M | Scene, ViewLayer | Updating Geometry BVH common_kitchen_cabinet_01_door_f0l_mesh 400/1536 | Building BVH
Fra:1 Mem:629.15M (Peak 629.33M) | Time:00:02.32 | Mem:255.63M, Peak:278.64M | Scene, ViewLayer | Updating Geometry BVH common_kitchen_cabinet_01_door_f0b_mesh 402/1536 | Building BVH
Fra:1 Mem:629.15M (Peak 629.33M) | Time:00:02.32 | Mem:255.63M, Peak:278.64M | Scene, ViewLayer | Updating Geometry BVH common_kitchen_cabinet_01_door_f0r_mesh 401/1536 | Building BVH
Fra:1 Mem:629.15M (Peak 629.33M) | Time:00:02.32 | Mem:255.64M, Peak:278.64M | Scene, ViewLayer | Updating Geometry BVH common_kitchen_cabinet_01_door_f0t_mesh 403/1536 | Building BVH
Fra:1 Mem:629.15M (Peak 629.33M) | Time:00:02.32 | Mem:255.64M, Peak:278.64M | Scene, ViewLayer | Updating Geometry BVH common_kitchen_cabinet_01_door_f0c_mesh 404/1536 | Building BVH
Fra:1 Mem:629.15M (Peak 629.33M) | Time:00:02.32 | Mem:255.65M, Peak:278.64M | Scene, ViewLayer | Updating Geometry BVH common_kitchen_cabinet_01_door_p0_mesh 405/1536 | Building BVH
Fra:1 Mem:629.15M (Peak 629.33M) | Time:00:02.32 | Mem:255.71M, Peak:278.64M | Scene, ViewLayer | Updating Geometry BVH common_kitchen_cabinet_01_door_f1l_mesh 406/1536 | Building BVH
Fra:1 Mem:629.15M (Peak 629.33M) | Time:00:02.32 | Mem:255.71M, Peak:278.64M | Scene, ViewLayer | Updating Geometry BVH common_kitchen_cabinet_01_door_f1r_mesh 407/1536 | Building BVH
Fra:1 Mem:629.15M (Peak 629.33M) | Time:00:02.32 | Mem:255.81M, Peak:278.64M | Scene, ViewLayer | Updating Geometry BVH common_kitchen_cabinet_01_door_f1t_mesh 409/1536 | Building BVH
Fra:1 Mem:629.15M (Peak 629.33M) | Time:00:02.32 | Mem:255.80M, Peak:278.64M | Scene, ViewLayer | Updating Geometry BVH common_kitchen_cabinet_01_door_f1c_mesh 410/1536 | Building BVH
Fra:1 Mem:629.16M (Peak 629.33M) | Time:00:02.32 | Mem:255.80M, Peak:278.64M | Scene, ViewLayer | Updating Geometry BVH common_kitchen_cabinet_01_door_p1_mesh 411/1536 | Building BVH
Fra:1 Mem:629.16M (Peak 629.33M) | Time:00:02.32 | Mem:255.80M, Peak:278.64M | Scene, ViewLayer | Updating Geometry BVH common_kitchen_cabinet_01_door_f1b_mesh 408/1536 | Building BVH
Fra:1 Mem:629.16M (Peak 629.33M) | Time:00:02.32 | Mem:255.81M, Peak:278.64M | Scene, ViewLayer | Updating Geometry BVH common_kitchen_cabinet_01_door_f2b_mesh 414/1536 | Building BVH
Fra:1 Mem:629.16M (Peak 629.33M) | Time:00:02.32 | Mem:255.81M, Peak:278.64M | Scene, ViewLayer | Updating Geometry BVH common_kitchen_cabinet_01_door_f2t_mesh 415/1536 | Building BVH
Fra:1 Mem:629.16M (Peak 629.33M) | Time:00:02.32 | Mem:255.84M, Peak:278.64M | Scene, ViewLayer | Updating Geometry BVH common_kitchen_cabinet_01_door_f2c_mesh 416/1536 | Building BVH
Fra:1 Mem:629.16M (Peak 629.33M) | Time:00:02.32 | Mem:255.85M, Peak:278.64M | Scene, ViewLayer | Updating Geometry BVH common_kitchen_cabinet_01_door_p2_mesh 417/1536 | Building BVH
Fra:1 Mem:629.16M (Peak 629.33M) | Time:00:02.32 | Mem:255.89M, Peak:278.64M | Scene, ViewLayer | Updating Geometry BVH common_kitchen_cabinet_02_body_mesh 418/1536 | Building BVH
Fra:1 Mem:629.16M (Peak 629.33M) | Time:00:02.32 | Mem:255.95M, Peak:278.64M | Scene, ViewLayer | Updating Geometry BVH common_kitchen_cabinet_02_doorLo_gapbg_mesh 419/1536 | Building BVH
Fra:1 Mem:629.16M (Peak 629.33M) | Time:00:02.32 | Mem:255.95M, Peak:278.64M | Scene, ViewLayer | Updating Geometry BVH common_kitchen_cabinet_02_doorLo_f0l_mesh 420/1536 | Building BVH
Fra:1 Mem:629.16M (Peak 629.33M) | Time:00:02.32 | Mem:255.95M, Peak:278.64M | Scene, ViewLayer | Updating Geometry BVH common_kitchen_cabinet_02_doorLo_f0r_mesh 421/1536 | Building BVH
Fra:1 Mem:629.16M (Peak 629.33M) | Time:00:02.32 | Mem:256.00M, Peak:278.64M | Scene, ViewLayer | Updating Geometry BVH common_kitchen_cabinet_02_doorLo_f0b_mesh 422/1536 | Building BVH
Fra:1 Mem:629.16M (Peak 629.33M) | Time:00:02.32 | Mem:256.00M, Peak:278.64M | Scene, ViewLayer | Updating Geometry BVH common_kitchen_cabinet_02_doorLo_f0t_mesh 423/1536 | Building BVH
Fra:1 Mem:629.16M (Peak 629.33M) | Time:00:02.32 | Mem:256.01M, Peak:278.64M | Scene, ViewLayer | Updating Geometry BVH common_kitchen_cabinet_02_doorLo_f0c_mesh 424/1536 | Building BVH
Fra:1 Mem:629.16M (Peak 629.33M) | Time:00:02.32 | Mem:256.01M, Peak:278.64M | Scene, ViewLayer | Updating Geometry BVH common_kitchen_cabinet_02_doorLo_p0_mesh 425/1536 | Building BVH
Fra:1 Mem:629.16M (Peak 629.33M) | Time:00:02.32 | Mem:256.01M, Peak:278.64M | Scene, ViewLayer | Updating Geometry BVH common_kitchen_cabinet_02_doorLo_f1l_mesh 426/1536 | Building BVH
Fra:1 Mem:629.16M (Peak 629.33M) | Time:00:02.32 | Mem:256.02M, Peak:278.64M | Scene, ViewLayer | Updating Geometry BVH common_kitchen_cabinet_02_doorLo_f1r_mesh 427/1536 | Building BVH
Fra:1 Mem:629.16M (Peak 629.33M) | Time:00:02.32 | Mem:256.06M, Peak:278.64M | Scene, ViewLayer | Updating Geometry BVH common_kitchen_cabinet_02_doorLo_f1b_mesh 428/1536 | Building BVH
Fra:1 Mem:629.16M (Peak 629.33M) | Time:00:02.32 | Mem:256.11M, Peak:278.64M | Scene, ViewLayer | Updating Geometry BVH common_kitchen_cabinet_02_doorLo_f1t_mesh 429/1536 | Building BVH
Fra:1 Mem:629.16M (Peak 629.33M) | Time:00:02.32 | Mem:256.10M, Peak:278.64M | Scene, ViewLayer | Updating Geometry BVH common_kitchen_cabinet_02_doorLo_f1c_mesh 430/1536 | Building BVH
Fra:1 Mem:629.16M (Peak 629.33M) | Time:00:02.32 | Mem:256.11M, Peak:278.64M | Scene, ViewLayer | Updating Geometry BVH common_kitchen_cabinet_02_doorLo_p1_mesh 431/1536 | Building BVH
Fra:1 Mem:629.16M (Peak 629.33M) | Time:00:02.32 | Mem:256.12M, Peak:278.64M | Scene, ViewLayer | Updating Geometry BVH common_kitchen_cabinet_02_doorLo_f2l_mesh 432/1536 | Building BVH
Fra:1 Mem:629.16M (Peak 629.33M) | Time:00:02.32 | Mem:256.12M, Peak:278.64M | Scene, ViewLayer | Updating Geometry BVH common_kitchen_cabinet_02_doorLo_f2r_mesh 433/1536 | Building BVH
Fra:1 Mem:629.16M (Peak 629.33M) | Time:00:02.32 | Mem:256.13M, Peak:278.64M | Scene, ViewLayer | Updating Geometry BVH common_kitchen_cabinet_02_doorLo_f2b_mesh 434/1536 | Building BVH
Fra:1 Mem:629.16M (Peak 629.33M) | Time:00:02.32 | Mem:256.15M, Peak:278.64M | Scene, ViewLayer | Updating Geometry BVH common_kitchen_cabinet_02_doorLo_f2t_mesh 435/1536 | Building BVH
Fra:1 Mem:629.16M (Peak 629.33M) | Time:00:02.32 | Mem:256.23M, Peak:278.64M | Scene, ViewLayer | Updating Geometry BVH common_kitchen_cabinet_02_doorLo_f2c_mesh 436/1536 | Building BVH
Fra:1 Mem:629.16M (Peak 629.33M) | Time:00:02.32 | Mem:256.23M, Peak:278.64M | Scene, ViewLayer | Updating Geometry BVH common_kitchen_cabinet_02_doorLo_p2_mesh 437/1536 | Building BVH
Fra:1 Mem:629.16M (Peak 629.33M) | Time:00:02.32 | Mem:256.22M, Peak:278.64M | Scene, ViewLayer | Updating Geometry BVH common_kitchen_cabinet_02_doorLo_f3r_mesh 439/1536 | Building BVH
Fra:1 Mem:629.16M (Peak 629.33M) | Time:00:02.32 | Mem:256.22M, Peak:278.64M | Scene, ViewLayer | Updating Geometry BVH common_kitchen_cabinet_02_doorLo_f3t_mesh 441/1536 | Building BVH
Fra:1 Mem:629.16M (Peak 629.33M) | Time:00:02.32 | Mem:256.23M, Peak:278.64M | Scene, ViewLayer | Updating Geometry BVH common_kitchen_cabinet_02_doorLo_f3c_mesh 442/1536 | Building BVH
Fra:1 Mem:629.16M (Peak 629.33M) | Time:00:02.32 | Mem:256.24M, Peak:278.64M | Scene, ViewLayer | Updating Geometry BVH common_kitchen_cabinet_02_doorLo_p3_mesh 443/1536 | Building BVH
Fra:1 Mem:629.16M (Peak 629.33M) | Time:00:02.32 | Mem:256.25M, Peak:278.64M | Scene, ViewLayer | Updating Geometry BVH common_kitchen_cabinet_02_doorHi_f0l_mesh 445/1536 | Building BVH
Fra:1 Mem:629.16M (Peak 629.33M) | Time:00:02.32 | Mem:256.25M, Peak:278.64M | Scene, ViewLayer | Updating Geometry BVH common_kitchen_cabinet_02_doorHi_f0r_mesh 446/1536 | Building BVH
Fra:1 Mem:629.16M (Peak 629.33M) | Time:00:02.32 | Mem:256.31M, Peak:278.64M | Scene, ViewLayer | Updating Geometry BVH common_kitchen_cabinet_02_doorHi_f0t_mesh 448/1536 | Building BVH
Fra:1 Mem:629.16M (Peak 629.33M) | Time:00:02.32 | Mem:256.31M, Peak:278.64M | Scene, ViewLayer | Updating Geometry BVH common_kitchen_cabinet_02_doorHi_f0c_mesh 449/1536 | Building BVH
Fra:1 Mem:629.16M (Peak 629.33M) | Time:00:02.32 | Mem:256.35M, Peak:278.64M | Scene, ViewLayer | Updating Geometry BVH common_kitchen_cabinet_02_doorHi_p0_mesh 450/1536 | Building BVH
Fra:1 Mem:629.16M (Peak 629.33M) | Time:00:02.32 | Mem:256.45M, Peak:278.64M | Scene, ViewLayer | Updating Geometry BVH common_kitchen_cabinet_02_doorHi_f1l_mesh 451/1536 | Building BVH
Fra:1 Mem:629.16M (Peak 629.33M) | Time:00:02.32 | Mem:256.45M, Peak:278.64M | Scene, ViewLayer | Updating Geometry BVH common_kitchen_cabinet_02_doorHi_f1r_mesh 452/1536 | Building BVH
Fra:1 Mem:629.16M (Peak 629.33M) | Time:00:02.32 | Mem:256.47M, Peak:278.64M | Scene, ViewLayer | Updating Geometry BVH common_kitchen_cabinet_02_doorHi_f1b_mesh 453/1536 | Building BVH
Fra:1 Mem:629.16M (Peak 629.33M) | Time:00:02.32 | Mem:256.49M, Peak:278.64M | Scene, ViewLayer | Updating Geometry BVH common_kitchen_cabinet_02_doorHi_f1t_mesh 454/1536 | Building BVH
Fra:1 Mem:629.16M (Peak 629.33M) | Time:00:02.32 | Mem:256.49M, Peak:278.64M | Scene, ViewLayer | Updating Geometry BVH B_living_dining_balcony_sofa_02_base_mesh 1466/1536 | Building BVH
Fra:1 Mem:629.16M (Peak 629.33M) | Time:00:02.32 | Mem:256.50M, Peak:278.64M | Scene, ViewLayer | Updating Geometry BVH common_kitchen_cabinet_02_doorHi_f1c_mesh 455/1536 | Building BVH
Fra:1 Mem:629.16M (Peak 629.33M) | Time:00:02.32 | Mem:256.50M, Peak:278.64M | Scene, ViewLayer | Updating Geometry BVH common_kitchen_cabinet_02_doorHi_p1_mesh 456/1536 | Building BVH
Fra:1 Mem:629.16M (Peak 629.33M) | Time:00:02.32 | Mem:256.53M, Peak:278.64M | Scene, ViewLayer | Updating Geometry BVH common_kitchen_cabinet_02_doorHi_f2r_mesh 458/1536 | Building BVH
Fra:1 Mem:629.16M (Peak 629.33M) | Time:00:02.32 | Mem:256.53M, Peak:278.64M | Scene, ViewLayer | Updating Geometry BVH common_kitchen_cabinet_02_doorHi_f2b_mesh 459/1536 | Building BVH
Fra:1 Mem:629.16M (Peak 629.33M) | Time:00:02.32 | Mem:256.53M, Peak:278.64M | Scene, ViewLayer | Updating Geometry BVH common_kitchen_cabinet_02_doorHi_f2t_mesh 460/1536 | Building BVH
Fra:1 Mem:629.16M (Peak 629.33M) | Time:00:02.32 | Mem:256.54M, Peak:278.64M | Scene, ViewLayer | Updating Geometry BVH common_kitchen_cabinet_02_doorHi_p2_mesh 462/1536 | Building BVH
Fra:1 Mem:629.16M (Peak 629.33M) | Time:00:02.32 | Mem:256.57M, Peak:278.64M | Scene, ViewLayer | Updating Geometry BVH common_kitchen_cabinet_02_doorHi_f3l_mesh 463/1536 | Building BVH
Fra:1 Mem:629.16M (Peak 629.33M) | Time:00:02.32 | Mem:256.57M, Peak:278.64M | Scene, ViewLayer | Updating Geometry BVH common_kitchen_cabinet_02_doorHi_f3r_mesh 464/1536 | Building BVH
Fra:1 Mem:629.16M (Peak 629.33M) | Time:00:02.32 | Mem:256.67M, Peak:278.64M | Scene, ViewLayer | Updating Geometry BVH common_kitchen_cabinet_02_doorHi_f3b_mesh 465/1536 | Building BVH
Fra:1 Mem:629.16M (Peak 629.33M) | Time:00:02.32 | Mem:256.67M, Peak:278.64M | Scene, ViewLayer | Updating Geometry BVH common_kitchen_cabinet_02_doorHi_f3t_mesh 466/1536 | Building BVH
Fra:1 Mem:629.16M (Peak 629.33M) | Time:00:02.32 | Mem:256.68M, Peak:278.64M | Scene, ViewLayer | Updating Geometry BVH common_kitchen_cabinet_02_doorHi_f3c_mesh 467/1536 | Building BVH
Fra:1 Mem:629.16M (Peak 629.33M) | Time:00:02.32 | Mem:256.70M, Peak:278.64M | Scene, ViewLayer | Updating Geometry BVH common_kitchen_cabinet_02_doorHi_p3_mesh 468/1536 | Building BVH
Fra:1 Mem:629.16M (Peak 629.33M) | Time:00:02.32 | Mem:256.70M, Peak:278.64M | Scene, ViewLayer | Updating Geometry BVH common_kitchen_glass_sliding_door_01_glass_mesh 469/1536 | Building BVH
Fra:1 Mem:629.16M (Peak 629.33M) | Time:00:02.32 | Mem:256.71M, Peak:278.64M | Scene, ViewLayer | Updating Geometry BVH common_kitchen_glass_sliding_door_01_stL_mesh 470/1536 | Building BVH
Fra:1 Mem:629.16M (Peak 629.33M) | Time:00:02.32 | Mem:256.71M, Peak:278.64M | Scene, ViewLayer | Updating Geometry BVH common_kitchen_glass_sliding_door_01_stR_mesh 471/1536 | Building BVH
Fra:1 Mem:629.16M (Peak 629.33M) | Time:00:02.32 | Mem:256.73M, Peak:278.64M | Scene, ViewLayer | Updating Geometry BVH common_kitchen_glass_sliding_door_01_stT_mesh 472/1536 | Building BVH
Fra:1 Mem:629.16M (Peak 629.33M) | Time:00:02.32 | Mem:256.75M, Peak:278.64M | Scene, ViewLayer | Updating Geometry BVH common_kitchen_glass_sliding_door_01_stB_mesh 473/1536 | Building BVH
Fra:1 Mem:629.16M (Peak 629.33M) | Time:00:02.32 | Mem:256.75M, Peak:278.64M | Scene, ViewLayer | Updating Geometry BVH common_living_dining_balcony_glass_sliding_door_01_stR_mesh 476/1536 | Building BVH
Fra:1 Mem:629.16M (Peak 629.33M) | Time:00:02.32 | Mem:256.75M, Peak:278.64M | Scene, ViewLayer | Updating Geometry BVH common_living_dining_balcony_glass_sliding_door_01_stT_mesh 477/1536 | Building BVH
Fra:1 Mem:629.16M (Peak 629.33M) | Time:00:02.32 | Mem:256.75M, Peak:278.64M | Scene, ViewLayer | Updating Geometry BVH B_living_dining_balcony_sofa_01_pillow_brick_mesh 1465/1536 | Building BVH
Fra:1 Mem:629.16M (Peak 629.33M) | Time:00:02.32 | Mem:256.75M, Peak:278.64M | Scene, ViewLayer | Updating Geometry BVH common_living_dining_balcony_glass_sliding_door_01_stB_mesh 478/1536 | Building BVH
Fra:1 Mem:629.16M (Peak 629.33M) | Time:00:02.32 | Mem:256.77M, Peak:278.64M | Scene, ViewLayer | Updating Geometry BVH common_living_dining_balcony_glass_sliding_door_02_glass_mesh 479/1536 | Building BVH
Fra:1 Mem:629.16M (Peak 629.33M) | Time:00:02.33 | Mem:256.82M, Peak:278.64M | Scene, ViewLayer | Updating Geometry BVH common_living_dining_balcony_glass_sliding_door_02_stL_mesh 480/1536 | Building BVH
Fra:1 Mem:629.16M (Peak 629.33M) | Time:00:02.33 | Mem:256.82M, Peak:278.64M | Scene, ViewLayer | Updating Geometry BVH common_living_dining_balcony_glass_sliding_door_02_stR_mesh 481/1536 | Building BVH
Fra:1 Mem:629.16M (Peak 629.33M) | Time:00:02.33 | Mem:256.83M, Peak:278.64M | Scene, ViewLayer | Updating Geometry BVH common_living_dining_balcony_glass_sliding_door_02_stT_mesh 482/1536 | Building BVH
Fra:1 Mem:629.16M (Peak 629.33M) | Time:00:02.33 | Mem:256.84M, Peak:278.64M | Scene, ViewLayer | Updating Geometry BVH common_living_dining_balcony_glass_sliding_door_02_stB_mesh 483/1536 | Building BVH
Fra:1 Mem:629.16M (Peak 629.33M) | Time:00:02.33 | Mem:256.84M, Peak:278.64M | Scene, ViewLayer | Updating Geometry BVH B_living_dining_balcony_sofa_01_pillow_olive_mesh 1464/1536 | Building BVH
Fra:1 Mem:629.16M (Peak 629.33M) | Time:00:02.33 | Mem:256.85M, Peak:278.64M | Scene, ViewLayer | Updating Geometry BVH common_kitchen_glass_sliding_door_02_glass_mesh 484/1536 | Building BVH
Fra:1 Mem:629.16M (Peak 629.33M) | Time:00:02.33 | Mem:256.85M, Peak:278.64M | Scene, ViewLayer | Updating Geometry BVH common_kitchen_glass_sliding_door_02_stL_mesh 485/1536 | Building BVH
Fra:1 Mem:629.16M (Peak 629.33M) | Time:00:02.33 | Mem:256.88M, Peak:278.64M | Scene, ViewLayer | Updating Geometry BVH common_kitchen_glass_sliding_door_02_stR_mesh 486/1536 | Building BVH
Fra:1 Mem:629.16M (Peak 629.33M) | Time:00:02.33 | Mem:256.88M, Peak:278.64M | Scene, ViewLayer | Updating Geometry BVH common_kitchen_glass_sliding_door_02_stT_mesh 487/1536 | Building BVH
Fra:1 Mem:629.16M (Peak 629.33M) | Time:00:02.33 | Mem:256.89M, Peak:278.64M | Scene, ViewLayer | Updating Geometry BVH common_kitchen_glass_sliding_door_02_stB_mesh 488/1536 | Building BVH
Fra:1 Mem:629.16M (Peak 629.33M) | Time:00:02.33 | Mem:256.89M, Peak:278.64M | Scene, ViewLayer | Updating Geometry BVH common_living_dining_balcony_fridge_01_body_mesh 489/1536 | Building BVH
Fra:1 Mem:629.16M (Peak 629.33M) | Time:00:02.33 | Mem:256.89M, Peak:278.64M | Scene, ViewLayer | Updating Geometry BVH common_living_dining_balcony_fridge_01_seamH_mesh 490/1536 | Building BVH
Fra:1 Mem:629.16M (Peak 629.33M) | Time:00:02.33 | Mem:256.90M, Peak:278.64M | Scene, ViewLayer | Updating Geometry BVH common_living_dining_balcony_fridge_01_seamV_mesh 491/1536 | Building BVH
Fra:1 Mem:629.16M (Peak 629.33M) | Time:00:02.33 | Mem:256.90M, Peak:278.64M | Scene, ViewLayer | Updating Geometry BVH common_living_dining_balcony_fridge_01_pullL_mesh 492/1536 | Building BVH
Fra:1 Mem:629.16M (Peak 629.33M) | Time:00:02.33 | Mem:256.93M, Peak:278.64M | Scene, ViewLayer | Updating Geometry BVH common_living_dining_balcony_fridge_01_pullU_mesh 493/1536 | Building BVH
Fra:1 Mem:629.16M (Peak 629.33M) | Time:00:02.33 | Mem:256.93M, Peak:278.64M | Scene, ViewLayer | Updating Geometry BVH B_living_dining_balcony_sofa_01_arm1_mesh 1463/1536 | Building BVH
Fra:1 Mem:629.16M (Peak 629.33M) | Time:00:02.33 | Mem:256.99M, Peak:278.64M | Scene, ViewLayer | Updating Geometry BVH common_living_dining_balcony_cabinet_01_body_mesh 494/1536 | Building BVH
Fra:1 Mem:629.16M (Peak 629.33M) | Time:00:02.33 | Mem:256.98M, Peak:278.64M | Scene, ViewLayer | Updating Geometry BVH common_living_dining_balcony_cabinet_01_door_gapbg_mesh 495/1536 | Building BVH
Fra:1 Mem:629.16M (Peak 629.33M) | Time:00:02.33 | Mem:256.98M, Peak:278.64M | Scene, ViewLayer | Updating Geometry BVH common_living_dining_balcony_cabinet_01_door_f0l_mesh 496/1536 | Building BVH
Fra:1 Mem:629.16M (Peak 629.33M) | Time:00:02.33 | Mem:257.01M, Peak:278.64M | Scene, ViewLayer | Updating Geometry BVH common_living_dining_balcony_cabinet_01_door_f0r_mesh 497/1536 | Building BVH
Fra:1 Mem:629.16M (Peak 629.33M) | Time:00:02.33 | Mem:257.03M, Peak:278.64M | Scene, ViewLayer | Updating Geometry BVH common_living_dining_balcony_cabinet_01_door_f0b_mesh 498/1536 | Building BVH
Fra:1 Mem:629.16M (Peak 629.33M) | Time:00:02.33 | Mem:257.03M, Peak:278.64M | Scene, ViewLayer | Updating Geometry BVH common_living_dining_balcony_cabinet_01_door_f0t_mesh 499/1536 | Building BVH
Fra:1 Mem:629.16M (Peak 629.33M) | Time:00:02.33 | Mem:257.05M, Peak:278.64M | Scene, ViewLayer | Updating Geometry BVH common_living_dining_balcony_cabinet_01_door_f0c_mesh 500/1536 | Building BVH
Fra:1 Mem:629.16M (Peak 629.33M) | Time:00:02.33 | Mem:257.06M, Peak:278.64M | Scene, ViewLayer | Updating Geometry BVH common_living_dining_balcony_cabinet_01_door_p0_mesh 501/1536 | Building BVH
Fra:1 Mem:629.16M (Peak 629.33M) | Time:00:02.33 | Mem:257.07M, Peak:278.64M | Scene, ViewLayer | Updating Geometry BVH common_living_dining_balcony_cabinet_01_door_f1r_mesh 503/1536 | Building BVH
Fra:1 Mem:629.16M (Peak 629.33M) | Time:00:02.33 | Mem:257.12M, Peak:278.64M | Scene, ViewLayer | Updating Geometry BVH common_living_dining_balcony_cabinet_01_door_f1b_mesh 504/1536 | Building BVH
Fra:1 Mem:629.16M (Peak 629.33M) | Time:00:02.33 | Mem:257.12M, Peak:278.64M | Scene, ViewLayer | Updating Geometry BVH common_living_dining_balcony_cabinet_01_door_f1t_mesh 505/1536 | Building BVH
Fra:1 Mem:629.16M (Peak 629.33M) | Time:00:02.33 | Mem:257.12M, Peak:278.64M | Scene, ViewLayer | Updating Geometry BVH common_living_dining_balcony_cabinet_01_door_f1c_mesh 506/1536 | Building BVH
Fra:1 Mem:629.16M (Peak 629.33M) | Time:00:02.33 | Mem:257.13M, Peak:278.64M | Scene, ViewLayer | Updating Geometry BVH common_living_dining_balcony_cabinet_01_door_p1_mesh 507/1536 | Building BVH
Fra:1 Mem:629.16M (Peak 629.33M) | Time:00:02.33 | Mem:257.18M, Peak:278.64M | Scene, ViewLayer | Updating Geometry BVH common_foyer_cabinet_01_body_mesh 508/1536 | Building BVH
Fra:1 Mem:629.16M (Peak 629.33M) | Time:00:02.33 | Mem:257.18M, Peak:278.64M | Scene, ViewLayer | Updating Geometry BVH common_foyer_cabinet_01_door_gapbg_mesh 509/1536 | Building BVH
Fra:1 Mem:629.16M (Peak 629.33M) | Time:00:02.33 | Mem:257.18M, Peak:278.64M | Scene, ViewLayer | Updating Geometry BVH common_foyer_cabinet_01_door_f0l_mesh 510/1536 | Building BVH
Fra:1 Mem:629.16M (Peak 629.33M) | Time:00:02.33 | Mem:257.20M, Peak:278.64M | Scene, ViewLayer | Updating Geometry BVH common_foyer_cabinet_01_door_f0r_mesh 511/1536 | Building BVH
Fra:1 Mem:629.16M (Peak 629.33M) | Time:00:02.33 | Mem:257.21M, Peak:278.64M | Scene, ViewLayer | Updating Geometry BVH common_foyer_cabinet_01_door_f0b_mesh 512/1536 | Building BVH
Fra:1 Mem:629.16M (Peak 629.33M) | Time:00:02.33 | Mem:257.23M, Peak:278.64M | Scene, ViewLayer | Updating Geometry BVH common_foyer_cabinet_01_door_f0t_mesh 513/1536 | Building BVH
Fra:1 Mem:629.16M (Peak 629.33M) | Time:00:02.33 | Mem:257.23M, Peak:278.64M | Scene, ViewLayer | Updating Geometry BVH common_foyer_cabinet_01_door_f0c_mesh 514/1536 | Building BVH
Fra:1 Mem:629.16M (Peak 629.33M) | Time:00:02.33 | Mem:257.27M, Peak:278.64M | Scene, ViewLayer | Updating Geometry BVH common_foyer_cabinet_01_door_p0_mesh 515/1536 | Building BVH
Fra:1 Mem:629.16M (Peak 629.33M) | Time:00:02.33 | Mem:257.27M, Peak:278.64M | Scene, ViewLayer | Updating Geometry BVH common_foyer_cabinet_01_door_f1r_mesh 517/1536 | Building BVH
Fra:1 Mem:629.16M (Peak 629.33M) | Time:00:02.33 | Mem:257.30M, Peak:278.64M | Scene, ViewLayer | Updating Geometry BVH common_foyer_cabinet_01_door_f1l_mesh 516/1536 | Building BVH
Fra:1 Mem:629.16M (Peak 629.33M) | Time:00:02.33 | Mem:257.31M, Peak:278.64M | Scene, ViewLayer | Updating Geometry BVH common_foyer_cabinet_01_door_f1b_mesh 518/1536 | Building BVH
Fra:1 Mem:629.16M (Peak 629.33M) | Time:00:02.33 | Mem:257.33M, Peak:278.64M | Scene, ViewLayer | Updating Geometry BVH common_foyer_cabinet_01_door_f1t_mesh 519/1536 | Building BVH
Fra:1 Mem:629.16M (Peak 629.33M) | Time:00:02.33 | Mem:257.36M, Peak:278.64M | Scene, ViewLayer | Updating Geometry BVH common_foyer_cabinet_01_door_f1c_mesh 520/1536 | Building BVH
Fra:1 Mem:629.16M (Peak 629.33M) | Time:00:02.33 | Mem:257.37M, Peak:278.64M | Scene, ViewLayer | Updating Geometry BVH common_foyer_cabinet_01_door_p1_mesh 521/1536 | Building BVH
Fra:1 Mem:629.16M (Peak 629.33M) | Time:00:02.33 | Mem:257.37M, Peak:278.64M | Scene, ViewLayer | Updating Geometry BVH B_living_dining_balcony_sofa_01_arm0_mesh 1462/1536 | Building BVH
Fra:1 Mem:629.16M (Peak 629.33M) | Time:00:02.33 | Mem:257.41M, Peak:278.64M | Scene, ViewLayer | Updating Geometry BVH common_foyer_cabinet_01_door_f2l_mesh 522/1536 | Building BVH
Fra:1 Mem:629.16M (Peak 629.33M) | Time:00:02.33 | Mem:257.41M, Peak:278.64M | Scene, ViewLayer | Updating Geometry BVH common_foyer_cabinet_01_door_f2r_mesh 523/1536 | Building BVH
Fra:1 Mem:629.16M (Peak 629.33M) | Time:00:02.33 | Mem:257.41M, Peak:278.64M | Scene, ViewLayer | Updating Geometry BVH common_foyer_cabinet_01_door_f2b_mesh 524/1536 | Building BVH
Fra:1 Mem:629.16M (Peak 629.33M) | Time:00:02.33 | Mem:257.41M, Peak:278.64M | Scene, ViewLayer | Updating Geometry BVH common_foyer_cabinet_01_door_f2t_mesh 525/1536 | Building BVH
Fra:1 Mem:629.16M (Peak 629.33M) | Time:00:02.33 | Mem:257.41M, Peak:278.64M | Scene, ViewLayer | Updating Geometry BVH common_foyer_open_niche_01_back_mesh 528/1536 | Building BVH
Fra:1 Mem:629.16M (Peak 629.33M) | Time:00:02.33 | Mem:257.41M, Peak:278.64M | Scene, ViewLayer | Updating Geometry BVH common_foyer_open_niche_01_top_mesh 531/1536 | Building BVH
Fra:1 Mem:629.16M (Peak 629.33M) | Time:00:02.33 | Mem:257.41M, Peak:278.64M | Scene, ViewLayer | Updating Geometry BVH common_foyer_cabinet_02_door_gapbg_mesh 535/1536 | Building BVH
Fra:1 Mem:629.16M (Peak 629.33M) | Time:00:02.33 | Mem:257.41M, Peak:278.64M | Scene, ViewLayer | Updating Geometry BVH common_foyer_cabinet_02_door_f0l_mesh 536/1536 | Building BVH
Fra:1 Mem:629.16M (Peak 629.33M) | Time:00:02.33 | Mem:257.41M, Peak:278.64M | Scene, ViewLayer | Updating Geometry BVH common_foyer_cabinet_02_door_f0t_mesh 539/1536 | Building BVH
Fra:1 Mem:629.16M (Peak 629.33M) | Time:00:02.33 | Mem:257.41M, Peak:278.64M | Scene, ViewLayer | Updating Geometry BVH common_foyer_cabinet_02_door_p0_mesh 541/1536 | Building BVH
Fra:1 Mem:629.16M (Peak 629.33M) | Time:00:02.33 | Mem:257.42M, Peak:278.64M | Scene, ViewLayer | Updating Geometry BVH common_foyer_cabinet_02_door_f1l_mesh 542/1536 | Building BVH
Fra:1 Mem:629.16M (Peak 629.33M) | Time:00:02.33 | Mem:257.67M, Peak:278.64M | Scene, ViewLayer | Updating Geometry BVH common_foyer_cabinet_02_door_f1r_mesh 543/1536 | Building BVH
Fra:1 Mem:629.16M (Peak 629.33M) | Time:00:02.33 | Mem:257.69M, Peak:278.64M | Scene, ViewLayer | Updating Geometry BVH common_foyer_cabinet_02_door_f1b_mesh 544/1536 | Building BVH
Fra:1 Mem:629.16M (Peak 629.33M) | Time:00:02.33 | Mem:257.69M, Peak:278.64M | Scene, ViewLayer | Updating Geometry BVH common_foyer_cabinet_02_door_f1t_mesh 545/1536 | Building BVH
Fra:1 Mem:629.16M (Peak 629.33M) | Time:00:02.33 | Mem:257.70M, Peak:278.64M | Scene, ViewLayer | Updating Geometry BVH common_foyer_cabinet_02_door_f1c_mesh 546/1536 | Building BVH
Fra:1 Mem:629.16M (Peak 629.33M) | Time:00:02.33 | Mem:257.72M, Peak:278.64M | Scene, ViewLayer | Updating Geometry BVH common_foyer_cabinet_02_door_p1_mesh 547/1536 | Building BVH
Fra:1 Mem:629.16M (Peak 629.33M) | Time:00:02.33 | Mem:257.72M, Peak:278.64M | Scene, ViewLayer | Updating Geometry BVH common_foyer_cabinet_02_door_f2l_mesh 548/1536 | Building BVH
Fra:1 Mem:629.16M (Peak 629.33M) | Time:00:02.33 | Mem:257.72M, Peak:278.64M | Scene, ViewLayer | Updating Geometry BVH common_foyer_cabinet_02_door_f2r_mesh 549/1536 | Building BVH
Fra:1 Mem:629.16M (Peak 629.33M) | Time:00:02.33 | Mem:257.75M, Peak:278.64M | Scene, ViewLayer | Updating Geometry BVH common_foyer_cabinet_02_door_f2b_mesh 550/1536 | Building BVH
Fra:1 Mem:629.16M (Peak 629.33M) | Time:00:02.33 | Mem:257.76M, Peak:278.64M | Scene, ViewLayer | Updating Geometry BVH common_foyer_cabinet_02_door_f2t_mesh 551/1536 | Building BVH
Fra:1 Mem:629.16M (Peak 629.33M) | Time:00:02.33 | Mem:257.81M, Peak:278.64M | Scene, ViewLayer | Updating Geometry BVH common_foyer_cabinet_02_door_f2c_mesh 552/1536 | Building BVH
Fra:1 Mem:629.16M (Peak 629.33M) | Time:00:02.33 | Mem:257.81M, Peak:278.64M | Scene, ViewLayer | Updating Geometry BVH common_foyer_cabinet_02_door_p2_mesh 553/1536 | Building BVH
Fra:1 Mem:629.16M (Peak 629.33M) | Time:00:02.33 | Mem:257.81M, Peak:278.64M | Scene, ViewLayer | Updating Geometry BVH common_foyer_mirror_door_01_fr0_mesh 555/1536 | Building BVH
Fra:1 Mem:629.16M (Peak 629.33M) | Time:00:02.33 | Mem:257.81M, Peak:278.64M | Scene, ViewLayer | Updating Geometry BVH common_foyer_mirror_door_01_fr1_mesh 556/1536 | Building BVH
Fra:1 Mem:629.16M (Peak 629.33M) | Time:00:02.33 | Mem:257.85M, Peak:278.64M | Scene, ViewLayer | Updating Geometry BVH common_foyer_mirror_door_01_fr2_mesh 557/1536 | Building BVH
Fra:1 Mem:629.16M (Peak 629.33M) | Time:00:02.33 | Mem:257.86M, Peak:278.64M | Scene, ViewLayer | Updating Geometry BVH common_foyer_mirror_door_01_fr3_mesh 558/1536 | Building BVH
Fra:1 Mem:629.16M (Peak 629.33M) | Time:00:02.33 | Mem:257.86M, Peak:278.64M | Scene, ViewLayer | Updating Geometry BVH common_foyer_mirror_door_01_pull_mesh 559/1536 | Building BVH
Fra:1 Mem:629.16M (Peak 629.33M) | Time:00:02.33 | Mem:257.86M, Peak:278.64M | Scene, ViewLayer | Updating Geometry BVH common_elevator_hall_cabinet_01_body_mesh 560/1536 | Building BVH
Fra:1 Mem:629.16M (Peak 629.33M) | Time:00:02.33 | Mem:257.87M, Peak:278.64M | Scene, ViewLayer | Updating Geometry BVH common_elevator_hall_cabinet_01_door_gapbg_mesh 561/1536 | Building BVH
Fra:1 Mem:629.16M (Peak 629.33M) | Time:00:02.33 | Mem:257.87M, Peak:278.64M | Scene, ViewLayer | Updating Geometry BVH common_elevator_hall_cabinet_01_door_f0l_mesh 562/1536 | Building BVH
Fra:1 Mem:629.16M (Peak 629.33M) | Time:00:02.33 | Mem:257.87M, Peak:278.64M | Scene, ViewLayer | Updating Geometry BVH B_living_dining_balcony_sofa_01_seat1_mesh 1460/1536 | Building BVH
Fra:1 Mem:629.16M (Peak 629.33M) | Time:00:02.33 | Mem:257.89M, Peak:278.64M | Scene, ViewLayer | Updating Geometry BVH common_elevator_hall_cabinet_01_door_f0r_mesh 563/1536 | Building BVH
Fra:1 Mem:629.16M (Peak 629.33M) | Time:00:02.34 | Mem:257.89M, Peak:278.64M | Scene, ViewLayer | Updating Geometry BVH common_elevator_hall_cabinet_01_door_f0b_mesh 564/1536 | Building BVH
Fra:1 Mem:629.16M (Peak 629.33M) | Time:00:02.34 | Mem:257.93M, Peak:278.64M | Scene, ViewLayer | Updating Geometry BVH common_elevator_hall_cabinet_01_door_f0t_mesh 565/1536 | Building BVH
Fra:1 Mem:629.16M (Peak 629.33M) | Time:00:02.34 | Mem:257.93M, Peak:278.64M | Scene, ViewLayer | Updating Geometry BVH common_elevator_hall_cabinet_01_door_f0c_mesh 566/1536 | Building BVH
Fra:1 Mem:629.16M (Peak 629.33M) | Time:00:02.34 | Mem:257.96M, Peak:278.64M | Scene, ViewLayer | Updating Geometry BVH common_elevator_hall_cabinet_01_door_p0_mesh 567/1536 | Building BVH
Fra:1 Mem:629.16M (Peak 629.33M) | Time:00:02.34 | Mem:257.97M, Peak:278.64M | Scene, ViewLayer | Updating Geometry BVH common_living_dining_balcony_bookcase_01_body_mesh 568/1536 | Building BVH
Fra:1 Mem:629.16M (Peak 629.33M) | Time:00:02.34 | Mem:258.02M, Peak:278.64M | Scene, ViewLayer | Updating Geometry BVH common_living_dining_balcony_bookcase_01_drw_gapbg_mesh 569/1536 | Building BVH
Fra:1 Mem:629.16M (Peak 629.33M) | Time:00:02.34 | Mem:258.01M, Peak:278.64M | Scene, ViewLayer | Updating Geometry BVH common_living_dining_balcony_bookcase_01_drw_f0_mesh 570/1536 | Building BVH
Fra:1 Mem:629.16M (Peak 629.33M) | Time:00:02.34 | Mem:258.04M, Peak:278.64M | Scene, ViewLayer | Updating Geometry BVH common_living_dining_balcony_bookcase_01_drw_slot0_mesh 571/1536 | Building BVH
Fra:1 Mem:629.16M (Peak 629.33M) | Time:00:02.34 | Mem:258.04M, Peak:278.64M | Scene, ViewLayer | Updating Geometry BVH common_living_dining_balcony_bookcase_01_drw_f1_mesh 572/1536 | Building BVH
Fra:1 Mem:629.16M (Peak 629.33M) | Time:00:02.34 | Mem:258.04M, Peak:278.64M | Scene, ViewLayer | Updating Geometry BVH common_living_dining_balcony_bookcase_01_drw_slot1_mesh 573/1536 | Building BVH
Fra:1 Mem:629.16M (Peak 629.33M) | Time:00:02.34 | Mem:258.04M, Peak:278.64M | Scene, ViewLayer | Updating Geometry BVH common_living_dining_balcony_bookcase_01_drw_f2_mesh 574/1536 | Building BVH
Fra:1 Mem:629.16M (Peak 629.33M) | Time:00:02.34 | Mem:258.04M, Peak:278.64M | Scene, ViewLayer | Updating Geometry BVH common_living_dining_balcony_bookcase_01_drw_slot2_mesh 575/1536 | Building BVH
Fra:1 Mem:629.16M (Peak 629.33M) | Time:00:02.34 | Mem:258.04M, Peak:278.64M | Scene, ViewLayer | Updating Geometry BVH common_living_dining_balcony_bookcase_02_back_mesh 576/1536 | Building BVH
Fra:1 Mem:629.16M (Peak 629.33M) | Time:00:02.34 | Mem:258.07M, Peak:278.64M | Scene, ViewLayer | Updating Geometry BVH common_living_dining_balcony_bookcase_02_top_mesh 577/1536 | Building BVH
Fra:1 Mem:629.16M (Peak 629.33M) | Time:00:02.34 | Mem:258.10M, Peak:278.64M | Scene, ViewLayer | Updating Geometry BVH common_living_dining_balcony_bookcase_02_bot_mesh 578/1536 | Building BVH
Fra:1 Mem:629.16M (Peak 629.33M) | Time:00:02.34 | Mem:258.10M, Peak:278.64M | Scene, ViewLayer | Updating Geometry BVH common_living_dining_balcony_bookcase_02_endS_mesh 579/1536 | Building BVH
Fra:1 Mem:629.16M (Peak 629.33M) | Time:00:02.34 | Mem:258.11M, Peak:278.64M | Scene, ViewLayer | Updating Geometry BVH common_living_dining_balcony_bookcase_02_endN_mesh 580/1536 | Building BVH
Fra:1 Mem:629.16M (Peak 629.33M) | Time:00:02.34 | Mem:258.11M, Peak:278.64M | Scene, ViewLayer | Updating Geometry BVH common_living_dining_balcony_bookcase_02_div1_mesh 581/1536 | Building BVH
Fra:1 Mem:629.16M (Peak 629.33M) | Time:00:02.34 | Mem:258.12M, Peak:278.64M | Scene, ViewLayer | Updating Geometry BVH common_living_dining_balcony_bookcase_02_div2_mesh 582/1536 | Building BVH
Fra:1 Mem:629.16M (Peak 629.33M) | Time:00:02.34 | Mem:258.13M, Peak:278.64M | Scene, ViewLayer | Updating Geometry BVH common_living_dining_balcony_bookcase_02_door_gapbg_mesh 583/1536 | Building BVH
Fra:1 Mem:629.16M (Peak 629.33M) | Time:00:02.34 | Mem:258.16M, Peak:278.64M | Scene, ViewLayer | Updating Geometry BVH common_living_dining_balcony_bookcase_02_door_f0_mesh 584/1536 | Building BVH
Fra:1 Mem:629.16M (Peak 629.33M) | Time:00:02.34 | Mem:258.17M, Peak:278.64M | Scene, ViewLayer | Updating Geometry BVH common_living_dining_balcony_bookcase_02_door_p0_mesh 585/1536 | Building BVH
Fra:1 Mem:629.16M (Peak 629.33M) | Time:00:02.34 | Mem:258.19M, Peak:278.64M | Scene, ViewLayer | Updating Geometry BVH common_living_dining_balcony_bookcase_02_shelf0_mesh 586/1536 | Building BVH
Fra:1 Mem:629.16M (Peak 629.33M) | Time:00:02.34 | Mem:258.19M, Peak:278.64M | Scene, ViewLayer | Updating Geometry BVH common_living_dining_balcony_bookcase_02_shelf1_mesh 587/1536 | Building BVH
Fra:1 Mem:629.16M (Peak 629.33M) | Time:00:02.34 | Mem:258.19M, Peak:278.64M | Scene, ViewLayer | Updating Geometry BVH common_living_dining_balcony_bookcase_02_shelf3_mesh 589/1536 | Building BVH
Fra:1 Mem:629.16M (Peak 629.33M) | Time:00:02.34 | Mem:258.19M, Peak:278.64M | Scene, ViewLayer | Updating Geometry BVH common_living_dining_balcony_bookcase_02_gshelf0_mesh 590/1536 | Building BVH
Fra:1 Mem:629.16M (Peak 629.33M) | Time:00:02.34 | Mem:258.20M, Peak:278.64M | Scene, ViewLayer | Updating Geometry BVH common_living_dining_balcony_bookcase_02_gshelf1_mesh 591/1536 | Building BVH
Fra:1 Mem:629.16M (Peak 629.33M) | Time:00:02.34 | Mem:258.21M, Peak:278.64M | Scene, ViewLayer | Updating Geometry BVH common_living_dining_balcony_bookcase_02_gf_stS_mesh 592/1536 | Building BVH
Fra:1 Mem:629.16M (Peak 629.33M) | Time:00:02.34 | Mem:258.25M, Peak:278.64M | Scene, ViewLayer | Updating Geometry BVH common_living_dining_balcony_bookcase_02_gf_stN_mesh 593/1536 | Building BVH
Fra:1 Mem:629.16M (Peak 629.33M) | Time:00:02.34 | Mem:258.25M, Peak:278.64M | Scene, ViewLayer | Updating Geometry BVH common_living_dining_balcony_bookcase_02_gf_rlT_mesh 595/1536 | Building BVH
Fra:1 Mem:629.16M (Peak 629.33M) | Time:00:02.34 | Mem:258.26M, Peak:278.64M | Scene, ViewLayer | Updating Geometry BVH common_living_dining_balcony_bookcase_02_gknob_mesh 597/1536 | Building BVH
Fra:1 Mem:629.16M (Peak 629.33M) | Time:00:02.34 | Mem:258.26M, Peak:278.64M | Scene, ViewLayer | Updating Geometry BVH B_living_dining_balcony_sofa_01_seat0_mesh 1459/1536 | Building BVH
Fra:1 Mem:629.16M (Peak 629.33M) | Time:00:02.34 | Mem:258.35M, Peak:278.64M | Scene, ViewLayer | Updating Geometry BVH common_living_dining_balcony_laundry_cabinet_01_body_mesh 598/1536 | Building BVH
Fra:1 Mem:629.16M (Peak 629.33M) | Time:00:02.34 | Mem:258.35M, Peak:278.64M | Scene, ViewLayer | Updating Geometry BVH common_living_dining_balcony_laundry_cabinet_01_door_gapbg_mesh 599/1536 | Building BVH
Fra:1 Mem:629.16M (Peak 629.33M) | Time:00:02.34 | Mem:258.35M, Peak:278.64M | Scene, ViewLayer | Updating Geometry BVH common_living_dining_balcony_laundry_cabinet_01_door_f0l_mesh 600/1536 | Building BVH
Fra:1 Mem:629.16M (Peak 629.33M) | Time:00:02.34 | Mem:258.35M, Peak:278.64M | Scene, ViewLayer | Updating Geometry BVH common_living_dining_balcony_laundry_cabinet_01_door_f0r_mesh 601/1536 | Building BVH
Fra:1 Mem:629.16M (Peak 629.33M) | Time:00:02.34 | Mem:258.37M, Peak:278.64M | Scene, ViewLayer | Updating Geometry BVH common_living_dining_balcony_laundry_cabinet_01_door_f0b_mesh 602/1536 | Building BVH
Fra:1 Mem:629.16M (Peak 629.33M) | Time:00:02.34 | Mem:258.37M, Peak:278.64M | Scene, ViewLayer | Updating Geometry BVH common_living_dining_balcony_laundry_cabinet_01_door_f0t_mesh 603/1536 | Building BVH
Fra:1 Mem:629.16M (Peak 629.33M) | Time:00:02.34 | Mem:258.41M, Peak:278.64M | Scene, ViewLayer | Updating Geometry BVH common_living_dining_balcony_laundry_cabinet_01_door_f0c_mesh 604/1536 | Building BVH
Fra:1 Mem:629.16M (Peak 629.33M) | Time:00:02.34 | Mem:258.44M, Peak:278.64M | Scene, ViewLayer | Updating Geometry BVH common_living_dining_balcony_laundry_cabinet_01_door_p0_mesh 605/1536 | Building BVH
Fra:1 Mem:629.16M (Peak 629.33M) | Time:00:02.34 | Mem:258.46M, Peak:278.64M | Scene, ViewLayer | Updating Geometry BVH common_living_dining_balcony_laundry_cabinet_01_door_f1l_mesh 606/1536 | Building BVH
Fra:1 Mem:629.16M (Peak 629.33M) | Time:00:02.34 | Mem:258.45M, Peak:278.64M | Scene, ViewLayer | Updating Geometry BVH common_living_dining_balcony_laundry_cabinet_01_door_f1r_mesh 607/1536 | Building BVH
Fra:1 Mem:629.16M (Peak 629.33M) | Time:00:02.34 | Mem:258.45M, Peak:278.64M | Scene, ViewLayer | Updating Geometry BVH common_living_dining_balcony_laundry_cabinet_01_door_f1b_mesh 608/1536 | Building BVH
Fra:1 Mem:629.16M (Peak 629.33M) | Time:00:02.34 | Mem:258.45M, Peak:278.64M | Scene, ViewLayer | Updating Geometry BVH common_living_dining_balcony_laundry_cabinet_01_door_f1t_mesh 609/1536 | Building BVH
Fra:1 Mem:629.16M (Peak 629.33M) | Time:00:02.34 | Mem:258.46M, Peak:278.64M | Scene, ViewLayer | Updating Geometry BVH common_living_dining_balcony_laundry_cabinet_01_door_f1c_mesh 610/1536 | Building BVH
Fra:1 Mem:629.16M (Peak 629.33M) | Time:00:02.34 | Mem:258.49M, Peak:278.64M | Scene, ViewLayer | Updating Geometry BVH common_living_dining_balcony_laundry_cabinet_01_door_p1_mesh 611/1536 | Building BVH
Fra:1 Mem:629.16M (Peak 629.33M) | Time:00:02.34 | Mem:258.55M, Peak:278.64M | Scene, ViewLayer | Updating Geometry BVH common_master_bedroom_wardrobe_01_body_mesh 612/1536 | Building BVH
Fra:1 Mem:629.16M (Peak 629.33M) | Time:00:02.34 | Mem:258.54M, Peak:278.64M | Scene, ViewLayer | Updating Geometry BVH common_master_bedroom_wardrobe_01_door_gapbg_mesh 613/1536 | Building BVH
Fra:1 Mem:629.16M (Peak 629.33M) | Time:00:02.34 | Mem:258.54M, Peak:278.64M | Scene, ViewLayer | Updating Geometry BVH common_master_bedroom_wardrobe_01_door_f0l_mesh 614/1536 | Building BVH
Fra:1 Mem:629.16M (Peak 629.33M) | Time:00:02.34 | Mem:258.55M, Peak:278.64M | Scene, ViewLayer | Updating Geometry BVH common_master_bedroom_wardrobe_01_door_f0r_mesh 615/1536 | Building BVH
Fra:1 Mem:629.16M (Peak 629.33M) | Time:00:02.34 | Mem:258.55M, Peak:278.64M | Scene, ViewLayer | Updating Geometry BVH common_master_bedroom_wardrobe_01_door_f0b_mesh 616/1536 | Building BVH
Fra:1 Mem:629.16M (Peak 629.33M) | Time:00:02.34 | Mem:258.55M, Peak:278.64M | Scene, ViewLayer | Updating Geometry BVH common_master_bedroom_wardrobe_01_door_f0t_mesh 617/1536 | Building BVH
Fra:1 Mem:629.16M (Peak 629.33M) | Time:00:02.34 | Mem:258.56M, Peak:278.64M | Scene, ViewLayer | Updating Geometry BVH common_master_bedroom_wardrobe_01_door_p0_mesh 619/1536 | Building BVH
Fra:1 Mem:629.16M (Peak 629.33M) | Time:00:02.34 | Mem:258.57M, Peak:278.64M | Scene, ViewLayer | Updating Geometry BVH common_master_bedroom_wardrobe_01_door_f1r_mesh 621/1536 | Building BVH
Fra:1 Mem:629.16M (Peak 629.33M) | Time:00:02.34 | Mem:258.58M, Peak:278.64M | Scene, ViewLayer | Updating Geometry BVH B_living_dining_balcony_sofa_01_back2_mesh 1458/1536 | Building BVH
Fra:1 Mem:629.16M (Peak 629.33M) | Time:00:02.34 | Mem:258.60M, Peak:278.64M | Scene, ViewLayer | Updating Geometry BVH common_master_bedroom_wardrobe_01_door_f1b_mesh 622/1536 | Building BVH
Fra:1 Mem:629.16M (Peak 629.33M) | Time:00:02.34 | Mem:258.61M, Peak:278.64M | Scene, ViewLayer | Updating Geometry BVH common_master_bedroom_wardrobe_01_door_f1t_mesh 623/1536 | Building BVH
Fra:1 Mem:629.16M (Peak 629.33M) | Time:00:02.34 | Mem:258.66M, Peak:278.64M | Scene, ViewLayer | Updating Geometry BVH common_master_bedroom_wardrobe_01_door_f1c_mesh 624/1536 | Building BVH
Fra:1 Mem:629.16M (Peak 629.33M) | Time:00:02.34 | Mem:258.70M, Peak:278.64M | Scene, ViewLayer | Updating Geometry BVH common_master_bedroom_wardrobe_01_door_p1_mesh 625/1536 | Building BVH
Fra:1 Mem:629.16M (Peak 629.33M) | Time:00:02.34 | Mem:258.76M, Peak:278.64M | Scene, ViewLayer | Updating Geometry BVH common_master_bedroom_wardrobe_01_door_f2l_mesh 626/1536 | Building BVH
Fra:1 Mem:629.16M (Peak 629.33M) | Time:00:02.34 | Mem:258.76M, Peak:278.64M | Scene, ViewLayer | Updating Geometry BVH common_master_bedroom_wardrobe_01_door_f2r_mesh 627/1536 | Building BVH
Fra:1 Mem:629.16M (Peak 629.33M) | Time:00:02.34 | Mem:258.79M, Peak:278.64M | Scene, ViewLayer | Updating Geometry BVH common_master_bedroom_wardrobe_01_door_f2b_mesh 628/1536 | Building BVH
Fra:1 Mem:629.16M (Peak 629.33M) | Time:00:02.34 | Mem:258.79M, Peak:278.64M | Scene, ViewLayer | Updating Geometry BVH common_master_bedroom_wardrobe_01_door_f2t_mesh 629/1536 | Building BVH
Fra:1 Mem:629.16M (Peak 629.33M) | Time:00:02.34 | Mem:258.79M, Peak:278.64M | Scene, ViewLayer | Updating Geometry BVH common_master_bedroom_wardrobe_01_door_p2_mesh 631/1536 | Building BVH
Fra:1 Mem:629.16M (Peak 629.33M) | Time:00:02.34 | Mem:258.79M, Peak:278.64M | Scene, ViewLayer | Updating Geometry BVH common_master_bedroom_wardrobe_01_door_f3r_mesh 633/1536 | Building BVH
Fra:1 Mem:629.16M (Peak 629.33M) | Time:00:02.34 | Mem:258.80M, Peak:278.64M | Scene, ViewLayer | Updating Geometry BVH common_master_bedroom_wardrobe_01_door_f3b_mesh 634/1536 | Building BVH
Fra:1 Mem:629.16M (Peak 629.33M) | Time:00:02.34 | Mem:258.80M, Peak:278.64M | Scene, ViewLayer | Updating Geometry BVH common_master_bedroom_wardrobe_01_door_f3t_mesh 635/1536 | Building BVH
Fra:1 Mem:629.16M (Peak 629.33M) | Time:00:02.34 | Mem:258.82M, Peak:278.64M | Scene, ViewLayer | Updating Geometry BVH common_master_bedroom_wardrobe_01_door_f3c_mesh 636/1536 | Building BVH
Fra:1 Mem:629.16M (Peak 629.33M) | Time:00:02.34 | Mem:258.85M, Peak:278.64M | Scene, ViewLayer | Updating Geometry BVH common_master_bedroom_wardrobe_01_door_p3_mesh 637/1536 | Building BVH
Fra:1 Mem:629.16M (Peak 629.33M) | Time:00:02.34 | Mem:258.90M, Peak:278.64M | Scene, ViewLayer | Updating Geometry BVH common_master_bedroom_wardrobe_01_door_f4l_mesh 638/1536 | Building BVH
Fra:1 Mem:629.16M (Peak 629.33M) | Time:00:02.34 | Mem:258.93M, Peak:278.64M | Scene, ViewLayer | Updating Geometry BVH common_master_bedroom_wardrobe_01_door_f4r_mesh 639/1536 | Building BVH
Fra:1 Mem:629.16M (Peak 629.33M) | Time:00:02.34 | Mem:258.95M, Peak:278.64M | Scene, ViewLayer | Updating Geometry BVH common_master_bedroom_wardrobe_01_door_f4b_mesh 640/1536 | Building BVH
Fra:1 Mem:629.16M (Peak 629.33M) | Time:00:02.34 | Mem:258.95M, Peak:278.64M | Scene, ViewLayer | Updating Geometry BVH common_master_bedroom_wardrobe_01_door_f4t_mesh 641/1536 | Building BVH
Fra:1 Mem:629.16M (Peak 629.33M) | Time:00:02.34 | Mem:258.96M, Peak:278.64M | Scene, ViewLayer | Updating Geometry BVH common_master_bedroom_wardrobe_01_door_f4c_mesh 642/1536 | Building BVH
Fra:1 Mem:629.16M (Peak 629.33M) | Time:00:02.34 | Mem:258.98M, Peak:278.64M | Scene, ViewLayer | Updating Geometry BVH common_master_bedroom_wardrobe_01_door_p4_mesh 643/1536 | Building BVH
Fra:1 Mem:629.16M (Peak 629.33M) | Time:00:02.34 | Mem:258.99M, Peak:278.64M | Scene, ViewLayer | Updating Geometry BVH common_master_bedroom_wardrobe_01_door_f5r_mesh 645/1536 | Building BVH
Fra:1 Mem:629.16M (Peak 629.33M) | Time:00:02.34 | Mem:258.99M, Peak:278.64M | Scene, ViewLayer | Updating Geometry BVH B_living_dining_balcony_sofa_01_back1_mesh 1457/1536 | Building BVH
Fra:1 Mem:629.16M (Peak 629.33M) | Time:00:02.34 | Mem:259.06M, Peak:278.64M | Scene, ViewLayer | Updating Geometry BVH common_master_bedroom_wardrobe_01_door_f5b_mesh 646/1536 | Building BVH
Fra:1 Mem:629.16M (Peak 629.33M) | Time:00:02.34 | Mem:259.06M, Peak:278.64M | Scene, ViewLayer | Updating Geometry BVH common_master_bedroom_wardrobe_01_door_p5_mesh 649/1536 | Building BVH
Fra:1 Mem:629.16M (Peak 629.33M) | Time:00:02.34 | Mem:259.06M, Peak:278.64M | Scene, ViewLayer | Updating Geometry BVH common_master_bedroom_wardrobe_01_door_f6l_mesh 650/1536 | Building BVH
Fra:1 Mem:629.16M (Peak 629.33M) | Time:00:02.34 | Mem:259.06M, Peak:278.64M | Scene, ViewLayer | Updating Geometry BVH common_master_bedroom_wardrobe_01_door_f6c_mesh 654/1536 | Building BVH
Fra:1 Mem:629.16M (Peak 629.33M) | Time:00:02.34 | Mem:259.05M, Peak:278.64M | Scene, ViewLayer | Updating Geometry BVH common_master_bedroom_open_niche_01_back_mesh 656/1536 | Building BVH
Fra:1 Mem:629.16M (Peak 629.33M) | Time:00:02.35 | Mem:259.07M, Peak:278.64M | Scene, ViewLayer | Updating Geometry BVH common_master_bedroom_open_niche_01_cheek0_mesh 657/1536 | Building BVH
Fra:1 Mem:629.16M (Peak 629.33M) | Time:00:02.35 | Mem:259.10M, Peak:278.64M | Scene, ViewLayer | Updating Geometry BVH common_master_bedroom_open_niche_01_cheek1_mesh 658/1536 | Building BVH
Fra:1 Mem:629.16M (Peak 629.33M) | Time:00:02.35 | Mem:259.23M, Peak:278.64M | Scene, ViewLayer | Updating Geometry BVH B_living_dining_balcony_sofa_01_back0_mesh 1456/1536 | Building BVH
Fra:1 Mem:629.16M (Peak 629.33M) | Time:00:02.35 | Mem:259.23M, Peak:278.64M | Scene, ViewLayer | Updating Geometry BVH common_master_bedroom_open_niche_01_top_mesh 659/1536 | Building BVH
Fra:1 Mem:629.16M (Peak 629.33M) | Time:00:02.35 | Mem:259.23M, Peak:278.64M | Scene, ViewLayer | Updating Geometry BVH common_master_bedroom_open_niche_01_bottom_mesh 660/1536 | Building BVH
Fra:1 Mem:629.16M (Peak 629.33M) | Time:00:02.35 | Mem:259.23M, Peak:278.64M | Scene, ViewLayer | Updating Geometry BVH common_master_bedroom_open_niche_01_sh0_mesh 661/1536 | Building BVH
Fra:1 Mem:629.16M (Peak 629.33M) | Time:00:02.35 | Mem:259.25M, Peak:278.64M | Scene, ViewLayer | Updating Geometry BVH common_master_bedroom_open_niche_01_sh1_mesh 662/1536 | Building BVH
Fra:1 Mem:629.16M (Peak 629.33M) | Time:00:02.35 | Mem:259.26M, Peak:278.64M | Scene, ViewLayer | Updating Geometry BVH common_master_bedroom_open_niche_01_sh2_mesh 663/1536 | Building BVH
Fra:1 Mem:629.16M (Peak 629.33M) | Time:00:02.35 | Mem:259.26M, Peak:278.64M | Scene, ViewLayer | Updating Geometry BVH common_master_bath_vanity_01_cab_mesh 664/1536 | Building BVH
Fra:1 Mem:629.16M (Peak 629.33M) | Time:00:02.35 | Mem:259.26M, Peak:278.64M | Scene, ViewLayer | Updating Geometry BVH common_master_bath_vanity_01_drw_gapbg_mesh 665/1536 | Building BVH
Fra:1 Mem:629.16M (Peak 629.33M) | Time:00:02.35 | Mem:259.27M, Peak:278.64M | Scene, ViewLayer | Updating Geometry BVH common_master_bath_vanity_01_drw_f0_mesh 666/1536 | Building BVH
Fra:1 Mem:629.16M (Peak 629.33M) | Time:00:02.35 | Mem:259.29M, Peak:278.64M | Scene, ViewLayer | Updating Geometry BVH common_master_bath_vanity_01_drw_p0_mesh 667/1536 | Building BVH
Fra:1 Mem:629.16M (Peak 629.33M) | Time:00:02.35 | Mem:259.29M, Peak:278.64M | Scene, ViewLayer | Updating Geometry BVH common_master_bath_vanity_01_drw_f1_mesh 668/1536 | Building BVH
Fra:1 Mem:629.16M (Peak 629.33M) | Time:00:02.35 | Mem:259.30M, Peak:278.64M | Scene, ViewLayer | Updating Geometry BVH common_master_bath_vanity_01_drw_p1_mesh 669/1536 | Building BVH
Fra:1 Mem:629.16M (Peak 629.33M) | Time:00:02.35 | Mem:259.35M, Peak:278.64M | Scene, ViewLayer | Updating Geometry BVH common_master_bath_vanity_01_top_s1_mesh 670/1536 | Building BVH
Fra:1 Mem:629.16M (Peak 629.33M) | Time:00:02.35 | Mem:259.35M, Peak:278.64M | Scene, ViewLayer | Updating Geometry BVH B_living_dining_balcony_sofa_01_base_mesh 1455/1536 | Building BVH
Fra:1 Mem:629.16M (Peak 629.33M) | Time:00:02.35 | Mem:259.35M, Peak:278.64M | Scene, ViewLayer | Updating Geometry BVH common_master_bath_vanity_01_top_s4_mesh 673/1536 | Building BVH
Fra:1 Mem:629.16M (Peak 629.33M) | Time:00:02.35 | Mem:259.37M, Peak:278.64M | Scene, ViewLayer | Updating Geometry BVH common_master_bath_vanity_01_bowlW_mesh 674/1536 | Building BVH
Fra:1 Mem:629.16M (Peak 629.33M) | Time:00:02.35 | Mem:259.39M, Peak:278.64M | Scene, ViewLayer | Updating Geometry BVH common_master_bath_vanity_01_bowlE_mesh 675/1536 | Building BVH
Fra:1 Mem:629.16M (Peak 629.33M) | Time:00:02.35 | Mem:259.41M, Peak:278.64M | Scene, ViewLayer | Updating Geometry BVH common_master_bath_vanity_01_bowlN_mesh 676/1536 | Building BVH
Fra:1 Mem:629.16M (Peak 629.33M) | Time:00:02.35 | Mem:259.41M, Peak:278.64M | Scene, ViewLayer | Updating Geometry BVH common_master_bath_vanity_01_bowlS_mesh 677/1536 | Building BVH
Fra:1 Mem:629.16M (Peak 629.33M) | Time:00:02.35 | Mem:259.48M, Peak:278.64M | Scene, ViewLayer | Updating Geometry BVH common_master_bath_vanity_01_bowlB_mesh 678/1536 | Building BVH
Fra:1 Mem:629.16M (Peak 629.33M) | Time:00:02.35 | Mem:259.48M, Peak:278.64M | Scene, ViewLayer | Updating Geometry BVH common_master_bath_vanity_01_fc_base_mesh 679/1536 | Building BVH
Fra:1 Mem:629.16M (Peak 629.33M) | Time:00:02.35 | Mem:259.48M, Peak:278.64M | Scene, ViewLayer | Updating Geometry BVH common_master_bath_vanity_01_fc_riser_mesh 680/1536 | Building BVH
Fra:1 Mem:629.16M (Peak 629.33M) | Time:00:02.35 | Mem:259.51M, Peak:278.64M | Scene, ViewLayer | Updating Geometry BVH common_master_bath_vanity_01_fc_spout_mesh 681/1536 | Building BVH
Fra:1 Mem:629.16M (Peak 629.33M) | Time:00:02.35 | Mem:259.52M, Peak:278.64M | Scene, ViewLayer | Updating Geometry BVH common_master_bath_vanity_01_fc_tip_mesh 682/1536 | Building BVH
Fra:1 Mem:629.16M (Peak 629.33M) | Time:00:02.35 | Mem:259.53M, Peak:278.64M | Scene, ViewLayer | Updating Geometry BVH common_master_bath_mirror_cabinet_01_mir_f0_mesh 684/1536 | Building BVH
Fra:1 Mem:629.16M (Peak 629.33M) | Time:00:02.35 | Mem:259.53M, Peak:278.64M | Scene, ViewLayer | Updating Geometry BVH common_master_bath_toilet_01_base_mesh 685/1536 | Building BVH
Fra:1 Mem:629.16M (Peak 629.33M) | Time:00:02.35 | Mem:259.53M, Peak:278.64M | Scene, ViewLayer | Updating Geometry BVH common_master_bath_toilet_01_seat_mesh 686/1536 | Building BVH
Fra:1 Mem:629.16M (Peak 629.33M) | Time:00:02.35 | Mem:259.53M, Peak:278.64M | Scene, ViewLayer | Updating Geometry BVH common_master_bath_toilet_01_tank_mesh 687/1536 | Building BVH
Fra:1 Mem:629.16M (Peak 629.33M) | Time:00:02.35 | Mem:259.54M, Peak:278.64M | Scene, ViewLayer | Updating Geometry BVH common_master_bath_glass_partition_01_fr0_mesh 688/1536 | Building BVH
Fra:1 Mem:629.16M (Peak 629.33M) | Time:00:02.35 | Mem:259.56M, Peak:278.64M | Scene, ViewLayer | Updating Geometry BVH common_master_bath_glass_partition_01_fr1_mesh 689/1536 | Building BVH
Fra:1 Mem:629.16M (Peak 629.33M) | Time:00:02.35 | Mem:259.58M, Peak:278.64M | Scene, ViewLayer | Updating Geometry BVH common_master_bath_glass_partition_01_fr2_mesh 690/1536 | Building BVH
Fra:1 Mem:629.16M (Peak 629.33M) | Time:00:02.35 | Mem:259.62M, Peak:278.64M | Scene, ViewLayer | Updating Geometry BVH common_master_bath_glass_partition_01_fr3_mesh 691/1536 | Building BVH
Fra:1 Mem:629.16M (Peak 629.33M) | Time:00:02.35 | Mem:259.65M, Peak:278.64M | Scene, ViewLayer | Updating Geometry BVH common_master_bath_glass_partition_01_fr4_mesh 692/1536 | Building BVH
Fra:1 Mem:629.16M (Peak 629.33M) | Time:00:02.35 | Mem:259.65M, Peak:278.64M | Scene, ViewLayer | Updating Geometry BVH common_master_bath_shower_floor_01_pan_mesh 693/1536 | Building BVH
Fra:1 Mem:629.16M (Peak 629.33M) | Time:00:02.35 | Mem:259.65M, Peak:278.64M | Scene, ViewLayer | Updating Geometry BVH common_master_bath_shower_floor_01_drain_mesh 694/1536 | Building BVH
Fra:1 Mem:629.16M (Peak 629.33M) | Time:00:02.35 | Mem:259.65M, Peak:278.64M | Scene, ViewLayer | Updating Geometry BVH common_corridor_vanity_01_cab_mesh 695/1536 | Building BVH
Fra:1 Mem:629.16M (Peak 629.33M) | Time:00:02.35 | Mem:259.66M, Peak:278.64M | Scene, ViewLayer | Updating Geometry BVH common_corridor_vanity_01_drw_gapbg_mesh 696/1536 | Building BVH
Fra:1 Mem:629.16M (Peak 629.33M) | Time:00:02.35 | Mem:259.68M, Peak:278.64M | Scene, ViewLayer | Updating Geometry BVH B_living_dining_balcony_dining_chair_06_leg11_mesh.001 1454/1536 | Building BVH
Fra:1 Mem:629.16M (Peak 629.33M) | Time:00:02.35 | Mem:259.68M, Peak:278.64M | Scene, ViewLayer | Updating Geometry BVH common_corridor_vanity_01_drw_p0_mesh 698/1536 | Building BVH
Fra:1 Mem:629.16M (Peak 629.33M) | Time:00:02.35 | Mem:259.69M, Peak:278.64M | Scene, ViewLayer | Updating Geometry BVH common_corridor_vanity_01_drw_f1_mesh 699/1536 | Building BVH
Fra:1 Mem:629.16M (Peak 629.33M) | Time:00:02.35 | Mem:259.75M, Peak:278.64M | Scene, ViewLayer | Updating Geometry BVH common_corridor_vanity_01_drw_p1_mesh 700/1536 | Building BVH
Fra:1 Mem:629.16M (Peak 629.33M) | Time:00:02.35 | Mem:259.74M, Peak:278.64M | Scene, ViewLayer | Updating Geometry BVH common_corridor_vanity_01_drw_f2_mesh 701/1536 | Building BVH
Fra:1 Mem:629.16M (Peak 629.33M) | Time:00:02.35 | Mem:259.75M, Peak:278.64M | Scene, ViewLayer | Updating Geometry BVH common_corridor_vanity_01_drw_p2_mesh 702/1536 | Building BVH
Fra:1 Mem:629.16M (Peak 629.33M) | Time:00:02.35 | Mem:259.76M, Peak:278.64M | Scene, ViewLayer | Updating Geometry BVH common_corridor_vanity_01_top_s1_mesh 703/1536 | Building BVH
Fra:1 Mem:629.16M (Peak 629.33M) | Time:00:02.35 | Mem:259.77M, Peak:278.64M | Scene, ViewLayer | Updating Geometry BVH common_corridor_vanity_01_top_s2_mesh 704/1536 | Building BVH
Fra:1 Mem:629.16M (Peak 629.33M) | Time:00:02.35 | Mem:259.77M, Peak:278.64M | Scene, ViewLayer | Updating Geometry BVH common_corridor_vanity_01_top_s3_mesh 705/1536 | Building BVH
Fra:1 Mem:629.16M (Peak 629.33M) | Time:00:02.35 | Mem:259.78M, Peak:278.64M | Scene, ViewLayer | Updating Geometry BVH common_corridor_vanity_01_top_s4_mesh 706/1536 | Building BVH
Fra:1 Mem:629.16M (Peak 629.33M) | Time:00:02.35 | Mem:259.82M, Peak:278.64M | Scene, ViewLayer | Updating Geometry BVH common_corridor_vanity_01_top_s5_mesh 707/1536 | Building BVH
Fra:1 Mem:629.16M (Peak 629.33M) | Time:00:02.35 | Mem:259.85M, Peak:278.64M | Scene, ViewLayer | Updating Geometry BVH common_corridor_vanity_01_bowlW_mesh 708/1536 | Building BVH
Fra:1 Mem:629.16M (Peak 629.33M) | Time:00:02.35 | Mem:259.86M, Peak:278.64M | Scene, ViewLayer | Updating Geometry BVH common_corridor_vanity_01_bowlN_mesh 710/1536 | Building BVH
Fra:1 Mem:629.16M (Peak 629.33M) | Time:00:02.35 | Mem:259.87M, Peak:278.64M | Scene, ViewLayer | Updating Geometry BVH common_corridor_vanity_01_bowlS_mesh 711/1536 | Building BVH
Fra:1 Mem:629.16M (Peak 629.33M) | Time:00:02.35 | Mem:259.87M, Peak:278.64M | Scene, ViewLayer | Updating Geometry BVH common_corridor_vanity_01_bowlB_mesh 712/1536 | Building BVH
Fra:1 Mem:629.16M (Peak 629.33M) | Time:00:02.35 | Mem:259.96M, Peak:278.64M | Scene, ViewLayer | Updating Geometry BVH common_corridor_vanity_01_fc353_base_mesh 713/1536 | Building BVH
Fra:1 Mem:629.16M (Peak 629.33M) | Time:00:02.35 | Mem:259.95M, Peak:278.64M | Scene, ViewLayer | Updating Geometry BVH common_corridor_vanity_01_fc353_riser_mesh 714/1536 | Building BVH
Fra:1 Mem:629.16M (Peak 629.33M) | Time:00:02.35 | Mem:259.95M, Peak:278.64M | Scene, ViewLayer | Updating Geometry BVH common_corridor_vanity_01_fc353_spout_mesh 715/1536 | Building BVH
Fra:1 Mem:629.16M (Peak 629.33M) | Time:00:02.35 | Mem:259.96M, Peak:278.64M | Scene, ViewLayer | Updating Geometry BVH common_corridor_vanity_01_bowlE_mesh.001 718/1536 | Building BVH
Fra:1 Mem:629.16M (Peak 629.33M) | Time:00:02.35 | Mem:259.96M, Peak:278.64M | Scene, ViewLayer | Updating Geometry BVH common_corridor_vanity_01_bowlN_mesh.001 719/1536 | Building BVH
Fra:1 Mem:629.16M (Peak 629.33M) | Time:00:02.35 | Mem:259.96M, Peak:278.64M | Scene, ViewLayer | Updating Geometry BVH common_corridor_vanity_01_bowlS_mesh.001 720/1536 | Building BVH
Fra:1 Mem:629.16M (Peak 629.33M) | Time:00:02.35 | Mem:259.96M, Peak:278.64M | Scene, ViewLayer | Updating Geometry BVH common_corridor_vanity_01_bowlB_mesh.001 721/1536 | Building BVH
Fra:1 Mem:629.16M (Peak 629.33M) | Time:00:02.35 | Mem:259.96M, Peak:278.64M | Scene, ViewLayer | Updating Geometry BVH common_corridor_vanity_01_fc281_base_mesh 722/1536 | Building BVH
Fra:1 Mem:629.16M (Peak 629.33M) | Time:00:02.35 | Mem:259.99M, Peak:278.64M | Scene, ViewLayer | Updating Geometry BVH common_corridor_vanity_01_fc281_riser_mesh 723/1536 | Building BVH
Fra:1 Mem:629.16M (Peak 629.33M) | Time:00:02.35 | Mem:259.99M, Peak:278.64M | Scene, ViewLayer | Updating Geometry BVH common_corridor_vanity_01_fc281_spout_mesh 724/1536 | Building BVH
Fra:1 Mem:629.16M (Peak 629.33M) | Time:00:02.35 | Mem:259.99M, Peak:278.64M | Scene, ViewLayer | Updating Geometry BVH common_corridor_vanity_01_fc281_tip_mesh 725/1536 | Building BVH
Fra:1 Mem:629.16M (Peak 629.33M) | Time:00:02.35 | Mem:260.01M, Peak:278.64M | Scene, ViewLayer | Updating Geometry BVH common_corridor_mirror_cabinet_01_body_mesh 726/1536 | Building BVH
Fra:1 Mem:629.16M (Peak 629.33M) | Time:00:02.35 | Mem:260.07M, Peak:278.64M | Scene, ViewLayer | Updating Geometry BVH common_corridor_mirror_cabinet_01_mir_f0_mesh 727/1536 | Building BVH
Fra:1 Mem:629.16M (Peak 629.33M) | Time:00:02.35 | Mem:260.06M, Peak:278.64M | Scene, ViewLayer | Updating Geometry BVH B_living_dining_balcony_dining_chair_06_leg11_mesh 1453/1536 | Building BVH
Fra:1 Mem:629.16M (Peak 629.33M) | Time:00:02.35 | Mem:260.07M, Peak:278.64M | Scene, ViewLayer | Updating Geometry BVH common_corridor_mirror_cabinet_01_mir_f1_mesh 728/1536 | Building BVH
Fra:1 Mem:629.16M (Peak 629.33M) | Time:00:02.36 | Mem:260.07M, Peak:278.64M | Scene, ViewLayer | Updating Geometry BVH common_public_bath_wet_shower_floor_01_drain_mesh 730/1536 | Building BVH
Fra:1 Mem:629.16M (Peak 629.33M) | Time:00:02.36 | Mem:260.10M, Peak:278.64M | Scene, ViewLayer | Updating Geometry BVH common_public_bath_wet_glass_partition_01_fr1_mesh 732/1536 | Building BVH
Fra:1 Mem:629.16M (Peak 629.33M) | Time:00:02.36 | Mem:260.11M, Peak:278.64M | Scene, ViewLayer | Updating Geometry BVH common_public_bath_wet_glass_partition_01_fr2_mesh 733/1536 | Building BVH
Fra:1 Mem:629.16M (Peak 629.33M) | Time:00:02.36 | Mem:260.15M, Peak:278.64M | Scene, ViewLayer | Updating Geometry BVH common_public_bath_wet_glass_partition_01_fr3_mesh 734/1536 | Building BVH
Fra:1 Mem:629.16M (Peak 629.33M) | Time:00:02.36 | Mem:260.15M, Peak:278.64M | Scene, ViewLayer | Updating Geometry BVH common_public_bath_wet_glass_partition_01_fr0_mesh 731/1536 | Building BVH
Fra:1 Mem:629.16M (Peak 629.33M) | Time:00:02.36 | Mem:260.14M, Peak:278.64M | Scene, ViewLayer | Updating Geometry BVH common_public_bath_wet_glass_partition_01_fr4_mesh 735/1536 | Building BVH
Fra:1 Mem:629.16M (Peak 629.33M) | Time:00:02.36 | Mem:260.15M, Peak:278.64M | Scene, ViewLayer | Updating Geometry BVH common_public_bath_wet_toilet_01_base_mesh 736/1536 | Building BVH
Fra:1 Mem:629.16M (Peak 629.33M) | Time:00:02.36 | Mem:260.19M, Peak:278.64M | Scene, ViewLayer | Updating Geometry BVH common_public_bath_wet_toilet_01_seat_mesh 737/1536 | Building BVH
Fra:1 Mem:629.16M (Peak 629.33M) | Time:00:02.36 | Mem:260.21M, Peak:278.64M | Scene, ViewLayer | Updating Geometry BVH common_public_bath_wet_toilet_01_tank_mesh 738/1536 | Building BVH
Fra:1 Mem:629.16M (Peak 629.33M) | Time:00:02.36 | Mem:260.21M, Peak:278.64M | Scene, ViewLayer | Updating Geometry BVH common_parents_room_wardrobe_01_body_mesh 739/1536 | Building BVH
Fra:1 Mem:629.16M (Peak 629.33M) | Time:00:02.36 | Mem:260.21M, Peak:278.64M | Scene, ViewLayer | Updating Geometry BVH common_parents_room_wardrobe_01_slA_f0_mesh 740/1536 | Building BVH
Fra:1 Mem:629.16M (Peak 629.33M) | Time:00:02.36 | Mem:260.26M, Peak:278.64M | Scene, ViewLayer | Updating Geometry BVH common_parents_room_wardrobe_01_slA_f1_mesh 741/1536 | Building BVH
Fra:1 Mem:629.16M (Peak 629.33M) | Time:00:02.36 | Mem:260.27M, Peak:278.64M | Scene, ViewLayer | Updating Geometry BVH B_living_dining_balcony_dining_chair_06_leg01_mesh.001 1452/1536 | Building BVH
Fra:1 Mem:629.16M (Peak 629.33M) | Time:00:02.36 | Mem:260.29M, Peak:278.64M | Scene, ViewLayer | Updating Geometry BVH common_parents_room_wardrobe_01_slA_f2_mesh 742/1536 | Building BVH
Fra:1 Mem:629.16M (Peak 629.33M) | Time:00:02.36 | Mem:260.31M, Peak:278.64M | Scene, ViewLayer | Updating Geometry BVH common_parents_room_wardrobe_01_slB_f0_mesh 743/1536 | Building BVH
Fra:1 Mem:629.16M (Peak 629.33M) | Time:00:02.36 | Mem:260.31M, Peak:278.64M | Scene, ViewLayer | Updating Geometry BVH common_parents_room_wardrobe_01_slB_f1_mesh 744/1536 | Building BVH
Fra:1 Mem:629.16M (Peak 629.33M) | Time:00:02.36 | Mem:260.31M, Peak:278.64M | Scene, ViewLayer | Updating Geometry BVH common_parents_room_wardrobe_01_slB_f2_mesh 745/1536 | Building BVH
Fra:1 Mem:629.16M (Peak 629.33M) | Time:00:02.36 | Mem:260.33M, Peak:278.64M | Scene, ViewLayer | Updating Geometry BVH common_master_bedroom_screen_01_slat00_mesh 746/1536 | Building BVH
Fra:1 Mem:629.16M (Peak 629.33M) | Time:00:02.36 | Mem:260.36M, Peak:278.64M | Scene, ViewLayer | Updating Geometry BVH common_master_bedroom_screen_01_slat01_mesh 747/1536 | Building BVH
Fra:1 Mem:629.16M (Peak 629.33M) | Time:00:02.36 | Mem:260.38M, Peak:278.64M | Scene, ViewLayer | Updating Geometry BVH common_master_bedroom_screen_01_slat02_mesh 748/1536 | Building BVH
Fra:1 Mem:629.16M (Peak 629.33M) | Time:00:02.36 | Mem:260.41M, Peak:278.64M | Scene, ViewLayer | Updating Geometry BVH common_master_bedroom_screen_01_slat03_mesh 749/1536 | Building BVH
Fra:1 Mem:629.17M (Peak 629.33M) | Time:00:02.36 | Mem:260.42M, Peak:278.64M | Scene, ViewLayer | Updating Geometry BVH common_master_bedroom_screen_01_slat04_mesh 750/1536 | Building BVH
Fra:1 Mem:629.17M (Peak 629.33M) | Time:00:02.36 | Mem:260.45M, Peak:278.64M | Scene, ViewLayer | Updating Geometry BVH common_master_bedroom_screen_01_slat05_mesh 751/1536 | Building BVH
Fra:1 Mem:629.17M (Peak 629.33M) | Time:00:02.36 | Mem:260.47M, Peak:278.64M | Scene, ViewLayer | Updating Geometry BVH common_master_bedroom_screen_01_slat06_mesh 752/1536 | Building BVH
Fra:1 Mem:629.17M (Peak 629.33M) | Time:00:02.36 | Mem:260.47M, Peak:278.64M | Scene, ViewLayer | Updating Geometry BVH common_master_bedroom_screen_01_slat07_mesh 753/1536 | Building BVH
Fra:1 Mem:629.17M (Peak 629.33M) | Time:00:02.36 | Mem:260.49M, Peak:278.64M | Scene, ViewLayer | Updating Geometry BVH common_master_bedroom_screen_01_slat08_mesh 754/1536 | Building BVH
Fra:1 Mem:629.17M (Peak 629.33M) | Time:00:02.36 | Mem:260.53M, Peak:278.64M | Scene, ViewLayer | Updating Geometry BVH common_master_bedroom_screen_01_slat09_mesh 755/1536 | Building BVH
Fra:1 Mem:629.17M (Peak 629.33M) | Time:00:02.36 | Mem:260.53M, Peak:278.64M | Scene, ViewLayer | Updating Geometry BVH common_master_bedroom_screen_01_slat10_mesh 756/1536 | Building BVH
Fra:1 Mem:629.17M (Peak 629.33M) | Time:00:02.36 | Mem:260.53M, Peak:278.64M | Scene, ViewLayer | Updating Geometry BVH common_master_bedroom_screen_01_slat11_mesh 757/1536 | Building BVH
Fra:1 Mem:629.17M (Peak 629.33M) | Time:00:02.36 | Mem:260.53M, Peak:278.64M | Scene, ViewLayer | Updating Geometry BVH B_living_dining_balcony_dining_chair_06_leg01_mesh 1451/1536 | Building BVH
Fra:1 Mem:629.17M (Peak 629.33M) | Time:00:02.36 | Mem:260.53M, Peak:278.64M | Scene, ViewLayer | Updating Geometry BVH common_master_bedroom_screen_01_slat14_mesh 760/1536 | Building BVH
Fra:1 Mem:629.17M (Peak 629.33M) | Time:00:02.36 | Mem:260.53M, Peak:278.64M | Scene, ViewLayer | Updating Geometry BVH common_master_bedroom_screen_01_slat17_mesh 763/1536 | Building BVH
Fra:1 Mem:629.17M (Peak 629.33M) | Time:00:02.36 | Mem:260.65M, Peak:278.64M | Scene, ViewLayer | Updating Geometry BVH common_master_bedroom_screen_01_slat18_mesh 764/1536 | Building BVH
Fra:1 Mem:629.17M (Peak 629.33M) | Time:00:02.36 | Mem:260.65M, Peak:278.64M | Scene, ViewLayer | Updating Geometry BVH mb_shower_rail_mesh 767/1536 | Building BVH
Fra:1 Mem:629.17M (Peak 629.33M) | Time:00:02.36 | Mem:260.65M, Peak:278.64M | Scene, ViewLayer | Updating Geometry BVH mb_shower_hand_mesh 768/1536 | Building BVH
Fra:1 Mem:629.17M (Peak 629.33M) | Time:00:02.36 | Mem:260.65M, Peak:278.64M | Scene, ViewLayer | Updating Geometry BVH fx_mb_niche_back_mesh 771/1536 | Building BVH
Fra:1 Mem:629.17M (Peak 629.33M) | Time:00:02.36 | Mem:260.66M, Peak:278.64M | Scene, ViewLayer | Updating Geometry BVH fx_mb_niche_btm_mesh 774/1536 | Building BVH
Fra:1 Mem:629.17M (Peak 629.33M) | Time:00:02.36 | Mem:260.66M, Peak:278.64M | Scene, ViewLayer | Updating Geometry BVH fx_mb_niche_top_mesh 775/1536 | Building BVH
Fra:1 Mem:629.17M (Peak 629.33M) | Time:00:02.36 | Mem:260.69M, Peak:278.64M | Scene, ViewLayer | Updating Geometry BVH fx_mb_paper_plate_mesh 776/1536 | Building BVH
Fra:1 Mem:629.17M (Peak 629.33M) | Time:00:02.36 | Mem:260.69M, Peak:278.64M | Scene, ViewLayer | Updating Geometry BVH fx_mb_paper_rod_mesh 777/1536 | Building BVH
Fra:1 Mem:629.17M (Peak 629.33M) | Time:00:02.36 | Mem:260.69M, Peak:278.64M | Scene, ViewLayer | Updating Geometry BVH pb_shower_mixer_mesh 778/1536 | Building BVH
Fra:1 Mem:629.17M (Peak 629.33M) | Time:00:02.36 | Mem:260.71M, Peak:278.64M | Scene, ViewLayer | Updating Geometry BVH B_living_dining_balcony_dining_chair_06_back1_mesh 1450/1536 | Building BVH
Fra:1 Mem:629.17M (Peak 629.33M) | Time:00:02.36 | Mem:260.83M, Peak:278.64M | Scene, ViewLayer | Updating Geometry BVH pb_shower_rail_mesh 779/1536 | Building BVH
Fra:1 Mem:629.17M (Peak 629.33M) | Time:00:02.36 | Mem:260.83M, Peak:278.64M | Scene, ViewLayer | Updating Geometry BVH pb_shower_hand_mesh 780/1536 | Building BVH
Fra:1 Mem:629.17M (Peak 629.33M) | Time:00:02.36 | Mem:260.84M, Peak:278.64M | Scene, ViewLayer | Updating Geometry BVH pb_shower_rain_mesh 782/1536 | Building BVH
Fra:1 Mem:629.17M (Peak 629.33M) | Time:00:02.36 | Mem:260.84M, Peak:278.64M | Scene, ViewLayer | Updating Geometry BVH fx_pb_niche_side0_mesh 784/1536 | Building BVH
Fra:1 Mem:629.17M (Peak 629.33M) | Time:00:02.36 | Mem:260.85M, Peak:278.64M | Scene, ViewLayer | Updating Geometry BVH fx_pb_niche_side1_mesh 785/1536 | Building BVH
Fra:1 Mem:629.17M (Peak 629.33M) | Time:00:02.36 | Mem:260.86M, Peak:278.64M | Scene, ViewLayer | Updating Geometry BVH fx_pb_niche_btm_mesh 786/1536 | Building BVH
Fra:1 Mem:629.17M (Peak 629.33M) | Time:00:02.36 | Mem:260.87M, Peak:278.64M | Scene, ViewLayer | Updating Geometry BVH fx_pb_niche_top_mesh 787/1536 | Building BVH
Fra:1 Mem:629.17M (Peak 629.33M) | Time:00:02.36 | Mem:260.90M, Peak:278.64M | Scene, ViewLayer | Updating Geometry BVH fx_stool_top_mesh 788/1536 | Building BVH
Fra:1 Mem:629.17M (Peak 629.33M) | Time:00:02.37 | Mem:260.92M, Peak:278.64M | Scene, ViewLayer | Updating Geometry BVH B_living_dining_balcony_dining_chair_06_back0_mesh 1449/1536 | Building BVH
Fra:1 Mem:629.17M (Peak 629.33M) | Time:00:02.37 | Mem:260.92M, Peak:278.64M | Scene, ViewLayer | Updating Geometry BVH fx_stool_leg2_mesh 791/1536 | Building BVH
Fra:1 Mem:629.17M (Peak 629.33M) | Time:00:02.37 | Mem:260.92M, Peak:278.64M | Scene, ViewLayer | Updating Geometry BVH fx_stool_leg3_mesh 792/1536 | Building BVH
Fra:1 Mem:629.17M (Peak 629.33M) | Time:00:02.37 | Mem:260.92M, Peak:278.64M | Scene, ViewLayer | Updating Geometry BVH common_living_dining_balcony_plant_01_leaf0_mesh 794/1536 | Building BVH
Fra:1 Mem:629.17M (Peak 629.33M) | Time:00:02.37 | Mem:260.93M, Peak:278.64M | Scene, ViewLayer | Updating Geometry BVH common_living_dining_balcony_plant_01_leaf1_mesh 795/1536 | Building BVH
Fra:1 Mem:629.17M (Peak 629.33M) | Time:00:02.37 | Mem:260.97M, Peak:278.64M | Scene, ViewLayer | Updating Geometry BVH common_living_dining_balcony_plant_01_leaf2_mesh 796/1536 | Building BVH
Fra:1 Mem:629.17M (Peak 629.33M) | Time:00:02.37 | Mem:261.01M, Peak:278.64M | Scene, ViewLayer | Updating Geometry BVH common_living_dining_balcony_plant_01_leaf3_mesh 797/1536 | Building BVH
Fra:1 Mem:629.17M (Peak 629.33M) | Time:00:02.37 | Mem:261.01M, Peak:278.64M | Scene, ViewLayer | Updating Geometry BVH common_living_dining_balcony_plant_01_leaf4_mesh 798/1536 | Building BVH
Fra:1 Mem:629.17M (Peak 629.33M) | Time:00:02.37 | Mem:261.02M, Peak:278.64M | Scene, ViewLayer | Updating Geometry BVH common_living_dining_balcony_plant_01_leaf6_mesh 800/1536 | Building BVH
Fra:1 Mem:629.17M (Peak 629.33M) | Time:00:02.37 | Mem:261.03M, Peak:278.64M | Scene, ViewLayer | Updating Geometry BVH common_living_dining_balcony_plant_01_leaf7_mesh 801/1536 | Building BVH
Fra:1 Mem:629.17M (Peak 629.33M) | Time:00:02.37 | Mem:261.03M, Peak:278.64M | Scene, ViewLayer | Updating Geometry BVH common_living_dining_balcony_planter_01_pot_mesh 802/1536 | Building BVH
Fra:1 Mem:629.17M (Peak 629.33M) | Time:00:02.37 | Mem:261.03M, Peak:278.64M | Scene, ViewLayer | Updating Geometry BVH common_living_dining_balcony_stool_01_top_mesh 803/1536 | Building BVH
Fra:1 Mem:629.17M (Peak 629.33M) | Time:00:02.37 | Mem:261.03M, Peak:278.64M | Scene, ViewLayer | Updating Geometry BVH common_living_dining_balcony_stool_01_jar_mesh 805/1536 | Building BVH
Fra:1 Mem:629.17M (Peak 629.33M) | Time:00:02.37 | Mem:261.03M, Peak:278.64M | Scene, ViewLayer | Updating Geometry BVH common_living_dining_balcony_artwork_01_canvas_mesh 806/1536 | Building BVH
Fra:1 Mem:629.17M (Peak 629.33M) | Time:00:02.37 | Mem:261.04M, Peak:278.64M | Scene, ViewLayer | Updating Geometry BVH common_living_dining_balcony_artwork_01_lamp_mesh 807/1536 | Building BVH
Fra:1 Mem:629.17M (Peak 629.33M) | Time:00:02.37 | Mem:261.05M, Peak:278.64M | Scene, ViewLayer | Updating Geometry BVH common_master_bedroom_dressing_table_01_topl_mesh 809/1536 | Building BVH
Fra:1 Mem:629.17M (Peak 629.33M) | Time:00:02.37 | Mem:261.05M, Peak:278.64M | Scene, ViewLayer | Updating Geometry BVH common_master_bedroom_dressing_table_01_side0_mesh 810/1536 | Building BVH
Fra:1 Mem:629.17M (Peak 629.33M) | Time:00:02.37 | Mem:261.05M, Peak:278.64M | Scene, ViewLayer | Updating Geometry BVH common_master_bedroom_dressing_table_01_side1_mesh 811/1536 | Building BVH
Fra:1 Mem:629.17M (Peak 629.33M) | Time:00:02.37 | Mem:261.09M, Peak:278.64M | Scene, ViewLayer | Updating Geometry BVH common_master_bedroom_dressing_table_01_drw_mesh 812/1536 | Building BVH
Fra:1 Mem:629.17M (Peak 629.33M) | Time:00:02.37 | Mem:261.25M, Peak:278.64M | Scene, ViewLayer | Updating Geometry BVH common_master_bedroom_dressing_table_01drw_drw_gapbg_mesh 813/1536 | Building BVH
Fra:1 Mem:629.17M (Peak 629.33M) | Time:00:02.37 | Mem:261.28M, Peak:278.64M | Scene, ViewLayer | Updating Geometry BVH common_master_bedroom_dressing_table_01drw_drw_f0_mesh 814/1536 | Building BVH
Fra:1 Mem:629.17M (Peak 629.33M) | Time:00:02.37 | Mem:261.29M, Peak:278.64M | Scene, ViewLayer | Updating Geometry BVH common_master_bedroom_dressing_table_01drw_drw_p0_mesh 815/1536 | Building BVH
Fra:1 Mem:629.17M (Peak 629.33M) | Time:00:02.37 | Mem:261.29M, Peak:278.64M | Scene, ViewLayer | Updating Geometry BVH common_master_bedroom_dressing_table_01drw_drw_f1_mesh 816/1536 | Building BVH
Fra:1 Mem:629.17M (Peak 629.33M) | Time:00:02.37 | Mem:261.35M, Peak:278.64M | Scene, ViewLayer | Updating Geometry BVH common_master_bedroom_dressing_table_01drw_drw_p1_mesh 817/1536 | Building BVH
Fra:1 Mem:629.17M (Peak 629.33M) | Time:00:02.37 | Mem:261.34M, Peak:278.64M | Scene, ViewLayer | Updating Geometry BVH B_living_dining_balcony_dining_chair_06_seat_mesh 1448/1536 | Building BVH
Fra:1 Mem:629.17M (Peak 629.33M) | Time:00:02.37 | Mem:261.34M, Peak:278.64M | Scene, ViewLayer | Updating Geometry BVH common_master_bedroom_dressing_table_01_upper_mesh 818/1536 | Building BVH
Fra:1 Mem:629.17M (Peak 629.33M) | Time:00:02.37 | Mem:261.34M, Peak:278.64M | Scene, ViewLayer | Updating Geometry BVH common_master_bedroom_dressing_table_01_door_gapbg_mesh 819/1536 | Building BVH
Fra:1 Mem:629.17M (Peak 629.33M) | Time:00:02.37 | Mem:261.35M, Peak:278.64M | Scene, ViewLayer | Updating Geometry BVH common_master_bedroom_dressing_table_01_door_f0l_mesh 820/1536 | Building BVH
Fra:1 Mem:629.17M (Peak 629.33M) | Time:00:02.37 | Mem:261.35M, Peak:278.64M | Scene, ViewLayer | Updating Geometry BVH common_master_bedroom_dressing_table_01_door_f0r_mesh 821/1536 | Building BVH
Fra:1 Mem:629.17M (Peak 629.33M) | Time:00:02.37 | Mem:261.39M, Peak:278.64M | Scene, ViewLayer | Updating Geometry BVH common_master_bedroom_dressing_table_01_door_f0b_mesh 822/1536 | Building BVH
Fra:1 Mem:629.17M (Peak 629.33M) | Time:00:02.37 | Mem:261.40M, Peak:278.64M | Scene, ViewLayer | Updating Geometry BVH common_master_bedroom_dressing_table_01_door_f0t_mesh 823/1536 | Building BVH
Fra:1 Mem:629.17M (Peak 629.33M) | Time:00:02.37 | Mem:261.45M, Peak:278.64M | Scene, ViewLayer | Updating Geometry BVH common_master_bedroom_dressing_table_01_door_f0c_mesh 824/1536 | Building BVH
Fra:1 Mem:629.17M (Peak 629.33M) | Time:00:02.37 | Mem:261.45M, Peak:278.64M | Scene, ViewLayer | Updating Geometry BVH common_master_bedroom_dressing_table_01_door_p0_mesh 825/1536 | Building BVH
Fra:1 Mem:629.17M (Peak 629.33M) | Time:00:02.37 | Mem:261.47M, Peak:278.64M | Scene, ViewLayer | Updating Geometry BVH common_master_bedroom_dressing_table_01_door_f1l_mesh 826/1536 | Building BVH
Fra:1 Mem:629.17M (Peak 629.33M) | Time:00:02.37 | Mem:261.48M, Peak:278.64M | Scene, ViewLayer | Updating Geometry BVH B_living_dining_balcony_dining_chair_05_leg11_mesh.001 1447/1536 | Building BVH
Fra:1 Mem:629.17M (Peak 629.33M) | Time:00:02.37 | Mem:261.48M, Peak:278.64M | Scene, ViewLayer | Updating Geometry BVH common_master_bedroom_dressing_table_01_door_f1r_mesh 827/1536 | Building BVH
Fra:1 Mem:629.17M (Peak 629.33M) | Time:00:02.37 | Mem:261.50M, Peak:278.64M | Scene, ViewLayer | Updating Geometry BVH common_master_bedroom_dressing_table_01_door_f1b_mesh 828/1536 | Building BVH
Fra:1 Mem:629.17M (Peak 629.33M) | Time:00:02.37 | Mem:261.51M, Peak:278.64M | Scene, ViewLayer | Updating Geometry BVH common_master_bedroom_dressing_table_01_door_f1t_mesh 829/1536 | Building BVH
Fra:1 Mem:629.17M (Peak 629.33M) | Time:00:02.37 | Mem:261.54M, Peak:278.64M | Scene, ViewLayer | Updating Geometry BVH common_master_bedroom_dressing_table_01_door_f1c_mesh 830/1536 | Building BVH
Fra:1 Mem:629.17M (Peak 629.33M) | Time:00:02.37 | Mem:261.55M, Peak:278.64M | Scene, ViewLayer | Updating Geometry BVH common_master_bedroom_dressing_table_01_door_p1_mesh 831/1536 | Building BVH
Fra:1 Mem:629.17M (Peak 629.33M) | Time:00:02.37 | Mem:261.55M, Peak:278.64M | Scene, ViewLayer | Updating Geometry BVH common_master_bedroom_dressing_table_01_door_f2b_mesh 834/1536 | Building BVH
Fra:1 Mem:629.17M (Peak 629.33M) | Time:00:02.37 | Mem:261.55M, Peak:278.64M | Scene, ViewLayer | Updating Geometry BVH common_master_bedroom_dressing_table_01_door_f2r_mesh 833/1536 | Building BVH
Fra:1 Mem:629.17M (Peak 629.33M) | Time:00:02.37 | Mem:261.56M, Peak:278.64M | Scene, ViewLayer | Updating Geometry BVH common_master_bedroom_dressing_table_01_door_f2t_mesh 835/1536 | Building BVH
Fra:1 Mem:629.17M (Peak 629.33M) | Time:00:02.37 | Mem:261.57M, Peak:278.64M | Scene, ViewLayer | Updating Geometry BVH common_master_bedroom_dressing_table_01_door_p2_mesh 837/1536 | Building BVH
Fra:1 Mem:629.17M (Peak 629.33M) | Time:00:02.37 | Mem:261.59M, Peak:278.64M | Scene, ViewLayer | Updating Geometry BVH common_master_bedroom_dressing_table_01_mirror_mesh 838/1536 | Building BVH
Fra:1 Mem:629.17M (Peak 629.33M) | Time:00:02.37 | Mem:261.60M, Peak:278.64M | Scene, ViewLayer | Updating Geometry BVH common_master_bedroom_stool_01_pad_mesh 839/1536 | Building BVH
Fra:1 Mem:629.17M (Peak 629.33M) | Time:00:02.37 | Mem:261.57M, Peak:278.64M | Scene, ViewLayer | Updating Geometry BVH common_master_bedroom_stool_01_leg0_mesh 840/1536 | Building BVH
Fra:1 Mem:629.17M (Peak 629.33M) | Time:00:02.37 | Mem:261.57M, Peak:278.64M | Scene, ViewLayer | Updating Geometry BVH common_master_bedroom_stool_01_leg1_mesh 841/1536 | Building BVH
Fra:1 Mem:629.17M (Peak 629.33M) | Time:00:02.37 | Mem:261.59M, Peak:278.64M | Scene, ViewLayer | Updating Geometry BVH common_master_bedroom_stool_01_leg2_mesh 842/1536 | Building BVH
Fra:1 Mem:629.17M (Peak 629.33M) | Time:00:02.37 | Mem:261.68M, Peak:278.64M | Scene, ViewLayer | Updating Geometry BVH common_master_bedroom_bed_01_frame_mesh 844/1536 | Building BVH
Fra:1 Mem:629.17M (Peak 629.33M) | Time:00:02.37 | Mem:261.68M, Peak:278.64M | Scene, ViewLayer | Updating Geometry BVH common_master_bedroom_bed_01_mattress_mesh 845/1536 | Building BVH
Fra:1 Mem:629.17M (Peak 629.33M) | Time:00:02.37 | Mem:261.68M, Peak:278.64M | Scene, ViewLayer | Updating Geometry BVH common_master_bedroom_bed_01_duvet_mesh 846/1536 | Building BVH
Fra:1 Mem:629.17M (Peak 629.33M) | Time:00:02.37 | Mem:261.69M, Peak:278.64M | Scene, ViewLayer | Updating Geometry BVH B_living_dining_balcony_dining_chair_05_leg11_mesh 1446/1536 | Building BVH
Fra:1 Mem:629.17M (Peak 629.33M) | Time:00:02.37 | Mem:261.72M, Peak:278.64M | Scene, ViewLayer | Updating Geometry BVH common_master_bedroom_bed_01_duvetdrop_mesh 847/1536 | Building BVH
Fra:1 Mem:629.17M (Peak 629.33M) | Time:00:02.37 | Mem:261.72M, Peak:278.64M | Scene, ViewLayer | Updating Geometry BVH common_master_bedroom_bed_01_duvetdrop2_mesh 848/1536 | Building BVH
Fra:1 Mem:629.17M (Peak 629.33M) | Time:00:02.37 | Mem:261.73M, Peak:278.64M | Scene, ViewLayer | Updating Geometry BVH common_master_bedroom_bed_01_pillow1_mesh 849/1536 | Building BVH
Fra:1 Mem:629.17M (Peak 629.33M) | Time:00:02.37 | Mem:261.75M, Peak:278.64M | Scene, ViewLayer | Updating Geometry BVH common_master_bedroom_bed_01_pillow2_mesh 850/1536 | Building BVH
Fra:1 Mem:629.17M (Peak 629.33M) | Time:00:02.37 | Mem:261.77M, Peak:278.64M | Scene, ViewLayer | Updating Geometry BVH common_master_bedroom_bed_01_throw_mesh 851/1536 | Building BVH
Fra:1 Mem:629.17M (Peak 629.33M) | Time:00:02.37 | Mem:261.84M, Peak:278.64M | Scene, ViewLayer | Updating Geometry BVH common_master_bedroom_headboard_01_pad_mesh 852/1536 | Building BVH
Fra:1 Mem:629.17M (Peak 629.33M) | Time:00:02.37 | Mem:261.84M, Peak:278.64M | Scene, ViewLayer | Updating Geometry BVH common_master_bedroom_nightstand_01_body_mesh 853/1536 | Building BVH
Fra:1 Mem:629.17M (Peak 629.33M) | Time:00:02.37 | Mem:261.84M, Peak:278.64M | Scene, ViewLayer | Updating Geometry BVH common_master_bedroom_nightstand_01_drw_gapbg_mesh 854/1536 | Building BVH
Fra:1 Mem:629.17M (Peak 629.33M) | Time:00:02.37 | Mem:261.84M, Peak:278.64M | Scene, ViewLayer | Updating Geometry BVH common_master_bedroom_nightstand_01_drw_f0_mesh 855/1536 | Building BVH
Fra:1 Mem:629.17M (Peak 629.33M) | Time:00:02.37 | Mem:261.84M, Peak:278.64M | Scene, ViewLayer | Updating Geometry BVH common_master_bedroom_nightstand_01_drw_p0_mesh 856/1536 | Building BVH
Fra:1 Mem:629.17M (Peak 629.33M) | Time:00:02.37 | Mem:261.89M, Peak:278.64M | Scene, ViewLayer | Updating Geometry BVH common_master_bedroom_nightstand_01_leg0_mesh 857/1536 | Building BVH
Fra:1 Mem:629.17M (Peak 629.33M) | Time:00:02.37 | Mem:261.89M, Peak:278.64M | Scene, ViewLayer | Updating Geometry BVH common_master_bedroom_nightstand_01_leg1_mesh 858/1536 | Building BVH
Fra:1 Mem:629.17M (Peak 629.33M) | Time:00:02.37 | Mem:261.89M, Peak:278.64M | Scene, ViewLayer | Updating Geometry BVH B_living_dining_balcony_dining_chair_05_leg01_mesh.001 1445/1536 | Building BVH
Fra:1 Mem:629.17M (Peak 629.33M) | Time:00:02.37 | Mem:261.89M, Peak:278.64M | Scene, ViewLayer | Updating Geometry BVH common_master_bedroom_nightstand_01_leg2_mesh 859/1536 | Building BVH
Fra:1 Mem:629.17M (Peak 629.33M) | Time:00:02.37 | Mem:261.90M, Peak:278.64M | Scene, ViewLayer | Updating Geometry BVH common_master_bedroom_nightstand_01_leg3_mesh 860/1536 | Building BVH
Fra:1 Mem:629.17M (Peak 629.33M) | Time:00:02.37 | Mem:261.92M, Peak:278.64M | Scene, ViewLayer | Updating Geometry BVH common_master_bedroom_nightstand_02_body_mesh 861/1536 | Building BVH
Fra:1 Mem:629.17M (Peak 629.33M) | Time:00:02.37 | Mem:261.94M, Peak:278.64M | Scene, ViewLayer | Updating Geometry BVH common_master_bedroom_nightstand_02_drw_gapbg_mesh 862/1536 | Building BVH
Fra:1 Mem:629.17M (Peak 629.33M) | Time:00:02.37 | Mem:261.96M, Peak:278.64M | Scene, ViewLayer | Updating Geometry BVH common_master_bedroom_nightstand_02_drw_f0_mesh 863/1536 | Building BVH
Fra:1 Mem:629.17M (Peak 629.33M) | Time:00:02.37 | Mem:261.99M, Peak:278.64M | Scene, ViewLayer | Updating Geometry BVH common_master_bedroom_nightstand_02_drw_p0_mesh 864/1536 | Building BVH
Fra:1 Mem:629.17M (Peak 629.33M) | Time:00:02.37 | Mem:261.99M, Peak:278.64M | Scene, ViewLayer | Updating Geometry BVH common_master_bedroom_nightstand_02_leg0_mesh 865/1536 | Building BVH
Fra:1 Mem:629.17M (Peak 629.33M) | Time:00:02.37 | Mem:261.99M, Peak:278.64M | Scene, ViewLayer | Updating Geometry BVH common_master_bedroom_nightstand_02_leg1_mesh 866/1536 | Building BVH
Fra:1 Mem:629.17M (Peak 629.33M) | Time:00:02.37 | Mem:261.98M, Peak:278.64M | Scene, ViewLayer | Updating Geometry BVH common_master_bedroom_nightstand_02_leg2_mesh 867/1536 | Building BVH
Fra:1 Mem:629.17M (Peak 629.33M) | Time:00:02.37 | Mem:261.98M, Peak:278.64M | Scene, ViewLayer | Updating Geometry BVH common_master_bedroom_nightstand_02_leg3_mesh 868/1536 | Building BVH
Fra:1 Mem:629.17M (Peak 629.33M) | Time:00:02.37 | Mem:261.99M, Peak:278.64M | Scene, ViewLayer | Updating Geometry BVH common_master_bedroom_desk_01_top_mesh 869/1536 | Building BVH
Fra:1 Mem:629.17M (Peak 629.33M) | Time:00:02.37 | Mem:261.99M, Peak:278.64M | Scene, ViewLayer | Updating Geometry BVH common_master_bedroom_desk_01_drawer_mesh 870/1536 | Building BVH
Fra:1 Mem:629.17M (Peak 629.33M) | Time:00:02.37 | Mem:262.01M, Peak:278.64M | Scene, ViewLayer | Updating Geometry BVH common_master_bedroom_desk_01_leg0_mesh 871/1536 | Building BVH
Fra:1 Mem:629.17M (Peak 629.33M) | Time:00:02.38 | Mem:262.05M, Peak:278.64M | Scene, ViewLayer | Updating Geometry BVH common_master_bedroom_desk_01_leg1_mesh 872/1536 | Building BVH
Fra:1 Mem:629.17M (Peak 629.33M) | Time:00:02.38 | Mem:262.06M, Peak:278.64M | Scene, ViewLayer | Updating Geometry BVH common_master_bedroom_desk_01_leg2_mesh 873/1536 | Building BVH
Fra:1 Mem:629.17M (Peak 629.33M) | Time:00:02.38 | Mem:262.06M, Peak:278.64M | Scene, ViewLayer | Updating Geometry BVH common_master_bedroom_desk_01_leg3_mesh 874/1536 | Building BVH
Fra:1 Mem:629.17M (Peak 629.33M) | Time:00:02.38 | Mem:262.06M, Peak:278.64M | Scene, ViewLayer | Updating Geometry BVH common_master_bedroom_desk_01_monitor_mesh 875/1536 | Building BVH
Fra:1 Mem:629.17M (Peak 629.33M) | Time:00:02.38 | Mem:262.08M, Peak:278.64M | Scene, ViewLayer | Updating Geometry BVH common_master_bedroom_desk_01_monstand_mesh 876/1536 | Building BVH
Fra:1 Mem:629.17M (Peak 629.33M) | Time:00:02.38 | Mem:262.11M, Peak:278.64M | Scene, ViewLayer | Updating Geometry BVH common_master_bedroom_chair_01_seat_mesh 877/1536 | Building BVH
Fra:1 Mem:629.17M (Peak 629.33M) | Time:00:02.38 | Mem:262.11M, Peak:278.64M | Scene, ViewLayer | Updating Geometry BVH common_master_bedroom_chair_01_back_mesh 878/1536 | Building BVH
Fra:1 Mem:629.17M (Peak 629.33M) | Time:00:02.38 | Mem:262.11M, Peak:278.64M | Scene, ViewLayer | Updating Geometry BVH common_master_bedroom_chair_01_post_mesh 879/1536 | Building BVH
Fra:1 Mem:629.17M (Peak 629.33M) | Time:00:02.38 | Mem:262.14M, Peak:278.64M | Scene, ViewLayer | Updating Geometry BVH common_master_bedroom_chair_01_base_mesh 880/1536 | Building BVH
Fra:1 Mem:629.17M (Peak 629.33M) | Time:00:02.38 | Mem:262.14M, Peak:278.64M | Scene, ViewLayer | Updating Geometry BVH common_master_bedroom_rug_01_pile_mesh 881/1536 | Building BVH
Fra:1 Mem:629.17M (Peak 629.33M) | Time:00:02.38 | Mem:262.16M, Peak:278.64M | Scene, ViewLayer | Updating Geometry BVH B_living_dining_balcony_dining_chair_05_leg01_mesh 1444/1536 | Building BVH
Fra:1 Mem:629.17M (Peak 629.33M) | Time:00:02.38 | Mem:262.18M, Peak:278.64M | Scene, ViewLayer | Updating Geometry BVH common_terrace_coffee_table_01_top_mesh 882/1536 | Building BVH
Fra:1 Mem:629.17M (Peak 629.33M) | Time:00:02.38 | Mem:262.18M, Peak:278.64M | Scene, ViewLayer | Updating Geometry BVH common_terrace_coffee_table_01_leg1_mesh 884/1536 | Building BVH
Fra:1 Mem:629.17M (Peak 629.33M) | Time:00:02.38 | Mem:262.19M, Peak:278.64M | Scene, ViewLayer | Updating Geometry BVH common_terrace_coffee_table_01_leg0_mesh 883/1536 | Building BVH
Fra:1 Mem:629.17M (Peak 629.33M) | Time:00:02.38 | Mem:262.22M, Peak:278.64M | Scene, ViewLayer | Updating Geometry BVH common_terrace_coffee_table_01_leg2_mesh 885/1536 | Building BVH
Fra:1 Mem:629.17M (Peak 629.33M) | Time:00:02.38 | Mem:262.22M, Peak:278.64M | Scene, ViewLayer | Updating Geometry BVH common_terrace_lounge_chair_01_seat_mesh 886/1536 | Building BVH
Fra:1 Mem:629.17M (Peak 629.33M) | Time:00:02.38 | Mem:262.22M, Peak:278.64M | Scene, ViewLayer | Updating Geometry BVH common_terrace_lounge_chair_01_cushion_mesh 887/1536 | Building BVH
Fra:1 Mem:629.17M (Peak 629.33M) | Time:00:02.38 | Mem:262.22M, Peak:278.64M | Scene, ViewLayer | Updating Geometry BVH common_terrace_lounge_chair_01_back0_mesh 888/1536 | Building BVH
Fra:1 Mem:629.17M (Peak 629.33M) | Time:00:02.38 | Mem:262.25M, Peak:278.64M | Scene, ViewLayer | Updating Geometry BVH common_terrace_lounge_chair_01_back1_mesh 889/1536 | Building BVH
Fra:1 Mem:629.17M (Peak 629.33M) | Time:00:02.38 | Mem:262.25M, Peak:278.64M | Scene, ViewLayer | Updating Geometry BVH common_terrace_lounge_chair_01_back2_mesh 890/1536 | Building BVH
Fra:1 Mem:629.17M (Peak 629.33M) | Time:00:02.38 | Mem:262.26M, Peak:278.64M | Scene, ViewLayer | Updating Geometry BVH common_terrace_lounge_chair_01_arm-1_mesh 891/1536 | Building BVH
Fra:1 Mem:629.17M (Peak 629.33M) | Time:00:02.38 | Mem:262.26M, Peak:278.64M | Scene, ViewLayer | Updating Geometry BVH common_terrace_lounge_chair_01_arm1_mesh 893/1536 | Building BVH
Fra:1 Mem:629.17M (Peak 629.33M) | Time:00:02.38 | Mem:262.31M, Peak:278.64M | Scene, ViewLayer | Updating Geometry BVH common_terrace_lounge_chair_01_armp1_mesh 894/1536 | Building BVH
Fra:1 Mem:629.17M (Peak 629.33M) | Time:00:02.38 | Mem:262.38M, Peak:278.64M | Scene, ViewLayer | Updating Geometry BVH common_terrace_lounge_chair_01_leg0_mesh 895/1536 | Building BVH
Fra:1 Mem:629.17M (Peak 629.33M) | Time:00:02.38 | Mem:262.37M, Peak:278.64M | Scene, ViewLayer | Updating Geometry BVH common_terrace_lounge_chair_01_leg1_mesh 896/1536 | Building BVH
Fra:1 Mem:629.17M (Peak 629.33M) | Time:00:02.38 | Mem:262.39M, Peak:278.64M | Scene, ViewLayer | Updating Geometry BVH common_terrace_lounge_chair_01_leg2_mesh 897/1536 | Building BVH
Fra:1 Mem:629.17M (Peak 629.33M) | Time:00:02.38 | Mem:262.39M, Peak:278.64M | Scene, ViewLayer | Updating Geometry BVH common_terrace_lounge_chair_01_leg3_mesh 898/1536 | Building BVH
Fra:1 Mem:629.17M (Peak 629.33M) | Time:00:02.38 | Mem:262.40M, Peak:278.64M | Scene, ViewLayer | Updating Geometry BVH common_terrace_lounge_chair_02_seat_mesh 899/1536 | Building BVH
Fra:1 Mem:629.17M (Peak 629.33M) | Time:00:02.38 | Mem:262.40M, Peak:278.64M | Scene, ViewLayer | Updating Geometry BVH common_terrace_lounge_chair_02_back0_mesh 901/1536 | Building BVH
Fra:1 Mem:629.17M (Peak 629.33M) | Time:00:02.38 | Mem:262.40M, Peak:278.64M | Scene, ViewLayer | Updating Geometry BVH common_terrace_lounge_chair_02_cushion_mesh 900/1536 | Building BVH
Fra:1 Mem:629.17M (Peak 629.33M) | Time:00:02.38 | Mem:262.41M, Peak:278.64M | Scene, ViewLayer | Updating Geometry BVH common_terrace_lounge_chair_02_back1_mesh 902/1536 | Building BVH
Fra:1 Mem:629.17M (Peak 629.33M) | Time:00:02.38 | Mem:262.42M, Peak:278.64M | Scene, ViewLayer | Updating Geometry BVH common_terrace_lounge_chair_02_back2_mesh 903/1536 | Building BVH
Fra:1 Mem:629.17M (Peak 629.33M) | Time:00:02.38 | Mem:262.50M, Peak:278.64M | Scene, ViewLayer | Updating Geometry BVH common_terrace_lounge_chair_02_arm-1_mesh 904/1536 | Building BVH
Fra:1 Mem:629.17M (Peak 629.33M) | Time:00:02.38 | Mem:262.51M, Peak:278.64M | Scene, ViewLayer | Updating Geometry BVH common_terrace_lounge_chair_02_armp-1_mesh 905/1536 | Building BVH
Fra:1 Mem:629.17M (Peak 629.33M) | Time:00:02.38 | Mem:262.51M, Peak:278.64M | Scene, ViewLayer | Updating Geometry BVH B_living_dining_balcony_dining_chair_05_back1_mesh 1443/1536 | Building BVH
Fra:1 Mem:629.17M (Peak 629.33M) | Time:00:02.38 | Mem:262.53M, Peak:278.64M | Scene, ViewLayer | Updating Geometry BVH common_terrace_lounge_chair_02_arm1_mesh 906/1536 | Building BVH
Fra:1 Mem:629.17M (Peak 629.33M) | Time:00:02.38 | Mem:262.53M, Peak:278.64M | Scene, ViewLayer | Updating Geometry BVH common_terrace_lounge_chair_02_armp1_mesh 907/1536 | Building BVH
Fra:1 Mem:629.17M (Peak 629.33M) | Time:00:02.38 | Mem:262.53M, Peak:278.64M | Scene, ViewLayer | Updating Geometry BVH common_terrace_lounge_chair_02_leg0_mesh 908/1536 | Building BVH
Fra:1 Mem:629.17M (Peak 629.33M) | Time:00:02.38 | Mem:262.54M, Peak:278.64M | Scene, ViewLayer | Updating Geometry BVH common_terrace_lounge_chair_02_leg1_mesh 909/1536 | Building BVH
Fra:1 Mem:629.17M (Peak 629.33M) | Time:00:02.38 | Mem:262.54M, Peak:278.64M | Scene, ViewLayer | Updating Geometry BVH common_terrace_lounge_chair_02_leg3_mesh 911/1536 | Building BVH
Fra:1 Mem:629.17M (Peak 629.33M) | Time:00:02.38 | Mem:262.54M, Peak:278.64M | Scene, ViewLayer | Updating Geometry BVH common_terrace_plant_01_pot_mesh 912/1536 | Building BVH
Fra:1 Mem:629.17M (Peak 629.33M) | Time:00:02.38 | Mem:262.56M, Peak:278.64M | Scene, ViewLayer | Updating Geometry BVH common_terrace_plant_01_stem_mesh 913/1536 | Building BVH
Fra:1 Mem:629.17M (Peak 629.33M) | Time:00:02.38 | Mem:262.57M, Peak:278.64M | Scene, ViewLayer | Updating Geometry BVH B_living_dining_balcony_dining_chair_05_back0_mesh 1442/1536 | Building BVH
Fra:1 Mem:629.17M (Peak 629.33M) | Time:00:02.38 | Mem:262.65M, Peak:278.64M | Scene, ViewLayer | Updating Geometry BVH common_terrace_plant_01_leaf0_mesh 914/1536 | Building BVH
Fra:1 Mem:629.17M (Peak 629.33M) | Time:00:02.38 | Mem:262.65M, Peak:278.64M | Scene, ViewLayer | Updating Geometry BVH common_terrace_plant_01_leaf1_mesh 915/1536 | Building BVH
Fra:1 Mem:629.17M (Peak 629.33M) | Time:00:02.38 | Mem:262.66M, Peak:278.64M | Scene, ViewLayer | Updating Geometry BVH common_terrace_plant_01_leaf2_mesh 916/1536 | Building BVH
Fra:1 Mem:629.17M (Peak 629.33M) | Time:00:02.38 | Mem:262.67M, Peak:278.64M | Scene, ViewLayer | Updating Geometry BVH common_terrace_plant_01_leaf3_mesh 917/1536 | Building BVH
Fra:1 Mem:629.17M (Peak 629.33M) | Time:00:02.38 | Mem:262.67M, Peak:278.64M | Scene, ViewLayer | Updating Geometry BVH common_terrace_plant_01_leaf4_mesh 918/1536 | Building BVH
Fra:1 Mem:629.17M (Peak 629.33M) | Time:00:02.38 | Mem:262.67M, Peak:278.64M | Scene, ViewLayer | Updating Geometry BVH common_terrace_plant_01_leaf5_mesh 919/1536 | Building BVH
Fra:1 Mem:629.17M (Peak 629.33M) | Time:00:02.38 | Mem:262.69M, Peak:278.64M | Scene, ViewLayer | Updating Geometry BVH common_terrace_plant_02_pot_mesh 920/1536 | Building BVH
Fra:1 Mem:629.17M (Peak 629.33M) | Time:00:02.38 | Mem:262.70M, Peak:278.64M | Scene, ViewLayer | Updating Geometry BVH common_terrace_plant_02_stem_mesh 921/1536 | Building BVH
Fra:1 Mem:629.17M (Peak 629.33M) | Time:00:02.38 | Mem:262.72M, Peak:278.64M | Scene, ViewLayer | Updating Geometry BVH common_terrace_plant_02_leaf0_mesh 922/1536 | Building BVH
Fra:1 Mem:629.17M (Peak 629.33M) | Time:00:02.38 | Mem:262.72M, Peak:278.64M | Scene, ViewLayer | Updating Geometry BVH common_terrace_plant_02_leaf2_mesh 924/1536 | Building BVH
Fra:1 Mem:629.17M (Peak 629.33M) | Time:00:02.38 | Mem:262.73M, Peak:278.64M | Scene, ViewLayer | Updating Geometry BVH common_terrace_plant_02_leaf3_mesh 925/1536 | Building BVH
Fra:1 Mem:629.17M (Peak 629.33M) | Time:00:02.38 | Mem:262.73M, Peak:278.64M | Scene, ViewLayer | Updating Geometry BVH common_terrace_plant_02_leaf4_mesh 926/1536 | Building BVH
Fra:1 Mem:629.17M (Peak 629.33M) | Time:00:02.38 | Mem:262.77M, Peak:278.64M | Scene, ViewLayer | Updating Geometry BVH common_terrace_plant_02_leaf5_mesh 927/1536 | Building BVH
Fra:1 Mem:629.17M (Peak 629.33M) | Time:00:02.38 | Mem:262.78M, Peak:278.64M | Scene, ViewLayer | Updating Geometry BVH common_terrace_plant_03_pot_mesh 928/1536 | Building BVH
Fra:1 Mem:629.17M (Peak 629.33M) | Time:00:02.38 | Mem:262.79M, Peak:278.64M | Scene, ViewLayer | Updating Geometry BVH common_terrace_plant_03_stem_mesh 929/1536 | Building BVH
Fra:1 Mem:629.17M (Peak 629.33M) | Time:00:02.38 | Mem:262.81M, Peak:278.64M | Scene, ViewLayer | Updating Geometry BVH common_terrace_plant_03_leaf0_mesh 930/1536 | Building BVH
Fra:1 Mem:629.17M (Peak 629.33M) | Time:00:02.38 | Mem:262.81M, Peak:278.64M | Scene, ViewLayer | Updating Geometry BVH common_terrace_plant_03_leaf1_mesh 931/1536 | Building BVH
Fra:1 Mem:629.17M (Peak 629.33M) | Time:00:02.38 | Mem:262.81M, Peak:278.64M | Scene, ViewLayer | Updating Geometry BVH B_living_dining_balcony_dining_chair_05_seat_mesh 1441/1536 | Building BVH
Fra:1 Mem:629.17M (Peak 629.33M) | Time:00:02.38 | Mem:262.84M, Peak:278.64M | Scene, ViewLayer | Updating Geometry BVH common_terrace_plant_03_leaf2_mesh 932/1536 | Building BVH
Fra:1 Mem:629.17M (Peak 629.33M) | Time:00:02.38 | Mem:262.84M, Peak:278.64M | Scene, ViewLayer | Updating Geometry BVH common_terrace_plant_03_leaf4_mesh 934/1536 | Building BVH
Fra:1 Mem:629.17M (Peak 629.33M) | Time:00:02.38 | Mem:262.85M, Peak:278.64M | Scene, ViewLayer | Updating Geometry BVH common_terrace_plant_03_leaf5_mesh 935/1536 | Building BVH
Fra:1 Mem:629.17M (Peak 629.33M) | Time:00:02.38 | Mem:262.86M, Peak:278.64M | Scene, ViewLayer | Updating Geometry BVH common_terrace_plant_04_pot_mesh 936/1536 | Building BVH
Fra:1 Mem:629.17M (Peak 629.33M) | Time:00:02.38 | Mem:262.89M, Peak:278.64M | Scene, ViewLayer | Updating Geometry BVH common_terrace_plant_04_stem_mesh 937/1536 | Building BVH
Fra:1 Mem:629.17M (Peak 629.33M) | Time:00:02.38 | Mem:262.92M, Peak:278.64M | Scene, ViewLayer | Updating Geometry BVH common_terrace_plant_04_leaf0_mesh 938/1536 | Building BVH
Fra:1 Mem:629.17M (Peak 629.33M) | Time:00:02.38 | Mem:262.92M, Peak:278.64M | Scene, ViewLayer | Updating Geometry BVH common_terrace_plant_04_leaf1_mesh 939/1536 | Building BVH
Fra:1 Mem:629.17M (Peak 629.33M) | Time:00:02.38 | Mem:262.92M, Peak:278.64M | Scene, ViewLayer | Updating Geometry BVH common_terrace_plant_04_leaf2_mesh 940/1536 | Building BVH
Fra:1 Mem:629.17M (Peak 629.33M) | Time:00:02.38 | Mem:262.92M, Peak:278.64M | Scene, ViewLayer | Updating Geometry BVH common_terrace_plant_04_leaf3_mesh 941/1536 | Building BVH
Fra:1 Mem:629.17M (Peak 629.33M) | Time:00:02.38 | Mem:262.92M, Peak:278.64M | Scene, ViewLayer | Updating Geometry BVH common_terrace_plant_04_leaf4_mesh 942/1536 | Building BVH
Fra:1 Mem:629.17M (Peak 629.33M) | Time:00:02.38 | Mem:262.94M, Peak:278.64M | Scene, ViewLayer | Updating Geometry BVH common_terrace_plant_04_leaf5_mesh 943/1536 | Building BVH
Fra:1 Mem:629.17M (Peak 629.33M) | Time:00:02.38 | Mem:262.95M, Peak:278.64M | Scene, ViewLayer | Updating Geometry BVH common_parents_room_bed_01_frame_mesh 944/1536 | Building BVH
Fra:1 Mem:629.17M (Peak 629.33M) | Time:00:02.38 | Mem:262.96M, Peak:278.64M | Scene, ViewLayer | Updating Geometry BVH common_parents_room_bed_01_mattress_mesh 945/1536 | Building BVH
Fra:1 Mem:629.17M (Peak 629.33M) | Time:00:02.38 | Mem:262.97M, Peak:278.64M | Scene, ViewLayer | Updating Geometry BVH common_parents_room_bed_01_headboard_mesh 946/1536 | Building BVH
Fra:1 Mem:629.17M (Peak 629.33M) | Time:00:02.38 | Mem:262.97M, Peak:278.64M | Scene, ViewLayer | Updating Geometry BVH common_parents_room_bed_01_pillow1_mesh 950/1536 | Building BVH
Fra:1 Mem:629.17M (Peak 629.33M) | Time:00:02.38 | Mem:262.99M, Peak:278.64M | Scene, ViewLayer | Updating Geometry BVH common_parents_room_bed_01_pillow2_mesh 951/1536 | Building BVH
Fra:1 Mem:629.17M (Peak 629.33M) | Time:00:02.38 | Mem:262.99M, Peak:278.64M | Scene, ViewLayer | Updating Geometry BVH common_parents_room_bed_01_throw_mesh 952/1536 | Building BVH
Fra:1 Mem:629.17M (Peak 629.33M) | Time:00:02.38 | Mem:263.02M, Peak:278.64M | Scene, ViewLayer | Updating Geometry BVH common_parents_room_nightstand_01_rail_mesh 953/1536 | Building BVH
Fra:1 Mem:629.17M (Peak 629.33M) | Time:00:02.38 | Mem:263.04M, Peak:278.64M | Scene, ViewLayer | Updating Geometry BVH common_parents_room_nightstand_01_body_mesh 954/1536 | Building BVH
Fra:1 Mem:629.17M (Peak 629.33M) | Time:00:02.38 | Mem:263.14M, Peak:278.64M | Scene, ViewLayer | Updating Geometry BVH common_parents_room_nightstand_01_drw_gapbg_mesh 955/1536 | Building BVH
Fra:1 Mem:629.17M (Peak 629.33M) | Time:00:02.39 | Mem:263.14M, Peak:278.64M | Scene, ViewLayer | Updating Geometry BVH common_parents_room_nightstand_01_drw_p0_mesh 957/1536 | Building BVH
Fra:1 Mem:629.17M (Peak 629.33M) | Time:00:02.39 | Mem:263.14M, Peak:278.64M | Scene, ViewLayer | Updating Geometry BVH common_parents_room_cushion_01_pad_mesh 958/1536 | Building BVH
Fra:1 Mem:629.17M (Peak 629.33M) | Time:00:02.39 | Mem:263.14M, Peak:278.64M | Scene, ViewLayer | Updating Geometry BVH common_parents_room_cushion_01_pil_olive_mesh 959/1536 | Building BVH
Fra:1 Mem:629.17M (Peak 629.33M) | Time:00:02.39 | Mem:263.14M, Peak:278.64M | Scene, ViewLayer | Updating Geometry BVH common_parents_room_cushion_01_pil_brick_mesh 960/1536 | Building BVH
Fra:1 Mem:629.17M (Peak 629.33M) | Time:00:02.39 | Mem:263.15M, Peak:278.64M | Scene, ViewLayer | Updating Geometry BVH common_parents_room_shelf_01_side1_mesh 962/1536 | Building BVH
Fra:1 Mem:629.17M (Peak 629.33M) | Time:00:02.39 | Mem:263.16M, Peak:278.64M | Scene, ViewLayer | Updating Geometry BVH common_parents_room_shelf_01_top_mesh 963/1536 | Building BVH
Fra:1 Mem:629.17M (Peak 629.33M) | Time:00:02.39 | Mem:263.17M, Peak:278.64M | Scene, ViewLayer | Updating Geometry BVH common_parents_room_shelf_01_sh1_mesh 964/1536 | Building BVH
Fra:1 Mem:629.17M (Peak 629.33M) | Time:00:02.39 | Mem:263.19M, Peak:278.64M | Scene, ViewLayer | Updating Geometry BVH common_parents_room_shelf_02_side0_mesh 965/1536 | Building BVH
Fra:1 Mem:629.17M (Peak 629.33M) | Time:00:02.39 | Mem:263.22M, Peak:278.64M | Scene, ViewLayer | Updating Geometry BVH common_parents_room_shelf_02_side1_mesh 966/1536 | Building BVH
Fra:1 Mem:629.17M (Peak 629.33M) | Time:00:02.39 | Mem:263.27M, Peak:278.64M | Scene, ViewLayer | Updating Geometry BVH common_parents_room_shelf_02_top_mesh 967/1536 | Building BVH
Fra:1 Mem:629.17M (Peak 629.33M) | Time:00:02.39 | Mem:263.27M, Peak:278.64M | Scene, ViewLayer | Updating Geometry BVH B_living_dining_balcony_dining_chair_04_leg11_mesh.001 1440/1536 | Building BVH
Fra:1 Mem:629.17M (Peak 629.33M) | Time:00:02.39 | Mem:263.28M, Peak:278.64M | Scene, ViewLayer | Updating Geometry BVH common_parents_room_shelf_02_sh1_mesh 968/1536 | Building BVH
Fra:1 Mem:629.17M (Peak 629.33M) | Time:00:02.39 | Mem:263.28M, Peak:278.64M | Scene, ViewLayer | Updating Geometry BVH common_daughter_room_wardrobe_01_body_mesh 969/1536 | Building BVH
Fra:1 Mem:629.17M (Peak 629.33M) | Time:00:02.39 | Mem:263.29M, Peak:278.64M | Scene, ViewLayer | Updating Geometry BVH common_daughter_room_wardrobe_01_door_f0_mesh 971/1536 | Building BVH
Fra:1 Mem:629.17M (Peak 629.33M) | Time:00:02.39 | Mem:263.30M, Peak:278.64M | Scene, ViewLayer | Updating Geometry BVH common_daughter_room_wardrobe_01_door_kn0_mesh 972/1536 | Building BVH
Fra:1 Mem:629.17M (Peak 629.33M) | Time:00:02.39 | Mem:263.33M, Peak:278.64M | Scene, ViewLayer | Updating Geometry BVH common_daughter_room_wardrobe_01_door_f1_mesh 973/1536 | Building BVH
Fra:1 Mem:629.17M (Peak 629.33M) | Time:00:02.39 | Mem:263.33M, Peak:278.64M | Scene, ViewLayer | Updating Geometry BVH common_daughter_room_wardrobe_01_door_kn1_mesh 974/1536 | Building BVH
Fra:1 Mem:629.17M (Peak 629.33M) | Time:00:02.39 | Mem:263.33M, Peak:278.64M | Scene, ViewLayer | Updating Geometry BVH common_daughter_room_wardrobe_01_door_f2_mesh 975/1536 | Building BVH
Fra:1 Mem:629.17M (Peak 629.33M) | Time:00:02.39 | Mem:263.35M, Peak:278.64M | Scene, ViewLayer | Updating Geometry BVH common_daughter_room_wardrobe_01_door_kn2_mesh 976/1536 | Building BVH
Fra:1 Mem:629.17M (Peak 629.33M) | Time:00:02.39 | Mem:263.36M, Peak:278.64M | Scene, ViewLayer | Updating Geometry BVH B_living_dining_balcony_dining_chair_04_leg11_mesh 1439/1536 | Building BVH
Fra:1 Mem:629.17M (Peak 629.33M) | Time:00:02.39 | Mem:263.39M, Peak:278.64M | Scene, ViewLayer | Updating Geometry BVH common_daughter_room_wardrobe_01_door_f3_mesh 977/1536 | Building BVH
Fra:1 Mem:629.17M (Peak 629.33M) | Time:00:02.39 | Mem:263.39M, Peak:278.64M | Scene, ViewLayer | Updating Geometry BVH common_daughter_room_wardrobe_02_body_mesh 979/1536 | Building BVH
Fra:1 Mem:629.17M (Peak 629.33M) | Time:00:02.39 | Mem:263.44M, Peak:278.64M | Scene, ViewLayer | Updating Geometry BVH common_daughter_room_wardrobe_02_door_gapbg_mesh 980/1536 | Building BVH
Fra:1 Mem:629.17M (Peak 629.33M) | Time:00:02.39 | Mem:263.45M, Peak:278.64M | Scene, ViewLayer | Updating Geometry BVH common_daughter_room_wardrobe_02_door_f0_mesh 981/1536 | Building BVH
Fra:1 Mem:629.17M (Peak 629.33M) | Time:00:02.39 | Mem:263.47M, Peak:278.64M | Scene, ViewLayer | Updating Geometry BVH common_daughter_room_wardrobe_02_door_kn0_mesh 982/1536 | Building BVH
Fra:1 Mem:629.17M (Peak 629.33M) | Time:00:02.39 | Mem:263.47M, Peak:278.64M | Scene, ViewLayer | Updating Geometry BVH common_daughter_room_wardrobe_02_door_f1_mesh 983/1536 | Building BVH
Fra:1 Mem:629.17M (Peak 629.33M) | Time:00:02.39 | Mem:263.47M, Peak:278.64M | Scene, ViewLayer | Updating Geometry BVH common_daughter_room_wardrobe_02_door_kn1_mesh 984/1536 | Building BVH
Fra:1 Mem:629.17M (Peak 629.33M) | Time:00:02.39 | Mem:263.49M, Peak:278.64M | Scene, ViewLayer | Updating Geometry BVH common_daughter_room_wardrobe_02_door_f2_mesh 985/1536 | Building BVH
Fra:1 Mem:629.17M (Peak 629.33M) | Time:00:02.39 | Mem:263.51M, Peak:278.64M | Scene, ViewLayer | Updating Geometry BVH common_daughter_room_wardrobe_02_door_kn2_mesh 986/1536 | Building BVH
Fra:1 Mem:629.17M (Peak 629.33M) | Time:00:02.39 | Mem:263.51M, Peak:278.64M | Scene, ViewLayer | Updating Geometry BVH common_daughter_room_bed_01_frame_mesh 987/1536 | Building BVH
Fra:1 Mem:629.17M (Peak 629.33M) | Time:00:02.39 | Mem:263.51M, Peak:278.64M | Scene, ViewLayer | Updating Geometry BVH common_daughter_room_bed_01_mattress_mesh 988/1536 | Building BVH
Fra:1 Mem:629.17M (Peak 629.33M) | Time:00:02.39 | Mem:263.51M, Peak:278.64M | Scene, ViewLayer | Updating Geometry BVH common_daughter_room_bed_01_duvet_mesh 990/1536 | Building BVH
Fra:1 Mem:629.17M (Peak 629.33M) | Time:00:02.39 | Mem:263.51M, Peak:278.64M | Scene, ViewLayer | Updating Geometry BVH common_daughter_room_bed_01_duvetdrop_mesh 991/1536 | Building BVH
Fra:1 Mem:629.17M (Peak 629.33M) | Time:00:02.39 | Mem:263.51M, Peak:278.64M | Scene, ViewLayer | Updating Geometry BVH common_daughter_room_bed_01_duvetdrop2_mesh 992/1536 | Building BVH
Fra:1 Mem:629.17M (Peak 629.33M) | Time:00:02.39 | Mem:263.53M, Peak:278.64M | Scene, ViewLayer | Updating Geometry BVH common_daughter_room_bed_01_pillow_acc_mesh 995/1536 | Building BVH
Fra:1 Mem:629.17M (Peak 629.33M) | Time:00:02.39 | Mem:263.54M, Peak:278.64M | Scene, ViewLayer | Updating Geometry BVH common_daughter_room_bed_01_throw_mesh 996/1536 | Building BVH
Fra:1 Mem:629.17M (Peak 629.33M) | Time:00:02.39 | Mem:263.56M, Peak:278.64M | Scene, ViewLayer | Updating Geometry BVH common_daughter_room_shelf_01_side1_mesh 998/1536 | Building BVH
Fra:1 Mem:629.17M (Peak 629.33M) | Time:00:02.39 | Mem:263.56M, Peak:278.64M | Scene, ViewLayer | Updating Geometry BVH B_living_dining_balcony_dining_chair_04_leg01_mesh.001 1438/1536 | Building BVH
Fra:1 Mem:629.17M (Peak 629.33M) | Time:00:02.39 | Mem:263.57M, Peak:278.64M | Scene, ViewLayer | Updating Geometry BVH common_daughter_room_shelf_01_top_mesh 999/1536 | Building BVH
Fra:1 Mem:629.17M (Peak 629.33M) | Time:00:02.39 | Mem:263.62M, Peak:278.64M | Scene, ViewLayer | Updating Geometry BVH common_daughter_room_shelf_01_sh1_mesh 1000/1536 | Building BVH
Fra:1 Mem:629.17M (Peak 629.33M) | Time:00:02.39 | Mem:263.71M, Peak:278.64M | Scene, ViewLayer | Updating Geometry BVH common_daughter_room_shelf_01_sh2_mesh 1001/1536 | Building BVH
Fra:1 Mem:629.17M (Peak 629.33M) | Time:00:02.39 | Mem:263.73M, Peak:278.64M | Scene, ViewLayer | Updating Geometry BVH common_daughter_room_desk_01_top_mesh 1002/1536 | Building BVH
Fra:1 Mem:629.17M (Peak 629.33M) | Time:00:02.39 | Mem:263.75M, Peak:278.64M | Scene, ViewLayer | Updating Geometry BVH common_daughter_room_desk_01_drawer_mesh 1003/1536 | Building BVH
Fra:1 Mem:629.17M (Peak 629.33M) | Time:00:02.39 | Mem:263.75M, Peak:278.64M | Scene, ViewLayer | Updating Geometry BVH common_daughter_room_desk_01_leg0_mesh 1004/1536 | Building BVH
Fra:1 Mem:629.17M (Peak 629.33M) | Time:00:02.39 | Mem:263.75M, Peak:278.64M | Scene, ViewLayer | Updating Geometry BVH common_daughter_room_desk_01_leg3_mesh 1007/1536 | Building BVH
Fra:1 Mem:629.17M (Peak 629.33M) | Time:00:02.39 | Mem:263.74M, Peak:278.64M | Scene, ViewLayer | Updating Geometry BVH common_daughter_room_chair_01_seat_mesh 1008/1536 | Building BVH
Fra:1 Mem:629.17M (Peak 629.33M) | Time:00:02.39 | Mem:263.74M, Peak:278.64M | Scene, ViewLayer | Updating Geometry BVH common_daughter_room_chair_01_back_mesh 1009/1536 | Building BVH
Fra:1 Mem:629.17M (Peak 629.33M) | Time:00:02.39 | Mem:263.74M, Peak:278.64M | Scene, ViewLayer | Updating Geometry BVH common_daughter_room_chair_01_post_mesh 1010/1536 | Building BVH
Fra:1 Mem:629.17M (Peak 629.33M) | Time:00:02.39 | Mem:263.75M, Peak:278.64M | Scene, ViewLayer | Updating Geometry BVH common_daughter_room_chair_01_base_mesh 1011/1536 | Building BVH
Fra:1 Mem:629.17M (Peak 629.33M) | Time:00:02.39 | Mem:263.76M, Peak:278.64M | Scene, ViewLayer | Updating Geometry BVH common_son_room_wardrobe_01_body_mesh 1012/1536 | Building BVH
Fra:1 Mem:629.17M (Peak 629.33M) | Time:00:02.39 | Mem:263.79M, Peak:278.64M | Scene, ViewLayer | Updating Geometry BVH common_son_room_wardrobe_01_slA_f0_mesh 1013/1536 | Building BVH
Fra:1 Mem:629.17M (Peak 629.33M) | Time:00:02.39 | Mem:263.86M, Peak:278.64M | Scene, ViewLayer | Updating Geometry BVH common_son_room_wardrobe_01_slA_f1_mesh 1014/1536 | Building BVH
Fra:1 Mem:629.17M (Peak 629.33M) | Time:00:02.40 | Mem:263.89M, Peak:278.64M | Scene, ViewLayer | Updating Geometry BVH common_son_room_wardrobe_01_slA_f2_mesh 1015/1536 | Building BVH
Fra:1 Mem:629.17M (Peak 629.33M) | Time:00:02.40 | Mem:263.89M, Peak:278.64M | Scene, ViewLayer | Updating Geometry BVH common_son_room_wardrobe_01_slB_f0_mesh 1016/1536 | Building BVH
Fra:1 Mem:629.17M (Peak 629.33M) | Time:00:02.40 | Mem:263.88M, Peak:278.64M | Scene, ViewLayer | Updating Geometry BVH common_son_room_wardrobe_01_slB_f1_mesh 1017/1536 | Building BVH
Fra:1 Mem:629.17M (Peak 629.33M) | Time:00:02.40 | Mem:263.89M, Peak:278.64M | Scene, ViewLayer | Updating Geometry BVH common_son_room_wardrobe_01_slB_f2_mesh 1018/1536 | Building BVH
Fra:1 Mem:629.17M (Peak 629.33M) | Time:00:02.40 | Mem:263.89M, Peak:278.64M | Scene, ViewLayer | Updating Geometry BVH common_son_room_bed_01_frame_mesh 1019/1536 | Building BVH
Fra:1 Mem:629.17M (Peak 629.33M) | Time:00:02.40 | Mem:263.91M, Peak:278.64M | Scene, ViewLayer | Updating Geometry BVH common_son_room_bed_01_mattress_mesh 1020/1536 | Building BVH
Fra:1 Mem:629.17M (Peak 629.33M) | Time:00:02.40 | Mem:263.93M, Peak:278.64M | Scene, ViewLayer | Updating Geometry BVH common_son_room_bed_01_headboard_mesh 1021/1536 | Building BVH
Fra:1 Mem:629.17M (Peak 629.33M) | Time:00:02.40 | Mem:263.96M, Peak:278.64M | Scene, ViewLayer | Updating Geometry BVH common_son_room_bed_01_duvet_mesh 1022/1536 | Building BVH
Fra:1 Mem:629.17M (Peak 629.33M) | Time:00:02.40 | Mem:264.01M, Peak:278.64M | Scene, ViewLayer | Updating Geometry BVH common_son_room_bed_01_duvetdrop_mesh 1023/1536 | Building BVH
Fra:1 Mem:629.17M (Peak 629.33M) | Time:00:02.40 | Mem:264.01M, Peak:278.64M | Scene, ViewLayer | Updating Geometry BVH common_son_room_bed_01_duvetdrop2_mesh 1024/1536 | Building BVH
Fra:1 Mem:629.17M (Peak 629.33M) | Time:00:02.40 | Mem:264.01M, Peak:278.64M | Scene, ViewLayer | Updating Geometry BVH common_son_room_bed_01_pillow1_mesh 1025/1536 | Building BVH
Fra:1 Mem:629.17M (Peak 629.33M) | Time:00:02.40 | Mem:264.02M, Peak:278.64M | Scene, ViewLayer | Updating Geometry BVH common_son_room_bed_01_pillow2_mesh 1026/1536 | Building BVH
Fra:1 Mem:629.17M (Peak 629.33M) | Time:00:02.40 | Mem:264.03M, Peak:278.64M | Scene, ViewLayer | Updating Geometry BVH common_son_room_bed_01_pillow_acc_mesh 1027/1536 | Building BVH
Fra:1 Mem:629.17M (Peak 629.33M) | Time:00:02.40 | Mem:264.09M, Peak:278.64M | Scene, ViewLayer | Updating Geometry BVH common_son_room_bed_01_throw_mesh 1028/1536 | Building BVH
Fra:1 Mem:629.17M (Peak 629.33M) | Time:00:02.40 | Mem:264.09M, Peak:278.64M | Scene, ViewLayer | Updating Geometry BVH B_living_dining_balcony_dining_chair_04_leg01_mesh 1437/1536 | Building BVH
Fra:1 Mem:629.17M (Peak 629.33M) | Time:00:02.40 | Mem:264.08M, Peak:278.64M | Scene, ViewLayer | Updating Geometry BVH common_son_room_desk_01_top_mesh 1029/1536 | Building BVH
Fra:1 Mem:629.17M (Peak 629.33M) | Time:00:02.40 | Mem:264.09M, Peak:278.64M | Scene, ViewLayer | Updating Geometry BVH common_son_room_desk_01_drawer_mesh 1030/1536 | Building BVH
Fra:1 Mem:629.17M (Peak 629.33M) | Time:00:02.40 | Mem:264.13M, Peak:278.64M | Scene, ViewLayer | Updating Geometry BVH common_son_room_desk_01_leg0_mesh 1031/1536 | Building BVH
Fra:1 Mem:629.17M (Peak 629.33M) | Time:00:02.40 | Mem:264.14M, Peak:278.64M | Scene, ViewLayer | Updating Geometry BVH common_son_room_desk_01_leg2_mesh 1033/1536 | Building BVH
Fra:1 Mem:629.17M (Peak 629.33M) | Time:00:02.40 | Mem:264.15M, Peak:278.64M | Scene, ViewLayer | Updating Geometry BVH common_son_room_desk_01_leg3_mesh 1034/1536 | Building BVH
Fra:1 Mem:629.17M (Peak 629.33M) | Time:00:02.40 | Mem:264.18M, Peak:278.64M | Scene, ViewLayer | Updating Geometry BVH common_son_room_shelf_01_side0_mesh 1035/1536 | Building BVH
Fra:1 Mem:629.17M (Peak 629.33M) | Time:00:02.40 | Mem:264.18M, Peak:278.64M | Scene, ViewLayer | Updating Geometry BVH common_son_room_shelf_01_side1_mesh 1036/1536 | Building BVH
Fra:1 Mem:629.17M (Peak 629.33M) | Time:00:02.40 | Mem:264.19M, Peak:278.64M | Scene, ViewLayer | Updating Geometry BVH common_son_room_shelf_01_sh1_mesh 1038/1536 | Building BVH
Fra:1 Mem:629.17M (Peak 629.33M) | Time:00:02.40 | Mem:264.19M, Peak:278.64M | Scene, ViewLayer | Updating Geometry BVH common_son_room_shelf_01_top_mesh 1037/1536 | Building BVH
Fra:1 Mem:629.17M (Peak 629.33M) | Time:00:02.40 | Mem:264.19M, Peak:278.64M | Scene, ViewLayer | Updating Geometry BVH common_son_room_chair_01_seat_mesh 1039/1536 | Building BVH
Fra:1 Mem:629.17M (Peak 629.33M) | Time:00:02.40 | Mem:264.20M, Peak:278.64M | Scene, ViewLayer | Updating Geometry BVH common_son_room_chair_01_back_mesh 1040/1536 | Building BVH
Fra:1 Mem:629.17M (Peak 629.33M) | Time:00:02.40 | Mem:264.21M, Peak:278.64M | Scene, ViewLayer | Updating Geometry BVH common_son_room_chair_01_base_mesh 1042/1536 | Building BVH
Fra:1 Mem:629.17M (Peak 629.33M) | Time:00:02.40 | Mem:264.27M, Peak:278.64M | Scene, ViewLayer | Updating Geometry BVH common_son_room_rug_01_pile_mesh 1043/1536 | Building BVH
Fra:1 Mem:629.17M (Peak 629.33M) | Time:00:02.40 | Mem:264.28M, Peak:278.64M | Scene, ViewLayer | Updating Geometry BVH fx_curt_master_sheer_mesh 1044/1536 | Building BVH
Fra:1 Mem:629.17M (Peak 629.33M) | Time:00:02.40 | Mem:264.27M, Peak:278.64M | Scene, ViewLayer | Updating Geometry BVH fx_curt_master_bo_w_mesh 1045/1536 | Building BVH
Fra:1 Mem:629.17M (Peak 629.33M) | Time:00:02.40 | Mem:264.29M, Peak:278.64M | Scene, ViewLayer | Updating Geometry BVH fx_curt_parents_sheer_mesh 1047/1536 | Building BVH
Fra:1 Mem:629.17M (Peak 629.33M) | Time:00:02.40 | Mem:264.31M, Peak:278.64M | Scene, ViewLayer | Updating Geometry BVH fx_curt_master_bo_e_mesh 1046/1536 | Building BVH
Fra:1 Mem:629.17M (Peak 629.33M) | Time:00:02.40 | Mem:264.33M, Peak:278.64M | Scene, ViewLayer | Updating Geometry BVH fx_curt_parents_roller_mesh 1048/1536 | Building BVH
Fra:1 Mem:629.17M (Peak 629.33M) | Time:00:02.40 | Mem:264.35M, Peak:278.64M | Scene, ViewLayer | Updating Geometry BVH fx_curt_daughter_sheer_mesh 1049/1536 | Building BVH
Fra:1 Mem:629.17M (Peak 629.33M) | Time:00:02.40 | Mem:264.35M, Peak:278.64M | Scene, ViewLayer | Updating Geometry BVH B_living_dining_balcony_dining_chair_04_back1_mesh 1436/1536 | Building BVH
Fra:1 Mem:629.17M (Peak 629.33M) | Time:00:02.40 | Mem:264.35M, Peak:278.64M | Scene, ViewLayer | Updating Geometry BVH fx_curt_daughter_bo_w_mesh 1050/1536 | Building BVH
Fra:1 Mem:629.17M (Peak 629.33M) | Time:00:02.40 | Mem:264.37M, Peak:278.64M | Scene, ViewLayer | Updating Geometry BVH fx_curt_daughter_bo_e_mesh 1051/1536 | Building BVH
Fra:1 Mem:629.17M (Peak 629.33M) | Time:00:02.40 | Mem:264.37M, Peak:278.64M | Scene, ViewLayer | Updating Geometry BVH fx_curt_son_bo_w_mesh 1053/1536 | Building BVH
Fra:1 Mem:629.17M (Peak 629.33M) | Time:00:02.40 | Mem:264.43M, Peak:278.64M | Scene, ViewLayer | Updating Geometry BVH fx_curt_son_bo_e_mesh 1054/1536 | Building BVH
Fra:1 Mem:629.17M (Peak 629.33M) | Time:00:02.40 | Mem:264.48M, Peak:278.64M | Scene, ViewLayer | Updating Geometry BVH fx_blind_mb_head_mesh 1055/1536 | Building BVH
Fra:1 Mem:629.17M (Peak 629.33M) | Time:00:02.40 | Mem:264.47M, Peak:278.64M | Scene, ViewLayer | Updating Geometry BVH fx_blind_mb_slats0_mesh 1056/1536 | Building BVH
Fra:1 Mem:629.17M (Peak 629.33M) | Time:00:02.40 | Mem:264.47M, Peak:278.64M | Scene, ViewLayer | Updating Geometry BVH fx_blind_mb_slats1_mesh 1057/1536 | Building BVH
Fra:1 Mem:629.17M (Peak 629.33M) | Time:00:02.40 | Mem:264.48M, Peak:278.64M | Scene, ViewLayer | Updating Geometry BVH B_living_dining_balcony_dining_chair_04_back0_mesh 1435/1536 | Building BVH
Fra:1 Mem:629.17M (Peak 629.33M) | Time:00:02.40 | Mem:264.48M, Peak:278.64M | Scene, ViewLayer | Updating Geometry BVH fx_blind_mb_slats2_mesh 1058/1536 | Building BVH
Fra:1 Mem:629.17M (Peak 629.33M) | Time:00:02.40 | Mem:264.48M, Peak:278.64M | Scene, ViewLayer | Updating Geometry BVH fx_blind_mb_slats3_mesh 1059/1536 | Building BVH
Fra:1 Mem:629.17M (Peak 629.33M) | Time:00:02.40 | Mem:264.50M, Peak:278.64M | Scene, ViewLayer | Updating Geometry BVH fx_blind_mb_slats4_mesh 1060/1536 | Building BVH
Fra:1 Mem:629.17M (Peak 629.33M) | Time:00:02.40 | Mem:264.51M, Peak:278.64M | Scene, ViewLayer | Updating Geometry BVH fx_wall_lamp0_mesh 1062/1536 | Building BVH
Fra:1 Mem:629.17M (Peak 629.33M) | Time:00:02.40 | Mem:264.53M, Peak:278.64M | Scene, ViewLayer | Updating Geometry BVH fx_wall_lamp0_sh_mesh 1063/1536 | Building BVH
Fra:1 Mem:629.17M (Peak 629.33M) | Time:00:02.40 | Mem:264.56M, Peak:278.64M | Scene, ViewLayer | Updating Geometry BVH fx_wall_lamp1_mesh 1064/1536 | Building BVH
Fra:1 Mem:629.17M (Peak 629.33M) | Time:00:02.40 | Mem:264.57M, Peak:278.64M | Scene, ViewLayer | Updating Geometry BVH fx_wall_lamp1_sh_mesh 1065/1536 | Building BVH
Fra:1 Mem:629.17M (Peak 629.33M) | Time:00:02.40 | Mem:264.57M, Peak:278.64M | Scene, ViewLayer | Updating Geometry BVH fx_wall_lamp2_mesh 1066/1536 | Building BVH
Fra:1 Mem:629.17M (Peak 629.33M) | Time:00:02.40 | Mem:264.59M, Peak:278.64M | Scene, ViewLayer | Updating Geometry BVH fx_wall_lamp2_sh_mesh 1067/1536 | Building BVH
Fra:1 Mem:629.17M (Peak 629.33M) | Time:00:02.40 | Mem:264.60M, Peak:278.64M | Scene, ViewLayer | Updating Geometry BVH fx_wall_lamp3_mesh 1068/1536 | Building BVH
Fra:1 Mem:629.17M (Peak 629.33M) | Time:00:02.40 | Mem:264.63M, Peak:278.64M | Scene, ViewLayer | Updating Geometry BVH fx_wall_lamp3_sh_mesh 1069/1536 | Building BVH
Fra:1 Mem:629.17M (Peak 629.33M) | Time:00:02.40 | Mem:264.66M, Peak:278.64M | Scene, ViewLayer | Updating Geometry BVH fx_foyer_jar_mesh 1070/1536 | Building BVH
Fra:1 Mem:629.17M (Peak 629.33M) | Time:00:02.40 | Mem:264.76M, Peak:278.64M | Scene, ViewLayer | Updating Geometry BVH fx_foyer_pic_mesh 1071/1536 | Building BVH
Fra:1 Mem:629.17M (Peak 629.33M) | Time:00:02.40 | Mem:264.77M, Peak:278.64M | Scene, ViewLayer | Updating Geometry BVH fx_kn_board_mesh 1072/1536 | Building BVH
Fra:1 Mem:629.17M (Peak 629.33M) | Time:00:02.40 | Mem:264.77M, Peak:278.64M | Scene, ViewLayer | Updating Geometry BVH fx_kn_oil_mesh 1073/1536 | Building BVH
Fra:1 Mem:629.17M (Peak 629.33M) | Time:00:02.40 | Mem:264.81M, Peak:278.64M | Scene, ViewLayer | Updating Geometry BVH B_living_dining_balcony_dining_chair_04_seat_mesh 1434/1536 | Building BVH
Fra:1 Mem:629.17M (Peak 629.33M) | Time:00:02.40 | Mem:264.81M, Peak:278.64M | Scene, ViewLayer | Updating Geometry BVH fx_kn_herb_mesh 1074/1536 | Building BVH
Fra:1 Mem:629.17M (Peak 629.33M) | Time:00:02.40 | Mem:264.81M, Peak:278.64M | Scene, ViewLayer | Updating Geometry BVH fx_kn_herb_leaf1_mesh 1075/1536 | Building BVH
Fra:1 Mem:629.17M (Peak 629.33M) | Time:00:02.40 | Mem:264.82M, Peak:278.64M | Scene, ViewLayer | Updating Geometry BVH fx_island_tray_mesh 1077/1536 | Building BVH
Fra:1 Mem:629.17M (Peak 629.33M) | Time:00:02.40 | Mem:264.87M, Peak:278.64M | Scene, ViewLayer | Updating Geometry BVH fx_bc_b0_0_mesh 1078/1536 | Building BVH
Fra:1 Mem:629.17M (Peak 629.33M) | Time:00:02.40 | Mem:264.87M, Peak:278.64M | Scene, ViewLayer | Updating Geometry BVH B_living_dining_balcony_dining_chair_03_leg11_mesh.001 1433/1536 | Building BVH
Fra:1 Mem:629.17M (Peak 629.33M) | Time:00:02.40 | Mem:264.88M, Peak:278.64M | Scene, ViewLayer | Updating Geometry BVH fx_bc_b0_2_mesh 1080/1536 | Building BVH
Fra:1 Mem:629.17M (Peak 629.33M) | Time:00:02.40 | Mem:264.88M, Peak:278.64M | Scene, ViewLayer | Updating Geometry BVH fx_bc_b0_4_mesh 1082/1536 | Building BVH
Fra:1 Mem:629.17M (Peak 629.33M) | Time:00:02.40 | Mem:264.88M, Peak:278.64M | Scene, ViewLayer | Updating Geometry BVH fx_bc_b0f_1_mesh 1084/1536 | Building BVH
Fra:1 Mem:629.17M (Peak 629.33M) | Time:00:02.40 | Mem:264.86M, Peak:278.64M | Scene, ViewLayer | Updating Geometry BVH fx_bc_potneck_mesh 1086/1536 | Building BVH
Fra:1 Mem:629.17M (Peak 629.33M) | Time:00:02.40 | Mem:264.85M, Peak:278.64M | Scene, ViewLayer | Updating Geometry BVH fx_bc_frame_mesh 1088/1536 | Building BVH
Fra:1 Mem:629.17M (Peak 629.33M) | Time:00:02.40 | Mem:264.96M, Peak:278.64M | Scene, ViewLayer | Updating Geometry BVH fx_bc_framein_mesh 1089/1536 | Building BVH
Fra:1 Mem:629.17M (Peak 629.33M) | Time:00:02.40 | Mem:264.96M, Peak:278.64M | Scene, ViewLayer | Updating Geometry BVH fx_bc_rec0_mesh 1090/1536 | Building BVH
Fra:1 Mem:629.17M (Peak 629.33M) | Time:00:02.40 | Mem:264.96M, Peak:278.64M | Scene, ViewLayer | Updating Geometry BVH fx_bc_rec2_mesh 1092/1536 | Building BVH
Fra:1 Mem:629.17M (Peak 629.33M) | Time:00:02.40 | Mem:264.99M, Peak:278.64M | Scene, ViewLayer | Updating Geometry BVH fx_bc_recstand_mesh 1093/1536 | Building BVH
Fra:1 Mem:629.17M (Peak 629.33M) | Time:00:02.40 | Mem:265.01M, Peak:278.64M | Scene, ViewLayer | Updating Geometry BVH fx_bc_b3_0_mesh 1094/1536 | Building BVH
Fra:1 Mem:629.17M (Peak 629.33M) | Time:00:02.40 | Mem:265.01M, Peak:278.64M | Scene, ViewLayer | Updating Geometry BVH fx_bc_b3_1_mesh 1095/1536 | Building BVH
Fra:1 Mem:629.17M (Peak 629.33M) | Time:00:02.40 | Mem:265.01M, Peak:278.64M | Scene, ViewLayer | Updating Geometry BVH fx_bc_b3_2_mesh 1096/1536 | Building BVH
Fra:1 Mem:629.17M (Peak 629.33M) | Time:00:02.40 | Mem:265.01M, Peak:278.64M | Scene, ViewLayer | Updating Geometry BVH fx_bc_jar3_mesh 1097/1536 | Building BVH
Fra:1 Mem:629.17M (Peak 629.33M) | Time:00:02.40 | Mem:265.01M, Peak:278.64M | Scene, ViewLayer | Updating Geometry BVH fx_bc_g0_0_mesh 1099/1536 | Building BVH
Fra:1 Mem:629.17M (Peak 629.33M) | Time:00:02.41 | Mem:265.02M, Peak:278.64M | Scene, ViewLayer | Updating Geometry BVH fx_bc_g0_1_mesh 1100/1536 | Building BVH
Fra:1 Mem:629.17M (Peak 629.33M) | Time:00:02.41 | Mem:265.02M, Peak:278.64M | Scene, ViewLayer | Updating Geometry BVH fx_bc_g0_2_mesh 1101/1536 | Building BVH
Fra:1 Mem:629.17M (Peak 629.33M) | Time:00:02.41 | Mem:265.02M, Peak:278.64M | Scene, ViewLayer | Updating Geometry BVH fx_bc_gpot_mesh 1102/1536 | Building BVH
Fra:1 Mem:629.17M (Peak 629.33M) | Time:00:02.41 | Mem:265.03M, Peak:278.64M | Scene, ViewLayer | Updating Geometry BVH B_living_dining_balcony_dining_chair_03_leg11_mesh 1432/1536 | Building BVH
Fra:1 Mem:629.17M (Peak 629.33M) | Time:00:02.41 | Mem:265.03M, Peak:278.64M | Scene, ViewLayer | Updating Geometry BVH fx_bc_g1_0_mesh 1103/1536 | Building BVH
Fra:1 Mem:629.17M (Peak 629.33M) | Time:00:02.41 | Mem:265.05M, Peak:278.64M | Scene, ViewLayer | Updating Geometry BVH fx_bc_g1_1_mesh 1104/1536 | Building BVH
Fra:1 Mem:629.17M (Peak 629.33M) | Time:00:02.41 | Mem:265.23M, Peak:278.64M | Scene, ViewLayer | Updating Geometry BVH fx_bc_g1_2_mesh 1105/1536 | Building BVH
Fra:1 Mem:629.17M (Peak 629.33M) | Time:00:02.41 | Mem:265.23M, Peak:278.64M | Scene, ViewLayer | Updating Geometry BVH fx_bc_g1_3_mesh 1106/1536 | Building BVH
Fra:1 Mem:629.17M (Peak 629.33M) | Time:00:02.41 | Mem:265.26M, Peak:278.64M | Scene, ViewLayer | Updating Geometry BVH fx_bc_gpot2_mesh 1107/1536 | Building BVH
Fra:1 Mem:629.17M (Peak 629.33M) | Time:00:02.41 | Mem:265.26M, Peak:278.64M | Scene, ViewLayer | Updating Geometry BVH fx_desk_book0_mesh 1108/1536 | Building BVH
Fra:1 Mem:629.17M (Peak 629.33M) | Time:00:02.41 | Mem:265.26M, Peak:278.64M | Scene, ViewLayer | Updating Geometry BVH fx_fiddle_pot_mesh 1110/1536 | Building BVH
Fra:1 Mem:629.17M (Peak 629.33M) | Time:00:02.41 | Mem:265.26M, Peak:278.64M | Scene, ViewLayer | Updating Geometry BVH fx_desk_book1_mesh 1109/1536 | Building BVH
Fra:1 Mem:629.17M (Peak 629.33M) | Time:00:02.41 | Mem:265.26M, Peak:278.64M | Scene, ViewLayer | Updating Geometry BVH fx_fiddle_stem_mesh 1111/1536 | Building BVH
Fra:1 Mem:629.17M (Peak 629.33M) | Time:00:02.41 | Mem:265.26M, Peak:278.64M | Scene, ViewLayer | Updating Geometry BVH fx_fiddle_leaf0_mesh 1112/1536 | Building BVH
Fra:1 Mem:629.17M (Peak 629.33M) | Time:00:02.41 | Mem:265.26M, Peak:278.64M | Scene, ViewLayer | Updating Geometry BVH fx_fiddle_leaf1_mesh 1113/1536 | Building BVH
Fra:1 Mem:629.17M (Peak 629.33M) | Time:00:02.41 | Mem:265.30M, Peak:278.64M | Scene, ViewLayer | Updating Geometry BVH fx_fiddle_leaf2_mesh 1114/1536 | Building BVH
Fra:1 Mem:629.17M (Peak 629.33M) | Time:00:02.41 | Mem:265.32M, Peak:278.64M | Scene, ViewLayer | Updating Geometry BVH fx_fiddle_leaf3_mesh 1115/1536 | Building BVH
Fra:1 Mem:629.17M (Peak 629.33M) | Time:00:02.41 | Mem:265.32M, Peak:278.64M | Scene, ViewLayer | Updating Geometry BVH fx_fiddle_leaf4_mesh 1116/1536 | Building BVH
Fra:1 Mem:629.17M (Peak 629.33M) | Time:00:02.41 | Mem:265.35M, Peak:278.64M | Scene, ViewLayer | Updating Geometry BVH fx_fiddle_leaf5_mesh 1117/1536 | Building BVH
Fra:1 Mem:629.17M (Peak 629.33M) | Time:00:02.41 | Mem:265.35M, Peak:278.64M | Scene, ViewLayer | Updating Geometry BVH fx_fiddle_leaf6_mesh 1118/1536 | Building BVH
Fra:1 Mem:629.17M (Peak 629.33M) | Time:00:02.41 | Mem:265.33M, Peak:278.64M | Scene, ViewLayer | Updating Geometry BVH f1_shoe_body_mesh 1119/1536 | Building BVH
Fra:1 Mem:629.17M (Peak 629.33M) | Time:00:02.41 | Mem:265.33M, Peak:278.64M | Scene, ViewLayer | Updating Geometry BVH B_living_dining_balcony_dining_chair_03_leg01_mesh.001 1431/1536 | Building BVH
Fra:1 Mem:629.17M (Peak 629.33M) | Time:00:02.41 | Mem:265.34M, Peak:278.64M | Scene, ViewLayer | Updating Geometry BVH f1_shoe_side_s_mesh 1120/1536 | Building BVH
Fra:1 Mem:629.18M (Peak 629.33M) | Time:00:02.41 | Mem:265.34M, Peak:278.64M | Scene, ViewLayer | Updating Geometry BVH f1_shoe_side_n_mesh 1121/1536 | Building BVH
Fra:1 Mem:629.18M (Peak 629.33M) | Time:00:02.41 | Mem:265.35M, Peak:278.64M | Scene, ViewLayer | Updating Geometry BVH f1_shoe_lo_door_gapbg_mesh 1122/1536 | Building BVH
Fra:1 Mem:629.18M (Peak 629.33M) | Time:00:02.41 | Mem:265.34M, Peak:278.64M | Scene, ViewLayer | Updating Geometry BVH f1_shoe_lo_door_f0r_mesh 1124/1536 | Building BVH
Fra:1 Mem:629.18M (Peak 629.33M) | Time:00:02.41 | Mem:265.35M, Peak:278.64M | Scene, ViewLayer | Updating Geometry BVH f1_shoe_lo_door_f0l_mesh 1123/1536 | Building BVH
Fra:1 Mem:629.18M (Peak 629.33M) | Time:00:02.41 | Mem:265.35M, Peak:278.64M | Scene, ViewLayer | Updating Geometry BVH f1_shoe_lo_door_f0b_mesh 1125/1536 | Building BVH
Fra:1 Mem:629.18M (Peak 629.33M) | Time:00:02.41 | Mem:265.37M, Peak:278.64M | Scene, ViewLayer | Updating Geometry BVH f1_shoe_lo_door_f0t_mesh 1126/1536 | Building BVH
Fra:1 Mem:629.18M (Peak 629.33M) | Time:00:02.41 | Mem:265.39M, Peak:278.64M | Scene, ViewLayer | Updating Geometry BVH f1_shoe_lo_door_f0c_mesh 1127/1536 | Building BVH
Fra:1 Mem:629.18M (Peak 629.33M) | Time:00:02.41 | Mem:265.43M, Peak:278.64M | Scene, ViewLayer | Updating Geometry BVH f1_shoe_lo_door_p0_mesh 1128/1536 | Building BVH
Fra:1 Mem:629.18M (Peak 629.33M) | Time:00:02.41 | Mem:265.46M, Peak:278.64M | Scene, ViewLayer | Updating Geometry BVH f1_shoe_hi_door_gapbg_mesh 1129/1536 | Building BVH
Fra:1 Mem:629.18M (Peak 629.33M) | Time:00:02.41 | Mem:265.48M, Peak:278.64M | Scene, ViewLayer | Updating Geometry BVH f1_shoe_hi_door_f0l_mesh 1130/1536 | Building BVH
Fra:1 Mem:629.18M (Peak 629.33M) | Time:00:02.41 | Mem:265.52M, Peak:278.64M | Scene, ViewLayer | Updating Geometry BVH f1_shoe_hi_door_f0r_mesh 1131/1536 | Building BVH
Fra:1 Mem:629.18M (Peak 629.33M) | Time:00:02.41 | Mem:265.52M, Peak:278.64M | Scene, ViewLayer | Updating Geometry BVH f1_shoe_hi_door_f0b_mesh 1132/1536 | Building BVH
Fra:1 Mem:629.18M (Peak 629.33M) | Time:00:02.41 | Mem:265.53M, Peak:278.64M | Scene, ViewLayer | Updating Geometry BVH f1_shoe_hi_door_f0t_mesh 1133/1536 | Building BVH
Fra:1 Mem:629.18M (Peak 629.33M) | Time:00:02.41 | Mem:265.54M, Peak:278.64M | Scene, ViewLayer | Updating Geometry BVH f1_shoe_hi_door_f0c_mesh 1134/1536 | Building BVH
Fra:1 Mem:629.18M (Peak 629.33M) | Time:00:02.41 | Mem:265.56M, Peak:278.64M | Scene, ViewLayer | Updating Geometry BVH f1_shoe_hi_door_p0_mesh 1135/1536 | Building BVH
Fra:1 Mem:629.18M (Peak 629.33M) | Time:00:02.41 | Mem:265.58M, Peak:278.64M | Scene, ViewLayer | Updating Geometry BVH f1_shoe_niche_b_mesh 1136/1536 | Building BVH
Fra:1 Mem:629.18M (Peak 629.33M) | Time:00:02.41 | Mem:265.60M, Peak:278.64M | Scene, ViewLayer | Updating Geometry BVH f1_shoe_niche_t_mesh 1137/1536 | Building BVH
Fra:1 Mem:629.18M (Peak 629.33M) | Time:00:02.41 | Mem:265.60M, Peak:278.64M | Scene, ViewLayer | Updating Geometry BVH f1_shoe_niche_back_mesh 1138/1536 | Building BVH
Fra:1 Mem:629.18M (Peak 629.33M) | Time:00:02.41 | Mem:265.61M, Peak:278.64M | Scene, ViewLayer | Updating Geometry BVH f1_elc_body_mesh 1140/1536 | Building BVH
Fra:1 Mem:629.18M (Peak 629.33M) | Time:00:02.41 | Mem:265.61M, Peak:278.64M | Scene, ViewLayer | Updating Geometry BVH f1_elc_lo_door_gapbg_mesh 1141/1536 | Building BVH
Fra:1 Mem:629.18M (Peak 629.33M) | Time:00:02.41 | Mem:265.62M, Peak:278.64M | Scene, ViewLayer | Updating Geometry BVH f1_elc_lo_door_f0l_mesh 1142/1536 | Building BVH
Fra:1 Mem:629.18M (Peak 629.33M) | Time:00:02.41 | Mem:265.63M, Peak:278.64M | Scene, ViewLayer | Updating Geometry BVH f1_elc_lo_door_f0r_mesh 1143/1536 | Building BVH
Fra:1 Mem:629.18M (Peak 629.33M) | Time:00:02.41 | Mem:265.63M, Peak:278.64M | Scene, ViewLayer | Updating Geometry BVH f1_elc_lo_door_f0t_mesh 1145/1536 | Building BVH
Fra:1 Mem:629.18M (Peak 629.33M) | Time:00:02.41 | Mem:265.64M, Peak:278.64M | Scene, ViewLayer | Updating Geometry BVH B_living_dining_balcony_dining_chair_03_leg01_mesh 1430/1536 | Building BVH
Fra:1 Mem:629.18M (Peak 629.33M) | Time:00:02.41 | Mem:265.65M, Peak:278.64M | Scene, ViewLayer | Updating Geometry BVH f1_elc_lo_door_f0c_mesh 1146/1536 | Building BVH
Fra:1 Mem:629.18M (Peak 629.33M) | Time:00:02.41 | Mem:265.66M, Peak:278.64M | Scene, ViewLayer | Updating Geometry BVH f1_elc_lo_door_p0_mesh 1147/1536 | Building BVH
Fra:1 Mem:629.18M (Peak 629.33M) | Time:00:02.41 | Mem:265.69M, Peak:278.64M | Scene, ViewLayer | Updating Geometry BVH f1_elc_lo_door_f1l_mesh 1148/1536 | Building BVH
Fra:1 Mem:629.18M (Peak 629.33M) | Time:00:02.41 | Mem:265.75M, Peak:278.64M | Scene, ViewLayer | Updating Geometry BVH f1_elc_lo_door_f1r_mesh 1149/1536 | Building BVH
Fra:1 Mem:629.18M (Peak 629.33M) | Time:00:02.41 | Mem:265.75M, Peak:278.64M | Scene, ViewLayer | Updating Geometry BVH f1_elc_lo_door_f1b_mesh 1150/1536 | Building BVH
Fra:1 Mem:629.18M (Peak 629.33M) | Time:00:02.41 | Mem:265.75M, Peak:278.64M | Scene, ViewLayer | Updating Geometry BVH f1_elc_lo_door_f1t_mesh 1151/1536 | Building BVH
Fra:1 Mem:629.18M (Peak 629.33M) | Time:00:02.41 | Mem:265.75M, Peak:278.64M | Scene, ViewLayer | Updating Geometry BVH f1_elc_lo_door_p1_mesh 1153/1536 | Building BVH
Fra:1 Mem:629.18M (Peak 629.33M) | Time:00:02.41 | Mem:265.76M, Peak:278.64M | Scene, ViewLayer | Updating Geometry BVH f1_elc_lo_door_f2l_mesh 1154/1536 | Building BVH
Fra:1 Mem:629.18M (Peak 629.33M) | Time:00:02.41 | Mem:265.77M, Peak:278.64M | Scene, ViewLayer | Updating Geometry BVH f1_elc_lo_door_f2b_mesh 1156/1536 | Building BVH
Fra:1 Mem:629.18M (Peak 629.33M) | Time:00:02.41 | Mem:265.77M, Peak:278.64M | Scene, ViewLayer | Updating Geometry BVH f1_elc_lo_door_f2t_mesh 1157/1536 | Building BVH
Fra:1 Mem:629.18M (Peak 629.33M) | Time:00:02.41 | Mem:265.86M, Peak:278.64M | Scene, ViewLayer | Updating Geometry BVH f1_elc_lo_door_f2c_mesh 1158/1536 | Building BVH
Fra:1 Mem:629.18M (Peak 629.33M) | Time:00:02.41 | Mem:265.86M, Peak:278.64M | Scene, ViewLayer | Updating Geometry BVH f1_elc_lo_door_p2_mesh 1159/1536 | Building BVH
Fra:1 Mem:629.18M (Peak 629.33M) | Time:00:02.41 | Mem:265.89M, Peak:278.64M | Scene, ViewLayer | Updating Geometry BVH B_living_dining_balcony_dining_chair_03_back1_mesh 1429/1536 | Building BVH
Fra:1 Mem:629.18M (Peak 629.33M) | Time:00:02.41 | Mem:265.89M, Peak:278.64M | Scene, ViewLayer | Updating Geometry BVH f1_elc_hi_door_gapbg_mesh 1160/1536 | Building BVH
Fra:1 Mem:629.18M (Peak 629.33M) | Time:00:02.41 | Mem:265.89M, Peak:278.64M | Scene, ViewLayer | Updating Geometry BVH f1_elc_hi_door_f0l_mesh 1161/1536 | Building BVH
Fra:1 Mem:629.18M (Peak 629.33M) | Time:00:02.41 | Mem:265.92M, Peak:278.64M | Scene, ViewLayer | Updating Geometry BVH f1_elc_hi_door_f0r_mesh 1162/1536 | Building BVH
Fra:1 Mem:629.18M (Peak 629.33M) | Time:00:02.41 | Mem:265.95M, Peak:278.64M | Scene, ViewLayer | Updating Geometry BVH f1_elc_hi_door_f0b_mesh 1163/1536 | Building BVH
Fra:1 Mem:629.18M (Peak 629.33M) | Time:00:02.41 | Mem:265.97M, Peak:278.64M | Scene, ViewLayer | Updating Geometry BVH f1_elc_hi_door_f0t_mesh 1164/1536 | Building BVH
Fra:1 Mem:629.18M (Peak 629.33M) | Time:00:02.41 | Mem:266.00M, Peak:278.64M | Scene, ViewLayer | Updating Geometry BVH f1_elc_hi_door_f0c_mesh 1165/1536 | Building BVH
Fra:1 Mem:629.18M (Peak 629.33M) | Time:00:02.41 | Mem:266.02M, Peak:278.64M | Scene, ViewLayer | Updating Geometry BVH B_living_dining_balcony_dining_chair_03_back0_mesh 1428/1536 | Building BVH
Fra:1 Mem:629.18M (Peak 629.33M) | Time:00:02.41 | Mem:266.02M, Peak:278.64M | Scene, ViewLayer | Updating Geometry BVH f1_elc_hi_door_p0_mesh 1166/1536 | Building BVH
Fra:1 Mem:629.18M (Peak 629.33M) | Time:00:02.41 | Mem:266.03M, Peak:278.64M | Scene, ViewLayer | Updating Geometry BVH f1_elc_hi_door_f1l_mesh 1167/1536 | Building BVH
Fra:1 Mem:629.18M (Peak 629.33M) | Time:00:02.41 | Mem:266.03M, Peak:278.64M | Scene, ViewLayer | Updating Geometry BVH f1_elc_hi_door_f1r_mesh 1168/1536 | Building BVH
Fra:1 Mem:629.18M (Peak 629.33M) | Time:00:02.41 | Mem:266.04M, Peak:278.64M | Scene, ViewLayer | Updating Geometry BVH f1_elc_hi_door_f1b_mesh 1169/1536 | Building BVH
Fra:1 Mem:629.18M (Peak 629.33M) | Time:00:02.41 | Mem:266.03M, Peak:278.64M | Scene, ViewLayer | Updating Geometry BVH f1_elc_hi_door_f1t_mesh 1170/1536 | Building BVH
Fra:1 Mem:629.18M (Peak 629.33M) | Time:00:02.41 | Mem:266.04M, Peak:278.64M | Scene, ViewLayer | Updating Geometry BVH f1_elc_hi_door_f2l_mesh 1173/1536 | Building BVH
Fra:1 Mem:629.18M (Peak 629.33M) | Time:00:02.41 | Mem:266.04M, Peak:278.64M | Scene, ViewLayer | Updating Geometry BVH f1_elc_hi_door_f2r_mesh 1174/1536 | Building BVH
Fra:1 Mem:629.18M (Peak 629.33M) | Time:00:02.41 | Mem:266.05M, Peak:278.64M | Scene, ViewLayer | Updating Geometry BVH f1_elc_hi_door_f2b_mesh 1175/1536 | Building BVH
Fra:1 Mem:629.18M (Peak 629.33M) | Time:00:02.41 | Mem:266.05M, Peak:278.64M | Scene, ViewLayer | Updating Geometry BVH f1_elc_hi_door_f2t_mesh 1176/1536 | Building BVH
Fra:1 Mem:629.18M (Peak 629.33M) | Time:00:02.41 | Mem:266.06M, Peak:278.64M | Scene, ViewLayer | Updating Geometry BVH f1_elc_hi_door_f2c_mesh 1177/1536 | Building BVH
Fra:1 Mem:629.18M (Peak 629.33M) | Time:00:02.41 | Mem:266.07M, Peak:278.64M | Scene, ViewLayer | Updating Geometry BVH f1_elc_hi_door_p2_mesh 1178/1536 | Building BVH
Fra:1 Mem:629.18M (Peak 629.33M) | Time:00:02.41 | Mem:266.14M, Peak:278.64M | Scene, ViewLayer | Updating Geometry BVH f1_elc_plinth_mesh 1179/1536 | Building BVH
Fra:1 Mem:629.18M (Peak 629.33M) | Time:00:02.41 | Mem:266.17M, Peak:278.64M | Scene, ViewLayer | Updating Geometry BVH f1_bench_leg0_mesh 1180/1536 | Building BVH
Fra:1 Mem:629.18M (Peak 629.33M) | Time:00:02.41 | Mem:266.18M, Peak:278.64M | Scene, ViewLayer | Updating Geometry BVH f1_bench_leg1_mesh 1181/1536 | Building BVH
Fra:1 Mem:629.18M (Peak 629.33M) | Time:00:02.41 | Mem:266.21M, Peak:278.64M | Scene, ViewLayer | Updating Geometry BVH f1_bench_leg2_mesh 1182/1536 | Building BVH
Fra:1 Mem:629.18M (Peak 629.33M) | Time:00:02.41 | Mem:266.22M, Peak:278.64M | Scene, ViewLayer | Updating Geometry BVH f1_bench_leg3_mesh 1183/1536 | Building BVH
Fra:1 Mem:629.18M (Peak 629.33M) | Time:00:02.41 | Mem:266.27M, Peak:278.64M | Scene, ViewLayer | Updating Geometry BVH f1_bench_seat_mesh 1184/1536 | Building BVH
Fra:1 Mem:629.18M (Peak 629.33M) | Time:00:02.41 | Mem:266.27M, Peak:278.64M | Scene, ViewLayer | Updating Geometry BVH fx_lamp_dau_stem_mesh 1188/1536 | Building BVH
Fra:1 Mem:629.18M (Peak 629.33M) | Time:00:02.42 | Mem:266.27M, Peak:278.64M | Scene, ViewLayer | Updating Geometry BVH fx_lamp_dau_head_mesh 1189/1536 | Building BVH
Fra:1 Mem:629.18M (Peak 629.33M) | Time:00:02.42 | Mem:266.28M, Peak:278.64M | Scene, ViewLayer | Updating Geometry BVH fx_lamp_dau_bulb_mesh 1190/1536 | Building BVH
Fra:1 Mem:629.18M (Peak 629.33M) | Time:00:02.42 | Mem:266.36M, Peak:278.64M | Scene, ViewLayer | Updating Geometry BVH fx_lamp_son_base_mesh 1191/1536 | Building BVH
Fra:1 Mem:629.18M (Peak 629.33M) | Time:00:02.42 | Mem:266.36M, Peak:278.64M | Scene, ViewLayer | Updating Geometry BVH fx_lamp_son_stem_mesh 1192/1536 | Building BVH
Fra:1 Mem:629.18M (Peak 629.33M) | Time:00:02.42 | Mem:266.36M, Peak:278.64M | Scene, ViewLayer | Updating Geometry BVH fx_lamp_son_head_mesh 1193/1536 | Building BVH
Fra:1 Mem:629.18M (Peak 629.33M) | Time:00:02.42 | Mem:266.36M, Peak:278.64M | Scene, ViewLayer | Updating Geometry BVH fx_lamp_son_bulb_mesh 1194/1536 | Building BVH
Fra:1 Mem:629.18M (Peak 629.33M) | Time:00:02.42 | Mem:266.38M, Peak:278.64M | Scene, ViewLayer | Updating Geometry BVH f1_grab_v_mesh 1195/1536 | Building BVH
Fra:1 Mem:629.18M (Peak 629.33M) | Time:00:02.42 | Mem:266.41M, Peak:278.64M | Scene, ViewLayer | Updating Geometry BVH f1_grab_h_mesh 1196/1536 | Building BVH
Fra:1 Mem:629.18M (Peak 629.33M) | Time:00:02.42 | Mem:266.41M, Peak:278.64M | Scene, ViewLayer | Updating Geometry BVH f1_fold_seat_mesh 1197/1536 | Building BVH
Fra:1 Mem:629.18M (Peak 629.33M) | Time:00:02.42 | Mem:266.42M, Peak:278.64M | Scene, ViewLayer | Updating Geometry BVH f1_fold_brk_mesh 1198/1536 | Building BVH
Fra:1 Mem:629.18M (Peak 629.33M) | Time:00:02.42 | Mem:266.46M, Peak:278.64M | Scene, ViewLayer | Updating Geometry BVH f1_bar_v_mesh 1199/1536 | Building BVH
Fra:1 Mem:629.18M (Peak 629.33M) | Time:00:02.42 | Mem:266.48M, Peak:278.64M | Scene, ViewLayer | Updating Geometry BVH f1_waterbar_mesh 1200/1536 | Building BVH
Fra:1 Mem:629.18M (Peak 629.33M) | Time:00:02.42 | Mem:266.48M, Peak:278.64M | Scene, ViewLayer | Updating Geometry BVH B_living_dining_balcony_dining_chair_03_seat_mesh 1427/1536 | Building BVH
Fra:1 Mem:629.18M (Peak 629.33M) | Time:00:02.42 | Mem:266.48M, Peak:278.64M | Scene, ViewLayer | Updating Geometry BVH f1_floorlt0_mesh 1201/1536 | Building BVH
Fra:1 Mem:629.18M (Peak 629.33M) | Time:00:02.42 | Mem:266.48M, Peak:278.64M | Scene, ViewLayer | Updating Geometry BVH f1_floorlt2_mesh 1203/1536 | Building BVH
Fra:1 Mem:629.18M (Peak 629.33M) | Time:00:02.42 | Mem:266.48M, Peak:278.64M | Scene, ViewLayer | Updating Geometry BVH lt_sun 1204/1536 | Building BVH
Fra:1 Mem:629.18M (Peak 629.33M) | Time:00:02.42 | Mem:266.54M, Peak:278.64M | Scene, ViewLayer | Updating Geometry BVH lt_spot_liv00 1205/1536 | Building BVH
Fra:1 Mem:629.18M (Peak 629.33M) | Time:00:02.42 | Mem:266.54M, Peak:278.64M | Scene, ViewLayer | Updating Geometry BVH lt_spot_liv01 1206/1536 | Building BVH
Fra:1 Mem:629.18M (Peak 629.33M) | Time:00:02.42 | Mem:266.54M, Peak:278.64M | Scene, ViewLayer | Updating Geometry BVH B_living_dining_balcony_dining_chair_02_leg11_mesh.001 1426/1536 | Building BVH
Fra:1 Mem:629.18M (Peak 629.33M) | Time:00:02.42 | Mem:266.54M, Peak:278.64M | Scene, ViewLayer | Updating Geometry BVH lt_spot_liv02 1207/1536 | Building BVH
Fra:1 Mem:629.18M (Peak 629.33M) | Time:00:02.42 | Mem:266.54M, Peak:278.64M | Scene, ViewLayer | Updating Geometry BVH lt_spot_liv03 1208/1536 | Building BVH
Fra:1 Mem:629.18M (Peak 629.33M) | Time:00:02.42 | Mem:266.55M, Peak:278.64M | Scene, ViewLayer | Updating Geometry BVH lt_spot_liv04 1209/1536 | Building BVH
Fra:1 Mem:629.18M (Peak 629.33M) | Time:00:02.42 | Mem:266.56M, Peak:278.64M | Scene, ViewLayer | Updating Geometry BVH lt_spot_liv06 1211/1536 | Building BVH
Fra:1 Mem:629.18M (Peak 629.33M) | Time:00:02.42 | Mem:266.57M, Peak:278.64M | Scene, ViewLayer | Updating Geometry BVH lt_spot_liv07 1212/1536 | Building BVH
Fra:1 Mem:629.18M (Peak 629.33M) | Time:00:02.42 | Mem:266.59M, Peak:278.64M | Scene, ViewLayer | Updating Geometry BVH lt_spot_liv08 1213/1536 | Building BVH
Fra:1 Mem:629.18M (Peak 629.33M) | Time:00:02.42 | Mem:266.59M, Peak:278.64M | Scene, ViewLayer | Updating Geometry BVH lt_spot_liv09 1214/1536 | Building BVH
Fra:1 Mem:629.18M (Peak 629.33M) | Time:00:02.42 | Mem:266.59M, Peak:278.64M | Scene, ViewLayer | Updating Geometry BVH lt_spot_liv10 1215/1536 | Building BVH
Fra:1 Mem:629.18M (Peak 629.33M) | Time:00:02.42 | Mem:266.59M, Peak:278.64M | Scene, ViewLayer | Updating Geometry BVH lt_spot_liv11 1216/1536 | Building BVH
Fra:1 Mem:629.18M (Peak 629.33M) | Time:00:02.42 | Mem:266.59M, Peak:278.64M | Scene, ViewLayer | Updating Geometry BVH lt_spot_liv12 1217/1536 | Building BVH
Fra:1 Mem:629.18M (Peak 629.33M) | Time:00:02.42 | Mem:266.59M, Peak:278.64M | Scene, ViewLayer | Updating Geometry BVH lt_spot_liv13 1218/1536 | Building BVH
Fra:1 Mem:629.18M (Peak 629.33M) | Time:00:02.42 | Mem:266.60M, Peak:278.64M | Scene, ViewLayer | Updating Geometry BVH lt_spot_liv15 1220/1536 | Building BVH
Fra:1 Mem:629.18M (Peak 629.33M) | Time:00:02.42 | Mem:266.61M, Peak:278.64M | Scene, ViewLayer | Updating Geometry BVH lt_spot_liv16 1221/1536 | Building BVH
Fra:1 Mem:629.18M (Peak 629.33M) | Time:00:02.42 | Mem:266.61M, Peak:278.64M | Scene, ViewLayer | Updating Geometry BVH lt_spot_room0 1222/1536 | Building BVH
Fra:1 Mem:629.18M (Peak 629.33M) | Time:00:02.42 | Mem:266.61M, Peak:278.64M | Scene, ViewLayer | Updating Geometry BVH lt_spot_room1 1223/1536 | Building BVH
Fra:1 Mem:629.18M (Peak 629.33M) | Time:00:02.42 | Mem:266.61M, Peak:278.64M | Scene, ViewLayer | Updating Geometry BVH lt_spot_room2 1224/1536 | Building BVH
Fra:1 Mem:629.18M (Peak 629.33M) | Time:00:02.42 | Mem:266.61M, Peak:278.64M | Scene, ViewLayer | Updating Geometry BVH lt_spot_room3 1225/1536 | Building BVH
Fra:1 Mem:629.18M (Peak 629.33M) | Time:00:02.42 | Mem:266.61M, Peak:278.64M | Scene, ViewLayer | Updating Geometry BVH lt_spot_room4 1226/1536 | Building BVH
Fra:1 Mem:629.18M (Peak 629.33M) | Time:00:02.42 | Mem:266.61M, Peak:278.64M | Scene, ViewLayer | Updating Geometry BVH lt_spot_room5 1227/1536 | Building BVH
Fra:1 Mem:629.18M (Peak 629.33M) | Time:00:02.42 | Mem:266.62M, Peak:278.64M | Scene, ViewLayer | Updating Geometry BVH lt_spot_room6 1228/1536 | Building BVH
Fra:1 Mem:629.18M (Peak 629.33M) | Time:00:02.42 | Mem:266.62M, Peak:278.64M | Scene, ViewLayer | Updating Geometry BVH lt_spot_room7 1229/1536 | Building BVH
Fra:1 Mem:629.18M (Peak 629.33M) | Time:00:02.42 | Mem:266.63M, Peak:278.64M | Scene, ViewLayer | Updating Geometry BVH lt_spot_room8 1230/1536 | Building BVH
Fra:1 Mem:629.18M (Peak 629.33M) | Time:00:02.42 | Mem:266.65M, Peak:278.64M | Scene, ViewLayer | Updating Geometry BVH lt_spot_room9 1231/1536 | Building BVH
Fra:1 Mem:629.18M (Peak 629.33M) | Time:00:02.42 | Mem:266.66M, Peak:278.64M | Scene, ViewLayer | Updating Geometry BVH lt_spot_room10 1232/1536 | Building BVH
Fra:1 Mem:629.18M (Peak 629.33M) | Time:00:02.42 | Mem:266.67M, Peak:278.64M | Scene, ViewLayer | Updating Geometry BVH lt_spot_room11 1233/1536 | Building BVH
Fra:1 Mem:629.18M (Peak 629.33M) | Time:00:02.42 | Mem:266.67M, Peak:278.64M | Scene, ViewLayer | Updating Geometry BVH lt_spot_room12 1234/1536 | Building BVH
Fra:1 Mem:629.18M (Peak 629.33M) | Time:00:02.42 | Mem:266.67M, Peak:278.64M | Scene, ViewLayer | Updating Geometry BVH lt_spot_room13 1235/1536 | Building BVH
Fra:1 Mem:629.18M (Peak 629.33M) | Time:00:02.42 | Mem:266.68M, Peak:278.64M | Scene, ViewLayer | Updating Geometry BVH lt_ceiling_master 1236/1536 | Building BVH
Fra:1 Mem:629.18M (Peak 629.33M) | Time:00:02.42 | Mem:266.69M, Peak:278.64M | Scene, ViewLayer | Updating Geometry BVH lt_ceiling_parents 1237/1536 | Building BVH
Fra:1 Mem:629.18M (Peak 629.33M) | Time:00:02.42 | Mem:266.69M, Peak:278.64M | Scene, ViewLayer | Updating Geometry BVH lt_ceiling_daughter 1238/1536 | Building BVH
Fra:1 Mem:629.18M (Peak 629.33M) | Time:00:02.42 | Mem:266.70M, Peak:278.64M | Scene, ViewLayer | Updating Geometry BVH lt_ceiling_son 1239/1536 | Building BVH
Fra:1 Mem:629.18M (Peak 629.33M) | Time:00:02.42 | Mem:266.71M, Peak:278.64M | Scene, ViewLayer | Updating Geometry BVH lt_wall0 1240/1536 | Building BVH
Fra:1 Mem:629.18M (Peak 629.33M) | Time:00:02.42 | Mem:266.77M, Peak:278.64M | Scene, ViewLayer | Updating Geometry BVH lt_wall1 1241/1536 | Building BVH
Fra:1 Mem:629.18M (Peak 629.33M) | Time:00:02.43 | Mem:266.85M, Peak:278.64M | Scene, ViewLayer | Updating Geometry BVH lt_wall2 1242/1536 | Building BVH
Fra:1 Mem:629.18M (Peak 629.33M) | Time:00:02.43 | Mem:266.85M, Peak:278.64M | Scene, ViewLayer | Updating Geometry BVH lt_wall3 1243/1536 | Building BVH
Fra:1 Mem:629.18M (Peak 629.33M) | Time:00:02.43 | Mem:266.85M, Peak:278.64M | Scene, ViewLayer | Updating Geometry BVH lt_strip_N_mesh 1245/1536 | Building BVH
Fra:1 Mem:629.18M (Peak 629.33M) | Time:00:02.43 | Mem:266.85M, Peak:278.64M | Scene, ViewLayer | Updating Geometry BVH lt_strip_W_mesh 1246/1536 | Building BVH
Fra:1 Mem:629.18M (Peak 629.33M) | Time:00:02.43 | Mem:266.85M, Peak:278.64M | Scene, ViewLayer | Updating Geometry BVH lt_strip_E_mesh 1247/1536 | Building BVH
Fra:1 Mem:629.18M (Peak 629.33M) | Time:00:02.43 | Mem:266.85M, Peak:278.64M | Scene, ViewLayer | Updating Geometry BVH lt_strip_kc2_mesh 1249/1536 | Building BVH
Fra:1 Mem:629.18M (Peak 629.33M) | Time:00:02.43 | Mem:266.85M, Peak:278.64M | Scene, ViewLayer | Updating Geometry BVH lt_strip_bc_mesh 1252/1536 | Building BVH
Fra:1 Mem:629.18M (Peak 629.33M) | Time:00:02.43 | Mem:266.86M, Peak:278.64M | Scene, ViewLayer | Updating Geometry BVH lt_strip_cb_mesh 1255/1536 | Building BVH
Fra:1 Mem:629.18M (Peak 629.33M) | Time:00:02.43 | Mem:266.86M, Peak:278.64M | Scene, ViewLayer | Updating Geometry BVH lt_fill_daughter 1257/1536 | Building BVH
Fra:1 Mem:629.18M (Peak 629.33M) | Time:00:02.43 | Mem:266.86M, Peak:278.64M | Scene, ViewLayer | Updating Geometry BVH lt_fill_mbath 1260/1536 | Building BVH
Fra:1 Mem:629.18M (Peak 629.33M) | Time:00:02.43 | Mem:266.86M, Peak:278.64M | Scene, ViewLayer | Updating Geometry BVH lt_fill_master 1261/1536 | Building BVH
Fra:1 Mem:629.18M (Peak 629.33M) | Time:00:02.43 | Mem:266.86M, Peak:278.64M | Scene, ViewLayer | Updating Geometry BVH lt_fill_corridor 1262/1536 | Building BVH
Fra:1 Mem:629.18M (Peak 629.33M) | Time:00:02.43 | Mem:266.86M, Peak:278.64M | Scene, ViewLayer | Updating Geometry BVH B_living_dining_balcony_dining_chair_02_leg11_mesh 1425/1536 | Building BVH
Fra:1 Mem:629.18M (Peak 629.33M) | Time:00:02.43 | Mem:267.04M, Peak:278.64M | Scene, ViewLayer | Updating Geometry BVH B_living_dining_balcony_island_01_sideW_mesh 1263/1536 | Building BVH
Fra:1 Mem:629.18M (Peak 629.33M) | Time:00:02.43 | Mem:267.04M, Peak:278.64M | Scene, ViewLayer | Updating Geometry BVH B_living_dining_balcony_island_01_sideE_mesh 1264/1536 | Building BVH
Fra:1 Mem:629.18M (Peak 629.33M) | Time:00:02.43 | Mem:267.05M, Peak:278.64M | Scene, ViewLayer | Updating Geometry BVH B_living_dining_balcony_island_01_backN_mesh 1265/1536 | Building BVH
Fra:1 Mem:629.18M (Peak 629.33M) | Time:00:02.43 | Mem:267.05M, Peak:278.64M | Scene, ViewLayer | Updating Geometry BVH B_living_dining_balcony_island_01_base_mesh 1266/1536 | Building BVH
Fra:1 Mem:629.18M (Peak 629.33M) | Time:00:02.43 | Mem:267.06M, Peak:278.64M | Scene, ViewLayer | Updating Geometry BVH B_living_dining_balcony_island_01_oven_mesh 1267/1536 | Building BVH
Fra:1 Mem:629.18M (Peak 629.33M) | Time:00:02.43 | Mem:267.07M, Peak:278.64M | Scene, ViewLayer | Updating Geometry BVH B_living_dining_balcony_island_01_drw_gapbg_mesh 1268/1536 | Building BVH
Fra:1 Mem:629.18M (Peak 629.33M) | Time:00:02.43 | Mem:267.10M, Peak:278.64M | Scene, ViewLayer | Updating Geometry BVH B_living_dining_balcony_island_01_drw_f0_mesh 1269/1536 | Building BVH
Fra:1 Mem:629.18M (Peak 629.33M) | Time:00:02.43 | Mem:267.10M, Peak:278.64M | Scene, ViewLayer | Updating Geometry BVH B_living_dining_balcony_island_01_drw_p0_mesh 1270/1536 | Building BVH
Fra:1 Mem:629.18M (Peak 629.33M) | Time:00:02.43 | Mem:267.11M, Peak:278.64M | Scene, ViewLayer | Updating Geometry BVH B_living_dining_balcony_island_01_sh0_mesh 1272/1536 | Building BVH
Fra:1 Mem:629.18M (Peak 629.33M) | Time:00:02.43 | Mem:267.14M, Peak:278.64M | Scene, ViewLayer | Updating Geometry BVH B_living_dining_balcony_island_01_top_mesh 1274/1536 | Building BVH
Fra:1 Mem:629.18M (Peak 629.33M) | Time:00:02.43 | Mem:267.14M, Peak:278.64M | Scene, ViewLayer | Updating Geometry BVH B_living_dining_balcony_island_01_sh1_mesh 1273/1536 | Building BVH
Fra:1 Mem:629.18M (Peak 629.33M) | Time:00:02.43 | Mem:267.14M, Peak:278.64M | Scene, ViewLayer | Updating Geometry BVH B_living_dining_balcony_cabinet_01_body_mesh 1275/1536 | Building BVH
Fra:1 Mem:629.18M (Peak 629.33M) | Time:00:02.43 | Mem:267.15M, Peak:278.64M | Scene, ViewLayer | Updating Geometry BVH B_living_dining_balcony_cabinet_01_door_gapbg_mesh 1276/1536 | Building BVH
Fra:1 Mem:629.18M (Peak 629.33M) | Time:00:02.43 | Mem:267.15M, Peak:278.64M | Scene, ViewLayer | Updating Geometry BVH B_living_dining_balcony_cabinet_01_door_f0r_mesh 1278/1536 | Building BVH
Fra:1 Mem:629.18M (Peak 629.33M) | Time:00:02.43 | Mem:267.16M, Peak:278.64M | Scene, ViewLayer | Updating Geometry BVH B_living_dining_balcony_cabinet_01_door_f0b_mesh 1279/1536 | Building BVH
Fra:1 Mem:629.18M (Peak 629.33M) | Time:00:02.43 | Mem:267.17M, Peak:278.64M | Scene, ViewLayer | Updating Geometry BVH B_living_dining_balcony_cabinet_01_door_f0t_mesh 1280/1536 | Building BVH
Fra:1 Mem:629.18M (Peak 629.33M) | Time:00:02.43 | Mem:267.18M, Peak:278.64M | Scene, ViewLayer | Updating Geometry BVH B_living_dining_balcony_cabinet_01_door_f0c_mesh 1281/1536 | Building BVH
Fra:1 Mem:629.18M (Peak 629.33M) | Time:00:02.43 | Mem:267.19M, Peak:278.64M | Scene, ViewLayer | Updating Geometry BVH B_living_dining_balcony_cabinet_01_door_p0_mesh 1282/1536 | Building BVH
Fra:1 Mem:629.18M (Peak 629.33M) | Time:00:02.43 | Mem:267.27M, Peak:278.64M | Scene, ViewLayer | Updating Geometry BVH B_living_dining_balcony_cabinet_01_door_f1l_mesh 1283/1536 | Building BVH
Fra:1 Mem:629.18M (Peak 629.33M) | Time:00:02.43 | Mem:267.26M, Peak:278.64M | Scene, ViewLayer | Updating Geometry BVH B_living_dining_balcony_cabinet_01_door_f1b_mesh 1285/1536 | Building BVH
Fra:1 Mem:629.18M (Peak 629.33M) | Time:00:02.43 | Mem:267.26M, Peak:278.64M | Scene, ViewLayer | Updating Geometry BVH B_living_dining_balcony_cabinet_01_door_f1t_mesh 1286/1536 | Building BVH
Fra:1 Mem:629.18M (Peak 629.33M) | Time:00:02.43 | Mem:267.27M, Peak:278.64M | Scene, ViewLayer | Updating Geometry BVH B_living_dining_balcony_cabinet_01_door_f1c_mesh 1287/1536 | Building BVH
Fra:1 Mem:629.18M (Peak 629.33M) | Time:00:02.43 | Mem:267.27M, Peak:278.64M | Scene, ViewLayer | Updating Geometry BVH B_living_dining_balcony_cabinet_01_door_p1_mesh 1288/1536 | Building BVH
Fra:1 Mem:629.18M (Peak 629.33M) | Time:00:02.43 | Mem:267.28M, Peak:278.64M | Scene, ViewLayer | Updating Geometry BVH B_living_dining_balcony_cabinet_01_door_f2l_mesh 1289/1536 | Building BVH
Fra:1 Mem:629.18M (Peak 629.33M) | Time:00:02.43 | Mem:267.32M, Peak:278.64M | Scene, ViewLayer | Updating Geometry BVH B_living_dining_balcony_cabinet_01_door_f2r_mesh 1290/1536 | Building BVH
Fra:1 Mem:629.18M (Peak 629.33M) | Time:00:02.43 | Mem:267.33M, Peak:278.64M | Scene, ViewLayer | Updating Geometry BVH B_living_dining_balcony_cabinet_01_door_f2b_mesh 1291/1536 | Building BVH
Fra:1 Mem:629.18M (Peak 629.33M) | Time:00:02.43 | Mem:267.38M, Peak:278.64M | Scene, ViewLayer | Updating Geometry BVH B_living_dining_balcony_cabinet_01_door_f2t_mesh 1292/1536 | Building BVH
Fra:1 Mem:629.18M (Peak 629.33M) | Time:00:02.43 | Mem:267.40M, Peak:278.64M | Scene, ViewLayer | Updating Geometry BVH B_living_dining_balcony_cabinet_01_door_f2c_mesh 1293/1536 | Building BVH
Fra:1 Mem:629.18M (Peak 629.33M) | Time:00:02.43 | Mem:267.41M, Peak:278.64M | Scene, ViewLayer | Updating Geometry BVH B_living_dining_balcony_cabinet_01_door_p2_mesh 1294/1536 | Building BVH
Fra:1 Mem:629.18M (Peak 629.33M) | Time:00:02.43 | Mem:267.41M, Peak:278.64M | Scene, ViewLayer | Updating Geometry BVH B_living_dining_balcony_dining_chair_02_leg01_mesh.001 1424/1536 | Building BVH
Fra:1 Mem:629.18M (Peak 629.33M) | Time:00:02.43 | Mem:267.41M, Peak:278.64M | Scene, ViewLayer | Updating Geometry BVH B_living_dining_balcony_cabinet_01_door_f3b_mesh 1297/1536 | Building BVH
Fra:1 Mem:629.18M (Peak 629.33M) | Time:00:02.43 | Mem:267.41M, Peak:278.64M | Scene, ViewLayer | Updating Geometry BVH B_living_dining_balcony_cabinet_01_door_f3t_mesh 1298/1536 | Building BVH
Fra:1 Mem:629.18M (Peak 629.33M) | Time:00:02.43 | Mem:267.41M, Peak:278.64M | Scene, ViewLayer | Updating Geometry BVH B_living_dining_balcony_cabinet_01_door_f3c_mesh 1299/1536 | Building BVH
Fra:1 Mem:629.18M (Peak 629.33M) | Time:00:02.43 | Mem:267.43M, Peak:278.64M | Scene, ViewLayer | Updating Geometry BVH B_living_dining_balcony_cabinet_01_door_p3_mesh 1300/1536 | Building BVH
Fra:1 Mem:629.18M (Peak 629.33M) | Time:00:02.43 | Mem:267.50M, Peak:278.64M | Scene, ViewLayer | Updating Geometry BVH B_living_dining_balcony_cabinet_01_door_f4l_mesh 1301/1536 | Building BVH
Fra:1 Mem:629.18M (Peak 629.33M) | Time:00:02.43 | Mem:267.54M, Peak:278.64M | Scene, ViewLayer | Updating Geometry BVH B_living_dining_balcony_cabinet_01_door_f4r_mesh 1302/1536 | Building BVH
Fra:1 Mem:629.18M (Peak 629.33M) | Time:00:02.43 | Mem:267.55M, Peak:278.64M | Scene, ViewLayer | Updating Geometry BVH B_living_dining_balcony_cabinet_01_door_f4b_mesh 1303/1536 | Building BVH
Fra:1 Mem:629.18M (Peak 629.33M) | Time:00:02.43 | Mem:267.55M, Peak:278.64M | Scene, ViewLayer | Updating Geometry BVH B_living_dining_balcony_cabinet_01_door_f4t_mesh 1304/1536 | Building BVH
Fra:1 Mem:629.18M (Peak 629.33M) | Time:00:02.43 | Mem:267.58M, Peak:278.64M | Scene, ViewLayer | Updating Geometry BVH B_living_dining_balcony_cabinet_01_door_f4c_mesh 1305/1536 | Building BVH
Fra:1 Mem:629.18M (Peak 629.33M) | Time:00:02.43 | Mem:267.63M, Peak:278.64M | Scene, ViewLayer | Updating Geometry BVH B_living_dining_balcony_cabinet_01_door_p4_mesh 1306/1536 | Building BVH
Fra:1 Mem:629.18M (Peak 629.33M) | Time:00:02.43 | Mem:267.63M, Peak:278.64M | Scene, ViewLayer | Updating Geometry BVH B_living_dining_balcony_cabinet_01_door_f5l_mesh 1307/1536 | Building BVH
Fra:1 Mem:629.18M (Peak 629.33M) | Time:00:02.43 | Mem:267.63M, Peak:278.64M | Scene, ViewLayer | Updating Geometry BVH B_living_dining_balcony_cabinet_01_door_f5r_mesh 1308/1536 | Building BVH
Fra:1 Mem:629.18M (Peak 629.33M) | Time:00:02.43 | Mem:267.63M, Peak:278.64M | Scene, ViewLayer | Updating Geometry BVH B_living_dining_balcony_cabinet_01_door_f5b_mesh 1309/1536 | Building BVH
Fra:1 Mem:629.18M (Peak 629.33M) | Time:00:02.43 | Mem:267.64M, Peak:278.64M | Scene, ViewLayer | Updating Geometry BVH B_living_dining_balcony_cabinet_01_door_f5t_mesh 1310/1536 | Building BVH
Fra:1 Mem:629.18M (Peak 629.33M) | Time:00:02.43 | Mem:267.65M, Peak:278.64M | Scene, ViewLayer | Updating Geometry BVH B_living_dining_balcony_cabinet_01_door_f5c_mesh 1311/1536 | Building BVH
Fra:1 Mem:629.18M (Peak 629.33M) | Time:00:02.43 | Mem:267.67M, Peak:278.64M | Scene, ViewLayer | Updating Geometry BVH B_living_dining_balcony_cabinet_01_door_p5_mesh 1312/1536 | Building BVH
Fra:1 Mem:629.18M (Peak 629.33M) | Time:00:02.43 | Mem:267.70M, Peak:278.64M | Scene, ViewLayer | Updating Geometry BVH B_living_dining_balcony_cabinet_01_door_f6l_mesh 1313/1536 | Building BVH
Fra:1 Mem:629.18M (Peak 629.33M) | Time:00:02.43 | Mem:267.72M, Peak:278.64M | Scene, ViewLayer | Updating Geometry BVH B_living_dining_balcony_cabinet_01_door_f6r_mesh 1314/1536 | Building BVH
Fra:1 Mem:629.18M (Peak 629.33M) | Time:00:02.43 | Mem:267.72M, Peak:278.64M | Scene, ViewLayer | Updating Geometry BVH B_living_dining_balcony_cabinet_01_door_f6b_mesh 1315/1536 | Building BVH
Fra:1 Mem:629.18M (Peak 629.33M) | Time:00:02.43 | Mem:267.74M, Peak:278.64M | Scene, ViewLayer | Updating Geometry BVH B_living_dining_balcony_cabinet_01_door_f6t_mesh 1316/1536 | Building BVH
Fra:1 Mem:629.18M (Peak 629.33M) | Time:00:02.43 | Mem:267.76M, Peak:278.64M | Scene, ViewLayer | Updating Geometry BVH B_living_dining_balcony_cabinet_01_door_f6c_mesh 1317/1536 | Building BVH
Fra:1 Mem:629.18M (Peak 629.33M) | Time:00:02.44 | Mem:267.81M, Peak:278.64M | Scene, ViewLayer | Updating Geometry BVH B_living_dining_balcony_cabinet_01_door_p6_mesh 1318/1536 | Building BVH
Fra:1 Mem:629.18M (Peak 629.33M) | Time:00:02.44 | Mem:267.81M, Peak:278.64M | Scene, ViewLayer | Updating Geometry BVH B_living_dining_balcony_cabinet_01_door_f7l_mesh 1319/1536 | Building BVH
Fra:1 Mem:629.18M (Peak 629.33M) | Time:00:02.44 | Mem:267.80M, Peak:278.64M | Scene, ViewLayer | Updating Geometry BVH B_living_dining_balcony_cabinet_01_door_f7r_mesh 1320/1536 | Building BVH
Fra:1 Mem:629.18M (Peak 629.33M) | Time:00:02.44 | Mem:267.81M, Peak:278.64M | Scene, ViewLayer | Updating Geometry BVH B_living_dining_balcony_cabinet_01_door_f7b_mesh 1321/1536 | Building BVH
Fra:1 Mem:629.18M (Peak 629.33M) | Time:00:02.44 | Mem:267.84M, Peak:278.64M | Scene, ViewLayer | Updating Geometry BVH B_living_dining_balcony_cabinet_01_door_f7t_mesh 1322/1536 | Building BVH
Fra:1 Mem:629.18M (Peak 629.33M) | Time:00:02.44 | Mem:267.84M, Peak:278.64M | Scene, ViewLayer | Updating Geometry BVH B_living_dining_balcony_cabinet_01_door_f7c_mesh 1323/1536 | Building BVH
Fra:1 Mem:629.18M (Peak 629.33M) | Time:00:02.44 | Mem:267.86M, Peak:278.64M | Scene, ViewLayer | Updating Geometry BVH B_living_dining_balcony_cabinet_01_door_p7_mesh 1324/1536 | Building BVH
Fra:1 Mem:629.18M (Peak 629.33M) | Time:00:02.44 | Mem:267.89M, Peak:278.64M | Scene, ViewLayer | Updating Geometry BVH B_living_dining_balcony_cabinet_01_door_f8l_mesh 1325/1536 | Building BVH
Fra:1 Mem:629.18M (Peak 629.33M) | Time:00:02.44 | Mem:267.90M, Peak:278.64M | Scene, ViewLayer | Updating Geometry BVH B_living_dining_balcony_cabinet_01_door_f8r_mesh 1326/1536 | Building BVH
Fra:1 Mem:629.18M (Peak 629.33M) | Time:00:02.44 | Mem:267.90M, Peak:278.64M | Scene, ViewLayer | Updating Geometry BVH B_living_dining_balcony_cabinet_01_door_f8b_mesh 1327/1536 | Building BVH
Fra:1 Mem:629.18M (Peak 629.33M) | Time:00:02.44 | Mem:267.90M, Peak:278.64M | Scene, ViewLayer | Updating Geometry BVH B_living_dining_balcony_dining_chair_02_leg01_mesh 1423/1536 | Building BVH
Fra:1 Mem:629.18M (Peak 629.33M) | Time:00:02.44 | Mem:267.92M, Peak:278.64M | Scene, ViewLayer | Updating Geometry BVH B_living_dining_balcony_cabinet_01_door_f8t_mesh 1328/1536 | Building BVH
Fra:1 Mem:629.18M (Peak 629.33M) | Time:00:02.44 | Mem:267.92M, Peak:278.64M | Scene, ViewLayer | Updating Geometry BVH B_living_dining_balcony_cabinet_01_door_f8c_mesh 1329/1536 | Building BVH
Fra:1 Mem:629.18M (Peak 629.33M) | Time:00:02.44 | Mem:267.95M, Peak:278.64M | Scene, ViewLayer | Updating Geometry BVH B_living_dining_balcony_cabinet_01_door_p8_mesh 1330/1536 | Building BVH
Fra:1 Mem:629.18M (Peak 629.33M) | Time:00:02.44 | Mem:268.00M, Peak:278.64M | Scene, ViewLayer | Updating Geometry BVH B_living_dining_balcony_cabinet_01_door_f9l_mesh 1331/1536 | Building BVH
Fra:1 Mem:629.18M (Peak 629.33M) | Time:00:02.44 | Mem:268.01M, Peak:278.64M | Scene, ViewLayer | Updating Geometry BVH B_living_dining_balcony_cabinet_01_door_f9r_mesh 1332/1536 | Building BVH
Fra:1 Mem:629.18M (Peak 629.33M) | Time:00:02.44 | Mem:268.02M, Peak:278.64M | Scene, ViewLayer | Updating Geometry BVH B_living_dining_balcony_cabinet_01_door_f9b_mesh 1333/1536 | Building BVH
Fra:1 Mem:629.18M (Peak 629.33M) | Time:00:02.44 | Mem:268.04M, Peak:278.64M | Scene, ViewLayer | Updating Geometry BVH B_living_dining_balcony_dining_chair_02_back1_mesh 1422/1536 | Building BVH
Fra:1 Mem:629.18M (Peak 629.33M) | Time:00:02.44 | Mem:268.05M, Peak:278.64M | Scene, ViewLayer | Updating Geometry BVH B_living_dining_balcony_cabinet_01_door_f9t_mesh 1334/1536 | Building BVH
Fra:1 Mem:629.18M (Peak 629.33M) | Time:00:02.44 | Mem:268.07M, Peak:278.64M | Scene, ViewLayer | Updating Geometry BVH B_living_dining_balcony_cabinet_01_door_f9c_mesh 1335/1536 | Building BVH
Fra:1 Mem:629.18M (Peak 629.33M) | Time:00:02.44 | Mem:268.07M, Peak:278.64M | Scene, ViewLayer | Updating Geometry BVH B_living_dining_balcony_cabinet_01_door_p9_mesh 1336/1536 | Building BVH
Fra:1 Mem:629.18M (Peak 629.33M) | Time:00:02.44 | Mem:268.10M, Peak:278.64M | Scene, ViewLayer | Updating Geometry BVH B_living_dining_balcony_open_niche_01_back_mesh 1337/1536 | Building BVH
Fra:1 Mem:629.18M (Peak 629.33M) | Time:00:02.44 | Mem:268.11M, Peak:278.64M | Scene, ViewLayer | Updating Geometry BVH B_living_dining_balcony_open_niche_01_cheek0_mesh 1338/1536 | Building BVH
Fra:1 Mem:629.18M (Peak 629.33M) | Time:00:02.44 | Mem:268.14M, Peak:278.64M | Scene, ViewLayer | Updating Geometry BVH B_living_dining_balcony_dining_chair_02_back0_mesh 1421/1536 | Building BVH
Fra:1 Mem:629.18M (Peak 629.33M) | Time:00:02.44 | Mem:268.14M, Peak:278.64M | Scene, ViewLayer | Updating Geometry BVH B_living_dining_balcony_open_niche_01_top_mesh 1340/1536 | Building BVH
Fra:1 Mem:629.18M (Peak 629.33M) | Time:00:02.44 | Mem:268.14M, Peak:278.64M | Scene, ViewLayer | Updating Geometry BVH B_living_dining_balcony_open_niche_01_sh0_mesh 1342/1536 | Building BVH
Fra:1 Mem:629.18M (Peak 629.33M) | Time:00:02.44 | Mem:268.13M, Peak:278.64M | Scene, ViewLayer | Updating Geometry BVH B_living_dining_balcony_open_niche_01_sh1_mesh 1343/1536 | Building BVH
Fra:1 Mem:629.18M (Peak 629.33M) | Time:00:02.44 | Mem:268.15M, Peak:278.64M | Scene, ViewLayer | Updating Geometry BVH B_living_dining_balcony_cabinet_02_body_mesh 1344/1536 | Building BVH
Fra:1 Mem:629.18M (Peak 629.33M) | Time:00:02.44 | Mem:268.18M, Peak:278.64M | Scene, ViewLayer | Updating Geometry BVH B_living_dining_balcony_cabinet_02_door_gapbg_mesh 1345/1536 | Building BVH
Fra:1 Mem:629.18M (Peak 629.33M) | Time:00:02.44 | Mem:268.19M, Peak:278.64M | Scene, ViewLayer | Updating Geometry BVH B_living_dining_balcony_cabinet_02_door_f0l_mesh 1346/1536 | Building BVH
Fra:1 Mem:629.18M (Peak 629.33M) | Time:00:02.44 | Mem:268.21M, Peak:278.64M | Scene, ViewLayer | Updating Geometry BVH B_living_dining_balcony_cabinet_02_door_f0r_mesh 1347/1536 | Building BVH
Fra:1 Mem:629.18M (Peak 629.33M) | Time:00:02.44 | Mem:268.22M, Peak:278.64M | Scene, ViewLayer | Updating Geometry BVH B_living_dining_balcony_cabinet_02_door_f0b_mesh 1348/1536 | Building BVH
Fra:1 Mem:629.18M (Peak 629.33M) | Time:00:02.44 | Mem:268.23M, Peak:278.64M | Scene, ViewLayer | Updating Geometry BVH B_living_dining_balcony_cabinet_02_door_f0t_mesh 1349/1536 | Building BVH
Fra:1 Mem:629.18M (Peak 629.33M) | Time:00:02.44 | Mem:268.23M, Peak:278.64M | Scene, ViewLayer | Updating Geometry BVH B_living_dining_balcony_cabinet_02_door_f0c_mesh 1350/1536 | Building BVH
Fra:1 Mem:629.18M (Peak 629.33M) | Time:00:02.44 | Mem:268.28M, Peak:278.64M | Scene, ViewLayer | Updating Geometry BVH B_living_dining_balcony_cabinet_02_door_p0_mesh 1351/1536 | Building BVH
Fra:1 Mem:629.18M (Peak 629.33M) | Time:00:02.44 | Mem:268.28M, Peak:278.64M | Scene, ViewLayer | Updating Geometry BVH B_living_dining_balcony_cabinet_02_door_f1l_mesh 1352/1536 | Building BVH
Fra:1 Mem:629.18M (Peak 629.33M) | Time:00:02.44 | Mem:268.29M, Peak:278.64M | Scene, ViewLayer | Updating Geometry BVH B_living_dining_balcony_cabinet_02_door_f1r_mesh 1353/1536 | Building BVH
Fra:1 Mem:629.18M (Peak 629.33M) | Time:00:02.44 | Mem:268.29M, Peak:278.64M | Scene, ViewLayer | Updating Geometry BVH B_living_dining_balcony_cabinet_02_door_f1b_mesh 1354/1536 | Building BVH
Fra:1 Mem:629.18M (Peak 629.33M) | Time:00:02.44 | Mem:268.31M, Peak:278.64M | Scene, ViewLayer | Updating Geometry BVH B_living_dining_balcony_cabinet_02_door_f1t_mesh 1355/1536 | Building BVH
Fra:1 Mem:629.18M (Peak 629.33M) | Time:00:02.44 | Mem:268.31M, Peak:278.64M | Scene, ViewLayer | Updating Geometry BVH B_living_dining_balcony_cabinet_02_door_f1c_mesh 1356/1536 | Building BVH
Fra:1 Mem:629.18M (Peak 629.33M) | Time:00:02.44 | Mem:268.37M, Peak:278.64M | Scene, ViewLayer | Updating Geometry BVH B_living_dining_balcony_cabinet_02_door_p1_mesh 1357/1536 | Building BVH
Fra:1 Mem:629.18M (Peak 629.33M) | Time:00:02.44 | Mem:268.37M, Peak:278.64M | Scene, ViewLayer | Updating Geometry BVH B_living_dining_balcony_cabinet_02_door_f2l_mesh 1358/1536 | Building BVH
Fra:1 Mem:629.18M (Peak 629.33M) | Time:00:02.44 | Mem:268.37M, Peak:278.64M | Scene, ViewLayer | Updating Geometry BVH B_living_dining_balcony_cabinet_02_door_f2r_mesh 1359/1536 | Building BVH
Fra:1 Mem:629.18M (Peak 629.33M) | Time:00:02.44 | Mem:268.40M, Peak:278.64M | Scene, ViewLayer | Updating Geometry BVH B_living_dining_balcony_cabinet_02_door_f2t_mesh 1361/1536 | Building BVH
Fra:1 Mem:629.18M (Peak 629.33M) | Time:00:02.44 | Mem:268.42M, Peak:278.64M | Scene, ViewLayer | Updating Geometry BVH B_living_dining_balcony_cabinet_02_door_f2c_mesh 1362/1536 | Building BVH
Fra:1 Mem:629.18M (Peak 629.33M) | Time:00:02.44 | Mem:268.43M, Peak:278.64M | Scene, ViewLayer | Updating Geometry BVH B_living_dining_balcony_cabinet_02_door_p2_mesh 1363/1536 | Building BVH
Fra:1 Mem:629.18M (Peak 629.33M) | Time:00:02.44 | Mem:268.44M, Peak:278.64M | Scene, ViewLayer | Updating Geometry BVH B_living_dining_balcony_cabinet_02_door_f3l_mesh 1364/1536 | Building BVH
Fra:1 Mem:629.18M (Peak 629.33M) | Time:00:02.44 | Mem:268.45M, Peak:278.64M | Scene, ViewLayer | Updating Geometry BVH B_living_dining_balcony_cabinet_02_door_f3r_mesh 1365/1536 | Building BVH
Fra:1 Mem:629.18M (Peak 629.33M) | Time:00:02.44 | Mem:268.45M, Peak:278.64M | Scene, ViewLayer | Updating Geometry BVH B_living_dining_balcony_cabinet_02_door_f3b_mesh 1366/1536 | Building BVH
Fra:1 Mem:629.18M (Peak 629.33M) | Time:00:02.44 | Mem:268.46M, Peak:278.64M | Scene, ViewLayer | Updating Geometry BVH B_living_dining_balcony_cabinet_02_door_f3t_mesh 1367/1536 | Building BVH
Fra:1 Mem:629.18M (Peak 629.33M) | Time:00:02.44 | Mem:268.50M, Peak:278.64M | Scene, ViewLayer | Updating Geometry BVH B_living_dining_balcony_cabinet_02_door_f3c_mesh 1368/1536 | Building BVH
Fra:1 Mem:629.18M (Peak 629.33M) | Time:00:02.44 | Mem:268.53M, Peak:278.64M | Scene, ViewLayer | Updating Geometry BVH B_living_dining_balcony_dining_chair_02_seat_mesh 1420/1536 | Building BVH
Fra:1 Mem:629.18M (Peak 629.33M) | Time:00:02.44 | Mem:268.54M, Peak:278.64M | Scene, ViewLayer | Updating Geometry BVH B_living_dining_balcony_cabinet_02_door_p3_mesh 1369/1536 | Building BVH
Fra:1 Mem:629.18M (Peak 629.33M) | Time:00:02.44 | Mem:268.56M, Peak:278.64M | Scene, ViewLayer | Updating Geometry BVH B_living_dining_balcony_cabinet_02_door_f4l_mesh 1370/1536 | Building BVH
Fra:1 Mem:629.18M (Peak 629.33M) | Time:00:02.44 | Mem:268.59M, Peak:278.64M | Scene, ViewLayer | Updating Geometry BVH B_living_dining_balcony_cabinet_02_door_f4r_mesh 1371/1536 | Building BVH
Fra:1 Mem:629.18M (Peak 629.33M) | Time:00:02.44 | Mem:268.59M, Peak:278.64M | Scene, ViewLayer | Updating Geometry BVH B_living_dining_balcony_cabinet_02_door_f4b_mesh 1372/1536 | Building BVH
Fra:1 Mem:629.18M (Peak 629.33M) | Time:00:02.44 | Mem:268.62M, Peak:278.64M | Scene, ViewLayer | Updating Geometry BVH B_living_dining_balcony_cabinet_02_door_f4t_mesh 1373/1536 | Building BVH
Fra:1 Mem:629.18M (Peak 629.33M) | Time:00:02.44 | Mem:268.63M, Peak:278.64M | Scene, ViewLayer | Updating Geometry BVH B_living_dining_balcony_cabinet_02_door_f4c_mesh 1374/1536 | Building BVH
Fra:1 Mem:629.18M (Peak 629.33M) | Time:00:02.44 | Mem:268.64M, Peak:278.64M | Scene, ViewLayer | Updating Geometry BVH B_living_dining_balcony_cabinet_02_door_p4_mesh 1375/1536 | Building BVH
Fra:1 Mem:629.18M (Peak 629.33M) | Time:00:02.44 | Mem:268.64M, Peak:278.64M | Scene, ViewLayer | Updating Geometry BVH B_living_dining_balcony_cabinet_02_door_f5r_mesh 1377/1536 | Building BVH
Fra:1 Mem:629.18M (Peak 629.33M) | Time:00:02.44 | Mem:268.67M, Peak:278.64M | Scene, ViewLayer | Updating Geometry BVH B_living_dining_balcony_cabinet_02_door_f5b_mesh 1378/1536 | Building BVH
Fra:1 Mem:629.18M (Peak 629.33M) | Time:00:02.44 | Mem:268.71M, Peak:278.64M | Scene, ViewLayer | Updating Geometry BVH B_living_dining_balcony_cabinet_02_door_f5t_mesh 1379/1536 | Building BVH
Fra:1 Mem:629.18M (Peak 629.33M) | Time:00:02.44 | Mem:268.71M, Peak:278.64M | Scene, ViewLayer | Updating Geometry BVH B_living_dining_balcony_cabinet_02_door_f5c_mesh 1380/1536 | Building BVH
Fra:1 Mem:629.18M (Peak 629.33M) | Time:00:02.44 | Mem:268.71M, Peak:278.64M | Scene, ViewLayer | Updating Geometry BVH B_living_dining_balcony_cabinet_02_door_p5_mesh 1381/1536 | Building BVH
Fra:1 Mem:629.18M (Peak 629.33M) | Time:00:02.44 | Mem:268.71M, Peak:278.64M | Scene, ViewLayer | Updating Geometry BVH B_living_dining_balcony_cabinet_02_door_f6l_mesh 1382/1536 | Building BVH
Fra:1 Mem:629.18M (Peak 629.33M) | Time:00:02.44 | Mem:268.73M, Peak:278.64M | Scene, ViewLayer | Updating Geometry BVH B_living_dining_balcony_cabinet_02_door_f6r_mesh 1383/1536 | Building BVH
Fra:1 Mem:629.18M (Peak 629.33M) | Time:00:02.44 | Mem:268.78M, Peak:278.64M | Scene, ViewLayer | Updating Geometry BVH B_living_dining_balcony_cabinet_02_door_f6b_mesh 1384/1536 | Building BVH
Fra:1 Mem:629.18M (Peak 629.33M) | Time:00:02.44 | Mem:268.80M, Peak:278.64M | Scene, ViewLayer | Updating Geometry BVH B_living_dining_balcony_cabinet_02_door_f6t_mesh 1385/1536 | Building BVH
Fra:1 Mem:629.18M (Peak 629.33M) | Time:00:02.44 | Mem:268.80M, Peak:278.64M | Scene, ViewLayer | Updating Geometry BVH B_living_dining_balcony_cabinet_02_door_f6c_mesh 1386/1536 | Building BVH
Fra:1 Mem:629.18M (Peak 629.33M) | Time:00:02.44 | Mem:268.83M, Peak:278.64M | Scene, ViewLayer | Updating Geometry BVH B_living_dining_balcony_dining_chair_01_leg11_mesh.001 1419/1536 | Building BVH
Fra:1 Mem:629.18M (Peak 629.33M) | Time:00:02.44 | Mem:268.83M, Peak:278.64M | Scene, ViewLayer | Updating Geometry BVH B_living_dining_balcony_cabinet_02_door_p6_mesh 1387/1536 | Building BVH
Fra:1 Mem:629.18M (Peak 629.33M) | Time:00:02.45 | Mem:268.85M, Peak:278.64M | Scene, ViewLayer | Updating Geometry BVH B_living_dining_balcony_cabinet_02_door_f7l_mesh 1388/1536 | Building BVH
Fra:1 Mem:629.18M (Peak 629.33M) | Time:00:02.45 | Mem:268.85M, Peak:278.64M | Scene, ViewLayer | Updating Geometry BVH B_living_dining_balcony_cabinet_02_door_f7r_mesh 1389/1536 | Building BVH
Fra:1 Mem:629.18M (Peak 629.33M) | Time:00:02.45 | Mem:268.85M, Peak:278.64M | Scene, ViewLayer | Updating Geometry BVH B_living_dining_balcony_cabinet_02_door_f7t_mesh 1391/1536 | Building BVH
Fra:1 Mem:629.18M (Peak 629.33M) | Time:00:02.45 | Mem:268.85M, Peak:278.64M | Scene, ViewLayer | Updating Geometry BVH B_living_dining_balcony_cabinet_02_door_f7b_mesh 1390/1536 | Building BVH
Fra:1 Mem:629.18M (Peak 629.33M) | Time:00:02.45 | Mem:268.90M, Peak:278.64M | Scene, ViewLayer | Updating Geometry BVH B_living_dining_balcony_cabinet_02_door_f8l_mesh 1394/1536 | Building BVH
Fra:1 Mem:629.18M (Peak 629.33M) | Time:00:02.45 | Mem:268.94M, Peak:278.64M | Scene, ViewLayer | Updating Geometry BVH B_living_dining_balcony_cabinet_02_door_f8r_mesh 1395/1536 | Building BVH
Fra:1 Mem:629.18M (Peak 629.33M) | Time:00:02.45 | Mem:268.95M, Peak:278.64M | Scene, ViewLayer | Updating Geometry BVH B_living_dining_balcony_cabinet_02_door_p7_mesh 1393/1536 | Building BVH
Fra:1 Mem:629.18M (Peak 629.33M) | Time:00:02.45 | Mem:268.96M, Peak:278.64M | Scene, ViewLayer | Updating Geometry BVH B_living_dining_balcony_dining_chair_01_leg11_mesh 1418/1536 | Building BVH
Fra:1 Mem:629.18M (Peak 629.33M) | Time:00:02.45 | Mem:268.96M, Peak:278.64M | Scene, ViewLayer | Updating Geometry BVH B_living_dining_balcony_cabinet_02_door_f8b_mesh 1396/1536 | Building BVH
Fra:1 Mem:629.18M (Peak 629.33M) | Time:00:02.45 | Mem:268.97M, Peak:278.64M | Scene, ViewLayer | Updating Geometry BVH B_living_dining_balcony_cabinet_02_door_f9b_mesh 1402/1536 | Building BVH
Fra:1 Mem:629.18M (Peak 629.33M) | Time:00:02.45 | Mem:268.98M, Peak:278.64M | Scene, ViewLayer | Updating Geometry BVH B_living_dining_balcony_cabinet_02_door_f9c_mesh 1404/1536 | Building BVH
Fra:1 Mem:629.18M (Peak 629.33M) | Time:00:02.45 | Mem:268.98M, Peak:278.64M | Scene, ViewLayer | Updating Geometry BVH B_living_dining_balcony_island_02_top_mesh 1406/1536 | Building BVH
Fra:1 Mem:629.18M (Peak 629.33M) | Time:00:02.45 | Mem:268.98M, Peak:278.64M | Scene, ViewLayer | Updating Geometry BVH B_living_dining_balcony_island_02_panel1_mesh 1408/1536 | Building BVH
Fra:1 Mem:629.18M (Peak 629.33M) | Time:00:02.45 | Mem:268.98M, Peak:278.64M | Scene, ViewLayer | Updating Geometry BVH B_living_dining_balcony_pendant_lamp_01_ globe_mesh 1410/1536 | Building BVH
Fra:1 Mem:629.18M (Peak 629.33M) | Time:00:02.45 | Mem:268.98M, Peak:278.64M | Scene, ViewLayer | Updating Geometry BVH B_living_dining_balcony_pendant_lamp_02_rod_mesh 1411/1536 | Building BVH
Fra:1 Mem:629.18M (Peak 629.33M) | Time:00:02.45 | Mem:268.99M, Peak:278.64M | Scene, ViewLayer | Updating Geometry BVH B_living_dining_balcony_dining_chair_01_leg01_mesh.001 1417/1536 | Building BVH
Fra:1 Mem:629.18M (Peak 629.33M) | Time:00:02.45 | Mem:269.07M, Peak:278.64M | Scene, ViewLayer | Updating Geometry BVH B_living_dining_balcony_dining_chair_01_seat_mesh 1413/1536 | Building BVH
Fra:1 Mem:629.18M (Peak 629.33M) | Time:00:02.45 | Mem:269.07M, Peak:278.64M | Scene, ViewLayer | Updating Geometry BVH B_living_dining_balcony_dining_chair_01_back0_mesh 1414/1536 | Building BVH
Fra:1 Mem:629.18M (Peak 629.33M) | Time:00:02.45 | Mem:269.35M, Peak:278.64M | Scene, ViewLayer | Updating Geometry BVH B_living_dining_balcony_dining_chair_01_back1_mesh 1415/1536 | Building BVH
Fra:1 Mem:629.18M (Peak 629.33M) | Time:00:02.45 | Mem:269.43M, Peak:278.64M | Scene, ViewLayer | Updating Geometry BVH B_living_dining_balcony_dining_chair_01_leg01_mesh 1416/1536 | Building BVH
Fra:1 Mem:629.18M (Peak 629.33M) | Time:00:02.45 | Mem:269.41M, Peak:278.64M | Scene, ViewLayer | Updating Scene BVH | Building
Fra:1 Mem:629.20M (Peak 629.33M) | Time:00:02.45 | Mem:269.41M, Peak:278.64M | Scene, ViewLayer | Updating Scene BVH | Building BVH
Fra:1 Mem:629.20M (Peak 629.33M) | Time:00:02.81 | Mem:275.68M, Peak:278.64M | Scene, ViewLayer | Updating Scene BVH | Copying BVH to device
Fra:1 Mem:629.20M (Peak 629.33M) | Time:00:02.81 | Mem:275.68M, Peak:278.64M | Scene, ViewLayer | Updating Mesh | Computing normals
Fra:1 Mem:680.15M (Peak 680.15M) | Time:00:02.83 | Mem:275.68M, Peak:278.64M | Scene, ViewLayer | Updating Mesh | Copying Mesh to device
Fra:1 Mem:680.15M (Peak 680.15M) | Time:00:02.85 | Mem:326.62M, Peak:326.62M | Scene, ViewLayer | Updating Objects Flags
Fra:1 Mem:680.15M (Peak 680.15M) | Time:00:02.85 | Mem:326.64M, Peak:326.64M | Scene, ViewLayer | Updating Primitive Offsets
Fra:1 Mem:680.16M (Peak 680.16M) | Time:00:02.85 | Mem:326.64M, Peak:326.64M | Scene, ViewLayer | Updating Images
Fra:1 Mem:680.16M (Peak 680.16M) | Time:00:02.85 | Mem:326.64M, Peak:326.64M | Scene, ViewLayer | Updating Images | Loading kloofendal_48d_partly_cloudy_puresky_4k.hdr
Fra:1 Mem:680.16M (Peak 680.16M) | Time:00:02.85 | Mem:326.64M, Peak:326.64M | Scene, ViewLayer | Updating Images | Loading walnut3_nor_gl_2k.jpg
Fra:1 Mem:824.16M (Peak 824.16M) | Time:00:02.85 | Mem:326.64M, Peak:326.64M | Scene, ViewLayer | Updating Images | Loading walnut3_rough_2k.jpg
Fra:1 Mem:844.16M (Peak 844.16M) | Time:00:03.20 | Mem:490.64M, Peak:490.64M | Scene, ViewLayer | Updating Camera Volume
Fra:1 Mem:844.16M (Peak 844.16M) | Time:00:03.20 | Mem:490.64M, Peak:490.64M | Scene, ViewLayer | Updating Lookup Tables
Fra:1 Mem:844.16M (Peak 844.16M) | Time:00:03.20 | Mem:490.72M, Peak:490.72M | Scene, ViewLayer | Updating Lights
Fra:1 Mem:844.16M (Peak 844.16M) | Time:00:03.20 | Mem:490.73M, Peak:490.73M | Scene, ViewLayer | Updating Lights | Importance map
Fra:1 Mem:908.19M (Peak 1196.16M) | Time:00:03.56 | Mem:554.76M, Peak:714.73M | Scene, ViewLayer | Updating Lights | Computing tree
Fra:1 Mem:909.25M (Peak 1196.16M) | Time:00:03.58 | Mem:555.82M, Peak:714.73M | Scene, ViewLayer | Updating Integrator
Fra:1 Mem:909.25M (Peak 1196.16M) | Time:00:03.58 | Mem:555.82M, Peak:714.73M | Scene, ViewLayer | Updating Film
Fra:1 Mem:909.26M (Peak 1196.16M) | Time:00:03.58 | Mem:555.74M, Peak:714.73M | Scene, ViewLayer | Updating Lookup Tables
Fra:1 Mem:909.26M (Peak 1196.16M) | Time:00:03.58 | Mem:555.82M, Peak:714.73M | Scene, ViewLayer | Updating Baking
Fra:1 Mem:909.26M (Peak 1196.16M) | Time:00:03.58 | Mem:555.82M, Peak:714.73M | Scene, ViewLayer | Updating Device | Writing constant memory
Fra:1 Mem:909.28M (Peak 1196.16M) | Time:00:03.58 | Mem:555.82M, Peak:714.73M | Scene, ViewLayer | Loading denoising kernels (may take a few minutes the first time)
Fra:1 Mem:913.34M (Peak 1196.16M) | Time:00:03.63 | Mem:907.88M, Peak:907.88M | Scene, ViewLayer | Sample 0/64
Fra:1 Mem:1065.34M (Peak 1196.16M) | Time:00:04.63 | Remaining:01:03.02 | Mem:1059.88M, Peak:1059.88M | Scene, ViewLayer | Sample 1/64
Fra:1 Mem:1065.35M (Peak 1196.16M) | Time:00:34.85 | Remaining:00:29.32 | Mem:1059.88M, Peak:1059.88M | Scene, ViewLayer | Sample 33/64
Fra:1 Mem:1065.35M (Peak 1196.16M) | Time:00:49.42 | Remaining:00:15.26 | Mem:1059.88M, Peak:1059.88M | Scene, ViewLayer | Sample 48/64
Fra:1 Mem:1129.35M (Peak 1225.35M) | Time:01:17.14 | Mem:1059.88M, Peak:1059.88M | Scene, ViewLayer | Sample 64/64
Fra:1 Mem:1129.35M (Peak 1225.35M) | Time:01:17.14 | Mem:1059.88M, Peak:1059.88M | Scene, ViewLayer | Finished
Saved: 'D:\ClaudeCodeProject2026\jiangyu-render\renders\preview\P2_living_B_pano.png'
Time: 01:17.81 (Saving: 00:00.47)

BlenderMCP addon registered
[render] preset=preview device=GPU look=AgX - Base Contrast
[render] saved D:\ClaudeCodeProject2026\jiangyu-render\renders\preview\P2_living_B_pano.png (77.9s, exp=1.75)
[render] size OK 2048x1024 P2_living_B_pano.png
BlenderMCP addon unregistered

Blender quit
