Blender 4.5.10 LTS (hash 6dc0b208d1b5 built 2026-05-19 01:33:42)
Read blend: "D:\ClaudeCodeProject2026\jiangyu-render\blend\jiangyu.blend"
Fra:1 Mem:245.49M (Peak 245.49M) | Time:00:00.09 | Mem:0.00M, Peak:0.00M | Scene, ViewLayer | Synchronizing object | ceil_living_r1S
Fra:1 Mem:245.49M (Peak 245.49M) | Time:00:00.09 | Mem:0.00M, Peak:0.00M | Scene, ViewLayer | Synchronizing object | ceil_daughter_room_slab
Fra:1 Mem:245.49M (Peak 245.49M) | Time:00:00.09 | Mem:0.00M, Peak:0.00M | Scene, ViewLayer | Synchronizing object | ceil_bay_slab
Fra:1 Mem:245.49M (Peak 245.49M) | Time:00:00.09 | Mem:0.00M, Peak:0.00M | Scene, ViewLayer | Synchronizing object | ceil_master_bath_fill
Fra:1 Mem:245.52M (Peak 245.52M) | Time:00:00.09 | Mem:0.00M, Peak:0.00M | Scene, ViewLayer | Synchronizing object | ceil_corridor_fill
Fra:1 Mem:245.52M (Peak 245.52M) | Time:00:00.09 | Mem:0.00M, Peak:0.00M | Scene, ViewLayer | Synchronizing object | ceil_elevator_hall_fill
Fra:1 Mem:245.52M (Peak 245.52M) | Time:00:00.09 | Mem:0.00M, Peak:0.00M | Scene, ViewLayer | Synchronizing object | fx_ceiling_master_bedroom
Fra:1 Mem:245.52M (Peak 245.52M) | Time:00:00.09 | Mem:0.00M, Peak:0.00M | Scene, ViewLayer | Synchronizing object | fx_ceiling_parents_room
Fra:1 Mem:245.52M (Peak 245.52M) | Time:00:00.09 | Mem:0.00M, Peak:0.00M | Scene, ViewLayer | Synchronizing object | fx_ceiling_son_room
Fra:1 Mem:245.53M (Peak 245.53M) | Time:00:00.10 | Mem:0.00M, Peak:0.00M | Scene, ViewLayer | Synchronizing object | fx_spot_living00_r
Fra:1 Mem:245.53M (Peak 245.53M) | Time:00:00.10 | Mem:0.00M, Peak:0.00M | Scene, ViewLayer | Synchronizing object | fx_spot_living01_r
Fra:1 Mem:245.54M (Peak 245.54M) | Time:00:00.10 | Mem:0.00M, Peak:0.00M | Scene, ViewLayer | Synchronizing object | fx_spot_living02
Fra:1 Mem:245.55M (Peak 245.55M) | Time:00:00.10 | Mem:0.00M, Peak:0.00M | Scene, ViewLayer | Synchronizing object | fx_spot_living02_r
Fra:1 Mem:245.57M (Peak 245.57M) | Time:00:00.10 | Mem:0.00M, Peak:0.00M | Scene, ViewLayer | Synchronizing object | fx_spot_living03_r
Fra:1 Mem:245.56M (Peak 245.57M) | Time:00:00.10 | Mem:0.00M, Peak:0.00M | Scene, ViewLayer | Synchronizing object | fx_spot_living04_r
Fra:1 Mem:245.56M (Peak 245.57M) | Time:00:00.10 | Mem:0.00M, Peak:0.00M | Scene, ViewLayer | Synchronizing object | fx_spot_living05
Fra:1 Mem:245.57M (Peak 245.57M) | Time:00:00.10 | Mem:0.00M, Peak:0.00M | Scene, ViewLayer | Synchronizing object | fx_spot_living05_r
Fra:1 Mem:245.58M (Peak 245.58M) | Time:00:00.10 | Mem:0.00M, Peak:0.00M | Scene, ViewLayer | Synchronizing object | fx_spot_living06
Fra:1 Mem:245.59M (Peak 245.59M) | Time:00:00.10 | Mem:0.00M, Peak:0.00M | Scene, ViewLayer | Synchronizing object | fx_spot_living07_r
Fra:1 Mem:245.59M (Peak 245.59M) | Time:00:00.10 | Mem:0.00M, Peak:0.00M | Scene, ViewLayer | Synchronizing object | fx_spot_living08
Fra:1 Mem:245.60M (Peak 245.60M) | Time:00:00.10 | Mem:0.00M, Peak:0.00M | Scene, ViewLayer | Synchronizing object | fx_spot_living08_r
Fra:1 Mem:245.61M (Peak 245.61M) | Time:00:00.10 | Mem:0.00M, Peak:0.00M | Scene, ViewLayer | Synchronizing object | fx_spot_living09
Fra:1 Mem:245.62M (Peak 245.62M) | Time:00:00.10 | Mem:0.00M, Peak:0.00M | Scene, ViewLayer | Synchronizing object | fx_spot_living09_r
Fra:1 Mem:245.63M (Peak 245.63M) | Time:00:00.10 | Mem:0.00M, Peak:0.00M | Scene, ViewLayer | Synchronizing object | fx_spot_living10_r
Fra:1 Mem:245.63M (Peak 245.63M) | Time:00:00.10 | Mem:0.00M, Peak:0.00M | Scene, ViewLayer | Synchronizing object | fx_spot_living11_r
Fra:1 Mem:245.65M (Peak 245.65M) | Time:00:00.10 | Mem:0.00M, Peak:0.00M | Scene, ViewLayer | Synchronizing object | fx_spot_living12
Fra:1 Mem:245.66M (Peak 245.66M) | Time:00:00.10 | Mem:0.00M, Peak:0.00M | Scene, ViewLayer | Synchronizing object | fx_spot_living12_r
Fra:1 Mem:245.66M (Peak 245.66M) | Time:00:00.10 | Mem:0.00M, Peak:0.00M | Scene, ViewLayer | Synchronizing object | fx_spot_living14
Fra:1 Mem:245.68M (Peak 245.68M) | Time:00:00.10 | Mem:0.00M, Peak:0.00M | Scene, ViewLayer | Synchronizing object | fx_spot_living14_r
Fra:1 Mem:245.68M (Peak 245.68M) | Time:00:00.10 | Mem:0.00M, Peak:0.00M | Scene, ViewLayer | Synchronizing object | fx_spot_living15
Fra:1 Mem:245.69M (Peak 245.69M) | Time:00:00.10 | Mem:0.00M, Peak:0.00M | Scene, ViewLayer | Synchronizing object | fx_spot_room0
Fra:1 Mem:245.71M (Peak 245.71M) | Time:00:00.10 | Mem:0.00M, Peak:0.00M | Scene, ViewLayer | Synchronizing object | fx_spot_room1
Fra:1 Mem:245.73M (Peak 245.73M) | Time:00:00.10 | Mem:0.00M, Peak:0.00M | Scene, ViewLayer | Synchronizing object | fx_spot_room2
Fra:1 Mem:245.73M (Peak 245.73M) | Time:00:00.10 | Mem:0.00M, Peak:0.00M | Scene, ViewLayer | Synchronizing object | fx_spot_room5
Fra:1 Mem:245.74M (Peak 245.74M) | Time:00:00.10 | Mem:0.00M, Peak:0.00M | Scene, ViewLayer | Synchronizing object | fx_spot_room6
Fra:1 Mem:245.75M (Peak 245.75M) | Time:00:00.10 | Mem:0.00M, Peak:0.00M | Scene, ViewLayer | Synchronizing object | out_ground
Fra:1 Mem:245.76M (Peak 245.76M) | Time:00:00.10 | Mem:0.00M, Peak:0.00M | Scene, ViewLayer | Synchronizing object | out_path_s
Fra:1 Mem:245.77M (Peak 245.77M) | Time:00:00.10 | Mem:0.00M, Peak:0.00M | Scene, ViewLayer | Synchronizing object | jacaranda_tree_LOD0.001
Fra:1 Mem:245.77M (Peak 245.77M) | Time:00:00.10 | Mem:0.00M, Peak:0.00M | Scene, ViewLayer | Synchronizing object | tree_small_02_LOD0.001
Fra:1 Mem:245.78M (Peak 245.78M) | Time:00:00.10 | Mem:0.00M, Peak:0.00M | Scene, ViewLayer | Synchronizing object | out_bldg_s
Fra:1 Mem:246.66M (Peak 246.66M) | Time:00:00.10 | Mem:0.00M, Peak:0.00M | Scene, ViewLayer | Synchronizing object | out_bldg_n
Fra:1 Mem:248.68M (Peak 248.68M) | Time:00:00.10 | Mem:0.00M, Peak:0.00M | Scene, ViewLayer | Synchronizing object | floor_living_dining_balcony
Fra:1 Mem:248.68M (Peak 248.68M) | Time:00:00.10 | Mem:0.00M, Peak:0.00M | Scene, ViewLayer | Synchronizing object | floor_daughter_room
Fra:1 Mem:248.69M (Peak 248.69M) | Time:00:00.10 | Mem:0.00M, Peak:0.00M | Scene, ViewLayer | Synchronizing object | floor_public_bath_wet
Fra:1 Mem:248.73M (Peak 248.73M) | Time:00:00.10 | Mem:0.00M, Peak:0.00M | Scene, ViewLayer | Synchronizing object | floor_corridor_0
Fra:1 Mem:248.73M (Peak 248.73M) | Time:00:00.10 | Mem:0.00M, Peak:0.00M | Scene, ViewLayer | Synchronizing object | floor_corridor_1
Fra:1 Mem:248.73M (Peak 248.73M) | Time:00:00.10 | Mem:0.00M, Peak:0.00M | Scene, ViewLayer | Synchronizing object | floor_son_room
Fra:1 Mem:248.74M (Peak 248.74M) | Time:00:00.10 | Mem:0.00M, Peak:0.00M | Scene, ViewLayer | Synchronizing object | floor_master_bath
Fra:1 Mem:249.97M (Peak 249.97M) | Time:00:00.10 | Mem:0.00M, Peak:0.00M | Scene, ViewLayer | Synchronizing object | W01_s02
Fra:1 Mem:249.98M (Peak 249.98M) | Time:00:00.10 | Mem:0.00M, Peak:0.00M | Scene, ViewLayer | Synchronizing object | W01_s03
Fra:1 Mem:249.98M (Peak 249.98M) | Time:00:00.10 | Mem:0.00M, Peak:0.00M | Scene, ViewLayer | Synchronizing object | W02_s00
Fra:1 Mem:249.98M (Peak 249.98M) | Time:00:00.10 | Mem:0.00M, Peak:0.00M | Scene, ViewLayer | Synchronizing object | W02_s01
Fra:1 Mem:249.99M (Peak 249.99M) | Time:00:00.10 | Mem:0.00M, Peak:0.00M | Scene, ViewLayer | Synchronizing object | W02_s02
Fra:1 Mem:249.99M (Peak 249.99M) | Time:00:00.10 | Mem:0.00M, Peak:0.00M | Scene, ViewLayer | Synchronizing object | W02_s03
Fra:1 Mem:249.99M (Peak 249.99M) | Time:00:00.10 | Mem:0.00M, Peak:0.00M | Scene, ViewLayer | Synchronizing object | W03_s00
Fra:1 Mem:249.99M (Peak 249.99M) | Time:00:00.10 | Mem:0.00M, Peak:0.00M | Scene, ViewLayer | Synchronizing object | W05_s00
Fra:1 Mem:250.00M (Peak 250.00M) | Time:00:00.10 | Mem:0.00M, Peak:0.00M | Scene, ViewLayer | Synchronizing object | W05_s01
Fra:1 Mem:250.01M (Peak 250.01M) | Time:00:00.10 | Mem:0.00M, Peak:0.00M | Scene, ViewLayer | Synchronizing object | W05_s02
Fra:1 Mem:250.01M (Peak 250.01M) | Time:00:00.10 | Mem:0.00M, Peak:0.00M | Scene, ViewLayer | Synchronizing object | W05_s03
Fra:1 Mem:250.01M (Peak 250.01M) | Time:00:00.10 | Mem:0.00M, Peak:0.00M | Scene, ViewLayer | Synchronizing object | W08_s00
Fra:1 Mem:250.01M (Peak 250.01M) | Time:00:00.10 | Mem:0.00M, Peak:0.00M | Scene, ViewLayer | Synchronizing object | W08_s01
Fra:1 Mem:250.01M (Peak 250.01M) | Time:00:00.10 | Mem:0.00M, Peak:0.00M | Scene, ViewLayer | Synchronizing object | W08_s02
Fra:1 Mem:250.02M (Peak 250.02M) | Time:00:00.10 | Mem:0.00M, Peak:0.00M | Scene, ViewLayer | Synchronizing object | W09_s00
Fra:1 Mem:250.02M (Peak 250.02M) | Time:00:00.10 | Mem:0.00M, Peak:0.00M | Scene, ViewLayer | Synchronizing object | W10_s01
Fra:1 Mem:250.02M (Peak 250.02M) | Time:00:00.10 | Mem:0.00M, Peak:0.00M | Scene, ViewLayer | Synchronizing object | W10_s02
Fra:1 Mem:250.03M (Peak 250.03M) | Time:00:00.10 | Mem:0.00M, Peak:0.00M | Scene, ViewLayer | Synchronizing object | W11_s00
Fra:1 Mem:250.03M (Peak 250.03M) | Time:00:00.10 | Mem:0.00M, Peak:0.00M | Scene, ViewLayer | Synchronizing object | W12_s00
Fra:1 Mem:250.03M (Peak 250.03M) | Time:00:00.10 | Mem:0.00M, Peak:0.00M | Scene, ViewLayer | Synchronizing object | W12_s01
Fra:1 Mem:250.04M (Peak 250.04M) | Time:00:00.10 | Mem:0.00M, Peak:0.00M | Scene, ViewLayer | Synchronizing object | W12_s02
Fra:1 Mem:250.04M (Peak 250.04M) | Time:00:00.10 | Mem:0.00M, Peak:0.00M | Scene, ViewLayer | Synchronizing object | W13_s00
Fra:1 Mem:250.07M (Peak 250.07M) | Time:00:00.10 | Mem:0.00M, Peak:0.00M | Scene, ViewLayer | Synchronizing object | W13_s01
Fra:1 Mem:250.08M (Peak 250.08M) | Time:00:00.10 | Mem:0.00M, Peak:0.00M | Scene, ViewLayer | Synchronizing object | W13_s02
Fra:1 Mem:250.08M (Peak 250.08M) | Time:00:00.10 | Mem:0.00M, Peak:0.00M | Scene, ViewLayer | Synchronizing object | W14_s02
Fra:1 Mem:250.09M (Peak 250.09M) | Time:00:00.10 | Mem:0.00M, Peak:0.00M | Scene, ViewLayer | Synchronizing object | W14_s04
Fra:1 Mem:250.09M (Peak 250.09M) | Time:00:00.10 | Mem:0.00M, Peak:0.00M | Scene, ViewLayer | Synchronizing object | W17_s00
Fra:1 Mem:250.09M (Peak 250.09M) | Time:00:00.10 | Mem:0.00M, Peak:0.00M | Scene, ViewLayer | Synchronizing object | W17_s01
Fra:1 Mem:250.09M (Peak 250.09M) | Time:00:00.10 | Mem:0.00M, Peak:0.00M | Scene, ViewLayer | Synchronizing object | W18_s00
Fra:1 Mem:250.10M (Peak 250.10M) | Time:00:00.10 | Mem:0.00M, Peak:0.00M | Scene, ViewLayer | Synchronizing object | W18_s01
Fra:1 Mem:250.10M (Peak 250.10M) | Time:00:00.10 | Mem:0.00M, Peak:0.00M | Scene, ViewLayer | Synchronizing object | W18_s02
Fra:1 Mem:250.10M (Peak 250.10M) | Time:00:00.10 | Mem:0.00M, Peak:0.00M | Scene, ViewLayer | Synchronizing object | W18_s03
Fra:1 Mem:250.11M (Peak 250.11M) | Time:00:00.10 | Mem:0.00M, Peak:0.00M | Scene, ViewLayer | Synchronizing object | W19_s00
Fra:1 Mem:250.11M (Peak 250.11M) | Time:00:00.10 | Mem:0.00M, Peak:0.00M | Scene, ViewLayer | Synchronizing object | W19_s02
Fra:1 Mem:250.11M (Peak 250.11M) | Time:00:00.10 | Mem:0.00M, Peak:0.00M | Scene, ViewLayer | Synchronizing object | W20_s00
Fra:1 Mem:250.12M (Peak 250.12M) | Time:00:00.10 | Mem:0.00M, Peak:0.00M | Scene, ViewLayer | Synchronizing object | W21_s00
Fra:1 Mem:250.12M (Peak 250.12M) | Time:00:00.10 | Mem:0.00M, Peak:0.00M | Scene, ViewLayer | Synchronizing object | W23_s02
Fra:1 Mem:250.12M (Peak 250.12M) | Time:00:00.10 | Mem:0.00M, Peak:0.00M | Scene, ViewLayer | Synchronizing object | W27_s00
Fra:1 Mem:254.20M (Peak 254.20M) | Time:00:00.10 | Mem:0.00M, Peak:0.00M | Scene, ViewLayer | Synchronizing object | W27_s01
Fra:1 Mem:254.77M (Peak 254.77M) | Time:00:00.10 | Mem:0.00M, Peak:0.00M | Scene, ViewLayer | Synchronizing object | W27_s02
Fra:1 Mem:254.77M (Peak 254.77M) | Time:00:00.10 | Mem:0.00M, Peak:0.00M | Scene, ViewLayer | Synchronizing object | W28_s00
Fra:1 Mem:254.78M (Peak 254.78M) | Time:00:00.10 | Mem:0.00M, Peak:0.00M | Scene, ViewLayer | Synchronizing object | W29_s00
Fra:1 Mem:254.78M (Peak 254.78M) | Time:00:00.10 | Mem:0.00M, Peak:0.00M | Scene, ViewLayer | Synchronizing object | win_W01_0bot
Fra:1 Mem:254.80M (Peak 254.80M) | Time:00:00.10 | Mem:0.00M, Peak:0.00M | Scene, ViewLayer | Synchronizing object | win_W01_0top
Fra:1 Mem:254.80M (Peak 254.80M) | Time:00:00.10 | Mem:0.00M, Peak:0.00M | Scene, ViewLayer | Synchronizing object | win_W01_0lft
Fra:1 Mem:254.81M (Peak 254.81M) | Time:00:00.10 | Mem:0.00M, Peak:0.00M | Scene, ViewLayer | Synchronizing object | win_W01_0glass
Fra:1 Mem:276.03M (Peak 276.03M) | Time:00:00.10 | Mem:0.00M, Peak:0.00M | Scene, ViewLayer | Synchronizing object | win_W06_0rgt
Fra:1 Mem:275.73M (Peak 276.03M) | Time:00:00.10 | Mem:0.00M, Peak:0.00M | Scene, ViewLayer | Synchronizing object | win_W06_0mul1
Fra:1 Mem:275.73M (Peak 276.03M) | Time:00:00.10 | Mem:0.00M, Peak:0.00M | Scene, ViewLayer | Synchronizing object | win_W10_0bot
Fra:1 Mem:275.73M (Peak 276.03M) | Time:00:00.10 | Mem:0.00M, Peak:0.00M | Scene, ViewLayer | Synchronizing object | win_W10_0top
Fra:1 Mem:275.74M (Peak 276.03M) | Time:00:00.10 | Mem:0.00M, Peak:0.00M | Scene, ViewLayer | Synchronizing object | win_W10_0lft
Fra:1 Mem:275.74M (Peak 276.03M) | Time:00:00.10 | Mem:0.00M, Peak:0.00M | Scene, ViewLayer | Synchronizing object | win_W10_0rgt
Fra:1 Mem:275.74M (Peak 276.03M) | Time:00:00.10 | Mem:0.00M, Peak:0.00M | Scene, ViewLayer | Synchronizing object | win_W10_0glass
Fra:1 Mem:275.75M (Peak 276.03M) | Time:00:00.10 | Mem:0.00M, Peak:0.00M | Scene, ViewLayer | Synchronizing object | win_W18_0bot
Fra:1 Mem:275.75M (Peak 276.03M) | Time:00:00.10 | Mem:0.00M, Peak:0.00M | Scene, ViewLayer | Synchronizing object | win_W18_0top
Fra:1 Mem:275.75M (Peak 276.03M) | Time:00:00.10 | Mem:0.00M, Peak:0.00M | Scene, ViewLayer | Synchronizing object | win_W18_0lft
Fra:1 Mem:275.75M (Peak 276.03M) | Time:00:00.10 | Mem:0.00M, Peak:0.00M | Scene, ViewLayer | Synchronizing object | win_W18_0rgt
Fra:1 Mem:275.75M (Peak 276.03M) | Time:00:00.10 | Mem:0.00M, Peak:0.00M | Scene, ViewLayer | Synchronizing object | win_W18_0mul1
Fra:1 Mem:275.76M (Peak 276.03M) | Time:00:00.10 | Mem:0.00M, Peak:0.00M | Scene, ViewLayer | Synchronizing object | win_W18_0mul2
Fra:1 Mem:275.76M (Peak 276.03M) | Time:00:00.10 | Mem:0.00M, Peak:0.00M | Scene, ViewLayer | Synchronizing object | win_W23_0mul1
Fra:1 Mem:279.47M (Peak 279.47M) | Time:00:00.10 | Mem:0.00M, Peak:0.00M | Scene, ViewLayer | Synchronizing object | door_W07_0jtopi
Fra:1 Mem:279.47M (Peak 279.47M) | Time:00:00.10 | Mem:0.00M, Peak:0.00M | Scene, ViewLayer | Synchronizing object | door_W07_0lin_r
Fra:1 Mem:279.48M (Peak 279.48M) | Time:00:00.10 | Mem:0.00M, Peak:0.00M | Scene, ViewLayer | Synchronizing object | door_W07_0lin_t
Fra:1 Mem:281.69M (Peak 281.69M) | Time:00:00.10 | Mem:0.00M, Peak:0.00M | Scene, ViewLayer | Synchronizing object | door_W07_0leaf
Fra:1 Mem:281.69M (Peak 281.69M) | Time:00:00.10 | Mem:0.00M, Peak:0.00M | Scene, ViewLayer | Synchronizing object | door_W08_0jlfto
Fra:1 Mem:281.70M (Peak 281.70M) | Time:00:00.10 | Mem:0.00M, Peak:0.00M | Scene, ViewLayer | Synchronizing object | door_W08_0jlfti
Fra:1 Mem:281.70M (Peak 281.70M) | Time:00:00.10 | Mem:0.00M, Peak:0.00M | Scene, ViewLayer | Synchronizing object | door_W08_0jrgti
Fra:1 Mem:281.70M (Peak 281.70M) | Time:00:00.10 | Mem:0.00M, Peak:0.00M | Scene, ViewLayer | Synchronizing object | door_W08_0jtopo
Fra:1 Mem:281.70M (Peak 281.70M) | Time:00:00.10 | Mem:0.00M, Peak:0.00M | Scene, ViewLayer | Synchronizing object | door_W08_0lin_l
Fra:1 Mem:281.71M (Peak 281.71M) | Time:00:00.10 | Mem:0.00M, Peak:0.00M | Scene, ViewLayer | Synchronizing object | door_W08_0lin_r
Fra:1 Mem:281.71M (Peak 281.71M) | Time:00:00.10 | Mem:0.00M, Peak:0.00M | Scene, ViewLayer | Synchronizing object | door_W08_0lin_t
Fra:1 Mem:281.71M (Peak 281.71M) | Time:00:00.10 | Mem:0.00M, Peak:0.00M | Scene, ViewLayer | Synchronizing object | door_W08_0lft
Fra:1 Mem:281.71M (Peak 281.71M) | Time:00:00.10 | Mem:0.00M, Peak:0.00M | Scene, ViewLayer | Synchronizing object | door_W08_0rgt
Fra:1 Mem:281.71M (Peak 281.71M) | Time:00:00.10 | Mem:0.00M, Peak:0.00M | Scene, ViewLayer | Synchronizing object | door_W08_0bot
Fra:1 Mem:281.72M (Peak 281.72M) | Time:00:00.10 | Mem:0.00M, Peak:0.00M | Scene, ViewLayer | Synchronizing object | door_W08_0fglass
Fra:1 Mem:281.72M (Peak 281.72M) | Time:00:00.10 | Mem:0.00M, Peak:0.00M | Scene, ViewLayer | Synchronizing object | door_W08_0hdl
Fra:1 Mem:281.72M (Peak 281.72M) | Time:00:00.10 | Mem:0.00M, Peak:0.00M | Scene, ViewLayer | Synchronizing object | door_W13_0jlfto
Fra:1 Mem:281.72M (Peak 281.72M) | Time:00:00.10 | Mem:0.00M, Peak:0.00M | Scene, ViewLayer | Synchronizing object | door_W13_0jrgti
Fra:1 Mem:281.73M (Peak 281.73M) | Time:00:00.10 | Mem:0.00M, Peak:0.00M | Scene, ViewLayer | Synchronizing object | door_W13_0jtopi
Fra:1 Mem:281.73M (Peak 281.73M) | Time:00:00.10 | Mem:0.00M, Peak:0.00M | Scene, ViewLayer | Synchronizing object | door_W13_0lin_l
Fra:1 Mem:281.73M (Peak 281.73M) | Time:00:00.10 | Mem:0.00M, Peak:0.00M | Scene, ViewLayer | Synchronizing object | door_W13_0hdl
Fra:1 Mem:281.73M (Peak 281.73M) | Time:00:00.10 | Mem:0.00M, Peak:0.00M | Scene, ViewLayer | Synchronizing object | door_W14_0jlfti
Fra:1 Mem:281.73M (Peak 281.73M) | Time:00:00.10 | Mem:0.00M, Peak:0.00M | Scene, ViewLayer | Synchronizing object | door_W14_0jrgto
Fra:1 Mem:281.76M (Peak 281.76M) | Time:00:00.10 | Mem:0.00M, Peak:0.00M | Scene, ViewLayer | Synchronizing object | door_W14_0jrgti
Fra:1 Mem:281.76M (Peak 281.76M) | Time:00:00.10 | Mem:0.00M, Peak:0.00M | Scene, ViewLayer | Synchronizing object | door_W14_0jtopo
Fra:1 Mem:281.76M (Peak 281.76M) | Time:00:00.10 | Mem:0.00M, Peak:0.00M | Scene, ViewLayer | Synchronizing object | door_W14_0jtopi
Fra:1 Mem:281.77M (Peak 281.77M) | Time:00:00.10 | Mem:0.00M, Peak:0.00M | Scene, ViewLayer | Synchronizing object | door_W14_0lin_l
Fra:1 Mem:281.77M (Peak 281.77M) | Time:00:00.10 | Mem:0.00M, Peak:0.00M | Scene, ViewLayer | Synchronizing object | door_W14_0lin_t
Fra:1 Mem:281.77M (Peak 281.77M) | Time:00:00.10 | Mem:0.00M, Peak:0.00M | Scene, ViewLayer | Synchronizing object | door_W14_0hdl
Fra:1 Mem:281.78M (Peak 281.78M) | Time:00:00.10 | Mem:0.00M, Peak:0.00M | Scene, ViewLayer | Synchronizing object | door_W14_1jlfto
Fra:1 Mem:281.78M (Peak 281.78M) | Time:00:00.10 | Mem:0.00M, Peak:0.00M | Scene, ViewLayer | Synchronizing object | door_W14_1jlfti
Fra:1 Mem:281.78M (Peak 281.78M) | Time:00:00.10 | Mem:0.00M, Peak:0.00M | Scene, ViewLayer | Synchronizing object | door_W14_1jrgto
Fra:1 Mem:281.78M (Peak 281.78M) | Time:00:00.10 | Mem:0.00M, Peak:0.00M | Scene, ViewLayer | Synchronizing object | door_W14_1jrgti
Fra:1 Mem:281.78M (Peak 281.78M) | Time:00:00.10 | Mem:0.00M, Peak:0.00M | Scene, ViewLayer | Synchronizing object | door_W14_1jtopi
Fra:1 Mem:281.79M (Peak 281.79M) | Time:00:00.10 | Mem:0.00M, Peak:0.00M | Scene, ViewLayer | Synchronizing object | door_W14_1jtopo
Fra:1 Mem:281.79M (Peak 281.79M) | Time:00:00.10 | Mem:0.00M, Peak:0.00M | Scene, ViewLayer | Synchronizing object | door_W15_0jlfti
Fra:1 Mem:281.79M (Peak 281.79M) | Time:00:00.10 | Mem:0.00M, Peak:0.00M | Scene, ViewLayer | Synchronizing object | door_W15_0jtopo
Fra:1 Mem:281.79M (Peak 281.79M) | Time:00:00.10 | Mem:0.00M, Peak:0.00M | Scene, ViewLayer | Synchronizing object | door_W15_0lin_l
Fra:1 Mem:281.79M (Peak 281.79M) | Time:00:00.10 | Mem:0.00M, Peak:0.00M | Scene, ViewLayer | Synchronizing object | door_W15_0lin_r
Fra:1 Mem:281.79M (Peak 281.79M) | Time:00:00.10 | Mem:0.00M, Peak:0.00M | Scene, ViewLayer | Synchronizing object | door_W15_0_bot
Fra:1 Mem:281.79M (Peak 281.79M) | Time:00:00.10 | Mem:0.00M, Peak:0.00M | Scene, ViewLayer | Synchronizing object | door_W15_0_top
Fra:1 Mem:281.80M (Peak 281.80M) | Time:00:00.10 | Mem:0.00M, Peak:0.00M | Scene, ViewLayer | Synchronizing object | door_W15_0_rgt
Fra:1 Mem:281.80M (Peak 281.80M) | Time:00:00.10 | Mem:0.00M, Peak:0.00M | Scene, ViewLayer | Synchronizing object | door_W15_0_glass
Fra:1 Mem:281.80M (Peak 281.80M) | Time:00:00.10 | Mem:0.00M, Peak:0.00M | Scene, ViewLayer | Synchronizing object | door_W15_1_bot
Fra:1 Mem:281.80M (Peak 281.80M) | Time:00:00.10 | Mem:0.00M, Peak:0.00M | Scene, ViewLayer | Synchronizing object | door_W15_1_top
Fra:1 Mem:281.80M (Peak 281.80M) | Time:00:00.10 | Mem:0.00M, Peak:0.00M | Scene, ViewLayer | Synchronizing object | door_W15_1_lft
Fra:1 Mem:281.81M (Peak 281.81M) | Time:00:00.10 | Mem:0.00M, Peak:0.00M | Scene, ViewLayer | Synchronizing object | door_W15_1_glass
Fra:1 Mem:281.81M (Peak 281.81M) | Time:00:00.10 | Mem:0.00M, Peak:0.00M | Scene, ViewLayer | Synchronizing object | door_W17_0jlfto
Fra:1 Mem:281.81M (Peak 281.81M) | Time:00:00.10 | Mem:0.00M, Peak:0.00M | Scene, ViewLayer | Synchronizing object | door_W17_0jlfti
Fra:1 Mem:287.12M (Peak 287.12M) | Time:00:00.10 | Mem:0.00M, Peak:0.00M | Scene, ViewLayer | Synchronizing object | door_W17_0jrgto
Fra:1 Mem:287.13M (Peak 287.13M) | Time:00:00.10 | Mem:0.00M, Peak:0.00M | Scene, ViewLayer | Synchronizing object | door_W17_0jrgti
Fra:1 Mem:287.13M (Peak 287.13M) | Time:00:00.10 | Mem:0.00M, Peak:0.00M | Scene, ViewLayer | Synchronizing object | door_W17_0jtopo
Fra:1 Mem:287.13M (Peak 287.13M) | Time:00:00.10 | Mem:0.00M, Peak:0.00M | Scene, ViewLayer | Synchronizing object | door_W17_0lin_l
Fra:1 Mem:287.13M (Peak 287.13M) | Time:00:00.10 | Mem:0.00M, Peak:0.00M | Scene, ViewLayer | Synchronizing object | door_W17_0lin_r
Fra:1 Mem:287.13M (Peak 287.13M) | Time:00:00.10 | Mem:0.00M, Peak:0.00M | Scene, ViewLayer | Synchronizing object | door_W17_0_bot
Fra:1 Mem:287.14M (Peak 287.14M) | Time:00:00.10 | Mem:0.00M, Peak:0.00M | Scene, ViewLayer | Synchronizing object | door_W17_0_lft
Fra:1 Mem:287.14M (Peak 287.14M) | Time:00:00.10 | Mem:0.00M, Peak:0.00M | Scene, ViewLayer | Synchronizing object | door_W17_0_rgt
Fra:1 Mem:287.14M (Peak 287.14M) | Time:00:00.10 | Mem:0.00M, Peak:0.00M | Scene, ViewLayer | Synchronizing object | door_W17_1_bot
Fra:1 Mem:287.14M (Peak 287.14M) | Time:00:00.10 | Mem:0.00M, Peak:0.00M | Scene, ViewLayer | Synchronizing object | door_W17_1_lft
Fra:1 Mem:287.15M (Peak 287.15M) | Time:00:00.10 | Mem:0.00M, Peak:0.00M | Scene, ViewLayer | Synchronizing object | door_W17_1_rgt
Fra:1 Mem:287.15M (Peak 287.15M) | Time:00:00.10 | Mem:0.00M, Peak:0.00M | Scene, ViewLayer | Synchronizing object | door_W17_2_bot
Fra:1 Mem:287.15M (Peak 287.15M) | Time:00:00.10 | Mem:0.00M, Peak:0.00M | Scene, ViewLayer | Synchronizing object | door_W17_2_top
Fra:1 Mem:287.16M (Peak 287.16M) | Time:00:00.10 | Mem:0.00M, Peak:0.00M | Scene, ViewLayer | Synchronizing object | door_W17_2_rgt
Fra:1 Mem:287.16M (Peak 287.16M) | Time:00:00.10 | Mem:0.00M, Peak:0.00M | Scene, ViewLayer | Synchronizing object | door_W17_2_glass
Fra:1 Mem:287.16M (Peak 287.16M) | Time:00:00.10 | Mem:0.00M, Peak:0.00M | Scene, ViewLayer | Synchronizing object | door_W19_0jlfto
Fra:1 Mem:287.16M (Peak 287.16M) | Time:00:00.10 | Mem:0.00M, Peak:0.00M | Scene, ViewLayer | Synchronizing object | door_W19_0jlfti
Fra:1 Mem:287.16M (Peak 287.16M) | Time:00:00.10 | Mem:0.00M, Peak:0.00M | Scene, ViewLayer | Synchronizing object | door_W19_0jrgti
Fra:1 Mem:287.17M (Peak 287.17M) | Time:00:00.10 | Mem:0.00M, Peak:0.00M | Scene, ViewLayer | Synchronizing object | door_W19_0jtopi
Fra:1 Mem:289.38M (Peak 289.38M) | Time:00:00.10 | Mem:0.00M, Peak:0.00M | Scene, ViewLayer | Synchronizing object | door_W19_0lin_l
Fra:1 Mem:293.65M (Peak 293.65M) | Time:00:00.10 | Mem:0.00M, Peak:0.00M | Scene, ViewLayer | Synchronizing object | door_W19_0lin_r
Fra:1 Mem:297.37M (Peak 297.37M) | Time:00:00.10 | Mem:0.00M, Peak:0.00M | Scene, ViewLayer | Synchronizing object | door_W19_0lin_t
Fra:1 Mem:297.37M (Peak 297.37M) | Time:00:00.10 | Mem:0.00M, Peak:0.00M | Scene, ViewLayer | Synchronizing object | door_W19_0leaf
Fra:1 Mem:297.38M (Peak 297.38M) | Time:00:00.10 | Mem:0.00M, Peak:0.00M | Scene, ViewLayer | Synchronizing object | door_W19_0hdl
Fra:1 Mem:297.38M (Peak 297.38M) | Time:00:00.10 | Mem:0.00M, Peak:0.00M | Scene, ViewLayer | Synchronizing object | door_W27_0jlfto
Fra:1 Mem:297.38M (Peak 297.38M) | Time:00:00.10 | Mem:0.00M, Peak:0.00M | Scene, ViewLayer | Synchronizing object | door_W27_0jlfti
Fra:1 Mem:297.38M (Peak 297.38M) | Time:00:00.10 | Mem:0.00M, Peak:0.00M | Scene, ViewLayer | Synchronizing object | door_W27_0jrgti
Fra:1 Mem:297.38M (Peak 297.38M) | Time:00:00.10 | Mem:0.00M, Peak:0.00M | Scene, ViewLayer | Synchronizing object | door_W27_0jtopo
Fra:1 Mem:297.39M (Peak 297.39M) | Time:00:00.10 | Mem:0.00M, Peak:0.00M | Scene, ViewLayer | Synchronizing object | door_W27_0lin_l
Fra:1 Mem:297.39M (Peak 297.39M) | Time:00:00.10 | Mem:0.00M, Peak:0.00M | Scene, ViewLayer | Synchronizing object | A_living_dining_balcony_floor_lamp_01_arc
Fra:1 Mem:297.46M (Peak 297.46M) | Time:00:00.10 | Mem:0.00M, Peak:0.00M | Scene, ViewLayer | Synchronizing object | door_W27_0lin_r
Fra:1 Mem:297.46M (Peak 297.46M) | Time:00:00.11 | Mem:0.00M, Peak:0.00M | Scene, ViewLayer | Synchronizing object | door_W27_0hdl
Fra:1 Mem:297.46M (Peak 297.46M) | Time:00:00.11 | Mem:0.00M, Peak:0.00M | Scene, ViewLayer | Synchronizing object | lt_strip_tv
Fra:1 Mem:297.47M (Peak 297.47M) | Time:00:00.11 | Mem:0.00M, Peak:0.00M | Scene, ViewLayer | Synchronizing object | rail_ter_S_p0
Fra:1 Mem:295.25M (Peak 297.47M) | Time:00:00.11 | Mem:0.00M, Peak:0.00M | Scene, ViewLayer | Synchronizing object | rail_ter_S_top
Fra:1 Mem:298.76M (Peak 298.76M) | Time:00:00.11 | Mem:0.00M, Peak:0.00M | Scene, ViewLayer | Synchronizing object | rail_ter_E_p2
Fra:1 Mem:298.77M (Peak 298.77M) | Time:00:00.11 | Mem:0.00M, Peak:0.00M | Scene, ViewLayer | Synchronizing object | lt_pendant_01
Fra:1 Mem:298.77M (Peak 298.77M) | Time:00:00.11 | Mem:0.00M, Peak:0.00M | Scene, ViewLayer | Synchronizing object | fx_art_wall_A
Fra:1 Mem:298.77M (Peak 298.77M) | Time:00:00.11 | Mem:0.00M, Peak:0.00M | Scene, ViewLayer | Synchronizing object | fx_curt_living_bo_e_A
Fra:1 Mem:298.78M (Peak 298.78M) | Time:00:00.11 | Mem:0.00M, Peak:0.00M | Scene, ViewLayer | Synchronizing object | fx_curt_living_bo_w_A
Fra:1 Mem:298.79M (Peak 298.79M) | Time:00:00.11 | Mem:0.00M, Peak:0.00M | Scene, ViewLayer | Synchronizing object | fx_curt_living_sheer_A
Fra:1 Mem:298.83M (Peak 298.83M) | Time:00:00.11 | Mem:0.00M, Peak:0.00M | Scene, ViewLayer | Synchronizing object | rail_ter_E_glass
Fra:1 Mem:298.83M (Peak 298.83M) | Time:00:00.11 | Mem:0.00M, Peak:0.00M | Scene, ViewLayer | Synchronizing object | A_living_dining_balcony_lounge_chair_01_arm1
Fra:1 Mem:295.13M (Peak 298.83M) | Time:00:00.11 | Mem:0.00M, Peak:0.00M | Scene, ViewLayer | Synchronizing object | common_kitchen_dishwasher_01_body
Fra:1 Mem:295.13M (Peak 298.83M) | Time:00:00.11 | Mem:0.00M, Peak:0.00M | Scene, ViewLayer | Synchronizing object | common_kitchen_dishwasher_01_drw_gapbg
Fra:1 Mem:295.13M (Peak 298.83M) | Time:00:00.11 | Mem:0.00M, Peak:0.00M | Scene, ViewLayer | Synchronizing object | common_kitchen_dishwasher_01_drw_p0
Fra:1 Mem:295.13M (Peak 298.83M) | Time:00:00.11 | Mem:0.00M, Peak:0.00M | Scene, ViewLayer | Synchronizing object | common_kitchen_dishwasher_01_drw_p1
Fra:1 Mem:295.13M (Peak 298.83M) | Time:00:00.11 | Mem:0.00M, Peak:0.00M | Scene, ViewLayer | Synchronizing object | common_kitchen_dishwasher_01_drw_f2
Fra:1 Mem:295.14M (Peak 298.83M) | Time:00:00.11 | Mem:0.00M, Peak:0.00M | Scene, ViewLayer | Synchronizing object | common_kitchen_dishwasher_01_drw_p2
Fra:1 Mem:295.14M (Peak 298.83M) | Time:00:00.11 | Mem:0.00M, Peak:0.00M | Scene, ViewLayer | Synchronizing object | common_kitchen_dishwasher_01_drw_f3
Fra:1 Mem:295.15M (Peak 298.83M) | Time:00:00.11 | Mem:0.00M, Peak:0.00M | Scene, ViewLayer | Synchronizing object | common_kitchen_dishwasher_01_drw_p3
Fra:1 Mem:295.15M (Peak 298.83M) | Time:00:00.11 | Mem:0.00M, Peak:0.00M | Scene, ViewLayer | Synchronizing object | common_kitchen_sink_01_basin
Fra:1 Mem:295.16M (Peak 298.83M) | Time:00:00.11 | Mem:0.00M, Peak:0.00M | Scene, ViewLayer | Synchronizing object | common_kitchen_sink_01_cav
Fra:1 Mem:295.16M (Peak 298.83M) | Time:00:00.11 | Mem:0.00M, Peak:0.00M | Scene, ViewLayer | Synchronizing object | common_kitchen_sink_01_taptip
Fra:1 Mem:295.17M (Peak 298.83M) | Time:00:00.11 | Mem:0.00M, Peak:0.00M | Scene, ViewLayer | Synchronizing object | common_kitchen_dishwasher_02_panel
Fra:1 Mem:295.17M (Peak 298.83M) | Time:00:00.11 | Mem:0.00M, Peak:0.00M | Scene, ViewLayer | Synchronizing object | common_kitchen_dishwasher_02_pull
Fra:1 Mem:295.18M (Peak 298.83M) | Time:00:00.11 | Mem:0.00M, Peak:0.00M | Scene, ViewLayer | Synchronizing object | A_living_dining_balcony_lounge_chair_01_leg3
Fra:1 Mem:295.18M (Peak 298.83M) | Time:00:00.11 | Mem:0.00M, Peak:0.00M | Scene, ViewLayer | Synchronizing object | common_kitchen_kitchen_counter_01_body
Fra:1 Mem:295.19M (Peak 298.83M) | Time:00:00.11 | Mem:0.00M, Peak:0.00M | Scene, ViewLayer | Synchronizing object | common_kitchen_kitchen_counter_01_drwS_gapbg
Fra:1 Mem:295.19M (Peak 298.83M) | Time:00:00.11 | Mem:0.00M, Peak:0.00M | Scene, ViewLayer | Synchronizing object | common_kitchen_kitchen_counter_01_drwS_f0
Fra:1 Mem:295.20M (Peak 298.83M) | Time:00:00.11 | Mem:0.00M, Peak:0.00M | Scene, ViewLayer | Synchronizing object | common_kitchen_kitchen_counter_01_drwS_p0
Fra:1 Mem:295.22M (Peak 298.83M) | Time:00:00.11 | Mem:0.00M, Peak:0.00M | Scene, ViewLayer | Synchronizing object | common_kitchen_kitchen_counter_01_drwH_gapbg
Fra:1 Mem:295.23M (Peak 298.83M) | Time:00:00.11 | Mem:0.00M, Peak:0.00M | Scene, ViewLayer | Synchronizing object | common_kitchen_kitchen_counter_01_drwH_d0
Fra:1 Mem:295.24M (Peak 298.83M) | Time:00:00.11 | Mem:0.00M, Peak:0.00M | Scene, ViewLayer | Synchronizing object | A_living_dining_balcony_lounge_chair_01_leg2
Fra:1 Mem:295.24M (Peak 298.83M) | Time:00:00.11 | Mem:0.00M, Peak:0.00M | Scene, ViewLayer | Synchronizing object | common_kitchen_kitchen_counter_01_drwH_slot0
Fra:1 Mem:295.26M (Peak 298.83M) | Time:00:00.11 | Mem:0.00M, Peak:0.00M | Scene, ViewLayer | Synchronizing object | common_kitchen_kitchen_counter_01_drwH_d1
Fra:1 Mem:295.27M (Peak 298.83M) | Time:00:00.11 | Mem:0.00M, Peak:0.00M | Scene, ViewLayer | Synchronizing object | common_kitchen_kitchen_counter_01_drwH_slot1
Fra:1 Mem:295.27M (Peak 298.83M) | Time:00:00.11 | Mem:0.00M, Peak:0.00M | Scene, ViewLayer | Synchronizing object | common_kitchen_kitchen_counter_01_drwN_p1
Fra:1 Mem:295.27M (Peak 298.83M) | Time:00:00.11 | Mem:0.00M, Peak:0.00M | Scene, ViewLayer | Synchronizing object | common_kitchen_hob_01_glass
Fra:1 Mem:295.28M (Peak 298.83M) | Time:00:00.11 | Mem:0.00M, Peak:0.00M | Scene, ViewLayer | Synchronizing object | common_kitchen_cabinet_01_door_f0b
Fra:1 Mem:295.29M (Peak 298.83M) | Time:00:00.11 | Mem:0.00M, Peak:0.00M | Scene, ViewLayer | Synchronizing object | common_kitchen_cabinet_01_door_f0t
Fra:1 Mem:295.29M (Peak 298.83M) | Time:00:00.11 | Mem:0.00M, Peak:0.00M | Scene, ViewLayer | Synchronizing object | A_living_dining_balcony_lounge_chair_01_leg1
Fra:1 Mem:295.31M (Peak 298.83M) | Time:00:00.11 | Mem:0.00M, Peak:0.00M | Scene, ViewLayer | Synchronizing object | common_kitchen_cabinet_01_door_p0
Fra:1 Mem:295.31M (Peak 298.83M) | Time:00:00.11 | Mem:0.00M, Peak:0.00M | Scene, ViewLayer | Synchronizing object | common_kitchen_cabinet_01_door_f1l
Fra:1 Mem:295.31M (Peak 298.83M) | Time:00:00.11 | Mem:0.00M, Peak:0.00M | Scene, ViewLayer | Synchronizing object | common_kitchen_cabinet_01_door_f1r
Fra:1 Mem:295.33M (Peak 298.83M) | Time:00:00.11 | Mem:0.00M, Peak:0.00M | Scene, ViewLayer | Synchronizing object | common_kitchen_cabinet_01_door_f1b
Fra:1 Mem:295.33M (Peak 298.83M) | Time:00:00.11 | Mem:0.00M, Peak:0.00M | Scene, ViewLayer | Synchronizing object | common_kitchen_cabinet_01_door_f1t
Fra:1 Mem:295.33M (Peak 298.83M) | Time:00:00.11 | Mem:0.00M, Peak:0.00M | Scene, ViewLayer | Synchronizing object | common_kitchen_cabinet_01_door_f1c
Fra:1 Mem:295.34M (Peak 298.83M) | Time:00:00.11 | Mem:0.00M, Peak:0.00M | Scene, ViewLayer | Synchronizing object | common_kitchen_cabinet_01_door_p1
Fra:1 Mem:295.34M (Peak 298.83M) | Time:00:00.11 | Mem:0.00M, Peak:0.00M | Scene, ViewLayer | Synchronizing object | common_kitchen_cabinet_01_door_f2l
Fra:1 Mem:295.34M (Peak 298.83M) | Time:00:00.11 | Mem:0.00M, Peak:0.00M | Scene, ViewLayer | Synchronizing object | common_kitchen_cabinet_01_door_f2b
Fra:1 Mem:295.34M (Peak 298.83M) | Time:00:00.11 | Mem:0.00M, Peak:0.00M | Scene, ViewLayer | Synchronizing object | common_kitchen_cabinet_01_door_f2t
Fra:1 Mem:295.36M (Peak 298.83M) | Time:00:00.11 | Mem:0.00M, Peak:0.00M | Scene, ViewLayer | Synchronizing object | common_kitchen_cabinet_01_door_f2c
Fra:1 Mem:295.37M (Peak 298.83M) | Time:00:00.11 | Mem:0.00M, Peak:0.00M | Scene, ViewLayer | Synchronizing object | common_kitchen_cabinet_01_door_p2
Fra:1 Mem:295.38M (Peak 298.83M) | Time:00:00.11 | Mem:0.00M, Peak:0.00M | Scene, ViewLayer | Synchronizing object | common_kitchen_cabinet_02_door_f0l
Fra:1 Mem:295.38M (Peak 298.83M) | Time:00:00.11 | Mem:0.00M, Peak:0.00M | Scene, ViewLayer | Synchronizing object | A_living_dining_balcony_lounge_chair_01_leg0
Fra:1 Mem:295.39M (Peak 298.83M) | Time:00:00.11 | Mem:0.00M, Peak:0.00M | Scene, ViewLayer | Synchronizing object | A_living_dining_balcony_lounge_chair_01_back
Fra:1 Mem:295.40M (Peak 298.83M) | Time:00:00.11 | Mem:0.00M, Peak:0.00M | Scene, ViewLayer | Synchronizing object | A_living_dining_balcony_lounge_chair_01_seat
Fra:1 Mem:295.42M (Peak 298.83M) | Time:00:00.11 | Mem:0.00M, Peak:0.00M | Scene, ViewLayer | Synchronizing object | common_kitchen_cabinet_02_door_f0t
Fra:1 Mem:295.43M (Peak 298.83M) | Time:00:00.11 | Mem:0.00M, Peak:0.00M | Scene, ViewLayer | Synchronizing object | common_kitchen_cabinet_02_door_f0c
Fra:1 Mem:295.44M (Peak 298.83M) | Time:00:00.11 | Mem:0.00M, Peak:0.00M | Scene, ViewLayer | Synchronizing object | common_kitchen_cabinet_02_door_f1l
Fra:1 Mem:295.45M (Peak 298.83M) | Time:00:00.11 | Mem:0.00M, Peak:0.00M | Scene, ViewLayer | Synchronizing object | common_kitchen_cabinet_02_door_f1t
Fra:1 Mem:295.46M (Peak 298.83M) | Time:00:00.11 | Mem:0.00M, Peak:0.00M | Scene, ViewLayer | Synchronizing object | common_kitchen_cabinet_02_door_f1c
Fra:1 Mem:295.47M (Peak 298.83M) | Time:00:00.11 | Mem:0.00M, Peak:0.00M | Scene, ViewLayer | Synchronizing object | common_kitchen_cabinet_02_door_f2l
Fra:1 Mem:295.48M (Peak 298.83M) | Time:00:00.11 | Mem:0.00M, Peak:0.00M | Scene, ViewLayer | Synchronizing object | common_kitchen_cabinet_02_door_f2r
Fra:1 Mem:295.49M (Peak 298.83M) | Time:00:00.11 | Mem:0.00M, Peak:0.00M | Scene, ViewLayer | Synchronizing object | common_kitchen_cabinet_02_door_f2b
Fra:1 Mem:295.50M (Peak 298.83M) | Time:00:00.11 | Mem:0.00M, Peak:0.00M | Scene, ViewLayer | Synchronizing object | common_kitchen_cabinet_02_door_f2t
Fra:1 Mem:295.52M (Peak 298.83M) | Time:00:00.11 | Mem:0.00M, Peak:0.00M | Scene, ViewLayer | Synchronizing object | common_kitchen_cabinet_02_door_f2c
Fra:1 Mem:295.53M (Peak 298.83M) | Time:00:00.11 | Mem:0.00M, Peak:0.00M | Scene, ViewLayer | Synchronizing object | common_kitchen_glass_sliding_door_01_stR
Fra:1 Mem:295.55M (Peak 298.83M) | Time:00:00.11 | Mem:0.00M, Peak:0.00M | Scene, ViewLayer | Synchronizing object | common_living_dining_balcony_glass_sliding_door_01_stL
Fra:1 Mem:295.56M (Peak 298.83M) | Time:00:00.11 | Mem:0.00M, Peak:0.00M | Scene, ViewLayer | Synchronizing object | common_living_dining_balcony_glass_sliding_door_01_stR
Fra:1 Mem:295.57M (Peak 298.83M) | Time:00:00.11 | Mem:0.00M, Peak:0.00M | Scene, ViewLayer | Synchronizing object | common_living_dining_balcony_glass_sliding_door_01_stB
Fra:1 Mem:295.57M (Peak 298.83M) | Time:00:00.11 | Mem:0.00M, Peak:0.00M | Scene, ViewLayer | Synchronizing object | common_living_dining_balcony_glass_sliding_door_02_glass
Fra:1 Mem:295.57M (Peak 298.83M) | Time:00:00.11 | Mem:0.00M, Peak:0.00M | Scene, ViewLayer | Synchronizing object | common_living_dining_balcony_glass_sliding_door_02_stR
Fra:1 Mem:295.58M (Peak 298.83M) | Time:00:00.11 | Mem:0.00M, Peak:0.00M | Scene, ViewLayer | Synchronizing object | common_living_dining_balcony_glass_sliding_door_02_stT
Fra:1 Mem:295.58M (Peak 298.83M) | Time:00:00.11 | Mem:0.00M, Peak:0.00M | Scene, ViewLayer | Synchronizing object | common_living_dining_balcony_glass_sliding_door_02_stB
Fra:1 Mem:295.59M (Peak 298.83M) | Time:00:00.11 | Mem:0.00M, Peak:0.00M | Scene, ViewLayer | Synchronizing object | common_kitchen_glass_sliding_door_02_glass
Fra:1 Mem:295.59M (Peak 298.83M) | Time:00:00.11 | Mem:0.00M, Peak:0.00M | Scene, ViewLayer | Synchronizing object | common_kitchen_glass_sliding_door_02_stL
Fra:1 Mem:295.60M (Peak 298.83M) | Time:00:00.11 | Mem:0.00M, Peak:0.00M | Scene, ViewLayer | Synchronizing object | common_kitchen_glass_sliding_door_02_stR
Fra:1 Mem:295.61M (Peak 298.83M) | Time:00:00.11 | Mem:0.00M, Peak:0.00M | Scene, ViewLayer | Synchronizing object | common_kitchen_glass_sliding_door_02_stT
Fra:1 Mem:303.38M (Peak 303.38M) | Time:00:00.11 | Mem:0.00M, Peak:0.00M | Scene, ViewLayer | Synchronizing object | A_living_dining_balcony_floor_lamp_01_base
Fra:1 Mem:303.38M (Peak 303.38M) | Time:00:00.11 | Mem:0.00M, Peak:0.00M | Scene, ViewLayer | Synchronizing object | common_living_dining_balcony_fridge_01_body
Fra:1 Mem:303.38M (Peak 303.38M) | Time:00:00.11 | Mem:0.00M, Peak:0.00M | Scene, ViewLayer | Synchronizing object | common_living_dining_balcony_fridge_01_seamH
Fra:1 Mem:303.39M (Peak 303.39M) | Time:00:00.11 | Mem:0.00M, Peak:0.00M | Scene, ViewLayer | Synchronizing object | common_living_dining_balcony_fridge_01_seamV
Fra:1 Mem:303.41M (Peak 303.41M) | Time:00:00.11 | Mem:0.00M, Peak:0.00M | Scene, ViewLayer | Synchronizing object | A_living_dining_balcony_tv_01_screen
Fra:1 Mem:303.42M (Peak 303.42M) | Time:00:00.11 | Mem:0.00M, Peak:0.00M | Scene, ViewLayer | Synchronizing object | A_living_dining_balcony_rug_01_border3
Fra:1 Mem:303.42M (Peak 303.42M) | Time:00:00.11 | Mem:0.00M, Peak:0.00M | Scene, ViewLayer | Synchronizing object | A_living_dining_balcony_rug_01_border2
Fra:1 Mem:303.42M (Peak 303.42M) | Time:00:00.11 | Mem:0.00M, Peak:0.00M | Scene, ViewLayer | Synchronizing object | A_living_dining_balcony_rug_01_border1
Fra:1 Mem:303.42M (Peak 303.42M) | Time:00:00.11 | Mem:0.00M, Peak:0.00M | Scene, ViewLayer | Synchronizing object | A_living_dining_balcony_rug_01_border0
Fra:1 Mem:303.43M (Peak 303.43M) | Time:00:00.11 | Mem:0.00M, Peak:0.00M | Scene, ViewLayer | Synchronizing object | common_living_dining_balcony_fridge_01_pullL
Fra:1 Mem:303.43M (Peak 303.43M) | Time:00:00.11 | Mem:0.00M, Peak:0.00M | Scene, ViewLayer | Synchronizing object | A_living_dining_balcony_rug_01_pile
Fra:1 Mem:303.44M (Peak 303.44M) | Time:00:00.11 | Mem:0.00M, Peak:0.00M | Scene, ViewLayer | Synchronizing object | A_living_dining_balcony_coffee_table_01_leg2
Fra:1 Mem:303.44M (Peak 303.44M) | Time:00:00.11 | Mem:0.00M, Peak:0.00M | Scene, ViewLayer | Synchronizing object | A_living_dining_balcony_coffee_table_01_leg1
Fra:1 Mem:303.44M (Peak 303.44M) | Time:00:00.11 | Mem:0.00M, Peak:0.00M | Scene, ViewLayer | Synchronizing object | A_living_dining_balcony_coffee_table_01_leg0
Fra:1 Mem:303.44M (Peak 303.44M) | Time:00:00.11 | Mem:0.00M, Peak:0.00M | Scene, ViewLayer | Synchronizing object | A_living_dining_balcony_coffee_table_01_top
Fra:1 Mem:303.45M (Peak 303.45M) | Time:00:00.11 | Mem:0.00M, Peak:0.00M | Scene, ViewLayer | Synchronizing object | A_living_dining_balcony_ottoman_01_base
Fra:1 Mem:303.45M (Peak 303.45M) | Time:00:00.11 | Mem:0.00M, Peak:0.00M | Scene, ViewLayer | Synchronizing object | A_living_dining_balcony_ottoman_01_pad
Fra:1 Mem:303.46M (Peak 303.46M) | Time:00:00.11 | Mem:0.00M, Peak:0.00M | Scene, ViewLayer | Synchronizing object | A_living_dining_balcony_sofa_01_pillow_brick
Fra:1 Mem:303.46M (Peak 303.46M) | Time:00:00.11 | Mem:0.00M, Peak:0.00M | Scene, ViewLayer | Synchronizing object | common_living_dining_balcony_cabinet_01_body
Fra:1 Mem:303.46M (Peak 303.46M) | Time:00:00.11 | Mem:0.00M, Peak:0.00M | Scene, ViewLayer | Synchronizing object | common_living_dining_balcony_cabinet_01_door_gapbg
Fra:1 Mem:303.46M (Peak 303.46M) | Time:00:00.11 | Mem:0.00M, Peak:0.00M | Scene, ViewLayer | Synchronizing object | common_living_dining_balcony_cabinet_01_door_f0l
Fra:1 Mem:303.46M (Peak 303.46M) | Time:00:00.11 | Mem:0.00M, Peak:0.00M | Scene, ViewLayer | Synchronizing object | common_living_dining_balcony_cabinet_01_door_f0r
Fra:1 Mem:303.47M (Peak 303.47M) | Time:00:00.11 | Mem:0.00M, Peak:0.00M | Scene, ViewLayer | Synchronizing object | common_living_dining_balcony_cabinet_01_door_f1l
Fra:1 Mem:303.48M (Peak 303.48M) | Time:00:00.11 | Mem:0.00M, Peak:0.00M | Scene, ViewLayer | Synchronizing object | common_foyer_cabinet_01_door_f0t
Fra:1 Mem:303.48M (Peak 303.48M) | Time:00:00.11 | Mem:0.00M, Peak:0.00M | Scene, ViewLayer | Synchronizing object | common_foyer_cabinet_01_door_p0
Fra:1 Mem:303.50M (Peak 303.50M) | Time:00:00.11 | Mem:0.00M, Peak:0.00M | Scene, ViewLayer | Synchronizing object | common_foyer_cabinet_01_door_f1l
Fra:1 Mem:303.51M (Peak 303.51M) | Time:00:00.11 | Mem:0.00M, Peak:0.00M | Scene, ViewLayer | Synchronizing object | common_foyer_cabinet_01_door_f1b
Fra:1 Mem:303.52M (Peak 303.52M) | Time:00:00.11 | Mem:0.00M, Peak:0.00M | Scene, ViewLayer | Synchronizing object | common_foyer_cabinet_01_door_f1t
Fra:1 Mem:303.54M (Peak 303.54M) | Time:00:00.11 | Mem:0.00M, Peak:0.00M | Scene, ViewLayer | Synchronizing object | common_foyer_cabinet_01_door_p1
Fra:1 Mem:303.54M (Peak 303.54M) | Time:00:00.11 | Mem:0.00M, Peak:0.00M | Scene, ViewLayer | Synchronizing object | common_foyer_cabinet_01_door_f2l
Fra:1 Mem:303.54M (Peak 303.54M) | Time:00:00.11 | Mem:0.00M, Peak:0.00M | Scene, ViewLayer | Synchronizing object | common_foyer_cabinet_01_door_f2b
Fra:1 Mem:303.55M (Peak 303.55M) | Time:00:00.11 | Mem:0.00M, Peak:0.00M | Scene, ViewLayer | Synchronizing object | common_foyer_cabinet_01_door_f2c
Fra:1 Mem:303.57M (Peak 303.57M) | Time:00:00.11 | Mem:0.00M, Peak:0.00M | Scene, ViewLayer | Synchronizing object | common_foyer_cabinet_01_door_p2
Fra:1 Mem:303.57M (Peak 303.57M) | Time:00:00.11 | Mem:0.00M, Peak:0.00M | Scene, ViewLayer | Synchronizing object | common_foyer_open_niche_01_back
Fra:1 Mem:303.58M (Peak 303.58M) | Time:00:00.11 | Mem:0.00M, Peak:0.00M | Scene, ViewLayer | Synchronizing object | common_foyer_open_niche_01_cheek0
Fra:1 Mem:303.58M (Peak 303.58M) | Time:00:00.11 | Mem:0.00M, Peak:0.00M | Scene, ViewLayer | Synchronizing object | common_foyer_open_niche_01_top
Fra:1 Mem:303.58M (Peak 303.58M) | Time:00:00.11 | Mem:0.00M, Peak:0.00M | Scene, ViewLayer | Synchronizing object | common_foyer_open_niche_01_bottom
Fra:1 Mem:303.59M (Peak 303.59M) | Time:00:00.11 | Mem:0.00M, Peak:0.00M | Scene, ViewLayer | Synchronizing object | common_foyer_open_niche_01_sh0
Fra:1 Mem:303.61M (Peak 303.61M) | Time:00:00.11 | Mem:0.00M, Peak:0.00M | Scene, ViewLayer | Synchronizing object | common_foyer_cabinet_02_body
Fra:1 Mem:303.62M (Peak 303.62M) | Time:00:00.11 | Mem:0.00M, Peak:0.00M | Scene, ViewLayer | Synchronizing object | common_foyer_cabinet_02_door_f0l
Fra:1 Mem:303.62M (Peak 303.62M) | Time:00:00.11 | Mem:0.00M, Peak:0.00M | Scene, ViewLayer | Synchronizing object | common_foyer_cabinet_02_door_f0r
Fra:1 Mem:303.63M (Peak 303.63M) | Time:00:00.11 | Mem:0.00M, Peak:0.00M | Scene, ViewLayer | Synchronizing object | common_foyer_cabinet_02_door_f0b
Fra:1 Mem:303.64M (Peak 303.64M) | Time:00:00.11 | Mem:0.00M, Peak:0.00M | Scene, ViewLayer | Synchronizing object | common_foyer_cabinet_02_door_p0
Fra:1 Mem:303.66M (Peak 303.66M) | Time:00:00.11 | Mem:0.00M, Peak:0.00M | Scene, ViewLayer | Synchronizing object | common_foyer_cabinet_02_door_f1l
Fra:1 Mem:303.66M (Peak 303.66M) | Time:00:00.11 | Mem:0.00M, Peak:0.00M | Scene, ViewLayer | Synchronizing object | common_foyer_cabinet_02_door_f1b
Fra:1 Mem:303.67M (Peak 303.67M) | Time:00:00.11 | Mem:0.00M, Peak:0.00M | Scene, ViewLayer | Synchronizing object | common_foyer_cabinet_02_door_f1t
Fra:1 Mem:303.68M (Peak 303.68M) | Time:00:00.11 | Mem:0.00M, Peak:0.00M | Scene, ViewLayer | Synchronizing object | common_foyer_cabinet_02_door_f1c
Fra:1 Mem:303.69M (Peak 303.69M) | Time:00:00.11 | Mem:0.00M, Peak:0.00M | Scene, ViewLayer | Synchronizing object | common_foyer_cabinet_02_door_p1
Fra:1 Mem:303.69M (Peak 303.69M) | Time:00:00.11 | Mem:0.00M, Peak:0.00M | Scene, ViewLayer | Synchronizing object | common_foyer_cabinet_02_door_f2l
Fra:1 Mem:303.69M (Peak 303.69M) | Time:00:00.11 | Mem:0.00M, Peak:0.00M | Scene, ViewLayer | Synchronizing object | common_foyer_cabinet_02_door_f2b
Fra:1 Mem:303.69M (Peak 303.69M) | Time:00:00.11 | Mem:0.00M, Peak:0.00M | Scene, ViewLayer | Synchronizing object | common_foyer_cabinet_02_door_f2t
Fra:1 Mem:303.71M (Peak 303.71M) | Time:00:00.11 | Mem:0.00M, Peak:0.00M | Scene, ViewLayer | Synchronizing object | common_foyer_cabinet_02_door_f2c
Fra:1 Mem:303.71M (Peak 303.71M) | Time:00:00.11 | Mem:0.00M, Peak:0.00M | Scene, ViewLayer | Synchronizing object | common_foyer_cabinet_02_door_p2
Fra:1 Mem:303.72M (Peak 303.72M) | Time:00:00.11 | Mem:0.00M, Peak:0.00M | Scene, ViewLayer | Synchronizing object | common_foyer_mirror_door_01_mirror
Fra:1 Mem:303.72M (Peak 303.72M) | Time:00:00.11 | Mem:0.00M, Peak:0.00M | Scene, ViewLayer | Synchronizing object | common_foyer_mirror_door_01_fr0
Fra:1 Mem:303.74M (Peak 303.74M) | Time:00:00.11 | Mem:0.00M, Peak:0.00M | Scene, ViewLayer | Synchronizing object | common_foyer_mirror_door_01_fr1
Fra:1 Mem:303.75M (Peak 303.75M) | Time:00:00.11 | Mem:0.00M, Peak:0.00M | Scene, ViewLayer | Synchronizing object | common_foyer_mirror_door_01_fr2
Fra:1 Mem:303.79M (Peak 303.80M) | Time:00:00.11 | Mem:0.00M, Peak:0.00M | Scene, ViewLayer | Synchronizing object | common_foyer_mirror_door_01_fr3
Fra:1 Mem:303.80M (Peak 303.80M) | Time:00:00.11 | Mem:0.00M, Peak:0.00M | Scene, ViewLayer | Synchronizing object | common_foyer_mirror_door_01_pull
Fra:1 Mem:303.80M (Peak 303.80M) | Time:00:00.11 | Mem:0.00M, Peak:0.00M | Scene, ViewLayer | Synchronizing object | common_elevator_hall_cabinet_01_body
Fra:1 Mem:303.81M (Peak 303.81M) | Time:00:00.11 | Mem:0.00M, Peak:0.00M | Scene, ViewLayer | Synchronizing object | common_elevator_hall_cabinet_01_door_f0l
Fra:1 Mem:303.81M (Peak 303.81M) | Time:00:00.11 | Mem:0.00M, Peak:0.00M | Scene, ViewLayer | Synchronizing object | common_elevator_hall_cabinet_01_door_f0c
Fra:1 Mem:303.81M (Peak 303.81M) | Time:00:00.11 | Mem:0.00M, Peak:0.00M | Scene, ViewLayer | Synchronizing object | common_living_dining_balcony_bookcase_01_drw_f1
Fra:1 Mem:303.82M (Peak 303.82M) | Time:00:00.11 | Mem:0.00M, Peak:0.00M | Scene, ViewLayer | Synchronizing object | common_living_dining_balcony_bookcase_02_top
Fra:1 Mem:303.83M (Peak 303.83M) | Time:00:00.11 | Mem:0.00M, Peak:0.00M | Scene, ViewLayer | Synchronizing object | common_living_dining_balcony_bookcase_02_bot
Fra:1 Mem:303.83M (Peak 303.83M) | Time:00:00.11 | Mem:0.00M, Peak:0.00M | Scene, ViewLayer | Synchronizing object | common_living_dining_balcony_bookcase_02_endN
Fra:1 Mem:303.84M (Peak 303.84M) | Time:00:00.11 | Mem:0.00M, Peak:0.00M | Scene, ViewLayer | Synchronizing object | common_living_dining_balcony_bookcase_02_div1
Fra:1 Mem:303.84M (Peak 303.84M) | Time:00:00.11 | Mem:0.00M, Peak:0.00M | Scene, ViewLayer | Synchronizing object | common_living_dining_balcony_bookcase_02_door_gapbg
Fra:1 Mem:303.86M (Peak 303.86M) | Time:00:00.11 | Mem:0.00M, Peak:0.00M | Scene, ViewLayer | Synchronizing object | common_living_dining_balcony_bookcase_02_door_f0
Fra:1 Mem:303.86M (Peak 303.86M) | Time:00:00.11 | Mem:0.00M, Peak:0.00M | Scene, ViewLayer | Synchronizing object | common_living_dining_balcony_bookcase_02_shelf1
Fra:1 Mem:303.86M (Peak 303.86M) | Time:00:00.11 | Mem:0.00M, Peak:0.00M | Scene, ViewLayer | Synchronizing object | common_living_dining_balcony_bookcase_02_shelf2
Fra:1 Mem:303.87M (Peak 303.87M) | Time:00:00.11 | Mem:0.00M, Peak:0.00M | Scene, ViewLayer | Synchronizing object | common_living_dining_balcony_bookcase_02_shelf3
Fra:1 Mem:303.87M (Peak 303.87M) | Time:00:00.11 | Mem:0.00M, Peak:0.00M | Scene, ViewLayer | Synchronizing object | common_living_dining_balcony_bookcase_02_gshelf1
Fra:1 Mem:303.87M (Peak 303.87M) | Time:00:00.11 | Mem:0.00M, Peak:0.00M | Scene, ViewLayer | Synchronizing object | common_living_dining_balcony_bookcase_02_gf_stS
Fra:1 Mem:303.88M (Peak 303.88M) | Time:00:00.11 | Mem:0.00M, Peak:0.00M | Scene, ViewLayer | Synchronizing object | common_living_dining_balcony_bookcase_02_gf_stN
Fra:1 Mem:303.88M (Peak 303.88M) | Time:00:00.11 | Mem:0.00M, Peak:0.00M | Scene, ViewLayer | Synchronizing object | common_living_dining_balcony_bookcase_02_gf_rlB
Fra:1 Mem:303.90M (Peak 303.90M) | Time:00:00.11 | Mem:0.00M, Peak:0.00M | Scene, ViewLayer | Synchronizing object | common_living_dining_balcony_bookcase_02_gf_rlT
Fra:1 Mem:303.90M (Peak 303.90M) | Time:00:00.11 | Mem:0.00M, Peak:0.00M | Scene, ViewLayer | Synchronizing object | common_living_dining_balcony_bookcase_02_gpane
Fra:1 Mem:303.91M (Peak 303.91M) | Time:00:00.11 | Mem:0.00M, Peak:0.00M | Scene, ViewLayer | Synchronizing object | common_living_dining_balcony_bookcase_02_gknob
Fra:1 Mem:303.91M (Peak 303.91M) | Time:00:00.11 | Mem:0.00M, Peak:0.00M | Scene, ViewLayer | Synchronizing object | common_living_dining_balcony_laundry_cabinet_01_door_gapbg
Fra:1 Mem:303.92M (Peak 303.92M) | Time:00:00.11 | Mem:0.00M, Peak:0.00M | Scene, ViewLayer | Synchronizing object | common_living_dining_balcony_laundry_cabinet_01_door_f0l
Fra:1 Mem:303.93M (Peak 303.93M) | Time:00:00.11 | Mem:0.00M, Peak:0.00M | Scene, ViewLayer | Synchronizing object | common_living_dining_balcony_laundry_cabinet_01_door_f0b
Fra:1 Mem:303.95M (Peak 303.95M) | Time:00:00.11 | Mem:0.00M, Peak:0.00M | Scene, ViewLayer | Synchronizing object | common_living_dining_balcony_laundry_cabinet_01_door_f0c
Fra:1 Mem:303.95M (Peak 303.95M) | Time:00:00.11 | Mem:0.00M, Peak:0.00M | Scene, ViewLayer | Synchronizing object | common_living_dining_balcony_laundry_cabinet_01_door_p0
Fra:1 Mem:303.96M (Peak 303.96M) | Time:00:00.11 | Mem:0.00M, Peak:0.00M | Scene, ViewLayer | Synchronizing object | common_living_dining_balcony_laundry_cabinet_01_door_f1l
Fra:1 Mem:303.97M (Peak 303.97M) | Time:00:00.11 | Mem:0.00M, Peak:0.00M | Scene, ViewLayer | Synchronizing object | common_living_dining_balcony_laundry_cabinet_01_door_f1r
Fra:1 Mem:303.97M (Peak 303.97M) | Time:00:00.11 | Mem:0.00M, Peak:0.00M | Scene, ViewLayer | Synchronizing object | common_living_dining_balcony_laundry_cabinet_01_door_f1t
Fra:1 Mem:303.98M (Peak 303.98M) | Time:00:00.11 | Mem:0.00M, Peak:0.00M | Scene, ViewLayer | Synchronizing object | common_living_dining_balcony_laundry_cabinet_01_door_p1
Fra:1 Mem:303.99M (Peak 303.99M) | Time:00:00.11 | Mem:0.00M, Peak:0.00M | Scene, ViewLayer | Synchronizing object | common_master_bedroom_wardrobe_01_body
Fra:1 Mem:303.99M (Peak 303.99M) | Time:00:00.11 | Mem:0.00M, Peak:0.00M | Scene, ViewLayer | Synchronizing object | common_master_bedroom_wardrobe_01_door_gapbg
Fra:1 Mem:304.00M (Peak 304.00M) | Time:00:00.11 | Mem:0.00M, Peak:0.00M | Scene, ViewLayer | Synchronizing object | common_master_bedroom_wardrobe_01_door_f0b
Fra:1 Mem:304.00M (Peak 304.00M) | Time:00:00.11 | Mem:0.00M, Peak:0.00M | Scene, ViewLayer | Synchronizing object | common_master_bedroom_wardrobe_01_door_f0t
Fra:1 Mem:304.01M (Peak 304.01M) | Time:00:00.11 | Mem:0.00M, Peak:0.00M | Scene, ViewLayer | Synchronizing object | common_master_bedroom_wardrobe_01_door_f0c
Fra:1 Mem:304.02M (Peak 304.02M) | Time:00:00.11 | Mem:0.00M, Peak:0.00M | Scene, ViewLayer | Synchronizing object | common_master_bedroom_wardrobe_01_door_p0
Fra:1 Mem:304.03M (Peak 304.03M) | Time:00:00.11 | Mem:0.00M, Peak:0.00M | Scene, ViewLayer | Synchronizing object | common_master_bedroom_wardrobe_01_door_f1l
Fra:1 Mem:304.04M (Peak 304.04M) | Time:00:00.11 | Mem:0.00M, Peak:0.00M | Scene, ViewLayer | Synchronizing object | common_master_bedroom_wardrobe_01_door_f1r
Fra:1 Mem:304.04M (Peak 304.04M) | Time:00:00.11 | Mem:0.00M, Peak:0.00M | Scene, ViewLayer | Synchronizing object | common_master_bedroom_wardrobe_01_door_f1t
Fra:1 Mem:304.06M (Peak 304.06M) | Time:00:00.11 | Mem:0.00M, Peak:0.00M | Scene, ViewLayer | Synchronizing object | common_master_bedroom_wardrobe_01_door_p1
Fra:1 Mem:304.07M (Peak 304.07M) | Time:00:00.11 | Mem:0.00M, Peak:0.00M | Scene, ViewLayer | Synchronizing object | common_master_bedroom_wardrobe_01_door_f2l
Fra:1 Mem:304.07M (Peak 304.07M) | Time:00:00.11 | Mem:0.00M, Peak:0.00M | Scene, ViewLayer | Synchronizing object | common_master_bedroom_wardrobe_01_door_f2r
Fra:1 Mem:304.08M (Peak 304.08M) | Time:00:00.11 | Mem:0.00M, Peak:0.00M | Scene, ViewLayer | Synchronizing object | common_master_bedroom_wardrobe_01_door_f2t
Fra:1 Mem:304.09M (Peak 304.09M) | Time:00:00.11 | Mem:0.00M, Peak:0.00M | Scene, ViewLayer | Synchronizing object | common_master_bedroom_wardrobe_01_door_f2c
Fra:1 Mem:304.09M (Peak 304.09M) | Time:00:00.11 | Mem:0.00M, Peak:0.00M | Scene, ViewLayer | Synchronizing object | common_master_bedroom_wardrobe_01_door_f3l
Fra:1 Mem:304.11M (Peak 304.11M) | Time:00:00.11 | Mem:0.00M, Peak:0.00M | Scene, ViewLayer | Synchronizing object | common_master_bedroom_wardrobe_01_door_f3r
Fra:1 Mem:304.11M (Peak 304.11M) | Time:00:00.11 | Mem:0.00M, Peak:0.00M | Scene, ViewLayer | Synchronizing object | common_master_bedroom_wardrobe_01_door_f3b
Fra:1 Mem:304.11M (Peak 304.11M) | Time:00:00.11 | Mem:0.00M, Peak:0.00M | Scene, ViewLayer | Synchronizing object | common_master_bedroom_wardrobe_01_door_f3t
Fra:1 Mem:304.11M (Peak 304.11M) | Time:00:00.11 | Mem:0.00M, Peak:0.00M | Scene, ViewLayer | Synchronizing object | common_master_bedroom_wardrobe_01_door_f3c
Fra:1 Mem:304.12M (Peak 304.12M) | Time:00:00.11 | Mem:0.00M, Peak:0.00M | Scene, ViewLayer | Synchronizing object | common_master_bedroom_wardrobe_01_door_p3
Fra:1 Mem:304.13M (Peak 304.13M) | Time:00:00.11 | Mem:0.00M, Peak:0.00M | Scene, ViewLayer | Synchronizing object | common_master_bedroom_wardrobe_01_door_f4l
Fra:1 Mem:300.63M (Peak 304.13M) | Time:00:00.11 | Mem:0.00M, Peak:0.00M | Scene, ViewLayer | Synchronizing object | common_master_bedroom_wardrobe_01_door_f4r
Fra:1 Mem:300.63M (Peak 304.13M) | Time:00:00.11 | Mem:0.00M, Peak:0.00M | Scene, ViewLayer | Synchronizing object | common_master_bedroom_wardrobe_01_door_f4t
Fra:1 Mem:300.64M (Peak 304.13M) | Time:00:00.11 | Mem:0.00M, Peak:0.00M | Scene, ViewLayer | Synchronizing object | common_master_bedroom_wardrobe_01_door_f5l
Fra:1 Mem:302.88M (Peak 304.13M) | Time:00:00.11 | Mem:0.00M, Peak:0.00M | Scene, ViewLayer | Synchronizing object | common_master_bedroom_wardrobe_01_door_f5r
Fra:1 Mem:302.90M (Peak 304.13M) | Time:00:00.11 | Mem:0.00M, Peak:0.00M | Scene, ViewLayer | Synchronizing object | common_master_bedroom_wardrobe_01_door_f5t
Fra:1 Mem:302.90M (Peak 304.13M) | Time:00:00.11 | Mem:0.00M, Peak:0.00M | Scene, ViewLayer | Synchronizing object | common_master_bedroom_wardrobe_01_door_f5c
Fra:1 Mem:302.91M (Peak 304.13M) | Time:00:00.11 | Mem:0.00M, Peak:0.00M | Scene, ViewLayer | Synchronizing object | common_master_bedroom_wardrobe_01_door_f6l
Fra:1 Mem:302.93M (Peak 304.13M) | Time:00:00.11 | Mem:0.00M, Peak:0.00M | Scene, ViewLayer | Synchronizing object | A_living_dining_balcony_sofa_01_arm0
Fra:1 Mem:302.93M (Peak 304.13M) | Time:00:00.11 | Mem:0.00M, Peak:0.00M | Scene, ViewLayer | Synchronizing object | common_master_bedroom_wardrobe_01_door_f6b
Fra:1 Mem:302.94M (Peak 304.13M) | Time:00:00.11 | Mem:0.00M, Peak:0.00M | Scene, ViewLayer | Synchronizing object | common_master_bedroom_wardrobe_01_door_f6t
Fra:1 Mem:302.94M (Peak 304.13M) | Time:00:00.11 | Mem:0.00M, Peak:0.00M | Scene, ViewLayer | Synchronizing object | A_living_dining_balcony_sofa_01_seat2
Fra:1 Mem:302.96M (Peak 304.13M) | Time:00:00.11 | Mem:0.00M, Peak:0.00M | Scene, ViewLayer | Synchronizing object | common_master_bedroom_wardrobe_01_door_f6c
Fra:1 Mem:302.97M (Peak 304.13M) | Time:00:00.11 | Mem:0.00M, Peak:0.00M | Scene, ViewLayer | Synchronizing object | common_master_bedroom_wardrobe_01_door_p6
Fra:1 Mem:302.97M (Peak 304.13M) | Time:00:00.11 | Mem:0.00M, Peak:0.00M | Scene, ViewLayer | Synchronizing object | common_master_bedroom_open_niche_01_back
Fra:1 Mem:302.97M (Peak 304.13M) | Time:00:00.11 | Mem:0.00M, Peak:0.00M | Scene, ViewLayer | Synchronizing object | common_master_bedroom_open_niche_01_cheek0
Fra:1 Mem:302.97M (Peak 304.13M) | Time:00:00.11 | Mem:0.00M, Peak:0.00M | Scene, ViewLayer | Synchronizing object | common_master_bedroom_open_niche_01_top
Fra:1 Mem:302.98M (Peak 304.13M) | Time:00:00.11 | Mem:0.00M, Peak:0.00M | Scene, ViewLayer | Synchronizing object | common_master_bedroom_open_niche_01_bottom
Fra:1 Mem:302.98M (Peak 304.13M) | Time:00:00.11 | Mem:0.00M, Peak:0.00M | Scene, ViewLayer | Synchronizing object | common_master_bedroom_open_niche_01_sh1
Fra:1 Mem:303.02M (Peak 304.13M) | Time:00:00.11 | Mem:0.00M, Peak:0.00M | Scene, ViewLayer | Synchronizing object | common_master_bedroom_open_niche_01_sh2
Fra:1 Mem:303.05M (Peak 304.13M) | Time:00:00.11 | Mem:0.00M, Peak:0.00M | Scene, ViewLayer | Synchronizing object | A_living_dining_balcony_sofa_01_seat1
Fra:1 Mem:303.08M (Peak 304.13M) | Time:00:00.11 | Mem:0.00M, Peak:0.00M | Scene, ViewLayer | Synchronizing object | A_living_dining_balcony_sofa_01_seat0
Fra:1 Mem:303.09M (Peak 304.13M) | Time:00:00.11 | Mem:0.00M, Peak:0.00M | Scene, ViewLayer | Synchronizing object | A_living_dining_balcony_sofa_01_back2
Fra:1 Mem:303.09M (Peak 304.13M) | Time:00:00.11 | Mem:0.00M, Peak:0.00M | Scene, ViewLayer | Synchronizing object | A_living_dining_balcony_sofa_01_back1
Fra:1 Mem:303.10M (Peak 304.13M) | Time:00:00.11 | Mem:0.00M, Peak:0.00M | Scene, ViewLayer | Synchronizing object | A_living_dining_balcony_sofa_01_back0
Fra:1 Mem:303.12M (Peak 304.13M) | Time:00:00.11 | Mem:0.00M, Peak:0.00M | Scene, ViewLayer | Synchronizing object | common_master_bath_vanity_01_cab
Fra:1 Mem:303.12M (Peak 304.13M) | Time:00:00.11 | Mem:0.00M, Peak:0.00M | Scene, ViewLayer | Synchronizing object | common_master_bath_vanity_01_drw_gapbg
Fra:1 Mem:303.12M (Peak 304.13M) | Time:00:00.11 | Mem:0.00M, Peak:0.00M | Scene, ViewLayer | Synchronizing object | common_master_bath_vanity_01_drw_f0
Fra:1 Mem:303.12M (Peak 304.13M) | Time:00:00.11 | Mem:0.00M, Peak:0.00M | Scene, ViewLayer | Synchronizing object | common_master_bath_vanity_01_drw_p0
Fra:1 Mem:303.13M (Peak 304.13M) | Time:00:00.11 | Mem:0.00M, Peak:0.00M | Scene, ViewLayer | Synchronizing object | common_master_bath_vanity_01_drw_f1
Fra:1 Mem:303.13M (Peak 304.13M) | Time:00:00.11 | Mem:0.00M, Peak:0.00M | Scene, ViewLayer | Synchronizing object | common_master_bath_vanity_01_fc_riser
Fra:1 Mem:303.14M (Peak 304.13M) | Time:00:00.11 | Mem:0.00M, Peak:0.00M | Scene, ViewLayer | Synchronizing object | common_master_bath_mirror_cabinet_01_mir_f0
Fra:1 Mem:303.14M (Peak 304.13M) | Time:00:00.11 | Mem:0.00M, Peak:0.00M | Scene, ViewLayer | Synchronizing object | common_master_bath_toilet_01_base
Fra:1 Mem:303.15M (Peak 304.13M) | Time:00:00.11 | Mem:0.00M, Peak:0.00M | Scene, ViewLayer | Synchronizing object | common_master_bath_toilet_01_tank
Fra:1 Mem:303.17M (Peak 304.13M) | Time:00:00.11 | Mem:0.00M, Peak:0.00M | Scene, ViewLayer | Synchronizing object | common_master_bath_glass_partition_01_fr0
Fra:1 Mem:303.18M (Peak 304.13M) | Time:00:00.11 | Mem:0.00M, Peak:0.00M | Scene, ViewLayer | Synchronizing object | common_master_bath_glass_partition_01_fr1
Fra:1 Mem:303.18M (Peak 304.13M) | Time:00:00.11 | Mem:0.00M, Peak:0.00M | Scene, ViewLayer | Synchronizing object | A_living_dining_balcony_sofa_01_leg3
Fra:1 Mem:303.19M (Peak 304.13M) | Time:00:00.11 | Mem:0.00M, Peak:0.00M | Scene, ViewLayer | Synchronizing object | common_master_bath_glass_partition_01_fr4
Fra:1 Mem:303.19M (Peak 304.13M) | Time:00:00.11 | Mem:0.00M, Peak:0.00M | Scene, ViewLayer | Synchronizing object | A_living_dining_balcony_sofa_01_leg2
Fra:1 Mem:303.19M (Peak 304.13M) | Time:00:00.11 | Mem:0.00M, Peak:0.00M | Scene, ViewLayer | Synchronizing object | common_master_bath_shower_floor_01_pan
Fra:1 Mem:303.19M (Peak 304.13M) | Time:00:00.11 | Mem:0.00M, Peak:0.00M | Scene, ViewLayer | Synchronizing object | common_master_bath_shower_floor_01_drain
Fra:1 Mem:303.20M (Peak 304.13M) | Time:00:00.11 | Mem:0.00M, Peak:0.00M | Scene, ViewLayer | Synchronizing object | common_corridor_vanity_01_cab
Fra:1 Mem:303.21M (Peak 304.13M) | Time:00:00.11 | Mem:0.00M, Peak:0.00M | Scene, ViewLayer | Synchronizing object | common_corridor_vanity_01_drw_gapbg
Fra:1 Mem:303.21M (Peak 304.13M) | Time:00:00.11 | Mem:0.00M, Peak:0.00M | Scene, ViewLayer | Synchronizing object | common_corridor_vanity_01_drw_f0
Fra:1 Mem:303.22M (Peak 304.13M) | Time:00:00.11 | Mem:0.00M, Peak:0.00M | Scene, ViewLayer | Synchronizing object | common_corridor_vanity_01_drw_p0
Fra:1 Mem:303.22M (Peak 304.13M) | Time:00:00.11 | Mem:0.00M, Peak:0.00M | Scene, ViewLayer | Synchronizing object | common_corridor_vanity_01_drw_f1
Fra:1 Mem:303.23M (Peak 304.13M) | Time:00:00.11 | Mem:0.00M, Peak:0.00M | Scene, ViewLayer | Synchronizing object | common_corridor_vanity_01_drw_f2
Fra:1 Mem:303.25M (Peak 304.13M) | Time:00:00.11 | Mem:0.00M, Peak:0.00M | Scene, ViewLayer | Synchronizing object | common_corridor_vanity_01_drw_p2
Fra:1 Mem:303.26M (Peak 304.13M) | Time:00:00.11 | Mem:0.00M, Peak:0.00M | Scene, ViewLayer | Synchronizing object | common_corridor_vanity_01_top_s1
Fra:1 Mem:310.29M (Peak 310.29M) | Time:00:00.11 | Mem:0.00M, Peak:0.00M | Scene, ViewLayer | Synchronizing object | common_corridor_vanity_01_top_s3
Fra:1 Mem:310.30M (Peak 310.30M) | Time:00:00.11 | Mem:0.00M, Peak:0.00M | Scene, ViewLayer | Synchronizing object | common_corridor_vanity_01_top_s5
Fra:1 Mem:310.30M (Peak 310.30M) | Time:00:00.11 | Mem:0.00M, Peak:0.00M | Scene, ViewLayer | Synchronizing object | common_corridor_vanity_01_bowlE
Fra:1 Mem:310.31M (Peak 310.31M) | Time:00:00.11 | Mem:0.00M, Peak:0.00M | Scene, ViewLayer | Synchronizing object | common_corridor_vanity_01_bowlN
Fra:1 Mem:310.31M (Peak 310.31M) | Time:00:00.11 | Mem:0.00M, Peak:0.00M | Scene, ViewLayer | Synchronizing object | A_living_dining_balcony_sofa_01_leg1
Fra:1 Mem:310.32M (Peak 310.32M) | Time:00:00.11 | Mem:0.00M, Peak:0.00M | Scene, ViewLayer | Synchronizing object | A_living_dining_balcony_sofa_01_leg0
Fra:1 Mem:310.32M (Peak 310.32M) | Time:00:00.11 | Mem:0.00M, Peak:0.00M | Scene, ViewLayer | Synchronizing object | common_corridor_vanity_01_bowlS
Fra:1 Mem:310.32M (Peak 310.32M) | Time:00:00.11 | Mem:0.00M, Peak:0.00M | Scene, ViewLayer | Synchronizing object | A_living_dining_balcony_sofa_01_base
Fra:1 Mem:310.33M (Peak 310.33M) | Time:00:00.11 | Mem:0.00M, Peak:0.00M | Scene, ViewLayer | Synchronizing object | common_corridor_vanity_01_bowlB
Fra:1 Mem:310.33M (Peak 310.33M) | Time:00:00.11 | Mem:0.00M, Peak:0.00M | Scene, ViewLayer | Synchronizing object | common_corridor_vanity_01_fc353_riser
Fra:1 Mem:310.34M (Peak 310.34M) | Time:00:00.11 | Mem:0.00M, Peak:0.00M | Scene, ViewLayer | Synchronizing object | common_corridor_vanity_01_fc353_spout
Fra:1 Mem:310.34M (Peak 310.34M) | Time:00:00.11 | Mem:0.00M, Peak:0.00M | Scene, ViewLayer | Synchronizing object | common_corridor_vanity_01_fc353_tip
Fra:1 Mem:310.35M (Peak 310.35M) | Time:00:00.11 | Mem:0.00M, Peak:0.00M | Scene, ViewLayer | Synchronizing object | common_corridor_vanity_01_bowlW.001
Fra:1 Mem:310.37M (Peak 310.37M) | Time:00:00.12 | Mem:0.00M, Peak:0.00M | Scene, ViewLayer | Synchronizing object | common_corridor_vanity_01_bowlE.001
Fra:1 Mem:310.37M (Peak 310.37M) | Time:00:00.12 | Mem:0.00M, Peak:0.00M | Scene, ViewLayer | Synchronizing object | common_corridor_vanity_01_bowlN.001
Fra:1 Mem:310.38M (Peak 310.38M) | Time:00:00.12 | Mem:0.00M, Peak:0.00M | Scene, ViewLayer | Synchronizing object | common_corridor_vanity_01_bowlS.001
Fra:1 Mem:310.38M (Peak 310.38M) | Time:00:00.12 | Mem:0.00M, Peak:0.00M | Scene, ViewLayer | Synchronizing object | common_corridor_vanity_01_bowlB.001
Fra:1 Mem:310.39M (Peak 310.39M) | Time:00:00.12 | Mem:0.00M, Peak:0.00M | Scene, ViewLayer | Synchronizing object | common_corridor_vanity_01_fc281_base
Fra:1 Mem:310.39M (Peak 310.39M) | Time:00:00.12 | Mem:0.00M, Peak:0.00M | Scene, ViewLayer | Synchronizing object | common_corridor_vanity_01_fc281_riser
Fra:1 Mem:310.40M (Peak 310.40M) | Time:00:00.12 | Mem:0.00M, Peak:0.00M | Scene, ViewLayer | Synchronizing object | common_corridor_vanity_01_fc281_spout
Fra:1 Mem:310.40M (Peak 310.40M) | Time:00:00.12 | Mem:0.00M, Peak:0.00M | Scene, ViewLayer | Synchronizing object | common_corridor_vanity_01_fc281_tip
Fra:1 Mem:310.40M (Peak 310.40M) | Time:00:00.12 | Mem:0.00M, Peak:0.00M | Scene, ViewLayer | Synchronizing object | common_corridor_mirror_cabinet_01_mir_f0
Fra:1 Mem:310.40M (Peak 310.40M) | Time:00:00.12 | Mem:0.00M, Peak:0.00M | Scene, ViewLayer | Synchronizing object | common_corridor_mirror_cabinet_01_mir_f1
Fra:1 Mem:312.63M (Peak 312.63M) | Time:00:00.12 | Mem:0.00M, Peak:0.00M | Scene, ViewLayer | Synchronizing object | common_public_bath_wet_shower_floor_01_pan
Fra:1 Mem:312.63M (Peak 312.63M) | Time:00:00.12 | Mem:0.00M, Peak:0.00M | Scene, ViewLayer | Synchronizing object | common_public_bath_wet_glass_partition_01_fr0
Fra:1 Mem:312.63M (Peak 312.63M) | Time:00:00.12 | Mem:0.00M, Peak:0.00M | Scene, ViewLayer | Synchronizing object | common_public_bath_wet_glass_partition_01_fr1
Fra:1 Mem:312.64M (Peak 312.64M) | Time:00:00.12 | Mem:0.00M, Peak:0.00M | Scene, ViewLayer | Synchronizing object | common_public_bath_wet_glass_partition_01_fr2
Fra:1 Mem:312.64M (Peak 312.64M) | Time:00:00.12 | Mem:0.00M, Peak:0.00M | Scene, ViewLayer | Synchronizing object | common_public_bath_wet_glass_partition_01_fr3
Fra:1 Mem:312.68M (Peak 312.68M) | Time:00:00.12 | Mem:0.00M, Peak:0.00M | Scene, ViewLayer | Synchronizing object | A_living_dining_balcony_dining_chair_05_armf1
Fra:1 Mem:312.69M (Peak 312.69M) | Time:00:00.12 | Mem:0.00M, Peak:0.00M | Scene, ViewLayer | Synchronizing object | A_living_dining_balcony_dining_chair_05_arm1
Fra:1 Mem:312.70M (Peak 312.70M) | Time:00:00.12 | Mem:0.00M, Peak:0.00M | Scene, ViewLayer | Synchronizing object | A_living_dining_balcony_dining_chair_05_armf0
Fra:1 Mem:312.71M (Peak 312.71M) | Time:00:00.12 | Mem:0.00M, Peak:0.00M | Scene, ViewLayer | Synchronizing object | A_living_dining_balcony_dining_chair_05_arm0
Fra:1 Mem:312.72M (Peak 312.72M) | Time:00:00.12 | Mem:0.00M, Peak:0.00M | Scene, ViewLayer | Synchronizing object | A_living_dining_balcony_dining_chair_05_legt3
Fra:1 Mem:312.72M (Peak 312.72M) | Time:00:00.12 | Mem:0.00M, Peak:0.00M | Scene, ViewLayer | Synchronizing object | A_living_dining_balcony_dining_chair_05_leg3
Fra:1 Mem:312.72M (Peak 312.72M) | Time:00:00.12 | Mem:0.00M, Peak:0.00M | Scene, ViewLayer | Synchronizing object | A_living_dining_balcony_dining_chair_05_legt2
Fra:1 Mem:312.72M (Peak 312.72M) | Time:00:00.12 | Mem:0.00M, Peak:0.00M | Scene, ViewLayer | Synchronizing object | A_living_dining_balcony_dining_chair_05_leg2
Fra:1 Mem:312.72M (Peak 312.72M) | Time:00:00.12 | Mem:0.00M, Peak:0.00M | Scene, ViewLayer | Synchronizing object | A_living_dining_balcony_dining_chair_05_legt1
Fra:1 Mem:312.73M (Peak 312.73M) | Time:00:00.12 | Mem:0.00M, Peak:0.00M | Scene, ViewLayer | Synchronizing object | A_living_dining_balcony_dining_chair_05_leg1
Fra:1 Mem:312.73M (Peak 312.73M) | Time:00:00.12 | Mem:0.00M, Peak:0.00M | Scene, ViewLayer | Synchronizing object | A_living_dining_balcony_dining_chair_05_legt0
Fra:1 Mem:312.73M (Peak 312.73M) | Time:00:00.12 | Mem:0.00M, Peak:0.00M | Scene, ViewLayer | Synchronizing object | A_living_dining_balcony_dining_chair_05_leg0
Fra:1 Mem:312.73M (Peak 312.73M) | Time:00:00.12 | Mem:0.00M, Peak:0.00M | Scene, ViewLayer | Synchronizing object | A_living_dining_balcony_dining_chair_05_seat
Fra:1 Mem:312.74M (Peak 312.74M) | Time:00:00.12 | Mem:0.00M, Peak:0.00M | Scene, ViewLayer | Synchronizing object | A_living_dining_balcony_dining_chair_05_back
Fra:1 Mem:312.75M (Peak 312.75M) | Time:00:00.12 | Mem:0.00M, Peak:0.00M | Scene, ViewLayer | Synchronizing object | A_living_dining_balcony_dining_chair_04_armf1
Fra:1 Mem:312.75M (Peak 312.75M) | Time:00:00.12 | Mem:0.00M, Peak:0.00M | Scene, ViewLayer | Synchronizing object | A_living_dining_balcony_dining_chair_04_arm1
Fra:1 Mem:312.76M (Peak 312.76M) | Time:00:00.12 | Mem:0.00M, Peak:0.00M | Scene, ViewLayer | Synchronizing object | A_living_dining_balcony_dining_chair_04_armf0
Fra:1 Mem:312.77M (Peak 312.77M) | Time:00:00.12 | Mem:0.00M, Peak:0.00M | Scene, ViewLayer | Synchronizing object | A_living_dining_balcony_dining_chair_04_arm0
Fra:1 Mem:312.78M (Peak 312.78M) | Time:00:00.12 | Mem:0.00M, Peak:0.00M | Scene, ViewLayer | Synchronizing object | A_living_dining_balcony_dining_chair_04_legt3
Fra:1 Mem:312.78M (Peak 312.78M) | Time:00:00.12 | Mem:0.00M, Peak:0.00M | Scene, ViewLayer | Synchronizing object | A_living_dining_balcony_dining_chair_04_leg3
Fra:1 Mem:312.78M (Peak 312.78M) | Time:00:00.12 | Mem:0.00M, Peak:0.00M | Scene, ViewLayer | Synchronizing object | A_living_dining_balcony_dining_chair_04_legt2
Fra:1 Mem:312.78M (Peak 312.78M) | Time:00:00.12 | Mem:0.00M, Peak:0.00M | Scene, ViewLayer | Synchronizing object | A_living_dining_balcony_dining_chair_04_leg2
Fra:1 Mem:312.78M (Peak 312.78M) | Time:00:00.12 | Mem:0.00M, Peak:0.00M | Scene, ViewLayer | Synchronizing object | A_living_dining_balcony_dining_chair_04_legt1
Fra:1 Mem:312.78M (Peak 312.78M) | Time:00:00.12 | Mem:0.00M, Peak:0.00M | Scene, ViewLayer | Synchronizing object | A_living_dining_balcony_dining_chair_04_leg1
Fra:1 Mem:312.78M (Peak 312.78M) | Time:00:00.12 | Mem:0.00M, Peak:0.00M | Scene, ViewLayer | Synchronizing object | A_living_dining_balcony_dining_chair_04_legt0
Fra:1 Mem:312.79M (Peak 312.79M) | Time:00:00.12 | Mem:0.00M, Peak:0.00M | Scene, ViewLayer | Synchronizing object | A_living_dining_balcony_dining_chair_04_leg0
Fra:1 Mem:312.79M (Peak 312.79M) | Time:00:00.12 | Mem:0.00M, Peak:0.00M | Scene, ViewLayer | Synchronizing object | A_living_dining_balcony_dining_chair_04_seat
Fra:1 Mem:312.80M (Peak 312.80M) | Time:00:00.12 | Mem:0.00M, Peak:0.00M | Scene, ViewLayer | Synchronizing object | A_living_dining_balcony_dining_chair_04_back
Fra:1 Mem:312.80M (Peak 312.80M) | Time:00:00.12 | Mem:0.00M, Peak:0.00M | Scene, ViewLayer | Synchronizing object | A_living_dining_balcony_dining_chair_03_armf1
Fra:1 Mem:312.81M (Peak 312.81M) | Time:00:00.12 | Mem:0.00M, Peak:0.00M | Scene, ViewLayer | Synchronizing object | A_living_dining_balcony_dining_chair_03_arm1
Fra:1 Mem:312.82M (Peak 312.82M) | Time:00:00.12 | Mem:0.00M, Peak:0.00M | Scene, ViewLayer | Synchronizing object | A_living_dining_balcony_dining_chair_03_armf0
Fra:1 Mem:312.83M (Peak 312.83M) | Time:00:00.12 | Mem:0.00M, Peak:0.00M | Scene, ViewLayer | Synchronizing object | A_living_dining_balcony_dining_chair_03_arm0
Fra:1 Mem:312.84M (Peak 312.84M) | Time:00:00.12 | Mem:0.00M, Peak:0.00M | Scene, ViewLayer | Synchronizing object | A_living_dining_balcony_dining_chair_03_legt3
Fra:1 Mem:312.84M (Peak 312.84M) | Time:00:00.12 | Mem:0.00M, Peak:0.00M | Scene, ViewLayer | Synchronizing object | common_public_bath_wet_glass_partition_01_fr4
Fra:1 Mem:312.84M (Peak 312.84M) | Time:00:00.12 | Mem:0.00M, Peak:0.00M | Scene, ViewLayer | Synchronizing object | A_living_dining_balcony_dining_chair_03_leg3
Fra:1 Mem:312.84M (Peak 312.84M) | Time:00:00.12 | Mem:0.00M, Peak:0.00M | Scene, ViewLayer | Synchronizing object | common_public_bath_wet_toilet_01_base
Fra:1 Mem:312.85M (Peak 312.85M) | Time:00:00.12 | Mem:0.00M, Peak:0.00M | Scene, ViewLayer | Synchronizing object | common_public_bath_wet_toilet_01_seat
Fra:1 Mem:312.85M (Peak 312.85M) | Time:00:00.12 | Mem:0.00M, Peak:0.00M | Scene, ViewLayer | Synchronizing object | common_parents_room_wardrobe_01_body
Fra:1 Mem:312.86M (Peak 312.86M) | Time:00:00.12 | Mem:0.00M, Peak:0.00M | Scene, ViewLayer | Synchronizing object | common_parents_room_wardrobe_01_slA_f0
Fra:1 Mem:312.86M (Peak 312.86M) | Time:00:00.12 | Mem:0.00M, Peak:0.00M | Scene, ViewLayer | Synchronizing object | common_parents_room_wardrobe_01_slA_f1
Fra:1 Mem:312.87M (Peak 312.87M) | Time:00:00.12 | Mem:0.00M, Peak:0.00M | Scene, ViewLayer | Synchronizing object | common_master_bedroom_screen_01_slat03
Fra:1 Mem:312.87M (Peak 312.87M) | Time:00:00.12 | Mem:0.00M, Peak:0.00M | Scene, ViewLayer | Synchronizing object | A_living_dining_balcony_dining_chair_03_legt2
Fra:1 Mem:312.88M (Peak 312.88M) | Time:00:00.12 | Mem:0.00M, Peak:0.00M | Scene, ViewLayer | Synchronizing object | common_master_bedroom_screen_01_slat09
Fra:1 Mem:312.88M (Peak 312.88M) | Time:00:00.12 | Mem:0.00M, Peak:0.00M | Scene, ViewLayer | Synchronizing object | common_master_bedroom_screen_01_slat11
Fra:1 Mem:312.90M (Peak 312.90M) | Time:00:00.12 | Mem:0.00M, Peak:0.00M | Scene, ViewLayer | Synchronizing object | common_master_bedroom_screen_01_slat12
Fra:1 Mem:312.90M (Peak 312.90M) | Time:00:00.12 | Mem:0.00M, Peak:0.00M | Scene, ViewLayer | Synchronizing object | common_master_bedroom_screen_01_slat14
Fra:1 Mem:312.94M (Peak 312.94M) | Time:00:00.12 | Mem:0.00M, Peak:0.00M | Scene, ViewLayer | Synchronizing object | common_master_bedroom_screen_01_slat16
Fra:1 Mem:312.95M (Peak 312.95M) | Time:00:00.12 | Mem:0.00M, Peak:0.00M | Scene, ViewLayer | Synchronizing object | common_master_bedroom_screen_01_cap
Fra:1 Mem:312.97M (Peak 312.97M) | Time:00:00.12 | Mem:0.00M, Peak:0.00M | Scene, ViewLayer | Synchronizing object | mb_shower_mixer
Fra:1 Mem:312.99M (Peak 312.99M) | Time:00:00.12 | Mem:0.00M, Peak:0.00M | Scene, ViewLayer | Synchronizing object | A_living_dining_balcony_dining_chair_03_leg2
Fra:1 Mem:313.06M (Peak 313.06M) | Time:00:00.12 | Mem:0.00M, Peak:0.00M | Scene, ViewLayer | Synchronizing object | mb_shower_rail
Fra:1 Mem:313.08M (Peak 313.08M) | Time:00:00.12 | Mem:0.00M, Peak:0.00M | Scene, ViewLayer | Synchronizing object | mb_shower_hand
Fra:1 Mem:313.08M (Peak 313.08M) | Time:00:00.12 | Mem:0.00M, Peak:0.00M | Scene, ViewLayer | Synchronizing object | mb_shower_arm
Fra:1 Mem:313.08M (Peak 313.08M) | Time:00:00.12 | Mem:0.00M, Peak:0.00M | Scene, ViewLayer | Synchronizing object | mb_shower_rain
Fra:1 Mem:313.08M (Peak 313.08M) | Time:00:00.12 | Mem:0.00M, Peak:0.00M | Scene, ViewLayer | Synchronizing object | fx_mb_niche_side1
Fra:1 Mem:313.08M (Peak 313.08M) | Time:00:00.12 | Mem:0.00M, Peak:0.00M | Scene, ViewLayer | Synchronizing object | pb_shower_mixer
Fra:1 Mem:313.08M (Peak 313.08M) | Time:00:00.12 | Mem:0.00M, Peak:0.00M | Scene, ViewLayer | Synchronizing object | fx_pb_niche_side1
Fra:1 Mem:313.08M (Peak 313.08M) | Time:00:00.12 | Mem:0.00M, Peak:0.00M | Scene, ViewLayer | Synchronizing object | fx_pb_niche_top
Fra:1 Mem:313.08M (Peak 313.08M) | Time:00:00.12 | Mem:0.00M, Peak:0.00M | Scene, ViewLayer | Synchronizing object | fx_stool_leg0
Fra:1 Mem:313.09M (Peak 313.09M) | Time:00:00.12 | Mem:0.00M, Peak:0.00M | Scene, ViewLayer | Synchronizing object | fx_stool_leg1
Fra:1 Mem:313.09M (Peak 313.09M) | Time:00:00.12 | Mem:0.00M, Peak:0.00M | Scene, ViewLayer | Synchronizing object | fx_stool_leg3
Fra:1 Mem:313.10M (Peak 313.10M) | Time:00:00.12 | Mem:0.00M, Peak:0.00M | Scene, ViewLayer | Synchronizing object | common_foyer_stool_01_pad
Fra:1 Mem:313.10M (Peak 313.10M) | Time:00:00.12 | Mem:0.00M, Peak:0.00M | Scene, ViewLayer | Synchronizing object | common_foyer_stool_01_leg0
Fra:1 Mem:313.11M (Peak 313.11M) | Time:00:00.12 | Mem:0.00M, Peak:0.00M | Scene, ViewLayer | Synchronizing object | common_foyer_stool_01_leg1
Fra:1 Mem:313.11M (Peak 313.11M) | Time:00:00.12 | Mem:0.00M, Peak:0.00M | Scene, ViewLayer | Synchronizing object | common_foyer_stool_01_leg3
Fra:1 Mem:313.11M (Peak 313.11M) | Time:00:00.12 | Mem:0.00M, Peak:0.00M | Scene, ViewLayer | Synchronizing object | common_living_dining_balcony_plant_01_leaf0
Fra:1 Mem:313.12M (Peak 313.12M) | Time:00:00.12 | Mem:0.00M, Peak:0.00M | Scene, ViewLayer | Synchronizing object | common_living_dining_balcony_plant_01_leaf1
Fra:1 Mem:310.91M (Peak 313.12M) | Time:00:00.12 | Mem:0.00M, Peak:0.00M | Scene, ViewLayer | Synchronizing object | common_living_dining_balcony_plant_01_leaf2
Fra:1 Mem:310.91M (Peak 313.12M) | Time:00:00.12 | Mem:0.00M, Peak:0.00M | Scene, ViewLayer | Synchronizing object | common_living_dining_balcony_plant_01_leaf3
Fra:1 Mem:310.91M (Peak 313.12M) | Time:00:00.12 | Mem:0.00M, Peak:0.00M | Scene, ViewLayer | Synchronizing object | common_living_dining_balcony_plant_01_leaf4
Fra:1 Mem:310.91M (Peak 313.12M) | Time:00:00.12 | Mem:0.00M, Peak:0.00M | Scene, ViewLayer | Synchronizing object | common_living_dining_balcony_plant_01_leaf5
Fra:1 Mem:315.17M (Peak 315.17M) | Time:00:00.12 | Mem:0.00M, Peak:0.00M | Scene, ViewLayer | Synchronizing object | common_living_dining_balcony_plant_01_leaf6
Fra:1 Mem:315.17M (Peak 315.17M) | Time:00:00.12 | Mem:0.00M, Peak:0.00M | Scene, ViewLayer | Synchronizing object | common_living_dining_balcony_plant_01_leaf7
Fra:1 Mem:315.17M (Peak 315.17M) | Time:00:00.12 | Mem:0.00M, Peak:0.00M | Scene, ViewLayer | Synchronizing object | A_living_dining_balcony_dining_chair_03_leg1
Fra:1 Mem:315.17M (Peak 315.17M) | Time:00:00.12 | Mem:0.00M, Peak:0.00M | Scene, ViewLayer | Synchronizing object | A_living_dining_balcony_dining_chair_03_legt0
Fra:1 Mem:315.18M (Peak 315.18M) | Time:00:00.12 | Mem:0.00M, Peak:0.00M | Scene, ViewLayer | Synchronizing object | A_living_dining_balcony_dining_chair_03_leg0
Fra:1 Mem:315.18M (Peak 315.18M) | Time:00:00.12 | Mem:0.00M, Peak:0.00M | Scene, ViewLayer | Synchronizing object | A_living_dining_balcony_dining_chair_03_seat
Fra:1 Mem:315.18M (Peak 315.18M) | Time:00:00.12 | Mem:0.00M, Peak:0.00M | Scene, ViewLayer | Synchronizing object | common_living_dining_balcony_planter_01_pot
Fra:1 Mem:315.19M (Peak 315.19M) | Time:00:00.12 | Mem:0.00M, Peak:0.00M | Scene, ViewLayer | Synchronizing object | common_living_dining_balcony_stool_01_top
Fra:1 Mem:315.20M (Peak 315.20M) | Time:00:00.12 | Mem:0.00M, Peak:0.00M | Scene, ViewLayer | Synchronizing object | common_living_dining_balcony_stool_01_post
Fra:1 Mem:315.21M (Peak 315.21M) | Time:00:00.12 | Mem:0.00M, Peak:0.00M | Scene, ViewLayer | Synchronizing object | common_living_dining_balcony_stool_01_jar
Fra:1 Mem:315.23M (Peak 315.23M) | Time:00:00.12 | Mem:0.00M, Peak:0.00M | Scene, ViewLayer | Synchronizing object | common_living_dining_balcony_artwork_01_canvas
Fra:1 Mem:315.26M (Peak 315.26M) | Time:00:00.12 | Mem:0.00M, Peak:0.00M | Scene, ViewLayer | Synchronizing object | common_master_bedroom_dressing_table_01_top
Fra:1 Mem:315.28M (Peak 315.28M) | Time:00:00.12 | Mem:0.00M, Peak:0.00M | Scene, ViewLayer | Synchronizing object | common_master_bedroom_dressing_table_01_side0
Fra:1 Mem:315.29M (Peak 315.29M) | Time:00:00.12 | Mem:0.00M, Peak:0.00M | Scene, ViewLayer | Synchronizing object | A_living_dining_balcony_dining_chair_03_back
Fra:1 Mem:315.29M (Peak 315.29M) | Time:00:00.12 | Mem:0.00M, Peak:0.00M | Scene, ViewLayer | Synchronizing object | common_master_bedroom_dressing_table_01_door_f0r
Fra:1 Mem:319.56M (Peak 319.55M) | Time:00:00.12 | Mem:0.00M, Peak:0.00M | Scene, ViewLayer | Synchronizing object | A_living_dining_balcony_dining_chair_02_armf1
Fra:1 Mem:319.56M (Peak 319.56M) | Time:00:00.12 | Mem:0.00M, Peak:0.00M | Scene, ViewLayer | Synchronizing object | common_master_bedroom_dressing_table_01_door_f0t
Fra:1 Mem:319.57M (Peak 319.57M) | Time:00:00.12 | Mem:0.00M, Peak:0.00M | Scene, ViewLayer | Synchronizing object | common_master_bedroom_dressing_table_01_door_f0c
Fra:1 Mem:319.58M (Peak 319.58M) | Time:00:00.12 | Mem:0.00M, Peak:0.00M | Scene, ViewLayer | Synchronizing object | A_living_dining_balcony_dining_chair_02_arm1
Fra:1 Mem:319.59M (Peak 319.59M) | Time:00:00.12 | Mem:0.00M, Peak:0.00M | Scene, ViewLayer | Synchronizing object | common_master_bedroom_dressing_table_01_door_f1l
Fra:1 Mem:319.60M (Peak 319.60M) | Time:00:00.12 | Mem:0.00M, Peak:0.00M | Scene, ViewLayer | Synchronizing object | common_master_bedroom_dressing_table_01_door_f1r
Fra:1 Mem:319.60M (Peak 319.60M) | Time:00:00.12 | Mem:0.00M, Peak:0.00M | Scene, ViewLayer | Synchronizing object | common_master_bedroom_dressing_table_01_door_f1t
Fra:1 Mem:319.60M (Peak 319.60M) | Time:00:00.12 | Mem:0.00M, Peak:0.00M | Scene, ViewLayer | Synchronizing object | common_master_bedroom_dressing_table_01_door_f1c
Fra:1 Mem:319.61M (Peak 319.61M) | Time:00:00.12 | Mem:0.00M, Peak:0.00M | Scene, ViewLayer | Synchronizing object | common_master_bedroom_dressing_table_01_door_p1
Fra:1 Mem:319.61M (Peak 319.61M) | Time:00:00.12 | Mem:0.00M, Peak:0.00M | Scene, ViewLayer | Synchronizing object | common_master_bedroom_dressing_table_01_door_f2l
Fra:1 Mem:319.61M (Peak 319.61M) | Time:00:00.12 | Mem:0.00M, Peak:0.00M | Scene, ViewLayer | Synchronizing object | common_master_bedroom_dressing_table_01_door_f2r
Fra:1 Mem:319.62M (Peak 319.62M) | Time:00:00.12 | Mem:0.00M, Peak:0.00M | Scene, ViewLayer | Synchronizing object | common_master_bedroom_dressing_table_01_door_f2b
Fra:1 Mem:319.63M (Peak 319.63M) | Time:00:00.12 | Mem:0.00M, Peak:0.00M | Scene, ViewLayer | Synchronizing object | common_master_bedroom_dressing_table_01_door_f2c
Fra:1 Mem:319.63M (Peak 319.63M) | Time:00:00.12 | Mem:0.00M, Peak:0.00M | Scene, ViewLayer | Synchronizing object | common_master_bedroom_dressing_table_01_door_p2
Fra:1 Mem:319.63M (Peak 319.63M) | Time:00:00.12 | Mem:0.00M, Peak:0.00M | Scene, ViewLayer | Synchronizing object | common_master_bedroom_dressing_table_01_mirror
Fra:1 Mem:319.64M (Peak 319.64M) | Time:00:00.12 | Mem:0.00M, Peak:0.00M | Scene, ViewLayer | Synchronizing object | common_master_bedroom_stool_01_pad
Fra:1 Mem:319.65M (Peak 319.65M) | Time:00:00.12 | Mem:0.00M, Peak:0.00M | Scene, ViewLayer | Synchronizing object | common_master_bedroom_stool_01_leg2
Fra:1 Mem:319.66M (Peak 319.66M) | Time:00:00.12 | Mem:0.00M, Peak:0.00M | Scene, ViewLayer | Synchronizing object | common_master_bedroom_stool_01_leg3
Fra:1 Mem:319.67M (Peak 319.67M) | Time:00:00.12 | Mem:0.00M, Peak:0.00M | Scene, ViewLayer | Synchronizing object | common_master_bedroom_bed_01_frame
Fra:1 Mem:319.67M (Peak 319.67M) | Time:00:00.12 | Mem:0.00M, Peak:0.00M | Scene, ViewLayer | Synchronizing object | common_master_bedroom_bed_01_mattress
Fra:1 Mem:319.68M (Peak 319.68M) | Time:00:00.12 | Mem:0.00M, Peak:0.00M | Scene, ViewLayer | Synchronizing object | common_master_bedroom_bed_01_duvetdrop
Fra:1 Mem:319.70M (Peak 319.70M) | Time:00:00.12 | Mem:0.00M, Peak:0.00M | Scene, ViewLayer | Synchronizing object | common_master_bedroom_bed_01_duvetdrop2
Fra:1 Mem:319.71M (Peak 319.71M) | Time:00:00.12 | Mem:0.00M, Peak:0.00M | Scene, ViewLayer | Synchronizing object | common_master_bedroom_bed_01_pillow1
Fra:1 Mem:321.28M (Peak 321.28M) | Time:00:00.12 | Mem:0.00M, Peak:0.00M | Scene, ViewLayer | Synchronizing object | common_master_bedroom_headboard_01_pad
Fra:1 Mem:321.29M (Peak 321.29M) | Time:00:00.12 | Mem:0.00M, Peak:0.00M | Scene, ViewLayer | Synchronizing object | common_master_bedroom_nightstand_01_body
Fra:1 Mem:321.30M (Peak 321.30M) | Time:00:00.12 | Mem:0.00M, Peak:0.00M | Scene, ViewLayer | Synchronizing object | common_master_bedroom_nightstand_01_drw_gapbg
Fra:1 Mem:321.33M (Peak 321.33M) | Time:00:00.12 | Mem:0.00M, Peak:0.00M | Scene, ViewLayer | Synchronizing object | common_master_bedroom_nightstand_01_drw_f0
Fra:1 Mem:321.34M (Peak 321.34M) | Time:00:00.12 | Mem:0.00M, Peak:0.00M | Scene, ViewLayer | Synchronizing object | A_living_dining_balcony_dining_chair_02_arm0
Fra:1 Mem:321.35M (Peak 321.35M) | Time:00:00.12 | Mem:0.00M, Peak:0.00M | Scene, ViewLayer | Synchronizing object | common_master_bedroom_nightstand_01_drw_p0
Fra:1 Mem:321.36M (Peak 321.36M) | Time:00:00.12 | Mem:0.00M, Peak:0.00M | Scene, ViewLayer | Synchronizing object | common_master_bedroom_nightstand_01_leg0
Fra:1 Mem:321.38M (Peak 321.38M) | Time:00:00.12 | Mem:0.00M, Peak:0.00M | Scene, ViewLayer | Synchronizing object | common_master_bedroom_nightstand_01_leg1
Fra:1 Mem:321.39M (Peak 321.39M) | Time:00:00.12 | Mem:0.00M, Peak:0.00M | Scene, ViewLayer | Synchronizing object | common_master_bedroom_nightstand_01_leg2
Fra:1 Mem:321.40M (Peak 321.40M) | Time:00:00.12 | Mem:0.00M, Peak:0.00M | Scene, ViewLayer | Synchronizing object | common_master_bedroom_nightstand_02_drw_p0
Fra:1 Mem:321.40M (Peak 321.40M) | Time:00:00.12 | Mem:0.00M, Peak:0.00M | Scene, ViewLayer | Synchronizing object | common_master_bedroom_desk_01_drawer
Fra:1 Mem:321.40M (Peak 321.40M) | Time:00:00.12 | Mem:0.00M, Peak:0.00M | Scene, ViewLayer | Synchronizing object | common_master_bedroom_desk_01_leg1
Fra:1 Mem:321.44M (Peak 321.44M) | Time:00:00.12 | Mem:0.00M, Peak:0.00M | Scene, ViewLayer | Synchronizing object | common_master_bedroom_desk_01_leg3
Fra:1 Mem:321.44M (Peak 321.44M) | Time:00:00.12 | Mem:0.00M, Peak:0.00M | Scene, ViewLayer | Synchronizing object | common_master_bedroom_desk_01_monitor
Fra:1 Mem:321.44M (Peak 321.44M) | Time:00:00.12 | Mem:0.00M, Peak:0.00M | Scene, ViewLayer | Synchronizing object | common_master_bedroom_chair_01_seat
Fra:1 Mem:321.47M (Peak 321.47M) | Time:00:00.12 | Mem:0.00M, Peak:0.00M | Scene, ViewLayer | Synchronizing object | common_master_bedroom_chair_01_back
Fra:1 Mem:321.47M (Peak 321.47M) | Time:00:00.12 | Mem:0.00M, Peak:0.00M | Scene, ViewLayer | Synchronizing object | common_master_bedroom_chair_01_post
Fra:1 Mem:321.47M (Peak 321.47M) | Time:00:00.12 | Mem:0.00M, Peak:0.00M | Scene, ViewLayer | Synchronizing object | common_master_bedroom_chair_01_base
Fra:1 Mem:321.47M (Peak 321.47M) | Time:00:00.12 | Mem:0.00M, Peak:0.00M | Scene, ViewLayer | Synchronizing object | common_master_bedroom_rug_01_pile
Fra:1 Mem:321.48M (Peak 321.48M) | Time:00:00.12 | Mem:0.00M, Peak:0.00M | Scene, ViewLayer | Synchronizing object | common_terrace_lounge_chair_01_seat
Fra:1 Mem:325.73M (Peak 325.73M) | Time:00:00.12 | Mem:0.00M, Peak:0.00M | Scene, ViewLayer | Synchronizing object | common_terrace_lounge_chair_01_cushion
Fra:1 Mem:325.73M (Peak 325.73M) | Time:00:00.12 | Mem:0.00M, Peak:0.00M | Scene, ViewLayer | Synchronizing object | common_terrace_lounge_chair_01_back0
Fra:1 Mem:325.73M (Peak 325.73M) | Time:00:00.12 | Mem:0.00M, Peak:0.00M | Scene, ViewLayer | Synchronizing object | common_terrace_lounge_chair_01_back1
Fra:1 Mem:325.74M (Peak 325.74M) | Time:00:00.12 | Mem:0.00M, Peak:0.00M | Scene, ViewLayer | Synchronizing object | A_living_dining_balcony_dining_chair_02_leg3
Fra:1 Mem:325.74M (Peak 325.74M) | Time:00:00.12 | Mem:0.00M, Peak:0.00M | Scene, ViewLayer | Synchronizing object | common_terrace_lounge_chair_01_back2
Fra:1 Mem:325.74M (Peak 325.74M) | Time:00:00.12 | Mem:0.00M, Peak:0.00M | Scene, ViewLayer | Synchronizing object | A_living_dining_balcony_dining_chair_02_legt2
Fra:1 Mem:325.76M (Peak 325.76M) | Time:00:00.12 | Mem:0.00M, Peak:0.00M | Scene, ViewLayer | Synchronizing object | common_terrace_lounge_chair_01_arm1
Fra:1 Mem:325.76M (Peak 325.76M) | Time:00:00.12 | Mem:0.00M, Peak:0.00M | Scene, ViewLayer | Synchronizing object | common_terrace_lounge_chair_01_leg0
Fra:1 Mem:325.77M (Peak 325.77M) | Time:00:00.12 | Mem:0.00M, Peak:0.00M | Scene, ViewLayer | Synchronizing object | common_terrace_lounge_chair_01_leg2
Fra:1 Mem:325.77M (Peak 325.77M) | Time:00:00.12 | Mem:0.00M, Peak:0.00M | Scene, ViewLayer | Synchronizing object | common_terrace_lounge_chair_01_leg3
Fra:1 Mem:325.77M (Peak 325.77M) | Time:00:00.12 | Mem:0.00M, Peak:0.00M | Scene, ViewLayer | Synchronizing object | common_terrace_lounge_chair_02_seat
Fra:1 Mem:325.78M (Peak 325.78M) | Time:00:00.12 | Mem:0.00M, Peak:0.00M | Scene, ViewLayer | Synchronizing object | common_terrace_lounge_chair_02_back0
Fra:1 Mem:325.79M (Peak 325.79M) | Time:00:00.12 | Mem:0.00M, Peak:0.00M | Scene, ViewLayer | Synchronizing object | common_terrace_lounge_chair_02_back1
Fra:1 Mem:325.80M (Peak 325.80M) | Time:00:00.12 | Mem:0.00M, Peak:0.00M | Scene, ViewLayer | Synchronizing object | common_terrace_lounge_chair_02_arm-1
Fra:1 Mem:325.81M (Peak 325.81M) | Time:00:00.12 | Mem:0.00M, Peak:0.00M | Scene, ViewLayer | Synchronizing object | common_terrace_lounge_chair_02_armp-1
Fra:1 Mem:325.82M (Peak 325.82M) | Time:00:00.12 | Mem:0.00M, Peak:0.00M | Scene, ViewLayer | Synchronizing object | common_terrace_lounge_chair_02_armp1
Fra:1 Mem:325.84M (Peak 325.84M) | Time:00:00.12 | Mem:0.00M, Peak:0.00M | Scene, ViewLayer | Synchronizing object | common_terrace_lounge_chair_02_leg0
Fra:1 Mem:325.84M (Peak 325.84M) | Time:00:00.12 | Mem:0.00M, Peak:0.00M | Scene, ViewLayer | Synchronizing object | common_terrace_lounge_chair_02_leg2
Fra:1 Mem:325.84M (Peak 325.84M) | Time:00:00.12 | Mem:0.00M, Peak:0.00M | Scene, ViewLayer | Synchronizing object | A_living_dining_balcony_dining_chair_02_leg2
Fra:1 Mem:325.86M (Peak 325.86M) | Time:00:00.12 | Mem:0.00M, Peak:0.00M | Scene, ViewLayer | Synchronizing object | common_terrace_lounge_chair_02_leg3
Fra:1 Mem:325.86M (Peak 325.86M) | Time:00:00.12 | Mem:0.00M, Peak:0.00M | Scene, ViewLayer | Synchronizing object | common_terrace_plant_01_stem
Fra:1 Mem:325.86M (Peak 325.86M) | Time:00:00.12 | Mem:0.00M, Peak:0.00M | Scene, ViewLayer | Synchronizing object | common_terrace_plant_01_leaf0
Fra:1 Mem:325.91M (Peak 325.91M) | Time:00:00.12 | Mem:0.00M, Peak:0.00M | Scene, ViewLayer | Synchronizing object | common_terrace_plant_01_leaf1
Fra:1 Mem:330.17M (Peak 330.17M) | Time:00:00.12 | Mem:0.00M, Peak:0.00M | Scene, ViewLayer | Synchronizing object | common_terrace_plant_01_leaf3
Fra:1 Mem:330.18M (Peak 330.18M) | Time:00:00.12 | Mem:0.00M, Peak:0.00M | Scene, ViewLayer | Synchronizing object | common_terrace_plant_01_leaf5
Fra:1 Mem:330.19M (Peak 330.19M) | Time:00:00.12 | Mem:0.00M, Peak:0.00M | Scene, ViewLayer | Synchronizing object | common_terrace_plant_02_stem
Fra:1 Mem:330.20M (Peak 330.20M) | Time:00:00.12 | Mem:0.00M, Peak:0.00M | Scene, ViewLayer | Synchronizing object | common_terrace_plant_02_leaf0
Fra:1 Mem:330.21M (Peak 330.21M) | Time:00:00.12 | Mem:0.00M, Peak:0.00M | Scene, ViewLayer | Synchronizing object | common_terrace_plant_02_leaf1
Fra:1 Mem:330.21M (Peak 330.21M) | Time:00:00.12 | Mem:0.00M, Peak:0.00M | Scene, ViewLayer | Synchronizing object | common_terrace_plant_02_leaf4
Fra:1 Mem:330.22M (Peak 330.22M) | Time:00:00.12 | Mem:0.00M, Peak:0.00M | Scene, ViewLayer | Synchronizing object | common_terrace_plant_02_leaf5
Fra:1 Mem:330.22M (Peak 330.22M) | Time:00:00.12 | Mem:0.00M, Peak:0.00M | Scene, ViewLayer | Synchronizing object | common_terrace_plant_03_pot
Fra:1 Mem:330.23M (Peak 330.23M) | Time:00:00.12 | Mem:0.00M, Peak:0.00M | Scene, ViewLayer | Synchronizing object | common_terrace_plant_03_leaf0
Fra:1 Mem:330.23M (Peak 330.23M) | Time:00:00.12 | Mem:0.00M, Peak:0.00M | Scene, ViewLayer | Synchronizing object | common_terrace_plant_03_leaf1
Fra:1 Mem:330.23M (Peak 330.23M) | Time:00:00.12 | Mem:0.00M, Peak:0.00M | Scene, ViewLayer | Synchronizing object | common_terrace_plant_03_leaf2
Fra:1 Mem:330.23M (Peak 330.23M) | Time:00:00.12 | Mem:0.00M, Peak:0.00M | Scene, ViewLayer | Synchronizing object | common_terrace_plant_03_leaf4
Fra:1 Mem:330.23M (Peak 330.23M) | Time:00:00.12 | Mem:0.00M, Peak:0.00M | Scene, ViewLayer | Synchronizing object | common_terrace_plant_03_leaf5
Fra:1 Mem:330.24M (Peak 330.24M) | Time:00:00.12 | Mem:0.00M, Peak:0.00M | Scene, ViewLayer | Synchronizing object | common_terrace_plant_04_pot
Fra:1 Mem:330.24M (Peak 330.24M) | Time:00:00.12 | Mem:0.00M, Peak:0.00M | Scene, ViewLayer | Synchronizing object | common_terrace_plant_04_stem
Fra:1 Mem:330.25M (Peak 330.25M) | Time:00:00.12 | Mem:0.00M, Peak:0.00M | Scene, ViewLayer | Synchronizing object | common_terrace_plant_04_leaf0
Fra:1 Mem:330.25M (Peak 330.25M) | Time:00:00.12 | Mem:0.00M, Peak:0.00M | Scene, ViewLayer | Synchronizing object | common_terrace_plant_04_leaf2
Fra:1 Mem:330.25M (Peak 330.25M) | Time:00:00.12 | Mem:0.00M, Peak:0.00M | Scene, ViewLayer | Synchronizing object | common_terrace_plant_04_leaf3
Fra:1 Mem:330.26M (Peak 330.26M) | Time:00:00.12 | Mem:0.00M, Peak:0.00M | Scene, ViewLayer | Synchronizing object | common_terrace_plant_04_leaf4
Fra:1 Mem:330.26M (Peak 330.26M) | Time:00:00.12 | Mem:0.00M, Peak:0.00M | Scene, ViewLayer | Synchronizing object | common_terrace_plant_04_leaf5
Fra:1 Mem:330.26M (Peak 330.26M) | Time:00:00.12 | Mem:0.00M, Peak:0.00M | Scene, ViewLayer | Synchronizing object | common_parents_room_bed_01_frame
Fra:1 Mem:330.26M (Peak 330.26M) | Time:00:00.12 | Mem:0.00M, Peak:0.00M | Scene, ViewLayer | Synchronizing object | A_living_dining_balcony_dining_chair_02_leg1
Fra:1 Mem:330.27M (Peak 330.27M) | Time:00:00.12 | Mem:0.00M, Peak:0.00M | Scene, ViewLayer | Synchronizing object | common_parents_room_bed_01_mattress
Fra:1 Mem:337.29M (Peak 337.29M) | Time:00:00.12 | Mem:0.00M, Peak:0.00M | Scene, ViewLayer | Synchronizing object | common_parents_room_bed_01_headboard
Fra:1 Mem:337.31M (Peak 337.31M) | Time:00:00.12 | Mem:0.00M, Peak:0.00M | Scene, ViewLayer | Synchronizing object | common_parents_room_bed_01_duvet
Fra:1 Mem:337.31M (Peak 337.31M) | Time:00:00.12 | Mem:0.00M, Peak:0.00M | Scene, ViewLayer | Synchronizing object | common_parents_room_bed_01_duvetdrop
Fra:1 Mem:337.31M (Peak 337.31M) | Time:00:00.12 | Mem:0.00M, Peak:0.00M | Scene, ViewLayer | Synchronizing object | common_parents_room_bed_01_pillow2
Fra:1 Mem:337.34M (Peak 337.34M) | Time:00:00.12 | Mem:0.00M, Peak:0.00M | Scene, ViewLayer | Synchronizing object | common_parents_room_nightstand_01_body
Fra:1 Mem:337.34M (Peak 337.34M) | Time:00:00.12 | Mem:0.00M, Peak:0.00M | Scene, ViewLayer | Synchronizing object | common_parents_room_nightstand_01_drw_f0
Fra:1 Mem:337.35M (Peak 337.35M) | Time:00:00.12 | Mem:0.00M, Peak:0.00M | Scene, ViewLayer | Synchronizing object | common_parents_room_nightstand_01_drw_p0
Fra:1 Mem:337.35M (Peak 337.35M) | Time:00:00.12 | Mem:0.00M, Peak:0.00M | Scene, ViewLayer | Synchronizing object | common_parents_room_nightstand_01_leg0
Fra:1 Mem:337.35M (Peak 337.35M) | Time:00:00.12 | Mem:0.00M, Peak:0.00M | Scene, ViewLayer | Synchronizing object | common_parents_room_nightstand_01_leg1
Fra:1 Mem:337.35M (Peak 337.35M) | Time:00:00.12 | Mem:0.00M, Peak:0.00M | Scene, ViewLayer | Synchronizing object | common_parents_room_nightstand_01_leg2
Fra:1 Mem:337.35M (Peak 337.35M) | Time:00:00.12 | Mem:0.00M, Peak:0.00M | Scene, ViewLayer | Synchronizing object | common_parents_room_nightstand_01_leg3
Fra:1 Mem:337.36M (Peak 337.36M) | Time:00:00.12 | Mem:0.00M, Peak:0.00M | Scene, ViewLayer | Synchronizing object | common_parents_room_cushion_01_pad
Fra:1 Mem:337.36M (Peak 337.36M) | Time:00:00.12 | Mem:0.00M, Peak:0.00M | Scene, ViewLayer | Synchronizing object | common_parents_room_cushion_01_pil_brick
Fra:1 Mem:337.36M (Peak 337.36M) | Time:00:00.12 | Mem:0.00M, Peak:0.00M | Scene, ViewLayer | Synchronizing object | A_living_dining_balcony_dining_chair_02_leg0
Fra:1 Mem:337.37M (Peak 337.37M) | Time:00:00.12 | Mem:0.00M, Peak:0.00M | Scene, ViewLayer | Synchronizing object | common_parents_room_shelf_01_side0
Fra:1 Mem:337.38M (Peak 337.38M) | Time:00:00.12 | Mem:0.00M, Peak:0.00M | Scene, ViewLayer | Synchronizing object | common_parents_room_shelf_01_side1
Fra:1 Mem:337.39M (Peak 337.39M) | Time:00:00.12 | Mem:0.00M, Peak:0.00M | Scene, ViewLayer | Synchronizing object | common_parents_room_shelf_01_top
Fra:1 Mem:337.39M (Peak 337.39M) | Time:00:00.12 | Mem:0.00M, Peak:0.00M | Scene, ViewLayer | Synchronizing object | common_parents_room_shelf_01_sh1
Fra:1 Mem:337.40M (Peak 337.40M) | Time:00:00.12 | Mem:0.00M, Peak:0.00M | Scene, ViewLayer | Synchronizing object | common_parents_room_shelf_02_side0
Fra:1 Mem:337.40M (Peak 337.40M) | Time:00:00.12 | Mem:0.00M, Peak:0.00M | Scene, ViewLayer | Synchronizing object | common_parents_room_shelf_02_top
Fra:1 Mem:337.40M (Peak 337.40M) | Time:00:00.12 | Mem:0.00M, Peak:0.00M | Scene, ViewLayer | Synchronizing object | common_parents_room_shelf_02_sh1
Fra:1 Mem:337.40M (Peak 337.40M) | Time:00:00.12 | Mem:0.00M, Peak:0.00M | Scene, ViewLayer | Synchronizing object | common_daughter_room_wardrobe_01_slA_f0
Fra:1 Mem:337.41M (Peak 337.41M) | Time:00:00.12 | Mem:0.00M, Peak:0.00M | Scene, ViewLayer | Synchronizing object | common_daughter_room_wardrobe_01_slA_f1
Fra:1 Mem:337.41M (Peak 337.41M) | Time:00:00.12 | Mem:0.00M, Peak:0.00M | Scene, ViewLayer | Synchronizing object | common_daughter_room_wardrobe_01_slB_f0
Fra:1 Mem:337.41M (Peak 337.41M) | Time:00:00.12 | Mem:0.00M, Peak:0.00M | Scene, ViewLayer | Synchronizing object | common_daughter_room_wardrobe_01_slB_f1
Fra:1 Mem:337.42M (Peak 337.42M) | Time:00:00.12 | Mem:0.00M, Peak:0.00M | Scene, ViewLayer | Synchronizing object | common_daughter_room_wardrobe_02_body
Fra:1 Mem:337.42M (Peak 337.42M) | Time:00:00.12 | Mem:0.00M, Peak:0.00M | Scene, ViewLayer | Synchronizing object | common_daughter_room_wardrobe_02_slA_f1
Fra:1 Mem:337.44M (Peak 337.44M) | Time:00:00.12 | Mem:0.00M, Peak:0.00M | Scene, ViewLayer | Synchronizing object | common_daughter_room_wardrobe_02_slB_f1
Fra:1 Mem:337.46M (Peak 337.46M) | Time:00:00.12 | Mem:0.00M, Peak:0.00M | Scene, ViewLayer | Synchronizing object | common_daughter_room_bed_01_headboard
Fra:1 Mem:337.47M (Peak 337.47M) | Time:00:00.12 | Mem:0.00M, Peak:0.00M | Scene, ViewLayer | Synchronizing object | common_daughter_room_bed_01_duvet
Fra:1 Mem:337.48M (Peak 337.48M) | Time:00:00.12 | Mem:0.00M, Peak:0.00M | Scene, ViewLayer | Synchronizing object | common_daughter_room_bed_01_duvetdrop
Fra:1 Mem:337.48M (Peak 337.48M) | Time:00:00.12 | Mem:0.00M, Peak:0.00M | Scene, ViewLayer | Synchronizing object | common_daughter_room_bed_01_pillow1
Fra:1 Mem:337.49M (Peak 337.49M) | Time:00:00.12 | Mem:0.00M, Peak:0.00M | Scene, ViewLayer | Synchronizing object | common_daughter_room_bed_01_pillow2
Fra:1 Mem:337.50M (Peak 337.50M) | Time:00:00.12 | Mem:0.00M, Peak:0.00M | Scene, ViewLayer | Synchronizing object | common_daughter_room_bed_01_pillow_acc
Fra:1 Mem:337.51M (Peak 337.51M) | Time:00:00.12 | Mem:0.00M, Peak:0.00M | Scene, ViewLayer | Synchronizing object | common_daughter_room_shelf_01_side0
Fra:1 Mem:337.52M (Peak 337.52M) | Time:00:00.12 | Mem:0.00M, Peak:0.00M | Scene, ViewLayer | Synchronizing object | common_daughter_room_shelf_01_sh1
Fra:1 Mem:337.53M (Peak 337.53M) | Time:00:00.12 | Mem:0.00M, Peak:0.00M | Scene, ViewLayer | Synchronizing object | common_daughter_room_shelf_01_sh2
Fra:1 Mem:337.54M (Peak 337.54M) | Time:00:00.12 | Mem:0.00M, Peak:0.00M | Scene, ViewLayer | Synchronizing object | A_living_dining_balcony_dining_chair_02_back
Fra:1 Mem:337.55M (Peak 337.55M) | Time:00:00.12 | Mem:0.00M, Peak:0.00M | Scene, ViewLayer | Synchronizing object | common_daughter_room_desk_01_drawer
Fra:1 Mem:337.55M (Peak 337.55M) | Time:00:00.12 | Mem:0.00M, Peak:0.00M | Scene, ViewLayer | Synchronizing object | A_living_dining_balcony_dining_chair_01_armf1
Fra:1 Mem:337.56M (Peak 337.56M) | Time:00:00.12 | Mem:0.00M, Peak:0.00M | Scene, ViewLayer | Synchronizing object | common_daughter_room_desk_01_leg0
Fra:1 Mem:337.56M (Peak 337.56M) | Time:00:00.12 | Mem:0.00M, Peak:0.00M | Scene, ViewLayer | Synchronizing object | common_daughter_room_desk_01_leg1
Fra:1 Mem:337.58M (Peak 337.58M) | Time:00:00.12 | Mem:0.00M, Peak:0.00M | Scene, ViewLayer | Synchronizing object | common_daughter_room_desk_01_leg2
Fra:1 Mem:337.58M (Peak 337.58M) | Time:00:00.12 | Mem:0.00M, Peak:0.00M | Scene, ViewLayer | Synchronizing object | common_daughter_room_chair_01_post
Fra:1 Mem:337.59M (Peak 337.59M) | Time:00:00.12 | Mem:0.00M, Peak:0.00M | Scene, ViewLayer | Synchronizing object | common_daughter_room_chair_01_base
Fra:1 Mem:337.59M (Peak 337.59M) | Time:00:00.12 | Mem:0.00M, Peak:0.00M | Scene, ViewLayer | Synchronizing object | common_son_room_wardrobe_01_slA_f0
Fra:1 Mem:337.60M (Peak 337.60M) | Time:00:00.12 | Mem:0.00M, Peak:0.00M | Scene, ViewLayer | Synchronizing object | common_son_room_wardrobe_01_slA_f2
Fra:1 Mem:337.60M (Peak 337.60M) | Time:00:00.12 | Mem:0.00M, Peak:0.00M | Scene, ViewLayer | Synchronizing object | common_son_room_wardrobe_01_slB_f1
Fra:1 Mem:337.61M (Peak 337.61M) | Time:00:00.12 | Mem:0.00M, Peak:0.00M | Scene, ViewLayer | Synchronizing object | common_son_room_wardrobe_01_slB_f2
Fra:1 Mem:337.61M (Peak 337.61M) | Time:00:00.12 | Mem:0.00M, Peak:0.00M | Scene, ViewLayer | Synchronizing object | common_son_room_bed_01_mattress
Fra:1 Mem:337.62M (Peak 337.62M) | Time:00:00.12 | Mem:0.00M, Peak:0.00M | Scene, ViewLayer | Synchronizing object | common_son_room_bed_01_headboard
Fra:1 Mem:337.63M (Peak 337.63M) | Time:00:00.12 | Mem:0.00M, Peak:0.00M | Scene, ViewLayer | Synchronizing object | A_living_dining_balcony_dining_chair_01_arm1
Fra:1 Mem:337.64M (Peak 337.64M) | Time:00:00.12 | Mem:0.00M, Peak:0.00M | Scene, ViewLayer | Synchronizing object | common_son_room_bed_01_duvet
Fra:1 Mem:337.64M (Peak 337.64M) | Time:00:00.12 | Mem:0.00M, Peak:0.00M | Scene, ViewLayer | Synchronizing object | A_living_dining_balcony_dining_chair_01_armf0
Fra:1 Mem:337.66M (Peak 337.66M) | Time:00:00.12 | Mem:0.00M, Peak:0.00M | Scene, ViewLayer | Synchronizing object | A_living_dining_balcony_dining_chair_01_arm0
Fra:1 Mem:337.67M (Peak 337.67M) | Time:00:00.12 | Mem:0.00M, Peak:0.00M | Scene, ViewLayer | Synchronizing object | common_son_room_bed_01_duvetdrop2
Fra:1 Mem:337.68M (Peak 337.68M) | Time:00:00.12 | Mem:0.00M, Peak:0.00M | Scene, ViewLayer | Synchronizing object | common_son_room_bed_01_pillow1
Fra:1 Mem:337.68M (Peak 337.68M) | Time:00:00.12 | Mem:0.00M, Peak:0.00M | Scene, ViewLayer | Synchronizing object | common_son_room_bed_01_pillow2
Fra:1 Mem:337.69M (Peak 337.69M) | Time:00:00.12 | Mem:0.00M, Peak:0.00M | Scene, ViewLayer | Synchronizing object | common_son_room_bed_01_pillow_acc
Fra:1 Mem:337.71M (Peak 337.71M) | Time:00:00.12 | Mem:0.00M, Peak:0.00M | Scene, ViewLayer | Synchronizing object | common_son_room_bed_01_throw
Fra:1 Mem:337.72M (Peak 337.72M) | Time:00:00.12 | Mem:0.00M, Peak:0.00M | Scene, ViewLayer | Synchronizing object | common_son_room_desk_01_top
Fra:1 Mem:337.72M (Peak 337.72M) | Time:00:00.12 | Mem:0.00M, Peak:0.00M | Scene, ViewLayer | Synchronizing object | common_son_room_desk_01_leg0
Fra:1 Mem:337.74M (Peak 337.74M) | Time:00:00.12 | Mem:0.00M, Peak:0.00M | Scene, ViewLayer | Synchronizing object | common_son_room_desk_01_leg1
Fra:1 Mem:337.74M (Peak 337.74M) | Time:00:00.12 | Mem:0.00M, Peak:0.00M | Scene, ViewLayer | Synchronizing object | common_son_room_desk_01_leg2
Fra:1 Mem:337.74M (Peak 337.74M) | Time:00:00.12 | Mem:0.00M, Peak:0.00M | Scene, ViewLayer | Synchronizing object | common_son_room_desk_01_leg3
Fra:1 Mem:337.74M (Peak 337.74M) | Time:00:00.12 | Mem:0.00M, Peak:0.00M | Scene, ViewLayer | Synchronizing object | common_son_room_shelf_01_side1
Fra:1 Mem:337.75M (Peak 337.75M) | Time:00:00.12 | Mem:0.00M, Peak:0.00M | Scene, ViewLayer | Synchronizing object | common_son_room_shelf_01_top
Fra:1 Mem:337.76M (Peak 337.76M) | Time:00:00.12 | Mem:0.00M, Peak:0.00M | Scene, ViewLayer | Synchronizing object | common_son_room_shelf_01_sh1
Fra:1 Mem:337.77M (Peak 337.77M) | Time:00:00.12 | Mem:0.00M, Peak:0.00M | Scene, ViewLayer | Synchronizing object | common_son_room_chair_01_post
Fra:1 Mem:337.77M (Peak 337.77M) | Time:00:00.13 | Mem:0.00M, Peak:0.00M | Scene, ViewLayer | Synchronizing object | common_son_room_chair_01_base
Fra:1 Mem:337.77M (Peak 337.77M) | Time:00:00.13 | Mem:0.00M, Peak:0.00M | Scene, ViewLayer | Synchronizing object | A_living_dining_balcony_dining_chair_01_leg3
Fra:1 Mem:337.78M (Peak 337.78M) | Time:00:00.13 | Mem:0.00M, Peak:0.00M | Scene, ViewLayer | Synchronizing object | common_son_room_rug_01_pile
Fra:1 Mem:337.79M (Peak 337.79M) | Time:00:00.13 | Mem:0.00M, Peak:0.00M | Scene, ViewLayer | Synchronizing object | fx_curt_master_bo_w
Fra:1 Mem:337.79M (Peak 337.79M) | Time:00:00.13 | Mem:0.00M, Peak:0.00M | Scene, ViewLayer | Synchronizing object | fx_curt_master_bo_e
Fra:1 Mem:337.80M (Peak 337.80M) | Time:00:00.13 | Mem:0.00M, Peak:0.00M | Scene, ViewLayer | Synchronizing object | fx_curt_parents_sheer
Fra:1 Mem:337.81M (Peak 337.81M) | Time:00:00.13 | Mem:0.00M, Peak:0.00M | Scene, ViewLayer | Synchronizing object | fx_curt_parents_roller
Fra:1 Mem:337.83M (Peak 337.83M) | Time:00:00.13 | Mem:0.00M, Peak:0.00M | Scene, ViewLayer | Synchronizing object | fx_curt_daughter_sheer
Fra:1 Mem:337.83M (Peak 337.83M) | Time:00:00.13 | Mem:0.00M, Peak:0.00M | Scene, ViewLayer | Synchronizing object | fx_curt_daughter_bo_w
Fra:1 Mem:337.86M (Peak 337.86M) | Time:00:00.13 | Mem:0.00M, Peak:0.00M | Scene, ViewLayer | Synchronizing object | fx_curt_daughter_bo_e
Fra:1 Mem:337.86M (Peak 337.86M) | Time:00:00.13 | Mem:0.00M, Peak:0.00M | Scene, ViewLayer | Synchronizing object | fx_curt_son_sheer
Fra:1 Mem:337.88M (Peak 337.88M) | Time:00:00.13 | Mem:0.00M, Peak:0.00M | Scene, ViewLayer | Synchronizing object | fx_curt_son_bo_w
Fra:1 Mem:337.90M (Peak 337.90M) | Time:00:00.13 | Mem:0.00M, Peak:0.00M | Scene, ViewLayer | Synchronizing object | fx_curt_son_bo_e
Fra:1 Mem:337.90M (Peak 337.90M) | Time:00:00.13 | Mem:0.00M, Peak:0.00M | Scene, ViewLayer | Synchronizing object | fx_blind_mb_slats0
Fra:1 Mem:337.90M (Peak 337.90M) | Time:00:00.13 | Mem:0.00M, Peak:0.00M | Scene, ViewLayer | Synchronizing object | fx_blind_mb_slats1
Fra:1 Mem:337.92M (Peak 337.92M) | Time:00:00.13 | Mem:0.00M, Peak:0.00M | Scene, ViewLayer | Synchronizing object | fx_blind_mb_slats2
Fra:1 Mem:339.05M (Peak 339.05M) | Time:00:00.13 | Mem:0.00M, Peak:0.00M | Scene, ViewLayer | Synchronizing object | fx_blind_mb_slats4
Fra:1 Mem:339.05M (Peak 339.05M) | Time:00:00.13 | Mem:0.00M, Peak:0.00M | Scene, ViewLayer | Synchronizing object | A_living_dining_balcony_dining_chair_01_leg2
Fra:1 Mem:339.07M (Peak 339.07M) | Time:00:00.13 | Mem:0.00M, Peak:0.00M | Scene, ViewLayer | Synchronizing object | A_living_dining_balcony_dining_chair_01_legt1
Fra:1 Mem:339.07M (Peak 339.07M) | Time:00:00.13 | Mem:0.00M, Peak:0.00M | Scene, ViewLayer | Synchronizing object | fx_blind_mb_slats5
Fra:1 Mem:339.09M (Peak 339.09M) | Time:00:00.13 | Mem:0.00M, Peak:0.00M | Scene, ViewLayer | Synchronizing object | fx_wall_lamp0
Fra:1 Mem:339.10M (Peak 339.10M) | Time:00:00.13 | Mem:0.00M, Peak:0.00M | Scene, ViewLayer | Synchronizing object | fx_wall_lamp1
Fra:1 Mem:339.10M (Peak 339.10M) | Time:00:00.13 | Mem:0.00M, Peak:0.00M | Scene, ViewLayer | Synchronizing object | fx_foyer_jar
Fra:1 Mem:339.10M (Peak 339.10M) | Time:00:00.13 | Mem:0.00M, Peak:0.00M | Scene, ViewLayer | Synchronizing object | fx_kn_herb_leaf1
Fra:1 Mem:339.11M (Peak 339.11M) | Time:00:00.13 | Mem:0.00M, Peak:0.00M | Scene, ViewLayer | Synchronizing object | fx_island_tray
Fra:1 Mem:339.11M (Peak 339.11M) | Time:00:00.13 | Mem:0.00M, Peak:0.00M | Scene, ViewLayer | Synchronizing object | fx_bc_b0_0
Fra:1 Mem:339.11M (Peak 339.11M) | Time:00:00.13 | Mem:0.00M, Peak:0.00M | Scene, ViewLayer | Synchronizing object | fx_bc_b0_1
Fra:1 Mem:339.13M (Peak 339.13M) | Time:00:00.13 | Mem:0.00M, Peak:0.00M | Scene, ViewLayer | Synchronizing object | fx_bc_b0_2
Fra:1 Mem:339.14M (Peak 339.14M) | Time:00:00.13 | Mem:0.00M, Peak:0.00M | Scene, ViewLayer | Synchronizing object | fx_bc_b0_4
Fra:1 Mem:339.14M (Peak 339.14M) | Time:00:00.13 | Mem:0.00M, Peak:0.00M | Scene, ViewLayer | Synchronizing object | fx_bc_b0f_0
Fra:1 Mem:339.15M (Peak 339.15M) | Time:00:00.13 | Mem:0.00M, Peak:0.00M | Scene, ViewLayer | Synchronizing object | fx_bc_pot
Fra:1 Mem:339.15M (Peak 339.15M) | Time:00:00.13 | Mem:0.00M, Peak:0.00M | Scene, ViewLayer | Synchronizing object | fx_bc_potlip
Fra:1 Mem:339.20M (Peak 339.20M) | Time:00:00.13 | Mem:0.00M, Peak:0.00M | Scene, ViewLayer | Synchronizing object | fx_bc_frame
Fra:1 Mem:339.23M (Peak 339.23M) | Time:00:00.13 | Mem:0.00M, Peak:0.00M | Scene, ViewLayer | Synchronizing object | fx_bc_framein
Fra:1 Mem:339.24M (Peak 339.24M) | Time:00:00.13 | Mem:0.00M, Peak:0.00M | Scene, ViewLayer | Synchronizing object | fx_bc_rec0
Fra:1 Mem:339.25M (Peak 339.25M) | Time:00:00.13 | Mem:0.00M, Peak:0.00M | Scene, ViewLayer | Synchronizing object | fx_bc_rec2
Fra:1 Mem:339.25M (Peak 339.25M) | Time:00:00.13 | Mem:0.00M, Peak:0.00M | Scene, ViewLayer | Synchronizing object | fx_bc_recstand
Fra:1 Mem:339.26M (Peak 339.26M) | Time:00:00.13 | Mem:0.00M, Peak:0.00M | Scene, ViewLayer | Synchronizing object | fx_bc_b3_0
Fra:1 Mem:339.26M (Peak 339.26M) | Time:00:00.13 | Mem:0.00M, Peak:0.00M | Scene, ViewLayer | Synchronizing object | fx_bc_b3_1
Fra:1 Mem:339.27M (Peak 339.27M) | Time:00:00.13 | Mem:0.00M, Peak:0.00M | Scene, ViewLayer | Synchronizing object | fx_bc_pot4
Fra:1 Mem:339.28M (Peak 339.28M) | Time:00:00.13 | Mem:0.00M, Peak:0.00M | Scene, ViewLayer | Synchronizing object | A_living_dining_balcony_dining_chair_01_leg1
Fra:1 Mem:339.28M (Peak 339.28M) | Time:00:00.13 | Mem:0.00M, Peak:0.00M | Scene, ViewLayer | Synchronizing object | fx_bc_g0_2
Fra:1 Mem:339.29M (Peak 339.29M) | Time:00:00.13 | Mem:0.00M, Peak:0.00M | Scene, ViewLayer | Synchronizing object | A_living_dining_balcony_dining_chair_01_legt0
Fra:1 Mem:339.29M (Peak 339.29M) | Time:00:00.13 | Mem:0.00M, Peak:0.00M | Scene, ViewLayer | Synchronizing object | fx_bc_gpot
Fra:1 Mem:338.20M (Peak 339.29M) | Time:00:00.13 | Mem:0.00M, Peak:0.00M | Scene, ViewLayer | Synchronizing object | fx_bc_g1_0
Fra:1 Mem:338.21M (Peak 339.29M) | Time:00:00.13 | Mem:0.00M, Peak:0.00M | Scene, ViewLayer | Synchronizing object | fx_bc_g1_1
Fra:1 Mem:338.25M (Peak 339.29M) | Time:00:00.13 | Mem:0.00M, Peak:0.00M | Scene, ViewLayer | Synchronizing object | fx_bc_g1_2
Fra:1 Mem:338.28M (Peak 339.29M) | Time:00:00.13 | Mem:0.00M, Peak:0.00M | Scene, ViewLayer | Synchronizing object | fx_bc_g1_3
Fra:1 Mem:338.76M (Peak 339.29M) | Time:00:00.13 | Mem:0.00M, Peak:0.00M | Scene, ViewLayer | Synchronizing object | fx_bc_gpot2
Fra:1 Mem:338.90M (Peak 339.29M) | Time:00:00.13 | Mem:0.00M, Peak:0.00M | Scene, ViewLayer | Synchronizing object | fx_desk_book0
Fra:1 Mem:339.23M (Peak 339.29M) | Time:00:00.13 | Mem:0.00M, Peak:0.00M | Scene, ViewLayer | Synchronizing object | fx_desk_book1
Fra:1 Mem:339.51M (Peak 339.53M) | Time:00:00.13 | Mem:0.00M, Peak:0.00M | Scene, ViewLayer | Synchronizing object | fx_fiddle_stem
Fra:1 Mem:339.77M (Peak 339.77M) | Time:00:00.13 | Mem:0.00M, Peak:0.00M | Scene, ViewLayer | Synchronizing object | fx_fiddle_leaf0
Fra:1 Mem:339.88M (Peak 339.88M) | Time:00:00.13 | Mem:0.00M, Peak:0.00M | Scene, ViewLayer | Synchronizing object | fx_fiddle_leaf4
Fra:1 Mem:339.97M (Peak 339.97M) | Time:00:00.13 | Mem:0.00M, Peak:0.00M | Scene, ViewLayer | Synchronizing object | fx_fiddle_leaf5
Fra:1 Mem:340.02M (Peak 340.02M) | Time:00:00.13 | Mem:0.00M, Peak:0.00M | Scene, ViewLayer | Synchronizing object | lt_sun
Fra:1 Mem:340.03M (Peak 340.03M) | Time:00:00.13 | Mem:0.00M, Peak:0.00M | Scene, ViewLayer | Synchronizing object | lt_spot_liv02
Fra:1 Mem:340.04M (Peak 340.04M) | Time:00:00.13 | Mem:0.00M, Peak:0.00M | Scene, ViewLayer | Synchronizing object | lt_spot_liv03
Fra:1 Mem:340.04M (Peak 340.04M) | Time:00:00.13 | Mem:0.00M, Peak:0.00M | Scene, ViewLayer | Synchronizing object | lt_spot_liv06
Fra:1 Mem:340.05M (Peak 340.05M) | Time:00:00.13 | Mem:0.00M, Peak:0.00M | Scene, ViewLayer | Synchronizing object | lt_spot_liv07
Fra:1 Mem:340.04M (Peak 340.05M) | Time:00:00.13 | Mem:0.00M, Peak:0.00M | Scene, ViewLayer | Synchronizing object | lt_spot_liv08
Fra:1 Mem:340.05M (Peak 340.05M) | Time:00:00.13 | Mem:0.00M, Peak:0.00M | Scene, ViewLayer | Synchronizing object | A_living_dining_balcony_dining_chair_01_seat
Fra:1 Mem:340.06M (Peak 340.06M) | Time:00:00.13 | Mem:0.00M, Peak:0.00M | Scene, ViewLayer | Synchronizing object | lt_spot_liv09
Fra:1 Mem:340.06M (Peak 340.06M) | Time:00:00.13 | Mem:0.00M, Peak:0.00M | Scene, ViewLayer | Synchronizing object | A_living_dining_balcony_dining_chair_01_back
Fra:1 Mem:340.07M (Peak 340.07M) | Time:00:00.13 | Mem:0.00M, Peak:0.00M | Scene, ViewLayer | Synchronizing object | A_living_dining_balcony_pendant_lamp_02_ globe
Fra:1 Mem:340.08M (Peak 340.08M) | Time:00:00.13 | Mem:0.00M, Peak:0.00M | Scene, ViewLayer | Synchronizing object | lt_spot_liv10
Fra:1 Mem:340.08M (Peak 340.08M) | Time:00:00.13 | Mem:0.00M, Peak:0.00M | Scene, ViewLayer | Synchronizing object | lt_spot_liv11
Fra:1 Mem:340.08M (Peak 340.08M) | Time:00:00.13 | Mem:0.00M, Peak:0.00M | Scene, ViewLayer | Synchronizing object | lt_spot_liv12
Fra:1 Mem:340.08M (Peak 340.08M) | Time:00:00.13 | Mem:0.00M, Peak:0.00M | Scene, ViewLayer | Synchronizing object | lt_spot_room8
Fra:1 Mem:340.08M (Peak 340.08M) | Time:00:00.13 | Mem:0.00M, Peak:0.00M | Scene, ViewLayer | Synchronizing object | lt_spot_room11
Fra:1 Mem:340.08M (Peak 340.08M) | Time:00:00.13 | Mem:0.00M, Peak:0.00M | Scene, ViewLayer | Synchronizing object | lt_spot_room12
Fra:1 Mem:340.08M (Peak 340.08M) | Time:00:00.13 | Mem:0.00M, Peak:0.00M | Scene, ViewLayer | Synchronizing object | lt_spot_room13
Fra:1 Mem:340.08M (Peak 340.08M) | Time:00:00.13 | Mem:0.00M, Peak:0.00M | Scene, ViewLayer | Synchronizing object | lt_ceiling_master
Fra:1 Mem:340.08M (Peak 340.08M) | Time:00:00.13 | Mem:0.00M, Peak:0.00M | Scene, ViewLayer | Synchronizing object | lt_ceiling_parents
Fra:1 Mem:340.08M (Peak 340.08M) | Time:00:00.13 | Mem:0.00M, Peak:0.00M | Scene, ViewLayer | Synchronizing object | lt_ceiling_son
Fra:1 Mem:340.08M (Peak 340.08M) | Time:00:00.13 | Mem:0.00M, Peak:0.00M | Scene, ViewLayer | Synchronizing object | lt_wall0
Fra:1 Mem:340.08M (Peak 340.08M) | Time:00:00.13 | Mem:0.00M, Peak:0.00M | Scene, ViewLayer | Synchronizing object | lt_wall1
Fra:1 Mem:340.08M (Peak 340.08M) | Time:00:00.13 | Mem:0.00M, Peak:0.00M | Scene, ViewLayer | Synchronizing object | lt_wall2
Fra:1 Mem:340.08M (Peak 340.08M) | Time:00:00.13 | Mem:0.00M, Peak:0.00M | Scene, ViewLayer | Synchronizing object | lt_strip_N
Fra:1 Mem:340.08M (Peak 340.08M) | Time:00:00.13 | Mem:0.00M, Peak:0.00M | Scene, ViewLayer | Synchronizing object | lt_strip_W
Fra:1 Mem:340.08M (Peak 340.08M) | Time:00:00.13 | Mem:0.00M, Peak:0.00M | Scene, ViewLayer | Synchronizing object | lt_strip_E
Fra:1 Mem:340.08M (Peak 340.08M) | Time:00:00.13 | Mem:0.00M, Peak:0.00M | Scene, ViewLayer | Synchronizing object | lt_strip_fyb
Fra:1 Mem:340.09M (Peak 340.09M) | Time:00:00.13 | Mem:0.00M, Peak:0.00M | Scene, ViewLayer | Synchronizing object | lt_strip_fyn
Fra:1 Mem:340.09M (Peak 340.09M) | Time:00:00.13 | Mem:0.00M, Peak:0.00M | Scene, ViewLayer | Synchronizing object | lt_strip_mb
Fra:1 Mem:340.09M (Peak 340.09M) | Time:00:00.13 | Mem:0.00M, Peak:0.00M | Scene, ViewLayer | Synchronizing object | lt_strip_cb
Fra:1 Mem:340.09M (Peak 340.09M) | Time:00:00.13 | Mem:0.00M, Peak:0.00M | Scene, ViewLayer | Synchronizing object | lt_strip_dt
Fra:1 Mem:340.09M (Peak 340.09M) | Time:00:00.13 | Mem:0.00M, Peak:0.00M | Scene, ViewLayer | Synchronizing object | lt_fill_daughter
Fra:1 Mem:340.09M (Peak 340.09M) | Time:00:00.13 | Mem:0.00M, Peak:0.00M | Scene, ViewLayer | Synchronizing object | lt_fill_mbath
Fra:1 Mem:340.09M (Peak 340.09M) | Time:00:00.13 | Mem:0.00M, Peak:0.00M | Scene, ViewLayer | Synchronizing object | lt_fill_corridor
Fra:1 Mem:340.09M (Peak 340.09M) | Time:00:00.13 | Mem:0.00M, Peak:0.00M | Scene, ViewLayer | Synchronizing object | A_living_dining_balcony_island_01_sideW
Fra:1 Mem:340.09M (Peak 340.09M) | Time:00:00.13 | Mem:0.00M, Peak:0.00M | Scene, ViewLayer | Synchronizing object | A_living_dining_balcony_island_01_backN
Fra:1 Mem:340.09M (Peak 340.09M) | Time:00:00.13 | Mem:0.00M, Peak:0.00M | Scene, ViewLayer | Synchronizing object | A_living_dining_balcony_island_01_oven
Fra:1 Mem:340.10M (Peak 340.10M) | Time:00:00.13 | Mem:0.00M, Peak:0.00M | Scene, ViewLayer | Synchronizing object | A_living_dining_balcony_island_01_drw_gapbg
Fra:1 Mem:340.10M (Peak 340.10M) | Time:00:00.13 | Mem:0.00M, Peak:0.00M | Scene, ViewLayer | Synchronizing object | A_living_dining_balcony_island_01_drw_f0
Fra:1 Mem:340.10M (Peak 340.10M) | Time:00:00.13 | Mem:0.00M, Peak:0.00M | Scene, ViewLayer | Synchronizing object | A_living_dining_balcony_island_01_niche
Fra:1 Mem:340.11M (Peak 340.11M) | Time:00:00.13 | Mem:0.00M, Peak:0.00M | Scene, ViewLayer | Synchronizing object | A_living_dining_balcony_island_01_sh1
Fra:1 Mem:340.11M (Peak 340.11M) | Time:00:00.13 | Mem:0.00M, Peak:0.00M | Scene, ViewLayer | Synchronizing object | A_living_dining_balcony_island_01_top
Fra:1 Mem:340.11M (Peak 340.11M) | Time:00:00.13 | Mem:0.00M, Peak:0.00M | Scene, ViewLayer | Synchronizing object | A_living_dining_balcony_tv_cabinet_01_door_gapbg
Fra:1 Mem:340.11M (Peak 340.11M) | Time:00:00.13 | Mem:0.00M, Peak:0.00M | Scene, ViewLayer | Synchronizing object | A_living_dining_balcony_tv_cabinet_01_door_f0
Fra:1 Mem:340.11M (Peak 340.11M) | Time:00:00.13 | Mem:0.00M, Peak:0.00M | Scene, ViewLayer | Synchronizing object | A_living_dining_balcony_tv_cabinet_01_door_f1
Fra:1 Mem:340.11M (Peak 340.11M) | Time:00:00.13 | Mem:0.00M, Peak:0.00M | Scene, ViewLayer | Synchronizing object | A_living_dining_balcony_tv_cabinet_01_door_f2
Fra:1 Mem:340.11M (Peak 340.11M) | Time:00:00.13 | Mem:0.00M, Peak:0.00M | Scene, ViewLayer | Synchronizing object | A_living_dining_balcony_tv_cabinet_01_door_f3
Fra:1 Mem:340.11M (Peak 340.11M) | Time:00:00.13 | Mem:0.00M, Peak:0.00M | Scene, ViewLayer | Synchronizing object | A_living_dining_balcony_tv_cabinet_01_door_f4
Fra:1 Mem:340.12M (Peak 340.12M) | Time:00:00.13 | Mem:0.00M, Peak:0.00M | Scene, ViewLayer | Synchronizing object | A_living_dining_balcony_pendant_lamp_01_rod
Fra:1 Mem:340.12M (Peak 340.12M) | Time:00:00.13 | Mem:0.00M, Peak:0.00M | Scene, ViewLayer | Synchronizing object | A_living_dining_balcony_island_02_leg1
Fra:1 Mem:340.16M (Peak 340.16M) | Time:00:00.13 | Mem:0.00M, Peak:0.00M | Scene, ViewLayer | Synchronizing object | A_living_dining_balcony_island_02_leg3
Fra:1 Mem:340.18M (Peak 340.18M) | Time:00:00.13 | Mem:0.00M, Peak:0.00M | Scene, ViewLayer | Synchronizing object | A_living_dining_balcony_pendant_lamp_02_rod
Fra:1 Mem:420.28M (Peak 461.11M) | Time:00:00.24 | Mem:0.00M, Peak:0.00M | Scene, ViewLayer | Initializing
Fra:1 Mem:410.61M (Peak 461.11M) | Time:00:00.25 | Mem:0.00M, Peak:0.00M | Scene, ViewLayer | Updating Images | Loading tree_small_02_nor_gl
Fra:1 Mem:410.61M (Peak 461.11M) | Time:00:00.25 | Mem:0.00M, Peak:0.00M | Scene, ViewLayer | Updating Images | Loading jacaranda_tree_leaves_diff-jacaranda_tree_leaves_alpha
Fra:1 Mem:410.61M (Peak 461.11M) | Time:00:00.25 | Mem:0.00M, Peak:0.00M | Scene, ViewLayer | Updating Images | Loading tree_small_02_leaves_nor_gl
Fra:1 Mem:441.11M (Peak 514.74M) | Time:00:00.30 | Mem:72.00M, Peak:72.00M | Scene, ViewLayer | Waiting for render to start
Fra:1 Mem:441.11M (Peak 514.74M) | Time:00:00.30 | Mem:72.00M, Peak:72.00M | Scene, ViewLayer | Updating Scene
Fra:1 Mem:441.11M (Peak 514.74M) | Time:00:00.30 | Mem:72.00M, Peak:72.00M | Scene, ViewLayer | Updating Shaders
Fra:1 Mem:441.11M (Peak 514.74M) | Time:00:00.30 | Mem:72.00M, Peak:72.00M | Scene, ViewLayer | Loading render kernels (may take a few minutes the first time)
Fra:1 Mem:441.25M (Peak 514.74M) | Time:00:01.18 | Mem:72.07M, Peak:72.07M | Scene, ViewLayer | Updating Procedurals
Fra:1 Mem:441.25M (Peak 514.74M) | Time:00:01.18 | Mem:72.07M, Peak:72.07M | Scene, ViewLayer | Updating Background
Fra:1 Mem:441.25M (Peak 514.74M) | Time:00:01.18 | Mem:72.07M, Peak:72.07M | Scene, ViewLayer | Updating Camera
Fra:1 Mem:441.25M (Peak 514.74M) | Time:00:01.18 | Mem:72.07M, Peak:72.07M | Scene, ViewLayer | Updating Meshes Flags
Fra:1 Mem:441.25M (Peak 514.74M) | Time:00:01.18 | Mem:72.07M, Peak:72.07M | Scene, ViewLayer | Updating Objects
Fra:1 Mem:441.25M (Peak 514.74M) | Time:00:01.18 | Mem:72.07M, Peak:72.07M | Scene, ViewLayer | Updating Objects | Copying Transformations to device
Fra:1 Mem:441.55M (Peak 514.74M) | Time:00:01.18 | Mem:72.36M, Peak:72.36M | Scene, ViewLayer | Updating Particle Systems
Fra:1 Mem:441.55M (Peak 514.74M) | Time:00:01.18 | Mem:72.36M, Peak:72.36M | Scene, ViewLayer | Updating Particle Systems | Copying Particles to device
Fra:1 Mem:441.55M (Peak 514.74M) | Time:00:01.18 | Mem:72.36M, Peak:72.36M | Scene, ViewLayer | Updating Meshes
Fra:1 Mem:511.28M (Peak 514.74M) | Time:00:02.10 | Mem:72.36M, Peak:72.36M | Scene, ViewLayer | Updating Objects | Applying Static Transformations
Fra:1 Mem:511.28M (Peak 514.74M) | Time:00:02.10 | Mem:72.36M, Peak:72.36M | Scene, ViewLayer | Updating Mesh | Computing attributes
Fra:1 Mem:618.52M (Peak 618.52M) | Time:00:02.13 | Mem:72.46M, Peak:72.46M | Scene, ViewLayer | Updating Mesh | Copying Attributes to device
Fra:1 Mem:618.36M (Peak 618.52M) | Time:00:02.16 | Mem:179.44M, Peak:179.44M | Scene, ViewLayer | Updating Geometry BVH ceil_living_r1S_mesh 2/299 | Building BVH
Fra:1 Mem:618.36M (Peak 618.52M) | Time:00:02.16 | Mem:179.44M, Peak:179.44M | Scene, ViewLayer | Updating Geometry BVH ceil_living_r2N_mesh 7/299 | Building BVH
Fra:1 Mem:618.36M (Peak 618.52M) | Time:00:02.16 | Mem:179.44M, Peak:179.44M | Scene, ViewLayer | Updating Geometry BVH ceil_living_slab_mesh 10/299 | Building BVH
Fra:1 Mem:618.36M (Peak 618.52M) | Time:00:02.16 | Mem:179.44M, Peak:179.44M | Scene, ViewLayer | Updating Geometry BVH ceil_parents_room_ac_mesh 18/299 | Building BVH
Fra:1 Mem:618.36M (Peak 618.52M) | Time:00:02.16 | Mem:179.44M, Peak:179.44M | Scene, ViewLayer | Updating Geometry BVH ceil_bay_slab_mesh 21/534 | Building BVH
Fra:1 Mem:618.36M (Peak 618.52M) | Time:00:02.16 | Mem:179.44M, Peak:179.44M | Scene, ViewLayer | Updating Geometry BVH ceil_kitchen_fill_mesh 22/626 | Building BVH
Fra:1 Mem:618.36M (Peak 618.52M) | Time:00:02.16 | Mem:179.44M, Peak:179.44M | Scene, ViewLayer | Updating Geometry BVH light 1282/1281 | Building BVH
Fra:1 Mem:618.36M (Peak 618.52M) | Time:00:02.17 | Mem:179.64M, Peak:179.64M | Scene, ViewLayer | Updating Geometry BVH ceil_public_bath_wet_fill_mesh 23/1281 | Building BVH
Fra:1 Mem:618.36M (Peak 618.52M) | Time:00:02.17 | Mem:179.64M, Peak:179.64M | Scene, ViewLayer | Updating Geometry BVH ceil_master_bath_fill_mesh 24/1281 | Building BVH
Fra:1 Mem:618.36M (Peak 618.52M) | Time:00:02.17 | Mem:179.65M, Peak:179.66M | Scene, ViewLayer | Updating Geometry BVH ceil_corridor_fill_mesh 25/1281 | Building BVH
Fra:1 Mem:618.36M (Peak 618.52M) | Time:00:02.17 | Mem:179.65M, Peak:179.66M | Scene, ViewLayer | Updating Geometry BVH lt_strip_tv_mesh 1281/1281 | Building BVH
Fra:1 Mem:618.36M (Peak 618.52M) | Time:00:02.17 | Mem:179.66M, Peak:179.66M | Scene, ViewLayer | Updating Geometry BVH ceil_elevator_hall_fill_mesh 26/1281 | Building BVH
Fra:1 Mem:618.36M (Peak 618.52M) | Time:00:02.17 | Mem:179.66M, Peak:179.66M | Scene, ViewLayer | Updating Geometry BVH fx_ceiling_master_bedroom_mesh 27/1281 | Building BVH
Fra:1 Mem:618.36M (Peak 618.52M) | Time:00:02.17 | Mem:179.68M, Peak:179.68M | Scene, ViewLayer | Updating Geometry BVH fx_ceiling_parents_room_mesh 28/1281 | Building BVH
Fra:1 Mem:618.36M (Peak 618.52M) | Time:00:02.17 | Mem:179.71M, Peak:179.72M | Scene, ViewLayer | Updating Geometry BVH fx_ceiling_daughter_room_mesh 29/1281 | Building BVH
Fra:1 Mem:618.36M (Peak 618.52M) | Time:00:02.17 | Mem:179.71M, Peak:179.72M | Scene, ViewLayer | Updating Geometry BVH lt_pendant_02 1280/1281 | Building BVH
Fra:1 Mem:618.36M (Peak 618.52M) | Time:00:02.17 | Mem:179.73M, Peak:179.73M | Scene, ViewLayer | Updating Geometry BVH fx_ceiling_son_room_mesh 30/1281 | Building BVH
Fra:1 Mem:618.36M (Peak 618.52M) | Time:00:02.17 | Mem:179.73M, Peak:179.73M | Scene, ViewLayer | Updating Geometry BVH fx_spot_living00_mesh 31/1281 | Building BVH
Fra:1 Mem:618.36M (Peak 618.52M) | Time:00:02.17 | Mem:179.74M, Peak:179.74M | Scene, ViewLayer | Updating Geometry BVH fx_spot_living00_r_mesh 32/1281 | Building BVH
Fra:1 Mem:618.36M (Peak 618.52M) | Time:00:02.17 | Mem:179.78M, Peak:179.78M | Scene, ViewLayer | Updating Geometry BVH fx_spot_living01_mesh 33/1281 | Building BVH
Fra:1 Mem:618.36M (Peak 618.52M) | Time:00:02.17 | Mem:179.79M, Peak:179.79M | Scene, ViewLayer | Updating Geometry BVH fx_spot_living01_r_mesh 34/1281 | Building BVH
Fra:1 Mem:618.36M (Peak 618.52M) | Time:00:02.17 | Mem:179.79M, Peak:179.79M | Scene, ViewLayer | Updating Geometry BVH fx_spot_living02_mesh 35/1281 | Building BVH
Fra:1 Mem:618.36M (Peak 618.52M) | Time:00:02.17 | Mem:179.81M, Peak:179.81M | Scene, ViewLayer | Updating Geometry BVH fx_spot_living02_r_mesh 36/1281 | Building BVH
Fra:1 Mem:618.36M (Peak 618.52M) | Time:00:02.17 | Mem:179.81M, Peak:179.81M | Scene, ViewLayer | Updating Geometry BVH fx_spot_living03_mesh 37/1281 | Building BVH
Fra:1 Mem:618.36M (Peak 618.52M) | Time:00:02.17 | Mem:179.84M, Peak:179.84M | Scene, ViewLayer | Updating Geometry BVH fx_spot_living03_r_mesh 38/1281 | Building BVH
Fra:1 Mem:618.36M (Peak 618.52M) | Time:00:02.17 | Mem:179.84M, Peak:179.84M | Scene, ViewLayer | Updating Geometry BVH fx_spot_living04_mesh 39/1281 | Building BVH
Fra:1 Mem:618.36M (Peak 618.52M) | Time:00:02.17 | Mem:179.86M, Peak:179.86M | Scene, ViewLayer | Updating Geometry BVH fx_spot_living04_r_mesh 40/1281 | Building BVH
Fra:1 Mem:618.36M (Peak 618.52M) | Time:00:02.17 | Mem:179.89M, Peak:179.89M | Scene, ViewLayer | Updating Geometry BVH fx_spot_living05_mesh 41/1281 | Building BVH
Fra:1 Mem:618.36M (Peak 618.52M) | Time:00:02.17 | Mem:179.90M, Peak:179.90M | Scene, ViewLayer | Updating Geometry BVH fx_spot_living05_r_mesh 42/1281 | Building BVH
Fra:1 Mem:618.36M (Peak 618.52M) | Time:00:02.17 | Mem:179.92M, Peak:179.92M | Scene, ViewLayer | Updating Geometry BVH fx_spot_living06_mesh 43/1281 | Building BVH
Fra:1 Mem:618.36M (Peak 618.52M) | Time:00:02.17 | Mem:179.92M, Peak:179.92M | Scene, ViewLayer | Updating Geometry BVH fx_spot_living06_r_mesh 44/1281 | Building BVH
Fra:1 Mem:618.36M (Peak 618.52M) | Time:00:02.17 | Mem:179.95M, Peak:179.95M | Scene, ViewLayer | Updating Geometry BVH fx_spot_living07_mesh 45/1281 | Building BVH
Fra:1 Mem:618.36M (Peak 618.52M) | Time:00:02.17 | Mem:179.95M, Peak:179.95M | Scene, ViewLayer | Updating Geometry BVH fx_spot_living07_r_mesh 46/1281 | Building BVH
Fra:1 Mem:618.36M (Peak 618.52M) | Time:00:02.17 | Mem:179.96M, Peak:179.96M | Scene, ViewLayer | Updating Geometry BVH lt_pendant_01 1279/1281 | Building BVH
Fra:1 Mem:618.36M (Peak 618.52M) | Time:00:02.17 | Mem:179.96M, Peak:179.97M | Scene, ViewLayer | Updating Geometry BVH fx_spot_living08_mesh 47/1281 | Building BVH
Fra:1 Mem:618.36M (Peak 618.52M) | Time:00:02.17 | Mem:179.99M, Peak:179.99M | Scene, ViewLayer | Updating Geometry BVH fx_spot_living08_r_mesh 48/1281 | Building BVH
Fra:1 Mem:618.36M (Peak 618.52M) | Time:00:02.17 | Mem:180.02M, Peak:180.02M | Scene, ViewLayer | Updating Geometry BVH fx_spot_living09_mesh 49/1281 | Building BVH
Fra:1 Mem:618.36M (Peak 618.52M) | Time:00:02.17 | Mem:180.02M, Peak:180.02M | Scene, ViewLayer | Updating Geometry BVH fx_spot_living09_r_mesh 50/1281 | Building BVH
Fra:1 Mem:618.36M (Peak 618.52M) | Time:00:02.17 | Mem:180.02M, Peak:180.02M | Scene, ViewLayer | Updating Geometry BVH fx_spot_living10_r_mesh 52/1281 | Building BVH
Fra:1 Mem:618.36M (Peak 618.52M) | Time:00:02.17 | Mem:180.02M, Peak:180.02M | Scene, ViewLayer | Updating Geometry BVH fx_art_wall_A_mesh 1278/1281 | Building BVH
Fra:1 Mem:618.36M (Peak 618.52M) | Time:00:02.17 | Mem:180.02M, Peak:180.02M | Scene, ViewLayer | Updating Geometry BVH fx_spot_living11_r_mesh 54/1281 | Building BVH
Fra:1 Mem:618.36M (Peak 618.52M) | Time:00:02.17 | Mem:180.05M, Peak:180.05M | Scene, ViewLayer | Updating Geometry BVH fx_spot_living12_mesh 55/1281 | Building BVH
Fra:1 Mem:618.36M (Peak 618.52M) | Time:00:02.17 | Mem:180.05M, Peak:180.05M | Scene, ViewLayer | Updating Geometry BVH fx_spot_living12_r_mesh 56/1281 | Building BVH
Fra:1 Mem:618.36M (Peak 618.52M) | Time:00:02.17 | Mem:180.05M, Peak:180.05M | Scene, ViewLayer | Updating Geometry BVH fx_spot_living13_mesh 57/1281 | Building BVH
Fra:1 Mem:618.36M (Peak 618.52M) | Time:00:02.17 | Mem:180.06M, Peak:180.06M | Scene, ViewLayer | Updating Geometry BVH fx_spot_living13_r_mesh 58/1281 | Building BVH
Fra:1 Mem:618.36M (Peak 618.52M) | Time:00:02.17 | Mem:180.06M, Peak:180.07M | Scene, ViewLayer | Updating Geometry BVH fx_spot_living14_mesh 59/1281 | Building BVH
Fra:1 Mem:618.36M (Peak 618.52M) | Time:00:02.17 | Mem:180.18M, Peak:180.18M | Scene, ViewLayer | Updating Geometry BVH fx_spot_living14_r_mesh 60/1281 | Building BVH
Fra:1 Mem:618.36M (Peak 618.52M) | Time:00:02.17 | Mem:180.18M, Peak:180.19M | Scene, ViewLayer | Updating Geometry BVH fx_spot_living15_mesh 61/1281 | Building BVH
Fra:1 Mem:618.36M (Peak 618.52M) | Time:00:02.18 | Mem:180.20M, Peak:180.20M | Scene, ViewLayer | Updating Geometry BVH fx_spot_living15_r_mesh 62/1281 | Building BVH
Fra:1 Mem:618.36M (Peak 618.52M) | Time:00:02.18 | Mem:180.20M, Peak:180.20M | Scene, ViewLayer | Updating Geometry BVH fx_spot_living16_mesh 63/1281 | Building BVH
Fra:1 Mem:618.36M (Peak 618.52M) | Time:00:02.18 | Mem:180.19M, Peak:180.20M | Scene, ViewLayer | Updating Geometry BVH fx_spot_living16_r_mesh 64/1281 | Building BVH
Fra:1 Mem:618.36M (Peak 618.52M) | Time:00:02.18 | Mem:180.20M, Peak:180.20M | Scene, ViewLayer | Updating Geometry BVH fx_spot_room0_mesh 65/1281 | Building BVH
Fra:1 Mem:618.36M (Peak 618.52M) | Time:00:02.18 | Mem:180.20M, Peak:180.20M | Scene, ViewLayer | Updating Geometry BVH fx_spot_room1_mesh 66/1281 | Building BVH
Fra:1 Mem:618.36M (Peak 618.52M) | Time:00:02.18 | Mem:180.22M, Peak:180.22M | Scene, ViewLayer | Updating Geometry BVH fx_spot_room2_mesh 67/1281 | Building BVH
Fra:1 Mem:618.36M (Peak 618.52M) | Time:00:02.18 | Mem:180.23M, Peak:180.23M | Scene, ViewLayer | Updating Geometry BVH fx_spot_room4_mesh 69/1281 | Building BVH
Fra:1 Mem:618.36M (Peak 618.52M) | Time:00:02.18 | Mem:180.24M, Peak:180.24M | Scene, ViewLayer | Updating Geometry BVH fx_curt_living_bo_e_A_mesh 1277/1281 | Building BVH
Fra:1 Mem:618.36M (Peak 618.52M) | Time:00:02.18 | Mem:180.35M, Peak:180.36M | Scene, ViewLayer | Updating Geometry BVH fx_spot_room5_mesh 70/1281 | Building BVH
Fra:1 Mem:618.36M (Peak 618.52M) | Time:00:02.18 | Mem:180.35M, Peak:180.36M | Scene, ViewLayer | Updating Geometry BVH fx_spot_room6_mesh 71/1281 | Building BVH
Fra:1 Mem:618.36M (Peak 618.52M) | Time:00:02.18 | Mem:180.36M, Peak:180.36M | Scene, ViewLayer | Updating Geometry BVH out_ground_mesh 73/1281 | Building BVH
Fra:1 Mem:618.36M (Peak 618.52M) | Time:00:02.18 | Mem:180.36M, Peak:180.36M | Scene, ViewLayer | Updating Geometry BVH out_path_s_mesh 74/1281 | Building BVH
Fra:1 Mem:618.36M (Peak 618.52M) | Time:00:02.18 | Mem:180.42M, Peak:180.42M | Scene, ViewLayer | Updating Geometry BVH fx_curt_living_bo_w_A_mesh 1276/1281 | Building BVH
Fra:1 Mem:618.36M (Peak 618.52M) | Time:00:02.18 | Mem:180.43M, Peak:180.43M | Scene, ViewLayer | Updating Geometry BVH out_path_n_mesh 75/1281 | Building BVH
Fra:1 Mem:618.36M (Peak 618.52M) | Time:00:02.18 | Mem:180.43M, Peak:180.43M | Scene, ViewLayer | Updating Geometry BVH out_bldg_s_mesh 78/1281 | Building BVH
Fra:1 Mem:618.36M (Peak 618.52M) | Time:00:02.18 | Mem:180.44M, Peak:180.44M | Scene, ViewLayer | Updating Geometry BVH out_bldg_n_mesh 79/1281 | Building BVH
Fra:1 Mem:618.36M (Peak 618.52M) | Time:00:02.18 | Mem:180.45M, Peak:180.45M | Scene, ViewLayer | Updating Geometry BVH floor_living_dining_balcony_mesh 80/1281 | Building BVH
Fra:1 Mem:618.36M (Peak 618.52M) | Time:00:02.18 | Mem:180.46M, Peak:180.46M | Scene, ViewLayer | Updating Geometry BVH floor_kitchen_mesh 81/1281 | Building BVH
Fra:1 Mem:618.36M (Peak 618.52M) | Time:00:02.18 | Mem:180.45M, Peak:180.46M | Scene, ViewLayer | Updating Geometry BVH fx_curt_living_sheer_A_mesh 1275/1281 | Building BVH
Fra:1 Mem:618.36M (Peak 618.52M) | Time:00:02.18 | Mem:180.45M, Peak:180.46M | Scene, ViewLayer | Updating Geometry BVH floor_daughter_room_mesh 82/1281 | Building BVH
Fra:1 Mem:618.36M (Peak 618.52M) | Time:00:02.18 | Mem:180.48M, Peak:180.48M | Scene, ViewLayer | Updating Geometry BVH floor_public_bath_wet_mesh 83/1281 | Building BVH
Fra:1 Mem:618.36M (Peak 618.52M) | Time:00:02.18 | Mem:180.52M, Peak:180.52M | Scene, ViewLayer | Updating Geometry BVH floor_son_room_mesh 86/1281 | Building BVH
Fra:1 Mem:618.36M (Peak 618.52M) | Time:00:02.18 | Mem:180.52M, Peak:180.52M | Scene, ViewLayer | Updating Geometry BVH floor_master_bedroom_mesh 88/1281 | Building BVH
Fra:1 Mem:618.36M (Peak 618.52M) | Time:00:02.18 | Mem:180.52M, Peak:180.52M | Scene, ViewLayer | Updating Geometry BVH floor_master_bath_mesh 87/1281 | Building BVH
Fra:1 Mem:618.36M (Peak 618.52M) | Time:00:02.18 | Mem:180.53M, Peak:180.53M | Scene, ViewLayer | Updating Geometry BVH floor_parents_room_mesh 90/1281 | Building BVH
Fra:1 Mem:618.36M (Peak 618.52M) | Time:00:02.18 | Mem:180.53M, Peak:180.53M | Scene, ViewLayer | Updating Geometry BVH floor_foyer_mesh 91/1281 | Building BVH
Fra:1 Mem:618.36M (Peak 618.52M) | Time:00:02.18 | Mem:180.54M, Peak:180.54M | Scene, ViewLayer | Updating Geometry BVH BezierCurve.002 77/1281 | Building BVH
Fra:1 Mem:618.36M (Peak 618.52M) | Time:00:02.18 | Mem:184.82M, Peak:184.82M | Scene, ViewLayer | Updating Geometry BVH floor_elevator_hall_mesh 92/1281 | Building BVH
Fra:1 Mem:618.36M (Peak 618.52M) | Time:00:02.18 | Mem:184.81M, Peak:184.82M | Scene, ViewLayer | Updating Geometry BVH W01_s01_mesh 94/1281 | Building BVH
Fra:1 Mem:618.36M (Peak 618.52M) | Time:00:02.18 | Mem:191.58M, Peak:191.58M | Scene, ViewLayer | Updating Geometry BVH W01_s02_mesh 95/1281 | Building BVH
Fra:1 Mem:618.36M (Peak 618.52M) | Time:00:02.18 | Mem:191.58M, Peak:191.58M | Scene, ViewLayer | Updating Geometry BVH W01_s03_mesh 96/1281 | Building BVH
Fra:1 Mem:618.36M (Peak 618.52M) | Time:00:02.18 | Mem:191.58M, Peak:191.58M | Scene, ViewLayer | Updating Geometry BVH tree.016 76/1281 | Building BVH
Fra:1 Mem:618.36M (Peak 618.52M) | Time:00:02.18 | Mem:196.89M, Peak:196.89M | Scene, ViewLayer | Updating Geometry BVH W02_s00_mesh 97/1281 | Building BVH
Fra:1 Mem:618.36M (Peak 618.52M) | Time:00:02.18 | Mem:196.89M, Peak:196.89M | Scene, ViewLayer | Updating Geometry BVH W02_s02_mesh 99/1281 | Building BVH
Fra:1 Mem:618.36M (Peak 618.52M) | Time:00:02.18 | Mem:196.89M, Peak:196.89M | Scene, ViewLayer | Updating Geometry BVH W02_s01_mesh 98/1281 | Building BVH
Fra:1 Mem:618.36M (Peak 618.52M) | Time:00:02.18 | Mem:196.89M, Peak:196.89M | Scene, ViewLayer | Updating Geometry BVH A_living_dining_balcony_lounge_chair_01_arm1_mesh 1274/1281 | Building BVH
Fra:1 Mem:618.36M (Peak 618.52M) | Time:00:02.18 | Mem:196.89M, Peak:196.89M | Scene, ViewLayer | Updating Geometry BVH W02_s03_mesh 100/1281 | Building BVH
Fra:1 Mem:618.36M (Peak 618.52M) | Time:00:02.18 | Mem:196.89M, Peak:196.89M | Scene, ViewLayer | Updating Geometry BVH W03_s00_mesh 101/1281 | Building BVH
Fra:1 Mem:618.36M (Peak 618.52M) | Time:00:02.18 | Mem:196.97M, Peak:196.97M | Scene, ViewLayer | Updating Geometry BVH W04_s00_mesh 102/1281 | Building BVH
Fra:1 Mem:618.36M (Peak 618.52M) | Time:00:02.18 | Mem:196.98M, Peak:196.98M | Scene, ViewLayer | Updating Geometry BVH W05_s00_mesh 103/1281 | Building BVH
Fra:1 Mem:618.36M (Peak 618.52M) | Time:00:02.18 | Mem:196.99M, Peak:197.00M | Scene, ViewLayer | Updating Geometry BVH W05_s01_mesh 104/1281 | Building BVH
Fra:1 Mem:618.36M (Peak 618.52M) | Time:00:02.18 | Mem:197.00M, Peak:197.00M | Scene, ViewLayer | Updating Geometry BVH W05_s02_mesh 105/1281 | Building BVH
Fra:1 Mem:618.36M (Peak 618.52M) | Time:00:02.18 | Mem:208.15M, Peak:208.15M | Scene, ViewLayer | Updating Geometry BVH W05_s03_mesh 106/1281 | Building BVH
Fra:1 Mem:618.36M (Peak 618.52M) | Time:00:02.18 | Mem:208.15M, Peak:208.15M | Scene, ViewLayer | Updating Geometry BVH W06_s00_mesh 107/1281 | Building BVH
Fra:1 Mem:618.36M (Peak 618.52M) | Time:00:02.18 | Mem:208.15M, Peak:208.15M | Scene, ViewLayer | Updating Geometry BVH W06_s01_mesh 108/1281 | Building BVH
Fra:1 Mem:618.36M (Peak 618.52M) | Time:00:02.18 | Mem:208.15M, Peak:208.15M | Scene, ViewLayer | Updating Geometry BVH W06_s02_mesh 109/1281 | Building BVH
Fra:1 Mem:618.36M (Peak 618.52M) | Time:00:02.18 | Mem:208.18M, Peak:208.18M | Scene, ViewLayer | Updating Geometry BVH W06_s03_mesh 110/1281 | Building BVH
Fra:1 Mem:618.36M (Peak 618.52M) | Time:00:02.18 | Mem:208.19M, Peak:208.19M | Scene, ViewLayer | Updating Geometry BVH A_living_dining_balcony_lounge_chair_01_arm0_mesh 1273/1281 | Building BVH
Fra:1 Mem:618.36M (Peak 618.52M) | Time:00:02.18 | Mem:208.19M, Peak:208.19M | Scene, ViewLayer | Updating Geometry BVH W07_s00_mesh 111/1281 | Building BVH
Fra:1 Mem:618.36M (Peak 618.52M) | Time:00:02.18 | Mem:208.19M, Peak:208.19M | Scene, ViewLayer | Updating Geometry BVH W07_s01_mesh 112/1281 | Building BVH
Fra:1 Mem:618.36M (Peak 618.52M) | Time:00:02.18 | Mem:219.56M, Peak:219.57M | Scene, ViewLayer | Updating Geometry BVH W07_s02_mesh 113/1281 | Building BVH
Fra:1 Mem:618.36M (Peak 618.52M) | Time:00:02.18 | Mem:219.56M, Peak:219.57M | Scene, ViewLayer | Updating Geometry BVH W08_s01_mesh 115/1281 | Building BVH
Fra:1 Mem:618.36M (Peak 618.52M) | Time:00:02.18 | Mem:219.56M, Peak:219.57M | Scene, ViewLayer | Updating Geometry BVH W08_s02_mesh 116/1281 | Building BVH
Fra:1 Mem:618.36M (Peak 618.52M) | Time:00:02.18 | Mem:219.56M, Peak:219.57M | Scene, ViewLayer | Updating Geometry BVH W09_s00_mesh 117/1281 | Building BVH
Fra:1 Mem:618.36M (Peak 618.52M) | Time:00:02.18 | Mem:219.56M, Peak:219.57M | Scene, ViewLayer | Updating Geometry BVH W10_s00_mesh 118/1281 | Building BVH
Fra:1 Mem:618.36M (Peak 618.52M) | Time:00:02.18 | Mem:219.56M, Peak:219.57M | Scene, ViewLayer | Updating Geometry BVH W10_s01_mesh 119/1281 | Building BVH
Fra:1 Mem:618.36M (Peak 618.52M) | Time:00:02.18 | Mem:219.56M, Peak:219.57M | Scene, ViewLayer | Updating Geometry BVH W10_s02_mesh 120/1281 | Building BVH
Fra:1 Mem:618.36M (Peak 618.52M) | Time:00:02.18 | Mem:219.56M, Peak:219.57M | Scene, ViewLayer | Updating Geometry BVH W10_s03_mesh 121/1281 | Building BVH
Fra:1 Mem:618.36M (Peak 618.52M) | Time:00:02.18 | Mem:219.57M, Peak:219.57M | Scene, ViewLayer | Updating Geometry BVH W11_s00_mesh 122/1281 | Building BVH
Fra:1 Mem:618.36M (Peak 618.52M) | Time:00:02.18 | Mem:219.57M, Peak:219.57M | Scene, ViewLayer | Updating Geometry BVH W12_s00_mesh 123/1281 | Building BVH
Fra:1 Mem:618.36M (Peak 618.52M) | Time:00:02.18 | Mem:219.58M, Peak:219.58M | Scene, ViewLayer | Updating Geometry BVH A_living_dining_balcony_lounge_chair_01_leg3_mesh 1272/1281 | Building BVH
Fra:1 Mem:618.36M (Peak 618.52M) | Time:00:02.18 | Mem:219.66M, Peak:219.66M | Scene, ViewLayer | Updating Geometry BVH W12_s01_mesh 124/1281 | Building BVH
Fra:1 Mem:618.36M (Peak 618.52M) | Time:00:02.18 | Mem:219.66M, Peak:219.66M | Scene, ViewLayer | Updating Geometry BVH W12_s02_mesh 125/1281 | Building BVH
Fra:1 Mem:618.36M (Peak 618.52M) | Time:00:02.18 | Mem:219.67M, Peak:219.67M | Scene, ViewLayer | Updating Geometry BVH W13_s00_mesh 126/1281 | Building BVH
Fra:1 Mem:618.36M (Peak 618.52M) | Time:00:02.18 | Mem:219.68M, Peak:219.68M | Scene, ViewLayer | Updating Geometry BVH W13_s01_mesh 127/1281 | Building BVH
Fra:1 Mem:618.36M (Peak 618.52M) | Time:00:02.18 | Mem:219.69M, Peak:219.69M | Scene, ViewLayer | Updating Geometry BVH W13_s02_mesh 128/1281 | Building BVH
Fra:1 Mem:618.36M (Peak 618.52M) | Time:00:02.19 | Mem:219.72M, Peak:219.72M | Scene, ViewLayer | Updating Geometry BVH A_living_dining_balcony_lounge_chair_01_leg2_mesh 1271/1281 | Building BVH
Fra:1 Mem:618.36M (Peak 618.52M) | Time:00:02.19 | Mem:219.72M, Peak:219.72M | Scene, ViewLayer | Updating Geometry BVH W14_s01_mesh 130/1281 | Building BVH
Fra:1 Mem:618.36M (Peak 618.52M) | Time:00:02.19 | Mem:219.72M, Peak:219.72M | Scene, ViewLayer | Updating Geometry BVH W14_s02_mesh 131/1281 | Building BVH
Fra:1 Mem:618.36M (Peak 618.52M) | Time:00:02.19 | Mem:219.72M, Peak:219.72M | Scene, ViewLayer | Updating Geometry BVH W14_s03_mesh 132/1281 | Building BVH
Fra:1 Mem:618.36M (Peak 618.52M) | Time:00:02.19 | Mem:219.72M, Peak:219.72M | Scene, ViewLayer | Updating Geometry BVH W14_s04_mesh 133/1281 | Building BVH
Fra:1 Mem:618.36M (Peak 618.52M) | Time:00:02.19 | Mem:219.73M, Peak:219.73M | Scene, ViewLayer | Updating Geometry BVH W15_s00_mesh 134/1281 | Building BVH
Fra:1 Mem:618.36M (Peak 618.52M) | Time:00:02.19 | Mem:219.77M, Peak:219.77M | Scene, ViewLayer | Updating Geometry BVH W15_s01_mesh 135/1281 | Building BVH
Fra:1 Mem:618.36M (Peak 618.52M) | Time:00:02.19 | Mem:219.79M, Peak:219.79M | Scene, ViewLayer | Updating Geometry BVH W15_s02_mesh 136/1281 | Building BVH
Fra:1 Mem:618.36M (Peak 618.52M) | Time:00:02.19 | Mem:219.79M, Peak:219.79M | Scene, ViewLayer | Updating Geometry BVH W16_s00_mesh 137/1281 | Building BVH
Fra:1 Mem:618.36M (Peak 618.52M) | Time:00:02.19 | Mem:219.79M, Peak:219.79M | Scene, ViewLayer | Updating Geometry BVH A_living_dining_balcony_lounge_chair_01_leg1_mesh 1270/1281 | Building BVH
Fra:1 Mem:618.36M (Peak 618.52M) | Time:00:02.19 | Mem:219.80M, Peak:219.80M | Scene, ViewLayer | Updating Geometry BVH W17_s00_mesh 138/1281 | Building BVH
Fra:1 Mem:618.36M (Peak 618.52M) | Time:00:02.19 | Mem:219.80M, Peak:219.80M | Scene, ViewLayer | Updating Geometry BVH W17_s02_mesh 140/1281 | Building BVH
Fra:1 Mem:618.36M (Peak 618.52M) | Time:00:02.19 | Mem:219.80M, Peak:219.80M | Scene, ViewLayer | Updating Geometry BVH W18_s01_mesh 142/1281 | Building BVH
Fra:1 Mem:618.36M (Peak 618.52M) | Time:00:02.19 | Mem:219.80M, Peak:219.80M | Scene, ViewLayer | Updating Geometry BVH W18_s02_mesh 143/1281 | Building BVH
Fra:1 Mem:618.36M (Peak 618.52M) | Time:00:02.19 | Mem:219.82M, Peak:219.82M | Scene, ViewLayer | Updating Geometry BVH W18_s03_mesh 144/1281 | Building BVH
Fra:1 Mem:618.36M (Peak 618.52M) | Time:00:02.19 | Mem:219.82M, Peak:219.82M | Scene, ViewLayer | Updating Geometry BVH W19_s00_mesh 145/1281 | Building BVH
Fra:1 Mem:618.36M (Peak 618.52M) | Time:00:02.19 | Mem:219.87M, Peak:219.87M | Scene, ViewLayer | Updating Geometry BVH W19_s01_mesh 146/1281 | Building BVH
Fra:1 Mem:618.36M (Peak 618.52M) | Time:00:02.19 | Mem:219.87M, Peak:219.87M | Scene, ViewLayer | Updating Geometry BVH W19_s02_mesh 147/1281 | Building BVH
Fra:1 Mem:618.36M (Peak 618.52M) | Time:00:02.19 | Mem:219.87M, Peak:219.87M | Scene, ViewLayer | Updating Geometry BVH W17_s01_mesh 139/1281 | Building BVH
Fra:1 Mem:618.36M (Peak 618.52M) | Time:00:02.19 | Mem:219.89M, Peak:219.89M | Scene, ViewLayer | Updating Geometry BVH W20_s00_mesh 148/1281 | Building BVH
Fra:1 Mem:618.36M (Peak 618.52M) | Time:00:02.19 | Mem:219.90M, Peak:219.90M | Scene, ViewLayer | Updating Geometry BVH W21_s00_mesh 149/1281 | Building BVH
Fra:1 Mem:618.36M (Peak 618.52M) | Time:00:02.19 | Mem:219.91M, Peak:219.91M | Scene, ViewLayer | Updating Geometry BVH A_living_dining_balcony_lounge_chair_01_leg0_mesh 1269/1281 | Building BVH
Fra:1 Mem:618.36M (Peak 618.52M) | Time:00:02.19 | Mem:219.92M, Peak:219.92M | Scene, ViewLayer | Updating Geometry BVH W22_s01_mesh 151/1281 | Building BVH
Fra:1 Mem:618.36M (Peak 618.52M) | Time:00:02.19 | Mem:219.92M, Peak:219.92M | Scene, ViewLayer | Updating Geometry BVH W23_s02_mesh 154/1281 | Building BVH
Fra:1 Mem:618.36M (Peak 618.52M) | Time:00:02.19 | Mem:219.94M, Peak:219.94M | Scene, ViewLayer | Updating Geometry BVH W23_s03_mesh 155/1281 | Building BVH
Fra:1 Mem:618.36M (Peak 618.52M) | Time:00:02.19 | Mem:234.13M, Peak:234.13M | Scene, ViewLayer | Updating Geometry BVH W22_s00_mesh 150/1281 | Building BVH
Fra:1 Mem:618.36M (Peak 618.52M) | Time:00:02.19 | Mem:234.13M, Peak:234.13M | Scene, ViewLayer | Updating Geometry BVH A_living_dining_balcony_lounge_chair_01_back_mesh 1268/1281 | Building BVH
Fra:1 Mem:618.36M (Peak 618.52M) | Time:00:02.19 | Mem:234.15M, Peak:234.16M | Scene, ViewLayer | Updating Geometry BVH W25_s00_mesh 157/1281 | Building BVH
Fra:1 Mem:618.36M (Peak 618.52M) | Time:00:02.19 | Mem:234.15M, Peak:234.16M | Scene, ViewLayer | Updating Geometry BVH W24_s00_mesh 156/1281 | Building BVH
Fra:1 Mem:618.36M (Peak 618.52M) | Time:00:02.19 | Mem:234.17M, Peak:234.17M | Scene, ViewLayer | Updating Geometry BVH W26_s00_mesh 158/1281 | Building BVH
Fra:1 Mem:618.36M (Peak 618.52M) | Time:00:02.19 | Mem:234.18M, Peak:234.18M | Scene, ViewLayer | Updating Geometry BVH W27_s00_mesh 159/1281 | Building BVH
Fra:1 Mem:618.36M (Peak 618.52M) | Time:00:02.19 | Mem:234.18M, Peak:234.18M | Scene, ViewLayer | Updating Geometry BVH W27_s01_mesh 160/1281 | Building BVH
Fra:1 Mem:618.36M (Peak 618.52M) | Time:00:02.19 | Mem:234.18M, Peak:234.18M | Scene, ViewLayer | Updating Geometry BVH A_living_dining_balcony_lounge_chair_01_seat_mesh 1267/1281 | Building BVH
Fra:1 Mem:618.36M (Peak 618.52M) | Time:00:02.19 | Mem:234.18M, Peak:234.18M | Scene, ViewLayer | Updating Geometry BVH W28_s00_mesh 162/1281 | Building BVH
Fra:1 Mem:618.36M (Peak 618.52M) | Time:00:02.19 | Mem:234.18M, Peak:234.18M | Scene, ViewLayer | Updating Geometry BVH W29_s00_mesh 163/1281 | Building BVH
Fra:1 Mem:618.36M (Peak 618.52M) | Time:00:02.19 | Mem:234.18M, Peak:234.18M | Scene, ViewLayer | Updating Geometry BVH win_W01_0bot_mesh 164/1281 | Building BVH
Fra:1 Mem:618.36M (Peak 618.52M) | Time:00:02.19 | Mem:234.18M, Peak:234.18M | Scene, ViewLayer | Updating Geometry BVH win_W01_0top_mesh 165/1281 | Building BVH
Fra:1 Mem:618.36M (Peak 618.52M) | Time:00:02.19 | Mem:234.19M, Peak:234.19M | Scene, ViewLayer | Updating Geometry BVH win_W01_0lft_mesh 166/1281 | Building BVH
Fra:1 Mem:618.36M (Peak 618.52M) | Time:00:02.19 | Mem:234.19M, Peak:234.19M | Scene, ViewLayer | Updating Geometry BVH win_W01_0rgt_mesh 167/1281 | Building BVH
Fra:1 Mem:618.36M (Peak 618.52M) | Time:00:02.19 | Mem:234.20M, Peak:234.20M | Scene, ViewLayer | Updating Geometry BVH win_W01_0mul1_mesh 168/1281 | Building BVH
Fra:1 Mem:618.36M (Peak 618.52M) | Time:00:02.19 | Mem:234.29M, Peak:234.29M | Scene, ViewLayer | Updating Geometry BVH win_W01_0glass_mesh 169/1281 | Building BVH
Fra:1 Mem:618.36M (Peak 618.52M) | Time:00:02.19 | Mem:234.29M, Peak:234.29M | Scene, ViewLayer | Updating Geometry BVH A_living_dining_balcony_floor_lamp_01_shade_mesh 1266/1281 | Building BVH
Fra:1 Mem:618.36M (Peak 618.52M) | Time:00:02.19 | Mem:234.29M, Peak:234.29M | Scene, ViewLayer | Updating Geometry BVH win_W02_0bot_mesh 170/1281 | Building BVH
Fra:1 Mem:618.36M (Peak 618.52M) | Time:00:02.19 | Mem:234.29M, Peak:234.29M | Scene, ViewLayer | Updating Geometry BVH win_W02_0top_mesh 171/1281 | Building BVH
Fra:1 Mem:618.36M (Peak 618.52M) | Time:00:02.19 | Mem:234.29M, Peak:234.29M | Scene, ViewLayer | Updating Geometry BVH win_W02_0lft_mesh 172/1281 | Building BVH
Fra:1 Mem:618.36M (Peak 618.52M) | Time:00:02.19 | Mem:234.30M, Peak:234.30M | Scene, ViewLayer | Updating Geometry BVH win_W02_0rgt_mesh 173/1281 | Building BVH
Fra:1 Mem:618.36M (Peak 618.52M) | Time:00:02.19 | Mem:234.30M, Peak:234.30M | Scene, ViewLayer | Updating Geometry BVH win_W02_0glass_mesh 174/1281 | Building BVH
Fra:1 Mem:618.36M (Peak 618.52M) | Time:00:02.19 | Mem:234.30M, Peak:234.30M | Scene, ViewLayer | Updating Geometry BVH win_W05_0bot_mesh 175/1281 | Building BVH
Fra:1 Mem:618.36M (Peak 618.52M) | Time:00:02.19 | Mem:234.31M, Peak:234.31M | Scene, ViewLayer | Updating Geometry BVH win_W05_0lft_mesh 177/1281 | Building BVH
Fra:1 Mem:618.36M (Peak 618.52M) | Time:00:02.20 | Mem:234.38M, Peak:234.39M | Scene, ViewLayer | Updating Geometry BVH win_W05_0rgt_mesh 178/1281 | Building BVH
Fra:1 Mem:618.36M (Peak 618.52M) | Time:00:02.20 | Mem:234.39M, Peak:234.39M | Scene, ViewLayer | Updating Geometry BVH win_W05_0glass_mesh 179/1281 | Building BVH
Fra:1 Mem:618.36M (Peak 618.52M) | Time:00:02.20 | Mem:234.39M, Peak:234.39M | Scene, ViewLayer | Updating Geometry BVH win_W06_0bot_mesh 180/1281 | Building BVH
Fra:1 Mem:618.36M (Peak 618.52M) | Time:00:02.20 | Mem:234.40M, Peak:234.40M | Scene, ViewLayer | Updating Geometry BVH win_W06_0top_mesh 181/1281 | Building BVH
Fra:1 Mem:618.36M (Peak 618.52M) | Time:00:02.20 | Mem:234.40M, Peak:234.40M | Scene, ViewLayer | Updating Geometry BVH win_W06_0lft_mesh 182/1281 | Building BVH
Fra:1 Mem:618.36M (Peak 618.52M) | Time:00:02.20 | Mem:234.41M, Peak:234.41M | Scene, ViewLayer | Updating Geometry BVH win_W06_0rgt_mesh 183/1281 | Building BVH
Fra:1 Mem:618.36M (Peak 618.52M) | Time:00:02.20 | Mem:234.43M, Peak:234.43M | Scene, ViewLayer | Updating Geometry BVH win_W06_0mul1_mesh 184/1281 | Building BVH
Fra:1 Mem:618.36M (Peak 618.52M) | Time:00:02.20 | Mem:234.44M, Peak:234.44M | Scene, ViewLayer | Updating Geometry BVH win_W06_0glass_mesh 185/1281 | Building BVH
Fra:1 Mem:618.36M (Peak 618.52M) | Time:00:02.20 | Mem:258.77M, Peak:258.77M | Scene, ViewLayer | Updating Geometry BVH win_W10_0bot_mesh 186/1281 | Building BVH
Fra:1 Mem:618.36M (Peak 618.52M) | Time:00:02.20 | Mem:258.77M, Peak:258.77M | Scene, ViewLayer | Updating Geometry BVH win_W05_0top_mesh 176/1281 | Building BVH
Fra:1 Mem:618.36M (Peak 618.52M) | Time:00:02.20 | Mem:258.79M, Peak:258.79M | Scene, ViewLayer | Updating Geometry BVH win_W10_0top_mesh 187/1281 | Building BVH
Fra:1 Mem:618.36M (Peak 618.52M) | Time:00:02.20 | Mem:278.28M, Peak:278.28M | Scene, ViewLayer | Updating Geometry BVH A_living_dining_balcony_floor_lamp_01_arc 1265/1281 | Building BVH
Fra:1 Mem:618.36M (Peak 618.52M) | Time:00:02.20 | Mem:278.28M, Peak:278.28M | Scene, ViewLayer | Updating Geometry BVH win_W10_0lft_mesh 188/1281 | Building BVH
Fra:1 Mem:618.36M (Peak 618.52M) | Time:00:02.20 | Mem:278.28M, Peak:278.28M | Scene, ViewLayer | Updating Geometry BVH win_W10_0glass_mesh 190/1281 | Building BVH
Fra:1 Mem:618.36M (Peak 618.52M) | Time:00:02.20 | Mem:278.29M, Peak:278.29M | Scene, ViewLayer | Updating Geometry BVH win_W18_0bot_mesh 191/1281 | Building BVH
Fra:1 Mem:618.36M (Peak 618.52M) | Time:00:02.20 | Mem:278.30M, Peak:278.30M | Scene, ViewLayer | Updating Geometry BVH win_W18_0top_mesh 192/1281 | Building BVH
Fra:1 Mem:618.36M (Peak 618.52M) | Time:00:02.20 | Mem:278.30M, Peak:278.30M | Scene, ViewLayer | Updating Geometry BVH win_W18_0lft_mesh 193/1281 | Building BVH
Fra:1 Mem:618.36M (Peak 618.52M) | Time:00:02.20 | Mem:278.30M, Peak:278.30M | Scene, ViewLayer | Updating Geometry BVH win_W18_0rgt_mesh 194/1281 | Building BVH
Fra:1 Mem:618.36M (Peak 618.52M) | Time:00:02.20 | Mem:278.43M, Peak:278.43M | Scene, ViewLayer | Updating Geometry BVH win_W18_0mul1_mesh 195/1281 | Building BVH
Fra:1 Mem:618.36M (Peak 618.52M) | Time:00:02.20 | Mem:278.43M, Peak:278.43M | Scene, ViewLayer | Updating Geometry BVH win_W18_0mul2_mesh 196/1281 | Building BVH
Fra:1 Mem:618.36M (Peak 618.52M) | Time:00:02.20 | Mem:278.45M, Peak:278.45M | Scene, ViewLayer | Updating Geometry BVH win_W18_0mul3_mesh 197/1281 | Building BVH
Fra:1 Mem:618.36M (Peak 618.52M) | Time:00:02.20 | Mem:278.44M, Peak:278.46M | Scene, ViewLayer | Updating Geometry BVH win_W18_0glass_mesh 198/1281 | Building BVH
Fra:1 Mem:618.36M (Peak 618.52M) | Time:00:02.20 | Mem:278.44M, Peak:278.46M | Scene, ViewLayer | Updating Geometry BVH win_W23_0bot_mesh 199/1281 | Building BVH
Fra:1 Mem:618.36M (Peak 618.52M) | Time:00:02.20 | Mem:278.47M, Peak:278.47M | Scene, ViewLayer | Updating Geometry BVH win_W23_0top_mesh 200/1281 | Building BVH
Fra:1 Mem:618.36M (Peak 618.52M) | Time:00:02.20 | Mem:278.47M, Peak:278.47M | Scene, ViewLayer | Updating Geometry BVH win_W23_0lft_mesh 201/1281 | Building BVH
Fra:1 Mem:618.36M (Peak 618.52M) | Time:00:02.20 | Mem:278.47M, Peak:278.47M | Scene, ViewLayer | Updating Geometry BVH win_W23_0rgt_mesh 202/1281 | Building BVH
Fra:1 Mem:618.36M (Peak 618.52M) | Time:00:02.20 | Mem:278.50M, Peak:278.50M | Scene, ViewLayer | Updating Geometry BVH win_W23_0mul1_mesh 203/1281 | Building BVH
Fra:1 Mem:618.36M (Peak 618.52M) | Time:00:02.20 | Mem:278.50M, Peak:278.50M | Scene, ViewLayer | Updating Geometry BVH A_living_dining_balcony_floor_lamp_01_base_mesh 1264/1281 | Building BVH
Fra:1 Mem:618.36M (Peak 618.52M) | Time:00:02.20 | Mem:278.52M, Peak:278.52M | Scene, ViewLayer | Updating Geometry BVH A_living_dining_balcony_tv_01_screen_mesh 1263/1281 | Building BVH
Fra:1 Mem:618.36M (Peak 618.52M) | Time:00:02.20 | Mem:278.52M, Peak:278.52M | Scene, ViewLayer | Updating Geometry BVH win_W23_0glass_mesh 204/1281 | Building BVH
Fra:1 Mem:618.36M (Peak 618.52M) | Time:00:02.20 | Mem:278.52M, Peak:278.52M | Scene, ViewLayer | Updating Geometry BVH door_W07_0jlfto_mesh 205/1281 | Building BVH
Fra:1 Mem:618.36M (Peak 618.52M) | Time:00:02.20 | Mem:278.55M, Peak:278.56M | Scene, ViewLayer | Updating Geometry BVH A_living_dining_balcony_rug_01_border3_mesh 1262/1281 | Building BVH
Fra:1 Mem:618.36M (Peak 618.52M) | Time:00:02.20 | Mem:278.55M, Peak:278.56M | Scene, ViewLayer | Updating Geometry BVH door_W07_0jlfti_mesh 206/1281 | Building BVH
Fra:1 Mem:618.36M (Peak 618.52M) | Time:00:02.21 | Mem:278.56M, Peak:278.56M | Scene, ViewLayer | Updating Geometry BVH door_W07_0jrgto_mesh 207/1281 | Building BVH
Fra:1 Mem:618.36M (Peak 618.52M) | Time:00:02.21 | Mem:278.58M, Peak:278.58M | Scene, ViewLayer | Updating Geometry BVH A_living_dining_balcony_rug_01_border2_mesh 1261/1281 | Building BVH
Fra:1 Mem:618.36M (Peak 618.52M) | Time:00:02.21 | Mem:278.59M, Peak:278.59M | Scene, ViewLayer | Updating Geometry BVH door_W07_0jrgti_mesh 208/1281 | Building BVH
Fra:1 Mem:618.36M (Peak 618.52M) | Time:00:02.21 | Mem:278.59M, Peak:278.59M | Scene, ViewLayer | Updating Geometry BVH A_living_dining_balcony_rug_01_border1_mesh 1260/1281 | Building BVH
Fra:1 Mem:618.36M (Peak 618.52M) | Time:00:02.21 | Mem:278.61M, Peak:278.61M | Scene, ViewLayer | Updating Geometry BVH A_living_dining_balcony_rug_01_border0_mesh 1259/1281 | Building BVH
Fra:1 Mem:618.36M (Peak 618.52M) | Time:00:02.21 | Mem:278.62M, Peak:278.62M | Scene, ViewLayer | Updating Geometry BVH A_living_dining_balcony_rug_01_pile_mesh 1258/1281 | Building BVH
Fra:1 Mem:618.36M (Peak 618.52M) | Time:00:02.21 | Mem:278.63M, Peak:278.63M | Scene, ViewLayer | Updating Geometry BVH A_living_dining_balcony_coffee_table_01_leg2_mesh 1257/1281 | Building BVH
Fra:1 Mem:618.36M (Peak 618.52M) | Time:00:02.21 | Mem:278.63M, Peak:278.63M | Scene, ViewLayer | Updating Geometry BVH A_living_dining_balcony_coffee_table_01_leg1_mesh 1256/1281 | Building BVH
Fra:1 Mem:618.36M (Peak 618.52M) | Time:00:02.21 | Mem:278.64M, Peak:278.64M | Scene, ViewLayer | Updating Geometry BVH A_living_dining_balcony_coffee_table_01_leg0_mesh 1255/1281 | Building BVH
Fra:1 Mem:618.36M (Peak 618.52M) | Time:00:02.21 | Mem:278.65M, Peak:278.65M | Scene, ViewLayer | Updating Geometry BVH A_living_dining_balcony_coffee_table_01_top_mesh 1254/1281 | Building BVH
Fra:1 Mem:618.36M (Peak 618.52M) | Time:00:02.21 | Mem:278.67M, Peak:278.67M | Scene, ViewLayer | Updating Geometry BVH A_living_dining_balcony_ottoman_01_base_mesh 1253/1281 | Building BVH
Fra:1 Mem:618.36M (Peak 618.52M) | Time:00:02.21 | Mem:278.68M, Peak:278.68M | Scene, ViewLayer | Updating Geometry BVH A_living_dining_balcony_ottoman_01_pad_mesh 1252/1281 | Building BVH
Fra:1 Mem:618.36M (Peak 618.52M) | Time:00:02.22 | Mem:278.69M, Peak:278.70M | Scene, ViewLayer | Updating Geometry BVH A_living_dining_balcony_sofa_01_pillow_brick_mesh 1251/1281 | Building BVH
Fra:1 Mem:618.36M (Peak 618.52M) | Time:00:02.22 | Mem:278.71M, Peak:278.71M | Scene, ViewLayer | Updating Geometry BVH A_living_dining_balcony_sofa_01_pillow_olive_mesh 1250/1281 | Building BVH
Fra:1 Mem:618.36M (Peak 618.52M) | Time:00:02.22 | Mem:278.72M, Peak:278.73M | Scene, ViewLayer | Updating Geometry BVH A_living_dining_balcony_sofa_01_arm1_mesh 1249/1281 | Building BVH
Fra:1 Mem:618.36M (Peak 618.52M) | Time:00:02.22 | Mem:278.74M, Peak:278.74M | Scene, ViewLayer | Updating Geometry BVH A_living_dining_balcony_sofa_01_arm0_mesh 1248/1281 | Building BVH
Fra:1 Mem:618.36M (Peak 618.52M) | Time:00:02.22 | Mem:278.75M, Peak:278.76M | Scene, ViewLayer | Updating Geometry BVH A_living_dining_balcony_sofa_01_seat2_mesh 1247/1281 | Building BVH
Fra:1 Mem:618.36M (Peak 618.52M) | Time:00:02.22 | Mem:278.77M, Peak:278.77M | Scene, ViewLayer | Updating Geometry BVH A_living_dining_balcony_sofa_01_seat1_mesh 1246/1281 | Building BVH
Fra:1 Mem:618.36M (Peak 618.52M) | Time:00:02.22 | Mem:278.79M, Peak:278.79M | Scene, ViewLayer | Updating Geometry BVH A_living_dining_balcony_sofa_01_seat0_mesh 1245/1281 | Building BVH
Fra:1 Mem:618.36M (Peak 618.52M) | Time:00:02.22 | Mem:278.80M, Peak:278.80M | Scene, ViewLayer | Updating Geometry BVH A_living_dining_balcony_sofa_01_back2_mesh 1244/1281 | Building BVH
Fra:1 Mem:618.36M (Peak 618.52M) | Time:00:02.22 | Mem:278.82M, Peak:278.82M | Scene, ViewLayer | Updating Geometry BVH A_living_dining_balcony_sofa_01_back1_mesh 1243/1281 | Building BVH
Fra:1 Mem:618.36M (Peak 618.52M) | Time:00:02.22 | Mem:278.83M, Peak:278.84M | Scene, ViewLayer | Updating Geometry BVH A_living_dining_balcony_sofa_01_back0_mesh 1242/1281 | Building BVH
Fra:1 Mem:618.36M (Peak 618.52M) | Time:00:02.22 | Mem:278.85M, Peak:278.85M | Scene, ViewLayer | Updating Geometry BVH A_living_dining_balcony_sofa_01_leg3_mesh 1241/1281 | Building BVH
Fra:1 Mem:618.36M (Peak 618.52M) | Time:00:02.22 | Mem:278.86M, Peak:278.86M | Scene, ViewLayer | Updating Geometry BVH A_living_dining_balcony_sofa_01_leg2_mesh 1240/1281 | Building BVH
Fra:1 Mem:618.36M (Peak 618.52M) | Time:00:02.22 | Mem:278.87M, Peak:278.87M | Scene, ViewLayer | Updating Geometry BVH A_living_dining_balcony_sofa_01_leg1_mesh 1239/1281 | Building BVH
Fra:1 Mem:618.36M (Peak 618.52M) | Time:00:02.22 | Mem:278.88M, Peak:278.88M | Scene, ViewLayer | Updating Geometry BVH A_living_dining_balcony_sofa_01_leg0_mesh 1238/1281 | Building BVH
Fra:1 Mem:618.36M (Peak 618.52M) | Time:00:02.22 | Mem:278.88M, Peak:278.88M | Scene, ViewLayer | Updating Geometry BVH A_living_dining_balcony_sofa_01_base_mesh 1237/1281 | Building BVH
Fra:1 Mem:618.36M (Peak 618.52M) | Time:00:02.23 | Mem:278.89M, Peak:278.89M | Scene, ViewLayer | Updating Geometry BVH A_living_dining_balcony_dining_chair_05_armf1_mesh 1236/1281 | Building BVH
Fra:1 Mem:618.36M (Peak 618.52M) | Time:00:02.23 | Mem:278.91M, Peak:278.91M | Scene, ViewLayer | Updating Geometry BVH A_living_dining_balcony_dining_chair_05_arm1_mesh 1235/1281 | Building BVH
Fra:1 Mem:618.36M (Peak 618.52M) | Time:00:02.23 | Mem:278.92M, Peak:278.93M | Scene, ViewLayer | Updating Geometry BVH A_living_dining_balcony_dining_chair_05_armf0_mesh 1234/1281 | Building BVH
Fra:1 Mem:618.36M (Peak 618.52M) | Time:00:02.23 | Mem:278.94M, Peak:278.94M | Scene, ViewLayer | Updating Geometry BVH A_living_dining_balcony_dining_chair_05_arm0_mesh 1233/1281 | Building BVH
Fra:1 Mem:618.36M (Peak 618.52M) | Time:00:02.23 | Mem:278.96M, Peak:278.96M | Scene, ViewLayer | Updating Geometry BVH A_living_dining_balcony_dining_chair_05_legt3_mesh 1232/1281 | Building BVH
Fra:1 Mem:618.36M (Peak 618.52M) | Time:00:02.23 | Mem:278.97M, Peak:278.97M | Scene, ViewLayer | Updating Geometry BVH A_living_dining_balcony_dining_chair_05_leg3_mesh 1231/1281 | Building BVH
Fra:1 Mem:618.36M (Peak 618.52M) | Time:00:02.23 | Mem:278.97M, Peak:278.97M | Scene, ViewLayer | Updating Geometry BVH A_living_dining_balcony_dining_chair_05_legt2_mesh 1230/1281 | Building BVH
Fra:1 Mem:618.36M (Peak 618.52M) | Time:00:02.23 | Mem:278.98M, Peak:278.98M | Scene, ViewLayer | Updating Geometry BVH A_living_dining_balcony_dining_chair_05_leg2_mesh 1229/1281 | Building BVH
Fra:1 Mem:618.36M (Peak 618.52M) | Time:00:02.23 | Mem:278.99M, Peak:278.99M | Scene, ViewLayer | Updating Geometry BVH A_living_dining_balcony_dining_chair_05_legt1_mesh 1228/1281 | Building BVH
Fra:1 Mem:618.36M (Peak 618.52M) | Time:00:02.23 | Mem:279.00M, Peak:279.00M | Scene, ViewLayer | Updating Geometry BVH A_living_dining_balcony_dining_chair_05_leg1_mesh 1227/1281 | Building BVH
Fra:1 Mem:618.36M (Peak 618.52M) | Time:00:02.24 | Mem:279.01M, Peak:279.01M | Scene, ViewLayer | Updating Geometry BVH A_living_dining_balcony_dining_chair_05_legt0_mesh 1226/1281 | Building BVH
Fra:1 Mem:618.36M (Peak 618.52M) | Time:00:02.24 | Mem:279.02M, Peak:279.02M | Scene, ViewLayer | Updating Geometry BVH A_living_dining_balcony_dining_chair_05_leg0_mesh 1225/1281 | Building BVH
Fra:1 Mem:618.36M (Peak 618.52M) | Time:00:02.24 | Mem:279.03M, Peak:279.03M | Scene, ViewLayer | Updating Geometry BVH A_living_dining_balcony_dining_chair_05_seat_mesh 1224/1281 | Building BVH
Fra:1 Mem:618.36M (Peak 618.52M) | Time:00:02.24 | Mem:279.04M, Peak:279.05M | Scene, ViewLayer | Updating Geometry BVH A_living_dining_balcony_dining_chair_05_back_mesh 1223/1281 | Building BVH
Fra:1 Mem:618.36M (Peak 618.52M) | Time:00:02.24 | Mem:279.06M, Peak:279.06M | Scene, ViewLayer | Updating Geometry BVH A_living_dining_balcony_dining_chair_04_armf1_mesh 1222/1281 | Building BVH
Fra:1 Mem:618.36M (Peak 618.52M) | Time:00:02.25 | Mem:279.08M, Peak:279.08M | Scene, ViewLayer | Updating Geometry BVH A_living_dining_balcony_dining_chair_04_arm1_mesh 1221/1281 | Building BVH
Fra:1 Mem:618.36M (Peak 618.52M) | Time:00:02.25 | Mem:279.09M, Peak:279.09M | Scene, ViewLayer | Updating Geometry BVH A_living_dining_balcony_dining_chair_04_armf0_mesh 1220/1281 | Building BVH
Fra:1 Mem:618.36M (Peak 618.52M) | Time:00:02.25 | Mem:279.11M, Peak:279.11M | Scene, ViewLayer | Updating Geometry BVH A_living_dining_balcony_dining_chair_04_arm0_mesh 1219/1281 | Building BVH
Fra:1 Mem:618.36M (Peak 618.52M) | Time:00:02.25 | Mem:279.12M, Peak:279.13M | Scene, ViewLayer | Updating Geometry BVH A_living_dining_balcony_dining_chair_04_legt3_mesh 1218/1281 | Building BVH
Fra:1 Mem:618.36M (Peak 618.52M) | Time:00:02.25 | Mem:279.13M, Peak:279.13M | Scene, ViewLayer | Updating Geometry BVH A_living_dining_balcony_dining_chair_04_leg3_mesh 1217/1281 | Building BVH
Fra:1 Mem:618.36M (Peak 618.52M) | Time:00:02.25 | Mem:279.14M, Peak:279.14M | Scene, ViewLayer | Updating Geometry BVH A_living_dining_balcony_dining_chair_04_legt2_mesh 1216/1281 | Building BVH
Fra:1 Mem:618.36M (Peak 618.52M) | Time:00:02.25 | Mem:279.15M, Peak:279.15M | Scene, ViewLayer | Updating Geometry BVH A_living_dining_balcony_dining_chair_04_leg2_mesh 1215/1281 | Building BVH
Fra:1 Mem:618.36M (Peak 618.52M) | Time:00:02.25 | Mem:279.16M, Peak:279.16M | Scene, ViewLayer | Updating Geometry BVH A_living_dining_balcony_dining_chair_04_legt1_mesh 1214/1281 | Building BVH
Fra:1 Mem:618.36M (Peak 618.52M) | Time:00:02.25 | Mem:279.17M, Peak:279.17M | Scene, ViewLayer | Updating Geometry BVH A_living_dining_balcony_dining_chair_04_leg1_mesh 1213/1281 | Building BVH
Fra:1 Mem:618.36M (Peak 618.52M) | Time:00:02.26 | Mem:279.18M, Peak:279.18M | Scene, ViewLayer | Updating Geometry BVH A_living_dining_balcony_dining_chair_04_legt0_mesh 1212/1281 | Building BVH
Fra:1 Mem:618.36M (Peak 618.52M) | Time:00:02.26 | Mem:279.19M, Peak:279.19M | Scene, ViewLayer | Updating Geometry BVH A_living_dining_balcony_dining_chair_04_leg0_mesh 1211/1281 | Building BVH
Fra:1 Mem:618.36M (Peak 618.52M) | Time:00:02.26 | Mem:279.19M, Peak:279.20M | Scene, ViewLayer | Updating Geometry BVH A_living_dining_balcony_dining_chair_04_seat_mesh 1210/1281 | Building BVH
Fra:1 Mem:618.36M (Peak 618.52M) | Time:00:02.26 | Mem:279.21M, Peak:279.21M | Scene, ViewLayer | Updating Geometry BVH A_living_dining_balcony_dining_chair_04_back_mesh 1209/1281 | Building BVH
Fra:1 Mem:618.36M (Peak 618.52M) | Time:00:02.26 | Mem:279.23M, Peak:279.23M | Scene, ViewLayer | Updating Geometry BVH A_living_dining_balcony_dining_chair_03_armf1_mesh 1208/1281 | Building BVH
Fra:1 Mem:618.36M (Peak 618.52M) | Time:00:02.26 | Mem:279.24M, Peak:279.24M | Scene, ViewLayer | Updating Geometry BVH A_living_dining_balcony_dining_chair_03_arm1_mesh 1207/1281 | Building BVH
Fra:1 Mem:618.36M (Peak 618.52M) | Time:00:02.26 | Mem:279.26M, Peak:279.26M | Scene, ViewLayer | Updating Geometry BVH A_living_dining_balcony_dining_chair_03_armf0_mesh 1206/1281 | Building BVH
Fra:1 Mem:618.36M (Peak 618.52M) | Time:00:02.27 | Mem:279.27M, Peak:279.28M | Scene, ViewLayer | Updating Geometry BVH A_living_dining_balcony_dining_chair_03_arm0_mesh 1205/1281 | Building BVH
Fra:1 Mem:618.36M (Peak 618.52M) | Time:00:02.27 | Mem:279.29M, Peak:279.29M | Scene, ViewLayer | Updating Geometry BVH A_living_dining_balcony_dining_chair_03_legt3_mesh 1204/1281 | Building BVH
Fra:1 Mem:618.36M (Peak 618.52M) | Time:00:02.27 | Mem:279.30M, Peak:279.30M | Scene, ViewLayer | Updating Geometry BVH A_living_dining_balcony_dining_chair_03_leg3_mesh 1203/1281 | Building BVH
Fra:1 Mem:618.36M (Peak 618.52M) | Time:00:02.27 | Mem:279.31M, Peak:279.31M | Scene, ViewLayer | Updating Geometry BVH A_living_dining_balcony_dining_chair_03_legt2_mesh 1202/1281 | Building BVH
Fra:1 Mem:618.36M (Peak 618.52M) | Time:00:02.27 | Mem:279.32M, Peak:279.32M | Scene, ViewLayer | Updating Geometry BVH A_living_dining_balcony_dining_chair_03_leg2_mesh 1201/1281 | Building BVH
Fra:1 Mem:618.36M (Peak 618.52M) | Time:00:02.27 | Mem:279.32M, Peak:279.33M | Scene, ViewLayer | Updating Geometry BVH A_living_dining_balcony_dining_chair_03_legt1_mesh 1200/1281 | Building BVH
Fra:1 Mem:618.36M (Peak 618.52M) | Time:00:02.27 | Mem:279.33M, Peak:279.33M | Scene, ViewLayer | Updating Geometry BVH A_living_dining_balcony_dining_chair_03_leg1_mesh 1199/1281 | Building BVH
Fra:1 Mem:618.36M (Peak 618.52M) | Time:00:02.27 | Mem:279.34M, Peak:279.34M | Scene, ViewLayer | Updating Geometry BVH A_living_dining_balcony_dining_chair_03_legt0_mesh 1198/1281 | Building BVH
Fra:1 Mem:618.36M (Peak 618.52M) | Time:00:02.27 | Mem:279.35M, Peak:279.35M | Scene, ViewLayer | Updating Geometry BVH A_living_dining_balcony_dining_chair_03_leg0_mesh 1197/1281 | Building BVH
Fra:1 Mem:618.36M (Peak 618.52M) | Time:00:02.27 | Mem:279.36M, Peak:279.36M | Scene, ViewLayer | Updating Geometry BVH A_living_dining_balcony_dining_chair_03_seat_mesh 1196/1281 | Building BVH
Fra:1 Mem:618.36M (Peak 618.52M) | Time:00:02.27 | Mem:279.38M, Peak:279.38M | Scene, ViewLayer | Updating Geometry BVH A_living_dining_balcony_dining_chair_03_back_mesh 1195/1281 | Building BVH
Fra:1 Mem:618.36M (Peak 618.52M) | Time:00:02.27 | Mem:279.39M, Peak:279.40M | Scene, ViewLayer | Updating Geometry BVH A_living_dining_balcony_dining_chair_02_armf1_mesh 1194/1281 | Building BVH
Fra:1 Mem:618.36M (Peak 618.52M) | Time:00:02.27 | Mem:279.41M, Peak:279.41M | Scene, ViewLayer | Updating Geometry BVH A_living_dining_balcony_dining_chair_02_arm1_mesh 1193/1281 | Building BVH
Fra:1 Mem:618.36M (Peak 618.52M) | Time:00:02.28 | Mem:279.42M, Peak:279.43M | Scene, ViewLayer | Updating Geometry BVH A_living_dining_balcony_dining_chair_02_armf0_mesh 1192/1281 | Building BVH
Fra:1 Mem:618.36M (Peak 618.52M) | Time:00:02.28 | Mem:279.44M, Peak:279.44M | Scene, ViewLayer | Updating Geometry BVH A_living_dining_balcony_dining_chair_02_arm0_mesh 1191/1281 | Building BVH
Fra:1 Mem:618.36M (Peak 618.52M) | Time:00:02.28 | Mem:279.45M, Peak:279.46M | Scene, ViewLayer | Updating Geometry BVH A_living_dining_balcony_dining_chair_02_legt3_mesh 1190/1281 | Building BVH
Fra:1 Mem:618.36M (Peak 618.52M) | Time:00:02.28 | Mem:279.46M, Peak:279.46M | Scene, ViewLayer | Updating Geometry BVH A_living_dining_balcony_dining_chair_02_leg3_mesh 1189/1281 | Building BVH
Fra:1 Mem:618.36M (Peak 618.52M) | Time:00:02.28 | Mem:279.47M, Peak:279.47M | Scene, ViewLayer | Updating Geometry BVH A_living_dining_balcony_dining_chair_02_legt2_mesh 1188/1281 | Building BVH
Fra:1 Mem:618.36M (Peak 618.52M) | Time:00:02.28 | Mem:279.48M, Peak:279.48M | Scene, ViewLayer | Updating Geometry BVH A_living_dining_balcony_dining_chair_02_leg2_mesh 1187/1281 | Building BVH
Fra:1 Mem:618.36M (Peak 618.52M) | Time:00:02.28 | Mem:279.49M, Peak:279.49M | Scene, ViewLayer | Updating Geometry BVH A_living_dining_balcony_dining_chair_02_legt1_mesh 1186/1281 | Building BVH
Fra:1 Mem:618.36M (Peak 618.52M) | Time:00:02.29 | Mem:279.50M, Peak:279.50M | Scene, ViewLayer | Updating Geometry BVH A_living_dining_balcony_dining_chair_02_leg1_mesh 1185/1281 | Building BVH
Fra:1 Mem:618.36M (Peak 618.52M) | Time:00:02.29 | Mem:279.51M, Peak:279.51M | Scene, ViewLayer | Updating Geometry BVH A_living_dining_balcony_dining_chair_02_legt0_mesh 1184/1281 | Building BVH
Fra:1 Mem:618.36M (Peak 618.52M) | Time:00:02.29 | Mem:279.52M, Peak:279.52M | Scene, ViewLayer | Updating Geometry BVH A_living_dining_balcony_dining_chair_02_leg0_mesh 1183/1281 | Building BVH
Fra:1 Mem:618.36M (Peak 618.52M) | Time:00:02.29 | Mem:279.53M, Peak:279.53M | Scene, ViewLayer | Updating Geometry BVH A_living_dining_balcony_dining_chair_02_seat_mesh 1182/1281 | Building BVH
Fra:1 Mem:618.36M (Peak 618.52M) | Time:00:02.29 | Mem:279.54M, Peak:279.55M | Scene, ViewLayer | Updating Geometry BVH A_living_dining_balcony_dining_chair_02_back_mesh 1181/1281 | Building BVH
Fra:1 Mem:618.36M (Peak 618.52M) | Time:00:02.29 | Mem:279.56M, Peak:279.56M | Scene, ViewLayer | Updating Geometry BVH A_living_dining_balcony_dining_chair_01_armf1_mesh 1180/1281 | Building BVH
Fra:1 Mem:618.36M (Peak 618.52M) | Time:00:02.29 | Mem:279.57M, Peak:279.58M | Scene, ViewLayer | Updating Geometry BVH A_living_dining_balcony_dining_chair_01_arm1_mesh 1179/1281 | Building BVH
Fra:1 Mem:618.36M (Peak 618.52M) | Time:00:02.29 | Mem:279.59M, Peak:279.59M | Scene, ViewLayer | Updating Geometry BVH A_living_dining_balcony_dining_chair_01_armf0_mesh 1178/1281 | Building BVH
Fra:1 Mem:618.36M (Peak 618.52M) | Time:00:02.29 | Mem:279.61M, Peak:279.61M | Scene, ViewLayer | Updating Geometry BVH A_living_dining_balcony_dining_chair_01_arm0_mesh 1177/1281 | Building BVH
Fra:1 Mem:618.36M (Peak 618.52M) | Time:00:02.30 | Mem:279.62M, Peak:279.62M | Scene, ViewLayer | Updating Geometry BVH A_living_dining_balcony_dining_chair_01_legt3_mesh 1176/1281 | Building BVH
Fra:1 Mem:618.36M (Peak 618.52M) | Time:00:02.30 | Mem:279.63M, Peak:279.63M | Scene, ViewLayer | Updating Geometry BVH A_living_dining_balcony_dining_chair_01_leg3_mesh 1175/1281 | Building BVH
Fra:1 Mem:618.36M (Peak 618.52M) | Time:00:02.30 | Mem:279.64M, Peak:279.64M | Scene, ViewLayer | Updating Geometry BVH A_living_dining_balcony_dining_chair_01_legt2_mesh 1174/1281 | Building BVH
Fra:1 Mem:618.36M (Peak 618.52M) | Time:00:02.30 | Mem:279.65M, Peak:279.65M | Scene, ViewLayer | Updating Geometry BVH A_living_dining_balcony_dining_chair_01_leg2_mesh 1173/1281 | Building BVH
Fra:1 Mem:618.36M (Peak 618.52M) | Time:00:02.30 | Mem:279.66M, Peak:279.66M | Scene, ViewLayer | Updating Geometry BVH A_living_dining_balcony_dining_chair_01_legt1_mesh 1172/1281 | Building BVH
Fra:1 Mem:618.36M (Peak 618.52M) | Time:00:02.30 | Mem:279.67M, Peak:279.67M | Scene, ViewLayer | Updating Geometry BVH A_living_dining_balcony_dining_chair_01_leg1_mesh 1171/1281 | Building BVH
Fra:1 Mem:618.36M (Peak 618.52M) | Time:00:02.30 | Mem:279.68M, Peak:279.68M | Scene, ViewLayer | Updating Geometry BVH A_living_dining_balcony_dining_chair_01_legt0_mesh 1170/1281 | Building BVH
Fra:1 Mem:618.36M (Peak 618.52M) | Time:00:02.30 | Mem:279.68M, Peak:279.68M | Scene, ViewLayer | Updating Geometry BVH A_living_dining_balcony_dining_chair_01_leg0_mesh 1169/1281 | Building BVH
Fra:1 Mem:618.36M (Peak 618.52M) | Time:00:02.30 | Mem:279.69M, Peak:279.69M | Scene, ViewLayer | Updating Geometry BVH A_living_dining_balcony_dining_chair_01_seat_mesh 1168/1281 | Building BVH
Fra:1 Mem:618.36M (Peak 618.52M) | Time:00:02.30 | Mem:279.71M, Peak:279.71M | Scene, ViewLayer | Updating Geometry BVH A_living_dining_balcony_dining_chair_01_back_mesh 1167/1281 | Building BVH
Fra:1 Mem:618.36M (Peak 618.52M) | Time:00:02.30 | Mem:279.72M, Peak:279.73M | Scene, ViewLayer | Updating Geometry BVH A_living_dining_balcony_pendant_lamp_02_ globe_mesh 1166/1281 | Building BVH
Fra:1 Mem:618.36M (Peak 618.52M) | Time:00:02.30 | Mem:279.80M, Peak:279.83M | Scene, ViewLayer | Updating Geometry BVH A_living_dining_balcony_pendant_lamp_02_rod_mesh 1165/1281 | Building BVH
Fra:1 Mem:618.36M (Peak 618.52M) | Time:00:02.31 | Mem:279.81M, Peak:279.83M | Scene, ViewLayer | Updating Geometry BVH A_living_dining_balcony_island_02_leg3_mesh 1164/1281 | Building BVH
Fra:1 Mem:618.36M (Peak 618.52M) | Time:00:02.31 | Mem:279.83M, Peak:279.83M | Scene, ViewLayer | Updating Geometry BVH A_living_dining_balcony_island_02_leg2_mesh 1163/1281 | Building BVH
Fra:1 Mem:618.36M (Peak 618.52M) | Time:00:02.31 | Mem:279.85M, Peak:279.85M | Scene, ViewLayer | Updating Geometry BVH A_living_dining_balcony_island_02_leg1_mesh 1162/1281 | Building BVH
Fra:1 Mem:618.36M (Peak 618.52M) | Time:00:02.31 | Mem:279.86M, Peak:279.86M | Scene, ViewLayer | Updating Geometry BVH A_living_dining_balcony_island_02_leg0_mesh 1161/1281 | Building BVH
Fra:1 Mem:618.36M (Peak 618.52M) | Time:00:02.31 | Mem:279.88M, Peak:279.88M | Scene, ViewLayer | Updating Geometry BVH A_living_dining_balcony_island_02_top_mesh 1160/1281 | Building BVH
Fra:1 Mem:618.36M (Peak 618.52M) | Time:00:02.31 | Mem:279.89M, Peak:279.90M | Scene, ViewLayer | Updating Geometry BVH A_living_dining_balcony_pendant_lamp_01_ globe_mesh 1159/1281 | Building BVH
Fra:1 Mem:618.36M (Peak 618.52M) | Time:00:02.31 | Mem:279.97M, Peak:280.00M | Scene, ViewLayer | Updating Geometry BVH A_living_dining_balcony_pendant_lamp_01_rod_mesh 1158/1281 | Building BVH
Fra:1 Mem:618.36M (Peak 618.52M) | Time:00:02.31 | Mem:279.98M, Peak:280.00M | Scene, ViewLayer | Updating Geometry BVH A_living_dining_balcony_tv_cabinet_01_door_f4_mesh 1157/1281 | Building BVH
Fra:1 Mem:618.36M (Peak 618.52M) | Time:00:02.32 | Mem:280.00M, Peak:280.00M | Scene, ViewLayer | Updating Geometry BVH A_living_dining_balcony_tv_cabinet_01_door_f3_mesh 1156/1281 | Building BVH
Fra:1 Mem:618.36M (Peak 618.52M) | Time:00:02.32 | Mem:280.01M, Peak:280.02M | Scene, ViewLayer | Updating Geometry BVH A_living_dining_balcony_tv_cabinet_01_door_f2_mesh 1155/1281 | Building BVH
Fra:1 Mem:618.36M (Peak 618.52M) | Time:00:02.32 | Mem:280.03M, Peak:280.03M | Scene, ViewLayer | Updating Geometry BVH A_living_dining_balcony_tv_cabinet_01_door_f1_mesh 1154/1281 | Building BVH
Fra:1 Mem:618.36M (Peak 618.52M) | Time:00:02.32 | Mem:280.04M, Peak:280.05M | Scene, ViewLayer | Updating Geometry BVH A_living_dining_balcony_tv_cabinet_01_door_f0_mesh 1153/1281 | Building BVH
Fra:1 Mem:618.36M (Peak 618.52M) | Time:00:02.32 | Mem:280.06M, Peak:280.06M | Scene, ViewLayer | Updating Geometry BVH A_living_dining_balcony_tv_cabinet_01_door_gapbg_mesh 1152/1281 | Building BVH
Fra:1 Mem:618.36M (Peak 618.52M) | Time:00:02.32 | Mem:280.07M, Peak:280.07M | Scene, ViewLayer | Updating Geometry BVH A_living_dining_balcony_tv_cabinet_01_body_mesh 1151/1281 | Building BVH
Fra:1 Mem:618.36M (Peak 618.52M) | Time:00:02.32 | Mem:280.08M, Peak:280.08M | Scene, ViewLayer | Updating Geometry BVH door_W07_0jtopo_mesh 209/1281 | Building BVH
Fra:1 Mem:618.36M (Peak 618.52M) | Time:00:02.32 | Mem:280.08M, Peak:280.08M | Scene, ViewLayer | Updating Geometry BVH door_W07_0lin_r_mesh 212/1281 | Building BVH
Fra:1 Mem:618.36M (Peak 618.52M) | Time:00:02.32 | Mem:280.08M, Peak:280.08M | Scene, ViewLayer | Updating Geometry BVH door_W07_0leaf_mesh 214/1281 | Building BVH
Fra:1 Mem:618.36M (Peak 618.52M) | Time:00:02.32 | Mem:280.08M, Peak:280.08M | Scene, ViewLayer | Updating Geometry BVH door_W08_0jlfto_mesh 216/1281 | Building BVH
Fra:1 Mem:618.36M (Peak 618.52M) | Time:00:02.32 | Mem:280.08M, Peak:280.08M | Scene, ViewLayer | Updating Geometry BVH A_living_dining_balcony_island_01_top_mesh 1150/1281 | Building BVH
Fra:1 Mem:618.36M (Peak 618.52M) | Time:00:02.32 | Mem:268.84M, Peak:280.09M | Scene, ViewLayer | Updating Geometry BVH door_W08_0jlfti_mesh 217/1281 | Building BVH
Fra:1 Mem:618.36M (Peak 618.52M) | Time:00:02.32 | Mem:268.84M, Peak:280.09M | Scene, ViewLayer | Updating Geometry BVH door_W08_0jrgto_mesh 218/1281 | Building BVH
Fra:1 Mem:618.36M (Peak 618.52M) | Time:00:02.32 | Mem:268.84M, Peak:280.09M | Scene, ViewLayer | Updating Geometry BVH door_W08_0jrgti_mesh 219/1281 | Building BVH
Fra:1 Mem:618.36M (Peak 618.52M) | Time:00:02.32 | Mem:268.84M, Peak:280.09M | Scene, ViewLayer | Updating Geometry BVH door_W08_0jtopi_mesh 221/1281 | Building BVH
Fra:1 Mem:618.36M (Peak 618.52M) | Time:00:02.32 | Mem:268.84M, Peak:280.09M | Scene, ViewLayer | Updating Geometry BVH door_W08_0lft_mesh 225/1281 | Building BVH
Fra:1 Mem:618.36M (Peak 618.52M) | Time:00:02.32 | Mem:268.84M, Peak:280.09M | Scene, ViewLayer | Updating Geometry BVH door_W08_0bot_mesh 228/1281 | Building BVH
Fra:1 Mem:618.36M (Peak 618.52M) | Time:00:02.32 | Mem:268.84M, Peak:280.09M | Scene, ViewLayer | Updating Geometry BVH door_W08_0fglass_mesh 229/1281 | Building BVH
Fra:1 Mem:618.36M (Peak 618.52M) | Time:00:02.32 | Mem:268.84M, Peak:280.09M | Scene, ViewLayer | Updating Geometry BVH door_W08_0hdl_mesh 230/1281 | Building BVH
Fra:1 Mem:618.36M (Peak 618.52M) | Time:00:02.32 | Mem:268.85M, Peak:280.09M | Scene, ViewLayer | Updating Geometry BVH door_W13_0jlfto_mesh 231/1281 | Building BVH
Fra:1 Mem:618.36M (Peak 618.52M) | Time:00:02.32 | Mem:268.85M, Peak:280.09M | Scene, ViewLayer | Updating Geometry BVH A_living_dining_balcony_island_01_sh1_mesh 1149/1281 | Building BVH
Fra:1 Mem:618.36M (Peak 618.52M) | Time:00:02.32 | Mem:268.85M, Peak:280.09M | Scene, ViewLayer | Updating Geometry BVH door_W13_0jlfti_mesh 232/1281 | Building BVH
Fra:1 Mem:618.36M (Peak 618.52M) | Time:00:02.32 | Mem:254.84M, Peak:280.09M | Scene, ViewLayer | Updating Geometry BVH door_W13_0jrgto_mesh 233/1281 | Building BVH
Fra:1 Mem:618.36M (Peak 618.52M) | Time:00:02.32 | Mem:254.84M, Peak:280.09M | Scene, ViewLayer | Updating Geometry BVH door_W13_0jrgti_mesh 234/1281 | Building BVH
Fra:1 Mem:618.36M (Peak 618.52M) | Time:00:02.32 | Mem:254.85M, Peak:280.09M | Scene, ViewLayer | Updating Geometry BVH door_W13_0jtopo_mesh 235/1281 | Building BVH
Fra:1 Mem:618.36M (Peak 618.52M) | Time:00:02.32 | Mem:254.85M, Peak:280.09M | Scene, ViewLayer | Updating Geometry BVH door_W13_0jtopi_mesh 236/1281 | Building BVH
Fra:1 Mem:618.36M (Peak 618.52M) | Time:00:02.32 | Mem:254.85M, Peak:280.09M | Scene, ViewLayer | Updating Geometry BVH door_W13_0lin_l_mesh 237/1281 | Building BVH
Fra:1 Mem:618.36M (Peak 618.52M) | Time:00:02.32 | Mem:254.86M, Peak:280.09M | Scene, ViewLayer | Updating Geometry BVH door_W13_0lin_r_mesh 238/1281 | Building BVH
Fra:1 Mem:618.36M (Peak 618.52M) | Time:00:02.33 | Mem:254.88M, Peak:280.09M | Scene, ViewLayer | Updating Geometry BVH door_W13_0lin_t_mesh 239/1281 | Building BVH
Fra:1 Mem:618.36M (Peak 618.52M) | Time:00:02.33 | Mem:254.89M, Peak:280.09M | Scene, ViewLayer | Updating Geometry BVH door_W13_0leaf_mesh 240/1281 | Building BVH
Fra:1 Mem:618.36M (Peak 618.52M) | Time:00:02.33 | Mem:254.91M, Peak:280.09M | Scene, ViewLayer | Updating Geometry BVH door_W13_0hdl_mesh 241/1281 | Building BVH
Fra:1 Mem:618.36M (Peak 618.52M) | Time:00:02.33 | Mem:254.91M, Peak:280.09M | Scene, ViewLayer | Updating Geometry BVH door_W14_0jlfto_mesh 242/1281 | Building BVH
Fra:1 Mem:618.36M (Peak 618.52M) | Time:00:02.33 | Mem:254.92M, Peak:280.09M | Scene, ViewLayer | Updating Geometry BVH door_W14_0jlfti_mesh 243/1281 | Building BVH
Fra:1 Mem:618.36M (Peak 618.52M) | Time:00:02.33 | Mem:254.92M, Peak:280.09M | Scene, ViewLayer | Updating Geometry BVH door_W14_0jrgto_mesh 244/1281 | Building BVH
Fra:1 Mem:618.36M (Peak 618.52M) | Time:00:02.33 | Mem:254.92M, Peak:280.09M | Scene, ViewLayer | Updating Geometry BVH door_W14_0jrgti_mesh 245/1281 | Building BVH
Fra:1 Mem:618.36M (Peak 618.52M) | Time:00:02.33 | Mem:254.92M, Peak:280.09M | Scene, ViewLayer | Updating Geometry BVH door_W14_0jtopo_mesh 246/1281 | Building BVH
Fra:1 Mem:618.36M (Peak 618.52M) | Time:00:02.33 | Mem:254.93M, Peak:280.09M | Scene, ViewLayer | Updating Geometry BVH door_W14_0jtopi_mesh 247/1281 | Building BVH
Fra:1 Mem:618.36M (Peak 618.52M) | Time:00:02.33 | Mem:254.94M, Peak:280.09M | Scene, ViewLayer | Updating Geometry BVH door_W14_0lin_l_mesh 248/1281 | Building BVH
Fra:1 Mem:618.36M (Peak 618.52M) | Time:00:02.33 | Mem:254.98M, Peak:280.09M | Scene, ViewLayer | Updating Geometry BVH door_W14_0lin_r_mesh 249/1281 | Building BVH
Fra:1 Mem:618.36M (Peak 618.52M) | Time:00:02.33 | Mem:254.98M, Peak:280.09M | Scene, ViewLayer | Updating Geometry BVH door_W14_0lin_t_mesh 250/1281 | Building BVH
Fra:1 Mem:618.37M (Peak 618.52M) | Time:00:02.33 | Mem:255.00M, Peak:280.09M | Scene, ViewLayer | Updating Geometry BVH door_W14_0leaf_mesh 251/1281 | Building BVH
Fra:1 Mem:618.37M (Peak 618.52M) | Time:00:02.33 | Mem:255.00M, Peak:280.09M | Scene, ViewLayer | Updating Geometry BVH door_W14_0hdl_mesh 252/1281 | Building BVH
Fra:1 Mem:618.37M (Peak 618.52M) | Time:00:02.33 | Mem:255.02M, Peak:280.09M | Scene, ViewLayer | Updating Geometry BVH door_W14_1jlfto_mesh 253/1281 | Building BVH
Fra:1 Mem:618.37M (Peak 618.52M) | Time:00:02.33 | Mem:255.02M, Peak:280.09M | Scene, ViewLayer | Updating Geometry BVH door_W14_1jrgto_mesh 255/1281 | Building BVH
Fra:1 Mem:618.37M (Peak 618.52M) | Time:00:02.33 | Mem:255.02M, Peak:280.09M | Scene, ViewLayer | Updating Geometry BVH door_W14_1jrgti_mesh 256/1281 | Building BVH
Fra:1 Mem:618.37M (Peak 618.52M) | Time:00:02.33 | Mem:255.02M, Peak:280.09M | Scene, ViewLayer | Updating Geometry BVH door_W14_1jtopo_mesh 257/1281 | Building BVH
Fra:1 Mem:618.37M (Peak 618.52M) | Time:00:02.33 | Mem:255.04M, Peak:280.09M | Scene, ViewLayer | Updating Geometry BVH door_W14_1jtopi_mesh 258/1281 | Building BVH
Fra:1 Mem:618.37M (Peak 618.52M) | Time:00:02.33 | Mem:255.05M, Peak:280.09M | Scene, ViewLayer | Updating Geometry BVH door_W14_1lin_l_mesh 259/1281 | Building BVH
Fra:1 Mem:618.37M (Peak 618.52M) | Time:00:02.33 | Mem:255.06M, Peak:280.09M | Scene, ViewLayer | Updating Geometry BVH door_W14_1lin_r_mesh 260/1281 | Building BVH
Fra:1 Mem:618.37M (Peak 618.52M) | Time:00:02.33 | Mem:255.08M, Peak:280.09M | Scene, ViewLayer | Updating Geometry BVH door_W14_1lin_t_mesh 261/1281 | Building BVH
Fra:1 Mem:618.37M (Peak 618.52M) | Time:00:02.33 | Mem:255.09M, Peak:280.09M | Scene, ViewLayer | Updating Geometry BVH door_W14_1lft_mesh 262/1281 | Building BVH
Fra:1 Mem:618.37M (Peak 618.52M) | Time:00:02.33 | Mem:255.10M, Peak:280.09M | Scene, ViewLayer | Updating Geometry BVH A_living_dining_balcony_island_01_sh0_mesh 1148/1281 | Building BVH
Fra:1 Mem:618.37M (Peak 618.52M) | Time:00:02.33 | Mem:255.11M, Peak:280.09M | Scene, ViewLayer | Updating Geometry BVH door_W14_1rgt_mesh 263/1281 | Building BVH
Fra:1 Mem:618.37M (Peak 618.52M) | Time:00:02.33 | Mem:255.12M, Peak:280.09M | Scene, ViewLayer | Updating Geometry BVH door_W14_1top_mesh 264/1281 | Building BVH
Fra:1 Mem:618.37M (Peak 618.52M) | Time:00:02.33 | Mem:255.12M, Peak:280.09M | Scene, ViewLayer | Updating Geometry BVH door_W14_1bot_mesh 265/1281 | Building BVH
Fra:1 Mem:618.37M (Peak 618.52M) | Time:00:02.33 | Mem:255.12M, Peak:280.09M | Scene, ViewLayer | Updating Geometry BVH door_W14_1hdl_mesh 267/1281 | Building BVH
Fra:1 Mem:618.37M (Peak 618.52M) | Time:00:02.33 | Mem:255.13M, Peak:280.09M | Scene, ViewLayer | Updating Geometry BVH door_W15_0jlfto_mesh 268/1281 | Building BVH
Fra:1 Mem:618.37M (Peak 618.52M) | Time:00:02.33 | Mem:255.15M, Peak:280.09M | Scene, ViewLayer | Updating Geometry BVH door_W15_0jlfti_mesh 269/1281 | Building BVH
Fra:1 Mem:618.37M (Peak 618.52M) | Time:00:02.33 | Mem:255.17M, Peak:280.09M | Scene, ViewLayer | Updating Geometry BVH door_W15_0jrgto_mesh 270/1281 | Building BVH
Fra:1 Mem:618.37M (Peak 618.52M) | Time:00:02.33 | Mem:255.17M, Peak:280.09M | Scene, ViewLayer | Updating Geometry BVH door_W15_0jrgti_mesh 271/1281 | Building BVH
Fra:1 Mem:618.37M (Peak 618.52M) | Time:00:02.33 | Mem:255.18M, Peak:280.09M | Scene, ViewLayer | Updating Geometry BVH door_W15_0jtopo_mesh 272/1281 | Building BVH
Fra:1 Mem:618.37M (Peak 618.52M) | Time:00:02.33 | Mem:255.20M, Peak:280.09M | Scene, ViewLayer | Updating Geometry BVH door_W15_0jtopi_mesh 273/1281 | Building BVH
Fra:1 Mem:618.37M (Peak 618.52M) | Time:00:02.33 | Mem:255.20M, Peak:280.09M | Scene, ViewLayer | Updating Geometry BVH door_W15_0lin_r_mesh 275/1281 | Building BVH
Fra:1 Mem:618.37M (Peak 618.52M) | Time:00:02.33 | Mem:255.21M, Peak:280.09M | Scene, ViewLayer | Updating Geometry BVH A_living_dining_balcony_island_01_niche_mesh 1147/1281 | Building BVH
Fra:1 Mem:618.37M (Peak 618.52M) | Time:00:02.33 | Mem:255.21M, Peak:280.09M | Scene, ViewLayer | Updating Geometry BVH door_W15_0_top_mesh 278/1281 | Building BVH
Fra:1 Mem:618.37M (Peak 618.52M) | Time:00:02.33 | Mem:255.22M, Peak:280.09M | Scene, ViewLayer | Updating Geometry BVH door_W15_0_lft_mesh 279/1281 | Building BVH
Fra:1 Mem:618.37M (Peak 618.52M) | Time:00:02.33 | Mem:255.28M, Peak:280.09M | Scene, ViewLayer | Updating Geometry BVH door_W15_0_rgt_mesh 280/1281 | Building BVH
Fra:1 Mem:618.37M (Peak 618.52M) | Time:00:02.33 | Mem:255.28M, Peak:280.09M | Scene, ViewLayer | Updating Geometry BVH door_W15_0_glass_mesh 281/1281 | Building BVH
Fra:1 Mem:618.37M (Peak 618.52M) | Time:00:02.33 | Mem:255.30M, Peak:280.09M | Scene, ViewLayer | Updating Geometry BVH door_W15_1_bot_mesh 282/1281 | Building BVH
Fra:1 Mem:618.37M (Peak 618.52M) | Time:00:02.33 | Mem:255.31M, Peak:280.09M | Scene, ViewLayer | Updating Geometry BVH door_W15_1_top_mesh 283/1281 | Building BVH
Fra:1 Mem:618.37M (Peak 618.52M) | Time:00:02.33 | Mem:255.31M, Peak:280.09M | Scene, ViewLayer | Updating Geometry BVH door_W15_1_lft_mesh 284/1281 | Building BVH
Fra:1 Mem:618.37M (Peak 618.52M) | Time:00:02.33 | Mem:255.31M, Peak:280.09M | Scene, ViewLayer | Updating Geometry BVH door_W15_1_rgt_mesh 285/1281 | Building BVH
Fra:1 Mem:618.37M (Peak 618.52M) | Time:00:02.33 | Mem:255.31M, Peak:280.09M | Scene, ViewLayer | Updating Geometry BVH door_W15_1_glass_mesh 286/1281 | Building BVH
Fra:1 Mem:618.37M (Peak 618.52M) | Time:00:02.33 | Mem:255.32M, Peak:280.09M | Scene, ViewLayer | Updating Geometry BVH door_W17_0jlfto_mesh 287/1281 | Building BVH
Fra:1 Mem:618.37M (Peak 618.52M) | Time:00:02.33 | Mem:255.33M, Peak:280.09M | Scene, ViewLayer | Updating Geometry BVH door_W17_0jlfti_mesh 288/1281 | Building BVH
Fra:1 Mem:618.37M (Peak 618.52M) | Time:00:02.33 | Mem:255.36M, Peak:280.09M | Scene, ViewLayer | Updating Geometry BVH door_W17_0jrgto_mesh 289/1281 | Building BVH
Fra:1 Mem:618.37M (Peak 618.52M) | Time:00:02.33 | Mem:255.36M, Peak:280.09M | Scene, ViewLayer | Updating Geometry BVH door_W17_0jrgti_mesh 290/1281 | Building BVH
Fra:1 Mem:618.37M (Peak 618.52M) | Time:00:02.33 | Mem:255.36M, Peak:280.09M | Scene, ViewLayer | Updating Geometry BVH door_W17_0jtopo_mesh 291/1281 | Building BVH
Fra:1 Mem:618.37M (Peak 618.52M) | Time:00:02.33 | Mem:255.37M, Peak:280.09M | Scene, ViewLayer | Updating Geometry BVH door_W17_0jtopi_mesh 292/1281 | Building BVH
Fra:1 Mem:618.37M (Peak 618.52M) | Time:00:02.33 | Mem:255.37M, Peak:280.09M | Scene, ViewLayer | Updating Geometry BVH door_W17_0lin_l_mesh 293/1281 | Building BVH
Fra:1 Mem:618.37M (Peak 618.52M) | Time:00:02.33 | Mem:255.39M, Peak:280.09M | Scene, ViewLayer | Updating Geometry BVH door_W17_0lin_r_mesh 294/1281 | Building BVH
Fra:1 Mem:618.37M (Peak 618.52M) | Time:00:02.33 | Mem:255.39M, Peak:280.09M | Scene, ViewLayer | Updating Geometry BVH door_W17_0lin_t_mesh 295/1281 | Building BVH
Fra:1 Mem:618.37M (Peak 618.52M) | Time:00:02.33 | Mem:255.40M, Peak:280.09M | Scene, ViewLayer | Updating Geometry BVH door_W17_0_bot_mesh 296/1281 | Building BVH
Fra:1 Mem:618.37M (Peak 618.52M) | Time:00:02.33 | Mem:255.41M, Peak:280.09M | Scene, ViewLayer | Updating Geometry BVH A_living_dining_balcony_island_01_drw_p0_mesh 1146/1281 | Building BVH
Fra:1 Mem:618.37M (Peak 618.52M) | Time:00:02.33 | Mem:255.41M, Peak:280.09M | Scene, ViewLayer | Updating Geometry BVH door_W17_0_top_mesh 297/1281 | Building BVH
Fra:1 Mem:618.37M (Peak 618.52M) | Time:00:02.33 | Mem:255.43M, Peak:280.09M | Scene, ViewLayer | Updating Geometry BVH door_W17_0_lft_mesh 298/1281 | Building BVH
Fra:1 Mem:618.37M (Peak 618.52M) | Time:00:02.33 | Mem:255.46M, Peak:280.09M | Scene, ViewLayer | Updating Geometry BVH door_W17_0_glass_mesh 300/1281 | Building BVH
Fra:1 Mem:618.37M (Peak 618.52M) | Time:00:02.33 | Mem:255.46M, Peak:280.09M | Scene, ViewLayer | Updating Geometry BVH door_W17_1_bot_mesh 301/1281 | Building BVH
Fra:1 Mem:618.37M (Peak 618.52M) | Time:00:02.33 | Mem:255.46M, Peak:280.09M | Scene, ViewLayer | Updating Geometry BVH door_W17_1_top_mesh 302/1281 | Building BVH
Fra:1 Mem:618.37M (Peak 618.52M) | Time:00:02.33 | Mem:255.46M, Peak:280.09M | Scene, ViewLayer | Updating Geometry BVH door_W17_1_lft_mesh 303/1281 | Building BVH
Fra:1 Mem:618.37M (Peak 618.52M) | Time:00:02.33 | Mem:255.47M, Peak:280.09M | Scene, ViewLayer | Updating Geometry BVH door_W17_1_rgt_mesh 304/1281 | Building BVH
Fra:1 Mem:618.37M (Peak 618.52M) | Time:00:02.33 | Mem:255.47M, Peak:280.09M | Scene, ViewLayer | Updating Geometry BVH door_W17_1_glass_mesh 305/1281 | Building BVH
Fra:1 Mem:618.37M (Peak 618.52M) | Time:00:02.33 | Mem:255.51M, Peak:280.09M | Scene, ViewLayer | Updating Geometry BVH door_W17_2_bot_mesh 306/1281 | Building BVH
Fra:1 Mem:618.37M (Peak 618.52M) | Time:00:02.33 | Mem:255.54M, Peak:280.09M | Scene, ViewLayer | Updating Geometry BVH door_W17_2_top_mesh 307/1281 | Building BVH
Fra:1 Mem:618.37M (Peak 618.52M) | Time:00:02.33 | Mem:255.54M, Peak:280.09M | Scene, ViewLayer | Updating Geometry BVH door_W17_2_lft_mesh 308/1281 | Building BVH
Fra:1 Mem:618.37M (Peak 618.52M) | Time:00:02.33 | Mem:255.54M, Peak:280.09M | Scene, ViewLayer | Updating Geometry BVH door_W17_2_rgt_mesh 309/1281 | Building BVH
Fra:1 Mem:618.37M (Peak 618.52M) | Time:00:02.33 | Mem:255.54M, Peak:280.09M | Scene, ViewLayer | Updating Geometry BVH door_W17_2_glass_mesh 310/1281 | Building BVH
Fra:1 Mem:618.37M (Peak 618.52M) | Time:00:02.33 | Mem:255.54M, Peak:280.09M | Scene, ViewLayer | Updating Geometry BVH door_W19_0jlfto_mesh 311/1281 | Building BVH
Fra:1 Mem:618.37M (Peak 618.52M) | Time:00:02.33 | Mem:255.56M, Peak:280.09M | Scene, ViewLayer | Updating Geometry BVH A_living_dining_balcony_island_01_drw_f0_mesh 1145/1281 | Building BVH
Fra:1 Mem:618.37M (Peak 618.52M) | Time:00:02.33 | Mem:255.56M, Peak:280.09M | Scene, ViewLayer | Updating Geometry BVH door_W19_0jlfti_mesh 312/1281 | Building BVH
Fra:1 Mem:618.37M (Peak 618.52M) | Time:00:02.33 | Mem:255.56M, Peak:280.09M | Scene, ViewLayer | Updating Geometry BVH door_W19_0jrgto_mesh 313/1281 | Building BVH
Fra:1 Mem:618.37M (Peak 618.52M) | Time:00:02.33 | Mem:255.57M, Peak:280.09M | Scene, ViewLayer | Updating Geometry BVH door_W19_0jrgti_mesh 314/1281 | Building BVH
Fra:1 Mem:618.37M (Peak 618.52M) | Time:00:02.33 | Mem:255.57M, Peak:280.09M | Scene, ViewLayer | Updating Geometry BVH door_W19_0jtopo_mesh 315/1281 | Building BVH
Fra:1 Mem:618.37M (Peak 618.52M) | Time:00:02.33 | Mem:255.59M, Peak:280.09M | Scene, ViewLayer | Updating Geometry BVH door_W19_0jtopi_mesh 316/1281 | Building BVH
Fra:1 Mem:618.37M (Peak 618.52M) | Time:00:02.33 | Mem:255.61M, Peak:280.09M | Scene, ViewLayer | Updating Geometry BVH door_W19_0lin_l_mesh 317/1281 | Building BVH
Fra:1 Mem:618.37M (Peak 618.52M) | Time:00:02.33 | Mem:255.62M, Peak:280.09M | Scene, ViewLayer | Updating Geometry BVH door_W19_0lin_r_mesh 318/1281 | Building BVH
Fra:1 Mem:618.37M (Peak 618.52M) | Time:00:02.34 | Mem:255.65M, Peak:280.09M | Scene, ViewLayer | Updating Geometry BVH door_W19_0lin_t_mesh 319/1281 | Building BVH
Fra:1 Mem:618.37M (Peak 618.52M) | Time:00:02.34 | Mem:255.66M, Peak:280.09M | Scene, ViewLayer | Updating Geometry BVH door_W19_0leaf_mesh 320/1281 | Building BVH
Fra:1 Mem:618.37M (Peak 618.52M) | Time:00:02.34 | Mem:255.66M, Peak:280.09M | Scene, ViewLayer | Updating Geometry BVH door_W19_0hdl_mesh 321/1281 | Building BVH
Fra:1 Mem:618.37M (Peak 618.52M) | Time:00:02.34 | Mem:255.66M, Peak:280.09M | Scene, ViewLayer | Updating Geometry BVH door_W27_0jlfto_mesh 322/1281 | Building BVH
Fra:1 Mem:618.37M (Peak 618.52M) | Time:00:02.34 | Mem:255.67M, Peak:280.09M | Scene, ViewLayer | Updating Geometry BVH door_W27_0jlfti_mesh 323/1281 | Building BVH
Fra:1 Mem:618.37M (Peak 618.52M) | Time:00:02.34 | Mem:255.68M, Peak:280.09M | Scene, ViewLayer | Updating Geometry BVH A_living_dining_balcony_island_01_drw_gapbg_mesh 1144/1281 | Building BVH
Fra:1 Mem:618.37M (Peak 618.52M) | Time:00:02.34 | Mem:255.69M, Peak:280.09M | Scene, ViewLayer | Updating Geometry BVH door_W27_0jrgto_mesh 324/1281 | Building BVH
Fra:1 Mem:618.37M (Peak 618.52M) | Time:00:02.34 | Mem:255.70M, Peak:280.09M | Scene, ViewLayer | Updating Geometry BVH door_W27_0jrgti_mesh 325/1281 | Building BVH
Fra:1 Mem:618.37M (Peak 618.52M) | Time:00:02.34 | Mem:255.71M, Peak:280.09M | Scene, ViewLayer | Updating Geometry BVH door_W27_0jtopo_mesh 326/1281 | Building BVH
Fra:1 Mem:618.37M (Peak 618.52M) | Time:00:02.34 | Mem:255.71M, Peak:280.09M | Scene, ViewLayer | Updating Geometry BVH door_W27_0jtopi_mesh 327/1281 | Building BVH
Fra:1 Mem:618.37M (Peak 618.52M) | Time:00:02.34 | Mem:255.74M, Peak:280.09M | Scene, ViewLayer | Updating Geometry BVH door_W27_0lin_l_mesh 328/1281 | Building BVH
Fra:1 Mem:618.37M (Peak 618.52M) | Time:00:02.34 | Mem:255.74M, Peak:280.09M | Scene, ViewLayer | Updating Geometry BVH door_W27_0lin_r_mesh 329/1281 | Building BVH
Fra:1 Mem:618.37M (Peak 618.52M) | Time:00:02.34 | Mem:255.74M, Peak:280.09M | Scene, ViewLayer | Updating Geometry BVH A_living_dining_balcony_island_01_oven_mesh 1143/1281 | Building BVH
Fra:1 Mem:618.37M (Peak 618.52M) | Time:00:02.34 | Mem:255.74M, Peak:280.09M | Scene, ViewLayer | Updating Geometry BVH door_W27_0leaf_mesh 331/1281 | Building BVH
Fra:1 Mem:618.37M (Peak 618.52M) | Time:00:02.34 | Mem:255.74M, Peak:280.09M | Scene, ViewLayer | Updating Geometry BVH door_W27_0hdl_mesh 332/1281 | Building BVH
Fra:1 Mem:618.37M (Peak 618.52M) | Time:00:02.34 | Mem:255.75M, Peak:280.09M | Scene, ViewLayer | Updating Geometry BVH bay_platform_mesh 333/1281 | Building BVH
Fra:1 Mem:618.37M (Peak 618.52M) | Time:00:02.34 | Mem:255.75M, Peak:280.09M | Scene, ViewLayer | Updating Geometry BVH rail_ter_S_p0_mesh 334/1281 | Building BVH
Fra:1 Mem:618.37M (Peak 618.52M) | Time:00:02.34 | Mem:255.82M, Peak:280.09M | Scene, ViewLayer | Updating Geometry BVH rail_ter_S_p1_mesh 335/1281 | Building BVH
Fra:1 Mem:618.37M (Peak 618.52M) | Time:00:02.34 | Mem:255.82M, Peak:280.09M | Scene, ViewLayer | Updating Geometry BVH rail_ter_S_p2_mesh 336/1281 | Building BVH
Fra:1 Mem:618.37M (Peak 618.52M) | Time:00:02.34 | Mem:255.82M, Peak:280.09M | Scene, ViewLayer | Updating Geometry BVH rail_ter_S_p3_mesh 337/1281 | Building BVH
Fra:1 Mem:618.37M (Peak 618.52M) | Time:00:02.34 | Mem:255.83M, Peak:280.09M | Scene, ViewLayer | Updating Geometry BVH rail_ter_S_top_mesh 338/1281 | Building BVH
Fra:1 Mem:618.37M (Peak 618.52M) | Time:00:02.34 | Mem:255.83M, Peak:280.09M | Scene, ViewLayer | Updating Geometry BVH rail_ter_S_glass_mesh 339/1281 | Building BVH
Fra:1 Mem:618.37M (Peak 618.52M) | Time:00:02.34 | Mem:255.87M, Peak:280.09M | Scene, ViewLayer | Updating Geometry BVH rail_ter_E_p0_mesh 340/1281 | Building BVH
Fra:1 Mem:618.37M (Peak 618.52M) | Time:00:02.34 | Mem:255.87M, Peak:280.09M | Scene, ViewLayer | Updating Geometry BVH rail_ter_E_p1_mesh 341/1281 | Building BVH
Fra:1 Mem:618.37M (Peak 618.52M) | Time:00:02.34 | Mem:255.88M, Peak:280.09M | Scene, ViewLayer | Updating Geometry BVH rail_ter_E_glass_mesh 344/1281 | Building BVH
Fra:1 Mem:618.37M (Peak 618.52M) | Time:00:02.34 | Mem:255.88M, Peak:280.09M | Scene, ViewLayer | Updating Geometry BVH rail_ter_W_p0_mesh 345/1281 | Building BVH
Fra:1 Mem:618.37M (Peak 618.52M) | Time:00:02.34 | Mem:255.88M, Peak:280.09M | Scene, ViewLayer | Updating Geometry BVH rail_ter_W_glass_mesh 348/1281 | Building BVH
Fra:1 Mem:618.37M (Peak 618.52M) | Time:00:02.34 | Mem:255.88M, Peak:280.09M | Scene, ViewLayer | Updating Geometry BVH common_kitchen_dishwasher_01_body_mesh 349/1281 | Building BVH
Fra:1 Mem:618.37M (Peak 618.52M) | Time:00:02.34 | Mem:255.88M, Peak:280.09M | Scene, ViewLayer | Updating Geometry BVH common_kitchen_dishwasher_01_top_L_mesh 350/1281 | Building BVH
Fra:1 Mem:618.37M (Peak 618.52M) | Time:00:02.34 | Mem:255.89M, Peak:280.09M | Scene, ViewLayer | Updating Geometry BVH common_kitchen_dishwasher_01_drwW_p0_mesh 356/1281 | Building BVH
Fra:1 Mem:618.37M (Peak 618.52M) | Time:00:02.34 | Mem:255.93M, Peak:280.09M | Scene, ViewLayer | Updating Geometry BVH common_kitchen_dishwasher_01_drw_f0_mesh 358/1281 | Building BVH
Fra:1 Mem:618.37M (Peak 618.52M) | Time:00:02.34 | Mem:256.08M, Peak:280.09M | Scene, ViewLayer | Updating Geometry BVH common_kitchen_dishwasher_01_drw_p0_mesh 359/1281 | Building BVH
Fra:1 Mem:618.37M (Peak 618.52M) | Time:00:02.34 | Mem:256.08M, Peak:280.09M | Scene, ViewLayer | Updating Geometry BVH common_kitchen_dishwasher_01_drw_f1_mesh 360/1281 | Building BVH
Fra:1 Mem:618.37M (Peak 618.52M) | Time:00:02.34 | Mem:256.09M, Peak:280.09M | Scene, ViewLayer | Updating Geometry BVH A_living_dining_balcony_island_01_backN_mesh 1141/1281 | Building BVH
Fra:1 Mem:618.37M (Peak 618.52M) | Time:00:02.34 | Mem:256.09M, Peak:280.09M | Scene, ViewLayer | Updating Geometry BVH common_kitchen_dishwasher_01_drw_f3_mesh 364/1281 | Building BVH
Fra:1 Mem:618.37M (Peak 618.52M) | Time:00:02.35 | Mem:256.10M, Peak:280.09M | Scene, ViewLayer | Updating Geometry BVH common_kitchen_dishwasher_01_drw_p3_mesh 365/1281 | Building BVH
Fra:1 Mem:618.37M (Peak 618.52M) | Time:00:02.35 | Mem:256.12M, Peak:280.09M | Scene, ViewLayer | Updating Geometry BVH common_kitchen_sink_01_basin_mesh 366/1281 | Building BVH
Fra:1 Mem:618.37M (Peak 618.52M) | Time:00:02.35 | Mem:256.14M, Peak:280.09M | Scene, ViewLayer | Updating Geometry BVH common_kitchen_sink_01_cav_mesh 367/1281 | Building BVH
Fra:1 Mem:618.37M (Peak 618.52M) | Time:00:02.35 | Mem:256.14M, Peak:280.09M | Scene, ViewLayer | Updating Geometry BVH common_kitchen_sink_01_tap_mesh 368/1281 | Building BVH
Fra:1 Mem:618.37M (Peak 618.52M) | Time:00:02.35 | Mem:256.15M, Peak:280.09M | Scene, ViewLayer | Updating Geometry BVH common_kitchen_sink_01_taparm_mesh 369/1281 | Building BVH
Fra:1 Mem:618.37M (Peak 618.52M) | Time:00:02.35 | Mem:256.19M, Peak:280.09M | Scene, ViewLayer | Updating Geometry BVH common_kitchen_sink_01_taptip_mesh 370/1281 | Building BVH
Fra:1 Mem:618.37M (Peak 618.52M) | Time:00:02.35 | Mem:256.21M, Peak:280.09M | Scene, ViewLayer | Updating Geometry BVH common_kitchen_dishwasher_02_panel_mesh 371/1281 | Building BVH
Fra:1 Mem:618.37M (Peak 618.52M) | Time:00:02.35 | Mem:256.23M, Peak:280.09M | Scene, ViewLayer | Updating Geometry BVH common_kitchen_dishwasher_02_pull_mesh 372/1281 | Building BVH
Fra:1 Mem:618.37M (Peak 618.52M) | Time:00:02.35 | Mem:256.25M, Peak:280.09M | Scene, ViewLayer | Updating Geometry BVH A_living_dining_balcony_island_01_sideE_mesh 1140/1281 | Building BVH
Fra:1 Mem:618.37M (Peak 618.52M) | Time:00:02.35 | Mem:256.25M, Peak:280.09M | Scene, ViewLayer | Updating Geometry BVH common_kitchen_kitchen_counter_01_body_mesh 373/1281 | Building BVH
Fra:1 Mem:618.37M (Peak 618.52M) | Time:00:02.35 | Mem:256.25M, Peak:280.09M | Scene, ViewLayer | Updating Geometry BVH common_kitchen_kitchen_counter_01_top_mesh 374/1281 | Building BVH
Fra:1 Mem:618.37M (Peak 618.52M) | Time:00:02.35 | Mem:256.26M, Peak:280.09M | Scene, ViewLayer | Updating Geometry BVH common_kitchen_kitchen_counter_01_drwS_gapbg_mesh 375/1281 | Building BVH
Fra:1 Mem:618.37M (Peak 618.52M) | Time:00:02.35 | Mem:256.26M, Peak:280.09M | Scene, ViewLayer | Updating Geometry BVH common_kitchen_kitchen_counter_01_drwS_f0_mesh 376/1281 | Building BVH
Fra:1 Mem:618.37M (Peak 618.52M) | Time:00:02.35 | Mem:256.26M, Peak:280.09M | Scene, ViewLayer | Updating Geometry BVH common_kitchen_kitchen_counter_01_drwS_p0_mesh 377/1281 | Building BVH
Fra:1 Mem:618.37M (Peak 618.52M) | Time:00:02.35 | Mem:256.27M, Peak:280.09M | Scene, ViewLayer | Updating Geometry BVH common_kitchen_kitchen_counter_01_drwH_gapbg_mesh 378/1281 | Building BVH
Fra:1 Mem:618.37M (Peak 618.52M) | Time:00:02.35 | Mem:256.29M, Peak:280.09M | Scene, ViewLayer | Updating Geometry BVH common_kitchen_kitchen_counter_01_drwH_slot0_mesh 380/1281 | Building BVH
Fra:1 Mem:618.37M (Peak 618.52M) | Time:00:02.35 | Mem:256.32M, Peak:280.09M | Scene, ViewLayer | Updating Geometry BVH common_kitchen_kitchen_counter_01_drwH_d1_mesh 381/1281 | Building BVH
Fra:1 Mem:618.37M (Peak 618.52M) | Time:00:02.35 | Mem:256.35M, Peak:280.09M | Scene, ViewLayer | Updating Geometry BVH common_kitchen_kitchen_counter_01_drwH_slot1_mesh 382/1281 | Building BVH
Fra:1 Mem:618.37M (Peak 618.52M) | Time:00:02.35 | Mem:256.36M, Peak:280.09M | Scene, ViewLayer | Updating Geometry BVH common_kitchen_kitchen_counter_01_drwH_d2_mesh 383/1281 | Building BVH
Fra:1 Mem:618.37M (Peak 618.52M) | Time:00:02.35 | Mem:256.36M, Peak:280.09M | Scene, ViewLayer | Updating Geometry BVH common_kitchen_kitchen_counter_01_drwH_slot2_mesh 384/1281 | Building BVH
Fra:1 Mem:618.37M (Peak 618.52M) | Time:00:02.35 | Mem:256.37M, Peak:280.09M | Scene, ViewLayer | Updating Geometry BVH common_kitchen_kitchen_counter_01_drwN_gapbg_mesh 385/1281 | Building BVH
Fra:1 Mem:618.37M (Peak 618.52M) | Time:00:02.35 | Mem:256.40M, Peak:280.09M | Scene, ViewLayer | Updating Geometry BVH common_kitchen_kitchen_counter_01_drwN_f0_mesh 386/1281 | Building BVH
Fra:1 Mem:618.37M (Peak 618.52M) | Time:00:02.35 | Mem:256.43M, Peak:280.09M | Scene, ViewLayer | Updating Geometry BVH common_kitchen_kitchen_counter_01_drwN_p0_mesh 387/1281 | Building BVH
Fra:1 Mem:618.37M (Peak 618.52M) | Time:00:02.35 | Mem:256.43M, Peak:280.09M | Scene, ViewLayer | Updating Geometry BVH common_kitchen_kitchen_counter_01_drwN_f1_mesh 388/1281 | Building BVH
Fra:1 Mem:618.37M (Peak 618.52M) | Time:00:02.35 | Mem:256.43M, Peak:280.09M | Scene, ViewLayer | Updating Geometry BVH common_kitchen_kitchen_counter_01_drwN_p1_mesh 389/1281 | Building BVH
Fra:1 Mem:618.37M (Peak 618.52M) | Time:00:02.35 | Mem:256.44M, Peak:280.09M | Scene, ViewLayer | Updating Geometry BVH common_kitchen_hob_01_glass_mesh 390/1281 | Building BVH
Fra:1 Mem:618.37M (Peak 618.52M) | Time:00:02.35 | Mem:256.47M, Peak:280.09M | Scene, ViewLayer | Updating Geometry BVH common_kitchen_hob_01_burner0_mesh 391/1281 | Building BVH
Fra:1 Mem:618.37M (Peak 618.52M) | Time:00:02.35 | Mem:256.48M, Peak:280.09M | Scene, ViewLayer | Updating Geometry BVH common_kitchen_hob_01_burner1_mesh 392/1281 | Building BVH
Fra:1 Mem:618.37M (Peak 618.52M) | Time:00:02.35 | Mem:256.48M, Peak:280.09M | Scene, ViewLayer | Updating Geometry BVH common_kitchen_range_hood_01_topbox_mesh 393/1281 | Building BVH
Fra:1 Mem:618.37M (Peak 618.52M) | Time:00:02.35 | Mem:256.49M, Peak:280.09M | Scene, ViewLayer | Updating Geometry BVH common_kitchen_range_hood_01_slant_mesh 394/1281 | Building BVH
Fra:1 Mem:618.37M (Peak 618.52M) | Time:00:02.35 | Mem:256.51M, Peak:280.09M | Scene, ViewLayer | Updating Geometry BVH A_living_dining_balcony_island_01_sideW_mesh 1139/1281 | Building BVH
Fra:1 Mem:618.37M (Peak 618.52M) | Time:00:02.35 | Mem:256.52M, Peak:280.09M | Scene, ViewLayer | Updating Geometry BVH common_kitchen_cabinet_01_body_mesh 395/1281 | Building BVH
Fra:1 Mem:618.37M (Peak 618.52M) | Time:00:02.35 | Mem:256.52M, Peak:280.09M | Scene, ViewLayer | Updating Geometry BVH common_kitchen_cabinet_01_door_gapbg_mesh 396/1281 | Building BVH
Fra:1 Mem:618.37M (Peak 618.52M) | Time:00:02.35 | Mem:256.53M, Peak:280.09M | Scene, ViewLayer | Updating Geometry BVH common_kitchen_cabinet_01_door_f0l_mesh 397/1281 | Building BVH
Fra:1 Mem:618.37M (Peak 618.52M) | Time:00:02.35 | Mem:256.53M, Peak:280.09M | Scene, ViewLayer | Updating Geometry BVH common_kitchen_cabinet_01_door_f0r_mesh 398/1281 | Building BVH
Fra:1 Mem:618.37M (Peak 618.52M) | Time:00:02.35 | Mem:256.56M, Peak:280.09M | Scene, ViewLayer | Updating Geometry BVH common_kitchen_cabinet_01_door_f0b_mesh 399/1281 | Building BVH
Fra:1 Mem:618.37M (Peak 618.52M) | Time:00:02.35 | Mem:256.56M, Peak:280.09M | Scene, ViewLayer | Updating Geometry BVH common_kitchen_cabinet_01_door_f0t_mesh 400/1281 | Building BVH
Fra:1 Mem:618.37M (Peak 618.52M) | Time:00:02.35 | Mem:256.57M, Peak:280.09M | Scene, ViewLayer | Updating Geometry BVH common_kitchen_cabinet_01_door_f0c_mesh 401/1281 | Building BVH
Fra:1 Mem:618.37M (Peak 618.52M) | Time:00:02.35 | Mem:256.62M, Peak:280.09M | Scene, ViewLayer | Updating Geometry BVH common_kitchen_cabinet_01_door_p0_mesh 402/1281 | Building BVH
Fra:1 Mem:618.37M (Peak 618.52M) | Time:00:02.35 | Mem:256.62M, Peak:280.09M | Scene, ViewLayer | Updating Geometry BVH common_kitchen_cabinet_01_door_f1l_mesh 403/1281 | Building BVH
Fra:1 Mem:618.37M (Peak 618.52M) | Time:00:02.35 | Mem:256.62M, Peak:280.09M | Scene, ViewLayer | Updating Geometry BVH common_kitchen_cabinet_01_door_f1r_mesh 404/1281 | Building BVH
Fra:1 Mem:618.37M (Peak 618.52M) | Time:00:02.35 | Mem:256.61M, Peak:280.09M | Scene, ViewLayer | Updating Geometry BVH common_kitchen_cabinet_01_door_f1t_mesh 406/1281 | Building BVH
Fra:1 Mem:618.37M (Peak 618.52M) | Time:00:02.35 | Mem:256.62M, Peak:280.09M | Scene, ViewLayer | Updating Geometry BVH common_kitchen_cabinet_01_door_f1c_mesh 407/1281 | Building BVH
Fra:1 Mem:618.37M (Peak 618.52M) | Time:00:02.35 | Mem:256.63M, Peak:280.09M | Scene, ViewLayer | Updating Geometry BVH lt_fill_corridor 1138/1281 | Building BVH
Fra:1 Mem:618.37M (Peak 618.52M) | Time:00:02.35 | Mem:256.63M, Peak:280.09M | Scene, ViewLayer | Updating Geometry BVH common_kitchen_cabinet_01_door_p1_mesh 408/1281 | Building BVH
Fra:1 Mem:618.37M (Peak 618.52M) | Time:00:02.35 | Mem:256.65M, Peak:280.09M | Scene, ViewLayer | Updating Geometry BVH common_kitchen_cabinet_01_door_f2b_mesh 411/1281 | Building BVH
Fra:1 Mem:618.37M (Peak 618.52M) | Time:00:02.35 | Mem:256.65M, Peak:280.09M | Scene, ViewLayer | Updating Geometry BVH common_kitchen_cabinet_01_door_f2l_mesh 409/1281 | Building BVH
Fra:1 Mem:618.37M (Peak 618.52M) | Time:00:02.35 | Mem:256.68M, Peak:280.09M | Scene, ViewLayer | Updating Geometry BVH common_kitchen_cabinet_01_door_f2t_mesh 412/1281 | Building BVH
Fra:1 Mem:618.37M (Peak 618.52M) | Time:00:02.35 | Mem:256.68M, Peak:280.09M | Scene, ViewLayer | Updating Geometry BVH common_kitchen_cabinet_01_door_f2c_mesh 413/1281 | Building BVH
Fra:1 Mem:618.37M (Peak 618.52M) | Time:00:02.35 | Mem:256.68M, Peak:280.09M | Scene, ViewLayer | Updating Geometry BVH common_kitchen_cabinet_01_door_p2_mesh 414/1281 | Building BVH
Fra:1 Mem:618.37M (Peak 618.52M) | Time:00:02.35 | Mem:256.77M, Peak:280.09M | Scene, ViewLayer | Updating Geometry BVH lt_fill_mbath 1137/1281 | Building BVH
Fra:1 Mem:618.37M (Peak 618.52M) | Time:00:02.35 | Mem:256.76M, Peak:280.09M | Scene, ViewLayer | Updating Geometry BVH common_kitchen_cabinet_02_door_gapbg_mesh 416/1281 | Building BVH
Fra:1 Mem:618.37M (Peak 618.52M) | Time:00:02.35 | Mem:256.84M, Peak:280.09M | Scene, ViewLayer | Updating Geometry BVH common_kitchen_cabinet_02_door_f0l_mesh 417/1281 | Building BVH
Fra:1 Mem:618.37M (Peak 618.52M) | Time:00:02.35 | Mem:256.84M, Peak:280.09M | Scene, ViewLayer | Updating Geometry BVH common_kitchen_cabinet_02_door_f0r_mesh 418/1281 | Building BVH
Fra:1 Mem:618.37M (Peak 618.52M) | Time:00:02.35 | Mem:256.87M, Peak:280.09M | Scene, ViewLayer | Updating Geometry BVH common_kitchen_cabinet_02_door_f0b_mesh 419/1281 | Building BVH
Fra:1 Mem:618.37M (Peak 618.52M) | Time:00:02.35 | Mem:256.88M, Peak:280.09M | Scene, ViewLayer | Updating Geometry BVH common_kitchen_cabinet_02_door_f0t_mesh 420/1281 | Building BVH
Fra:1 Mem:618.37M (Peak 618.52M) | Time:00:02.35 | Mem:256.88M, Peak:280.09M | Scene, ViewLayer | Updating Geometry BVH common_kitchen_cabinet_02_door_f0c_mesh 421/1281 | Building BVH
Fra:1 Mem:618.37M (Peak 618.52M) | Time:00:02.35 | Mem:256.88M, Peak:280.09M | Scene, ViewLayer | Updating Geometry BVH common_kitchen_cabinet_02_door_p0_mesh 422/1281 | Building BVH
Fra:1 Mem:618.37M (Peak 618.52M) | Time:00:02.35 | Mem:256.91M, Peak:280.09M | Scene, ViewLayer | Updating Geometry BVH common_kitchen_cabinet_02_door_f1l_mesh 423/1281 | Building BVH
Fra:1 Mem:618.37M (Peak 618.52M) | Time:00:02.35 | Mem:256.92M, Peak:280.09M | Scene, ViewLayer | Updating Geometry BVH common_kitchen_cabinet_02_door_f1r_mesh 424/1281 | Building BVH
Fra:1 Mem:618.37M (Peak 618.52M) | Time:00:02.35 | Mem:256.94M, Peak:280.09M | Scene, ViewLayer | Updating Geometry BVH common_kitchen_cabinet_02_door_f1t_mesh 426/1281 | Building BVH
Fra:1 Mem:618.37M (Peak 618.52M) | Time:00:02.35 | Mem:256.94M, Peak:280.09M | Scene, ViewLayer | Updating Geometry BVH common_kitchen_cabinet_02_door_f1c_mesh 427/1281 | Building BVH
Fra:1 Mem:618.37M (Peak 618.52M) | Time:00:02.35 | Mem:256.95M, Peak:280.09M | Scene, ViewLayer | Updating Geometry BVH common_kitchen_cabinet_02_door_p1_mesh 428/1281 | Building BVH
Fra:1 Mem:618.37M (Peak 618.52M) | Time:00:02.35 | Mem:256.98M, Peak:280.09M | Scene, ViewLayer | Updating Geometry BVH common_kitchen_cabinet_02_door_f2l_mesh 429/1281 | Building BVH
Fra:1 Mem:618.37M (Peak 618.52M) | Time:00:02.35 | Mem:257.01M, Peak:280.09M | Scene, ViewLayer | Updating Geometry BVH lt_fill_son 1135/1281 | Building BVH
Fra:1 Mem:618.37M (Peak 618.52M) | Time:00:02.35 | Mem:257.03M, Peak:280.09M | Scene, ViewLayer | Updating Geometry BVH common_kitchen_cabinet_02_door_f2r_mesh 430/1281 | Building BVH
Fra:1 Mem:618.37M (Peak 618.52M) | Time:00:02.35 | Mem:257.03M, Peak:280.09M | Scene, ViewLayer | Updating Geometry BVH common_kitchen_cabinet_02_door_f2b_mesh 431/1281 | Building BVH
Fra:1 Mem:618.37M (Peak 618.52M) | Time:00:02.35 | Mem:257.03M, Peak:280.09M | Scene, ViewLayer | Updating Geometry BVH common_kitchen_cabinet_02_door_f2t_mesh 432/1281 | Building BVH
Fra:1 Mem:618.37M (Peak 618.52M) | Time:00:02.35 | Mem:257.05M, Peak:280.09M | Scene, ViewLayer | Updating Geometry BVH common_kitchen_cabinet_02_door_f2c_mesh 433/1281 | Building BVH
Fra:1 Mem:618.37M (Peak 618.52M) | Time:00:02.35 | Mem:257.05M, Peak:280.09M | Scene, ViewLayer | Updating Geometry BVH common_kitchen_cabinet_02_door_p2_mesh 434/1281 | Building BVH
Fra:1 Mem:618.37M (Peak 618.52M) | Time:00:02.35 | Mem:257.07M, Peak:280.09M | Scene, ViewLayer | Updating Geometry BVH lt_fill_daughter 1134/1281 | Building BVH
Fra:1 Mem:618.37M (Peak 618.52M) | Time:00:02.35 | Mem:257.07M, Peak:280.09M | Scene, ViewLayer | Updating Geometry BVH common_kitchen_glass_sliding_door_01_glass_mesh 435/1281 | Building BVH
Fra:1 Mem:618.37M (Peak 618.52M) | Time:00:02.35 | Mem:257.07M, Peak:280.09M | Scene, ViewLayer | Updating Geometry BVH common_kitchen_glass_sliding_door_01_stL_mesh 436/1281 | Building BVH
Fra:1 Mem:618.37M (Peak 618.52M) | Time:00:02.35 | Mem:257.08M, Peak:280.09M | Scene, ViewLayer | Updating Geometry BVH common_kitchen_glass_sliding_door_01_stR_mesh 437/1281 | Building BVH
Fra:1 Mem:618.37M (Peak 618.52M) | Time:00:02.35 | Mem:257.11M, Peak:280.09M | Scene, ViewLayer | Updating Geometry BVH common_kitchen_glass_sliding_door_01_stT_mesh 438/1281 | Building BVH
Fra:1 Mem:618.37M (Peak 618.52M) | Time:00:02.35 | Mem:257.12M, Peak:280.09M | Scene, ViewLayer | Updating Geometry BVH common_kitchen_glass_sliding_door_01_stB_mesh 439/1281 | Building BVH
Fra:1 Mem:618.37M (Peak 618.52M) | Time:00:02.35 | Mem:257.12M, Peak:280.09M | Scene, ViewLayer | Updating Geometry BVH common_living_dining_balcony_glass_sliding_door_01_glass_mesh 440/1281 | Building BVH
Fra:1 Mem:618.37M (Peak 618.52M) | Time:00:02.35 | Mem:257.13M, Peak:280.09M | Scene, ViewLayer | Updating Geometry BVH lt_strip_dt_mesh 1133/1281 | Building BVH
Fra:1 Mem:618.37M (Peak 618.52M) | Time:00:02.35 | Mem:257.16M, Peak:280.09M | Scene, ViewLayer | Updating Geometry BVH common_living_dining_balcony_glass_sliding_door_01_stL_mesh 441/1281 | Building BVH
Fra:1 Mem:618.37M (Peak 618.52M) | Time:00:02.35 | Mem:257.18M, Peak:280.09M | Scene, ViewLayer | Updating Geometry BVH common_living_dining_balcony_glass_sliding_door_01_stR_mesh 442/1281 | Building BVH
Fra:1 Mem:618.37M (Peak 618.52M) | Time:00:02.36 | Mem:257.18M, Peak:280.09M | Scene, ViewLayer | Updating Geometry BVH common_living_dining_balcony_glass_sliding_door_01_stT_mesh 443/1281 | Building BVH
Fra:1 Mem:618.37M (Peak 618.52M) | Time:00:02.36 | Mem:257.18M, Peak:280.09M | Scene, ViewLayer | Updating Geometry BVH common_living_dining_balcony_glass_sliding_door_01_stB_mesh 444/1281 | Building BVH
Fra:1 Mem:618.37M (Peak 618.52M) | Time:00:02.36 | Mem:257.18M, Peak:280.09M | Scene, ViewLayer | Updating Geometry BVH common_living_dining_balcony_glass_sliding_door_02_glass_mesh 445/1281 | Building BVH
Fra:1 Mem:618.37M (Peak 618.52M) | Time:00:02.36 | Mem:257.18M, Peak:280.09M | Scene, ViewLayer | Updating Geometry BVH common_living_dining_balcony_glass_sliding_door_02_stL_mesh 446/1281 | Building BVH
Fra:1 Mem:618.37M (Peak 618.52M) | Time:00:02.36 | Mem:257.24M, Peak:280.09M | Scene, ViewLayer | Updating Geometry BVH lt_strip_cb_mesh 1132/1281 | Building BVH
Fra:1 Mem:618.37M (Peak 618.52M) | Time:00:02.36 | Mem:257.25M, Peak:280.09M | Scene, ViewLayer | Updating Geometry BVH common_living_dining_balcony_glass_sliding_door_02_stR_mesh 447/1281 | Building BVH
Fra:1 Mem:618.37M (Peak 618.52M) | Time:00:02.36 | Mem:257.25M, Peak:280.09M | Scene, ViewLayer | Updating Geometry BVH common_living_dining_balcony_glass_sliding_door_02_stT_mesh 448/1281 | Building BVH
Fra:1 Mem:618.37M (Peak 618.52M) | Time:00:02.36 | Mem:257.25M, Peak:280.09M | Scene, ViewLayer | Updating Geometry BVH common_living_dining_balcony_glass_sliding_door_02_stB_mesh 449/1281 | Building BVH
Fra:1 Mem:618.37M (Peak 618.52M) | Time:00:02.36 | Mem:257.26M, Peak:280.09M | Scene, ViewLayer | Updating Geometry BVH common_kitchen_glass_sliding_door_02_glass_mesh 450/1281 | Building BVH
Fra:1 Mem:618.37M (Peak 618.52M) | Time:00:02.36 | Mem:257.26M, Peak:280.09M | Scene, ViewLayer | Updating Geometry BVH common_kitchen_glass_sliding_door_02_stT_mesh 453/1281 | Building BVH
Fra:1 Mem:618.37M (Peak 618.52M) | Time:00:02.36 | Mem:257.32M, Peak:280.09M | Scene, ViewLayer | Updating Geometry BVH common_kitchen_glass_sliding_door_02_stB_mesh 454/1281 | Building BVH
Fra:1 Mem:618.37M (Peak 618.52M) | Time:00:02.36 | Mem:257.33M, Peak:280.09M | Scene, ViewLayer | Updating Geometry BVH common_living_dining_balcony_fridge_01_body_mesh 455/1281 | Building BVH
Fra:1 Mem:618.37M (Peak 618.52M) | Time:00:02.36 | Mem:257.33M, Peak:280.09M | Scene, ViewLayer | Updating Geometry BVH common_living_dining_balcony_fridge_01_seamH_mesh 456/1281 | Building BVH
Fra:1 Mem:618.37M (Peak 618.52M) | Time:00:02.36 | Mem:257.33M, Peak:280.09M | Scene, ViewLayer | Updating Geometry BVH common_living_dining_balcony_fridge_01_seamV_mesh 457/1281 | Building BVH
Fra:1 Mem:618.37M (Peak 618.52M) | Time:00:02.36 | Mem:257.35M, Peak:280.09M | Scene, ViewLayer | Updating Geometry BVH common_living_dining_balcony_fridge_01_pullL_mesh 458/1281 | Building BVH
Fra:1 Mem:618.37M (Peak 618.52M) | Time:00:02.36 | Mem:257.35M, Peak:280.09M | Scene, ViewLayer | Updating Geometry BVH common_living_dining_balcony_fridge_01_pullU_mesh 459/1281 | Building BVH
Fra:1 Mem:618.37M (Peak 618.52M) | Time:00:02.36 | Mem:257.38M, Peak:280.09M | Scene, ViewLayer | Updating Geometry BVH common_living_dining_balcony_cabinet_01_body_mesh 460/1281 | Building BVH
Fra:1 Mem:618.37M (Peak 618.52M) | Time:00:02.36 | Mem:257.38M, Peak:280.09M | Scene, ViewLayer | Updating Geometry BVH common_living_dining_balcony_cabinet_01_door_gapbg_mesh 461/1281 | Building BVH
Fra:1 Mem:618.37M (Peak 618.52M) | Time:00:02.36 | Mem:257.38M, Peak:280.09M | Scene, ViewLayer | Updating Geometry BVH common_living_dining_balcony_cabinet_01_door_f0l_mesh 462/1281 | Building BVH
Fra:1 Mem:618.37M (Peak 618.52M) | Time:00:02.36 | Mem:257.40M, Peak:280.09M | Scene, ViewLayer | Updating Geometry BVH common_living_dining_balcony_cabinet_01_door_f0r_mesh 463/1281 | Building BVH
Fra:1 Mem:618.37M (Peak 618.52M) | Time:00:02.36 | Mem:257.42M, Peak:280.09M | Scene, ViewLayer | Updating Geometry BVH common_living_dining_balcony_cabinet_01_door_f0b_mesh 464/1281 | Building BVH
Fra:1 Mem:618.37M (Peak 618.52M) | Time:00:02.36 | Mem:257.44M, Peak:280.09M | Scene, ViewLayer | Updating Geometry BVH lt_strip_mb_mesh 1131/1281 | Building BVH
Fra:1 Mem:618.37M (Peak 618.52M) | Time:00:02.36 | Mem:257.43M, Peak:280.09M | Scene, ViewLayer | Updating Geometry BVH common_living_dining_balcony_cabinet_01_door_f0t_mesh 465/1281 | Building BVH
Fra:1 Mem:618.37M (Peak 618.52M) | Time:00:02.36 | Mem:257.44M, Peak:280.09M | Scene, ViewLayer | Updating Geometry BVH common_living_dining_balcony_cabinet_01_door_f0c_mesh 466/1281 | Building BVH
Fra:1 Mem:618.37M (Peak 618.52M) | Time:00:02.36 | Mem:257.45M, Peak:280.09M | Scene, ViewLayer | Updating Geometry BVH common_living_dining_balcony_cabinet_01_door_p0_mesh 467/1281 | Building BVH
Fra:1 Mem:618.37M (Peak 618.52M) | Time:00:02.36 | Mem:257.46M, Peak:280.09M | Scene, ViewLayer | Updating Geometry BVH common_living_dining_balcony_cabinet_01_door_f1l_mesh 468/1281 | Building BVH
Fra:1 Mem:618.37M (Peak 618.52M) | Time:00:02.36 | Mem:257.48M, Peak:280.09M | Scene, ViewLayer | Updating Geometry BVH common_living_dining_balcony_cabinet_01_door_f1r_mesh 469/1281 | Building BVH
Fra:1 Mem:618.37M (Peak 618.52M) | Time:00:02.36 | Mem:257.50M, Peak:280.09M | Scene, ViewLayer | Updating Geometry BVH common_living_dining_balcony_cabinet_01_door_f1b_mesh 470/1281 | Building BVH
Fra:1 Mem:618.37M (Peak 618.52M) | Time:00:02.36 | Mem:257.52M, Peak:280.09M | Scene, ViewLayer | Updating Geometry BVH common_living_dining_balcony_cabinet_01_door_f1t_mesh 471/1281 | Building BVH
Fra:1 Mem:618.37M (Peak 618.52M) | Time:00:02.36 | Mem:257.52M, Peak:280.09M | Scene, ViewLayer | Updating Geometry BVH common_living_dining_balcony_cabinet_01_door_f1c_mesh 472/1281 | Building BVH
Fra:1 Mem:618.37M (Peak 618.52M) | Time:00:02.36 | Mem:257.53M, Peak:280.09M | Scene, ViewLayer | Updating Geometry BVH common_living_dining_balcony_cabinet_01_door_p1_mesh 473/1281 | Building BVH
Fra:1 Mem:618.37M (Peak 618.52M) | Time:00:02.36 | Mem:257.54M, Peak:280.09M | Scene, ViewLayer | Updating Geometry BVH common_foyer_cabinet_01_body_mesh 474/1281 | Building BVH
Fra:1 Mem:618.37M (Peak 618.52M) | Time:00:02.36 | Mem:257.56M, Peak:280.09M | Scene, ViewLayer | Updating Geometry BVH common_foyer_cabinet_01_door_gapbg_mesh 475/1281 | Building BVH
Fra:1 Mem:618.37M (Peak 618.52M) | Time:00:02.36 | Mem:257.57M, Peak:280.09M | Scene, ViewLayer | Updating Geometry BVH common_foyer_cabinet_01_door_f0l_mesh 476/1281 | Building BVH
Fra:1 Mem:618.37M (Peak 618.52M) | Time:00:02.36 | Mem:257.60M, Peak:280.09M | Scene, ViewLayer | Updating Geometry BVH common_foyer_cabinet_01_door_f0r_mesh 477/1281 | Building BVH
Fra:1 Mem:618.37M (Peak 618.52M) | Time:00:02.36 | Mem:257.61M, Peak:280.09M | Scene, ViewLayer | Updating Geometry BVH common_foyer_cabinet_01_door_f0b_mesh 478/1281 | Building BVH
Fra:1 Mem:618.37M (Peak 618.52M) | Time:00:02.36 | Mem:257.63M, Peak:280.09M | Scene, ViewLayer | Updating Geometry BVH common_foyer_cabinet_01_door_f0t_mesh 479/1281 | Building BVH
Fra:1 Mem:618.37M (Peak 618.52M) | Time:00:02.36 | Mem:257.63M, Peak:280.09M | Scene, ViewLayer | Updating Geometry BVH common_foyer_cabinet_01_door_f0c_mesh 480/1281 | Building BVH
Fra:1 Mem:618.37M (Peak 618.52M) | Time:00:02.36 | Mem:257.63M, Peak:280.09M | Scene, ViewLayer | Updating Geometry BVH lt_strip_bc_mesh 1129/1281 | Building BVH
Fra:1 Mem:618.37M (Peak 618.52M) | Time:00:02.36 | Mem:257.70M, Peak:280.09M | Scene, ViewLayer | Updating Geometry BVH common_foyer_cabinet_01_door_p0_mesh 481/1281 | Building BVH
Fra:1 Mem:618.37M (Peak 618.52M) | Time:00:02.36 | Mem:257.69M, Peak:280.09M | Scene, ViewLayer | Updating Geometry BVH common_foyer_cabinet_01_door_f1l_mesh 482/1281 | Building BVH
Fra:1 Mem:618.37M (Peak 618.52M) | Time:00:02.36 | Mem:257.71M, Peak:280.09M | Scene, ViewLayer | Updating Geometry BVH common_foyer_cabinet_01_door_f1r_mesh 483/1281 | Building BVH
Fra:1 Mem:618.37M (Peak 618.52M) | Time:00:02.36 | Mem:257.72M, Peak:280.09M | Scene, ViewLayer | Updating Geometry BVH common_foyer_cabinet_01_door_f1b_mesh 484/1281 | Building BVH
Fra:1 Mem:618.37M (Peak 618.52M) | Time:00:02.36 | Mem:257.72M, Peak:280.09M | Scene, ViewLayer | Updating Geometry BVH common_foyer_cabinet_01_door_f1t_mesh 485/1281 | Building BVH
Fra:1 Mem:618.37M (Peak 618.52M) | Time:00:02.36 | Mem:257.72M, Peak:280.09M | Scene, ViewLayer | Updating Geometry BVH common_foyer_cabinet_01_door_f1c_mesh 486/1281 | Building BVH
Fra:1 Mem:618.37M (Peak 618.52M) | Time:00:02.36 | Mem:257.76M, Peak:280.09M | Scene, ViewLayer | Updating Geometry BVH lt_strip_fyn_mesh 1128/1281 | Building BVH
Fra:1 Mem:618.37M (Peak 618.52M) | Time:00:02.36 | Mem:257.78M, Peak:280.09M | Scene, ViewLayer | Updating Geometry BVH common_foyer_cabinet_01_door_p1_mesh 487/1281 | Building BVH
Fra:1 Mem:618.37M (Peak 618.52M) | Time:00:02.36 | Mem:257.79M, Peak:280.09M | Scene, ViewLayer | Updating Geometry BVH common_foyer_cabinet_01_door_f2l_mesh 488/1281 | Building BVH
Fra:1 Mem:618.37M (Peak 618.52M) | Time:00:02.36 | Mem:257.79M, Peak:280.09M | Scene, ViewLayer | Updating Geometry BVH common_foyer_cabinet_01_door_f2r_mesh 489/1281 | Building BVH
Fra:1 Mem:618.37M (Peak 618.52M) | Time:00:02.36 | Mem:257.84M, Peak:280.09M | Scene, ViewLayer | Updating Geometry BVH common_foyer_cabinet_01_door_f2b_mesh 490/1281 | Building BVH
Fra:1 Mem:618.37M (Peak 618.52M) | Time:00:02.36 | Mem:257.84M, Peak:280.09M | Scene, ViewLayer | Updating Geometry BVH common_foyer_cabinet_01_door_f2t_mesh 491/1281 | Building BVH
Fra:1 Mem:618.37M (Peak 618.52M) | Time:00:02.36 | Mem:257.84M, Peak:280.09M | Scene, ViewLayer | Updating Geometry BVH common_foyer_open_niche_01_cheek1_mesh 496/1281 | Building BVH
Fra:1 Mem:618.37M (Peak 618.52M) | Time:00:02.36 | Mem:257.84M, Peak:280.09M | Scene, ViewLayer | Updating Geometry BVH common_foyer_open_niche_01_cheek0_mesh 495/1281 | Building BVH
Fra:1 Mem:618.37M (Peak 618.52M) | Time:00:02.36 | Mem:257.84M, Peak:280.09M | Scene, ViewLayer | Updating Geometry BVH common_foyer_open_niche_01_top_mesh 497/1281 | Building BVH
Fra:1 Mem:618.37M (Peak 618.52M) | Time:00:02.36 | Mem:257.84M, Peak:280.09M | Scene, ViewLayer | Updating Geometry BVH common_foyer_open_niche_01_bottom_mesh 498/1281 | Building BVH
Fra:1 Mem:618.37M (Peak 618.52M) | Time:00:02.36 | Mem:257.84M, Peak:280.09M | Scene, ViewLayer | Updating Geometry BVH lt_strip_fyb_mesh 1127/1281 | Building BVH
Fra:1 Mem:618.37M (Peak 618.52M) | Time:00:02.36 | Mem:257.85M, Peak:280.09M | Scene, ViewLayer | Updating Geometry BVH common_foyer_cabinet_02_body_mesh 500/1281 | Building BVH
Fra:1 Mem:618.37M (Peak 618.52M) | Time:00:02.36 | Mem:257.85M, Peak:280.09M | Scene, ViewLayer | Updating Geometry BVH common_foyer_cabinet_02_door_gapbg_mesh 501/1281 | Building BVH
Fra:1 Mem:618.37M (Peak 618.52M) | Time:00:02.36 | Mem:257.89M, Peak:280.09M | Scene, ViewLayer | Updating Geometry BVH common_foyer_cabinet_02_door_f0l_mesh 502/1281 | Building BVH
Fra:1 Mem:618.37M (Peak 618.52M) | Time:00:02.36 | Mem:257.89M, Peak:280.09M | Scene, ViewLayer | Updating Geometry BVH common_foyer_cabinet_02_door_f0r_mesh 503/1281 | Building BVH
Fra:1 Mem:618.37M (Peak 618.52M) | Time:00:02.36 | Mem:257.90M, Peak:280.09M | Scene, ViewLayer | Updating Geometry BVH common_foyer_cabinet_02_door_f0b_mesh 504/1281 | Building BVH
Fra:1 Mem:618.37M (Peak 618.52M) | Time:00:02.36 | Mem:258.01M, Peak:280.09M | Scene, ViewLayer | Updating Geometry BVH common_foyer_cabinet_02_door_f0t_mesh 505/1281 | Building BVH
Fra:1 Mem:618.37M (Peak 618.52M) | Time:00:02.36 | Mem:258.03M, Peak:280.09M | Scene, ViewLayer | Updating Geometry BVH common_foyer_cabinet_02_door_f0c_mesh 506/1281 | Building BVH
Fra:1 Mem:618.37M (Peak 618.52M) | Time:00:02.36 | Mem:258.03M, Peak:280.09M | Scene, ViewLayer | Updating Geometry BVH common_foyer_cabinet_02_door_p0_mesh 507/1281 | Building BVH
Fra:1 Mem:618.37M (Peak 618.52M) | Time:00:02.36 | Mem:258.03M, Peak:280.09M | Scene, ViewLayer | Updating Geometry BVH common_foyer_cabinet_02_door_f1l_mesh 508/1281 | Building BVH
Fra:1 Mem:618.37M (Peak 618.52M) | Time:00:02.36 | Mem:258.03M, Peak:280.09M | Scene, ViewLayer | Updating Geometry BVH lt_strip_kc2_mesh 1126/1281 | Building BVH
Fra:1 Mem:618.37M (Peak 618.52M) | Time:00:02.36 | Mem:258.06M, Peak:280.09M | Scene, ViewLayer | Updating Geometry BVH common_foyer_cabinet_02_door_f1r_mesh 509/1281 | Building BVH
Fra:1 Mem:618.37M (Peak 618.52M) | Time:00:02.36 | Mem:258.07M, Peak:280.09M | Scene, ViewLayer | Updating Geometry BVH common_foyer_cabinet_02_door_f1b_mesh 510/1281 | Building BVH
Fra:1 Mem:618.37M (Peak 618.52M) | Time:00:02.36 | Mem:258.08M, Peak:280.09M | Scene, ViewLayer | Updating Geometry BVH common_foyer_cabinet_02_door_f1t_mesh 511/1281 | Building BVH
Fra:1 Mem:618.37M (Peak 618.52M) | Time:00:02.36 | Mem:258.08M, Peak:280.09M | Scene, ViewLayer | Updating Geometry BVH common_foyer_cabinet_02_door_f1c_mesh 512/1281 | Building BVH
Fra:1 Mem:618.37M (Peak 618.52M) | Time:00:02.36 | Mem:258.10M, Peak:280.09M | Scene, ViewLayer | Updating Geometry BVH common_foyer_cabinet_02_door_p1_mesh 513/1281 | Building BVH
Fra:1 Mem:618.37M (Peak 618.52M) | Time:00:02.36 | Mem:258.14M, Peak:280.09M | Scene, ViewLayer | Updating Geometry BVH common_foyer_cabinet_02_door_f2l_mesh 514/1281 | Building BVH
Fra:1 Mem:618.37M (Peak 618.52M) | Time:00:02.36 | Mem:258.16M, Peak:280.09M | Scene, ViewLayer | Updating Geometry BVH common_foyer_cabinet_02_door_f2r_mesh 515/1281 | Building BVH
Fra:1 Mem:618.37M (Peak 618.52M) | Time:00:02.36 | Mem:258.16M, Peak:280.09M | Scene, ViewLayer | Updating Geometry BVH common_foyer_cabinet_02_door_f2b_mesh 516/1281 | Building BVH
Fra:1 Mem:618.37M (Peak 618.52M) | Time:00:02.36 | Mem:258.16M, Peak:280.09M | Scene, ViewLayer | Updating Geometry BVH common_foyer_cabinet_02_door_f2t_mesh 517/1281 | Building BVH
Fra:1 Mem:618.37M (Peak 618.52M) | Time:00:02.36 | Mem:258.17M, Peak:280.09M | Scene, ViewLayer | Updating Geometry BVH common_foyer_cabinet_02_door_p2_mesh 519/1281 | Building BVH
Fra:1 Mem:618.37M (Peak 618.52M) | Time:00:02.36 | Mem:258.17M, Peak:280.09M | Scene, ViewLayer | Updating Geometry BVH common_foyer_mirror_door_01_fr1_mesh 522/1281 | Building BVH
Fra:1 Mem:618.37M (Peak 618.52M) | Time:00:02.36 | Mem:258.18M, Peak:280.09M | Scene, ViewLayer | Updating Geometry BVH common_foyer_mirror_door_01_fr2_mesh 523/1281 | Building BVH
Fra:1 Mem:618.37M (Peak 618.52M) | Time:00:02.36 | Mem:258.18M, Peak:280.09M | Scene, ViewLayer | Updating Geometry BVH lt_strip_kc1_mesh 1125/1281 | Building BVH
Fra:1 Mem:618.37M (Peak 618.52M) | Time:00:02.37 | Mem:258.19M, Peak:280.09M | Scene, ViewLayer | Updating Geometry BVH common_foyer_mirror_door_01_fr3_mesh 524/1281 | Building BVH
Fra:1 Mem:618.37M (Peak 618.52M) | Time:00:02.37 | Mem:258.23M, Peak:280.09M | Scene, ViewLayer | Updating Geometry BVH common_foyer_mirror_door_01_pull_mesh 525/1281 | Building BVH
Fra:1 Mem:618.37M (Peak 618.52M) | Time:00:02.37 | Mem:258.26M, Peak:280.09M | Scene, ViewLayer | Updating Geometry BVH common_elevator_hall_cabinet_01_body_mesh 526/1281 | Building BVH
Fra:1 Mem:618.37M (Peak 618.52M) | Time:00:02.37 | Mem:258.26M, Peak:280.09M | Scene, ViewLayer | Updating Geometry BVH common_elevator_hall_cabinet_01_door_f0l_mesh 528/1281 | Building BVH
Fra:1 Mem:618.37M (Peak 618.52M) | Time:00:02.37 | Mem:258.28M, Peak:280.09M | Scene, ViewLayer | Updating Geometry BVH common_elevator_hall_cabinet_01_door_f0r_mesh 529/1281 | Building BVH
Fra:1 Mem:618.37M (Peak 618.52M) | Time:00:02.37 | Mem:258.32M, Peak:280.09M | Scene, ViewLayer | Updating Geometry BVH common_elevator_hall_cabinet_01_door_f0b_mesh 530/1281 | Building BVH
Fra:1 Mem:618.37M (Peak 618.52M) | Time:00:02.37 | Mem:258.35M, Peak:280.09M | Scene, ViewLayer | Updating Geometry BVH common_elevator_hall_cabinet_01_door_f0t_mesh 531/1281 | Building BVH
Fra:1 Mem:618.37M (Peak 618.52M) | Time:00:02.37 | Mem:258.38M, Peak:280.09M | Scene, ViewLayer | Updating Geometry BVH common_elevator_hall_cabinet_01_door_f0c_mesh 532/1281 | Building BVH
Fra:1 Mem:618.37M (Peak 618.52M) | Time:00:02.37 | Mem:258.38M, Peak:280.09M | Scene, ViewLayer | Updating Geometry BVH common_elevator_hall_cabinet_01_door_p0_mesh 533/1281 | Building BVH
Fra:1 Mem:618.37M (Peak 618.52M) | Time:00:02.37 | Mem:258.38M, Peak:280.09M | Scene, ViewLayer | Updating Geometry BVH common_living_dining_balcony_bookcase_01_body_mesh 534/1281 | Building BVH
Fra:1 Mem:618.37M (Peak 618.52M) | Time:00:02.37 | Mem:258.38M, Peak:280.09M | Scene, ViewLayer | Updating Geometry BVH common_living_dining_balcony_bookcase_01_drw_gapbg_mesh 535/1281 | Building BVH
Fra:1 Mem:618.37M (Peak 618.52M) | Time:00:02.37 | Mem:258.38M, Peak:280.09M | Scene, ViewLayer | Updating Geometry BVH common_living_dining_balcony_bookcase_01_drw_f0_mesh 536/1281 | Building BVH
Fra:1 Mem:618.37M (Peak 618.52M) | Time:00:02.37 | Mem:258.38M, Peak:280.09M | Scene, ViewLayer | Updating Geometry BVH common_living_dining_balcony_bookcase_01_drw_slot0_mesh 537/1281 | Building BVH
Fra:1 Mem:618.37M (Peak 618.52M) | Time:00:02.37 | Mem:258.38M, Peak:280.09M | Scene, ViewLayer | Updating Geometry BVH common_living_dining_balcony_bookcase_01_drw_f1_mesh 538/1281 | Building BVH
Fra:1 Mem:618.37M (Peak 618.52M) | Time:00:02.37 | Mem:258.47M, Peak:280.09M | Scene, ViewLayer | Updating Geometry BVH lt_strip_E_mesh 1124/1281 | Building BVH
Fra:1 Mem:618.37M (Peak 618.52M) | Time:00:02.37 | Mem:258.46M, Peak:280.09M | Scene, ViewLayer | Updating Geometry BVH common_living_dining_balcony_bookcase_01_drw_slot1_mesh 539/1281 | Building BVH
Fra:1 Mem:618.37M (Peak 618.52M) | Time:00:02.37 | Mem:258.46M, Peak:280.09M | Scene, ViewLayer | Updating Geometry BVH common_living_dining_balcony_bookcase_01_drw_f2_mesh 540/1281 | Building BVH
Fra:1 Mem:618.37M (Peak 618.52M) | Time:00:02.37 | Mem:258.46M, Peak:280.09M | Scene, ViewLayer | Updating Geometry BVH common_living_dining_balcony_bookcase_01_drw_slot2_mesh 541/1281 | Building BVH
Fra:1 Mem:618.37M (Peak 618.52M) | Time:00:02.37 | Mem:258.46M, Peak:280.09M | Scene, ViewLayer | Updating Geometry BVH common_living_dining_balcony_bookcase_02_back_mesh 542/1281 | Building BVH
Fra:1 Mem:618.37M (Peak 618.52M) | Time:00:02.37 | Mem:258.46M, Peak:280.09M | Scene, ViewLayer | Updating Geometry BVH common_living_dining_balcony_bookcase_02_top_mesh 543/1281 | Building BVH
Fra:1 Mem:618.37M (Peak 618.52M) | Time:00:02.37 | Mem:258.49M, Peak:280.09M | Scene, ViewLayer | Updating Geometry BVH common_living_dining_balcony_bookcase_02_bot_mesh 544/1281 | Building BVH
Fra:1 Mem:618.37M (Peak 618.52M) | Time:00:02.37 | Mem:258.53M, Peak:280.09M | Scene, ViewLayer | Updating Geometry BVH common_living_dining_balcony_bookcase_02_endS_mesh 545/1281 | Building BVH
Fra:1 Mem:618.37M (Peak 618.52M) | Time:00:02.37 | Mem:258.53M, Peak:280.09M | Scene, ViewLayer | Updating Geometry BVH common_living_dining_balcony_bookcase_02_div1_mesh 547/1281 | Building BVH
Fra:1 Mem:618.37M (Peak 618.52M) | Time:00:02.37 | Mem:258.53M, Peak:280.09M | Scene, ViewLayer | Updating Geometry BVH common_living_dining_balcony_bookcase_02_div2_mesh 548/1281 | Building BVH
Fra:1 Mem:618.37M (Peak 618.52M) | Time:00:02.37 | Mem:258.53M, Peak:280.09M | Scene, ViewLayer | Updating Geometry BVH common_living_dining_balcony_bookcase_02_door_gapbg_mesh 549/1281 | Building BVH
Fra:1 Mem:618.37M (Peak 618.52M) | Time:00:02.37 | Mem:258.57M, Peak:280.09M | Scene, ViewLayer | Updating Geometry BVH common_living_dining_balcony_bookcase_02_door_f0_mesh 550/1281 | Building BVH
Fra:1 Mem:618.37M (Peak 618.52M) | Time:00:02.37 | Mem:258.57M, Peak:280.09M | Scene, ViewLayer | Updating Geometry BVH common_living_dining_balcony_bookcase_02_door_p0_mesh 551/1281 | Building BVH
Fra:1 Mem:618.37M (Peak 618.52M) | Time:00:02.37 | Mem:258.57M, Peak:280.09M | Scene, ViewLayer | Updating Geometry BVH common_living_dining_balcony_bookcase_02_shelf0_mesh 552/1281 | Building BVH
Fra:1 Mem:618.37M (Peak 618.52M) | Time:00:02.37 | Mem:258.57M, Peak:280.09M | Scene, ViewLayer | Updating Geometry BVH common_living_dining_balcony_bookcase_02_shelf1_mesh 553/1281 | Building BVH
Fra:1 Mem:618.37M (Peak 618.52M) | Time:00:02.37 | Mem:258.57M, Peak:280.09M | Scene, ViewLayer | Updating Geometry BVH common_living_dining_balcony_bookcase_02_shelf2_mesh 554/1281 | Building BVH
Fra:1 Mem:618.37M (Peak 618.52M) | Time:00:02.37 | Mem:258.60M, Peak:280.09M | Scene, ViewLayer | Updating Geometry BVH common_living_dining_balcony_bookcase_02_shelf3_mesh 555/1281 | Building BVH
Fra:1 Mem:618.37M (Peak 618.52M) | Time:00:02.37 | Mem:258.61M, Peak:280.09M | Scene, ViewLayer | Updating Geometry BVH lt_strip_W_mesh 1123/1281 | Building BVH
Fra:1 Mem:618.37M (Peak 618.52M) | Time:00:02.37 | Mem:258.61M, Peak:280.09M | Scene, ViewLayer | Updating Geometry BVH common_living_dining_balcony_bookcase_02_gshelf0_mesh 556/1281 | Building BVH
Fra:1 Mem:618.37M (Peak 618.52M) | Time:00:02.37 | Mem:258.61M, Peak:280.09M | Scene, ViewLayer | Updating Geometry BVH common_living_dining_balcony_bookcase_02_gshelf1_mesh 557/1281 | Building BVH
Fra:1 Mem:618.37M (Peak 618.52M) | Time:00:02.37 | Mem:258.63M, Peak:280.09M | Scene, ViewLayer | Updating Geometry BVH common_living_dining_balcony_bookcase_02_gf_stS_mesh 558/1281 | Building BVH
Fra:1 Mem:618.37M (Peak 618.52M) | Time:00:02.37 | Mem:258.63M, Peak:280.09M | Scene, ViewLayer | Updating Geometry BVH common_living_dining_balcony_bookcase_02_gf_stN_mesh 559/1281 | Building BVH
Fra:1 Mem:618.37M (Peak 618.52M) | Time:00:02.37 | Mem:258.67M, Peak:280.09M | Scene, ViewLayer | Updating Geometry BVH common_living_dining_balcony_bookcase_02_gf_rlT_mesh 561/1281 | Building BVH
Fra:1 Mem:618.37M (Peak 618.52M) | Time:00:02.37 | Mem:258.68M, Peak:280.09M | Scene, ViewLayer | Updating Geometry BVH common_living_dining_balcony_bookcase_02_gf_rlB_mesh 560/1281 | Building BVH
Fra:1 Mem:618.37M (Peak 618.52M) | Time:00:02.37 | Mem:258.69M, Peak:280.09M | Scene, ViewLayer | Updating Geometry BVH lt_strip_N_mesh 1122/1281 | Building BVH
Fra:1 Mem:618.37M (Peak 618.52M) | Time:00:02.37 | Mem:258.70M, Peak:280.09M | Scene, ViewLayer | Updating Geometry BVH common_living_dining_balcony_bookcase_02_gpane_mesh 562/1281 | Building BVH
Fra:1 Mem:618.37M (Peak 618.52M) | Time:00:02.37 | Mem:258.71M, Peak:280.09M | Scene, ViewLayer | Updating Geometry BVH common_living_dining_balcony_bookcase_02_gknob_mesh 563/1281 | Building BVH
Fra:1 Mem:618.37M (Peak 618.52M) | Time:00:02.37 | Mem:258.71M, Peak:280.09M | Scene, ViewLayer | Updating Geometry BVH common_living_dining_balcony_laundry_cabinet_01_body_mesh 564/1281 | Building BVH
Fra:1 Mem:618.37M (Peak 618.52M) | Time:00:02.37 | Mem:258.73M, Peak:280.09M | Scene, ViewLayer | Updating Geometry BVH common_living_dining_balcony_laundry_cabinet_01_door_f0l_mesh 566/1281 | Building BVH
Fra:1 Mem:618.37M (Peak 618.52M) | Time:00:02.37 | Mem:258.73M, Peak:280.09M | Scene, ViewLayer | Updating Geometry BVH common_living_dining_balcony_laundry_cabinet_01_door_f0r_mesh 567/1281 | Building BVH
Fra:1 Mem:618.37M (Peak 618.52M) | Time:00:02.37 | Mem:258.73M, Peak:280.09M | Scene, ViewLayer | Updating Geometry BVH common_living_dining_balcony_laundry_cabinet_01_door_f0b_mesh 568/1281 | Building BVH
Fra:1 Mem:618.37M (Peak 618.52M) | Time:00:02.37 | Mem:258.75M, Peak:280.09M | Scene, ViewLayer | Updating Geometry BVH common_living_dining_balcony_laundry_cabinet_01_door_f0t_mesh 569/1281 | Building BVH
Fra:1 Mem:618.37M (Peak 618.52M) | Time:00:02.37 | Mem:258.83M, Peak:280.09M | Scene, ViewLayer | Updating Geometry BVH lt_strip_S_mesh 1121/1281 | Building BVH
Fra:1 Mem:618.37M (Peak 618.52M) | Time:00:02.37 | Mem:258.85M, Peak:280.09M | Scene, ViewLayer | Updating Geometry BVH common_living_dining_balcony_laundry_cabinet_01_door_f0c_mesh 570/1281 | Building BVH
Fra:1 Mem:618.37M (Peak 618.52M) | Time:00:02.37 | Mem:258.85M, Peak:280.09M | Scene, ViewLayer | Updating Geometry BVH common_living_dining_balcony_laundry_cabinet_01_door_p0_mesh 571/1281 | Building BVH
Fra:1 Mem:618.37M (Peak 618.52M) | Time:00:02.37 | Mem:258.85M, Peak:280.09M | Scene, ViewLayer | Updating Geometry BVH common_living_dining_balcony_laundry_cabinet_01_door_f1l_mesh 572/1281 | Building BVH
Fra:1 Mem:618.37M (Peak 618.52M) | Time:00:02.37 | Mem:258.87M, Peak:280.09M | Scene, ViewLayer | Updating Geometry BVH common_living_dining_balcony_laundry_cabinet_01_door_f1r_mesh 573/1281 | Building BVH
Fra:1 Mem:618.37M (Peak 618.52M) | Time:00:02.37 | Mem:258.86M, Peak:280.09M | Scene, ViewLayer | Updating Geometry BVH common_living_dining_balcony_laundry_cabinet_01_door_f1b_mesh 574/1281 | Building BVH
Fra:1 Mem:618.37M (Peak 618.52M) | Time:00:02.37 | Mem:258.89M, Peak:280.09M | Scene, ViewLayer | Updating Geometry BVH common_living_dining_balcony_laundry_cabinet_01_door_f1t_mesh 575/1281 | Building BVH
Fra:1 Mem:618.37M (Peak 618.52M) | Time:00:02.37 | Mem:258.89M, Peak:280.09M | Scene, ViewLayer | Updating Geometry BVH common_living_dining_balcony_laundry_cabinet_01_door_p1_mesh 577/1281 | Building BVH
Fra:1 Mem:618.37M (Peak 618.52M) | Time:00:02.37 | Mem:258.90M, Peak:280.09M | Scene, ViewLayer | Updating Geometry BVH lt_wall2 1120/1281 | Building BVH
Fra:1 Mem:618.37M (Peak 618.52M) | Time:00:02.37 | Mem:258.97M, Peak:280.09M | Scene, ViewLayer | Updating Geometry BVH common_master_bedroom_wardrobe_01_body_mesh 578/1281 | Building BVH
Fra:1 Mem:618.37M (Peak 618.52M) | Time:00:02.37 | Mem:258.98M, Peak:280.09M | Scene, ViewLayer | Updating Geometry BVH common_master_bedroom_wardrobe_01_door_gapbg_mesh 579/1281 | Building BVH
Fra:1 Mem:618.37M (Peak 618.52M) | Time:00:02.37 | Mem:258.99M, Peak:280.09M | Scene, ViewLayer | Updating Geometry BVH common_master_bedroom_wardrobe_01_door_f0l_mesh 580/1281 | Building BVH
Fra:1 Mem:618.37M (Peak 618.52M) | Time:00:02.37 | Mem:258.99M, Peak:280.09M | Scene, ViewLayer | Updating Geometry BVH lt_wall1 1119/1281 | Building BVH
Fra:1 Mem:618.37M (Peak 618.52M) | Time:00:02.37 | Mem:258.99M, Peak:280.09M | Scene, ViewLayer | Updating Geometry BVH common_master_bedroom_wardrobe_01_door_f0b_mesh 582/1281 | Building BVH
Fra:1 Mem:618.37M (Peak 618.52M) | Time:00:02.37 | Mem:258.99M, Peak:280.09M | Scene, ViewLayer | Updating Geometry BVH common_master_bedroom_wardrobe_01_door_f0t_mesh 583/1281 | Building BVH
Fra:1 Mem:618.37M (Peak 618.52M) | Time:00:02.37 | Mem:258.99M, Peak:280.09M | Scene, ViewLayer | Updating Geometry BVH common_master_bedroom_wardrobe_01_door_f0c_mesh 584/1281 | Building BVH
Fra:1 Mem:618.37M (Peak 618.52M) | Time:00:02.37 | Mem:258.99M, Peak:280.09M | Scene, ViewLayer | Updating Geometry BVH common_master_bedroom_wardrobe_01_door_f1l_mesh 586/1281 | Building BVH
Fra:1 Mem:618.38M (Peak 618.52M) | Time:00:02.37 | Mem:258.99M, Peak:280.09M | Scene, ViewLayer | Updating Geometry BVH common_master_bedroom_wardrobe_01_door_p0_mesh 585/1281 | Building BVH
Fra:1 Mem:618.38M (Peak 618.52M) | Time:00:02.37 | Mem:259.00M, Peak:280.09M | Scene, ViewLayer | Updating Geometry BVH common_master_bedroom_wardrobe_01_door_f1r_mesh 587/1281 | Building BVH
Fra:1 Mem:618.38M (Peak 618.52M) | Time:00:02.37 | Mem:259.01M, Peak:280.09M | Scene, ViewLayer | Updating Geometry BVH common_master_bedroom_wardrobe_01_door_f1b_mesh 588/1281 | Building BVH
Fra:1 Mem:618.38M (Peak 618.52M) | Time:00:02.37 | Mem:259.01M, Peak:280.09M | Scene, ViewLayer | Updating Geometry BVH common_master_bedroom_wardrobe_01_door_f1t_mesh 589/1281 | Building BVH
Fra:1 Mem:618.38M (Peak 618.52M) | Time:00:02.37 | Mem:259.03M, Peak:280.09M | Scene, ViewLayer | Updating Geometry BVH common_master_bedroom_wardrobe_01_door_f1c_mesh 590/1281 | Building BVH
Fra:1 Mem:618.38M (Peak 618.52M) | Time:00:02.37 | Mem:259.07M, Peak:280.09M | Scene, ViewLayer | Updating Geometry BVH lt_wall0 1118/1281 | Building BVH
Fra:1 Mem:618.38M (Peak 618.52M) | Time:00:02.37 | Mem:259.18M, Peak:280.09M | Scene, ViewLayer | Updating Geometry BVH lt_ceiling_son 1117/1281 | Building BVH
Fra:1 Mem:618.38M (Peak 618.52M) | Time:00:02.37 | Mem:259.17M, Peak:280.09M | Scene, ViewLayer | Updating Geometry BVH common_master_bedroom_wardrobe_01_door_p1_mesh 591/1281 | Building BVH
Fra:1 Mem:618.38M (Peak 618.52M) | Time:00:02.37 | Mem:259.17M, Peak:280.09M | Scene, ViewLayer | Updating Geometry BVH common_master_bedroom_wardrobe_01_door_f2b_mesh 594/1281 | Building BVH
Fra:1 Mem:618.38M (Peak 618.52M) | Time:00:02.37 | Mem:259.18M, Peak:280.09M | Scene, ViewLayer | Updating Geometry BVH common_master_bedroom_wardrobe_01_door_f2t_mesh 595/1281 | Building BVH
Fra:1 Mem:618.38M (Peak 618.52M) | Time:00:02.37 | Mem:259.18M, Peak:280.09M | Scene, ViewLayer | Updating Geometry BVH common_master_bedroom_wardrobe_01_door_f2c_mesh 596/1281 | Building BVH
Fra:1 Mem:618.38M (Peak 618.52M) | Time:00:02.37 | Mem:259.26M, Peak:280.09M | Scene, ViewLayer | Updating Geometry BVH common_master_bedroom_wardrobe_01_door_p2_mesh 597/1281 | Building BVH
Fra:1 Mem:618.38M (Peak 618.52M) | Time:00:02.37 | Mem:259.27M, Peak:280.09M | Scene, ViewLayer | Updating Geometry BVH common_master_bedroom_wardrobe_01_door_f3l_mesh 598/1281 | Building BVH
Fra:1 Mem:618.38M (Peak 618.52M) | Time:00:02.37 | Mem:259.29M, Peak:280.09M | Scene, ViewLayer | Updating Geometry BVH common_master_bedroom_wardrobe_01_door_f3r_mesh 599/1281 | Building BVH
Fra:1 Mem:618.38M (Peak 618.52M) | Time:00:02.37 | Mem:259.30M, Peak:280.09M | Scene, ViewLayer | Updating Geometry BVH common_master_bedroom_wardrobe_01_door_f3b_mesh 600/1281 | Building BVH
Fra:1 Mem:618.38M (Peak 618.52M) | Time:00:02.37 | Mem:259.30M, Peak:280.09M | Scene, ViewLayer | Updating Geometry BVH common_master_bedroom_wardrobe_01_door_f3t_mesh 601/1281 | Building BVH
Fra:1 Mem:618.38M (Peak 618.52M) | Time:00:02.37 | Mem:259.30M, Peak:280.09M | Scene, ViewLayer | Updating Geometry BVH common_master_bedroom_wardrobe_01_door_f3c_mesh 602/1281 | Building BVH
Fra:1 Mem:618.38M (Peak 618.52M) | Time:00:02.37 | Mem:259.34M, Peak:280.09M | Scene, ViewLayer | Updating Geometry BVH common_master_bedroom_wardrobe_01_door_p3_mesh 603/1281 | Building BVH
Fra:1 Mem:618.38M (Peak 618.52M) | Time:00:02.37 | Mem:259.36M, Peak:280.09M | Scene, ViewLayer | Updating Geometry BVH lt_ceiling_daughter 1116/1281 | Building BVH
Fra:1 Mem:618.38M (Peak 618.52M) | Time:00:02.38 | Mem:259.36M, Peak:280.09M | Scene, ViewLayer | Updating Geometry BVH common_master_bedroom_wardrobe_01_door_f4l_mesh 604/1281 | Building BVH
Fra:1 Mem:618.38M (Peak 618.52M) | Time:00:02.38 | Mem:259.37M, Peak:280.09M | Scene, ViewLayer | Updating Geometry BVH common_master_bedroom_wardrobe_01_door_f4r_mesh 605/1281 | Building BVH
Fra:1 Mem:618.38M (Peak 618.52M) | Time:00:02.38 | Mem:259.38M, Peak:280.09M | Scene, ViewLayer | Updating Geometry BVH common_master_bedroom_wardrobe_01_door_f4b_mesh 606/1281 | Building BVH
Fra:1 Mem:618.38M (Peak 618.52M) | Time:00:02.38 | Mem:259.38M, Peak:280.09M | Scene, ViewLayer | Updating Geometry BVH common_master_bedroom_wardrobe_01_door_f4t_mesh 607/1281 | Building BVH
Fra:1 Mem:618.38M (Peak 618.52M) | Time:00:02.38 | Mem:259.39M, Peak:280.09M | Scene, ViewLayer | Updating Geometry BVH common_master_bedroom_wardrobe_01_door_f4c_mesh 608/1281 | Building BVH
Fra:1 Mem:618.38M (Peak 618.52M) | Time:00:02.38 | Mem:259.38M, Peak:280.09M | Scene, ViewLayer | Updating Geometry BVH common_master_bedroom_wardrobe_01_door_p4_mesh 609/1281 | Building BVH
Fra:1 Mem:618.38M (Peak 618.52M) | Time:00:02.38 | Mem:259.38M, Peak:280.09M | Scene, ViewLayer | Updating Geometry BVH lt_ceiling_parents 1115/1281 | Building BVH
Fra:1 Mem:618.38M (Peak 618.52M) | Time:00:02.38 | Mem:259.39M, Peak:280.09M | Scene, ViewLayer | Updating Geometry BVH common_master_bedroom_wardrobe_01_door_f5l_mesh 610/1281 | Building BVH
Fra:1 Mem:618.38M (Peak 618.52M) | Time:00:02.38 | Mem:259.48M, Peak:280.09M | Scene, ViewLayer | Updating Geometry BVH common_master_bedroom_wardrobe_01_door_f5r_mesh 611/1281 | Building BVH
Fra:1 Mem:618.38M (Peak 618.52M) | Time:00:02.38 | Mem:259.48M, Peak:280.09M | Scene, ViewLayer | Updating Geometry BVH common_master_bedroom_wardrobe_01_door_f5b_mesh 612/1281 | Building BVH
Fra:1 Mem:618.38M (Peak 618.52M) | Time:00:02.38 | Mem:259.48M, Peak:280.09M | Scene, ViewLayer | Updating Geometry BVH common_master_bedroom_wardrobe_01_door_f5t_mesh 613/1281 | Building BVH
Fra:1 Mem:618.38M (Peak 618.52M) | Time:00:02.38 | Mem:259.51M, Peak:280.09M | Scene, ViewLayer | Updating Geometry BVH common_master_bedroom_wardrobe_01_door_f5c_mesh 614/1281 | Building BVH
Fra:1 Mem:618.38M (Peak 618.52M) | Time:00:02.38 | Mem:259.51M, Peak:280.09M | Scene, ViewLayer | Updating Geometry BVH common_master_bedroom_wardrobe_01_door_p5_mesh 615/1281 | Building BVH
Fra:1 Mem:618.38M (Peak 618.52M) | Time:00:02.38 | Mem:259.51M, Peak:280.09M | Scene, ViewLayer | Updating Geometry BVH common_master_bedroom_wardrobe_01_door_f6l_mesh 616/1281 | Building BVH
Fra:1 Mem:618.38M (Peak 618.52M) | Time:00:02.38 | Mem:259.51M, Peak:280.09M | Scene, ViewLayer | Updating Geometry BVH common_master_bedroom_wardrobe_01_door_f6r_mesh 617/1281 | Building BVH
Fra:1 Mem:618.38M (Peak 618.52M) | Time:00:02.38 | Mem:259.53M, Peak:280.09M | Scene, ViewLayer | Updating Geometry BVH common_master_bedroom_wardrobe_01_door_f6b_mesh 618/1281 | Building BVH
Fra:1 Mem:618.38M (Peak 618.52M) | Time:00:02.38 | Mem:259.56M, Peak:280.09M | Scene, ViewLayer | Updating Geometry BVH common_master_bedroom_wardrobe_01_door_f6c_mesh 620/1281 | Building BVH
Fra:1 Mem:618.38M (Peak 618.52M) | Time:00:02.38 | Mem:259.57M, Peak:280.09M | Scene, ViewLayer | Updating Geometry BVH lt_ceiling_master 1114/1281 | Building BVH
Fra:1 Mem:618.38M (Peak 618.52M) | Time:00:02.38 | Mem:259.57M, Peak:280.09M | Scene, ViewLayer | Updating Geometry BVH common_master_bedroom_wardrobe_01_door_p6_mesh 621/1281 | Building BVH
Fra:1 Mem:618.38M (Peak 618.52M) | Time:00:02.38 | Mem:259.60M, Peak:280.09M | Scene, ViewLayer | Updating Geometry BVH common_master_bedroom_open_niche_01_back_mesh 622/1281 | Building BVH
Fra:1 Mem:618.38M (Peak 618.52M) | Time:00:02.38 | Mem:259.60M, Peak:280.09M | Scene, ViewLayer | Updating Geometry BVH common_master_bedroom_open_niche_01_cheek0_mesh 623/1281 | Building BVH
Fra:1 Mem:618.38M (Peak 618.52M) | Time:00:02.38 | Mem:259.60M, Peak:280.09M | Scene, ViewLayer | Updating Geometry BVH common_master_bedroom_open_niche_01_top_mesh 625/1281 | Building BVH
Fra:1 Mem:618.38M (Peak 618.52M) | Time:00:02.38 | Mem:259.60M, Peak:280.09M | Scene, ViewLayer | Updating Geometry BVH common_master_bedroom_open_niche_01_sh0_mesh 627/1281 | Building BVH
Fra:1 Mem:618.38M (Peak 618.52M) | Time:00:02.38 | Mem:259.64M, Peak:280.09M | Scene, ViewLayer | Updating Geometry BVH lt_spot_room13 1113/1281 | Building BVH
Fra:1 Mem:618.38M (Peak 618.52M) | Time:00:02.38 | Mem:259.64M, Peak:280.09M | Scene, ViewLayer | Updating Geometry BVH common_master_bedroom_open_niche_01_sh1_mesh 628/1281 | Building BVH
Fra:1 Mem:618.38M (Peak 618.52M) | Time:00:02.38 | Mem:259.65M, Peak:280.09M | Scene, ViewLayer | Updating Geometry BVH common_master_bedroom_open_niche_01_sh2_mesh 629/1281 | Building BVH
Fra:1 Mem:618.38M (Peak 618.52M) | Time:00:02.38 | Mem:259.65M, Peak:280.09M | Scene, ViewLayer | Updating Geometry BVH common_master_bath_vanity_01_cab_mesh 630/1281 | Building BVH
Fra:1 Mem:618.38M (Peak 618.52M) | Time:00:02.38 | Mem:259.68M, Peak:280.09M | Scene, ViewLayer | Updating Geometry BVH common_master_bath_vanity_01_drw_gapbg_mesh 631/1281 | Building BVH
Fra:1 Mem:618.38M (Peak 618.52M) | Time:00:02.38 | Mem:259.69M, Peak:280.09M | Scene, ViewLayer | Updating Geometry BVH lt_spot_room12 1112/1281 | Building BVH
Fra:1 Mem:618.38M (Peak 618.52M) | Time:00:02.38 | Mem:259.70M, Peak:280.09M | Scene, ViewLayer | Updating Geometry BVH common_master_bath_vanity_01_drw_f0_mesh 632/1281 | Building BVH
Fra:1 Mem:618.38M (Peak 618.52M) | Time:00:02.38 | Mem:259.76M, Peak:280.09M | Scene, ViewLayer | Updating Geometry BVH common_master_bath_vanity_01_drw_p0_mesh 633/1281 | Building BVH
Fra:1 Mem:618.38M (Peak 618.52M) | Time:00:02.38 | Mem:259.76M, Peak:280.09M | Scene, ViewLayer | Updating Geometry BVH lt_spot_room11 1111/1281 | Building BVH
Fra:1 Mem:618.38M (Peak 618.52M) | Time:00:02.38 | Mem:259.76M, Peak:280.09M | Scene, ViewLayer | Updating Geometry BVH common_master_bath_vanity_01_drw_f1_mesh 634/1281 | Building BVH
Fra:1 Mem:618.38M (Peak 618.52M) | Time:00:02.38 | Mem:259.78M, Peak:280.09M | Scene, ViewLayer | Updating Geometry BVH common_master_bath_vanity_01_top_s2_mesh 637/1281 | Building BVH
Fra:1 Mem:618.38M (Peak 618.52M) | Time:00:02.38 | Mem:259.78M, Peak:280.09M | Scene, ViewLayer | Updating Geometry BVH common_master_bath_vanity_01_bowlW_mesh 640/1281 | Building BVH
Fra:1 Mem:618.38M (Peak 618.52M) | Time:00:02.38 | Mem:259.79M, Peak:280.09M | Scene, ViewLayer | Updating Geometry BVH common_master_bath_vanity_01_bowlE_mesh 641/1281 | Building BVH
Fra:1 Mem:618.38M (Peak 618.52M) | Time:00:02.38 | Mem:259.84M, Peak:280.09M | Scene, ViewLayer | Updating Geometry BVH common_master_bath_vanity_01_bowlN_mesh 642/1281 | Building BVH
Fra:1 Mem:618.38M (Peak 618.52M) | Time:00:02.38 | Mem:259.91M, Peak:280.09M | Scene, ViewLayer | Updating Geometry BVH common_master_bath_vanity_01_bowlS_mesh 643/1281 | Building BVH
Fra:1 Mem:618.38M (Peak 618.52M) | Time:00:02.38 | Mem:259.91M, Peak:280.09M | Scene, ViewLayer | Updating Geometry BVH common_master_bath_vanity_01_bowlB_mesh 644/1281 | Building BVH
Fra:1 Mem:618.38M (Peak 618.52M) | Time:00:02.38 | Mem:259.92M, Peak:280.09M | Scene, ViewLayer | Updating Geometry BVH common_master_bath_vanity_01_fc_base_mesh 645/1281 | Building BVH
Fra:1 Mem:618.38M (Peak 618.52M) | Time:00:02.38 | Mem:259.92M, Peak:280.09M | Scene, ViewLayer | Updating Geometry BVH common_master_bath_vanity_01_fc_riser_mesh 646/1281 | Building BVH
Fra:1 Mem:618.38M (Peak 618.52M) | Time:00:02.38 | Mem:259.93M, Peak:280.09M | Scene, ViewLayer | Updating Geometry BVH common_master_bath_vanity_01_fc_spout_mesh 647/1281 | Building BVH
Fra:1 Mem:618.38M (Peak 618.52M) | Time:00:02.38 | Mem:259.95M, Peak:280.09M | Scene, ViewLayer | Updating Geometry BVH common_master_bath_vanity_01_fc_tip_mesh 648/1281 | Building BVH
Fra:1 Mem:618.38M (Peak 618.52M) | Time:00:02.38 | Mem:259.95M, Peak:280.09M | Scene, ViewLayer | Updating Geometry BVH lt_spot_room10 1110/1281 | Building BVH
Fra:1 Mem:618.38M (Peak 618.52M) | Time:00:02.38 | Mem:259.97M, Peak:280.09M | Scene, ViewLayer | Updating Geometry BVH common_master_bath_mirror_cabinet_01_body_mesh 649/1281 | Building BVH
Fra:1 Mem:618.38M (Peak 618.52M) | Time:00:02.38 | Mem:260.00M, Peak:280.09M | Scene, ViewLayer | Updating Geometry BVH common_master_bath_mirror_cabinet_01_mir_f0_mesh 650/1281 | Building BVH
Fra:1 Mem:618.38M (Peak 618.52M) | Time:00:02.38 | Mem:260.00M, Peak:280.09M | Scene, ViewLayer | Updating Geometry BVH common_master_bath_toilet_01_base_mesh 651/1281 | Building BVH
Fra:1 Mem:618.38M (Peak 618.52M) | Time:00:02.38 | Mem:260.00M, Peak:280.09M | Scene, ViewLayer | Updating Geometry BVH common_master_bath_toilet_01_seat_mesh 652/1281 | Building BVH
Fra:1 Mem:618.38M (Peak 618.52M) | Time:00:02.38 | Mem:260.00M, Peak:280.09M | Scene, ViewLayer | Updating Geometry BVH common_master_bath_toilet_01_tank_mesh 653/1281 | Building BVH
Fra:1 Mem:618.38M (Peak 618.52M) | Time:00:02.38 | Mem:260.00M, Peak:280.09M | Scene, ViewLayer | Updating Geometry BVH common_master_bath_glass_partition_01_fr0_mesh 654/1281 | Building BVH
Fra:1 Mem:618.38M (Peak 618.52M) | Time:00:02.38 | Mem:260.01M, Peak:280.09M | Scene, ViewLayer | Updating Geometry BVH common_master_bath_glass_partition_01_fr1_mesh 655/1281 | Building BVH
Fra:1 Mem:618.38M (Peak 618.52M) | Time:00:02.38 | Mem:260.04M, Peak:280.09M | Scene, ViewLayer | Updating Geometry BVH lt_spot_room9 1109/1281 | Building BVH
Fra:1 Mem:618.38M (Peak 618.52M) | Time:00:02.38 | Mem:260.04M, Peak:280.09M | Scene, ViewLayer | Updating Geometry BVH common_master_bath_glass_partition_01_fr2_mesh 656/1281 | Building BVH
Fra:1 Mem:618.38M (Peak 618.52M) | Time:00:02.38 | Mem:260.10M, Peak:280.09M | Scene, ViewLayer | Updating Geometry BVH common_master_bath_glass_partition_01_fr3_mesh 657/1281 | Building BVH
Fra:1 Mem:618.38M (Peak 618.52M) | Time:00:02.38 | Mem:260.10M, Peak:280.09M | Scene, ViewLayer | Updating Geometry BVH common_master_bath_glass_partition_01_fr4_mesh 658/1281 | Building BVH
Fra:1 Mem:618.38M (Peak 618.52M) | Time:00:02.38 | Mem:260.10M, Peak:280.09M | Scene, ViewLayer | Updating Geometry BVH common_master_bath_shower_floor_01_pan_mesh 659/1281 | Building BVH
Fra:1 Mem:618.38M (Peak 618.52M) | Time:00:02.38 | Mem:260.10M, Peak:280.09M | Scene, ViewLayer | Updating Geometry BVH common_master_bath_shower_floor_01_drain_mesh 660/1281 | Building BVH
Fra:1 Mem:618.38M (Peak 618.52M) | Time:00:02.38 | Mem:260.10M, Peak:280.09M | Scene, ViewLayer | Updating Geometry BVH lt_spot_room8 1108/1281 | Building BVH
Fra:1 Mem:618.38M (Peak 618.52M) | Time:00:02.38 | Mem:260.11M, Peak:280.09M | Scene, ViewLayer | Updating Geometry BVH common_corridor_vanity_01_cab_mesh 661/1281 | Building BVH
Fra:1 Mem:618.38M (Peak 618.52M) | Time:00:02.38 | Mem:260.12M, Peak:280.09M | Scene, ViewLayer | Updating Geometry BVH common_corridor_vanity_01_drw_gapbg_mesh 662/1281 | Building BVH
Fra:1 Mem:618.38M (Peak 618.52M) | Time:00:02.38 | Mem:260.14M, Peak:280.09M | Scene, ViewLayer | Updating Geometry BVH common_corridor_vanity_01_drw_f0_mesh 663/1281 | Building BVH
Fra:1 Mem:618.38M (Peak 618.52M) | Time:00:02.38 | Mem:260.15M, Peak:280.09M | Scene, ViewLayer | Updating Geometry BVH common_corridor_vanity_01_drw_p0_mesh 664/1281 | Building BVH
Fra:1 Mem:618.38M (Peak 618.52M) | Time:00:02.38 | Mem:260.15M, Peak:280.09M | Scene, ViewLayer | Updating Geometry BVH common_corridor_vanity_01_drw_f1_mesh 665/1281 | Building BVH
Fra:1 Mem:618.38M (Peak 618.52M) | Time:00:02.38 | Mem:260.20M, Peak:280.09M | Scene, ViewLayer | Updating Geometry BVH common_corridor_vanity_01_drw_f2_mesh 667/1281 | Building BVH
Fra:1 Mem:618.38M (Peak 618.52M) | Time:00:02.38 | Mem:260.20M, Peak:280.09M | Scene, ViewLayer | Updating Geometry BVH common_corridor_vanity_01_drw_p1_mesh 666/1281 | Building BVH
Fra:1 Mem:618.38M (Peak 618.52M) | Time:00:02.38 | Mem:260.20M, Peak:280.09M | Scene, ViewLayer | Updating Geometry BVH common_corridor_vanity_01_drw_p2_mesh 668/1281 | Building BVH
Fra:1 Mem:618.38M (Peak 618.52M) | Time:00:02.38 | Mem:260.20M, Peak:280.09M | Scene, ViewLayer | Updating Geometry BVH common_corridor_vanity_01_top_s1_mesh 669/1281 | Building BVH
Fra:1 Mem:618.38M (Peak 618.52M) | Time:00:02.38 | Mem:260.20M, Peak:280.09M | Scene, ViewLayer | Updating Geometry BVH common_corridor_vanity_01_top_s2_mesh 670/1281 | Building BVH
Fra:1 Mem:618.38M (Peak 618.52M) | Time:00:02.38 | Mem:260.27M, Peak:280.09M | Scene, ViewLayer | Updating Geometry BVH common_corridor_vanity_01_top_s3_mesh 671/1281 | Building BVH
Fra:1 Mem:618.38M (Peak 618.52M) | Time:00:02.38 | Mem:260.27M, Peak:280.09M | Scene, ViewLayer | Updating Geometry BVH common_corridor_vanity_01_top_s4_mesh 672/1281 | Building BVH
Fra:1 Mem:618.38M (Peak 618.52M) | Time:00:02.38 | Mem:260.27M, Peak:280.09M | Scene, ViewLayer | Updating Geometry BVH common_corridor_vanity_01_top_s5_mesh 673/1281 | Building BVH
Fra:1 Mem:618.38M (Peak 618.52M) | Time:00:02.38 | Mem:260.27M, Peak:280.09M | Scene, ViewLayer | Updating Geometry BVH common_corridor_vanity_01_bowlW_mesh 674/1281 | Building BVH
Fra:1 Mem:618.38M (Peak 618.52M) | Time:00:02.38 | Mem:260.30M, Peak:280.09M | Scene, ViewLayer | Updating Geometry BVH common_corridor_vanity_01_bowlE_mesh 675/1281 | Building BVH
Fra:1 Mem:618.38M (Peak 618.52M) | Time:00:02.38 | Mem:260.33M, Peak:280.09M | Scene, ViewLayer | Updating Geometry BVH common_corridor_vanity_01_bowlN_mesh 676/1281 | Building BVH
Fra:1 Mem:618.38M (Peak 618.52M) | Time:00:02.38 | Mem:260.34M, Peak:280.09M | Scene, ViewLayer | Updating Geometry BVH common_corridor_vanity_01_bowlB_mesh 678/1281 | Building BVH
Fra:1 Mem:618.38M (Peak 618.52M) | Time:00:02.38 | Mem:260.34M, Peak:280.09M | Scene, ViewLayer | Updating Geometry BVH common_corridor_vanity_01_fc353_riser_mesh 680/1281 | Building BVH
Fra:1 Mem:618.38M (Peak 618.52M) | Time:00:02.38 | Mem:260.36M, Peak:280.09M | Scene, ViewLayer | Updating Geometry BVH common_corridor_vanity_01_fc353_spout_mesh 681/1281 | Building BVH
Fra:1 Mem:618.38M (Peak 618.52M) | Time:00:02.38 | Mem:260.37M, Peak:280.09M | Scene, ViewLayer | Updating Geometry BVH common_corridor_vanity_01_bowlW_mesh.001 683/1281 | Building BVH
Fra:1 Mem:618.38M (Peak 618.52M) | Time:00:02.38 | Mem:260.42M, Peak:280.09M | Scene, ViewLayer | Updating Geometry BVH lt_spot_room6 1106/1281 | Building BVH
Fra:1 Mem:618.38M (Peak 618.52M) | Time:00:02.39 | Mem:260.45M, Peak:280.09M | Scene, ViewLayer | Updating Geometry BVH common_corridor_vanity_01_bowlE_mesh.001 684/1281 | Building BVH
Fra:1 Mem:618.38M (Peak 618.52M) | Time:00:02.39 | Mem:260.46M, Peak:280.09M | Scene, ViewLayer | Updating Geometry BVH common_corridor_vanity_01_bowlN_mesh.001 685/1281 | Building BVH
Fra:1 Mem:618.38M (Peak 618.52M) | Time:00:02.39 | Mem:260.46M, Peak:280.09M | Scene, ViewLayer | Updating Geometry BVH common_corridor_vanity_01_bowlS_mesh.001 686/1281 | Building BVH
Fra:1 Mem:618.38M (Peak 618.52M) | Time:00:02.39 | Mem:260.46M, Peak:280.09M | Scene, ViewLayer | Updating Geometry BVH lt_spot_room5 1105/1281 | Building BVH
Fra:1 Mem:618.38M (Peak 618.52M) | Time:00:02.39 | Mem:260.46M, Peak:280.09M | Scene, ViewLayer | Updating Geometry BVH common_corridor_vanity_01_bowlB_mesh.001 687/1281 | Building BVH
Fra:1 Mem:618.38M (Peak 618.52M) | Time:00:02.39 | Mem:260.49M, Peak:280.09M | Scene, ViewLayer | Updating Geometry BVH common_corridor_vanity_01_fc281_base_mesh 688/1281 | Building BVH
Fra:1 Mem:618.38M (Peak 618.52M) | Time:00:02.39 | Mem:260.54M, Peak:280.09M | Scene, ViewLayer | Updating Geometry BVH common_corridor_vanity_01_fc281_riser_mesh 689/1281 | Building BVH
Fra:1 Mem:618.38M (Peak 618.52M) | Time:00:02.39 | Mem:260.54M, Peak:280.09M | Scene, ViewLayer | Updating Geometry BVH common_corridor_vanity_01_fc281_spout_mesh 690/1281 | Building BVH
Fra:1 Mem:618.38M (Peak 618.52M) | Time:00:02.39 | Mem:260.54M, Peak:280.09M | Scene, ViewLayer | Updating Geometry BVH common_corridor_vanity_01_fc281_tip_mesh 691/1281 | Building BVH
Fra:1 Mem:618.38M (Peak 618.52M) | Time:00:02.39 | Mem:260.56M, Peak:280.09M | Scene, ViewLayer | Updating Geometry BVH common_corridor_mirror_cabinet_01_mir_f0_mesh 693/1281 | Building BVH
Fra:1 Mem:618.38M (Peak 618.52M) | Time:00:02.39 | Mem:260.56M, Peak:280.09M | Scene, ViewLayer | Updating Geometry BVH common_corridor_mirror_cabinet_01_mir_f1_mesh 694/1281 | Building BVH
Fra:1 Mem:618.38M (Peak 618.52M) | Time:00:02.39 | Mem:260.56M, Peak:280.09M | Scene, ViewLayer | Updating Geometry BVH common_public_bath_wet_shower_floor_01_pan_mesh 695/1281 | Building BVH
Fra:1 Mem:618.38M (Peak 618.52M) | Time:00:02.39 | Mem:260.58M, Peak:280.09M | Scene, ViewLayer | Updating Geometry BVH common_public_bath_wet_shower_floor_01_drain_mesh 696/1281 | Building BVH
Fra:1 Mem:618.38M (Peak 618.52M) | Time:00:02.39 | Mem:260.62M, Peak:280.09M | Scene, ViewLayer | Updating Geometry BVH lt_spot_room4 1104/1281 | Building BVH
Fra:1 Mem:618.38M (Peak 618.52M) | Time:00:02.39 | Mem:260.62M, Peak:280.09M | Scene, ViewLayer | Updating Geometry BVH common_public_bath_wet_glass_partition_01_fr0_mesh 697/1281 | Building BVH
Fra:1 Mem:618.38M (Peak 618.52M) | Time:00:02.39 | Mem:260.62M, Peak:280.09M | Scene, ViewLayer | Updating Geometry BVH common_public_bath_wet_glass_partition_01_fr1_mesh 698/1281 | Building BVH
Fra:1 Mem:618.38M (Peak 618.52M) | Time:00:02.39 | Mem:260.63M, Peak:280.09M | Scene, ViewLayer | Updating Geometry BVH common_public_bath_wet_glass_partition_01_fr2_mesh 699/1281 | Building BVH
Fra:1 Mem:618.38M (Peak 618.52M) | Time:00:02.39 | Mem:260.63M, Peak:280.09M | Scene, ViewLayer | Updating Geometry BVH common_public_bath_wet_glass_partition_01_fr3_mesh 700/1281 | Building BVH
Fra:1 Mem:618.38M (Peak 618.52M) | Time:00:02.39 | Mem:260.63M, Peak:280.09M | Scene, ViewLayer | Updating Geometry BVH common_public_bath_wet_toilet_01_base_mesh 702/1281 | Building BVH
Fra:1 Mem:618.38M (Peak 618.52M) | Time:00:02.39 | Mem:260.63M, Peak:280.09M | Scene, ViewLayer | Updating Geometry BVH common_public_bath_wet_toilet_01_seat_mesh 703/1281 | Building BVH
Fra:1 Mem:618.38M (Peak 618.52M) | Time:00:02.39 | Mem:260.64M, Peak:280.09M | Scene, ViewLayer | Updating Geometry BVH common_public_bath_wet_toilet_01_tank_mesh 704/1281 | Building BVH
Fra:1 Mem:618.38M (Peak 618.52M) | Time:00:02.39 | Mem:260.72M, Peak:280.09M | Scene, ViewLayer | Updating Geometry BVH lt_spot_room3 1103/1281 | Building BVH
Fra:1 Mem:618.38M (Peak 618.52M) | Time:00:02.39 | Mem:260.73M, Peak:280.09M | Scene, ViewLayer | Updating Geometry BVH common_parents_room_wardrobe_01_body_mesh 705/1281 | Building BVH
Fra:1 Mem:618.38M (Peak 618.52M) | Time:00:02.39 | Mem:260.73M, Peak:280.09M | Scene, ViewLayer | Updating Geometry BVH common_parents_room_wardrobe_01_slA_f0_mesh 706/1281 | Building BVH
Fra:1 Mem:618.38M (Peak 618.52M) | Time:00:02.39 | Mem:260.73M, Peak:280.09M | Scene, ViewLayer | Updating Geometry BVH common_parents_room_wardrobe_01_slA_f1_mesh 707/1281 | Building BVH
Fra:1 Mem:618.38M (Peak 618.52M) | Time:00:02.39 | Mem:260.74M, Peak:280.09M | Scene, ViewLayer | Updating Geometry BVH common_parents_room_wardrobe_01_slA_f2_mesh 708/1281 | Building BVH
Fra:1 Mem:618.38M (Peak 618.52M) | Time:00:02.39 | Mem:260.78M, Peak:280.09M | Scene, ViewLayer | Updating Geometry BVH common_parents_room_wardrobe_01_slB_f1_mesh 710/1281 | Building BVH
Fra:1 Mem:618.38M (Peak 618.52M) | Time:00:02.39 | Mem:260.83M, Peak:280.09M | Scene, ViewLayer | Updating Geometry BVH common_parents_room_wardrobe_01_slB_f2_mesh 711/1281 | Building BVH
Fra:1 Mem:618.38M (Peak 618.52M) | Time:00:02.39 | Mem:260.84M, Peak:280.09M | Scene, ViewLayer | Updating Geometry BVH common_master_bedroom_screen_01_slat00_mesh 712/1281 | Building BVH
Fra:1 Mem:618.38M (Peak 618.52M) | Time:00:02.39 | Mem:260.84M, Peak:280.09M | Scene, ViewLayer | Updating Geometry BVH common_master_bedroom_screen_01_slat01_mesh 713/1281 | Building BVH
Fra:1 Mem:618.38M (Peak 618.52M) | Time:00:02.39 | Mem:260.86M, Peak:280.09M | Scene, ViewLayer | Updating Geometry BVH common_master_bedroom_screen_01_slat02_mesh 714/1281 | Building BVH
Fra:1 Mem:618.38M (Peak 618.52M) | Time:00:02.39 | Mem:260.86M, Peak:280.09M | Scene, ViewLayer | Updating Geometry BVH lt_spot_room2 1102/1281 | Building BVH
Fra:1 Mem:618.38M (Peak 618.52M) | Time:00:02.39 | Mem:260.87M, Peak:280.09M | Scene, ViewLayer | Updating Geometry BVH common_master_bedroom_screen_01_slat03_mesh 715/1281 | Building BVH
Fra:1 Mem:618.38M (Peak 618.52M) | Time:00:02.39 | Mem:260.88M, Peak:280.09M | Scene, ViewLayer | Updating Geometry BVH common_master_bedroom_screen_01_slat04_mesh 716/1281 | Building BVH
Fra:1 Mem:618.38M (Peak 618.52M) | Time:00:02.39 | Mem:260.89M, Peak:280.09M | Scene, ViewLayer | Updating Geometry BVH common_master_bedroom_screen_01_slat07_mesh 719/1281 | Building BVH
Fra:1 Mem:618.38M (Peak 618.52M) | Time:00:02.39 | Mem:260.92M, Peak:280.09M | Scene, ViewLayer | Updating Geometry BVH common_master_bedroom_screen_01_slat08_mesh 720/1281 | Building BVH
Fra:1 Mem:618.38M (Peak 618.52M) | Time:00:02.39 | Mem:260.97M, Peak:280.09M | Scene, ViewLayer | Updating Geometry BVH common_master_bedroom_screen_01_slat12_mesh 724/1281 | Building BVH
Fra:1 Mem:618.38M (Peak 618.52M) | Time:00:02.39 | Mem:260.97M, Peak:280.09M | Scene, ViewLayer | Updating Geometry BVH common_master_bedroom_screen_01_slat13_mesh 725/1281 | Building BVH
Fra:1 Mem:618.38M (Peak 618.52M) | Time:00:02.39 | Mem:260.97M, Peak:280.09M | Scene, ViewLayer | Updating Geometry BVH common_master_bedroom_screen_01_slat14_mesh 726/1281 | Building BVH
Fra:1 Mem:618.38M (Peak 618.52M) | Time:00:02.39 | Mem:260.99M, Peak:280.09M | Scene, ViewLayer | Updating Geometry BVH common_master_bedroom_screen_01_slat15_mesh 727/1281 | Building BVH
Fra:1 Mem:618.38M (Peak 618.52M) | Time:00:02.39 | Mem:261.08M, Peak:280.09M | Scene, ViewLayer | Updating Geometry BVH common_master_bedroom_screen_01_slat17_mesh 729/1281 | Building BVH
Fra:1 Mem:618.38M (Peak 618.52M) | Time:00:02.39 | Mem:261.08M, Peak:280.09M | Scene, ViewLayer | Updating Geometry BVH common_master_bedroom_screen_01_slat16_mesh 728/1281 | Building BVH
Fra:1 Mem:618.38M (Peak 618.52M) | Time:00:02.39 | Mem:261.09M, Peak:280.09M | Scene, ViewLayer | Updating Geometry BVH common_master_bedroom_screen_01_cap_mesh 731/1281 | Building BVH
Fra:1 Mem:618.38M (Peak 618.52M) | Time:00:02.39 | Mem:261.09M, Peak:280.09M | Scene, ViewLayer | Updating Geometry BVH mb_shower_mixer_mesh 732/1281 | Building BVH
Fra:1 Mem:618.38M (Peak 618.52M) | Time:00:02.39 | Mem:261.09M, Peak:280.09M | Scene, ViewLayer | Updating Geometry BVH mb_shower_rail_mesh 733/1281 | Building BVH
Fra:1 Mem:618.38M (Peak 618.52M) | Time:00:02.39 | Mem:261.12M, Peak:280.09M | Scene, ViewLayer | Updating Geometry BVH mb_shower_hand_mesh 734/1281 | Building BVH
Fra:1 Mem:618.38M (Peak 618.52M) | Time:00:02.39 | Mem:261.13M, Peak:280.09M | Scene, ViewLayer | Updating Geometry BVH mb_shower_rain_mesh 736/1281 | Building BVH
Fra:1 Mem:618.38M (Peak 618.52M) | Time:00:02.39 | Mem:261.15M, Peak:280.09M | Scene, ViewLayer | Updating Geometry BVH fx_mb_niche_back_mesh 737/1281 | Building BVH
Fra:1 Mem:618.38M (Peak 618.52M) | Time:00:02.39 | Mem:261.16M, Peak:280.09M | Scene, ViewLayer | Updating Geometry BVH lt_spot_room1 1101/1281 | Building BVH
Fra:1 Mem:618.38M (Peak 618.52M) | Time:00:02.39 | Mem:261.21M, Peak:280.09M | Scene, ViewLayer | Updating Geometry BVH fx_mb_niche_side0_mesh 738/1281 | Building BVH
Fra:1 Mem:618.38M (Peak 618.52M) | Time:00:02.39 | Mem:261.20M, Peak:280.09M | Scene, ViewLayer | Updating Geometry BVH fx_mb_niche_side1_mesh 739/1281 | Building BVH
Fra:1 Mem:618.38M (Peak 618.52M) | Time:00:02.39 | Mem:261.21M, Peak:280.09M | Scene, ViewLayer | Updating Geometry BVH fx_mb_niche_btm_mesh 740/1281 | Building BVH
Fra:1 Mem:618.38M (Peak 618.52M) | Time:00:02.39 | Mem:261.21M, Peak:280.09M | Scene, ViewLayer | Updating Geometry BVH fx_mb_niche_top_mesh 741/1281 | Building BVH
Fra:1 Mem:618.38M (Peak 618.52M) | Time:00:02.39 | Mem:261.21M, Peak:280.09M | Scene, ViewLayer | Updating Geometry BVH fx_mb_paper_plate_mesh 742/1281 | Building BVH
Fra:1 Mem:618.38M (Peak 618.52M) | Time:00:02.39 | Mem:261.21M, Peak:280.09M | Scene, ViewLayer | Updating Geometry BVH fx_mb_paper_rod_mesh 743/1281 | Building BVH
Fra:1 Mem:618.38M (Peak 618.52M) | Time:00:02.39 | Mem:261.21M, Peak:280.09M | Scene, ViewLayer | Updating Geometry BVH pb_shower_mixer_mesh 744/1281 | Building BVH
Fra:1 Mem:618.38M (Peak 618.52M) | Time:00:02.39 | Mem:261.21M, Peak:280.09M | Scene, ViewLayer | Updating Geometry BVH pb_shower_rail_mesh 745/1281 | Building BVH
Fra:1 Mem:618.38M (Peak 618.52M) | Time:00:02.39 | Mem:261.22M, Peak:280.09M | Scene, ViewLayer | Updating Geometry BVH pb_shower_hand_mesh 746/1281 | Building BVH
Fra:1 Mem:618.38M (Peak 618.52M) | Time:00:02.39 | Mem:261.24M, Peak:280.09M | Scene, ViewLayer | Updating Geometry BVH pb_shower_arm_mesh 747/1281 | Building BVH
Fra:1 Mem:618.38M (Peak 618.52M) | Time:00:02.39 | Mem:261.25M, Peak:280.09M | Scene, ViewLayer | Updating Geometry BVH pb_shower_rain_mesh 748/1281 | Building BVH
Fra:1 Mem:618.38M (Peak 618.52M) | Time:00:02.39 | Mem:261.26M, Peak:280.09M | Scene, ViewLayer | Updating Geometry BVH fx_pb_niche_back_mesh 749/1281 | Building BVH
Fra:1 Mem:618.38M (Peak 618.52M) | Time:00:02.39 | Mem:261.33M, Peak:280.09M | Scene, ViewLayer | Updating Geometry BVH lt_spot_liv16 1099/1281 | Building BVH
Fra:1 Mem:618.38M (Peak 618.52M) | Time:00:02.39 | Mem:261.33M, Peak:280.09M | Scene, ViewLayer | Updating Geometry BVH fx_pb_niche_side0_mesh 750/1281 | Building BVH
Fra:1 Mem:618.38M (Peak 618.52M) | Time:00:02.39 | Mem:261.33M, Peak:280.09M | Scene, ViewLayer | Updating Geometry BVH fx_pb_niche_btm_mesh 752/1281 | Building BVH
Fra:1 Mem:618.38M (Peak 618.52M) | Time:00:02.39 | Mem:261.33M, Peak:280.09M | Scene, ViewLayer | Updating Geometry BVH lt_spot_liv15 1098/1281 | Building BVH
Fra:1 Mem:618.38M (Peak 618.52M) | Time:00:02.39 | Mem:261.34M, Peak:280.09M | Scene, ViewLayer | Updating Geometry BVH fx_pb_niche_top_mesh 753/1281 | Building BVH
Fra:1 Mem:618.38M (Peak 618.52M) | Time:00:02.40 | Mem:261.38M, Peak:280.09M | Scene, ViewLayer | Updating Geometry BVH fx_stool_top_mesh 754/1281 | Building BVH
Fra:1 Mem:618.38M (Peak 618.52M) | Time:00:02.40 | Mem:261.38M, Peak:280.09M | Scene, ViewLayer | Updating Geometry BVH fx_stool_leg0_mesh 755/1281 | Building BVH
Fra:1 Mem:618.38M (Peak 618.52M) | Time:00:02.40 | Mem:261.40M, Peak:280.09M | Scene, ViewLayer | Updating Geometry BVH fx_stool_leg1_mesh 756/1281 | Building BVH
Fra:1 Mem:618.38M (Peak 618.52M) | Time:00:02.40 | Mem:261.41M, Peak:280.09M | Scene, ViewLayer | Updating Geometry BVH lt_spot_liv14 1097/1281 | Building BVH
Fra:1 Mem:618.38M (Peak 618.52M) | Time:00:02.40 | Mem:261.40M, Peak:280.09M | Scene, ViewLayer | Updating Geometry BVH fx_stool_leg2_mesh 757/1281 | Building BVH
Fra:1 Mem:618.38M (Peak 618.52M) | Time:00:02.40 | Mem:261.42M, Peak:280.09M | Scene, ViewLayer | Updating Geometry BVH common_foyer_stool_01_pad_mesh 759/1281 | Building BVH
Fra:1 Mem:618.38M (Peak 618.52M) | Time:00:02.40 | Mem:261.42M, Peak:280.09M | Scene, ViewLayer | Updating Geometry BVH common_foyer_stool_01_leg0_mesh 760/1281 | Building BVH
Fra:1 Mem:618.38M (Peak 618.52M) | Time:00:02.40 | Mem:261.42M, Peak:280.09M | Scene, ViewLayer | Updating Geometry BVH fx_stool_leg3_mesh 758/1281 | Building BVH
Fra:1 Mem:618.38M (Peak 618.52M) | Time:00:02.40 | Mem:261.43M, Peak:280.09M | Scene, ViewLayer | Updating Geometry BVH lt_spot_liv13 1096/1281 | Building BVH
Fra:1 Mem:618.38M (Peak 618.52M) | Time:00:02.40 | Mem:261.46M, Peak:280.09M | Scene, ViewLayer | Updating Geometry BVH common_foyer_stool_01_leg1_mesh 761/1281 | Building BVH
Fra:1 Mem:618.38M (Peak 618.52M) | Time:00:02.40 | Mem:261.48M, Peak:280.09M | Scene, ViewLayer | Updating Geometry BVH common_foyer_stool_01_leg2_mesh 762/1281 | Building BVH
Fra:1 Mem:618.38M (Peak 618.52M) | Time:00:02.40 | Mem:261.48M, Peak:280.09M | Scene, ViewLayer | Updating Geometry BVH lt_spot_liv12 1095/1281 | Building BVH
Fra:1 Mem:618.38M (Peak 618.52M) | Time:00:02.40 | Mem:261.48M, Peak:280.09M | Scene, ViewLayer | Updating Geometry BVH common_foyer_stool_01_leg3_mesh 763/1281 | Building BVH
Fra:1 Mem:618.38M (Peak 618.52M) | Time:00:02.40 | Mem:261.48M, Peak:280.09M | Scene, ViewLayer | Updating Geometry BVH common_living_dining_balcony_plant_01_stem_mesh 764/1281 | Building BVH
Fra:1 Mem:618.38M (Peak 618.52M) | Time:00:02.40 | Mem:261.48M, Peak:280.09M | Scene, ViewLayer | Updating Geometry BVH common_living_dining_balcony_plant_01_leaf1_mesh 766/1281 | Building BVH
Fra:1 Mem:618.38M (Peak 618.52M) | Time:00:02.40 | Mem:261.48M, Peak:280.09M | Scene, ViewLayer | Updating Geometry BVH common_living_dining_balcony_plant_01_leaf2_mesh 767/1281 | Building BVH
Fra:1 Mem:618.38M (Peak 618.52M) | Time:00:02.40 | Mem:261.54M, Peak:280.09M | Scene, ViewLayer | Updating Geometry BVH common_living_dining_balcony_plant_01_leaf3_mesh 768/1281 | Building BVH
Fra:1 Mem:618.38M (Peak 618.52M) | Time:00:02.40 | Mem:261.56M, Peak:280.09M | Scene, ViewLayer | Updating Geometry BVH common_living_dining_balcony_plant_01_leaf4_mesh 769/1281 | Building BVH
Fra:1 Mem:618.38M (Peak 618.52M) | Time:00:02.40 | Mem:261.56M, Peak:280.09M | Scene, ViewLayer | Updating Geometry BVH common_living_dining_balcony_plant_01_leaf5_mesh 770/1281 | Building BVH
Fra:1 Mem:618.38M (Peak 618.52M) | Time:00:02.40 | Mem:261.56M, Peak:280.09M | Scene, ViewLayer | Updating Geometry BVH common_living_dining_balcony_plant_01_leaf6_mesh 771/1281 | Building BVH
Fra:1 Mem:618.38M (Peak 618.52M) | Time:00:02.40 | Mem:261.58M, Peak:280.09M | Scene, ViewLayer | Updating Geometry BVH common_living_dining_balcony_plant_01_leaf7_mesh 772/1281 | Building BVH
Fra:1 Mem:618.38M (Peak 618.52M) | Time:00:02.40 | Mem:261.58M, Peak:280.09M | Scene, ViewLayer | Updating Geometry BVH lt_spot_liv11 1094/1281 | Building BVH
Fra:1 Mem:618.38M (Peak 618.52M) | Time:00:02.40 | Mem:261.58M, Peak:280.09M | Scene, ViewLayer | Updating Geometry BVH common_living_dining_balcony_planter_01_pot_mesh 773/1281 | Building BVH
Fra:1 Mem:618.38M (Peak 618.52M) | Time:00:02.40 | Mem:261.59M, Peak:280.09M | Scene, ViewLayer | Updating Geometry BVH common_living_dining_balcony_stool_01_top_mesh 774/1281 | Building BVH
Fra:1 Mem:618.38M (Peak 618.52M) | Time:00:02.40 | Mem:261.61M, Peak:280.09M | Scene, ViewLayer | Updating Geometry BVH common_living_dining_balcony_stool_01_jar_mesh 776/1281 | Building BVH
Fra:1 Mem:618.38M (Peak 618.52M) | Time:00:02.40 | Mem:261.69M, Peak:280.09M | Scene, ViewLayer | Updating Geometry BVH lt_spot_liv10 1093/1281 | Building BVH
Fra:1 Mem:618.38M (Peak 618.52M) | Time:00:02.40 | Mem:261.76M, Peak:280.09M | Scene, ViewLayer | Updating Geometry BVH common_living_dining_balcony_artwork_01_canvas_mesh 777/1281 | Building BVH
Fra:1 Mem:618.38M (Peak 618.52M) | Time:00:02.40 | Mem:261.76M, Peak:280.09M | Scene, ViewLayer | Updating Geometry BVH common_living_dining_balcony_artwork_01_lamp_mesh 778/1281 | Building BVH
Fra:1 Mem:618.38M (Peak 618.52M) | Time:00:02.40 | Mem:261.76M, Peak:280.09M | Scene, ViewLayer | Updating Geometry BVH lt_spot_liv09 1092/1281 | Building BVH
Fra:1 Mem:618.38M (Peak 618.52M) | Time:00:02.40 | Mem:261.78M, Peak:280.09M | Scene, ViewLayer | Updating Geometry BVH common_master_bedroom_dressing_table_01_top_mesh 779/1281 | Building BVH
Fra:1 Mem:618.38M (Peak 618.52M) | Time:00:02.40 | Mem:261.81M, Peak:280.09M | Scene, ViewLayer | Updating Geometry BVH common_master_bedroom_dressing_table_01_side0_mesh 780/1281 | Building BVH
Fra:1 Mem:618.38M (Peak 618.52M) | Time:00:02.40 | Mem:261.81M, Peak:280.09M | Scene, ViewLayer | Updating Geometry BVH common_master_bedroom_dressing_table_01_side1_mesh 781/1281 | Building BVH
Fra:1 Mem:618.38M (Peak 618.52M) | Time:00:02.40 | Mem:261.81M, Peak:280.09M | Scene, ViewLayer | Updating Geometry BVH common_master_bedroom_dressing_table_01_drw_mesh 782/1281 | Building BVH
Fra:1 Mem:618.38M (Peak 618.52M) | Time:00:02.40 | Mem:261.81M, Peak:280.09M | Scene, ViewLayer | Updating Geometry BVH common_master_bedroom_dressing_table_01drw_drw_gapbg_mesh 783/1281 | Building BVH
Fra:1 Mem:618.38M (Peak 618.52M) | Time:00:02.40 | Mem:261.82M, Peak:280.09M | Scene, ViewLayer | Updating Geometry BVH common_master_bedroom_dressing_table_01drw_drw_f0_mesh 784/1281 | Building BVH
Fra:1 Mem:618.38M (Peak 618.52M) | Time:00:02.40 | Mem:261.83M, Peak:280.09M | Scene, ViewLayer | Updating Geometry BVH lt_spot_liv08 1091/1281 | Building BVH
Fra:1 Mem:618.38M (Peak 618.52M) | Time:00:02.40 | Mem:261.86M, Peak:280.09M | Scene, ViewLayer | Updating Geometry BVH common_master_bedroom_dressing_table_01drw_drw_p0_mesh 785/1281 | Building BVH
Fra:1 Mem:618.38M (Peak 618.52M) | Time:00:02.40 | Mem:261.87M, Peak:280.09M | Scene, ViewLayer | Updating Geometry BVH common_master_bedroom_dressing_table_01drw_drw_f1_mesh 786/1281 | Building BVH
Fra:1 Mem:618.38M (Peak 618.52M) | Time:00:02.40 | Mem:261.84M, Peak:280.09M | Scene, ViewLayer | Updating Geometry BVH common_master_bedroom_dressing_table_01_upper_mesh 788/1281 | Building BVH
Fra:1 Mem:618.38M (Peak 618.52M) | Time:00:02.40 | Mem:261.87M, Peak:280.09M | Scene, ViewLayer | Updating Geometry BVH lt_spot_liv07 1090/1281 | Building BVH
Fra:1 Mem:618.38M (Peak 618.52M) | Time:00:02.40 | Mem:261.87M, Peak:280.09M | Scene, ViewLayer | Updating Geometry BVH common_master_bedroom_dressing_table_01_door_gapbg_mesh 789/1281 | Building BVH
Fra:1 Mem:618.38M (Peak 618.52M) | Time:00:02.40 | Mem:261.87M, Peak:280.09M | Scene, ViewLayer | Updating Geometry BVH common_master_bedroom_dressing_table_01_door_f0l_mesh 790/1281 | Building BVH
Fra:1 Mem:618.38M (Peak 618.52M) | Time:00:02.40 | Mem:261.87M, Peak:280.09M | Scene, ViewLayer | Updating Geometry BVH common_master_bedroom_dressing_table_01_door_f0b_mesh 792/1281 | Building BVH
Fra:1 Mem:618.38M (Peak 618.52M) | Time:00:02.40 | Mem:261.88M, Peak:280.09M | Scene, ViewLayer | Updating Geometry BVH common_master_bedroom_dressing_table_01_door_f0t_mesh 793/1281 | Building BVH
Fra:1 Mem:618.38M (Peak 618.52M) | Time:00:02.40 | Mem:261.91M, Peak:280.09M | Scene, ViewLayer | Updating Geometry BVH lt_spot_liv06 1089/1281 | Building BVH
Fra:1 Mem:618.38M (Peak 618.52M) | Time:00:02.40 | Mem:261.97M, Peak:280.09M | Scene, ViewLayer | Updating Geometry BVH common_master_bedroom_dressing_table_01_door_f0c_mesh 794/1281 | Building BVH
Fra:1 Mem:618.38M (Peak 618.52M) | Time:00:02.40 | Mem:261.97M, Peak:280.09M | Scene, ViewLayer | Updating Geometry BVH common_master_bedroom_dressing_table_01_door_f1b_mesh 798/1281 | Building BVH
Fra:1 Mem:618.38M (Peak 618.52M) | Time:00:02.40 | Mem:261.97M, Peak:280.09M | Scene, ViewLayer | Updating Geometry BVH common_master_bedroom_dressing_table_01_door_f1t_mesh 799/1281 | Building BVH
Fra:1 Mem:618.38M (Peak 618.52M) | Time:00:02.40 | Mem:261.97M, Peak:280.09M | Scene, ViewLayer | Updating Geometry BVH lt_spot_liv05 1088/1281 | Building BVH
Fra:1 Mem:618.38M (Peak 618.52M) | Time:00:02.40 | Mem:262.02M, Peak:280.09M | Scene, ViewLayer | Updating Geometry BVH common_master_bedroom_dressing_table_01_door_f1c_mesh 800/1281 | Building BVH
Fra:1 Mem:618.38M (Peak 618.52M) | Time:00:02.40 | Mem:262.02M, Peak:280.09M | Scene, ViewLayer | Updating Geometry BVH common_master_bedroom_dressing_table_01_door_p1_mesh 801/1281 | Building BVH
Fra:1 Mem:618.38M (Peak 618.52M) | Time:00:02.40 | Mem:262.06M, Peak:280.09M | Scene, ViewLayer | Updating Geometry BVH common_master_bedroom_dressing_table_01_door_f2l_mesh 802/1281 | Building BVH
Fra:1 Mem:618.38M (Peak 618.52M) | Time:00:02.40 | Mem:262.05M, Peak:280.09M | Scene, ViewLayer | Updating Geometry BVH common_master_bedroom_dressing_table_01_door_f2r_mesh 803/1281 | Building BVH
Fra:1 Mem:618.38M (Peak 618.52M) | Time:00:02.40 | Mem:262.06M, Peak:280.09M | Scene, ViewLayer | Updating Geometry BVH lt_spot_liv04 1087/1281 | Building BVH
Fra:1 Mem:618.38M (Peak 618.52M) | Time:00:02.40 | Mem:262.12M, Peak:280.09M | Scene, ViewLayer | Updating Geometry BVH common_master_bedroom_dressing_table_01_door_f2b_mesh 804/1281 | Building BVH
Fra:1 Mem:618.38M (Peak 618.52M) | Time:00:02.40 | Mem:262.12M, Peak:280.09M | Scene, ViewLayer | Updating Geometry BVH common_master_bedroom_dressing_table_01_door_f2t_mesh 805/1281 | Building BVH
Fra:1 Mem:618.38M (Peak 618.52M) | Time:00:02.40 | Mem:262.12M, Peak:280.09M | Scene, ViewLayer | Updating Geometry BVH common_master_bedroom_dressing_table_01_door_f2c_mesh 806/1281 | Building BVH
Fra:1 Mem:618.38M (Peak 618.52M) | Time:00:02.40 | Mem:262.14M, Peak:280.09M | Scene, ViewLayer | Updating Geometry BVH common_master_bedroom_dressing_table_01_door_p2_mesh 807/1281 | Building BVH
Fra:1 Mem:618.38M (Peak 618.52M) | Time:00:02.40 | Mem:262.17M, Peak:280.09M | Scene, ViewLayer | Updating Geometry BVH common_master_bedroom_dressing_table_01_mirror_mesh 808/1281 | Building BVH
Fra:1 Mem:618.38M (Peak 618.52M) | Time:00:02.40 | Mem:262.18M, Peak:280.09M | Scene, ViewLayer | Updating Geometry BVH common_master_bedroom_stool_01_pad_mesh 809/1281 | Building BVH
Fra:1 Mem:618.38M (Peak 618.52M) | Time:00:02.40 | Mem:262.20M, Peak:280.09M | Scene, ViewLayer | Updating Geometry BVH common_master_bedroom_stool_01_leg0_mesh 810/1281 | Building BVH
Fra:1 Mem:618.38M (Peak 618.52M) | Time:00:02.40 | Mem:262.22M, Peak:280.09M | Scene, ViewLayer | Updating Geometry BVH common_master_bedroom_stool_01_leg1_mesh 811/1281 | Building BVH
Fra:1 Mem:618.38M (Peak 618.52M) | Time:00:02.40 | Mem:262.22M, Peak:280.09M | Scene, ViewLayer | Updating Geometry BVH lt_spot_liv03 1086/1281 | Building BVH
Fra:1 Mem:618.38M (Peak 618.52M) | Time:00:02.40 | Mem:262.24M, Peak:280.09M | Scene, ViewLayer | Updating Geometry BVH common_master_bedroom_stool_01_leg2_mesh 812/1281 | Building BVH
Fra:1 Mem:618.38M (Peak 618.52M) | Time:00:02.40 | Mem:262.24M, Peak:280.09M | Scene, ViewLayer | Updating Geometry BVH common_master_bedroom_stool_01_leg3_mesh 813/1281 | Building BVH
Fra:1 Mem:618.38M (Peak 618.52M) | Time:00:02.40 | Mem:262.24M, Peak:280.09M | Scene, ViewLayer | Updating Geometry BVH common_master_bedroom_bed_01_frame_mesh 814/1281 | Building BVH
Fra:1 Mem:618.38M (Peak 618.52M) | Time:00:02.40 | Mem:262.24M, Peak:280.09M | Scene, ViewLayer | Updating Geometry BVH common_master_bedroom_bed_01_mattress_mesh 815/1281 | Building BVH
Fra:1 Mem:618.38M (Peak 618.52M) | Time:00:02.40 | Mem:262.24M, Peak:280.09M | Scene, ViewLayer | Updating Geometry BVH common_master_bedroom_bed_01_duvet_mesh 816/1281 | Building BVH
Fra:1 Mem:618.38M (Peak 618.52M) | Time:00:02.40 | Mem:262.30M, Peak:280.09M | Scene, ViewLayer | Updating Geometry BVH lt_spot_liv02 1085/1281 | Building BVH
Fra:1 Mem:618.38M (Peak 618.52M) | Time:00:02.40 | Mem:262.29M, Peak:280.09M | Scene, ViewLayer | Updating Geometry BVH common_master_bedroom_bed_01_duvetdrop_mesh 817/1281 | Building BVH
Fra:1 Mem:618.38M (Peak 618.52M) | Time:00:02.40 | Mem:262.30M, Peak:280.09M | Scene, ViewLayer | Updating Geometry BVH common_master_bedroom_bed_01_duvetdrop2_mesh 818/1281 | Building BVH
Fra:1 Mem:618.38M (Peak 618.52M) | Time:00:02.40 | Mem:262.30M, Peak:280.09M | Scene, ViewLayer | Updating Geometry BVH common_master_bedroom_bed_01_pillow1_mesh 819/1281 | Building BVH
Fra:1 Mem:618.38M (Peak 618.52M) | Time:00:02.40 | Mem:262.30M, Peak:280.09M | Scene, ViewLayer | Updating Geometry BVH common_master_bedroom_bed_01_throw_mesh 821/1281 | Building BVH
Fra:1 Mem:618.38M (Peak 618.52M) | Time:00:02.40 | Mem:262.30M, Peak:280.09M | Scene, ViewLayer | Updating Geometry BVH common_master_bedroom_headboard_01_pad_mesh 822/1281 | Building BVH
Fra:1 Mem:618.38M (Peak 618.52M) | Time:00:02.40 | Mem:262.32M, Peak:280.09M | Scene, ViewLayer | Updating Geometry BVH common_master_bedroom_nightstand_01_drw_f0_mesh 825/1281 | Building BVH
Fra:1 Mem:618.38M (Peak 618.52M) | Time:00:02.40 | Mem:262.32M, Peak:280.09M | Scene, ViewLayer | Updating Geometry BVH common_master_bedroom_nightstand_01_drw_p0_mesh 826/1281 | Building BVH
Fra:1 Mem:618.38M (Peak 618.52M) | Time:00:02.40 | Mem:262.32M, Peak:280.09M | Scene, ViewLayer | Updating Geometry BVH common_master_bedroom_nightstand_01_leg0_mesh 827/1281 | Building BVH
Fra:1 Mem:618.38M (Peak 618.52M) | Time:00:02.40 | Mem:262.41M, Peak:280.09M | Scene, ViewLayer | Updating Geometry BVH common_master_bedroom_nightstand_01_leg1_mesh 828/1281 | Building BVH
Fra:1 Mem:618.38M (Peak 618.52M) | Time:00:02.40 | Mem:262.46M, Peak:280.09M | Scene, ViewLayer | Updating Geometry BVH lt_spot_liv01 1084/1281 | Building BVH
Fra:1 Mem:618.38M (Peak 618.52M) | Time:00:02.41 | Mem:262.46M, Peak:280.09M | Scene, ViewLayer | Updating Geometry BVH common_master_bedroom_nightstand_01_leg2_mesh 829/1281 | Building BVH
Fra:1 Mem:618.38M (Peak 618.52M) | Time:00:02.41 | Mem:262.46M, Peak:280.09M | Scene, ViewLayer | Updating Geometry BVH common_master_bedroom_nightstand_01_leg3_mesh 830/1281 | Building BVH
Fra:1 Mem:618.38M (Peak 618.52M) | Time:00:02.41 | Mem:262.46M, Peak:280.09M | Scene, ViewLayer | Updating Geometry BVH common_master_bedroom_nightstand_02_drw_f0_mesh 833/1281 | Building BVH
Fra:1 Mem:618.38M (Peak 618.52M) | Time:00:02.41 | Mem:262.47M, Peak:280.09M | Scene, ViewLayer | Updating Geometry BVH lt_spot_liv00 1083/1281 | Building BVH
Fra:1 Mem:618.38M (Peak 618.52M) | Time:00:02.41 | Mem:262.47M, Peak:280.09M | Scene, ViewLayer | Updating Geometry BVH common_master_bedroom_nightstand_02_drw_p0_mesh 834/1281 | Building BVH
Fra:1 Mem:618.38M (Peak 618.52M) | Time:00:02.41 | Mem:262.48M, Peak:280.09M | Scene, ViewLayer | Updating Geometry BVH common_master_bedroom_nightstand_02_leg0_mesh 835/1281 | Building BVH
Fra:1 Mem:618.38M (Peak 618.52M) | Time:00:02.41 | Mem:262.49M, Peak:280.09M | Scene, ViewLayer | Updating Geometry BVH common_master_bedroom_nightstand_02_leg1_mesh 836/1281 | Building BVH
Fra:1 Mem:618.38M (Peak 618.52M) | Time:00:02.41 | Mem:262.56M, Peak:280.09M | Scene, ViewLayer | Updating Geometry BVH lt_sun 1082/1281 | Building BVH
Fra:1 Mem:618.38M (Peak 618.52M) | Time:00:02.41 | Mem:262.56M, Peak:280.09M | Scene, ViewLayer | Updating Geometry BVH common_master_bedroom_nightstand_02_leg3_mesh 838/1281 | Building BVH
Fra:1 Mem:618.38M (Peak 618.52M) | Time:00:02.41 | Mem:262.55M, Peak:280.09M | Scene, ViewLayer | Updating Geometry BVH common_master_bedroom_desk_01_leg0_mesh 841/1281 | Building BVH
Fra:1 Mem:618.38M (Peak 618.52M) | Time:00:02.41 | Mem:262.55M, Peak:280.09M | Scene, ViewLayer | Updating Geometry BVH common_master_bedroom_desk_01_leg1_mesh 842/1281 | Building BVH
Fra:1 Mem:618.38M (Peak 618.52M) | Time:00:02.41 | Mem:262.55M, Peak:280.09M | Scene, ViewLayer | Updating Geometry BVH common_master_bedroom_desk_01_leg3_mesh 844/1281 | Building BVH
Fra:1 Mem:618.38M (Peak 618.52M) | Time:00:02.41 | Mem:262.55M, Peak:280.09M | Scene, ViewLayer | Updating Geometry BVH common_master_bedroom_desk_01_monstand_mesh 846/1281 | Building BVH
Fra:1 Mem:618.38M (Peak 618.52M) | Time:00:02.41 | Mem:262.55M, Peak:280.09M | Scene, ViewLayer | Updating Geometry BVH common_master_bedroom_chair_01_seat_mesh 847/1281 | Building BVH
Fra:1 Mem:618.38M (Peak 618.52M) | Time:00:02.41 | Mem:262.56M, Peak:280.09M | Scene, ViewLayer | Updating Geometry BVH common_master_bedroom_chair_01_back_mesh 848/1281 | Building BVH
Fra:1 Mem:618.38M (Peak 618.52M) | Time:00:02.41 | Mem:262.57M, Peak:280.09M | Scene, ViewLayer | Updating Geometry BVH common_master_bedroom_chair_01_post_mesh 849/1281 | Building BVH
Fra:1 Mem:618.38M (Peak 618.52M) | Time:00:02.41 | Mem:262.58M, Peak:280.09M | Scene, ViewLayer | Updating Geometry BVH common_master_bedroom_chair_01_base_mesh 850/1281 | Building BVH
Fra:1 Mem:618.38M (Peak 618.52M) | Time:00:02.41 | Mem:262.58M, Peak:280.09M | Scene, ViewLayer | Updating Geometry BVH common_master_bedroom_rug_01_pile_mesh 851/1281 | Building BVH
Fra:1 Mem:618.38M (Peak 618.52M) | Time:00:02.41 | Mem:262.72M, Peak:280.09M | Scene, ViewLayer | Updating Geometry BVH fx_fiddle_leaf6_mesh 1081/1281 | Building BVH
Fra:1 Mem:618.38M (Peak 618.52M) | Time:00:02.41 | Mem:262.73M, Peak:280.09M | Scene, ViewLayer | Updating Geometry BVH common_terrace_coffee_table_01_top_mesh 852/1281 | Building BVH
Fra:1 Mem:618.38M (Peak 618.52M) | Time:00:02.41 | Mem:262.73M, Peak:280.09M | Scene, ViewLayer | Updating Geometry BVH common_terrace_coffee_table_01_leg0_mesh 853/1281 | Building BVH
Fra:1 Mem:618.38M (Peak 618.52M) | Time:00:02.41 | Mem:262.74M, Peak:280.09M | Scene, ViewLayer | Updating Geometry BVH common_terrace_coffee_table_01_leg1_mesh 854/1281 | Building BVH
Fra:1 Mem:618.38M (Peak 618.52M) | Time:00:02.41 | Mem:262.74M, Peak:280.09M | Scene, ViewLayer | Updating Geometry BVH common_terrace_coffee_table_01_leg2_mesh 855/1281 | Building BVH
Fra:1 Mem:618.38M (Peak 618.52M) | Time:00:02.41 | Mem:262.74M, Peak:280.09M | Scene, ViewLayer | Updating Geometry BVH common_terrace_lounge_chair_01_seat_mesh 856/1281 | Building BVH
Fra:1 Mem:618.38M (Peak 618.52M) | Time:00:02.41 | Mem:262.74M, Peak:280.09M | Scene, ViewLayer | Updating Geometry BVH common_terrace_lounge_chair_01_cushion_mesh 857/1281 | Building BVH
Fra:1 Mem:618.38M (Peak 618.52M) | Time:00:02.41 | Mem:262.75M, Peak:280.09M | Scene, ViewLayer | Updating Geometry BVH common_terrace_lounge_chair_01_back1_mesh 859/1281 | Building BVH
Fra:1 Mem:618.38M (Peak 618.52M) | Time:00:02.41 | Mem:262.75M, Peak:280.09M | Scene, ViewLayer | Updating Geometry BVH common_terrace_lounge_chair_01_back2_mesh 860/1281 | Building BVH
Fra:1 Mem:618.38M (Peak 618.52M) | Time:00:02.41 | Mem:262.77M, Peak:280.09M | Scene, ViewLayer | Updating Geometry BVH common_terrace_lounge_chair_01_arm-1_mesh 861/1281 | Building BVH
Fra:1 Mem:618.38M (Peak 618.52M) | Time:00:02.41 | Mem:262.78M, Peak:280.09M | Scene, ViewLayer | Updating Geometry BVH common_terrace_lounge_chair_01_armp-1_mesh 862/1281 | Building BVH
Fra:1 Mem:618.38M (Peak 618.52M) | Time:00:02.41 | Mem:262.80M, Peak:280.09M | Scene, ViewLayer | Updating Geometry BVH common_terrace_lounge_chair_01_arm1_mesh 863/1281 | Building BVH
Fra:1 Mem:618.38M (Peak 618.52M) | Time:00:02.41 | Mem:262.89M, Peak:280.09M | Scene, ViewLayer | Updating Geometry BVH common_terrace_lounge_chair_01_armp1_mesh 864/1281 | Building BVH
Fra:1 Mem:618.38M (Peak 618.52M) | Time:00:02.41 | Mem:262.89M, Peak:280.09M | Scene, ViewLayer | Updating Geometry BVH common_terrace_lounge_chair_01_leg0_mesh 865/1281 | Building BVH
Fra:1 Mem:618.38M (Peak 618.52M) | Time:00:02.41 | Mem:262.90M, Peak:280.09M | Scene, ViewLayer | Updating Geometry BVH common_terrace_lounge_chair_01_leg1_mesh 866/1281 | Building BVH
Fra:1 Mem:618.38M (Peak 618.52M) | Time:00:02.41 | Mem:262.91M, Peak:280.09M | Scene, ViewLayer | Updating Geometry BVH common_terrace_lounge_chair_01_leg2_mesh 867/1281 | Building BVH
Fra:1 Mem:618.38M (Peak 618.52M) | Time:00:02.41 | Mem:262.94M, Peak:280.09M | Scene, ViewLayer | Updating Geometry BVH common_terrace_lounge_chair_01_leg3_mesh 868/1281 | Building BVH
Fra:1 Mem:618.38M (Peak 618.52M) | Time:00:02.41 | Mem:262.94M, Peak:280.09M | Scene, ViewLayer | Updating Geometry BVH common_terrace_lounge_chair_02_seat_mesh 869/1281 | Building BVH
Fra:1 Mem:618.38M (Peak 618.52M) | Time:00:02.41 | Mem:262.95M, Peak:280.09M | Scene, ViewLayer | Updating Geometry BVH common_terrace_lounge_chair_02_cushion_mesh 870/1281 | Building BVH
Fra:1 Mem:618.38M (Peak 618.52M) | Time:00:02.41 | Mem:262.95M, Peak:280.09M | Scene, ViewLayer | Updating Geometry BVH common_terrace_lounge_chair_02_back0_mesh 871/1281 | Building BVH
Fra:1 Mem:618.38M (Peak 618.52M) | Time:00:02.41 | Mem:262.95M, Peak:280.09M | Scene, ViewLayer | Updating Geometry BVH common_terrace_lounge_chair_02_back1_mesh 872/1281 | Building BVH
Fra:1 Mem:618.38M (Peak 618.52M) | Time:00:02.41 | Mem:262.97M, Peak:280.09M | Scene, ViewLayer | Updating Geometry BVH common_terrace_lounge_chair_02_back2_mesh 873/1281 | Building BVH
Fra:1 Mem:618.38M (Peak 618.52M) | Time:00:02.41 | Mem:262.99M, Peak:280.09M | Scene, ViewLayer | Updating Geometry BVH common_terrace_lounge_chair_02_arm-1_mesh 874/1281 | Building BVH
Fra:1 Mem:618.38M (Peak 618.52M) | Time:00:02.41 | Mem:263.07M, Peak:280.09M | Scene, ViewLayer | Updating Geometry BVH fx_fiddle_leaf5_mesh 1080/1281 | Building BVH
Fra:1 Mem:618.38M (Peak 618.52M) | Time:00:02.41 | Mem:263.06M, Peak:280.09M | Scene, ViewLayer | Updating Geometry BVH common_terrace_lounge_chair_02_armp-1_mesh 875/1281 | Building BVH
Fra:1 Mem:618.38M (Peak 618.52M) | Time:00:02.41 | Mem:263.06M, Peak:280.09M | Scene, ViewLayer | Updating Geometry BVH common_terrace_lounge_chair_02_arm1_mesh 876/1281 | Building BVH
Fra:1 Mem:618.38M (Peak 618.52M) | Time:00:02.41 | Mem:263.06M, Peak:280.09M | Scene, ViewLayer | Updating Geometry BVH common_terrace_lounge_chair_02_armp1_mesh 877/1281 | Building BVH
Fra:1 Mem:618.38M (Peak 618.52M) | Time:00:02.41 | Mem:263.11M, Peak:280.09M | Scene, ViewLayer | Updating Geometry BVH common_terrace_lounge_chair_02_leg0_mesh 878/1281 | Building BVH
Fra:1 Mem:618.38M (Peak 618.52M) | Time:00:02.41 | Mem:263.11M, Peak:280.09M | Scene, ViewLayer | Updating Geometry BVH common_terrace_lounge_chair_02_leg1_mesh 879/1281 | Building BVH
Fra:1 Mem:618.38M (Peak 618.52M) | Time:00:02.41 | Mem:263.10M, Peak:280.09M | Scene, ViewLayer | Updating Geometry BVH common_terrace_lounge_chair_02_leg2_mesh 880/1281 | Building BVH
Fra:1 Mem:618.38M (Peak 618.52M) | Time:00:02.41 | Mem:263.10M, Peak:280.09M | Scene, ViewLayer | Updating Geometry BVH common_terrace_lounge_chair_02_leg3_mesh 881/1281 | Building BVH
Fra:1 Mem:618.38M (Peak 618.52M) | Time:00:02.41 | Mem:263.11M, Peak:280.09M | Scene, ViewLayer | Updating Geometry BVH common_terrace_plant_01_pot_mesh 882/1281 | Building BVH
Fra:1 Mem:618.38M (Peak 618.52M) | Time:00:02.41 | Mem:263.13M, Peak:280.09M | Scene, ViewLayer | Updating Geometry BVH common_terrace_plant_01_stem_mesh 883/1281 | Building BVH
Fra:1 Mem:618.38M (Peak 618.52M) | Time:00:02.41 | Mem:263.13M, Peak:280.09M | Scene, ViewLayer | Updating Geometry BVH common_terrace_plant_01_leaf0_mesh 884/1281 | Building BVH
Fra:1 Mem:618.38M (Peak 618.52M) | Time:00:02.41 | Mem:263.14M, Peak:280.09M | Scene, ViewLayer | Updating Geometry BVH common_terrace_plant_01_leaf1_mesh 885/1281 | Building BVH
Fra:1 Mem:618.38M (Peak 618.52M) | Time:00:02.41 | Mem:263.15M, Peak:280.09M | Scene, ViewLayer | Updating Geometry BVH common_terrace_plant_01_leaf3_mesh 887/1281 | Building BVH
Fra:1 Mem:618.38M (Peak 618.52M) | Time:00:02.41 | Mem:263.15M, Peak:280.09M | Scene, ViewLayer | Updating Geometry BVH common_terrace_plant_01_leaf4_mesh 888/1281 | Building BVH
Fra:1 Mem:618.38M (Peak 618.52M) | Time:00:02.41 | Mem:263.15M, Peak:280.09M | Scene, ViewLayer | Updating Geometry BVH common_terrace_plant_01_leaf5_mesh 889/1281 | Building BVH
Fra:1 Mem:618.38M (Peak 618.52M) | Time:00:02.41 | Mem:263.17M, Peak:280.09M | Scene, ViewLayer | Updating Geometry BVH fx_fiddle_leaf4_mesh 1079/1281 | Building BVH
Fra:1 Mem:618.38M (Peak 618.52M) | Time:00:02.41 | Mem:263.18M, Peak:280.09M | Scene, ViewLayer | Updating Geometry BVH common_terrace_plant_02_pot_mesh 890/1281 | Building BVH
Fra:1 Mem:618.38M (Peak 618.52M) | Time:00:02.41 | Mem:263.17M, Peak:280.09M | Scene, ViewLayer | Updating Geometry BVH common_terrace_plant_02_stem_mesh 891/1281 | Building BVH
Fra:1 Mem:618.38M (Peak 618.52M) | Time:00:02.41 | Mem:263.18M, Peak:280.09M | Scene, ViewLayer | Updating Geometry BVH common_terrace_plant_02_leaf0_mesh 892/1281 | Building BVH
Fra:1 Mem:618.38M (Peak 618.52M) | Time:00:02.41 | Mem:263.27M, Peak:280.09M | Scene, ViewLayer | Updating Geometry BVH common_terrace_plant_02_leaf1_mesh 893/1281 | Building BVH
Fra:1 Mem:618.38M (Peak 618.52M) | Time:00:02.41 | Mem:263.27M, Peak:280.09M | Scene, ViewLayer | Updating Geometry BVH common_terrace_plant_02_leaf2_mesh 894/1281 | Building BVH
Fra:1 Mem:618.38M (Peak 618.52M) | Time:00:02.41 | Mem:263.27M, Peak:280.09M | Scene, ViewLayer | Updating Geometry BVH common_terrace_plant_02_leaf3_mesh 895/1281 | Building BVH
Fra:1 Mem:618.38M (Peak 618.52M) | Time:00:02.41 | Mem:263.28M, Peak:280.09M | Scene, ViewLayer | Updating Geometry BVH common_terrace_plant_02_leaf4_mesh 896/1281 | Building BVH
Fra:1 Mem:618.38M (Peak 618.52M) | Time:00:02.41 | Mem:263.28M, Peak:280.09M | Scene, ViewLayer | Updating Geometry BVH fx_fiddle_leaf3_mesh 1078/1281 | Building BVH
Fra:1 Mem:618.38M (Peak 618.52M) | Time:00:02.41 | Mem:263.30M, Peak:280.09M | Scene, ViewLayer | Updating Geometry BVH common_terrace_plant_02_leaf5_mesh 897/1281 | Building BVH
Fra:1 Mem:618.38M (Peak 618.52M) | Time:00:02.41 | Mem:263.32M, Peak:280.09M | Scene, ViewLayer | Updating Geometry BVH common_terrace_plant_03_pot_mesh 898/1281 | Building BVH
Fra:1 Mem:618.38M (Peak 618.52M) | Time:00:02.41 | Mem:263.32M, Peak:280.09M | Scene, ViewLayer | Updating Geometry BVH common_terrace_plant_03_stem_mesh 899/1281 | Building BVH
Fra:1 Mem:618.38M (Peak 618.52M) | Time:00:02.41 | Mem:263.32M, Peak:280.09M | Scene, ViewLayer | Updating Geometry BVH common_terrace_plant_03_leaf0_mesh 900/1281 | Building BVH
Fra:1 Mem:618.38M (Peak 618.52M) | Time:00:02.41 | Mem:263.32M, Peak:280.09M | Scene, ViewLayer | Updating Geometry BVH common_terrace_plant_03_leaf1_mesh 901/1281 | Building BVH
Fra:1 Mem:618.38M (Peak 618.52M) | Time:00:02.41 | Mem:263.32M, Peak:280.09M | Scene, ViewLayer | Updating Geometry BVH common_terrace_plant_03_leaf2_mesh 902/1281 | Building BVH
Fra:1 Mem:618.38M (Peak 618.52M) | Time:00:02.41 | Mem:263.33M, Peak:280.09M | Scene, ViewLayer | Updating Geometry BVH common_terrace_plant_03_leaf3_mesh 903/1281 | Building BVH
Fra:1 Mem:618.38M (Peak 618.52M) | Time:00:02.41 | Mem:263.37M, Peak:280.09M | Scene, ViewLayer | Updating Geometry BVH common_terrace_plant_03_leaf4_mesh 904/1281 | Building BVH
Fra:1 Mem:618.38M (Peak 618.52M) | Time:00:02.41 | Mem:263.41M, Peak:280.09M | Scene, ViewLayer | Updating Geometry BVH common_terrace_plant_03_leaf5_mesh 905/1281 | Building BVH
Fra:1 Mem:618.38M (Peak 618.52M) | Time:00:02.41 | Mem:263.41M, Peak:280.09M | Scene, ViewLayer | Updating Geometry BVH common_terrace_plant_04_pot_mesh 906/1281 | Building BVH
Fra:1 Mem:618.38M (Peak 618.52M) | Time:00:02.41 | Mem:263.41M, Peak:280.09M | Scene, ViewLayer | Updating Geometry BVH common_terrace_plant_04_stem_mesh 907/1281 | Building BVH
Fra:1 Mem:618.38M (Peak 618.52M) | Time:00:02.41 | Mem:263.41M, Peak:280.09M | Scene, ViewLayer | Updating Geometry BVH common_terrace_plant_04_leaf0_mesh 908/1281 | Building BVH
Fra:1 Mem:618.38M (Peak 618.52M) | Time:00:02.41 | Mem:263.40M, Peak:280.09M | Scene, ViewLayer | Updating Geometry BVH common_terrace_plant_04_leaf1_mesh 909/1281 | Building BVH
Fra:1 Mem:618.38M (Peak 618.52M) | Time:00:02.41 | Mem:263.40M, Peak:280.09M | Scene, ViewLayer | Updating Geometry BVH common_terrace_plant_04_leaf2_mesh 910/1281 | Building BVH
Fra:1 Mem:618.38M (Peak 618.52M) | Time:00:02.41 | Mem:263.41M, Peak:280.09M | Scene, ViewLayer | Updating Geometry BVH common_terrace_plant_04_leaf3_mesh 911/1281 | Building BVH
Fra:1 Mem:618.38M (Peak 618.52M) | Time:00:02.41 | Mem:263.42M, Peak:280.09M | Scene, ViewLayer | Updating Geometry BVH common_terrace_plant_04_leaf4_mesh 912/1281 | Building BVH
Fra:1 Mem:618.38M (Peak 618.52M) | Time:00:02.41 | Mem:263.43M, Peak:280.09M | Scene, ViewLayer | Updating Geometry BVH common_terrace_plant_04_leaf5_mesh 913/1281 | Building BVH
Fra:1 Mem:618.38M (Peak 618.52M) | Time:00:02.41 | Mem:263.44M, Peak:280.09M | Scene, ViewLayer | Updating Geometry BVH common_parents_room_bed_01_frame_mesh 914/1281 | Building BVH
Fra:1 Mem:618.38M (Peak 618.52M) | Time:00:02.41 | Mem:263.50M, Peak:280.09M | Scene, ViewLayer | Updating Geometry BVH common_parents_room_bed_01_mattress_mesh 915/1281 | Building BVH
Fra:1 Mem:618.38M (Peak 618.52M) | Time:00:02.42 | Mem:263.50M, Peak:280.09M | Scene, ViewLayer | Updating Geometry BVH common_parents_room_bed_01_headboard_mesh 916/1281 | Building BVH
Fra:1 Mem:618.38M (Peak 618.52M) | Time:00:02.42 | Mem:263.52M, Peak:280.09M | Scene, ViewLayer | Updating Geometry BVH common_parents_room_bed_01_duvet_mesh 917/1281 | Building BVH
Fra:1 Mem:618.38M (Peak 618.52M) | Time:00:02.42 | Mem:263.52M, Peak:280.09M | Scene, ViewLayer | Updating Geometry BVH common_parents_room_bed_01_duvetdrop_mesh 918/1281 | Building BVH
Fra:1 Mem:618.38M (Peak 618.52M) | Time:00:02.42 | Mem:263.55M, Peak:280.09M | Scene, ViewLayer | Updating Geometry BVH common_parents_room_bed_01_duvetdrop2_mesh 919/1281 | Building BVH
Fra:1 Mem:618.38M (Peak 618.52M) | Time:00:02.42 | Mem:263.58M, Peak:280.09M | Scene, ViewLayer | Updating Geometry BVH common_parents_room_bed_01_pillow1_mesh 920/1281 | Building BVH
Fra:1 Mem:618.38M (Peak 618.52M) | Time:00:02.42 | Mem:263.59M, Peak:280.09M | Scene, ViewLayer | Updating Geometry BVH common_parents_room_bed_01_pillow2_mesh 921/1281 | Building BVH
Fra:1 Mem:618.38M (Peak 618.52M) | Time:00:02.42 | Mem:263.61M, Peak:280.09M | Scene, ViewLayer | Updating Geometry BVH common_parents_room_bed_01_throw_mesh 922/1281 | Building BVH
Fra:1 Mem:618.38M (Peak 618.52M) | Time:00:02.42 | Mem:263.64M, Peak:280.09M | Scene, ViewLayer | Updating Geometry BVH common_parents_room_nightstand_01_body_mesh 923/1281 | Building BVH
Fra:1 Mem:618.38M (Peak 618.52M) | Time:00:02.42 | Mem:263.64M, Peak:280.09M | Scene, ViewLayer | Updating Geometry BVH common_parents_room_nightstand_01_drw_gapbg_mesh 924/1281 | Building BVH
Fra:1 Mem:618.38M (Peak 618.52M) | Time:00:02.42 | Mem:263.64M, Peak:280.09M | Scene, ViewLayer | Updating Geometry BVH common_parents_room_nightstand_01_drw_f0_mesh 925/1281 | Building BVH
Fra:1 Mem:618.39M (Peak 618.52M) | Time:00:02.42 | Mem:263.66M, Peak:280.09M | Scene, ViewLayer | Updating Geometry BVH common_parents_room_nightstand_01_drw_p0_mesh 926/1281 | Building BVH
Fra:1 Mem:618.39M (Peak 618.52M) | Time:00:02.42 | Mem:263.68M, Peak:280.09M | Scene, ViewLayer | Updating Geometry BVH common_parents_room_nightstand_01_leg0_mesh 927/1281 | Building BVH
Fra:1 Mem:618.39M (Peak 618.52M) | Time:00:02.42 | Mem:263.68M, Peak:280.09M | Scene, ViewLayer | Updating Geometry BVH common_parents_room_nightstand_01_leg1_mesh 928/1281 | Building BVH
Fra:1 Mem:618.39M (Peak 618.52M) | Time:00:02.42 | Mem:263.68M, Peak:280.09M | Scene, ViewLayer | Updating Geometry BVH common_parents_room_nightstand_01_leg2_mesh 929/1281 | Building BVH
Fra:1 Mem:618.39M (Peak 618.52M) | Time:00:02.42 | Mem:263.69M, Peak:280.09M | Scene, ViewLayer | Updating Geometry BVH common_parents_room_nightstand_01_leg3_mesh 930/1281 | Building BVH
Fra:1 Mem:618.39M (Peak 618.52M) | Time:00:02.42 | Mem:263.69M, Peak:280.09M | Scene, ViewLayer | Updating Geometry BVH common_parents_room_cushion_01_pad_mesh 931/1281 | Building BVH
Fra:1 Mem:618.39M (Peak 618.52M) | Time:00:02.42 | Mem:263.73M, Peak:280.09M | Scene, ViewLayer | Updating Geometry BVH fx_fiddle_leaf1_mesh 1076/1281 | Building BVH
Fra:1 Mem:618.39M (Peak 618.52M) | Time:00:02.42 | Mem:263.73M, Peak:280.09M | Scene, ViewLayer | Updating Geometry BVH common_parents_room_cushion_01_pil_olive_mesh 932/1281 | Building BVH
Fra:1 Mem:618.39M (Peak 618.52M) | Time:00:02.42 | Mem:263.73M, Peak:280.09M | Scene, ViewLayer | Updating Geometry BVH common_parents_room_shelf_01_side0_mesh 934/1281 | Building BVH
Fra:1 Mem:618.39M (Peak 618.52M) | Time:00:02.42 | Mem:263.73M, Peak:280.09M | Scene, ViewLayer | Updating Geometry BVH common_parents_room_shelf_01_side1_mesh 935/1281 | Building BVH
Fra:1 Mem:618.39M (Peak 618.52M) | Time:00:02.42 | Mem:263.73M, Peak:280.09M | Scene, ViewLayer | Updating Geometry BVH common_parents_room_shelf_01_top_mesh 936/1281 | Building BVH
Fra:1 Mem:618.39M (Peak 618.52M) | Time:00:02.42 | Mem:263.74M, Peak:280.09M | Scene, ViewLayer | Updating Geometry BVH common_parents_room_shelf_02_side0_mesh 938/1281 | Building BVH
Fra:1 Mem:618.39M (Peak 618.52M) | Time:00:02.42 | Mem:263.77M, Peak:280.09M | Scene, ViewLayer | Updating Geometry BVH common_parents_room_shelf_02_side1_mesh 939/1281 | Building BVH
Fra:1 Mem:618.39M (Peak 618.52M) | Time:00:02.42 | Mem:263.79M, Peak:280.09M | Scene, ViewLayer | Updating Geometry BVH common_parents_room_shelf_02_top_mesh 940/1281 | Building BVH
Fra:1 Mem:618.39M (Peak 618.52M) | Time:00:02.42 | Mem:263.83M, Peak:280.09M | Scene, ViewLayer | Updating Geometry BVH common_parents_room_shelf_02_sh1_mesh 941/1281 | Building BVH
Fra:1 Mem:618.39M (Peak 618.52M) | Time:00:02.42 | Mem:263.83M, Peak:280.09M | Scene, ViewLayer | Updating Geometry BVH common_daughter_room_wardrobe_01_slA_f0_mesh 943/1281 | Building BVH
Fra:1 Mem:618.39M (Peak 618.52M) | Time:00:02.42 | Mem:263.87M, Peak:280.09M | Scene, ViewLayer | Updating Geometry BVH common_daughter_room_wardrobe_01_slA_f1_mesh 944/1281 | Building BVH
Fra:1 Mem:618.39M (Peak 618.52M) | Time:00:02.42 | Mem:263.89M, Peak:280.09M | Scene, ViewLayer | Updating Geometry BVH common_daughter_room_wardrobe_01_slB_f0_mesh 945/1281 | Building BVH
Fra:1 Mem:618.39M (Peak 618.52M) | Time:00:02.42 | Mem:263.89M, Peak:280.09M | Scene, ViewLayer | Updating Geometry BVH common_daughter_room_wardrobe_01_slB_f1_mesh 946/1281 | Building BVH
Fra:1 Mem:618.39M (Peak 618.52M) | Time:00:02.42 | Mem:263.92M, Peak:280.09M | Scene, ViewLayer | Updating Geometry BVH common_daughter_room_wardrobe_02_body_mesh 947/1281 | Building BVH
Fra:1 Mem:618.39M (Peak 618.52M) | Time:00:02.42 | Mem:263.92M, Peak:280.09M | Scene, ViewLayer | Updating Geometry BVH common_daughter_room_wardrobe_02_slA_f0_mesh 948/1281 | Building BVH
Fra:1 Mem:618.39M (Peak 618.52M) | Time:00:02.42 | Mem:263.92M, Peak:280.09M | Scene, ViewLayer | Updating Geometry BVH common_daughter_room_wardrobe_02_slA_f1_mesh 949/1281 | Building BVH
Fra:1 Mem:618.39M (Peak 618.52M) | Time:00:02.42 | Mem:263.92M, Peak:280.09M | Scene, ViewLayer | Updating Geometry BVH common_daughter_room_wardrobe_02_slB_f1_mesh 951/1281 | Building BVH
Fra:1 Mem:618.39M (Peak 618.52M) | Time:00:02.42 | Mem:263.93M, Peak:280.09M | Scene, ViewLayer | Updating Geometry BVH common_daughter_room_bed_01_frame_mesh 952/1281 | Building BVH
Fra:1 Mem:618.39M (Peak 618.52M) | Time:00:02.42 | Mem:263.93M, Peak:280.09M | Scene, ViewLayer | Updating Geometry BVH common_daughter_room_bed_01_mattress_mesh 953/1281 | Building BVH
Fra:1 Mem:618.39M (Peak 618.52M) | Time:00:02.42 | Mem:263.97M, Peak:280.09M | Scene, ViewLayer | Updating Geometry BVH common_daughter_room_bed_01_headboard_mesh 954/1281 | Building BVH
Fra:1 Mem:618.39M (Peak 618.52M) | Time:00:02.42 | Mem:264.02M, Peak:280.09M | Scene, ViewLayer | Updating Geometry BVH common_daughter_room_bed_01_duvet_mesh 955/1281 | Building BVH
Fra:1 Mem:618.39M (Peak 618.52M) | Time:00:02.42 | Mem:264.05M, Peak:280.09M | Scene, ViewLayer | Updating Geometry BVH common_daughter_room_bed_01_duvetdrop_mesh 956/1281 | Building BVH
Fra:1 Mem:618.39M (Peak 618.52M) | Time:00:02.42 | Mem:264.05M, Peak:280.09M | Scene, ViewLayer | Updating Geometry BVH common_daughter_room_bed_01_duvetdrop2_mesh 957/1281 | Building BVH
Fra:1 Mem:618.39M (Peak 618.52M) | Time:00:02.42 | Mem:264.05M, Peak:280.09M | Scene, ViewLayer | Updating Geometry BVH common_daughter_room_bed_01_pillow1_mesh 958/1281 | Building BVH
Fra:1 Mem:618.39M (Peak 618.52M) | Time:00:02.42 | Mem:264.07M, Peak:280.09M | Scene, ViewLayer | Updating Geometry BVH common_daughter_room_bed_01_pillow2_mesh 959/1281 | Building BVH
Fra:1 Mem:618.39M (Peak 618.52M) | Time:00:02.42 | Mem:264.07M, Peak:280.09M | Scene, ViewLayer | Updating Geometry BVH common_daughter_room_bed_01_pillow_acc_mesh 960/1281 | Building BVH
Fra:1 Mem:618.39M (Peak 618.52M) | Time:00:02.42 | Mem:264.07M, Peak:280.09M | Scene, ViewLayer | Updating Geometry BVH common_daughter_room_shelf_01_side0_mesh 962/1281 | Building BVH
Fra:1 Mem:618.39M (Peak 618.52M) | Time:00:02.42 | Mem:264.09M, Peak:280.09M | Scene, ViewLayer | Updating Geometry BVH common_daughter_room_shelf_01_side1_mesh 963/1281 | Building BVH
Fra:1 Mem:618.39M (Peak 618.52M) | Time:00:02.42 | Mem:264.16M, Peak:280.09M | Scene, ViewLayer | Updating Geometry BVH common_daughter_room_shelf_01_top_mesh 964/1281 | Building BVH
Fra:1 Mem:618.39M (Peak 618.52M) | Time:00:02.42 | Mem:264.19M, Peak:280.09M | Scene, ViewLayer | Updating Geometry BVH common_daughter_room_shelf_01_sh1_mesh 965/1281 | Building BVH
Fra:1 Mem:618.39M (Peak 618.52M) | Time:00:02.42 | Mem:264.21M, Peak:280.09M | Scene, ViewLayer | Updating Geometry BVH common_daughter_room_shelf_01_sh2_mesh 966/1281 | Building BVH
Fra:1 Mem:618.39M (Peak 618.52M) | Time:00:02.42 | Mem:264.21M, Peak:280.09M | Scene, ViewLayer | Updating Geometry BVH common_daughter_room_desk_01_drawer_mesh 968/1281 | Building BVH
Fra:1 Mem:618.39M (Peak 618.52M) | Time:00:02.42 | Mem:264.21M, Peak:280.09M | Scene, ViewLayer | Updating Geometry BVH common_daughter_room_desk_01_leg0_mesh 969/1281 | Building BVH
Fra:1 Mem:618.39M (Peak 618.52M) | Time:00:02.42 | Mem:264.20M, Peak:280.09M | Scene, ViewLayer | Updating Geometry BVH common_daughter_room_desk_01_leg1_mesh 970/1281 | Building BVH
Fra:1 Mem:618.39M (Peak 618.52M) | Time:00:02.42 | Mem:264.21M, Peak:280.09M | Scene, ViewLayer | Updating Geometry BVH common_daughter_room_desk_01_leg2_mesh 971/1281 | Building BVH
Fra:1 Mem:618.39M (Peak 618.52M) | Time:00:02.42 | Mem:264.21M, Peak:280.09M | Scene, ViewLayer | Updating Geometry BVH common_daughter_room_desk_01_leg3_mesh 972/1281 | Building BVH
Fra:1 Mem:618.39M (Peak 618.52M) | Time:00:02.42 | Mem:264.22M, Peak:280.09M | Scene, ViewLayer | Updating Geometry BVH common_daughter_room_chair_01_seat_mesh 973/1281 | Building BVH
Fra:1 Mem:618.39M (Peak 618.52M) | Time:00:02.42 | Mem:264.29M, Peak:280.09M | Scene, ViewLayer | Updating Geometry BVH fx_fiddle_pot_mesh 1073/1281 | Building BVH
Fra:1 Mem:618.39M (Peak 618.52M) | Time:00:02.42 | Mem:264.29M, Peak:280.09M | Scene, ViewLayer | Updating Geometry BVH common_daughter_room_chair_01_back_mesh 974/1281 | Building BVH
Fra:1 Mem:618.39M (Peak 618.52M) | Time:00:02.42 | Mem:264.30M, Peak:280.09M | Scene, ViewLayer | Updating Geometry BVH common_daughter_room_chair_01_post_mesh 975/1281 | Building BVH
Fra:1 Mem:618.39M (Peak 618.52M) | Time:00:02.42 | Mem:264.31M, Peak:280.09M | Scene, ViewLayer | Updating Geometry BVH common_daughter_room_chair_01_base_mesh 976/1281 | Building BVH
Fra:1 Mem:618.39M (Peak 618.52M) | Time:00:02.42 | Mem:264.31M, Peak:280.09M | Scene, ViewLayer | Updating Geometry BVH common_son_room_wardrobe_01_body_mesh 977/1281 | Building BVH
Fra:1 Mem:618.39M (Peak 618.52M) | Time:00:02.42 | Mem:264.31M, Peak:280.09M | Scene, ViewLayer | Updating Geometry BVH common_son_room_wardrobe_01_slA_f0_mesh 978/1281 | Building BVH
Fra:1 Mem:618.39M (Peak 618.52M) | Time:00:02.42 | Mem:264.33M, Peak:280.09M | Scene, ViewLayer | Updating Geometry BVH common_son_room_wardrobe_01_slA_f1_mesh 979/1281 | Building BVH
Fra:1 Mem:618.39M (Peak 618.52M) | Time:00:02.42 | Mem:264.35M, Peak:280.09M | Scene, ViewLayer | Updating Geometry BVH common_son_room_wardrobe_01_slA_f2_mesh 980/1281 | Building BVH
Fra:1 Mem:618.39M (Peak 618.52M) | Time:00:02.42 | Mem:264.38M, Peak:280.09M | Scene, ViewLayer | Updating Geometry BVH common_son_room_wardrobe_01_slB_f0_mesh 981/1281 | Building BVH
Fra:1 Mem:618.39M (Peak 618.52M) | Time:00:02.42 | Mem:264.40M, Peak:280.09M | Scene, ViewLayer | Updating Geometry BVH common_son_room_wardrobe_01_slB_f1_mesh 982/1281 | Building BVH
Fra:1 Mem:618.39M (Peak 618.52M) | Time:00:02.42 | Mem:264.40M, Peak:280.09M | Scene, ViewLayer | Updating Geometry BVH fx_desk_book1_mesh 1072/1281 | Building BVH
Fra:1 Mem:618.39M (Peak 618.52M) | Time:00:02.42 | Mem:264.42M, Peak:280.09M | Scene, ViewLayer | Updating Geometry BVH common_son_room_wardrobe_01_slB_f2_mesh 983/1281 | Building BVH
Fra:1 Mem:618.39M (Peak 618.52M) | Time:00:02.42 | Mem:264.43M, Peak:280.09M | Scene, ViewLayer | Updating Geometry BVH common_son_room_bed_01_frame_mesh 984/1281 | Building BVH
Fra:1 Mem:618.39M (Peak 618.52M) | Time:00:02.42 | Mem:264.47M, Peak:280.09M | Scene, ViewLayer | Updating Geometry BVH common_son_room_bed_01_mattress_mesh 985/1281 | Building BVH
Fra:1 Mem:618.39M (Peak 618.52M) | Time:00:02.42 | Mem:264.47M, Peak:280.09M | Scene, ViewLayer | Updating Geometry BVH common_son_room_bed_01_duvet_mesh 987/1281 | Building BVH
Fra:1 Mem:618.39M (Peak 618.52M) | Time:00:02.42 | Mem:264.47M, Peak:280.09M | Scene, ViewLayer | Updating Geometry BVH common_son_room_bed_01_duvetdrop_mesh 988/1281 | Building BVH
Fra:1 Mem:618.39M (Peak 618.52M) | Time:00:02.42 | Mem:264.49M, Peak:280.09M | Scene, ViewLayer | Updating Geometry BVH common_son_room_bed_01_headboard_mesh 986/1281 | Building BVH
Fra:1 Mem:618.39M (Peak 618.52M) | Time:00:02.42 | Mem:264.49M, Peak:280.09M | Scene, ViewLayer | Updating Geometry BVH fx_desk_book0_mesh 1071/1281 | Building BVH
Fra:1 Mem:618.39M (Peak 618.52M) | Time:00:02.42 | Mem:264.49M, Peak:280.09M | Scene, ViewLayer | Updating Geometry BVH common_son_room_bed_01_pillow1_mesh 990/1281 | Building BVH
Fra:1 Mem:618.39M (Peak 618.52M) | Time:00:02.42 | Mem:264.51M, Peak:280.09M | Scene, ViewLayer | Updating Geometry BVH common_son_room_bed_01_pillow2_mesh 991/1281 | Building BVH
Fra:1 Mem:618.39M (Peak 618.52M) | Time:00:02.42 | Mem:264.59M, Peak:280.09M | Scene, ViewLayer | Updating Geometry BVH common_son_room_bed_01_pillow_acc_mesh 992/1281 | Building BVH
Fra:1 Mem:618.39M (Peak 618.52M) | Time:00:02.43 | Mem:264.60M, Peak:280.09M | Scene, ViewLayer | Updating Geometry BVH common_son_room_bed_01_throw_mesh 993/1281 | Building BVH
Fra:1 Mem:618.39M (Peak 618.52M) | Time:00:02.43 | Mem:264.60M, Peak:280.09M | Scene, ViewLayer | Updating Geometry BVH common_son_room_desk_01_top_mesh 994/1281 | Building BVH
Fra:1 Mem:618.39M (Peak 618.52M) | Time:00:02.43 | Mem:264.60M, Peak:280.09M | Scene, ViewLayer | Updating Geometry BVH common_son_room_desk_01_drawer_mesh 995/1281 | Building BVH
Fra:1 Mem:618.39M (Peak 618.52M) | Time:00:02.43 | Mem:264.61M, Peak:280.09M | Scene, ViewLayer | Updating Geometry BVH common_son_room_desk_01_leg0_mesh 996/1281 | Building BVH
Fra:1 Mem:618.39M (Peak 618.52M) | Time:00:02.43 | Mem:264.64M, Peak:280.09M | Scene, ViewLayer | Updating Geometry BVH common_son_room_desk_01_leg1_mesh 997/1281 | Building BVH
Fra:1 Mem:618.39M (Peak 618.52M) | Time:00:02.43 | Mem:264.67M, Peak:280.09M | Scene, ViewLayer | Updating Geometry BVH common_son_room_desk_01_leg2_mesh 998/1281 | Building BVH
Fra:1 Mem:618.39M (Peak 618.52M) | Time:00:02.43 | Mem:264.68M, Peak:280.09M | Scene, ViewLayer | Updating Geometry BVH common_son_room_desk_01_leg3_mesh 999/1281 | Building BVH
Fra:1 Mem:618.39M (Peak 618.52M) | Time:00:02.43 | Mem:264.68M, Peak:280.09M | Scene, ViewLayer | Updating Geometry BVH fx_bc_gpot2_mesh 1070/1281 | Building BVH
Fra:1 Mem:618.39M (Peak 618.52M) | Time:00:02.43 | Mem:264.68M, Peak:280.09M | Scene, ViewLayer | Updating Geometry BVH common_son_room_shelf_01_side0_mesh 1000/1281 | Building BVH
Fra:1 Mem:618.39M (Peak 618.52M) | Time:00:02.43 | Mem:264.68M, Peak:280.09M | Scene, ViewLayer | Updating Geometry BVH common_son_room_shelf_01_side1_mesh 1001/1281 | Building BVH
Fra:1 Mem:618.39M (Peak 618.52M) | Time:00:02.43 | Mem:264.67M, Peak:280.09M | Scene, ViewLayer | Updating Geometry BVH common_son_room_shelf_01_top_mesh 1002/1281 | Building BVH
Fra:1 Mem:618.39M (Peak 618.52M) | Time:00:02.43 | Mem:264.68M, Peak:280.09M | Scene, ViewLayer | Updating Geometry BVH common_son_room_shelf_01_sh1_mesh 1003/1281 | Building BVH
Fra:1 Mem:618.39M (Peak 618.52M) | Time:00:02.43 | Mem:264.71M, Peak:280.09M | Scene, ViewLayer | Updating Geometry BVH common_son_room_chair_01_seat_mesh 1004/1281 | Building BVH
Fra:1 Mem:618.39M (Peak 618.52M) | Time:00:02.43 | Mem:264.71M, Peak:280.09M | Scene, ViewLayer | Updating Geometry BVH common_son_room_chair_01_back_mesh 1005/1281 | Building BVH
Fra:1 Mem:618.39M (Peak 618.52M) | Time:00:02.43 | Mem:264.76M, Peak:280.09M | Scene, ViewLayer | Updating Geometry BVH common_son_room_chair_01_post_mesh 1006/1281 | Building BVH
Fra:1 Mem:618.39M (Peak 618.52M) | Time:00:02.43 | Mem:264.76M, Peak:280.09M | Scene, ViewLayer | Updating Geometry BVH common_son_room_chair_01_base_mesh 1007/1281 | Building BVH
Fra:1 Mem:618.39M (Peak 618.52M) | Time:00:02.43 | Mem:264.76M, Peak:280.09M | Scene, ViewLayer | Updating Geometry BVH common_son_room_rug_01_pile_mesh 1008/1281 | Building BVH
Fra:1 Mem:618.39M (Peak 618.52M) | Time:00:02.43 | Mem:264.78M, Peak:280.09M | Scene, ViewLayer | Updating Geometry BVH fx_curt_master_sheer_mesh 1009/1281 | Building BVH
Fra:1 Mem:618.39M (Peak 618.52M) | Time:00:02.43 | Mem:264.77M, Peak:280.09M | Scene, ViewLayer | Updating Geometry BVH fx_curt_master_bo_w_mesh 1010/1281 | Building BVH
Fra:1 Mem:618.39M (Peak 618.52M) | Time:00:02.43 | Mem:264.77M, Peak:280.09M | Scene, ViewLayer | Updating Geometry BVH fx_curt_master_bo_e_mesh 1011/1281 | Building BVH
Fra:1 Mem:618.39M (Peak 618.52M) | Time:00:02.43 | Mem:264.79M, Peak:280.09M | Scene, ViewLayer | Updating Geometry BVH fx_curt_daughter_sheer_mesh 1014/1281 | Building BVH
Fra:1 Mem:618.39M (Peak 618.52M) | Time:00:02.43 | Mem:264.82M, Peak:280.09M | Scene, ViewLayer | Updating Geometry BVH fx_curt_daughter_bo_w_mesh 1015/1281 | Building BVH
Fra:1 Mem:618.39M (Peak 618.52M) | Time:00:02.43 | Mem:264.90M, Peak:280.09M | Scene, ViewLayer | Updating Geometry BVH fx_curt_daughter_bo_e_mesh 1016/1281 | Building BVH
Fra:1 Mem:618.39M (Peak 618.52M) | Time:00:02.43 | Mem:264.90M, Peak:280.09M | Scene, ViewLayer | Updating Geometry BVH fx_curt_son_sheer_mesh 1017/1281 | Building BVH
Fra:1 Mem:618.39M (Peak 618.52M) | Time:00:02.43 | Mem:264.92M, Peak:280.09M | Scene, ViewLayer | Updating Geometry BVH fx_curt_son_bo_w_mesh 1018/1281 | Building BVH
Fra:1 Mem:618.39M (Peak 618.52M) | Time:00:02.43 | Mem:264.95M, Peak:280.09M | Scene, ViewLayer | Updating Geometry BVH fx_curt_son_bo_e_mesh 1019/1281 | Building BVH
Fra:1 Mem:618.39M (Peak 618.52M) | Time:00:02.43 | Mem:264.96M, Peak:280.09M | Scene, ViewLayer | Updating Geometry BVH fx_blind_mb_head_mesh 1020/1281 | Building BVH
Fra:1 Mem:618.39M (Peak 618.52M) | Time:00:02.43 | Mem:264.96M, Peak:280.09M | Scene, ViewLayer | Updating Geometry BVH fx_blind_mb_slats0_mesh 1021/1281 | Building BVH
Fra:1 Mem:618.39M (Peak 618.52M) | Time:00:02.43 | Mem:264.99M, Peak:280.09M | Scene, ViewLayer | Updating Geometry BVH fx_blind_mb_slats1_mesh 1022/1281 | Building BVH
Fra:1 Mem:618.39M (Peak 618.52M) | Time:00:02.43 | Mem:264.99M, Peak:280.09M | Scene, ViewLayer | Updating Geometry BVH fx_blind_mb_slats2_mesh 1023/1281 | Building BVH
Fra:1 Mem:618.39M (Peak 618.52M) | Time:00:02.43 | Mem:264.99M, Peak:280.09M | Scene, ViewLayer | Updating Geometry BVH fx_blind_mb_slats3_mesh 1024/1281 | Building BVH
Fra:1 Mem:618.39M (Peak 618.52M) | Time:00:02.43 | Mem:265.01M, Peak:280.09M | Scene, ViewLayer | Updating Geometry BVH fx_bc_g1_3_mesh 1069/1281 | Building BVH
Fra:1 Mem:618.39M (Peak 618.52M) | Time:00:02.43 | Mem:265.01M, Peak:280.09M | Scene, ViewLayer | Updating Geometry BVH fx_blind_mb_slats4_mesh 1025/1281 | Building BVH
Fra:1 Mem:618.39M (Peak 618.52M) | Time:00:02.43 | Mem:265.02M, Peak:280.09M | Scene, ViewLayer | Updating Geometry BVH fx_blind_mb_slats5_mesh 1026/1281 | Building BVH
Fra:1 Mem:618.39M (Peak 618.52M) | Time:00:02.43 | Mem:265.03M, Peak:280.09M | Scene, ViewLayer | Updating Geometry BVH fx_wall_lamp0_mesh 1027/1281 | Building BVH
Fra:1 Mem:618.39M (Peak 618.52M) | Time:00:02.43 | Mem:265.05M, Peak:280.09M | Scene, ViewLayer | Updating Geometry BVH fx_wall_lamp0_sh_mesh 1028/1281 | Building BVH
Fra:1 Mem:618.39M (Peak 618.52M) | Time:00:02.43 | Mem:265.05M, Peak:280.09M | Scene, ViewLayer | Updating Geometry BVH fx_wall_lamp1_mesh 1029/1281 | Building BVH
Fra:1 Mem:618.39M (Peak 618.52M) | Time:00:02.43 | Mem:265.05M, Peak:280.09M | Scene, ViewLayer | Updating Geometry BVH fx_wall_lamp1_sh_mesh 1030/1281 | Building BVH
Fra:1 Mem:618.39M (Peak 618.52M) | Time:00:02.43 | Mem:265.07M, Peak:280.09M | Scene, ViewLayer | Updating Geometry BVH fx_wall_lamp2_mesh 1031/1281 | Building BVH
Fra:1 Mem:618.39M (Peak 618.52M) | Time:00:02.43 | Mem:265.09M, Peak:280.09M | Scene, ViewLayer | Updating Geometry BVH fx_foyer_jar_mesh 1033/1281 | Building BVH
Fra:1 Mem:618.39M (Peak 618.52M) | Time:00:02.43 | Mem:265.12M, Peak:280.09M | Scene, ViewLayer | Updating Geometry BVH fx_bc_g1_2_mesh 1068/1281 | Building BVH
Fra:1 Mem:618.39M (Peak 618.52M) | Time:00:02.43 | Mem:265.22M, Peak:280.09M | Scene, ViewLayer | Updating Geometry BVH fx_kn_board_mesh 1035/1281 | Building BVH
Fra:1 Mem:618.39M (Peak 618.52M) | Time:00:02.43 | Mem:265.22M, Peak:280.09M | Scene, ViewLayer | Updating Geometry BVH fx_kn_oil_mesh 1036/1281 | Building BVH
Fra:1 Mem:618.39M (Peak 618.52M) | Time:00:02.43 | Mem:265.23M, Peak:280.09M | Scene, ViewLayer | Updating Geometry BVH fx_kn_herb_mesh 1037/1281 | Building BVH
Fra:1 Mem:618.39M (Peak 618.52M) | Time:00:02.43 | Mem:265.30M, Peak:280.09M | Scene, ViewLayer | Updating Geometry BVH fx_bc_g1_1_mesh 1067/1281 | Building BVH
Fra:1 Mem:618.39M (Peak 618.52M) | Time:00:02.43 | Mem:265.30M, Peak:280.09M | Scene, ViewLayer | Updating Geometry BVH fx_kn_herb_leaf1_mesh 1038/1281 | Building BVH
Fra:1 Mem:618.39M (Peak 618.52M) | Time:00:02.43 | Mem:265.30M, Peak:280.09M | Scene, ViewLayer | Updating Geometry BVH fx_kn_herb_leaf2_mesh 1039/1281 | Building BVH
Fra:1 Mem:618.39M (Peak 618.52M) | Time:00:02.43 | Mem:265.30M, Peak:280.09M | Scene, ViewLayer | Updating Geometry BVH fx_island_tray_mesh 1040/1281 | Building BVH
Fra:1 Mem:618.39M (Peak 618.52M) | Time:00:02.43 | Mem:265.30M, Peak:280.09M | Scene, ViewLayer | Updating Geometry BVH fx_bc_b0_0_mesh 1041/1281 | Building BVH
Fra:1 Mem:618.39M (Peak 618.52M) | Time:00:02.43 | Mem:265.31M, Peak:280.09M | Scene, ViewLayer | Updating Geometry BVH fx_bc_b0_1_mesh 1042/1281 | Building BVH
Fra:1 Mem:618.39M (Peak 618.52M) | Time:00:02.43 | Mem:265.31M, Peak:280.09M | Scene, ViewLayer | Updating Geometry BVH fx_bc_b0_2_mesh 1043/1281 | Building BVH
Fra:1 Mem:618.39M (Peak 618.52M) | Time:00:02.43 | Mem:265.32M, Peak:280.09M | Scene, ViewLayer | Updating Geometry BVH fx_bc_b0_3_mesh 1044/1281 | Building BVH
Fra:1 Mem:618.39M (Peak 618.52M) | Time:00:02.43 | Mem:265.33M, Peak:280.09M | Scene, ViewLayer | Updating Geometry BVH fx_bc_b0_4_mesh 1045/1281 | Building BVH
Fra:1 Mem:618.39M (Peak 618.52M) | Time:00:02.43 | Mem:265.36M, Peak:280.09M | Scene, ViewLayer | Updating Geometry BVH fx_bc_b0f_0_mesh 1046/1281 | Building BVH
Fra:1 Mem:618.39M (Peak 618.52M) | Time:00:02.43 | Mem:265.36M, Peak:280.09M | Scene, ViewLayer | Updating Geometry BVH fx_bc_b0f_1_mesh 1047/1281 | Building BVH
Fra:1 Mem:618.39M (Peak 618.52M) | Time:00:02.43 | Mem:265.37M, Peak:280.09M | Scene, ViewLayer | Updating Geometry BVH fx_bc_pot_mesh 1048/1281 | Building BVH
Fra:1 Mem:618.39M (Peak 618.52M) | Time:00:02.43 | Mem:265.40M, Peak:280.09M | Scene, ViewLayer | Updating Geometry BVH fx_bc_potneck_mesh 1049/1281 | Building BVH
Fra:1 Mem:618.39M (Peak 618.52M) | Time:00:02.43 | Mem:265.40M, Peak:280.09M | Scene, ViewLayer | Updating Geometry BVH fx_bc_frame_mesh 1051/1281 | Building BVH
Fra:1 Mem:618.39M (Peak 618.52M) | Time:00:02.43 | Mem:265.40M, Peak:280.09M | Scene, ViewLayer | Updating Geometry BVH fx_bc_framein_mesh 1052/1281 | Building BVH
Fra:1 Mem:618.39M (Peak 618.52M) | Time:00:02.43 | Mem:265.40M, Peak:280.09M | Scene, ViewLayer | Updating Geometry BVH fx_bc_rec0_mesh 1053/1281 | Building BVH
Fra:1 Mem:618.39M (Peak 618.52M) | Time:00:02.43 | Mem:265.40M, Peak:280.09M | Scene, ViewLayer | Updating Geometry BVH fx_bc_rec1_mesh 1054/1281 | Building BVH
Fra:1 Mem:618.39M (Peak 618.52M) | Time:00:02.43 | Mem:265.43M, Peak:280.09M | Scene, ViewLayer | Updating Geometry BVH fx_bc_rec2_mesh 1055/1281 | Building BVH
Fra:1 Mem:618.39M (Peak 618.52M) | Time:00:02.43 | Mem:265.43M, Peak:280.09M | Scene, ViewLayer | Updating Geometry BVH fx_bc_recstand_mesh 1056/1281 | Building BVH
Fra:1 Mem:618.39M (Peak 618.52M) | Time:00:02.43 | Mem:265.41M, Peak:280.09M | Scene, ViewLayer | Updating Geometry BVH fx_bc_b3_1_mesh 1058/1281 | Building BVH
Fra:1 Mem:618.39M (Peak 618.52M) | Time:00:02.43 | Mem:265.42M, Peak:280.09M | Scene, ViewLayer | Updating Geometry BVH fx_bc_b3_2_mesh 1059/1281 | Building BVH
Fra:1 Mem:618.39M (Peak 618.52M) | Time:00:02.43 | Mem:265.43M, Peak:280.09M | Scene, ViewLayer | Updating Geometry BVH fx_bc_g1_0_mesh 1066/1281 | Building BVH
Fra:1 Mem:618.39M (Peak 618.52M) | Time:00:02.43 | Mem:265.45M, Peak:280.09M | Scene, ViewLayer | Updating Geometry BVH fx_bc_jar3_mesh 1060/1281 | Building BVH
Fra:1 Mem:618.39M (Peak 618.52M) | Time:00:02.43 | Mem:265.52M, Peak:280.09M | Scene, ViewLayer | Updating Geometry BVH fx_bc_pot4_mesh 1061/1281 | Building BVH
Fra:1 Mem:618.39M (Peak 618.52M) | Time:00:02.43 | Mem:265.63M, Peak:280.09M | Scene, ViewLayer | Updating Geometry BVH fx_bc_g0_0_mesh 1062/1281 | Building BVH
Fra:1 Mem:618.39M (Peak 618.52M) | Time:00:02.43 | Mem:265.63M, Peak:280.09M | Scene, ViewLayer | Updating Geometry BVH fx_bc_g0_1_mesh 1063/1281 | Building BVH
Fra:1 Mem:618.39M (Peak 618.52M) | Time:00:02.43 | Mem:265.63M, Peak:280.09M | Scene, ViewLayer | Updating Geometry BVH fx_bc_g0_2_mesh 1064/1281 | Building BVH
Fra:1 Mem:618.39M (Peak 618.52M) | Time:00:02.43 | Mem:265.63M, Peak:280.09M | Scene, ViewLayer | Updating Geometry BVH fx_bc_gpot_mesh 1065/1281 | Building BVH
Fra:1 Mem:618.39M (Peak 618.52M) | Time:00:02.43 | Mem:265.64M, Peak:280.09M | Scene, ViewLayer | Updating Scene BVH | Building
Fra:1 Mem:618.41M (Peak 618.52M) | Time:00:02.43 | Mem:265.64M, Peak:280.09M | Scene, ViewLayer | Updating Scene BVH | Building BVH
Fra:1 Mem:618.41M (Peak 618.52M) | Time:00:02.61 | Mem:270.21M, Peak:280.09M | Scene, ViewLayer | Updating Scene BVH | Copying BVH to device
Fra:1 Mem:618.41M (Peak 618.52M) | Time:00:02.61 | Mem:270.21M, Peak:280.09M | Scene, ViewLayer | Updating Mesh | Computing normals
Fra:1 Mem:668.69M (Peak 668.69M) | Time:00:02.64 | Mem:270.21M, Peak:280.09M | Scene, ViewLayer | Updating Mesh | Copying Mesh to device
Fra:1 Mem:668.69M (Peak 668.69M) | Time:00:02.65 | Mem:320.49M, Peak:320.49M | Scene, ViewLayer | Updating Objects Flags
Fra:1 Mem:668.69M (Peak 668.69M) | Time:00:02.65 | Mem:320.50M, Peak:320.50M | Scene, ViewLayer | Updating Primitive Offsets
Fra:1 Mem:668.70M (Peak 668.70M) | Time:00:02.65 | Mem:320.51M, Peak:320.51M | Scene, ViewLayer | Updating Images
Fra:1 Mem:668.70M (Peak 668.70M) | Time:00:02.65 | Mem:320.51M, Peak:320.51M | Scene, ViewLayer | Updating Images | Loading walnut3_nor_gl_2k.jpg
Fra:1 Mem:668.70M (Peak 668.70M) | Time:00:02.65 | Mem:320.51M, Peak:320.51M | Scene, ViewLayer | Updating Images | Loading kloofendal_48d_partly_cloudy_puresky_4k.hdr
Fra:1 Mem:684.70M (Peak 684.70M) | Time:00:02.65 | Mem:320.51M, Peak:320.51M | Scene, ViewLayer | Updating Images | Loading walnut3_rough_2k.jpg
Fra:1 Mem:832.70M (Peak 832.70M) | Time:00:03.00 | Mem:484.51M, Peak:484.51M | Scene, ViewLayer | Updating Camera Volume
Fra:1 Mem:832.70M (Peak 832.70M) | Time:00:03.00 | Mem:484.51M, Peak:484.51M | Scene, ViewLayer | Updating Lookup Tables
Fra:1 Mem:832.70M (Peak 832.70M) | Time:00:03.00 | Mem:484.59M, Peak:484.59M | Scene, ViewLayer | Updating Lights
Fra:1 Mem:832.70M (Peak 832.70M) | Time:00:03.00 | Mem:484.59M, Peak:484.59M | Scene, ViewLayer | Updating Lights | Importance map
Fra:1 Mem:896.73M (Peak 1184.70M) | Time:00:03.35 | Mem:548.62M, Peak:708.59M | Scene, ViewLayer | Updating Lights | Computing tree
Fra:1 Mem:897.73M (Peak 1184.70M) | Time:00:03.37 | Mem:549.62M, Peak:708.59M | Scene, ViewLayer | Updating Integrator
Fra:1 Mem:897.73M (Peak 1184.70M) | Time:00:03.37 | Mem:549.62M, Peak:708.59M | Scene, ViewLayer | Updating Film
Fra:1 Mem:897.73M (Peak 1184.70M) | Time:00:03.37 | Mem:549.54M, Peak:708.59M | Scene, ViewLayer | Updating Lookup Tables
Fra:1 Mem:897.73M (Peak 1184.70M) | Time:00:03.37 | Mem:549.62M, Peak:708.59M | Scene, ViewLayer | Updating Baking
Fra:1 Mem:897.73M (Peak 1184.70M) | Time:00:03.37 | Mem:549.62M, Peak:708.59M | Scene, ViewLayer | Updating Device | Writing constant memory
Fra:1 Mem:897.76M (Peak 1184.70M) | Time:00:03.37 | Mem:549.62M, Peak:708.59M | Scene, ViewLayer | Loading denoising kernels (may take a few minutes the first time)
Fra:1 Mem:901.81M (Peak 1184.70M) | Time:00:03.41 | Mem:901.68M, Peak:901.68M | Scene, ViewLayer | Sample 0/64
Fra:1 Mem:939.39M (Peak 1184.70M) | Time:00:03.64 | Remaining:00:14.80 | Mem:939.25M, Peak:939.25M | Scene, ViewLayer | Sample 1/64
Fra:1 Mem:939.39M (Peak 1184.70M) | Time:00:13.07 | Remaining:00:03.21 | Mem:939.26M, Peak:939.26M | Scene, ViewLayer | Sample 48/64
Fra:1 Mem:955.22M (Peak 1184.70M) | Time:00:17.85 | Mem:939.26M, Peak:939.26M | Scene, ViewLayer | Sample 64/64
Fra:1 Mem:955.22M (Peak 1184.70M) | Time:00:17.85 | Mem:939.26M, Peak:939.26M | Scene, ViewLayer | Finished
Saved: 'D:\ClaudeCodeProject2026\jiangyu-render\renders\preview\10_kitchen_olive.png'
Time: 00:18.26 (Saving: 00:00.27)

BlenderMCP addon registered
[render] preset=preview device=GPU look=AgX - Base Contrast
[render] saved D:\ClaudeCodeProject2026\jiangyu-render\renders\preview\10_kitchen_olive.png (18.3s, exp=2.25 variant=kitchen_lower_olive(14 objs))
[render] size OK 960x540 10_kitchen_olive.png
BlenderMCP addon unregistered

Blender quit
