=== scheme A previews (19) ===

[render] preset=preview device=GPU look=AgX - Base Contrast
[render] saved D:\ClaudeCodeProject2026\jiangyu-render\renders\preview\01_aerial_A.png (10.2s, exp=0.85)
[render] size OK 960x540 01_aerial_A.png
[render] saved D:\ClaudeCodeProject2026\jiangyu-render\renders\preview\03_living_A_from_foyer.png (16.0s, exp=1.80)
[render] size OK 960x540 03_living_A_from_foyer.png
[render] saved D:\ClaudeCodeProject2026\jiangyu-render\renders\preview\04_living_A_from_balcony.png (16.1s, exp=1.80)
[render] size OK 960x540 04_living_A_from_balcony.png
[render] saved D:\ClaudeCodeProject2026\jiangyu-render\renders\preview\05_living_A_tv_wall.png (15.2s, exp=1.55)
[render] size OK 960x540 05_living_A_tv_wall.png
[render] saved D:\ClaudeCodeProject2026\jiangyu-render\renders\preview\09_kitchen_walnut.png (13.7s, exp=1.60)
[render] size OK 960x540 09_kitchen_walnut.png
[render] saved D:\ClaudeCodeProject2026\jiangyu-render\renders\preview\10_kitchen_olive.png (13.2s, exp=1.60 variant=ki
tchen_lower_olive(13 objs))
[render] size OK 960x540 10_kitchen_olive.png
[render] saved D:\ClaudeCodeProject2026\jiangyu-render\renders\preview\11_foyer.png (15.5s, exp=1.70)
[render] size OK 960x540 11_foyer.png
[render] saved D:\ClaudeCodeProject2026\jiangyu-render\renders\preview\12_master_bed_screen.png (15.5s, exp=1.75)
[render] size OK 960x540 12_master_bed_screen.png
[render] saved D:\ClaudeCodeProject2026\jiangyu-render\renders\preview\13_master_wardrobe_vanity.png (15.4s, exp=2.30)
[render] size OK 960x540 13_master_wardrobe_vanity.png
[render] saved D:\ClaudeCodeProject2026\jiangyu-render\renders\preview\14_parents_room.png (15.5s, exp=1.40)
[render] size OK 960x540 14_parents_room.png
[render] saved D:\ClaudeCodeProject2026\jiangyu-render\renders\preview\15_daughter_room.png (15.7s, exp=1.95)
[render] size OK 960x540 15_daughter_room.png
[render] saved D:\ClaudeCodeProject2026\jiangyu-render\renders\preview\16_son_room.png (14.8s, exp=1.95)
[render] size OK 960x540 16_son_room.png
[render] saved D:\ClaudeCodeProject2026\jiangyu-render\renders\preview\16b_son_room_blue.png (14.8s, exp=1.95 variant=s
on_blue(21 objs))
[render] size OK 960x540 16b_son_room_blue.png
[render] saved D:\ClaudeCodeProject2026\jiangyu-render\renders\preview\17_public_bath_dry.png (15.3s, exp=1.90)
[render] size OK 960x540 17_public_bath_dry.png
[render] saved D:\ClaudeCodeProject2026\jiangyu-render\renders\preview\18_public_bath_wet.png (16.9s, exp=2.25)
[render] size OK 960x540 18_public_bath_wet.png
[render] saved D:\ClaudeCodeProject2026\jiangyu-render\renders\preview\19_master_bath.png (15.3s, exp=2.10)
[render] size OK 960x540 19_master_bath.png
[render] saved D:\ClaudeCodeProject2026\jiangyu-render\renders\preview\20_terrace.png (7.8s, exp=0.75)
[render] size OK 960x540 20_terrace.png
[render] saved D:\ClaudeCodeProject2026\jiangyu-render\renders\preview\P1_living_A_pano.png (61.5s, exp=1.75)
[render] size OK 2048x1024 P1_living_A_pano.png
[render] saved D:\ClaudeCodeProject2026\jiangyu-render\renders\preview\P3_master_pano.png (60.7s, exp=1.95)
[render] size OK 2048x1024 P3_master_pano.png
=== scheme B previews (5) ===
[render] preset=preview device=GPU look=AgX - Base Contrast
[render] saved D:\ClaudeCodeProject2026\jiangyu-render\renders\preview\02_aerial_B.png (9.6s, exp=0.85)
[render] size OK 960x540 02_aerial_B.png
[render] saved D:\ClaudeCodeProject2026\jiangyu-render\renders\preview\06_living_B_from_foyer.png (16.1s, exp=1.80)
[render] size OK 960x540 06_living_B_from_foyer.png
[render] saved D:\ClaudeCodeProject2026\jiangyu-render\renders\preview\07_living_B_from_balcony.png (16.3s, exp=1.80)
[render] size OK 960x540 07_living_B_from_balcony.png
[render] saved D:\ClaudeCodeProject2026\jiangyu-render\renders\preview\08_living_B_tv_wall.png (15.6s, exp=1.80)
[render] size OK 960x540 08_living_B_tv_wall.png
[render] saved D:\ClaudeCodeProject2026\jiangyu-render\renders\preview\P2_living_B_pano.png (62.2s, exp=1.75)
[render] size OK 2048x1024 P2_living_B_pano.png
=== C1 wood trio (128smp) ===
[render] preset=preview device=GPU look=AgX - Base Contrast samples=128
[render] saved D:\ClaudeCodeProject2026\jiangyu-render\renders\preview\C1_wood_A.png (24.6s, exp=1.80)
[render] size OK 960x540 C1_wood_A.png
[render] preset=preview device=GPU look=AgX - Base Contrast samples=128
[render] saved D:\ClaudeCodeProject2026\jiangyu-render\renders\preview\C1_wood_B.png (26.0s, exp=1.80)
[render] size OK 960x540 C1_wood_B.png
[render] preset=preview device=GPU look=AgX - Base Contrast samples=128
[render] saved D:\ClaudeCodeProject2026\jiangyu-render\renders\preview\C1_wood_C.png (30.0s, exp=1.80)
[render] size OK 960x540 C1_wood_C.png
=== CAL trio (256smp) ===
[render] preset=preview device=GPU look=AgX - Base Contrast samples=256
[render] saved D:\ClaudeCodeProject2026\jiangyu-render\renders\preview\CAL_wood_door.png (17.6s, exp=1.80)
[render] size OK 960x540 CAL_wood_door.png
[render] preset=preview device=GPU look=AgX - Base Contrast samples=256
[render] saved D:\ClaudeCodeProject2026\jiangyu-render\renders\preview\CAL_wood_B.png (22.3s, exp=1.80)
[render] size OK 960x540 CAL_wood_B.png
[render] preset=preview device=GPU look=AgX - Base Contrast samples=256
[render] saved D:\ClaudeCodeProject2026\jiangyu-render\renders\preview\CAL_wood_C.png (40.4s, exp=1.80)
[render] size OK 960x540 CAL_wood_C.png
=== batch done ===


=== rebuild (rug 0.25/0.004) ===

[build] variant groups: kitchen_lower_olive=13 son_blue=21
[build] scheme sweep: common=923 A=105 B=169 bad=0 
[build] device=GPU objects=1336 faces=23641 cameras=25
[build] saved D:\ClaudeCodeProject2026\jiangyu-render\blend\jiangyu.blend
=== rug-visible scheme A re-render (5) ===
[render] preset=preview device=GPU look=AgX - Base Contrast
[render] saved D:\ClaudeCodeProject2026\jiangyu-render\renders\preview\01_aerial_A.png (12.5s, exp=0.85)
[render] size OK 960x540 01_aerial_A.png
[render] saved D:\ClaudeCodeProject2026\jiangyu-render\renders\preview\03_living_A_from_foyer.png (16.9s, exp=1.80)
[render] size OK 960x540 03_living_A_from_foyer.png
[render] saved D:\ClaudeCodeProject2026\jiangyu-render\renders\preview\04_living_A_from_balcony.png (17.3s, exp=1.80)
[render] size OK 960x540 04_living_A_from_balcony.png
[render] saved D:\ClaudeCodeProject2026\jiangyu-render\renders\preview\05_living_A_tv_wall.png (17.0s, exp=1.55)
[render] size OK 960x540 05_living_A_tv_wall.png
[render] saved D:\ClaudeCodeProject2026\jiangyu-render\renders\preview\P1_living_A_pano.png (69.5s, exp=1.75)
[render] size OK 2048x1024 P1_living_A_pano.png
=== rug batch done ===


=== rebuild (rug 0.25/0.004) ===

[build] variant groups: kitchen_lower_olive=13 son_blue=21
[build] scheme sweep: common=923 A=105 B=169 bad=0 
[build] device=GPU objects=1336 faces=23641 cameras=25
[build] saved D:\ClaudeCodeProject2026\jiangyu-render\blend\jiangyu.blend
=== rug-visible scheme A re-render (5) ===
[render] preset=preview device=GPU look=AgX - Base Contrast
[render] saved D:\ClaudeCodeProject2026\jiangyu-render\renders\preview\01_aerial_A.png (10.4s, exp=0.85)
[render] size OK 960x540 01_aerial_A.png
[render] saved D:\ClaudeCodeProject2026\jiangyu-render\renders\preview\03_living_A_from_foyer.png (16.2s, exp=1.80)
[render] size OK 960x540 03_living_A_from_foyer.png
[render] saved D:\ClaudeCodeProject2026\jiangyu-render\renders\preview\04_living_A_from_balcony.png (16.7s, exp=1.80)
[render] size OK 960x540 04_living_A_from_balcony.png
[render] saved D:\ClaudeCodeProject2026\jiangyu-render\renders\preview\05_living_A_tv_wall.png (16.6s, exp=1.55)
[render] size OK 960x540 05_living_A_tv_wall.png
[render] saved D:\ClaudeCodeProject2026\jiangyu-render\renders\preview\P1_living_A_pano.png (69.0s, exp=1.75)
[render] size OK 2048x1024 P1_living_A_pano.png
=== rug batch done ===


Blender 4.5.10 LTS (hash 6dc0b208d1b5 built 2026-05-19 01:33:42)
Read blend: "D:\ClaudeCodeProject2026\jiangyu-render\blend\jiangyu.blend"
Fra:1 Mem:97.62M (Peak 103.49M) | Time:00:00.08 | Mem:0.00M, Peak:0.00M | Scene, ViewLayer | Synchronizing object | ceil_living_r1S
Fra:1 Mem:97.62M (Peak 103.49M) | Time:00:00.08 | Mem:0.00M, Peak:0.00M | Scene, ViewLayer | Synchronizing object | ceil_living_r2E
Fra:1 Mem:97.62M (Peak 103.49M) | Time:00:00.08 | Mem:0.00M, Peak:0.00M | Scene, ViewLayer | Synchronizing object | ceil_parents_room_slab
Fra:1 Mem:97.62M (Peak 103.49M) | Time:00:00.08 | Mem:0.00M, Peak:0.00M | Scene, ViewLayer | Synchronizing object | ceil_son_room_slab
Fra:1 Mem:97.62M (Peak 103.49M) | Time:00:00.08 | Mem:0.00M, Peak:0.00M | Scene, ViewLayer | Synchronizing object | ceil_parents_room_ac
Fra:1 Mem:97.62M (Peak 103.49M) | Time:00:00.08 | Mem:0.00M, Peak:0.00M | Scene, ViewLayer | Synchronizing object | ceil_son_ac
Fra:1 Mem:97.62M (Peak 103.49M) | Time:00:00.08 | Mem:0.00M, Peak:0.00M | Scene, ViewLayer | Synchronizing object | ceil_public_bath_wet_fill
Fra:1 Mem:97.63M (Peak 103.49M) | Time:00:00.08 | Mem:0.00M, Peak:0.00M | Scene, ViewLayer | Synchronizing object | ceil_master_bath_fill
Fra:1 Mem:97.63M (Peak 103.49M) | Time:00:00.08 | Mem:0.00M, Peak:0.00M | Scene, ViewLayer | Synchronizing object | ceil_elevator_hall_fill
Fra:1 Mem:97.63M (Peak 103.49M) | Time:00:00.08 | Mem:0.00M, Peak:0.00M | Scene, ViewLayer | Synchronizing object | out_path_n
Fra:1 Mem:97.63M (Peak 103.49M) | Time:00:00.08 | Mem:0.00M, Peak:0.00M | Scene, ViewLayer | Synchronizing object | out_canopy00_0
Fra:1 Mem:97.63M (Peak 103.49M) | Time:00:00.08 | Mem:0.00M, Peak:0.00M | Scene, ViewLayer | Synchronizing object | out_canopy00_1
Fra:1 Mem:97.63M (Peak 103.49M) | Time:00:00.08 | Mem:0.00M, Peak:0.00M | Scene, ViewLayer | Synchronizing object | out_canopy00_3
Fra:1 Mem:97.64M (Peak 103.49M) | Time:00:00.08 | Mem:0.00M, Peak:0.00M | Scene, ViewLayer | Synchronizing object | out_trunk01
Fra:1 Mem:97.66M (Peak 103.49M) | Time:00:00.08 | Mem:0.00M, Peak:0.00M | Scene, ViewLayer | Synchronizing object | out_canopy01_0
Fra:1 Mem:97.66M (Peak 103.49M) | Time:00:00.08 | Mem:0.00M, Peak:0.00M | Scene, ViewLayer | Synchronizing object | out_canopy01_1
Fra:1 Mem:97.68M (Peak 103.49M) | Time:00:00.08 | Mem:0.00M, Peak:0.00M | Scene, ViewLayer | Synchronizing object | out_canopy01_3
Fra:1 Mem:97.69M (Peak 103.49M) | Time:00:00.08 | Mem:0.00M, Peak:0.00M | Scene, ViewLayer | Synchronizing object | out_trunk02
Fra:1 Mem:97.69M (Peak 103.49M) | Time:00:00.08 | Mem:0.00M, Peak:0.00M | Scene, ViewLayer | Synchronizing object | out_canopy02_0
Fra:1 Mem:97.70M (Peak 103.49M) | Time:00:00.08 | Mem:0.00M, Peak:0.00M | Scene, ViewLayer | Synchronizing object | out_canopy02_1
Fra:1 Mem:97.71M (Peak 103.49M) | Time:00:00.08 | Mem:0.00M, Peak:0.00M | Scene, ViewLayer | Synchronizing object | out_canopy02_2
Fra:1 Mem:97.75M (Peak 103.49M) | Time:00:00.08 | Mem:0.00M, Peak:0.00M | Scene, ViewLayer | Synchronizing object | out_canopy02_3
Fra:1 Mem:97.77M (Peak 103.49M) | Time:00:00.08 | Mem:0.00M, Peak:0.00M | Scene, ViewLayer | Synchronizing object | out_trunk03
Fra:1 Mem:97.78M (Peak 103.49M) | Time:00:00.08 | Mem:0.00M, Peak:0.00M | Scene, ViewLayer | Synchronizing object | out_canopy03_0
Fra:1 Mem:97.80M (Peak 103.49M) | Time:00:00.08 | Mem:0.00M, Peak:0.00M | Scene, ViewLayer | Synchronizing object | out_canopy03_3
Fra:1 Mem:97.85M (Peak 103.49M) | Time:00:00.08 | Mem:0.00M, Peak:0.00M | Scene, ViewLayer | Synchronizing object | out_canopy03_2
Fra:1 Mem:97.87M (Peak 103.49M) | Time:00:00.08 | Mem:0.00M, Peak:0.00M | Scene, ViewLayer | Synchronizing object | out_canopy04_0
Fra:1 Mem:97.87M (Peak 103.49M) | Time:00:00.08 | Mem:0.00M, Peak:0.00M | Scene, ViewLayer | Synchronizing object | out_canopy04_2
Fra:1 Mem:97.94M (Peak 103.49M) | Time:00:00.08 | Mem:0.00M, Peak:0.00M | Scene, ViewLayer | Synchronizing object | out_canopy04_3
Fra:1 Mem:97.95M (Peak 103.49M) | Time:00:00.08 | Mem:0.00M, Peak:0.00M | Scene, ViewLayer | Synchronizing object | out_canopy05_0
Fra:1 Mem:98.01M (Peak 103.49M) | Time:00:00.08 | Mem:0.00M, Peak:0.00M | Scene, ViewLayer | Synchronizing object | out_canopy05_2
Fra:1 Mem:98.01M (Peak 103.49M) | Time:00:00.08 | Mem:0.00M, Peak:0.00M | Scene, ViewLayer | Synchronizing object | out_canopy06_0
Fra:1 Mem:98.03M (Peak 103.49M) | Time:00:00.08 | Mem:0.00M, Peak:0.00M | Scene, ViewLayer | Synchronizing object | out_canopy06_1
Fra:1 Mem:98.04M (Peak 103.49M) | Time:00:00.08 | Mem:0.00M, Peak:0.00M | Scene, ViewLayer | Synchronizing object | out_canopy06_2
Fra:1 Mem:98.06M (Peak 103.49M) | Time:00:00.08 | Mem:0.00M, Peak:0.00M | Scene, ViewLayer | Synchronizing object | out_canopy06_3
Fra:1 Mem:98.06M (Peak 103.49M) | Time:00:00.08 | Mem:0.00M, Peak:0.00M | Scene, ViewLayer | Synchronizing object | out_trunk07
Fra:1 Mem:98.09M (Peak 103.49M) | Time:00:00.08 | Mem:0.00M, Peak:0.00M | Scene, ViewLayer | Synchronizing object | out_canopy07_0
Fra:1 Mem:98.12M (Peak 103.49M) | Time:00:00.08 | Mem:0.00M, Peak:0.00M | Scene, ViewLayer | Synchronizing object | out_canopy07_2
Fra:1 Mem:98.13M (Peak 103.49M) | Time:00:00.08 | Mem:0.00M, Peak:0.00M | Scene, ViewLayer | Synchronizing object | out_canopy07_3
Fra:1 Mem:98.15M (Peak 103.49M) | Time:00:00.08 | Mem:0.00M, Peak:0.00M | Scene, ViewLayer | Synchronizing object | out_trunk08
Fra:1 Mem:98.16M (Peak 103.49M) | Time:00:00.08 | Mem:0.00M, Peak:0.00M | Scene, ViewLayer | Synchronizing object | out_canopy08_0
Fra:1 Mem:98.17M (Peak 103.49M) | Time:00:00.08 | Mem:0.00M, Peak:0.00M | Scene, ViewLayer | Synchronizing object | out_canopy08_1
Fra:1 Mem:98.18M (Peak 103.49M) | Time:00:00.08 | Mem:0.00M, Peak:0.00M | Scene, ViewLayer | Synchronizing object | out_canopy08_2
Fra:1 Mem:98.23M (Peak 103.49M) | Time:00:00.08 | Mem:0.00M, Peak:0.00M | Scene, ViewLayer | Synchronizing object | out_canopy08_3
Fra:1 Mem:98.24M (Peak 103.49M) | Time:00:00.08 | Mem:0.00M, Peak:0.00M | Scene, ViewLayer | Synchronizing object | out_trunk09
Fra:1 Mem:98.29M (Peak 103.49M) | Time:00:00.08 | Mem:0.00M, Peak:0.00M | Scene, ViewLayer | Synchronizing object | out_canopy09_0
Fra:1 Mem:98.30M (Peak 103.49M) | Time:00:00.08 | Mem:0.00M, Peak:0.00M | Scene, ViewLayer | Synchronizing object | out_canopy09_2
Fra:1 Mem:98.30M (Peak 103.49M) | Time:00:00.08 | Mem:0.00M, Peak:0.00M | Scene, ViewLayer | Synchronizing object | out_canopy10_0
Fra:1 Mem:98.37M (Peak 103.49M) | Time:00:00.08 | Mem:0.00M, Peak:0.00M | Scene, ViewLayer | Synchronizing object | out_canopy10_1
Fra:1 Mem:98.42M (Peak 103.49M) | Time:00:00.08 | Mem:0.00M, Peak:0.00M | Scene, ViewLayer | Synchronizing object | out_canopy10_2
Fra:1 Mem:98.45M (Peak 103.49M) | Time:00:00.08 | Mem:0.00M, Peak:0.00M | Scene, ViewLayer | Synchronizing object | out_trunk11
Fra:1 Mem:98.48M (Peak 103.49M) | Time:00:00.08 | Mem:0.00M, Peak:0.00M | Scene, ViewLayer | Synchronizing object | out_canopy11_0
Fra:1 Mem:98.51M (Peak 103.49M) | Time:00:00.08 | Mem:0.00M, Peak:0.00M | Scene, ViewLayer | Synchronizing object | out_canopy11_2
Fra:1 Mem:98.54M (Peak 103.49M) | Time:00:00.08 | Mem:0.00M, Peak:0.00M | Scene, ViewLayer | Synchronizing object | out_canopy11_3
Fra:1 Mem:98.59M (Peak 103.49M) | Time:00:00.08 | Mem:0.00M, Peak:0.00M | Scene, ViewLayer | Synchronizing object | out_trunk12
Fra:1 Mem:98.65M (Peak 103.49M) | Time:00:00.08 | Mem:0.00M, Peak:0.00M | Scene, ViewLayer | Synchronizing object | out_canopy12_0
Fra:1 Mem:98.67M (Peak 103.49M) | Time:00:00.08 | Mem:0.00M, Peak:0.00M | Scene, ViewLayer | Synchronizing object | out_canopy12_2
Fra:1 Mem:98.69M (Peak 103.49M) | Time:00:00.08 | Mem:0.00M, Peak:0.00M | Scene, ViewLayer | Synchronizing object | out_canopy12_3
Fra:1 Mem:98.69M (Peak 103.49M) | Time:00:00.08 | Mem:0.00M, Peak:0.00M | Scene, ViewLayer | Synchronizing object | out_canopy13_0
Fra:1 Mem:98.76M (Peak 103.49M) | Time:00:00.08 | Mem:0.00M, Peak:0.00M | Scene, ViewLayer | Synchronizing object | out_canopy13_1
Fra:1 Mem:98.80M (Peak 103.49M) | Time:00:00.08 | Mem:0.00M, Peak:0.00M | Scene, ViewLayer | Synchronizing object | out_bldg_s
Fra:1 Mem:98.83M (Peak 103.49M) | Time:00:00.08 | Mem:0.00M, Peak:0.00M | Scene, ViewLayer | Synchronizing object | out_bldg_n
Fra:1 Mem:98.88M (Peak 103.49M) | Time:00:00.08 | Mem:0.00M, Peak:0.00M | Scene, ViewLayer | Synchronizing object | floor_living_dining_balcony
Fra:1 Mem:98.89M (Peak 103.49M) | Time:00:00.08 | Mem:0.00M, Peak:0.00M | Scene, ViewLayer | Synchronizing object | floor_public_bath_wet
Fra:1 Mem:98.90M (Peak 103.49M) | Time:00:00.08 | Mem:0.00M, Peak:0.00M | Scene, ViewLayer | Synchronizing object | floor_corridor_0
Fra:1 Mem:98.96M (Peak 103.49M) | Time:00:00.08 | Mem:0.00M, Peak:0.00M | Scene, ViewLayer | Synchronizing object | floor_corridor_1
Fra:1 Mem:98.97M (Peak 103.49M) | Time:00:00.08 | Mem:0.00M, Peak:0.00M | Scene, ViewLayer | Synchronizing object | floor_master_bath
Fra:1 Mem:99.01M (Peak 103.49M) | Time:00:00.08 | Mem:0.00M, Peak:0.00M | Scene, ViewLayer | Synchronizing object | floor_master_bedroom
Fra:1 Mem:99.05M (Peak 103.49M) | Time:00:00.08 | Mem:0.00M, Peak:0.00M | Scene, ViewLayer | Synchronizing object | floor_terrace
Fra:1 Mem:99.07M (Peak 103.49M) | Time:00:00.08 | Mem:0.00M, Peak:0.00M | Scene, ViewLayer | Synchronizing object | floor_parents_room
Fra:1 Mem:99.08M (Peak 103.49M) | Time:00:00.08 | Mem:0.00M, Peak:0.00M | Scene, ViewLayer | Synchronizing object | floor_elevator_hall
Fra:1 Mem:99.08M (Peak 103.49M) | Time:00:00.08 | Mem:0.00M, Peak:0.00M | Scene, ViewLayer | Synchronizing object | W01_s00
Fra:1 Mem:99.14M (Peak 103.49M) | Time:00:00.08 | Mem:0.00M, Peak:0.00M | Scene, ViewLayer | Synchronizing object | W01_s01
Fra:1 Mem:99.18M (Peak 103.49M) | Time:00:00.08 | Mem:0.00M, Peak:0.00M | Scene, ViewLayer | Synchronizing object | W01_s02
Fra:1 Mem:99.19M (Peak 103.49M) | Time:00:00.08 | Mem:0.00M, Peak:0.00M | Scene, ViewLayer | Synchronizing object | W01_s03
Fra:1 Mem:99.19M (Peak 103.49M) | Time:00:00.08 | Mem:0.00M, Peak:0.00M | Scene, ViewLayer | Synchronizing object | W02_s00
Fra:1 Mem:99.19M (Peak 103.49M) | Time:00:00.08 | Mem:0.00M, Peak:0.00M | Scene, ViewLayer | Synchronizing object | W02_s03
Fra:1 Mem:99.20M (Peak 103.49M) | Time:00:00.08 | Mem:0.00M, Peak:0.00M | Scene, ViewLayer | Synchronizing object | W04_s00
Fra:1 Mem:99.20M (Peak 103.49M) | Time:00:00.08 | Mem:0.00M, Peak:0.00M | Scene, ViewLayer | Synchronizing object | W05_s03
Fra:1 Mem:99.20M (Peak 103.49M) | Time:00:00.08 | Mem:0.00M, Peak:0.00M | Scene, ViewLayer | Synchronizing object | W06_s00
Fra:1 Mem:99.20M (Peak 103.49M) | Time:00:00.08 | Mem:0.00M, Peak:0.00M | Scene, ViewLayer | Synchronizing object | W06_s01
Fra:1 Mem:99.22M (Peak 103.49M) | Time:00:00.08 | Mem:0.00M, Peak:0.00M | Scene, ViewLayer | Synchronizing object | W06_s03
Fra:1 Mem:99.23M (Peak 103.49M) | Time:00:00.08 | Mem:0.00M, Peak:0.00M | Scene, ViewLayer | Synchronizing object | W07_s02
Fra:1 Mem:99.24M (Peak 103.49M) | Time:00:00.08 | Mem:0.00M, Peak:0.00M | Scene, ViewLayer | Synchronizing object | W08_s00
Fra:1 Mem:99.24M (Peak 103.49M) | Time:00:00.08 | Mem:0.00M, Peak:0.00M | Scene, ViewLayer | Synchronizing object | W08_s01
Fra:1 Mem:99.24M (Peak 103.49M) | Time:00:00.08 | Mem:0.00M, Peak:0.00M | Scene, ViewLayer | Synchronizing object | W08_s02
Fra:1 Mem:99.24M (Peak 103.49M) | Time:00:00.08 | Mem:0.00M, Peak:0.00M | Scene, ViewLayer | Synchronizing object | W09_s00
Fra:1 Mem:99.25M (Peak 103.49M) | Time:00:00.08 | Mem:0.00M, Peak:0.00M | Scene, ViewLayer | Synchronizing object | W10_s02
Fra:1 Mem:99.25M (Peak 103.49M) | Time:00:00.08 | Mem:0.00M, Peak:0.00M | Scene, ViewLayer | Synchronizing object | W11_s00
Fra:1 Mem:99.25M (Peak 103.49M) | Time:00:00.08 | Mem:0.00M, Peak:0.00M | Scene, ViewLayer | Synchronizing object | W12_s00
Fra:1 Mem:99.25M (Peak 103.49M) | Time:00:00.08 | Mem:0.00M, Peak:0.00M | Scene, ViewLayer | Synchronizing object | W12_s01
Fra:1 Mem:99.25M (Peak 103.49M) | Time:00:00.08 | Mem:0.00M, Peak:0.00M | Scene, ViewLayer | Synchronizing object | W12_s02
Fra:1 Mem:99.25M (Peak 103.49M) | Time:00:00.08 | Mem:0.00M, Peak:0.00M | Scene, ViewLayer | Synchronizing object | W13_s02
Fra:1 Mem:99.26M (Peak 103.49M) | Time:00:00.08 | Mem:0.00M, Peak:0.00M | Scene, ViewLayer | Synchronizing object | W14_s00
Fra:1 Mem:99.26M (Peak 103.49M) | Time:00:00.08 | Mem:0.00M, Peak:0.00M | Scene, ViewLayer | Synchronizing object | W14_s02
Fra:1 Mem:99.26M (Peak 103.49M) | Time:00:00.08 | Mem:0.00M, Peak:0.00M | Scene, ViewLayer | Synchronizing object | W14_s03
Fra:1 Mem:99.26M (Peak 103.49M) | Time:00:00.08 | Mem:0.00M, Peak:0.00M | Scene, ViewLayer | Synchronizing object | W14_s04
Fra:1 Mem:99.26M (Peak 103.49M) | Time:00:00.08 | Mem:0.00M, Peak:0.00M | Scene, ViewLayer | Synchronizing object | W15_s00
Fra:1 Mem:99.27M (Peak 103.49M) | Time:00:00.08 | Mem:0.00M, Peak:0.00M | Scene, ViewLayer | Synchronizing object | W15_s02
Fra:1 Mem:99.27M (Peak 103.49M) | Time:00:00.08 | Mem:0.00M, Peak:0.00M | Scene, ViewLayer | Synchronizing object | W16_s00
Fra:1 Mem:99.27M (Peak 103.49M) | Time:00:00.08 | Mem:0.00M, Peak:0.00M | Scene, ViewLayer | Synchronizing object | W17_s00
Fra:1 Mem:99.27M (Peak 103.49M) | Time:00:00.08 | Mem:0.00M, Peak:0.00M | Scene, ViewLayer | Synchronizing object | W17_s02
Fra:1 Mem:99.27M (Peak 103.49M) | Time:00:00.08 | Mem:0.00M, Peak:0.00M | Scene, ViewLayer | Synchronizing object | W18_s01
Fra:1 Mem:99.28M (Peak 103.49M) | Time:00:00.08 | Mem:0.00M, Peak:0.00M | Scene, ViewLayer | Synchronizing object | W18_s02
Fra:1 Mem:99.28M (Peak 103.49M) | Time:00:00.08 | Mem:0.00M, Peak:0.00M | Scene, ViewLayer | Synchronizing object | W18_s03
Fra:1 Mem:99.28M (Peak 103.49M) | Time:00:00.08 | Mem:0.00M, Peak:0.00M | Scene, ViewLayer | Synchronizing object | W19_s00
Fra:1 Mem:99.28M (Peak 103.49M) | Time:00:00.08 | Mem:0.00M, Peak:0.00M | Scene, ViewLayer | Synchronizing object | W20_s00
Fra:1 Mem:99.28M (Peak 103.49M) | Time:00:00.08 | Mem:0.00M, Peak:0.00M | Scene, ViewLayer | Synchronizing object | W21_s00
Fra:1 Mem:99.29M (Peak 103.49M) | Time:00:00.08 | Mem:0.00M, Peak:0.00M | Scene, ViewLayer | Synchronizing object | W22_s00
Fra:1 Mem:99.29M (Peak 103.49M) | Time:00:00.08 | Mem:0.00M, Peak:0.00M | Scene, ViewLayer | Synchronizing object | W22_s01
Fra:1 Mem:99.29M (Peak 103.49M) | Time:00:00.08 | Mem:0.00M, Peak:0.00M | Scene, ViewLayer | Synchronizing object | W23_s02
Fra:1 Mem:99.29M (Peak 103.49M) | Time:00:00.08 | Mem:0.00M, Peak:0.00M | Scene, ViewLayer | Synchronizing object | W23_s03
Fra:1 Mem:99.29M (Peak 103.49M) | Time:00:00.08 | Mem:0.00M, Peak:0.00M | Scene, ViewLayer | Synchronizing object | W24_s00
Fra:1 Mem:99.30M (Peak 103.49M) | Time:00:00.08 | Mem:0.00M, Peak:0.00M | Scene, ViewLayer | Synchronizing object | W26_s00
Fra:1 Mem:99.30M (Peak 103.49M) | Time:00:00.08 | Mem:0.00M, Peak:0.00M | Scene, ViewLayer | Synchronizing object | W27_s00
Fra:1 Mem:99.30M (Peak 103.49M) | Time:00:00.08 | Mem:0.00M, Peak:0.00M | Scene, ViewLayer | Synchronizing object | W27_s01
Fra:1 Mem:99.30M (Peak 103.49M) | Time:00:00.08 | Mem:0.00M, Peak:0.00M | Scene, ViewLayer | Synchronizing object | W27_s02
Fra:1 Mem:99.30M (Peak 103.49M) | Time:00:00.08 | Mem:0.00M, Peak:0.00M | Scene, ViewLayer | Synchronizing object | win_W01_0top
Fra:1 Mem:99.31M (Peak 103.49M) | Time:00:00.08 | Mem:0.00M, Peak:0.00M | Scene, ViewLayer | Synchronizing object | win_W01_0lft
Fra:1 Mem:99.31M (Peak 103.49M) | Time:00:00.08 | Mem:0.00M, Peak:0.00M | Scene, ViewLayer | Synchronizing object | win_W01_0rgt
Fra:1 Mem:99.31M (Peak 103.49M) | Time:00:00.08 | Mem:0.00M, Peak:0.00M | Scene, ViewLayer | Synchronizing object | win_W01_0glass
Fra:1 Mem:99.31M (Peak 103.49M) | Time:00:00.08 | Mem:0.00M, Peak:0.00M | Scene, ViewLayer | Synchronizing object | win_W02_0bot
Fra:1 Mem:99.31M (Peak 103.49M) | Time:00:00.08 | Mem:0.00M, Peak:0.00M | Scene, ViewLayer | Synchronizing object | win_W02_0lft
Fra:1 Mem:99.32M (Peak 103.49M) | Time:00:00.08 | Mem:0.00M, Peak:0.00M | Scene, ViewLayer | Synchronizing object | win_W02_0rgt
Fra:1 Mem:99.32M (Peak 103.49M) | Time:00:00.08 | Mem:0.00M, Peak:0.00M | Scene, ViewLayer | Synchronizing object | win_W05_0top
Fra:1 Mem:99.32M (Peak 103.49M) | Time:00:00.08 | Mem:0.00M, Peak:0.00M | Scene, ViewLayer | Synchronizing object | win_W05_0lft
Fra:1 Mem:99.32M (Peak 103.49M) | Time:00:00.08 | Mem:0.00M, Peak:0.00M | Scene, ViewLayer | Synchronizing object | win_W05_0glass
Fra:1 Mem:99.32M (Peak 103.49M) | Time:00:00.08 | Mem:0.00M, Peak:0.00M | Scene, ViewLayer | Synchronizing object | win_W06_0top
Fra:1 Mem:99.33M (Peak 103.49M) | Time:00:00.08 | Mem:0.00M, Peak:0.00M | Scene, ViewLayer | Synchronizing object | win_W06_0lft
Fra:1 Mem:99.33M (Peak 103.49M) | Time:00:00.08 | Mem:0.00M, Peak:0.00M | Scene, ViewLayer | Synchronizing object | win_W06_0mul1
Fra:1 Mem:99.33M (Peak 103.49M) | Time:00:00.08 | Mem:0.00M, Peak:0.00M | Scene, ViewLayer | Synchronizing object | win_W06_0glass
Fra:1 Mem:99.33M (Peak 103.49M) | Time:00:00.08 | Mem:0.00M, Peak:0.00M | Scene, ViewLayer | Synchronizing object | win_W10_0bot
Fra:1 Mem:99.33M (Peak 103.49M) | Time:00:00.08 | Mem:0.00M, Peak:0.00M | Scene, ViewLayer | Synchronizing object | win_W10_0top
Fra:1 Mem:99.33M (Peak 103.49M) | Time:00:00.08 | Mem:0.00M, Peak:0.00M | Scene, ViewLayer | Synchronizing object | win_W10_0lft
Fra:1 Mem:99.34M (Peak 103.49M) | Time:00:00.08 | Mem:0.00M, Peak:0.00M | Scene, ViewLayer | Synchronizing object | win_W10_0rgt
Fra:1 Mem:99.34M (Peak 103.49M) | Time:00:00.08 | Mem:0.00M, Peak:0.00M | Scene, ViewLayer | Synchronizing object | win_W18_0bot
Fra:1 Mem:99.34M (Peak 103.49M) | Time:00:00.08 | Mem:0.00M, Peak:0.00M | Scene, ViewLayer | Synchronizing object | win_W18_0top
Fra:1 Mem:99.34M (Peak 103.49M) | Time:00:00.08 | Mem:0.00M, Peak:0.00M | Scene, ViewLayer | Synchronizing object | win_W18_0mul1
Fra:1 Mem:99.34M (Peak 103.49M) | Time:00:00.08 | Mem:0.00M, Peak:0.00M | Scene, ViewLayer | Synchronizing object | win_W18_0mul2
Fra:1 Mem:99.34M (Peak 103.49M) | Time:00:00.08 | Mem:0.00M, Peak:0.00M | Scene, ViewLayer | Synchronizing object | win_W18_0glass
Fra:1 Mem:99.35M (Peak 103.49M) | Time:00:00.08 | Mem:0.00M, Peak:0.00M | Scene, ViewLayer | Synchronizing object | win_W23_0lft
Fra:1 Mem:99.35M (Peak 103.49M) | Time:00:00.08 | Mem:0.00M, Peak:0.00M | Scene, ViewLayer | Synchronizing object | win_W23_0rgt
Fra:1 Mem:99.35M (Peak 103.49M) | Time:00:00.08 | Mem:0.00M, Peak:0.00M | Scene, ViewLayer | Synchronizing object | door_W07_0jlfto
Fra:1 Mem:99.36M (Peak 103.49M) | Time:00:00.08 | Mem:0.00M, Peak:0.00M | Scene, ViewLayer | Synchronizing object | door_W07_0jlfti
Fra:1 Mem:99.36M (Peak 103.49M) | Time:00:00.08 | Mem:0.00M, Peak:0.00M | Scene, ViewLayer | Synchronizing object | door_W07_0jtopi
Fra:1 Mem:99.37M (Peak 103.49M) | Time:00:00.08 | Mem:0.00M, Peak:0.00M | Scene, ViewLayer | Synchronizing object | door_W07_0leaf
Fra:1 Mem:99.37M (Peak 103.49M) | Time:00:00.08 | Mem:0.00M, Peak:0.00M | Scene, ViewLayer | Synchronizing object | door_W07_0hdl
Fra:1 Mem:99.37M (Peak 103.49M) | Time:00:00.08 | Mem:0.00M, Peak:0.00M | Scene, ViewLayer | Synchronizing object | door_W08_0jlfto
Fra:1 Mem:99.37M (Peak 103.49M) | Time:00:00.08 | Mem:0.00M, Peak:0.00M | Scene, ViewLayer | Synchronizing object | door_W08_0jlfti
Fra:1 Mem:99.37M (Peak 103.49M) | Time:00:00.08 | Mem:0.00M, Peak:0.00M | Scene, ViewLayer | Synchronizing object | door_W08_0jrgto
Fra:1 Mem:99.37M (Peak 103.49M) | Time:00:00.08 | Mem:0.00M, Peak:0.00M | Scene, ViewLayer | Synchronizing object | door_W08_0jrgti
Fra:1 Mem:99.38M (Peak 103.49M) | Time:00:00.08 | Mem:0.00M, Peak:0.00M | Scene, ViewLayer | Synchronizing object | door_W08_0jtopo
Fra:1 Mem:99.38M (Peak 103.49M) | Time:00:00.08 | Mem:0.00M, Peak:0.00M | Scene, ViewLayer | Synchronizing object | door_W08_0rgt
Fra:1 Mem:99.38M (Peak 103.49M) | Time:00:00.08 | Mem:0.00M, Peak:0.00M | Scene, ViewLayer | Synchronizing object | door_W08_0top
Fra:1 Mem:99.38M (Peak 103.49M) | Time:00:00.08 | Mem:0.00M, Peak:0.00M | Scene, ViewLayer | Synchronizing object | door_W08_0bot
Fra:1 Mem:99.38M (Peak 103.49M) | Time:00:00.08 | Mem:0.00M, Peak:0.00M | Scene, ViewLayer | Synchronizing object | door_W13_0jlfto
Fra:1 Mem:99.38M (Peak 103.49M) | Time:00:00.08 | Mem:0.00M, Peak:0.00M | Scene, ViewLayer | Synchronizing object | door_W13_0jlfti
Fra:1 Mem:99.39M (Peak 103.49M) | Time:00:00.08 | Mem:0.00M, Peak:0.00M | Scene, ViewLayer | Synchronizing object | door_W13_0jrgto
Fra:1 Mem:99.39M (Peak 103.49M) | Time:00:00.08 | Mem:0.00M, Peak:0.00M | Scene, ViewLayer | Synchronizing object | door_W13_0jrgti
Fra:1 Mem:99.39M (Peak 103.49M) | Time:00:00.08 | Mem:0.00M, Peak:0.00M | Scene, ViewLayer | Synchronizing object | door_W13_0leaf
Fra:1 Mem:99.39M (Peak 103.49M) | Time:00:00.08 | Mem:0.00M, Peak:0.00M | Scene, ViewLayer | Synchronizing object | door_W14_0jlfto
Fra:1 Mem:99.39M (Peak 103.49M) | Time:00:00.08 | Mem:0.00M, Peak:0.00M | Scene, ViewLayer | Synchronizing object | door_W14_0jlfti
Fra:1 Mem:99.40M (Peak 103.49M) | Time:00:00.08 | Mem:0.00M, Peak:0.00M | Scene, ViewLayer | Synchronizing object | door_W14_0jrgto
Fra:1 Mem:99.40M (Peak 103.49M) | Time:00:00.08 | Mem:0.00M, Peak:0.00M | Scene, ViewLayer | Synchronizing object | door_W14_0jrgti
Fra:1 Mem:99.40M (Peak 103.49M) | Time:00:00.08 | Mem:0.00M, Peak:0.00M | Scene, ViewLayer | Synchronizing object | door_W14_0jtopo
Fra:1 Mem:99.40M (Peak 103.49M) | Time:00:00.08 | Mem:0.00M, Peak:0.00M | Scene, ViewLayer | Synchronizing object | door_W14_0jtopi
Fra:1 Mem:99.40M (Peak 103.49M) | Time:00:00.08 | Mem:0.00M, Peak:0.00M | Scene, ViewLayer | Synchronizing object | door_W14_0leaf
Fra:1 Mem:99.40M (Peak 103.49M) | Time:00:00.08 | Mem:0.00M, Peak:0.00M | Scene, ViewLayer | Synchronizing object | door_W14_0hdl
Fra:1 Mem:99.40M (Peak 103.49M) | Time:00:00.08 | Mem:0.00M, Peak:0.00M | Scene, ViewLayer | Synchronizing object | door_W14_1jlfto
Fra:1 Mem:99.40M (Peak 103.49M) | Time:00:00.08 | Mem:0.00M, Peak:0.00M | Scene, ViewLayer | Synchronizing object | door_W14_1jlfti
Fra:1 Mem:99.41M (Peak 103.49M) | Time:00:00.08 | Mem:0.00M, Peak:0.00M | Scene, ViewLayer | Synchronizing object | door_W14_1jrgto
Fra:1 Mem:99.41M (Peak 103.49M) | Time:00:00.08 | Mem:0.00M, Peak:0.00M | Scene, ViewLayer | Synchronizing object | door_W14_1jtopo
Fra:1 Mem:99.41M (Peak 103.49M) | Time:00:00.08 | Mem:0.00M, Peak:0.00M | Scene, ViewLayer | Synchronizing object | door_W14_1jtopi
Fra:1 Mem:99.41M (Peak 103.49M) | Time:00:00.08 | Mem:0.00M, Peak:0.00M | Scene, ViewLayer | Synchronizing object | door_W14_1lft
Fra:1 Mem:99.41M (Peak 103.49M) | Time:00:00.08 | Mem:0.00M, Peak:0.00M | Scene, ViewLayer | Synchronizing object | door_W14_1rgt
Fra:1 Mem:99.42M (Peak 103.49M) | Time:00:00.08 | Mem:0.00M, Peak:0.00M | Scene, ViewLayer | Synchronizing object | door_W14_1fglass
Fra:1 Mem:99.42M (Peak 103.49M) | Time:00:00.08 | Mem:0.00M, Peak:0.00M | Scene, ViewLayer | Synchronizing object | door_W15_0_top
Fra:1 Mem:99.42M (Peak 103.49M) | Time:00:00.08 | Mem:0.00M, Peak:0.00M | Scene, ViewLayer | Synchronizing object | door_W15_0_lft
Fra:1 Mem:99.42M (Peak 103.49M) | Time:00:00.08 | Mem:0.00M, Peak:0.00M | Scene, ViewLayer | Synchronizing object | door_W15_0_rgt
Fra:1 Mem:99.43M (Peak 103.49M) | Time:00:00.08 | Mem:0.00M, Peak:0.00M | Scene, ViewLayer | Synchronizing object | door_W15_0_glass
Fra:1 Mem:99.43M (Peak 103.49M) | Time:00:00.08 | Mem:0.00M, Peak:0.00M | Scene, ViewLayer | Synchronizing object | door_W15_1_bot
Fra:1 Mem:99.43M (Peak 103.49M) | Time:00:00.08 | Mem:0.00M, Peak:0.00M | Scene, ViewLayer | Synchronizing object | door_W15_1_lft
Fra:1 Mem:99.43M (Peak 103.49M) | Time:00:00.08 | Mem:0.00M, Peak:0.00M | Scene, ViewLayer | Synchronizing object | door_W15_1_glass
Fra:1 Mem:99.43M (Peak 103.49M) | Time:00:00.08 | Mem:0.00M, Peak:0.00M | Scene, ViewLayer | Synchronizing object | door_W17_0_bot
Fra:1 Mem:99.43M (Peak 103.49M) | Time:00:00.08 | Mem:0.00M, Peak:0.00M | Scene, ViewLayer | Synchronizing object | door_W17_0_top
Fra:1 Mem:99.44M (Peak 103.49M) | Time:00:00.08 | Mem:0.00M, Peak:0.00M | Scene, ViewLayer | Synchronizing object | door_W17_0_lft
Fra:1 Mem:99.44M (Peak 103.49M) | Time:00:00.08 | Mem:0.00M, Peak:0.00M | Scene, ViewLayer | Synchronizing object | door_W17_0_glass
Fra:1 Mem:99.44M (Peak 103.49M) | Time:00:00.08 | Mem:0.00M, Peak:0.00M | Scene, ViewLayer | Synchronizing object | door_W17_1_bot
Fra:1 Mem:99.44M (Peak 103.49M) | Time:00:00.08 | Mem:0.00M, Peak:0.00M | Scene, ViewLayer | Synchronizing object | door_W17_1_top
Fra:1 Mem:99.44M (Peak 103.49M) | Time:00:00.08 | Mem:0.00M, Peak:0.00M | Scene, ViewLayer | Synchronizing object | door_W17_1_rgt
Fra:1 Mem:99.44M (Peak 103.49M) | Time:00:00.08 | Mem:0.00M, Peak:0.00M | Scene, ViewLayer | Synchronizing object | door_W17_2_top
Fra:1 Mem:99.45M (Peak 103.49M) | Time:00:00.08 | Mem:0.00M, Peak:0.00M | Scene, ViewLayer | Synchronizing object | door_W17_2_lft
Fra:1 Mem:99.45M (Peak 103.49M) | Time:00:00.08 | Mem:0.00M, Peak:0.00M | Scene, ViewLayer | Synchronizing object | door_W17_2_rgt
Fra:1 Mem:99.45M (Peak 103.49M) | Time:00:00.08 | Mem:0.00M, Peak:0.00M | Scene, ViewLayer | Synchronizing object | door_W19_0jlfto
Fra:1 Mem:99.45M (Peak 103.49M) | Time:00:00.08 | Mem:0.00M, Peak:0.00M | Scene, ViewLayer | Synchronizing object | door_W19_0jlfti
Fra:1 Mem:99.46M (Peak 103.49M) | Time:00:00.08 | Mem:0.00M, Peak:0.00M | Scene, ViewLayer | Synchronizing object | door_W19_0jtopo
Fra:1 Mem:99.46M (Peak 103.49M) | Time:00:00.08 | Mem:0.00M, Peak:0.00M | Scene, ViewLayer | Synchronizing object | door_W19_0jtopi
Fra:1 Mem:99.46M (Peak 103.49M) | Time:00:00.08 | Mem:0.00M, Peak:0.00M | Scene, ViewLayer | Synchronizing object | door_W19_0hdl
Fra:1 Mem:99.46M (Peak 103.49M) | Time:00:00.08 | Mem:0.00M, Peak:0.00M | Scene, ViewLayer | Synchronizing object | door_W27_0jlfto
Fra:1 Mem:99.46M (Peak 103.49M) | Time:00:00.08 | Mem:0.00M, Peak:0.00M | Scene, ViewLayer | Synchronizing object | door_W27_0jrgto
Fra:1 Mem:99.47M (Peak 103.49M) | Time:00:00.08 | Mem:0.00M, Peak:0.00M | Scene, ViewLayer | Synchronizing object | door_W27_0jrgti
Fra:1 Mem:99.47M (Peak 103.49M) | Time:00:00.08 | Mem:0.00M, Peak:0.00M | Scene, ViewLayer | Synchronizing object | door_W27_0leaf
Fra:1 Mem:99.47M (Peak 103.49M) | Time:00:00.08 | Mem:0.00M, Peak:0.00M | Scene, ViewLayer | Synchronizing object | door_W27_0hdl
Fra:1 Mem:99.47M (Peak 103.49M) | Time:00:00.08 | Mem:0.00M, Peak:0.00M | Scene, ViewLayer | Synchronizing object | bay_platform
Fra:1 Mem:99.47M (Peak 103.49M) | Time:00:00.08 | Mem:0.00M, Peak:0.00M | Scene, ViewLayer | Synchronizing object | rail_ter_S_p1
Fra:1 Mem:99.48M (Peak 103.49M) | Time:00:00.08 | Mem:0.00M, Peak:0.00M | Scene, ViewLayer | Synchronizing object | rail_ter_S_p2
Fra:1 Mem:99.48M (Peak 103.49M) | Time:00:00.08 | Mem:0.00M, Peak:0.00M | Scene, ViewLayer | Synchronizing object | rail_ter_S_p3
Fra:1 Mem:99.48M (Peak 103.49M) | Time:00:00.08 | Mem:0.00M, Peak:0.00M | Scene, ViewLayer | Synchronizing object | rail_ter_S_top
Fra:1 Mem:99.48M (Peak 103.49M) | Time:00:00.08 | Mem:0.00M, Peak:0.00M | Scene, ViewLayer | Synchronizing object | rail_ter_E_p0
Fra:1 Mem:99.48M (Peak 103.49M) | Time:00:00.08 | Mem:0.00M, Peak:0.00M | Scene, ViewLayer | Synchronizing object | rail_ter_E_p1
Fra:1 Mem:99.48M (Peak 103.49M) | Time:00:00.08 | Mem:0.00M, Peak:0.00M | Scene, ViewLayer | Synchronizing object | rail_ter_E_top
Fra:1 Mem:99.49M (Peak 103.49M) | Time:00:00.08 | Mem:0.00M, Peak:0.00M | Scene, ViewLayer | Synchronizing object | rail_ter_E_glass
Fra:1 Mem:99.49M (Peak 103.49M) | Time:00:00.08 | Mem:0.00M, Peak:0.00M | Scene, ViewLayer | Synchronizing object | rail_ter_W_p0
Fra:1 Mem:99.49M (Peak 103.49M) | Time:00:00.08 | Mem:0.00M, Peak:0.00M | Scene, ViewLayer | Synchronizing object | rail_ter_W_glass
Fra:1 Mem:99.49M (Peak 103.49M) | Time:00:00.08 | Mem:0.00M, Peak:0.00M | Scene, ViewLayer | Synchronizing object | common_kitchen_dishwasher_01_body
Fra:1 Mem:99.50M (Peak 103.49M) | Time:00:00.08 | Mem:0.00M, Peak:0.00M | Scene, ViewLayer | Synchronizing object | common_kitchen_dishwasher_01_top
Fra:1 Mem:99.50M (Peak 103.49M) | Time:00:00.08 | Mem:0.00M, Peak:0.00M | Scene, ViewLayer | Synchronizing object | common_kitchen_dishwasher_01_drw_f0
Fra:1 Mem:99.50M (Peak 103.49M) | Time:00:00.08 | Mem:0.00M, Peak:0.00M | Scene, ViewLayer | Synchronizing object | common_kitchen_dishwasher_01_drw_f1
Fra:1 Mem:99.50M (Peak 103.49M) | Time:00:00.08 | Mem:0.00M, Peak:0.00M | Scene, ViewLayer | Synchronizing object | common_kitchen_dishwasher_01_drw_p1
Fra:1 Mem:99.51M (Peak 103.49M) | Time:00:00.08 | Mem:0.00M, Peak:0.00M | Scene, ViewLayer | Synchronizing object | common_kitchen_dishwasher_01_drw_f2
Fra:1 Mem:99.52M (Peak 103.49M) | Time:00:00.08 | Mem:0.00M, Peak:0.00M | Scene, ViewLayer | Synchronizing object | common_kitchen_dishwasher_01_drw_p2
Fra:1 Mem:99.52M (Peak 103.49M) | Time:00:00.08 | Mem:0.00M, Peak:0.00M | Scene, ViewLayer | Synchronizing object | common_kitchen_dishwasher_01_drw_f3
Fra:1 Mem:99.52M (Peak 103.49M) | Time:00:00.08 | Mem:0.00M, Peak:0.00M | Scene, ViewLayer | Synchronizing object | common_kitchen_dishwasher_01_drw_p4
Fra:1 Mem:99.52M (Peak 103.49M) | Time:00:00.08 | Mem:0.00M, Peak:0.00M | Scene, ViewLayer | Synchronizing object | common_kitchen_sink_01_rim
Fra:1 Mem:99.53M (Peak 103.49M) | Time:00:00.08 | Mem:0.00M, Peak:0.00M | Scene, ViewLayer | Synchronizing object | common_kitchen_sink_01_tap
Fra:1 Mem:99.53M (Peak 103.49M) | Time:00:00.08 | Mem:0.00M, Peak:0.00M | Scene, ViewLayer | Synchronizing object | common_kitchen_dishwasher_02_panel
Fra:1 Mem:99.54M (Peak 103.49M) | Time:00:00.08 | Mem:0.00M, Peak:0.00M | Scene, ViewLayer | Synchronizing object | common_kitchen_dishwasher_02_pull
Fra:1 Mem:99.54M (Peak 103.49M) | Time:00:00.08 | Mem:0.00M, Peak:0.00M | Scene, ViewLayer | Synchronizing object | common_kitchen_kitchen_counter_01_top
Fra:1 Mem:99.55M (Peak 103.49M) | Time:00:00.08 | Mem:0.00M, Peak:0.00M | Scene, ViewLayer | Synchronizing object | common_kitchen_kitchen_counter_01_drw_p0
Fra:1 Mem:99.55M (Peak 103.49M) | Time:00:00.08 | Mem:0.00M, Peak:0.00M | Scene, ViewLayer | Synchronizing object | common_kitchen_kitchen_counter_01_drw_f1
Fra:1 Mem:99.56M (Peak 103.49M) | Time:00:00.08 | Mem:0.00M, Peak:0.00M | Scene, ViewLayer | Synchronizing object | common_kitchen_kitchen_counter_01_drw_p1
Fra:1 Mem:99.57M (Peak 103.49M) | Time:00:00.08 | Mem:0.00M, Peak:0.00M | Scene, ViewLayer | Synchronizing object | common_kitchen_kitchen_counter_01_drw_f2
Fra:1 Mem:99.58M (Peak 103.49M) | Time:00:00.08 | Mem:0.00M, Peak:0.00M | Scene, ViewLayer | Synchronizing object | common_kitchen_kitchen_counter_01_drw_p2
Fra:1 Mem:99.58M (Peak 103.49M) | Time:00:00.08 | Mem:0.00M, Peak:0.00M | Scene, ViewLayer | Synchronizing object | common_kitchen_kitchen_counter_01_drw_p3
Fra:1 Mem:99.59M (Peak 103.49M) | Time:00:00.08 | Mem:0.00M, Peak:0.00M | Scene, ViewLayer | Synchronizing object | common_kitchen_kitchen_counter_01_drw_f4
Fra:1 Mem:99.59M (Peak 103.49M) | Time:00:00.08 | Mem:0.00M, Peak:0.00M | Scene, ViewLayer | Synchronizing object | common_kitchen_hob_01_glass
Fra:1 Mem:99.61M (Peak 103.49M) | Time:00:00.08 | Mem:0.00M, Peak:0.00M | Scene, ViewLayer | Synchronizing object | common_kitchen_hob_01_burner1
Fra:1 Mem:99.61M (Peak 103.49M) | Time:00:00.08 | Mem:0.00M, Peak:0.00M | Scene, ViewLayer | Synchronizing object | common_kitchen_range_hood_01_slant
Fra:1 Mem:99.61M (Peak 103.49M) | Time:00:00.08 | Mem:0.00M, Peak:0.00M | Scene, ViewLayer | Synchronizing object | common_kitchen_range_hood_01_topbox
Fra:1 Mem:99.61M (Peak 103.49M) | Time:00:00.08 | Mem:0.00M, Peak:0.00M | Scene, ViewLayer | Synchronizing object | common_kitchen_cabinet_01_door_p0
Fra:1 Mem:99.62M (Peak 103.49M) | Time:00:00.08 | Mem:0.00M, Peak:0.00M | Scene, ViewLayer | Synchronizing object | common_kitchen_cabinet_01_door_f1
Fra:1 Mem:99.63M (Peak 103.49M) | Time:00:00.08 | Mem:0.00M, Peak:0.00M | Scene, ViewLayer | Synchronizing object | common_kitchen_cabinet_01_door_f2
Fra:1 Mem:99.65M (Peak 103.49M) | Time:00:00.08 | Mem:0.00M, Peak:0.00M | Scene, ViewLayer | Synchronizing object | common_kitchen_cabinet_01_door_p2
Fra:1 Mem:99.65M (Peak 103.49M) | Time:00:00.08 | Mem:0.00M, Peak:0.00M | Scene, ViewLayer | Synchronizing object | common_kitchen_cabinet_02_door_f1
Fra:1 Mem:99.67M (Peak 103.49M) | Time:00:00.08 | Mem:0.00M, Peak:0.00M | Scene, ViewLayer | Synchronizing object | common_kitchen_cabinet_02_door_p1
Fra:1 Mem:99.67M (Peak 103.49M) | Time:00:00.08 | Mem:0.00M, Peak:0.00M | Scene, ViewLayer | Synchronizing object | common_kitchen_glass_sliding_door_01_stL
Fra:1 Mem:99.68M (Peak 103.49M) | Time:00:00.08 | Mem:0.00M, Peak:0.00M | Scene, ViewLayer | Synchronizing object | common_kitchen_glass_sliding_door_01_stR
Fra:1 Mem:99.68M (Peak 103.49M) | Time:00:00.08 | Mem:0.00M, Peak:0.00M | Scene, ViewLayer | Synchronizing object | common_kitchen_glass_sliding_door_01_stT
Fra:1 Mem:99.68M (Peak 103.49M) | Time:00:00.08 | Mem:0.00M, Peak:0.00M | Scene, ViewLayer | Synchronizing object | common_living_dining_balcony_glass_sliding_door_01_stL
Fra:1 Mem:99.69M (Peak 103.49M) | Time:00:00.08 | Mem:0.00M, Peak:0.00M | Scene, ViewLayer | Synchronizing object | common_living_dining_balcony_glass_sliding_door_01_stR
Fra:1 Mem:99.69M (Peak 103.49M) | Time:00:00.08 | Mem:0.00M, Peak:0.00M | Scene, ViewLayer | Synchronizing object | common_living_dining_balcony_glass_sliding_door_01_stT
Fra:1 Mem:99.69M (Peak 103.49M) | Time:00:00.08 | Mem:0.00M, Peak:0.00M | Scene, ViewLayer | Synchronizing object | common_living_dining_balcony_glass_sliding_door_01_stB
Fra:1 Mem:99.69M (Peak 103.49M) | Time:00:00.08 | Mem:0.00M, Peak:0.00M | Scene, ViewLayer | Synchronizing object | common_living_dining_balcony_glass_sliding_door_02_glass
Fra:1 Mem:99.69M (Peak 103.49M) | Time:00:00.08 | Mem:0.00M, Peak:0.00M | Scene, ViewLayer | Synchronizing object | common_living_dining_balcony_glass_sliding_door_02_stR
Fra:1 Mem:99.70M (Peak 103.49M) | Time:00:00.08 | Mem:0.00M, Peak:0.00M | Scene, ViewLayer | Synchronizing object | common_living_dining_balcony_glass_sliding_door_02_stT
Fra:1 Mem:99.70M (Peak 103.49M) | Time:00:00.08 | Mem:0.00M, Peak:0.00M | Scene, ViewLayer | Synchronizing object | common_kitchen_glass_sliding_door_02_glass
Fra:1 Mem:99.71M (Peak 103.49M) | Time:00:00.08 | Mem:0.00M, Peak:0.00M | Scene, ViewLayer | Synchronizing object | common_kitchen_glass_sliding_door_02_stL
Fra:1 Mem:99.71M (Peak 103.49M) | Time:00:00.08 | Mem:0.00M, Peak:0.00M | Scene, ViewLayer | Synchronizing object | common_kitchen_glass_sliding_door_02_stR
Fra:1 Mem:99.72M (Peak 103.49M) | Time:00:00.08 | Mem:0.00M, Peak:0.00M | Scene, ViewLayer | Synchronizing object | common_kitchen_glass_sliding_door_02_stT
Fra:1 Mem:99.72M (Peak 103.49M) | Time:00:00.08 | Mem:0.00M, Peak:0.00M | Scene, ViewLayer | Synchronizing object | common_kitchen_glass_sliding_door_02_stB
Fra:1 Mem:99.72M (Peak 103.49M) | Time:00:00.08 | Mem:0.00M, Peak:0.00M | Scene, ViewLayer | Synchronizing object | common_living_dining_balcony_fridge_01_body
Fra:1 Mem:99.73M (Peak 103.49M) | Time:00:00.08 | Mem:0.00M, Peak:0.00M | Scene, ViewLayer | Synchronizing object | common_living_dining_balcony_fridge_01_seamH
Fra:1 Mem:99.73M (Peak 103.49M) | Time:00:00.08 | Mem:0.00M, Peak:0.00M | Scene, ViewLayer | Synchronizing object | common_living_dining_balcony_fridge_01_seamV
Fra:1 Mem:99.73M (Peak 103.49M) | Time:00:00.08 | Mem:0.00M, Peak:0.00M | Scene, ViewLayer | Synchronizing object | common_living_dining_balcony_fridge_01_pullU
Fra:1 Mem:99.74M (Peak 103.49M) | Time:00:00.08 | Mem:0.00M, Peak:0.00M | Scene, ViewLayer | Synchronizing object | common_living_dining_balcony_cabinet_01_door_f0
Fra:1 Mem:99.74M (Peak 103.49M) | Time:00:00.08 | Mem:0.00M, Peak:0.00M | Scene, ViewLayer | Synchronizing object | common_living_dining_balcony_cabinet_01_door_p0
Fra:1 Mem:99.75M (Peak 103.49M) | Time:00:00.08 | Mem:0.00M, Peak:0.00M | Scene, ViewLayer | Synchronizing object | common_living_dining_balcony_cabinet_01_door_p1
Fra:1 Mem:99.75M (Peak 103.49M) | Time:00:00.08 | Mem:0.00M, Peak:0.00M | Scene, ViewLayer | Synchronizing object | common_foyer_cabinet_01_body
Fra:1 Mem:99.75M (Peak 103.49M) | Time:00:00.08 | Mem:0.00M, Peak:0.00M | Scene, ViewLayer | Synchronizing object | common_foyer_cabinet_01_door_f0
Fra:1 Mem:99.75M (Peak 103.49M) | Time:00:00.08 | Mem:0.00M, Peak:0.00M | Scene, ViewLayer | Synchronizing object | common_foyer_cabinet_01_door_p1
Fra:1 Mem:99.76M (Peak 103.49M) | Time:00:00.08 | Mem:0.00M, Peak:0.00M | Scene, ViewLayer | Synchronizing object | common_foyer_cabinet_01_door_f2
Fra:1 Mem:99.77M (Peak 103.49M) | Time:00:00.08 | Mem:0.00M, Peak:0.00M | Scene, ViewLayer | Synchronizing object | common_foyer_open_niche_01_back
Fra:1 Mem:99.77M (Peak 103.49M) | Time:00:00.08 | Mem:0.00M, Peak:0.00M | Scene, ViewLayer | Synchronizing object | common_foyer_open_niche_01_cheek0
Fra:1 Mem:99.77M (Peak 103.49M) | Time:00:00.08 | Mem:0.00M, Peak:0.00M | Scene, ViewLayer | Synchronizing object | common_foyer_open_niche_01_top
Fra:1 Mem:99.78M (Peak 103.49M) | Time:00:00.08 | Mem:0.00M, Peak:0.00M | Scene, ViewLayer | Synchronizing object | common_foyer_open_niche_01_bottom
Fra:1 Mem:99.78M (Peak 103.49M) | Time:00:00.08 | Mem:0.00M, Peak:0.00M | Scene, ViewLayer | Synchronizing object | common_foyer_open_niche_01_sh0
Fra:1 Mem:99.78M (Peak 103.49M) | Time:00:00.08 | Mem:0.00M, Peak:0.00M | Scene, ViewLayer | Synchronizing object | common_foyer_cabinet_02_body
Fra:1 Mem:99.78M (Peak 103.49M) | Time:00:00.08 | Mem:0.00M, Peak:0.00M | Scene, ViewLayer | Synchronizing object | common_foyer_cabinet_02_door_p0
Fra:1 Mem:99.78M (Peak 103.49M) | Time:00:00.08 | Mem:0.00M, Peak:0.00M | Scene, ViewLayer | Synchronizing object | common_foyer_cabinet_02_door_f1
Fra:1 Mem:99.79M (Peak 103.49M) | Time:00:00.08 | Mem:0.00M, Peak:0.00M | Scene, ViewLayer | Synchronizing object | common_foyer_cabinet_02_door_p1
Fra:1 Mem:99.80M (Peak 103.49M) | Time:00:00.08 | Mem:0.00M, Peak:0.00M | Scene, ViewLayer | Synchronizing object | common_foyer_cabinet_02_door_f2
Fra:1 Mem:99.80M (Peak 103.49M) | Time:00:00.08 | Mem:0.00M, Peak:0.00M | Scene, ViewLayer | Synchronizing object | common_foyer_cabinet_02_door_p2
Fra:1 Mem:99.81M (Peak 103.49M) | Time:00:00.08 | Mem:0.00M, Peak:0.00M | Scene, ViewLayer | Synchronizing object | common_foyer_mirror_door_01_mirror
Fra:1 Mem:99.81M (Peak 103.49M) | Time:00:00.08 | Mem:0.00M, Peak:0.00M | Scene, ViewLayer | Synchronizing object | common_foyer_mirror_door_01_fr0
Fra:1 Mem:99.81M (Peak 103.49M) | Time:00:00.08 | Mem:0.00M, Peak:0.00M | Scene, ViewLayer | Synchronizing object | common_foyer_mirror_door_01_fr1
Fra:1 Mem:99.81M (Peak 103.49M) | Time:00:00.08 | Mem:0.00M, Peak:0.00M | Scene, ViewLayer | Synchronizing object | common_foyer_mirror_door_01_fr2
Fra:1 Mem:99.82M (Peak 103.49M) | Time:00:00.08 | Mem:0.00M, Peak:0.00M | Scene, ViewLayer | Synchronizing object | common_foyer_mirror_door_01_fr3
Fra:1 Mem:99.82M (Peak 103.49M) | Time:00:00.08 | Mem:0.00M, Peak:0.00M | Scene, ViewLayer | Synchronizing object | common_elevator_hall_cabinet_01_body
Fra:1 Mem:99.82M (Peak 103.49M) | Time:00:00.08 | Mem:0.00M, Peak:0.00M | Scene, ViewLayer | Synchronizing object | common_elevator_hall_cabinet_01_door_f0
Fra:1 Mem:99.82M (Peak 103.49M) | Time:00:00.08 | Mem:0.00M, Peak:0.00M | Scene, ViewLayer | Synchronizing object | common_elevator_hall_cabinet_01_door_p0
Fra:1 Mem:99.82M (Peak 103.49M) | Time:00:00.08 | Mem:0.00M, Peak:0.00M | Scene, ViewLayer | Synchronizing object | common_living_dining_balcony_bookcase_01_drw_f0
Fra:1 Mem:99.82M (Peak 103.49M) | Time:00:00.08 | Mem:0.00M, Peak:0.00M | Scene, ViewLayer | Synchronizing object | common_living_dining_balcony_bookcase_01_drw_p0
Fra:1 Mem:99.82M (Peak 103.49M) | Time:00:00.08 | Mem:0.00M, Peak:0.00M | Scene, ViewLayer | Synchronizing object | common_living_dining_balcony_bookcase_01_drw_f1
Fra:1 Mem:99.84M (Peak 103.49M) | Time:00:00.08 | Mem:0.00M, Peak:0.00M | Scene, ViewLayer | Synchronizing object | common_living_dining_balcony_bookcase_01_drw_p1
Fra:1 Mem:99.85M (Peak 103.49M) | Time:00:00.08 | Mem:0.00M, Peak:0.00M | Scene, ViewLayer | Synchronizing object | common_living_dining_balcony_bookcase_01_drw_f2
Fra:1 Mem:99.85M (Peak 103.49M) | Time:00:00.08 | Mem:0.00M, Peak:0.00M | Scene, ViewLayer | Synchronizing object | common_living_dining_balcony_bookcase_01_drw_p2
Fra:1 Mem:99.86M (Peak 103.49M) | Time:00:00.08 | Mem:0.00M, Peak:0.00M | Scene, ViewLayer | Synchronizing object | common_living_dining_balcony_bookcase_01_drw_f3
Fra:1 Mem:99.86M (Peak 103.49M) | Time:00:00.08 | Mem:0.00M, Peak:0.00M | Scene, ViewLayer | Synchronizing object | common_living_dining_balcony_bookcase_02_body
Fra:1 Mem:99.87M (Peak 103.49M) | Time:00:00.08 | Mem:0.00M, Peak:0.00M | Scene, ViewLayer | Synchronizing object | common_living_dining_balcony_bookcase_02_niceline
Fra:1 Mem:99.88M (Peak 103.49M) | Time:00:00.08 | Mem:0.00M, Peak:0.00M | Scene, ViewLayer | Synchronizing object | common_living_dining_balcony_bookcase_02_nsh0
Fra:1 Mem:99.88M (Peak 103.49M) | Time:00:00.08 | Mem:0.00M, Peak:0.00M | Scene, ViewLayer | Synchronizing object | common_living_dining_balcony_bookcase_02_nsh1
Fra:1 Mem:99.89M (Peak 103.49M) | Time:00:00.08 | Mem:0.00M, Peak:0.00M | Scene, ViewLayer | Synchronizing object | common_living_dining_balcony_bookcase_02_nsh2
Fra:1 Mem:99.89M (Peak 103.49M) | Time:00:00.08 | Mem:0.00M, Peak:0.00M | Scene, ViewLayer | Synchronizing object | common_living_dining_balcony_bookcase_02_doorN_f0
Fra:1 Mem:99.90M (Peak 103.49M) | Time:00:00.08 | Mem:0.00M, Peak:0.00M | Scene, ViewLayer | Synchronizing object | common_living_dining_balcony_laundry_cabinet_01_body
Fra:1 Mem:99.90M (Peak 103.49M) | Time:00:00.08 | Mem:0.00M, Peak:0.00M | Scene, ViewLayer | Synchronizing object | common_living_dining_balcony_laundry_cabinet_01_door_f0
Fra:1 Mem:99.90M (Peak 103.49M) | Time:00:00.08 | Mem:0.00M, Peak:0.00M | Scene, ViewLayer | Synchronizing object | common_living_dining_balcony_laundry_cabinet_01_door_p0
Fra:1 Mem:99.91M (Peak 103.49M) | Time:00:00.08 | Mem:0.00M, Peak:0.00M | Scene, ViewLayer | Synchronizing object | common_living_dining_balcony_laundry_cabinet_01_door_f1
Fra:1 Mem:99.91M (Peak 103.49M) | Time:00:00.08 | Mem:0.00M, Peak:0.00M | Scene, ViewLayer | Synchronizing object | common_living_dining_balcony_laundry_cabinet_01_door_p1
Fra:1 Mem:99.92M (Peak 103.49M) | Time:00:00.08 | Mem:0.00M, Peak:0.00M | Scene, ViewLayer | Synchronizing object | common_master_bedroom_open_niche_01_back
Fra:1 Mem:99.92M (Peak 103.49M) | Time:00:00.08 | Mem:0.00M, Peak:0.00M | Scene, ViewLayer | Synchronizing object | common_master_bedroom_open_niche_01_cheek1
Fra:1 Mem:99.93M (Peak 103.49M) | Time:00:00.08 | Mem:0.00M, Peak:0.00M | Scene, ViewLayer | Synchronizing object | common_master_bedroom_open_niche_01_top
Fra:1 Mem:99.94M (Peak 103.49M) | Time:00:00.08 | Mem:0.00M, Peak:0.00M | Scene, ViewLayer | Synchronizing object | common_master_bedroom_open_niche_01_sh1
Fra:1 Mem:99.94M (Peak 103.49M) | Time:00:00.08 | Mem:0.00M, Peak:0.00M | Scene, ViewLayer | Synchronizing object | common_master_bedroom_open_niche_01_sh2
Fra:1 Mem:99.94M (Peak 103.49M) | Time:00:00.08 | Mem:0.00M, Peak:0.00M | Scene, ViewLayer | Synchronizing object | common_master_bath_vanity_01_cab
Fra:1 Mem:99.95M (Peak 103.49M) | Time:00:00.08 | Mem:0.00M, Peak:0.00M | Scene, ViewLayer | Synchronizing object | common_master_bath_vanity_01_top
Fra:1 Mem:99.96M (Peak 103.49M) | Time:00:00.08 | Mem:0.00M, Peak:0.00M | Scene, ViewLayer | Synchronizing object | common_master_bath_vanity_01_drw_f0
Fra:1 Mem:99.97M (Peak 103.49M) | Time:00:00.08 | Mem:0.00M, Peak:0.00M | Scene, ViewLayer | Synchronizing object | common_master_bath_vanity_01_drw_f1
Fra:1 Mem:99.97M (Peak 103.49M) | Time:00:00.08 | Mem:0.00M, Peak:0.00M | Scene, ViewLayer | Synchronizing object | common_master_bath_vanity_01_drw_p1
Fra:1 Mem:99.98M (Peak 103.49M) | Time:00:00.08 | Mem:0.00M, Peak:0.00M | Scene, ViewLayer | Synchronizing object | common_master_bath_vanity_01_basin
Fra:1 Mem:99.98M (Peak 103.49M) | Time:00:00.08 | Mem:0.00M, Peak:0.00M | Scene, ViewLayer | Synchronizing object | common_master_bath_mirror_cabinet_01_body
Fra:1 Mem:99.98M (Peak 103.49M) | Time:00:00.08 | Mem:0.00M, Peak:0.00M | Scene, ViewLayer | Synchronizing object | common_master_bath_toilet_01_seat
Fra:1 Mem:100.00M (Peak 103.49M) | Time:00:00.08 | Mem:0.00M, Peak:0.00M | Scene, ViewLayer | Synchronizing object | common_master_bath_toilet_01_tank
Fra:1 Mem:100.00M (Peak 103.49M) | Time:00:00.08 | Mem:0.00M, Peak:0.00M | Scene, ViewLayer | Synchronizing object | common_master_bath_glass_partition_01_fr1
Fra:1 Mem:100.01M (Peak 103.49M) | Time:00:00.08 | Mem:0.00M, Peak:0.00M | Scene, ViewLayer | Synchronizing object | common_master_bath_glass_partition_01_fr2
Fra:1 Mem:100.01M (Peak 103.49M) | Time:00:00.08 | Mem:0.00M, Peak:0.00M | Scene, ViewLayer | Synchronizing object | common_master_bath_glass_partition_01_fr3
Fra:1 Mem:100.01M (Peak 103.49M) | Time:00:00.08 | Mem:0.00M, Peak:0.00M | Scene, ViewLayer | Synchronizing object | common_master_bath_shower_floor_01_drain
Fra:1 Mem:100.02M (Peak 103.49M) | Time:00:00.08 | Mem:0.00M, Peak:0.00M | Scene, ViewLayer | Synchronizing object | common_corridor_vanity_01_cab
Fra:1 Mem:100.02M (Peak 103.49M) | Time:00:00.08 | Mem:0.00M, Peak:0.00M | Scene, ViewLayer | Synchronizing object | common_corridor_vanity_01_top
Fra:1 Mem:100.03M (Peak 103.49M) | Time:00:00.08 | Mem:0.00M, Peak:0.00M | Scene, ViewLayer | Synchronizing object | common_corridor_vanity_01_drw_f0
Fra:1 Mem:100.03M (Peak 103.49M) | Time:00:00.08 | Mem:0.00M, Peak:0.00M | Scene, ViewLayer | Synchronizing object | common_corridor_vanity_01_drw_f1
Fra:1 Mem:100.03M (Peak 103.49M) | Time:00:00.08 | Mem:0.00M, Peak:0.00M | Scene, ViewLayer | Synchronizing object | common_corridor_vanity_01_drw_p1
Fra:1 Mem:100.04M (Peak 103.49M) | Time:00:00.08 | Mem:0.00M, Peak:0.00M | Scene, ViewLayer | Synchronizing object | common_corridor_vanity_01_drw_p2
Fra:1 Mem:100.04M (Peak 103.49M) | Time:00:00.08 | Mem:0.00M, Peak:0.00M | Scene, ViewLayer | Synchronizing object | common_corridor_vanity_01_basin0
Fra:1 Mem:100.05M (Peak 103.49M) | Time:00:00.08 | Mem:0.00M, Peak:0.00M | Scene, ViewLayer | Synchronizing object | common_corridor_vanity_01_basin1
Fra:1 Mem:100.05M (Peak 103.49M) | Time:00:00.08 | Mem:0.00M, Peak:0.00M | Scene, ViewLayer | Synchronizing object | common_corridor_mirror_cabinet_01_body
Fra:1 Mem:100.05M (Peak 103.49M) | Time:00:00.08 | Mem:0.00M, Peak:0.00M | Scene, ViewLayer | Synchronizing object | common_corridor_mirror_cabinet_01_mir_f0
Fra:1 Mem:100.05M (Peak 103.49M) | Time:00:00.08 | Mem:0.00M, Peak:0.00M | Scene, ViewLayer | Synchronizing object | common_public_bath_wet_shower_floor_01_pan
Fra:1 Mem:100.06M (Peak 103.49M) | Time:00:00.08 | Mem:0.00M, Peak:0.00M | Scene, ViewLayer | Synchronizing object | common_public_bath_wet_shower_floor_01_drain
Fra:1 Mem:100.06M (Peak 103.49M) | Time:00:00.08 | Mem:0.00M, Peak:0.00M | Scene, ViewLayer | Synchronizing object | common_public_bath_wet_glass_partition_01_fr1
Fra:1 Mem:100.06M (Peak 103.49M) | Time:00:00.08 | Mem:0.00M, Peak:0.00M | Scene, ViewLayer | Synchronizing object | common_public_bath_wet_glass_partition_01_fr2
Fra:1 Mem:100.07M (Peak 103.49M) | Time:00:00.08 | Mem:0.00M, Peak:0.00M | Scene, ViewLayer | Synchronizing object | common_public_bath_wet_glass_partition_01_fr3
Fra:1 Mem:100.07M (Peak 103.49M) | Time:00:00.08 | Mem:0.00M, Peak:0.00M | Scene, ViewLayer | Synchronizing object | common_public_bath_wet_glass_partition_01_fr4
Fra:1 Mem:100.08M (Peak 103.49M) | Time:00:00.08 | Mem:0.00M, Peak:0.00M | Scene, ViewLayer | Synchronizing object | common_public_bath_wet_toilet_01_base
Fra:1 Mem:100.10M (Peak 103.49M) | Time:00:00.08 | Mem:0.00M, Peak:0.00M | Scene, ViewLayer | Synchronizing object | common_public_bath_wet_toilet_01_seat
Fra:1 Mem:100.10M (Peak 103.49M) | Time:00:00.08 | Mem:0.00M, Peak:0.00M | Scene, ViewLayer | Synchronizing object | common_master_bedroom_screen_01_slat01
Fra:1 Mem:100.10M (Peak 103.49M) | Time:00:00.08 | Mem:0.00M, Peak:0.00M | Scene, ViewLayer | Synchronizing object | common_master_bedroom_screen_01_slat02
Fra:1 Mem:100.11M (Peak 103.49M) | Time:00:00.08 | Mem:0.00M, Peak:0.00M | Scene, ViewLayer | Synchronizing object | common_master_bedroom_screen_01_slat03
Fra:1 Mem:100.11M (Peak 103.49M) | Time:00:00.08 | Mem:0.00M, Peak:0.00M | Scene, ViewLayer | Synchronizing object | common_master_bedroom_screen_01_slat04
Fra:1 Mem:100.13M (Peak 103.49M) | Time:00:00.08 | Mem:0.00M, Peak:0.00M | Scene, ViewLayer | Synchronizing object | common_master_bedroom_screen_01_slat05
Fra:1 Mem:100.13M (Peak 103.49M) | Time:00:00.08 | Mem:0.00M, Peak:0.00M | Scene, ViewLayer | Synchronizing object | common_master_bedroom_screen_01_slat06
Fra:1 Mem:100.13M (Peak 103.49M) | Time:00:00.08 | Mem:0.00M, Peak:0.00M | Scene, ViewLayer | Synchronizing object | common_master_bedroom_screen_01_slat08
Fra:1 Mem:100.15M (Peak 103.49M) | Time:00:00.08 | Mem:0.00M, Peak:0.00M | Scene, ViewLayer | Synchronizing object | common_master_bedroom_screen_01_slat09
Fra:1 Mem:100.15M (Peak 103.49M) | Time:00:00.08 | Mem:0.00M, Peak:0.00M | Scene, ViewLayer | Synchronizing object | common_master_bedroom_screen_01_slat13
Fra:1 Mem:100.15M (Peak 103.49M) | Time:00:00.08 | Mem:0.00M, Peak:0.00M | Scene, ViewLayer | Synchronizing object | common_master_bedroom_screen_01_slat14
Fra:1 Mem:100.15M (Peak 103.49M) | Time:00:00.08 | Mem:0.00M, Peak:0.00M | Scene, ViewLayer | Synchronizing object | lt_strip_tv
Fra:1 Mem:100.15M (Peak 103.49M) | Time:00:00.08 | Mem:0.00M, Peak:0.00M | Scene, ViewLayer | Synchronizing object | common_master_bedroom_screen_01_slat16
Fra:1 Mem:100.16M (Peak 103.49M) | Time:00:00.08 | Mem:0.00M, Peak:0.00M | Scene, ViewLayer | Synchronizing object | lt_pendant_02
Fra:1 Mem:100.18M (Peak 103.49M) | Time:00:00.08 | Mem:0.00M, Peak:0.00M | Scene, ViewLayer | Synchronizing object | common_master_bedroom_screen_01_slat18
Fra:1 Mem:100.20M (Peak 103.49M) | Time:00:00.08 | Mem:0.00M, Peak:0.00M | Scene, ViewLayer | Synchronizing object | common_master_bedroom_screen_01_cap
Fra:1 Mem:100.20M (Peak 103.49M) | Time:00:00.08 | Mem:0.00M, Peak:0.00M | Scene, ViewLayer | Synchronizing object | common_foyer_stool_01_leg2
Fra:1 Mem:100.21M (Peak 103.49M) | Time:00:00.08 | Mem:0.00M, Peak:0.00M | Scene, ViewLayer | Synchronizing object | common_foyer_stool_01_leg3
Fra:1 Mem:100.23M (Peak 103.49M) | Time:00:00.08 | Mem:0.00M, Peak:0.00M | Scene, ViewLayer | Synchronizing object | common_living_dining_balcony_plant_01_stem
Fra:1 Mem:100.24M (Peak 103.49M) | Time:00:00.08 | Mem:0.00M, Peak:0.00M | Scene, ViewLayer | Synchronizing object | common_living_dining_balcony_plant_01_leaf1
Fra:1 Mem:100.24M (Peak 103.49M) | Time:00:00.08 | Mem:0.00M, Peak:0.00M | Scene, ViewLayer | Synchronizing object | common_living_dining_balcony_plant_01_leaf2
Fra:1 Mem:100.27M (Peak 103.49M) | Time:00:00.08 | Mem:0.00M, Peak:0.00M | Scene, ViewLayer | Synchronizing object | common_living_dining_balcony_plant_01_leaf4
Fra:1 Mem:100.28M (Peak 103.49M) | Time:00:00.08 | Mem:0.00M, Peak:0.00M | Scene, ViewLayer | Synchronizing object | common_living_dining_balcony_planter_01_pot
Fra:1 Mem:100.29M (Peak 103.49M) | Time:00:00.08 | Mem:0.00M, Peak:0.00M | Scene, ViewLayer | Synchronizing object | common_living_dining_balcony_stool_01_top
Fra:1 Mem:100.30M (Peak 103.49M) | Time:00:00.08 | Mem:0.00M, Peak:0.00M | Scene, ViewLayer | Synchronizing object | common_living_dining_balcony_stool_01_post
Fra:1 Mem:100.31M (Peak 103.49M) | Time:00:00.08 | Mem:0.00M, Peak:0.00M | Scene, ViewLayer | Synchronizing object | lt_pendant_01
Fra:1 Mem:100.32M (Peak 103.49M) | Time:00:00.08 | Mem:0.00M, Peak:0.00M | Scene, ViewLayer | Synchronizing object | common_living_dining_balcony_artwork_01_lamp
Fra:1 Mem:100.33M (Peak 103.49M) | Time:00:00.08 | Mem:0.00M, Peak:0.00M | Scene, ViewLayer | Synchronizing object | common_master_bedroom_wardrobe_01_door_p0
Fra:1 Mem:100.34M (Peak 103.49M) | Time:00:00.08 | Mem:0.00M, Peak:0.00M | Scene, ViewLayer | Synchronizing object | common_master_bedroom_wardrobe_01_door_f1
Fra:1 Mem:100.34M (Peak 103.49M) | Time:00:00.08 | Mem:0.00M, Peak:0.00M | Scene, ViewLayer | Synchronizing object | common_master_bedroom_wardrobe_01_door_p1
Fra:1 Mem:100.35M (Peak 103.49M) | Time:00:00.08 | Mem:0.00M, Peak:0.00M | Scene, ViewLayer | Synchronizing object | common_master_bedroom_wardrobe_01_door_f4
Fra:1 Mem:100.36M (Peak 103.49M) | Time:00:00.08 | Mem:0.00M, Peak:0.00M | Scene, ViewLayer | Synchronizing object | common_master_bedroom_wardrobe_01_door_p4
Fra:1 Mem:100.36M (Peak 103.49M) | Time:00:00.08 | Mem:0.00M, Peak:0.00M | Scene, ViewLayer | Synchronizing object | common_master_bedroom_wardrobe_01_door_p5
Fra:1 Mem:100.36M (Peak 103.49M) | Time:00:00.08 | Mem:0.00M, Peak:0.00M | Scene, ViewLayer | Synchronizing object | common_master_bedroom_wardrobe_01_door_p6
Fra:1 Mem:100.37M (Peak 103.49M) | Time:00:00.08 | Mem:0.00M, Peak:0.00M | Scene, ViewLayer | Synchronizing object | common_master_bedroom_dressing_table_01_top
Fra:1 Mem:100.37M (Peak 103.49M) | Time:00:00.08 | Mem:0.00M, Peak:0.00M | Scene, ViewLayer | Synchronizing object | common_master_bedroom_dressing_table_01_side0
Fra:1 Mem:100.41M (Peak 103.49M) | Time:00:00.08 | Mem:0.00M, Peak:0.00M | Scene, ViewLayer | Synchronizing object | common_master_bedroom_dressing_table_01_side1
Fra:1 Mem:100.43M (Peak 103.49M) | Time:00:00.08 | Mem:0.00M, Peak:0.00M | Scene, ViewLayer | Synchronizing object | fx_art_wall_A
Fra:1 Mem:100.44M (Peak 103.49M) | Time:00:00.08 | Mem:0.00M, Peak:0.00M | Scene, ViewLayer | Synchronizing object | common_master_bedroom_dressing_table_01_shelf
Fra:1 Mem:100.44M (Peak 103.49M) | Time:00:00.08 | Mem:0.00M, Peak:0.00M | Scene, ViewLayer | Synchronizing object | common_master_bedroom_dressing_table_01_upper
Fra:1 Mem:100.44M (Peak 103.49M) | Time:00:00.08 | Mem:0.00M, Peak:0.00M | Scene, ViewLayer | Synchronizing object | common_master_bedroom_dressing_table_01_door_f0
Fra:1 Mem:100.47M (Peak 103.49M) | Time:00:00.08 | Mem:0.00M, Peak:0.00M | Scene, ViewLayer | Synchronizing object | common_master_bedroom_dressing_table_01_door_f1
Fra:1 Mem:100.47M (Peak 103.49M) | Time:00:00.08 | Mem:0.00M, Peak:0.00M | Scene, ViewLayer | Synchronizing object | common_master_bedroom_dressing_table_01_door_p1
Fra:1 Mem:100.47M (Peak 103.49M) | Time:00:00.08 | Mem:0.00M, Peak:0.00M | Scene, ViewLayer | Synchronizing object | common_master_bedroom_dressing_table_01_door_f2
Fra:1 Mem:100.47M (Peak 103.49M) | Time:00:00.08 | Mem:0.00M, Peak:0.00M | Scene, ViewLayer | Synchronizing object | common_master_bedroom_dressing_table_01_mirror
Fra:1 Mem:100.48M (Peak 103.49M) | Time:00:00.08 | Mem:0.00M, Peak:0.00M | Scene, ViewLayer | Synchronizing object | common_master_bedroom_stool_01_pad
Fra:1 Mem:100.48M (Peak 103.49M) | Time:00:00.08 | Mem:0.00M, Peak:0.00M | Scene, ViewLayer | Synchronizing object | common_master_bedroom_stool_01_leg0
Fra:1 Mem:100.48M (Peak 103.49M) | Time:00:00.08 | Mem:0.00M, Peak:0.00M | Scene, ViewLayer | Synchronizing object | common_master_bedroom_stool_01_leg2
Fra:1 Mem:100.49M (Peak 103.49M) | Time:00:00.08 | Mem:0.00M, Peak:0.00M | Scene, ViewLayer | Synchronizing object | common_master_bedroom_bed_01_frame
Fra:1 Mem:100.49M (Peak 103.49M) | Time:00:00.08 | Mem:0.00M, Peak:0.00M | Scene, ViewLayer | Synchronizing object | common_master_bedroom_bed_01_mattress
Fra:1 Mem:100.50M (Peak 103.49M) | Time:00:00.08 | Mem:0.00M, Peak:0.00M | Scene, ViewLayer | Synchronizing object | common_master_bedroom_bed_01_duvetdrop
Fra:1 Mem:100.50M (Peak 103.49M) | Time:00:00.08 | Mem:0.00M, Peak:0.00M | Scene, ViewLayer | Synchronizing object | fx_curt_living_bo_e_A
Fra:1 Mem:100.52M (Peak 103.49M) | Time:00:00.08 | Mem:0.00M, Peak:0.00M | Scene, ViewLayer | Synchronizing object | common_master_bedroom_bed_01_throw
Fra:1 Mem:100.53M (Peak 103.49M) | Time:00:00.08 | Mem:0.00M, Peak:0.00M | Scene, ViewLayer | Synchronizing object | common_master_bedroom_nightstand_01_drw_f0
Fra:1 Mem:100.54M (Peak 103.49M) | Time:00:00.08 | Mem:0.00M, Peak:0.00M | Scene, ViewLayer | Synchronizing object | common_master_bedroom_nightstand_01_drw_p0
Fra:1 Mem:100.54M (Peak 103.49M) | Time:00:00.08 | Mem:0.00M, Peak:0.00M | Scene, ViewLayer | Synchronizing object | common_master_bedroom_nightstand_01_leg0
Fra:1 Mem:100.55M (Peak 103.49M) | Time:00:00.08 | Mem:0.00M, Peak:0.00M | Scene, ViewLayer | Synchronizing object | common_master_bedroom_nightstand_01_leg2
Fra:1 Mem:100.55M (Peak 103.49M) | Time:00:00.08 | Mem:0.00M, Peak:0.00M | Scene, ViewLayer | Synchronizing object | common_master_bedroom_nightstand_01_leg3
Fra:1 Mem:100.55M (Peak 103.49M) | Time:00:00.08 | Mem:0.00M, Peak:0.00M | Scene, ViewLayer | Synchronizing object | common_master_bedroom_nightstand_02_body
Fra:1 Mem:100.56M (Peak 103.49M) | Time:00:00.08 | Mem:0.00M, Peak:0.00M | Scene, ViewLayer | Synchronizing object | common_master_bedroom_nightstand_02_drw_f0
Fra:1 Mem:100.57M (Peak 103.49M) | Time:00:00.08 | Mem:0.00M, Peak:0.00M | Scene, ViewLayer | Synchronizing object | common_master_bedroom_nightstand_02_leg0
Fra:1 Mem:100.58M (Peak 103.49M) | Time:00:00.08 | Mem:0.00M, Peak:0.00M | Scene, ViewLayer | Synchronizing object | common_master_bedroom_nightstand_02_leg1
Fra:1 Mem:100.58M (Peak 103.49M) | Time:00:00.08 | Mem:0.00M, Peak:0.00M | Scene, ViewLayer | Synchronizing object | common_master_bedroom_nightstand_02_leg3
Fra:1 Mem:100.59M (Peak 103.49M) | Time:00:00.08 | Mem:0.00M, Peak:0.00M | Scene, ViewLayer | Synchronizing object | common_master_bedroom_desk_01_top
Fra:1 Mem:100.60M (Peak 103.49M) | Time:00:00.08 | Mem:0.00M, Peak:0.00M | Scene, ViewLayer | Synchronizing object | common_master_bedroom_desk_01_leg0
Fra:1 Mem:100.61M (Peak 103.49M) | Time:00:00.08 | Mem:0.00M, Peak:0.00M | Scene, ViewLayer | Synchronizing object | common_master_bedroom_desk_01_leg1
Fra:1 Mem:100.62M (Peak 103.49M) | Time:00:00.08 | Mem:0.00M, Peak:0.00M | Scene, ViewLayer | Synchronizing object | common_master_bedroom_desk_01_leg2
Fra:1 Mem:100.62M (Peak 103.49M) | Time:00:00.08 | Mem:0.00M, Peak:0.00M | Scene, ViewLayer | Synchronizing object | common_master_bedroom_desk_01_leg3
Fra:1 Mem:100.63M (Peak 103.49M) | Time:00:00.08 | Mem:0.00M, Peak:0.00M | Scene, ViewLayer | Synchronizing object | common_master_bedroom_desk_01_monitor
Fra:1 Mem:100.64M (Peak 103.49M) | Time:00:00.08 | Mem:0.00M, Peak:0.00M | Scene, ViewLayer | Synchronizing object | common_master_bedroom_desk_01_monstand
Fra:1 Mem:100.64M (Peak 103.49M) | Time:00:00.08 | Mem:0.00M, Peak:0.00M | Scene, ViewLayer | Synchronizing object | common_master_bedroom_chair_01_base
Fra:1 Mem:100.64M (Peak 103.49M) | Time:00:00.08 | Mem:0.00M, Peak:0.00M | Scene, ViewLayer | Synchronizing object | common_master_bedroom_rug_01_pile
Fra:1 Mem:100.65M (Peak 103.49M) | Time:00:00.08 | Mem:0.00M, Peak:0.00M | Scene, ViewLayer | Synchronizing object | common_terrace_coffee_table_01_top
Fra:1 Mem:100.65M (Peak 103.49M) | Time:00:00.08 | Mem:0.00M, Peak:0.00M | Scene, ViewLayer | Synchronizing object | common_terrace_coffee_table_01_leg0
Fra:1 Mem:100.66M (Peak 103.49M) | Time:00:00.08 | Mem:0.00M, Peak:0.00M | Scene, ViewLayer | Synchronizing object | common_terrace_coffee_table_01_leg2
Fra:1 Mem:100.68M (Peak 103.49M) | Time:00:00.08 | Mem:0.00M, Peak:0.00M | Scene, ViewLayer | Synchronizing object | common_terrace_lounge_chair_01_seat
Fra:1 Mem:100.68M (Peak 103.49M) | Time:00:00.08 | Mem:0.00M, Peak:0.00M | Scene, ViewLayer | Synchronizing object | common_terrace_lounge_chair_01_back
Fra:1 Mem:100.69M (Peak 103.49M) | Time:00:00.08 | Mem:0.00M, Peak:0.00M | Scene, ViewLayer | Synchronizing object | common_terrace_lounge_chair_02_seat
Fra:1 Mem:100.70M (Peak 103.49M) | Time:00:00.08 | Mem:0.00M, Peak:0.00M | Scene, ViewLayer | Synchronizing object | fx_curt_living_bo_w_A
Fra:1 Mem:100.71M (Peak 103.49M) | Time:00:00.08 | Mem:0.00M, Peak:0.00M | Scene, ViewLayer | Synchronizing object | fx_curt_living_sheer_A
Fra:1 Mem:100.71M (Peak 103.49M) | Time:00:00.08 | Mem:0.00M, Peak:0.00M | Scene, ViewLayer | Synchronizing object | common_terrace_lounge_chair_02_back
Fra:1 Mem:100.73M (Peak 103.49M) | Time:00:00.08 | Mem:0.00M, Peak:0.00M | Scene, ViewLayer | Synchronizing object | common_terrace_lounge_chair_02_leg0
Fra:1 Mem:100.75M (Peak 103.49M) | Time:00:00.08 | Mem:0.00M, Peak:0.00M | Scene, ViewLayer | Synchronizing object | common_terrace_lounge_chair_02_leg1
Fra:1 Mem:100.76M (Peak 103.49M) | Time:00:00.08 | Mem:0.00M, Peak:0.00M | Scene, ViewLayer | Synchronizing object | common_terrace_lounge_chair_02_leg3
Fra:1 Mem:100.76M (Peak 103.49M) | Time:00:00.08 | Mem:0.00M, Peak:0.00M | Scene, ViewLayer | Synchronizing object | common_terrace_plant_01_pot
Fra:1 Mem:100.76M (Peak 103.49M) | Time:00:00.08 | Mem:0.00M, Peak:0.00M | Scene, ViewLayer | Synchronizing object | common_terrace_plant_01_stem
Fra:1 Mem:100.77M (Peak 103.49M) | Time:00:00.08 | Mem:0.00M, Peak:0.00M | Scene, ViewLayer | Synchronizing object | common_terrace_plant_01_leaf0
Fra:1 Mem:100.78M (Peak 103.49M) | Time:00:00.08 | Mem:0.00M, Peak:0.00M | Scene, ViewLayer | Synchronizing object | common_terrace_plant_01_leaf2
Fra:1 Mem:100.78M (Peak 103.49M) | Time:00:00.08 | Mem:0.00M, Peak:0.00M | Scene, ViewLayer | Synchronizing object | common_terrace_plant_01_leaf3
Fra:1 Mem:100.78M (Peak 103.49M) | Time:00:00.08 | Mem:0.00M, Peak:0.00M | Scene, ViewLayer | Synchronizing object | common_terrace_plant_02_pot
Fra:1 Mem:100.78M (Peak 103.49M) | Time:00:00.09 | Mem:0.00M, Peak:0.00M | Scene, ViewLayer | Synchronizing object | common_terrace_plant_02_leaf0
Fra:1 Mem:100.79M (Peak 103.49M) | Time:00:00.09 | Mem:0.00M, Peak:0.00M | Scene, ViewLayer | Synchronizing object | common_terrace_plant_02_leaf1
Fra:1 Mem:100.80M (Peak 103.49M) | Time:00:00.09 | Mem:0.00M, Peak:0.00M | Scene, ViewLayer | Synchronizing object | common_terrace_plant_02_leaf2
Fra:1 Mem:100.80M (Peak 103.49M) | Time:00:00.09 | Mem:0.00M, Peak:0.00M | Scene, ViewLayer | Synchronizing object | common_terrace_plant_02_leaf3
Fra:1 Mem:100.80M (Peak 103.49M) | Time:00:00.09 | Mem:0.00M, Peak:0.00M | Scene, ViewLayer | Synchronizing object | common_terrace_plant_02_leaf5
Fra:1 Mem:100.81M (Peak 103.49M) | Time:00:00.09 | Mem:0.00M, Peak:0.00M | Scene, ViewLayer | Synchronizing object | common_terrace_plant_03_pot
Fra:1 Mem:100.81M (Peak 103.49M) | Time:00:00.09 | Mem:0.00M, Peak:0.00M | Scene, ViewLayer | Synchronizing object | common_terrace_plant_03_stem
Fra:1 Mem:100.81M (Peak 103.49M) | Time:00:00.09 | Mem:0.00M, Peak:0.00M | Scene, ViewLayer | Synchronizing object | common_terrace_plant_03_leaf0
Fra:1 Mem:100.82M (Peak 103.49M) | Time:00:00.09 | Mem:0.00M, Peak:0.00M | Scene, ViewLayer | Synchronizing object | common_terrace_plant_03_leaf1
Fra:1 Mem:100.82M (Peak 103.49M) | Time:00:00.09 | Mem:0.00M, Peak:0.00M | Scene, ViewLayer | Synchronizing object | common_terrace_plant_03_leaf2
Fra:1 Mem:100.83M (Peak 103.49M) | Time:00:00.09 | Mem:0.00M, Peak:0.00M | Scene, ViewLayer | Synchronizing object | common_terrace_plant_03_leaf4
Fra:1 Mem:100.83M (Peak 103.49M) | Time:00:00.09 | Mem:0.00M, Peak:0.00M | Scene, ViewLayer | Synchronizing object | common_terrace_plant_04_pot
Fra:1 Mem:100.84M (Peak 103.49M) | Time:00:00.09 | Mem:0.00M, Peak:0.00M | Scene, ViewLayer | Synchronizing object | common_terrace_plant_04_stem
Fra:1 Mem:100.84M (Peak 103.49M) | Time:00:00.09 | Mem:0.00M, Peak:0.00M | Scene, ViewLayer | Synchronizing object | common_terrace_plant_04_leaf1
Fra:1 Mem:100.84M (Peak 103.49M) | Time:00:00.09 | Mem:0.00M, Peak:0.00M | Scene, ViewLayer | Synchronizing object | common_terrace_plant_04_leaf2
Fra:1 Mem:100.85M (Peak 103.49M) | Time:00:00.09 | Mem:0.00M, Peak:0.00M | Scene, ViewLayer | Synchronizing object | common_terrace_plant_04_leaf3
Fra:1 Mem:100.85M (Peak 103.49M) | Time:00:00.09 | Mem:0.00M, Peak:0.00M | Scene, ViewLayer | Synchronizing object | common_terrace_plant_04_leaf4
Fra:1 Mem:100.85M (Peak 103.49M) | Time:00:00.09 | Mem:0.00M, Peak:0.00M | Scene, ViewLayer | Synchronizing object | common_parents_room_wardrobe_01_body
Fra:1 Mem:100.85M (Peak 103.49M) | Time:00:00.09 | Mem:0.00M, Peak:0.00M | Scene, ViewLayer | Synchronizing object | common_parents_room_wardrobe_01_slA_f0
Fra:1 Mem:100.86M (Peak 103.49M) | Time:00:00.09 | Mem:0.00M, Peak:0.00M | Scene, ViewLayer | Synchronizing object | common_parents_room_wardrobe_01_slA_f1
Fra:1 Mem:100.86M (Peak 103.49M) | Time:00:00.09 | Mem:0.00M, Peak:0.00M | Scene, ViewLayer | Synchronizing object | common_parents_room_wardrobe_01_slA_f2
Fra:1 Mem:100.87M (Peak 103.49M) | Time:00:00.09 | Mem:0.00M, Peak:0.00M | Scene, ViewLayer | Synchronizing object | common_parents_room_wardrobe_01_slB_f0
Fra:1 Mem:100.88M (Peak 103.49M) | Time:00:00.09 | Mem:0.00M, Peak:0.00M | Scene, ViewLayer | Synchronizing object | common_parents_room_wardrobe_01_slB_f1
Fra:1 Mem:100.89M (Peak 103.49M) | Time:00:00.09 | Mem:0.00M, Peak:0.00M | Scene, ViewLayer | Synchronizing object | common_parents_room_bed_01_frame
Fra:1 Mem:100.89M (Peak 103.49M) | Time:00:00.09 | Mem:0.00M, Peak:0.00M | Scene, ViewLayer | Synchronizing object | common_parents_room_bed_01_mattress
Fra:1 Mem:100.89M (Peak 103.49M) | Time:00:00.09 | Mem:0.00M, Peak:0.00M | Scene, ViewLayer | Synchronizing object | common_parents_room_bed_01_headboard
Fra:1 Mem:100.90M (Peak 103.49M) | Time:00:00.09 | Mem:0.00M, Peak:0.00M | Scene, ViewLayer | Synchronizing object | common_parents_room_bed_01_duvet
Fra:1 Mem:100.90M (Peak 103.49M) | Time:00:00.09 | Mem:0.00M, Peak:0.00M | Scene, ViewLayer | Synchronizing object | common_parents_room_bed_01_duvetdrop2
Fra:1 Mem:100.91M (Peak 103.49M) | Time:00:00.09 | Mem:0.00M, Peak:0.00M | Scene, ViewLayer | Synchronizing object | common_parents_room_bed_01_pillow1
Fra:1 Mem:100.93M (Peak 103.49M) | Time:00:00.09 | Mem:0.00M, Peak:0.00M | Scene, ViewLayer | Synchronizing object | common_parents_room_bed_01_pillow2
Fra:1 Mem:100.93M (Peak 103.49M) | Time:00:00.09 | Mem:0.00M, Peak:0.00M | Scene, ViewLayer | Synchronizing object | common_parents_room_bed_01_throw
Fra:1 Mem:100.93M (Peak 103.49M) | Time:00:00.09 | Mem:0.00M, Peak:0.00M | Scene, ViewLayer | Synchronizing object | common_parents_room_nightstand_01_body
Fra:1 Mem:100.93M (Peak 103.49M) | Time:00:00.09 | Mem:0.00M, Peak:0.00M | Scene, ViewLayer | Synchronizing object | common_parents_room_nightstand_01_drw_f0
Fra:1 Mem:100.94M (Peak 103.49M) | Time:00:00.09 | Mem:0.00M, Peak:0.00M | Scene, ViewLayer | Synchronizing object | common_parents_room_nightstand_01_drw_p0
Fra:1 Mem:100.94M (Peak 103.49M) | Time:00:00.09 | Mem:0.00M, Peak:0.00M | Scene, ViewLayer | Synchronizing object | common_parents_room_nightstand_01_leg0
Fra:1 Mem:100.94M (Peak 103.49M) | Time:00:00.09 | Mem:0.00M, Peak:0.00M | Scene, ViewLayer | Synchronizing object | common_parents_room_nightstand_01_leg1
Fra:1 Mem:100.96M (Peak 103.49M) | Time:00:00.09 | Mem:0.00M, Peak:0.00M | Scene, ViewLayer | Synchronizing object | common_parents_room_nightstand_01_leg3
Fra:1 Mem:100.97M (Peak 103.49M) | Time:00:00.09 | Mem:0.00M, Peak:0.00M | Scene, ViewLayer | Synchronizing object | A_living_dining_balcony_lounge_chair_01_arm0
Fra:1 Mem:100.97M (Peak 103.49M) | Time:00:00.09 | Mem:0.00M, Peak:0.00M | Scene, ViewLayer | Synchronizing object | common_parents_room_cushion_01_pil_brick
Fra:1 Mem:100.99M (Peak 103.49M) | Time:00:00.09 | Mem:0.00M, Peak:0.00M | Scene, ViewLayer | Synchronizing object | common_parents_room_shelf_01_side0
Fra:1 Mem:100.99M (Peak 103.49M) | Time:00:00.09 | Mem:0.00M, Peak:0.00M | Scene, ViewLayer | Synchronizing object | common_parents_room_shelf_01_top
Fra:1 Mem:101.00M (Peak 103.49M) | Time:00:00.09 | Mem:0.00M, Peak:0.00M | Scene, ViewLayer | Synchronizing object | common_parents_room_shelf_02_top
Fra:1 Mem:101.03M (Peak 103.49M) | Time:00:00.09 | Mem:0.00M, Peak:0.00M | Scene, ViewLayer | Synchronizing object | common_daughter_room_wardrobe_01_body
Fra:1 Mem:101.03M (Peak 103.49M) | Time:00:00.09 | Mem:0.00M, Peak:0.00M | Scene, ViewLayer | Synchronizing object | common_daughter_room_wardrobe_01_slB_f0
Fra:1 Mem:101.04M (Peak 103.49M) | Time:00:00.09 | Mem:0.00M, Peak:0.00M | Scene, ViewLayer | Synchronizing object | common_daughter_room_wardrobe_01_slB_f1
Fra:1 Mem:101.04M (Peak 103.49M) | Time:00:00.09 | Mem:0.00M, Peak:0.00M | Scene, ViewLayer | Synchronizing object | common_daughter_room_wardrobe_02_body
Fra:1 Mem:101.06M (Peak 103.49M) | Time:00:00.09 | Mem:0.00M, Peak:0.00M | Scene, ViewLayer | Synchronizing object | common_daughter_room_wardrobe_02_slA_f0
Fra:1 Mem:101.07M (Peak 103.49M) | Time:00:00.09 | Mem:0.00M, Peak:0.00M | Scene, ViewLayer | Synchronizing object | common_daughter_room_wardrobe_02_slB_f1
Fra:1 Mem:101.08M (Peak 103.49M) | Time:00:00.09 | Mem:0.00M, Peak:0.00M | Scene, ViewLayer | Synchronizing object | common_daughter_room_bed_01_frame
Fra:1 Mem:101.09M (Peak 103.49M) | Time:00:00.09 | Mem:0.00M, Peak:0.00M | Scene, ViewLayer | Synchronizing object | A_living_dining_balcony_lounge_chair_01_leg3
Fra:1 Mem:101.09M (Peak 103.49M) | Time:00:00.09 | Mem:0.00M, Peak:0.00M | Scene, ViewLayer | Synchronizing object | common_daughter_room_bed_01_duvet
Fra:1 Mem:101.09M (Peak 103.49M) | Time:00:00.09 | Mem:0.00M, Peak:0.00M | Scene, ViewLayer | Synchronizing object | common_daughter_room_bed_01_duvetdrop
Fra:1 Mem:101.09M (Peak 103.49M) | Time:00:00.09 | Mem:0.00M, Peak:0.00M | Scene, ViewLayer | Synchronizing object | common_daughter_room_bed_01_pillow2
Fra:1 Mem:101.10M (Peak 103.49M) | Time:00:00.09 | Mem:0.00M, Peak:0.00M | Scene, ViewLayer | Synchronizing object | common_daughter_room_bed_01_pillow_acc
Fra:1 Mem:101.12M (Peak 103.49M) | Time:00:00.09 | Mem:0.00M, Peak:0.00M | Scene, ViewLayer | Synchronizing object | common_daughter_room_shelf_01_side0
Fra:1 Mem:101.12M (Peak 103.49M) | Time:00:00.09 | Mem:0.00M, Peak:0.00M | Scene, ViewLayer | Synchronizing object | common_daughter_room_shelf_01_top
Fra:1 Mem:101.12M (Peak 103.49M) | Time:00:00.09 | Mem:0.00M, Peak:0.00M | Scene, ViewLayer | Synchronizing object | common_daughter_room_shelf_01_sh1
Fra:1 Mem:101.12M (Peak 103.49M) | Time:00:00.09 | Mem:0.00M, Peak:0.00M | Scene, ViewLayer | Synchronizing object | common_daughter_room_desk_01_drawer
Fra:1 Mem:101.14M (Peak 103.49M) | Time:00:00.09 | Mem:0.00M, Peak:0.00M | Scene, ViewLayer | Synchronizing object | common_daughter_room_desk_01_leg0
Fra:1 Mem:101.15M (Peak 103.49M) | Time:00:00.09 | Mem:0.00M, Peak:0.00M | Scene, ViewLayer | Synchronizing object | common_daughter_room_desk_01_leg1
Fra:1 Mem:101.16M (Peak 103.49M) | Time:00:00.09 | Mem:0.00M, Peak:0.00M | Scene, ViewLayer | Synchronizing object | common_daughter_room_desk_01_leg2
Fra:1 Mem:101.16M (Peak 103.49M) | Time:00:00.09 | Mem:0.00M, Peak:0.00M | Scene, ViewLayer | Synchronizing object | common_daughter_room_desk_01_leg3
Fra:1 Mem:101.17M (Peak 103.49M) | Time:00:00.09 | Mem:0.00M, Peak:0.00M | Scene, ViewLayer | Synchronizing object | common_daughter_room_chair_01_post
Fra:1 Mem:101.17M (Peak 103.49M) | Time:00:00.09 | Mem:0.00M, Peak:0.00M | Scene, ViewLayer | Synchronizing object | common_son_room_wardrobe_01_body
Fra:1 Mem:101.18M (Peak 103.49M) | Time:00:00.09 | Mem:0.00M, Peak:0.00M | Scene, ViewLayer | Synchronizing object | common_son_room_wardrobe_01_slA_f0
Fra:1 Mem:101.18M (Peak 103.49M) | Time:00:00.09 | Mem:0.00M, Peak:0.00M | Scene, ViewLayer | Synchronizing object | common_son_room_wardrobe_01_slA_f2
Fra:1 Mem:101.19M (Peak 103.49M) | Time:00:00.09 | Mem:0.00M, Peak:0.00M | Scene, ViewLayer | Synchronizing object | common_son_room_wardrobe_01_slB_f0
Fra:1 Mem:101.20M (Peak 103.49M) | Time:00:00.09 | Mem:0.00M, Peak:0.00M | Scene, ViewLayer | Synchronizing object | common_son_room_wardrobe_01_slB_f2
Fra:1 Mem:101.20M (Peak 103.49M) | Time:00:00.09 | Mem:0.00M, Peak:0.00M | Scene, ViewLayer | Synchronizing object | common_son_room_bed_01_frame
Fra:1 Mem:101.22M (Peak 103.49M) | Time:00:00.09 | Mem:0.00M, Peak:0.00M | Scene, ViewLayer | Synchronizing object | common_son_room_bed_01_mattress
Fra:1 Mem:101.22M (Peak 103.49M) | Time:00:00.09 | Mem:0.00M, Peak:0.00M | Scene, ViewLayer | Synchronizing object | common_son_room_bed_01_headboard
Fra:1 Mem:101.23M (Peak 103.49M) | Time:00:00.09 | Mem:0.00M, Peak:0.00M | Scene, ViewLayer | Synchronizing object | common_son_room_bed_01_duvet
Fra:1 Mem:101.24M (Peak 103.49M) | Time:00:00.09 | Mem:0.00M, Peak:0.00M | Scene, ViewLayer | Synchronizing object | common_son_room_bed_01_duvetdrop
Fra:1 Mem:101.24M (Peak 103.49M) | Time:00:00.09 | Mem:0.00M, Peak:0.00M | Scene, ViewLayer | Synchronizing object | common_son_room_bed_01_duvetdrop2
Fra:1 Mem:101.24M (Peak 103.49M) | Time:00:00.09 | Mem:0.00M, Peak:0.00M | Scene, ViewLayer | Synchronizing object | common_son_room_bed_01_pillow1
Fra:1 Mem:101.24M (Peak 103.49M) | Time:00:00.09 | Mem:0.00M, Peak:0.00M | Scene, ViewLayer | Synchronizing object | common_son_room_bed_01_pillow2
Fra:1 Mem:101.25M (Peak 103.49M) | Time:00:00.09 | Mem:0.00M, Peak:0.00M | Scene, ViewLayer | Synchronizing object | A_living_dining_balcony_lounge_chair_01_leg2
Fra:1 Mem:101.28M (Peak 103.49M) | Time:00:00.09 | Mem:0.00M, Peak:0.00M | Scene, ViewLayer | Synchronizing object | common_son_room_bed_01_pillow_acc
Fra:1 Mem:101.29M (Peak 103.49M) | Time:00:00.09 | Mem:0.00M, Peak:0.00M | Scene, ViewLayer | Synchronizing object | common_son_room_desk_01_top
Fra:1 Mem:101.31M (Peak 103.49M) | Time:00:00.09 | Mem:0.00M, Peak:0.00M | Scene, ViewLayer | Synchronizing object | common_son_room_desk_01_drawer
Fra:1 Mem:101.32M (Peak 103.49M) | Time:00:00.09 | Mem:0.00M, Peak:0.00M | Scene, ViewLayer | Synchronizing object | common_son_room_shelf_01_side0
Fra:1 Mem:101.33M (Peak 103.49M) | Time:00:00.09 | Mem:0.00M, Peak:0.00M | Scene, ViewLayer | Synchronizing object | common_son_room_shelf_01_side1
Fra:1 Mem:101.33M (Peak 103.49M) | Time:00:00.09 | Mem:0.00M, Peak:0.00M | Scene, ViewLayer | Synchronizing object | common_son_room_shelf_01_top
Fra:1 Mem:101.33M (Peak 103.49M) | Time:00:00.09 | Mem:0.00M, Peak:0.00M | Scene, ViewLayer | Synchronizing object | common_son_room_shelf_01_sh1
Fra:1 Mem:101.34M (Peak 103.49M) | Time:00:00.09 | Mem:0.00M, Peak:0.00M | Scene, ViewLayer | Synchronizing object | common_son_room_chair_01_seat
Fra:1 Mem:101.34M (Peak 103.49M) | Time:00:00.09 | Mem:0.00M, Peak:0.00M | Scene, ViewLayer | Synchronizing object | common_son_room_chair_01_post
Fra:1 Mem:101.35M (Peak 103.49M) | Time:00:00.09 | Mem:0.00M, Peak:0.00M | Scene, ViewLayer | Synchronizing object | common_son_room_chair_01_base
Fra:1 Mem:101.36M (Peak 103.49M) | Time:00:00.09 | Mem:0.00M, Peak:0.00M | Scene, ViewLayer | Synchronizing object | fx_curt_master_sheer
Fra:1 Mem:101.36M (Peak 103.49M) | Time:00:00.09 | Mem:0.00M, Peak:0.00M | Scene, ViewLayer | Synchronizing object | fx_curt_master_bo_w
Fra:1 Mem:101.37M (Peak 103.49M) | Time:00:00.09 | Mem:0.00M, Peak:0.00M | Scene, ViewLayer | Synchronizing object | A_living_dining_balcony_lounge_chair_01_leg1
Fra:1 Mem:101.37M (Peak 103.49M) | Time:00:00.09 | Mem:0.00M, Peak:0.00M | Scene, ViewLayer | Synchronizing object | fx_curt_master_bo_e
Fra:1 Mem:101.37M (Peak 103.49M) | Time:00:00.09 | Mem:0.00M, Peak:0.00M | Scene, ViewLayer | Synchronizing object | A_living_dining_balcony_lounge_chair_01_leg0
Fra:1 Mem:101.38M (Peak 103.49M) | Time:00:00.09 | Mem:0.00M, Peak:0.00M | Scene, ViewLayer | Synchronizing object | fx_curt_parents_sheer
Fra:1 Mem:101.38M (Peak 103.49M) | Time:00:00.09 | Mem:0.00M, Peak:0.00M | Scene, ViewLayer | Synchronizing object | A_living_dining_balcony_lounge_chair_01_back
Fra:1 Mem:101.39M (Peak 103.49M) | Time:00:00.09 | Mem:0.00M, Peak:0.00M | Scene, ViewLayer | Synchronizing object | fx_curt_parents_roller
Fra:1 Mem:101.39M (Peak 103.49M) | Time:00:00.09 | Mem:0.00M, Peak:0.00M | Scene, ViewLayer | Synchronizing object | fx_curt_daughter_sheer
Fra:1 Mem:101.40M (Peak 103.49M) | Time:00:00.09 | Mem:0.00M, Peak:0.00M | Scene, ViewLayer | Synchronizing object | fx_curt_daughter_bo_e
Fra:1 Mem:101.40M (Peak 103.49M) | Time:00:00.09 | Mem:0.00M, Peak:0.00M | Scene, ViewLayer | Synchronizing object | fx_curt_son_sheer
Fra:1 Mem:101.40M (Peak 103.49M) | Time:00:00.09 | Mem:0.00M, Peak:0.00M | Scene, ViewLayer | Synchronizing object | fx_curt_son_bo_w
Fra:1 Mem:101.41M (Peak 103.49M) | Time:00:00.09 | Mem:0.00M, Peak:0.00M | Scene, ViewLayer | Synchronizing object | fx_curt_son_bo_e
Fra:1 Mem:101.42M (Peak 103.49M) | Time:00:00.09 | Mem:0.00M, Peak:0.00M | Scene, ViewLayer | Synchronizing object | fx_blind_mb_slats1
Fra:1 Mem:101.42M (Peak 103.49M) | Time:00:00.09 | Mem:0.00M, Peak:0.00M | Scene, ViewLayer | Synchronizing object | fx_blind_mb_slats2
Fra:1 Mem:101.42M (Peak 103.49M) | Time:00:00.09 | Mem:0.00M, Peak:0.00M | Scene, ViewLayer | Synchronizing object | fx_blind_mb_slats5
Fra:1 Mem:101.43M (Peak 103.49M) | Time:00:00.09 | Mem:0.00M, Peak:0.00M | Scene, ViewLayer | Synchronizing object | fx_blind_mb_slats6
Fra:1 Mem:101.46M (Peak 103.49M) | Time:00:00.09 | Mem:0.00M, Peak:0.00M | Scene, ViewLayer | Synchronizing object | fx_blind_mb_slats7
Fra:1 Mem:101.47M (Peak 103.49M) | Time:00:00.09 | Mem:0.00M, Peak:0.00M | Scene, ViewLayer | Synchronizing object | fx_blind_mb_slats8
Fra:1 Mem:101.48M (Peak 103.49M) | Time:00:00.09 | Mem:0.00M, Peak:0.00M | Scene, ViewLayer | Synchronizing object | fx_ceiling_parents_room
Fra:1 Mem:101.51M (Peak 103.49M) | Time:00:00.09 | Mem:0.00M, Peak:0.00M | Scene, ViewLayer | Synchronizing object | fx_ceiling_son_room
Fra:1 Mem:101.51M (Peak 103.49M) | Time:00:00.09 | Mem:0.00M, Peak:0.00M | Scene, ViewLayer | Synchronizing object | fx_spot_living00
Fra:1 Mem:101.52M (Peak 103.49M) | Time:00:00.09 | Mem:0.00M, Peak:0.00M | Scene, ViewLayer | Synchronizing object | fx_spot_living01_r
Fra:1 Mem:101.55M (Peak 103.49M) | Time:00:00.09 | Mem:0.00M, Peak:0.00M | Scene, ViewLayer | Synchronizing object | fx_spot_living02
Fra:1 Mem:101.55M (Peak 103.49M) | Time:00:00.09 | Mem:0.00M, Peak:0.00M | Scene, ViewLayer | Synchronizing object | A_living_dining_balcony_lounge_chair_01_seat
Fra:1 Mem:101.56M (Peak 103.49M) | Time:00:00.09 | Mem:0.00M, Peak:0.00M | Scene, ViewLayer | Synchronizing object | fx_spot_living02_r
Fra:1 Mem:101.57M (Peak 103.49M) | Time:00:00.09 | Mem:0.00M, Peak:0.00M | Scene, ViewLayer | Synchronizing object | fx_spot_living04
Fra:1 Mem:101.57M (Peak 103.49M) | Time:00:00.09 | Mem:0.00M, Peak:0.00M | Scene, ViewLayer | Synchronizing object | fx_spot_living05
Fra:1 Mem:101.57M (Peak 103.49M) | Time:00:00.09 | Mem:0.00M, Peak:0.00M | Scene, ViewLayer | Synchronizing object | fx_spot_living05_r
Fra:1 Mem:101.59M (Peak 103.49M) | Time:00:00.09 | Mem:0.00M, Peak:0.00M | Scene, ViewLayer | Synchronizing object | fx_spot_living06_r
Fra:1 Mem:101.59M (Peak 103.49M) | Time:00:00.09 | Mem:0.00M, Peak:0.00M | Scene, ViewLayer | Synchronizing object | fx_spot_living07
Fra:1 Mem:101.61M (Peak 103.49M) | Time:00:00.09 | Mem:0.00M, Peak:0.00M | Scene, ViewLayer | Synchronizing object | fx_spot_living07_r
Fra:1 Mem:101.61M (Peak 103.49M) | Time:00:00.09 | Mem:0.00M, Peak:0.00M | Scene, ViewLayer | Synchronizing object | fx_spot_living09_r
Fra:1 Mem:101.66M (Peak 103.49M) | Time:00:00.09 | Mem:0.00M, Peak:0.00M | Scene, ViewLayer | Synchronizing object | fx_spot_living10
Fra:1 Mem:101.66M (Peak 103.49M) | Time:00:00.09 | Mem:0.00M, Peak:0.00M | Scene, ViewLayer | Synchronizing object | fx_spot_living11
Fra:1 Mem:101.67M (Peak 103.49M) | Time:00:00.09 | Mem:0.00M, Peak:0.00M | Scene, ViewLayer | Synchronizing object | fx_spot_living12
Fra:1 Mem:101.68M (Peak 103.49M) | Time:00:00.09 | Mem:0.00M, Peak:0.00M | Scene, ViewLayer | Synchronizing object | fx_spot_living12_r
Fra:1 Mem:101.69M (Peak 103.49M) | Time:00:00.09 | Mem:0.00M, Peak:0.00M | Scene, ViewLayer | Synchronizing object | A_living_dining_balcony_floor_lamp_01_shade
Fra:1 Mem:101.69M (Peak 103.49M) | Time:00:00.09 | Mem:0.00M, Peak:0.00M | Scene, ViewLayer | Synchronizing object | fx_spot_living13_r
Fra:1 Mem:101.72M (Peak 103.49M) | Time:00:00.09 | Mem:0.00M, Peak:0.00M | Scene, ViewLayer | Synchronizing object | fx_spot_living14
Fra:1 Mem:101.72M (Peak 103.49M) | Time:00:00.09 | Mem:0.00M, Peak:0.00M | Scene, ViewLayer | Synchronizing object | fx_spot_living15
Fra:1 Mem:101.75M (Peak 103.49M) | Time:00:00.09 | Mem:0.00M, Peak:0.00M | Scene, ViewLayer | Synchronizing object | fx_spot_living15_r
Fra:1 Mem:101.76M (Peak 103.49M) | Time:00:00.09 | Mem:0.00M, Peak:0.00M | Scene, ViewLayer | Synchronizing object | fx_spot_room0
Fra:1 Mem:101.80M (Peak 103.49M) | Time:00:00.09 | Mem:0.00M, Peak:0.00M | Scene, ViewLayer | Synchronizing object | fx_spot_room3
Fra:1 Mem:101.80M (Peak 103.49M) | Time:00:00.09 | Mem:0.00M, Peak:0.00M | Scene, ViewLayer | Synchronizing object | fx_spot_room5
Fra:1 Mem:101.81M (Peak 103.49M) | Time:00:00.09 | Mem:0.00M, Peak:0.00M | Scene, ViewLayer | Synchronizing object | fx_spot_room6
Fra:1 Mem:101.82M (Peak 103.49M) | Time:00:00.09 | Mem:0.00M, Peak:0.00M | Scene, ViewLayer | Synchronizing object | fx_wall_lamp0
Fra:1 Mem:101.83M (Peak 103.49M) | Time:00:00.09 | Mem:0.00M, Peak:0.00M | Scene, ViewLayer | Synchronizing object | fx_wall_lamp1
Fra:1 Mem:101.83M (Peak 103.49M) | Time:00:00.09 | Mem:0.00M, Peak:0.00M | Scene, ViewLayer | Synchronizing object | fx_wall_lamp1_sh
Fra:1 Mem:101.83M (Peak 103.49M) | Time:00:00.09 | Mem:0.00M, Peak:0.00M | Scene, ViewLayer | Synchronizing object | fx_wall_lamp2
Fra:1 Mem:101.84M (Peak 103.49M) | Time:00:00.09 | Mem:0.00M, Peak:0.00M | Scene, ViewLayer | Synchronizing object | fx_wall_lamp2_sh
Fra:1 Mem:101.85M (Peak 103.49M) | Time:00:00.09 | Mem:0.00M, Peak:0.00M | Scene, ViewLayer | Synchronizing object | fx_foyer_jar
Fra:1 Mem:101.85M (Peak 103.49M) | Time:00:00.09 | Mem:0.00M, Peak:0.00M | Scene, ViewLayer | Synchronizing object | fx_kn_board
Fra:1 Mem:101.92M (Peak 103.49M) | Time:00:00.09 | Mem:0.00M, Peak:0.00M | Scene, ViewLayer | Synchronizing object | fx_kn_oil
Fra:1 Mem:101.96M (Peak 103.49M) | Time:00:00.09 | Mem:0.00M, Peak:0.00M | Scene, ViewLayer | Synchronizing object | fx_kn_herb
Fra:1 Mem:101.95M (Peak 103.49M) | Time:00:00.09 | Mem:0.00M, Peak:0.00M | Scene, ViewLayer | Synchronizing object | fx_kn_herb_leaf2
Fra:1 Mem:101.96M (Peak 103.49M) | Time:00:00.09 | Mem:0.00M, Peak:0.00M | Scene, ViewLayer | Synchronizing object | fx_island_tray
Fra:1 Mem:101.99M (Peak 103.49M) | Time:00:00.09 | Mem:0.00M, Peak:0.00M | Scene, ViewLayer | Synchronizing object | fx_bc_book02
Fra:1 Mem:101.99M (Peak 103.49M) | Time:00:00.09 | Mem:0.00M, Peak:0.00M | Scene, ViewLayer | Synchronizing object | fx_bc_book10
Fra:1 Mem:102.00M (Peak 103.49M) | Time:00:00.09 | Mem:0.00M, Peak:0.00M | Scene, ViewLayer | Synchronizing object | fx_bc_book11
Fra:1 Mem:102.00M (Peak 103.49M) | Time:00:00.09 | Mem:0.00M, Peak:0.00M | Scene, ViewLayer | Synchronizing object | fx_bc_book12
Fra:1 Mem:102.00M (Peak 103.49M) | Time:00:00.09 | Mem:0.00M, Peak:0.00M | Scene, ViewLayer | Synchronizing object | fx_desk_book0
Fra:1 Mem:102.01M (Peak 103.49M) | Time:00:00.09 | Mem:0.00M, Peak:0.00M | Scene, ViewLayer | Synchronizing object | fx_desk_book1
Fra:1 Mem:102.02M (Peak 103.49M) | Time:00:00.09 | Mem:0.00M, Peak:0.00M | Scene, ViewLayer | Synchronizing object | fx_fiddle_stem
Fra:1 Mem:102.03M (Peak 103.49M) | Time:00:00.09 | Mem:0.00M, Peak:0.00M | Scene, ViewLayer | Synchronizing object | A_living_dining_balcony_floor_lamp_01_pole
Fra:1 Mem:102.03M (Peak 103.49M) | Time:00:00.09 | Mem:0.00M, Peak:0.00M | Scene, ViewLayer | Synchronizing object | fx_fiddle_leaf0
Fra:1 Mem:102.04M (Peak 103.49M) | Time:00:00.09 | Mem:0.00M, Peak:0.00M | Scene, ViewLayer | Synchronizing object | fx_fiddle_leaf2
Fra:1 Mem:102.05M (Peak 103.49M) | Time:00:00.09 | Mem:0.00M, Peak:0.00M | Scene, ViewLayer | Synchronizing object | fx_fiddle_leaf3
Fra:1 Mem:102.05M (Peak 103.49M) | Time:00:00.09 | Mem:0.00M, Peak:0.00M | Scene, ViewLayer | Synchronizing object | lt_sun
Fra:1 Mem:102.05M (Peak 103.49M) | Time:00:00.09 | Mem:0.00M, Peak:0.00M | Scene, ViewLayer | Synchronizing object | lt_spot_liv00
Fra:1 Mem:102.05M (Peak 103.49M) | Time:00:00.09 | Mem:0.00M, Peak:0.00M | Scene, ViewLayer | Synchronizing object | lt_spot_liv01
Fra:1 Mem:102.06M (Peak 103.49M) | Time:00:00.09 | Mem:0.00M, Peak:0.00M | Scene, ViewLayer | Synchronizing object | lt_spot_liv02
Fra:1 Mem:102.07M (Peak 103.49M) | Time:00:00.09 | Mem:0.00M, Peak:0.00M | Scene, ViewLayer | Synchronizing object | lt_spot_liv03
Fra:1 Mem:102.07M (Peak 103.49M) | Time:00:00.09 | Mem:0.00M, Peak:0.00M | Scene, ViewLayer | Synchronizing object | lt_spot_liv05
Fra:1 Mem:102.07M (Peak 103.49M) | Time:00:00.09 | Mem:0.00M, Peak:0.00M | Scene, ViewLayer | Synchronizing object | lt_spot_liv06
Fra:1 Mem:102.07M (Peak 103.49M) | Time:00:00.09 | Mem:0.00M, Peak:0.00M | Scene, ViewLayer | Synchronizing object | lt_spot_liv07
Fra:1 Mem:102.07M (Peak 103.49M) | Time:00:00.09 | Mem:0.00M, Peak:0.00M | Scene, ViewLayer | Synchronizing object | lt_spot_liv08
Fra:1 Mem:102.08M (Peak 103.49M) | Time:00:00.09 | Mem:0.00M, Peak:0.00M | Scene, ViewLayer | Synchronizing object | lt_spot_liv09
Fra:1 Mem:102.08M (Peak 103.49M) | Time:00:00.09 | Mem:0.00M, Peak:0.00M | Scene, ViewLayer | Synchronizing object | lt_spot_liv11
Fra:1 Mem:102.10M (Peak 103.49M) | Time:00:00.09 | Mem:0.00M, Peak:0.00M | Scene, ViewLayer | Synchronizing object | lt_spot_liv12
Fra:1 Mem:102.11M (Peak 103.49M) | Time:00:00.09 | Mem:0.00M, Peak:0.00M | Scene, ViewLayer | Synchronizing object | lt_spot_liv13
Fra:1 Mem:102.11M (Peak 103.49M) | Time:00:00.09 | Mem:0.00M, Peak:0.00M | Scene, ViewLayer | Synchronizing object | lt_spot_liv14
Fra:1 Mem:102.11M (Peak 103.49M) | Time:00:00.09 | Mem:0.00M, Peak:0.00M | Scene, ViewLayer | Synchronizing object | lt_spot_liv16
Fra:1 Mem:102.11M (Peak 103.49M) | Time:00:00.09 | Mem:0.00M, Peak:0.00M | Scene, ViewLayer | Synchronizing object | lt_spot_room3
Fra:1 Mem:102.11M (Peak 103.49M) | Time:00:00.09 | Mem:0.00M, Peak:0.00M | Scene, ViewLayer | Synchronizing object | lt_spot_room4
Fra:1 Mem:102.11M (Peak 103.49M) | Time:00:00.09 | Mem:0.00M, Peak:0.00M | Scene, ViewLayer | Synchronizing object | lt_spot_room6
Fra:1 Mem:102.11M (Peak 103.49M) | Time:00:00.09 | Mem:0.00M, Peak:0.00M | Scene, ViewLayer | Synchronizing object | lt_spot_room7
Fra:1 Mem:102.14M (Peak 103.49M) | Time:00:00.09 | Mem:0.00M, Peak:0.00M | Scene, ViewLayer | Synchronizing object | lt_spot_room8
Fra:1 Mem:102.16M (Peak 103.49M) | Time:00:00.09 | Mem:0.00M, Peak:0.00M | Scene, ViewLayer | Synchronizing object | lt_spot_room9
Fra:1 Mem:102.18M (Peak 103.49M) | Time:00:00.09 | Mem:0.00M, Peak:0.00M | Scene, ViewLayer | Synchronizing object | lt_spot_room10
Fra:1 Mem:102.21M (Peak 103.49M) | Time:00:00.09 | Mem:0.00M, Peak:0.00M | Scene, ViewLayer | Synchronizing object | lt_spot_room11
Fra:1 Mem:102.20M (Peak 103.49M) | Time:00:00.09 | Mem:0.00M, Peak:0.00M | Scene, ViewLayer | Synchronizing object | A_living_dining_balcony_rug_01_border3
Fra:1 Mem:102.20M (Peak 103.49M) | Time:00:00.09 | Mem:0.00M, Peak:0.00M | Scene, ViewLayer | Synchronizing object | lt_ceiling_master
Fra:1 Mem:102.20M (Peak 103.49M) | Time:00:00.09 | Mem:0.00M, Peak:0.00M | Scene, ViewLayer | Synchronizing object | A_living_dining_balcony_rug_01_border2
Fra:1 Mem:102.20M (Peak 103.49M) | Time:00:00.09 | Mem:0.00M, Peak:0.00M | Scene, ViewLayer | Synchronizing object | lt_wall0
Fra:1 Mem:102.20M (Peak 103.49M) | Time:00:00.09 | Mem:0.00M, Peak:0.00M | Scene, ViewLayer | Synchronizing object | lt_wall1
Fra:1 Mem:102.20M (Peak 103.49M) | Time:00:00.09 | Mem:0.00M, Peak:0.00M | Scene, ViewLayer | Synchronizing object | lt_strip_S
Fra:1 Mem:102.20M (Peak 103.49M) | Time:00:00.09 | Mem:0.00M, Peak:0.00M | Scene, ViewLayer | Synchronizing object | lt_strip_N
Fra:1 Mem:102.21M (Peak 103.49M) | Time:00:00.09 | Mem:0.00M, Peak:0.00M | Scene, ViewLayer | Synchronizing object | lt_strip_W
Fra:1 Mem:102.21M (Peak 103.49M) | Time:00:00.09 | Mem:0.00M, Peak:0.00M | Scene, ViewLayer | Synchronizing object | lt_strip_E
Fra:1 Mem:102.21M (Peak 103.49M) | Time:00:00.09 | Mem:0.00M, Peak:0.00M | Scene, ViewLayer | Synchronizing object | lt_strip_kc1
Fra:1 Mem:102.21M (Peak 103.49M) | Time:00:00.09 | Mem:0.00M, Peak:0.00M | Scene, ViewLayer | Synchronizing object | lt_strip_kc2
Fra:1 Mem:102.21M (Peak 103.49M) | Time:00:00.09 | Mem:0.00M, Peak:0.00M | Scene, ViewLayer | Synchronizing object | lt_strip_fyb
Fra:1 Mem:102.21M (Peak 103.49M) | Time:00:00.09 | Mem:0.00M, Peak:0.00M | Scene, ViewLayer | Synchronizing object | lt_strip_mb
Fra:1 Mem:102.21M (Peak 103.49M) | Time:00:00.09 | Mem:0.00M, Peak:0.00M | Scene, ViewLayer | Synchronizing object | lt_strip_cb
Fra:1 Mem:102.21M (Peak 103.49M) | Time:00:00.09 | Mem:0.00M, Peak:0.00M | Scene, ViewLayer | Synchronizing object | lt_strip_dt
Fra:1 Mem:102.21M (Peak 103.49M) | Time:00:00.09 | Mem:0.00M, Peak:0.00M | Scene, ViewLayer | Synchronizing object | lt_fill_daughter
Fra:1 Mem:102.21M (Peak 103.49M) | Time:00:00.09 | Mem:0.00M, Peak:0.00M | Scene, ViewLayer | Synchronizing object | lt_fill_son
Fra:1 Mem:102.21M (Peak 103.49M) | Time:00:00.09 | Mem:0.00M, Peak:0.00M | Scene, ViewLayer | Synchronizing object | lt_fill_kitchen
Fra:1 Mem:102.21M (Peak 103.49M) | Time:00:00.09 | Mem:0.00M, Peak:0.00M | Scene, ViewLayer | Synchronizing object | lt_fill_mbath
Fra:1 Mem:102.21M (Peak 103.49M) | Time:00:00.09 | Mem:0.00M, Peak:0.00M | Scene, ViewLayer | Synchronizing object | lt_fill_corridor
Fra:1 Mem:102.21M (Peak 103.49M) | Time:00:00.09 | Mem:0.00M, Peak:0.00M | Scene, ViewLayer | Synchronizing object | A_living_dining_balcony_island_01_sideW
Fra:1 Mem:102.22M (Peak 103.49M) | Time:00:00.09 | Mem:0.00M, Peak:0.00M | Scene, ViewLayer | Synchronizing object | A_living_dining_balcony_island_01_backN
Fra:1 Mem:102.22M (Peak 103.49M) | Time:00:00.09 | Mem:0.00M, Peak:0.00M | Scene, ViewLayer | Synchronizing object | A_living_dining_balcony_island_01_base
Fra:1 Mem:102.22M (Peak 103.49M) | Time:00:00.09 | Mem:0.00M, Peak:0.00M | Scene, ViewLayer | Synchronizing object | A_living_dining_balcony_island_01_drw_f0
Fra:1 Mem:102.23M (Peak 103.49M) | Time:00:00.09 | Mem:0.00M, Peak:0.00M | Scene, ViewLayer | Synchronizing object | A_living_dining_balcony_island_01_drw_p0
Fra:1 Mem:102.23M (Peak 103.49M) | Time:00:00.09 | Mem:0.00M, Peak:0.00M | Scene, ViewLayer | Synchronizing object | A_living_dining_balcony_island_01_niche
Fra:1 Mem:102.23M (Peak 103.49M) | Time:00:00.09 | Mem:0.00M, Peak:0.00M | Scene, ViewLayer | Synchronizing object | A_living_dining_balcony_island_01_top
Fra:1 Mem:102.23M (Peak 103.49M) | Time:00:00.09 | Mem:0.00M, Peak:0.00M | Scene, ViewLayer | Synchronizing object | A_living_dining_balcony_tv_cabinet_01_body
Fra:1 Mem:102.23M (Peak 103.49M) | Time:00:00.09 | Mem:0.00M, Peak:0.00M | Scene, ViewLayer | Synchronizing object | A_living_dining_balcony_tv_cabinet_01_door_f2
Fra:1 Mem:102.23M (Peak 103.49M) | Time:00:00.09 | Mem:0.00M, Peak:0.00M | Scene, ViewLayer | Synchronizing object | A_living_dining_balcony_pendant_lamp_01_ globe
Fra:1 Mem:102.23M (Peak 103.49M) | Time:00:00.09 | Mem:0.00M, Peak:0.00M | Scene, ViewLayer | Synchronizing object | A_living_dining_balcony_island_02_top
Fra:1 Mem:102.24M (Peak 103.49M) | Time:00:00.09 | Mem:0.00M, Peak:0.00M | Scene, ViewLayer | Synchronizing object | A_living_dining_balcony_rug_01_border1
Fra:1 Mem:102.24M (Peak 103.49M) | Time:00:00.09 | Mem:0.00M, Peak:0.00M | Scene, ViewLayer | Synchronizing object | A_living_dining_balcony_rug_01_border0
Fra:1 Mem:102.25M (Peak 103.49M) | Time:00:00.09 | Mem:0.00M, Peak:0.00M | Scene, ViewLayer | Synchronizing object | A_living_dining_balcony_island_02_leg0
Fra:1 Mem:102.25M (Peak 103.49M) | Time:00:00.09 | Mem:0.00M, Peak:0.00M | Scene, ViewLayer | Synchronizing object | A_living_dining_balcony_island_02_leg2
Fra:1 Mem:102.26M (Peak 103.49M) | Time:00:00.09 | Mem:0.00M, Peak:0.00M | Scene, ViewLayer | Synchronizing object | A_living_dining_balcony_island_02_leg3
Fra:1 Mem:102.26M (Peak 103.49M) | Time:00:00.09 | Mem:0.00M, Peak:0.00M | Scene, ViewLayer | Synchronizing object | A_living_dining_balcony_pendant_lamp_02_ globe
Fra:1 Mem:102.28M (Peak 103.49M) | Time:00:00.09 | Mem:0.00M, Peak:0.00M | Scene, ViewLayer | Synchronizing object | A_living_dining_balcony_pendant_lamp_02_rod
Fra:1 Mem:102.32M (Peak 103.49M) | Time:00:00.09 | Mem:0.00M, Peak:0.00M | Scene, ViewLayer | Synchronizing object | A_living_dining_balcony_dining_chair_01_back
Fra:1 Mem:102.34M (Peak 103.49M) | Time:00:00.09 | Mem:0.00M, Peak:0.00M | Scene, ViewLayer | Synchronizing object | A_living_dining_balcony_dining_chair_01_leg1
Fra:1 Mem:102.34M (Peak 103.49M) | Time:00:00.09 | Mem:0.00M, Peak:0.00M | Scene, ViewLayer | Synchronizing object | A_living_dining_balcony_dining_chair_01_leg2
Fra:1 Mem:102.37M (Peak 103.49M) | Time:00:00.09 | Mem:0.00M, Peak:0.00M | Scene, ViewLayer | Synchronizing object | A_living_dining_balcony_dining_chair_01_leg3
Fra:1 Mem:102.38M (Peak 103.49M) | Time:00:00.09 | Mem:0.00M, Peak:0.00M | Scene, ViewLayer | Synchronizing object | A_living_dining_balcony_dining_chair_02_seat
Fra:1 Mem:102.38M (Peak 103.49M) | Time:00:00.09 | Mem:0.00M, Peak:0.00M | Scene, ViewLayer | Synchronizing object | A_living_dining_balcony_dining_chair_02_back
Fra:1 Mem:102.38M (Peak 103.49M) | Time:00:00.09 | Mem:0.00M, Peak:0.00M | Scene, ViewLayer | Synchronizing object | A_living_dining_balcony_dining_chair_02_leg1
Fra:1 Mem:102.39M (Peak 103.49M) | Time:00:00.09 | Mem:0.00M, Peak:0.00M | Scene, ViewLayer | Synchronizing object | A_living_dining_balcony_dining_chair_02_leg3
Fra:1 Mem:102.40M (Peak 103.49M) | Time:00:00.09 | Mem:0.00M, Peak:0.00M | Scene, ViewLayer | Synchronizing object | A_living_dining_balcony_dining_chair_02_arm0
Fra:1 Mem:102.41M (Peak 103.49M) | Time:00:00.09 | Mem:0.00M, Peak:0.00M | Scene, ViewLayer | Synchronizing object | A_living_dining_balcony_dining_chair_02_arm1
Fra:1 Mem:102.43M (Peak 103.49M) | Time:00:00.09 | Mem:0.00M, Peak:0.00M | Scene, ViewLayer | Synchronizing object | A_living_dining_balcony_dining_chair_03_leg1
Fra:1 Mem:102.43M (Peak 103.49M) | Time:00:00.09 | Mem:0.00M, Peak:0.00M | Scene, ViewLayer | Synchronizing object | A_living_dining_balcony_dining_chair_03_leg2
Fra:1 Mem:102.44M (Peak 103.49M) | Time:00:00.09 | Mem:0.00M, Peak:0.00M | Scene, ViewLayer | Synchronizing object | A_living_dining_balcony_dining_chair_03_leg3
Fra:1 Mem:102.45M (Peak 103.49M) | Time:00:00.09 | Mem:0.00M, Peak:0.00M | Scene, ViewLayer | Synchronizing object | A_living_dining_balcony_dining_chair_03_arm0
Fra:1 Mem:102.45M (Peak 103.49M) | Time:00:00.09 | Mem:0.00M, Peak:0.00M | Scene, ViewLayer | Synchronizing object | A_living_dining_balcony_dining_chair_04_seat
Fra:1 Mem:102.46M (Peak 103.49M) | Time:00:00.09 | Mem:0.00M, Peak:0.00M | Scene, ViewLayer | Synchronizing object | A_living_dining_balcony_dining_chair_04_back
Fra:1 Mem:102.46M (Peak 103.49M) | Time:00:00.09 | Mem:0.00M, Peak:0.00M | Scene, ViewLayer | Synchronizing object | A_living_dining_balcony_dining_chair_04_leg0
Fra:1 Mem:102.48M (Peak 103.49M) | Time:00:00.09 | Mem:0.00M, Peak:0.00M | Scene, ViewLayer | Synchronizing object | A_living_dining_balcony_dining_chair_04_leg1
Fra:1 Mem:102.49M (Peak 103.49M) | Time:00:00.09 | Mem:0.00M, Peak:0.00M | Scene, ViewLayer | Synchronizing object | A_living_dining_balcony_dining_chair_04_leg2
Fra:1 Mem:102.49M (Peak 103.49M) | Time:00:00.09 | Mem:0.00M, Peak:0.00M | Scene, ViewLayer | Synchronizing object | A_living_dining_balcony_dining_chair_04_arm0
Fra:1 Mem:102.49M (Peak 103.49M) | Time:00:00.09 | Mem:0.00M, Peak:0.00M | Scene, ViewLayer | Synchronizing object | A_living_dining_balcony_dining_chair_05_seat
Fra:1 Mem:102.51M (Peak 103.49M) | Time:00:00.09 | Mem:0.00M, Peak:0.00M | Scene, ViewLayer | Synchronizing object | A_living_dining_balcony_dining_chair_05_back
Fra:1 Mem:102.51M (Peak 103.49M) | Time:00:00.09 | Mem:0.00M, Peak:0.00M | Scene, ViewLayer | Synchronizing object | A_living_dining_balcony_dining_chair_05_leg0
Fra:1 Mem:102.53M (Peak 103.49M) | Time:00:00.09 | Mem:0.00M, Peak:0.00M | Scene, ViewLayer | Synchronizing object | A_living_dining_balcony_dining_chair_05_leg1
Fra:1 Mem:102.53M (Peak 103.49M) | Time:00:00.09 | Mem:0.00M, Peak:0.00M | Scene, ViewLayer | Synchronizing object | A_living_dining_balcony_dining_chair_05_leg3
Fra:1 Mem:102.53M (Peak 103.49M) | Time:00:00.09 | Mem:0.00M, Peak:0.00M | Scene, ViewLayer | Synchronizing object | A_living_dining_balcony_dining_chair_05_arm0
Fra:1 Mem:102.53M (Peak 103.49M) | Time:00:00.09 | Mem:0.00M, Peak:0.00M | Scene, ViewLayer | Synchronizing object | A_living_dining_balcony_sofa_01_back1
Fra:1 Mem:102.53M (Peak 103.49M) | Time:00:00.09 | Mem:0.00M, Peak:0.00M | Scene, ViewLayer | Synchronizing object | A_living_dining_balcony_sofa_01_back2
Fra:1 Mem:102.55M (Peak 103.49M) | Time:00:00.09 | Mem:0.00M, Peak:0.00M | Scene, ViewLayer | Synchronizing object | A_living_dining_balcony_sofa_01_seat0
Fra:1 Mem:102.55M (Peak 103.49M) | Time:00:00.09 | Mem:0.00M, Peak:0.00M | Scene, ViewLayer | Synchronizing object | A_living_dining_balcony_sofa_01_seat1
Fra:1 Mem:102.62M (Peak 103.49M) | Time:00:00.09 | Mem:0.00M, Peak:0.00M | Scene, ViewLayer | Synchronizing object | A_living_dining_balcony_sofa_01_seat2
Fra:1 Mem:102.63M (Peak 103.49M) | Time:00:00.09 | Mem:0.00M, Peak:0.00M | Scene, ViewLayer | Synchronizing object | A_living_dining_balcony_sofa_01_arm0
Fra:1 Mem:102.63M (Peak 103.49M) | Time:00:00.09 | Mem:0.00M, Peak:0.00M | Scene, ViewLayer | Synchronizing object | A_living_dining_balcony_sofa_01_arm1
Fra:1 Mem:102.64M (Peak 103.49M) | Time:00:00.09 | Mem:0.00M, Peak:0.00M | Scene, ViewLayer | Synchronizing object | A_living_dining_balcony_sofa_01_pillow_olive
Fra:1 Mem:102.65M (Peak 103.49M) | Time:00:00.09 | Mem:0.00M, Peak:0.00M | Scene, ViewLayer | Synchronizing object | A_living_dining_balcony_sofa_01_pillow_brick
Fra:1 Mem:102.66M (Peak 103.49M) | Time:00:00.09 | Mem:0.00M, Peak:0.00M | Scene, ViewLayer | Synchronizing object | A_living_dining_balcony_ottoman_01_pad
Fra:1 Mem:102.67M (Peak 103.49M) | Time:00:00.09 | Mem:0.00M, Peak:0.00M | Scene, ViewLayer | Synchronizing object | A_living_dining_balcony_ottoman_01_base
Fra:1 Mem:102.68M (Peak 103.49M) | Time:00:00.09 | Mem:0.00M, Peak:0.00M | Scene, ViewLayer | Synchronizing object | A_living_dining_balcony_coffee_table_01_top
Fra:1 Mem:102.68M (Peak 103.49M) | Time:00:00.09 | Mem:0.00M, Peak:0.00M | Scene, ViewLayer | Synchronizing object | A_living_dining_balcony_coffee_table_01_leg2
Fra:1 Mem:102.77M (Peak 103.49M) | Time:00:00.09 | Mem:0.00M, Peak:0.00M | Scene, ViewLayer | Initializing
Fra:1 Mem:62.71M (Peak 103.49M) | Time:00:00.11 | Mem:0.00M, Peak:0.00M | Scene, ViewLayer | Waiting for render to start
Fra:1 Mem:62.71M (Peak 103.49M) | Time:00:00.11 | Mem:0.00M, Peak:0.00M | Scene, ViewLayer | Updating Scene
Fra:1 Mem:62.71M (Peak 103.49M) | Time:00:00.11 | Mem:0.00M, Peak:0.00M | Scene, ViewLayer | Updating Shaders
Fra:1 Mem:62.71M (Peak 103.49M) | Time:00:00.11 | Mem:0.00M, Peak:0.00M | Scene, ViewLayer | Loading render kernels (may take a few minutes the first time)
Fra:1 Mem:62.84M (Peak 103.49M) | Time:00:01.08 | Mem:0.05M, Peak:0.05M | Scene, ViewLayer | Updating Procedurals
Fra:1 Mem:62.84M (Peak 103.49M) | Time:00:01.08 | Mem:0.05M, Peak:0.05M | Scene, ViewLayer | Updating Background
Fra:1 Mem:62.84M (Peak 103.49M) | Time:00:01.08 | Mem:0.05M, Peak:0.05M | Scene, ViewLayer | Updating Camera
Fra:1 Mem:62.84M (Peak 103.49M) | Time:00:01.08 | Mem:0.05M, Peak:0.05M | Scene, ViewLayer | Updating Meshes Flags
Fra:1 Mem:62.84M (Peak 103.49M) | Time:00:01.08 | Mem:0.05M, Peak:0.05M | Scene, ViewLayer | Updating Objects
Fra:1 Mem:62.84M (Peak 103.49M) | Time:00:01.08 | Mem:0.05M, Peak:0.05M | Scene, ViewLayer | Updating Objects | Copying Transformations to device
Fra:1 Mem:63.08M (Peak 103.49M) | Time:00:01.08 | Mem:0.28M, Peak:0.28M | Scene, ViewLayer | Updating Particle Systems
Fra:1 Mem:63.08M (Peak 103.49M) | Time:00:01.08 | Mem:0.28M, Peak:0.28M | Scene, ViewLayer | Updating Particle Systems | Copying Particles to device
Fra:1 Mem:63.09M (Peak 103.49M) | Time:00:01.08 | Mem:0.28M, Peak:0.28M | Scene, ViewLayer | Updating Meshes
Fra:1 Mem:63.64M (Peak 103.49M) | Time:00:01.09 | Mem:0.28M, Peak:0.28M | Scene, ViewLayer | Updating Objects | Applying Static Transformations
Fra:1 Mem:63.64M (Peak 103.49M) | Time:00:01.09 | Mem:0.28M, Peak:0.28M | Scene, ViewLayer | Updating Mesh | Computing attributes
Fra:1 Mem:64.70M (Peak 103.49M) | Time:00:01.09 | Mem:0.36M, Peak:0.36M | Scene, ViewLayer | Updating Mesh | Copying Attributes to device
Fra:1 Mem:64.57M (Peak 103.49M) | Time:00:01.09 | Mem:1.21M, Peak:1.21M | Scene, ViewLayer | Updating Geometry BVH ceil_living_r1S_mesh 2/303 | Building BVH
Fra:1 Mem:64.57M (Peak 103.49M) | Time:00:01.09 | Mem:1.21M, Peak:1.21M | Scene, ViewLayer | Updating Geometry BVH ceil_living_r1E_mesh 5/752 | Building BVH
Fra:1 Mem:64.57M (Peak 103.49M) | Time:00:01.09 | Mem:1.21M, Peak:1.21M | Scene, ViewLayer | Updating Geometry BVH ceil_living_r2W_mesh 8/972 | Building BVH
Fra:1 Mem:64.57M (Peak 103.49M) | Time:00:01.09 | Mem:1.21M, Peak:1.21M | Scene, ViewLayer | Updating Geometry BVH ceil_master_bedroom_slab_mesh 12/972 | Building BVH
Fra:1 Mem:64.57M (Peak 103.49M) | Time:00:01.09 | Mem:1.21M, Peak:1.21M | Scene, ViewLayer | Updating Geometry BVH ceil_parents_room_slab_mesh 13/972 | Building BVH
Fra:1 Mem:64.57M (Peak 103.49M) | Time:00:01.09 | Mem:1.21M, Peak:1.21M | Scene, ViewLayer | Updating Geometry BVH light 1030/1029 | Building BVH
Fra:1 Mem:64.57M (Peak 103.49M) | Time:00:01.09 | Mem:1.21M, Peak:1.21M | Scene, ViewLayer | Updating Geometry BVH ceil_daughter_room_slab_mesh 14/1029 | Building BVH
Fra:1 Mem:64.57M (Peak 103.49M) | Time:00:01.09 | Mem:1.21M, Peak:1.21M | Scene, ViewLayer | Updating Geometry BVH ceil_son_room_slab_mesh 15/1029 | Building BVH
Fra:1 Mem:64.57M (Peak 103.49M) | Time:00:01.09 | Mem:1.21M, Peak:1.21M | Scene, ViewLayer | Updating Geometry BVH ceil_master_ac_mesh 17/1029 | Building BVH
Fra:1 Mem:64.57M (Peak 103.49M) | Time:00:01.09 | Mem:1.21M, Peak:1.21M | Scene, ViewLayer | Updating Geometry BVH ceil_son_ac_mesh 20/1029 | Building BVH
Fra:1 Mem:64.57M (Peak 103.49M) | Time:00:01.09 | Mem:1.21M, Peak:1.21M | Scene, ViewLayer | Updating Geometry BVH ceil_bay_slab_mesh 21/1029 | Building BVH
Fra:1 Mem:64.57M (Peak 103.49M) | Time:00:01.09 | Mem:1.21M, Peak:1.21M | Scene, ViewLayer | Updating Geometry BVH ceil_kitchen_fill_mesh 22/1029 | Building BVH
Fra:1 Mem:64.57M (Peak 103.49M) | Time:00:01.11 | Mem:1.40M, Peak:1.41M | Scene, ViewLayer | Updating Geometry BVH ceil_public_bath_wet_fill_mesh 23/1029 | Building BVH
Fra:1 Mem:64.57M (Peak 103.49M) | Time:00:01.11 | Mem:1.40M, Peak:1.41M | Scene, ViewLayer | Updating Geometry BVH ceil_master_bath_fill_mesh 24/1029 | Building BVH
Fra:1 Mem:64.57M (Peak 103.49M) | Time:00:01.11 | Mem:1.40M, Peak:1.41M | Scene, ViewLayer | Updating Geometry BVH ceil_corridor_fill_mesh 25/1029 | Building BVH
Fra:1 Mem:64.57M (Peak 103.49M) | Time:00:01.11 | Mem:1.40M, Peak:1.41M | Scene, ViewLayer | Updating Geometry BVH ceil_elevator_hall_fill_mesh 26/1029 | Building BVH
Fra:1 Mem:64.57M (Peak 103.49M) | Time:00:01.11 | Mem:1.43M, Peak:1.43M | Scene, ViewLayer | Updating Geometry BVH out_ground_mesh 27/1029 | Building BVH
Fra:1 Mem:64.57M (Peak 103.49M) | Time:00:01.11 | Mem:1.45M, Peak:1.45M | Scene, ViewLayer | Updating Geometry BVH out_path_s_mesh 28/1029 | Building BVH
Fra:1 Mem:64.57M (Peak 103.49M) | Time:00:01.11 | Mem:1.45M, Peak:1.45M | Scene, ViewLayer | Updating Geometry BVH out_path_n_mesh 29/1029 | Building BVH
Fra:1 Mem:64.57M (Peak 103.49M) | Time:00:01.11 | Mem:1.45M, Peak:1.45M | Scene, ViewLayer | Updating Geometry BVH out_trunk00_mesh 30/1029 | Building BVH
Fra:1 Mem:64.57M (Peak 103.49M) | Time:00:01.11 | Mem:1.45M, Peak:1.45M | Scene, ViewLayer | Updating Geometry BVH out_canopy00_0_mesh 31/1029 | Building BVH
Fra:1 Mem:64.57M (Peak 103.49M) | Time:00:01.11 | Mem:1.45M, Peak:1.45M | Scene, ViewLayer | Updating Geometry BVH lt_strip_tv_mesh 1029/1029 | Building BVH
Fra:1 Mem:64.57M (Peak 103.49M) | Time:00:01.11 | Mem:1.52M, Peak:1.52M | Scene, ViewLayer | Updating Geometry BVH out_canopy00_1_mesh 32/1029 | Building BVH
Fra:1 Mem:64.57M (Peak 103.49M) | Time:00:01.11 | Mem:1.53M, Peak:1.53M | Scene, ViewLayer | Updating Geometry BVH out_canopy00_2_mesh 33/1029 | Building BVH
Fra:1 Mem:64.57M (Peak 103.49M) | Time:00:01.11 | Mem:1.53M, Peak:1.53M | Scene, ViewLayer | Updating Geometry BVH out_canopy00_3_mesh 34/1029 | Building BVH
Fra:1 Mem:64.57M (Peak 103.49M) | Time:00:01.11 | Mem:1.60M, Peak:1.60M | Scene, ViewLayer | Updating Geometry BVH out_trunk01_mesh 35/1029 | Building BVH
Fra:1 Mem:64.57M (Peak 103.49M) | Time:00:01.11 | Mem:1.67M, Peak:1.67M | Scene, ViewLayer | Updating Geometry BVH out_canopy01_0_mesh 36/1029 | Building BVH
Fra:1 Mem:64.57M (Peak 103.49M) | Time:00:01.11 | Mem:1.70M, Peak:1.70M | Scene, ViewLayer | Updating Geometry BVH out_canopy01_1_mesh 37/1029 | Building BVH
Fra:1 Mem:64.57M (Peak 103.49M) | Time:00:01.11 | Mem:1.73M, Peak:1.74M | Scene, ViewLayer | Updating Geometry BVH out_canopy01_2_mesh 38/1029 | Building BVH
Fra:1 Mem:64.57M (Peak 103.49M) | Time:00:01.11 | Mem:1.74M, Peak:1.74M | Scene, ViewLayer | Updating Geometry BVH out_canopy01_3_mesh 39/1029 | Building BVH
Fra:1 Mem:64.57M (Peak 103.49M) | Time:00:01.11 | Mem:1.79M, Peak:1.80M | Scene, ViewLayer | Updating Geometry BVH out_trunk02_mesh 40/1029 | Building BVH
Fra:1 Mem:64.57M (Peak 103.49M) | Time:00:01.11 | Mem:1.78M, Peak:1.80M | Scene, ViewLayer | Updating Geometry BVH out_canopy02_1_mesh 42/1029 | Building BVH
Fra:1 Mem:64.57M (Peak 103.49M) | Time:00:01.11 | Mem:1.82M, Peak:1.82M | Scene, ViewLayer | Updating Geometry BVH out_canopy02_2_mesh 43/1029 | Building BVH
Fra:1 Mem:64.57M (Peak 103.49M) | Time:00:01.11 | Mem:1.87M, Peak:1.87M | Scene, ViewLayer | Updating Geometry BVH out_canopy02_3_mesh 44/1029 | Building BVH
Fra:1 Mem:64.57M (Peak 103.49M) | Time:00:01.11 | Mem:1.89M, Peak:1.92M | Scene, ViewLayer | Updating Geometry BVH out_trunk03_mesh 45/1029 | Building BVH
Fra:1 Mem:64.57M (Peak 103.49M) | Time:00:01.11 | Mem:1.90M, Peak:1.92M | Scene, ViewLayer | Updating Geometry BVH out_canopy03_0_mesh 46/1029 | Building BVH
Fra:1 Mem:64.57M (Peak 103.49M) | Time:00:01.11 | Mem:1.93M, Peak:1.93M | Scene, ViewLayer | Updating Geometry BVH out_canopy03_1_mesh 47/1029 | Building BVH
Fra:1 Mem:64.57M (Peak 103.49M) | Time:00:01.11 | Mem:1.93M, Peak:1.93M | Scene, ViewLayer | Updating Geometry BVH out_canopy03_2_mesh 48/1029 | Building BVH
Fra:1 Mem:64.57M (Peak 103.49M) | Time:00:01.12 | Mem:2.02M, Peak:2.05M | Scene, ViewLayer | Updating Geometry BVH out_trunk04_mesh 50/1029 | Building BVH
Fra:1 Mem:64.57M (Peak 103.49M) | Time:00:01.12 | Mem:2.01M, Peak:2.05M | Scene, ViewLayer | Updating Geometry BVH out_canopy04_0_mesh 51/1029 | Building BVH
Fra:1 Mem:64.57M (Peak 103.49M) | Time:00:01.12 | Mem:2.01M, Peak:2.05M | Scene, ViewLayer | Updating Geometry BVH out_canopy04_1_mesh 52/1029 | Building BVH
Fra:1 Mem:64.57M (Peak 103.49M) | Time:00:01.12 | Mem:2.02M, Peak:2.05M | Scene, ViewLayer | Updating Geometry BVH out_canopy03_3_mesh 49/1029 | Building BVH
Fra:1 Mem:64.57M (Peak 103.49M) | Time:00:01.12 | Mem:2.06M, Peak:2.06M | Scene, ViewLayer | Updating Geometry BVH out_canopy04_2_mesh 53/1029 | Building BVH
Fra:1 Mem:64.57M (Peak 103.49M) | Time:00:01.12 | Mem:2.07M, Peak:2.07M | Scene, ViewLayer | Updating Geometry BVH out_canopy04_3_mesh 54/1029 | Building BVH
Fra:1 Mem:64.57M (Peak 103.49M) | Time:00:01.12 | Mem:2.18M, Peak:2.19M | Scene, ViewLayer | Updating Geometry BVH out_trunk05_mesh 55/1029 | Building BVH
Fra:1 Mem:64.57M (Peak 103.49M) | Time:00:01.12 | Mem:2.18M, Peak:2.19M | Scene, ViewLayer | Updating Geometry BVH out_canopy05_0_mesh 56/1029 | Building BVH
Fra:1 Mem:64.57M (Peak 103.49M) | Time:00:01.12 | Mem:2.27M, Peak:2.27M | Scene, ViewLayer | Updating Geometry BVH out_canopy05_1_mesh 57/1029 | Building BVH
Fra:1 Mem:64.57M (Peak 103.49M) | Time:00:01.12 | Mem:2.27M, Peak:2.27M | Scene, ViewLayer | Updating Geometry BVH out_canopy05_2_mesh 58/1029 | Building BVH
Fra:1 Mem:64.57M (Peak 103.49M) | Time:00:01.12 | Mem:2.27M, Peak:2.27M | Scene, ViewLayer | Updating Geometry BVH out_canopy05_3_mesh 59/1029 | Building BVH
Fra:1 Mem:64.57M (Peak 103.49M) | Time:00:01.12 | Mem:2.25M, Peak:2.27M | Scene, ViewLayer | Updating Geometry BVH out_trunk06_mesh 60/1029 | Building BVH
Fra:1 Mem:64.57M (Peak 103.49M) | Time:00:01.12 | Mem:2.28M, Peak:2.28M | Scene, ViewLayer | Updating Geometry BVH out_canopy06_0_mesh 61/1029 | Building BVH
Fra:1 Mem:64.57M (Peak 103.49M) | Time:00:01.12 | Mem:2.28M, Peak:2.28M | Scene, ViewLayer | Updating Geometry BVH out_canopy06_1_mesh 62/1029 | Building BVH
Fra:1 Mem:64.57M (Peak 103.49M) | Time:00:01.12 | Mem:2.29M, Peak:2.29M | Scene, ViewLayer | Updating Geometry BVH out_canopy06_2_mesh 63/1029 | Building BVH
Fra:1 Mem:64.57M (Peak 103.49M) | Time:00:01.12 | Mem:2.38M, Peak:2.38M | Scene, ViewLayer | Updating Geometry BVH out_canopy06_3_mesh 64/1029 | Building BVH
Fra:1 Mem:64.57M (Peak 103.49M) | Time:00:01.12 | Mem:2.51M, Peak:2.51M | Scene, ViewLayer | Updating Geometry BVH out_trunk07_mesh 65/1029 | Building BVH
Fra:1 Mem:64.57M (Peak 103.49M) | Time:00:01.12 | Mem:2.50M, Peak:2.55M | Scene, ViewLayer | Updating Geometry BVH out_canopy07_0_mesh 66/1029 | Building BVH
Fra:1 Mem:64.57M (Peak 103.49M) | Time:00:01.12 | Mem:2.50M, Peak:2.55M | Scene, ViewLayer | Updating Geometry BVH out_canopy07_1_mesh 67/1029 | Building BVH
Fra:1 Mem:64.57M (Peak 103.49M) | Time:00:01.12 | Mem:2.50M, Peak:2.55M | Scene, ViewLayer | Updating Geometry BVH out_canopy07_2_mesh 68/1029 | Building BVH
Fra:1 Mem:64.57M (Peak 103.49M) | Time:00:01.12 | Mem:2.50M, Peak:2.55M | Scene, ViewLayer | Updating Geometry BVH out_canopy08_3_mesh 74/1029 | Building BVH
Fra:1 Mem:64.57M (Peak 103.49M) | Time:00:01.12 | Mem:2.50M, Peak:2.55M | Scene, ViewLayer | Updating Geometry BVH out_trunk09_mesh 75/1029 | Building BVH
Fra:1 Mem:64.57M (Peak 103.49M) | Time:00:01.12 | Mem:2.55M, Peak:2.55M | Scene, ViewLayer | Updating Geometry BVH out_canopy09_0_mesh 76/1029 | Building BVH
Fra:1 Mem:64.57M (Peak 103.49M) | Time:00:01.12 | Mem:2.57M, Peak:2.57M | Scene, ViewLayer | Updating Geometry BVH out_canopy09_1_mesh 77/1029 | Building BVH
Fra:1 Mem:64.57M (Peak 103.49M) | Time:00:01.12 | Mem:2.70M, Peak:2.70M | Scene, ViewLayer | Updating Geometry BVH out_canopy09_2_mesh 78/1029 | Building BVH
Fra:1 Mem:64.57M (Peak 103.49M) | Time:00:01.12 | Mem:2.89M, Peak:2.94M | Scene, ViewLayer | Updating Geometry BVH out_canopy09_3_mesh 79/1029 | Building BVH
Fra:1 Mem:64.57M (Peak 103.49M) | Time:00:01.12 | Mem:2.88M, Peak:2.94M | Scene, ViewLayer | Updating Geometry BVH lt_pendant_02 1028/1029 | Building BVH
Fra:1 Mem:64.57M (Peak 103.49M) | Time:00:01.12 | Mem:2.90M, Peak:2.94M | Scene, ViewLayer | Updating Geometry BVH out_trunk10_mesh 80/1029 | Building BVH
Fra:1 Mem:64.57M (Peak 103.49M) | Time:00:01.12 | Mem:2.90M, Peak:2.94M | Scene, ViewLayer | Updating Geometry BVH out_canopy10_1_mesh 82/1029 | Building BVH
Fra:1 Mem:64.57M (Peak 103.49M) | Time:00:01.12 | Mem:2.90M, Peak:2.94M | Scene, ViewLayer | Updating Geometry BVH out_canopy10_0_mesh 81/1029 | Building BVH
Fra:1 Mem:64.57M (Peak 103.49M) | Time:00:01.12 | Mem:2.89M, Peak:2.94M | Scene, ViewLayer | Updating Geometry BVH out_canopy10_3_mesh 84/1029 | Building BVH
Fra:1 Mem:64.57M (Peak 103.49M) | Time:00:01.12 | Mem:2.90M, Peak:2.94M | Scene, ViewLayer | Updating Geometry BVH out_trunk11_mesh 85/1029 | Building BVH
Fra:1 Mem:64.57M (Peak 103.49M) | Time:00:01.12 | Mem:2.90M, Peak:2.94M | Scene, ViewLayer | Updating Geometry BVH out_canopy11_0_mesh 86/1029 | Building BVH
Fra:1 Mem:64.57M (Peak 103.49M) | Time:00:01.12 | Mem:2.90M, Peak:2.94M | Scene, ViewLayer | Updating Geometry BVH out_canopy11_1_mesh 87/1029 | Building BVH
Fra:1 Mem:64.57M (Peak 103.49M) | Time:00:01.12 | Mem:2.97M, Peak:2.98M | Scene, ViewLayer | Updating Geometry BVH out_canopy11_2_mesh 88/1029 | Building BVH
Fra:1 Mem:64.57M (Peak 103.49M) | Time:00:01.12 | Mem:3.14M, Peak:3.20M | Scene, ViewLayer | Updating Geometry BVH lt_pendant_01 1027/1029 | Building BVH
Fra:1 Mem:64.57M (Peak 103.49M) | Time:00:01.12 | Mem:3.12M, Peak:3.20M | Scene, ViewLayer | Updating Geometry BVH out_trunk12_mesh 90/1029 | Building BVH
Fra:1 Mem:64.57M (Peak 103.49M) | Time:00:01.12 | Mem:3.12M, Peak:3.20M | Scene, ViewLayer | Updating Geometry BVH out_canopy12_1_mesh 92/1029 | Building BVH
Fra:1 Mem:64.57M (Peak 103.49M) | Time:00:01.12 | Mem:3.12M, Peak:3.20M | Scene, ViewLayer | Updating Geometry BVH out_canopy12_2_mesh 93/1029 | Building BVH
Fra:1 Mem:64.57M (Peak 103.49M) | Time:00:01.12 | Mem:3.20M, Peak:3.20M | Scene, ViewLayer | Updating Geometry BVH out_canopy12_3_mesh 94/1029 | Building BVH
Fra:1 Mem:64.57M (Peak 103.49M) | Time:00:01.12 | Mem:3.29M, Peak:3.29M | Scene, ViewLayer | Updating Geometry BVH out_trunk13_mesh 95/1029 | Building BVH
Fra:1 Mem:64.57M (Peak 103.49M) | Time:00:01.12 | Mem:3.32M, Peak:3.32M | Scene, ViewLayer | Updating Geometry BVH out_canopy13_0_mesh 96/1029 | Building BVH
Fra:1 Mem:64.57M (Peak 103.49M) | Time:00:01.12 | Mem:3.38M, Peak:3.41M | Scene, ViewLayer | Updating Geometry BVH out_canopy13_1_mesh 97/1029 | Building BVH
Fra:1 Mem:64.57M (Peak 103.49M) | Time:00:01.12 | Mem:3.35M, Peak:3.41M | Scene, ViewLayer | Updating Geometry BVH out_canopy13_2_mesh 98/1029 | Building BVH
Fra:1 Mem:64.57M (Peak 103.49M) | Time:00:01.12 | Mem:3.35M, Peak:3.41M | Scene, ViewLayer | Updating Geometry BVH out_bldg_n_mesh 101/1029 | Building BVH
Fra:1 Mem:64.57M (Peak 103.49M) | Time:00:01.12 | Mem:3.35M, Peak:3.41M | Scene, ViewLayer | Updating Geometry BVH floor_living_dining_balcony_mesh 102/1029 | Building BVH
Fra:1 Mem:64.57M (Peak 103.49M) | Time:00:01.12 | Mem:3.41M, Peak:3.41M | Scene, ViewLayer | Updating Geometry BVH floor_kitchen_mesh 103/1029 | Building BVH
Fra:1 Mem:64.57M (Peak 103.49M) | Time:00:01.12 | Mem:3.41M, Peak:3.41M | Scene, ViewLayer | Updating Geometry BVH fx_art_wall_A_mesh 1026/1029 | Building BVH
Fra:1 Mem:64.57M (Peak 103.49M) | Time:00:01.12 | Mem:3.49M, Peak:3.52M | Scene, ViewLayer | Updating Geometry BVH floor_daughter_room_mesh 104/1029 | Building BVH
Fra:1 Mem:64.57M (Peak 103.49M) | Time:00:01.12 | Mem:3.49M, Peak:3.52M | Scene, ViewLayer | Updating Geometry BVH floor_corridor_0_mesh 106/1029 | Building BVH
Fra:1 Mem:64.57M (Peak 103.49M) | Time:00:01.12 | Mem:3.49M, Peak:3.52M | Scene, ViewLayer | Updating Geometry BVH floor_corridor_1_mesh 107/1029 | Building BVH
Fra:1 Mem:64.57M (Peak 103.49M) | Time:00:01.12 | Mem:3.49M, Peak:3.52M | Scene, ViewLayer | Updating Geometry BVH floor_son_room_mesh 108/1029 | Building BVH
Fra:1 Mem:64.57M (Peak 103.49M) | Time:00:01.12 | Mem:3.49M, Peak:3.52M | Scene, ViewLayer | Updating Geometry BVH floor_master_bedroom_mesh 110/1029 | Building BVH
Fra:1 Mem:64.57M (Peak 103.49M) | Time:00:01.12 | Mem:3.49M, Peak:3.52M | Scene, ViewLayer | Updating Geometry BVH floor_terrace_mesh 111/1029 | Building BVH
Fra:1 Mem:64.57M (Peak 103.49M) | Time:00:01.12 | Mem:3.49M, Peak:3.52M | Scene, ViewLayer | Updating Geometry BVH floor_parents_room_mesh 112/1029 | Building BVH
Fra:1 Mem:64.57M (Peak 103.49M) | Time:00:01.12 | Mem:3.50M, Peak:3.52M | Scene, ViewLayer | Updating Geometry BVH floor_elevator_hall_mesh 114/1029 | Building BVH
Fra:1 Mem:64.57M (Peak 103.49M) | Time:00:01.12 | Mem:3.52M, Peak:3.52M | Scene, ViewLayer | Updating Geometry BVH W01_s00_mesh 115/1029 | Building BVH
Fra:1 Mem:64.57M (Peak 103.49M) | Time:00:01.12 | Mem:3.56M, Peak:3.56M | Scene, ViewLayer | Updating Geometry BVH W01_s01_mesh 116/1029 | Building BVH
Fra:1 Mem:64.57M (Peak 103.49M) | Time:00:01.12 | Mem:3.59M, Peak:3.59M | Scene, ViewLayer | Updating Geometry BVH W01_s02_mesh 117/1029 | Building BVH
Fra:1 Mem:64.57M (Peak 103.49M) | Time:00:01.12 | Mem:3.60M, Peak:3.60M | Scene, ViewLayer | Updating Geometry BVH W01_s03_mesh 118/1029 | Building BVH
Fra:1 Mem:64.57M (Peak 103.49M) | Time:00:01.12 | Mem:3.62M, Peak:3.63M | Scene, ViewLayer | Updating Geometry BVH W02_s00_mesh 119/1029 | Building BVH
Fra:1 Mem:64.57M (Peak 103.49M) | Time:00:01.12 | Mem:3.63M, Peak:3.63M | Scene, ViewLayer | Updating Geometry BVH W02_s01_mesh 120/1029 | Building BVH
Fra:1 Mem:64.57M (Peak 103.49M) | Time:00:01.12 | Mem:3.63M, Peak:3.63M | Scene, ViewLayer | Updating Geometry BVH W02_s02_mesh 121/1029 | Building BVH
Fra:1 Mem:64.57M (Peak 103.49M) | Time:00:01.12 | Mem:3.64M, Peak:3.64M | Scene, ViewLayer | Updating Geometry BVH W02_s03_mesh 122/1029 | Building BVH
Fra:1 Mem:64.57M (Peak 103.49M) | Time:00:01.12 | Mem:3.64M, Peak:3.64M | Scene, ViewLayer | Updating Geometry BVH fx_curt_living_bo_e_A_mesh 1025/1029 | Building BVH
Fra:1 Mem:64.57M (Peak 103.49M) | Time:00:01.12 | Mem:3.64M, Peak:3.64M | Scene, ViewLayer | Updating Geometry BVH W04_s00_mesh 124/1029 | Building BVH
Fra:1 Mem:64.57M (Peak 103.49M) | Time:00:01.12 | Mem:3.65M, Peak:3.65M | Scene, ViewLayer | Updating Geometry BVH W05_s00_mesh 125/1029 | Building BVH
Fra:1 Mem:64.57M (Peak 103.49M) | Time:00:01.12 | Mem:3.66M, Peak:3.66M | Scene, ViewLayer | Updating Geometry BVH W05_s01_mesh 126/1029 | Building BVH
Fra:1 Mem:64.57M (Peak 103.49M) | Time:00:01.12 | Mem:3.66M, Peak:3.66M | Scene, ViewLayer | Updating Geometry BVH W05_s02_mesh 127/1029 | Building BVH
Fra:1 Mem:64.57M (Peak 103.49M) | Time:00:01.12 | Mem:3.66M, Peak:3.66M | Scene, ViewLayer | Updating Geometry BVH W05_s03_mesh 128/1029 | Building BVH
Fra:1 Mem:64.57M (Peak 103.49M) | Time:00:01.12 | Mem:3.66M, Peak:3.66M | Scene, ViewLayer | Updating Geometry BVH W06_s00_mesh 129/1029 | Building BVH
Fra:1 Mem:64.57M (Peak 103.49M) | Time:00:01.12 | Mem:3.66M, Peak:3.66M | Scene, ViewLayer | Updating Geometry BVH W06_s01_mesh 130/1029 | Building BVH
Fra:1 Mem:64.57M (Peak 103.49M) | Time:00:01.12 | Mem:3.66M, Peak:3.66M | Scene, ViewLayer | Updating Geometry BVH W06_s02_mesh 131/1029 | Building BVH
Fra:1 Mem:64.57M (Peak 103.49M) | Time:00:01.12 | Mem:3.67M, Peak:3.67M | Scene, ViewLayer | Updating Geometry BVH W06_s03_mesh 132/1029 | Building BVH
Fra:1 Mem:64.57M (Peak 103.49M) | Time:00:01.12 | Mem:3.67M, Peak:3.67M | Scene, ViewLayer | Updating Geometry BVH W08_s01_mesh 137/1029 | Building BVH
Fra:1 Mem:64.57M (Peak 103.49M) | Time:00:01.12 | Mem:3.71M, Peak:3.71M | Scene, ViewLayer | Updating Geometry BVH W08_s02_mesh 138/1029 | Building BVH
Fra:1 Mem:64.57M (Peak 103.49M) | Time:00:01.12 | Mem:3.74M, Peak:3.74M | Scene, ViewLayer | Updating Geometry BVH W10_s00_mesh 140/1029 | Building BVH
Fra:1 Mem:64.57M (Peak 103.49M) | Time:00:01.12 | Mem:3.74M, Peak:3.74M | Scene, ViewLayer | Updating Geometry BVH W10_s01_mesh 141/1029 | Building BVH
Fra:1 Mem:64.57M (Peak 103.49M) | Time:00:01.12 | Mem:3.79M, Peak:3.79M | Scene, ViewLayer | Updating Geometry BVH W10_s02_mesh 142/1029 | Building BVH
Fra:1 Mem:64.57M (Peak 103.49M) | Time:00:01.12 | Mem:3.79M, Peak:3.79M | Scene, ViewLayer | Updating Geometry BVH W10_s03_mesh 143/1029 | Building BVH
Fra:1 Mem:64.57M (Peak 103.49M) | Time:00:01.12 | Mem:3.82M, Peak:3.82M | Scene, ViewLayer | Updating Geometry BVH W11_s00_mesh 144/1029 | Building BVH
Fra:1 Mem:64.57M (Peak 103.49M) | Time:00:01.12 | Mem:3.85M, Peak:3.85M | Scene, ViewLayer | Updating Geometry BVH W12_s00_mesh 145/1029 | Building BVH
Fra:1 Mem:64.57M (Peak 103.49M) | Time:00:01.12 | Mem:3.87M, Peak:3.87M | Scene, ViewLayer | Updating Geometry BVH W12_s01_mesh 146/1029 | Building BVH
Fra:1 Mem:64.57M (Peak 103.49M) | Time:00:01.12 | Mem:3.88M, Peak:3.88M | Scene, ViewLayer | Updating Geometry BVH fx_curt_living_bo_w_A_mesh 1024/1029 | Building BVH
Fra:1 Mem:64.57M (Peak 103.49M) | Time:00:01.12 | Mem:3.91M, Peak:3.91M | Scene, ViewLayer | Updating Geometry BVH W12_s02_mesh 147/1029 | Building BVH
Fra:1 Mem:64.57M (Peak 103.49M) | Time:00:01.12 | Mem:3.91M, Peak:3.91M | Scene, ViewLayer | Updating Geometry BVH W13_s00_mesh 148/1029 | Building BVH
Fra:1 Mem:64.57M (Peak 103.49M) | Time:00:01.12 | Mem:3.91M, Peak:3.91M | Scene, ViewLayer | Updating Geometry BVH W13_s01_mesh 149/1029 | Building BVH
Fra:1 Mem:64.57M (Peak 103.49M) | Time:00:01.12 | Mem:3.92M, Peak:3.92M | Scene, ViewLayer | Updating Geometry BVH W13_s02_mesh 150/1029 | Building BVH
Fra:1 Mem:64.57M (Peak 103.49M) | Time:00:01.12 | Mem:3.93M, Peak:3.93M | Scene, ViewLayer | Updating Geometry BVH W14_s00_mesh 151/1029 | Building BVH
Fra:1 Mem:64.57M (Peak 103.49M) | Time:00:01.12 | Mem:3.93M, Peak:3.93M | Scene, ViewLayer | Updating Geometry BVH W14_s01_mesh 152/1029 | Building BVH
Fra:1 Mem:64.57M (Peak 103.49M) | Time:00:01.12 | Mem:3.93M, Peak:3.93M | Scene, ViewLayer | Updating Geometry BVH W14_s02_mesh 153/1029 | Building BVH
Fra:1 Mem:64.57M (Peak 103.49M) | Time:00:01.12 | Mem:3.94M, Peak:3.94M | Scene, ViewLayer | Updating Geometry BVH W14_s03_mesh 154/1029 | Building BVH
Fra:1 Mem:64.57M (Peak 103.49M) | Time:00:01.12 | Mem:3.97M, Peak:3.97M | Scene, ViewLayer | Updating Geometry BVH W14_s04_mesh 155/1029 | Building BVH
Fra:1 Mem:64.57M (Peak 103.49M) | Time:00:01.12 | Mem:3.97M, Peak:3.97M | Scene, ViewLayer | Updating Geometry BVH W15_s00_mesh 156/1029 | Building BVH
Fra:1 Mem:64.57M (Peak 103.49M) | Time:00:01.12 | Mem:3.98M, Peak:3.98M | Scene, ViewLayer | Updating Geometry BVH W15_s01_mesh 157/1029 | Building BVH
Fra:1 Mem:64.57M (Peak 103.49M) | Time:00:01.12 | Mem:3.98M, Peak:3.98M | Scene, ViewLayer | Updating Geometry BVH W15_s02_mesh 158/1029 | Building BVH
Fra:1 Mem:64.57M (Peak 103.49M) | Time:00:01.12 | Mem:3.98M, Peak:3.98M | Scene, ViewLayer | Updating Geometry BVH W16_s00_mesh 159/1029 | Building BVH
Fra:1 Mem:64.57M (Peak 103.49M) | Time:00:01.12 | Mem:4.01M, Peak:4.01M | Scene, ViewLayer | Updating Geometry BVH W17_s00_mesh 160/1029 | Building BVH
Fra:1 Mem:64.57M (Peak 103.49M) | Time:00:01.13 | Mem:4.03M, Peak:4.03M | Scene, ViewLayer | Updating Geometry BVH W17_s01_mesh 161/1029 | Building BVH
Fra:1 Mem:64.57M (Peak 103.49M) | Time:00:01.13 | Mem:4.03M, Peak:4.03M | Scene, ViewLayer | Updating Geometry BVH fx_curt_living_sheer_A_mesh 1023/1029 | Building BVH
Fra:1 Mem:64.57M (Peak 103.49M) | Time:00:01.13 | Mem:4.04M, Peak:4.04M | Scene, ViewLayer | Updating Geometry BVH W17_s02_mesh 162/1029 | Building BVH
Fra:1 Mem:64.57M (Peak 103.49M) | Time:00:01.13 | Mem:4.05M, Peak:4.05M | Scene, ViewLayer | Updating Geometry BVH W18_s00_mesh 163/1029 | Building BVH
Fra:1 Mem:64.57M (Peak 103.49M) | Time:00:01.13 | Mem:4.05M, Peak:4.05M | Scene, ViewLayer | Updating Geometry BVH W18_s01_mesh 164/1029 | Building BVH
Fra:1 Mem:64.57M (Peak 103.49M) | Time:00:01.13 | Mem:4.06M, Peak:4.06M | Scene, ViewLayer | Updating Geometry BVH W18_s02_mesh 165/1029 | Building BVH
Fra:1 Mem:64.57M (Peak 103.49M) | Time:00:01.13 | Mem:4.06M, Peak:4.06M | Scene, ViewLayer | Updating Geometry BVH W18_s03_mesh 166/1029 | Building BVH
Fra:1 Mem:64.57M (Peak 103.49M) | Time:00:01.13 | Mem:4.06M, Peak:4.06M | Scene, ViewLayer | Updating Geometry BVH W19_s00_mesh 167/1029 | Building BVH
Fra:1 Mem:64.57M (Peak 103.49M) | Time:00:01.13 | Mem:4.14M, Peak:4.14M | Scene, ViewLayer | Updating Geometry BVH W19_s01_mesh 168/1029 | Building BVH
Fra:1 Mem:64.57M (Peak 103.49M) | Time:00:01.13 | Mem:4.14M, Peak:4.14M | Scene, ViewLayer | Updating Geometry BVH W19_s02_mesh 169/1029 | Building BVH
Fra:1 Mem:64.57M (Peak 103.49M) | Time:00:01.13 | Mem:4.14M, Peak:4.14M | Scene, ViewLayer | Updating Geometry BVH W20_s00_mesh 170/1029 | Building BVH
Fra:1 Mem:64.57M (Peak 103.49M) | Time:00:01.13 | Mem:4.15M, Peak:4.15M | Scene, ViewLayer | Updating Geometry BVH W21_s00_mesh 171/1029 | Building BVH
Fra:1 Mem:64.57M (Peak 103.49M) | Time:00:01.13 | Mem:4.15M, Peak:4.15M | Scene, ViewLayer | Updating Geometry BVH W22_s00_mesh 172/1029 | Building BVH
Fra:1 Mem:64.57M (Peak 103.49M) | Time:00:01.13 | Mem:4.15M, Peak:4.15M | Scene, ViewLayer | Updating Geometry BVH W22_s01_mesh 173/1029 | Building BVH
Fra:1 Mem:64.57M (Peak 103.49M) | Time:00:01.13 | Mem:4.18M, Peak:4.18M | Scene, ViewLayer | Updating Geometry BVH W23_s00_mesh 174/1029 | Building BVH
Fra:1 Mem:64.57M (Peak 103.49M) | Time:00:01.13 | Mem:4.18M, Peak:4.19M | Scene, ViewLayer | Updating Geometry BVH W23_s01_mesh 175/1029 | Building BVH
Fra:1 Mem:64.57M (Peak 103.49M) | Time:00:01.13 | Mem:4.18M, Peak:4.19M | Scene, ViewLayer | Updating Geometry BVH W23_s02_mesh 176/1029 | Building BVH
Fra:1 Mem:64.57M (Peak 103.49M) | Time:00:01.13 | Mem:4.19M, Peak:4.19M | Scene, ViewLayer | Updating Geometry BVH W23_s03_mesh 177/1029 | Building BVH
Fra:1 Mem:64.57M (Peak 103.49M) | Time:00:01.13 | Mem:4.21M, Peak:4.21M | Scene, ViewLayer | Updating Geometry BVH W24_s00_mesh 178/1029 | Building BVH
Fra:1 Mem:64.57M (Peak 103.49M) | Time:00:01.13 | Mem:4.21M, Peak:4.21M | Scene, ViewLayer | Updating Geometry BVH A_living_dining_balcony_lounge_chair_01_arm1_mesh 1022/1029 | Building BVH
Fra:1 Mem:64.57M (Peak 103.49M) | Time:00:01.13 | Mem:4.22M, Peak:4.22M | Scene, ViewLayer | Updating Geometry BVH W26_s00_mesh 180/1029 | Building BVH
Fra:1 Mem:64.57M (Peak 103.49M) | Time:00:01.13 | Mem:4.22M, Peak:4.22M | Scene, ViewLayer | Updating Geometry BVH W27_s00_mesh 181/1029 | Building BVH
Fra:1 Mem:64.57M (Peak 103.49M) | Time:00:01.13 | Mem:4.24M, Peak:4.24M | Scene, ViewLayer | Updating Geometry BVH W27_s01_mesh 182/1029 | Building BVH
Fra:1 Mem:64.57M (Peak 103.49M) | Time:00:01.13 | Mem:4.27M, Peak:4.27M | Scene, ViewLayer | Updating Geometry BVH W27_s02_mesh 183/1029 | Building BVH
Fra:1 Mem:64.57M (Peak 103.49M) | Time:00:01.13 | Mem:4.27M, Peak:4.27M | Scene, ViewLayer | Updating Geometry BVH W29_s00_mesh 185/1029 | Building BVH
Fra:1 Mem:64.57M (Peak 103.49M) | Time:00:01.13 | Mem:4.28M, Peak:4.28M | Scene, ViewLayer | Updating Geometry BVH win_W01_0bot_mesh 186/1029 | Building BVH
Fra:1 Mem:64.57M (Peak 103.49M) | Time:00:01.13 | Mem:4.28M, Peak:4.28M | Scene, ViewLayer | Updating Geometry BVH win_W01_0top_mesh 187/1029 | Building BVH
Fra:1 Mem:64.57M (Peak 103.49M) | Time:00:01.13 | Mem:4.29M, Peak:4.29M | Scene, ViewLayer | Updating Geometry BVH win_W01_0lft_mesh 188/1029 | Building BVH
Fra:1 Mem:64.57M (Peak 103.49M) | Time:00:01.13 | Mem:4.29M, Peak:4.29M | Scene, ViewLayer | Updating Geometry BVH win_W01_0rgt_mesh 189/1029 | Building BVH
Fra:1 Mem:64.57M (Peak 103.49M) | Time:00:01.13 | Mem:4.34M, Peak:4.35M | Scene, ViewLayer | Updating Geometry BVH win_W01_0mul1_mesh 190/1029 | Building BVH
Fra:1 Mem:64.57M (Peak 103.49M) | Time:00:01.13 | Mem:4.34M, Peak:4.35M | Scene, ViewLayer | Updating Geometry BVH win_W02_0bot_mesh 192/1029 | Building BVH
Fra:1 Mem:64.57M (Peak 103.49M) | Time:00:01.13 | Mem:4.34M, Peak:4.35M | Scene, ViewLayer | Updating Geometry BVH win_W02_0top_mesh 193/1029 | Building BVH
Fra:1 Mem:64.57M (Peak 103.49M) | Time:00:01.13 | Mem:4.34M, Peak:4.35M | Scene, ViewLayer | Updating Geometry BVH win_W02_0lft_mesh 194/1029 | Building BVH
Fra:1 Mem:64.57M (Peak 103.49M) | Time:00:01.13 | Mem:4.34M, Peak:4.35M | Scene, ViewLayer | Updating Geometry BVH win_W02_0rgt_mesh 195/1029 | Building BVH
Fra:1 Mem:64.57M (Peak 103.49M) | Time:00:01.13 | Mem:4.34M, Peak:4.35M | Scene, ViewLayer | Updating Geometry BVH win_W02_0glass_mesh 196/1029 | Building BVH
Fra:1 Mem:64.57M (Peak 103.49M) | Time:00:01.13 | Mem:4.35M, Peak:4.35M | Scene, ViewLayer | Updating Geometry BVH win_W05_0bot_mesh 197/1029 | Building BVH
Fra:1 Mem:64.57M (Peak 103.49M) | Time:00:01.13 | Mem:4.35M, Peak:4.35M | Scene, ViewLayer | Updating Geometry BVH win_W05_0top_mesh 198/1029 | Building BVH
Fra:1 Mem:64.57M (Peak 103.49M) | Time:00:01.13 | Mem:4.38M, Peak:4.38M | Scene, ViewLayer | Updating Geometry BVH win_W05_0lft_mesh 199/1029 | Building BVH
Fra:1 Mem:64.57M (Peak 103.49M) | Time:00:01.13 | Mem:4.42M, Peak:4.42M | Scene, ViewLayer | Updating Geometry BVH win_W05_0rgt_mesh 200/1029 | Building BVH
Fra:1 Mem:64.57M (Peak 103.49M) | Time:00:01.13 | Mem:4.45M, Peak:4.45M | Scene, ViewLayer | Updating Geometry BVH win_W05_0glass_mesh 201/1029 | Building BVH
Fra:1 Mem:64.57M (Peak 103.49M) | Time:00:01.13 | Mem:4.45M, Peak:4.45M | Scene, ViewLayer | Updating Geometry BVH win_W06_0bot_mesh 202/1029 | Building BVH
Fra:1 Mem:64.57M (Peak 103.49M) | Time:00:01.13 | Mem:4.46M, Peak:4.47M | Scene, ViewLayer | Updating Geometry BVH win_W06_0top_mesh 203/1029 | Building BVH
Fra:1 Mem:64.57M (Peak 103.49M) | Time:00:01.13 | Mem:4.46M, Peak:4.47M | Scene, ViewLayer | Updating Geometry BVH win_W06_0lft_mesh 204/1029 | Building BVH
Fra:1 Mem:64.57M (Peak 103.49M) | Time:00:01.13 | Mem:4.46M, Peak:4.47M | Scene, ViewLayer | Updating Geometry BVH win_W06_0rgt_mesh 205/1029 | Building BVH
Fra:1 Mem:64.57M (Peak 103.49M) | Time:00:01.13 | Mem:4.48M, Peak:4.48M | Scene, ViewLayer | Updating Geometry BVH win_W06_0mul1_mesh 206/1029 | Building BVH
Fra:1 Mem:64.57M (Peak 103.49M) | Time:00:01.13 | Mem:4.49M, Peak:4.49M | Scene, ViewLayer | Updating Geometry BVH win_W06_0glass_mesh 207/1029 | Building BVH
Fra:1 Mem:64.57M (Peak 103.49M) | Time:00:01.13 | Mem:4.50M, Peak:4.50M | Scene, ViewLayer | Updating Geometry BVH win_W10_0bot_mesh 208/1029 | Building BVH
Fra:1 Mem:64.57M (Peak 103.49M) | Time:00:01.13 | Mem:4.50M, Peak:4.50M | Scene, ViewLayer | Updating Geometry BVH win_W10_0top_mesh 209/1029 | Building BVH
Fra:1 Mem:64.57M (Peak 103.49M) | Time:00:01.13 | Mem:4.51M, Peak:4.51M | Scene, ViewLayer | Updating Geometry BVH win_W10_0lft_mesh 210/1029 | Building BVH
Fra:1 Mem:64.57M (Peak 103.49M) | Time:00:01.13 | Mem:4.51M, Peak:4.51M | Scene, ViewLayer | Updating Geometry BVH win_W10_0rgt_mesh 211/1029 | Building BVH
Fra:1 Mem:64.57M (Peak 103.49M) | Time:00:01.13 | Mem:4.52M, Peak:4.52M | Scene, ViewLayer | Updating Geometry BVH win_W10_0glass_mesh 212/1029 | Building BVH
Fra:1 Mem:64.57M (Peak 103.49M) | Time:00:01.13 | Mem:4.53M, Peak:4.53M | Scene, ViewLayer | Updating Geometry BVH win_W18_0bot_mesh 213/1029 | Building BVH
Fra:1 Mem:64.57M (Peak 103.49M) | Time:00:01.13 | Mem:4.55M, Peak:4.55M | Scene, ViewLayer | Updating Geometry BVH A_living_dining_balcony_lounge_chair_01_arm0_mesh 1021/1029 | Building BVH
Fra:1 Mem:64.57M (Peak 103.49M) | Time:00:01.13 | Mem:4.57M, Peak:4.57M | Scene, ViewLayer | Updating Geometry BVH win_W18_0top_mesh 214/1029 | Building BVH
Fra:1 Mem:64.57M (Peak 103.49M) | Time:00:01.13 | Mem:4.58M, Peak:4.58M | Scene, ViewLayer | Updating Geometry BVH win_W18_0lft_mesh 215/1029 | Building BVH
Fra:1 Mem:64.57M (Peak 103.49M) | Time:00:01.13 | Mem:4.58M, Peak:4.58M | Scene, ViewLayer | Updating Geometry BVH win_W18_0rgt_mesh 216/1029 | Building BVH
Fra:1 Mem:64.57M (Peak 103.49M) | Time:00:01.13 | Mem:4.59M, Peak:4.59M | Scene, ViewLayer | Updating Geometry BVH win_W18_0mul1_mesh 217/1029 | Building BVH
Fra:1 Mem:64.57M (Peak 103.49M) | Time:00:01.13 | Mem:4.59M, Peak:4.59M | Scene, ViewLayer | Updating Geometry BVH win_W18_0mul2_mesh 218/1029 | Building BVH
Fra:1 Mem:64.57M (Peak 103.49M) | Time:00:01.13 | Mem:4.60M, Peak:4.60M | Scene, ViewLayer | Updating Geometry BVH win_W18_0mul3_mesh 219/1029 | Building BVH
Fra:1 Mem:64.57M (Peak 103.49M) | Time:00:01.13 | Mem:4.62M, Peak:4.62M | Scene, ViewLayer | Updating Geometry BVH win_W18_0glass_mesh 220/1029 | Building BVH
Fra:1 Mem:64.57M (Peak 103.49M) | Time:00:01.13 | Mem:4.62M, Peak:4.62M | Scene, ViewLayer | Updating Geometry BVH win_W23_0bot_mesh 221/1029 | Building BVH
Fra:1 Mem:64.57M (Peak 103.49M) | Time:00:01.13 | Mem:4.62M, Peak:4.62M | Scene, ViewLayer | Updating Geometry BVH win_W23_0top_mesh 222/1029 | Building BVH
Fra:1 Mem:64.57M (Peak 103.49M) | Time:00:01.13 | Mem:4.65M, Peak:4.65M | Scene, ViewLayer | Updating Geometry BVH win_W23_0lft_mesh 223/1029 | Building BVH
Fra:1 Mem:64.57M (Peak 103.49M) | Time:00:01.13 | Mem:4.65M, Peak:4.65M | Scene, ViewLayer | Updating Geometry BVH win_W23_0rgt_mesh 224/1029 | Building BVH
Fra:1 Mem:64.57M (Peak 103.49M) | Time:00:01.13 | Mem:4.66M, Peak:4.66M | Scene, ViewLayer | Updating Geometry BVH win_W23_0mul1_mesh 225/1029 | Building BVH
Fra:1 Mem:64.57M (Peak 103.49M) | Time:00:01.13 | Mem:4.68M, Peak:4.68M | Scene, ViewLayer | Updating Geometry BVH A_living_dining_balcony_lounge_chair_01_leg3_mesh 1020/1029 | Building BVH
Fra:1 Mem:64.57M (Peak 103.49M) | Time:00:01.13 | Mem:4.69M, Peak:4.69M | Scene, ViewLayer | Updating Geometry BVH win_W23_0glass_mesh 226/1029 | Building BVH
Fra:1 Mem:64.57M (Peak 103.49M) | Time:00:01.13 | Mem:4.69M, Peak:4.69M | Scene, ViewLayer | Updating Geometry BVH door_W07_0jlfto_mesh 227/1029 | Building BVH
Fra:1 Mem:64.57M (Peak 103.49M) | Time:00:01.13 | Mem:4.69M, Peak:4.70M | Scene, ViewLayer | Updating Geometry BVH door_W07_0jlfti_mesh 228/1029 | Building BVH
Fra:1 Mem:64.57M (Peak 103.49M) | Time:00:01.13 | Mem:4.70M, Peak:4.70M | Scene, ViewLayer | Updating Geometry BVH door_W07_0jrgto_mesh 229/1029 | Building BVH
Fra:1 Mem:64.57M (Peak 103.49M) | Time:00:01.13 | Mem:4.71M, Peak:4.71M | Scene, ViewLayer | Updating Geometry BVH door_W07_0jrgti_mesh 230/1029 | Building BVH
Fra:1 Mem:64.57M (Peak 103.49M) | Time:00:01.13 | Mem:4.71M, Peak:4.71M | Scene, ViewLayer | Updating Geometry BVH door_W07_0jtopo_mesh 231/1029 | Building BVH
Fra:1 Mem:64.57M (Peak 103.49M) | Time:00:01.13 | Mem:4.73M, Peak:4.73M | Scene, ViewLayer | Updating Geometry BVH door_W07_0jtopi_mesh 232/1029 | Building BVH
Fra:1 Mem:64.57M (Peak 103.49M) | Time:00:01.13 | Mem:4.73M, Peak:4.73M | Scene, ViewLayer | Updating Geometry BVH door_W07_0leaf_mesh 233/1029 | Building BVH
Fra:1 Mem:64.57M (Peak 103.49M) | Time:00:01.13 | Mem:4.75M, Peak:4.75M | Scene, ViewLayer | Updating Geometry BVH door_W07_0hdl_mesh 234/1029 | Building BVH
Fra:1 Mem:64.57M (Peak 103.49M) | Time:00:01.13 | Mem:4.75M, Peak:4.75M | Scene, ViewLayer | Updating Geometry BVH door_W08_0jlfto_mesh 235/1029 | Building BVH
Fra:1 Mem:64.57M (Peak 103.49M) | Time:00:01.13 | Mem:4.78M, Peak:4.79M | Scene, ViewLayer | Updating Geometry BVH door_W08_0jlfti_mesh 236/1029 | Building BVH
Fra:1 Mem:64.57M (Peak 103.49M) | Time:00:01.13 | Mem:4.78M, Peak:4.79M | Scene, ViewLayer | Updating Geometry BVH door_W08_0jrgto_mesh 237/1029 | Building BVH
Fra:1 Mem:64.57M (Peak 103.49M) | Time:00:01.13 | Mem:4.78M, Peak:4.79M | Scene, ViewLayer | Updating Geometry BVH door_W08_0jrgti_mesh 238/1029 | Building BVH
Fra:1 Mem:64.57M (Peak 103.49M) | Time:00:01.13 | Mem:4.79M, Peak:4.79M | Scene, ViewLayer | Updating Geometry BVH door_W08_0jtopo_mesh 239/1029 | Building BVH
Fra:1 Mem:64.57M (Peak 103.49M) | Time:00:01.13 | Mem:4.80M, Peak:4.80M | Scene, ViewLayer | Updating Geometry BVH door_W08_0jtopi_mesh 240/1029 | Building BVH
Fra:1 Mem:64.57M (Peak 103.49M) | Time:00:01.13 | Mem:4.80M, Peak:4.80M | Scene, ViewLayer | Updating Geometry BVH door_W08_0lft_mesh 241/1029 | Building BVH
Fra:1 Mem:64.57M (Peak 103.49M) | Time:00:01.13 | Mem:4.80M, Peak:4.80M | Scene, ViewLayer | Updating Geometry BVH door_W08_0top_mesh 243/1029 | Building BVH
Fra:1 Mem:64.57M (Peak 103.49M) | Time:00:01.13 | Mem:4.80M, Peak:4.80M | Scene, ViewLayer | Updating Geometry BVH A_living_dining_balcony_lounge_chair_01_leg2_mesh 1019/1029 | Building BVH
Fra:1 Mem:64.57M (Peak 103.49M) | Time:00:01.13 | Mem:4.80M, Peak:4.80M | Scene, ViewLayer | Updating Geometry BVH door_W08_0bot_mesh 244/1029 | Building BVH
Fra:1 Mem:64.57M (Peak 103.49M) | Time:00:01.13 | Mem:4.80M, Peak:4.80M | Scene, ViewLayer | Updating Geometry BVH door_W13_0jlfto_mesh 247/1029 | Building BVH
Fra:1 Mem:64.57M (Peak 103.49M) | Time:00:01.13 | Mem:4.83M, Peak:4.83M | Scene, ViewLayer | Updating Geometry BVH door_W13_0jrgto_mesh 249/1029 | Building BVH
Fra:1 Mem:64.57M (Peak 103.49M) | Time:00:01.13 | Mem:4.83M, Peak:4.83M | Scene, ViewLayer | Updating Geometry BVH door_W13_0jrgti_mesh 250/1029 | Building BVH
Fra:1 Mem:64.57M (Peak 103.49M) | Time:00:01.13 | Mem:4.84M, Peak:4.84M | Scene, ViewLayer | Updating Geometry BVH door_W13_0jtopo_mesh 251/1029 | Building BVH
Fra:1 Mem:64.57M (Peak 103.49M) | Time:00:01.13 | Mem:4.87M, Peak:4.87M | Scene, ViewLayer | Updating Geometry BVH door_W13_0jtopi_mesh 252/1029 | Building BVH
Fra:1 Mem:64.57M (Peak 103.49M) | Time:00:01.13 | Mem:4.88M, Peak:4.88M | Scene, ViewLayer | Updating Geometry BVH door_W13_0hdl_mesh 254/1029 | Building BVH
Fra:1 Mem:64.57M (Peak 103.49M) | Time:00:01.13 | Mem:4.88M, Peak:4.88M | Scene, ViewLayer | Updating Geometry BVH door_W14_0jlfto_mesh 255/1029 | Building BVH
Fra:1 Mem:64.57M (Peak 103.49M) | Time:00:01.13 | Mem:4.89M, Peak:4.89M | Scene, ViewLayer | Updating Geometry BVH door_W14_0jlfti_mesh 256/1029 | Building BVH
Fra:1 Mem:64.57M (Peak 103.49M) | Time:00:01.14 | Mem:4.97M, Peak:4.98M | Scene, ViewLayer | Updating Geometry BVH door_W14_0jrgto_mesh 257/1029 | Building BVH
Fra:1 Mem:64.57M (Peak 103.49M) | Time:00:01.14 | Mem:4.97M, Peak:4.98M | Scene, ViewLayer | Updating Geometry BVH door_W14_0jrgti_mesh 258/1029 | Building BVH
Fra:1 Mem:64.57M (Peak 103.49M) | Time:00:01.14 | Mem:4.98M, Peak:4.98M | Scene, ViewLayer | Updating Geometry BVH door_W14_0jtopo_mesh 259/1029 | Building BVH
Fra:1 Mem:64.57M (Peak 103.49M) | Time:00:01.14 | Mem:4.99M, Peak:4.99M | Scene, ViewLayer | Updating Geometry BVH door_W14_0jtopi_mesh 260/1029 | Building BVH
Fra:1 Mem:64.57M (Peak 103.49M) | Time:00:01.14 | Mem:4.99M, Peak:4.99M | Scene, ViewLayer | Updating Geometry BVH door_W14_1jlfto_mesh 263/1029 | Building BVH
Fra:1 Mem:64.57M (Peak 103.49M) | Time:00:01.14 | Mem:5.00M, Peak:5.00M | Scene, ViewLayer | Updating Geometry BVH door_W14_1jlfti_mesh 264/1029 | Building BVH
Fra:1 Mem:64.57M (Peak 103.49M) | Time:00:01.14 | Mem:5.05M, Peak:5.06M | Scene, ViewLayer | Updating Geometry BVH door_W14_1jrgto_mesh 265/1029 | Building BVH
Fra:1 Mem:64.57M (Peak 103.49M) | Time:00:01.14 | Mem:5.06M, Peak:5.06M | Scene, ViewLayer | Updating Geometry BVH door_W14_1jrgti_mesh 266/1029 | Building BVH
Fra:1 Mem:64.57M (Peak 103.49M) | Time:00:01.14 | Mem:5.06M, Peak:5.06M | Scene, ViewLayer | Updating Geometry BVH door_W14_1jtopo_mesh 267/1029 | Building BVH
Fra:1 Mem:64.57M (Peak 103.49M) | Time:00:01.14 | Mem:5.06M, Peak:5.06M | Scene, ViewLayer | Updating Geometry BVH door_W14_1jtopi_mesh 268/1029 | Building BVH
Fra:1 Mem:64.57M (Peak 103.49M) | Time:00:01.14 | Mem:5.06M, Peak:5.06M | Scene, ViewLayer | Updating Geometry BVH door_W14_1lft_mesh 269/1029 | Building BVH
Fra:1 Mem:64.57M (Peak 103.49M) | Time:00:01.14 | Mem:5.07M, Peak:5.07M | Scene, ViewLayer | Updating Geometry BVH door_W14_1rgt_mesh 270/1029 | Building BVH
Fra:1 Mem:64.57M (Peak 103.49M) | Time:00:01.14 | Mem:5.11M, Peak:5.11M | Scene, ViewLayer | Updating Geometry BVH door_W14_1top_mesh 271/1029 | Building BVH
Fra:1 Mem:64.57M (Peak 103.49M) | Time:00:01.14 | Mem:5.12M, Peak:5.12M | Scene, ViewLayer | Updating Geometry BVH door_W14_1bot_mesh 272/1029 | Building BVH
Fra:1 Mem:64.57M (Peak 103.49M) | Time:00:01.14 | Mem:5.12M, Peak:5.12M | Scene, ViewLayer | Updating Geometry BVH door_W14_1fglass_mesh 273/1029 | Building BVH
Fra:1 Mem:64.57M (Peak 103.49M) | Time:00:01.14 | Mem:5.14M, Peak:5.14M | Scene, ViewLayer | Updating Geometry BVH door_W14_1hdl_mesh 274/1029 | Building BVH
Fra:1 Mem:64.57M (Peak 103.49M) | Time:00:01.14 | Mem:5.14M, Peak:5.14M | Scene, ViewLayer | Updating Geometry BVH door_W15_0_bot_mesh 275/1029 | Building BVH
Fra:1 Mem:64.57M (Peak 103.49M) | Time:00:01.14 | Mem:5.15M, Peak:5.15M | Scene, ViewLayer | Updating Geometry BVH door_W15_0_top_mesh 276/1029 | Building BVH
Fra:1 Mem:64.57M (Peak 103.49M) | Time:00:01.14 | Mem:5.15M, Peak:5.15M | Scene, ViewLayer | Updating Geometry BVH door_W15_0_lft_mesh 277/1029 | Building BVH
Fra:1 Mem:64.57M (Peak 103.49M) | Time:00:01.14 | Mem:5.15M, Peak:5.15M | Scene, ViewLayer | Updating Geometry BVH door_W15_0_rgt_mesh 278/1029 | Building BVH
Fra:1 Mem:64.57M (Peak 103.49M) | Time:00:01.14 | Mem:5.18M, Peak:5.18M | Scene, ViewLayer | Updating Geometry BVH door_W15_0_glass_mesh 279/1029 | Building BVH
Fra:1 Mem:64.57M (Peak 103.49M) | Time:00:01.14 | Mem:5.18M, Peak:5.18M | Scene, ViewLayer | Updating Geometry BVH door_W15_1_bot_mesh 280/1029 | Building BVH
Fra:1 Mem:64.57M (Peak 103.49M) | Time:00:01.14 | Mem:5.19M, Peak:5.19M | Scene, ViewLayer | Updating Geometry BVH door_W15_1_top_mesh 281/1029 | Building BVH
Fra:1 Mem:64.57M (Peak 103.49M) | Time:00:01.14 | Mem:5.21M, Peak:5.21M | Scene, ViewLayer | Updating Geometry BVH door_W15_1_lft_mesh 282/1029 | Building BVH
Fra:1 Mem:64.57M (Peak 103.49M) | Time:00:01.14 | Mem:5.21M, Peak:5.21M | Scene, ViewLayer | Updating Geometry BVH door_W15_1_rgt_mesh 283/1029 | Building BVH
Fra:1 Mem:64.57M (Peak 103.49M) | Time:00:01.14 | Mem:5.21M, Peak:5.21M | Scene, ViewLayer | Updating Geometry BVH door_W15_1_glass_mesh 284/1029 | Building BVH
Fra:1 Mem:64.57M (Peak 103.49M) | Time:00:01.14 | Mem:5.21M, Peak:5.21M | Scene, ViewLayer | Updating Geometry BVH door_W17_0_bot_mesh 285/1029 | Building BVH
Fra:1 Mem:64.57M (Peak 103.49M) | Time:00:01.14 | Mem:5.21M, Peak:5.21M | Scene, ViewLayer | Updating Geometry BVH A_living_dining_balcony_lounge_chair_01_leg1_mesh 1018/1029 | Building BVH
Fra:1 Mem:64.57M (Peak 103.49M) | Time:00:01.14 | Mem:5.21M, Peak:5.21M | Scene, ViewLayer | Updating Geometry BVH door_W17_0_top_mesh 286/1029 | Building BVH
Fra:1 Mem:64.57M (Peak 103.49M) | Time:00:01.14 | Mem:5.25M, Peak:5.25M | Scene, ViewLayer | Updating Geometry BVH A_living_dining_balcony_lounge_chair_01_leg0_mesh 1017/1029 | Building BVH
Fra:1 Mem:64.57M (Peak 103.49M) | Time:00:01.14 | Mem:5.27M, Peak:5.27M | Scene, ViewLayer | Updating Geometry BVH door_W17_0_rgt_mesh 288/1029 | Building BVH
Fra:1 Mem:64.57M (Peak 103.49M) | Time:00:01.14 | Mem:5.27M, Peak:5.27M | Scene, ViewLayer | Updating Geometry BVH door_W17_0_lft_mesh 287/1029 | Building BVH
Fra:1 Mem:64.57M (Peak 103.49M) | Time:00:01.14 | Mem:5.29M, Peak:5.29M | Scene, ViewLayer | Updating Geometry BVH door_W17_0_glass_mesh 289/1029 | Building BVH
Fra:1 Mem:64.57M (Peak 103.49M) | Time:00:01.14 | Mem:5.29M, Peak:5.29M | Scene, ViewLayer | Updating Geometry BVH door_W17_1_bot_mesh 290/1029 | Building BVH
Fra:1 Mem:64.57M (Peak 103.49M) | Time:00:01.14 | Mem:5.29M, Peak:5.29M | Scene, ViewLayer | Updating Geometry BVH door_W17_1_top_mesh 291/1029 | Building BVH
Fra:1 Mem:64.57M (Peak 103.49M) | Time:00:01.14 | Mem:5.32M, Peak:5.32M | Scene, ViewLayer | Updating Geometry BVH door_W17_1_lft_mesh 292/1029 | Building BVH
Fra:1 Mem:64.57M (Peak 103.49M) | Time:00:01.14 | Mem:5.32M, Peak:5.32M | Scene, ViewLayer | Updating Geometry BVH A_living_dining_balcony_lounge_chair_01_back_mesh 1016/1029 | Building BVH
Fra:1 Mem:64.57M (Peak 103.49M) | Time:00:01.14 | Mem:5.32M, Peak:5.32M | Scene, ViewLayer | Updating Geometry BVH door_W17_1_rgt_mesh 293/1029 | Building BVH
Fra:1 Mem:64.57M (Peak 103.49M) | Time:00:01.14 | Mem:5.32M, Peak:5.32M | Scene, ViewLayer | Updating Geometry BVH door_W17_1_glass_mesh 294/1029 | Building BVH
Fra:1 Mem:64.57M (Peak 103.49M) | Time:00:01.14 | Mem:5.36M, Peak:5.36M | Scene, ViewLayer | Updating Geometry BVH door_W17_2_bot_mesh 295/1029 | Building BVH
Fra:1 Mem:64.57M (Peak 103.49M) | Time:00:01.14 | Mem:5.36M, Peak:5.36M | Scene, ViewLayer | Updating Geometry BVH door_W17_2_top_mesh 296/1029 | Building BVH
Fra:1 Mem:64.57M (Peak 103.49M) | Time:00:01.14 | Mem:5.36M, Peak:5.36M | Scene, ViewLayer | Updating Geometry BVH door_W17_2_lft_mesh 297/1029 | Building BVH
Fra:1 Mem:64.57M (Peak 103.49M) | Time:00:01.14 | Mem:5.36M, Peak:5.36M | Scene, ViewLayer | Updating Geometry BVH door_W17_2_rgt_mesh 298/1029 | Building BVH
Fra:1 Mem:64.57M (Peak 103.49M) | Time:00:01.14 | Mem:5.36M, Peak:5.36M | Scene, ViewLayer | Updating Geometry BVH door_W19_0jlfto_mesh 300/1029 | Building BVH
Fra:1 Mem:64.57M (Peak 103.49M) | Time:00:01.14 | Mem:5.36M, Peak:5.36M | Scene, ViewLayer | Updating Geometry BVH door_W19_0jlfti_mesh 301/1029 | Building BVH
Fra:1 Mem:64.57M (Peak 103.49M) | Time:00:01.14 | Mem:5.40M, Peak:5.40M | Scene, ViewLayer | Updating Geometry BVH A_living_dining_balcony_lounge_chair_01_seat_mesh 1015/1029 | Building BVH
Fra:1 Mem:64.57M (Peak 103.49M) | Time:00:01.14 | Mem:5.43M, Peak:5.43M | Scene, ViewLayer | Updating Geometry BVH door_W19_0jrgto_mesh 302/1029 | Building BVH
Fra:1 Mem:64.57M (Peak 103.49M) | Time:00:01.14 | Mem:5.45M, Peak:5.45M | Scene, ViewLayer | Updating Geometry BVH door_W19_0jrgti_mesh 303/1029 | Building BVH
Fra:1 Mem:64.57M (Peak 103.49M) | Time:00:01.14 | Mem:5.46M, Peak:5.46M | Scene, ViewLayer | Updating Geometry BVH door_W19_0jtopo_mesh 304/1029 | Building BVH
Fra:1 Mem:64.57M (Peak 103.49M) | Time:00:01.14 | Mem:5.46M, Peak:5.46M | Scene, ViewLayer | Updating Geometry BVH door_W19_0leaf_mesh 306/1029 | Building BVH
Fra:1 Mem:64.57M (Peak 103.49M) | Time:00:01.14 | Mem:5.46M, Peak:5.46M | Scene, ViewLayer | Updating Geometry BVH A_living_dining_balcony_floor_lamp_01_shade_mesh 1014/1029 | Building BVH
Fra:1 Mem:64.57M (Peak 103.49M) | Time:00:01.14 | Mem:5.49M, Peak:5.49M | Scene, ViewLayer | Updating Geometry BVH door_W19_0hdl_mesh 307/1029 | Building BVH
Fra:1 Mem:64.57M (Peak 103.49M) | Time:00:01.14 | Mem:5.51M, Peak:5.51M | Scene, ViewLayer | Updating Geometry BVH door_W27_0jlfto_mesh 308/1029 | Building BVH
Fra:1 Mem:64.57M (Peak 103.49M) | Time:00:01.14 | Mem:5.51M, Peak:5.51M | Scene, ViewLayer | Updating Geometry BVH door_W27_0jlfti_mesh 309/1029 | Building BVH
Fra:1 Mem:64.57M (Peak 103.49M) | Time:00:01.14 | Mem:5.51M, Peak:5.51M | Scene, ViewLayer | Updating Geometry BVH door_W27_0jrgto_mesh 310/1029 | Building BVH
Fra:1 Mem:64.57M (Peak 103.49M) | Time:00:01.14 | Mem:5.52M, Peak:5.52M | Scene, ViewLayer | Updating Geometry BVH door_W27_0jtopo_mesh 312/1029 | Building BVH
Fra:1 Mem:64.57M (Peak 103.49M) | Time:00:01.14 | Mem:5.52M, Peak:5.52M | Scene, ViewLayer | Updating Geometry BVH door_W27_0jtopi_mesh 313/1029 | Building BVH
Fra:1 Mem:64.57M (Peak 103.49M) | Time:00:01.14 | Mem:5.55M, Peak:5.55M | Scene, ViewLayer | Updating Geometry BVH door_W27_0leaf_mesh 314/1029 | Building BVH
Fra:1 Mem:64.57M (Peak 103.49M) | Time:00:01.14 | Mem:5.57M, Peak:5.57M | Scene, ViewLayer | Updating Geometry BVH door_W27_0hdl_mesh 315/1029 | Building BVH
Fra:1 Mem:64.57M (Peak 103.49M) | Time:00:01.14 | Mem:5.57M, Peak:5.57M | Scene, ViewLayer | Updating Geometry BVH bay_platform_mesh 316/1029 | Building BVH
Fra:1 Mem:64.57M (Peak 103.49M) | Time:00:01.14 | Mem:5.57M, Peak:5.57M | Scene, ViewLayer | Updating Geometry BVH rail_ter_S_p0_mesh 317/1029 | Building BVH
Fra:1 Mem:64.57M (Peak 103.49M) | Time:00:01.14 | Mem:5.57M, Peak:5.57M | Scene, ViewLayer | Updating Geometry BVH rail_ter_S_p2_mesh 319/1029 | Building BVH
Fra:1 Mem:64.57M (Peak 103.49M) | Time:00:01.14 | Mem:5.57M, Peak:5.57M | Scene, ViewLayer | Updating Geometry BVH rail_ter_S_p3_mesh 320/1029 | Building BVH
Fra:1 Mem:64.57M (Peak 103.49M) | Time:00:01.14 | Mem:5.58M, Peak:5.58M | Scene, ViewLayer | Updating Geometry BVH rail_ter_S_top_mesh 321/1029 | Building BVH
Fra:1 Mem:64.58M (Peak 103.49M) | Time:00:01.14 | Mem:5.59M, Peak:5.59M | Scene, ViewLayer | Updating Geometry BVH rail_ter_E_p0_mesh 323/1029 | Building BVH
Fra:1 Mem:64.58M (Peak 103.49M) | Time:00:01.14 | Mem:5.59M, Peak:5.59M | Scene, ViewLayer | Updating Geometry BVH rail_ter_S_glass_mesh 322/1029 | Building BVH
Fra:1 Mem:64.58M (Peak 103.49M) | Time:00:01.14 | Mem:5.64M, Peak:5.64M | Scene, ViewLayer | Updating Geometry BVH rail_ter_E_p1_mesh 324/1029 | Building BVH
Fra:1 Mem:64.58M (Peak 103.49M) | Time:00:01.14 | Mem:5.65M, Peak:5.65M | Scene, ViewLayer | Updating Geometry BVH rail_ter_E_p2_mesh 325/1029 | Building BVH
Fra:1 Mem:64.58M (Peak 103.49M) | Time:00:01.14 | Mem:5.66M, Peak:5.66M | Scene, ViewLayer | Updating Geometry BVH rail_ter_E_top_mesh 326/1029 | Building BVH
Fra:1 Mem:64.58M (Peak 103.49M) | Time:00:01.14 | Mem:5.67M, Peak:5.67M | Scene, ViewLayer | Updating Geometry BVH rail_ter_W_p0_mesh 328/1029 | Building BVH
Fra:1 Mem:64.58M (Peak 103.49M) | Time:00:01.14 | Mem:5.69M, Peak:5.69M | Scene, ViewLayer | Updating Geometry BVH rail_ter_W_p1_mesh 329/1029 | Building BVH
Fra:1 Mem:64.58M (Peak 103.49M) | Time:00:01.14 | Mem:5.69M, Peak:5.69M | Scene, ViewLayer | Updating Geometry BVH rail_ter_W_top_mesh 330/1029 | Building BVH
Fra:1 Mem:64.58M (Peak 103.49M) | Time:00:01.14 | Mem:5.70M, Peak:5.70M | Scene, ViewLayer | Updating Geometry BVH rail_ter_W_glass_mesh 331/1029 | Building BVH
Fra:1 Mem:64.58M (Peak 103.49M) | Time:00:01.15 | Mem:5.72M, Peak:5.72M | Scene, ViewLayer | Updating Geometry BVH A_living_dining_balcony_floor_lamp_01_arm_mesh 1013/1029 | Building BVH
Fra:1 Mem:64.58M (Peak 103.49M) | Time:00:01.15 | Mem:5.72M, Peak:5.72M | Scene, ViewLayer | Updating Geometry BVH common_kitchen_dishwasher_01_body_mesh 332/1029 | Building BVH
Fra:1 Mem:64.58M (Peak 103.49M) | Time:00:01.15 | Mem:5.72M, Peak:5.72M | Scene, ViewLayer | Updating Geometry BVH common_kitchen_dishwasher_01_top_mesh 333/1029 | Building BVH
Fra:1 Mem:64.58M (Peak 103.49M) | Time:00:01.15 | Mem:5.73M, Peak:5.73M | Scene, ViewLayer | Updating Geometry BVH common_kitchen_dishwasher_01_drw_f0_mesh 334/1029 | Building BVH
Fra:1 Mem:64.58M (Peak 103.49M) | Time:00:01.15 | Mem:5.76M, Peak:5.76M | Scene, ViewLayer | Updating Geometry BVH common_kitchen_dishwasher_01_drw_p0_mesh 335/1029 | Building BVH
Fra:1 Mem:64.58M (Peak 103.49M) | Time:00:01.15 | Mem:5.77M, Peak:5.77M | Scene, ViewLayer | Updating Geometry BVH common_kitchen_dishwasher_01_drw_f1_mesh 336/1029 | Building BVH
Fra:1 Mem:64.58M (Peak 103.49M) | Time:00:01.15 | Mem:5.77M, Peak:5.77M | Scene, ViewLayer | Updating Geometry BVH common_kitchen_dishwasher_01_drw_p1_mesh 337/1029 | Building BVH
Fra:1 Mem:64.58M (Peak 103.49M) | Time:00:01.15 | Mem:5.77M, Peak:5.77M | Scene, ViewLayer | Updating Geometry BVH common_kitchen_dishwasher_01_drw_f2_mesh 338/1029 | Building BVH
Fra:1 Mem:64.58M (Peak 103.49M) | Time:00:01.15 | Mem:5.77M, Peak:5.77M | Scene, ViewLayer | Updating Geometry BVH common_kitchen_dishwasher_01_drw_p2_mesh 339/1029 | Building BVH
Fra:1 Mem:64.58M (Peak 103.49M) | Time:00:01.15 | Mem:5.77M, Peak:5.78M | Scene, ViewLayer | Updating Geometry BVH common_kitchen_dishwasher_01_drw_f3_mesh 340/1029 | Building BVH
Fra:1 Mem:64.58M (Peak 103.49M) | Time:00:01.15 | Mem:5.79M, Peak:5.79M | Scene, ViewLayer | Updating Geometry BVH common_kitchen_dishwasher_01_drw_p3_mesh 341/1029 | Building BVH
Fra:1 Mem:64.58M (Peak 103.49M) | Time:00:01.15 | Mem:5.81M, Peak:5.81M | Scene, ViewLayer | Updating Geometry BVH common_kitchen_dishwasher_01_drw_f4_mesh 342/1029 | Building BVH
Fra:1 Mem:64.58M (Peak 103.49M) | Time:00:01.15 | Mem:5.82M, Peak:5.82M | Scene, ViewLayer | Updating Geometry BVH common_kitchen_dishwasher_01_drw_p4_mesh 343/1029 | Building BVH
Fra:1 Mem:64.58M (Peak 103.49M) | Time:00:01.15 | Mem:5.87M, Peak:5.88M | Scene, ViewLayer | Updating Geometry BVH common_kitchen_sink_01_rim_mesh 344/1029 | Building BVH
Fra:1 Mem:64.58M (Peak 103.49M) | Time:00:01.15 | Mem:5.87M, Peak:5.88M | Scene, ViewLayer | Updating Geometry BVH common_kitchen_sink_01_inner_mesh 345/1029 | Building BVH
Fra:1 Mem:64.58M (Peak 103.49M) | Time:00:01.15 | Mem:5.89M, Peak:5.89M | Scene, ViewLayer | Updating Geometry BVH common_kitchen_sink_01_tap_mesh 346/1029 | Building BVH
Fra:1 Mem:64.58M (Peak 103.49M) | Time:00:01.15 | Mem:5.90M, Peak:5.90M | Scene, ViewLayer | Updating Geometry BVH common_kitchen_dishwasher_02_panel_mesh 347/1029 | Building BVH
Fra:1 Mem:64.58M (Peak 103.49M) | Time:00:01.15 | Mem:5.92M, Peak:5.92M | Scene, ViewLayer | Updating Geometry BVH common_kitchen_dishwasher_02_pull_mesh 348/1029 | Building BVH
Fra:1 Mem:64.58M (Peak 103.49M) | Time:00:01.15 | Mem:5.92M, Peak:5.92M | Scene, ViewLayer | Updating Geometry BVH common_kitchen_kitchen_counter_01_top_mesh 350/1029 | Building BVH
Fra:1 Mem:64.58M (Peak 103.49M) | Time:00:01.15 | Mem:5.93M, Peak:5.94M | Scene, ViewLayer | Updating Geometry BVH common_kitchen_kitchen_counter_01_drw_f0_mesh 351/1029 | Building BVH
Fra:1 Mem:64.58M (Peak 103.49M) | Time:00:01.15 | Mem:5.95M, Peak:5.95M | Scene, ViewLayer | Updating Geometry BVH common_kitchen_kitchen_counter_01_drw_p0_mesh 352/1029 | Building BVH
Fra:1 Mem:64.58M (Peak 103.49M) | Time:00:01.15 | Mem:5.96M, Peak:5.96M | Scene, ViewLayer | Updating Geometry BVH common_kitchen_kitchen_counter_01_drw_f1_mesh 353/1029 | Building BVH
Fra:1 Mem:64.58M (Peak 103.49M) | Time:00:01.15 | Mem:5.99M, Peak:5.99M | Scene, ViewLayer | Updating Geometry BVH common_kitchen_kitchen_counter_01_drw_p1_mesh 354/1029 | Building BVH
Fra:1 Mem:64.58M (Peak 103.49M) | Time:00:01.15 | Mem:5.99M, Peak:5.99M | Scene, ViewLayer | Updating Geometry BVH common_kitchen_kitchen_counter_01_drw_p2_mesh 356/1029 | Building BVH
Fra:1 Mem:64.58M (Peak 103.49M) | Time:00:01.15 | Mem:6.02M, Peak:6.02M | Scene, ViewLayer | Updating Geometry BVH common_kitchen_kitchen_counter_01_drw_f3_mesh 357/1029 | Building BVH
Fra:1 Mem:64.58M (Peak 103.49M) | Time:00:01.15 | Mem:6.03M, Peak:6.03M | Scene, ViewLayer | Updating Geometry BVH common_kitchen_kitchen_counter_01_drw_p3_mesh 358/1029 | Building BVH
Fra:1 Mem:64.58M (Peak 103.49M) | Time:00:01.15 | Mem:6.03M, Peak:6.03M | Scene, ViewLayer | Updating Geometry BVH common_kitchen_kitchen_counter_01_drw_f4_mesh 359/1029 | Building BVH
Fra:1 Mem:64.58M (Peak 103.49M) | Time:00:01.15 | Mem:6.08M, Peak:6.09M | Scene, ViewLayer | Updating Geometry BVH common_kitchen_kitchen_counter_01_drw_p4_mesh 360/1029 | Building BVH
Fra:1 Mem:64.58M (Peak 103.49M) | Time:00:01.15 | Mem:6.08M, Peak:6.09M | Scene, ViewLayer | Updating Geometry BVH common_kitchen_hob_01_glass_mesh 361/1029 | Building BVH
Fra:1 Mem:64.58M (Peak 103.49M) | Time:00:01.15 | Mem:6.08M, Peak:6.09M | Scene, ViewLayer | Updating Geometry BVH common_kitchen_hob_01_burner0_mesh 362/1029 | Building BVH
Fra:1 Mem:64.58M (Peak 103.49M) | Time:00:01.15 | Mem:6.08M, Peak:6.09M | Scene, ViewLayer | Updating Geometry BVH common_kitchen_hob_01_burner1_mesh 363/1029 | Building BVH
Fra:1 Mem:64.58M (Peak 103.49M) | Time:00:01.15 | Mem:6.09M, Peak:6.09M | Scene, ViewLayer | Updating Geometry BVH common_kitchen_range_hood_01_topbox_mesh 364/1029 | Building BVH
Fra:1 Mem:64.58M (Peak 103.49M) | Time:00:01.15 | Mem:6.09M, Peak:6.09M | Scene, ViewLayer | Updating Geometry BVH A_living_dining_balcony_floor_lamp_01_pole_mesh 1012/1029 | Building BVH
Fra:1 Mem:64.58M (Peak 103.49M) | Time:00:01.15 | Mem:6.11M, Peak:6.11M | Scene, ViewLayer | Updating Geometry BVH common_kitchen_range_hood_01_slant_mesh 365/1029 | Building BVH
Fra:1 Mem:64.58M (Peak 103.49M) | Time:00:01.15 | Mem:6.16M, Peak:6.16M | Scene, ViewLayer | Updating Geometry BVH common_kitchen_cabinet_01_body_mesh 366/1029 | Building BVH
Fra:1 Mem:64.58M (Peak 103.49M) | Time:00:01.15 | Mem:6.15M, Peak:6.16M | Scene, ViewLayer | Updating Geometry BVH common_kitchen_cabinet_01_door_f0_mesh 367/1029 | Building BVH
Fra:1 Mem:64.58M (Peak 103.49M) | Time:00:01.15 | Mem:6.15M, Peak:6.16M | Scene, ViewLayer | Updating Geometry BVH common_kitchen_cabinet_01_door_p0_mesh 368/1029 | Building BVH
Fra:1 Mem:64.58M (Peak 103.49M) | Time:00:01.15 | Mem:6.15M, Peak:6.16M | Scene, ViewLayer | Updating Geometry BVH common_kitchen_cabinet_01_door_f1_mesh 369/1029 | Building BVH
Fra:1 Mem:64.58M (Peak 103.49M) | Time:00:01.15 | Mem:6.16M, Peak:6.16M | Scene, ViewLayer | Updating Geometry BVH common_kitchen_cabinet_01_door_p1_mesh 370/1029 | Building BVH
Fra:1 Mem:64.58M (Peak 103.49M) | Time:00:01.15 | Mem:6.16M, Peak:6.16M | Scene, ViewLayer | Updating Geometry BVH common_kitchen_cabinet_01_door_f2_mesh 371/1029 | Building BVH
Fra:1 Mem:64.58M (Peak 103.49M) | Time:00:01.15 | Mem:6.24M, Peak:6.24M | Scene, ViewLayer | Updating Geometry BVH common_kitchen_cabinet_01_door_p2_mesh 372/1029 | Building BVH
Fra:1 Mem:64.58M (Peak 103.49M) | Time:00:01.15 | Mem:6.23M, Peak:6.24M | Scene, ViewLayer | Updating Geometry BVH common_kitchen_cabinet_02_body_mesh 373/1029 | Building BVH
Fra:1 Mem:64.58M (Peak 103.49M) | Time:00:01.15 | Mem:6.24M, Peak:6.24M | Scene, ViewLayer | Updating Geometry BVH common_kitchen_cabinet_02_door_f0_mesh 374/1029 | Building BVH
Fra:1 Mem:64.58M (Peak 103.49M) | Time:00:01.15 | Mem:6.25M, Peak:6.25M | Scene, ViewLayer | Updating Geometry BVH common_kitchen_cabinet_02_door_p0_mesh 375/1029 | Building BVH
Fra:1 Mem:64.58M (Peak 103.49M) | Time:00:01.15 | Mem:6.26M, Peak:6.26M | Scene, ViewLayer | Updating Geometry BVH common_kitchen_cabinet_02_door_f1_mesh 376/1029 | Building BVH
Fra:1 Mem:64.58M (Peak 103.49M) | Time:00:01.15 | Mem:6.26M, Peak:6.26M | Scene, ViewLayer | Updating Geometry BVH common_kitchen_cabinet_02_door_p1_mesh 377/1029 | Building BVH
Fra:1 Mem:64.58M (Peak 103.49M) | Time:00:01.15 | Mem:6.26M, Peak:6.26M | Scene, ViewLayer | Updating Geometry BVH common_kitchen_cabinet_02_door_f2_mesh 378/1029 | Building BVH
Fra:1 Mem:64.58M (Peak 103.49M) | Time:00:01.15 | Mem:6.26M, Peak:6.26M | Scene, ViewLayer | Updating Geometry BVH A_living_dining_balcony_tv_01_screen_mesh 1011/1029 | Building BVH
Fra:1 Mem:64.58M (Peak 103.49M) | Time:00:01.15 | Mem:6.28M, Peak:6.28M | Scene, ViewLayer | Updating Geometry BVH common_kitchen_cabinet_02_door_p2_mesh 379/1029 | Building BVH
Fra:1 Mem:64.58M (Peak 103.49M) | Time:00:01.15 | Mem:6.31M, Peak:6.31M | Scene, ViewLayer | Updating Geometry BVH common_kitchen_glass_sliding_door_01_glass_mesh 380/1029 | Building BVH
Fra:1 Mem:64.58M (Peak 103.49M) | Time:00:01.15 | Mem:6.33M, Peak:6.34M | Scene, ViewLayer | Updating Geometry BVH common_kitchen_glass_sliding_door_01_stL_mesh 381/1029 | Building BVH
Fra:1 Mem:64.58M (Peak 103.49M) | Time:00:01.15 | Mem:6.33M, Peak:6.34M | Scene, ViewLayer | Updating Geometry BVH common_kitchen_glass_sliding_door_01_stR_mesh 382/1029 | Building BVH
Fra:1 Mem:64.58M (Peak 103.49M) | Time:00:01.15 | Mem:6.35M, Peak:6.35M | Scene, ViewLayer | Updating Geometry BVH common_kitchen_glass_sliding_door_01_stT_mesh 383/1029 | Building BVH
Fra:1 Mem:64.58M (Peak 103.49M) | Time:00:01.15 | Mem:6.36M, Peak:6.37M | Scene, ViewLayer | Updating Geometry BVH common_kitchen_glass_sliding_door_01_stB_mesh 384/1029 | Building BVH
Fra:1 Mem:64.58M (Peak 103.49M) | Time:00:01.15 | Mem:6.36M, Peak:6.37M | Scene, ViewLayer | Updating Geometry BVH common_living_dining_balcony_glass_sliding_door_01_glass_mesh 385/1029 | Building BVH
Fra:1 Mem:64.58M (Peak 103.49M) | Time:00:01.15 | Mem:6.38M, Peak:6.38M | Scene, ViewLayer | Updating Geometry BVH common_living_dining_balcony_glass_sliding_door_01_stL_mesh 386/1029 | Building BVH
Fra:1 Mem:64.58M (Peak 103.49M) | Time:00:01.15 | Mem:6.38M, Peak:6.38M | Scene, ViewLayer | Updating Geometry BVH common_living_dining_balcony_glass_sliding_door_01_stR_mesh 387/1029 | Building BVH
Fra:1 Mem:64.58M (Peak 103.49M) | Time:00:01.15 | Mem:6.38M, Peak:6.38M | Scene, ViewLayer | Updating Geometry BVH common_living_dining_balcony_glass_sliding_door_01_stT_mesh 388/1029 | Building BVH
Fra:1 Mem:64.58M (Peak 103.49M) | Time:00:01.15 | Mem:6.41M, Peak:6.41M | Scene, ViewLayer | Updating Geometry BVH common_living_dining_balcony_glass_sliding_door_01_stB_mesh 389/1029 | Building BVH
Fra:1 Mem:64.58M (Peak 103.49M) | Time:00:01.15 | Mem:6.41M, Peak:6.41M | Scene, ViewLayer | Updating Geometry BVH common_living_dining_balcony_glass_sliding_door_02_glass_mesh 390/1029 | Building BVH
Fra:1 Mem:64.58M (Peak 103.49M) | Time:00:01.15 | Mem:6.41M, Peak:6.41M | Scene, ViewLayer | Updating Geometry BVH common_living_dining_balcony_glass_sliding_door_02_stL_mesh 391/1029 | Building BVH
Fra:1 Mem:64.58M (Peak 103.49M) | Time:00:01.15 | Mem:6.41M, Peak:6.41M | Scene, ViewLayer | Updating Geometry BVH common_living_dining_balcony_glass_sliding_door_02_stR_mesh 392/1029 | Building BVH
Fra:1 Mem:64.58M (Peak 103.49M) | Time:00:01.15 | Mem:6.45M, Peak:6.45M | Scene, ViewLayer | Updating Geometry BVH common_living_dining_balcony_glass_sliding_door_02_stT_mesh 393/1029 | Building BVH
Fra:1 Mem:64.58M (Peak 103.49M) | Time:00:01.15 | Mem:6.45M, Peak:6.45M | Scene, ViewLayer | Updating Geometry BVH common_living_dining_balcony_glass_sliding_door_02_stB_mesh 394/1029 | Building BVH
Fra:1 Mem:64.58M (Peak 103.49M) | Time:00:01.15 | Mem:6.45M, Peak:6.45M | Scene, ViewLayer | Updating Geometry BVH common_kitchen_glass_sliding_door_02_glass_mesh 395/1029 | Building BVH
Fra:1 Mem:64.58M (Peak 103.49M) | Time:00:01.15 | Mem:6.45M, Peak:6.45M | Scene, ViewLayer | Updating Geometry BVH common_kitchen_glass_sliding_door_02_stL_mesh 396/1029 | Building BVH
Fra:1 Mem:64.58M (Peak 103.49M) | Time:00:01.15 | Mem:6.48M, Peak:6.48M | Scene, ViewLayer | Updating Geometry BVH common_kitchen_glass_sliding_door_02_stR_mesh 397/1029 | Building BVH
Fra:1 Mem:64.58M (Peak 103.49M) | Time:00:01.15 | Mem:6.49M, Peak:6.49M | Scene, ViewLayer | Updating Geometry BVH common_kitchen_glass_sliding_door_02_stT_mesh 398/1029 | Building BVH
Fra:1 Mem:64.58M (Peak 103.49M) | Time:00:01.15 | Mem:6.50M, Peak:6.50M | Scene, ViewLayer | Updating Geometry BVH common_kitchen_glass_sliding_door_02_stB_mesh 399/1029 | Building BVH
Fra:1 Mem:64.58M (Peak 103.49M) | Time:00:01.15 | Mem:6.51M, Peak:6.51M | Scene, ViewLayer | Updating Geometry BVH common_living_dining_balcony_fridge_01_body_mesh 400/1029 | Building BVH
Fra:1 Mem:64.58M (Peak 103.49M) | Time:00:01.15 | Mem:6.51M, Peak:6.51M | Scene, ViewLayer | Updating Geometry BVH common_living_dining_balcony_fridge_01_seamH_mesh 401/1029 | Building BVH
Fra:1 Mem:64.58M (Peak 103.49M) | Time:00:01.15 | Mem:6.52M, Peak:6.52M | Scene, ViewLayer | Updating Geometry BVH common_living_dining_balcony_fridge_01_seamV_mesh 402/1029 | Building BVH
Fra:1 Mem:64.58M (Peak 103.49M) | Time:00:01.15 | Mem:6.53M, Peak:6.53M | Scene, ViewLayer | Updating Geometry BVH common_living_dining_balcony_fridge_01_pullU_mesh 404/1029 | Building BVH
Fra:1 Mem:64.58M (Peak 103.49M) | Time:00:01.15 | Mem:6.53M, Peak:6.53M | Scene, ViewLayer | Updating Geometry BVH common_living_dining_balcony_cabinet_01_body_mesh 405/1029 | Building BVH
Fra:1 Mem:64.58M (Peak 103.49M) | Time:00:01.15 | Mem:6.53M, Peak:6.53M | Scene, ViewLayer | Updating Geometry BVH common_living_dining_balcony_cabinet_01_door_f0_mesh 406/1029 | Building BVH
Fra:1 Mem:64.58M (Peak 103.49M) | Time:00:01.15 | Mem:6.53M, Peak:6.53M | Scene, ViewLayer | Updating Geometry BVH common_living_dining_balcony_cabinet_01_door_p0_mesh 407/1029 | Building BVH
Fra:1 Mem:64.58M (Peak 103.49M) | Time:00:01.15 | Mem:6.57M, Peak:6.57M | Scene, ViewLayer | Updating Geometry BVH common_living_dining_balcony_cabinet_01_door_f1_mesh 408/1029 | Building BVH
Fra:1 Mem:64.58M (Peak 103.49M) | Time:00:01.15 | Mem:6.59M, Peak:6.59M | Scene, ViewLayer | Updating Geometry BVH common_living_dining_balcony_cabinet_01_door_p1_mesh 409/1029 | Building BVH
Fra:1 Mem:64.58M (Peak 103.49M) | Time:00:01.15 | Mem:6.61M, Peak:6.61M | Scene, ViewLayer | Updating Geometry BVH common_foyer_cabinet_01_body_mesh 410/1029 | Building BVH
Fra:1 Mem:64.58M (Peak 103.49M) | Time:00:01.15 | Mem:6.64M, Peak:6.64M | Scene, ViewLayer | Updating Geometry BVH common_foyer_cabinet_01_door_f0_mesh 411/1029 | Building BVH
Fra:1 Mem:64.58M (Peak 103.49M) | Time:00:01.15 | Mem:6.64M, Peak:6.64M | Scene, ViewLayer | Updating Geometry BVH common_foyer_cabinet_01_door_f1_mesh 413/1029 | Building BVH
Fra:1 Mem:64.58M (Peak 103.49M) | Time:00:01.15 | Mem:6.67M, Peak:6.68M | Scene, ViewLayer | Updating Geometry BVH common_foyer_cabinet_01_door_p1_mesh 414/1029 | Building BVH
Fra:1 Mem:64.58M (Peak 103.49M) | Time:00:01.15 | Mem:6.67M, Peak:6.68M | Scene, ViewLayer | Updating Geometry BVH common_foyer_cabinet_01_door_f2_mesh 415/1029 | Building BVH
Fra:1 Mem:64.58M (Peak 103.49M) | Time:00:01.15 | Mem:6.68M, Peak:6.68M | Scene, ViewLayer | Updating Geometry BVH A_living_dining_balcony_rug_01_border3_mesh 1010/1029 | Building BVH
Fra:1 Mem:64.58M (Peak 103.49M) | Time:00:01.15 | Mem:6.69M, Peak:6.69M | Scene, ViewLayer | Updating Geometry BVH common_foyer_cabinet_01_door_p2_mesh 416/1029 | Building BVH
Fra:1 Mem:64.58M (Peak 103.49M) | Time:00:01.15 | Mem:6.70M, Peak:6.70M | Scene, ViewLayer | Updating Geometry BVH common_foyer_open_niche_01_back_mesh 417/1029 | Building BVH
Fra:1 Mem:64.58M (Peak 103.49M) | Time:00:01.15 | Mem:6.71M, Peak:6.71M | Scene, ViewLayer | Updating Geometry BVH common_foyer_open_niche_01_top_mesh 420/1029 | Building BVH
Fra:1 Mem:64.58M (Peak 103.49M) | Time:00:01.15 | Mem:6.72M, Peak:6.72M | Scene, ViewLayer | Updating Geometry BVH common_foyer_open_niche_01_bottom_mesh 421/1029 | Building BVH
Fra:1 Mem:64.58M (Peak 103.49M) | Time:00:01.15 | Mem:6.72M, Peak:6.72M | Scene, ViewLayer | Updating Geometry BVH common_foyer_open_niche_01_sh0_mesh 422/1029 | Building BVH
Fra:1 Mem:64.58M (Peak 103.49M) | Time:00:01.15 | Mem:6.72M, Peak:6.72M | Scene, ViewLayer | Updating Geometry BVH common_foyer_cabinet_02_body_mesh 423/1029 | Building BVH
Fra:1 Mem:64.58M (Peak 103.49M) | Time:00:01.15 | Mem:6.75M, Peak:6.75M | Scene, ViewLayer | Updating Geometry BVH common_foyer_cabinet_02_door_f0_mesh 424/1029 | Building BVH
Fra:1 Mem:64.58M (Peak 103.49M) | Time:00:01.15 | Mem:6.79M, Peak:6.79M | Scene, ViewLayer | Updating Geometry BVH common_foyer_cabinet_02_door_p0_mesh 425/1029 | Building BVH
Fra:1 Mem:64.58M (Peak 103.49M) | Time:00:01.15 | Mem:6.80M, Peak:6.80M | Scene, ViewLayer | Updating Geometry BVH common_foyer_cabinet_02_door_f1_mesh 426/1029 | Building BVH
Fra:1 Mem:64.58M (Peak 103.49M) | Time:00:01.15 | Mem:6.80M, Peak:6.80M | Scene, ViewLayer | Updating Geometry BVH common_foyer_cabinet_02_door_p1_mesh 427/1029 | Building BVH
Fra:1 Mem:64.58M (Peak 103.49M) | Time:00:01.15 | Mem:6.80M, Peak:6.80M | Scene, ViewLayer | Updating Geometry BVH common_foyer_mirror_door_01_mirror_mesh 430/1029 | Building BVH
Fra:1 Mem:64.58M (Peak 103.49M) | Time:00:01.15 | Mem:6.87M, Peak:6.87M | Scene, ViewLayer | Updating Geometry BVH common_foyer_mirror_door_01_fr0_mesh 431/1029 | Building BVH
Fra:1 Mem:64.58M (Peak 103.49M) | Time:00:01.15 | Mem:6.87M, Peak:6.87M | Scene, ViewLayer | Updating Geometry BVH common_foyer_mirror_door_01_fr1_mesh 432/1029 | Building BVH
Fra:1 Mem:64.58M (Peak 103.49M) | Time:00:01.15 | Mem:6.87M, Peak:6.87M | Scene, ViewLayer | Updating Geometry BVH common_foyer_mirror_door_01_fr2_mesh 433/1029 | Building BVH
Fra:1 Mem:64.58M (Peak 103.49M) | Time:00:01.15 | Mem:6.87M, Peak:6.87M | Scene, ViewLayer | Updating Geometry BVH common_foyer_mirror_door_01_fr3_mesh 434/1029 | Building BVH
Fra:1 Mem:64.58M (Peak 103.49M) | Time:00:01.15 | Mem:6.89M, Peak:6.89M | Scene, ViewLayer | Updating Geometry BVH common_foyer_mirror_door_01_pull_mesh 435/1029 | Building BVH
Fra:1 Mem:64.58M (Peak 103.49M) | Time:00:01.15 | Mem:6.90M, Peak:6.90M | Scene, ViewLayer | Updating Geometry BVH common_elevator_hall_cabinet_01_body_mesh 436/1029 | Building BVH
Fra:1 Mem:64.58M (Peak 103.49M) | Time:00:01.15 | Mem:6.90M, Peak:6.90M | Scene, ViewLayer | Updating Geometry BVH common_elevator_hall_cabinet_01_door_f0_mesh 437/1029 | Building BVH
Fra:1 Mem:64.58M (Peak 103.49M) | Time:00:01.15 | Mem:6.90M, Peak:6.90M | Scene, ViewLayer | Updating Geometry BVH common_elevator_hall_cabinet_01_door_p0_mesh 438/1029 | Building BVH
Fra:1 Mem:64.58M (Peak 103.49M) | Time:00:01.15 | Mem:6.90M, Peak:6.90M | Scene, ViewLayer | Updating Geometry BVH common_living_dining_balcony_bookcase_01_body_mesh 439/1029 | Building BVH
Fra:1 Mem:64.58M (Peak 103.49M) | Time:00:01.15 | Mem:6.90M, Peak:6.90M | Scene, ViewLayer | Updating Geometry BVH common_living_dining_balcony_bookcase_01_drw_f0_mesh 440/1029 | Building BVH
Fra:1 Mem:64.58M (Peak 103.49M) | Time:00:01.15 | Mem:6.91M, Peak:6.91M | Scene, ViewLayer | Updating Geometry BVH common_living_dining_balcony_bookcase_01_drw_p0_mesh 441/1029 | Building BVH
Fra:1 Mem:64.58M (Peak 103.49M) | Time:00:01.15 | Mem:6.92M, Peak:6.92M | Scene, ViewLayer | Updating Geometry BVH common_living_dining_balcony_bookcase_01_drw_f1_mesh 442/1029 | Building BVH
Fra:1 Mem:64.58M (Peak 103.49M) | Time:00:01.15 | Mem:6.96M, Peak:6.96M | Scene, ViewLayer | Updating Geometry BVH A_living_dining_balcony_rug_01_border2_mesh 1009/1029 | Building BVH
Fra:1 Mem:64.58M (Peak 103.49M) | Time:00:01.15 | Mem:7.00M, Peak:7.00M | Scene, ViewLayer | Updating Geometry BVH common_living_dining_balcony_bookcase_01_drw_p1_mesh 443/1029 | Building BVH
Fra:1 Mem:64.58M (Peak 103.49M) | Time:00:01.15 | Mem:7.00M, Peak:7.00M | Scene, ViewLayer | Updating Geometry BVH common_living_dining_balcony_bookcase_01_drw_f2_mesh 444/1029 | Building BVH
Fra:1 Mem:64.58M (Peak 103.49M) | Time:00:01.15 | Mem:7.02M, Peak:7.02M | Scene, ViewLayer | Updating Geometry BVH common_living_dining_balcony_bookcase_01_drw_p2_mesh 445/1029 | Building BVH
Fra:1 Mem:64.58M (Peak 103.49M) | Time:00:01.15 | Mem:7.03M, Peak:7.03M | Scene, ViewLayer | Updating Geometry BVH common_living_dining_balcony_bookcase_01_drw_f3_mesh 446/1029 | Building BVH
Fra:1 Mem:64.58M (Peak 103.49M) | Time:00:01.15 | Mem:7.03M, Peak:7.03M | Scene, ViewLayer | Updating Geometry BVH common_living_dining_balcony_bookcase_01_drw_p3_mesh 447/1029 | Building BVH
Fra:1 Mem:64.58M (Peak 103.49M) | Time:00:01.15 | Mem:7.04M, Peak:7.04M | Scene, ViewLayer | Updating Geometry BVH common_living_dining_balcony_bookcase_02_body_mesh 448/1029 | Building BVH
Fra:1 Mem:64.58M (Peak 103.49M) | Time:00:01.15 | Mem:7.05M, Peak:7.05M | Scene, ViewLayer | Updating Geometry BVH common_living_dining_balcony_bookcase_02_doorS_f0_mesh 449/1029 | Building BVH
Fra:1 Mem:64.58M (Peak 103.49M) | Time:00:01.15 | Mem:7.07M, Peak:7.07M | Scene, ViewLayer | Updating Geometry BVH common_living_dining_balcony_bookcase_02_doorS_p0_mesh 450/1029 | Building BVH
Fra:1 Mem:64.58M (Peak 103.49M) | Time:00:01.15 | Mem:7.09M, Peak:7.09M | Scene, ViewLayer | Updating Geometry BVH common_living_dining_balcony_bookcase_02_niceline_mesh 451/1029 | Building BVH
Fra:1 Mem:64.58M (Peak 103.49M) | Time:00:01.15 | Mem:7.09M, Peak:7.10M | Scene, ViewLayer | Updating Geometry BVH common_living_dining_balcony_bookcase_02_nsh0_mesh 452/1029 | Building BVH
Fra:1 Mem:64.58M (Peak 103.49M) | Time:00:01.15 | Mem:7.09M, Peak:7.10M | Scene, ViewLayer | Updating Geometry BVH common_living_dining_balcony_bookcase_02_nsh1_mesh 453/1029 | Building BVH
Fra:1 Mem:64.58M (Peak 103.49M) | Time:00:01.15 | Mem:7.10M, Peak:7.10M | Scene, ViewLayer | Updating Geometry BVH common_living_dining_balcony_bookcase_02_nsh2_mesh 454/1029 | Building BVH
Fra:1 Mem:64.58M (Peak 103.49M) | Time:00:01.15 | Mem:7.10M, Peak:7.10M | Scene, ViewLayer | Updating Geometry BVH common_living_dining_balcony_bookcase_02_nsh3_mesh 455/1029 | Building BVH
Fra:1 Mem:64.58M (Peak 103.49M) | Time:00:01.15 | Mem:7.10M, Peak:7.10M | Scene, ViewLayer | Updating Geometry BVH common_living_dining_balcony_bookcase_02_doorN_f0_mesh 456/1029 | Building BVH
Fra:1 Mem:64.58M (Peak 103.49M) | Time:00:01.15 | Mem:7.11M, Peak:7.11M | Scene, ViewLayer | Updating Geometry BVH common_living_dining_balcony_laundry_cabinet_01_body_mesh 457/1029 | Building BVH
Fra:1 Mem:64.58M (Peak 103.49M) | Time:00:01.15 | Mem:7.14M, Peak:7.14M | Scene, ViewLayer | Updating Geometry BVH common_living_dining_balcony_laundry_cabinet_01_door_f0_mesh 458/1029 | Building BVH
Fra:1 Mem:64.58M (Peak 103.49M) | Time:00:01.15 | Mem:7.16M, Peak:7.16M | Scene, ViewLayer | Updating Geometry BVH common_living_dining_balcony_laundry_cabinet_01_door_p0_mesh 459/1029 | Building BVH
Fra:1 Mem:64.58M (Peak 103.49M) | Time:00:01.15 | Mem:7.17M, Peak:7.17M | Scene, ViewLayer | Updating Geometry BVH common_living_dining_balcony_laundry_cabinet_01_door_f1_mesh 460/1029 | Building BVH
Fra:1 Mem:64.58M (Peak 103.49M) | Time:00:01.15 | Mem:7.17M, Peak:7.17M | Scene, ViewLayer | Updating Geometry BVH common_living_dining_balcony_laundry_cabinet_01_door_p1_mesh 461/1029 | Building BVH
Fra:1 Mem:64.58M (Peak 103.49M) | Time:00:01.16 | Mem:7.21M, Peak:7.22M | Scene, ViewLayer | Updating Geometry BVH common_master_bedroom_open_niche_01_back_mesh 462/1029 | Building BVH
Fra:1 Mem:64.58M (Peak 103.49M) | Time:00:01.16 | Mem:7.21M, Peak:7.22M | Scene, ViewLayer | Updating Geometry BVH common_master_bedroom_open_niche_01_cheek0_mesh 463/1029 | Building BVH
Fra:1 Mem:64.58M (Peak 103.49M) | Time:00:01.16 | Mem:7.21M, Peak:7.22M | Scene, ViewLayer | Updating Geometry BVH common_master_bedroom_open_niche_01_cheek1_mesh 464/1029 | Building BVH
Fra:1 Mem:64.58M (Peak 103.49M) | Time:00:01.16 | Mem:7.21M, Peak:7.22M | Scene, ViewLayer | Updating Geometry BVH common_master_bedroom_open_niche_01_top_mesh 465/1029 | Building BVH
Fra:1 Mem:64.58M (Peak 103.49M) | Time:00:01.16 | Mem:7.22M, Peak:7.22M | Scene, ViewLayer | Updating Geometry BVH common_master_bedroom_open_niche_01_bottom_mesh 466/1029 | Building BVH
Fra:1 Mem:64.58M (Peak 103.49M) | Time:00:01.16 | Mem:7.24M, Peak:7.24M | Scene, ViewLayer | Updating Geometry BVH common_master_bedroom_open_niche_01_sh0_mesh 467/1029 | Building BVH
Fra:1 Mem:64.58M (Peak 103.49M) | Time:00:01.16 | Mem:7.25M, Peak:7.25M | Scene, ViewLayer | Updating Geometry BVH common_master_bedroom_open_niche_01_sh1_mesh 468/1029 | Building BVH
Fra:1 Mem:64.58M (Peak 103.49M) | Time:00:01.16 | Mem:7.27M, Peak:7.28M | Scene, ViewLayer | Updating Geometry BVH common_master_bedroom_open_niche_01_sh2_mesh 469/1029 | Building BVH
Fra:1 Mem:64.58M (Peak 103.49M) | Time:00:01.16 | Mem:7.27M, Peak:7.28M | Scene, ViewLayer | Updating Geometry BVH common_master_bath_vanity_01_cab_mesh 470/1029 | Building BVH
Fra:1 Mem:64.58M (Peak 103.49M) | Time:00:01.16 | Mem:7.29M, Peak:7.29M | Scene, ViewLayer | Updating Geometry BVH A_living_dining_balcony_rug_01_border1_mesh 1008/1029 | Building BVH
Fra:1 Mem:64.58M (Peak 103.49M) | Time:00:01.16 | Mem:7.29M, Peak:7.29M | Scene, ViewLayer | Updating Geometry BVH common_master_bath_vanity_01_top_mesh 471/1029 | Building BVH
Fra:1 Mem:64.58M (Peak 103.49M) | Time:00:01.16 | Mem:7.32M, Peak:7.32M | Scene, ViewLayer | Updating Geometry BVH common_master_bath_vanity_01_drw_p0_mesh 473/1029 | Building BVH
Fra:1 Mem:64.58M (Peak 103.49M) | Time:00:01.16 | Mem:7.32M, Peak:7.32M | Scene, ViewLayer | Updating Geometry BVH common_master_bath_vanity_01_drw_f0_mesh 472/1029 | Building BVH
Fra:1 Mem:64.58M (Peak 103.49M) | Time:00:01.16 | Mem:7.32M, Peak:7.32M | Scene, ViewLayer | Updating Geometry BVH common_master_bath_vanity_01_drw_f1_mesh 474/1029 | Building BVH
Fra:1 Mem:64.58M (Peak 103.49M) | Time:00:01.16 | Mem:7.35M, Peak:7.35M | Scene, ViewLayer | Updating Geometry BVH common_master_bath_vanity_01_drw_p1_mesh 475/1029 | Building BVH
Fra:1 Mem:64.58M (Peak 103.49M) | Time:00:01.16 | Mem:7.35M, Peak:7.35M | Scene, ViewLayer | Updating Geometry BVH common_master_bath_vanity_01_basin_mesh 476/1029 | Building BVH
Fra:1 Mem:64.58M (Peak 103.49M) | Time:00:01.16 | Mem:7.36M, Peak:7.36M | Scene, ViewLayer | Updating Geometry BVH common_master_bath_mirror_cabinet_01_body_mesh 477/1029 | Building BVH
Fra:1 Mem:64.58M (Peak 103.49M) | Time:00:01.16 | Mem:7.37M, Peak:7.37M | Scene, ViewLayer | Updating Geometry BVH common_master_bath_toilet_01_base_mesh 479/1029 | Building BVH
Fra:1 Mem:64.58M (Peak 103.49M) | Time:00:01.16 | Mem:7.37M, Peak:7.37M | Scene, ViewLayer | Updating Geometry BVH common_master_bath_toilet_01_seat_mesh 480/1029 | Building BVH
Fra:1 Mem:64.58M (Peak 103.49M) | Time:00:01.16 | Mem:7.39M, Peak:7.39M | Scene, ViewLayer | Updating Geometry BVH common_master_bath_toilet_01_tank_mesh 481/1029 | Building BVH
Fra:1 Mem:64.58M (Peak 103.49M) | Time:00:01.16 | Mem:7.40M, Peak:7.40M | Scene, ViewLayer | Updating Geometry BVH common_master_bath_glass_partition_01_fr0_mesh 482/1029 | Building BVH
Fra:1 Mem:64.58M (Peak 103.49M) | Time:00:01.16 | Mem:7.40M, Peak:7.40M | Scene, ViewLayer | Updating Geometry BVH common_master_bath_glass_partition_01_fr1_mesh 483/1029 | Building BVH
Fra:1 Mem:64.58M (Peak 103.49M) | Time:00:01.16 | Mem:7.41M, Peak:7.41M | Scene, ViewLayer | Updating Geometry BVH common_master_bath_glass_partition_01_fr2_mesh 484/1029 | Building BVH
Fra:1 Mem:64.58M (Peak 103.49M) | Time:00:01.16 | Mem:7.43M, Peak:7.43M | Scene, ViewLayer | Updating Geometry BVH common_master_bath_glass_partition_01_fr3_mesh 485/1029 | Building BVH
Fra:1 Mem:64.58M (Peak 103.49M) | Time:00:01.16 | Mem:7.45M, Peak:7.46M | Scene, ViewLayer | Updating Geometry BVH common_master_bath_glass_partition_01_fr4_mesh 486/1029 | Building BVH
Fra:1 Mem:64.58M (Peak 103.49M) | Time:00:01.16 | Mem:7.49M, Peak:7.49M | Scene, ViewLayer | Updating Geometry BVH common_master_bath_shower_floor_01_pan_mesh 487/1029 | Building BVH
Fra:1 Mem:64.58M (Peak 103.49M) | Time:00:01.16 | Mem:7.50M, Peak:7.50M | Scene, ViewLayer | Updating Geometry BVH common_master_bath_shower_floor_01_drain_mesh 488/1029 | Building BVH
Fra:1 Mem:64.58M (Peak 103.49M) | Time:00:01.16 | Mem:7.51M, Peak:7.51M | Scene, ViewLayer | Updating Geometry BVH common_corridor_vanity_01_cab_mesh 489/1029 | Building BVH
Fra:1 Mem:64.58M (Peak 103.49M) | Time:00:01.16 | Mem:7.50M, Peak:7.51M | Scene, ViewLayer | Updating Geometry BVH common_corridor_vanity_01_top_mesh 490/1029 | Building BVH
Fra:1 Mem:64.58M (Peak 103.49M) | Time:00:01.16 | Mem:7.50M, Peak:7.51M | Scene, ViewLayer | Updating Geometry BVH common_corridor_vanity_01_drw_f0_mesh 491/1029 | Building BVH
Fra:1 Mem:64.58M (Peak 103.49M) | Time:00:01.16 | Mem:7.53M, Peak:7.53M | Scene, ViewLayer | Updating Geometry BVH common_corridor_vanity_01_drw_p0_mesh 492/1029 | Building BVH
Fra:1 Mem:64.58M (Peak 103.49M) | Time:00:01.16 | Mem:7.56M, Peak:7.57M | Scene, ViewLayer | Updating Geometry BVH common_corridor_vanity_01_drw_f1_mesh 493/1029 | Building BVH
Fra:1 Mem:64.58M (Peak 103.49M) | Time:00:01.16 | Mem:7.56M, Peak:7.57M | Scene, ViewLayer | Updating Geometry BVH common_corridor_vanity_01_drw_f2_mesh 495/1029 | Building BVH
Fra:1 Mem:64.58M (Peak 103.49M) | Time:00:01.16 | Mem:7.56M, Peak:7.57M | Scene, ViewLayer | Updating Geometry BVH common_corridor_vanity_01_drw_p1_mesh 494/1029 | Building BVH
Fra:1 Mem:64.58M (Peak 103.49M) | Time:00:01.16 | Mem:7.57M, Peak:7.57M | Scene, ViewLayer | Updating Geometry BVH common_corridor_vanity_01_drw_p2_mesh 496/1029 | Building BVH
Fra:1 Mem:64.58M (Peak 103.49M) | Time:00:01.16 | Mem:7.58M, Peak:7.58M | Scene, ViewLayer | Updating Geometry BVH common_corridor_vanity_01_basin0_mesh 497/1029 | Building BVH
Fra:1 Mem:64.58M (Peak 103.49M) | Time:00:01.16 | Mem:7.58M, Peak:7.58M | Scene, ViewLayer | Updating Geometry BVH A_living_dining_balcony_rug_01_border0_mesh 1007/1029 | Building BVH
Fra:1 Mem:64.58M (Peak 103.49M) | Time:00:01.16 | Mem:7.61M, Peak:7.61M | Scene, ViewLayer | Updating Geometry BVH common_corridor_vanity_01_basin1_mesh 498/1029 | Building BVH
Fra:1 Mem:64.58M (Peak 103.49M) | Time:00:01.16 | Mem:7.61M, Peak:7.62M | Scene, ViewLayer | Updating Geometry BVH common_corridor_mirror_cabinet_01_body_mesh 499/1029 | Building BVH
Fra:1 Mem:64.58M (Peak 103.49M) | Time:00:01.16 | Mem:7.62M, Peak:7.62M | Scene, ViewLayer | Updating Geometry BVH common_corridor_mirror_cabinet_01_mir_f0_mesh 500/1029 | Building BVH
Fra:1 Mem:64.58M (Peak 103.49M) | Time:00:01.16 | Mem:7.62M, Peak:7.62M | Scene, ViewLayer | Updating Geometry BVH common_corridor_mirror_cabinet_01_mir_f1_mesh 501/1029 | Building BVH
Fra:1 Mem:64.58M (Peak 103.49M) | Time:00:01.16 | Mem:7.62M, Peak:7.62M | Scene, ViewLayer | Updating Geometry BVH common_public_bath_wet_shower_floor_01_drain_mesh 503/1029 | Building BVH
Fra:1 Mem:64.58M (Peak 103.49M) | Time:00:01.16 | Mem:7.62M, Peak:7.62M | Scene, ViewLayer | Updating Geometry BVH common_public_bath_wet_glass_partition_01_fr0_mesh 504/1029 | Building BVH
Fra:1 Mem:64.58M (Peak 103.49M) | Time:00:01.16 | Mem:7.62M, Peak:7.62M | Scene, ViewLayer | Updating Geometry BVH common_public_bath_wet_glass_partition_01_fr2_mesh 506/1029 | Building BVH
Fra:1 Mem:64.58M (Peak 103.49M) | Time:00:01.16 | Mem:7.62M, Peak:7.62M | Scene, ViewLayer | Updating Geometry BVH common_public_bath_wet_glass_partition_01_fr1_mesh 505/1029 | Building BVH
Fra:1 Mem:64.58M (Peak 103.49M) | Time:00:01.16 | Mem:7.67M, Peak:7.67M | Scene, ViewLayer | Updating Geometry BVH common_public_bath_wet_glass_partition_01_fr3_mesh 507/1029 | Building BVH
Fra:1 Mem:64.58M (Peak 103.49M) | Time:00:01.16 | Mem:7.73M, Peak:7.73M | Scene, ViewLayer | Updating Geometry BVH common_public_bath_wet_glass_partition_01_fr4_mesh 508/1029 | Building BVH
Fra:1 Mem:64.58M (Peak 103.49M) | Time:00:01.16 | Mem:7.73M, Peak:7.73M | Scene, ViewLayer | Updating Geometry BVH common_public_bath_wet_toilet_01_base_mesh 509/1029 | Building BVH
Fra:1 Mem:64.58M (Peak 103.49M) | Time:00:01.16 | Mem:7.73M, Peak:7.73M | Scene, ViewLayer | Updating Geometry BVH common_public_bath_wet_toilet_01_seat_mesh 510/1029 | Building BVH
Fra:1 Mem:64.58M (Peak 103.49M) | Time:00:01.16 | Mem:7.75M, Peak:7.75M | Scene, ViewLayer | Updating Geometry BVH common_public_bath_wet_toilet_01_tank_mesh 511/1029 | Building BVH
Fra:1 Mem:64.58M (Peak 103.49M) | Time:00:01.16 | Mem:7.76M, Peak:7.76M | Scene, ViewLayer | Updating Geometry BVH common_master_bedroom_screen_01_slat00_mesh 512/1029 | Building BVH
Fra:1 Mem:64.58M (Peak 103.49M) | Time:00:01.16 | Mem:7.77M, Peak:7.77M | Scene, ViewLayer | Updating Geometry BVH common_master_bedroom_screen_01_slat01_mesh 513/1029 | Building BVH
Fra:1 Mem:64.58M (Peak 103.49M) | Time:00:01.16 | Mem:7.80M, Peak:7.80M | Scene, ViewLayer | Updating Geometry BVH common_master_bedroom_screen_01_slat02_mesh 514/1029 | Building BVH
Fra:1 Mem:64.58M (Peak 103.49M) | Time:00:01.16 | Mem:7.85M, Peak:7.85M | Scene, ViewLayer | Updating Geometry BVH common_master_bedroom_screen_01_slat03_mesh 515/1029 | Building BVH
Fra:1 Mem:64.58M (Peak 103.49M) | Time:00:01.16 | Mem:7.85M, Peak:7.85M | Scene, ViewLayer | Updating Geometry BVH common_master_bedroom_screen_01_slat04_mesh 516/1029 | Building BVH
Fra:1 Mem:64.58M (Peak 103.49M) | Time:00:01.16 | Mem:7.85M, Peak:7.85M | Scene, ViewLayer | Updating Geometry BVH common_master_bedroom_screen_01_slat05_mesh 517/1029 | Building BVH
Fra:1 Mem:64.58M (Peak 103.49M) | Time:00:01.16 | Mem:7.85M, Peak:7.85M | Scene, ViewLayer | Updating Geometry BVH common_master_bedroom_screen_01_slat06_mesh 518/1029 | Building BVH
Fra:1 Mem:64.58M (Peak 103.49M) | Time:00:01.16 | Mem:7.88M, Peak:7.88M | Scene, ViewLayer | Updating Geometry BVH A_living_dining_balcony_rug_01_pile_mesh 1006/1029 | Building BVH
Fra:1 Mem:64.58M (Peak 103.49M) | Time:00:01.16 | Mem:7.88M, Peak:7.88M | Scene, ViewLayer | Updating Geometry BVH common_master_bedroom_screen_01_slat07_mesh 519/1029 | Building BVH
Fra:1 Mem:64.58M (Peak 103.49M) | Time:00:01.16 | Mem:7.88M, Peak:7.88M | Scene, ViewLayer | Updating Geometry BVH common_master_bedroom_screen_01_slat08_mesh 520/1029 | Building BVH
Fra:1 Mem:64.58M (Peak 103.49M) | Time:00:01.16 | Mem:7.90M, Peak:7.90M | Scene, ViewLayer | Updating Geometry BVH common_master_bedroom_screen_01_slat09_mesh 521/1029 | Building BVH
Fra:1 Mem:64.58M (Peak 103.49M) | Time:00:01.16 | Mem:7.95M, Peak:7.95M | Scene, ViewLayer | Updating Geometry BVH common_master_bedroom_screen_01_slat10_mesh 522/1029 | Building BVH
Fra:1 Mem:64.58M (Peak 103.49M) | Time:00:01.16 | Mem:7.97M, Peak:7.99M | Scene, ViewLayer | Updating Geometry BVH common_master_bedroom_screen_01_slat11_mesh 523/1029 | Building BVH
Fra:1 Mem:64.58M (Peak 103.49M) | Time:00:01.16 | Mem:7.97M, Peak:7.99M | Scene, ViewLayer | Updating Geometry BVH common_master_bedroom_screen_01_slat12_mesh 524/1029 | Building BVH
Fra:1 Mem:64.58M (Peak 103.49M) | Time:00:01.16 | Mem:7.97M, Peak:7.99M | Scene, ViewLayer | Updating Geometry BVH common_master_bedroom_screen_01_slat13_mesh 525/1029 | Building BVH
Fra:1 Mem:64.58M (Peak 103.49M) | Time:00:01.16 | Mem:7.99M, Peak:7.99M | Scene, ViewLayer | Updating Geometry BVH common_master_bedroom_screen_01_slat15_mesh 527/1029 | Building BVH
Fra:1 Mem:64.58M (Peak 103.49M) | Time:00:01.16 | Mem:7.99M, Peak:7.99M | Scene, ViewLayer | Updating Geometry BVH common_master_bedroom_screen_01_slat16_mesh 528/1029 | Building BVH
Fra:1 Mem:64.58M (Peak 103.49M) | Time:00:01.16 | Mem:8.01M, Peak:8.01M | Scene, ViewLayer | Updating Geometry BVH common_master_bedroom_screen_01_slat17_mesh 529/1029 | Building BVH
Fra:1 Mem:64.58M (Peak 103.49M) | Time:00:01.16 | Mem:8.07M, Peak:8.07M | Scene, ViewLayer | Updating Geometry BVH common_master_bedroom_screen_01_slat18_mesh 530/1029 | Building BVH
Fra:1 Mem:64.58M (Peak 103.49M) | Time:00:01.16 | Mem:8.10M, Peak:8.11M | Scene, ViewLayer | Updating Geometry BVH common_master_bedroom_screen_01_cap_mesh 531/1029 | Building BVH
Fra:1 Mem:64.58M (Peak 103.49M) | Time:00:01.16 | Mem:8.09M, Peak:8.11M | Scene, ViewLayer | Updating Geometry BVH common_foyer_stool_01_leg0_mesh 533/1029 | Building BVH
Fra:1 Mem:64.58M (Peak 103.49M) | Time:00:01.16 | Mem:8.09M, Peak:8.11M | Scene, ViewLayer | Updating Geometry BVH common_foyer_stool_01_pad_mesh 532/1029 | Building BVH
Fra:1 Mem:64.58M (Peak 103.49M) | Time:00:01.16 | Mem:8.09M, Peak:8.11M | Scene, ViewLayer | Updating Geometry BVH common_foyer_stool_01_leg1_mesh 534/1029 | Building BVH
Fra:1 Mem:64.58M (Peak 103.49M) | Time:00:01.16 | Mem:8.09M, Peak:8.11M | Scene, ViewLayer | Updating Geometry BVH common_foyer_stool_01_leg2_mesh 535/1029 | Building BVH
Fra:1 Mem:64.58M (Peak 103.49M) | Time:00:01.16 | Mem:8.09M, Peak:8.11M | Scene, ViewLayer | Updating Geometry BVH common_foyer_stool_01_leg3_mesh 536/1029 | Building BVH
Fra:1 Mem:64.58M (Peak 103.49M) | Time:00:01.16 | Mem:8.09M, Peak:8.11M | Scene, ViewLayer | Updating Geometry BVH common_living_dining_balcony_plant_01_stem_mesh 537/1029 | Building BVH
Fra:1 Mem:64.58M (Peak 103.49M) | Time:00:01.16 | Mem:8.10M, Peak:8.11M | Scene, ViewLayer | Updating Geometry BVH common_living_dining_balcony_plant_01_leaf0_mesh 538/1029 | Building BVH
Fra:1 Mem:64.58M (Peak 103.49M) | Time:00:01.16 | Mem:8.12M, Peak:8.12M | Scene, ViewLayer | Updating Geometry BVH A_living_dining_balcony_coffee_table_01_leg2_mesh 1005/1029 | Building BVH
Fra:1 Mem:64.58M (Peak 103.49M) | Time:00:01.16 | Mem:8.13M, Peak:8.13M | Scene, ViewLayer | Updating Geometry BVH common_living_dining_balcony_plant_01_leaf2_mesh 540/1029 | Building BVH
Fra:1 Mem:64.58M (Peak 103.49M) | Time:00:01.16 | Mem:8.20M, Peak:8.20M | Scene, ViewLayer | Updating Geometry BVH common_living_dining_balcony_plant_01_leaf3_mesh 541/1029 | Building BVH
Fra:1 Mem:64.58M (Peak 103.49M) | Time:00:01.16 | Mem:8.20M, Peak:8.20M | Scene, ViewLayer | Updating Geometry BVH common_living_dining_balcony_plant_01_leaf4_mesh 542/1029 | Building BVH
Fra:1 Mem:64.58M (Peak 103.49M) | Time:00:01.16 | Mem:8.20M, Peak:8.20M | Scene, ViewLayer | Updating Geometry BVH common_living_dining_balcony_plant_01_leaf5_mesh 543/1029 | Building BVH
Fra:1 Mem:64.58M (Peak 103.49M) | Time:00:01.16 | Mem:8.22M, Peak:8.22M | Scene, ViewLayer | Updating Geometry BVH common_living_dining_balcony_plant_01_leaf6_mesh 544/1029 | Building BVH
Fra:1 Mem:64.58M (Peak 103.49M) | Time:00:01.16 | Mem:8.24M, Peak:8.24M | Scene, ViewLayer | Updating Geometry BVH common_living_dining_balcony_plant_01_leaf7_mesh 545/1029 | Building BVH
Fra:1 Mem:64.58M (Peak 103.49M) | Time:00:01.16 | Mem:8.24M, Peak:8.24M | Scene, ViewLayer | Updating Geometry BVH common_living_dining_balcony_planter_01_pot_mesh 546/1029 | Building BVH
Fra:1 Mem:64.58M (Peak 103.49M) | Time:00:01.16 | Mem:8.24M, Peak:8.24M | Scene, ViewLayer | Updating Geometry BVH common_living_dining_balcony_stool_01_top_mesh 547/1029 | Building BVH
Fra:1 Mem:64.58M (Peak 103.49M) | Time:00:01.16 | Mem:8.24M, Peak:8.24M | Scene, ViewLayer | Updating Geometry BVH common_living_dining_balcony_stool_01_post_mesh 548/1029 | Building BVH
Fra:1 Mem:64.58M (Peak 103.49M) | Time:00:01.16 | Mem:8.25M, Peak:8.25M | Scene, ViewLayer | Updating Geometry BVH common_living_dining_balcony_stool_01_jar_mesh 549/1029 | Building BVH
Fra:1 Mem:64.58M (Peak 103.49M) | Time:00:01.16 | Mem:8.31M, Peak:8.31M | Scene, ViewLayer | Updating Geometry BVH common_living_dining_balcony_artwork_01_canvas_mesh 550/1029 | Building BVH
Fra:1 Mem:64.58M (Peak 103.49M) | Time:00:01.16 | Mem:8.31M, Peak:8.31M | Scene, ViewLayer | Updating Geometry BVH common_master_bedroom_wardrobe_01_body_mesh 552/1029 | Building BVH
Fra:1 Mem:64.58M (Peak 103.49M) | Time:00:01.16 | Mem:8.31M, Peak:8.31M | Scene, ViewLayer | Updating Geometry BVH common_master_bedroom_wardrobe_01_door_f0_mesh 553/1029 | Building BVH
Fra:1 Mem:64.58M (Peak 103.49M) | Time:00:01.16 | Mem:8.32M, Peak:8.32M | Scene, ViewLayer | Updating Geometry BVH common_master_bedroom_wardrobe_01_door_p0_mesh 554/1029 | Building BVH
Fra:1 Mem:64.58M (Peak 103.49M) | Time:00:01.16 | Mem:8.32M, Peak:8.32M | Scene, ViewLayer | Updating Geometry BVH common_master_bedroom_wardrobe_01_door_f1_mesh 555/1029 | Building BVH
Fra:1 Mem:64.58M (Peak 103.49M) | Time:00:01.16 | Mem:8.35M, Peak:8.35M | Scene, ViewLayer | Updating Geometry BVH common_master_bedroom_wardrobe_01_door_p1_mesh 556/1029 | Building BVH
Fra:1 Mem:64.58M (Peak 103.49M) | Time:00:01.16 | Mem:8.47M, Peak:8.47M | Scene, ViewLayer | Updating Geometry BVH common_master_bedroom_wardrobe_01_door_f2_mesh 557/1029 | Building BVH
Fra:1 Mem:64.58M (Peak 103.49M) | Time:00:01.16 | Mem:8.49M, Peak:8.49M | Scene, ViewLayer | Updating Geometry BVH common_master_bedroom_wardrobe_01_door_p2_mesh 558/1029 | Building BVH
Fra:1 Mem:64.58M (Peak 103.49M) | Time:00:01.16 | Mem:8.50M, Peak:8.50M | Scene, ViewLayer | Updating Geometry BVH common_master_bedroom_wardrobe_01_door_f3_mesh 559/1029 | Building BVH
Fra:1 Mem:64.58M (Peak 103.49M) | Time:00:01.16 | Mem:8.52M, Peak:8.52M | Scene, ViewLayer | Updating Geometry BVH common_master_bedroom_wardrobe_01_door_p3_mesh 560/1029 | Building BVH
Fra:1 Mem:64.58M (Peak 103.49M) | Time:00:01.16 | Mem:8.52M, Peak:8.52M | Scene, ViewLayer | Updating Geometry BVH common_master_bedroom_wardrobe_01_door_f4_mesh 561/1029 | Building BVH
Fra:1 Mem:64.58M (Peak 103.49M) | Time:00:01.16 | Mem:8.52M, Peak:8.52M | Scene, ViewLayer | Updating Geometry BVH A_living_dining_balcony_coffee_table_01_leg1_mesh 1004/1029 | Building BVH
Fra:1 Mem:64.58M (Peak 103.49M) | Time:00:01.16 | Mem:8.53M, Peak:8.53M | Scene, ViewLayer | Updating Geometry BVH common_master_bedroom_wardrobe_01_door_p4_mesh 562/1029 | Building BVH
Fra:1 Mem:64.58M (Peak 103.49M) | Time:00:01.16 | Mem:8.53M, Peak:8.53M | Scene, ViewLayer | Updating Geometry BVH common_master_bedroom_wardrobe_01_door_f5_mesh 563/1029 | Building BVH
Fra:1 Mem:64.58M (Peak 103.49M) | Time:00:01.16 | Mem:8.58M, Peak:8.59M | Scene, ViewLayer | Updating Geometry BVH common_master_bedroom_wardrobe_01_door_p5_mesh 564/1029 | Building BVH
Fra:1 Mem:64.58M (Peak 103.49M) | Time:00:01.16 | Mem:8.58M, Peak:8.59M | Scene, ViewLayer | Updating Geometry BVH common_master_bedroom_wardrobe_01_door_p6_mesh 566/1029 | Building BVH
Fra:1 Mem:64.58M (Peak 103.49M) | Time:00:01.16 | Mem:8.56M, Peak:8.59M | Scene, ViewLayer | Updating Geometry BVH common_master_bedroom_dressing_table_01_side0_mesh 568/1029 | Building BVH
Fra:1 Mem:64.58M (Peak 103.49M) | Time:00:01.16 | Mem:8.56M, Peak:8.59M | Scene, ViewLayer | Updating Geometry BVH common_master_bedroom_dressing_table_01_top_mesh 567/1029 | Building BVH
Fra:1 Mem:64.58M (Peak 103.49M) | Time:00:01.16 | Mem:8.56M, Peak:8.59M | Scene, ViewLayer | Updating Geometry BVH common_master_bedroom_dressing_table_01_shelf_mesh 570/1029 | Building BVH
Fra:1 Mem:64.58M (Peak 103.49M) | Time:00:01.16 | Mem:8.55M, Peak:8.59M | Scene, ViewLayer | Updating Geometry BVH common_master_bedroom_dressing_table_01_upper_mesh 571/1029 | Building BVH
Fra:1 Mem:64.58M (Peak 103.49M) | Time:00:01.16 | Mem:8.57M, Peak:8.59M | Scene, ViewLayer | Updating Geometry BVH common_master_bedroom_dressing_table_01_door_f0_mesh 572/1029 | Building BVH
Fra:1 Mem:64.58M (Peak 103.49M) | Time:00:01.16 | Mem:8.59M, Peak:8.59M | Scene, ViewLayer | Updating Geometry BVH common_master_bedroom_dressing_table_01_door_p0_mesh 573/1029 | Building BVH
Fra:1 Mem:64.58M (Peak 103.49M) | Time:00:01.16 | Mem:8.67M, Peak:8.67M | Scene, ViewLayer | Updating Geometry BVH common_master_bedroom_dressing_table_01_door_f1_mesh 574/1029 | Building BVH
Fra:1 Mem:64.58M (Peak 103.49M) | Time:00:01.16 | Mem:8.68M, Peak:8.69M | Scene, ViewLayer | Updating Geometry BVH common_master_bedroom_dressing_table_01_door_p1_mesh 575/1029 | Building BVH
Fra:1 Mem:64.58M (Peak 103.49M) | Time:00:01.16 | Mem:8.68M, Peak:8.69M | Scene, ViewLayer | Updating Geometry BVH common_master_bedroom_dressing_table_01_door_f2_mesh 576/1029 | Building BVH
Fra:1 Mem:64.58M (Peak 103.49M) | Time:00:01.16 | Mem:8.68M, Peak:8.69M | Scene, ViewLayer | Updating Geometry BVH A_living_dining_balcony_coffee_table_01_leg0_mesh 1003/1029 | Building BVH
Fra:1 Mem:64.58M (Peak 103.49M) | Time:00:01.16 | Mem:8.68M, Peak:8.69M | Scene, ViewLayer | Updating Geometry BVH common_master_bedroom_dressing_table_01_door_p2_mesh 577/1029 | Building BVH
Fra:1 Mem:64.58M (Peak 103.49M) | Time:00:01.16 | Mem:8.71M, Peak:8.71M | Scene, ViewLayer | Updating Geometry BVH common_master_bedroom_dressing_table_01_mirror_mesh 578/1029 | Building BVH
Fra:1 Mem:64.58M (Peak 103.49M) | Time:00:01.16 | Mem:8.71M, Peak:8.71M | Scene, ViewLayer | Updating Geometry BVH common_master_bedroom_stool_01_pad_mesh 579/1029 | Building BVH
Fra:1 Mem:64.58M (Peak 103.49M) | Time:00:01.16 | Mem:8.72M, Peak:8.72M | Scene, ViewLayer | Updating Geometry BVH common_master_bedroom_stool_01_leg0_mesh 580/1029 | Building BVH
Fra:1 Mem:64.58M (Peak 103.49M) | Time:00:01.16 | Mem:8.74M, Peak:8.74M | Scene, ViewLayer | Updating Geometry BVH common_master_bedroom_stool_01_leg1_mesh 581/1029 | Building BVH
Fra:1 Mem:64.58M (Peak 103.49M) | Time:00:01.16 | Mem:8.74M, Peak:8.74M | Scene, ViewLayer | Updating Geometry BVH common_master_bedroom_stool_01_leg2_mesh 582/1029 | Building BVH
Fra:1 Mem:64.58M (Peak 103.49M) | Time:00:01.16 | Mem:8.75M, Peak:8.75M | Scene, ViewLayer | Updating Geometry BVH common_master_bedroom_stool_01_leg3_mesh 583/1029 | Building BVH
Fra:1 Mem:64.58M (Peak 103.49M) | Time:00:01.16 | Mem:8.75M, Peak:8.75M | Scene, ViewLayer | Updating Geometry BVH common_master_bedroom_bed_01_frame_mesh 584/1029 | Building BVH
Fra:1 Mem:64.58M (Peak 103.49M) | Time:00:01.16 | Mem:8.75M, Peak:8.75M | Scene, ViewLayer | Updating Geometry BVH common_master_bedroom_bed_01_mattress_mesh 585/1029 | Building BVH
Fra:1 Mem:64.58M (Peak 103.49M) | Time:00:01.16 | Mem:8.75M, Peak:8.75M | Scene, ViewLayer | Updating Geometry BVH common_master_bedroom_bed_01_duvet_mesh 586/1029 | Building BVH
Fra:1 Mem:64.58M (Peak 103.49M) | Time:00:01.16 | Mem:8.76M, Peak:8.76M | Scene, ViewLayer | Updating Geometry BVH common_master_bedroom_bed_01_duvetdrop_mesh 587/1029 | Building BVH
Fra:1 Mem:64.58M (Peak 103.49M) | Time:00:01.16 | Mem:8.80M, Peak:8.80M | Scene, ViewLayer | Updating Geometry BVH common_master_bedroom_bed_01_duvetdrop2_mesh 588/1029 | Building BVH
Fra:1 Mem:64.58M (Peak 103.49M) | Time:00:01.16 | Mem:8.83M, Peak:8.83M | Scene, ViewLayer | Updating Geometry BVH common_master_bedroom_bed_01_pillow1_mesh 589/1029 | Building BVH
Fra:1 Mem:64.58M (Peak 103.49M) | Time:00:01.16 | Mem:8.83M, Peak:8.83M | Scene, ViewLayer | Updating Geometry BVH common_master_bedroom_bed_01_pillow2_mesh 590/1029 | Building BVH
Fra:1 Mem:64.58M (Peak 103.49M) | Time:00:01.17 | Mem:8.86M, Peak:8.86M | Scene, ViewLayer | Updating Geometry BVH common_master_bedroom_bed_01_throw_mesh 591/1029 | Building BVH
Fra:1 Mem:64.58M (Peak 103.49M) | Time:00:01.17 | Mem:8.90M, Peak:8.91M | Scene, ViewLayer | Updating Geometry BVH common_master_bedroom_headboard_01_pad_mesh 592/1029 | Building BVH
Fra:1 Mem:64.58M (Peak 103.49M) | Time:00:01.17 | Mem:8.90M, Peak:8.91M | Scene, ViewLayer | Updating Geometry BVH common_master_bedroom_nightstand_01_drw_f0_mesh 594/1029 | Building BVH
Fra:1 Mem:64.58M (Peak 103.49M) | Time:00:01.17 | Mem:8.90M, Peak:8.91M | Scene, ViewLayer | Updating Geometry BVH common_master_bedroom_nightstand_01_drw_p0_mesh 595/1029 | Building BVH
Fra:1 Mem:64.58M (Peak 103.49M) | Time:00:01.17 | Mem:8.92M, Peak:8.92M | Scene, ViewLayer | Updating Geometry BVH common_master_bedroom_nightstand_01_leg0_mesh 596/1029 | Building BVH
Fra:1 Mem:64.58M (Peak 103.49M) | Time:00:01.17 | Mem:8.96M, Peak:8.97M | Scene, ViewLayer | Updating Geometry BVH common_master_bedroom_nightstand_01_leg1_mesh 597/1029 | Building BVH
Fra:1 Mem:64.58M (Peak 103.49M) | Time:00:01.17 | Mem:8.96M, Peak:8.97M | Scene, ViewLayer | Updating Geometry BVH common_master_bedroom_nightstand_01_leg2_mesh 598/1029 | Building BVH
Fra:1 Mem:64.58M (Peak 103.49M) | Time:00:01.17 | Mem:8.96M, Peak:8.97M | Scene, ViewLayer | Updating Geometry BVH common_master_bedroom_nightstand_01_leg3_mesh 599/1029 | Building BVH
Fra:1 Mem:64.58M (Peak 103.49M) | Time:00:01.17 | Mem:8.96M, Peak:8.97M | Scene, ViewLayer | Updating Geometry BVH common_master_bedroom_nightstand_02_body_mesh 600/1029 | Building BVH
Fra:1 Mem:64.58M (Peak 103.49M) | Time:00:01.17 | Mem:8.99M, Peak:8.99M | Scene, ViewLayer | Updating Geometry BVH common_master_bedroom_nightstand_02_drw_f0_mesh 601/1029 | Building BVH
Fra:1 Mem:64.58M (Peak 103.49M) | Time:00:01.17 | Mem:9.00M, Peak:9.00M | Scene, ViewLayer | Updating Geometry BVH common_master_bedroom_nightstand_02_drw_p0_mesh 602/1029 | Building BVH
Fra:1 Mem:64.58M (Peak 103.49M) | Time:00:01.17 | Mem:9.02M, Peak:9.02M | Scene, ViewLayer | Updating Geometry BVH common_master_bedroom_nightstand_02_leg0_mesh 603/1029 | Building BVH
Fra:1 Mem:64.58M (Peak 103.49M) | Time:00:01.17 | Mem:9.02M, Peak:9.02M | Scene, ViewLayer | Updating Geometry BVH common_master_bedroom_nightstand_02_leg1_mesh 604/1029 | Building BVH
Fra:1 Mem:64.58M (Peak 103.49M) | Time:00:01.17 | Mem:9.02M, Peak:9.02M | Scene, ViewLayer | Updating Geometry BVH common_master_bedroom_nightstand_02_leg2_mesh 605/1029 | Building BVH
Fra:1 Mem:64.58M (Peak 103.49M) | Time:00:01.17 | Mem:9.02M, Peak:9.02M | Scene, ViewLayer | Updating Geometry BVH common_master_bedroom_nightstand_02_leg3_mesh 606/1029 | Building BVH
Fra:1 Mem:64.58M (Peak 103.49M) | Time:00:01.17 | Mem:9.03M, Peak:9.03M | Scene, ViewLayer | Updating Geometry BVH common_master_bedroom_desk_01_top_mesh 607/1029 | Building BVH
Fra:1 Mem:64.58M (Peak 103.49M) | Time:00:01.17 | Mem:9.03M, Peak:9.03M | Scene, ViewLayer | Updating Geometry BVH common_master_bedroom_desk_01_drawer_mesh 608/1029 | Building BVH
Fra:1 Mem:64.58M (Peak 103.49M) | Time:00:01.17 | Mem:9.08M, Peak:9.08M | Scene, ViewLayer | Updating Geometry BVH common_master_bedroom_desk_01_leg0_mesh 609/1029 | Building BVH
Fra:1 Mem:64.58M (Peak 103.49M) | Time:00:01.17 | Mem:9.08M, Peak:9.08M | Scene, ViewLayer | Updating Geometry BVH common_master_bedroom_desk_01_leg1_mesh 610/1029 | Building BVH
Fra:1 Mem:64.58M (Peak 103.49M) | Time:00:01.17 | Mem:9.08M, Peak:9.08M | Scene, ViewLayer | Updating Geometry BVH common_master_bedroom_desk_01_leg2_mesh 611/1029 | Building BVH
Fra:1 Mem:64.58M (Peak 103.49M) | Time:00:01.17 | Mem:9.08M, Peak:9.08M | Scene, ViewLayer | Updating Geometry BVH common_master_bedroom_desk_01_leg3_mesh 612/1029 | Building BVH
Fra:1 Mem:64.58M (Peak 103.49M) | Time:00:01.17 | Mem:9.09M, Peak:9.09M | Scene, ViewLayer | Updating Geometry BVH A_living_dining_balcony_coffee_table_01_top_mesh 1002/1029 | Building BVH
Fra:1 Mem:64.58M (Peak 103.49M) | Time:00:01.17 | Mem:9.13M, Peak:9.13M | Scene, ViewLayer | Updating Geometry BVH common_master_bedroom_desk_01_monitor_mesh 613/1029 | Building BVH
Fra:1 Mem:64.58M (Peak 103.49M) | Time:00:01.17 | Mem:9.13M, Peak:9.13M | Scene, ViewLayer | Updating Geometry BVH common_master_bedroom_desk_01_monstand_mesh 614/1029 | Building BVH
Fra:1 Mem:64.58M (Peak 103.49M) | Time:00:01.17 | Mem:9.13M, Peak:9.13M | Scene, ViewLayer | Updating Geometry BVH common_master_bedroom_chair_01_seat_mesh 615/1029 | Building BVH
Fra:1 Mem:64.58M (Peak 103.49M) | Time:00:01.17 | Mem:9.13M, Peak:9.13M | Scene, ViewLayer | Updating Geometry BVH common_master_bedroom_chair_01_back_mesh 616/1029 | Building BVH
Fra:1 Mem:64.58M (Peak 103.49M) | Time:00:01.17 | Mem:9.15M, Peak:9.15M | Scene, ViewLayer | Updating Geometry BVH common_master_bedroom_chair_01_post_mesh 617/1029 | Building BVH
Fra:1 Mem:64.58M (Peak 103.49M) | Time:00:01.17 | Mem:9.15M, Peak:9.15M | Scene, ViewLayer | Updating Geometry BVH common_master_bedroom_chair_01_base_mesh 618/1029 | Building BVH
Fra:1 Mem:64.58M (Peak 103.49M) | Time:00:01.17 | Mem:9.18M, Peak:9.18M | Scene, ViewLayer | Updating Geometry BVH common_master_bedroom_rug_01_pile_mesh 619/1029 | Building BVH
Fra:1 Mem:64.58M (Peak 103.49M) | Time:00:01.17 | Mem:9.18M, Peak:9.18M | Scene, ViewLayer | Updating Geometry BVH common_terrace_coffee_table_01_top_mesh 620/1029 | Building BVH
Fra:1 Mem:64.58M (Peak 103.49M) | Time:00:01.17 | Mem:9.18M, Peak:9.18M | Scene, ViewLayer | Updating Geometry BVH common_terrace_coffee_table_01_leg0_mesh 621/1029 | Building BVH
Fra:1 Mem:64.58M (Peak 103.49M) | Time:00:01.17 | Mem:9.18M, Peak:9.18M | Scene, ViewLayer | Updating Geometry BVH common_terrace_coffee_table_01_leg1_mesh 622/1029 | Building BVH
Fra:1 Mem:64.58M (Peak 103.49M) | Time:00:01.17 | Mem:9.18M, Peak:9.18M | Scene, ViewLayer | Updating Geometry BVH common_terrace_coffee_table_01_leg2_mesh 623/1029 | Building BVH
Fra:1 Mem:64.58M (Peak 103.49M) | Time:00:01.17 | Mem:9.18M, Peak:9.18M | Scene, ViewLayer | Updating Geometry BVH common_terrace_lounge_chair_01_seat_mesh 624/1029 | Building BVH
Fra:1 Mem:64.58M (Peak 103.49M) | Time:00:01.17 | Mem:9.23M, Peak:9.23M | Scene, ViewLayer | Updating Geometry BVH common_terrace_lounge_chair_01_back_mesh 625/1029 | Building BVH
Fra:1 Mem:64.58M (Peak 103.49M) | Time:00:01.17 | Mem:9.26M, Peak:9.26M | Scene, ViewLayer | Updating Geometry BVH common_terrace_lounge_chair_01_leg0_mesh 626/1029 | Building BVH
Fra:1 Mem:64.58M (Peak 103.49M) | Time:00:01.17 | Mem:9.26M, Peak:9.26M | Scene, ViewLayer | Updating Geometry BVH common_terrace_lounge_chair_01_leg1_mesh 627/1029 | Building BVH
Fra:1 Mem:64.58M (Peak 103.49M) | Time:00:01.17 | Mem:9.26M, Peak:9.26M | Scene, ViewLayer | Updating Geometry BVH common_terrace_lounge_chair_01_leg2_mesh 628/1029 | Building BVH
Fra:1 Mem:64.58M (Peak 103.49M) | Time:00:01.17 | Mem:9.33M, Peak:9.33M | Scene, ViewLayer | Updating Geometry BVH common_terrace_lounge_chair_01_leg3_mesh 629/1029 | Building BVH
Fra:1 Mem:64.58M (Peak 103.49M) | Time:00:01.17 | Mem:9.33M, Peak:9.33M | Scene, ViewLayer | Updating Geometry BVH common_terrace_lounge_chair_02_seat_mesh 630/1029 | Building BVH
Fra:1 Mem:64.58M (Peak 103.49M) | Time:00:01.17 | Mem:9.33M, Peak:9.33M | Scene, ViewLayer | Updating Geometry BVH common_terrace_lounge_chair_02_back_mesh 631/1029 | Building BVH
Fra:1 Mem:64.58M (Peak 103.49M) | Time:00:01.17 | Mem:9.33M, Peak:9.33M | Scene, ViewLayer | Updating Geometry BVH common_terrace_lounge_chair_02_leg0_mesh 632/1029 | Building BVH
Fra:1 Mem:64.58M (Peak 103.49M) | Time:00:01.17 | Mem:9.35M, Peak:9.35M | Scene, ViewLayer | Updating Geometry BVH common_terrace_lounge_chair_02_leg1_mesh 633/1029 | Building BVH
Fra:1 Mem:64.58M (Peak 103.49M) | Time:00:01.17 | Mem:9.35M, Peak:9.35M | Scene, ViewLayer | Updating Geometry BVH A_living_dining_balcony_ottoman_01_base_mesh 1001/1029 | Building BVH
Fra:1 Mem:64.58M (Peak 103.49M) | Time:00:01.17 | Mem:9.36M, Peak:9.36M | Scene, ViewLayer | Updating Geometry BVH common_terrace_lounge_chair_02_leg2_mesh 634/1029 | Building BVH
Fra:1 Mem:64.58M (Peak 103.49M) | Time:00:01.17 | Mem:9.38M, Peak:9.38M | Scene, ViewLayer | Updating Geometry BVH common_terrace_lounge_chair_02_leg3_mesh 635/1029 | Building BVH
Fra:1 Mem:64.58M (Peak 103.49M) | Time:00:01.17 | Mem:9.39M, Peak:9.39M | Scene, ViewLayer | Updating Geometry BVH common_terrace_plant_01_pot_mesh 636/1029 | Building BVH
Fra:1 Mem:64.58M (Peak 103.49M) | Time:00:01.17 | Mem:9.39M, Peak:9.39M | Scene, ViewLayer | Updating Geometry BVH common_terrace_plant_01_stem_mesh 637/1029 | Building BVH
Fra:1 Mem:64.58M (Peak 103.49M) | Time:00:01.17 | Mem:9.40M, Peak:9.40M | Scene, ViewLayer | Updating Geometry BVH common_terrace_plant_01_leaf0_mesh 638/1029 | Building BVH
Fra:1 Mem:64.58M (Peak 103.49M) | Time:00:01.17 | Mem:9.44M, Peak:9.44M | Scene, ViewLayer | Updating Geometry BVH common_terrace_plant_01_leaf1_mesh 639/1029 | Building BVH
Fra:1 Mem:64.58M (Peak 103.49M) | Time:00:01.17 | Mem:9.44M, Peak:9.44M | Scene, ViewLayer | Updating Geometry BVH common_terrace_plant_01_leaf2_mesh 640/1029 | Building BVH
Fra:1 Mem:64.58M (Peak 103.49M) | Time:00:01.17 | Mem:9.46M, Peak:9.46M | Scene, ViewLayer | Updating Geometry BVH common_terrace_plant_01_leaf3_mesh 641/1029 | Building BVH
Fra:1 Mem:64.58M (Peak 103.49M) | Time:00:01.17 | Mem:9.46M, Peak:9.46M | Scene, ViewLayer | Updating Geometry BVH common_terrace_plant_01_leaf4_mesh 642/1029 | Building BVH
Fra:1 Mem:64.58M (Peak 103.49M) | Time:00:01.17 | Mem:9.47M, Peak:9.47M | Scene, ViewLayer | Updating Geometry BVH common_terrace_plant_01_leaf5_mesh 643/1029 | Building BVH
Fra:1 Mem:64.58M (Peak 103.49M) | Time:00:01.17 | Mem:9.47M, Peak:9.47M | Scene, ViewLayer | Updating Geometry BVH common_terrace_plant_02_pot_mesh 644/1029 | Building BVH
Fra:1 Mem:64.58M (Peak 103.49M) | Time:00:01.17 | Mem:9.47M, Peak:9.47M | Scene, ViewLayer | Updating Geometry BVH common_terrace_plant_02_stem_mesh 645/1029 | Building BVH
Fra:1 Mem:64.58M (Peak 103.49M) | Time:00:01.17 | Mem:9.48M, Peak:9.48M | Scene, ViewLayer | Updating Geometry BVH common_terrace_plant_02_leaf0_mesh 646/1029 | Building BVH
Fra:1 Mem:64.58M (Peak 103.49M) | Time:00:01.17 | Mem:9.48M, Peak:9.48M | Scene, ViewLayer | Updating Geometry BVH common_terrace_plant_02_leaf1_mesh 647/1029 | Building BVH
Fra:1 Mem:64.58M (Peak 103.49M) | Time:00:01.17 | Mem:9.48M, Peak:9.48M | Scene, ViewLayer | Updating Geometry BVH common_terrace_plant_02_leaf2_mesh 648/1029 | Building BVH
Fra:1 Mem:64.58M (Peak 103.49M) | Time:00:01.17 | Mem:9.53M, Peak:9.53M | Scene, ViewLayer | Updating Geometry BVH common_terrace_plant_02_leaf3_mesh 649/1029 | Building BVH
Fra:1 Mem:64.58M (Peak 103.49M) | Time:00:01.17 | Mem:9.55M, Peak:9.55M | Scene, ViewLayer | Updating Geometry BVH common_terrace_plant_02_leaf4_mesh 650/1029 | Building BVH
Fra:1 Mem:64.58M (Peak 103.49M) | Time:00:01.17 | Mem:9.57M, Peak:9.57M | Scene, ViewLayer | Updating Geometry BVH common_terrace_plant_02_leaf5_mesh 651/1029 | Building BVH
Fra:1 Mem:64.58M (Peak 103.49M) | Time:00:01.17 | Mem:9.59M, Peak:9.60M | Scene, ViewLayer | Updating Geometry BVH common_terrace_plant_03_pot_mesh 652/1029 | Building BVH
Fra:1 Mem:64.58M (Peak 103.49M) | Time:00:01.17 | Mem:9.59M, Peak:9.60M | Scene, ViewLayer | Updating Geometry BVH common_terrace_plant_03_stem_mesh 653/1029 | Building BVH
Fra:1 Mem:64.58M (Peak 103.49M) | Time:00:01.17 | Mem:9.59M, Peak:9.60M | Scene, ViewLayer | Updating Geometry BVH common_terrace_plant_03_leaf0_mesh 654/1029 | Building BVH
Fra:1 Mem:64.58M (Peak 103.49M) | Time:00:01.17 | Mem:9.59M, Peak:9.60M | Scene, ViewLayer | Updating Geometry BVH common_terrace_plant_03_leaf1_mesh 655/1029 | Building BVH
Fra:1 Mem:64.58M (Peak 103.49M) | Time:00:01.17 | Mem:9.60M, Peak:9.60M | Scene, ViewLayer | Updating Geometry BVH common_terrace_plant_03_leaf3_mesh 657/1029 | Building BVH
Fra:1 Mem:64.58M (Peak 103.49M) | Time:00:01.17 | Mem:9.63M, Peak:9.63M | Scene, ViewLayer | Updating Geometry BVH common_terrace_plant_03_leaf4_mesh 658/1029 | Building BVH
Fra:1 Mem:64.58M (Peak 103.49M) | Time:00:01.17 | Mem:9.65M, Peak:9.65M | Scene, ViewLayer | Updating Geometry BVH common_terrace_plant_03_leaf5_mesh 659/1029 | Building BVH
Fra:1 Mem:64.58M (Peak 103.49M) | Time:00:01.17 | Mem:9.65M, Peak:9.65M | Scene, ViewLayer | Updating Geometry BVH common_terrace_plant_04_pot_mesh 660/1029 | Building BVH
Fra:1 Mem:64.58M (Peak 103.49M) | Time:00:01.17 | Mem:9.65M, Peak:9.65M | Scene, ViewLayer | Updating Geometry BVH common_terrace_plant_04_stem_mesh 661/1029 | Building BVH
Fra:1 Mem:64.58M (Peak 103.49M) | Time:00:01.17 | Mem:9.66M, Peak:9.66M | Scene, ViewLayer | Updating Geometry BVH common_terrace_plant_04_leaf0_mesh 662/1029 | Building BVH
Fra:1 Mem:64.58M (Peak 103.49M) | Time:00:01.17 | Mem:9.66M, Peak:9.66M | Scene, ViewLayer | Updating Geometry BVH common_terrace_plant_04_leaf1_mesh 663/1029 | Building BVH
Fra:1 Mem:64.58M (Peak 103.49M) | Time:00:01.17 | Mem:9.67M, Peak:9.67M | Scene, ViewLayer | Updating Geometry BVH common_terrace_plant_04_leaf2_mesh 664/1029 | Building BVH
Fra:1 Mem:64.58M (Peak 103.49M) | Time:00:01.17 | Mem:9.68M, Peak:9.68M | Scene, ViewLayer | Updating Geometry BVH common_terrace_plant_04_leaf3_mesh 665/1029 | Building BVH
Fra:1 Mem:64.58M (Peak 103.49M) | Time:00:01.17 | Mem:9.69M, Peak:9.69M | Scene, ViewLayer | Updating Geometry BVH common_terrace_plant_04_leaf4_mesh 666/1029 | Building BVH
Fra:1 Mem:64.58M (Peak 103.49M) | Time:00:01.17 | Mem:9.70M, Peak:9.70M | Scene, ViewLayer | Updating Geometry BVH common_terrace_plant_04_leaf5_mesh 667/1029 | Building BVH
Fra:1 Mem:64.58M (Peak 103.49M) | Time:00:01.17 | Mem:9.70M, Peak:9.70M | Scene, ViewLayer | Updating Geometry BVH common_parents_room_wardrobe_01_body_mesh 668/1029 | Building BVH
Fra:1 Mem:64.58M (Peak 103.49M) | Time:00:01.17 | Mem:9.71M, Peak:9.71M | Scene, ViewLayer | Updating Geometry BVH common_parents_room_wardrobe_01_slA_f0_mesh 669/1029 | Building BVH
Fra:1 Mem:64.58M (Peak 103.49M) | Time:00:01.17 | Mem:9.74M, Peak:9.74M | Scene, ViewLayer | Updating Geometry BVH common_parents_room_wardrobe_01_slA_f1_mesh 670/1029 | Building BVH
Fra:1 Mem:64.58M (Peak 103.49M) | Time:00:01.17 | Mem:9.77M, Peak:9.78M | Scene, ViewLayer | Updating Geometry BVH common_parents_room_wardrobe_01_slA_f2_mesh 671/1029 | Building BVH
Fra:1 Mem:64.58M (Peak 103.49M) | Time:00:01.17 | Mem:9.80M, Peak:9.81M | Scene, ViewLayer | Updating Geometry BVH common_parents_room_wardrobe_01_slB_f0_mesh 672/1029 | Building BVH
Fra:1 Mem:64.58M (Peak 103.49M) | Time:00:01.17 | Mem:9.81M, Peak:9.81M | Scene, ViewLayer | Updating Geometry BVH common_parents_room_wardrobe_01_slB_f1_mesh 673/1029 | Building BVH
Fra:1 Mem:64.58M (Peak 103.49M) | Time:00:01.17 | Mem:9.85M, Peak:9.85M | Scene, ViewLayer | Updating Geometry BVH common_parents_room_wardrobe_01_slB_f2_mesh 674/1029 | Building BVH
Fra:1 Mem:64.58M (Peak 103.49M) | Time:00:01.17 | Mem:9.85M, Peak:9.85M | Scene, ViewLayer | Updating Geometry BVH common_parents_room_bed_01_frame_mesh 675/1029 | Building BVH
Fra:1 Mem:64.58M (Peak 103.49M) | Time:00:01.17 | Mem:9.85M, Peak:9.85M | Scene, ViewLayer | Updating Geometry BVH common_parents_room_bed_01_mattress_mesh 676/1029 | Building BVH
Fra:1 Mem:64.58M (Peak 103.49M) | Time:00:01.17 | Mem:9.85M, Peak:9.85M | Scene, ViewLayer | Updating Geometry BVH A_living_dining_balcony_sofa_01_pillow_brick_mesh 999/1029 | Building BVH
Fra:1 Mem:64.58M (Peak 103.49M) | Time:00:01.17 | Mem:9.86M, Peak:9.86M | Scene, ViewLayer | Updating Geometry BVH common_parents_room_bed_01_duvetdrop_mesh 679/1029 | Building BVH
Fra:1 Mem:64.58M (Peak 103.49M) | Time:00:01.17 | Mem:9.86M, Peak:9.86M | Scene, ViewLayer | Updating Geometry BVH common_parents_room_bed_01_duvetdrop2_mesh 680/1029 | Building BVH
Fra:1 Mem:64.58M (Peak 103.49M) | Time:00:01.17 | Mem:9.96M, Peak:9.96M | Scene, ViewLayer | Updating Geometry BVH common_parents_room_bed_01_pillow1_mesh 681/1029 | Building BVH
Fra:1 Mem:64.58M (Peak 103.49M) | Time:00:01.17 | Mem:9.96M, Peak:9.96M | Scene, ViewLayer | Updating Geometry BVH common_parents_room_bed_01_pillow2_mesh 682/1029 | Building BVH
Fra:1 Mem:64.58M (Peak 103.49M) | Time:00:01.17 | Mem:9.98M, Peak:9.98M | Scene, ViewLayer | Updating Geometry BVH common_parents_room_bed_01_throw_mesh 683/1029 | Building BVH
Fra:1 Mem:64.58M (Peak 103.49M) | Time:00:01.17 | Mem:9.98M, Peak:9.98M | Scene, ViewLayer | Updating Geometry BVH common_parents_room_nightstand_01_body_mesh 684/1029 | Building BVH
Fra:1 Mem:64.58M (Peak 103.49M) | Time:00:01.17 | Mem:10.01M, Peak:10.01M | Scene, ViewLayer | Updating Geometry BVH common_parents_room_nightstand_01_drw_f0_mesh 685/1029 | Building BVH
Fra:1 Mem:64.58M (Peak 103.49M) | Time:00:01.17 | Mem:10.02M, Peak:10.02M | Scene, ViewLayer | Updating Geometry BVH common_parents_room_nightstand_01_drw_p0_mesh 686/1029 | Building BVH
Fra:1 Mem:64.58M (Peak 103.49M) | Time:00:01.17 | Mem:10.02M, Peak:10.02M | Scene, ViewLayer | Updating Geometry BVH common_parents_room_nightstand_01_leg0_mesh 687/1029 | Building BVH
Fra:1 Mem:64.58M (Peak 103.49M) | Time:00:01.17 | Mem:10.02M, Peak:10.02M | Scene, ViewLayer | Updating Geometry BVH common_parents_room_nightstand_01_leg1_mesh 688/1029 | Building BVH
Fra:1 Mem:64.58M (Peak 103.49M) | Time:00:01.17 | Mem:10.01M, Peak:10.02M | Scene, ViewLayer | Updating Geometry BVH common_parents_room_nightstand_01_leg3_mesh 690/1029 | Building BVH
Fra:1 Mem:64.58M (Peak 103.49M) | Time:00:01.17 | Mem:10.01M, Peak:10.02M | Scene, ViewLayer | Updating Geometry BVH common_parents_room_cushion_01_pad_mesh 691/1029 | Building BVH
Fra:1 Mem:64.58M (Peak 103.49M) | Time:00:01.17 | Mem:10.04M, Peak:10.04M | Scene, ViewLayer | Updating Geometry BVH common_parents_room_cushion_01_pil_olive_mesh 692/1029 | Building BVH
Fra:1 Mem:64.58M (Peak 103.49M) | Time:00:01.17 | Mem:10.04M, Peak:10.04M | Scene, ViewLayer | Updating Geometry BVH common_parents_room_cushion_01_pil_brick_mesh 693/1029 | Building BVH
Fra:1 Mem:64.58M (Peak 103.49M) | Time:00:01.17 | Mem:10.09M, Peak:10.09M | Scene, ViewLayer | Updating Geometry BVH common_parents_room_shelf_01_side0_mesh 694/1029 | Building BVH
Fra:1 Mem:64.58M (Peak 103.49M) | Time:00:01.17 | Mem:10.13M, Peak:10.14M | Scene, ViewLayer | Updating Geometry BVH common_parents_room_shelf_01_side1_mesh 695/1029 | Building BVH
Fra:1 Mem:64.58M (Peak 103.49M) | Time:00:01.17 | Mem:10.13M, Peak:10.14M | Scene, ViewLayer | Updating Geometry BVH common_parents_room_shelf_01_top_mesh 696/1029 | Building BVH
Fra:1 Mem:64.58M (Peak 103.49M) | Time:00:01.17 | Mem:10.15M, Peak:10.15M | Scene, ViewLayer | Updating Geometry BVH common_parents_room_shelf_01_sh1_mesh 697/1029 | Building BVH
Fra:1 Mem:64.58M (Peak 103.49M) | Time:00:01.17 | Mem:10.15M, Peak:10.15M | Scene, ViewLayer | Updating Geometry BVH common_parents_room_shelf_02_side0_mesh 698/1029 | Building BVH
Fra:1 Mem:64.58M (Peak 103.49M) | Time:00:01.17 | Mem:10.17M, Peak:10.17M | Scene, ViewLayer | Updating Geometry BVH A_living_dining_balcony_sofa_01_pillow_olive_mesh 998/1029 | Building BVH
Fra:1 Mem:64.58M (Peak 103.49M) | Time:00:01.17 | Mem:10.17M, Peak:10.17M | Scene, ViewLayer | Updating Geometry BVH common_parents_room_shelf_02_side1_mesh 699/1029 | Building BVH
Fra:1 Mem:64.58M (Peak 103.49M) | Time:00:01.17 | Mem:10.17M, Peak:10.17M | Scene, ViewLayer | Updating Geometry BVH common_parents_room_shelf_02_top_mesh 700/1029 | Building BVH
Fra:1 Mem:64.58M (Peak 103.49M) | Time:00:01.17 | Mem:10.17M, Peak:10.17M | Scene, ViewLayer | Updating Geometry BVH common_parents_room_shelf_02_sh1_mesh 701/1029 | Building BVH
Fra:1 Mem:64.59M (Peak 103.49M) | Time:00:01.17 | Mem:10.21M, Peak:10.21M | Scene, ViewLayer | Updating Geometry BVH common_daughter_room_wardrobe_01_body_mesh 702/1029 | Building BVH
Fra:1 Mem:64.59M (Peak 103.49M) | Time:00:01.17 | Mem:10.21M, Peak:10.21M | Scene, ViewLayer | Updating Geometry BVH common_daughter_room_wardrobe_01_slA_f0_mesh 703/1029 | Building BVH
Fra:1 Mem:64.59M (Peak 103.49M) | Time:00:01.17 | Mem:10.21M, Peak:10.21M | Scene, ViewLayer | Updating Geometry BVH common_daughter_room_wardrobe_01_slA_f1_mesh 704/1029 | Building BVH
Fra:1 Mem:64.59M (Peak 103.49M) | Time:00:01.17 | Mem:10.22M, Peak:10.22M | Scene, ViewLayer | Updating Geometry BVH common_daughter_room_wardrobe_01_slB_f0_mesh 705/1029 | Building BVH
Fra:1 Mem:64.59M (Peak 103.49M) | Time:00:01.17 | Mem:10.22M, Peak:10.22M | Scene, ViewLayer | Updating Geometry BVH common_daughter_room_wardrobe_01_slB_f1_mesh 706/1029 | Building BVH
Fra:1 Mem:64.59M (Peak 103.49M) | Time:00:01.17 | Mem:10.26M, Peak:10.26M | Scene, ViewLayer | Updating Geometry BVH common_daughter_room_wardrobe_02_body_mesh 707/1029 | Building BVH
Fra:1 Mem:64.59M (Peak 103.49M) | Time:00:01.17 | Mem:10.27M, Peak:10.27M | Scene, ViewLayer | Updating Geometry BVH common_daughter_room_wardrobe_02_slA_f0_mesh 708/1029 | Building BVH
Fra:1 Mem:64.59M (Peak 103.49M) | Time:00:01.17 | Mem:10.32M, Peak:10.32M | Scene, ViewLayer | Updating Geometry BVH common_daughter_room_wardrobe_02_slA_f1_mesh 709/1029 | Building BVH
Fra:1 Mem:64.59M (Peak 103.49M) | Time:00:01.17 | Mem:10.31M, Peak:10.32M | Scene, ViewLayer | Updating Geometry BVH common_daughter_room_wardrobe_02_slB_f0_mesh 710/1029 | Building BVH
Fra:1 Mem:64.59M (Peak 103.49M) | Time:00:01.17 | Mem:10.31M, Peak:10.32M | Scene, ViewLayer | Updating Geometry BVH common_daughter_room_wardrobe_02_slB_f1_mesh 711/1029 | Building BVH
Fra:1 Mem:64.59M (Peak 103.49M) | Time:00:01.17 | Mem:10.32M, Peak:10.32M | Scene, ViewLayer | Updating Geometry BVH common_daughter_room_bed_01_frame_mesh 712/1029 | Building BVH
Fra:1 Mem:64.59M (Peak 103.49M) | Time:00:01.17 | Mem:10.36M, Peak:10.36M | Scene, ViewLayer | Updating Geometry BVH common_daughter_room_bed_01_mattress_mesh 713/1029 | Building BVH
Fra:1 Mem:64.59M (Peak 103.49M) | Time:00:01.17 | Mem:10.36M, Peak:10.36M | Scene, ViewLayer | Updating Geometry BVH common_daughter_room_bed_01_headboard_mesh 714/1029 | Building BVH
Fra:1 Mem:64.59M (Peak 103.49M) | Time:00:01.17 | Mem:10.36M, Peak:10.36M | Scene, ViewLayer | Updating Geometry BVH common_daughter_room_bed_01_duvet_mesh 715/1029 | Building BVH
Fra:1 Mem:64.59M (Peak 103.49M) | Time:00:01.17 | Mem:10.39M, Peak:10.39M | Scene, ViewLayer | Updating Geometry BVH common_daughter_room_bed_01_duvetdrop_mesh 716/1029 | Building BVH
Fra:1 Mem:64.59M (Peak 103.49M) | Time:00:01.17 | Mem:10.42M, Peak:10.43M | Scene, ViewLayer | Updating Geometry BVH common_daughter_room_bed_01_duvetdrop2_mesh 717/1029 | Building BVH
Fra:1 Mem:64.59M (Peak 103.49M) | Time:00:01.17 | Mem:10.45M, Peak:10.45M | Scene, ViewLayer | Updating Geometry BVH common_daughter_room_bed_01_pillow1_mesh 718/1029 | Building BVH
Fra:1 Mem:64.59M (Peak 103.49M) | Time:00:01.17 | Mem:10.45M, Peak:10.45M | Scene, ViewLayer | Updating Geometry BVH common_daughter_room_bed_01_pillow2_mesh 719/1029 | Building BVH
Fra:1 Mem:64.59M (Peak 103.49M) | Time:00:01.17 | Mem:10.46M, Peak:10.46M | Scene, ViewLayer | Updating Geometry BVH common_daughter_room_bed_01_pillow_acc_mesh 720/1029 | Building BVH
Fra:1 Mem:64.59M (Peak 103.49M) | Time:00:01.17 | Mem:10.47M, Peak:10.47M | Scene, ViewLayer | Updating Geometry BVH common_daughter_room_bed_01_throw_mesh 721/1029 | Building BVH
Fra:1 Mem:64.59M (Peak 103.49M) | Time:00:01.17 | Mem:10.48M, Peak:10.48M | Scene, ViewLayer | Updating Geometry BVH common_daughter_room_shelf_01_side0_mesh 722/1029 | Building BVH
Fra:1 Mem:64.59M (Peak 103.49M) | Time:00:01.17 | Mem:10.50M, Peak:10.50M | Scene, ViewLayer | Updating Geometry BVH common_daughter_room_shelf_01_side1_mesh 723/1029 | Building BVH
Fra:1 Mem:64.59M (Peak 103.49M) | Time:00:01.17 | Mem:10.50M, Peak:10.50M | Scene, ViewLayer | Updating Geometry BVH common_daughter_room_shelf_01_top_mesh 724/1029 | Building BVH
Fra:1 Mem:64.59M (Peak 103.49M) | Time:00:01.17 | Mem:10.53M, Peak:10.53M | Scene, ViewLayer | Updating Geometry BVH common_daughter_room_shelf_01_sh1_mesh 725/1029 | Building BVH
Fra:1 Mem:64.59M (Peak 103.49M) | Time:00:01.17 | Mem:10.54M, Peak:10.54M | Scene, ViewLayer | Updating Geometry BVH common_daughter_room_shelf_01_sh2_mesh 726/1029 | Building BVH
Fra:1 Mem:64.59M (Peak 103.49M) | Time:00:01.17 | Mem:10.54M, Peak:10.54M | Scene, ViewLayer | Updating Geometry BVH common_daughter_room_desk_01_top_mesh 727/1029 | Building BVH
Fra:1 Mem:64.59M (Peak 103.49M) | Time:00:01.17 | Mem:10.55M, Peak:10.55M | Scene, ViewLayer | Updating Geometry BVH common_daughter_room_desk_01_drawer_mesh 728/1029 | Building BVH
Fra:1 Mem:64.59M (Peak 103.49M) | Time:00:01.17 | Mem:10.55M, Peak:10.55M | Scene, ViewLayer | Updating Geometry BVH common_daughter_room_desk_01_leg0_mesh 729/1029 | Building BVH
Fra:1 Mem:64.59M (Peak 103.49M) | Time:00:01.17 | Mem:10.55M, Peak:10.55M | Scene, ViewLayer | Updating Geometry BVH common_daughter_room_desk_01_leg1_mesh 730/1029 | Building BVH
Fra:1 Mem:64.59M (Peak 103.49M) | Time:00:01.17 | Mem:10.57M, Peak:10.57M | Scene, ViewLayer | Updating Geometry BVH common_daughter_room_desk_01_leg2_mesh 731/1029 | Building BVH
Fra:1 Mem:64.59M (Peak 103.49M) | Time:00:01.17 | Mem:10.58M, Peak:10.58M | Scene, ViewLayer | Updating Geometry BVH common_daughter_room_desk_01_leg3_mesh 732/1029 | Building BVH
Fra:1 Mem:64.59M (Peak 103.49M) | Time:00:01.17 | Mem:10.59M, Peak:10.59M | Scene, ViewLayer | Updating Geometry BVH A_living_dining_balcony_sofa_01_arm1_mesh 997/1029 | Building BVH
Fra:1 Mem:64.59M (Peak 103.49M) | Time:00:01.17 | Mem:10.61M, Peak:10.61M | Scene, ViewLayer | Updating Geometry BVH common_daughter_room_chair_01_seat_mesh 733/1029 | Building BVH
Fra:1 Mem:64.59M (Peak 103.49M) | Time:00:01.17 | Mem:10.62M, Peak:10.62M | Scene, ViewLayer | Updating Geometry BVH common_daughter_room_chair_01_back_mesh 734/1029 | Building BVH
Fra:1 Mem:64.59M (Peak 103.49M) | Time:00:01.17 | Mem:10.63M, Peak:10.63M | Scene, ViewLayer | Updating Geometry BVH common_daughter_room_chair_01_post_mesh 735/1029 | Building BVH
Fra:1 Mem:64.59M (Peak 103.49M) | Time:00:01.17 | Mem:10.63M, Peak:10.64M | Scene, ViewLayer | Updating Geometry BVH common_daughter_room_chair_01_base_mesh 736/1029 | Building BVH
Fra:1 Mem:64.59M (Peak 103.49M) | Time:00:01.18 | Mem:10.65M, Peak:10.65M | Scene, ViewLayer | Updating Geometry BVH common_son_room_wardrobe_01_body_mesh 737/1029 | Building BVH
Fra:1 Mem:64.59M (Peak 103.49M) | Time:00:01.18 | Mem:10.68M, Peak:10.69M | Scene, ViewLayer | Updating Geometry BVH common_son_room_wardrobe_01_slA_f0_mesh 738/1029 | Building BVH
Fra:1 Mem:64.59M (Peak 103.49M) | Time:00:01.18 | Mem:10.68M, Peak:10.69M | Scene, ViewLayer | Updating Geometry BVH common_son_room_wardrobe_01_slA_f1_mesh 739/1029 | Building BVH
Fra:1 Mem:64.59M (Peak 103.49M) | Time:00:01.18 | Mem:10.69M, Peak:10.69M | Scene, ViewLayer | Updating Geometry BVH common_son_room_wardrobe_01_slA_f2_mesh 740/1029 | Building BVH
Fra:1 Mem:64.59M (Peak 103.49M) | Time:00:01.18 | Mem:10.70M, Peak:10.70M | Scene, ViewLayer | Updating Geometry BVH common_son_room_wardrobe_01_slB_f0_mesh 741/1029 | Building BVH
Fra:1 Mem:64.59M (Peak 103.49M) | Time:00:01.18 | Mem:10.69M, Peak:10.70M | Scene, ViewLayer | Updating Geometry BVH common_son_room_wardrobe_01_slB_f1_mesh 742/1029 | Building BVH
Fra:1 Mem:64.59M (Peak 103.49M) | Time:00:01.18 | Mem:10.70M, Peak:10.70M | Scene, ViewLayer | Updating Geometry BVH common_son_room_wardrobe_01_slB_f2_mesh 743/1029 | Building BVH
Fra:1 Mem:64.59M (Peak 103.49M) | Time:00:01.18 | Mem:10.72M, Peak:10.72M | Scene, ViewLayer | Updating Geometry BVH common_son_room_bed_01_frame_mesh 744/1029 | Building BVH
Fra:1 Mem:64.59M (Peak 103.49M) | Time:00:01.18 | Mem:10.81M, Peak:10.81M | Scene, ViewLayer | Updating Geometry BVH A_living_dining_balcony_sofa_01_arm0_mesh 996/1029 | Building BVH
Fra:1 Mem:64.59M (Peak 103.49M) | Time:00:01.18 | Mem:10.79M, Peak:10.81M | Scene, ViewLayer | Updating Geometry BVH common_son_room_bed_01_mattress_mesh 745/1029 | Building BVH
Fra:1 Mem:64.59M (Peak 103.49M) | Time:00:01.18 | Mem:10.79M, Peak:10.81M | Scene, ViewLayer | Updating Geometry BVH common_son_room_bed_01_headboard_mesh 746/1029 | Building BVH
Fra:1 Mem:64.59M (Peak 103.49M) | Time:00:01.18 | Mem:10.79M, Peak:10.81M | Scene, ViewLayer | Updating Geometry BVH common_son_room_bed_01_duvet_mesh 747/1029 | Building BVH
Fra:1 Mem:64.59M (Peak 103.49M) | Time:00:01.18 | Mem:10.80M, Peak:10.81M | Scene, ViewLayer | Updating Geometry BVH common_son_room_bed_01_duvetdrop_mesh 748/1029 | Building BVH
Fra:1 Mem:64.59M (Peak 103.49M) | Time:00:01.18 | Mem:10.83M, Peak:10.83M | Scene, ViewLayer | Updating Geometry BVH common_son_room_bed_01_duvetdrop2_mesh 749/1029 | Building BVH
Fra:1 Mem:64.59M (Peak 103.49M) | Time:00:01.18 | Mem:10.83M, Peak:10.83M | Scene, ViewLayer | Updating Geometry BVH common_son_room_bed_01_pillow1_mesh 750/1029 | Building BVH
Fra:1 Mem:64.59M (Peak 103.49M) | Time:00:01.18 | Mem:10.89M, Peak:10.89M | Scene, ViewLayer | Updating Geometry BVH common_son_room_bed_01_pillow2_mesh 751/1029 | Building BVH
Fra:1 Mem:64.59M (Peak 103.49M) | Time:00:01.18 | Mem:10.93M, Peak:10.93M | Scene, ViewLayer | Updating Geometry BVH common_son_room_bed_01_pillow_acc_mesh 752/1029 | Building BVH
Fra:1 Mem:64.59M (Peak 103.49M) | Time:00:01.18 | Mem:10.94M, Peak:10.94M | Scene, ViewLayer | Updating Geometry BVH common_son_room_bed_01_throw_mesh 753/1029 | Building BVH
Fra:1 Mem:64.59M (Peak 103.49M) | Time:00:01.18 | Mem:10.94M, Peak:10.94M | Scene, ViewLayer | Updating Geometry BVH common_son_room_desk_01_top_mesh 754/1029 | Building BVH
Fra:1 Mem:64.59M (Peak 103.49M) | Time:00:01.18 | Mem:10.94M, Peak:10.94M | Scene, ViewLayer | Updating Geometry BVH common_son_room_desk_01_drawer_mesh 755/1029 | Building BVH
Fra:1 Mem:64.59M (Peak 103.49M) | Time:00:01.18 | Mem:10.94M, Peak:10.94M | Scene, ViewLayer | Updating Geometry BVH common_son_room_desk_01_leg0_mesh 756/1029 | Building BVH
Fra:1 Mem:64.59M (Peak 103.49M) | Time:00:01.18 | Mem:10.94M, Peak:10.94M | Scene, ViewLayer | Updating Geometry BVH common_son_room_desk_01_leg1_mesh 757/1029 | Building BVH
Fra:1 Mem:64.59M (Peak 103.49M) | Time:00:01.18 | Mem:10.96M, Peak:10.96M | Scene, ViewLayer | Updating Geometry BVH common_son_room_desk_01_leg2_mesh 758/1029 | Building BVH
Fra:1 Mem:64.59M (Peak 103.49M) | Time:00:01.18 | Mem:11.01M, Peak:11.01M | Scene, ViewLayer | Updating Geometry BVH common_son_room_desk_01_leg3_mesh 759/1029 | Building BVH
Fra:1 Mem:64.59M (Peak 103.49M) | Time:00:01.18 | Mem:11.01M, Peak:11.01M | Scene, ViewLayer | Updating Geometry BVH common_son_room_shelf_01_side0_mesh 760/1029 | Building BVH
Fra:1 Mem:64.59M (Peak 103.49M) | Time:00:01.18 | Mem:11.00M, Peak:11.01M | Scene, ViewLayer | Updating Geometry BVH common_son_room_shelf_01_side1_mesh 761/1029 | Building BVH
Fra:1 Mem:64.59M (Peak 103.49M) | Time:00:01.18 | Mem:11.02M, Peak:11.02M | Scene, ViewLayer | Updating Geometry BVH common_son_room_shelf_01_top_mesh 762/1029 | Building BVH
Fra:1 Mem:64.59M (Peak 103.49M) | Time:00:01.18 | Mem:11.02M, Peak:11.02M | Scene, ViewLayer | Updating Geometry BVH common_son_room_shelf_01_sh1_mesh 763/1029 | Building BVH
Fra:1 Mem:64.59M (Peak 103.49M) | Time:00:01.18 | Mem:11.05M, Peak:11.05M | Scene, ViewLayer | Updating Geometry BVH common_son_room_chair_01_seat_mesh 764/1029 | Building BVH
Fra:1 Mem:64.59M (Peak 103.49M) | Time:00:01.18 | Mem:11.05M, Peak:11.05M | Scene, ViewLayer | Updating Geometry BVH common_son_room_chair_01_back_mesh 765/1029 | Building BVH
Fra:1 Mem:64.59M (Peak 103.49M) | Time:00:01.18 | Mem:11.05M, Peak:11.05M | Scene, ViewLayer | Updating Geometry BVH common_son_room_chair_01_post_mesh 766/1029 | Building BVH
Fra:1 Mem:64.59M (Peak 103.49M) | Time:00:01.18 | Mem:11.05M, Peak:11.05M | Scene, ViewLayer | Updating Geometry BVH common_son_room_chair_01_base_mesh 767/1029 | Building BVH
Fra:1 Mem:64.59M (Peak 103.49M) | Time:00:01.18 | Mem:11.11M, Peak:11.11M | Scene, ViewLayer | Updating Geometry BVH common_son_room_rug_01_pile_mesh 768/1029 | Building BVH
Fra:1 Mem:64.59M (Peak 103.49M) | Time:00:01.18 | Mem:11.10M, Peak:11.11M | Scene, ViewLayer | Updating Geometry BVH A_living_dining_balcony_sofa_01_seat2_mesh 995/1029 | Building BVH
Fra:1 Mem:64.59M (Peak 103.49M) | Time:00:01.18 | Mem:11.10M, Peak:11.11M | Scene, ViewLayer | Updating Geometry BVH fx_curt_master_sheer_mesh 769/1029 | Building BVH
Fra:1 Mem:64.59M (Peak 103.49M) | Time:00:01.18 | Mem:11.10M, Peak:11.11M | Scene, ViewLayer | Updating Geometry BVH fx_curt_master_bo_e_mesh 771/1029 | Building BVH
Fra:1 Mem:64.59M (Peak 103.49M) | Time:00:01.18 | Mem:11.13M, Peak:11.13M | Scene, ViewLayer | Updating Geometry BVH fx_curt_parents_sheer_mesh 772/1029 | Building BVH
Fra:1 Mem:64.59M (Peak 103.49M) | Time:00:01.18 | Mem:11.15M, Peak:11.15M | Scene, ViewLayer | Updating Geometry BVH fx_curt_parents_roller_mesh 773/1029 | Building BVH
Fra:1 Mem:64.59M (Peak 103.49M) | Time:00:01.18 | Mem:11.15M, Peak:11.15M | Scene, ViewLayer | Updating Geometry BVH fx_curt_daughter_sheer_mesh 774/1029 | Building BVH
Fra:1 Mem:64.59M (Peak 103.49M) | Time:00:01.18 | Mem:11.17M, Peak:11.17M | Scene, ViewLayer | Updating Geometry BVH fx_curt_daughter_bo_w_mesh 775/1029 | Building BVH
Fra:1 Mem:64.59M (Peak 103.49M) | Time:00:01.18 | Mem:11.17M, Peak:11.18M | Scene, ViewLayer | Updating Geometry BVH fx_curt_daughter_bo_e_mesh 776/1029 | Building BVH
Fra:1 Mem:64.59M (Peak 103.49M) | Time:00:01.18 | Mem:11.18M, Peak:11.18M | Scene, ViewLayer | Updating Geometry BVH fx_curt_son_sheer_mesh 777/1029 | Building BVH
Fra:1 Mem:64.59M (Peak 103.49M) | Time:00:01.18 | Mem:11.18M, Peak:11.18M | Scene, ViewLayer | Updating Geometry BVH fx_curt_son_bo_w_mesh 778/1029 | Building BVH
Fra:1 Mem:64.59M (Peak 103.49M) | Time:00:01.18 | Mem:11.20M, Peak:11.20M | Scene, ViewLayer | Updating Geometry BVH fx_blind_mb_slats0_mesh 780/1029 | Building BVH
Fra:1 Mem:64.59M (Peak 103.49M) | Time:00:01.18 | Mem:11.20M, Peak:11.20M | Scene, ViewLayer | Updating Geometry BVH fx_curt_son_bo_e_mesh 779/1029 | Building BVH
Fra:1 Mem:64.59M (Peak 103.49M) | Time:00:01.18 | Mem:11.30M, Peak:11.30M | Scene, ViewLayer | Updating Geometry BVH fx_blind_mb_slats1_mesh 781/1029 | Building BVH
Fra:1 Mem:64.59M (Peak 103.49M) | Time:00:01.18 | Mem:11.29M, Peak:11.30M | Scene, ViewLayer | Updating Geometry BVH fx_blind_mb_slats2_mesh 782/1029 | Building BVH
Fra:1 Mem:64.59M (Peak 103.49M) | Time:00:01.18 | Mem:11.29M, Peak:11.30M | Scene, ViewLayer | Updating Geometry BVH fx_blind_mb_slats3_mesh 783/1029 | Building BVH
Fra:1 Mem:64.59M (Peak 103.49M) | Time:00:01.18 | Mem:11.29M, Peak:11.30M | Scene, ViewLayer | Updating Geometry BVH fx_blind_mb_slats4_mesh 784/1029 | Building BVH
Fra:1 Mem:64.59M (Peak 103.49M) | Time:00:01.18 | Mem:11.27M, Peak:11.30M | Scene, ViewLayer | Updating Geometry BVH fx_blind_mb_slats5_mesh 785/1029 | Building BVH
Fra:1 Mem:64.59M (Peak 103.49M) | Time:00:01.18 | Mem:11.27M, Peak:11.30M | Scene, ViewLayer | Updating Geometry BVH fx_blind_mb_slats6_mesh 786/1029 | Building BVH
Fra:1 Mem:64.59M (Peak 103.49M) | Time:00:01.18 | Mem:11.27M, Peak:11.30M | Scene, ViewLayer | Updating Geometry BVH fx_blind_mb_slats7_mesh 787/1029 | Building BVH
Fra:1 Mem:64.59M (Peak 103.49M) | Time:00:01.18 | Mem:11.30M, Peak:11.30M | Scene, ViewLayer | Updating Geometry BVH fx_blind_mb_slats8_mesh 788/1029 | Building BVH
Fra:1 Mem:64.59M (Peak 103.49M) | Time:00:01.18 | Mem:11.34M, Peak:11.34M | Scene, ViewLayer | Updating Geometry BVH fx_ceiling_master_bedroom_mesh 789/1029 | Building BVH
Fra:1 Mem:64.59M (Peak 103.49M) | Time:00:01.18 | Mem:11.40M, Peak:11.40M | Scene, ViewLayer | Updating Geometry BVH fx_ceiling_parents_room_mesh 790/1029 | Building BVH
Fra:1 Mem:64.59M (Peak 103.49M) | Time:00:01.18 | Mem:11.44M, Peak:11.45M | Scene, ViewLayer | Updating Geometry BVH fx_ceiling_daughter_room_mesh 791/1029 | Building BVH
Fra:1 Mem:64.59M (Peak 103.49M) | Time:00:01.18 | Mem:11.44M, Peak:11.45M | Scene, ViewLayer | Updating Geometry BVH fx_ceiling_son_room_mesh 792/1029 | Building BVH
Fra:1 Mem:64.59M (Peak 103.49M) | Time:00:01.18 | Mem:11.44M, Peak:11.45M | Scene, ViewLayer | Updating Geometry BVH fx_spot_living00_mesh 793/1029 | Building BVH
Fra:1 Mem:64.59M (Peak 103.49M) | Time:00:01.18 | Mem:11.47M, Peak:11.47M | Scene, ViewLayer | Updating Geometry BVH fx_spot_living00_r_mesh 794/1029 | Building BVH
Fra:1 Mem:64.59M (Peak 103.49M) | Time:00:01.18 | Mem:11.49M, Peak:11.49M | Scene, ViewLayer | Updating Geometry BVH fx_spot_living01_mesh 795/1029 | Building BVH
Fra:1 Mem:64.59M (Peak 103.49M) | Time:00:01.18 | Mem:11.51M, Peak:11.51M | Scene, ViewLayer | Updating Geometry BVH A_living_dining_balcony_sofa_01_seat1_mesh 994/1029 | Building BVH
Fra:1 Mem:64.59M (Peak 103.49M) | Time:00:01.18 | Mem:11.51M, Peak:11.51M | Scene, ViewLayer | Updating Geometry BVH fx_spot_living01_r_mesh 796/1029 | Building BVH
Fra:1 Mem:64.59M (Peak 103.49M) | Time:00:01.18 | Mem:11.53M, Peak:11.53M | Scene, ViewLayer | Updating Geometry BVH fx_spot_living02_mesh 797/1029 | Building BVH
Fra:1 Mem:64.59M (Peak 103.49M) | Time:00:01.18 | Mem:11.55M, Peak:11.55M | Scene, ViewLayer | Updating Geometry BVH fx_spot_living02_r_mesh 798/1029 | Building BVH
Fra:1 Mem:64.59M (Peak 103.49M) | Time:00:01.18 | Mem:11.56M, Peak:11.56M | Scene, ViewLayer | Updating Geometry BVH fx_spot_living04_mesh 801/1029 | Building BVH
Fra:1 Mem:64.59M (Peak 103.49M) | Time:00:01.18 | Mem:11.56M, Peak:11.56M | Scene, ViewLayer | Updating Geometry BVH fx_spot_living04_r_mesh 802/1029 | Building BVH
Fra:1 Mem:64.59M (Peak 103.49M) | Time:00:01.18 | Mem:11.56M, Peak:11.56M | Scene, ViewLayer | Updating Geometry BVH fx_spot_living05_mesh 803/1029 | Building BVH
Fra:1 Mem:64.59M (Peak 103.49M) | Time:00:01.18 | Mem:11.56M, Peak:11.56M | Scene, ViewLayer | Updating Geometry BVH fx_spot_living05_r_mesh 804/1029 | Building BVH
Fra:1 Mem:64.59M (Peak 103.49M) | Time:00:01.18 | Mem:11.56M, Peak:11.56M | Scene, ViewLayer | Updating Geometry BVH fx_spot_living06_mesh 805/1029 | Building BVH
Fra:1 Mem:64.59M (Peak 103.49M) | Time:00:01.18 | Mem:11.56M, Peak:11.56M | Scene, ViewLayer | Updating Geometry BVH fx_spot_living07_mesh 807/1029 | Building BVH
Fra:1 Mem:64.59M (Peak 103.49M) | Time:00:01.18 | Mem:11.58M, Peak:11.58M | Scene, ViewLayer | Updating Geometry BVH fx_spot_living07_r_mesh 808/1029 | Building BVH
Fra:1 Mem:64.59M (Peak 103.49M) | Time:00:01.18 | Mem:11.58M, Peak:11.58M | Scene, ViewLayer | Updating Geometry BVH fx_spot_living08_mesh 809/1029 | Building BVH
Fra:1 Mem:64.59M (Peak 103.49M) | Time:00:01.18 | Mem:11.59M, Peak:11.59M | Scene, ViewLayer | Updating Geometry BVH fx_spot_living08_r_mesh 810/1029 | Building BVH
Fra:1 Mem:64.59M (Peak 103.49M) | Time:00:01.18 | Mem:11.63M, Peak:11.63M | Scene, ViewLayer | Updating Geometry BVH A_living_dining_balcony_sofa_01_seat0_mesh 993/1029 | Building BVH
Fra:1 Mem:64.59M (Peak 103.49M) | Time:00:01.18 | Mem:11.65M, Peak:11.65M | Scene, ViewLayer | Updating Geometry BVH fx_spot_living09_r_mesh 812/1029 | Building BVH
Fra:1 Mem:64.59M (Peak 103.49M) | Time:00:01.18 | Mem:11.66M, Peak:11.66M | Scene, ViewLayer | Updating Geometry BVH fx_spot_living09_mesh 811/1029 | Building BVH
Fra:1 Mem:64.59M (Peak 103.49M) | Time:00:01.18 | Mem:11.75M, Peak:11.75M | Scene, ViewLayer | Updating Geometry BVH fx_spot_living10_mesh 813/1029 | Building BVH
Fra:1 Mem:64.59M (Peak 103.49M) | Time:00:01.18 | Mem:11.81M, Peak:11.82M | Scene, ViewLayer | Updating Geometry BVH fx_spot_living10_r_mesh 814/1029 | Building BVH
Fra:1 Mem:64.59M (Peak 103.49M) | Time:00:01.18 | Mem:11.80M, Peak:11.82M | Scene, ViewLayer | Updating Geometry BVH fx_spot_living11_mesh 815/1029 | Building BVH
Fra:1 Mem:64.59M (Peak 103.49M) | Time:00:01.18 | Mem:11.80M, Peak:11.82M | Scene, ViewLayer | Updating Geometry BVH fx_spot_living12_mesh 817/1029 | Building BVH
Fra:1 Mem:64.59M (Peak 103.49M) | Time:00:01.18 | Mem:11.82M, Peak:11.82M | Scene, ViewLayer | Updating Geometry BVH fx_spot_living12_r_mesh 818/1029 | Building BVH
Fra:1 Mem:64.59M (Peak 103.49M) | Time:00:01.18 | Mem:11.84M, Peak:11.84M | Scene, ViewLayer | Updating Geometry BVH fx_spot_living13_r_mesh 820/1029 | Building BVH
Fra:1 Mem:64.59M (Peak 103.49M) | Time:00:01.18 | Mem:11.84M, Peak:11.84M | Scene, ViewLayer | Updating Geometry BVH fx_spot_living14_mesh 821/1029 | Building BVH
Fra:1 Mem:64.59M (Peak 103.49M) | Time:00:01.18 | Mem:11.85M, Peak:11.85M | Scene, ViewLayer | Updating Geometry BVH fx_spot_living14_r_mesh 822/1029 | Building BVH
Fra:1 Mem:64.59M (Peak 103.49M) | Time:00:01.18 | Mem:11.94M, Peak:11.94M | Scene, ViewLayer | Updating Geometry BVH fx_spot_living15_mesh 823/1029 | Building BVH
Fra:1 Mem:64.59M (Peak 103.49M) | Time:00:01.18 | Mem:11.95M, Peak:11.95M | Scene, ViewLayer | Updating Geometry BVH fx_spot_living16_mesh 825/1029 | Building BVH
Fra:1 Mem:64.59M (Peak 103.49M) | Time:00:01.18 | Mem:11.97M, Peak:11.97M | Scene, ViewLayer | Updating Geometry BVH fx_spot_living16_r_mesh 826/1029 | Building BVH
Fra:1 Mem:64.59M (Peak 103.49M) | Time:00:01.18 | Mem:11.97M, Peak:11.97M | Scene, ViewLayer | Updating Geometry BVH fx_spot_room0_mesh 827/1029 | Building BVH
Fra:1 Mem:64.59M (Peak 103.49M) | Time:00:01.19 | Mem:12.00M, Peak:12.00M | Scene, ViewLayer | Updating Geometry BVH fx_spot_room1_mesh 828/1029 | Building BVH
Fra:1 Mem:64.59M (Peak 103.49M) | Time:00:01.19 | Mem:12.01M, Peak:12.01M | Scene, ViewLayer | Updating Geometry BVH fx_spot_room2_mesh 829/1029 | Building BVH
Fra:1 Mem:64.59M (Peak 103.49M) | Time:00:01.19 | Mem:12.01M, Peak:12.01M | Scene, ViewLayer | Updating Geometry BVH fx_spot_room3_mesh 830/1029 | Building BVH
Fra:1 Mem:64.59M (Peak 103.49M) | Time:00:01.19 | Mem:12.03M, Peak:12.03M | Scene, ViewLayer | Updating Geometry BVH fx_spot_room4_mesh 831/1029 | Building BVH
Fra:1 Mem:64.59M (Peak 103.49M) | Time:00:01.19 | Mem:12.04M, Peak:12.04M | Scene, ViewLayer | Updating Geometry BVH fx_spot_room5_mesh 832/1029 | Building BVH
Fra:1 Mem:64.59M (Peak 103.49M) | Time:00:01.19 | Mem:12.08M, Peak:12.09M | Scene, ViewLayer | Updating Geometry BVH fx_spot_room6_mesh 833/1029 | Building BVH
Fra:1 Mem:64.59M (Peak 103.49M) | Time:00:01.19 | Mem:12.09M, Peak:12.10M | Scene, ViewLayer | Updating Geometry BVH fx_wall_lamp0_mesh 835/1029 | Building BVH
Fra:1 Mem:64.59M (Peak 103.49M) | Time:00:01.19 | Mem:12.09M, Peak:12.10M | Scene, ViewLayer | Updating Geometry BVH fx_wall_lamp0_sh_mesh 836/1029 | Building BVH
Fra:1 Mem:64.59M (Peak 103.49M) | Time:00:01.19 | Mem:12.10M, Peak:12.10M | Scene, ViewLayer | Updating Geometry BVH fx_wall_lamp1_mesh 837/1029 | Building BVH
Fra:1 Mem:64.59M (Peak 103.49M) | Time:00:01.19 | Mem:12.10M, Peak:12.10M | Scene, ViewLayer | Updating Geometry BVH A_living_dining_balcony_sofa_01_back2_mesh 992/1029 | Building BVH
Fra:1 Mem:64.59M (Peak 103.49M) | Time:00:01.19 | Mem:12.12M, Peak:12.12M | Scene, ViewLayer | Updating Geometry BVH fx_wall_lamp1_sh_mesh 838/1029 | Building BVH
Fra:1 Mem:64.59M (Peak 103.49M) | Time:00:01.19 | Mem:12.12M, Peak:12.12M | Scene, ViewLayer | Updating Geometry BVH fx_wall_lamp2_sh_mesh 840/1029 | Building BVH
Fra:1 Mem:64.59M (Peak 103.49M) | Time:00:01.19 | Mem:12.17M, Peak:12.17M | Scene, ViewLayer | Updating Geometry BVH fx_foyer_jar_mesh 841/1029 | Building BVH
Fra:1 Mem:64.59M (Peak 103.49M) | Time:00:01.19 | Mem:12.25M, Peak:12.25M | Scene, ViewLayer | Updating Geometry BVH fx_foyer_pic_mesh 842/1029 | Building BVH
Fra:1 Mem:64.59M (Peak 103.49M) | Time:00:01.19 | Mem:12.30M, Peak:12.30M | Scene, ViewLayer | Updating Geometry BVH fx_kn_board_mesh 843/1029 | Building BVH
Fra:1 Mem:64.59M (Peak 103.49M) | Time:00:01.19 | Mem:12.32M, Peak:12.32M | Scene, ViewLayer | Updating Geometry BVH fx_kn_oil_mesh 844/1029 | Building BVH
Fra:1 Mem:64.59M (Peak 103.49M) | Time:00:01.19 | Mem:12.34M, Peak:12.34M | Scene, ViewLayer | Updating Geometry BVH fx_kn_herb_mesh 845/1029 | Building BVH
Fra:1 Mem:64.59M (Peak 103.49M) | Time:00:01.19 | Mem:12.34M, Peak:12.34M | Scene, ViewLayer | Updating Geometry BVH fx_kn_herb_leaf1_mesh 846/1029 | Building BVH
Fra:1 Mem:64.59M (Peak 103.49M) | Time:00:01.19 | Mem:12.34M, Peak:12.34M | Scene, ViewLayer | Updating Geometry BVH fx_kn_herb_leaf2_mesh 847/1029 | Building BVH
Fra:1 Mem:64.59M (Peak 103.49M) | Time:00:01.19 | Mem:12.34M, Peak:12.34M | Scene, ViewLayer | Updating Geometry BVH fx_bc_book01_mesh 850/1029 | Building BVH
Fra:1 Mem:64.59M (Peak 103.49M) | Time:00:01.19 | Mem:12.31M, Peak:12.34M | Scene, ViewLayer | Updating Geometry BVH fx_bc_book02_mesh 851/1029 | Building BVH
Fra:1 Mem:64.59M (Peak 103.49M) | Time:00:01.19 | Mem:12.31M, Peak:12.34M | Scene, ViewLayer | Updating Geometry BVH fx_bc_book10_mesh 852/1029 | Building BVH
Fra:1 Mem:64.59M (Peak 103.49M) | Time:00:01.19 | Mem:12.31M, Peak:12.34M | Scene, ViewLayer | Updating Geometry BVH fx_bc_book11_mesh 853/1029 | Building BVH
Fra:1 Mem:64.59M (Peak 103.49M) | Time:00:01.19 | Mem:12.33M, Peak:12.34M | Scene, ViewLayer | Updating Geometry BVH fx_bc_book12_mesh 854/1029 | Building BVH
Fra:1 Mem:64.59M (Peak 103.49M) | Time:00:01.19 | Mem:12.34M, Peak:12.34M | Scene, ViewLayer | Updating Geometry BVH fx_bc_pot_mesh 856/1029 | Building BVH
Fra:1 Mem:64.59M (Peak 103.49M) | Time:00:01.19 | Mem:12.34M, Peak:12.34M | Scene, ViewLayer | Updating Geometry BVH fx_desk_book0_mesh 857/1029 | Building BVH
Fra:1 Mem:64.59M (Peak 103.49M) | Time:00:01.19 | Mem:12.45M, Peak:12.45M | Scene, ViewLayer | Updating Geometry BVH fx_desk_book1_mesh 858/1029 | Building BVH
Fra:1 Mem:64.59M (Peak 103.49M) | Time:00:01.19 | Mem:12.54M, Peak:12.54M | Scene, ViewLayer | Updating Geometry BVH fx_fiddle_pot_mesh 859/1029 | Building BVH
Fra:1 Mem:64.59M (Peak 103.49M) | Time:00:01.19 | Mem:12.54M, Peak:12.54M | Scene, ViewLayer | Updating Geometry BVH fx_fiddle_stem_mesh 860/1029 | Building BVH
Fra:1 Mem:64.59M (Peak 103.49M) | Time:00:01.19 | Mem:12.56M, Peak:12.56M | Scene, ViewLayer | Updating Geometry BVH fx_fiddle_leaf0_mesh 861/1029 | Building BVH
Fra:1 Mem:64.59M (Peak 103.49M) | Time:00:01.19 | Mem:12.59M, Peak:12.59M | Scene, ViewLayer | Updating Geometry BVH fx_fiddle_leaf1_mesh 862/1029 | Building BVH
Fra:1 Mem:64.59M (Peak 103.49M) | Time:00:01.19 | Mem:12.61M, Peak:12.61M | Scene, ViewLayer | Updating Geometry BVH fx_fiddle_leaf2_mesh 863/1029 | Building BVH
Fra:1 Mem:64.59M (Peak 103.49M) | Time:00:01.19 | Mem:12.62M, Peak:12.62M | Scene, ViewLayer | Updating Geometry BVH fx_fiddle_leaf3_mesh 864/1029 | Building BVH
Fra:1 Mem:64.59M (Peak 103.49M) | Time:00:01.19 | Mem:12.61M, Peak:12.62M | Scene, ViewLayer | Updating Geometry BVH fx_fiddle_leaf4_mesh 865/1029 | Building BVH
Fra:1 Mem:64.59M (Peak 103.49M) | Time:00:01.19 | Mem:12.61M, Peak:12.62M | Scene, ViewLayer | Updating Geometry BVH fx_fiddle_leaf5_mesh 866/1029 | Building BVH
Fra:1 Mem:64.59M (Peak 103.49M) | Time:00:01.19 | Mem:12.59M, Peak:12.62M | Scene, ViewLayer | Updating Geometry BVH fx_fiddle_leaf6_mesh 867/1029 | Building BVH
Fra:1 Mem:64.59M (Peak 103.49M) | Time:00:01.19 | Mem:12.59M, Peak:12.62M | Scene, ViewLayer | Updating Geometry BVH lt_sun 868/1029 | Building BVH
Fra:1 Mem:64.59M (Peak 103.49M) | Time:00:01.19 | Mem:12.59M, Peak:12.62M | Scene, ViewLayer | Updating Geometry BVH lt_spot_liv00 869/1029 | Building BVH
Fra:1 Mem:64.59M (Peak 103.49M) | Time:00:01.19 | Mem:12.59M, Peak:12.62M | Scene, ViewLayer | Updating Geometry BVH lt_spot_liv02 871/1029 | Building BVH
Fra:1 Mem:64.59M (Peak 103.49M) | Time:00:01.19 | Mem:12.59M, Peak:12.62M | Scene, ViewLayer | Updating Geometry BVH lt_spot_liv03 872/1029 | Building BVH
Fra:1 Mem:64.59M (Peak 103.49M) | Time:00:01.19 | Mem:12.59M, Peak:12.62M | Scene, ViewLayer | Updating Geometry BVH lt_spot_liv05 874/1029 | Building BVH
Fra:1 Mem:64.59M (Peak 103.49M) | Time:00:01.19 | Mem:12.63M, Peak:12.63M | Scene, ViewLayer | Updating Geometry BVH lt_spot_liv06 875/1029 | Building BVH
Fra:1 Mem:64.59M (Peak 103.49M) | Time:00:01.19 | Mem:12.63M, Peak:12.63M | Scene, ViewLayer | Updating Geometry BVH A_living_dining_balcony_sofa_01_back0_mesh 990/1029 | Building BVH
Fra:1 Mem:64.59M (Peak 103.49M) | Time:00:01.19 | Mem:12.64M, Peak:12.64M | Scene, ViewLayer | Updating Geometry BVH lt_spot_liv07 876/1029 | Building BVH
Fra:1 Mem:64.59M (Peak 103.49M) | Time:00:01.19 | Mem:12.67M, Peak:12.67M | Scene, ViewLayer | Updating Geometry BVH lt_spot_liv08 877/1029 | Building BVH
Fra:1 Mem:64.59M (Peak 103.49M) | Time:00:01.19 | Mem:12.69M, Peak:12.69M | Scene, ViewLayer | Updating Geometry BVH lt_spot_liv09 878/1029 | Building BVH
Fra:1 Mem:64.59M (Peak 103.49M) | Time:00:01.19 | Mem:12.70M, Peak:12.70M | Scene, ViewLayer | Updating Geometry BVH lt_spot_liv10 879/1029 | Building BVH
Fra:1 Mem:64.59M (Peak 103.49M) | Time:00:01.19 | Mem:12.71M, Peak:12.71M | Scene, ViewLayer | Updating Geometry BVH lt_spot_liv11 880/1029 | Building BVH
Fra:1 Mem:64.59M (Peak 103.49M) | Time:00:01.19 | Mem:12.72M, Peak:12.72M | Scene, ViewLayer | Updating Geometry BVH lt_spot_liv12 881/1029 | Building BVH
Fra:1 Mem:64.59M (Peak 103.49M) | Time:00:01.19 | Mem:12.72M, Peak:12.72M | Scene, ViewLayer | Updating Geometry BVH lt_spot_liv13 882/1029 | Building BVH
Fra:1 Mem:64.59M (Peak 103.49M) | Time:00:01.19 | Mem:12.73M, Peak:12.73M | Scene, ViewLayer | Updating Geometry BVH lt_spot_liv14 883/1029 | Building BVH
Fra:1 Mem:64.59M (Peak 103.49M) | Time:00:01.19 | Mem:12.73M, Peak:12.73M | Scene, ViewLayer | Updating Geometry BVH lt_spot_liv15 884/1029 | Building BVH
Fra:1 Mem:64.59M (Peak 103.49M) | Time:00:01.19 | Mem:12.74M, Peak:12.74M | Scene, ViewLayer | Updating Geometry BVH lt_spot_liv16 885/1029 | Building BVH
Fra:1 Mem:64.59M (Peak 103.49M) | Time:00:01.19 | Mem:12.76M, Peak:12.76M | Scene, ViewLayer | Updating Geometry BVH lt_spot_room0 886/1029 | Building BVH
Fra:1 Mem:64.59M (Peak 103.49M) | Time:00:01.19 | Mem:12.76M, Peak:12.76M | Scene, ViewLayer | Updating Geometry BVH lt_spot_room1 887/1029 | Building BVH
Fra:1 Mem:64.59M (Peak 103.49M) | Time:00:01.19 | Mem:12.76M, Peak:12.76M | Scene, ViewLayer | Updating Geometry BVH lt_spot_room2 888/1029 | Building BVH
Fra:1 Mem:64.59M (Peak 103.49M) | Time:00:01.19 | Mem:12.78M, Peak:12.78M | Scene, ViewLayer | Updating Geometry BVH lt_spot_room3 889/1029 | Building BVH
Fra:1 Mem:64.59M (Peak 103.49M) | Time:00:01.19 | Mem:12.78M, Peak:12.78M | Scene, ViewLayer | Updating Geometry BVH lt_spot_room4 890/1029 | Building BVH
Fra:1 Mem:64.59M (Peak 103.49M) | Time:00:01.19 | Mem:12.79M, Peak:12.79M | Scene, ViewLayer | Updating Geometry BVH lt_spot_room5 891/1029 | Building BVH
Fra:1 Mem:64.59M (Peak 103.49M) | Time:00:01.19 | Mem:12.80M, Peak:12.80M | Scene, ViewLayer | Updating Geometry BVH lt_spot_room6 892/1029 | Building BVH
Fra:1 Mem:64.59M (Peak 103.49M) | Time:00:01.19 | Mem:12.82M, Peak:12.82M | Scene, ViewLayer | Updating Geometry BVH lt_spot_room7 893/1029 | Building BVH
Fra:1 Mem:64.59M (Peak 103.49M) | Time:00:01.19 | Mem:12.82M, Peak:12.82M | Scene, ViewLayer | Updating Geometry BVH lt_spot_room8 894/1029 | Building BVH
Fra:1 Mem:64.59M (Peak 103.49M) | Time:00:01.19 | Mem:12.83M, Peak:12.83M | Scene, ViewLayer | Updating Geometry BVH lt_spot_room9 895/1029 | Building BVH
Fra:1 Mem:64.59M (Peak 103.49M) | Time:00:01.19 | Mem:12.84M, Peak:12.84M | Scene, ViewLayer | Updating Geometry BVH lt_spot_room10 896/1029 | Building BVH
Fra:1 Mem:64.59M (Peak 103.49M) | Time:00:01.19 | Mem:12.84M, Peak:12.84M | Scene, ViewLayer | Updating Geometry BVH lt_spot_room11 897/1029 | Building BVH
Fra:1 Mem:64.59M (Peak 103.49M) | Time:00:01.19 | Mem:12.87M, Peak:12.87M | Scene, ViewLayer | Updating Geometry BVH lt_ceiling_master 900/1029 | Building BVH
Fra:1 Mem:64.59M (Peak 103.49M) | Time:00:01.19 | Mem:12.87M, Peak:12.87M | Scene, ViewLayer | Updating Geometry BVH lt_ceiling_parents 901/1029 | Building BVH
Fra:1 Mem:64.59M (Peak 103.49M) | Time:00:01.19 | Mem:12.87M, Peak:12.87M | Scene, ViewLayer | Updating Geometry BVH lt_ceiling_daughter 902/1029 | Building BVH
Fra:1 Mem:64.59M (Peak 103.49M) | Time:00:01.19 | Mem:12.88M, Peak:12.88M | Scene, ViewLayer | Updating Geometry BVH lt_ceiling_son 903/1029 | Building BVH
Fra:1 Mem:64.59M (Peak 103.49M) | Time:00:01.19 | Mem:12.88M, Peak:12.88M | Scene, ViewLayer | Updating Geometry BVH lt_wall0 904/1029 | Building BVH
Fra:1 Mem:64.59M (Peak 103.49M) | Time:00:01.19 | Mem:12.88M, Peak:12.88M | Scene, ViewLayer | Updating Geometry BVH lt_wall1 905/1029 | Building BVH
Fra:1 Mem:64.59M (Peak 103.49M) | Time:00:01.19 | Mem:12.89M, Peak:12.89M | Scene, ViewLayer | Updating Geometry BVH lt_wall2 906/1029 | Building BVH
Fra:1 Mem:64.59M (Peak 103.49M) | Time:00:01.19 | Mem:12.89M, Peak:12.89M | Scene, ViewLayer | Updating Geometry BVH lt_strip_S_mesh 907/1029 | Building BVH
Fra:1 Mem:64.59M (Peak 103.49M) | Time:00:01.19 | Mem:12.89M, Peak:12.89M | Scene, ViewLayer | Updating Geometry BVH lt_strip_W_mesh 909/1029 | Building BVH
Fra:1 Mem:64.59M (Peak 103.49M) | Time:00:01.19 | Mem:12.91M, Peak:12.91M | Scene, ViewLayer | Updating Geometry BVH lt_strip_E_mesh 910/1029 | Building BVH
Fra:1 Mem:64.59M (Peak 103.49M) | Time:00:01.19 | Mem:12.91M, Peak:12.91M | Scene, ViewLayer | Updating Geometry BVH lt_strip_kc1_mesh 911/1029 | Building BVH
Fra:1 Mem:64.59M (Peak 103.49M) | Time:00:01.19 | Mem:12.91M, Peak:12.91M | Scene, ViewLayer | Updating Geometry BVH A_living_dining_balcony_sofa_01_base_mesh 989/1029 | Building BVH
Fra:1 Mem:64.59M (Peak 103.49M) | Time:00:01.19 | Mem:12.91M, Peak:12.91M | Scene, ViewLayer | Updating Geometry BVH lt_strip_kc2_mesh 912/1029 | Building BVH
Fra:1 Mem:64.59M (Peak 103.49M) | Time:00:01.19 | Mem:12.95M, Peak:12.95M | Scene, ViewLayer | Updating Geometry BVH lt_strip_fyb_mesh 913/1029 | Building BVH
Fra:1 Mem:64.59M (Peak 103.49M) | Time:00:01.19 | Mem:13.02M, Peak:13.02M | Scene, ViewLayer | Updating Geometry BVH lt_strip_bc_mesh 915/1029 | Building BVH
Fra:1 Mem:64.59M (Peak 103.49M) | Time:00:01.19 | Mem:13.04M, Peak:13.04M | Scene, ViewLayer | Updating Geometry BVH lt_strip_mb_mesh 916/1029 | Building BVH
Fra:1 Mem:64.59M (Peak 103.49M) | Time:00:01.19 | Mem:13.04M, Peak:13.04M | Scene, ViewLayer | Updating Geometry BVH lt_strip_cb_mesh 917/1029 | Building BVH
Fra:1 Mem:64.59M (Peak 103.49M) | Time:00:01.19 | Mem:13.04M, Peak:13.04M | Scene, ViewLayer | Updating Geometry BVH lt_strip_dt_mesh 918/1029 | Building BVH
Fra:1 Mem:64.59M (Peak 103.49M) | Time:00:01.19 | Mem:13.04M, Peak:13.04M | Scene, ViewLayer | Updating Geometry BVH lt_fill_daughter 919/1029 | Building BVH
Fra:1 Mem:64.59M (Peak 103.49M) | Time:00:01.19 | Mem:13.06M, Peak:13.06M | Scene, ViewLayer | Updating Geometry BVH lt_fill_son 920/1029 | Building BVH
Fra:1 Mem:64.59M (Peak 103.49M) | Time:00:01.19 | Mem:13.07M, Peak:13.08M | Scene, ViewLayer | Updating Geometry BVH lt_fill_pbath 922/1029 | Building BVH
Fra:1 Mem:64.59M (Peak 103.49M) | Time:00:01.19 | Mem:13.07M, Peak:13.08M | Scene, ViewLayer | Updating Geometry BVH lt_fill_mbath 923/1029 | Building BVH
Fra:1 Mem:64.59M (Peak 103.49M) | Time:00:01.19 | Mem:13.07M, Peak:13.08M | Scene, ViewLayer | Updating Geometry BVH lt_fill_corridor 924/1029 | Building BVH
Fra:1 Mem:64.59M (Peak 103.49M) | Time:00:01.19 | Mem:13.07M, Peak:13.08M | Scene, ViewLayer | Updating Geometry BVH A_living_dining_balcony_island_01_sideW_mesh 925/1029 | Building BVH
Fra:1 Mem:64.59M (Peak 103.49M) | Time:00:01.19 | Mem:13.09M, Peak:13.09M | Scene, ViewLayer | Updating Geometry BVH A_living_dining_balcony_island_01_sideE_mesh 926/1029 | Building BVH
Fra:1 Mem:64.59M (Peak 103.49M) | Time:00:01.19 | Mem:13.13M, Peak:13.13M | Scene, ViewLayer | Updating Geometry BVH A_living_dining_balcony_island_01_backN_mesh 927/1029 | Building BVH
Fra:1 Mem:64.59M (Peak 103.49M) | Time:00:01.19 | Mem:13.13M, Peak:13.13M | Scene, ViewLayer | Updating Geometry BVH A_living_dining_balcony_island_01_base_mesh 928/1029 | Building BVH
Fra:1 Mem:64.59M (Peak 103.49M) | Time:00:01.19 | Mem:13.14M, Peak:13.14M | Scene, ViewLayer | Updating Geometry BVH A_living_dining_balcony_island_01_oven_mesh 929/1029 | Building BVH
Fra:1 Mem:64.59M (Peak 103.49M) | Time:00:01.19 | Mem:13.15M, Peak:13.15M | Scene, ViewLayer | Updating Geometry BVH A_living_dining_balcony_island_01_drw_f0_mesh 930/1029 | Building BVH
Fra:1 Mem:64.59M (Peak 103.49M) | Time:00:01.19 | Mem:13.15M, Peak:13.15M | Scene, ViewLayer | Updating Geometry BVH A_living_dining_balcony_island_01_drw_p0_mesh 931/1029 | Building BVH
Fra:1 Mem:64.59M (Peak 103.49M) | Time:00:01.19 | Mem:13.15M, Peak:13.15M | Scene, ViewLayer | Updating Geometry BVH A_living_dining_balcony_island_01_niche_mesh 932/1029 | Building BVH
Fra:1 Mem:64.59M (Peak 103.49M) | Time:00:01.19 | Mem:13.16M, Peak:13.16M | Scene, ViewLayer | Updating Geometry BVH A_living_dining_balcony_island_01_sh0_mesh 933/1029 | Building BVH
Fra:1 Mem:64.59M (Peak 103.49M) | Time:00:01.19 | Mem:13.18M, Peak:13.18M | Scene, ViewLayer | Updating Geometry BVH A_living_dining_balcony_island_01_sh1_mesh 934/1029 | Building BVH
Fra:1 Mem:64.59M (Peak 103.49M) | Time:00:01.19 | Mem:13.18M, Peak:13.18M | Scene, ViewLayer | Updating Geometry BVH A_living_dining_balcony_island_01_top_mesh 935/1029 | Building BVH
Fra:1 Mem:64.59M (Peak 103.49M) | Time:00:01.19 | Mem:13.18M, Peak:13.18M | Scene, ViewLayer | Updating Geometry BVH A_living_dining_balcony_dining_chair_05_arm1_mesh 988/1029 | Building BVH
Fra:1 Mem:64.59M (Peak 103.49M) | Time:00:01.19 | Mem:13.20M, Peak:13.20M | Scene, ViewLayer | Updating Geometry BVH A_living_dining_balcony_tv_cabinet_01_body_mesh 936/1029 | Building BVH
Fra:1 Mem:64.59M (Peak 103.49M) | Time:00:01.19 | Mem:13.22M, Peak:13.22M | Scene, ViewLayer | Updating Geometry BVH A_living_dining_balcony_tv_cabinet_01_door_f0_mesh 937/1029 | Building BVH
Fra:1 Mem:64.59M (Peak 103.49M) | Time:00:01.19 | Mem:13.23M, Peak:13.23M | Scene, ViewLayer | Updating Geometry BVH A_living_dining_balcony_tv_cabinet_01_door_f1_mesh 938/1029 | Building BVH
Fra:1 Mem:64.59M (Peak 103.49M) | Time:00:01.19 | Mem:13.24M, Peak:13.24M | Scene, ViewLayer | Updating Geometry BVH A_living_dining_balcony_tv_cabinet_01_door_f2_mesh 939/1029 | Building BVH
Fra:1 Mem:64.59M (Peak 103.49M) | Time:00:01.19 | Mem:13.26M, Peak:13.26M | Scene, ViewLayer | Updating Geometry BVH A_living_dining_balcony_pendant_lamp_01_rod_mesh 940/1029 | Building BVH
Fra:1 Mem:64.59M (Peak 103.49M) | Time:00:01.19 | Mem:13.30M, Peak:13.30M | Scene, ViewLayer | Updating Geometry BVH A_living_dining_balcony_pendant_lamp_01_ globe_mesh 941/1029 | Building BVH
Fra:1 Mem:64.59M (Peak 103.49M) | Time:00:01.19 | Mem:13.32M, Peak:13.32M | Scene, ViewLayer | Updating Geometry BVH A_living_dining_balcony_island_02_top_mesh 942/1029 | Building BVH
Fra:1 Mem:64.59M (Peak 103.49M) | Time:00:01.19 | Mem:13.38M, Peak:13.38M | Scene, ViewLayer | Updating Geometry BVH A_living_dining_balcony_island_02_leg0_mesh 943/1029 | Building BVH
Fra:1 Mem:64.59M (Peak 103.49M) | Time:00:01.19 | Mem:13.45M, Peak:13.46M | Scene, ViewLayer | Updating Geometry BVH A_living_dining_balcony_island_02_leg1_mesh 944/1029 | Building BVH
Fra:1 Mem:64.59M (Peak 103.49M) | Time:00:01.19 | Mem:13.45M, Peak:13.46M | Scene, ViewLayer | Updating Geometry BVH A_living_dining_balcony_dining_chair_05_arm0_mesh 987/1029 | Building BVH
Fra:1 Mem:64.59M (Peak 103.49M) | Time:00:01.19 | Mem:13.47M, Peak:13.47M | Scene, ViewLayer | Updating Geometry BVH A_living_dining_balcony_island_02_leg2_mesh 945/1029 | Building BVH
Fra:1 Mem:64.59M (Peak 103.49M) | Time:00:01.19 | Mem:13.50M, Peak:13.51M | Scene, ViewLayer | Updating Geometry BVH A_living_dining_balcony_pendant_lamp_02_rod_mesh 947/1029 | Building BVH
Fra:1 Mem:64.59M (Peak 103.49M) | Time:00:01.19 | Mem:13.47M, Peak:13.51M | Scene, ViewLayer | Updating Geometry BVH A_living_dining_balcony_dining_chair_01_leg1_mesh 952/1029 | Building BVH
Fra:1 Mem:64.59M (Peak 103.49M) | Time:00:01.19 | Mem:13.48M, Peak:13.51M | Scene, ViewLayer | Updating Geometry BVH A_living_dining_balcony_dining_chair_01_leg2_mesh 953/1029 | Building BVH
Fra:1 Mem:64.59M (Peak 103.49M) | Time:00:01.19 | Mem:13.48M, Peak:13.51M | Scene, ViewLayer | Updating Geometry BVH A_living_dining_balcony_dining_chair_01_leg3_mesh 954/1029 | Building BVH
Fra:1 Mem:64.59M (Peak 103.49M) | Time:00:01.19 | Mem:13.52M, Peak:13.52M | Scene, ViewLayer | Updating Geometry BVH A_living_dining_balcony_dining_chair_01_arm1_mesh 956/1029 | Building BVH
Fra:1 Mem:64.59M (Peak 103.49M) | Time:00:01.19 | Mem:13.59M, Peak:13.59M | Scene, ViewLayer | Updating Geometry BVH A_living_dining_balcony_dining_chair_02_seat_mesh 957/1029 | Building BVH
Fra:1 Mem:64.59M (Peak 103.49M) | Time:00:01.19 | Mem:13.63M, Peak:13.63M | Scene, ViewLayer | Updating Geometry BVH A_living_dining_balcony_dining_chair_02_back_mesh 958/1029 | Building BVH
Fra:1 Mem:64.59M (Peak 103.49M) | Time:00:01.19 | Mem:13.64M, Peak:13.64M | Scene, ViewLayer | Updating Geometry BVH A_living_dining_balcony_dining_chair_02_leg0_mesh 959/1029 | Building BVH
Fra:1 Mem:64.59M (Peak 103.49M) | Time:00:01.19 | Mem:13.65M, Peak:13.65M | Scene, ViewLayer | Updating Geometry BVH A_living_dining_balcony_dining_chair_02_leg1_mesh 960/1029 | Building BVH
Fra:1 Mem:64.59M (Peak 103.49M) | Time:00:01.19 | Mem:13.74M, Peak:13.74M | Scene, ViewLayer | Updating Geometry BVH A_living_dining_balcony_dining_chair_05_leg3_mesh 986/1029 | Building BVH
Fra:1 Mem:64.59M (Peak 103.49M) | Time:00:01.19 | Mem:13.73M, Peak:13.77M | Scene, ViewLayer | Updating Geometry BVH A_living_dining_balcony_dining_chair_02_leg2_mesh 961/1029 | Building BVH
Fra:1 Mem:64.59M (Peak 103.49M) | Time:00:01.19 | Mem:13.73M, Peak:13.77M | Scene, ViewLayer | Updating Geometry BVH A_living_dining_balcony_dining_chair_02_leg3_mesh 962/1029 | Building BVH
Fra:1 Mem:64.59M (Peak 103.49M) | Time:00:01.19 | Mem:13.73M, Peak:13.77M | Scene, ViewLayer | Updating Geometry BVH A_living_dining_balcony_dining_chair_02_arm0_mesh 963/1029 | Building BVH
Fra:1 Mem:64.59M (Peak 103.49M) | Time:00:01.19 | Mem:13.73M, Peak:13.77M | Scene, ViewLayer | Updating Geometry BVH A_living_dining_balcony_dining_chair_02_arm1_mesh 964/1029 | Building BVH
Fra:1 Mem:64.59M (Peak 103.49M) | Time:00:01.19 | Mem:13.73M, Peak:13.77M | Scene, ViewLayer | Updating Geometry BVH A_living_dining_balcony_dining_chair_03_seat_mesh 965/1029 | Building BVH
Fra:1 Mem:64.59M (Peak 103.49M) | Time:00:01.19 | Mem:13.74M, Peak:13.77M | Scene, ViewLayer | Updating Geometry BVH A_living_dining_balcony_dining_chair_03_back_mesh 966/1029 | Building BVH
Fra:1 Mem:64.59M (Peak 103.49M) | Time:00:01.19 | Mem:13.74M, Peak:13.77M | Scene, ViewLayer | Updating Geometry BVH A_living_dining_balcony_dining_chair_03_leg0_mesh 967/1029 | Building BVH
Fra:1 Mem:64.59M (Peak 103.49M) | Time:00:01.19 | Mem:13.76M, Peak:13.77M | Scene, ViewLayer | Updating Geometry BVH A_living_dining_balcony_dining_chair_03_leg1_mesh 968/1029 | Building BVH
Fra:1 Mem:64.59M (Peak 103.49M) | Time:00:01.19 | Mem:13.84M, Peak:13.84M | Scene, ViewLayer | Updating Geometry BVH A_living_dining_balcony_dining_chair_03_leg2_mesh 969/1029 | Building BVH
Fra:1 Mem:64.59M (Peak 103.49M) | Time:00:01.19 | Mem:13.83M, Peak:13.84M | Scene, ViewLayer | Updating Geometry BVH A_living_dining_balcony_dining_chair_03_leg3_mesh 970/1029 | Building BVH
Fra:1 Mem:64.59M (Peak 103.49M) | Time:00:01.19 | Mem:13.83M, Peak:13.84M | Scene, ViewLayer | Updating Geometry BVH A_living_dining_balcony_dining_chair_03_arm0_mesh 971/1029 | Building BVH
Fra:1 Mem:64.59M (Peak 103.49M) | Time:00:01.19 | Mem:13.84M, Peak:13.84M | Scene, ViewLayer | Updating Geometry BVH A_living_dining_balcony_dining_chair_03_arm1_mesh 972/1029 | Building BVH
Fra:1 Mem:64.59M (Peak 103.49M) | Time:00:01.19 | Mem:13.87M, Peak:13.87M | Scene, ViewLayer | Updating Geometry BVH A_living_dining_balcony_dining_chair_04_seat_mesh 973/1029 | Building BVH
Fra:1 Mem:64.59M (Peak 103.49M) | Time:00:01.19 | Mem:13.89M, Peak:13.89M | Scene, ViewLayer | Updating Geometry BVH A_living_dining_balcony_dining_chair_04_back_mesh 974/1029 | Building BVH
Fra:1 Mem:64.59M (Peak 103.49M) | Time:00:01.19 | Mem:13.89M, Peak:13.89M | Scene, ViewLayer | Updating Geometry BVH A_living_dining_balcony_dining_chair_04_leg0_mesh 975/1029 | Building BVH
Fra:1 Mem:64.59M (Peak 103.49M) | Time:00:01.19 | Mem:13.88M, Peak:13.89M | Scene, ViewLayer | Updating Geometry BVH A_living_dining_balcony_dining_chair_04_leg1_mesh 976/1029 | Building BVH
Fra:1 Mem:64.59M (Peak 103.49M) | Time:00:01.19 | Mem:13.91M, Peak:13.91M | Scene, ViewLayer | Updating Geometry BVH A_living_dining_balcony_dining_chair_04_leg2_mesh 977/1029 | Building BVH
Fra:1 Mem:64.59M (Peak 103.49M) | Time:00:01.19 | Mem:13.91M, Peak:13.91M | Scene, ViewLayer | Updating Geometry BVH A_living_dining_balcony_dining_chair_04_leg3_mesh 978/1029 | Building BVH
Fra:1 Mem:64.59M (Peak 103.49M) | Time:00:01.19 | Mem:13.93M, Peak:13.94M | Scene, ViewLayer | Updating Geometry BVH A_living_dining_balcony_dining_chair_04_arm0_mesh 979/1029 | Building BVH
Fra:1 Mem:64.59M (Peak 103.49M) | Time:00:01.19 | Mem:13.93M, Peak:13.94M | Scene, ViewLayer | Updating Geometry BVH A_living_dining_balcony_dining_chair_05_seat_mesh 981/1029 | Building BVH
Fra:1 Mem:64.59M (Peak 103.49M) | Time:00:01.19 | Mem:13.93M, Peak:13.94M | Scene, ViewLayer | Updating Geometry BVH A_living_dining_balcony_dining_chair_05_back_mesh 982/1029 | Building BVH
Fra:1 Mem:64.59M (Peak 103.49M) | Time:00:01.19 | Mem:13.93M, Peak:13.94M | Scene, ViewLayer | Updating Geometry BVH A_living_dining_balcony_dining_chair_05_leg0_mesh 983/1029 | Building BVH
Fra:1 Mem:64.59M (Peak 103.49M) | Time:00:01.19 | Mem:13.93M, Peak:13.94M | Scene, ViewLayer | Updating Geometry BVH A_living_dining_balcony_dining_chair_05_leg2_mesh 985/1029 | Building BVH
Fra:1 Mem:64.59M (Peak 103.49M) | Time:00:01.19 | Mem:13.94M, Peak:13.94M | Scene, ViewLayer | Updating Geometry BVH A_living_dining_balcony_dining_chair_05_leg1_mesh 984/1029 | Building BVH
Fra:1 Mem:64.59M (Peak 103.49M) | Time:00:01.20 | Mem:14.03M, Peak:14.05M | Scene, ViewLayer | Updating Scene BVH | Building
Fra:1 Mem:64.61M (Peak 103.49M) | Time:00:01.20 | Mem:14.03M, Peak:14.05M | Scene, ViewLayer | Updating Scene BVH | Building BVH
Fra:1 Mem:64.61M (Peak 103.49M) | Time:00:01.28 | Mem:18.50M, Peak:20.48M | Scene, ViewLayer | Updating Scene BVH | Copying BVH to device
Fra:1 Mem:64.61M (Peak 103.49M) | Time:00:01.28 | Mem:18.50M, Peak:20.48M | Scene, ViewLayer | Updating Mesh | Computing normals
Fra:1 Mem:66.37M (Peak 103.49M) | Time:00:01.29 | Mem:18.50M, Peak:20.48M | Scene, ViewLayer | Updating Mesh | Copying Mesh to device
Fra:1 Mem:66.37M (Peak 103.49M) | Time:00:01.29 | Mem:20.26M, Peak:20.48M | Scene, ViewLayer | Updating Objects Flags
Fra:1 Mem:66.37M (Peak 103.49M) | Time:00:01.29 | Mem:20.27M, Peak:20.48M | Scene, ViewLayer | Updating Primitive Offsets
Fra:1 Mem:66.38M (Peak 103.49M) | Time:00:01.29 | Mem:20.27M, Peak:20.48M | Scene, ViewLayer | Updating Images
Fra:1 Mem:66.38M (Peak 103.49M) | Time:00:01.29 | Mem:20.27M, Peak:20.48M | Scene, ViewLayer | Updating Images | Loading walnut3_nor_gl_2k.jpg
Fra:1 Mem:66.38M (Peak 103.49M) | Time:00:01.29 | Mem:20.27M, Peak:20.48M | Scene, ViewLayer | Updating Images | Loading kloofendal_48d_partly_cloudy_puresky_4k.hdr
Fra:1 Mem:66.38M (Peak 103.49M) | Time:00:01.29 | Mem:20.27M, Peak:20.48M | Scene, ViewLayer | Updating Images | Loading walnut3_rough_2k.jpg
Fra:1 Mem:230.39M (Peak 230.39M) | Time:00:01.49 | Mem:184.27M, Peak:184.27M | Scene, ViewLayer | Updating Camera Volume
Fra:1 Mem:230.39M (Peak 230.39M) | Time:00:01.49 | Mem:184.27M, Peak:184.27M | Scene, ViewLayer | Updating Lookup Tables
Fra:1 Mem:230.39M (Peak 230.39M) | Time:00:01.49 | Mem:184.36M, Peak:184.36M | Scene, ViewLayer | Updating Lights
Fra:1 Mem:230.39M (Peak 230.39M) | Time:00:01.49 | Mem:184.36M, Peak:184.36M | Scene, ViewLayer | Updating Lights | Importance map
Fra:1 Mem:294.42M (Peak 582.39M) | Time:00:01.85 | Mem:248.40M, Peak:408.37M | Scene, ViewLayer | Updating Lights | Computing tree
Fra:1 Mem:295.38M (Peak 582.39M) | Time:00:01.85 | Mem:249.36M, Peak:408.37M | Scene, ViewLayer | Updating Integrator
Fra:1 Mem:295.38M (Peak 582.39M) | Time:00:01.85 | Mem:249.36M, Peak:408.37M | Scene, ViewLayer | Updating Film
Fra:1 Mem:295.39M (Peak 582.39M) | Time:00:01.85 | Mem:249.28M, Peak:408.37M | Scene, ViewLayer | Updating Lookup Tables
Fra:1 Mem:295.39M (Peak 582.39M) | Time:00:01.85 | Mem:249.37M, Peak:408.37M | Scene, ViewLayer | Updating Baking
Fra:1 Mem:295.39M (Peak 582.39M) | Time:00:01.85 | Mem:249.37M, Peak:408.37M | Scene, ViewLayer | Updating Device | Writing constant memory
Fra:1 Mem:295.41M (Peak 582.39M) | Time:00:01.85 | Mem:249.37M, Peak:408.37M | Scene, ViewLayer | Loading denoising kernels (may take a few minutes the first time)
Fra:1 Mem:299.46M (Peak 582.39M) | Time:00:01.89 | Mem:601.42M, Peak:601.42M | Scene, ViewLayer | Sample 0/64
Fra:1 Mem:337.04M (Peak 582.39M) | Time:00:02.13 | Remaining:00:15.38 | Mem:638.99M, Peak:638.99M | Scene, ViewLayer | Sample 1/64
Fra:1 Mem:337.04M (Peak 582.39M) | Time:00:11.52 | Remaining:00:03.21 | Mem:639.00M, Peak:639.00M | Scene, ViewLayer | Sample 48/64
Fra:1 Mem:352.86M (Peak 582.39M) | Time:00:15.23 | Mem:639.00M, Peak:639.00M | Scene, ViewLayer | Sample 64/64
Fra:1 Mem:352.86M (Peak 582.39M) | Time:00:15.23 | Mem:639.00M, Peak:639.00M | Scene, ViewLayer | Finished
Saved: 'D:\ClaudeCodeProject2026\jiangyu-render\renders\preview\10_kitchen_olive.png'
Time: 00:15.44 (Saving: 00:00.14)

Fra:1 Mem:99.31M (Peak 99.31M) | Time:00:00.06 | Mem:0.00M, Peak:0.00M | Scene, ViewLayer | Synchronizing object | ceil_living_r1S
Fra:1 Mem:99.31M (Peak 99.31M) | Time:00:00.06 | Mem:0.00M, Peak:0.00M | Scene, ViewLayer | Synchronizing object | ceil_living_ac_slot
Fra:1 Mem:99.31M (Peak 99.31M) | Time:00:00.06 | Mem:0.00M, Peak:0.00M | Scene, ViewLayer | Synchronizing object | ceil_parents_room_slab
Fra:1 Mem:99.32M (Peak 99.32M) | Time:00:00.06 | Mem:0.00M, Peak:0.00M | Scene, ViewLayer | Synchronizing object | ceil_daughter_room_slab
Fra:1 Mem:99.32M (Peak 99.32M) | Time:00:00.06 | Mem:0.00M, Peak:0.00M | Scene, ViewLayer | Synchronizing object | ceil_master_ac
Fra:1 Mem:99.32M (Peak 99.32M) | Time:00:00.06 | Mem:0.00M, Peak:0.00M | Scene, ViewLayer | Synchronizing object | ceil_son_ac
Fra:1 Mem:99.32M (Peak 99.32M) | Time:00:00.06 | Mem:0.00M, Peak:0.00M | Scene, ViewLayer | Synchronizing object | ceil_bay_slab
Fra:1 Mem:99.32M (Peak 99.32M) | Time:00:00.07 | Mem:0.00M, Peak:0.00M | Scene, ViewLayer | Synchronizing object | ceil_master_bath_fill
Fra:1 Mem:99.32M (Peak 99.32M) | Time:00:00.07 | Mem:0.00M, Peak:0.00M | Scene, ViewLayer | Synchronizing object | ceil_corridor_fill
Fra:1 Mem:99.32M (Peak 99.32M) | Time:00:00.07 | Mem:0.00M, Peak:0.00M | Scene, ViewLayer | Synchronizing object | ceil_elevator_hall_fill
Fra:1 Mem:99.32M (Peak 99.32M) | Time:00:00.07 | Mem:0.00M, Peak:0.00M | Scene, ViewLayer | Synchronizing object | out_ground
Fra:1 Mem:99.32M (Peak 99.32M) | Time:00:00.07 | Mem:0.00M, Peak:0.00M | Scene, ViewLayer | Synchronizing object | out_trunk00
Fra:1 Mem:99.32M (Peak 99.32M) | Time:00:00.07 | Mem:0.00M, Peak:0.00M | Scene, ViewLayer | Synchronizing object | out_canopy00_1
Fra:1 Mem:99.32M (Peak 99.32M) | Time:00:00.07 | Mem:0.00M, Peak:0.00M | Scene, ViewLayer | Synchronizing object | out_canopy00_2
Fra:1 Mem:99.34M (Peak 99.34M) | Time:00:00.07 | Mem:0.00M, Peak:0.00M | Scene, ViewLayer | Synchronizing object | out_canopy00_3
Fra:1 Mem:99.35M (Peak 99.35M) | Time:00:00.07 | Mem:0.00M, Peak:0.00M | Scene, ViewLayer | Synchronizing object | out_canopy01_0
Fra:1 Mem:99.36M (Peak 99.36M) | Time:00:00.07 | Mem:0.00M, Peak:0.00M | Scene, ViewLayer | Synchronizing object | out_canopy01_3
Fra:1 Mem:99.36M (Peak 99.36M) | Time:00:00.07 | Mem:0.00M, Peak:0.00M | Scene, ViewLayer | Synchronizing object | out_trunk02
Fra:1 Mem:99.36M (Peak 99.36M) | Time:00:00.07 | Mem:0.00M, Peak:0.00M | Scene, ViewLayer | Synchronizing object | out_canopy02_1
Fra:1 Mem:99.37M (Peak 99.37M) | Time:00:00.07 | Mem:0.00M, Peak:0.00M | Scene, ViewLayer | Synchronizing object | out_canopy02_2
Fra:1 Mem:99.39M (Peak 99.39M) | Time:00:00.07 | Mem:0.00M, Peak:0.00M | Scene, ViewLayer | Synchronizing object | out_canopy02_3
Fra:1 Mem:99.40M (Peak 99.40M) | Time:00:00.07 | Mem:0.00M, Peak:0.00M | Scene, ViewLayer | Synchronizing object | out_trunk03
Fra:1 Mem:99.40M (Peak 99.40M) | Time:00:00.07 | Mem:0.00M, Peak:0.00M | Scene, ViewLayer | Synchronizing object | out_canopy03_1
Fra:1 Mem:99.40M (Peak 99.40M) | Time:00:00.07 | Mem:0.00M, Peak:0.00M | Scene, ViewLayer | Synchronizing object | out_canopy03_2
Fra:1 Mem:99.41M (Peak 99.41M) | Time:00:00.07 | Mem:0.00M, Peak:0.00M | Scene, ViewLayer | Synchronizing object | out_canopy03_3
Fra:1 Mem:99.43M (Peak 99.43M) | Time:00:00.07 | Mem:0.00M, Peak:0.00M | Scene, ViewLayer | Synchronizing object | out_trunk04
Fra:1 Mem:99.43M (Peak 99.43M) | Time:00:00.07 | Mem:0.00M, Peak:0.00M | Scene, ViewLayer | Synchronizing object | out_canopy04_0
Fra:1 Mem:99.44M (Peak 99.44M) | Time:00:00.07 | Mem:0.00M, Peak:0.00M | Scene, ViewLayer | Synchronizing object | out_canopy04_3
Fra:1 Mem:99.45M (Peak 99.45M) | Time:00:00.07 | Mem:0.00M, Peak:0.00M | Scene, ViewLayer | Synchronizing object | out_trunk05
Fra:1 Mem:99.46M (Peak 99.46M) | Time:00:00.07 | Mem:0.00M, Peak:0.00M | Scene, ViewLayer | Synchronizing object | out_canopy05_0
Fra:1 Mem:99.49M (Peak 99.49M) | Time:00:00.07 | Mem:0.00M, Peak:0.00M | Scene, ViewLayer | Synchronizing object | out_canopy05_1
Fra:1 Mem:99.49M (Peak 99.49M) | Time:00:00.07 | Mem:0.00M, Peak:0.00M | Scene, ViewLayer | Synchronizing object | out_canopy05_3
Fra:1 Mem:99.52M (Peak 99.52M) | Time:00:00.07 | Mem:0.00M, Peak:0.00M | Scene, ViewLayer | Synchronizing object | out_trunk06
Fra:1 Mem:99.54M (Peak 99.54M) | Time:00:00.07 | Mem:0.00M, Peak:0.00M | Scene, ViewLayer | Synchronizing object | out_canopy06_1
Fra:1 Mem:99.57M (Peak 99.57M) | Time:00:00.07 | Mem:0.00M, Peak:0.00M | Scene, ViewLayer | Synchronizing object | out_canopy06_2
Fra:1 Mem:99.57M (Peak 99.57M) | Time:00:00.07 | Mem:0.00M, Peak:0.00M | Scene, ViewLayer | Synchronizing object | out_canopy07_1
Fra:1 Mem:99.58M (Peak 99.58M) | Time:00:00.07 | Mem:0.00M, Peak:0.00M | Scene, ViewLayer | Synchronizing object | out_canopy07_2
Fra:1 Mem:99.62M (Peak 99.62M) | Time:00:00.07 | Mem:0.00M, Peak:0.00M | Scene, ViewLayer | Synchronizing object | out_trunk08
Fra:1 Mem:99.62M (Peak 99.62M) | Time:00:00.07 | Mem:0.00M, Peak:0.00M | Scene, ViewLayer | Synchronizing object | out_canopy08_1
Fra:1 Mem:99.62M (Peak 99.62M) | Time:00:00.07 | Mem:0.00M, Peak:0.00M | Scene, ViewLayer | Synchronizing object | out_canopy08_3
Fra:1 Mem:99.64M (Peak 99.64M) | Time:00:00.07 | Mem:0.00M, Peak:0.00M | Scene, ViewLayer | Synchronizing object | out_trunk09
Fra:1 Mem:99.65M (Peak 99.65M) | Time:00:00.07 | Mem:0.00M, Peak:0.00M | Scene, ViewLayer | Synchronizing object | out_canopy09_0
Fra:1 Mem:99.65M (Peak 99.65M) | Time:00:00.07 | Mem:0.00M, Peak:0.00M | Scene, ViewLayer | Synchronizing object | out_canopy09_1
Fra:1 Mem:99.68M (Peak 99.68M) | Time:00:00.07 | Mem:0.00M, Peak:0.00M | Scene, ViewLayer | Synchronizing object | out_canopy09_2
Fra:1 Mem:99.68M (Peak 99.68M) | Time:00:00.07 | Mem:0.00M, Peak:0.00M | Scene, ViewLayer | Synchronizing object | out_canopy09_3
Fra:1 Mem:99.70M (Peak 99.70M) | Time:00:00.07 | Mem:0.00M, Peak:0.00M | Scene, ViewLayer | Synchronizing object | out_trunk10
Fra:1 Mem:99.70M (Peak 99.71M) | Time:00:00.07 | Mem:0.00M, Peak:0.00M | Scene, ViewLayer | Synchronizing object | out_canopy10_1
Fra:1 Mem:99.71M (Peak 99.71M) | Time:00:00.07 | Mem:0.00M, Peak:0.00M | Scene, ViewLayer | Synchronizing object | out_canopy10_2
Fra:1 Mem:99.74M (Peak 99.74M) | Time:00:00.07 | Mem:0.00M, Peak:0.00M | Scene, ViewLayer | Synchronizing object | out_canopy10_3
Fra:1 Mem:99.74M (Peak 99.74M) | Time:00:00.07 | Mem:0.00M, Peak:0.00M | Scene, ViewLayer | Synchronizing object | out_canopy11_0
Fra:1 Mem:99.78M (Peak 99.78M) | Time:00:00.07 | Mem:0.00M, Peak:0.00M | Scene, ViewLayer | Synchronizing object | out_canopy11_1
Fra:1 Mem:99.81M (Peak 99.81M) | Time:00:00.07 | Mem:0.00M, Peak:0.00M | Scene, ViewLayer | Synchronizing object | out_canopy11_2
Fra:1 Mem:99.81M (Peak 99.81M) | Time:00:00.07 | Mem:0.00M, Peak:0.00M | Scene, ViewLayer | Synchronizing object | out_canopy11_3
Fra:1 Mem:99.83M (Peak 99.83M) | Time:00:00.07 | Mem:0.00M, Peak:0.00M | Scene, ViewLayer | Synchronizing object | out_trunk12
Fra:1 Mem:99.84M (Peak 99.84M) | Time:00:00.07 | Mem:0.00M, Peak:0.00M | Scene, ViewLayer | Synchronizing object | out_canopy12_1
Fra:1 Mem:99.84M (Peak 99.84M) | Time:00:00.07 | Mem:0.00M, Peak:0.00M | Scene, ViewLayer | Synchronizing object | out_canopy12_3
Fra:1 Mem:99.87M (Peak 99.87M) | Time:00:00.07 | Mem:0.00M, Peak:0.00M | Scene, ViewLayer | Synchronizing object | out_trunk13
Fra:1 Mem:99.89M (Peak 99.89M) | Time:00:00.07 | Mem:0.00M, Peak:0.00M | Scene, ViewLayer | Synchronizing object | out_canopy13_0
Fra:1 Mem:99.89M (Peak 99.89M) | Time:00:00.07 | Mem:0.00M, Peak:0.00M | Scene, ViewLayer | Synchronizing object | out_canopy13_1
Fra:1 Mem:99.90M (Peak 99.90M) | Time:00:00.07 | Mem:0.00M, Peak:0.00M | Scene, ViewLayer | Synchronizing object | out_canopy13_2
Fra:1 Mem:99.92M (Peak 99.92M) | Time:00:00.07 | Mem:0.00M, Peak:0.00M | Scene, ViewLayer | Synchronizing object | out_bldg_s
Fra:1 Mem:99.95M (Peak 99.95M) | Time:00:00.07 | Mem:0.00M, Peak:0.00M | Scene, ViewLayer | Synchronizing object | out_bldg_n
Fra:1 Mem:99.96M (Peak 99.96M) | Time:00:00.07 | Mem:0.00M, Peak:0.00M | Scene, ViewLayer | Synchronizing object | floor_living_dining_balcony
Fra:1 Mem:99.96M (Peak 99.96M) | Time:00:00.07 | Mem:0.00M, Peak:0.00M | Scene, ViewLayer | Synchronizing object | floor_kitchen
Fra:1 Mem:99.97M (Peak 99.97M) | Time:00:00.07 | Mem:0.00M, Peak:0.00M | Scene, ViewLayer | Synchronizing object | floor_daughter_room
Fra:1 Mem:99.97M (Peak 99.97M) | Time:00:00.07 | Mem:0.00M, Peak:0.00M | Scene, ViewLayer | Synchronizing object | floor_corridor_0
Fra:1 Mem:99.99M (Peak 99.99M) | Time:00:00.07 | Mem:0.00M, Peak:0.00M | Scene, ViewLayer | Synchronizing object | floor_corridor_1
Fra:1 Mem:100.00M (Peak 100.00M) | Time:00:00.07 | Mem:0.00M, Peak:0.00M | Scene, ViewLayer | Synchronizing object | floor_son_room
Fra:1 Mem:100.01M (Peak 100.01M) | Time:00:00.07 | Mem:0.00M, Peak:0.00M | Scene, ViewLayer | Synchronizing object | floor_master_bath
Fra:1 Mem:100.02M (Peak 100.02M) | Time:00:00.07 | Mem:0.00M, Peak:0.00M | Scene, ViewLayer | Synchronizing object | floor_master_bedroom
Fra:1 Mem:100.03M (Peak 100.03M) | Time:00:00.07 | Mem:0.00M, Peak:0.00M | Scene, ViewLayer | Synchronizing object | floor_terrace
Fra:1 Mem:100.03M (Peak 100.03M) | Time:00:00.07 | Mem:0.00M, Peak:0.00M | Scene, ViewLayer | Synchronizing object | floor_foyer
Fra:1 Mem:100.03M (Peak 100.03M) | Time:00:00.07 | Mem:0.00M, Peak:0.00M | Scene, ViewLayer | Synchronizing object | floor_elevator_hall
Fra:1 Mem:100.04M (Peak 100.04M) | Time:00:00.07 | Mem:0.00M, Peak:0.00M | Scene, ViewLayer | Synchronizing object | W01_s00
Fra:1 Mem:100.06M (Peak 100.06M) | Time:00:00.07 | Mem:0.00M, Peak:0.00M | Scene, ViewLayer | Synchronizing object | W01_s01
Fra:1 Mem:100.06M (Peak 100.06M) | Time:00:00.07 | Mem:0.00M, Peak:0.00M | Scene, ViewLayer | Synchronizing object | W01_s02
Fra:1 Mem:100.06M (Peak 100.06M) | Time:00:00.07 | Mem:0.00M, Peak:0.00M | Scene, ViewLayer | Synchronizing object | W02_s01
Fra:1 Mem:100.07M (Peak 100.07M) | Time:00:00.07 | Mem:0.00M, Peak:0.00M | Scene, ViewLayer | Synchronizing object | W02_s02
Fra:1 Mem:100.07M (Peak 100.07M) | Time:00:00.07 | Mem:0.00M, Peak:0.00M | Scene, ViewLayer | Synchronizing object | W02_s03
Fra:1 Mem:100.07M (Peak 100.07M) | Time:00:00.07 | Mem:0.00M, Peak:0.00M | Scene, ViewLayer | Synchronizing object | W03_s00
Fra:1 Mem:100.07M (Peak 100.07M) | Time:00:00.07 | Mem:0.00M, Peak:0.00M | Scene, ViewLayer | Synchronizing object | W04_s00
Fra:1 Mem:100.07M (Peak 100.07M) | Time:00:00.07 | Mem:0.00M, Peak:0.00M | Scene, ViewLayer | Synchronizing object | W05_s00
Fra:1 Mem:100.07M (Peak 100.07M) | Time:00:00.07 | Mem:0.00M, Peak:0.00M | Scene, ViewLayer | Synchronizing object | W05_s02
Fra:1 Mem:100.09M (Peak 100.09M) | Time:00:00.07 | Mem:0.00M, Peak:0.00M | Scene, ViewLayer | Synchronizing object | W05_s03
Fra:1 Mem:100.10M (Peak 100.10M) | Time:00:00.07 | Mem:0.00M, Peak:0.00M | Scene, ViewLayer | Synchronizing object | W06_s00
Fra:1 Mem:100.10M (Peak 100.10M) | Time:00:00.07 | Mem:0.00M, Peak:0.00M | Scene, ViewLayer | Synchronizing object | W06_s02
Fra:1 Mem:100.10M (Peak 100.10M) | Time:00:00.07 | Mem:0.00M, Peak:0.00M | Scene, ViewLayer | Synchronizing object | W07_s00
Fra:1 Mem:100.10M (Peak 100.10M) | Time:00:00.07 | Mem:0.00M, Peak:0.00M | Scene, ViewLayer | Synchronizing object | W07_s01
Fra:1 Mem:100.11M (Peak 100.11M) | Time:00:00.07 | Mem:0.00M, Peak:0.00M | Scene, ViewLayer | Synchronizing object | W07_s02
Fra:1 Mem:100.12M (Peak 100.12M) | Time:00:00.07 | Mem:0.00M, Peak:0.00M | Scene, ViewLayer | Synchronizing object | W08_s00
Fra:1 Mem:100.12M (Peak 100.12M) | Time:00:00.07 | Mem:0.00M, Peak:0.00M | Scene, ViewLayer | Synchronizing object | W08_s02
Fra:1 Mem:100.12M (Peak 100.12M) | Time:00:00.07 | Mem:0.00M, Peak:0.00M | Scene, ViewLayer | Synchronizing object | W09_s00
Fra:1 Mem:100.12M (Peak 100.12M) | Time:00:00.07 | Mem:0.00M, Peak:0.00M | Scene, ViewLayer | Synchronizing object | W10_s00
Fra:1 Mem:100.12M (Peak 100.12M) | Time:00:00.07 | Mem:0.00M, Peak:0.00M | Scene, ViewLayer | Synchronizing object | W10_s01
Fra:1 Mem:100.13M (Peak 100.13M) | Time:00:00.07 | Mem:0.00M, Peak:0.00M | Scene, ViewLayer | Synchronizing object | W10_s03
Fra:1 Mem:100.13M (Peak 100.13M) | Time:00:00.07 | Mem:0.00M, Peak:0.00M | Scene, ViewLayer | Synchronizing object | W11_s00
Fra:1 Mem:100.13M (Peak 100.13M) | Time:00:00.07 | Mem:0.00M, Peak:0.00M | Scene, ViewLayer | Synchronizing object | W12_s00
Fra:1 Mem:100.13M (Peak 100.13M) | Time:00:00.07 | Mem:0.00M, Peak:0.00M | Scene, ViewLayer | Synchronizing object | W12_s01
Fra:1 Mem:100.13M (Peak 100.13M) | Time:00:00.07 | Mem:0.00M, Peak:0.00M | Scene, ViewLayer | Synchronizing object | W12_s02
Fra:1 Mem:100.14M (Peak 100.14M) | Time:00:00.07 | Mem:0.00M, Peak:0.00M | Scene, ViewLayer | Synchronizing object | W13_s00
Fra:1 Mem:100.14M (Peak 100.14M) | Time:00:00.07 | Mem:0.00M, Peak:0.00M | Scene, ViewLayer | Synchronizing object | W13_s02
Fra:1 Mem:100.15M (Peak 100.15M) | Time:00:00.07 | Mem:0.00M, Peak:0.00M | Scene, ViewLayer | Synchronizing object | W14_s00
Fra:1 Mem:100.15M (Peak 100.15M) | Time:00:00.07 | Mem:0.00M, Peak:0.00M | Scene, ViewLayer | Synchronizing object | W14_s01
Fra:1 Mem:100.15M (Peak 100.15M) | Time:00:00.07 | Mem:0.00M, Peak:0.00M | Scene, ViewLayer | Synchronizing object | W14_s02
Fra:1 Mem:100.15M (Peak 100.15M) | Time:00:00.07 | Mem:0.00M, Peak:0.00M | Scene, ViewLayer | Synchronizing object | W14_s03
Fra:1 Mem:100.15M (Peak 100.15M) | Time:00:00.07 | Mem:0.00M, Peak:0.00M | Scene, ViewLayer | Synchronizing object | W14_s04
Fra:1 Mem:100.15M (Peak 100.15M) | Time:00:00.07 | Mem:0.00M, Peak:0.00M | Scene, ViewLayer | Synchronizing object | W15_s02
Fra:1 Mem:100.15M (Peak 100.15M) | Time:00:00.07 | Mem:0.00M, Peak:0.00M | Scene, ViewLayer | Synchronizing object | W16_s00
Fra:1 Mem:100.16M (Peak 100.16M) | Time:00:00.07 | Mem:0.00M, Peak:0.00M | Scene, ViewLayer | Synchronizing object | W17_s00
Fra:1 Mem:100.16M (Peak 100.16M) | Time:00:00.07 | Mem:0.00M, Peak:0.00M | Scene, ViewLayer | Synchronizing object | W18_s00
Fra:1 Mem:100.16M (Peak 100.16M) | Time:00:00.07 | Mem:0.00M, Peak:0.00M | Scene, ViewLayer | Synchronizing object | W18_s01
Fra:1 Mem:100.16M (Peak 100.16M) | Time:00:00.07 | Mem:0.00M, Peak:0.00M | Scene, ViewLayer | Synchronizing object | W18_s03
Fra:1 Mem:100.16M (Peak 100.16M) | Time:00:00.07 | Mem:0.00M, Peak:0.00M | Scene, ViewLayer | Synchronizing object | W19_s00
Fra:1 Mem:100.16M (Peak 100.16M) | Time:00:00.07 | Mem:0.00M, Peak:0.00M | Scene, ViewLayer | Synchronizing object | W19_s02
Fra:1 Mem:100.18M (Peak 100.18M) | Time:00:00.07 | Mem:0.00M, Peak:0.00M | Scene, ViewLayer | Synchronizing object | W20_s00
Fra:1 Mem:100.18M (Peak 100.18M) | Time:00:00.07 | Mem:0.00M, Peak:0.00M | Scene, ViewLayer | Synchronizing object | W21_s00
Fra:1 Mem:100.18M (Peak 100.18M) | Time:00:00.07 | Mem:0.00M, Peak:0.00M | Scene, ViewLayer | Synchronizing object | W22_s00
Fra:1 Mem:100.18M (Peak 100.18M) | Time:00:00.07 | Mem:0.00M, Peak:0.00M | Scene, ViewLayer | Synchronizing object | W22_s01
Fra:1 Mem:100.18M (Peak 100.18M) | Time:00:00.07 | Mem:0.00M, Peak:0.00M | Scene, ViewLayer | Synchronizing object | W23_s00
Fra:1 Mem:100.18M (Peak 100.18M) | Time:00:00.07 | Mem:0.00M, Peak:0.00M | Scene, ViewLayer | Synchronizing object | W23_s02
Fra:1 Mem:100.18M (Peak 100.18M) | Time:00:00.07 | Mem:0.00M, Peak:0.00M | Scene, ViewLayer | Synchronizing object | W23_s03
Fra:1 Mem:100.18M (Peak 100.18M) | Time:00:00.07 | Mem:0.00M, Peak:0.00M | Scene, ViewLayer | Synchronizing object | W24_s00
Fra:1 Mem:100.19M (Peak 100.19M) | Time:00:00.07 | Mem:0.00M, Peak:0.00M | Scene, ViewLayer | Synchronizing object | W25_s00
Fra:1 Mem:100.19M (Peak 100.19M) | Time:00:00.07 | Mem:0.00M, Peak:0.00M | Scene, ViewLayer | Synchronizing object | W26_s00
Fra:1 Mem:100.19M (Peak 100.19M) | Time:00:00.07 | Mem:0.00M, Peak:0.00M | Scene, ViewLayer | Synchronizing object | W27_s00
Fra:1 Mem:100.19M (Peak 100.19M) | Time:00:00.07 | Mem:0.00M, Peak:0.00M | Scene, ViewLayer | Synchronizing object | W27_s01
Fra:1 Mem:100.19M (Peak 100.19M) | Time:00:00.07 | Mem:0.00M, Peak:0.00M | Scene, ViewLayer | Synchronizing object | W29_s00
Fra:1 Mem:100.19M (Peak 100.19M) | Time:00:00.07 | Mem:0.00M, Peak:0.00M | Scene, ViewLayer | Synchronizing object | win_W01_0top
Fra:1 Mem:100.19M (Peak 100.19M) | Time:00:00.07 | Mem:0.00M, Peak:0.00M | Scene, ViewLayer | Synchronizing object | win_W01_0lft
Fra:1 Mem:100.19M (Peak 100.19M) | Time:00:00.07 | Mem:0.00M, Peak:0.00M | Scene, ViewLayer | Synchronizing object | win_W01_0rgt
Fra:1 Mem:100.19M (Peak 100.19M) | Time:00:00.07 | Mem:0.00M, Peak:0.00M | Scene, ViewLayer | Synchronizing object | win_W01_0mul1
Fra:1 Mem:100.20M (Peak 100.20M) | Time:00:00.07 | Mem:0.00M, Peak:0.00M | Scene, ViewLayer | Synchronizing object | win_W01_0glass
Fra:1 Mem:100.20M (Peak 100.20M) | Time:00:00.07 | Mem:0.00M, Peak:0.00M | Scene, ViewLayer | Synchronizing object | win_W02_0bot
Fra:1 Mem:100.20M (Peak 100.20M) | Time:00:00.07 | Mem:0.00M, Peak:0.00M | Scene, ViewLayer | Synchronizing object | win_W02_0top
Fra:1 Mem:100.20M (Peak 100.20M) | Time:00:00.07 | Mem:0.00M, Peak:0.00M | Scene, ViewLayer | Synchronizing object | win_W02_0glass
Fra:1 Mem:100.20M (Peak 100.20M) | Time:00:00.07 | Mem:0.00M, Peak:0.00M | Scene, ViewLayer | Synchronizing object | win_W05_0bot
Fra:1 Mem:100.21M (Peak 100.21M) | Time:00:00.07 | Mem:0.00M, Peak:0.00M | Scene, ViewLayer | Synchronizing object | win_W05_0top
Fra:1 Mem:100.21M (Peak 100.21M) | Time:00:00.07 | Mem:0.00M, Peak:0.00M | Scene, ViewLayer | Synchronizing object | win_W05_0lft
Fra:1 Mem:100.22M (Peak 100.22M) | Time:00:00.07 | Mem:0.00M, Peak:0.00M | Scene, ViewLayer | Synchronizing object | win_W05_0rgt
Fra:1 Mem:100.22M (Peak 100.22M) | Time:00:00.07 | Mem:0.00M, Peak:0.00M | Scene, ViewLayer | Synchronizing object | win_W05_0glass
Fra:1 Mem:100.22M (Peak 100.22M) | Time:00:00.07 | Mem:0.00M, Peak:0.00M | Scene, ViewLayer | Synchronizing object | win_W06_0bot
Fra:1 Mem:100.22M (Peak 100.22M) | Time:00:00.07 | Mem:0.00M, Peak:0.00M | Scene, ViewLayer | Synchronizing object | win_W06_0lft
Fra:1 Mem:100.22M (Peak 100.22M) | Time:00:00.07 | Mem:0.00M, Peak:0.00M | Scene, ViewLayer | Synchronizing object | win_W06_0rgt
Fra:1 Mem:100.22M (Peak 100.22M) | Time:00:00.07 | Mem:0.00M, Peak:0.00M | Scene, ViewLayer | Synchronizing object | win_W10_0bot
Fra:1 Mem:100.22M (Peak 100.22M) | Time:00:00.07 | Mem:0.00M, Peak:0.00M | Scene, ViewLayer | Synchronizing object | win_W10_0top
Fra:1 Mem:100.22M (Peak 100.22M) | Time:00:00.07 | Mem:0.00M, Peak:0.00M | Scene, ViewLayer | Synchronizing object | win_W10_0rgt
Fra:1 Mem:100.23M (Peak 100.23M) | Time:00:00.07 | Mem:0.00M, Peak:0.00M | Scene, ViewLayer | Synchronizing object | win_W18_0bot
Fra:1 Mem:100.23M (Peak 100.23M) | Time:00:00.07 | Mem:0.00M, Peak:0.00M | Scene, ViewLayer | Synchronizing object | win_W18_0mul1
Fra:1 Mem:100.23M (Peak 100.23M) | Time:00:00.07 | Mem:0.00M, Peak:0.00M | Scene, ViewLayer | Synchronizing object | win_W23_0bot
Fra:1 Mem:100.23M (Peak 100.23M) | Time:00:00.07 | Mem:0.00M, Peak:0.00M | Scene, ViewLayer | Synchronizing object | win_W23_0top
Fra:1 Mem:100.23M (Peak 100.23M) | Time:00:00.07 | Mem:0.00M, Peak:0.00M | Scene, ViewLayer | Synchronizing object | win_W23_0mul1
Fra:1 Mem:100.24M (Peak 100.24M) | Time:00:00.07 | Mem:0.00M, Peak:0.00M | Scene, ViewLayer | Synchronizing object | win_W23_0glass
Fra:1 Mem:100.24M (Peak 100.24M) | Time:00:00.07 | Mem:0.00M, Peak:0.00M | Scene, ViewLayer | Synchronizing object | door_W07_0jlfto
Fra:1 Mem:100.24M (Peak 100.24M) | Time:00:00.07 | Mem:0.00M, Peak:0.00M | Scene, ViewLayer | Synchronizing object | door_W07_0jrgto
Fra:1 Mem:100.24M (Peak 100.24M) | Time:00:00.07 | Mem:0.00M, Peak:0.00M | Scene, ViewLayer | Synchronizing object | door_W07_0jrgti
Fra:1 Mem:100.24M (Peak 100.24M) | Time:00:00.07 | Mem:0.00M, Peak:0.00M | Scene, ViewLayer | Synchronizing object | door_W07_0jtopo
Fra:1 Mem:100.24M (Peak 100.24M) | Time:00:00.07 | Mem:0.00M, Peak:0.00M | Scene, ViewLayer | Synchronizing object | door_W07_0leaf
Fra:1 Mem:100.24M (Peak 100.24M) | Time:00:00.07 | Mem:0.00M, Peak:0.00M | Scene, ViewLayer | Synchronizing object | door_W08_0jlfto
Fra:1 Mem:100.24M (Peak 100.24M) | Time:00:00.07 | Mem:0.00M, Peak:0.00M | Scene, ViewLayer | Synchronizing object | door_W08_0jrgto
Fra:1 Mem:100.25M (Peak 100.25M) | Time:00:00.07 | Mem:0.00M, Peak:0.00M | Scene, ViewLayer | Synchronizing object | door_W08_0jrgti
Fra:1 Mem:100.25M (Peak 100.25M) | Time:00:00.07 | Mem:0.00M, Peak:0.00M | Scene, ViewLayer | Synchronizing object | door_W08_0jtopo
Fra:1 Mem:100.25M (Peak 100.25M) | Time:00:00.07 | Mem:0.00M, Peak:0.00M | Scene, ViewLayer | Synchronizing object | door_W08_0jtopi
Fra:1 Mem:100.25M (Peak 100.25M) | Time:00:00.07 | Mem:0.00M, Peak:0.00M | Scene, ViewLayer | Synchronizing object | door_W08_0lft
Fra:1 Mem:100.25M (Peak 100.25M) | Time:00:00.07 | Mem:0.00M, Peak:0.00M | Scene, ViewLayer | Synchronizing object | door_W08_0rgt
Fra:1 Mem:100.25M (Peak 100.25M) | Time:00:00.07 | Mem:0.00M, Peak:0.00M | Scene, ViewLayer | Synchronizing object | door_W08_0top
Fra:1 Mem:100.25M (Peak 100.25M) | Time:00:00.07 | Mem:0.00M, Peak:0.00M | Scene, ViewLayer | Synchronizing object | door_W08_0bot
Fra:1 Mem:100.25M (Peak 100.25M) | Time:00:00.07 | Mem:0.00M, Peak:0.00M | Scene, ViewLayer | Synchronizing object | door_W08_0hdl
Fra:1 Mem:100.25M (Peak 100.25M) | Time:00:00.07 | Mem:0.00M, Peak:0.00M | Scene, ViewLayer | Synchronizing object | door_W13_0jlfto
Fra:1 Mem:100.25M (Peak 100.25M) | Time:00:00.07 | Mem:0.00M, Peak:0.00M | Scene, ViewLayer | Synchronizing object | door_W13_0jrgto
Fra:1 Mem:100.26M (Peak 100.26M) | Time:00:00.07 | Mem:0.00M, Peak:0.00M | Scene, ViewLayer | Synchronizing object | door_W13_0jrgti
Fra:1 Mem:100.26M (Peak 100.26M) | Time:00:00.07 | Mem:0.00M, Peak:0.00M | Scene, ViewLayer | Synchronizing object | door_W13_0jtopo
Fra:1 Mem:100.26M (Peak 100.26M) | Time:00:00.07 | Mem:0.00M, Peak:0.00M | Scene, ViewLayer | Synchronizing object | door_W13_0leaf
Fra:1 Mem:100.26M (Peak 100.26M) | Time:00:00.07 | Mem:0.00M, Peak:0.00M | Scene, ViewLayer | Synchronizing object | door_W14_0jlfto
Fra:1 Mem:100.26M (Peak 100.26M) | Time:00:00.07 | Mem:0.00M, Peak:0.00M | Scene, ViewLayer | Synchronizing object | door_W14_0jlfti
Fra:1 Mem:100.26M (Peak 100.26M) | Time:00:00.07 | Mem:0.00M, Peak:0.00M | Scene, ViewLayer | Synchronizing object | door_W14_0jrgto
Fra:1 Mem:100.26M (Peak 100.26M) | Time:00:00.07 | Mem:0.00M, Peak:0.00M | Scene, ViewLayer | Synchronizing object | door_W14_0jtopo
Fra:1 Mem:100.26M (Peak 100.26M) | Time:00:00.07 | Mem:0.00M, Peak:0.00M | Scene, ViewLayer | Synchronizing object | door_W14_0jtopi
Fra:1 Mem:100.26M (Peak 100.26M) | Time:00:00.07 | Mem:0.00M, Peak:0.00M | Scene, ViewLayer | Synchronizing object | door_W14_0leaf
Fra:1 Mem:100.26M (Peak 100.26M) | Time:00:00.07 | Mem:0.00M, Peak:0.00M | Scene, ViewLayer | Synchronizing object | door_W14_1jlfto
Fra:1 Mem:100.27M (Peak 100.27M) | Time:00:00.07 | Mem:0.00M, Peak:0.00M | Scene, ViewLayer | Synchronizing object | door_W14_1jrgto
Fra:1 Mem:100.27M (Peak 100.27M) | Time:00:00.07 | Mem:0.00M, Peak:0.00M | Scene, ViewLayer | Synchronizing object | door_W14_1jrgti
Fra:1 Mem:100.27M (Peak 100.27M) | Time:00:00.07 | Mem:0.00M, Peak:0.00M | Scene, ViewLayer | Synchronizing object | door_W14_1lft
Fra:1 Mem:100.27M (Peak 100.27M) | Time:00:00.07 | Mem:0.00M, Peak:0.00M | Scene, ViewLayer | Synchronizing object | door_W14_1rgt
Fra:1 Mem:100.28M (Peak 100.28M) | Time:00:00.07 | Mem:0.00M, Peak:0.00M | Scene, ViewLayer | Synchronizing object | door_W14_1bot
Fra:1 Mem:100.28M (Peak 100.28M) | Time:00:00.07 | Mem:0.00M, Peak:0.00M | Scene, ViewLayer | Synchronizing object | door_W14_1fglass
Fra:1 Mem:100.28M (Peak 100.28M) | Time:00:00.07 | Mem:0.00M, Peak:0.00M | Scene, ViewLayer | Synchronizing object | door_W15_0_bot
Fra:1 Mem:100.28M (Peak 100.28M) | Time:00:00.07 | Mem:0.00M, Peak:0.00M | Scene, ViewLayer | Synchronizing object | door_W15_0_top
Fra:1 Mem:100.28M (Peak 100.28M) | Time:00:00.07 | Mem:0.00M, Peak:0.00M | Scene, ViewLayer | Synchronizing object | door_W15_0_rgt
Fra:1 Mem:100.28M (Peak 100.28M) | Time:00:00.07 | Mem:0.00M, Peak:0.00M | Scene, ViewLayer | Synchronizing object | door_W15_0_glass
Fra:1 Mem:100.28M (Peak 100.28M) | Time:00:00.07 | Mem:0.00M, Peak:0.00M | Scene, ViewLayer | Synchronizing object | door_W15_1_bot
Fra:1 Mem:100.28M (Peak 100.28M) | Time:00:00.07 | Mem:0.00M, Peak:0.00M | Scene, ViewLayer | Synchronizing object | door_W15_1_lft
Fra:1 Mem:100.28M (Peak 100.28M) | Time:00:00.07 | Mem:0.00M, Peak:0.00M | Scene, ViewLayer | Synchronizing object | door_W15_1_rgt
Fra:1 Mem:100.29M (Peak 100.29M) | Time:00:00.07 | Mem:0.00M, Peak:0.00M | Scene, ViewLayer | Synchronizing object | door_W15_1_glass
Fra:1 Mem:100.29M (Peak 100.29M) | Time:00:00.07 | Mem:0.00M, Peak:0.00M | Scene, ViewLayer | Synchronizing object | door_W17_0_top
Fra:1 Mem:100.29M (Peak 100.29M) | Time:00:00.07 | Mem:0.00M, Peak:0.00M | Scene, ViewLayer | Synchronizing object | door_W17_0_lft
Fra:1 Mem:100.29M (Peak 100.29M) | Time:00:00.07 | Mem:0.00M, Peak:0.00M | Scene, ViewLayer | Synchronizing object | door_W17_0_rgt
Fra:1 Mem:100.29M (Peak 100.29M) | Time:00:00.07 | Mem:0.00M, Peak:0.00M | Scene, ViewLayer | Synchronizing object | door_W17_1_top
Fra:1 Mem:100.29M (Peak 100.29M) | Time:00:00.07 | Mem:0.00M, Peak:0.00M | Scene, ViewLayer | Synchronizing object | door_W17_1_lft
Fra:1 Mem:100.29M (Peak 100.29M) | Time:00:00.07 | Mem:0.00M, Peak:0.00M | Scene, ViewLayer | Synchronizing object | door_W17_1_glass
Fra:1 Mem:100.30M (Peak 100.30M) | Time:00:00.07 | Mem:0.00M, Peak:0.00M | Scene, ViewLayer | Synchronizing object | door_W17_2_lft
Fra:1 Mem:100.30M (Peak 100.30M) | Time:00:00.07 | Mem:0.00M, Peak:0.00M | Scene, ViewLayer | Synchronizing object | door_W17_2_glass
Fra:1 Mem:100.30M (Peak 100.30M) | Time:00:00.07 | Mem:0.00M, Peak:0.00M | Scene, ViewLayer | Synchronizing object | door_W19_0jlfto
Fra:1 Mem:100.30M (Peak 100.30M) | Time:00:00.07 | Mem:0.00M, Peak:0.00M | Scene, ViewLayer | Synchronizing object | door_W19_0jlfti
Fra:1 Mem:100.30M (Peak 100.30M) | Time:00:00.07 | Mem:0.00M, Peak:0.00M | Scene, ViewLayer | Synchronizing object | door_W19_0jrgto
Fra:1 Mem:100.30M (Peak 100.30M) | Time:00:00.07 | Mem:0.00M, Peak:0.00M | Scene, ViewLayer | Synchronizing object | door_W19_0jrgti
Fra:1 Mem:100.30M (Peak 100.30M) | Time:00:00.07 | Mem:0.00M, Peak:0.00M | Scene, ViewLayer | Synchronizing object | door_W19_0jtopi
Fra:1 Mem:100.30M (Peak 100.30M) | Time:00:00.07 | Mem:0.00M, Peak:0.00M | Scene, ViewLayer | Synchronizing object | door_W19_0leaf
Fra:1 Mem:100.30M (Peak 100.30M) | Time:00:00.07 | Mem:0.00M, Peak:0.00M | Scene, ViewLayer | Synchronizing object | door_W27_0jlfto
Fra:1 Mem:100.31M (Peak 100.31M) | Time:00:00.07 | Mem:0.00M, Peak:0.00M | Scene, ViewLayer | Synchronizing object | door_W27_0jlfti
Fra:1 Mem:100.31M (Peak 100.31M) | Time:00:00.07 | Mem:0.00M, Peak:0.00M | Scene, ViewLayer | Synchronizing object | door_W27_0jrgti
Fra:1 Mem:100.31M (Peak 100.31M) | Time:00:00.07 | Mem:0.00M, Peak:0.00M | Scene, ViewLayer | Synchronizing object | door_W27_0jtopo
Fra:1 Mem:100.31M (Peak 100.31M) | Time:00:00.07 | Mem:0.00M, Peak:0.00M | Scene, ViewLayer | Synchronizing object | door_W27_0leaf
Fra:1 Mem:100.31M (Peak 100.31M) | Time:00:00.07 | Mem:0.00M, Peak:0.00M | Scene, ViewLayer | Synchronizing object | bay_platform
Fra:1 Mem:100.31M (Peak 100.31M) | Time:00:00.07 | Mem:0.00M, Peak:0.00M | Scene, ViewLayer | Synchronizing object | rail_ter_S_p0
Fra:1 Mem:100.32M (Peak 100.32M) | Time:00:00.07 | Mem:0.00M, Peak:0.00M | Scene, ViewLayer | Synchronizing object | rail_ter_S_p3
Fra:1 Mem:100.32M (Peak 100.32M) | Time:00:00.07 | Mem:0.00M, Peak:0.00M | Scene, ViewLayer | Synchronizing object | rail_ter_S_top
Fra:1 Mem:100.32M (Peak 100.32M) | Time:00:00.07 | Mem:0.00M, Peak:0.00M | Scene, ViewLayer | Synchronizing object | rail_ter_S_glass
Fra:1 Mem:100.32M (Peak 100.32M) | Time:00:00.07 | Mem:0.00M, Peak:0.00M | Scene, ViewLayer | Synchronizing object | rail_ter_E_p1
Fra:1 Mem:100.32M (Peak 100.32M) | Time:00:00.07 | Mem:0.00M, Peak:0.00M | Scene, ViewLayer | Synchronizing object | rail_ter_E_p2
Fra:1 Mem:100.32M (Peak 100.32M) | Time:00:00.07 | Mem:0.00M, Peak:0.00M | Scene, ViewLayer | Synchronizing object | rail_ter_E_glass
Fra:1 Mem:100.32M (Peak 100.32M) | Time:00:00.07 | Mem:0.00M, Peak:0.00M | Scene, ViewLayer | Synchronizing object | rail_ter_W_p0
Fra:1 Mem:100.32M (Peak 100.32M) | Time:00:00.07 | Mem:0.00M, Peak:0.00M | Scene, ViewLayer | Synchronizing object | rail_ter_W_p1
Fra:1 Mem:100.32M (Peak 100.32M) | Time:00:00.07 | Mem:0.00M, Peak:0.00M | Scene, ViewLayer | Synchronizing object | rail_ter_W_top
Fra:1 Mem:100.32M (Peak 100.32M) | Time:00:00.07 | Mem:0.00M, Peak:0.00M | Scene, ViewLayer | Synchronizing object | common_kitchen_dishwasher_01_body
Fra:1 Mem:100.33M (Peak 100.33M) | Time:00:00.07 | Mem:0.00M, Peak:0.00M | Scene, ViewLayer | Synchronizing object | common_kitchen_dishwasher_01_top
Fra:1 Mem:100.33M (Peak 100.33M) | Time:00:00.07 | Mem:0.00M, Peak:0.00M | Scene, ViewLayer | Synchronizing object | common_kitchen_dishwasher_01_drw_f0
Fra:1 Mem:100.33M (Peak 100.33M) | Time:00:00.07 | Mem:0.00M, Peak:0.00M | Scene, ViewLayer | Synchronizing object | common_kitchen_dishwasher_01_drw_f1
Fra:1 Mem:100.34M (Peak 100.34M) | Time:00:00.07 | Mem:0.00M, Peak:0.00M | Scene, ViewLayer | Synchronizing object | common_kitchen_dishwasher_01_drw_p1
Fra:1 Mem:100.34M (Peak 100.34M) | Time:00:00.07 | Mem:0.00M, Peak:0.00M | Scene, ViewLayer | Synchronizing object | common_kitchen_dishwasher_01_drw_p2
Fra:1 Mem:100.34M (Peak 100.34M) | Time:00:00.07 | Mem:0.00M, Peak:0.00M | Scene, ViewLayer | Synchronizing object | common_kitchen_dishwasher_01_drw_f4
Fra:1 Mem:100.35M (Peak 100.35M) | Time:00:00.07 | Mem:0.00M, Peak:0.00M | Scene, ViewLayer | Synchronizing object | common_kitchen_dishwasher_01_drw_p4
Fra:1 Mem:100.35M (Peak 100.35M) | Time:00:00.07 | Mem:0.00M, Peak:0.00M | Scene, ViewLayer | Synchronizing object | common_kitchen_sink_01_inner
Fra:1 Mem:100.35M (Peak 100.35M) | Time:00:00.07 | Mem:0.00M, Peak:0.00M | Scene, ViewLayer | Synchronizing object | common_kitchen_sink_01_tap
Fra:1 Mem:100.35M (Peak 100.35M) | Time:00:00.07 | Mem:0.00M, Peak:0.00M | Scene, ViewLayer | Synchronizing object | common_kitchen_dishwasher_02_panel
Fra:1 Mem:100.35M (Peak 100.35M) | Time:00:00.07 | Mem:0.00M, Peak:0.00M | Scene, ViewLayer | Synchronizing object | common_kitchen_kitchen_counter_01_body
Fra:1 Mem:100.35M (Peak 100.35M) | Time:00:00.07 | Mem:0.00M, Peak:0.00M | Scene, ViewLayer | Synchronizing object | common_kitchen_kitchen_counter_01_top
Fra:1 Mem:100.35M (Peak 100.35M) | Time:00:00.07 | Mem:0.00M, Peak:0.00M | Scene, ViewLayer | Synchronizing object | common_kitchen_kitchen_counter_01_drw_p0
Fra:1 Mem:100.35M (Peak 100.35M) | Time:00:00.07 | Mem:0.00M, Peak:0.00M | Scene, ViewLayer | Synchronizing object | common_kitchen_kitchen_counter_01_drw_f1
Fra:1 Mem:100.38M (Peak 100.38M) | Time:00:00.07 | Mem:0.00M, Peak:0.00M | Scene, ViewLayer | Synchronizing object | common_kitchen_kitchen_counter_01_drw_p1
Fra:1 Mem:100.38M (Peak 100.38M) | Time:00:00.07 | Mem:0.00M, Peak:0.00M | Scene, ViewLayer | Synchronizing object | common_kitchen_kitchen_counter_01_drw_f3
Fra:1 Mem:100.38M (Peak 100.39M) | Time:00:00.07 | Mem:0.00M, Peak:0.00M | Scene, ViewLayer | Synchronizing object | common_kitchen_kitchen_counter_01_drw_f4
Fra:1 Mem:100.41M (Peak 100.41M) | Time:00:00.07 | Mem:0.00M, Peak:0.00M | Scene, ViewLayer | Synchronizing object | common_kitchen_kitchen_counter_01_drw_p4
Fra:1 Mem:100.41M (Peak 100.41M) | Time:00:00.07 | Mem:0.00M, Peak:0.00M | Scene, ViewLayer | Synchronizing object | common_kitchen_hob_01_burner0
Fra:1 Mem:100.41M (Peak 100.41M) | Time:00:00.07 | Mem:0.00M, Peak:0.00M | Scene, ViewLayer | Synchronizing object | common_kitchen_hob_01_burner1
Fra:1 Mem:100.41M (Peak 100.41M) | Time:00:00.07 | Mem:0.00M, Peak:0.00M | Scene, ViewLayer | Synchronizing object | common_kitchen_range_hood_01_topbox
Fra:1 Mem:100.41M (Peak 100.41M) | Time:00:00.07 | Mem:0.00M, Peak:0.00M | Scene, ViewLayer | Synchronizing object | common_kitchen_range_hood_01_slant
Fra:1 Mem:100.41M (Peak 100.41M) | Time:00:00.07 | Mem:0.00M, Peak:0.00M | Scene, ViewLayer | Synchronizing object | common_kitchen_cabinet_01_body
Fra:1 Mem:100.41M (Peak 100.41M) | Time:00:00.07 | Mem:0.00M, Peak:0.00M | Scene, ViewLayer | Synchronizing object | common_kitchen_cabinet_01_door_f0
Fra:1 Mem:100.41M (Peak 100.41M) | Time:00:00.07 | Mem:0.00M, Peak:0.00M | Scene, ViewLayer | Synchronizing object | common_kitchen_cabinet_01_door_p0
Fra:1 Mem:100.42M (Peak 100.42M) | Time:00:00.07 | Mem:0.00M, Peak:0.00M | Scene, ViewLayer | Synchronizing object | common_kitchen_cabinet_01_door_f1
Fra:1 Mem:100.44M (Peak 100.44M) | Time:00:00.07 | Mem:0.00M, Peak:0.00M | Scene, ViewLayer | Synchronizing object | common_kitchen_cabinet_01_door_p1
Fra:1 Mem:100.44M (Peak 100.44M) | Time:00:00.07 | Mem:0.00M, Peak:0.00M | Scene, ViewLayer | Synchronizing object | common_kitchen_cabinet_01_door_f2
Fra:1 Mem:100.44M (Peak 100.44M) | Time:00:00.07 | Mem:0.00M, Peak:0.00M | Scene, ViewLayer | Synchronizing object | common_kitchen_cabinet_01_door_p2
Fra:1 Mem:100.45M (Peak 100.45M) | Time:00:00.07 | Mem:0.00M, Peak:0.00M | Scene, ViewLayer | Synchronizing object | common_kitchen_cabinet_02_door_f0
Fra:1 Mem:100.48M (Peak 100.48M) | Time:00:00.07 | Mem:0.00M, Peak:0.00M | Scene, ViewLayer | Synchronizing object | common_kitchen_cabinet_02_door_p1
Fra:1 Mem:100.49M (Peak 100.49M) | Time:00:00.07 | Mem:0.00M, Peak:0.00M | Scene, ViewLayer | Synchronizing object | common_kitchen_cabinet_02_door_f2
Fra:1 Mem:100.50M (Peak 100.50M) | Time:00:00.07 | Mem:0.00M, Peak:0.00M | Scene, ViewLayer | Synchronizing object | common_kitchen_cabinet_02_door_p2
Fra:1 Mem:100.50M (Peak 100.50M) | Time:00:00.07 | Mem:0.00M, Peak:0.00M | Scene, ViewLayer | Synchronizing object | common_kitchen_glass_sliding_door_01_stL
Fra:1 Mem:100.50M (Peak 100.50M) | Time:00:00.07 | Mem:0.00M, Peak:0.00M | Scene, ViewLayer | Synchronizing object | common_kitchen_glass_sliding_door_01_stR
Fra:1 Mem:100.51M (Peak 100.51M) | Time:00:00.07 | Mem:0.00M, Peak:0.00M | Scene, ViewLayer | Synchronizing object | common_kitchen_glass_sliding_door_01_stT
Fra:1 Mem:100.51M (Peak 100.51M) | Time:00:00.07 | Mem:0.00M, Peak:0.00M | Scene, ViewLayer | Synchronizing object | common_living_dining_balcony_glass_sliding_door_01_glass
Fra:1 Mem:100.51M (Peak 100.51M) | Time:00:00.07 | Mem:0.00M, Peak:0.00M | Scene, ViewLayer | Synchronizing object | common_living_dining_balcony_glass_sliding_door_01_stB
Fra:1 Mem:100.52M (Peak 100.52M) | Time:00:00.07 | Mem:0.00M, Peak:0.00M | Scene, ViewLayer | Synchronizing object | common_living_dining_balcony_glass_sliding_door_02_glass
Fra:1 Mem:100.52M (Peak 100.52M) | Time:00:00.07 | Mem:0.00M, Peak:0.00M | Scene, ViewLayer | Synchronizing object | common_living_dining_balcony_glass_sliding_door_02_stR
Fra:1 Mem:100.53M (Peak 100.53M) | Time:00:00.07 | Mem:0.00M, Peak:0.00M | Scene, ViewLayer | Synchronizing object | common_living_dining_balcony_glass_sliding_door_02_stT
Fra:1 Mem:100.53M (Peak 100.53M) | Time:00:00.07 | Mem:0.00M, Peak:0.00M | Scene, ViewLayer | Synchronizing object | common_living_dining_balcony_glass_sliding_door_02_stB
Fra:1 Mem:100.53M (Peak 100.53M) | Time:00:00.07 | Mem:0.00M, Peak:0.00M | Scene, ViewLayer | Synchronizing object | common_kitchen_glass_sliding_door_02_stL
Fra:1 Mem:100.53M (Peak 100.53M) | Time:00:00.07 | Mem:0.00M, Peak:0.00M | Scene, ViewLayer | Synchronizing object | common_kitchen_glass_sliding_door_02_stR
Fra:1 Mem:100.54M (Peak 100.54M) | Time:00:00.07 | Mem:0.00M, Peak:0.00M | Scene, ViewLayer | Synchronizing object | common_kitchen_glass_sliding_door_02_stB
Fra:1 Mem:100.54M (Peak 100.54M) | Time:00:00.07 | Mem:0.00M, Peak:0.00M | Scene, ViewLayer | Synchronizing object | common_living_dining_balcony_fridge_01_body
Fra:1 Mem:100.54M (Peak 100.54M) | Time:00:00.07 | Mem:0.00M, Peak:0.00M | Scene, ViewLayer | Synchronizing object | common_living_dining_balcony_fridge_01_seamH
Fra:1 Mem:100.54M (Peak 100.54M) | Time:00:00.07 | Mem:0.00M, Peak:0.00M | Scene, ViewLayer | Synchronizing object | common_living_dining_balcony_fridge_01_seamV
Fra:1 Mem:100.55M (Peak 100.55M) | Time:00:00.07 | Mem:0.00M, Peak:0.00M | Scene, ViewLayer | Synchronizing object | common_living_dining_balcony_fridge_01_pullL
Fra:1 Mem:100.55M (Peak 100.55M) | Time:00:00.07 | Mem:0.00M, Peak:0.00M | Scene, ViewLayer | Synchronizing object | common_living_dining_balcony_fridge_01_pullU
Fra:1 Mem:100.55M (Peak 100.55M) | Time:00:00.07 | Mem:0.00M, Peak:0.00M | Scene, ViewLayer | Synchronizing object | common_living_dining_balcony_cabinet_01_door_f0
Fra:1 Mem:100.55M (Peak 100.55M) | Time:00:00.07 | Mem:0.00M, Peak:0.00M | Scene, ViewLayer | Synchronizing object | common_living_dining_balcony_cabinet_01_door_p0
Fra:1 Mem:100.55M (Peak 100.55M) | Time:00:00.07 | Mem:0.00M, Peak:0.00M | Scene, ViewLayer | Synchronizing object | common_living_dining_balcony_cabinet_01_door_p1
Fra:1 Mem:100.55M (Peak 100.55M) | Time:00:00.07 | Mem:0.00M, Peak:0.00M | Scene, ViewLayer | Synchronizing object | common_foyer_cabinet_01_body
Fra:1 Mem:100.56M (Peak 100.56M) | Time:00:00.07 | Mem:0.00M, Peak:0.00M | Scene, ViewLayer | Synchronizing object | common_foyer_cabinet_01_door_f0
Fra:1 Mem:100.56M (Peak 100.56M) | Time:00:00.07 | Mem:0.00M, Peak:0.00M | Scene, ViewLayer | Synchronizing object | common_foyer_cabinet_01_door_f1
Fra:1 Mem:100.59M (Peak 100.59M) | Time:00:00.07 | Mem:0.00M, Peak:0.00M | Scene, ViewLayer | Synchronizing object | common_foyer_cabinet_01_door_f2
Fra:1 Mem:100.59M (Peak 100.59M) | Time:00:00.07 | Mem:0.00M, Peak:0.00M | Scene, ViewLayer | Synchronizing object | common_foyer_cabinet_01_door_p2
Fra:1 Mem:100.60M (Peak 100.60M) | Time:00:00.07 | Mem:0.00M, Peak:0.00M | Scene, ViewLayer | Synchronizing object | common_foyer_open_niche_01_cheek0
Fra:1 Mem:100.60M (Peak 100.60M) | Time:00:00.07 | Mem:0.00M, Peak:0.00M | Scene, ViewLayer | Synchronizing object | common_foyer_open_niche_01_cheek1
Fra:1 Mem:100.60M (Peak 100.60M) | Time:00:00.07 | Mem:0.00M, Peak:0.00M | Scene, ViewLayer | Synchronizing object | common_foyer_open_niche_01_top
Fra:1 Mem:100.60M (Peak 100.60M) | Time:00:00.07 | Mem:0.00M, Peak:0.00M | Scene, ViewLayer | Synchronizing object | lt_strip_tv
Fra:1 Mem:100.61M (Peak 100.61M) | Time:00:00.07 | Mem:0.00M, Peak:0.00M | Scene, ViewLayer | Synchronizing object | common_foyer_cabinet_02_body
Fra:1 Mem:100.61M (Peak 100.61M) | Time:00:00.07 | Mem:0.00M, Peak:0.00M | Scene, ViewLayer | Synchronizing object | lt_pendant_02
Fra:1 Mem:100.61M (Peak 100.61M) | Time:00:00.07 | Mem:0.00M, Peak:0.00M | Scene, ViewLayer | Synchronizing object | common_foyer_cabinet_02_door_p0
Fra:1 Mem:100.61M (Peak 100.61M) | Time:00:00.07 | Mem:0.00M, Peak:0.00M | Scene, ViewLayer | Synchronizing object | common_foyer_cabinet_02_door_f1
Fra:1 Mem:100.61M (Peak 100.61M) | Time:00:00.07 | Mem:0.00M, Peak:0.00M | Scene, ViewLayer | Synchronizing object | common_foyer_cabinet_02_door_p1
Fra:1 Mem:100.62M (Peak 100.62M) | Time:00:00.07 | Mem:0.00M, Peak:0.00M | Scene, ViewLayer | Synchronizing object | common_foyer_cabinet_02_door_f2
Fra:1 Mem:100.63M (Peak 100.63M) | Time:00:00.07 | Mem:0.00M, Peak:0.00M | Scene, ViewLayer | Synchronizing object | common_foyer_mirror_door_01_mirror
Fra:1 Mem:100.64M (Peak 100.64M) | Time:00:00.07 | Mem:0.00M, Peak:0.00M | Scene, ViewLayer | Synchronizing object | common_foyer_mirror_door_01_fr0
Fra:1 Mem:100.65M (Peak 100.65M) | Time:00:00.07 | Mem:0.00M, Peak:0.00M | Scene, ViewLayer | Synchronizing object | common_foyer_mirror_door_01_fr2
Fra:1 Mem:100.65M (Peak 100.65M) | Time:00:00.07 | Mem:0.00M, Peak:0.00M | Scene, ViewLayer | Synchronizing object | common_foyer_mirror_door_01_fr3
Fra:1 Mem:100.65M (Peak 100.65M) | Time:00:00.07 | Mem:0.00M, Peak:0.00M | Scene, ViewLayer | Synchronizing object | common_elevator_hall_cabinet_01_door_f0
Fra:1 Mem:100.65M (Peak 100.65M) | Time:00:00.07 | Mem:0.00M, Peak:0.00M | Scene, ViewLayer | Synchronizing object | common_elevator_hall_cabinet_01_door_p0
Fra:1 Mem:100.65M (Peak 100.65M) | Time:00:00.07 | Mem:0.00M, Peak:0.00M | Scene, ViewLayer | Synchronizing object | common_living_dining_balcony_bookcase_01_body
Fra:1 Mem:100.65M (Peak 100.65M) | Time:00:00.07 | Mem:0.00M, Peak:0.00M | Scene, ViewLayer | Synchronizing object | common_living_dining_balcony_bookcase_01_drw_f0
Fra:1 Mem:100.66M (Peak 100.66M) | Time:00:00.07 | Mem:0.00M, Peak:0.00M | Scene, ViewLayer | Synchronizing object | common_living_dining_balcony_bookcase_01_drw_p0
Fra:1 Mem:100.66M (Peak 100.66M) | Time:00:00.07 | Mem:0.00M, Peak:0.00M | Scene, ViewLayer | Synchronizing object | common_living_dining_balcony_bookcase_01_drw_p1
Fra:1 Mem:100.67M (Peak 100.67M) | Time:00:00.07 | Mem:0.00M, Peak:0.00M | Scene, ViewLayer | Synchronizing object | common_living_dining_balcony_bookcase_01_drw_f2
Fra:1 Mem:100.69M (Peak 100.69M) | Time:00:00.07 | Mem:0.00M, Peak:0.00M | Scene, ViewLayer | Synchronizing object | common_living_dining_balcony_bookcase_01_drw_f3
Fra:1 Mem:100.69M (Peak 100.69M) | Time:00:00.07 | Mem:0.00M, Peak:0.00M | Scene, ViewLayer | Synchronizing object | common_living_dining_balcony_bookcase_02_body
Fra:1 Mem:100.70M (Peak 100.70M) | Time:00:00.07 | Mem:0.00M, Peak:0.00M | Scene, ViewLayer | Synchronizing object | common_living_dining_balcony_bookcase_02_doorS_p0
Fra:1 Mem:100.70M (Peak 100.70M) | Time:00:00.07 | Mem:0.00M, Peak:0.00M | Scene, ViewLayer | Synchronizing object | common_living_dining_balcony_bookcase_02_nsh0
Fra:1 Mem:100.70M (Peak 100.70M) | Time:00:00.08 | Mem:0.00M, Peak:0.00M | Scene, ViewLayer | Synchronizing object | common_living_dining_balcony_bookcase_02_nsh2
Fra:1 Mem:100.71M (Peak 100.71M) | Time:00:00.08 | Mem:0.00M, Peak:0.00M | Scene, ViewLayer | Synchronizing object | common_living_dining_balcony_bookcase_02_nsh3
Fra:1 Mem:100.72M (Peak 100.72M) | Time:00:00.08 | Mem:0.00M, Peak:0.00M | Scene, ViewLayer | Synchronizing object | common_living_dining_balcony_bookcase_02_doorN_f0
Fra:1 Mem:100.72M (Peak 100.72M) | Time:00:00.08 | Mem:0.00M, Peak:0.00M | Scene, ViewLayer | Synchronizing object | common_living_dining_balcony_laundry_cabinet_01_body
Fra:1 Mem:100.73M (Peak 100.73M) | Time:00:00.08 | Mem:0.00M, Peak:0.00M | Scene, ViewLayer | Synchronizing object | common_living_dining_balcony_laundry_cabinet_01_door_f0
Fra:1 Mem:100.73M (Peak 100.73M) | Time:00:00.08 | Mem:0.00M, Peak:0.00M | Scene, ViewLayer | Synchronizing object | common_living_dining_balcony_laundry_cabinet_01_door_p0
Fra:1 Mem:100.73M (Peak 100.73M) | Time:00:00.08 | Mem:0.00M, Peak:0.00M | Scene, ViewLayer | Synchronizing object | common_living_dining_balcony_laundry_cabinet_01_door_f1
Fra:1 Mem:100.75M (Peak 100.75M) | Time:00:00.08 | Mem:0.00M, Peak:0.00M | Scene, ViewLayer | Synchronizing object | common_master_bedroom_open_niche_01_back
Fra:1 Mem:100.75M (Peak 100.75M) | Time:00:00.08 | Mem:0.00M, Peak:0.00M | Scene, ViewLayer | Synchronizing object | fx_art_wall_A
Fra:1 Mem:100.75M (Peak 100.75M) | Time:00:00.08 | Mem:0.00M, Peak:0.00M | Scene, ViewLayer | Synchronizing object | common_master_bedroom_open_niche_01_top
Fra:1 Mem:100.75M (Peak 100.75M) | Time:00:00.08 | Mem:0.00M, Peak:0.00M | Scene, ViewLayer | Synchronizing object | fx_curt_living_bo_e_A
Fra:1 Mem:100.75M (Peak 100.75M) | Time:00:00.08 | Mem:0.00M, Peak:0.00M | Scene, ViewLayer | Synchronizing object | fx_curt_living_bo_w_A
Fra:1 Mem:100.76M (Peak 100.76M) | Time:00:00.08 | Mem:0.00M, Peak:0.00M | Scene, ViewLayer | Synchronizing object | common_master_bedroom_open_niche_01_bottom
Fra:1 Mem:100.76M (Peak 100.76M) | Time:00:00.08 | Mem:0.00M, Peak:0.00M | Scene, ViewLayer | Synchronizing object | fx_curt_living_sheer_A
Fra:1 Mem:100.76M (Peak 100.76M) | Time:00:00.08 | Mem:0.00M, Peak:0.00M | Scene, ViewLayer | Synchronizing object | common_master_bedroom_open_niche_01_sh1
Fra:1 Mem:100.76M (Peak 100.76M) | Time:00:00.08 | Mem:0.00M, Peak:0.00M | Scene, ViewLayer | Synchronizing object | common_master_bedroom_open_niche_01_sh2
Fra:1 Mem:100.76M (Peak 100.76M) | Time:00:00.08 | Mem:0.00M, Peak:0.00M | Scene, ViewLayer | Synchronizing object | common_master_bath_vanity_01_drw_p0
Fra:1 Mem:100.77M (Peak 100.77M) | Time:00:00.08 | Mem:0.00M, Peak:0.00M | Scene, ViewLayer | Synchronizing object | common_master_bath_vanity_01_drw_f1
Fra:1 Mem:100.77M (Peak 100.77M) | Time:00:00.08 | Mem:0.00M, Peak:0.00M | Scene, ViewLayer | Synchronizing object | common_master_bath_vanity_01_basin
Fra:1 Mem:100.77M (Peak 100.77M) | Time:00:00.08 | Mem:0.00M, Peak:0.00M | Scene, ViewLayer | Synchronizing object | common_master_bath_mirror_cabinet_01_body
Fra:1 Mem:100.78M (Peak 100.78M) | Time:00:00.08 | Mem:0.00M, Peak:0.00M | Scene, ViewLayer | Synchronizing object | common_master_bath_mirror_cabinet_01_mir_f0
Fra:1 Mem:100.78M (Peak 100.78M) | Time:00:00.08 | Mem:0.00M, Peak:0.00M | Scene, ViewLayer | Synchronizing object | common_master_bath_toilet_01_base
Fra:1 Mem:100.78M (Peak 100.78M) | Time:00:00.08 | Mem:0.00M, Peak:0.00M | Scene, ViewLayer | Synchronizing object | common_master_bath_toilet_01_tank
Fra:1 Mem:100.79M (Peak 100.79M) | Time:00:00.08 | Mem:0.00M, Peak:0.00M | Scene, ViewLayer | Synchronizing object | common_master_bath_glass_partition_01_fr1
Fra:1 Mem:100.79M (Peak 100.79M) | Time:00:00.08 | Mem:0.00M, Peak:0.00M | Scene, ViewLayer | Synchronizing object | common_master_bath_glass_partition_01_fr2
Fra:1 Mem:100.79M (Peak 100.79M) | Time:00:00.08 | Mem:0.00M, Peak:0.00M | Scene, ViewLayer | Synchronizing object | common_master_bath_glass_partition_01_fr3
Fra:1 Mem:100.82M (Peak 100.82M) | Time:00:00.08 | Mem:0.00M, Peak:0.00M | Scene, ViewLayer | Synchronizing object | common_corridor_vanity_01_cab
Fra:1 Mem:100.82M (Peak 100.82M) | Time:00:00.08 | Mem:0.00M, Peak:0.00M | Scene, ViewLayer | Synchronizing object | common_corridor_vanity_01_top
Fra:1 Mem:100.84M (Peak 100.84M) | Time:00:00.08 | Mem:0.00M, Peak:0.00M | Scene, ViewLayer | Synchronizing object | common_corridor_vanity_01_drw_p1
Fra:1 Mem:100.85M (Peak 100.85M) | Time:00:00.08 | Mem:0.00M, Peak:0.00M | Scene, ViewLayer | Synchronizing object | common_corridor_vanity_01_drw_f2
Fra:1 Mem:100.85M (Peak 100.85M) | Time:00:00.08 | Mem:0.00M, Peak:0.00M | Scene, ViewLayer | Synchronizing object | common_corridor_vanity_01_drw_p2
Fra:1 Mem:100.85M (Peak 100.85M) | Time:00:00.08 | Mem:0.00M, Peak:0.00M | Scene, ViewLayer | Synchronizing object | common_corridor_vanity_01_basin1
Fra:1 Mem:100.85M (Peak 100.85M) | Time:00:00.08 | Mem:0.00M, Peak:0.00M | Scene, ViewLayer | Synchronizing object | common_corridor_mirror_cabinet_01_body
Fra:1 Mem:100.86M (Peak 100.86M) | Time:00:00.08 | Mem:0.00M, Peak:0.00M | Scene, ViewLayer | Synchronizing object | common_corridor_mirror_cabinet_01_mir_f0
Fra:1 Mem:100.86M (Peak 100.86M) | Time:00:00.08 | Mem:0.00M, Peak:0.00M | Scene, ViewLayer | Synchronizing object | common_corridor_mirror_cabinet_01_mir_f1
Fra:1 Mem:100.86M (Peak 100.86M) | Time:00:00.08 | Mem:0.00M, Peak:0.00M | Scene, ViewLayer | Synchronizing object | common_public_bath_wet_shower_floor_01_pan
Fra:1 Mem:100.87M (Peak 100.87M) | Time:00:00.08 | Mem:0.00M, Peak:0.00M | Scene, ViewLayer | Synchronizing object | common_public_bath_wet_shower_floor_01_drain
Fra:1 Mem:100.87M (Peak 100.87M) | Time:00:00.08 | Mem:0.00M, Peak:0.00M | Scene, ViewLayer | Synchronizing object | common_public_bath_wet_glass_partition_01_fr0
Fra:1 Mem:100.87M (Peak 100.87M) | Time:00:00.08 | Mem:0.00M, Peak:0.00M | Scene, ViewLayer | Synchronizing object | common_public_bath_wet_glass_partition_01_fr1
Fra:1 Mem:100.88M (Peak 100.88M) | Time:00:00.08 | Mem:0.00M, Peak:0.00M | Scene, ViewLayer | Synchronizing object | common_public_bath_wet_glass_partition_01_fr4
Fra:1 Mem:100.88M (Peak 100.88M) | Time:00:00.08 | Mem:0.00M, Peak:0.00M | Scene, ViewLayer | Synchronizing object | A_living_dining_balcony_lounge_chair_01_arm0
Fra:1 Mem:100.89M (Peak 100.89M) | Time:00:00.08 | Mem:0.00M, Peak:0.00M | Scene, ViewLayer | Synchronizing object | common_public_bath_wet_toilet_01_seat
Fra:1 Mem:100.89M (Peak 100.89M) | Time:00:00.08 | Mem:0.00M, Peak:0.00M | Scene, ViewLayer | Synchronizing object | A_living_dining_balcony_lounge_chair_01_leg3
Fra:1 Mem:100.89M (Peak 100.89M) | Time:00:00.08 | Mem:0.00M, Peak:0.00M | Scene, ViewLayer | Synchronizing object | A_living_dining_balcony_lounge_chair_01_leg2
Fra:1 Mem:100.89M (Peak 100.89M) | Time:00:00.08 | Mem:0.00M, Peak:0.00M | Scene, ViewLayer | Synchronizing object | common_master_bedroom_screen_01_slat00
Fra:1 Mem:100.90M (Peak 100.90M) | Time:00:00.08 | Mem:0.00M, Peak:0.00M | Scene, ViewLayer | Synchronizing object | common_master_bedroom_screen_01_slat01
Fra:1 Mem:100.90M (Peak 100.90M) | Time:00:00.08 | Mem:0.00M, Peak:0.00M | Scene, ViewLayer | Synchronizing object | common_master_bedroom_screen_01_slat04
Fra:1 Mem:100.93M (Peak 100.93M) | Time:00:00.08 | Mem:0.00M, Peak:0.00M | Scene, ViewLayer | Synchronizing object | common_master_bedroom_screen_01_slat05
Fra:1 Mem:100.93M (Peak 100.93M) | Time:00:00.08 | Mem:0.00M, Peak:0.00M | Scene, ViewLayer | Synchronizing object | common_master_bedroom_screen_01_slat06
Fra:1 Mem:100.93M (Peak 100.93M) | Time:00:00.08 | Mem:0.00M, Peak:0.00M | Scene, ViewLayer | Synchronizing object | common_master_bedroom_screen_01_slat08
Fra:1 Mem:100.94M (Peak 100.94M) | Time:00:00.08 | Mem:0.00M, Peak:0.00M | Scene, ViewLayer | Synchronizing object | common_master_bedroom_screen_01_slat09
Fra:1 Mem:100.94M (Peak 100.94M) | Time:00:00.08 | Mem:0.00M, Peak:0.00M | Scene, ViewLayer | Synchronizing object | common_master_bedroom_screen_01_slat11
Fra:1 Mem:100.95M (Peak 100.95M) | Time:00:00.08 | Mem:0.00M, Peak:0.00M | Scene, ViewLayer | Synchronizing object | common_master_bedroom_screen_01_slat13
Fra:1 Mem:100.96M (Peak 100.96M) | Time:00:00.08 | Mem:0.00M, Peak:0.00M | Scene, ViewLayer | Synchronizing object | common_master_bedroom_screen_01_slat14
Fra:1 Mem:100.96M (Peak 100.96M) | Time:00:00.08 | Mem:0.00M, Peak:0.00M | Scene, ViewLayer | Synchronizing object | common_master_bedroom_screen_01_slat15
Fra:1 Mem:100.99M (Peak 100.99M) | Time:00:00.08 | Mem:0.00M, Peak:0.00M | Scene, ViewLayer | Synchronizing object | common_master_bedroom_screen_01_slat16
Fra:1 Mem:100.99M (Peak 100.99M) | Time:00:00.08 | Mem:0.00M, Peak:0.00M | Scene, ViewLayer | Synchronizing object | common_master_bedroom_screen_01_slat18
Fra:1 Mem:101.00M (Peak 101.00M) | Time:00:00.08 | Mem:0.00M, Peak:0.00M | Scene, ViewLayer | Synchronizing object | common_master_bedroom_screen_01_cap
Fra:1 Mem:101.01M (Peak 101.01M) | Time:00:00.08 | Mem:0.00M, Peak:0.00M | Scene, ViewLayer | Synchronizing object | A_living_dining_balcony_lounge_chair_01_leg1
Fra:1 Mem:101.01M (Peak 101.02M) | Time:00:00.08 | Mem:0.00M, Peak:0.00M | Scene, ViewLayer | Synchronizing object | common_foyer_stool_01_pad
Fra:1 Mem:101.02M (Peak 101.02M) | Time:00:00.08 | Mem:0.00M, Peak:0.00M | Scene, ViewLayer | Synchronizing object | common_foyer_stool_01_leg0
Fra:1 Mem:101.03M (Peak 101.03M) | Time:00:00.08 | Mem:0.00M, Peak:0.00M | Scene, ViewLayer | Synchronizing object | common_foyer_stool_01_leg1
Fra:1 Mem:101.03M (Peak 101.03M) | Time:00:00.08 | Mem:0.00M, Peak:0.00M | Scene, ViewLayer | Synchronizing object | common_foyer_stool_01_leg2
Fra:1 Mem:101.03M (Peak 101.03M) | Time:00:00.08 | Mem:0.00M, Peak:0.00M | Scene, ViewLayer | Synchronizing object | common_living_dining_balcony_plant_01_stem
Fra:1 Mem:101.04M (Peak 101.04M) | Time:00:00.08 | Mem:0.00M, Peak:0.00M | Scene, ViewLayer | Synchronizing object | common_living_dining_balcony_plant_01_leaf0
Fra:1 Mem:101.04M (Peak 101.04M) | Time:00:00.08 | Mem:0.00M, Peak:0.00M | Scene, ViewLayer | Synchronizing object | common_living_dining_balcony_plant_01_leaf1
Fra:1 Mem:101.04M (Peak 101.04M) | Time:00:00.08 | Mem:0.00M, Peak:0.00M | Scene, ViewLayer | Synchronizing object | common_living_dining_balcony_plant_01_leaf2
Fra:1 Mem:101.05M (Peak 101.05M) | Time:00:00.08 | Mem:0.00M, Peak:0.00M | Scene, ViewLayer | Synchronizing object | common_living_dining_balcony_plant_01_leaf3
Fra:1 Mem:101.05M (Peak 101.05M) | Time:00:00.08 | Mem:0.00M, Peak:0.00M | Scene, ViewLayer | Synchronizing object | common_living_dining_balcony_plant_01_leaf4
Fra:1 Mem:101.05M (Peak 101.05M) | Time:00:00.08 | Mem:0.00M, Peak:0.00M | Scene, ViewLayer | Synchronizing object | common_living_dining_balcony_plant_01_leaf5
Fra:1 Mem:101.06M (Peak 101.06M) | Time:00:00.08 | Mem:0.00M, Peak:0.00M | Scene, ViewLayer | Synchronizing object | common_living_dining_balcony_plant_01_leaf6
Fra:1 Mem:101.07M (Peak 101.07M) | Time:00:00.08 | Mem:0.00M, Peak:0.00M | Scene, ViewLayer | Synchronizing object | common_living_dining_balcony_planter_01_pot
Fra:1 Mem:101.07M (Peak 101.07M) | Time:00:00.08 | Mem:0.00M, Peak:0.00M | Scene, ViewLayer | Synchronizing object | common_living_dining_balcony_stool_01_top
Fra:1 Mem:101.08M (Peak 101.08M) | Time:00:00.08 | Mem:0.00M, Peak:0.00M | Scene, ViewLayer | Synchronizing object | common_living_dining_balcony_stool_01_post
Fra:1 Mem:101.09M (Peak 101.09M) | Time:00:00.08 | Mem:0.00M, Peak:0.00M | Scene, ViewLayer | Synchronizing object | common_living_dining_balcony_stool_01_jar
Fra:1 Mem:101.12M (Peak 101.12M) | Time:00:00.08 | Mem:0.00M, Peak:0.00M | Scene, ViewLayer | Synchronizing object | common_living_dining_balcony_artwork_01_canvas
Fra:1 Mem:101.13M (Peak 101.13M) | Time:00:00.08 | Mem:0.00M, Peak:0.00M | Scene, ViewLayer | Synchronizing object | common_master_bedroom_wardrobe_01_body
Fra:1 Mem:101.14M (Peak 101.14M) | Time:00:00.08 | Mem:0.00M, Peak:0.00M | Scene, ViewLayer | Synchronizing object | A_living_dining_balcony_lounge_chair_01_leg0
Fra:1 Mem:101.14M (Peak 101.14M) | Time:00:00.08 | Mem:0.00M, Peak:0.00M | Scene, ViewLayer | Synchronizing object | common_master_bedroom_wardrobe_01_door_p1
Fra:1 Mem:101.14M (Peak 101.14M) | Time:00:00.08 | Mem:0.00M, Peak:0.00M | Scene, ViewLayer | Synchronizing object | A_living_dining_balcony_lounge_chair_01_back
Fra:1 Mem:101.14M (Peak 101.14M) | Time:00:00.08 | Mem:0.00M, Peak:0.00M | Scene, ViewLayer | Synchronizing object | common_master_bedroom_wardrobe_01_door_f2
Fra:1 Mem:101.16M (Peak 101.16M) | Time:00:00.08 | Mem:0.00M, Peak:0.00M | Scene, ViewLayer | Synchronizing object | common_master_bedroom_wardrobe_01_door_p2
Fra:1 Mem:101.16M (Peak 101.16M) | Time:00:00.08 | Mem:0.00M, Peak:0.00M | Scene, ViewLayer | Synchronizing object | common_master_bedroom_wardrobe_01_door_p3
Fra:1 Mem:101.17M (Peak 101.17M) | Time:00:00.08 | Mem:0.00M, Peak:0.00M | Scene, ViewLayer | Synchronizing object | common_master_bedroom_wardrobe_01_door_f4
Fra:1 Mem:101.19M (Peak 101.19M) | Time:00:00.08 | Mem:0.00M, Peak:0.00M | Scene, ViewLayer | Synchronizing object | common_master_bedroom_wardrobe_01_door_p4
Fra:1 Mem:101.20M (Peak 101.20M) | Time:00:00.08 | Mem:0.00M, Peak:0.00M | Scene, ViewLayer | Synchronizing object | common_master_bedroom_wardrobe_01_door_p5
Fra:1 Mem:101.20M (Peak 101.20M) | Time:00:00.08 | Mem:0.00M, Peak:0.00M | Scene, ViewLayer | Synchronizing object | common_master_bedroom_wardrobe_01_door_f6
Fra:1 Mem:101.21M (Peak 101.21M) | Time:00:00.08 | Mem:0.00M, Peak:0.00M | Scene, ViewLayer | Synchronizing object | common_master_bedroom_wardrobe_01_door_p6
Fra:1 Mem:101.22M (Peak 101.22M) | Time:00:00.08 | Mem:0.00M, Peak:0.00M | Scene, ViewLayer | Synchronizing object | common_master_bedroom_dressing_table_01_side0
Fra:1 Mem:101.22M (Peak 101.22M) | Time:00:00.08 | Mem:0.00M, Peak:0.00M | Scene, ViewLayer | Synchronizing object | common_master_bedroom_dressing_table_01_side1
Fra:1 Mem:101.23M (Peak 101.23M) | Time:00:00.08 | Mem:0.00M, Peak:0.00M | Scene, ViewLayer | Synchronizing object | common_master_bedroom_dressing_table_01_door_f0
Fra:1 Mem:101.23M (Peak 101.24M) | Time:00:00.08 | Mem:0.00M, Peak:0.00M | Scene, ViewLayer | Synchronizing object | common_master_bedroom_dressing_table_01_door_p0
Fra:1 Mem:101.25M (Peak 101.25M) | Time:00:00.08 | Mem:0.00M, Peak:0.00M | Scene, ViewLayer | Synchronizing object | common_master_bedroom_dressing_table_01_door_f1
Fra:1 Mem:101.25M (Peak 101.25M) | Time:00:00.08 | Mem:0.00M, Peak:0.00M | Scene, ViewLayer | Synchronizing object | common_master_bedroom_dressing_table_01_door_f2
Fra:1 Mem:101.26M (Peak 101.26M) | Time:00:00.08 | Mem:0.00M, Peak:0.00M | Scene, ViewLayer | Synchronizing object | common_master_bedroom_dressing_table_01_door_p2
Fra:1 Mem:101.26M (Peak 101.26M) | Time:00:00.08 | Mem:0.00M, Peak:0.00M | Scene, ViewLayer | Synchronizing object | common_master_bedroom_dressing_table_01_mirror
Fra:1 Mem:101.26M (Peak 101.26M) | Time:00:00.08 | Mem:0.00M, Peak:0.00M | Scene, ViewLayer | Synchronizing object | common_master_bedroom_stool_01_pad
Fra:1 Mem:101.27M (Peak 101.27M) | Time:00:00.08 | Mem:0.00M, Peak:0.00M | Scene, ViewLayer | Synchronizing object | common_master_bedroom_stool_01_leg0
Fra:1 Mem:101.27M (Peak 101.27M) | Time:00:00.08 | Mem:0.00M, Peak:0.00M | Scene, ViewLayer | Synchronizing object | common_master_bedroom_stool_01_leg3
Fra:1 Mem:101.27M (Peak 101.27M) | Time:00:00.08 | Mem:0.00M, Peak:0.00M | Scene, ViewLayer | Synchronizing object | common_master_bedroom_bed_01_frame
Fra:1 Mem:101.28M (Peak 101.28M) | Time:00:00.08 | Mem:0.00M, Peak:0.00M | Scene, ViewLayer | Synchronizing object | common_master_bedroom_bed_01_mattress
Fra:1 Mem:101.28M (Peak 101.28M) | Time:00:00.08 | Mem:0.00M, Peak:0.00M | Scene, ViewLayer | Synchronizing object | common_master_bedroom_bed_01_duvet
Fra:1 Mem:101.29M (Peak 101.29M) | Time:00:00.08 | Mem:0.00M, Peak:0.00M | Scene, ViewLayer | Synchronizing object | common_master_bedroom_bed_01_duvetdrop
Fra:1 Mem:101.29M (Peak 101.29M) | Time:00:00.08 | Mem:0.00M, Peak:0.00M | Scene, ViewLayer | Synchronizing object | common_master_bedroom_bed_01_pillow1
Fra:1 Mem:101.29M (Peak 101.29M) | Time:00:00.08 | Mem:0.00M, Peak:0.00M | Scene, ViewLayer | Synchronizing object | common_master_bedroom_headboard_01_pad
Fra:1 Mem:101.30M (Peak 101.30M) | Time:00:00.08 | Mem:0.00M, Peak:0.00M | Scene, ViewLayer | Synchronizing object | common_master_bedroom_nightstand_01_body
Fra:1 Mem:101.30M (Peak 101.30M) | Time:00:00.08 | Mem:0.00M, Peak:0.00M | Scene, ViewLayer | Synchronizing object | common_master_bedroom_nightstand_01_drw_f0
Fra:1 Mem:101.31M (Peak 101.31M) | Time:00:00.08 | Mem:0.00M, Peak:0.00M | Scene, ViewLayer | Synchronizing object | A_living_dining_balcony_floor_lamp_01_shade
Fra:1 Mem:101.32M (Peak 101.32M) | Time:00:00.08 | Mem:0.00M, Peak:0.00M | Scene, ViewLayer | Synchronizing object | A_living_dining_balcony_floor_lamp_01_arm
Fra:1 Mem:101.33M (Peak 101.33M) | Time:00:00.08 | Mem:0.00M, Peak:0.00M | Scene, ViewLayer | Synchronizing object | A_living_dining_balcony_floor_lamp_01_pole
Fra:1 Mem:101.33M (Peak 101.33M) | Time:00:00.08 | Mem:0.00M, Peak:0.00M | Scene, ViewLayer | Synchronizing object | common_master_bedroom_nightstand_01_leg1
Fra:1 Mem:101.33M (Peak 101.33M) | Time:00:00.08 | Mem:0.00M, Peak:0.00M | Scene, ViewLayer | Synchronizing object | common_master_bedroom_nightstand_01_leg3
Fra:1 Mem:101.35M (Peak 101.35M) | Time:00:00.08 | Mem:0.00M, Peak:0.00M | Scene, ViewLayer | Synchronizing object | common_master_bedroom_nightstand_02_drw_f0
Fra:1 Mem:101.35M (Peak 101.35M) | Time:00:00.08 | Mem:0.00M, Peak:0.00M | Scene, ViewLayer | Synchronizing object | common_master_bedroom_nightstand_02_drw_p0
Fra:1 Mem:101.36M (Peak 101.36M) | Time:00:00.08 | Mem:0.00M, Peak:0.00M | Scene, ViewLayer | Synchronizing object | common_master_bedroom_nightstand_02_leg0
Fra:1 Mem:101.37M (Peak 101.37M) | Time:00:00.08 | Mem:0.00M, Peak:0.00M | Scene, ViewLayer | Synchronizing object | common_master_bedroom_nightstand_02_leg3
Fra:1 Mem:101.37M (Peak 101.37M) | Time:00:00.08 | Mem:0.00M, Peak:0.00M | Scene, ViewLayer | Synchronizing object | common_master_bedroom_desk_01_top
Fra:1 Mem:101.38M (Peak 101.38M) | Time:00:00.08 | Mem:0.00M, Peak:0.00M | Scene, ViewLayer | Synchronizing object | common_master_bedroom_desk_01_leg0
Fra:1 Mem:101.38M (Peak 101.38M) | Time:00:00.08 | Mem:0.00M, Peak:0.00M | Scene, ViewLayer | Synchronizing object | common_master_bedroom_desk_01_drawer
Fra:1 Mem:101.39M (Peak 101.39M) | Time:00:00.08 | Mem:0.00M, Peak:0.00M | Scene, ViewLayer | Synchronizing object | common_master_bedroom_desk_01_leg1
Fra:1 Mem:101.40M (Peak 101.40M) | Time:00:00.08 | Mem:0.00M, Peak:0.00M | Scene, ViewLayer | Synchronizing object | common_master_bedroom_desk_01_leg2
Fra:1 Mem:101.40M (Peak 101.40M) | Time:00:00.08 | Mem:0.00M, Peak:0.00M | Scene, ViewLayer | Synchronizing object | common_master_bedroom_desk_01_monitor
Fra:1 Mem:101.41M (Peak 101.41M) | Time:00:00.08 | Mem:0.00M, Peak:0.00M | Scene, ViewLayer | Synchronizing object | common_master_bedroom_chair_01_seat
Fra:1 Mem:101.41M (Peak 101.41M) | Time:00:00.08 | Mem:0.00M, Peak:0.00M | Scene, ViewLayer | Synchronizing object | common_master_bedroom_chair_01_back
Fra:1 Mem:101.41M (Peak 101.41M) | Time:00:00.08 | Mem:0.00M, Peak:0.00M | Scene, ViewLayer | Synchronizing object | A_living_dining_balcony_tv_01_screen
Fra:1 Mem:101.43M (Peak 101.43M) | Time:00:00.09 | Mem:0.00M, Peak:0.00M | Scene, ViewLayer | Synchronizing object | common_master_bedroom_chair_01_base
Fra:1 Mem:101.44M (Peak 101.44M) | Time:00:00.09 | Mem:0.00M, Peak:0.00M | Scene, ViewLayer | Synchronizing object | common_terrace_coffee_table_01_top
Fra:1 Mem:101.44M (Peak 101.44M) | Time:00:00.09 | Mem:0.00M, Peak:0.00M | Scene, ViewLayer | Synchronizing object | common_terrace_coffee_table_01_leg0
Fra:1 Mem:101.44M (Peak 101.44M) | Time:00:00.09 | Mem:0.00M, Peak:0.00M | Scene, ViewLayer | Synchronizing object | common_terrace_coffee_table_01_leg1
Fra:1 Mem:101.44M (Peak 101.44M) | Time:00:00.09 | Mem:0.00M, Peak:0.00M | Scene, ViewLayer | Synchronizing object | common_terrace_coffee_table_01_leg2
Fra:1 Mem:101.44M (Peak 101.44M) | Time:00:00.09 | Mem:0.00M, Peak:0.00M | Scene, ViewLayer | Synchronizing object | common_terrace_lounge_chair_01_leg0
Fra:1 Mem:101.44M (Peak 101.44M) | Time:00:00.09 | Mem:0.00M, Peak:0.00M | Scene, ViewLayer | Synchronizing object | common_terrace_lounge_chair_01_leg1
Fra:1 Mem:101.45M (Peak 101.45M) | Time:00:00.09 | Mem:0.00M, Peak:0.00M | Scene, ViewLayer | Synchronizing object | common_terrace_lounge_chair_01_leg2
Fra:1 Mem:101.45M (Peak 101.45M) | Time:00:00.09 | Mem:0.00M, Peak:0.00M | Scene, ViewLayer | Synchronizing object | common_terrace_lounge_chair_01_leg3
Fra:1 Mem:101.45M (Peak 101.45M) | Time:00:00.09 | Mem:0.00M, Peak:0.00M | Scene, ViewLayer | Synchronizing object | common_terrace_lounge_chair_02_seat
Fra:1 Mem:101.45M (Peak 101.45M) | Time:00:00.09 | Mem:0.00M, Peak:0.00M | Scene, ViewLayer | Synchronizing object | common_terrace_lounge_chair_02_leg0
Fra:1 Mem:101.46M (Peak 101.46M) | Time:00:00.09 | Mem:0.00M, Peak:0.00M | Scene, ViewLayer | Synchronizing object | common_terrace_lounge_chair_02_leg1
Fra:1 Mem:101.47M (Peak 101.47M) | Time:00:00.09 | Mem:0.00M, Peak:0.00M | Scene, ViewLayer | Synchronizing object | common_terrace_lounge_chair_02_leg2
Fra:1 Mem:101.47M (Peak 101.47M) | Time:00:00.09 | Mem:0.00M, Peak:0.00M | Scene, ViewLayer | Synchronizing object | common_terrace_lounge_chair_02_leg3
Fra:1 Mem:101.48M (Peak 101.48M) | Time:00:00.09 | Mem:0.00M, Peak:0.00M | Scene, ViewLayer | Synchronizing object | common_terrace_plant_01_stem
Fra:1 Mem:101.48M (Peak 101.48M) | Time:00:00.09 | Mem:0.00M, Peak:0.00M | Scene, ViewLayer | Synchronizing object | common_terrace_plant_01_leaf0
Fra:1 Mem:101.49M (Peak 101.49M) | Time:00:00.09 | Mem:0.00M, Peak:0.00M | Scene, ViewLayer | Synchronizing object | A_living_dining_balcony_rug_01_border2
Fra:1 Mem:101.49M (Peak 101.49M) | Time:00:00.09 | Mem:0.00M, Peak:0.00M | Scene, ViewLayer | Synchronizing object | common_terrace_plant_01_leaf1
Fra:1 Mem:101.49M (Peak 101.49M) | Time:00:00.09 | Mem:0.00M, Peak:0.00M | Scene, ViewLayer | Synchronizing object | A_living_dining_balcony_rug_01_border1
Fra:1 Mem:101.49M (Peak 101.49M) | Time:00:00.09 | Mem:0.00M, Peak:0.00M | Scene, ViewLayer | Synchronizing object | common_terrace_plant_01_leaf4
Fra:1 Mem:101.50M (Peak 101.50M) | Time:00:00.09 | Mem:0.00M, Peak:0.00M | Scene, ViewLayer | Synchronizing object | common_terrace_plant_01_leaf5
Fra:1 Mem:101.50M (Peak 101.50M) | Time:00:00.09 | Mem:0.00M, Peak:0.00M | Scene, ViewLayer | Synchronizing object | common_terrace_plant_02_pot
Fra:1 Mem:101.50M (Peak 101.50M) | Time:00:00.09 | Mem:0.00M, Peak:0.00M | Scene, ViewLayer | Synchronizing object | common_terrace_plant_02_stem
Fra:1 Mem:101.51M (Peak 101.51M) | Time:00:00.09 | Mem:0.00M, Peak:0.00M | Scene, ViewLayer | Synchronizing object | common_terrace_plant_02_leaf0
Fra:1 Mem:101.51M (Peak 101.51M) | Time:00:00.09 | Mem:0.00M, Peak:0.00M | Scene, ViewLayer | Synchronizing object | common_terrace_plant_02_leaf2
Fra:1 Mem:101.51M (Peak 101.51M) | Time:00:00.09 | Mem:0.00M, Peak:0.00M | Scene, ViewLayer | Synchronizing object | common_terrace_plant_02_leaf3
Fra:1 Mem:101.51M (Peak 101.51M) | Time:00:00.09 | Mem:0.00M, Peak:0.00M | Scene, ViewLayer | Synchronizing object | common_terrace_plant_02_leaf5
Fra:1 Mem:101.51M (Peak 101.51M) | Time:00:00.09 | Mem:0.00M, Peak:0.00M | Scene, ViewLayer | Synchronizing object | common_terrace_plant_03_pot
Fra:1 Mem:101.52M (Peak 101.52M) | Time:00:00.09 | Mem:0.00M, Peak:0.00M | Scene, ViewLayer | Synchronizing object | common_terrace_plant_03_leaf0
Fra:1 Mem:101.52M (Peak 101.52M) | Time:00:00.09 | Mem:0.00M, Peak:0.00M | Scene, ViewLayer | Synchronizing object | common_terrace_plant_03_leaf1
Fra:1 Mem:101.52M (Peak 101.52M) | Time:00:00.09 | Mem:0.00M, Peak:0.00M | Scene, ViewLayer | Synchronizing object | common_terrace_plant_03_leaf3
Fra:1 Mem:101.52M (Peak 101.52M) | Time:00:00.09 | Mem:0.00M, Peak:0.00M | Scene, ViewLayer | Synchronizing object | common_terrace_plant_03_leaf4
Fra:1 Mem:101.53M (Peak 101.53M) | Time:00:00.09 | Mem:0.00M, Peak:0.00M | Scene, ViewLayer | Synchronizing object | common_terrace_plant_04_stem
Fra:1 Mem:101.53M (Peak 101.53M) | Time:00:00.09 | Mem:0.00M, Peak:0.00M | Scene, ViewLayer | Synchronizing object | common_terrace_plant_04_leaf0
Fra:1 Mem:101.53M (Peak 101.53M) | Time:00:00.09 | Mem:0.00M, Peak:0.00M | Scene, ViewLayer | Synchronizing object | common_terrace_plant_04_leaf1
Fra:1 Mem:101.54M (Peak 101.54M) | Time:00:00.09 | Mem:0.00M, Peak:0.00M | Scene, ViewLayer | Synchronizing object | common_terrace_plant_04_leaf2
Fra:1 Mem:101.54M (Peak 101.54M) | Time:00:00.09 | Mem:0.00M, Peak:0.00M | Scene, ViewLayer | Synchronizing object | common_terrace_plant_04_leaf4
Fra:1 Mem:101.54M (Peak 101.54M) | Time:00:00.09 | Mem:0.00M, Peak:0.00M | Scene, ViewLayer | Synchronizing object | common_terrace_plant_04_leaf5
Fra:1 Mem:101.54M (Peak 101.54M) | Time:00:00.09 | Mem:0.00M, Peak:0.00M | Scene, ViewLayer | Synchronizing object | common_parents_room_wardrobe_01_body
Fra:1 Mem:101.54M (Peak 101.54M) | Time:00:00.09 | Mem:0.00M, Peak:0.00M | Scene, ViewLayer | Synchronizing object | common_parents_room_wardrobe_01_slA_f0
Fra:1 Mem:101.55M (Peak 101.55M) | Time:00:00.09 | Mem:0.00M, Peak:0.00M | Scene, ViewLayer | Synchronizing object | common_parents_room_wardrobe_01_slA_f1
Fra:1 Mem:101.56M (Peak 101.56M) | Time:00:00.09 | Mem:0.00M, Peak:0.00M | Scene, ViewLayer | Synchronizing object | common_parents_room_wardrobe_01_slB_f0
Fra:1 Mem:101.56M (Peak 101.56M) | Time:00:00.09 | Mem:0.00M, Peak:0.00M | Scene, ViewLayer | Synchronizing object | common_parents_room_wardrobe_01_slB_f1
Fra:1 Mem:101.56M (Peak 101.56M) | Time:00:00.09 | Mem:0.00M, Peak:0.00M | Scene, ViewLayer | Synchronizing object | common_parents_room_bed_01_mattress
Fra:1 Mem:101.59M (Peak 101.59M) | Time:00:00.09 | Mem:0.00M, Peak:0.00M | Scene, ViewLayer | Synchronizing object | common_parents_room_bed_01_duvetdrop
Fra:1 Mem:101.59M (Peak 101.59M) | Time:00:00.09 | Mem:0.00M, Peak:0.00M | Scene, ViewLayer | Synchronizing object | common_parents_room_bed_01_duvetdrop2
Fra:1 Mem:101.60M (Peak 101.60M) | Time:00:00.09 | Mem:0.00M, Peak:0.00M | Scene, ViewLayer | Synchronizing object | common_parents_room_bed_01_pillow2
Fra:1 Mem:101.60M (Peak 101.60M) | Time:00:00.09 | Mem:0.00M, Peak:0.00M | Scene, ViewLayer | Synchronizing object | A_living_dining_balcony_coffee_table_01_leg2
Fra:1 Mem:101.61M (Peak 101.61M) | Time:00:00.09 | Mem:0.00M, Peak:0.00M | Scene, ViewLayer | Synchronizing object | common_parents_room_bed_01_throw
Fra:1 Mem:101.61M (Peak 101.61M) | Time:00:00.09 | Mem:0.00M, Peak:0.00M | Scene, ViewLayer | Synchronizing object | common_parents_room_nightstand_01_drw_f0
Fra:1 Mem:101.62M (Peak 101.62M) | Time:00:00.09 | Mem:0.00M, Peak:0.00M | Scene, ViewLayer | Synchronizing object | common_parents_room_nightstand_01_drw_p0
Fra:1 Mem:101.62M (Peak 101.62M) | Time:00:00.09 | Mem:0.00M, Peak:0.00M | Scene, ViewLayer | Synchronizing object | common_parents_room_nightstand_01_leg0
Fra:1 Mem:101.63M (Peak 101.63M) | Time:00:00.09 | Mem:0.00M, Peak:0.00M | Scene, ViewLayer | Synchronizing object | common_parents_room_nightstand_01_leg1
Fra:1 Mem:101.63M (Peak 101.63M) | Time:00:00.09 | Mem:0.00M, Peak:0.00M | Scene, ViewLayer | Synchronizing object | common_parents_room_nightstand_01_leg3
Fra:1 Mem:101.63M (Peak 101.63M) | Time:00:00.09 | Mem:0.00M, Peak:0.00M | Scene, ViewLayer | Synchronizing object | common_parents_room_cushion_01_pad
Fra:1 Mem:101.64M (Peak 101.64M) | Time:00:00.09 | Mem:0.00M, Peak:0.00M | Scene, ViewLayer | Synchronizing object | common_parents_room_cushion_01_pil_olive
Fra:1 Mem:101.64M (Peak 101.64M) | Time:00:00.09 | Mem:0.00M, Peak:0.00M | Scene, ViewLayer | Synchronizing object | common_parents_room_cushion_01_pil_brick
Fra:1 Mem:101.67M (Peak 101.67M) | Time:00:00.09 | Mem:0.00M, Peak:0.00M | Scene, ViewLayer | Synchronizing object | common_parents_room_shelf_01_side0
Fra:1 Mem:101.67M (Peak 101.67M) | Time:00:00.09 | Mem:0.00M, Peak:0.00M | Scene, ViewLayer | Synchronizing object | common_parents_room_shelf_01_sh1
Fra:1 Mem:101.68M (Peak 101.68M) | Time:00:00.10 | Mem:0.00M, Peak:0.00M | Scene, ViewLayer | Synchronizing object | common_parents_room_shelf_02_side1
Fra:1 Mem:101.68M (Peak 101.68M) | Time:00:00.10 | Mem:0.00M, Peak:0.00M | Scene, ViewLayer | Synchronizing object | common_parents_room_shelf_02_top
Fra:1 Mem:101.69M (Peak 101.69M) | Time:00:00.10 | Mem:0.00M, Peak:0.00M | Scene, ViewLayer | Synchronizing object | common_parents_room_shelf_02_sh1
Fra:1 Mem:101.70M (Peak 101.70M) | Time:00:00.10 | Mem:0.00M, Peak:0.00M | Scene, ViewLayer | Synchronizing object | common_daughter_room_wardrobe_01_body
Fra:1 Mem:101.70M (Peak 101.70M) | Time:00:00.10 | Mem:0.00M, Peak:0.00M | Scene, ViewLayer | Synchronizing object | common_daughter_room_wardrobe_01_slB_f0
Fra:1 Mem:101.70M (Peak 101.70M) | Time:00:00.10 | Mem:0.00M, Peak:0.00M | Scene, ViewLayer | Synchronizing object | common_daughter_room_wardrobe_02_body
Fra:1 Mem:101.71M (Peak 101.71M) | Time:00:00.10 | Mem:0.00M, Peak:0.00M | Scene, ViewLayer | Synchronizing object | common_daughter_room_wardrobe_02_slA_f0
Fra:1 Mem:101.71M (Peak 101.71M) | Time:00:00.10 | Mem:0.00M, Peak:0.00M | Scene, ViewLayer | Synchronizing object | common_daughter_room_wardrobe_02_slA_f1
Fra:1 Mem:101.72M (Peak 101.72M) | Time:00:00.10 | Mem:0.00M, Peak:0.00M | Scene, ViewLayer | Synchronizing object | common_daughter_room_wardrobe_02_slB_f0
Fra:1 Mem:101.72M (Peak 101.72M) | Time:00:00.10 | Mem:0.00M, Peak:0.00M | Scene, ViewLayer | Synchronizing object | common_daughter_room_bed_01_frame
Fra:1 Mem:101.73M (Peak 101.73M) | Time:00:00.10 | Mem:0.00M, Peak:0.00M | Scene, ViewLayer | Synchronizing object | common_daughter_room_bed_01_headboard
Fra:1 Mem:101.74M (Peak 101.74M) | Time:00:00.10 | Mem:0.00M, Peak:0.00M | Scene, ViewLayer | Synchronizing object | common_daughter_room_bed_01_duvet
Fra:1 Mem:101.74M (Peak 101.74M) | Time:00:00.10 | Mem:0.00M, Peak:0.00M | Scene, ViewLayer | Synchronizing object | common_daughter_room_bed_01_duvetdrop
Fra:1 Mem:101.74M (Peak 101.74M) | Time:00:00.10 | Mem:0.00M, Peak:0.00M | Scene, ViewLayer | Synchronizing object | common_daughter_room_bed_01_duvetdrop2
Fra:1 Mem:101.74M (Peak 101.74M) | Time:00:00.10 | Mem:0.00M, Peak:0.00M | Scene, ViewLayer | Synchronizing object | common_daughter_room_bed_01_pillow1
Fra:1 Mem:101.75M (Peak 101.75M) | Time:00:00.10 | Mem:0.00M, Peak:0.00M | Scene, ViewLayer | Synchronizing object | common_daughter_room_bed_01_pillow2
Fra:1 Mem:101.76M (Peak 101.76M) | Time:00:00.10 | Mem:0.00M, Peak:0.00M | Scene, ViewLayer | Synchronizing object | common_daughter_room_bed_01_pillow_acc
Fra:1 Mem:101.76M (Peak 101.76M) | Time:00:00.10 | Mem:0.00M, Peak:0.00M | Scene, ViewLayer | Synchronizing object | common_daughter_room_shelf_01_side0
Fra:1 Mem:101.76M (Peak 101.76M) | Time:00:00.10 | Mem:0.00M, Peak:0.00M | Scene, ViewLayer | Synchronizing object | common_daughter_room_shelf_01_side1
Fra:1 Mem:101.77M (Peak 101.77M) | Time:00:00.10 | Mem:0.00M, Peak:0.00M | Scene, ViewLayer | Synchronizing object | common_daughter_room_shelf_01_top
Fra:1 Mem:101.78M (Peak 101.78M) | Time:00:00.10 | Mem:0.00M, Peak:0.00M | Scene, ViewLayer | Synchronizing object | common_daughter_room_shelf_01_sh1
Fra:1 Mem:101.78M (Peak 101.78M) | Time:00:00.10 | Mem:0.00M, Peak:0.00M | Scene, ViewLayer | Synchronizing object | common_daughter_room_desk_01_drawer
Fra:1 Mem:101.78M (Peak 101.78M) | Time:00:00.10 | Mem:0.00M, Peak:0.00M | Scene, ViewLayer | Synchronizing object | common_daughter_room_desk_01_leg1
Fra:1 Mem:101.78M (Peak 101.78M) | Time:00:00.10 | Mem:0.00M, Peak:0.00M | Scene, ViewLayer | Synchronizing object | common_daughter_room_desk_01_leg2
Fra:1 Mem:101.80M (Peak 101.80M) | Time:00:00.10 | Mem:0.00M, Peak:0.00M | Scene, ViewLayer | Synchronizing object | common_daughter_room_desk_01_leg3
Fra:1 Mem:101.80M (Peak 101.80M) | Time:00:00.10 | Mem:0.00M, Peak:0.00M | Scene, ViewLayer | Synchronizing object | common_daughter_room_chair_01_back
Fra:1 Mem:101.80M (Peak 101.80M) | Time:00:00.10 | Mem:0.00M, Peak:0.00M | Scene, ViewLayer | Synchronizing object | common_daughter_room_chair_01_post
Fra:1 Mem:101.81M (Peak 101.81M) | Time:00:00.10 | Mem:0.00M, Peak:0.00M | Scene, ViewLayer | Synchronizing object | common_son_room_wardrobe_01_body
Fra:1 Mem:101.81M (Peak 101.81M) | Time:00:00.10 | Mem:0.00M, Peak:0.00M | Scene, ViewLayer | Synchronizing object | common_son_room_wardrobe_01_slA_f0
Fra:1 Mem:101.83M (Peak 101.83M) | Time:00:00.10 | Mem:0.00M, Peak:0.00M | Scene, ViewLayer | Synchronizing object | A_living_dining_balcony_coffee_table_01_leg0
Fra:1 Mem:101.83M (Peak 101.83M) | Time:00:00.10 | Mem:0.00M, Peak:0.00M | Scene, ViewLayer | Synchronizing object | common_son_room_wardrobe_01_slA_f1
Fra:1 Mem:101.83M (Peak 101.83M) | Time:00:00.10 | Mem:0.00M, Peak:0.00M | Scene, ViewLayer | Synchronizing object | common_son_room_wardrobe_01_slB_f0
Fra:1 Mem:101.86M (Peak 101.86M) | Time:00:00.10 | Mem:0.00M, Peak:0.00M | Scene, ViewLayer | Synchronizing object | common_son_room_wardrobe_01_slB_f1
Fra:1 Mem:101.86M (Peak 101.86M) | Time:00:00.10 | Mem:0.00M, Peak:0.00M | Scene, ViewLayer | Synchronizing object | common_son_room_wardrobe_01_slB_f2
Fra:1 Mem:101.87M (Peak 101.87M) | Time:00:00.10 | Mem:0.00M, Peak:0.00M | Scene, ViewLayer | Synchronizing object | common_son_room_bed_01_frame
Fra:1 Mem:101.87M (Peak 101.87M) | Time:00:00.10 | Mem:0.00M, Peak:0.00M | Scene, ViewLayer | Synchronizing object | common_son_room_bed_01_headboard
Fra:1 Mem:101.89M (Peak 101.89M) | Time:00:00.10 | Mem:0.00M, Peak:0.00M | Scene, ViewLayer | Synchronizing object | common_son_room_bed_01_duvet
Fra:1 Mem:101.89M (Peak 101.89M) | Time:00:00.10 | Mem:0.00M, Peak:0.00M | Scene, ViewLayer | Synchronizing object | common_son_room_bed_01_duvetdrop
Fra:1 Mem:101.89M (Peak 101.89M) | Time:00:00.10 | Mem:0.00M, Peak:0.00M | Scene, ViewLayer | Synchronizing object | common_son_room_bed_01_duvetdrop2
Fra:1 Mem:101.90M (Peak 101.90M) | Time:00:00.10 | Mem:0.00M, Peak:0.00M | Scene, ViewLayer | Synchronizing object | common_son_room_bed_01_pillow_acc
Fra:1 Mem:101.92M (Peak 101.92M) | Time:00:00.10 | Mem:0.00M, Peak:0.00M | Scene, ViewLayer | Synchronizing object | common_son_room_bed_01_throw
Fra:1 Mem:101.93M (Peak 101.93M) | Time:00:00.10 | Mem:0.00M, Peak:0.00M | Scene, ViewLayer | Synchronizing object | common_son_room_desk_01_top
Fra:1 Mem:101.93M (Peak 101.93M) | Time:00:00.10 | Mem:0.00M, Peak:0.00M | Scene, ViewLayer | Synchronizing object | common_son_room_desk_01_leg0
Fra:1 Mem:101.95M (Peak 101.95M) | Time:00:00.10 | Mem:0.00M, Peak:0.00M | Scene, ViewLayer | Synchronizing object | common_son_room_desk_01_leg1
Fra:1 Mem:101.95M (Peak 101.95M) | Time:00:00.10 | Mem:0.00M, Peak:0.00M | Scene, ViewLayer | Synchronizing object | common_son_room_shelf_01_side0
Fra:1 Mem:101.97M (Peak 101.97M) | Time:00:00.10 | Mem:0.00M, Peak:0.00M | Scene, ViewLayer | Synchronizing object | common_son_room_shelf_01_side1
Fra:1 Mem:101.97M (Peak 101.97M) | Time:00:00.10 | Mem:0.00M, Peak:0.00M | Scene, ViewLayer | Synchronizing object | common_son_room_shelf_01_sh1
Fra:1 Mem:101.97M (Peak 101.97M) | Time:00:00.10 | Mem:0.00M, Peak:0.00M | Scene, ViewLayer | Synchronizing object | common_son_room_chair_01_seat
Fra:1 Mem:101.98M (Peak 101.98M) | Time:00:00.10 | Mem:0.00M, Peak:0.00M | Scene, ViewLayer | Synchronizing object | common_son_room_chair_01_back
Fra:1 Mem:101.98M (Peak 101.98M) | Time:00:00.10 | Mem:0.00M, Peak:0.00M | Scene, ViewLayer | Synchronizing object | common_son_room_chair_01_post
Fra:1 Mem:102.01M (Peak 102.01M) | Time:00:00.10 | Mem:0.00M, Peak:0.00M | Scene, ViewLayer | Synchronizing object | common_son_room_chair_01_base
Fra:1 Mem:102.02M (Peak 102.02M) | Time:00:00.10 | Mem:0.00M, Peak:0.00M | Scene, ViewLayer | Synchronizing object | fx_curt_master_sheer
Fra:1 Mem:102.02M (Peak 102.03M) | Time:00:00.10 | Mem:0.00M, Peak:0.00M | Scene, ViewLayer | Synchronizing object | fx_curt_master_bo_e
Fra:1 Mem:102.05M (Peak 102.05M) | Time:00:00.10 | Mem:0.00M, Peak:0.00M | Scene, ViewLayer | Synchronizing object | fx_curt_parents_roller
Fra:1 Mem:102.05M (Peak 102.05M) | Time:00:00.10 | Mem:0.00M, Peak:0.00M | Scene, ViewLayer | Synchronizing object | fx_curt_daughter_bo_w
Fra:1 Mem:102.05M (Peak 102.05M) | Time:00:00.10 | Mem:0.00M, Peak:0.00M | Scene, ViewLayer | Synchronizing object | fx_curt_daughter_bo_e
Fra:1 Mem:102.05M (Peak 102.05M) | Time:00:00.10 | Mem:0.00M, Peak:0.00M | Scene, ViewLayer | Synchronizing object | fx_curt_son_sheer
Fra:1 Mem:102.05M (Peak 102.05M) | Time:00:00.10 | Mem:0.00M, Peak:0.00M | Scene, ViewLayer | Synchronizing object | fx_curt_son_bo_w
Fra:1 Mem:102.06M (Peak 102.06M) | Time:00:00.10 | Mem:0.00M, Peak:0.00M | Scene, ViewLayer | Synchronizing object | fx_blind_mb_slats0
Fra:1 Mem:102.06M (Peak 102.06M) | Time:00:00.10 | Mem:0.00M, Peak:0.00M | Scene, ViewLayer | Synchronizing object | fx_curt_son_bo_e
Fra:1 Mem:102.06M (Peak 102.06M) | Time:00:00.10 | Mem:0.00M, Peak:0.00M | Scene, ViewLayer | Synchronizing object | fx_blind_mb_slats2
Fra:1 Mem:102.08M (Peak 102.08M) | Time:00:00.10 | Mem:0.00M, Peak:0.00M | Scene, ViewLayer | Synchronizing object | fx_blind_mb_slats3
Fra:1 Mem:102.08M (Peak 102.08M) | Time:00:00.10 | Mem:0.00M, Peak:0.00M | Scene, ViewLayer | Synchronizing object | fx_blind_mb_slats4
Fra:1 Mem:102.08M (Peak 102.08M) | Time:00:00.10 | Mem:0.00M, Peak:0.00M | Scene, ViewLayer | Synchronizing object | fx_blind_mb_slats5
Fra:1 Mem:102.08M (Peak 102.08M) | Time:00:00.10 | Mem:0.00M, Peak:0.00M | Scene, ViewLayer | Synchronizing object | fx_blind_mb_slats6
Fra:1 Mem:102.08M (Peak 102.08M) | Time:00:00.10 | Mem:0.00M, Peak:0.00M | Scene, ViewLayer | Synchronizing object | fx_blind_mb_slats8
Fra:1 Mem:102.08M (Peak 102.08M) | Time:00:00.10 | Mem:0.00M, Peak:0.00M | Scene, ViewLayer | Synchronizing object | fx_ceiling_master_bedroom
Fra:1 Mem:102.09M (Peak 102.09M) | Time:00:00.10 | Mem:0.00M, Peak:0.00M | Scene, ViewLayer | Synchronizing object | fx_ceiling_parents_room
Fra:1 Mem:102.11M (Peak 102.11M) | Time:00:00.10 | Mem:0.00M, Peak:0.00M | Scene, ViewLayer | Synchronizing object | fx_ceiling_daughter_room
Fra:1 Mem:102.13M (Peak 102.13M) | Time:00:00.10 | Mem:0.00M, Peak:0.00M | Scene, ViewLayer | Synchronizing object | fx_spot_living00
Fra:1 Mem:102.13M (Peak 102.13M) | Time:00:00.10 | Mem:0.00M, Peak:0.00M | Scene, ViewLayer | Synchronizing object | fx_spot_living00_r
Fra:1 Mem:102.15M (Peak 102.15M) | Time:00:00.10 | Mem:0.00M, Peak:0.00M | Scene, ViewLayer | Synchronizing object | fx_spot_living01
Fra:1 Mem:102.15M (Peak 102.15M) | Time:00:00.10 | Mem:0.00M, Peak:0.00M | Scene, ViewLayer | Synchronizing object | fx_spot_living01_r
Fra:1 Mem:102.15M (Peak 102.15M) | Time:00:00.10 | Mem:0.00M, Peak:0.00M | Scene, ViewLayer | Synchronizing object | fx_spot_living02
Fra:1 Mem:102.16M (Peak 102.16M) | Time:00:00.10 | Mem:0.00M, Peak:0.00M | Scene, ViewLayer | Synchronizing object | fx_spot_living02_r
Fra:1 Mem:102.16M (Peak 102.16M) | Time:00:00.10 | Mem:0.00M, Peak:0.00M | Scene, ViewLayer | Synchronizing object | fx_spot_living04
Fra:1 Mem:102.16M (Peak 102.16M) | Time:00:00.10 | Mem:0.00M, Peak:0.00M | Scene, ViewLayer | Synchronizing object | fx_spot_living04_r
Fra:1 Mem:102.17M (Peak 102.17M) | Time:00:00.10 | Mem:0.00M, Peak:0.00M | Scene, ViewLayer | Synchronizing object | fx_spot_living05
Fra:1 Mem:102.17M (Peak 102.17M) | Time:00:00.10 | Mem:0.00M, Peak:0.00M | Scene, ViewLayer | Synchronizing object | fx_spot_living05_r
Fra:1 Mem:102.19M (Peak 102.19M) | Time:00:00.10 | Mem:0.00M, Peak:0.00M | Scene, ViewLayer | Synchronizing object | fx_spot_living06
Fra:1 Mem:102.19M (Peak 102.19M) | Time:00:00.10 | Mem:0.00M, Peak:0.00M | Scene, ViewLayer | Synchronizing object | fx_spot_living06_r
Fra:1 Mem:102.19M (Peak 102.19M) | Time:00:00.10 | Mem:0.00M, Peak:0.00M | Scene, ViewLayer | Synchronizing object | fx_spot_living07
Fra:1 Mem:102.19M (Peak 102.19M) | Time:00:00.10 | Mem:0.00M, Peak:0.00M | Scene, ViewLayer | Synchronizing object | fx_spot_living08
Fra:1 Mem:102.21M (Peak 102.21M) | Time:00:00.10 | Mem:0.00M, Peak:0.00M | Scene, ViewLayer | Synchronizing object | fx_spot_living09
Fra:1 Mem:102.21M (Peak 102.21M) | Time:00:00.10 | Mem:0.00M, Peak:0.00M | Scene, ViewLayer | Synchronizing object | fx_spot_living09_r
Fra:1 Mem:102.22M (Peak 102.22M) | Time:00:00.10 | Mem:0.00M, Peak:0.00M | Scene, ViewLayer | Synchronizing object | fx_spot_living10_r
Fra:1 Mem:102.22M (Peak 102.22M) | Time:00:00.10 | Mem:0.00M, Peak:0.00M | Scene, ViewLayer | Synchronizing object | fx_spot_living11
Fra:1 Mem:102.22M (Peak 102.22M) | Time:00:00.10 | Mem:0.00M, Peak:0.00M | Scene, ViewLayer | Synchronizing object | fx_spot_living11_r
Fra:1 Mem:102.22M (Peak 102.22M) | Time:00:00.10 | Mem:0.00M, Peak:0.00M | Scene, ViewLayer | Synchronizing object | fx_spot_living12
Fra:1 Mem:102.24M (Peak 102.24M) | Time:00:00.10 | Mem:0.00M, Peak:0.00M | Scene, ViewLayer | Synchronizing object | fx_spot_living13
Fra:1 Mem:102.25M (Peak 102.25M) | Time:00:00.10 | Mem:0.00M, Peak:0.00M | Scene, ViewLayer | Synchronizing object | fx_spot_living14
Fra:1 Mem:102.25M (Peak 102.25M) | Time:00:00.10 | Mem:0.00M, Peak:0.00M | Scene, ViewLayer | Synchronizing object | A_living_dining_balcony_sofa_01_pillow_olive
Fra:1 Mem:102.25M (Peak 102.25M) | Time:00:00.10 | Mem:0.00M, Peak:0.00M | Scene, ViewLayer | Synchronizing object | fx_spot_living14_r
Fra:1 Mem:102.26M (Peak 102.26M) | Time:00:00.10 | Mem:0.00M, Peak:0.00M | Scene, ViewLayer | Synchronizing object | A_living_dining_balcony_sofa_01_arm1
Fra:1 Mem:102.27M (Peak 102.27M) | Time:00:00.10 | Mem:0.00M, Peak:0.00M | Scene, ViewLayer | Synchronizing object | fx_spot_living15_r
Fra:1 Mem:102.27M (Peak 102.27M) | Time:00:00.10 | Mem:0.00M, Peak:0.00M | Scene, ViewLayer | Synchronizing object | fx_spot_living16
Fra:1 Mem:102.28M (Peak 102.28M) | Time:00:00.10 | Mem:0.00M, Peak:0.00M | Scene, ViewLayer | Synchronizing object | fx_spot_living16_r
Fra:1 Mem:102.28M (Peak 102.28M) | Time:00:00.10 | Mem:0.00M, Peak:0.00M | Scene, ViewLayer | Synchronizing object | fx_spot_room1
Fra:1 Mem:102.29M (Peak 102.29M) | Time:00:00.10 | Mem:0.00M, Peak:0.00M | Scene, ViewLayer | Synchronizing object | fx_spot_room2
Fra:1 Mem:102.29M (Peak 102.29M) | Time:00:00.10 | Mem:0.00M, Peak:0.00M | Scene, ViewLayer | Synchronizing object | fx_spot_room4
Fra:1 Mem:102.30M (Peak 102.30M) | Time:00:00.10 | Mem:0.00M, Peak:0.00M | Scene, ViewLayer | Synchronizing object | fx_spot_room5
Fra:1 Mem:102.31M (Peak 102.31M) | Time:00:00.10 | Mem:0.00M, Peak:0.00M | Scene, ViewLayer | Synchronizing object | fx_spot_room7
Fra:1 Mem:102.31M (Peak 102.31M) | Time:00:00.10 | Mem:0.00M, Peak:0.00M | Scene, ViewLayer | Synchronizing object | fx_wall_lamp0
Fra:1 Mem:102.31M (Peak 102.31M) | Time:00:00.10 | Mem:0.00M, Peak:0.00M | Scene, ViewLayer | Synchronizing object | fx_wall_lamp1
Fra:1 Mem:102.32M (Peak 102.32M) | Time:00:00.10 | Mem:0.00M, Peak:0.00M | Scene, ViewLayer | Synchronizing object | fx_wall_lamp1_sh
Fra:1 Mem:102.33M (Peak 102.33M) | Time:00:00.10 | Mem:0.00M, Peak:0.00M | Scene, ViewLayer | Synchronizing object | fx_wall_lamp2
Fra:1 Mem:102.33M (Peak 102.33M) | Time:00:00.10 | Mem:0.00M, Peak:0.00M | Scene, ViewLayer | Synchronizing object | fx_foyer_pic
Fra:1 Mem:102.34M (Peak 102.34M) | Time:00:00.10 | Mem:0.00M, Peak:0.00M | Scene, ViewLayer | Synchronizing object | fx_kn_board
Fra:1 Mem:102.34M (Peak 102.34M) | Time:00:00.10 | Mem:0.00M, Peak:0.00M | Scene, ViewLayer | Synchronizing object | fx_kn_oil
Fra:1 Mem:102.36M (Peak 102.36M) | Time:00:00.10 | Mem:0.00M, Peak:0.00M | Scene, ViewLayer | Synchronizing object | fx_kn_herb_leaf1
Fra:1 Mem:102.36M (Peak 102.36M) | Time:00:00.10 | Mem:0.00M, Peak:0.00M | Scene, ViewLayer | Synchronizing object | fx_kn_herb_leaf2
Fra:1 Mem:102.36M (Peak 102.36M) | Time:00:00.10 | Mem:0.00M, Peak:0.00M | Scene, ViewLayer | Synchronizing object | fx_bc_book00
Fra:1 Mem:102.36M (Peak 102.36M) | Time:00:00.10 | Mem:0.00M, Peak:0.00M | Scene, ViewLayer | Synchronizing object | fx_bc_book02
Fra:1 Mem:102.37M (Peak 102.37M) | Time:00:00.10 | Mem:0.00M, Peak:0.00M | Scene, ViewLayer | Synchronizing object | fx_bc_book10
Fra:1 Mem:102.37M (Peak 102.37M) | Time:00:00.10 | Mem:0.00M, Peak:0.00M | Scene, ViewLayer | Synchronizing object | fx_bc_book12
Fra:1 Mem:102.37M (Peak 102.37M) | Time:00:00.10 | Mem:0.00M, Peak:0.00M | Scene, ViewLayer | Synchronizing object | fx_desk_book0
Fra:1 Mem:102.37M (Peak 102.37M) | Time:00:00.10 | Mem:0.00M, Peak:0.00M | Scene, ViewLayer | Synchronizing object | fx_desk_book1
Fra:1 Mem:102.38M (Peak 102.38M) | Time:00:00.10 | Mem:0.00M, Peak:0.00M | Scene, ViewLayer | Synchronizing object | fx_fiddle_pot
Fra:1 Mem:102.42M (Peak 102.42M) | Time:00:00.10 | Mem:0.00M, Peak:0.00M | Scene, ViewLayer | Synchronizing object | fx_fiddle_stem
Fra:1 Mem:102.42M (Peak 102.42M) | Time:00:00.10 | Mem:0.00M, Peak:0.00M | Scene, ViewLayer | Synchronizing object | fx_fiddle_leaf1
Fra:1 Mem:102.43M (Peak 102.43M) | Time:00:00.10 | Mem:0.00M, Peak:0.00M | Scene, ViewLayer | Synchronizing object | fx_fiddle_leaf3
Fra:1 Mem:102.44M (Peak 102.44M) | Time:00:00.10 | Mem:0.00M, Peak:0.00M | Scene, ViewLayer | Synchronizing object | fx_fiddle_leaf4
Fra:1 Mem:102.44M (Peak 102.44M) | Time:00:00.10 | Mem:0.00M, Peak:0.00M | Scene, ViewLayer | Synchronizing object | fx_fiddle_leaf5
Fra:1 Mem:102.44M (Peak 102.44M) | Time:00:00.10 | Mem:0.00M, Peak:0.00M | Scene, ViewLayer | Synchronizing object | lt_sun
Fra:1 Mem:102.44M (Peak 102.44M) | Time:00:00.10 | Mem:0.00M, Peak:0.00M | Scene, ViewLayer | Synchronizing object | lt_spot_liv00
Fra:1 Mem:102.44M (Peak 102.44M) | Time:00:00.10 | Mem:0.00M, Peak:0.00M | Scene, ViewLayer | Synchronizing object | lt_spot_liv01
Fra:1 Mem:102.44M (Peak 102.44M) | Time:00:00.10 | Mem:0.00M, Peak:0.00M | Scene, ViewLayer | Synchronizing object | lt_spot_liv04
Fra:1 Mem:102.45M (Peak 102.45M) | Time:00:00.10 | Mem:0.00M, Peak:0.00M | Scene, ViewLayer | Synchronizing object | lt_spot_liv05
Fra:1 Mem:102.48M (Peak 102.48M) | Time:00:00.10 | Mem:0.00M, Peak:0.00M | Scene, ViewLayer | Synchronizing object | lt_spot_liv06
Fra:1 Mem:102.48M (Peak 102.48M) | Time:00:00.10 | Mem:0.00M, Peak:0.00M | Scene, ViewLayer | Synchronizing object | lt_spot_liv08
Fra:1 Mem:102.49M (Peak 102.49M) | Time:00:00.10 | Mem:0.00M, Peak:0.00M | Scene, ViewLayer | Synchronizing object | lt_spot_liv10
Fra:1 Mem:102.49M (Peak 102.49M) | Time:00:00.10 | Mem:0.00M, Peak:0.00M | Scene, ViewLayer | Synchronizing object | lt_spot_liv11
Fra:1 Mem:102.49M (Peak 102.49M) | Time:00:00.10 | Mem:0.00M, Peak:0.00M | Scene, ViewLayer | Synchronizing object | lt_spot_liv12
Fra:1 Mem:102.50M (Peak 102.50M) | Time:00:00.10 | Mem:0.00M, Peak:0.00M | Scene, ViewLayer | Synchronizing object | lt_spot_liv13
Fra:1 Mem:102.50M (Peak 102.50M) | Time:00:00.10 | Mem:0.00M, Peak:0.00M | Scene, ViewLayer | Synchronizing object | lt_spot_liv14
Fra:1 Mem:102.50M (Peak 102.50M) | Time:00:00.10 | Mem:0.00M, Peak:0.00M | Scene, ViewLayer | Synchronizing object | lt_spot_room1
Fra:1 Mem:102.50M (Peak 102.50M) | Time:00:00.10 | Mem:0.00M, Peak:0.00M | Scene, ViewLayer | Synchronizing object | lt_spot_room2
Fra:1 Mem:102.50M (Peak 102.50M) | Time:00:00.10 | Mem:0.00M, Peak:0.00M | Scene, ViewLayer | Synchronizing object | lt_spot_room3
Fra:1 Mem:102.50M (Peak 102.50M) | Time:00:00.10 | Mem:0.00M, Peak:0.00M | Scene, ViewLayer | Synchronizing object | lt_spot_room4
Fra:1 Mem:102.50M (Peak 102.50M) | Time:00:00.10 | Mem:0.00M, Peak:0.00M | Scene, ViewLayer | Synchronizing object | lt_spot_room5
Fra:1 Mem:102.50M (Peak 102.50M) | Time:00:00.10 | Mem:0.00M, Peak:0.00M | Scene, ViewLayer | Synchronizing object | lt_spot_room6
Fra:1 Mem:102.50M (Peak 102.50M) | Time:00:00.10 | Mem:0.00M, Peak:0.00M | Scene, ViewLayer | Synchronizing object | lt_spot_room8
Fra:1 Mem:102.50M (Peak 102.50M) | Time:00:00.10 | Mem:0.00M, Peak:0.00M | Scene, ViewLayer | Synchronizing object | lt_spot_room9
Fra:1 Mem:102.50M (Peak 102.50M) | Time:00:00.10 | Mem:0.00M, Peak:0.00M | Scene, ViewLayer | Synchronizing object | lt_spot_room11
Fra:1 Mem:102.51M (Peak 102.51M) | Time:00:00.10 | Mem:0.00M, Peak:0.00M | Scene, ViewLayer | Synchronizing object | lt_spot_room12
Fra:1 Mem:102.51M (Peak 102.51M) | Time:00:00.10 | Mem:0.00M, Peak:0.00M | Scene, ViewLayer | Synchronizing object | lt_spot_room13
Fra:1 Mem:102.51M (Peak 102.51M) | Time:00:00.10 | Mem:0.00M, Peak:0.00M | Scene, ViewLayer | Synchronizing object | lt_ceiling_daughter
Fra:1 Mem:102.52M (Peak 102.52M) | Time:00:00.10 | Mem:0.00M, Peak:0.00M | Scene, ViewLayer | Synchronizing object | A_living_dining_balcony_sofa_01_seat1
Fra:1 Mem:102.53M (Peak 102.53M) | Time:00:00.10 | Mem:0.00M, Peak:0.00M | Scene, ViewLayer | Synchronizing object | lt_ceiling_son
Fra:1 Mem:102.53M (Peak 102.53M) | Time:00:00.10 | Mem:0.00M, Peak:0.00M | Scene, ViewLayer | Synchronizing object | A_living_dining_balcony_sofa_01_seat0
Fra:1 Mem:102.53M (Peak 102.53M) | Time:00:00.10 | Mem:0.00M, Peak:0.00M | Scene, ViewLayer | Synchronizing object | lt_wall1
Fra:1 Mem:102.53M (Peak 102.53M) | Time:00:00.10 | Mem:0.00M, Peak:0.00M | Scene, ViewLayer | Synchronizing object | lt_strip_S
Fra:1 Mem:102.53M (Peak 102.53M) | Time:00:00.10 | Mem:0.00M, Peak:0.00M | Scene, ViewLayer | Synchronizing object | lt_strip_N
Fra:1 Mem:102.53M (Peak 102.53M) | Time:00:00.10 | Mem:0.00M, Peak:0.00M | Scene, ViewLayer | Synchronizing object | lt_strip_W
Fra:1 Mem:102.53M (Peak 102.53M) | Time:00:00.10 | Mem:0.00M, Peak:0.00M | Scene, ViewLayer | Synchronizing object | lt_strip_E
Fra:1 Mem:102.53M (Peak 102.53M) | Time:00:00.10 | Mem:0.00M, Peak:0.00M | Scene, ViewLayer | Synchronizing object | lt_strip_fyb
Fra:1 Mem:102.54M (Peak 102.54M) | Time:00:00.10 | Mem:0.00M, Peak:0.00M | Scene, ViewLayer | Synchronizing object | lt_strip_fyn
Fra:1 Mem:102.54M (Peak 102.54M) | Time:00:00.10 | Mem:0.00M, Peak:0.00M | Scene, ViewLayer | Synchronizing object | lt_strip_mb
Fra:1 Mem:102.54M (Peak 102.54M) | Time:00:00.10 | Mem:0.00M, Peak:0.00M | Scene, ViewLayer | Synchronizing object | lt_strip_cb
Fra:1 Mem:102.54M (Peak 102.54M) | Time:00:00.10 | Mem:0.00M, Peak:0.00M | Scene, ViewLayer | Synchronizing object | lt_strip_dt
Fra:1 Mem:102.54M (Peak 102.54M) | Time:00:00.10 | Mem:0.00M, Peak:0.00M | Scene, ViewLayer | Synchronizing object | lt_fill_daughter
Fra:1 Mem:102.55M (Peak 102.55M) | Time:00:00.10 | Mem:0.00M, Peak:0.00M | Scene, ViewLayer | Synchronizing object | lt_fill_kitchen
Fra:1 Mem:102.55M (Peak 102.55M) | Time:00:00.10 | Mem:0.00M, Peak:0.00M | Scene, ViewLayer | Synchronizing object | lt_fill_pbath
Fra:1 Mem:102.55M (Peak 102.55M) | Time:00:00.10 | Mem:0.00M, Peak:0.00M | Scene, ViewLayer | Synchronizing object | lt_fill_corridor
Fra:1 Mem:102.56M (Peak 102.56M) | Time:00:00.10 | Mem:0.00M, Peak:0.00M | Scene, ViewLayer | Synchronizing object | A_living_dining_balcony_island_01_sideW
Fra:1 Mem:102.56M (Peak 102.56M) | Time:00:00.10 | Mem:0.00M, Peak:0.00M | Scene, ViewLayer | Synchronizing object | A_living_dining_balcony_island_01_backN
Fra:1 Mem:102.56M (Peak 102.56M) | Time:00:00.10 | Mem:0.00M, Peak:0.00M | Scene, ViewLayer | Synchronizing object | A_living_dining_balcony_island_01_base
Fra:1 Mem:102.56M (Peak 102.56M) | Time:00:00.10 | Mem:0.00M, Peak:0.00M | Scene, ViewLayer | Synchronizing object | A_living_dining_balcony_island_01_oven
Fra:1 Mem:102.56M (Peak 102.56M) | Time:00:00.10 | Mem:0.00M, Peak:0.00M | Scene, ViewLayer | Synchronizing object | A_living_dining_balcony_island_01_drw_f0
Fra:1 Mem:102.56M (Peak 102.56M) | Time:00:00.10 | Mem:0.00M, Peak:0.00M | Scene, ViewLayer | Synchronizing object | A_living_dining_balcony_island_01_drw_p0
Fra:1 Mem:102.57M (Peak 102.57M) | Time:00:00.10 | Mem:0.00M, Peak:0.00M | Scene, ViewLayer | Synchronizing object | A_living_dining_balcony_island_01_niche
Fra:1 Mem:102.57M (Peak 102.57M) | Time:00:00.10 | Mem:0.00M, Peak:0.00M | Scene, ViewLayer | Synchronizing object | A_living_dining_balcony_island_01_sh0
Fra:1 Mem:102.57M (Peak 102.57M) | Time:00:00.10 | Mem:0.00M, Peak:0.00M | Scene, ViewLayer | Synchronizing object | A_living_dining_balcony_island_01_sh1
Fra:1 Mem:102.57M (Peak 102.57M) | Time:00:00.10 | Mem:0.00M, Peak:0.00M | Scene, ViewLayer | Synchronizing object | A_living_dining_balcony_island_01_top
Fra:1 Mem:102.57M (Peak 102.57M) | Time:00:00.10 | Mem:0.00M, Peak:0.00M | Scene, ViewLayer | Synchronizing object | A_living_dining_balcony_tv_cabinet_01_door_f0
Fra:1 Mem:102.57M (Peak 102.57M) | Time:00:00.10 | Mem:0.00M, Peak:0.00M | Scene, ViewLayer | Synchronizing object | A_living_dining_balcony_tv_cabinet_01_door_f2
Fra:1 Mem:102.57M (Peak 102.57M) | Time:00:00.10 | Mem:0.00M, Peak:0.00M | Scene, ViewLayer | Synchronizing object | A_living_dining_balcony_pendant_lamp_01_rod
Fra:1 Mem:102.57M (Peak 102.57M) | Time:00:00.10 | Mem:0.00M, Peak:0.00M | Scene, ViewLayer | Synchronizing object | A_living_dining_balcony_pendant_lamp_01_ globe
Fra:1 Mem:102.57M (Peak 102.57M) | Time:00:00.10 | Mem:0.00M, Peak:0.00M | Scene, ViewLayer | Synchronizing object | A_living_dining_balcony_island_02_top
Fra:1 Mem:102.57M (Peak 102.57M) | Time:00:00.10 | Mem:0.00M, Peak:0.00M | Scene, ViewLayer | Synchronizing object | A_living_dining_balcony_island_02_leg0
Fra:1 Mem:102.58M (Peak 102.58M) | Time:00:00.10 | Mem:0.00M, Peak:0.00M | Scene, ViewLayer | Synchronizing object | A_living_dining_balcony_island_02_leg1
Fra:1 Mem:102.58M (Peak 102.58M) | Time:00:00.10 | Mem:0.00M, Peak:0.00M | Scene, ViewLayer | Synchronizing object | A_living_dining_balcony_island_02_leg2
Fra:1 Mem:102.59M (Peak 102.59M) | Time:00:00.10 | Mem:0.00M, Peak:0.00M | Scene, ViewLayer | Synchronizing object | A_living_dining_balcony_pendant_lamp_02_rod
Fra:1 Mem:102.60M (Peak 102.60M) | Time:00:00.10 | Mem:0.00M, Peak:0.00M | Scene, ViewLayer | Synchronizing object | A_living_dining_balcony_pendant_lamp_02_ globe
Fra:1 Mem:102.60M (Peak 102.60M) | Time:00:00.10 | Mem:0.00M, Peak:0.00M | Scene, ViewLayer | Synchronizing object | A_living_dining_balcony_dining_chair_01_seat
Fra:1 Mem:102.65M (Peak 102.65M) | Time:00:00.10 | Mem:0.00M, Peak:0.00M | Scene, ViewLayer | Synchronizing object | A_living_dining_balcony_dining_chair_01_leg0
Fra:1 Mem:102.65M (Peak 102.65M) | Time:00:00.10 | Mem:0.00M, Peak:0.00M | Scene, ViewLayer | Synchronizing object | A_living_dining_balcony_dining_chair_01_leg2
Fra:1 Mem:102.66M (Peak 102.66M) | Time:00:00.10 | Mem:0.00M, Peak:0.00M | Scene, ViewLayer | Synchronizing object | A_living_dining_balcony_dining_chair_01_leg3
Fra:1 Mem:102.66M (Peak 102.66M) | Time:00:00.10 | Mem:0.00M, Peak:0.00M | Scene, ViewLayer | Synchronizing object | A_living_dining_balcony_dining_chair_01_arm0
Fra:1 Mem:102.66M (Peak 102.66M) | Time:00:00.10 | Mem:0.00M, Peak:0.00M | Scene, ViewLayer | Synchronizing object | A_living_dining_balcony_dining_chair_02_back
Fra:1 Mem:102.73M (Peak 102.73M) | Time:00:00.10 | Mem:0.00M, Peak:0.00M | Scene, ViewLayer | Synchronizing object | A_living_dining_balcony_dining_chair_02_leg0
Fra:1 Mem:102.73M (Peak 102.73M) | Time:00:00.10 | Mem:0.00M, Peak:0.00M | Scene, ViewLayer | Synchronizing object | A_living_dining_balcony_dining_chair_02_leg1
Fra:1 Mem:102.73M (Peak 102.73M) | Time:00:00.10 | Mem:0.00M, Peak:0.00M | Scene, ViewLayer | Synchronizing object | A_living_dining_balcony_dining_chair_02_leg2
Fra:1 Mem:102.73M (Peak 102.73M) | Time:00:00.10 | Mem:0.00M, Peak:0.00M | Scene, ViewLayer | Synchronizing object | A_living_dining_balcony_dining_chair_03_back
Fra:1 Mem:102.74M (Peak 102.74M) | Time:00:00.10 | Mem:0.00M, Peak:0.00M | Scene, ViewLayer | Synchronizing object | A_living_dining_balcony_dining_chair_03_leg0
Fra:1 Mem:102.74M (Peak 102.74M) | Time:00:00.10 | Mem:0.00M, Peak:0.00M | Scene, ViewLayer | Synchronizing object | A_living_dining_balcony_dining_chair_03_leg1
Fra:1 Mem:102.75M (Peak 102.75M) | Time:00:00.10 | Mem:0.00M, Peak:0.00M | Scene, ViewLayer | Synchronizing object | A_living_dining_balcony_dining_chair_03_leg2
Fra:1 Mem:102.75M (Peak 102.75M) | Time:00:00.10 | Mem:0.00M, Peak:0.00M | Scene, ViewLayer | Synchronizing object | A_living_dining_balcony_dining_chair_03_arm0
Fra:1 Mem:102.75M (Peak 102.75M) | Time:00:00.10 | Mem:0.00M, Peak:0.00M | Scene, ViewLayer | Synchronizing object | A_living_dining_balcony_dining_chair_03_arm1
Fra:1 Mem:102.76M (Peak 102.76M) | Time:00:00.10 | Mem:0.00M, Peak:0.00M | Scene, ViewLayer | Synchronizing object | A_living_dining_balcony_dining_chair_04_back
Fra:1 Mem:102.77M (Peak 102.77M) | Time:00:00.10 | Mem:0.00M, Peak:0.00M | Scene, ViewLayer | Synchronizing object | A_living_dining_balcony_dining_chair_04_leg0
Fra:1 Mem:102.78M (Peak 102.78M) | Time:00:00.10 | Mem:0.00M, Peak:0.00M | Scene, ViewLayer | Synchronizing object | A_living_dining_balcony_dining_chair_04_leg2
Fra:1 Mem:102.78M (Peak 102.78M) | Time:00:00.10 | Mem:0.00M, Peak:0.00M | Scene, ViewLayer | Synchronizing object | A_living_dining_balcony_dining_chair_04_leg3
Fra:1 Mem:102.79M (Peak 102.79M) | Time:00:00.10 | Mem:0.00M, Peak:0.00M | Scene, ViewLayer | Synchronizing object | A_living_dining_balcony_dining_chair_04_arm0
Fra:1 Mem:102.79M (Peak 102.79M) | Time:00:00.10 | Mem:0.00M, Peak:0.00M | Scene, ViewLayer | Synchronizing object | A_living_dining_balcony_dining_chair_05_seat
Fra:1 Mem:102.80M (Peak 102.80M) | Time:00:00.10 | Mem:0.00M, Peak:0.00M | Scene, ViewLayer | Synchronizing object | A_living_dining_balcony_dining_chair_05_leg1
Fra:1 Mem:102.81M (Peak 102.81M) | Time:00:00.10 | Mem:0.00M, Peak:0.00M | Scene, ViewLayer | Synchronizing object | A_living_dining_balcony_dining_chair_05_leg2
Fra:1 Mem:102.82M (Peak 102.82M) | Time:00:00.10 | Mem:0.00M, Peak:0.00M | Scene, ViewLayer | Synchronizing object | A_living_dining_balcony_dining_chair_05_leg3
Fra:1 Mem:102.83M (Peak 102.83M) | Time:00:00.10 | Mem:0.00M, Peak:0.00M | Scene, ViewLayer | Synchronizing object | A_living_dining_balcony_dining_chair_05_arm0
Fra:1 Mem:102.85M (Peak 102.85M) | Time:00:00.10 | Mem:0.00M, Peak:0.00M | Scene, ViewLayer | Synchronizing object | A_living_dining_balcony_sofa_01_base
Fra:1 Mem:102.85M (Peak 102.85M) | Time:00:00.10 | Mem:0.00M, Peak:0.00M | Scene, ViewLayer | Synchronizing object | A_living_dining_balcony_sofa_01_back0
Fra:1 Mem:102.93M (Peak 102.93M) | Time:00:00.10 | Mem:0.00M, Peak:0.00M | Scene, ViewLayer | Initializing
Fra:1 Mem:62.80M (Peak 102.93M) | Time:00:00.12 | Mem:0.00M, Peak:0.00M | Scene, ViewLayer | Waiting for render to start
Fra:1 Mem:62.80M (Peak 102.93M) | Time:00:00.12 | Mem:0.00M, Peak:0.00M | Scene, ViewLayer | Updating Scene
Fra:1 Mem:62.80M (Peak 102.93M) | Time:00:00.12 | Mem:0.00M, Peak:0.00M | Scene, ViewLayer | Updating Shaders
Fra:1 Mem:62.80M (Peak 102.93M) | Time:00:00.12 | Mem:0.00M, Peak:0.00M | Scene, ViewLayer | Loading render kernels (may take a few minutes the first time)
Fra:1 Mem:62.93M (Peak 102.93M) | Time:00:00.12 | Mem:0.05M, Peak:0.05M | Scene, ViewLayer | Updating Procedurals
Fra:1 Mem:62.93M (Peak 102.93M) | Time:00:00.12 | Mem:0.05M, Peak:0.05M | Scene, ViewLayer | Updating Background
Fra:1 Mem:62.93M (Peak 102.93M) | Time:00:00.12 | Mem:0.05M, Peak:0.05M | Scene, ViewLayer | Updating Camera
Fra:1 Mem:62.93M (Peak 102.93M) | Time:00:00.12 | Mem:0.05M, Peak:0.05M | Scene, ViewLayer | Updating Meshes Flags
Fra:1 Mem:62.93M (Peak 102.93M) | Time:00:00.12 | Mem:0.05M, Peak:0.05M | Scene, ViewLayer | Updating Objects
Fra:1 Mem:62.93M (Peak 102.93M) | Time:00:00.12 | Mem:0.05M, Peak:0.05M | Scene, ViewLayer | Updating Objects | Copying Transformations to device
Fra:1 Mem:63.17M (Peak 102.93M) | Time:00:00.12 | Mem:0.28M, Peak:0.28M | Scene, ViewLayer | Updating Particle Systems
Fra:1 Mem:63.17M (Peak 102.93M) | Time:00:00.12 | Mem:0.28M, Peak:0.28M | Scene, ViewLayer | Updating Particle Systems | Copying Particles to device
Fra:1 Mem:63.17M (Peak 102.93M) | Time:00:00.12 | Mem:0.28M, Peak:0.28M | Scene, ViewLayer | Updating Meshes
Fra:1 Mem:63.80M (Peak 102.93M) | Time:00:00.13 | Mem:0.28M, Peak:0.28M | Scene, ViewLayer | Updating Objects | Applying Static Transformations
Fra:1 Mem:63.80M (Peak 102.93M) | Time:00:00.13 | Mem:0.28M, Peak:0.28M | Scene, ViewLayer | Updating Mesh | Computing attributes
Fra:1 Mem:64.91M (Peak 102.93M) | Time:00:00.13 | Mem:0.36M, Peak:0.36M | Scene, ViewLayer | Updating Mesh | Copying Attributes to device
Fra:1 Mem:64.78M (Peak 102.93M) | Time:00:00.13 | Mem:1.26M, Peak:1.26M | Scene, ViewLayer | Updating Geometry BVH ceil_living_r1S_mesh 2/369 | Building BVH
Fra:1 Mem:64.78M (Peak 102.93M) | Time:00:00.13 | Mem:1.26M, Peak:1.26M | Scene, ViewLayer | Updating Geometry BVH ceil_living_r1E_mesh 5/572 | Building BVH
Fra:1 Mem:64.78M (Peak 102.93M) | Time:00:00.13 | Mem:1.26M, Peak:1.26M | Scene, ViewLayer | Updating Geometry BVH ceil_living_r2N_mesh 7/572 | Building BVH
Fra:1 Mem:64.78M (Peak 102.93M) | Time:00:00.13 | Mem:1.26M, Peak:1.26M | Scene, ViewLayer | Updating Geometry BVH ceil_foyer_slab_mesh 16/572 | Building BVH
Fra:1 Mem:64.78M (Peak 102.93M) | Time:00:00.13 | Mem:1.26M, Peak:1.26M | Scene, ViewLayer | Updating Geometry BVH ceil_bay_slab_mesh 21/653 | Building BVH
Fra:1 Mem:64.78M (Peak 102.93M) | Time:00:00.13 | Mem:1.26M, Peak:1.26M | Scene, ViewLayer | Updating Geometry BVH light 1030/1029 | Building BVH
Fra:1 Mem:64.78M (Peak 102.93M) | Time:00:00.13 | Mem:1.46M, Peak:1.46M | Scene, ViewLayer | Updating Geometry BVH lt_strip_tv_mesh 1029/1029 | Building BVH
Fra:1 Mem:64.78M (Peak 102.93M) | Time:00:00.13 | Mem:1.47M, Peak:1.47M | Scene, ViewLayer | Updating Geometry BVH ceil_public_bath_wet_fill_mesh 23/1029 | Building BVH
Fra:1 Mem:64.78M (Peak 102.93M) | Time:00:00.13 | Mem:1.47M, Peak:1.47M | Scene, ViewLayer | Updating Geometry BVH ceil_master_bath_fill_mesh 24/1029 | Building BVH
Fra:1 Mem:64.78M (Peak 102.93M) | Time:00:00.13 | Mem:1.47M, Peak:1.47M | Scene, ViewLayer | Updating Geometry BVH ceil_corridor_fill_mesh 25/1029 | Building BVH
Fra:1 Mem:64.78M (Peak 102.93M) | Time:00:00.13 | Mem:1.47M, Peak:1.47M | Scene, ViewLayer | Updating Geometry BVH ceil_elevator_hall_fill_mesh 26/1029 | Building BVH
Fra:1 Mem:64.78M (Peak 102.93M) | Time:00:00.13 | Mem:1.50M, Peak:1.50M | Scene, ViewLayer | Updating Geometry BVH out_ground_mesh 27/1029 | Building BVH
Fra:1 Mem:64.78M (Peak 102.93M) | Time:00:00.13 | Mem:1.51M, Peak:1.51M | Scene, ViewLayer | Updating Geometry BVH out_path_s_mesh 28/1029 | Building BVH
Fra:1 Mem:64.78M (Peak 102.93M) | Time:00:00.13 | Mem:1.52M, Peak:1.53M | Scene, ViewLayer | Updating Geometry BVH out_path_n_mesh 29/1029 | Building BVH
Fra:1 Mem:64.78M (Peak 102.93M) | Time:00:00.13 | Mem:1.52M, Peak:1.53M | Scene, ViewLayer | Updating Geometry BVH out_trunk00_mesh 30/1029 | Building BVH
Fra:1 Mem:64.78M (Peak 102.93M) | Time:00:00.13 | Mem:1.52M, Peak:1.53M | Scene, ViewLayer | Updating Geometry BVH out_canopy00_0_mesh 31/1029 | Building BVH
Fra:1 Mem:64.78M (Peak 102.93M) | Time:00:00.13 | Mem:1.55M, Peak:1.55M | Scene, ViewLayer | Updating Geometry BVH out_canopy00_1_mesh 32/1029 | Building BVH
Fra:1 Mem:64.78M (Peak 102.93M) | Time:00:00.13 | Mem:1.57M, Peak:1.57M | Scene, ViewLayer | Updating Geometry BVH out_canopy00_2_mesh 33/1029 | Building BVH
Fra:1 Mem:64.78M (Peak 102.93M) | Time:00:00.13 | Mem:1.63M, Peak:1.63M | Scene, ViewLayer | Updating Geometry BVH out_canopy00_3_mesh 34/1029 | Building BVH
Fra:1 Mem:64.78M (Peak 102.93M) | Time:00:00.13 | Mem:1.65M, Peak:1.65M | Scene, ViewLayer | Updating Geometry BVH out_trunk01_mesh 35/1029 | Building BVH
Fra:1 Mem:64.78M (Peak 102.93M) | Time:00:00.13 | Mem:1.69M, Peak:1.69M | Scene, ViewLayer | Updating Geometry BVH out_canopy01_0_mesh 36/1029 | Building BVH
Fra:1 Mem:64.78M (Peak 102.93M) | Time:00:00.13 | Mem:1.71M, Peak:1.72M | Scene, ViewLayer | Updating Geometry BVH out_canopy01_1_mesh 37/1029 | Building BVH
Fra:1 Mem:64.78M (Peak 102.93M) | Time:00:00.13 | Mem:1.75M, Peak:1.75M | Scene, ViewLayer | Updating Geometry BVH out_canopy01_2_mesh 38/1029 | Building BVH
Fra:1 Mem:64.78M (Peak 102.93M) | Time:00:00.13 | Mem:1.78M, Peak:1.78M | Scene, ViewLayer | Updating Geometry BVH out_canopy01_3_mesh 39/1029 | Building BVH
Fra:1 Mem:64.78M (Peak 102.93M) | Time:00:00.13 | Mem:1.86M, Peak:1.87M | Scene, ViewLayer | Updating Geometry BVH out_trunk02_mesh 40/1029 | Building BVH
Fra:1 Mem:64.78M (Peak 102.93M) | Time:00:00.13 | Mem:1.86M, Peak:1.87M | Scene, ViewLayer | Updating Geometry BVH out_canopy02_0_mesh 41/1029 | Building BVH
Fra:1 Mem:64.78M (Peak 102.93M) | Time:00:00.13 | Mem:1.83M, Peak:1.87M | Scene, ViewLayer | Updating Geometry BVH out_canopy02_1_mesh 42/1029 | Building BVH
Fra:1 Mem:64.78M (Peak 102.93M) | Time:00:00.13 | Mem:1.83M, Peak:1.87M | Scene, ViewLayer | Updating Geometry BVH out_canopy02_3_mesh 44/1029 | Building BVH
Fra:1 Mem:64.78M (Peak 102.93M) | Time:00:00.13 | Mem:1.86M, Peak:1.87M | Scene, ViewLayer | Updating Geometry BVH lt_pendant_02 1028/1029 | Building BVH
Fra:1 Mem:64.78M (Peak 102.93M) | Time:00:00.14 | Mem:1.87M, Peak:1.87M | Scene, ViewLayer | Updating Geometry BVH out_trunk03_mesh 45/1029 | Building BVH
Fra:1 Mem:64.78M (Peak 102.93M) | Time:00:00.14 | Mem:1.94M, Peak:1.94M | Scene, ViewLayer | Updating Geometry BVH out_canopy03_0_mesh 46/1029 | Building BVH
Fra:1 Mem:64.78M (Peak 102.93M) | Time:00:00.14 | Mem:2.01M, Peak:2.02M | Scene, ViewLayer | Updating Geometry BVH out_canopy03_1_mesh 47/1029 | Building BVH
Fra:1 Mem:64.78M (Peak 102.93M) | Time:00:00.14 | Mem:2.02M, Peak:2.02M | Scene, ViewLayer | Updating Geometry BVH out_canopy03_2_mesh 48/1029 | Building BVH
Fra:1 Mem:64.78M (Peak 102.93M) | Time:00:00.14 | Mem:2.11M, Peak:2.12M | Scene, ViewLayer | Updating Geometry BVH out_canopy03_3_mesh 49/1029 | Building BVH
Fra:1 Mem:64.78M (Peak 102.93M) | Time:00:00.14 | Mem:2.10M, Peak:2.12M | Scene, ViewLayer | Updating Geometry BVH out_canopy04_0_mesh 51/1029 | Building BVH
Fra:1 Mem:64.78M (Peak 102.93M) | Time:00:00.14 | Mem:2.10M, Peak:2.12M | Scene, ViewLayer | Updating Geometry BVH out_trunk04_mesh 50/1029 | Building BVH
Fra:1 Mem:64.78M (Peak 102.93M) | Time:00:00.14 | Mem:2.11M, Peak:2.12M | Scene, ViewLayer | Updating Geometry BVH out_canopy04_1_mesh 52/1029 | Building BVH
Fra:1 Mem:64.78M (Peak 102.93M) | Time:00:00.14 | Mem:2.17M, Peak:2.24M | Scene, ViewLayer | Updating Geometry BVH out_canopy04_2_mesh 53/1029 | Building BVH
Fra:1 Mem:64.78M (Peak 102.93M) | Time:00:00.14 | Mem:2.17M, Peak:2.24M | Scene, ViewLayer | Updating Geometry BVH out_trunk05_mesh 55/1029 | Building BVH
Fra:1 Mem:64.78M (Peak 102.93M) | Time:00:00.14 | Mem:2.18M, Peak:2.24M | Scene, ViewLayer | Updating Geometry BVH out_canopy05_2_mesh 58/1029 | Building BVH
Fra:1 Mem:64.78M (Peak 102.93M) | Time:00:00.14 | Mem:2.21M, Peak:2.24M | Scene, ViewLayer | Updating Geometry BVH out_canopy05_3_mesh 59/1029 | Building BVH
Fra:1 Mem:64.78M (Peak 102.93M) | Time:00:00.14 | Mem:2.21M, Peak:2.24M | Scene, ViewLayer | Updating Geometry BVH lt_pendant_01 1027/1029 | Building BVH
Fra:1 Mem:64.78M (Peak 102.93M) | Time:00:00.14 | Mem:2.22M, Peak:2.24M | Scene, ViewLayer | Updating Geometry BVH out_trunk06_mesh 60/1029 | Building BVH
Fra:1 Mem:64.78M (Peak 102.93M) | Time:00:00.14 | Mem:2.28M, Peak:2.28M | Scene, ViewLayer | Updating Geometry BVH out_canopy06_0_mesh 61/1029 | Building BVH
Fra:1 Mem:64.78M (Peak 102.93M) | Time:00:00.14 | Mem:2.36M, Peak:2.36M | Scene, ViewLayer | Updating Geometry BVH out_canopy06_1_mesh 62/1029 | Building BVH
Fra:1 Mem:64.78M (Peak 102.93M) | Time:00:00.14 | Mem:2.52M, Peak:2.55M | Scene, ViewLayer | Updating Geometry BVH out_canopy06_2_mesh 63/1029 | Building BVH
Fra:1 Mem:64.78M (Peak 102.93M) | Time:00:00.14 | Mem:2.50M, Peak:2.55M | Scene, ViewLayer | Updating Geometry BVH out_canopy06_3_mesh 64/1029 | Building BVH
Fra:1 Mem:64.78M (Peak 102.93M) | Time:00:00.14 | Mem:2.52M, Peak:2.55M | Scene, ViewLayer | Updating Geometry BVH out_trunk07_mesh 65/1029 | Building BVH
Fra:1 Mem:64.78M (Peak 102.93M) | Time:00:00.14 | Mem:2.49M, Peak:2.55M | Scene, ViewLayer | Updating Geometry BVH out_canopy07_1_mesh 67/1029 | Building BVH
Fra:1 Mem:64.78M (Peak 102.93M) | Time:00:00.14 | Mem:2.51M, Peak:2.55M | Scene, ViewLayer | Updating Geometry BVH out_canopy07_3_mesh 69/1029 | Building BVH
Fra:1 Mem:64.78M (Peak 102.93M) | Time:00:00.14 | Mem:2.53M, Peak:2.55M | Scene, ViewLayer | Updating Geometry BVH out_trunk08_mesh 70/1029 | Building BVH
Fra:1 Mem:64.78M (Peak 102.93M) | Time:00:00.14 | Mem:2.62M, Peak:2.62M | Scene, ViewLayer | Updating Geometry BVH out_canopy08_0_mesh 71/1029 | Building BVH
Fra:1 Mem:64.78M (Peak 102.93M) | Time:00:00.14 | Mem:2.76M, Peak:2.78M | Scene, ViewLayer | Updating Geometry BVH out_canopy08_1_mesh 72/1029 | Building BVH
Fra:1 Mem:64.78M (Peak 102.93M) | Time:00:00.14 | Mem:2.74M, Peak:2.78M | Scene, ViewLayer | Updating Geometry BVH out_canopy08_2_mesh 73/1029 | Building BVH
Fra:1 Mem:64.78M (Peak 102.93M) | Time:00:00.14 | Mem:2.75M, Peak:2.78M | Scene, ViewLayer | Updating Geometry BVH out_canopy08_3_mesh 74/1029 | Building BVH
Fra:1 Mem:64.78M (Peak 102.93M) | Time:00:00.14 | Mem:2.76M, Peak:2.78M | Scene, ViewLayer | Updating Geometry BVH out_canopy09_1_mesh 77/1029 | Building BVH
Fra:1 Mem:64.78M (Peak 102.93M) | Time:00:00.14 | Mem:2.76M, Peak:2.78M | Scene, ViewLayer | Updating Geometry BVH out_canopy09_3_mesh 79/1029 | Building BVH
Fra:1 Mem:64.78M (Peak 102.93M) | Time:00:00.14 | Mem:2.76M, Peak:2.78M | Scene, ViewLayer | Updating Geometry BVH out_trunk10_mesh 80/1029 | Building BVH
Fra:1 Mem:64.78M (Peak 102.93M) | Time:00:00.14 | Mem:2.81M, Peak:2.81M | Scene, ViewLayer | Updating Geometry BVH out_canopy10_0_mesh 81/1029 | Building BVH
Fra:1 Mem:64.78M (Peak 102.93M) | Time:00:00.14 | Mem:2.95M, Peak:2.95M | Scene, ViewLayer | Updating Geometry BVH out_canopy10_1_mesh 82/1029 | Building BVH
Fra:1 Mem:64.78M (Peak 102.93M) | Time:00:00.14 | Mem:2.97M, Peak:2.97M | Scene, ViewLayer | Updating Geometry BVH out_canopy10_2_mesh 83/1029 | Building BVH
Fra:1 Mem:64.78M (Peak 102.93M) | Time:00:00.14 | Mem:3.06M, Peak:3.15M | Scene, ViewLayer | Updating Geometry BVH out_canopy10_3_mesh 84/1029 | Building BVH
Fra:1 Mem:64.78M (Peak 102.93M) | Time:00:00.14 | Mem:3.10M, Peak:3.15M | Scene, ViewLayer | Updating Geometry BVH out_trunk11_mesh 85/1029 | Building BVH
Fra:1 Mem:64.78M (Peak 102.93M) | Time:00:00.14 | Mem:3.10M, Peak:3.15M | Scene, ViewLayer | Updating Geometry BVH out_canopy11_0_mesh 86/1029 | Building BVH
Fra:1 Mem:64.78M (Peak 102.93M) | Time:00:00.14 | Mem:3.10M, Peak:3.15M | Scene, ViewLayer | Updating Geometry BVH out_canopy11_1_mesh 87/1029 | Building BVH
Fra:1 Mem:64.78M (Peak 102.93M) | Time:00:00.14 | Mem:3.11M, Peak:3.15M | Scene, ViewLayer | Updating Geometry BVH out_trunk12_mesh 90/1029 | Building BVH
Fra:1 Mem:64.78M (Peak 102.93M) | Time:00:00.14 | Mem:3.11M, Peak:3.15M | Scene, ViewLayer | Updating Geometry BVH out_canopy12_2_mesh 93/1029 | Building BVH
Fra:1 Mem:64.78M (Peak 102.93M) | Time:00:00.14 | Mem:3.11M, Peak:3.15M | Scene, ViewLayer | Updating Geometry BVH fx_curt_living_bo_e_A_mesh 1025/1029 | Building BVH
Fra:1 Mem:64.78M (Peak 102.93M) | Time:00:00.14 | Mem:3.12M, Peak:3.15M | Scene, ViewLayer | Updating Geometry BVH out_trunk13_mesh 95/1029 | Building BVH
Fra:1 Mem:64.78M (Peak 102.93M) | Time:00:00.14 | Mem:3.14M, Peak:3.15M | Scene, ViewLayer | Updating Geometry BVH out_canopy13_2_mesh 98/1029 | Building BVH
Fra:1 Mem:64.78M (Peak 102.93M) | Time:00:00.14 | Mem:3.15M, Peak:3.15M | Scene, ViewLayer | Updating Geometry BVH out_canopy13_3_mesh 99/1029 | Building BVH
Fra:1 Mem:64.78M (Peak 102.93M) | Time:00:00.14 | Mem:3.15M, Peak:3.15M | Scene, ViewLayer | Updating Geometry BVH out_bldg_n_mesh 101/1029 | Building BVH
Fra:1 Mem:64.78M (Peak 102.93M) | Time:00:00.14 | Mem:3.20M, Peak:3.20M | Scene, ViewLayer | Updating Geometry BVH floor_living_dining_balcony_mesh 102/1029 | Building BVH
Fra:1 Mem:64.78M (Peak 102.93M) | Time:00:00.14 | Mem:3.22M, Peak:3.22M | Scene, ViewLayer | Updating Geometry BVH floor_kitchen_mesh 103/1029 | Building BVH
Fra:1 Mem:64.78M (Peak 102.93M) | Time:00:00.14 | Mem:3.53M, Peak:3.53M | Scene, ViewLayer | Updating Geometry BVH floor_daughter_room_mesh 104/1029 | Building BVH
Fra:1 Mem:64.78M (Peak 102.93M) | Time:00:00.14 | Mem:3.59M, Peak:3.70M | Scene, ViewLayer | Updating Geometry BVH floor_public_bath_wet_mesh 105/1029 | Building BVH
Fra:1 Mem:64.78M (Peak 102.93M) | Time:00:00.14 | Mem:3.58M, Peak:3.70M | Scene, ViewLayer | Updating Geometry BVH floor_corridor_0_mesh 106/1029 | Building BVH
Fra:1 Mem:64.78M (Peak 102.93M) | Time:00:00.14 | Mem:3.58M, Peak:3.70M | Scene, ViewLayer | Updating Geometry BVH floor_corridor_1_mesh 107/1029 | Building BVH
Fra:1 Mem:64.78M (Peak 102.93M) | Time:00:00.14 | Mem:3.58M, Peak:3.70M | Scene, ViewLayer | Updating Geometry BVH floor_son_room_mesh 108/1029 | Building BVH
Fra:1 Mem:64.78M (Peak 102.93M) | Time:00:00.14 | Mem:3.58M, Peak:3.70M | Scene, ViewLayer | Updating Geometry BVH floor_master_bedroom_mesh 110/1029 | Building BVH
Fra:1 Mem:64.78M (Peak 102.93M) | Time:00:00.14 | Mem:3.62M, Peak:3.70M | Scene, ViewLayer | Updating Geometry BVH floor_terrace_mesh 111/1029 | Building BVH
Fra:1 Mem:64.78M (Peak 102.93M) | Time:00:00.14 | Mem:3.62M, Peak:3.70M | Scene, ViewLayer | Updating Geometry BVH floor_parents_room_mesh 112/1029 | Building BVH
Fra:1 Mem:64.78M (Peak 102.93M) | Time:00:00.14 | Mem:3.62M, Peak:3.70M | Scene, ViewLayer | Updating Geometry BVH floor_foyer_mesh 113/1029 | Building BVH
Fra:1 Mem:64.78M (Peak 102.93M) | Time:00:00.14 | Mem:3.65M, Peak:3.70M | Scene, ViewLayer | Updating Geometry BVH floor_elevator_hall_mesh 114/1029 | Building BVH
Fra:1 Mem:64.78M (Peak 102.93M) | Time:00:00.14 | Mem:3.65M, Peak:3.70M | Scene, ViewLayer | Updating Geometry BVH W01_s00_mesh 115/1029 | Building BVH
Fra:1 Mem:64.78M (Peak 102.93M) | Time:00:00.14 | Mem:3.67M, Peak:3.70M | Scene, ViewLayer | Updating Geometry BVH W01_s01_mesh 116/1029 | Building BVH
Fra:1 Mem:64.78M (Peak 102.93M) | Time:00:00.14 | Mem:3.68M, Peak:3.70M | Scene, ViewLayer | Updating Geometry BVH W01_s02_mesh 117/1029 | Building BVH
Fra:1 Mem:64.78M (Peak 102.93M) | Time:00:00.14 | Mem:3.68M, Peak:3.70M | Scene, ViewLayer | Updating Geometry BVH W01_s03_mesh 118/1029 | Building BVH
Fra:1 Mem:64.78M (Peak 102.93M) | Time:00:00.14 | Mem:3.68M, Peak:3.70M | Scene, ViewLayer | Updating Geometry BVH W02_s00_mesh 119/1029 | Building BVH
Fra:1 Mem:64.78M (Peak 102.93M) | Time:00:00.14 | Mem:3.68M, Peak:3.70M | Scene, ViewLayer | Updating Geometry BVH W02_s01_mesh 120/1029 | Building BVH
Fra:1 Mem:64.78M (Peak 102.93M) | Time:00:00.14 | Mem:3.70M, Peak:3.70M | Scene, ViewLayer | Updating Geometry BVH W02_s02_mesh 121/1029 | Building BVH
Fra:1 Mem:64.78M (Peak 102.93M) | Time:00:00.14 | Mem:3.71M, Peak:3.71M | Scene, ViewLayer | Updating Geometry BVH W02_s03_mesh 122/1029 | Building BVH
Fra:1 Mem:64.78M (Peak 102.93M) | Time:00:00.14 | Mem:3.72M, Peak:3.72M | Scene, ViewLayer | Updating Geometry BVH W03_s00_mesh 123/1029 | Building BVH
Fra:1 Mem:64.78M (Peak 102.93M) | Time:00:00.14 | Mem:3.72M, Peak:3.72M | Scene, ViewLayer | Updating Geometry BVH W04_s00_mesh 124/1029 | Building BVH
Fra:1 Mem:64.78M (Peak 102.93M) | Time:00:00.14 | Mem:3.75M, Peak:3.75M | Scene, ViewLayer | Updating Geometry BVH W05_s00_mesh 125/1029 | Building BVH
Fra:1 Mem:64.78M (Peak 102.93M) | Time:00:00.14 | Mem:3.75M, Peak:3.75M | Scene, ViewLayer | Updating Geometry BVH fx_curt_living_bo_w_A_mesh 1024/1029 | Building BVH
Fra:1 Mem:64.78M (Peak 102.93M) | Time:00:00.14 | Mem:3.75M, Peak:3.75M | Scene, ViewLayer | Updating Geometry BVH W05_s01_mesh 126/1029 | Building BVH
Fra:1 Mem:64.78M (Peak 102.93M) | Time:00:00.14 | Mem:3.77M, Peak:3.77M | Scene, ViewLayer | Updating Geometry BVH W05_s02_mesh 127/1029 | Building BVH
Fra:1 Mem:64.78M (Peak 102.93M) | Time:00:00.14 | Mem:3.79M, Peak:3.79M | Scene, ViewLayer | Updating Geometry BVH W05_s03_mesh 128/1029 | Building BVH
Fra:1 Mem:64.78M (Peak 102.93M) | Time:00:00.14 | Mem:3.79M, Peak:3.79M | Scene, ViewLayer | Updating Geometry BVH W06_s00_mesh 129/1029 | Building BVH
Fra:1 Mem:64.78M (Peak 102.93M) | Time:00:00.14 | Mem:3.79M, Peak:3.79M | Scene, ViewLayer | Updating Geometry BVH W06_s01_mesh 130/1029 | Building BVH
Fra:1 Mem:64.78M (Peak 102.93M) | Time:00:00.14 | Mem:3.79M, Peak:3.79M | Scene, ViewLayer | Updating Geometry BVH W06_s02_mesh 131/1029 | Building BVH
Fra:1 Mem:64.78M (Peak 102.93M) | Time:00:00.14 | Mem:3.79M, Peak:3.79M | Scene, ViewLayer | Updating Geometry BVH W07_s00_mesh 133/1029 | Building BVH
Fra:1 Mem:64.78M (Peak 102.93M) | Time:00:00.14 | Mem:3.79M, Peak:3.79M | Scene, ViewLayer | Updating Geometry BVH W07_s01_mesh 134/1029 | Building BVH
Fra:1 Mem:64.78M (Peak 102.93M) | Time:00:00.14 | Mem:3.79M, Peak:3.79M | Scene, ViewLayer | Updating Geometry BVH W07_s02_mesh 135/1029 | Building BVH
Fra:1 Mem:64.78M (Peak 102.93M) | Time:00:00.14 | Mem:3.79M, Peak:3.79M | Scene, ViewLayer | Updating Geometry BVH W08_s01_mesh 137/1029 | Building BVH
Fra:1 Mem:64.78M (Peak 102.93M) | Time:00:00.14 | Mem:3.79M, Peak:3.79M | Scene, ViewLayer | Updating Geometry BVH W08_s02_mesh 138/1029 | Building BVH
Fra:1 Mem:64.78M (Peak 102.93M) | Time:00:00.14 | Mem:3.89M, Peak:3.89M | Scene, ViewLayer | Updating Geometry BVH W09_s00_mesh 139/1029 | Building BVH
Fra:1 Mem:64.78M (Peak 102.93M) | Time:00:00.14 | Mem:3.90M, Peak:3.90M | Scene, ViewLayer | Updating Geometry BVH W10_s00_mesh 140/1029 | Building BVH
Fra:1 Mem:64.78M (Peak 102.93M) | Time:00:00.14 | Mem:3.90M, Peak:3.90M | Scene, ViewLayer | Updating Geometry BVH W10_s01_mesh 141/1029 | Building BVH
Fra:1 Mem:64.78M (Peak 102.93M) | Time:00:00.14 | Mem:3.91M, Peak:3.91M | Scene, ViewLayer | Updating Geometry BVH W10_s02_mesh 142/1029 | Building BVH
Fra:1 Mem:64.78M (Peak 102.93M) | Time:00:00.14 | Mem:3.92M, Peak:3.92M | Scene, ViewLayer | Updating Geometry BVH W10_s03_mesh 143/1029 | Building BVH
Fra:1 Mem:64.78M (Peak 102.93M) | Time:00:00.14 | Mem:3.92M, Peak:3.92M | Scene, ViewLayer | Updating Geometry BVH W11_s00_mesh 144/1029 | Building BVH
Fra:1 Mem:64.78M (Peak 102.93M) | Time:00:00.14 | Mem:3.92M, Peak:3.92M | Scene, ViewLayer | Updating Geometry BVH W12_s00_mesh 145/1029 | Building BVH
Fra:1 Mem:64.78M (Peak 102.93M) | Time:00:00.14 | Mem:3.92M, Peak:3.92M | Scene, ViewLayer | Updating Geometry BVH fx_curt_living_sheer_A_mesh 1023/1029 | Building BVH
Fra:1 Mem:64.78M (Peak 102.93M) | Time:00:00.14 | Mem:3.96M, Peak:3.96M | Scene, ViewLayer | Updating Geometry BVH W12_s01_mesh 146/1029 | Building BVH
Fra:1 Mem:64.78M (Peak 102.93M) | Time:00:00.14 | Mem:3.97M, Peak:3.97M | Scene, ViewLayer | Updating Geometry BVH W12_s02_mesh 147/1029 | Building BVH
Fra:1 Mem:64.78M (Peak 102.93M) | Time:00:00.14 | Mem:4.01M, Peak:4.01M | Scene, ViewLayer | Updating Geometry BVH W13_s00_mesh 148/1029 | Building BVH
Fra:1 Mem:64.78M (Peak 102.93M) | Time:00:00.14 | Mem:4.01M, Peak:4.01M | Scene, ViewLayer | Updating Geometry BVH W13_s01_mesh 149/1029 | Building BVH
Fra:1 Mem:64.78M (Peak 102.93M) | Time:00:00.14 | Mem:4.01M, Peak:4.01M | Scene, ViewLayer | Updating Geometry BVH W13_s02_mesh 150/1029 | Building BVH
Fra:1 Mem:64.78M (Peak 102.93M) | Time:00:00.14 | Mem:4.02M, Peak:4.02M | Scene, ViewLayer | Updating Geometry BVH W14_s00_mesh 151/1029 | Building BVH
Fra:1 Mem:64.78M (Peak 102.93M) | Time:00:00.14 | Mem:4.02M, Peak:4.02M | Scene, ViewLayer | Updating Geometry BVH W14_s01_mesh 152/1029 | Building BVH
Fra:1 Mem:64.78M (Peak 102.93M) | Time:00:00.14 | Mem:4.04M, Peak:4.04M | Scene, ViewLayer | Updating Geometry BVH W14_s03_mesh 154/1029 | Building BVH
Fra:1 Mem:64.78M (Peak 102.93M) | Time:00:00.14 | Mem:4.05M, Peak:4.05M | Scene, ViewLayer | Updating Geometry BVH W14_s04_mesh 155/1029 | Building BVH
Fra:1 Mem:64.78M (Peak 102.93M) | Time:00:00.14 | Mem:4.05M, Peak:4.06M | Scene, ViewLayer | Updating Geometry BVH W15_s00_mesh 156/1029 | Building BVH
Fra:1 Mem:64.78M (Peak 102.93M) | Time:00:00.15 | Mem:4.08M, Peak:4.08M | Scene, ViewLayer | Updating Geometry BVH W15_s01_mesh 157/1029 | Building BVH
Fra:1 Mem:64.78M (Peak 102.93M) | Time:00:00.15 | Mem:4.09M, Peak:4.09M | Scene, ViewLayer | Updating Geometry BVH W15_s02_mesh 158/1029 | Building BVH
Fra:1 Mem:64.78M (Peak 102.93M) | Time:00:00.15 | Mem:4.09M, Peak:4.09M | Scene, ViewLayer | Updating Geometry BVH W16_s00_mesh 159/1029 | Building BVH
Fra:1 Mem:64.78M (Peak 102.93M) | Time:00:00.15 | Mem:4.09M, Peak:4.09M | Scene, ViewLayer | Updating Geometry BVH W17_s00_mesh 160/1029 | Building BVH
Fra:1 Mem:64.78M (Peak 102.93M) | Time:00:00.15 | Mem:4.09M, Peak:4.09M | Scene, ViewLayer | Updating Geometry BVH W17_s01_mesh 161/1029 | Building BVH
Fra:1 Mem:64.78M (Peak 102.93M) | Time:00:00.15 | Mem:4.11M, Peak:4.11M | Scene, ViewLayer | Updating Geometry BVH W17_s02_mesh 162/1029 | Building BVH
Fra:1 Mem:64.78M (Peak 102.93M) | Time:00:00.15 | Mem:4.11M, Peak:4.11M | Scene, ViewLayer | Updating Geometry BVH W18_s00_mesh 163/1029 | Building BVH
Fra:1 Mem:64.78M (Peak 102.93M) | Time:00:00.15 | Mem:4.13M, Peak:4.13M | Scene, ViewLayer | Updating Geometry BVH W18_s01_mesh 164/1029 | Building BVH
Fra:1 Mem:64.78M (Peak 102.93M) | Time:00:00.15 | Mem:4.15M, Peak:4.15M | Scene, ViewLayer | Updating Geometry BVH W18_s02_mesh 165/1029 | Building BVH
Fra:1 Mem:64.78M (Peak 102.93M) | Time:00:00.15 | Mem:4.17M, Peak:4.17M | Scene, ViewLayer | Updating Geometry BVH W18_s03_mesh 166/1029 | Building BVH
Fra:1 Mem:64.78M (Peak 102.93M) | Time:00:00.15 | Mem:4.17M, Peak:4.17M | Scene, ViewLayer | Updating Geometry BVH W19_s00_mesh 167/1029 | Building BVH
Fra:1 Mem:64.78M (Peak 102.93M) | Time:00:00.15 | Mem:4.19M, Peak:4.19M | Scene, ViewLayer | Updating Geometry BVH W19_s01_mesh 168/1029 | Building BVH
Fra:1 Mem:64.78M (Peak 102.93M) | Time:00:00.15 | Mem:4.20M, Peak:4.20M | Scene, ViewLayer | Updating Geometry BVH W19_s02_mesh 169/1029 | Building BVH
Fra:1 Mem:64.78M (Peak 102.93M) | Time:00:00.15 | Mem:4.20M, Peak:4.20M | Scene, ViewLayer | Updating Geometry BVH W20_s00_mesh 170/1029 | Building BVH
Fra:1 Mem:64.78M (Peak 102.93M) | Time:00:00.15 | Mem:4.20M, Peak:4.20M | Scene, ViewLayer | Updating Geometry BVH W21_s00_mesh 171/1029 | Building BVH
Fra:1 Mem:64.78M (Peak 102.93M) | Time:00:00.15 | Mem:4.20M, Peak:4.20M | Scene, ViewLayer | Updating Geometry BVH W22_s00_mesh 172/1029 | Building BVH
Fra:1 Mem:64.78M (Peak 102.93M) | Time:00:00.15 | Mem:4.22M, Peak:4.22M | Scene, ViewLayer | Updating Geometry BVH W22_s01_mesh 173/1029 | Building BVH
Fra:1 Mem:64.78M (Peak 102.93M) | Time:00:00.15 | Mem:4.23M, Peak:4.23M | Scene, ViewLayer | Updating Geometry BVH W23_s00_mesh 174/1029 | Building BVH
Fra:1 Mem:64.78M (Peak 102.93M) | Time:00:00.15 | Mem:4.23M, Peak:4.23M | Scene, ViewLayer | Updating Geometry BVH W23_s01_mesh 175/1029 | Building BVH
Fra:1 Mem:64.78M (Peak 102.93M) | Time:00:00.15 | Mem:4.24M, Peak:4.24M | Scene, ViewLayer | Updating Geometry BVH W23_s02_mesh 176/1029 | Building BVH
Fra:1 Mem:64.78M (Peak 102.93M) | Time:00:00.15 | Mem:4.24M, Peak:4.24M | Scene, ViewLayer | Updating Geometry BVH W23_s03_mesh 177/1029 | Building BVH
Fra:1 Mem:64.78M (Peak 102.93M) | Time:00:00.15 | Mem:4.26M, Peak:4.26M | Scene, ViewLayer | Updating Geometry BVH W24_s00_mesh 178/1029 | Building BVH
Fra:1 Mem:64.78M (Peak 102.93M) | Time:00:00.15 | Mem:4.29M, Peak:4.29M | Scene, ViewLayer | Updating Geometry BVH W25_s00_mesh 179/1029 | Building BVH
Fra:1 Mem:64.78M (Peak 102.93M) | Time:00:00.15 | Mem:4.29M, Peak:4.29M | Scene, ViewLayer | Updating Geometry BVH W26_s00_mesh 180/1029 | Building BVH
Fra:1 Mem:64.78M (Peak 102.93M) | Time:00:00.15 | Mem:4.29M, Peak:4.29M | Scene, ViewLayer | Updating Geometry BVH W27_s01_mesh 182/1029 | Building BVH
Fra:1 Mem:64.78M (Peak 102.93M) | Time:00:00.15 | Mem:4.30M, Peak:4.30M | Scene, ViewLayer | Updating Geometry BVH W27_s02_mesh 183/1029 | Building BVH
Fra:1 Mem:64.78M (Peak 102.93M) | Time:00:00.15 | Mem:4.31M, Peak:4.31M | Scene, ViewLayer | Updating Geometry BVH W28_s00_mesh 184/1029 | Building BVH
Fra:1 Mem:64.78M (Peak 102.93M) | Time:00:00.15 | Mem:4.31M, Peak:4.31M | Scene, ViewLayer | Updating Geometry BVH W29_s00_mesh 185/1029 | Building BVH
Fra:1 Mem:64.78M (Peak 102.93M) | Time:00:00.15 | Mem:4.31M, Peak:4.31M | Scene, ViewLayer | Updating Geometry BVH win_W01_0bot_mesh 186/1029 | Building BVH
Fra:1 Mem:64.78M (Peak 102.93M) | Time:00:00.15 | Mem:4.32M, Peak:4.32M | Scene, ViewLayer | Updating Geometry BVH win_W01_0top_mesh 187/1029 | Building BVH
Fra:1 Mem:64.78M (Peak 102.93M) | Time:00:00.15 | Mem:4.32M, Peak:4.32M | Scene, ViewLayer | Updating Geometry BVH win_W01_0lft_mesh 188/1029 | Building BVH
Fra:1 Mem:64.78M (Peak 102.93M) | Time:00:00.15 | Mem:4.38M, Peak:4.38M | Scene, ViewLayer | Updating Geometry BVH win_W01_0rgt_mesh 189/1029 | Building BVH
Fra:1 Mem:64.78M (Peak 102.93M) | Time:00:00.15 | Mem:4.38M, Peak:4.38M | Scene, ViewLayer | Updating Geometry BVH win_W01_0mul1_mesh 190/1029 | Building BVH
Fra:1 Mem:64.78M (Peak 102.93M) | Time:00:00.15 | Mem:4.39M, Peak:4.39M | Scene, ViewLayer | Updating Geometry BVH win_W01_0glass_mesh 191/1029 | Building BVH
Fra:1 Mem:64.78M (Peak 102.93M) | Time:00:00.15 | Mem:4.40M, Peak:4.41M | Scene, ViewLayer | Updating Geometry BVH win_W02_0bot_mesh 192/1029 | Building BVH
Fra:1 Mem:64.78M (Peak 102.93M) | Time:00:00.15 | Mem:4.40M, Peak:4.41M | Scene, ViewLayer | Updating Geometry BVH win_W02_0top_mesh 193/1029 | Building BVH
Fra:1 Mem:64.78M (Peak 102.93M) | Time:00:00.15 | Mem:4.41M, Peak:4.41M | Scene, ViewLayer | Updating Geometry BVH win_W02_0lft_mesh 194/1029 | Building BVH
Fra:1 Mem:64.78M (Peak 102.93M) | Time:00:00.15 | Mem:4.42M, Peak:4.42M | Scene, ViewLayer | Updating Geometry BVH win_W02_0rgt_mesh 195/1029 | Building BVH
Fra:1 Mem:64.78M (Peak 102.93M) | Time:00:00.15 | Mem:4.43M, Peak:4.43M | Scene, ViewLayer | Updating Geometry BVH win_W02_0glass_mesh 196/1029 | Building BVH
Fra:1 Mem:64.78M (Peak 102.93M) | Time:00:00.15 | Mem:4.43M, Peak:4.43M | Scene, ViewLayer | Updating Geometry BVH win_W05_0bot_mesh 197/1029 | Building BVH
Fra:1 Mem:64.78M (Peak 102.93M) | Time:00:00.15 | Mem:4.45M, Peak:4.45M | Scene, ViewLayer | Updating Geometry BVH win_W05_0top_mesh 198/1029 | Building BVH
Fra:1 Mem:64.78M (Peak 102.93M) | Time:00:00.15 | Mem:4.45M, Peak:4.45M | Scene, ViewLayer | Updating Geometry BVH A_living_dining_balcony_lounge_chair_01_arm1_mesh 1022/1029 | Building BVH
Fra:1 Mem:64.78M (Peak 102.93M) | Time:00:00.15 | Mem:4.45M, Peak:4.45M | Scene, ViewLayer | Updating Geometry BVH win_W05_0lft_mesh 199/1029 | Building BVH
Fra:1 Mem:64.78M (Peak 102.93M) | Time:00:00.15 | Mem:4.48M, Peak:4.48M | Scene, ViewLayer | Updating Geometry BVH win_W05_0rgt_mesh 200/1029 | Building BVH
Fra:1 Mem:64.78M (Peak 102.93M) | Time:00:00.15 | Mem:4.50M, Peak:4.50M | Scene, ViewLayer | Updating Geometry BVH win_W05_0glass_mesh 201/1029 | Building BVH
Fra:1 Mem:64.78M (Peak 102.93M) | Time:00:00.15 | Mem:4.50M, Peak:4.50M | Scene, ViewLayer | Updating Geometry BVH win_W06_0bot_mesh 202/1029 | Building BVH
Fra:1 Mem:64.78M (Peak 102.93M) | Time:00:00.15 | Mem:4.50M, Peak:4.50M | Scene, ViewLayer | Updating Geometry BVH win_W06_0top_mesh 203/1029 | Building BVH
Fra:1 Mem:64.78M (Peak 102.93M) | Time:00:00.15 | Mem:4.50M, Peak:4.50M | Scene, ViewLayer | Updating Geometry BVH win_W06_0lft_mesh 204/1029 | Building BVH
Fra:1 Mem:64.78M (Peak 102.93M) | Time:00:00.15 | Mem:4.51M, Peak:4.51M | Scene, ViewLayer | Updating Geometry BVH win_W06_0rgt_mesh 205/1029 | Building BVH
Fra:1 Mem:64.78M (Peak 102.93M) | Time:00:00.15 | Mem:4.52M, Peak:4.52M | Scene, ViewLayer | Updating Geometry BVH win_W06_0mul1_mesh 206/1029 | Building BVH
Fra:1 Mem:64.78M (Peak 102.93M) | Time:00:00.15 | Mem:4.54M, Peak:4.54M | Scene, ViewLayer | Updating Geometry BVH win_W06_0glass_mesh 207/1029 | Building BVH
Fra:1 Mem:64.78M (Peak 102.93M) | Time:00:00.15 | Mem:4.57M, Peak:4.57M | Scene, ViewLayer | Updating Geometry BVH win_W10_0bot_mesh 208/1029 | Building BVH
Fra:1 Mem:64.78M (Peak 102.93M) | Time:00:00.15 | Mem:4.56M, Peak:4.57M | Scene, ViewLayer | Updating Geometry BVH win_W10_0top_mesh 209/1029 | Building BVH
Fra:1 Mem:64.78M (Peak 102.93M) | Time:00:00.15 | Mem:4.56M, Peak:4.57M | Scene, ViewLayer | Updating Geometry BVH win_W10_0lft_mesh 210/1029 | Building BVH
Fra:1 Mem:64.78M (Peak 102.93M) | Time:00:00.15 | Mem:4.56M, Peak:4.57M | Scene, ViewLayer | Updating Geometry BVH win_W10_0glass_mesh 212/1029 | Building BVH
Fra:1 Mem:64.78M (Peak 102.93M) | Time:00:00.15 | Mem:4.61M, Peak:4.61M | Scene, ViewLayer | Updating Geometry BVH win_W18_0bot_mesh 213/1029 | Building BVH
Fra:1 Mem:64.78M (Peak 102.93M) | Time:00:00.15 | Mem:4.61M, Peak:4.61M | Scene, ViewLayer | Updating Geometry BVH win_W18_0top_mesh 214/1029 | Building BVH
Fra:1 Mem:64.78M (Peak 102.93M) | Time:00:00.15 | Mem:4.63M, Peak:4.63M | Scene, ViewLayer | Updating Geometry BVH win_W18_0lft_mesh 215/1029 | Building BVH
Fra:1 Mem:64.78M (Peak 102.93M) | Time:00:00.15 | Mem:4.63M, Peak:4.63M | Scene, ViewLayer | Updating Geometry BVH win_W18_0rgt_mesh 216/1029 | Building BVH
Fra:1 Mem:64.78M (Peak 102.93M) | Time:00:00.15 | Mem:4.65M, Peak:4.65M | Scene, ViewLayer | Updating Geometry BVH win_W18_0mul1_mesh 217/1029 | Building BVH
Fra:1 Mem:64.78M (Peak 102.93M) | Time:00:00.15 | Mem:4.64M, Peak:4.65M | Scene, ViewLayer | Updating Geometry BVH win_W18_0mul2_mesh 218/1029 | Building BVH
Fra:1 Mem:64.78M (Peak 102.93M) | Time:00:00.15 | Mem:4.65M, Peak:4.65M | Scene, ViewLayer | Updating Geometry BVH win_W18_0mul3_mesh 219/1029 | Building BVH
Fra:1 Mem:64.78M (Peak 102.93M) | Time:00:00.15 | Mem:4.65M, Peak:4.65M | Scene, ViewLayer | Updating Geometry BVH win_W18_0glass_mesh 220/1029 | Building BVH
Fra:1 Mem:64.78M (Peak 102.93M) | Time:00:00.15 | Mem:4.65M, Peak:4.65M | Scene, ViewLayer | Updating Geometry BVH win_W23_0bot_mesh 221/1029 | Building BVH
Fra:1 Mem:64.78M (Peak 102.93M) | Time:00:00.15 | Mem:4.65M, Peak:4.65M | Scene, ViewLayer | Updating Geometry BVH win_W23_0top_mesh 222/1029 | Building BVH
Fra:1 Mem:64.78M (Peak 102.93M) | Time:00:00.15 | Mem:4.67M, Peak:4.67M | Scene, ViewLayer | Updating Geometry BVH win_W23_0lft_mesh 223/1029 | Building BVH
Fra:1 Mem:64.78M (Peak 102.93M) | Time:00:00.15 | Mem:4.69M, Peak:4.69M | Scene, ViewLayer | Updating Geometry BVH win_W23_0rgt_mesh 224/1029 | Building BVH
Fra:1 Mem:64.78M (Peak 102.93M) | Time:00:00.15 | Mem:4.69M, Peak:4.69M | Scene, ViewLayer | Updating Geometry BVH win_W23_0mul1_mesh 225/1029 | Building BVH
Fra:1 Mem:64.78M (Peak 102.93M) | Time:00:00.15 | Mem:4.72M, Peak:4.72M | Scene, ViewLayer | Updating Geometry BVH win_W23_0glass_mesh 226/1029 | Building BVH
Fra:1 Mem:64.78M (Peak 102.93M) | Time:00:00.15 | Mem:4.73M, Peak:4.73M | Scene, ViewLayer | Updating Geometry BVH door_W07_0jlfto_mesh 227/1029 | Building BVH
Fra:1 Mem:64.78M (Peak 102.93M) | Time:00:00.15 | Mem:4.73M, Peak:4.73M | Scene, ViewLayer | Updating Geometry BVH door_W07_0jlfti_mesh 228/1029 | Building BVH
Fra:1 Mem:64.78M (Peak 102.93M) | Time:00:00.15 | Mem:4.74M, Peak:4.74M | Scene, ViewLayer | Updating Geometry BVH door_W07_0jrgto_mesh 229/1029 | Building BVH
Fra:1 Mem:64.78M (Peak 102.93M) | Time:00:00.15 | Mem:4.76M, Peak:4.76M | Scene, ViewLayer | Updating Geometry BVH door_W07_0jrgti_mesh 230/1029 | Building BVH
Fra:1 Mem:64.78M (Peak 102.93M) | Time:00:00.15 | Mem:4.76M, Peak:4.76M | Scene, ViewLayer | Updating Geometry BVH door_W07_0jtopo_mesh 231/1029 | Building BVH
Fra:1 Mem:64.78M (Peak 102.93M) | Time:00:00.15 | Mem:4.76M, Peak:4.76M | Scene, ViewLayer | Updating Geometry BVH door_W07_0jtopi_mesh 232/1029 | Building BVH
Fra:1 Mem:64.78M (Peak 102.93M) | Time:00:00.15 | Mem:4.78M, Peak:4.78M | Scene, ViewLayer | Updating Geometry BVH door_W07_0leaf_mesh 233/1029 | Building BVH
Fra:1 Mem:64.78M (Peak 102.93M) | Time:00:00.15 | Mem:4.80M, Peak:4.80M | Scene, ViewLayer | Updating Geometry BVH door_W07_0hdl_mesh 234/1029 | Building BVH
Fra:1 Mem:64.78M (Peak 102.93M) | Time:00:00.15 | Mem:4.80M, Peak:4.80M | Scene, ViewLayer | Updating Geometry BVH door_W08_0jlfti_mesh 236/1029 | Building BVH
Fra:1 Mem:64.78M (Peak 102.93M) | Time:00:00.15 | Mem:4.80M, Peak:4.80M | Scene, ViewLayer | Updating Geometry BVH A_living_dining_balcony_lounge_chair_01_arm0_mesh 1021/1029 | Building BVH
Fra:1 Mem:64.78M (Peak 102.93M) | Time:00:00.15 | Mem:4.80M, Peak:4.80M | Scene, ViewLayer | Updating Geometry BVH door_W08_0jrgti_mesh 238/1029 | Building BVH
Fra:1 Mem:64.78M (Peak 102.93M) | Time:00:00.15 | Mem:4.84M, Peak:4.84M | Scene, ViewLayer | Updating Geometry BVH door_W08_0jtopo_mesh 239/1029 | Building BVH
Fra:1 Mem:64.78M (Peak 102.93M) | Time:00:00.15 | Mem:4.85M, Peak:4.85M | Scene, ViewLayer | Updating Geometry BVH door_W08_0jtopi_mesh 240/1029 | Building BVH
Fra:1 Mem:64.78M (Peak 102.93M) | Time:00:00.15 | Mem:4.86M, Peak:4.86M | Scene, ViewLayer | Updating Geometry BVH door_W08_0lft_mesh 241/1029 | Building BVH
Fra:1 Mem:64.78M (Peak 102.93M) | Time:00:00.15 | Mem:4.88M, Peak:4.88M | Scene, ViewLayer | Updating Geometry BVH door_W08_0rgt_mesh 242/1029 | Building BVH
Fra:1 Mem:64.78M (Peak 102.93M) | Time:00:00.15 | Mem:4.89M, Peak:4.90M | Scene, ViewLayer | Updating Geometry BVH door_W08_0top_mesh 243/1029 | Building BVH
Fra:1 Mem:64.78M (Peak 102.93M) | Time:00:00.15 | Mem:4.89M, Peak:4.90M | Scene, ViewLayer | Updating Geometry BVH door_W08_0bot_mesh 244/1029 | Building BVH
Fra:1 Mem:64.78M (Peak 102.93M) | Time:00:00.15 | Mem:4.90M, Peak:4.90M | Scene, ViewLayer | Updating Geometry BVH door_W08_0fglass_mesh 245/1029 | Building BVH
Fra:1 Mem:64.78M (Peak 102.93M) | Time:00:00.15 | Mem:4.92M, Peak:4.92M | Scene, ViewLayer | Updating Geometry BVH door_W08_0hdl_mesh 246/1029 | Building BVH
Fra:1 Mem:64.78M (Peak 102.93M) | Time:00:00.15 | Mem:4.92M, Peak:4.92M | Scene, ViewLayer | Updating Geometry BVH door_W13_0jlfto_mesh 247/1029 | Building BVH
Fra:1 Mem:64.78M (Peak 102.93M) | Time:00:00.15 | Mem:4.93M, Peak:4.93M | Scene, ViewLayer | Updating Geometry BVH door_W13_0jlfti_mesh 248/1029 | Building BVH
Fra:1 Mem:64.78M (Peak 102.93M) | Time:00:00.15 | Mem:4.93M, Peak:4.93M | Scene, ViewLayer | Updating Geometry BVH A_living_dining_balcony_lounge_chair_01_leg3_mesh 1020/1029 | Building BVH
Fra:1 Mem:64.78M (Peak 102.93M) | Time:00:00.15 | Mem:4.95M, Peak:4.95M | Scene, ViewLayer | Updating Geometry BVH door_W13_0jrgto_mesh 249/1029 | Building BVH
Fra:1 Mem:64.78M (Peak 102.93M) | Time:00:00.15 | Mem:4.96M, Peak:4.96M | Scene, ViewLayer | Updating Geometry BVH door_W13_0jrgti_mesh 250/1029 | Building BVH
Fra:1 Mem:64.78M (Peak 102.93M) | Time:00:00.15 | Mem:4.96M, Peak:4.96M | Scene, ViewLayer | Updating Geometry BVH door_W13_0jtopo_mesh 251/1029 | Building BVH
Fra:1 Mem:64.78M (Peak 102.93M) | Time:00:00.15 | Mem:4.96M, Peak:4.96M | Scene, ViewLayer | Updating Geometry BVH door_W13_0jtopi_mesh 252/1029 | Building BVH
Fra:1 Mem:64.78M (Peak 102.93M) | Time:00:00.15 | Mem:4.96M, Peak:4.96M | Scene, ViewLayer | Updating Geometry BVH door_W13_0hdl_mesh 254/1029 | Building BVH
Fra:1 Mem:64.78M (Peak 102.93M) | Time:00:00.15 | Mem:4.98M, Peak:4.98M | Scene, ViewLayer | Updating Geometry BVH door_W14_0jlfto_mesh 255/1029 | Building BVH
Fra:1 Mem:64.78M (Peak 102.93M) | Time:00:00.15 | Mem:5.02M, Peak:5.02M | Scene, ViewLayer | Updating Geometry BVH door_W14_0jlfti_mesh 256/1029 | Building BVH
Fra:1 Mem:64.78M (Peak 102.93M) | Time:00:00.15 | Mem:5.02M, Peak:5.02M | Scene, ViewLayer | Updating Geometry BVH door_W14_0jrgto_mesh 257/1029 | Building BVH
Fra:1 Mem:64.78M (Peak 102.93M) | Time:00:00.15 | Mem:5.02M, Peak:5.02M | Scene, ViewLayer | Updating Geometry BVH door_W14_0jrgti_mesh 258/1029 | Building BVH
Fra:1 Mem:64.78M (Peak 102.93M) | Time:00:00.15 | Mem:5.02M, Peak:5.02M | Scene, ViewLayer | Updating Geometry BVH door_W14_0jtopo_mesh 259/1029 | Building BVH
Fra:1 Mem:64.78M (Peak 102.93M) | Time:00:00.15 | Mem:5.02M, Peak:5.02M | Scene, ViewLayer | Updating Geometry BVH door_W14_0jtopi_mesh 260/1029 | Building BVH
Fra:1 Mem:64.78M (Peak 102.93M) | Time:00:00.15 | Mem:5.02M, Peak:5.02M | Scene, ViewLayer | Updating Geometry BVH door_W14_0leaf_mesh 261/1029 | Building BVH
Fra:1 Mem:64.78M (Peak 102.93M) | Time:00:00.15 | Mem:5.06M, Peak:5.06M | Scene, ViewLayer | Updating Geometry BVH door_W14_0hdl_mesh 262/1029 | Building BVH
Fra:1 Mem:64.78M (Peak 102.93M) | Time:00:00.15 | Mem:5.08M, Peak:5.09M | Scene, ViewLayer | Updating Geometry BVH door_W14_1jlfto_mesh 263/1029 | Building BVH
Fra:1 Mem:64.78M (Peak 102.93M) | Time:00:00.15 | Mem:5.08M, Peak:5.09M | Scene, ViewLayer | Updating Geometry BVH door_W14_1jlfti_mesh 264/1029 | Building BVH
Fra:1 Mem:64.78M (Peak 102.93M) | Time:00:00.15 | Mem:5.09M, Peak:5.09M | Scene, ViewLayer | Updating Geometry BVH door_W14_1jrgto_mesh 265/1029 | Building BVH
Fra:1 Mem:64.78M (Peak 102.93M) | Time:00:00.15 | Mem:5.09M, Peak:5.09M | Scene, ViewLayer | Updating Geometry BVH door_W14_1jrgti_mesh 266/1029 | Building BVH
Fra:1 Mem:64.78M (Peak 102.93M) | Time:00:00.15 | Mem:5.11M, Peak:5.11M | Scene, ViewLayer | Updating Geometry BVH door_W14_1jtopo_mesh 267/1029 | Building BVH
Fra:1 Mem:64.78M (Peak 102.93M) | Time:00:00.15 | Mem:5.12M, Peak:5.12M | Scene, ViewLayer | Updating Geometry BVH door_W14_1jtopi_mesh 268/1029 | Building BVH
Fra:1 Mem:64.78M (Peak 102.93M) | Time:00:00.15 | Mem:5.12M, Peak:5.12M | Scene, ViewLayer | Updating Geometry BVH door_W14_1lft_mesh 269/1029 | Building BVH
Fra:1 Mem:64.78M (Peak 102.93M) | Time:00:00.15 | Mem:5.15M, Peak:5.15M | Scene, ViewLayer | Updating Geometry BVH A_living_dining_balcony_lounge_chair_01_leg2_mesh 1019/1029 | Building BVH
Fra:1 Mem:64.78M (Peak 102.93M) | Time:00:00.16 | Mem:5.16M, Peak:5.16M | Scene, ViewLayer | Updating Geometry BVH door_W14_1rgt_mesh 270/1029 | Building BVH
Fra:1 Mem:64.78M (Peak 102.93M) | Time:00:00.16 | Mem:5.17M, Peak:5.17M | Scene, ViewLayer | Updating Geometry BVH door_W14_1top_mesh 271/1029 | Building BVH
Fra:1 Mem:64.78M (Peak 102.93M) | Time:00:00.16 | Mem:5.17M, Peak:5.17M | Scene, ViewLayer | Updating Geometry BVH door_W14_1bot_mesh 272/1029 | Building BVH
Fra:1 Mem:64.78M (Peak 102.93M) | Time:00:00.16 | Mem:5.17M, Peak:5.17M | Scene, ViewLayer | Updating Geometry BVH door_W14_1fglass_mesh 273/1029 | Building BVH
Fra:1 Mem:64.78M (Peak 102.93M) | Time:00:00.16 | Mem:5.18M, Peak:5.18M | Scene, ViewLayer | Updating Geometry BVH door_W14_1hdl_mesh 274/1029 | Building BVH
Fra:1 Mem:64.78M (Peak 102.93M) | Time:00:00.16 | Mem:5.18M, Peak:5.18M | Scene, ViewLayer | Updating Geometry BVH door_W15_0_bot_mesh 275/1029 | Building BVH
Fra:1 Mem:64.78M (Peak 102.93M) | Time:00:00.16 | Mem:5.19M, Peak:5.19M | Scene, ViewLayer | Updating Geometry BVH door_W15_0_top_mesh 276/1029 | Building BVH
Fra:1 Mem:64.78M (Peak 102.93M) | Time:00:00.16 | Mem:5.20M, Peak:5.20M | Scene, ViewLayer | Updating Geometry BVH door_W15_0_lft_mesh 277/1029 | Building BVH
Fra:1 Mem:64.78M (Peak 102.93M) | Time:00:00.16 | Mem:5.23M, Peak:5.23M | Scene, ViewLayer | Updating Geometry BVH door_W15_0_rgt_mesh 278/1029 | Building BVH
Fra:1 Mem:64.78M (Peak 102.93M) | Time:00:00.16 | Mem:5.23M, Peak:5.23M | Scene, ViewLayer | Updating Geometry BVH door_W15_0_glass_mesh 279/1029 | Building BVH
Fra:1 Mem:64.78M (Peak 102.93M) | Time:00:00.16 | Mem:5.23M, Peak:5.23M | Scene, ViewLayer | Updating Geometry BVH door_W15_1_bot_mesh 280/1029 | Building BVH
Fra:1 Mem:64.78M (Peak 102.93M) | Time:00:00.16 | Mem:5.23M, Peak:5.23M | Scene, ViewLayer | Updating Geometry BVH door_W15_1_lft_mesh 282/1029 | Building BVH
Fra:1 Mem:64.78M (Peak 102.93M) | Time:00:00.16 | Mem:5.23M, Peak:5.23M | Scene, ViewLayer | Updating Geometry BVH door_W15_1_rgt_mesh 283/1029 | Building BVH
Fra:1 Mem:64.78M (Peak 102.93M) | Time:00:00.16 | Mem:5.24M, Peak:5.24M | Scene, ViewLayer | Updating Geometry BVH door_W15_1_glass_mesh 284/1029 | Building BVH
Fra:1 Mem:64.78M (Peak 102.93M) | Time:00:00.16 | Mem:5.30M, Peak:5.30M | Scene, ViewLayer | Updating Geometry BVH door_W17_0_bot_mesh 285/1029 | Building BVH
Fra:1 Mem:64.78M (Peak 102.93M) | Time:00:00.16 | Mem:5.30M, Peak:5.30M | Scene, ViewLayer | Updating Geometry BVH door_W17_0_top_mesh 286/1029 | Building BVH
Fra:1 Mem:64.78M (Peak 102.93M) | Time:00:00.16 | Mem:5.30M, Peak:5.30M | Scene, ViewLayer | Updating Geometry BVH door_W17_0_lft_mesh 287/1029 | Building BVH
Fra:1 Mem:64.78M (Peak 102.93M) | Time:00:00.16 | Mem:5.30M, Peak:5.30M | Scene, ViewLayer | Updating Geometry BVH door_W17_0_rgt_mesh 288/1029 | Building BVH
Fra:1 Mem:64.78M (Peak 102.93M) | Time:00:00.16 | Mem:5.31M, Peak:5.31M | Scene, ViewLayer | Updating Geometry BVH door_W17_0_glass_mesh 289/1029 | Building BVH
Fra:1 Mem:64.78M (Peak 102.93M) | Time:00:00.16 | Mem:5.32M, Peak:5.32M | Scene, ViewLayer | Updating Geometry BVH door_W17_1_bot_mesh 290/1029 | Building BVH
Fra:1 Mem:64.78M (Peak 102.93M) | Time:00:00.16 | Mem:5.32M, Peak:5.32M | Scene, ViewLayer | Updating Geometry BVH door_W17_1_top_mesh 291/1029 | Building BVH
Fra:1 Mem:64.78M (Peak 102.93M) | Time:00:00.16 | Mem:5.33M, Peak:5.33M | Scene, ViewLayer | Updating Geometry BVH door_W17_1_lft_mesh 292/1029 | Building BVH
Fra:1 Mem:64.78M (Peak 102.93M) | Time:00:00.16 | Mem:5.33M, Peak:5.33M | Scene, ViewLayer | Updating Geometry BVH door_W17_1_rgt_mesh 293/1029 | Building BVH
Fra:1 Mem:64.78M (Peak 102.93M) | Time:00:00.16 | Mem:5.34M, Peak:5.34M | Scene, ViewLayer | Updating Geometry BVH door_W17_1_glass_mesh 294/1029 | Building BVH
Fra:1 Mem:64.78M (Peak 102.93M) | Time:00:00.16 | Mem:5.34M, Peak:5.34M | Scene, ViewLayer | Updating Geometry BVH door_W17_2_bot_mesh 295/1029 | Building BVH
Fra:1 Mem:64.78M (Peak 102.93M) | Time:00:00.16 | Mem:5.35M, Peak:5.35M | Scene, ViewLayer | Updating Geometry BVH door_W17_2_top_mesh 296/1029 | Building BVH
Fra:1 Mem:64.78M (Peak 102.93M) | Time:00:00.16 | Mem:5.39M, Peak:5.39M | Scene, ViewLayer | Updating Geometry BVH door_W17_2_lft_mesh 297/1029 | Building BVH
Fra:1 Mem:64.78M (Peak 102.93M) | Time:00:00.16 | Mem:5.40M, Peak:5.40M | Scene, ViewLayer | Updating Geometry BVH door_W17_2_rgt_mesh 298/1029 | Building BVH
Fra:1 Mem:64.78M (Peak 102.93M) | Time:00:00.16 | Mem:5.41M, Peak:5.41M | Scene, ViewLayer | Updating Geometry BVH door_W17_2_glass_mesh 299/1029 | Building BVH
Fra:1 Mem:64.78M (Peak 102.93M) | Time:00:00.16 | Mem:5.42M, Peak:5.42M | Scene, ViewLayer | Updating Geometry BVH A_living_dining_balcony_lounge_chair_01_leg0_mesh 1017/1029 | Building BVH
Fra:1 Mem:64.78M (Peak 102.93M) | Time:00:00.16 | Mem:5.42M, Peak:5.42M | Scene, ViewLayer | Updating Geometry BVH door_W19_0jlfti_mesh 301/1029 | Building BVH
Fra:1 Mem:64.78M (Peak 102.93M) | Time:00:00.16 | Mem:5.44M, Peak:5.44M | Scene, ViewLayer | Updating Geometry BVH door_W19_0jrgto_mesh 302/1029 | Building BVH
Fra:1 Mem:64.78M (Peak 102.93M) | Time:00:00.16 | Mem:5.44M, Peak:5.44M | Scene, ViewLayer | Updating Geometry BVH door_W19_0jrgti_mesh 303/1029 | Building BVH
Fra:1 Mem:64.78M (Peak 102.93M) | Time:00:00.16 | Mem:5.44M, Peak:5.44M | Scene, ViewLayer | Updating Geometry BVH door_W19_0jtopo_mesh 304/1029 | Building BVH
Fra:1 Mem:64.78M (Peak 102.93M) | Time:00:00.16 | Mem:5.44M, Peak:5.44M | Scene, ViewLayer | Updating Geometry BVH door_W19_0jtopi_mesh 305/1029 | Building BVH
Fra:1 Mem:64.78M (Peak 102.93M) | Time:00:00.16 | Mem:5.44M, Peak:5.44M | Scene, ViewLayer | Updating Geometry BVH door_W19_0hdl_mesh 307/1029 | Building BVH
Fra:1 Mem:64.78M (Peak 102.93M) | Time:00:00.16 | Mem:5.44M, Peak:5.44M | Scene, ViewLayer | Updating Geometry BVH door_W27_0jlfto_mesh 308/1029 | Building BVH
Fra:1 Mem:64.78M (Peak 102.93M) | Time:00:00.16 | Mem:5.45M, Peak:5.45M | Scene, ViewLayer | Updating Geometry BVH door_W27_0jlfti_mesh 309/1029 | Building BVH
Fra:1 Mem:64.78M (Peak 102.93M) | Time:00:00.16 | Mem:5.46M, Peak:5.46M | Scene, ViewLayer | Updating Geometry BVH door_W27_0jrgto_mesh 310/1029 | Building BVH
Fra:1 Mem:64.78M (Peak 102.93M) | Time:00:00.16 | Mem:5.47M, Peak:5.47M | Scene, ViewLayer | Updating Geometry BVH door_W27_0jrgti_mesh 311/1029 | Building BVH
Fra:1 Mem:64.78M (Peak 102.93M) | Time:00:00.16 | Mem:5.54M, Peak:5.54M | Scene, ViewLayer | Updating Geometry BVH door_W27_0jtopo_mesh 312/1029 | Building BVH
Fra:1 Mem:64.78M (Peak 102.93M) | Time:00:00.16 | Mem:5.56M, Peak:5.57M | Scene, ViewLayer | Updating Geometry BVH door_W27_0jtopi_mesh 313/1029 | Building BVH
Fra:1 Mem:64.78M (Peak 102.93M) | Time:00:00.16 | Mem:5.56M, Peak:5.57M | Scene, ViewLayer | Updating Geometry BVH door_W27_0leaf_mesh 314/1029 | Building BVH
Fra:1 Mem:64.78M (Peak 102.93M) | Time:00:00.16 | Mem:5.56M, Peak:5.57M | Scene, ViewLayer | Updating Geometry BVH door_W27_0hdl_mesh 315/1029 | Building BVH
Fra:1 Mem:64.78M (Peak 102.93M) | Time:00:00.16 | Mem:5.58M, Peak:5.58M | Scene, ViewLayer | Updating Geometry BVH bay_platform_mesh 316/1029 | Building BVH
Fra:1 Mem:64.78M (Peak 102.93M) | Time:00:00.16 | Mem:5.58M, Peak:5.58M | Scene, ViewLayer | Updating Geometry BVH rail_ter_S_p0_mesh 317/1029 | Building BVH
Fra:1 Mem:64.78M (Peak 102.93M) | Time:00:00.16 | Mem:5.59M, Peak:5.59M | Scene, ViewLayer | Updating Geometry BVH rail_ter_S_p1_mesh 318/1029 | Building BVH
Fra:1 Mem:64.78M (Peak 102.93M) | Time:00:00.16 | Mem:5.59M, Peak:5.59M | Scene, ViewLayer | Updating Geometry BVH rail_ter_S_p3_mesh 320/1029 | Building BVH
Fra:1 Mem:64.78M (Peak 102.93M) | Time:00:00.16 | Mem:5.63M, Peak:5.64M | Scene, ViewLayer | Updating Geometry BVH rail_ter_S_top_mesh 321/1029 | Building BVH
Fra:1 Mem:64.78M (Peak 102.93M) | Time:00:00.16 | Mem:5.63M, Peak:5.64M | Scene, ViewLayer | Updating Geometry BVH rail_ter_S_glass_mesh 322/1029 | Building BVH
Fra:1 Mem:64.78M (Peak 102.93M) | Time:00:00.16 | Mem:5.63M, Peak:5.64M | Scene, ViewLayer | Updating Geometry BVH rail_ter_E_p0_mesh 323/1029 | Building BVH
Fra:1 Mem:64.78M (Peak 102.93M) | Time:00:00.16 | Mem:5.63M, Peak:5.64M | Scene, ViewLayer | Updating Geometry BVH rail_ter_E_p1_mesh 324/1029 | Building BVH
Fra:1 Mem:64.79M (Peak 102.93M) | Time:00:00.16 | Mem:5.64M, Peak:5.64M | Scene, ViewLayer | Updating Geometry BVH rail_ter_E_p2_mesh 325/1029 | Building BVH
Fra:1 Mem:64.79M (Peak 102.93M) | Time:00:00.16 | Mem:5.65M, Peak:5.65M | Scene, ViewLayer | Updating Geometry BVH rail_ter_E_top_mesh 326/1029 | Building BVH
Fra:1 Mem:64.79M (Peak 102.93M) | Time:00:00.16 | Mem:5.67M, Peak:5.67M | Scene, ViewLayer | Updating Geometry BVH rail_ter_E_glass_mesh 327/1029 | Building BVH
Fra:1 Mem:64.79M (Peak 102.93M) | Time:00:00.16 | Mem:5.67M, Peak:5.67M | Scene, ViewLayer | Updating Geometry BVH rail_ter_W_p1_mesh 329/1029 | Building BVH
Fra:1 Mem:64.79M (Peak 102.93M) | Time:00:00.16 | Mem:5.68M, Peak:5.68M | Scene, ViewLayer | Updating Geometry BVH rail_ter_W_top_mesh 330/1029 | Building BVH
Fra:1 Mem:64.79M (Peak 102.93M) | Time:00:00.16 | Mem:5.68M, Peak:5.68M | Scene, ViewLayer | Updating Geometry BVH rail_ter_W_glass_mesh 331/1029 | Building BVH
Fra:1 Mem:64.79M (Peak 102.93M) | Time:00:00.16 | Mem:5.68M, Peak:5.68M | Scene, ViewLayer | Updating Geometry BVH common_kitchen_dishwasher_01_body_mesh 332/1029 | Building BVH
Fra:1 Mem:64.79M (Peak 102.93M) | Time:00:00.16 | Mem:5.70M, Peak:5.70M | Scene, ViewLayer | Updating Geometry BVH common_kitchen_dishwasher_01_top_mesh 333/1029 | Building BVH
Fra:1 Mem:64.79M (Peak 102.93M) | Time:00:00.16 | Mem:5.70M, Peak:5.70M | Scene, ViewLayer | Updating Geometry BVH common_kitchen_dishwasher_01_drw_f0_mesh 334/1029 | Building BVH
Fra:1 Mem:64.79M (Peak 102.93M) | Time:00:00.16 | Mem:5.77M, Peak:5.77M | Scene, ViewLayer | Updating Geometry BVH common_kitchen_dishwasher_01_drw_f1_mesh 336/1029 | Building BVH
Fra:1 Mem:64.79M (Peak 102.93M) | Time:00:00.16 | Mem:5.77M, Peak:5.77M | Scene, ViewLayer | Updating Geometry BVH common_kitchen_dishwasher_01_drw_p1_mesh 337/1029 | Building BVH
Fra:1 Mem:64.79M (Peak 102.93M) | Time:00:00.16 | Mem:5.78M, Peak:5.78M | Scene, ViewLayer | Updating Geometry BVH common_kitchen_dishwasher_01_drw_f2_mesh 338/1029 | Building BVH
Fra:1 Mem:64.79M (Peak 102.93M) | Time:00:00.16 | Mem:5.79M, Peak:5.80M | Scene, ViewLayer | Updating Geometry BVH A_living_dining_balcony_lounge_chair_01_back_mesh 1016/1029 | Building BVH
Fra:1 Mem:64.79M (Peak 102.93M) | Time:00:00.16 | Mem:5.81M, Peak:5.81M | Scene, ViewLayer | Updating Geometry BVH common_kitchen_dishwasher_01_drw_p2_mesh 339/1029 | Building BVH
Fra:1 Mem:64.79M (Peak 102.93M) | Time:00:00.16 | Mem:5.84M, Peak:5.84M | Scene, ViewLayer | Updating Geometry BVH common_kitchen_dishwasher_01_drw_f3_mesh 340/1029 | Building BVH
Fra:1 Mem:64.79M (Peak 102.93M) | Time:00:00.16 | Mem:5.85M, Peak:5.85M | Scene, ViewLayer | Updating Geometry BVH common_kitchen_dishwasher_01_drw_p3_mesh 341/1029 | Building BVH
Fra:1 Mem:64.79M (Peak 102.93M) | Time:00:00.16 | Mem:5.85M, Peak:5.85M | Scene, ViewLayer | Updating Geometry BVH common_kitchen_dishwasher_01_drw_f4_mesh 342/1029 | Building BVH
Fra:1 Mem:64.79M (Peak 102.93M) | Time:00:00.16 | Mem:5.86M, Peak:5.86M | Scene, ViewLayer | Updating Geometry BVH common_kitchen_dishwasher_01_drw_p4_mesh 343/1029 | Building BVH
Fra:1 Mem:64.79M (Peak 102.93M) | Time:00:00.16 | Mem:5.86M, Peak:5.86M | Scene, ViewLayer | Updating Geometry BVH common_kitchen_sink_01_rim_mesh 344/1029 | Building BVH
Fra:1 Mem:64.79M (Peak 102.93M) | Time:00:00.16 | Mem:5.86M, Peak:5.86M | Scene, ViewLayer | Updating Geometry BVH common_kitchen_sink_01_inner_mesh 345/1029 | Building BVH
Fra:1 Mem:64.79M (Peak 102.93M) | Time:00:00.16 | Mem:5.86M, Peak:5.86M | Scene, ViewLayer | Updating Geometry BVH common_kitchen_sink_01_tap_mesh 346/1029 | Building BVH
Fra:1 Mem:64.79M (Peak 102.93M) | Time:00:00.16 | Mem:5.90M, Peak:5.90M | Scene, ViewLayer | Updating Geometry BVH common_kitchen_dishwasher_02_panel_mesh 347/1029 | Building BVH
Fra:1 Mem:64.79M (Peak 102.93M) | Time:00:00.16 | Mem:5.91M, Peak:5.91M | Scene, ViewLayer | Updating Geometry BVH common_kitchen_dishwasher_02_pull_mesh 348/1029 | Building BVH
Fra:1 Mem:64.79M (Peak 102.93M) | Time:00:00.16 | Mem:5.95M, Peak:5.95M | Scene, ViewLayer | Updating Geometry BVH common_kitchen_kitchen_counter_01_body_mesh 349/1029 | Building BVH
Fra:1 Mem:64.79M (Peak 102.93M) | Time:00:00.16 | Mem:5.95M, Peak:5.95M | Scene, ViewLayer | Updating Geometry BVH common_kitchen_kitchen_counter_01_top_mesh 350/1029 | Building BVH
Fra:1 Mem:64.79M (Peak 102.93M) | Time:00:00.16 | Mem:5.96M, Peak:5.96M | Scene, ViewLayer | Updating Geometry BVH common_kitchen_kitchen_counter_01_drw_f0_mesh 351/1029 | Building BVH
Fra:1 Mem:64.79M (Peak 102.93M) | Time:00:00.16 | Mem:5.96M, Peak:5.96M | Scene, ViewLayer | Updating Geometry BVH common_kitchen_kitchen_counter_01_drw_p0_mesh 352/1029 | Building BVH
Fra:1 Mem:64.79M (Peak 102.93M) | Time:00:00.16 | Mem:5.96M, Peak:5.96M | Scene, ViewLayer | Updating Geometry BVH common_kitchen_kitchen_counter_01_drw_f1_mesh 353/1029 | Building BVH
Fra:1 Mem:64.79M (Peak 102.93M) | Time:00:00.16 | Mem:5.97M, Peak:5.97M | Scene, ViewLayer | Updating Geometry BVH common_kitchen_kitchen_counter_01_drw_p1_mesh 354/1029 | Building BVH
Fra:1 Mem:64.79M (Peak 102.93M) | Time:00:00.16 | Mem:6.00M, Peak:6.00M | Scene, ViewLayer | Updating Geometry BVH common_kitchen_kitchen_counter_01_drw_f2_mesh 355/1029 | Building BVH
Fra:1 Mem:64.79M (Peak 102.93M) | Time:00:00.16 | Mem:6.00M, Peak:6.00M | Scene, ViewLayer | Updating Geometry BVH common_kitchen_kitchen_counter_01_drw_p2_mesh 356/1029 | Building BVH
Fra:1 Mem:64.79M (Peak 102.93M) | Time:00:00.16 | Mem:6.02M, Peak:6.02M | Scene, ViewLayer | Updating Geometry BVH common_kitchen_kitchen_counter_01_drw_f3_mesh 357/1029 | Building BVH
Fra:1 Mem:64.79M (Peak 102.93M) | Time:00:00.16 | Mem:6.06M, Peak:6.06M | Scene, ViewLayer | Updating Geometry BVH A_living_dining_balcony_lounge_chair_01_seat_mesh 1015/1029 | Building BVH
Fra:1 Mem:64.79M (Peak 102.93M) | Time:00:00.16 | Mem:6.07M, Peak:6.07M | Scene, ViewLayer | Updating Geometry BVH common_kitchen_kitchen_counter_01_drw_p3_mesh 358/1029 | Building BVH
Fra:1 Mem:64.79M (Peak 102.93M) | Time:00:00.16 | Mem:6.07M, Peak:6.07M | Scene, ViewLayer | Updating Geometry BVH common_kitchen_kitchen_counter_01_drw_f4_mesh 359/1029 | Building BVH
Fra:1 Mem:64.79M (Peak 102.93M) | Time:00:00.16 | Mem:6.08M, Peak:6.08M | Scene, ViewLayer | Updating Geometry BVH common_kitchen_kitchen_counter_01_drw_p4_mesh 360/1029 | Building BVH
Fra:1 Mem:64.79M (Peak 102.93M) | Time:00:00.16 | Mem:6.08M, Peak:6.08M | Scene, ViewLayer | Updating Geometry BVH common_kitchen_hob_01_glass_mesh 361/1029 | Building BVH
Fra:1 Mem:64.79M (Peak 102.93M) | Time:00:00.16 | Mem:6.09M, Peak:6.09M | Scene, ViewLayer | Updating Geometry BVH common_kitchen_hob_01_burner0_mesh 362/1029 | Building BVH
Fra:1 Mem:64.79M (Peak 102.93M) | Time:00:00.16 | Mem:6.09M, Peak:6.09M | Scene, ViewLayer | Updating Geometry BVH common_kitchen_hob_01_burner1_mesh 363/1029 | Building BVH
Fra:1 Mem:64.79M (Peak 102.93M) | Time:00:00.16 | Mem:6.12M, Peak:6.12M | Scene, ViewLayer | Updating Geometry BVH common_kitchen_range_hood_01_topbox_mesh 364/1029 | Building BVH
Fra:1 Mem:64.79M (Peak 102.93M) | Time:00:00.16 | Mem:6.16M, Peak:6.16M | Scene, ViewLayer | Updating Geometry BVH common_kitchen_range_hood_01_slant_mesh 365/1029 | Building BVH
Fra:1 Mem:64.79M (Peak 102.93M) | Time:00:00.16 | Mem:6.16M, Peak:6.16M | Scene, ViewLayer | Updating Geometry BVH common_kitchen_cabinet_01_body_mesh 366/1029 | Building BVH
Fra:1 Mem:64.79M (Peak 102.93M) | Time:00:00.16 | Mem:6.16M, Peak:6.16M | Scene, ViewLayer | Updating Geometry BVH common_kitchen_cabinet_01_door_f0_mesh 367/1029 | Building BVH
Fra:1 Mem:64.79M (Peak 102.93M) | Time:00:00.16 | Mem:6.17M, Peak:6.17M | Scene, ViewLayer | Updating Geometry BVH common_kitchen_cabinet_01_door_p0_mesh 368/1029 | Building BVH
Fra:1 Mem:64.79M (Peak 102.93M) | Time:00:00.16 | Mem:6.20M, Peak:6.20M | Scene, ViewLayer | Updating Geometry BVH common_kitchen_cabinet_01_door_f1_mesh 369/1029 | Building BVH
Fra:1 Mem:64.79M (Peak 102.93M) | Time:00:00.16 | Mem:6.20M, Peak:6.20M | Scene, ViewLayer | Updating Geometry BVH common_kitchen_cabinet_01_door_p1_mesh 370/1029 | Building BVH
Fra:1 Mem:64.79M (Peak 102.93M) | Time:00:00.16 | Mem:6.20M, Peak:6.20M | Scene, ViewLayer | Updating Geometry BVH common_kitchen_cabinet_01_door_f2_mesh 371/1029 | Building BVH
Fra:1 Mem:64.79M (Peak 102.93M) | Time:00:00.16 | Mem:6.24M, Peak:6.25M | Scene, ViewLayer | Updating Geometry BVH common_kitchen_cabinet_01_door_p2_mesh 372/1029 | Building BVH
Fra:1 Mem:64.79M (Peak 102.93M) | Time:00:00.16 | Mem:6.24M, Peak:6.25M | Scene, ViewLayer | Updating Geometry BVH common_kitchen_cabinet_02_body_mesh 373/1029 | Building BVH
Fra:1 Mem:64.79M (Peak 102.93M) | Time:00:00.16 | Mem:6.25M, Peak:6.25M | Scene, ViewLayer | Updating Geometry BVH common_kitchen_cabinet_02_door_f0_mesh 374/1029 | Building BVH
Fra:1 Mem:64.79M (Peak 102.93M) | Time:00:00.16 | Mem:6.25M, Peak:6.25M | Scene, ViewLayer | Updating Geometry BVH common_kitchen_cabinet_02_door_p0_mesh 375/1029 | Building BVH
Fra:1 Mem:64.79M (Peak 102.93M) | Time:00:00.17 | Mem:6.26M, Peak:6.26M | Scene, ViewLayer | Updating Geometry BVH common_kitchen_cabinet_02_door_f1_mesh 376/1029 | Building BVH
Fra:1 Mem:64.79M (Peak 102.93M) | Time:00:00.17 | Mem:6.26M, Peak:6.26M | Scene, ViewLayer | Updating Geometry BVH common_kitchen_cabinet_02_door_p1_mesh 377/1029 | Building BVH
Fra:1 Mem:64.79M (Peak 102.93M) | Time:00:00.17 | Mem:6.29M, Peak:6.29M | Scene, ViewLayer | Updating Geometry BVH common_kitchen_cabinet_02_door_f2_mesh 378/1029 | Building BVH
Fra:1 Mem:64.79M (Peak 102.93M) | Time:00:00.17 | Mem:6.29M, Peak:6.29M | Scene, ViewLayer | Updating Geometry BVH common_kitchen_cabinet_02_door_p2_mesh 379/1029 | Building BVH
Fra:1 Mem:64.79M (Peak 102.93M) | Time:00:00.17 | Mem:6.29M, Peak:6.29M | Scene, ViewLayer | Updating Geometry BVH A_living_dining_balcony_floor_lamp_01_shade_mesh 1014/1029 | Building BVH
Fra:1 Mem:64.79M (Peak 102.93M) | Time:00:00.17 | Mem:6.31M, Peak:6.31M | Scene, ViewLayer | Updating Geometry BVH common_kitchen_glass_sliding_door_01_glass_mesh 380/1029 | Building BVH
Fra:1 Mem:64.79M (Peak 102.93M) | Time:00:00.17 | Mem:6.31M, Peak:6.31M | Scene, ViewLayer | Updating Geometry BVH common_kitchen_glass_sliding_door_01_stL_mesh 381/1029 | Building BVH
Fra:1 Mem:64.79M (Peak 102.93M) | Time:00:00.17 | Mem:6.31M, Peak:6.31M | Scene, ViewLayer | Updating Geometry BVH common_kitchen_glass_sliding_door_01_stR_mesh 382/1029 | Building BVH
Fra:1 Mem:64.79M (Peak 102.93M) | Time:00:00.17 | Mem:6.38M, Peak:6.38M | Scene, ViewLayer | Updating Geometry BVH common_kitchen_glass_sliding_door_01_stT_mesh 383/1029 | Building BVH
Fra:1 Mem:64.79M (Peak 102.93M) | Time:00:00.17 | Mem:6.38M, Peak:6.38M | Scene, ViewLayer | Updating Geometry BVH common_kitchen_glass_sliding_door_01_stB_mesh 384/1029 | Building BVH
Fra:1 Mem:64.79M (Peak 102.93M) | Time:00:00.17 | Mem:6.38M, Peak:6.38M | Scene, ViewLayer | Updating Geometry BVH common_living_dining_balcony_glass_sliding_door_01_glass_mesh 385/1029 | Building BVH
Fra:1 Mem:64.79M (Peak 102.93M) | Time:00:00.17 | Mem:6.38M, Peak:6.38M | Scene, ViewLayer | Updating Geometry BVH common_living_dining_balcony_glass_sliding_door_01_stL_mesh 386/1029 | Building BVH
Fra:1 Mem:64.79M (Peak 102.93M) | Time:00:00.17 | Mem:6.38M, Peak:6.38M | Scene, ViewLayer | Updating Geometry BVH common_living_dining_balcony_glass_sliding_door_01_stR_mesh 387/1029 | Building BVH
Fra:1 Mem:64.79M (Peak 102.93M) | Time:00:00.17 | Mem:6.40M, Peak:6.40M | Scene, ViewLayer | Updating Geometry BVH common_living_dining_balcony_glass_sliding_door_01_stT_mesh 388/1029 | Building BVH
Fra:1 Mem:64.79M (Peak 102.93M) | Time:00:00.17 | Mem:6.41M, Peak:6.41M | Scene, ViewLayer | Updating Geometry BVH common_living_dining_balcony_glass_sliding_door_01_stB_mesh 389/1029 | Building BVH
Fra:1 Mem:64.79M (Peak 102.93M) | Time:00:00.17 | Mem:6.44M, Peak:6.44M | Scene, ViewLayer | Updating Geometry BVH common_living_dining_balcony_glass_sliding_door_02_glass_mesh 390/1029 | Building BVH
Fra:1 Mem:64.79M (Peak 102.93M) | Time:00:00.17 | Mem:6.44M, Peak:6.44M | Scene, ViewLayer | Updating Geometry BVH common_living_dining_balcony_glass_sliding_door_02_stL_mesh 391/1029 | Building BVH
Fra:1 Mem:64.79M (Peak 102.93M) | Time:00:00.17 | Mem:6.44M, Peak:6.44M | Scene, ViewLayer | Updating Geometry BVH A_living_dining_balcony_floor_lamp_01_arm_mesh 1013/1029 | Building BVH
Fra:1 Mem:64.79M (Peak 102.93M) | Time:00:00.17 | Mem:6.45M, Peak:6.45M | Scene, ViewLayer | Updating Geometry BVH common_living_dining_balcony_glass_sliding_door_02_stT_mesh 393/1029 | Building BVH
Fra:1 Mem:64.79M (Peak 102.93M) | Time:00:00.17 | Mem:6.45M, Peak:6.45M | Scene, ViewLayer | Updating Geometry BVH common_living_dining_balcony_glass_sliding_door_02_stR_mesh 392/1029 | Building BVH
Fra:1 Mem:64.79M (Peak 102.93M) | Time:00:00.17 | Mem:6.46M, Peak:6.46M | Scene, ViewLayer | Updating Geometry BVH common_living_dining_balcony_glass_sliding_door_02_stB_mesh 394/1029 | Building BVH
Fra:1 Mem:64.79M (Peak 102.93M) | Time:00:00.17 | Mem:6.46M, Peak:6.46M | Scene, ViewLayer | Updating Geometry BVH common_kitchen_glass_sliding_door_02_glass_mesh 395/1029 | Building BVH
Fra:1 Mem:64.79M (Peak 102.93M) | Time:00:00.17 | Mem:6.47M, Peak:6.47M | Scene, ViewLayer | Updating Geometry BVH common_kitchen_glass_sliding_door_02_stL_mesh 396/1029 | Building BVH
Fra:1 Mem:64.79M (Peak 102.93M) | Time:00:00.17 | Mem:6.52M, Peak:6.52M | Scene, ViewLayer | Updating Geometry BVH common_kitchen_glass_sliding_door_02_stR_mesh 397/1029 | Building BVH
Fra:1 Mem:64.79M (Peak 102.93M) | Time:00:00.17 | Mem:6.51M, Peak:6.52M | Scene, ViewLayer | Updating Geometry BVH common_kitchen_glass_sliding_door_02_stT_mesh 398/1029 | Building BVH
Fra:1 Mem:64.79M (Peak 102.93M) | Time:00:00.17 | Mem:6.52M, Peak:6.52M | Scene, ViewLayer | Updating Geometry BVH common_kitchen_glass_sliding_door_02_stB_mesh 399/1029 | Building BVH
Fra:1 Mem:64.79M (Peak 102.93M) | Time:00:00.17 | Mem:6.53M, Peak:6.53M | Scene, ViewLayer | Updating Geometry BVH common_living_dining_balcony_fridge_01_body_mesh 400/1029 | Building BVH
Fra:1 Mem:64.79M (Peak 102.93M) | Time:00:00.17 | Mem:6.56M, Peak:6.56M | Scene, ViewLayer | Updating Geometry BVH common_living_dining_balcony_fridge_01_seamH_mesh 401/1029 | Building BVH
Fra:1 Mem:64.79M (Peak 102.93M) | Time:00:00.17 | Mem:6.56M, Peak:6.56M | Scene, ViewLayer | Updating Geometry BVH common_living_dining_balcony_fridge_01_seamV_mesh 402/1029 | Building BVH
Fra:1 Mem:64.79M (Peak 102.93M) | Time:00:00.17 | Mem:6.56M, Peak:6.56M | Scene, ViewLayer | Updating Geometry BVH common_living_dining_balcony_fridge_01_pullL_mesh 403/1029 | Building BVH
Fra:1 Mem:64.79M (Peak 102.93M) | Time:00:00.17 | Mem:6.57M, Peak:6.57M | Scene, ViewLayer | Updating Geometry BVH common_living_dining_balcony_fridge_01_pullU_mesh 404/1029 | Building BVH
Fra:1 Mem:64.79M (Peak 102.93M) | Time:00:00.17 | Mem:6.57M, Peak:6.57M | Scene, ViewLayer | Updating Geometry BVH common_living_dining_balcony_cabinet_01_body_mesh 405/1029 | Building BVH
Fra:1 Mem:64.79M (Peak 102.93M) | Time:00:00.17 | Mem:6.58M, Peak:6.58M | Scene, ViewLayer | Updating Geometry BVH common_living_dining_balcony_cabinet_01_door_f0_mesh 406/1029 | Building BVH
Fra:1 Mem:64.79M (Peak 102.93M) | Time:00:00.17 | Mem:6.60M, Peak:6.60M | Scene, ViewLayer | Updating Geometry BVH common_living_dining_balcony_cabinet_01_door_p0_mesh 407/1029 | Building BVH
Fra:1 Mem:64.79M (Peak 102.93M) | Time:00:00.17 | Mem:6.63M, Peak:6.63M | Scene, ViewLayer | Updating Geometry BVH common_living_dining_balcony_cabinet_01_door_f1_mesh 408/1029 | Building BVH
Fra:1 Mem:64.79M (Peak 102.93M) | Time:00:00.17 | Mem:6.63M, Peak:6.63M | Scene, ViewLayer | Updating Geometry BVH common_living_dining_balcony_cabinet_01_door_p1_mesh 409/1029 | Building BVH
Fra:1 Mem:64.79M (Peak 102.93M) | Time:00:00.17 | Mem:6.63M, Peak:6.63M | Scene, ViewLayer | Updating Geometry BVH common_foyer_cabinet_01_door_f0_mesh 411/1029 | Building BVH
Fra:1 Mem:64.79M (Peak 102.93M) | Time:00:00.17 | Mem:6.63M, Peak:6.63M | Scene, ViewLayer | Updating Geometry BVH common_foyer_cabinet_01_door_p0_mesh 412/1029 | Building BVH
Fra:1 Mem:64.79M (Peak 102.93M) | Time:00:00.17 | Mem:6.64M, Peak:6.64M | Scene, ViewLayer | Updating Geometry BVH common_foyer_cabinet_01_door_f1_mesh 413/1029 | Building BVH
Fra:1 Mem:64.79M (Peak 102.93M) | Time:00:00.17 | Mem:6.64M, Peak:6.64M | Scene, ViewLayer | Updating Geometry BVH common_foyer_cabinet_01_door_p1_mesh 414/1029 | Building BVH
Fra:1 Mem:64.79M (Peak 102.93M) | Time:00:00.17 | Mem:6.68M, Peak:6.68M | Scene, ViewLayer | Updating Geometry BVH common_foyer_cabinet_01_door_f2_mesh 415/1029 | Building BVH
Fra:1 Mem:64.79M (Peak 102.93M) | Time:00:00.17 | Mem:6.69M, Peak:6.69M | Scene, ViewLayer | Updating Geometry BVH common_foyer_cabinet_01_door_p2_mesh 416/1029 | Building BVH
Fra:1 Mem:64.79M (Peak 102.93M) | Time:00:00.17 | Mem:6.71M, Peak:6.71M | Scene, ViewLayer | Updating Geometry BVH common_foyer_open_niche_01_back_mesh 417/1029 | Building BVH
Fra:1 Mem:64.79M (Peak 102.93M) | Time:00:00.17 | Mem:6.74M, Peak:6.74M | Scene, ViewLayer | Updating Geometry BVH common_foyer_open_niche_01_cheek0_mesh 418/1029 | Building BVH
Fra:1 Mem:64.79M (Peak 102.93M) | Time:00:00.17 | Mem:6.74M, Peak:6.74M | Scene, ViewLayer | Updating Geometry BVH common_foyer_open_niche_01_cheek1_mesh 419/1029 | Building BVH
Fra:1 Mem:64.79M (Peak 102.93M) | Time:00:00.17 | Mem:6.75M, Peak:6.75M | Scene, ViewLayer | Updating Geometry BVH common_foyer_open_niche_01_top_mesh 420/1029 | Building BVH
Fra:1 Mem:64.79M (Peak 102.93M) | Time:00:00.17 | Mem:6.74M, Peak:6.75M | Scene, ViewLayer | Updating Geometry BVH common_foyer_open_niche_01_bottom_mesh 421/1029 | Building BVH
Fra:1 Mem:64.79M (Peak 102.93M) | Time:00:00.17 | Mem:6.74M, Peak:6.75M | Scene, ViewLayer | Updating Geometry BVH common_foyer_open_niche_01_sh0_mesh 422/1029 | Building BVH
Fra:1 Mem:64.79M (Peak 102.93M) | Time:00:00.17 | Mem:6.74M, Peak:6.75M | Scene, ViewLayer | Updating Geometry BVH A_living_dining_balcony_floor_lamp_01_pole_mesh 1012/1029 | Building BVH
Fra:1 Mem:64.79M (Peak 102.93M) | Time:00:00.17 | Mem:6.79M, Peak:6.79M | Scene, ViewLayer | Updating Geometry BVH common_foyer_cabinet_02_body_mesh 423/1029 | Building BVH
Fra:1 Mem:64.79M (Peak 102.93M) | Time:00:00.17 | Mem:6.81M, Peak:6.81M | Scene, ViewLayer | Updating Geometry BVH common_foyer_cabinet_02_door_f0_mesh 424/1029 | Building BVH
Fra:1 Mem:64.79M (Peak 102.93M) | Time:00:00.17 | Mem:6.81M, Peak:6.81M | Scene, ViewLayer | Updating Geometry BVH common_foyer_cabinet_02_door_p0_mesh 425/1029 | Building BVH
Fra:1 Mem:64.79M (Peak 102.93M) | Time:00:00.17 | Mem:6.83M, Peak:6.83M | Scene, ViewLayer | Updating Geometry BVH common_foyer_cabinet_02_door_f1_mesh 426/1029 | Building BVH
Fra:1 Mem:64.79M (Peak 102.93M) | Time:00:00.17 | Mem:6.86M, Peak:6.86M | Scene, ViewLayer | Updating Geometry BVH common_foyer_cabinet_02_door_p1_mesh 427/1029 | Building BVH
Fra:1 Mem:64.79M (Peak 102.93M) | Time:00:00.17 | Mem:6.86M, Peak:6.86M | Scene, ViewLayer | Updating Geometry BVH common_foyer_cabinet_02_door_f2_mesh 428/1029 | Building BVH
Fra:1 Mem:64.79M (Peak 102.93M) | Time:00:00.17 | Mem:6.86M, Peak:6.86M | Scene, ViewLayer | Updating Geometry BVH common_foyer_cabinet_02_door_p2_mesh 429/1029 | Building BVH
Fra:1 Mem:64.79M (Peak 102.93M) | Time:00:00.17 | Mem:6.85M, Peak:6.86M | Scene, ViewLayer | Updating Geometry BVH common_foyer_mirror_door_01_mirror_mesh 430/1029 | Building BVH
Fra:1 Mem:64.79M (Peak 102.93M) | Time:00:00.17 | Mem:6.85M, Peak:6.86M | Scene, ViewLayer | Updating Geometry BVH common_foyer_mirror_door_01_fr0_mesh 431/1029 | Building BVH
Fra:1 Mem:64.79M (Peak 102.93M) | Time:00:00.17 | Mem:6.86M, Peak:6.86M | Scene, ViewLayer | Updating Geometry BVH common_foyer_mirror_door_01_fr1_mesh 432/1029 | Building BVH
Fra:1 Mem:64.79M (Peak 102.93M) | Time:00:00.17 | Mem:6.89M, Peak:6.89M | Scene, ViewLayer | Updating Geometry BVH common_foyer_mirror_door_01_fr2_mesh 433/1029 | Building BVH
Fra:1 Mem:64.79M (Peak 102.93M) | Time:00:00.17 | Mem:6.91M, Peak:6.91M | Scene, ViewLayer | Updating Geometry BVH common_foyer_mirror_door_01_fr3_mesh 434/1029 | Building BVH
Fra:1 Mem:64.79M (Peak 102.93M) | Time:00:00.17 | Mem:6.94M, Peak:6.94M | Scene, ViewLayer | Updating Geometry BVH common_foyer_mirror_door_01_pull_mesh 435/1029 | Building BVH
Fra:1 Mem:64.79M (Peak 102.93M) | Time:00:00.17 | Mem:6.94M, Peak:6.94M | Scene, ViewLayer | Updating Geometry BVH common_elevator_hall_cabinet_01_body_mesh 436/1029 | Building BVH
Fra:1 Mem:64.79M (Peak 102.93M) | Time:00:00.17 | Mem:6.93M, Peak:6.94M | Scene, ViewLayer | Updating Geometry BVH A_living_dining_balcony_tv_01_screen_mesh 1011/1029 | Building BVH
Fra:1 Mem:64.79M (Peak 102.93M) | Time:00:00.17 | Mem:6.93M, Peak:6.94M | Scene, ViewLayer | Updating Geometry BVH common_living_dining_balcony_bookcase_01_body_mesh 439/1029 | Building BVH
Fra:1 Mem:64.79M (Peak 102.93M) | Time:00:00.17 | Mem:6.94M, Peak:6.94M | Scene, ViewLayer | Updating Geometry BVH common_living_dining_balcony_bookcase_01_drw_f0_mesh 440/1029 | Building BVH
Fra:1 Mem:64.79M (Peak 102.93M) | Time:00:00.17 | Mem:6.94M, Peak:6.94M | Scene, ViewLayer | Updating Geometry BVH common_living_dining_balcony_bookcase_01_drw_p0_mesh 441/1029 | Building BVH
Fra:1 Mem:64.79M (Peak 102.93M) | Time:00:00.17 | Mem:6.94M, Peak:6.94M | Scene, ViewLayer | Updating Geometry BVH common_living_dining_balcony_bookcase_01_drw_f1_mesh 442/1029 | Building BVH
Fra:1 Mem:64.79M (Peak 102.93M) | Time:00:00.17 | Mem:6.97M, Peak:6.97M | Scene, ViewLayer | Updating Geometry BVH common_living_dining_balcony_bookcase_01_drw_p1_mesh 443/1029 | Building BVH
Fra:1 Mem:64.79M (Peak 102.93M) | Time:00:00.17 | Mem:6.97M, Peak:6.97M | Scene, ViewLayer | Updating Geometry BVH common_living_dining_balcony_bookcase_01_drw_f2_mesh 444/1029 | Building BVH
Fra:1 Mem:64.79M (Peak 102.93M) | Time:00:00.17 | Mem:7.03M, Peak:7.03M | Scene, ViewLayer | Updating Geometry BVH common_living_dining_balcony_bookcase_01_drw_p2_mesh 445/1029 | Building BVH
Fra:1 Mem:64.79M (Peak 102.93M) | Time:00:00.17 | Mem:7.08M, Peak:7.08M | Scene, ViewLayer | Updating Geometry BVH common_living_dining_balcony_bookcase_01_drw_f3_mesh 446/1029 | Building BVH
Fra:1 Mem:64.79M (Peak 102.93M) | Time:00:00.17 | Mem:7.08M, Peak:7.08M | Scene, ViewLayer | Updating Geometry BVH common_living_dining_balcony_bookcase_01_drw_p3_mesh 447/1029 | Building BVH
Fra:1 Mem:64.79M (Peak 102.93M) | Time:00:00.17 | Mem:7.10M, Peak:7.11M | Scene, ViewLayer | Updating Geometry BVH common_living_dining_balcony_bookcase_02_body_mesh 448/1029 | Building BVH
Fra:1 Mem:64.79M (Peak 102.93M) | Time:00:00.17 | Mem:7.11M, Peak:7.11M | Scene, ViewLayer | Updating Geometry BVH common_living_dining_balcony_bookcase_02_doorS_f0_mesh 449/1029 | Building BVH
Fra:1 Mem:64.79M (Peak 102.93M) | Time:00:00.17 | Mem:7.11M, Peak:7.11M | Scene, ViewLayer | Updating Geometry BVH common_living_dining_balcony_bookcase_02_doorS_p0_mesh 450/1029 | Building BVH
Fra:1 Mem:64.79M (Peak 102.93M) | Time:00:00.17 | Mem:7.11M, Peak:7.11M | Scene, ViewLayer | Updating Geometry BVH common_living_dining_balcony_bookcase_02_niceline_mesh 451/1029 | Building BVH
Fra:1 Mem:64.79M (Peak 102.93M) | Time:00:00.17 | Mem:7.13M, Peak:7.13M | Scene, ViewLayer | Updating Geometry BVH common_living_dining_balcony_bookcase_02_nsh0_mesh 452/1029 | Building BVH
Fra:1 Mem:64.79M (Peak 102.93M) | Time:00:00.17 | Mem:7.15M, Peak:7.15M | Scene, ViewLayer | Updating Geometry BVH common_living_dining_balcony_bookcase_02_nsh1_mesh 453/1029 | Building BVH
Fra:1 Mem:64.79M (Peak 102.93M) | Time:00:00.17 | Mem:7.15M, Peak:7.15M | Scene, ViewLayer | Updating Geometry BVH common_living_dining_balcony_bookcase_02_nsh2_mesh 454/1029 | Building BVH
Fra:1 Mem:64.79M (Peak 102.93M) | Time:00:00.17 | Mem:7.15M, Peak:7.15M | Scene, ViewLayer | Updating Geometry BVH common_living_dining_balcony_bookcase_02_nsh3_mesh 455/1029 | Building BVH
Fra:1 Mem:64.79M (Peak 102.93M) | Time:00:00.17 | Mem:7.16M, Peak:7.16M | Scene, ViewLayer | Updating Geometry BVH common_living_dining_balcony_bookcase_02_doorN_f0_mesh 456/1029 | Building BVH
Fra:1 Mem:64.79M (Peak 102.93M) | Time:00:00.17 | Mem:7.16M, Peak:7.16M | Scene, ViewLayer | Updating Geometry BVH common_living_dining_balcony_laundry_cabinet_01_body_mesh 457/1029 | Building BVH
Fra:1 Mem:64.79M (Peak 102.93M) | Time:00:00.17 | Mem:7.20M, Peak:7.21M | Scene, ViewLayer | Updating Geometry BVH common_living_dining_balcony_laundry_cabinet_01_door_f0_mesh 458/1029 | Building BVH
Fra:1 Mem:64.79M (Peak 102.93M) | Time:00:00.17 | Mem:7.21M, Peak:7.21M | Scene, ViewLayer | Updating Geometry BVH common_living_dining_balcony_laundry_cabinet_01_door_p0_mesh 459/1029 | Building BVH
Fra:1 Mem:64.79M (Peak 102.93M) | Time:00:00.17 | Mem:7.20M, Peak:7.21M | Scene, ViewLayer | Updating Geometry BVH common_living_dining_balcony_laundry_cabinet_01_door_f1_mesh 460/1029 | Building BVH
Fra:1 Mem:64.79M (Peak 102.93M) | Time:00:00.17 | Mem:7.20M, Peak:7.21M | Scene, ViewLayer | Updating Geometry BVH common_living_dining_balcony_laundry_cabinet_01_door_p1_mesh 461/1029 | Building BVH
Fra:1 Mem:64.79M (Peak 102.93M) | Time:00:00.17 | Mem:7.20M, Peak:7.21M | Scene, ViewLayer | Updating Geometry BVH common_master_bedroom_open_niche_01_back_mesh 462/1029 | Building BVH
Fra:1 Mem:64.79M (Peak 102.93M) | Time:00:00.17 | Mem:7.21M, Peak:7.21M | Scene, ViewLayer | Updating Geometry BVH common_master_bedroom_open_niche_01_cheek0_mesh 463/1029 | Building BVH
Fra:1 Mem:64.79M (Peak 102.93M) | Time:00:00.17 | Mem:7.27M, Peak:7.27M | Scene, ViewLayer | Updating Geometry BVH common_master_bedroom_open_niche_01_cheek1_mesh 464/1029 | Building BVH
Fra:1 Mem:64.79M (Peak 102.93M) | Time:00:00.17 | Mem:7.27M, Peak:7.27M | Scene, ViewLayer | Updating Geometry BVH common_master_bedroom_open_niche_01_top_mesh 465/1029 | Building BVH
Fra:1 Mem:64.79M (Peak 102.93M) | Time:00:00.17 | Mem:7.28M, Peak:7.28M | Scene, ViewLayer | Updating Geometry BVH common_master_bedroom_open_niche_01_bottom_mesh 466/1029 | Building BVH
Fra:1 Mem:64.79M (Peak 102.93M) | Time:00:00.17 | Mem:7.28M, Peak:7.28M | Scene, ViewLayer | Updating Geometry BVH common_master_bedroom_open_niche_01_sh0_mesh 467/1029 | Building BVH
Fra:1 Mem:64.79M (Peak 102.93M) | Time:00:00.17 | Mem:7.28M, Peak:7.28M | Scene, ViewLayer | Updating Geometry BVH common_master_bedroom_open_niche_01_sh1_mesh 468/1029 | Building BVH
Fra:1 Mem:64.79M (Peak 102.93M) | Time:00:00.17 | Mem:7.31M, Peak:7.31M | Scene, ViewLayer | Updating Geometry BVH common_master_bedroom_open_niche_01_sh2_mesh 469/1029 | Building BVH
Fra:1 Mem:64.79M (Peak 102.93M) | Time:00:00.17 | Mem:7.31M, Peak:7.31M | Scene, ViewLayer | Updating Geometry BVH common_master_bath_vanity_01_cab_mesh 470/1029 | Building BVH
Fra:1 Mem:64.79M (Peak 102.93M) | Time:00:00.17 | Mem:7.31M, Peak:7.31M | Scene, ViewLayer | Updating Geometry BVH common_master_bath_vanity_01_top_mesh 471/1029 | Building BVH
Fra:1 Mem:64.79M (Peak 102.93M) | Time:00:00.17 | Mem:7.32M, Peak:7.32M | Scene, ViewLayer | Updating Geometry BVH A_living_dining_balcony_rug_01_border3_mesh 1010/1029 | Building BVH
Fra:1 Mem:64.79M (Peak 102.93M) | Time:00:00.17 | Mem:7.34M, Peak:7.34M | Scene, ViewLayer | Updating Geometry BVH common_master_bath_vanity_01_drw_f0_mesh 472/1029 | Building BVH
Fra:1 Mem:64.79M (Peak 102.93M) | Time:00:00.17 | Mem:7.35M, Peak:7.35M | Scene, ViewLayer | Updating Geometry BVH common_master_bath_vanity_01_drw_p0_mesh 473/1029 | Building BVH
Fra:1 Mem:64.79M (Peak 102.93M) | Time:00:00.17 | Mem:7.35M, Peak:7.35M | Scene, ViewLayer | Updating Geometry BVH common_master_bath_vanity_01_drw_f1_mesh 474/1029 | Building BVH
Fra:1 Mem:64.79M (Peak 102.93M) | Time:00:00.17 | Mem:7.36M, Peak:7.36M | Scene, ViewLayer | Updating Geometry BVH common_master_bath_vanity_01_drw_p1_mesh 475/1029 | Building BVH
Fra:1 Mem:64.79M (Peak 102.93M) | Time:00:00.17 | Mem:7.36M, Peak:7.36M | Scene, ViewLayer | Updating Geometry BVH common_master_bath_vanity_01_basin_mesh 476/1029 | Building BVH
Fra:1 Mem:64.79M (Peak 102.93M) | Time:00:00.17 | Mem:7.36M, Peak:7.36M | Scene, ViewLayer | Updating Geometry BVH common_master_bath_mirror_cabinet_01_body_mesh 477/1029 | Building BVH
Fra:1 Mem:64.79M (Peak 102.93M) | Time:00:00.17 | Mem:7.36M, Peak:7.36M | Scene, ViewLayer | Updating Geometry BVH common_master_bath_toilet_01_base_mesh 479/1029 | Building BVH
Fra:1 Mem:64.79M (Peak 102.93M) | Time:00:00.17 | Mem:7.38M, Peak:7.38M | Scene, ViewLayer | Updating Geometry BVH common_master_bath_toilet_01_seat_mesh 480/1029 | Building BVH
Fra:1 Mem:64.79M (Peak 102.93M) | Time:00:00.17 | Mem:7.40M, Peak:7.40M | Scene, ViewLayer | Updating Geometry BVH common_master_bath_glass_partition_01_fr0_mesh 482/1029 | Building BVH
Fra:1 Mem:64.79M (Peak 102.93M) | Time:00:00.17 | Mem:7.41M, Peak:7.41M | Scene, ViewLayer | Updating Geometry BVH common_master_bath_glass_partition_01_fr2_mesh 484/1029 | Building BVH
Fra:1 Mem:64.79M (Peak 102.93M) | Time:00:00.17 | Mem:7.41M, Peak:7.41M | Scene, ViewLayer | Updating Geometry BVH common_master_bath_glass_partition_01_fr3_mesh 485/1029 | Building BVH
Fra:1 Mem:64.79M (Peak 102.93M) | Time:00:00.17 | Mem:7.53M, Peak:7.53M | Scene, ViewLayer | Updating Geometry BVH common_master_bath_glass_partition_01_fr4_mesh 486/1029 | Building BVH
Fra:1 Mem:64.79M (Peak 102.93M) | Time:00:00.18 | Mem:7.53M, Peak:7.53M | Scene, ViewLayer | Updating Geometry BVH common_master_bath_shower_floor_01_pan_mesh 487/1029 | Building BVH
Fra:1 Mem:64.79M (Peak 102.93M) | Time:00:00.18 | Mem:7.53M, Peak:7.53M | Scene, ViewLayer | Updating Geometry BVH common_master_bath_shower_floor_01_drain_mesh 488/1029 | Building BVH
Fra:1 Mem:64.79M (Peak 102.93M) | Time:00:00.18 | Mem:7.54M, Peak:7.54M | Scene, ViewLayer | Updating Geometry BVH common_corridor_vanity_01_cab_mesh 489/1029 | Building BVH
Fra:1 Mem:64.79M (Peak 102.93M) | Time:00:00.18 | Mem:7.54M, Peak:7.54M | Scene, ViewLayer | Updating Geometry BVH common_corridor_vanity_01_top_mesh 490/1029 | Building BVH
Fra:1 Mem:64.79M (Peak 102.93M) | Time:00:00.18 | Mem:7.55M, Peak:7.55M | Scene, ViewLayer | Updating Geometry BVH common_corridor_vanity_01_drw_f0_mesh 491/1029 | Building BVH
Fra:1 Mem:64.79M (Peak 102.93M) | Time:00:00.18 | Mem:7.55M, Peak:7.55M | Scene, ViewLayer | Updating Geometry BVH common_corridor_vanity_01_drw_p0_mesh 492/1029 | Building BVH
Fra:1 Mem:64.79M (Peak 102.93M) | Time:00:00.18 | Mem:7.56M, Peak:7.56M | Scene, ViewLayer | Updating Geometry BVH common_corridor_vanity_01_drw_f1_mesh 493/1029 | Building BVH
Fra:1 Mem:64.79M (Peak 102.93M) | Time:00:00.18 | Mem:7.61M, Peak:7.61M | Scene, ViewLayer | Updating Geometry BVH common_corridor_vanity_01_drw_p1_mesh 494/1029 | Building BVH
Fra:1 Mem:64.79M (Peak 102.93M) | Time:00:00.18 | Mem:7.62M, Peak:7.63M | Scene, ViewLayer | Updating Geometry BVH common_corridor_vanity_01_drw_f2_mesh 495/1029 | Building BVH
Fra:1 Mem:64.79M (Peak 102.93M) | Time:00:00.18 | Mem:7.62M, Peak:7.63M | Scene, ViewLayer | Updating Geometry BVH A_living_dining_balcony_rug_01_border2_mesh 1009/1029 | Building BVH
Fra:1 Mem:64.79M (Peak 102.93M) | Time:00:00.18 | Mem:7.65M, Peak:7.65M | Scene, ViewLayer | Updating Geometry BVH common_corridor_vanity_01_drw_p2_mesh 496/1029 | Building BVH
Fra:1 Mem:64.79M (Peak 102.93M) | Time:00:00.18 | Mem:7.65M, Peak:7.65M | Scene, ViewLayer | Updating Geometry BVH common_corridor_vanity_01_basin0_mesh 497/1029 | Building BVH
Fra:1 Mem:64.79M (Peak 102.93M) | Time:00:00.18 | Mem:7.65M, Peak:7.65M | Scene, ViewLayer | Updating Geometry BVH common_corridor_vanity_01_basin1_mesh 498/1029 | Building BVH
Fra:1 Mem:64.79M (Peak 102.93M) | Time:00:00.18 | Mem:7.65M, Peak:7.65M | Scene, ViewLayer | Updating Geometry BVH common_corridor_mirror_cabinet_01_body_mesh 499/1029 | Building BVH
Fra:1 Mem:64.79M (Peak 102.93M) | Time:00:00.18 | Mem:7.65M, Peak:7.65M | Scene, ViewLayer | Updating Geometry BVH common_corridor_mirror_cabinet_01_mir_f0_mesh 500/1029 | Building BVH
Fra:1 Mem:64.79M (Peak 102.93M) | Time:00:00.18 | Mem:7.66M, Peak:7.66M | Scene, ViewLayer | Updating Geometry BVH common_corridor_mirror_cabinet_01_mir_f1_mesh 501/1029 | Building BVH
Fra:1 Mem:64.79M (Peak 102.93M) | Time:00:00.18 | Mem:7.66M, Peak:7.66M | Scene, ViewLayer | Updating Geometry BVH common_public_bath_wet_shower_floor_01_pan_mesh 502/1029 | Building BVH
Fra:1 Mem:64.79M (Peak 102.93M) | Time:00:00.18 | Mem:7.68M, Peak:7.68M | Scene, ViewLayer | Updating Geometry BVH common_public_bath_wet_shower_floor_01_drain_mesh 503/1029 | Building BVH
Fra:1 Mem:64.79M (Peak 102.93M) | Time:00:00.18 | Mem:7.71M, Peak:7.71M | Scene, ViewLayer | Updating Geometry BVH common_public_bath_wet_glass_partition_01_fr0_mesh 504/1029 | Building BVH
Fra:1 Mem:64.79M (Peak 102.93M) | Time:00:00.18 | Mem:7.71M, Peak:7.71M | Scene, ViewLayer | Updating Geometry BVH common_public_bath_wet_glass_partition_01_fr1_mesh 505/1029 | Building BVH
Fra:1 Mem:64.79M (Peak 102.93M) | Time:00:00.18 | Mem:7.71M, Peak:7.71M | Scene, ViewLayer | Updating Geometry BVH common_public_bath_wet_glass_partition_01_fr2_mesh 506/1029 | Building BVH
Fra:1 Mem:64.79M (Peak 102.93M) | Time:00:00.18 | Mem:7.73M, Peak:7.73M | Scene, ViewLayer | Updating Geometry BVH common_public_bath_wet_glass_partition_01_fr3_mesh 507/1029 | Building BVH
Fra:1 Mem:64.79M (Peak 102.93M) | Time:00:00.18 | Mem:7.77M, Peak:7.77M | Scene, ViewLayer | Updating Geometry BVH common_public_bath_wet_glass_partition_01_fr4_mesh 508/1029 | Building BVH
Fra:1 Mem:64.79M (Peak 102.93M) | Time:00:00.18 | Mem:7.77M, Peak:7.77M | Scene, ViewLayer | Updating Geometry BVH common_public_bath_wet_toilet_01_base_mesh 509/1029 | Building BVH
Fra:1 Mem:64.79M (Peak 102.93M) | Time:00:00.18 | Mem:7.77M, Peak:7.77M | Scene, ViewLayer | Updating Geometry BVH common_public_bath_wet_toilet_01_seat_mesh 510/1029 | Building BVH
Fra:1 Mem:64.79M (Peak 102.93M) | Time:00:00.18 | Mem:7.78M, Peak:7.78M | Scene, ViewLayer | Updating Geometry BVH common_public_bath_wet_toilet_01_tank_mesh 511/1029 | Building BVH
Fra:1 Mem:64.79M (Peak 102.93M) | Time:00:00.18 | Mem:7.78M, Peak:7.78M | Scene, ViewLayer | Updating Geometry BVH common_master_bedroom_screen_01_slat00_mesh 512/1029 | Building BVH
Fra:1 Mem:64.79M (Peak 102.93M) | Time:00:00.18 | Mem:7.83M, Peak:7.83M | Scene, ViewLayer | Updating Geometry BVH common_master_bedroom_screen_01_slat01_mesh 513/1029 | Building BVH
Fra:1 Mem:64.79M (Peak 102.93M) | Time:00:00.18 | Mem:7.86M, Peak:7.86M | Scene, ViewLayer | Updating Geometry BVH common_master_bedroom_screen_01_slat02_mesh 514/1029 | Building BVH
Fra:1 Mem:64.79M (Peak 102.93M) | Time:00:00.18 | Mem:7.86M, Peak:7.86M | Scene, ViewLayer | Updating Geometry BVH common_master_bedroom_screen_01_slat03_mesh 515/1029 | Building BVH
Fra:1 Mem:64.79M (Peak 102.93M) | Time:00:00.18 | Mem:7.86M, Peak:7.86M | Scene, ViewLayer | Updating Geometry BVH common_master_bedroom_screen_01_slat04_mesh 516/1029 | Building BVH
Fra:1 Mem:64.79M (Peak 102.93M) | Time:00:00.18 | Mem:7.87M, Peak:7.87M | Scene, ViewLayer | Updating Geometry BVH common_master_bedroom_screen_01_slat05_mesh 517/1029 | Building BVH
Fra:1 Mem:64.79M (Peak 102.93M) | Time:00:00.18 | Mem:7.87M, Peak:7.87M | Scene, ViewLayer | Updating Geometry BVH common_master_bedroom_screen_01_slat06_mesh 518/1029 | Building BVH
Fra:1 Mem:64.79M (Peak 102.93M) | Time:00:00.18 | Mem:7.91M, Peak:7.91M | Scene, ViewLayer | Updating Geometry BVH common_master_bedroom_screen_01_slat07_mesh 519/1029 | Building BVH
Fra:1 Mem:64.79M (Peak 102.93M) | Time:00:00.18 | Mem:7.90M, Peak:7.91M | Scene, ViewLayer | Updating Geometry BVH common_master_bedroom_screen_01_slat08_mesh 520/1029 | Building BVH
Fra:1 Mem:64.79M (Peak 102.93M) | Time:00:00.18 | Mem:7.91M, Peak:7.91M | Scene, ViewLayer | Updating Geometry BVH common_master_bedroom_screen_01_slat12_mesh 524/1029 | Building BVH
Fra:1 Mem:64.79M (Peak 102.93M) | Time:00:00.18 | Mem:7.95M, Peak:7.95M | Scene, ViewLayer | Updating Geometry BVH A_living_dining_balcony_rug_01_border1_mesh 1008/1029 | Building BVH
Fra:1 Mem:64.79M (Peak 102.93M) | Time:00:00.18 | Mem:7.95M, Peak:7.96M | Scene, ViewLayer | Updating Geometry BVH common_master_bedroom_screen_01_slat14_mesh 526/1029 | Building BVH
Fra:1 Mem:64.79M (Peak 102.93M) | Time:00:00.18 | Mem:7.97M, Peak:7.97M | Scene, ViewLayer | Updating Geometry BVH common_master_bedroom_screen_01_slat15_mesh 527/1029 | Building BVH
Fra:1 Mem:64.79M (Peak 102.93M) | Time:00:00.18 | Mem:8.03M, Peak:8.03M | Scene, ViewLayer | Updating Geometry BVH common_master_bedroom_screen_01_slat16_mesh 528/1029 | Building BVH
Fra:1 Mem:64.79M (Peak 102.93M) | Time:00:00.18 | Mem:8.05M, Peak:8.05M | Scene, ViewLayer | Updating Geometry BVH common_master_bedroom_screen_01_slat17_mesh 529/1029 | Building BVH
Fra:1 Mem:64.79M (Peak 102.93M) | Time:00:00.18 | Mem:8.12M, Peak:8.12M | Scene, ViewLayer | Updating Geometry BVH common_master_bedroom_screen_01_slat18_mesh 530/1029 | Building BVH
Fra:1 Mem:64.79M (Peak 102.93M) | Time:00:00.18 | Mem:8.14M, Peak:8.15M | Scene, ViewLayer | Updating Geometry BVH common_master_bedroom_screen_01_cap_mesh 531/1029 | Building BVH
Fra:1 Mem:64.79M (Peak 102.93M) | Time:00:00.18 | Mem:8.14M, Peak:8.15M | Scene, ViewLayer | Updating Geometry BVH A_living_dining_balcony_rug_01_border0_mesh 1007/1029 | Building BVH
Fra:1 Mem:64.79M (Peak 102.93M) | Time:00:00.18 | Mem:8.14M, Peak:8.15M | Scene, ViewLayer | Updating Geometry BVH common_foyer_stool_01_pad_mesh 532/1029 | Building BVH
Fra:1 Mem:64.79M (Peak 102.93M) | Time:00:00.18 | Mem:8.14M, Peak:8.15M | Scene, ViewLayer | Updating Geometry BVH common_foyer_stool_01_leg0_mesh 533/1029 | Building BVH
Fra:1 Mem:64.79M (Peak 102.93M) | Time:00:00.18 | Mem:8.15M, Peak:8.15M | Scene, ViewLayer | Updating Geometry BVH common_foyer_stool_01_leg1_mesh 534/1029 | Building BVH
Fra:1 Mem:64.79M (Peak 102.93M) | Time:00:00.18 | Mem:8.15M, Peak:8.15M | Scene, ViewLayer | Updating Geometry BVH common_foyer_stool_01_leg2_mesh 535/1029 | Building BVH
Fra:1 Mem:64.79M (Peak 102.93M) | Time:00:00.18 | Mem:8.15M, Peak:8.15M | Scene, ViewLayer | Updating Geometry BVH common_foyer_stool_01_leg3_mesh 536/1029 | Building BVH
Fra:1 Mem:64.79M (Peak 102.93M) | Time:00:00.18 | Mem:8.17M, Peak:8.17M | Scene, ViewLayer | Updating Geometry BVH common_living_dining_balcony_plant_01_stem_mesh 537/1029 | Building BVH
Fra:1 Mem:64.79M (Peak 102.93M) | Time:00:00.18 | Mem:8.17M, Peak:8.17M | Scene, ViewLayer | Updating Geometry BVH common_living_dining_balcony_plant_01_leaf0_mesh 538/1029 | Building BVH
Fra:1 Mem:64.79M (Peak 102.93M) | Time:00:00.18 | Mem:8.17M, Peak:8.17M | Scene, ViewLayer | Updating Geometry BVH common_living_dining_balcony_plant_01_leaf1_mesh 539/1029 | Building BVH
Fra:1 Mem:64.79M (Peak 102.93M) | Time:00:00.18 | Mem:8.20M, Peak:8.20M | Scene, ViewLayer | Updating Geometry BVH common_living_dining_balcony_plant_01_leaf2_mesh 540/1029 | Building BVH
Fra:1 Mem:64.79M (Peak 102.93M) | Time:00:00.18 | Mem:8.20M, Peak:8.20M | Scene, ViewLayer | Updating Geometry BVH common_living_dining_balcony_plant_01_leaf3_mesh 541/1029 | Building BVH
Fra:1 Mem:64.79M (Peak 102.93M) | Time:00:00.18 | Mem:8.20M, Peak:8.20M | Scene, ViewLayer | Updating Geometry BVH common_living_dining_balcony_plant_01_leaf4_mesh 542/1029 | Building BVH
Fra:1 Mem:64.79M (Peak 102.93M) | Time:00:00.18 | Mem:8.21M, Peak:8.21M | Scene, ViewLayer | Updating Geometry BVH common_living_dining_balcony_plant_01_leaf5_mesh 543/1029 | Building BVH
Fra:1 Mem:64.79M (Peak 102.93M) | Time:00:00.18 | Mem:8.27M, Peak:8.28M | Scene, ViewLayer | Updating Geometry BVH common_living_dining_balcony_plant_01_leaf6_mesh 544/1029 | Building BVH
Fra:1 Mem:64.79M (Peak 102.93M) | Time:00:00.18 | Mem:8.27M, Peak:8.28M | Scene, ViewLayer | Updating Geometry BVH common_living_dining_balcony_plant_01_leaf7_mesh 545/1029 | Building BVH
Fra:1 Mem:64.79M (Peak 102.93M) | Time:00:00.18 | Mem:8.27M, Peak:8.28M | Scene, ViewLayer | Updating Geometry BVH common_living_dining_balcony_planter_01_pot_mesh 546/1029 | Building BVH
Fra:1 Mem:64.79M (Peak 102.93M) | Time:00:00.18 | Mem:8.28M, Peak:8.28M | Scene, ViewLayer | Updating Geometry BVH common_living_dining_balcony_stool_01_top_mesh 547/1029 | Building BVH
Fra:1 Mem:64.79M (Peak 102.93M) | Time:00:00.18 | Mem:8.30M, Peak:8.30M | Scene, ViewLayer | Updating Geometry BVH common_living_dining_balcony_stool_01_post_mesh 548/1029 | Building BVH
Fra:1 Mem:64.79M (Peak 102.93M) | Time:00:00.18 | Mem:8.33M, Peak:8.33M | Scene, ViewLayer | Updating Geometry BVH A_living_dining_balcony_rug_01_pile_mesh 1006/1029 | Building BVH
Fra:1 Mem:64.79M (Peak 102.93M) | Time:00:00.18 | Mem:8.32M, Peak:8.33M | Scene, ViewLayer | Updating Geometry BVH common_living_dining_balcony_stool_01_jar_mesh 549/1029 | Building BVH
Fra:1 Mem:64.79M (Peak 102.93M) | Time:00:00.18 | Mem:8.34M, Peak:8.34M | Scene, ViewLayer | Updating Geometry BVH common_living_dining_balcony_artwork_01_canvas_mesh 550/1029 | Building BVH
Fra:1 Mem:64.79M (Peak 102.93M) | Time:00:00.18 | Mem:8.35M, Peak:8.35M | Scene, ViewLayer | Updating Geometry BVH common_living_dining_balcony_artwork_01_lamp_mesh 551/1029 | Building BVH
Fra:1 Mem:64.79M (Peak 102.93M) | Time:00:00.18 | Mem:8.48M, Peak:8.48M | Scene, ViewLayer | Updating Geometry BVH common_master_bedroom_wardrobe_01_body_mesh 552/1029 | Building BVH
Fra:1 Mem:64.79M (Peak 102.93M) | Time:00:00.18 | Mem:8.48M, Peak:8.48M | Scene, ViewLayer | Updating Geometry BVH common_master_bedroom_wardrobe_01_door_f0_mesh 553/1029 | Building BVH
Fra:1 Mem:64.79M (Peak 102.93M) | Time:00:00.18 | Mem:8.49M, Peak:8.49M | Scene, ViewLayer | Updating Geometry BVH common_master_bedroom_wardrobe_01_door_p0_mesh 554/1029 | Building BVH
Fra:1 Mem:64.79M (Peak 102.93M) | Time:00:00.18 | Mem:8.50M, Peak:8.51M | Scene, ViewLayer | Updating Geometry BVH common_master_bedroom_wardrobe_01_door_f1_mesh 555/1029 | Building BVH
Fra:1 Mem:64.79M (Peak 102.93M) | Time:00:00.18 | Mem:8.50M, Peak:8.51M | Scene, ViewLayer | Updating Geometry BVH common_master_bedroom_wardrobe_01_door_f2_mesh 557/1029 | Building BVH
Fra:1 Mem:64.79M (Peak 102.93M) | Time:00:00.18 | Mem:8.48M, Peak:8.51M | Scene, ViewLayer | Updating Geometry BVH common_master_bedroom_wardrobe_01_door_p2_mesh 558/1029 | Building BVH
Fra:1 Mem:64.79M (Peak 102.93M) | Time:00:00.18 | Mem:8.48M, Peak:8.51M | Scene, ViewLayer | Updating Geometry BVH common_master_bedroom_wardrobe_01_door_p3_mesh 560/1029 | Building BVH
Fra:1 Mem:64.79M (Peak 102.93M) | Time:00:00.18 | Mem:8.48M, Peak:8.51M | Scene, ViewLayer | Updating Geometry BVH common_master_bedroom_wardrobe_01_door_f4_mesh 561/1029 | Building BVH
Fra:1 Mem:64.79M (Peak 102.93M) | Time:00:00.18 | Mem:8.48M, Peak:8.51M | Scene, ViewLayer | Updating Geometry BVH common_master_bedroom_wardrobe_01_door_p4_mesh 562/1029 | Building BVH
Fra:1 Mem:64.79M (Peak 102.93M) | Time:00:00.18 | Mem:8.48M, Peak:8.51M | Scene, ViewLayer | Updating Geometry BVH common_master_bedroom_wardrobe_01_door_f5_mesh 563/1029 | Building BVH
Fra:1 Mem:64.79M (Peak 102.93M) | Time:00:00.18 | Mem:8.49M, Peak:8.51M | Scene, ViewLayer | Updating Geometry BVH common_master_bedroom_wardrobe_01_door_p5_mesh 564/1029 | Building BVH
Fra:1 Mem:64.79M (Peak 102.93M) | Time:00:00.18 | Mem:8.50M, Peak:8.51M | Scene, ViewLayer | Updating Geometry BVH common_master_bedroom_wardrobe_01_door_f6_mesh 565/1029 | Building BVH
Fra:1 Mem:64.79M (Peak 102.93M) | Time:00:00.18 | Mem:8.59M, Peak:8.59M | Scene, ViewLayer | Updating Geometry BVH common_master_bedroom_wardrobe_01_door_p6_mesh 566/1029 | Building BVH
Fra:1 Mem:64.79M (Peak 102.93M) | Time:00:00.18 | Mem:8.63M, Peak:8.63M | Scene, ViewLayer | Updating Geometry BVH common_master_bedroom_dressing_table_01_top_mesh 567/1029 | Building BVH
Fra:1 Mem:64.79M (Peak 102.93M) | Time:00:00.18 | Mem:8.63M, Peak:8.63M | Scene, ViewLayer | Updating Geometry BVH common_master_bedroom_dressing_table_01_side0_mesh 568/1029 | Building BVH
Fra:1 Mem:64.79M (Peak 102.93M) | Time:00:00.18 | Mem:8.64M, Peak:8.64M | Scene, ViewLayer | Updating Geometry BVH common_master_bedroom_dressing_table_01_side1_mesh 569/1029 | Building BVH
Fra:1 Mem:64.79M (Peak 102.93M) | Time:00:00.18 | Mem:8.66M, Peak:8.66M | Scene, ViewLayer | Updating Geometry BVH common_master_bedroom_dressing_table_01_shelf_mesh 570/1029 | Building BVH
Fra:1 Mem:64.79M (Peak 102.93M) | Time:00:00.18 | Mem:8.67M, Peak:8.67M | Scene, ViewLayer | Updating Geometry BVH common_master_bedroom_dressing_table_01_upper_mesh 571/1029 | Building BVH
Fra:1 Mem:64.79M (Peak 102.93M) | Time:00:00.18 | Mem:8.67M, Peak:8.67M | Scene, ViewLayer | Updating Geometry BVH common_master_bedroom_dressing_table_01_door_f0_mesh 572/1029 | Building BVH
Fra:1 Mem:64.79M (Peak 102.93M) | Time:00:00.18 | Mem:8.67M, Peak:8.67M | Scene, ViewLayer | Updating Geometry BVH common_master_bedroom_dressing_table_01_door_p0_mesh 573/1029 | Building BVH
Fra:1 Mem:64.79M (Peak 102.93M) | Time:00:00.18 | Mem:8.67M, Peak:8.67M | Scene, ViewLayer | Updating Geometry BVH common_master_bedroom_dressing_table_01_door_f1_mesh 574/1029 | Building BVH
Fra:1 Mem:64.79M (Peak 102.93M) | Time:00:00.18 | Mem:8.67M, Peak:8.67M | Scene, ViewLayer | Updating Geometry BVH common_master_bedroom_dressing_table_01_door_f2_mesh 576/1029 | Building BVH
Fra:1 Mem:64.79M (Peak 102.93M) | Time:00:00.18 | Mem:8.67M, Peak:8.67M | Scene, ViewLayer | Updating Geometry BVH common_master_bedroom_dressing_table_01_door_p2_mesh 577/1029 | Building BVH
Fra:1 Mem:64.79M (Peak 102.93M) | Time:00:00.18 | Mem:8.71M, Peak:8.71M | Scene, ViewLayer | Updating Geometry BVH common_master_bedroom_dressing_table_01_mirror_mesh 578/1029 | Building BVH
Fra:1 Mem:64.79M (Peak 102.93M) | Time:00:00.18 | Mem:8.73M, Peak:8.73M | Scene, ViewLayer | Updating Geometry BVH common_master_bedroom_stool_01_pad_mesh 579/1029 | Building BVH
Fra:1 Mem:64.79M (Peak 102.93M) | Time:00:00.18 | Mem:8.77M, Peak:8.77M | Scene, ViewLayer | Updating Geometry BVH common_master_bedroom_stool_01_leg0_mesh 580/1029 | Building BVH
Fra:1 Mem:64.79M (Peak 102.93M) | Time:00:00.18 | Mem:8.78M, Peak:8.78M | Scene, ViewLayer | Updating Geometry BVH common_master_bedroom_stool_01_leg1_mesh 581/1029 | Building BVH
Fra:1 Mem:64.79M (Peak 102.93M) | Time:00:00.18 | Mem:8.77M, Peak:8.78M | Scene, ViewLayer | Updating Geometry BVH common_master_bedroom_stool_01_leg3_mesh 583/1029 | Building BVH
Fra:1 Mem:64.79M (Peak 102.93M) | Time:00:00.18 | Mem:8.77M, Peak:8.78M | Scene, ViewLayer | Updating Geometry BVH common_master_bedroom_bed_01_frame_mesh 584/1029 | Building BVH
Fra:1 Mem:64.79M (Peak 102.93M) | Time:00:00.18 | Mem:8.78M, Peak:8.79M | Scene, ViewLayer | Updating Geometry BVH common_master_bedroom_bed_01_mattress_mesh 585/1029 | Building BVH
Fra:1 Mem:64.79M (Peak 102.93M) | Time:00:00.18 | Mem:8.79M, Peak:8.79M | Scene, ViewLayer | Updating Geometry BVH common_master_bedroom_bed_01_duvet_mesh 586/1029 | Building BVH
Fra:1 Mem:64.79M (Peak 102.93M) | Time:00:00.18 | Mem:8.79M, Peak:8.79M | Scene, ViewLayer | Updating Geometry BVH common_master_bedroom_bed_01_duvetdrop_mesh 587/1029 | Building BVH
Fra:1 Mem:64.79M (Peak 102.93M) | Time:00:00.18 | Mem:8.82M, Peak:8.82M | Scene, ViewLayer | Updating Geometry BVH common_master_bedroom_bed_01_duvetdrop2_mesh 588/1029 | Building BVH
Fra:1 Mem:64.79M (Peak 102.93M) | Time:00:00.18 | Mem:8.87M, Peak:8.87M | Scene, ViewLayer | Updating Geometry BVH common_master_bedroom_bed_01_pillow1_mesh 589/1029 | Building BVH
Fra:1 Mem:64.79M (Peak 102.93M) | Time:00:00.18 | Mem:8.90M, Peak:8.90M | Scene, ViewLayer | Updating Geometry BVH A_living_dining_balcony_coffee_table_01_leg2_mesh 1005/1029 | Building BVH
Fra:1 Mem:64.79M (Peak 102.93M) | Time:00:00.18 | Mem:8.91M, Peak:8.92M | Scene, ViewLayer | Updating Geometry BVH common_master_bedroom_bed_01_pillow2_mesh 590/1029 | Building BVH
Fra:1 Mem:64.79M (Peak 102.93M) | Time:00:00.18 | Mem:8.91M, Peak:8.92M | Scene, ViewLayer | Updating Geometry BVH common_master_bedroom_bed_01_throw_mesh 591/1029 | Building BVH
Fra:1 Mem:64.79M (Peak 102.93M) | Time:00:00.18 | Mem:8.91M, Peak:8.92M | Scene, ViewLayer | Updating Geometry BVH common_master_bedroom_headboard_01_pad_mesh 592/1029 | Building BVH
Fra:1 Mem:64.79M (Peak 102.93M) | Time:00:00.18 | Mem:8.93M, Peak:8.93M | Scene, ViewLayer | Updating Geometry BVH common_master_bedroom_nightstand_01_body_mesh 593/1029 | Building BVH
Fra:1 Mem:64.79M (Peak 102.93M) | Time:00:00.18 | Mem:8.95M, Peak:8.95M | Scene, ViewLayer | Updating Geometry BVH common_master_bedroom_nightstand_01_drw_f0_mesh 594/1029 | Building BVH
Fra:1 Mem:64.79M (Peak 102.93M) | Time:00:00.18 | Mem:8.95M, Peak:8.95M | Scene, ViewLayer | Updating Geometry BVH common_master_bedroom_nightstand_01_drw_p0_mesh 595/1029 | Building BVH
Fra:1 Mem:64.79M (Peak 102.93M) | Time:00:00.18 | Mem:8.98M, Peak:8.98M | Scene, ViewLayer | Updating Geometry BVH common_master_bedroom_nightstand_01_leg0_mesh 596/1029 | Building BVH
Fra:1 Mem:64.79M (Peak 102.93M) | Time:00:00.18 | Mem:9.00M, Peak:9.00M | Scene, ViewLayer | Updating Geometry BVH common_master_bedroom_nightstand_01_leg1_mesh 597/1029 | Building BVH
Fra:1 Mem:64.79M (Peak 102.93M) | Time:00:00.18 | Mem:9.00M, Peak:9.00M | Scene, ViewLayer | Updating Geometry BVH common_master_bedroom_nightstand_01_leg2_mesh 598/1029 | Building BVH
Fra:1 Mem:64.79M (Peak 102.93M) | Time:00:00.18 | Mem:9.01M, Peak:9.02M | Scene, ViewLayer | Updating Geometry BVH common_master_bedroom_nightstand_02_body_mesh 600/1029 | Building BVH
Fra:1 Mem:64.79M (Peak 102.93M) | Time:00:00.18 | Mem:9.01M, Peak:9.02M | Scene, ViewLayer | Updating Geometry BVH common_master_bedroom_nightstand_01_leg3_mesh 599/1029 | Building BVH
Fra:1 Mem:64.79M (Peak 102.93M) | Time:00:00.18 | Mem:9.01M, Peak:9.02M | Scene, ViewLayer | Updating Geometry BVH common_master_bedroom_nightstand_02_drw_f0_mesh 601/1029 | Building BVH
Fra:1 Mem:64.79M (Peak 102.93M) | Time:00:00.18 | Mem:9.01M, Peak:9.02M | Scene, ViewLayer | Updating Geometry BVH common_master_bedroom_nightstand_02_drw_p0_mesh 602/1029 | Building BVH
Fra:1 Mem:64.79M (Peak 102.93M) | Time:00:00.18 | Mem:9.02M, Peak:9.02M | Scene, ViewLayer | Updating Geometry BVH common_master_bedroom_nightstand_02_leg1_mesh 604/1029 | Building BVH
Fra:1 Mem:64.79M (Peak 102.93M) | Time:00:00.18 | Mem:9.02M, Peak:9.02M | Scene, ViewLayer | Updating Geometry BVH common_master_bedroom_nightstand_02_leg2_mesh 605/1029 | Building BVH
Fra:1 Mem:64.79M (Peak 102.93M) | Time:00:00.18 | Mem:9.03M, Peak:9.03M | Scene, ViewLayer | Updating Geometry BVH common_master_bedroom_nightstand_02_leg3_mesh 606/1029 | Building BVH
Fra:1 Mem:64.79M (Peak 102.93M) | Time:00:00.18 | Mem:9.04M, Peak:9.04M | Scene, ViewLayer | Updating Geometry BVH common_master_bedroom_desk_01_top_mesh 607/1029 | Building BVH
Fra:1 Mem:64.79M (Peak 102.93M) | Time:00:00.18 | Mem:9.07M, Peak:9.07M | Scene, ViewLayer | Updating Geometry BVH common_master_bedroom_desk_01_drawer_mesh 608/1029 | Building BVH
Fra:1 Mem:64.79M (Peak 102.93M) | Time:00:00.18 | Mem:9.07M, Peak:9.07M | Scene, ViewLayer | Updating Geometry BVH common_master_bedroom_desk_01_leg0_mesh 609/1029 | Building BVH
Fra:1 Mem:64.79M (Peak 102.93M) | Time:00:00.18 | Mem:9.09M, Peak:9.09M | Scene, ViewLayer | Updating Geometry BVH common_master_bedroom_desk_01_leg1_mesh 610/1029 | Building BVH
Fra:1 Mem:64.79M (Peak 102.93M) | Time:00:00.19 | Mem:9.10M, Peak:9.10M | Scene, ViewLayer | Updating Geometry BVH common_master_bedroom_desk_01_leg2_mesh 611/1029 | Building BVH
Fra:1 Mem:64.79M (Peak 102.93M) | Time:00:00.19 | Mem:9.13M, Peak:9.13M | Scene, ViewLayer | Updating Geometry BVH common_master_bedroom_desk_01_leg3_mesh 612/1029 | Building BVH
Fra:1 Mem:64.79M (Peak 102.93M) | Time:00:00.19 | Mem:9.15M, Peak:9.15M | Scene, ViewLayer | Updating Geometry BVH common_master_bedroom_desk_01_monitor_mesh 613/1029 | Building BVH
Fra:1 Mem:64.79M (Peak 102.93M) | Time:00:00.19 | Mem:9.15M, Peak:9.15M | Scene, ViewLayer | Updating Geometry BVH common_master_bedroom_desk_01_monstand_mesh 614/1029 | Building BVH
Fra:1 Mem:64.79M (Peak 102.93M) | Time:00:00.19 | Mem:9.16M, Peak:9.16M | Scene, ViewLayer | Updating Geometry BVH common_master_bedroom_chair_01_seat_mesh 615/1029 | Building BVH
Fra:1 Mem:64.79M (Peak 102.93M) | Time:00:00.19 | Mem:9.18M, Peak:9.18M | Scene, ViewLayer | Updating Geometry BVH A_living_dining_balcony_coffee_table_01_leg1_mesh 1004/1029 | Building BVH
Fra:1 Mem:64.79M (Peak 102.93M) | Time:00:00.19 | Mem:9.18M, Peak:9.18M | Scene, ViewLayer | Updating Geometry BVH common_master_bedroom_chair_01_back_mesh 616/1029 | Building BVH
Fra:1 Mem:64.79M (Peak 102.93M) | Time:00:00.19 | Mem:9.20M, Peak:9.20M | Scene, ViewLayer | Updating Geometry BVH common_master_bedroom_chair_01_post_mesh 617/1029 | Building BVH
Fra:1 Mem:64.79M (Peak 102.93M) | Time:00:00.19 | Mem:9.22M, Peak:9.22M | Scene, ViewLayer | Updating Geometry BVH common_master_bedroom_chair_01_base_mesh 618/1029 | Building BVH
Fra:1 Mem:64.79M (Peak 102.93M) | Time:00:00.19 | Mem:9.23M, Peak:9.23M | Scene, ViewLayer | Updating Geometry BVH common_master_bedroom_rug_01_pile_mesh 619/1029 | Building BVH
Fra:1 Mem:64.79M (Peak 102.93M) | Time:00:00.19 | Mem:9.25M, Peak:9.25M | Scene, ViewLayer | Updating Geometry BVH common_terrace_coffee_table_01_top_mesh 620/1029 | Building BVH
Fra:1 Mem:64.79M (Peak 102.93M) | Time:00:00.19 | Mem:9.25M, Peak:9.25M | Scene, ViewLayer | Updating Geometry BVH common_terrace_coffee_table_01_leg0_mesh 621/1029 | Building BVH
Fra:1 Mem:64.79M (Peak 102.93M) | Time:00:00.19 | Mem:9.25M, Peak:9.25M | Scene, ViewLayer | Updating Geometry BVH common_terrace_coffee_table_01_leg1_mesh 622/1029 | Building BVH
Fra:1 Mem:64.79M (Peak 102.93M) | Time:00:00.19 | Mem:9.25M, Peak:9.25M | Scene, ViewLayer | Updating Geometry BVH common_terrace_coffee_table_01_leg2_mesh 623/1029 | Building BVH
Fra:1 Mem:64.79M (Peak 102.93M) | Time:00:00.19 | Mem:9.26M, Peak:9.26M | Scene, ViewLayer | Updating Geometry BVH common_terrace_lounge_chair_01_seat_mesh 624/1029 | Building BVH
Fra:1 Mem:64.79M (Peak 102.93M) | Time:00:00.19 | Mem:9.27M, Peak:9.27M | Scene, ViewLayer | Updating Geometry BVH common_terrace_lounge_chair_01_back_mesh 625/1029 | Building BVH
Fra:1 Mem:64.79M (Peak 102.93M) | Time:00:00.19 | Mem:9.27M, Peak:9.27M | Scene, ViewLayer | Updating Geometry BVH common_terrace_lounge_chair_01_leg0_mesh 626/1029 | Building BVH
Fra:1 Mem:64.79M (Peak 102.93M) | Time:00:00.19 | Mem:9.27M, Peak:9.27M | Scene, ViewLayer | Updating Geometry BVH common_terrace_lounge_chair_01_leg1_mesh 627/1029 | Building BVH
Fra:1 Mem:64.79M (Peak 102.93M) | Time:00:00.19 | Mem:9.28M, Peak:9.28M | Scene, ViewLayer | Updating Geometry BVH common_terrace_lounge_chair_01_leg2_mesh 628/1029 | Building BVH
Fra:1 Mem:64.79M (Peak 102.93M) | Time:00:00.19 | Mem:9.29M, Peak:9.29M | Scene, ViewLayer | Updating Geometry BVH common_terrace_lounge_chair_01_leg3_mesh 629/1029 | Building BVH
Fra:1 Mem:64.79M (Peak 102.93M) | Time:00:00.19 | Mem:9.32M, Peak:9.32M | Scene, ViewLayer | Updating Geometry BVH common_terrace_lounge_chair_02_seat_mesh 630/1029 | Building BVH
Fra:1 Mem:64.79M (Peak 102.93M) | Time:00:00.19 | Mem:9.37M, Peak:9.37M | Scene, ViewLayer | Updating Geometry BVH common_terrace_lounge_chair_02_back_mesh 631/1029 | Building BVH
Fra:1 Mem:64.79M (Peak 102.93M) | Time:00:00.19 | Mem:9.37M, Peak:9.37M | Scene, ViewLayer | Updating Geometry BVH common_terrace_lounge_chair_02_leg0_mesh 632/1029 | Building BVH
Fra:1 Mem:64.79M (Peak 102.93M) | Time:00:00.19 | Mem:9.37M, Peak:9.37M | Scene, ViewLayer | Updating Geometry BVH common_terrace_lounge_chair_02_leg1_mesh 633/1029 | Building BVH
Fra:1 Mem:64.79M (Peak 102.93M) | Time:00:00.19 | Mem:9.41M, Peak:9.41M | Scene, ViewLayer | Updating Geometry BVH common_terrace_lounge_chair_02_leg2_mesh 634/1029 | Building BVH
Fra:1 Mem:64.79M (Peak 102.93M) | Time:00:00.19 | Mem:9.41M, Peak:9.41M | Scene, ViewLayer | Updating Geometry BVH common_terrace_lounge_chair_02_leg3_mesh 635/1029 | Building BVH
Fra:1 Mem:64.79M (Peak 102.93M) | Time:00:00.19 | Mem:9.41M, Peak:9.41M | Scene, ViewLayer | Updating Geometry BVH common_terrace_plant_01_pot_mesh 636/1029 | Building BVH
Fra:1 Mem:64.79M (Peak 102.93M) | Time:00:00.19 | Mem:9.41M, Peak:9.41M | Scene, ViewLayer | Updating Geometry BVH A_living_dining_balcony_coffee_table_01_leg0_mesh 1003/1029 | Building BVH
Fra:1 Mem:64.79M (Peak 102.93M) | Time:00:00.19 | Mem:9.42M, Peak:9.42M | Scene, ViewLayer | Updating Geometry BVH common_terrace_plant_01_stem_mesh 637/1029 | Building BVH
Fra:1 Mem:64.79M (Peak 102.93M) | Time:00:00.19 | Mem:9.43M, Peak:9.43M | Scene, ViewLayer | Updating Geometry BVH common_terrace_plant_01_leaf0_mesh 638/1029 | Building BVH
Fra:1 Mem:64.79M (Peak 102.93M) | Time:00:00.19 | Mem:9.48M, Peak:9.48M | Scene, ViewLayer | Updating Geometry BVH common_terrace_plant_01_leaf1_mesh 639/1029 | Building BVH
Fra:1 Mem:64.79M (Peak 102.93M) | Time:00:00.19 | Mem:9.48M, Peak:9.48M | Scene, ViewLayer | Updating Geometry BVH common_terrace_plant_01_leaf2_mesh 640/1029 | Building BVH
Fra:1 Mem:64.79M (Peak 102.93M) | Time:00:00.19 | Mem:9.47M, Peak:9.48M | Scene, ViewLayer | Updating Geometry BVH common_terrace_plant_01_leaf3_mesh 641/1029 | Building BVH
Fra:1 Mem:64.79M (Peak 102.93M) | Time:00:00.19 | Mem:9.47M, Peak:9.48M | Scene, ViewLayer | Updating Geometry BVH common_terrace_plant_01_leaf4_mesh 642/1029 | Building BVH
Fra:1 Mem:64.79M (Peak 102.93M) | Time:00:00.19 | Mem:9.47M, Peak:9.48M | Scene, ViewLayer | Updating Geometry BVH common_terrace_plant_01_leaf5_mesh 643/1029 | Building BVH
Fra:1 Mem:64.79M (Peak 102.93M) | Time:00:00.19 | Mem:9.52M, Peak:9.52M | Scene, ViewLayer | Updating Geometry BVH common_terrace_plant_02_pot_mesh 644/1029 | Building BVH
Fra:1 Mem:64.79M (Peak 102.93M) | Time:00:00.19 | Mem:9.52M, Peak:9.52M | Scene, ViewLayer | Updating Geometry BVH common_terrace_plant_02_stem_mesh 645/1029 | Building BVH
Fra:1 Mem:64.79M (Peak 102.93M) | Time:00:00.19 | Mem:9.53M, Peak:9.53M | Scene, ViewLayer | Updating Geometry BVH common_terrace_plant_02_leaf0_mesh 646/1029 | Building BVH
Fra:1 Mem:64.79M (Peak 102.93M) | Time:00:00.19 | Mem:9.54M, Peak:9.54M | Scene, ViewLayer | Updating Geometry BVH common_terrace_plant_02_leaf1_mesh 647/1029 | Building BVH
Fra:1 Mem:64.79M (Peak 102.93M) | Time:00:00.19 | Mem:9.56M, Peak:9.56M | Scene, ViewLayer | Updating Geometry BVH common_terrace_plant_02_leaf2_mesh 648/1029 | Building BVH
Fra:1 Mem:64.79M (Peak 102.93M) | Time:00:00.19 | Mem:9.57M, Peak:9.57M | Scene, ViewLayer | Updating Geometry BVH common_terrace_plant_02_leaf3_mesh 649/1029 | Building BVH
Fra:1 Mem:64.79M (Peak 102.93M) | Time:00:00.19 | Mem:9.57M, Peak:9.57M | Scene, ViewLayer | Updating Geometry BVH common_terrace_plant_02_leaf4_mesh 650/1029 | Building BVH
Fra:1 Mem:64.79M (Peak 102.93M) | Time:00:00.19 | Mem:9.57M, Peak:9.57M | Scene, ViewLayer | Updating Geometry BVH common_terrace_plant_02_leaf5_mesh 651/1029 | Building BVH
Fra:1 Mem:64.79M (Peak 102.93M) | Time:00:00.19 | Mem:9.57M, Peak:9.57M | Scene, ViewLayer | Updating Geometry BVH common_terrace_plant_03_pot_mesh 652/1029 | Building BVH
Fra:1 Mem:64.79M (Peak 102.93M) | Time:00:00.19 | Mem:9.59M, Peak:9.59M | Scene, ViewLayer | Updating Geometry BVH common_terrace_plant_03_leaf0_mesh 654/1029 | Building BVH
Fra:1 Mem:64.79M (Peak 102.93M) | Time:00:00.19 | Mem:9.59M, Peak:9.59M | Scene, ViewLayer | Updating Geometry BVH common_terrace_plant_03_leaf1_mesh 655/1029 | Building BVH
Fra:1 Mem:64.79M (Peak 102.93M) | Time:00:00.19 | Mem:9.60M, Peak:9.60M | Scene, ViewLayer | Updating Geometry BVH common_terrace_plant_03_leaf2_mesh 656/1029 | Building BVH
Fra:1 Mem:64.79M (Peak 102.93M) | Time:00:00.19 | Mem:9.65M, Peak:9.66M | Scene, ViewLayer | Updating Geometry BVH common_terrace_plant_03_leaf3_mesh 657/1029 | Building BVH
Fra:1 Mem:64.79M (Peak 102.93M) | Time:00:00.19 | Mem:9.65M, Peak:9.66M | Scene, ViewLayer | Updating Geometry BVH common_terrace_plant_03_leaf5_mesh 659/1029 | Building BVH
Fra:1 Mem:64.79M (Peak 102.93M) | Time:00:00.19 | Mem:9.65M, Peak:9.66M | Scene, ViewLayer | Updating Geometry BVH common_terrace_plant_04_pot_mesh 660/1029 | Building BVH
Fra:1 Mem:64.79M (Peak 102.93M) | Time:00:00.19 | Mem:9.66M, Peak:9.66M | Scene, ViewLayer | Updating Geometry BVH common_terrace_plant_04_stem_mesh 661/1029 | Building BVH
Fra:1 Mem:64.79M (Peak 102.93M) | Time:00:00.19 | Mem:9.66M, Peak:9.66M | Scene, ViewLayer | Updating Geometry BVH common_terrace_plant_04_leaf0_mesh 662/1029 | Building BVH
Fra:1 Mem:64.79M (Peak 102.93M) | Time:00:00.19 | Mem:9.66M, Peak:9.66M | Scene, ViewLayer | Updating Geometry BVH A_living_dining_balcony_coffee_table_01_top_mesh 1002/1029 | Building BVH
Fra:1 Mem:64.79M (Peak 102.93M) | Time:00:00.19 | Mem:9.75M, Peak:9.75M | Scene, ViewLayer | Updating Geometry BVH common_terrace_plant_04_leaf1_mesh 663/1029 | Building BVH
Fra:1 Mem:64.79M (Peak 102.93M) | Time:00:00.19 | Mem:9.75M, Peak:9.75M | Scene, ViewLayer | Updating Geometry BVH common_terrace_plant_04_leaf2_mesh 664/1029 | Building BVH
Fra:1 Mem:64.79M (Peak 102.93M) | Time:00:00.19 | Mem:9.76M, Peak:9.76M | Scene, ViewLayer | Updating Geometry BVH common_terrace_plant_04_leaf3_mesh 665/1029 | Building BVH
Fra:1 Mem:64.79M (Peak 102.93M) | Time:00:00.19 | Mem:9.76M, Peak:9.77M | Scene, ViewLayer | Updating Geometry BVH common_terrace_plant_04_leaf4_mesh 666/1029 | Building BVH
Fra:1 Mem:64.79M (Peak 102.93M) | Time:00:00.19 | Mem:9.76M, Peak:9.77M | Scene, ViewLayer | Updating Geometry BVH common_terrace_plant_04_leaf5_mesh 667/1029 | Building BVH
Fra:1 Mem:64.79M (Peak 102.93M) | Time:00:00.19 | Mem:9.76M, Peak:9.77M | Scene, ViewLayer | Updating Geometry BVH common_parents_room_wardrobe_01_slA_f0_mesh 669/1029 | Building BVH
Fra:1 Mem:64.79M (Peak 102.93M) | Time:00:00.19 | Mem:9.76M, Peak:9.77M | Scene, ViewLayer | Updating Geometry BVH common_parents_room_wardrobe_01_slA_f1_mesh 670/1029 | Building BVH
Fra:1 Mem:64.79M (Peak 102.93M) | Time:00:00.19 | Mem:9.78M, Peak:9.78M | Scene, ViewLayer | Updating Geometry BVH common_parents_room_wardrobe_01_slA_f2_mesh 671/1029 | Building BVH
Fra:1 Mem:64.79M (Peak 102.93M) | Time:00:00.19 | Mem:9.78M, Peak:9.78M | Scene, ViewLayer | Updating Geometry BVH common_parents_room_wardrobe_01_slB_f0_mesh 672/1029 | Building BVH
Fra:1 Mem:64.79M (Peak 102.93M) | Time:00:00.19 | Mem:9.80M, Peak:9.80M | Scene, ViewLayer | Updating Geometry BVH common_parents_room_wardrobe_01_slB_f1_mesh 673/1029 | Building BVH
Fra:1 Mem:64.79M (Peak 102.93M) | Time:00:00.19 | Mem:9.82M, Peak:9.82M | Scene, ViewLayer | Updating Geometry BVH common_parents_room_wardrobe_01_slB_f2_mesh 674/1029 | Building BVH
Fra:1 Mem:64.79M (Peak 102.93M) | Time:00:00.19 | Mem:9.83M, Peak:9.83M | Scene, ViewLayer | Updating Geometry BVH common_parents_room_bed_01_frame_mesh 675/1029 | Building BVH
Fra:1 Mem:64.79M (Peak 102.93M) | Time:00:00.19 | Mem:9.85M, Peak:9.85M | Scene, ViewLayer | Updating Geometry BVH common_parents_room_bed_01_mattress_mesh 676/1029 | Building BVH
Fra:1 Mem:64.79M (Peak 102.93M) | Time:00:00.19 | Mem:9.86M, Peak:9.86M | Scene, ViewLayer | Updating Geometry BVH common_parents_room_bed_01_headboard_mesh 677/1029 | Building BVH
Fra:1 Mem:64.79M (Peak 102.93M) | Time:00:00.19 | Mem:9.95M, Peak:9.95M | Scene, ViewLayer | Updating Geometry BVH common_parents_room_bed_01_duvet_mesh 678/1029 | Building BVH
Fra:1 Mem:64.79M (Peak 102.93M) | Time:00:00.19 | Mem:9.94M, Peak:9.95M | Scene, ViewLayer | Updating Geometry BVH common_parents_room_bed_01_duvetdrop_mesh 679/1029 | Building BVH
Fra:1 Mem:64.79M (Peak 102.93M) | Time:00:00.19 | Mem:9.94M, Peak:9.95M | Scene, ViewLayer | Updating Geometry BVH common_parents_room_bed_01_duvetdrop2_mesh 680/1029 | Building BVH
Fra:1 Mem:64.79M (Peak 102.93M) | Time:00:00.19 | Mem:9.95M, Peak:9.95M | Scene, ViewLayer | Updating Geometry BVH A_living_dining_balcony_ottoman_01_base_mesh 1001/1029 | Building BVH
Fra:1 Mem:64.79M (Peak 102.93M) | Time:00:00.19 | Mem:9.97M, Peak:9.97M | Scene, ViewLayer | Updating Geometry BVH common_parents_room_bed_01_pillow2_mesh 682/1029 | Building BVH
Fra:1 Mem:64.79M (Peak 102.93M) | Time:00:00.19 | Mem:9.97M, Peak:9.97M | Scene, ViewLayer | Updating Geometry BVH common_parents_room_nightstand_01_body_mesh 684/1029 | Building BVH
Fra:1 Mem:64.79M (Peak 102.93M) | Time:00:00.19 | Mem:9.98M, Peak:9.98M | Scene, ViewLayer | Updating Geometry BVH common_parents_room_nightstand_01_drw_p0_mesh 686/1029 | Building BVH
Fra:1 Mem:64.79M (Peak 102.93M) | Time:00:00.19 | Mem:9.99M, Peak:9.99M | Scene, ViewLayer | Updating Geometry BVH common_parents_room_nightstand_01_leg0_mesh 687/1029 | Building BVH
Fra:1 Mem:64.79M (Peak 102.93M) | Time:00:00.19 | Mem:9.99M, Peak:9.99M | Scene, ViewLayer | Updating Geometry BVH common_parents_room_nightstand_01_leg1_mesh 688/1029 | Building BVH
Fra:1 Mem:64.79M (Peak 102.93M) | Time:00:00.19 | Mem:9.99M, Peak:10.00M | Scene, ViewLayer | Updating Geometry BVH common_parents_room_nightstand_01_leg2_mesh 689/1029 | Building BVH
Fra:1 Mem:64.79M (Peak 102.93M) | Time:00:00.19 | Mem:10.01M, Peak:10.01M | Scene, ViewLayer | Updating Geometry BVH common_parents_room_nightstand_01_leg3_mesh 690/1029 | Building BVH
Fra:1 Mem:64.79M (Peak 102.93M) | Time:00:00.19 | Mem:10.03M, Peak:10.03M | Scene, ViewLayer | Updating Geometry BVH common_parents_room_cushion_01_pad_mesh 691/1029 | Building BVH
Fra:1 Mem:64.79M (Peak 102.93M) | Time:00:00.19 | Mem:10.04M, Peak:10.04M | Scene, ViewLayer | Updating Geometry BVH common_parents_room_cushion_01_pil_brick_mesh 693/1029 | Building BVH
Fra:1 Mem:64.79M (Peak 102.93M) | Time:00:00.19 | Mem:10.09M, Peak:10.09M | Scene, ViewLayer | Updating Geometry BVH common_parents_room_shelf_01_side0_mesh 694/1029 | Building BVH
Fra:1 Mem:64.79M (Peak 102.93M) | Time:00:00.19 | Mem:10.14M, Peak:10.14M | Scene, ViewLayer | Updating Geometry BVH common_parents_room_shelf_01_side1_mesh 695/1029 | Building BVH
Fra:1 Mem:64.79M (Peak 102.93M) | Time:00:00.19 | Mem:10.16M, Peak:10.17M | Scene, ViewLayer | Updating Geometry BVH common_parents_room_shelf_01_top_mesh 696/1029 | Building BVH
Fra:1 Mem:64.79M (Peak 102.93M) | Time:00:00.19 | Mem:10.18M, Peak:10.18M | Scene, ViewLayer | Updating Geometry BVH common_parents_room_shelf_01_sh1_mesh 697/1029 | Building BVH
Fra:1 Mem:64.79M (Peak 102.93M) | Time:00:00.19 | Mem:10.17M, Peak:10.18M | Scene, ViewLayer | Updating Geometry BVH common_parents_room_shelf_02_side0_mesh 698/1029 | Building BVH
Fra:1 Mem:64.79M (Peak 102.93M) | Time:00:00.19 | Mem:10.18M, Peak:10.18M | Scene, ViewLayer | Updating Geometry BVH common_parents_room_shelf_02_side1_mesh 699/1029 | Building BVH
Fra:1 Mem:64.79M (Peak 102.93M) | Time:00:00.19 | Mem:10.19M, Peak:10.19M | Scene, ViewLayer | Updating Geometry BVH common_parents_room_shelf_02_top_mesh 700/1029 | Building BVH
Fra:1 Mem:64.79M (Peak 102.93M) | Time:00:00.19 | Mem:10.19M, Peak:10.19M | Scene, ViewLayer | Updating Geometry BVH common_parents_room_shelf_02_sh1_mesh 701/1029 | Building BVH
Fra:1 Mem:64.79M (Peak 102.93M) | Time:00:00.19 | Mem:10.19M, Peak:10.19M | Scene, ViewLayer | Updating Geometry BVH common_daughter_room_wardrobe_01_body_mesh 702/1029 | Building BVH
Fra:1 Mem:64.79M (Peak 102.93M) | Time:00:00.19 | Mem:10.20M, Peak:10.20M | Scene, ViewLayer | Updating Geometry BVH common_daughter_room_wardrobe_01_slA_f0_mesh 703/1029 | Building BVH
Fra:1 Mem:64.80M (Peak 102.93M) | Time:00:00.19 | Mem:10.20M, Peak:10.20M | Scene, ViewLayer | Updating Geometry BVH A_living_dining_balcony_ottoman_01_pad_mesh 1000/1029 | Building BVH
Fra:1 Mem:64.80M (Peak 102.93M) | Time:00:00.19 | Mem:10.21M, Peak:10.21M | Scene, ViewLayer | Updating Geometry BVH common_daughter_room_wardrobe_01_slA_f1_mesh 704/1029 | Building BVH
Fra:1 Mem:64.80M (Peak 102.93M) | Time:00:00.19 | Mem:10.22M, Peak:10.22M | Scene, ViewLayer | Updating Geometry BVH common_daughter_room_wardrobe_01_slB_f0_mesh 705/1029 | Building BVH
Fra:1 Mem:64.80M (Peak 102.93M) | Time:00:00.19 | Mem:10.25M, Peak:10.25M | Scene, ViewLayer | Updating Geometry BVH common_daughter_room_wardrobe_01_slB_f1_mesh 706/1029 | Building BVH
Fra:1 Mem:64.80M (Peak 102.93M) | Time:00:00.19 | Mem:10.25M, Peak:10.25M | Scene, ViewLayer | Updating Geometry BVH common_daughter_room_wardrobe_02_body_mesh 707/1029 | Building BVH
Fra:1 Mem:64.80M (Peak 102.93M) | Time:00:00.19 | Mem:10.29M, Peak:10.29M | Scene, ViewLayer | Updating Geometry BVH common_daughter_room_wardrobe_02_slA_f0_mesh 708/1029 | Building BVH
Fra:1 Mem:64.80M (Peak 102.93M) | Time:00:00.19 | Mem:10.31M, Peak:10.31M | Scene, ViewLayer | Updating Geometry BVH common_daughter_room_wardrobe_02_slA_f1_mesh 709/1029 | Building BVH
Fra:1 Mem:64.80M (Peak 102.93M) | Time:00:00.19 | Mem:10.32M, Peak:10.32M | Scene, ViewLayer | Updating Geometry BVH common_daughter_room_wardrobe_02_slB_f0_mesh 710/1029 | Building BVH
Fra:1 Mem:64.80M (Peak 102.93M) | Time:00:00.19 | Mem:10.35M, Peak:10.35M | Scene, ViewLayer | Updating Geometry BVH common_daughter_room_wardrobe_02_slB_f1_mesh 711/1029 | Building BVH
Fra:1 Mem:64.80M (Peak 102.93M) | Time:00:00.19 | Mem:10.37M, Peak:10.37M | Scene, ViewLayer | Updating Geometry BVH common_daughter_room_bed_01_frame_mesh 712/1029 | Building BVH
Fra:1 Mem:64.80M (Peak 102.93M) | Time:00:00.19 | Mem:10.39M, Peak:10.40M | Scene, ViewLayer | Updating Geometry BVH common_daughter_room_bed_01_mattress_mesh 713/1029 | Building BVH
Fra:1 Mem:64.80M (Peak 102.93M) | Time:00:00.19 | Mem:10.39M, Peak:10.40M | Scene, ViewLayer | Updating Geometry BVH common_daughter_room_bed_01_headboard_mesh 714/1029 | Building BVH
Fra:1 Mem:64.80M (Peak 102.93M) | Time:00:00.19 | Mem:10.41M, Peak:10.41M | Scene, ViewLayer | Updating Geometry BVH common_daughter_room_bed_01_duvet_mesh 715/1029 | Building BVH
Fra:1 Mem:64.80M (Peak 102.93M) | Time:00:00.19 | Mem:10.41M, Peak:10.41M | Scene, ViewLayer | Updating Geometry BVH common_daughter_room_bed_01_duvetdrop2_mesh 717/1029 | Building BVH
Fra:1 Mem:64.80M (Peak 102.93M) | Time:00:00.19 | Mem:10.41M, Peak:10.41M | Scene, ViewLayer | Updating Geometry BVH common_daughter_room_bed_01_pillow1_mesh 718/1029 | Building BVH
Fra:1 Mem:64.80M (Peak 102.93M) | Time:00:00.19 | Mem:10.41M, Peak:10.41M | Scene, ViewLayer | Updating Geometry BVH common_daughter_room_bed_01_pillow2_mesh 719/1029 | Building BVH
Fra:1 Mem:64.80M (Peak 102.93M) | Time:00:00.19 | Mem:10.42M, Peak:10.42M | Scene, ViewLayer | Updating Geometry BVH common_daughter_room_bed_01_pillow_acc_mesh 720/1029 | Building BVH
Fra:1 Mem:64.80M (Peak 102.93M) | Time:00:00.19 | Mem:10.46M, Peak:10.46M | Scene, ViewLayer | Updating Geometry BVH common_daughter_room_bed_01_throw_mesh 721/1029 | Building BVH
Fra:1 Mem:64.80M (Peak 102.93M) | Time:00:00.19 | Mem:10.54M, Peak:10.54M | Scene, ViewLayer | Updating Geometry BVH common_daughter_room_shelf_01_side0_mesh 722/1029 | Building BVH
Fra:1 Mem:64.80M (Peak 102.93M) | Time:00:00.19 | Mem:10.54M, Peak:10.54M | Scene, ViewLayer | Updating Geometry BVH common_daughter_room_shelf_01_side1_mesh 723/1029 | Building BVH
Fra:1 Mem:64.80M (Peak 102.93M) | Time:00:00.19 | Mem:10.56M, Peak:10.56M | Scene, ViewLayer | Updating Geometry BVH common_daughter_room_shelf_01_top_mesh 724/1029 | Building BVH
Fra:1 Mem:64.80M (Peak 102.93M) | Time:00:00.19 | Mem:10.55M, Peak:10.57M | Scene, ViewLayer | Updating Geometry BVH common_daughter_room_shelf_01_sh1_mesh 725/1029 | Building BVH
Fra:1 Mem:64.80M (Peak 102.93M) | Time:00:00.19 | Mem:10.55M, Peak:10.57M | Scene, ViewLayer | Updating Geometry BVH A_living_dining_balcony_sofa_01_pillow_brick_mesh 999/1029 | Building BVH
Fra:1 Mem:64.80M (Peak 102.93M) | Time:00:00.19 | Mem:10.56M, Peak:10.57M | Scene, ViewLayer | Updating Geometry BVH common_daughter_room_shelf_01_sh2_mesh 726/1029 | Building BVH
Fra:1 Mem:64.80M (Peak 102.93M) | Time:00:00.19 | Mem:10.56M, Peak:10.57M | Scene, ViewLayer | Updating Geometry BVH common_daughter_room_desk_01_top_mesh 727/1029 | Building BVH
Fra:1 Mem:64.80M (Peak 102.93M) | Time:00:00.19 | Mem:10.56M, Peak:10.57M | Scene, ViewLayer | Updating Geometry BVH common_daughter_room_desk_01_drawer_mesh 728/1029 | Building BVH
Fra:1 Mem:64.80M (Peak 102.93M) | Time:00:00.19 | Mem:10.61M, Peak:10.62M | Scene, ViewLayer | Updating Geometry BVH common_daughter_room_desk_01_leg0_mesh 729/1029 | Building BVH
Fra:1 Mem:64.80M (Peak 102.93M) | Time:00:00.19 | Mem:10.61M, Peak:10.62M | Scene, ViewLayer | Updating Geometry BVH common_daughter_room_desk_01_leg1_mesh 730/1029 | Building BVH
Fra:1 Mem:64.80M (Peak 102.93M) | Time:00:00.19 | Mem:10.63M, Peak:10.63M | Scene, ViewLayer | Updating Geometry BVH common_daughter_room_desk_01_leg2_mesh 731/1029 | Building BVH
Fra:1 Mem:64.80M (Peak 102.93M) | Time:00:00.19 | Mem:10.63M, Peak:10.63M | Scene, ViewLayer | Updating Geometry BVH common_daughter_room_desk_01_leg3_mesh 732/1029 | Building BVH
Fra:1 Mem:64.80M (Peak 102.93M) | Time:00:00.19 | Mem:10.63M, Peak:10.63M | Scene, ViewLayer | Updating Geometry BVH common_daughter_room_chair_01_seat_mesh 733/1029 | Building BVH
Fra:1 Mem:64.80M (Peak 102.93M) | Time:00:00.19 | Mem:10.64M, Peak:10.64M | Scene, ViewLayer | Updating Geometry BVH common_daughter_room_chair_01_back_mesh 734/1029 | Building BVH
Fra:1 Mem:64.80M (Peak 102.93M) | Time:00:00.19 | Mem:10.65M, Peak:10.65M | Scene, ViewLayer | Updating Geometry BVH common_daughter_room_chair_01_post_mesh 735/1029 | Building BVH
Fra:1 Mem:64.80M (Peak 102.93M) | Time:00:00.19 | Mem:10.66M, Peak:10.66M | Scene, ViewLayer | Updating Geometry BVH common_daughter_room_chair_01_base_mesh 736/1029 | Building BVH
Fra:1 Mem:64.80M (Peak 102.93M) | Time:00:00.19 | Mem:10.66M, Peak:10.66M | Scene, ViewLayer | Updating Geometry BVH common_son_room_wardrobe_01_body_mesh 737/1029 | Building BVH
Fra:1 Mem:64.80M (Peak 102.93M) | Time:00:00.20 | Mem:10.67M, Peak:10.67M | Scene, ViewLayer | Updating Geometry BVH common_son_room_wardrobe_01_slA_f0_mesh 738/1029 | Building BVH
Fra:1 Mem:64.80M (Peak 102.93M) | Time:00:00.20 | Mem:10.74M, Peak:10.74M | Scene, ViewLayer | Updating Geometry BVH common_son_room_wardrobe_01_slA_f1_mesh 739/1029 | Building BVH
Fra:1 Mem:64.80M (Peak 102.93M) | Time:00:00.20 | Mem:10.74M, Peak:10.74M | Scene, ViewLayer | Updating Geometry BVH common_son_room_wardrobe_01_slA_f2_mesh 740/1029 | Building BVH
Fra:1 Mem:64.80M (Peak 102.93M) | Time:00:00.20 | Mem:10.74M, Peak:10.74M | Scene, ViewLayer | Updating Geometry BVH common_son_room_wardrobe_01_slB_f0_mesh 741/1029 | Building BVH
Fra:1 Mem:64.80M (Peak 102.93M) | Time:00:00.20 | Mem:10.74M, Peak:10.74M | Scene, ViewLayer | Updating Geometry BVH common_son_room_wardrobe_01_slB_f1_mesh 742/1029 | Building BVH
Fra:1 Mem:64.80M (Peak 102.93M) | Time:00:00.20 | Mem:10.74M, Peak:10.74M | Scene, ViewLayer | Updating Geometry BVH common_son_room_wardrobe_01_slB_f2_mesh 743/1029 | Building BVH
Fra:1 Mem:64.80M (Peak 102.93M) | Time:00:00.20 | Mem:10.74M, Peak:10.75M | Scene, ViewLayer | Updating Geometry BVH common_son_room_bed_01_mattress_mesh 745/1029 | Building BVH
Fra:1 Mem:64.80M (Peak 102.93M) | Time:00:00.20 | Mem:10.75M, Peak:10.75M | Scene, ViewLayer | Updating Geometry BVH common_son_room_bed_01_headboard_mesh 746/1029 | Building BVH
Fra:1 Mem:64.80M (Peak 102.93M) | Time:00:00.20 | Mem:10.78M, Peak:10.78M | Scene, ViewLayer | Updating Geometry BVH common_son_room_bed_01_duvet_mesh 747/1029 | Building BVH
Fra:1 Mem:64.80M (Peak 102.93M) | Time:00:00.20 | Mem:10.85M, Peak:10.85M | Scene, ViewLayer | Updating Geometry BVH common_son_room_bed_01_duvetdrop_mesh 748/1029 | Building BVH
Fra:1 Mem:64.80M (Peak 102.93M) | Time:00:00.20 | Mem:10.88M, Peak:10.88M | Scene, ViewLayer | Updating Geometry BVH common_son_room_bed_01_duvetdrop2_mesh 749/1029 | Building BVH
Fra:1 Mem:64.80M (Peak 102.93M) | Time:00:00.20 | Mem:10.88M, Peak:10.88M | Scene, ViewLayer | Updating Geometry BVH common_son_room_bed_01_pillow1_mesh 750/1029 | Building BVH
Fra:1 Mem:64.80M (Peak 102.93M) | Time:00:00.20 | Mem:10.90M, Peak:10.90M | Scene, ViewLayer | Updating Geometry BVH common_son_room_bed_01_pillow2_mesh 751/1029 | Building BVH
Fra:1 Mem:64.80M (Peak 102.93M) | Time:00:00.20 | Mem:10.89M, Peak:10.90M | Scene, ViewLayer | Updating Geometry BVH A_living_dining_balcony_sofa_01_pillow_olive_mesh 998/1029 | Building BVH
Fra:1 Mem:64.80M (Peak 102.93M) | Time:00:00.20 | Mem:10.89M, Peak:10.90M | Scene, ViewLayer | Updating Geometry BVH common_son_room_bed_01_pillow_acc_mesh 752/1029 | Building BVH
Fra:1 Mem:64.80M (Peak 102.93M) | Time:00:00.20 | Mem:10.89M, Peak:10.90M | Scene, ViewLayer | Updating Geometry BVH common_son_room_bed_01_throw_mesh 753/1029 | Building BVH
Fra:1 Mem:64.80M (Peak 102.93M) | Time:00:00.20 | Mem:10.91M, Peak:10.91M | Scene, ViewLayer | Updating Geometry BVH common_son_room_desk_01_top_mesh 754/1029 | Building BVH
Fra:1 Mem:64.80M (Peak 102.93M) | Time:00:00.20 | Mem:11.00M, Peak:11.00M | Scene, ViewLayer | Updating Geometry BVH common_son_room_desk_01_drawer_mesh 755/1029 | Building BVH
Fra:1 Mem:64.80M (Peak 102.93M) | Time:00:00.20 | Mem:10.99M, Peak:11.00M | Scene, ViewLayer | Updating Geometry BVH common_son_room_desk_01_leg0_mesh 756/1029 | Building BVH
Fra:1 Mem:64.80M (Peak 102.93M) | Time:00:00.20 | Mem:10.99M, Peak:11.00M | Scene, ViewLayer | Updating Geometry BVH common_son_room_desk_01_leg2_mesh 758/1029 | Building BVH
Fra:1 Mem:64.80M (Peak 102.93M) | Time:00:00.20 | Mem:10.99M, Peak:11.00M | Scene, ViewLayer | Updating Geometry BVH common_son_room_desk_01_leg3_mesh 759/1029 | Building BVH
Fra:1 Mem:64.80M (Peak 102.93M) | Time:00:00.20 | Mem:11.04M, Peak:11.04M | Scene, ViewLayer | Updating Geometry BVH common_son_room_shelf_01_side0_mesh 760/1029 | Building BVH
Fra:1 Mem:64.80M (Peak 102.93M) | Time:00:00.20 | Mem:11.03M, Peak:11.04M | Scene, ViewLayer | Updating Geometry BVH common_son_room_shelf_01_side1_mesh 761/1029 | Building BVH
Fra:1 Mem:64.80M (Peak 102.93M) | Time:00:00.20 | Mem:11.03M, Peak:11.04M | Scene, ViewLayer | Updating Geometry BVH common_son_room_shelf_01_top_mesh 762/1029 | Building BVH
Fra:1 Mem:64.80M (Peak 102.93M) | Time:00:00.20 | Mem:11.04M, Peak:11.04M | Scene, ViewLayer | Updating Geometry BVH common_son_room_shelf_01_sh1_mesh 763/1029 | Building BVH
Fra:1 Mem:64.80M (Peak 102.93M) | Time:00:00.20 | Mem:11.04M, Peak:11.04M | Scene, ViewLayer | Updating Geometry BVH common_son_room_chair_01_back_mesh 765/1029 | Building BVH
Fra:1 Mem:64.80M (Peak 102.93M) | Time:00:00.20 | Mem:11.05M, Peak:11.05M | Scene, ViewLayer | Updating Geometry BVH common_son_room_chair_01_post_mesh 766/1029 | Building BVH
Fra:1 Mem:64.80M (Peak 102.93M) | Time:00:00.20 | Mem:11.07M, Peak:11.07M | Scene, ViewLayer | Updating Geometry BVH common_son_room_chair_01_base_mesh 767/1029 | Building BVH
Fra:1 Mem:64.80M (Peak 102.93M) | Time:00:00.20 | Mem:11.08M, Peak:11.08M | Scene, ViewLayer | Updating Geometry BVH A_living_dining_balcony_sofa_01_arm1_mesh 997/1029 | Building BVH
Fra:1 Mem:64.80M (Peak 102.93M) | Time:00:00.20 | Mem:11.10M, Peak:11.10M | Scene, ViewLayer | Updating Geometry BVH common_son_room_rug_01_pile_mesh 768/1029 | Building BVH
Fra:1 Mem:64.80M (Peak 102.93M) | Time:00:00.20 | Mem:11.16M, Peak:11.16M | Scene, ViewLayer | Updating Geometry BVH fx_curt_master_sheer_mesh 769/1029 | Building BVH
Fra:1 Mem:64.80M (Peak 102.93M) | Time:00:00.20 | Mem:11.17M, Peak:11.17M | Scene, ViewLayer | Updating Geometry BVH fx_curt_master_bo_w_mesh 770/1029 | Building BVH
Fra:1 Mem:64.80M (Peak 102.93M) | Time:00:00.20 | Mem:11.21M, Peak:11.21M | Scene, ViewLayer | Updating Geometry BVH fx_curt_master_bo_e_mesh 771/1029 | Building BVH
Fra:1 Mem:64.80M (Peak 102.93M) | Time:00:00.20 | Mem:11.21M, Peak:11.21M | Scene, ViewLayer | Updating Geometry BVH fx_curt_parents_sheer_mesh 772/1029 | Building BVH
Fra:1 Mem:64.80M (Peak 102.93M) | Time:00:00.20 | Mem:11.20M, Peak:11.21M | Scene, ViewLayer | Updating Geometry BVH fx_curt_parents_roller_mesh 773/1029 | Building BVH
Fra:1 Mem:64.80M (Peak 102.93M) | Time:00:00.20 | Mem:11.20M, Peak:11.21M | Scene, ViewLayer | Updating Geometry BVH fx_curt_daughter_sheer_mesh 774/1029 | Building BVH
Fra:1 Mem:64.80M (Peak 102.93M) | Time:00:00.20 | Mem:11.22M, Peak:11.22M | Scene, ViewLayer | Updating Geometry BVH fx_curt_daughter_bo_w_mesh 775/1029 | Building BVH
Fra:1 Mem:64.80M (Peak 102.93M) | Time:00:00.20 | Mem:11.30M, Peak:11.31M | Scene, ViewLayer | Updating Geometry BVH fx_curt_daughter_bo_e_mesh 776/1029 | Building BVH
Fra:1 Mem:64.80M (Peak 102.93M) | Time:00:00.20 | Mem:11.29M, Peak:11.31M | Scene, ViewLayer | Updating Geometry BVH fx_curt_son_sheer_mesh 777/1029 | Building BVH
Fra:1 Mem:64.80M (Peak 102.93M) | Time:00:00.20 | Mem:11.29M, Peak:11.31M | Scene, ViewLayer | Updating Geometry BVH fx_blind_mb_slats0_mesh 780/1029 | Building BVH
Fra:1 Mem:64.80M (Peak 102.93M) | Time:00:00.20 | Mem:11.31M, Peak:11.31M | Scene, ViewLayer | Updating Geometry BVH fx_blind_mb_slats1_mesh 781/1029 | Building BVH
Fra:1 Mem:64.80M (Peak 102.93M) | Time:00:00.20 | Mem:11.31M, Peak:11.31M | Scene, ViewLayer | Updating Geometry BVH fx_blind_mb_slats2_mesh 782/1029 | Building BVH
Fra:1 Mem:64.80M (Peak 102.93M) | Time:00:00.20 | Mem:11.31M, Peak:11.31M | Scene, ViewLayer | Updating Geometry BVH fx_blind_mb_slats3_mesh 783/1029 | Building BVH
Fra:1 Mem:64.80M (Peak 102.93M) | Time:00:00.20 | Mem:11.32M, Peak:11.32M | Scene, ViewLayer | Updating Geometry BVH fx_blind_mb_slats4_mesh 784/1029 | Building BVH
Fra:1 Mem:64.80M (Peak 102.93M) | Time:00:00.20 | Mem:11.37M, Peak:11.37M | Scene, ViewLayer | Updating Geometry BVH fx_blind_mb_slats5_mesh 785/1029 | Building BVH
Fra:1 Mem:64.80M (Peak 102.93M) | Time:00:00.20 | Mem:11.38M, Peak:11.38M | Scene, ViewLayer | Updating Geometry BVH fx_blind_mb_slats6_mesh 786/1029 | Building BVH
Fra:1 Mem:64.80M (Peak 102.93M) | Time:00:00.20 | Mem:11.40M, Peak:11.40M | Scene, ViewLayer | Updating Geometry BVH fx_blind_mb_slats7_mesh 787/1029 | Building BVH
Fra:1 Mem:64.80M (Peak 102.93M) | Time:00:00.20 | Mem:11.42M, Peak:11.42M | Scene, ViewLayer | Updating Geometry BVH fx_blind_mb_slats8_mesh 788/1029 | Building BVH
Fra:1 Mem:64.80M (Peak 102.93M) | Time:00:00.20 | Mem:11.41M, Peak:11.42M | Scene, ViewLayer | Updating Geometry BVH fx_ceiling_master_bedroom_mesh 789/1029 | Building BVH
Fra:1 Mem:64.80M (Peak 102.93M) | Time:00:00.20 | Mem:11.42M, Peak:11.42M | Scene, ViewLayer | Updating Geometry BVH fx_ceiling_parents_room_mesh 790/1029 | Building BVH
Fra:1 Mem:64.80M (Peak 102.93M) | Time:00:00.20 | Mem:11.44M, Peak:11.44M | Scene, ViewLayer | Updating Geometry BVH fx_ceiling_daughter_room_mesh 791/1029 | Building BVH
Fra:1 Mem:64.80M (Peak 102.93M) | Time:00:00.20 | Mem:11.45M, Peak:11.45M | Scene, ViewLayer | Updating Geometry BVH fx_ceiling_son_room_mesh 792/1029 | Building BVH
Fra:1 Mem:64.80M (Peak 102.93M) | Time:00:00.20 | Mem:11.47M, Peak:11.47M | Scene, ViewLayer | Updating Geometry BVH fx_spot_living00_mesh 793/1029 | Building BVH
Fra:1 Mem:64.80M (Peak 102.93M) | Time:00:00.20 | Mem:11.47M, Peak:11.47M | Scene, ViewLayer | Updating Geometry BVH fx_spot_living00_r_mesh 794/1029 | Building BVH
Fra:1 Mem:64.80M (Peak 102.93M) | Time:00:00.20 | Mem:11.49M, Peak:11.49M | Scene, ViewLayer | Updating Geometry BVH fx_spot_living01_mesh 795/1029 | Building BVH
Fra:1 Mem:64.80M (Peak 102.93M) | Time:00:00.20 | Mem:11.51M, Peak:11.51M | Scene, ViewLayer | Updating Geometry BVH fx_spot_living01_r_mesh 796/1029 | Building BVH
Fra:1 Mem:64.80M (Peak 102.93M) | Time:00:00.20 | Mem:11.54M, Peak:11.55M | Scene, ViewLayer | Updating Geometry BVH A_living_dining_balcony_sofa_01_arm0_mesh 996/1029 | Building BVH
Fra:1 Mem:64.80M (Peak 102.93M) | Time:00:00.20 | Mem:11.57M, Peak:11.57M | Scene, ViewLayer | Updating Geometry BVH fx_spot_living02_mesh 797/1029 | Building BVH
Fra:1 Mem:64.80M (Peak 102.93M) | Time:00:00.20 | Mem:11.57M, Peak:11.57M | Scene, ViewLayer | Updating Geometry BVH fx_spot_living02_r_mesh 798/1029 | Building BVH
Fra:1 Mem:64.80M (Peak 102.93M) | Time:00:00.20 | Mem:11.57M, Peak:11.57M | Scene, ViewLayer | Updating Geometry BVH fx_spot_living03_mesh 799/1029 | Building BVH
Fra:1 Mem:64.80M (Peak 102.93M) | Time:00:00.20 | Mem:11.61M, Peak:11.61M | Scene, ViewLayer | Updating Geometry BVH fx_spot_living03_r_mesh 800/1029 | Building BVH
Fra:1 Mem:64.80M (Peak 102.93M) | Time:00:00.20 | Mem:11.61M, Peak:11.61M | Scene, ViewLayer | Updating Geometry BVH fx_spot_living04_r_mesh 802/1029 | Building BVH
Fra:1 Mem:64.80M (Peak 102.93M) | Time:00:00.20 | Mem:11.61M, Peak:11.61M | Scene, ViewLayer | Updating Geometry BVH fx_spot_living05_mesh 803/1029 | Building BVH
Fra:1 Mem:64.80M (Peak 102.93M) | Time:00:00.20 | Mem:11.62M, Peak:11.62M | Scene, ViewLayer | Updating Geometry BVH fx_spot_living05_r_mesh 804/1029 | Building BVH
Fra:1 Mem:64.80M (Peak 102.93M) | Time:00:00.20 | Mem:11.62M, Peak:11.62M | Scene, ViewLayer | Updating Geometry BVH fx_spot_living06_mesh 805/1029 | Building BVH
Fra:1 Mem:64.80M (Peak 102.93M) | Time:00:00.20 | Mem:11.65M, Peak:11.65M | Scene, ViewLayer | Updating Geometry BVH fx_spot_living06_r_mesh 806/1029 | Building BVH
Fra:1 Mem:64.80M (Peak 102.93M) | Time:00:00.20 | Mem:11.65M, Peak:11.65M | Scene, ViewLayer | Updating Geometry BVH fx_spot_living07_mesh 807/1029 | Building BVH
Fra:1 Mem:64.80M (Peak 102.93M) | Time:00:00.20 | Mem:11.66M, Peak:11.66M | Scene, ViewLayer | Updating Geometry BVH fx_spot_living07_r_mesh 808/1029 | Building BVH
Fra:1 Mem:64.80M (Peak 102.93M) | Time:00:00.20 | Mem:11.76M, Peak:11.76M | Scene, ViewLayer | Updating Geometry BVH fx_spot_living08_mesh 809/1029 | Building BVH
Fra:1 Mem:64.80M (Peak 102.93M) | Time:00:00.20 | Mem:11.76M, Peak:11.76M | Scene, ViewLayer | Updating Geometry BVH fx_spot_living08_r_mesh 810/1029 | Building BVH
Fra:1 Mem:64.80M (Peak 102.93M) | Time:00:00.20 | Mem:11.76M, Peak:11.76M | Scene, ViewLayer | Updating Geometry BVH fx_spot_living09_mesh 811/1029 | Building BVH
Fra:1 Mem:64.80M (Peak 102.93M) | Time:00:00.20 | Mem:11.76M, Peak:11.76M | Scene, ViewLayer | Updating Geometry BVH fx_spot_living09_r_mesh 812/1029 | Building BVH
Fra:1 Mem:64.80M (Peak 102.93M) | Time:00:00.20 | Mem:11.76M, Peak:11.76M | Scene, ViewLayer | Updating Geometry BVH fx_spot_living10_mesh 813/1029 | Building BVH
Fra:1 Mem:64.80M (Peak 102.93M) | Time:00:00.20 | Mem:11.75M, Peak:11.76M | Scene, ViewLayer | Updating Geometry BVH fx_spot_living10_r_mesh 814/1029 | Building BVH
Fra:1 Mem:64.80M (Peak 102.93M) | Time:00:00.20 | Mem:11.75M, Peak:11.76M | Scene, ViewLayer | Updating Geometry BVH fx_spot_living11_mesh 815/1029 | Building BVH
Fra:1 Mem:64.80M (Peak 102.93M) | Time:00:00.20 | Mem:11.76M, Peak:11.76M | Scene, ViewLayer | Updating Geometry BVH fx_spot_living11_r_mesh 816/1029 | Building BVH
Fra:1 Mem:64.80M (Peak 102.93M) | Time:00:00.20 | Mem:11.83M, Peak:11.83M | Scene, ViewLayer | Updating Geometry BVH A_living_dining_balcony_sofa_01_seat2_mesh 995/1029 | Building BVH
Fra:1 Mem:64.80M (Peak 102.93M) | Time:00:00.20 | Mem:11.85M, Peak:11.85M | Scene, ViewLayer | Updating Geometry BVH fx_spot_living12_mesh 817/1029 | Building BVH
Fra:1 Mem:64.80M (Peak 102.93M) | Time:00:00.20 | Mem:11.85M, Peak:11.85M | Scene, ViewLayer | Updating Geometry BVH fx_spot_living12_r_mesh 818/1029 | Building BVH
Fra:1 Mem:64.80M (Peak 102.93M) | Time:00:00.20 | Mem:11.89M, Peak:11.89M | Scene, ViewLayer | Updating Geometry BVH fx_spot_living13_mesh 819/1029 | Building BVH
Fra:1 Mem:64.80M (Peak 102.93M) | Time:00:00.20 | Mem:11.91M, Peak:11.93M | Scene, ViewLayer | Updating Geometry BVH fx_spot_living13_r_mesh 820/1029 | Building BVH
Fra:1 Mem:64.80M (Peak 102.93M) | Time:00:00.20 | Mem:11.91M, Peak:11.93M | Scene, ViewLayer | Updating Geometry BVH fx_spot_living14_r_mesh 822/1029 | Building BVH
Fra:1 Mem:64.80M (Peak 102.93M) | Time:00:00.20 | Mem:11.92M, Peak:11.93M | Scene, ViewLayer | Updating Geometry BVH fx_spot_living15_mesh 823/1029 | Building BVH
Fra:1 Mem:64.80M (Peak 102.93M) | Time:00:00.20 | Mem:11.92M, Peak:11.93M | Scene, ViewLayer | Updating Geometry BVH fx_spot_living15_r_mesh 824/1029 | Building BVH
Fra:1 Mem:64.80M (Peak 102.93M) | Time:00:00.20 | Mem:11.92M, Peak:11.93M | Scene, ViewLayer | Updating Geometry BVH fx_spot_living16_mesh 825/1029 | Building BVH
Fra:1 Mem:64.80M (Peak 102.93M) | Time:00:00.20 | Mem:12.01M, Peak:12.02M | Scene, ViewLayer | Updating Geometry BVH fx_spot_living16_r_mesh 826/1029 | Building BVH
Fra:1 Mem:64.80M (Peak 102.93M) | Time:00:00.20 | Mem:12.01M, Peak:12.02M | Scene, ViewLayer | Updating Geometry BVH fx_spot_room0_mesh 827/1029 | Building BVH
Fra:1 Mem:64.80M (Peak 102.93M) | Time:00:00.20 | Mem:12.01M, Peak:12.02M | Scene, ViewLayer | Updating Geometry BVH fx_spot_room1_mesh 828/1029 | Building BVH
Fra:1 Mem:64.80M (Peak 102.93M) | Time:00:00.20 | Mem:12.02M, Peak:12.02M | Scene, ViewLayer | Updating Geometry BVH fx_spot_room2_mesh 829/1029 | Building BVH
Fra:1 Mem:64.80M (Peak 102.93M) | Time:00:00.20 | Mem:12.04M, Peak:12.04M | Scene, ViewLayer | Updating Geometry BVH fx_spot_room3_mesh 830/1029 | Building BVH
Fra:1 Mem:64.80M (Peak 102.93M) | Time:00:00.20 | Mem:12.08M, Peak:12.08M | Scene, ViewLayer | Updating Geometry BVH A_living_dining_balcony_sofa_01_seat1_mesh 994/1029 | Building BVH
Fra:1 Mem:64.80M (Peak 102.93M) | Time:00:00.20 | Mem:12.09M, Peak:12.09M | Scene, ViewLayer | Updating Geometry BVH fx_spot_room4_mesh 831/1029 | Building BVH
Fra:1 Mem:64.80M (Peak 102.93M) | Time:00:00.20 | Mem:12.09M, Peak:12.09M | Scene, ViewLayer | Updating Geometry BVH fx_spot_room5_mesh 832/1029 | Building BVH
Fra:1 Mem:64.80M (Peak 102.93M) | Time:00:00.20 | Mem:12.09M, Peak:12.09M | Scene, ViewLayer | Updating Geometry BVH fx_spot_room6_mesh 833/1029 | Building BVH
Fra:1 Mem:64.80M (Peak 102.93M) | Time:00:00.20 | Mem:12.10M, Peak:12.10M | Scene, ViewLayer | Updating Geometry BVH fx_spot_room7_mesh 834/1029 | Building BVH
Fra:1 Mem:64.80M (Peak 102.93M) | Time:00:00.20 | Mem:12.12M, Peak:12.12M | Scene, ViewLayer | Updating Geometry BVH fx_wall_lamp0_mesh 835/1029 | Building BVH
Fra:1 Mem:64.80M (Peak 102.93M) | Time:00:00.20 | Mem:12.13M, Peak:12.13M | Scene, ViewLayer | Updating Geometry BVH fx_wall_lamp0_sh_mesh 836/1029 | Building BVH
Fra:1 Mem:64.80M (Peak 102.93M) | Time:00:00.20 | Mem:12.14M, Peak:12.14M | Scene, ViewLayer | Updating Geometry BVH fx_wall_lamp1_mesh 837/1029 | Building BVH
Fra:1 Mem:64.80M (Peak 102.93M) | Time:00:00.20 | Mem:12.15M, Peak:12.15M | Scene, ViewLayer | Updating Geometry BVH fx_wall_lamp1_sh_mesh 838/1029 | Building BVH
Fra:1 Mem:64.80M (Peak 102.93M) | Time:00:00.20 | Mem:12.15M, Peak:12.15M | Scene, ViewLayer | Updating Geometry BVH fx_wall_lamp2_mesh 839/1029 | Building BVH
Fra:1 Mem:64.80M (Peak 102.93M) | Time:00:00.20 | Mem:12.15M, Peak:12.15M | Scene, ViewLayer | Updating Geometry BVH fx_wall_lamp2_sh_mesh 840/1029 | Building BVH
Fra:1 Mem:64.80M (Peak 102.93M) | Time:00:00.20 | Mem:12.16M, Peak:12.16M | Scene, ViewLayer | Updating Geometry BVH fx_foyer_jar_mesh 841/1029 | Building BVH
Fra:1 Mem:64.80M (Peak 102.93M) | Time:00:00.20 | Mem:12.18M, Peak:12.18M | Scene, ViewLayer | Updating Geometry BVH fx_foyer_pic_mesh 842/1029 | Building BVH
Fra:1 Mem:64.80M (Peak 102.93M) | Time:00:00.20 | Mem:12.22M, Peak:12.22M | Scene, ViewLayer | Updating Geometry BVH fx_kn_board_mesh 843/1029 | Building BVH
Fra:1 Mem:64.80M (Peak 102.93M) | Time:00:00.20 | Mem:12.23M, Peak:12.23M | Scene, ViewLayer | Updating Geometry BVH fx_kn_oil_mesh 844/1029 | Building BVH
Fra:1 Mem:64.80M (Peak 102.93M) | Time:00:00.20 | Mem:12.36M, Peak:12.36M | Scene, ViewLayer | Updating Geometry BVH fx_kn_herb_mesh 845/1029 | Building BVH
Fra:1 Mem:64.80M (Peak 102.93M) | Time:00:00.20 | Mem:12.37M, Peak:12.37M | Scene, ViewLayer | Updating Geometry BVH fx_kn_herb_leaf1_mesh 846/1029 | Building BVH
Fra:1 Mem:64.80M (Peak 102.93M) | Time:00:00.20 | Mem:12.37M, Peak:12.37M | Scene, ViewLayer | Updating Geometry BVH fx_kn_herb_leaf2_mesh 847/1029 | Building BVH
Fra:1 Mem:64.80M (Peak 102.93M) | Time:00:00.20 | Mem:12.37M, Peak:12.38M | Scene, ViewLayer | Updating Geometry BVH fx_island_tray_mesh 848/1029 | Building BVH
Fra:1 Mem:64.80M (Peak 102.93M) | Time:00:00.20 | Mem:12.39M, Peak:12.39M | Scene, ViewLayer | Updating Geometry BVH fx_bc_book00_mesh 849/1029 | Building BVH
Fra:1 Mem:64.80M (Peak 102.93M) | Time:00:00.20 | Mem:12.42M, Peak:12.43M | Scene, ViewLayer | Updating Geometry BVH fx_bc_book01_mesh 850/1029 | Building BVH
Fra:1 Mem:64.80M (Peak 102.93M) | Time:00:00.20 | Mem:12.42M, Peak:12.43M | Scene, ViewLayer | Updating Geometry BVH fx_bc_book02_mesh 851/1029 | Building BVH
Fra:1 Mem:64.80M (Peak 102.93M) | Time:00:00.20 | Mem:12.39M, Peak:12.43M | Scene, ViewLayer | Updating Geometry BVH fx_bc_book10_mesh 852/1029 | Building BVH
Fra:1 Mem:64.80M (Peak 102.93M) | Time:00:00.20 | Mem:12.40M, Peak:12.43M | Scene, ViewLayer | Updating Geometry BVH fx_bc_book11_mesh 853/1029 | Building BVH
Fra:1 Mem:64.80M (Peak 102.93M) | Time:00:00.20 | Mem:12.41M, Peak:12.43M | Scene, ViewLayer | Updating Geometry BVH fx_bc_book12_mesh 854/1029 | Building BVH
Fra:1 Mem:64.80M (Peak 102.93M) | Time:00:00.20 | Mem:12.41M, Peak:12.43M | Scene, ViewLayer | Updating Geometry BVH fx_bc_record_mesh 855/1029 | Building BVH
Fra:1 Mem:64.80M (Peak 102.93M) | Time:00:00.20 | Mem:12.44M, Peak:12.44M | Scene, ViewLayer | Updating Geometry BVH fx_bc_pot_mesh 856/1029 | Building BVH
Fra:1 Mem:64.80M (Peak 102.93M) | Time:00:00.20 | Mem:12.44M, Peak:12.44M | Scene, ViewLayer | Updating Geometry BVH fx_desk_book0_mesh 857/1029 | Building BVH
Fra:1 Mem:64.80M (Peak 102.93M) | Time:00:00.20 | Mem:12.56M, Peak:12.56M | Scene, ViewLayer | Updating Geometry BVH fx_desk_book1_mesh 858/1029 | Building BVH
Fra:1 Mem:64.80M (Peak 102.93M) | Time:00:00.20 | Mem:12.56M, Peak:12.56M | Scene, ViewLayer | Updating Geometry BVH fx_fiddle_pot_mesh 859/1029 | Building BVH
Fra:1 Mem:64.80M (Peak 102.93M) | Time:00:00.21 | Mem:12.55M, Peak:12.58M | Scene, ViewLayer | Updating Geometry BVH fx_fiddle_leaf0_mesh 861/1029 | Building BVH
Fra:1 Mem:64.80M (Peak 102.93M) | Time:00:00.21 | Mem:12.55M, Peak:12.58M | Scene, ViewLayer | Updating Geometry BVH fx_fiddle_leaf2_mesh 863/1029 | Building BVH
Fra:1 Mem:64.80M (Peak 102.93M) | Time:00:00.21 | Mem:12.55M, Peak:12.58M | Scene, ViewLayer | Updating Geometry BVH fx_fiddle_leaf6_mesh 867/1029 | Building BVH
Fra:1 Mem:64.80M (Peak 102.93M) | Time:00:00.21 | Mem:12.55M, Peak:12.58M | Scene, ViewLayer | Updating Geometry BVH fx_fiddle_leaf5_mesh 866/1029 | Building BVH
Fra:1 Mem:64.80M (Peak 102.93M) | Time:00:00.21 | Mem:12.55M, Peak:12.58M | Scene, ViewLayer | Updating Geometry BVH lt_sun 868/1029 | Building BVH
Fra:1 Mem:64.80M (Peak 102.93M) | Time:00:00.21 | Mem:12.55M, Peak:12.58M | Scene, ViewLayer | Updating Geometry BVH lt_spot_liv00 869/1029 | Building BVH
Fra:1 Mem:64.80M (Peak 102.93M) | Time:00:00.21 | Mem:12.56M, Peak:12.58M | Scene, ViewLayer | Updating Geometry BVH lt_spot_liv01 870/1029 | Building BVH
Fra:1 Mem:64.80M (Peak 102.93M) | Time:00:00.21 | Mem:12.58M, Peak:12.58M | Scene, ViewLayer | Updating Geometry BVH lt_spot_liv02 871/1029 | Building BVH
Fra:1 Mem:64.80M (Peak 102.93M) | Time:00:00.21 | Mem:12.59M, Peak:12.59M | Scene, ViewLayer | Updating Geometry BVH A_living_dining_balcony_sofa_01_seat0_mesh 993/1029 | Building BVH
Fra:1 Mem:64.80M (Peak 102.93M) | Time:00:00.21 | Mem:12.61M, Peak:12.61M | Scene, ViewLayer | Updating Geometry BVH lt_spot_liv03 872/1029 | Building BVH
Fra:1 Mem:64.80M (Peak 102.93M) | Time:00:00.21 | Mem:12.63M, Peak:12.63M | Scene, ViewLayer | Updating Geometry BVH lt_spot_liv04 873/1029 | Building BVH
Fra:1 Mem:64.80M (Peak 102.93M) | Time:00:00.21 | Mem:12.70M, Peak:12.70M | Scene, ViewLayer | Updating Geometry BVH lt_spot_liv05 874/1029 | Building BVH
Fra:1 Mem:64.80M (Peak 102.93M) | Time:00:00.21 | Mem:12.69M, Peak:12.70M | Scene, ViewLayer | Updating Geometry BVH lt_spot_liv06 875/1029 | Building BVH
Fra:1 Mem:64.80M (Peak 102.93M) | Time:00:00.21 | Mem:12.69M, Peak:12.70M | Scene, ViewLayer | Updating Geometry BVH lt_spot_liv07 876/1029 | Building BVH
Fra:1 Mem:64.80M (Peak 102.93M) | Time:00:00.21 | Mem:12.69M, Peak:12.70M | Scene, ViewLayer | Updating Geometry BVH lt_spot_liv08 877/1029 | Building BVH
Fra:1 Mem:64.80M (Peak 102.93M) | Time:00:00.21 | Mem:12.70M, Peak:12.70M | Scene, ViewLayer | Updating Geometry BVH lt_spot_liv10 879/1029 | Building BVH
Fra:1 Mem:64.80M (Peak 102.93M) | Time:00:00.21 | Mem:12.70M, Peak:12.70M | Scene, ViewLayer | Updating Geometry BVH lt_spot_liv09 878/1029 | Building BVH
Fra:1 Mem:64.80M (Peak 102.93M) | Time:00:00.21 | Mem:12.70M, Peak:12.70M | Scene, ViewLayer | Updating Geometry BVH lt_spot_liv11 880/1029 | Building BVH
Fra:1 Mem:64.80M (Peak 102.93M) | Time:00:00.21 | Mem:12.72M, Peak:12.72M | Scene, ViewLayer | Updating Geometry BVH lt_spot_liv13 882/1029 | Building BVH
Fra:1 Mem:64.80M (Peak 102.93M) | Time:00:00.21 | Mem:12.73M, Peak:12.73M | Scene, ViewLayer | Updating Geometry BVH lt_spot_liv14 883/1029 | Building BVH
Fra:1 Mem:64.80M (Peak 102.93M) | Time:00:00.21 | Mem:12.74M, Peak:12.74M | Scene, ViewLayer | Updating Geometry BVH lt_spot_liv15 884/1029 | Building BVH
Fra:1 Mem:64.80M (Peak 102.93M) | Time:00:00.21 | Mem:12.74M, Peak:12.74M | Scene, ViewLayer | Updating Geometry BVH lt_spot_liv16 885/1029 | Building BVH
Fra:1 Mem:64.80M (Peak 102.93M) | Time:00:00.21 | Mem:12.77M, Peak:12.77M | Scene, ViewLayer | Updating Geometry BVH lt_spot_room0 886/1029 | Building BVH
Fra:1 Mem:64.80M (Peak 102.93M) | Time:00:00.21 | Mem:12.79M, Peak:12.79M | Scene, ViewLayer | Updating Geometry BVH lt_spot_room1 887/1029 | Building BVH
Fra:1 Mem:64.80M (Peak 102.93M) | Time:00:00.21 | Mem:12.79M, Peak:12.79M | Scene, ViewLayer | Updating Geometry BVH lt_spot_room2 888/1029 | Building BVH
Fra:1 Mem:64.80M (Peak 102.93M) | Time:00:00.21 | Mem:12.80M, Peak:12.80M | Scene, ViewLayer | Updating Geometry BVH lt_spot_room3 889/1029 | Building BVH
Fra:1 Mem:64.80M (Peak 102.93M) | Time:00:00.21 | Mem:12.80M, Peak:12.80M | Scene, ViewLayer | Updating Geometry BVH lt_spot_room4 890/1029 | Building BVH
Fra:1 Mem:64.80M (Peak 102.93M) | Time:00:00.21 | Mem:12.80M, Peak:12.80M | Scene, ViewLayer | Updating Geometry BVH lt_spot_room5 891/1029 | Building BVH
Fra:1 Mem:64.80M (Peak 102.93M) | Time:00:00.21 | Mem:12.80M, Peak:12.80M | Scene, ViewLayer | Updating Geometry BVH lt_spot_room6 892/1029 | Building BVH
Fra:1 Mem:64.80M (Peak 102.93M) | Time:00:00.21 | Mem:12.80M, Peak:12.80M | Scene, ViewLayer | Updating Geometry BVH lt_spot_room7 893/1029 | Building BVH
Fra:1 Mem:64.80M (Peak 102.93M) | Time:00:00.21 | Mem:12.80M, Peak:12.80M | Scene, ViewLayer | Updating Geometry BVH lt_spot_room8 894/1029 | Building BVH
Fra:1 Mem:64.80M (Peak 102.93M) | Time:00:00.21 | Mem:12.81M, Peak:12.81M | Scene, ViewLayer | Updating Geometry BVH lt_spot_room9 895/1029 | Building BVH
Fra:1 Mem:64.80M (Peak 102.93M) | Time:00:00.21 | Mem:12.82M, Peak:12.82M | Scene, ViewLayer | Updating Geometry BVH lt_spot_room10 896/1029 | Building BVH
Fra:1 Mem:64.80M (Peak 102.93M) | Time:00:00.21 | Mem:12.88M, Peak:12.88M | Scene, ViewLayer | Updating Geometry BVH lt_spot_room11 897/1029 | Building BVH
Fra:1 Mem:64.80M (Peak 102.93M) | Time:00:00.21 | Mem:12.88M, Peak:12.88M | Scene, ViewLayer | Updating Geometry BVH A_living_dining_balcony_sofa_01_back2_mesh 992/1029 | Building BVH
Fra:1 Mem:64.80M (Peak 102.93M) | Time:00:00.21 | Mem:12.88M, Peak:12.88M | Scene, ViewLayer | Updating Geometry BVH lt_spot_room12 898/1029 | Building BVH
Fra:1 Mem:64.80M (Peak 102.93M) | Time:00:00.21 | Mem:12.88M, Peak:12.88M | Scene, ViewLayer | Updating Geometry BVH lt_spot_room13 899/1029 | Building BVH
Fra:1 Mem:64.80M (Peak 102.93M) | Time:00:00.21 | Mem:12.88M, Peak:12.88M | Scene, ViewLayer | Updating Geometry BVH lt_ceiling_master 900/1029 | Building BVH
Fra:1 Mem:64.80M (Peak 102.93M) | Time:00:00.21 | Mem:12.89M, Peak:12.89M | Scene, ViewLayer | Updating Geometry BVH lt_ceiling_parents 901/1029 | Building BVH
Fra:1 Mem:64.80M (Peak 102.93M) | Time:00:00.21 | Mem:12.90M, Peak:12.90M | Scene, ViewLayer | Updating Geometry BVH lt_ceiling_son 903/1029 | Building BVH
Fra:1 Mem:64.80M (Peak 102.93M) | Time:00:00.21 | Mem:12.90M, Peak:12.90M | Scene, ViewLayer | Updating Geometry BVH lt_wall0 904/1029 | Building BVH
Fra:1 Mem:64.80M (Peak 102.93M) | Time:00:00.21 | Mem:12.90M, Peak:12.90M | Scene, ViewLayer | Updating Geometry BVH lt_wall1 905/1029 | Building BVH
Fra:1 Mem:64.80M (Peak 102.93M) | Time:00:00.21 | Mem:12.90M, Peak:12.90M | Scene, ViewLayer | Updating Geometry BVH lt_wall2 906/1029 | Building BVH
Fra:1 Mem:64.80M (Peak 102.93M) | Time:00:00.21 | Mem:12.90M, Peak:12.90M | Scene, ViewLayer | Updating Geometry BVH lt_strip_S_mesh 907/1029 | Building BVH
Fra:1 Mem:64.80M (Peak 102.93M) | Time:00:00.21 | Mem:12.97M, Peak:12.97M | Scene, ViewLayer | Updating Geometry BVH lt_strip_W_mesh 909/1029 | Building BVH
Fra:1 Mem:64.80M (Peak 102.93M) | Time:00:00.21 | Mem:12.97M, Peak:12.97M | Scene, ViewLayer | Updating Geometry BVH lt_strip_kc1_mesh 911/1029 | Building BVH
Fra:1 Mem:64.80M (Peak 102.93M) | Time:00:00.21 | Mem:12.97M, Peak:12.97M | Scene, ViewLayer | Updating Geometry BVH lt_strip_kc2_mesh 912/1029 | Building BVH
Fra:1 Mem:64.80M (Peak 102.93M) | Time:00:00.21 | Mem:12.97M, Peak:12.97M | Scene, ViewLayer | Updating Geometry BVH lt_strip_fyb_mesh 913/1029 | Building BVH
Fra:1 Mem:64.80M (Peak 102.93M) | Time:00:00.21 | Mem:12.97M, Peak:12.97M | Scene, ViewLayer | Updating Geometry BVH lt_strip_fyn_mesh 914/1029 | Building BVH
Fra:1 Mem:64.80M (Peak 102.93M) | Time:00:00.21 | Mem:12.97M, Peak:12.97M | Scene, ViewLayer | Updating Geometry BVH lt_strip_mb_mesh 916/1029 | Building BVH
Fra:1 Mem:64.80M (Peak 102.93M) | Time:00:00.21 | Mem:12.97M, Peak:12.97M | Scene, ViewLayer | Updating Geometry BVH lt_strip_N_mesh 908/1029 | Building BVH
Fra:1 Mem:64.80M (Peak 102.93M) | Time:00:00.21 | Mem:12.97M, Peak:12.97M | Scene, ViewLayer | Updating Geometry BVH lt_strip_cb_mesh 917/1029 | Building BVH
Fra:1 Mem:64.80M (Peak 102.93M) | Time:00:00.21 | Mem:12.97M, Peak:12.97M | Scene, ViewLayer | Updating Geometry BVH lt_fill_son 920/1029 | Building BVH
Fra:1 Mem:64.80M (Peak 102.93M) | Time:00:00.21 | Mem:13.00M, Peak:13.00M | Scene, ViewLayer | Updating Geometry BVH lt_fill_kitchen 921/1029 | Building BVH
Fra:1 Mem:64.80M (Peak 102.93M) | Time:00:00.21 | Mem:13.06M, Peak:13.06M | Scene, ViewLayer | Updating Geometry BVH lt_fill_pbath 922/1029 | Building BVH
Fra:1 Mem:64.80M (Peak 102.93M) | Time:00:00.21 | Mem:13.07M, Peak:13.07M | Scene, ViewLayer | Updating Geometry BVH lt_fill_mbath 923/1029 | Building BVH
Fra:1 Mem:64.80M (Peak 102.93M) | Time:00:00.21 | Mem:13.12M, Peak:13.12M | Scene, ViewLayer | Updating Geometry BVH lt_fill_corridor 924/1029 | Building BVH
Fra:1 Mem:64.80M (Peak 102.93M) | Time:00:00.21 | Mem:13.12M, Peak:13.12M | Scene, ViewLayer | Updating Geometry BVH A_living_dining_balcony_island_01_sideW_mesh 925/1029 | Building BVH
Fra:1 Mem:64.80M (Peak 102.93M) | Time:00:00.21 | Mem:13.12M, Peak:13.12M | Scene, ViewLayer | Updating Geometry BVH A_living_dining_balcony_island_01_sideE_mesh 926/1029 | Building BVH
Fra:1 Mem:64.80M (Peak 102.93M) | Time:00:00.21 | Mem:13.12M, Peak:13.12M | Scene, ViewLayer | Updating Geometry BVH A_living_dining_balcony_island_01_backN_mesh 927/1029 | Building BVH
Fra:1 Mem:64.80M (Peak 102.93M) | Time:00:00.21 | Mem:13.13M, Peak:13.13M | Scene, ViewLayer | Updating Geometry BVH A_living_dining_balcony_island_01_base_mesh 928/1029 | Building BVH
Fra:1 Mem:64.80M (Peak 102.93M) | Time:00:00.21 | Mem:13.16M, Peak:13.16M | Scene, ViewLayer | Updating Geometry BVH A_living_dining_balcony_island_01_oven_mesh 929/1029 | Building BVH
Fra:1 Mem:64.80M (Peak 102.93M) | Time:00:00.21 | Mem:13.16M, Peak:13.16M | Scene, ViewLayer | Updating Geometry BVH A_living_dining_balcony_island_01_drw_f0_mesh 930/1029 | Building BVH
Fra:1 Mem:64.80M (Peak 102.93M) | Time:00:00.21 | Mem:13.16M, Peak:13.16M | Scene, ViewLayer | Updating Geometry BVH A_living_dining_balcony_island_01_drw_p0_mesh 931/1029 | Building BVH
Fra:1 Mem:64.80M (Peak 102.93M) | Time:00:00.21 | Mem:13.17M, Peak:13.17M | Scene, ViewLayer | Updating Geometry BVH A_living_dining_balcony_sofa_01_back1_mesh 991/1029 | Building BVH
Fra:1 Mem:64.80M (Peak 102.93M) | Time:00:00.21 | Mem:13.19M, Peak:13.19M | Scene, ViewLayer | Updating Geometry BVH A_living_dining_balcony_island_01_sh0_mesh 933/1029 | Building BVH
Fra:1 Mem:64.80M (Peak 102.93M) | Time:00:00.21 | Mem:13.19M, Peak:13.19M | Scene, ViewLayer | Updating Geometry BVH A_living_dining_balcony_island_01_sh1_mesh 934/1029 | Building BVH
Fra:1 Mem:64.80M (Peak 102.93M) | Time:00:00.21 | Mem:13.19M, Peak:13.19M | Scene, ViewLayer | Updating Geometry BVH A_living_dining_balcony_island_01_top_mesh 935/1029 | Building BVH
Fra:1 Mem:64.80M (Peak 102.93M) | Time:00:00.21 | Mem:13.19M, Peak:13.19M | Scene, ViewLayer | Updating Geometry BVH A_living_dining_balcony_tv_cabinet_01_door_f0_mesh 937/1029 | Building BVH
Fra:1 Mem:64.80M (Peak 102.93M) | Time:00:00.21 | Mem:13.19M, Peak:13.19M | Scene, ViewLayer | Updating Geometry BVH A_living_dining_balcony_tv_cabinet_01_door_f1_mesh 938/1029 | Building BVH
Fra:1 Mem:64.80M (Peak 102.93M) | Time:00:00.21 | Mem:13.19M, Peak:13.19M | Scene, ViewLayer | Updating Geometry BVH A_living_dining_balcony_tv_cabinet_01_door_f2_mesh 939/1029 | Building BVH
Fra:1 Mem:64.80M (Peak 102.93M) | Time:00:00.21 | Mem:13.20M, Peak:13.20M | Scene, ViewLayer | Updating Geometry BVH A_living_dining_balcony_pendant_lamp_01_rod_mesh 940/1029 | Building BVH
Fra:1 Mem:64.80M (Peak 102.93M) | Time:00:00.21 | Mem:13.20M, Peak:13.20M | Scene, ViewLayer | Updating Geometry BVH A_living_dining_balcony_island_02_leg0_mesh 943/1029 | Building BVH
Fra:1 Mem:64.80M (Peak 102.93M) | Time:00:00.21 | Mem:13.21M, Peak:13.21M | Scene, ViewLayer | Updating Geometry BVH A_living_dining_balcony_island_02_leg1_mesh 944/1029 | Building BVH
Fra:1 Mem:64.80M (Peak 102.93M) | Time:00:00.21 | Mem:13.26M, Peak:13.26M | Scene, ViewLayer | Updating Geometry BVH A_living_dining_balcony_island_02_leg2_mesh 945/1029 | Building BVH
Fra:1 Mem:64.80M (Peak 102.93M) | Time:00:00.21 | Mem:13.52M, Peak:13.53M | Scene, ViewLayer | Updating Geometry BVH A_living_dining_balcony_island_02_leg3_mesh 946/1029 | Building BVH
Fra:1 Mem:64.80M (Peak 102.93M) | Time:00:00.21 | Mem:13.52M, Peak:13.53M | Scene, ViewLayer | Updating Geometry BVH A_living_dining_balcony_pendant_lamp_02_rod_mesh 947/1029 | Building BVH
Fra:1 Mem:64.80M (Peak 102.93M) | Time:00:00.21 | Mem:13.51M, Peak:13.53M | Scene, ViewLayer | Updating Geometry BVH A_living_dining_balcony_pendant_lamp_02_ globe_mesh 948/1029 | Building BVH
Fra:1 Mem:64.80M (Peak 102.93M) | Time:00:00.21 | Mem:13.51M, Peak:13.53M | Scene, ViewLayer | Updating Geometry BVH A_living_dining_balcony_dining_chair_01_seat_mesh 949/1029 | Building BVH
Fra:1 Mem:64.80M (Peak 102.93M) | Time:00:00.21 | Mem:13.57M, Peak:13.57M | Scene, ViewLayer | Updating Geometry BVH A_living_dining_balcony_dining_chair_01_back_mesh 950/1029 | Building BVH
Fra:1 Mem:64.80M (Peak 102.93M) | Time:00:00.21 | Mem:13.60M, Peak:13.60M | Scene, ViewLayer | Updating Geometry BVH A_living_dining_balcony_dining_chair_01_leg0_mesh 951/1029 | Building BVH
Fra:1 Mem:64.80M (Peak 102.93M) | Time:00:00.21 | Mem:13.64M, Peak:13.64M | Scene, ViewLayer | Updating Geometry BVH A_living_dining_balcony_dining_chair_01_leg1_mesh 952/1029 | Building BVH
Fra:1 Mem:64.80M (Peak 102.93M) | Time:00:00.21 | Mem:13.64M, Peak:13.64M | Scene, ViewLayer | Updating Geometry BVH A_living_dining_balcony_dining_chair_01_leg2_mesh 953/1029 | Building BVH
Fra:1 Mem:64.80M (Peak 102.93M) | Time:00:00.21 | Mem:13.63M, Peak:13.67M | Scene, ViewLayer | Updating Geometry BVH A_living_dining_balcony_dining_chair_01_leg3_mesh 954/1029 | Building BVH
Fra:1 Mem:64.80M (Peak 102.93M) | Time:00:00.21 | Mem:13.63M, Peak:13.67M | Scene, ViewLayer | Updating Geometry BVH A_living_dining_balcony_sofa_01_back0_mesh 990/1029 | Building BVH
Fra:1 Mem:64.80M (Peak 102.93M) | Time:00:00.21 | Mem:13.63M, Peak:13.67M | Scene, ViewLayer | Updating Geometry BVH A_living_dining_balcony_dining_chair_01_arm0_mesh 955/1029 | Building BVH
Fra:1 Mem:64.80M (Peak 102.93M) | Time:00:00.21 | Mem:13.64M, Peak:13.67M | Scene, ViewLayer | Updating Geometry BVH A_living_dining_balcony_dining_chair_01_arm1_mesh 956/1029 | Building BVH
Fra:1 Mem:64.80M (Peak 102.93M) | Time:00:00.21 | Mem:13.66M, Peak:13.67M | Scene, ViewLayer | Updating Geometry BVH A_living_dining_balcony_dining_chair_02_seat_mesh 957/1029 | Building BVH
Fra:1 Mem:64.80M (Peak 102.93M) | Time:00:00.21 | Mem:13.67M, Peak:13.67M | Scene, ViewLayer | Updating Geometry BVH A_living_dining_balcony_dining_chair_02_back_mesh 958/1029 | Building BVH
Fra:1 Mem:64.80M (Peak 102.93M) | Time:00:00.21 | Mem:13.68M, Peak:13.68M | Scene, ViewLayer | Updating Geometry BVH A_living_dining_balcony_dining_chair_02_leg0_mesh 959/1029 | Building BVH
Fra:1 Mem:64.80M (Peak 102.93M) | Time:00:00.21 | Mem:13.70M, Peak:13.70M | Scene, ViewLayer | Updating Geometry BVH A_living_dining_balcony_dining_chair_02_leg1_mesh 960/1029 | Building BVH
Fra:1 Mem:64.80M (Peak 102.93M) | Time:00:00.21 | Mem:13.74M, Peak:13.74M | Scene, ViewLayer | Updating Geometry BVH A_living_dining_balcony_dining_chair_02_leg2_mesh 961/1029 | Building BVH
Fra:1 Mem:64.80M (Peak 102.93M) | Time:00:00.21 | Mem:13.75M, Peak:13.75M | Scene, ViewLayer | Updating Geometry BVH A_living_dining_balcony_dining_chair_02_leg3_mesh 962/1029 | Building BVH
Fra:1 Mem:64.80M (Peak 102.93M) | Time:00:00.21 | Mem:13.75M, Peak:13.75M | Scene, ViewLayer | Updating Geometry BVH A_living_dining_balcony_dining_chair_02_arm1_mesh 964/1029 | Building BVH
Fra:1 Mem:64.80M (Peak 102.93M) | Time:00:00.21 | Mem:13.75M, Peak:13.75M | Scene, ViewLayer | Updating Geometry BVH A_living_dining_balcony_dining_chair_03_seat_mesh 965/1029 | Building BVH
Fra:1 Mem:64.80M (Peak 102.93M) | Time:00:00.21 | Mem:13.79M, Peak:13.80M | Scene, ViewLayer | Updating Geometry BVH A_living_dining_balcony_dining_chair_03_back_mesh 966/1029 | Building BVH
Fra:1 Mem:64.80M (Peak 102.93M) | Time:00:00.21 | Mem:13.82M, Peak:13.82M | Scene, ViewLayer | Updating Geometry BVH A_living_dining_balcony_dining_chair_03_leg0_mesh 967/1029 | Building BVH
Fra:1 Mem:64.80M (Peak 102.93M) | Time:00:00.21 | Mem:13.82M, Peak:13.82M | Scene, ViewLayer | Updating Geometry BVH A_living_dining_balcony_dining_chair_03_leg1_mesh 968/1029 | Building BVH
Fra:1 Mem:64.80M (Peak 102.93M) | Time:00:00.21 | Mem:13.82M, Peak:13.82M | Scene, ViewLayer | Updating Geometry BVH A_living_dining_balcony_dining_chair_03_leg2_mesh 969/1029 | Building BVH
Fra:1 Mem:64.80M (Peak 102.93M) | Time:00:00.21 | Mem:13.82M, Peak:13.82M | Scene, ViewLayer | Updating Geometry BVH A_living_dining_balcony_dining_chair_03_leg3_mesh 970/1029 | Building BVH
Fra:1 Mem:64.80M (Peak 102.93M) | Time:00:00.21 | Mem:13.82M, Peak:13.82M | Scene, ViewLayer | Updating Geometry BVH A_living_dining_balcony_dining_chair_03_arm0_mesh 971/1029 | Building BVH
Fra:1 Mem:64.80M (Peak 102.93M) | Time:00:00.21 | Mem:13.82M, Peak:13.82M | Scene, ViewLayer | Updating Geometry BVH A_living_dining_balcony_dining_chair_03_arm1_mesh 972/1029 | Building BVH
Fra:1 Mem:64.80M (Peak 102.93M) | Time:00:00.21 | Mem:13.89M, Peak:13.89M | Scene, ViewLayer | Updating Geometry BVH A_living_dining_balcony_dining_chair_04_seat_mesh 973/1029 | Building BVH
Fra:1 Mem:64.80M (Peak 102.93M) | Time:00:00.21 | Mem:13.89M, Peak:13.89M | Scene, ViewLayer | Updating Geometry BVH A_living_dining_balcony_dining_chair_04_back_mesh 974/1029 | Building BVH
Fra:1 Mem:64.80M (Peak 102.93M) | Time:00:00.21 | Mem:13.89M, Peak:13.89M | Scene, ViewLayer | Updating Geometry BVH A_living_dining_balcony_dining_chair_04_leg0_mesh 975/1029 | Building BVH
Fra:1 Mem:64.80M (Peak 102.93M) | Time:00:00.21 | Mem:13.89M, Peak:13.89M | Scene, ViewLayer | Updating Geometry BVH A_living_dining_balcony_sofa_01_base_mesh 989/1029 | Building BVH
Fra:1 Mem:64.80M (Peak 102.93M) | Time:00:00.21 | Mem:13.89M, Peak:13.89M | Scene, ViewLayer | Updating Geometry BVH A_living_dining_balcony_dining_chair_04_leg2_mesh 977/1029 | Building BVH
Fra:1 Mem:64.80M (Peak 102.93M) | Time:00:00.21 | Mem:13.91M, Peak:13.91M | Scene, ViewLayer | Updating Geometry BVH A_living_dining_balcony_dining_chair_04_leg3_mesh 978/1029 | Building BVH
Fra:1 Mem:64.80M (Peak 102.93M) | Time:00:00.21 | Mem:13.91M, Peak:13.91M | Scene, ViewLayer | Updating Geometry BVH A_living_dining_balcony_dining_chair_04_arm0_mesh 979/1029 | Building BVH
Fra:1 Mem:64.80M (Peak 102.93M) | Time:00:00.21 | Mem:13.91M, Peak:13.91M | Scene, ViewLayer | Updating Geometry BVH A_living_dining_balcony_dining_chair_04_arm1_mesh 980/1029 | Building BVH
Fra:1 Mem:64.80M (Peak 102.93M) | Time:00:00.21 | Mem:13.94M, Peak:13.94M | Scene, ViewLayer | Updating Geometry BVH A_living_dining_balcony_dining_chair_05_seat_mesh 981/1029 | Building BVH
Fra:1 Mem:64.80M (Peak 102.93M) | Time:00:00.21 | Mem:13.96M, Peak:13.96M | Scene, ViewLayer | Updating Geometry BVH A_living_dining_balcony_dining_chair_05_back_mesh 982/1029 | Building BVH
Fra:1 Mem:64.80M (Peak 102.93M) | Time:00:00.21 | Mem:13.96M, Peak:13.96M | Scene, ViewLayer | Updating Geometry BVH A_living_dining_balcony_dining_chair_05_leg0_mesh 983/1029 | Building BVH
Fra:1 Mem:64.80M (Peak 102.93M) | Time:00:00.21 | Mem:14.00M, Peak:14.00M | Scene, ViewLayer | Updating Geometry BVH A_living_dining_balcony_dining_chair_05_leg1_mesh 984/1029 | Building BVH
Fra:1 Mem:64.80M (Peak 102.93M) | Time:00:00.21 | Mem:14.00M, Peak:14.00M | Scene, ViewLayer | Updating Geometry BVH A_living_dining_balcony_dining_chair_05_leg2_mesh 985/1029 | Building BVH
Fra:1 Mem:64.80M (Peak 102.93M) | Time:00:00.21 | Mem:14.05M, Peak:14.07M | Scene, ViewLayer | Updating Geometry BVH A_living_dining_balcony_dining_chair_05_leg3_mesh 986/1029 | Building BVH
Fra:1 Mem:64.80M (Peak 102.93M) | Time:00:00.21 | Mem:14.05M, Peak:14.07M | Scene, ViewLayer | Updating Geometry BVH A_living_dining_balcony_dining_chair_05_arm0_mesh 987/1029 | Building BVH
Fra:1 Mem:64.80M (Peak 102.93M) | Time:00:00.21 | Mem:14.05M, Peak:14.07M | Scene, ViewLayer | Updating Geometry BVH A_living_dining_balcony_dining_chair_05_arm1_mesh 988/1029 | Building BVH
Fra:1 Mem:64.80M (Peak 102.93M) | Time:00:00.21 | Mem:14.09M, Peak:14.10M | Scene, ViewLayer | Updating Scene BVH | Building
Fra:1 Mem:64.82M (Peak 102.93M) | Time:00:00.21 | Mem:14.09M, Peak:14.10M | Scene, ViewLayer | Updating Scene BVH | Building BVH
Fra:1 Mem:64.82M (Peak 102.93M) | Time:00:00.30 | Mem:18.55M, Peak:20.54M | Scene, ViewLayer | Updating Scene BVH | Copying BVH to device
Fra:1 Mem:64.82M (Peak 102.93M) | Time:00:00.30 | Mem:18.55M, Peak:20.54M | Scene, ViewLayer | Updating Mesh | Computing normals
Fra:1 Mem:66.58M (Peak 102.93M) | Time:00:00.30 | Mem:18.55M, Peak:20.54M | Scene, ViewLayer | Updating Mesh | Copying Mesh to device
Fra:1 Mem:66.58M (Peak 102.93M) | Time:00:00.30 | Mem:20.32M, Peak:20.54M | Scene, ViewLayer | Updating Objects Flags
Fra:1 Mem:66.58M (Peak 102.93M) | Time:00:00.31 | Mem:20.33M, Peak:20.54M | Scene, ViewLayer | Updating Primitive Offsets
Fra:1 Mem:66.59M (Peak 102.93M) | Time:00:00.31 | Mem:20.33M, Peak:20.54M | Scene, ViewLayer | Updating Images
Fra:1 Mem:66.59M (Peak 102.93M) | Time:00:00.31 | Mem:20.33M, Peak:20.54M | Scene, ViewLayer | Updating Images | Loading walnut3_nor_gl_2k.jpg
Fra:1 Mem:66.59M (Peak 102.93M) | Time:00:00.31 | Mem:20.33M, Peak:20.54M | Scene, ViewLayer | Updating Images | Loading kloofendal_48d_partly_cloudy_puresky_4k.hdr
Fra:1 Mem:66.59M (Peak 102.93M) | Time:00:00.31 | Mem:20.33M, Peak:20.54M | Scene, ViewLayer | Updating Images | Loading walnut3_rough_2k.jpg
Fra:1 Mem:230.60M (Peak 230.60M) | Time:00:00.51 | Mem:184.33M, Peak:184.33M | Scene, ViewLayer | Updating Camera Volume
Fra:1 Mem:230.60M (Peak 230.60M) | Time:00:00.51 | Mem:184.33M, Peak:184.33M | Scene, ViewLayer | Updating Lookup Tables
Fra:1 Mem:230.60M (Peak 230.60M) | Time:00:00.51 | Mem:184.41M, Peak:184.41M | Scene, ViewLayer | Updating Lights
Fra:1 Mem:230.60M (Peak 230.60M) | Time:00:00.51 | Mem:184.42M, Peak:184.42M | Scene, ViewLayer | Updating Lights | Importance map
Fra:1 Mem:294.63M (Peak 582.60M) | Time:00:00.87 | Mem:248.46M, Peak:408.43M | Scene, ViewLayer | Updating Lights | Computing tree
Fra:1 Mem:295.59M (Peak 582.60M) | Time:00:00.88 | Mem:249.42M, Peak:408.43M | Scene, ViewLayer | Updating Integrator
Fra:1 Mem:295.59M (Peak 582.60M) | Time:00:00.88 | Mem:249.42M, Peak:408.43M | Scene, ViewLayer | Updating Film
Fra:1 Mem:295.60M (Peak 582.60M) | Time:00:00.88 | Mem:249.34M, Peak:408.43M | Scene, ViewLayer | Updating Lookup Tables
Fra:1 Mem:295.60M (Peak 582.60M) | Time:00:00.88 | Mem:249.42M, Peak:408.43M | Scene, ViewLayer | Updating Baking
Fra:1 Mem:295.60M (Peak 582.60M) | Time:00:00.88 | Mem:249.42M, Peak:408.43M | Scene, ViewLayer | Updating Device | Writing constant memory
Fra:1 Mem:295.62M (Peak 582.60M) | Time:00:00.88 | Mem:249.42M, Peak:408.43M | Scene, ViewLayer | Loading denoising kernels (may take a few minutes the first time)
Fra:1 Mem:299.67M (Peak 582.60M) | Time:00:00.92 | Mem:601.47M, Peak:601.47M | Scene, ViewLayer | Sample 0/64
Fra:1 Mem:337.25M (Peak 582.60M) | Time:00:01.17 | Remaining:00:15.90 | Mem:639.05M, Peak:639.05M | Scene, ViewLayer | Sample 1/64
Fra:1 Mem:337.25M (Peak 582.60M) | Time:00:11.71 | Remaining:00:03.59 | Mem:639.05M, Peak:639.05M | Scene, ViewLayer | Sample 48/64
Fra:1 Mem:353.07M (Peak 582.60M) | Time:00:16.14 | Mem:639.05M, Peak:639.05M | Scene, ViewLayer | Sample 64/64
Fra:1 Mem:353.07M (Peak 582.60M) | Time:00:16.14 | Mem:639.05M, Peak:639.05M | Scene, ViewLayer | Finished
Saved: 'D:\ClaudeCodeProject2026\jiangyu-render\renders\preview\16b_son_room_blue.png'
Time: 00:16.25 (Saving: 00:00.03)

BlenderMCP addon registered
[render] preset=preview device=GPU look=AgX - Base Contrast
[render] saved D:\ClaudeCodeProject2026\jiangyu-render\renders\preview\10_kitchen_olive.png (15.5s, exp=1.60 variant=kitchen_lower_olive(13 objs))
[render] size OK 960x540 10_kitchen_olive.png
[render] saved D:\ClaudeCodeProject2026\jiangyu-render\renders\preview\16b_son_room_blue.png (16.3s, exp=1.95 variant=son_blue(21 objs))
[render] size OK 960x540 16b_son_room_blue.png
BlenderMCP addon unregistered

Blender quit
