Blender 4.5.10 LTS (hash 6dc0b208d1b5 built 2026-05-19 01:33:42)
Read blend: "D:\ClaudeCodeProject2026\jiangyu-render\blend\jiangyu.blend"
Fra:1 Mem:245.76M (Peak 245.76M) | Time:00:00.09 | Mem:0.00M, Peak:0.00M | Scene, ViewLayer | Synchronizing object | ceil_living_r1S
Fra:1 Mem:245.76M (Peak 245.76M) | Time:00:00.09 | Mem:0.00M, Peak:0.00M | Scene, ViewLayer | Synchronizing object | ceil_bay_slab
Fra:1 Mem:245.76M (Peak 245.76M) | Time:00:00.09 | Mem:0.00M, Peak:0.00M | Scene, ViewLayer | Synchronizing object | ceil_kitchen_fill
Fra:1 Mem:245.77M (Peak 245.77M) | Time:00:00.09 | Mem:0.00M, Peak:0.00M | Scene, ViewLayer | Synchronizing object | ceil_public_bath_wet_fill
Fra:1 Mem:245.77M (Peak 245.77M) | Time:00:00.09 | Mem:0.00M, Peak:0.00M | Scene, ViewLayer | Synchronizing object | fx_ceiling_master_bedroom
Fra:1 Mem:245.78M (Peak 245.78M) | Time:00:00.09 | Mem:0.00M, Peak:0.00M | Scene, ViewLayer | Synchronizing object | fx_ceiling_parents_room
Fra:1 Mem:245.78M (Peak 245.78M) | Time:00:00.09 | Mem:0.00M, Peak:0.00M | Scene, ViewLayer | Synchronizing object | fx_ceiling_daughter_room
Fra:1 Mem:245.78M (Peak 245.78M) | Time:00:00.09 | Mem:0.00M, Peak:0.00M | Scene, ViewLayer | Synchronizing object | fx_ceiling_son_room
Fra:1 Mem:245.78M (Peak 245.78M) | Time:00:00.09 | Mem:0.00M, Peak:0.00M | Scene, ViewLayer | Synchronizing object | fx_spot_living00
Fra:1 Mem:245.79M (Peak 245.79M) | Time:00:00.09 | Mem:0.00M, Peak:0.00M | Scene, ViewLayer | Synchronizing object | fx_spot_living00_r
Fra:1 Mem:245.80M (Peak 245.80M) | Time:00:00.09 | Mem:0.00M, Peak:0.00M | Scene, ViewLayer | Synchronizing object | fx_spot_living01
Fra:1 Mem:245.80M (Peak 245.80M) | Time:00:00.09 | Mem:0.00M, Peak:0.00M | Scene, ViewLayer | Synchronizing object | fx_spot_living01_r
Fra:1 Mem:245.80M (Peak 245.80M) | Time:00:00.09 | Mem:0.00M, Peak:0.00M | Scene, ViewLayer | Synchronizing object | fx_spot_living02
Fra:1 Mem:245.80M (Peak 245.80M) | Time:00:00.09 | Mem:0.00M, Peak:0.00M | Scene, ViewLayer | Synchronizing object | fx_spot_living02_r
Fra:1 Mem:245.80M (Peak 245.80M) | Time:00:00.09 | Mem:0.00M, Peak:0.00M | Scene, ViewLayer | Synchronizing object | fx_spot_living03
Fra:1 Mem:245.80M (Peak 245.80M) | Time:00:00.09 | Mem:0.00M, Peak:0.00M | Scene, ViewLayer | Synchronizing object | fx_spot_living03_r
Fra:1 Mem:245.81M (Peak 245.81M) | Time:00:00.09 | Mem:0.00M, Peak:0.00M | Scene, ViewLayer | Synchronizing object | fx_spot_living04_r
Fra:1 Mem:245.82M (Peak 245.82M) | Time:00:00.09 | Mem:0.00M, Peak:0.00M | Scene, ViewLayer | Synchronizing object | fx_spot_living05
Fra:1 Mem:245.82M (Peak 245.82M) | Time:00:00.09 | Mem:0.00M, Peak:0.00M | Scene, ViewLayer | Synchronizing object | fx_spot_living06
Fra:1 Mem:245.83M (Peak 245.83M) | Time:00:00.09 | Mem:0.00M, Peak:0.00M | Scene, ViewLayer | Synchronizing object | fx_spot_living06_r
Fra:1 Mem:245.83M (Peak 245.83M) | Time:00:00.09 | Mem:0.00M, Peak:0.00M | Scene, ViewLayer | Synchronizing object | fx_spot_living07
Fra:1 Mem:245.85M (Peak 245.85M) | Time:00:00.09 | Mem:0.00M, Peak:0.00M | Scene, ViewLayer | Synchronizing object | fx_spot_living08
Fra:1 Mem:245.86M (Peak 245.86M) | Time:00:00.09 | Mem:0.00M, Peak:0.00M | Scene, ViewLayer | Synchronizing object | fx_spot_living08_r
Fra:1 Mem:245.85M (Peak 245.86M) | Time:00:00.09 | Mem:0.00M, Peak:0.00M | Scene, ViewLayer | Synchronizing object | fx_spot_living09
Fra:1 Mem:245.86M (Peak 245.86M) | Time:00:00.09 | Mem:0.00M, Peak:0.00M | Scene, ViewLayer | Synchronizing object | fx_spot_living09_r
Fra:1 Mem:245.86M (Peak 245.86M) | Time:00:00.09 | Mem:0.00M, Peak:0.00M | Scene, ViewLayer | Synchronizing object | fx_spot_living10
Fra:1 Mem:245.87M (Peak 245.87M) | Time:00:00.09 | Mem:0.00M, Peak:0.00M | Scene, ViewLayer | Synchronizing object | fx_spot_living10_r
Fra:1 Mem:245.87M (Peak 245.87M) | Time:00:00.09 | Mem:0.00M, Peak:0.00M | Scene, ViewLayer | Synchronizing object | fx_spot_living11
Fra:1 Mem:245.88M (Peak 245.88M) | Time:00:00.09 | Mem:0.00M, Peak:0.00M | Scene, ViewLayer | Synchronizing object | fx_spot_living11_r
Fra:1 Mem:245.89M (Peak 245.89M) | Time:00:00.09 | Mem:0.00M, Peak:0.00M | Scene, ViewLayer | Synchronizing object | fx_spot_living12
Fra:1 Mem:245.90M (Peak 245.90M) | Time:00:00.09 | Mem:0.00M, Peak:0.00M | Scene, ViewLayer | Synchronizing object | fx_spot_living13
Fra:1 Mem:245.90M (Peak 245.90M) | Time:00:00.09 | Mem:0.00M, Peak:0.00M | Scene, ViewLayer | Synchronizing object | fx_spot_living13_r
Fra:1 Mem:245.90M (Peak 245.90M) | Time:00:00.09 | Mem:0.00M, Peak:0.00M | Scene, ViewLayer | Synchronizing object | fx_spot_living14
Fra:1 Mem:245.91M (Peak 245.91M) | Time:00:00.09 | Mem:0.00M, Peak:0.00M | Scene, ViewLayer | Synchronizing object | fx_spot_living14_r
Fra:1 Mem:245.93M (Peak 245.93M) | Time:00:00.09 | Mem:0.00M, Peak:0.00M | Scene, ViewLayer | Synchronizing object | fx_spot_living15
Fra:1 Mem:245.96M (Peak 245.96M) | Time:00:00.09 | Mem:0.00M, Peak:0.00M | Scene, ViewLayer | Synchronizing object | fx_spot_living16
Fra:1 Mem:245.95M (Peak 245.96M) | Time:00:00.09 | Mem:0.00M, Peak:0.00M | Scene, ViewLayer | Synchronizing object | fx_spot_living16_r
Fra:1 Mem:245.96M (Peak 245.96M) | Time:00:00.09 | Mem:0.00M, Peak:0.00M | Scene, ViewLayer | Synchronizing object | fx_spot_room1
Fra:1 Mem:245.96M (Peak 245.96M) | Time:00:00.09 | Mem:0.00M, Peak:0.00M | Scene, ViewLayer | Synchronizing object | fx_spot_room3
Fra:1 Mem:245.97M (Peak 245.97M) | Time:00:00.09 | Mem:0.00M, Peak:0.00M | Scene, ViewLayer | Synchronizing object | fx_spot_room4
Fra:1 Mem:245.99M (Peak 245.99M) | Time:00:00.09 | Mem:0.00M, Peak:0.00M | Scene, ViewLayer | Synchronizing object | fx_spot_room5
Fra:1 Mem:245.99M (Peak 245.99M) | Time:00:00.09 | Mem:0.00M, Peak:0.00M | Scene, ViewLayer | Synchronizing object | fx_spot_room7
Fra:1 Mem:246.01M (Peak 246.01M) | Time:00:00.09 | Mem:0.00M, Peak:0.00M | Scene, ViewLayer | Synchronizing object | out_ground
Fra:1 Mem:246.01M (Peak 246.01M) | Time:00:00.09 | Mem:0.00M, Peak:0.00M | Scene, ViewLayer | Synchronizing object | out_path_s
Fra:1 Mem:246.02M (Peak 246.02M) | Time:00:00.09 | Mem:0.00M, Peak:0.00M | Scene, ViewLayer | Synchronizing object | out_path_n
Fra:1 Mem:246.03M (Peak 246.03M) | Time:00:00.09 | Mem:0.00M, Peak:0.00M | Scene, ViewLayer | Synchronizing object | tree_small_02_LOD0.001
Fra:1 Mem:246.03M (Peak 246.03M) | Time:00:00.09 | Mem:0.00M, Peak:0.00M | Scene, ViewLayer | Synchronizing object | out_bldg_n
Fra:1 Mem:246.04M (Peak 246.04M) | Time:00:00.09 | Mem:0.00M, Peak:0.00M | Scene, ViewLayer | Synchronizing object | floor_kitchen
Fra:1 Mem:246.04M (Peak 246.04M) | Time:00:00.09 | Mem:0.00M, Peak:0.00M | Scene, ViewLayer | Synchronizing object | floor_daughter_room
Fra:1 Mem:246.05M (Peak 246.05M) | Time:00:00.09 | Mem:0.00M, Peak:0.00M | Scene, ViewLayer | Synchronizing object | floor_corridor_0
Fra:1 Mem:246.05M (Peak 246.05M) | Time:00:00.09 | Mem:0.00M, Peak:0.00M | Scene, ViewLayer | Synchronizing object | floor_corridor_1
Fra:1 Mem:246.06M (Peak 246.06M) | Time:00:00.09 | Mem:0.00M, Peak:0.00M | Scene, ViewLayer | Synchronizing object | floor_son_room
Fra:1 Mem:246.07M (Peak 246.07M) | Time:00:00.09 | Mem:0.00M, Peak:0.00M | Scene, ViewLayer | Synchronizing object | floor_master_bath
Fra:1 Mem:246.07M (Peak 246.07M) | Time:00:00.09 | Mem:0.00M, Peak:0.00M | Scene, ViewLayer | Synchronizing object | floor_master_bedroom
Fra:1 Mem:246.07M (Peak 246.07M) | Time:00:00.09 | Mem:0.00M, Peak:0.00M | Scene, ViewLayer | Synchronizing object | floor_parents_room
Fra:1 Mem:246.09M (Peak 246.09M) | Time:00:00.09 | Mem:0.00M, Peak:0.00M | Scene, ViewLayer | Synchronizing object | floor_foyer
Fra:1 Mem:246.09M (Peak 246.09M) | Time:00:00.09 | Mem:0.00M, Peak:0.00M | Scene, ViewLayer | Synchronizing object | floor_elevator_hall
Fra:1 Mem:246.10M (Peak 246.10M) | Time:00:00.09 | Mem:0.00M, Peak:0.00M | Scene, ViewLayer | Synchronizing object | W01_s00
Fra:1 Mem:246.10M (Peak 246.10M) | Time:00:00.09 | Mem:0.00M, Peak:0.00M | Scene, ViewLayer | Synchronizing object | W01_s02
Fra:1 Mem:246.10M (Peak 246.10M) | Time:00:00.09 | Mem:0.00M, Peak:0.00M | Scene, ViewLayer | Synchronizing object | W02_s00
Fra:1 Mem:249.00M (Peak 249.00M) | Time:00:00.09 | Mem:0.00M, Peak:0.00M | Scene, ViewLayer | Synchronizing object | W02_s01
Fra:1 Mem:249.00M (Peak 249.00M) | Time:00:00.09 | Mem:0.00M, Peak:0.00M | Scene, ViewLayer | Synchronizing object | W02_s03
Fra:1 Mem:249.01M (Peak 249.01M) | Time:00:00.09 | Mem:0.00M, Peak:0.00M | Scene, ViewLayer | Synchronizing object | W03_s00
Fra:1 Mem:249.01M (Peak 249.01M) | Time:00:00.09 | Mem:0.00M, Peak:0.00M | Scene, ViewLayer | Synchronizing object | W04_s00
Fra:1 Mem:249.05M (Peak 249.05M) | Time:00:00.09 | Mem:0.00M, Peak:0.00M | Scene, ViewLayer | Synchronizing object | W05_s00
Fra:1 Mem:250.28M (Peak 250.28M) | Time:00:00.09 | Mem:0.00M, Peak:0.00M | Scene, ViewLayer | Synchronizing object | W05_s01
Fra:1 Mem:250.28M (Peak 250.28M) | Time:00:00.09 | Mem:0.00M, Peak:0.00M | Scene, ViewLayer | Synchronizing object | W05_s02
Fra:1 Mem:250.29M (Peak 250.29M) | Time:00:00.09 | Mem:0.00M, Peak:0.00M | Scene, ViewLayer | Synchronizing object | W05_s03
Fra:1 Mem:250.29M (Peak 250.29M) | Time:00:00.09 | Mem:0.00M, Peak:0.00M | Scene, ViewLayer | Synchronizing object | W06_s00
Fra:1 Mem:250.29M (Peak 250.29M) | Time:00:00.09 | Mem:0.00M, Peak:0.00M | Scene, ViewLayer | Synchronizing object | W06_s02
Fra:1 Mem:250.29M (Peak 250.29M) | Time:00:00.09 | Mem:0.00M, Peak:0.00M | Scene, ViewLayer | Synchronizing object | W07_s02
Fra:1 Mem:250.30M (Peak 250.30M) | Time:00:00.09 | Mem:0.00M, Peak:0.00M | Scene, ViewLayer | Synchronizing object | W09_s00
Fra:1 Mem:250.30M (Peak 250.30M) | Time:00:00.09 | Mem:0.00M, Peak:0.00M | Scene, ViewLayer | Synchronizing object | W12_s01
Fra:1 Mem:250.30M (Peak 250.30M) | Time:00:00.09 | Mem:0.00M, Peak:0.00M | Scene, ViewLayer | Synchronizing object | W13_s00
Fra:1 Mem:250.30M (Peak 250.30M) | Time:00:00.09 | Mem:0.00M, Peak:0.00M | Scene, ViewLayer | Synchronizing object | W13_s01
Fra:1 Mem:250.30M (Peak 250.30M) | Time:00:00.09 | Mem:0.00M, Peak:0.00M | Scene, ViewLayer | Synchronizing object | W14_s00
Fra:1 Mem:250.31M (Peak 250.31M) | Time:00:00.09 | Mem:0.00M, Peak:0.00M | Scene, ViewLayer | Synchronizing object | W14_s01
Fra:1 Mem:250.31M (Peak 250.31M) | Time:00:00.09 | Mem:0.00M, Peak:0.00M | Scene, ViewLayer | Synchronizing object | W14_s02
Fra:1 Mem:250.31M (Peak 250.31M) | Time:00:00.09 | Mem:0.00M, Peak:0.00M | Scene, ViewLayer | Synchronizing object | W14_s04
Fra:1 Mem:250.32M (Peak 250.32M) | Time:00:00.09 | Mem:0.00M, Peak:0.00M | Scene, ViewLayer | Synchronizing object | W15_s00
Fra:1 Mem:250.32M (Peak 250.32M) | Time:00:00.09 | Mem:0.00M, Peak:0.00M | Scene, ViewLayer | Synchronizing object | W15_s01
Fra:1 Mem:250.32M (Peak 250.32M) | Time:00:00.09 | Mem:0.00M, Peak:0.00M | Scene, ViewLayer | Synchronizing object | W15_s02
Fra:1 Mem:250.32M (Peak 250.32M) | Time:00:00.09 | Mem:0.00M, Peak:0.00M | Scene, ViewLayer | Synchronizing object | W16_s00
Fra:1 Mem:250.32M (Peak 250.32M) | Time:00:00.09 | Mem:0.00M, Peak:0.00M | Scene, ViewLayer | Synchronizing object | W17_s00
Fra:1 Mem:250.32M (Peak 250.32M) | Time:00:00.09 | Mem:0.00M, Peak:0.00M | Scene, ViewLayer | Synchronizing object | W17_s02
Fra:1 Mem:250.33M (Peak 250.33M) | Time:00:00.09 | Mem:0.00M, Peak:0.00M | Scene, ViewLayer | Synchronizing object | W18_s01
Fra:1 Mem:250.33M (Peak 250.33M) | Time:00:00.09 | Mem:0.00M, Peak:0.00M | Scene, ViewLayer | Synchronizing object | W18_s03
Fra:1 Mem:250.33M (Peak 250.33M) | Time:00:00.09 | Mem:0.00M, Peak:0.00M | Scene, ViewLayer | Synchronizing object | W19_s00
Fra:1 Mem:250.33M (Peak 250.33M) | Time:00:00.09 | Mem:0.00M, Peak:0.00M | Scene, ViewLayer | Synchronizing object | W19_s02
Fra:1 Mem:250.33M (Peak 250.33M) | Time:00:00.09 | Mem:0.00M, Peak:0.00M | Scene, ViewLayer | Synchronizing object | W20_s00
Fra:1 Mem:250.33M (Peak 250.33M) | Time:00:00.09 | Mem:0.00M, Peak:0.00M | Scene, ViewLayer | Synchronizing object | W22_s00
Fra:1 Mem:250.34M (Peak 250.34M) | Time:00:00.09 | Mem:0.00M, Peak:0.00M | Scene, ViewLayer | Synchronizing object | W22_s01
Fra:1 Mem:250.34M (Peak 250.34M) | Time:00:00.09 | Mem:0.00M, Peak:0.00M | Scene, ViewLayer | Synchronizing object | W23_s00
Fra:1 Mem:250.35M (Peak 250.35M) | Time:00:00.09 | Mem:0.00M, Peak:0.00M | Scene, ViewLayer | Synchronizing object | W23_s01
Fra:1 Mem:254.43M (Peak 254.43M) | Time:00:00.09 | Mem:0.00M, Peak:0.00M | Scene, ViewLayer | Synchronizing object | W23_s02
Fra:1 Mem:255.03M (Peak 255.03M) | Time:00:00.09 | Mem:0.00M, Peak:0.00M | Scene, ViewLayer | Synchronizing object | W23_s03
Fra:1 Mem:255.04M (Peak 255.04M) | Time:00:00.09 | Mem:0.00M, Peak:0.00M | Scene, ViewLayer | Synchronizing object | W24_s00
Fra:1 Mem:255.05M (Peak 255.05M) | Time:00:00.09 | Mem:0.00M, Peak:0.00M | Scene, ViewLayer | Synchronizing object | W25_s00
Fra:1 Mem:255.06M (Peak 255.06M) | Time:00:00.09 | Mem:0.00M, Peak:0.00M | Scene, ViewLayer | Synchronizing object | W26_s00
Fra:1 Mem:254.62M (Peak 255.06M) | Time:00:00.09 | Mem:0.00M, Peak:0.00M | Scene, ViewLayer | Synchronizing object | W27_s02
Fra:1 Mem:254.73M (Peak 255.06M) | Time:00:00.09 | Mem:0.00M, Peak:0.00M | Scene, ViewLayer | Synchronizing object | win_W02_0top
Fra:1 Mem:275.96M (Peak 275.96M) | Time:00:00.09 | Mem:0.00M, Peak:0.00M | Scene, ViewLayer | Synchronizing object | win_W02_0glass
Fra:1 Mem:275.98M (Peak 275.98M) | Time:00:00.09 | Mem:0.00M, Peak:0.00M | Scene, ViewLayer | Synchronizing object | win_W05_0bot
Fra:1 Mem:275.98M (Peak 275.98M) | Time:00:00.09 | Mem:0.00M, Peak:0.00M | Scene, ViewLayer | Synchronizing object | win_W05_0top
Fra:1 Mem:275.99M (Peak 275.99M) | Time:00:00.09 | Mem:0.00M, Peak:0.00M | Scene, ViewLayer | Synchronizing object | win_W05_0lft
Fra:1 Mem:275.99M (Peak 275.99M) | Time:00:00.09 | Mem:0.00M, Peak:0.00M | Scene, ViewLayer | Synchronizing object | win_W05_0rgt
Fra:1 Mem:275.99M (Peak 275.99M) | Time:00:00.09 | Mem:0.00M, Peak:0.00M | Scene, ViewLayer | Synchronizing object | win_W05_0glass
Fra:1 Mem:276.00M (Peak 276.00M) | Time:00:00.09 | Mem:0.00M, Peak:0.00M | Scene, ViewLayer | Synchronizing object | win_W06_0bot
Fra:1 Mem:276.00M (Peak 276.00M) | Time:00:00.09 | Mem:0.00M, Peak:0.00M | Scene, ViewLayer | Synchronizing object | win_W06_0mul1
Fra:1 Mem:276.00M (Peak 276.00M) | Time:00:00.09 | Mem:0.00M, Peak:0.00M | Scene, ViewLayer | Synchronizing object | win_W18_0bot
Fra:1 Mem:276.00M (Peak 276.00M) | Time:00:00.09 | Mem:0.00M, Peak:0.00M | Scene, ViewLayer | Synchronizing object | win_W18_0rgt
Fra:1 Mem:279.71M (Peak 279.71M) | Time:00:00.09 | Mem:0.00M, Peak:0.00M | Scene, ViewLayer | Synchronizing object | win_W18_0mul2
Fra:1 Mem:279.72M (Peak 279.72M) | Time:00:00.09 | Mem:0.00M, Peak:0.00M | Scene, ViewLayer | Synchronizing object | win_W18_0mul3
Fra:1 Mem:279.72M (Peak 279.72M) | Time:00:00.09 | Mem:0.00M, Peak:0.00M | Scene, ViewLayer | Synchronizing object | win_W18_0glass
Fra:1 Mem:279.72M (Peak 279.72M) | Time:00:00.09 | Mem:0.00M, Peak:0.00M | Scene, ViewLayer | Synchronizing object | win_W23_0bot
Fra:1 Mem:279.72M (Peak 279.72M) | Time:00:00.09 | Mem:0.00M, Peak:0.00M | Scene, ViewLayer | Synchronizing object | win_W23_0lft
Fra:1 Mem:281.94M (Peak 281.94M) | Time:00:00.09 | Mem:0.00M, Peak:0.00M | Scene, ViewLayer | Synchronizing object | win_W23_0rgt
Fra:1 Mem:281.94M (Peak 281.94M) | Time:00:00.09 | Mem:0.00M, Peak:0.00M | Scene, ViewLayer | Synchronizing object | win_W23_0mul1
Fra:1 Mem:281.94M (Peak 281.94M) | Time:00:00.09 | Mem:0.00M, Peak:0.00M | Scene, ViewLayer | Synchronizing object | win_W23_0glass
Fra:1 Mem:281.94M (Peak 281.94M) | Time:00:00.09 | Mem:0.00M, Peak:0.00M | Scene, ViewLayer | Synchronizing object | door_W07_0jlfto
Fra:1 Mem:281.94M (Peak 281.94M) | Time:00:00.09 | Mem:0.00M, Peak:0.00M | Scene, ViewLayer | Synchronizing object | door_W07_0jlfti
Fra:1 Mem:281.95M (Peak 281.95M) | Time:00:00.09 | Mem:0.00M, Peak:0.00M | Scene, ViewLayer | Synchronizing object | door_W07_0jrgti
Fra:1 Mem:281.95M (Peak 281.95M) | Time:00:00.09 | Mem:0.00M, Peak:0.00M | Scene, ViewLayer | Synchronizing object | door_W07_0jtopo
Fra:1 Mem:281.95M (Peak 281.95M) | Time:00:00.09 | Mem:0.00M, Peak:0.00M | Scene, ViewLayer | Synchronizing object | door_W07_0jtopi
Fra:1 Mem:281.95M (Peak 281.95M) | Time:00:00.09 | Mem:0.00M, Peak:0.00M | Scene, ViewLayer | Synchronizing object | door_W07_0lin_l
Fra:1 Mem:281.96M (Peak 281.96M) | Time:00:00.09 | Mem:0.00M, Peak:0.00M | Scene, ViewLayer | Synchronizing object | door_W07_0leaf
Fra:1 Mem:281.96M (Peak 281.96M) | Time:00:00.09 | Mem:0.00M, Peak:0.00M | Scene, ViewLayer | Synchronizing object | door_W07_0hdl
Fra:1 Mem:281.96M (Peak 281.96M) | Time:00:00.09 | Mem:0.00M, Peak:0.00M | Scene, ViewLayer | Synchronizing object | door_W08_0jlfto
Fra:1 Mem:281.96M (Peak 281.96M) | Time:00:00.09 | Mem:0.00M, Peak:0.00M | Scene, ViewLayer | Synchronizing object | door_W08_0jlfti
Fra:1 Mem:281.96M (Peak 281.96M) | Time:00:00.09 | Mem:0.00M, Peak:0.00M | Scene, ViewLayer | Synchronizing object | door_W08_0jrgto
Fra:1 Mem:281.99M (Peak 281.99M) | Time:00:00.09 | Mem:0.00M, Peak:0.00M | Scene, ViewLayer | Synchronizing object | door_W08_0jrgti
Fra:1 Mem:281.99M (Peak 281.99M) | Time:00:00.09 | Mem:0.00M, Peak:0.00M | Scene, ViewLayer | Synchronizing object | door_W08_0jtopo
Fra:1 Mem:281.99M (Peak 281.99M) | Time:00:00.09 | Mem:0.00M, Peak:0.00M | Scene, ViewLayer | Synchronizing object | door_W08_0jtopi
Fra:1 Mem:282.00M (Peak 282.00M) | Time:00:00.09 | Mem:0.00M, Peak:0.00M | Scene, ViewLayer | Synchronizing object | door_W08_0lin_l
Fra:1 Mem:282.00M (Peak 282.00M) | Time:00:00.09 | Mem:0.00M, Peak:0.00M | Scene, ViewLayer | Synchronizing object | door_W08_0lin_t
Fra:1 Mem:282.00M (Peak 282.00M) | Time:00:00.09 | Mem:0.00M, Peak:0.00M | Scene, ViewLayer | Synchronizing object | door_W08_0lft
Fra:1 Mem:282.00M (Peak 282.00M) | Time:00:00.09 | Mem:0.00M, Peak:0.00M | Scene, ViewLayer | Synchronizing object | door_W08_0rgt
Fra:1 Mem:282.00M (Peak 282.00M) | Time:00:00.09 | Mem:0.00M, Peak:0.00M | Scene, ViewLayer | Synchronizing object | door_W08_0top
Fra:1 Mem:282.00M (Peak 282.00M) | Time:00:00.09 | Mem:0.00M, Peak:0.00M | Scene, ViewLayer | Synchronizing object | door_W13_0jlfti
Fra:1 Mem:282.01M (Peak 282.01M) | Time:00:00.09 | Mem:0.00M, Peak:0.00M | Scene, ViewLayer | Synchronizing object | door_W13_0lin_r
Fra:1 Mem:282.01M (Peak 282.01M) | Time:00:00.09 | Mem:0.00M, Peak:0.00M | Scene, ViewLayer | Synchronizing object | door_W13_0hdl
Fra:1 Mem:282.01M (Peak 282.01M) | Time:00:00.09 | Mem:0.00M, Peak:0.00M | Scene, ViewLayer | Synchronizing object | door_W14_0jrgto
Fra:1 Mem:282.01M (Peak 282.01M) | Time:00:00.09 | Mem:0.00M, Peak:0.00M | Scene, ViewLayer | Synchronizing object | door_W14_0jrgti
Fra:1 Mem:282.01M (Peak 282.01M) | Time:00:00.09 | Mem:0.00M, Peak:0.00M | Scene, ViewLayer | Synchronizing object | door_W14_0lin_l
Fra:1 Mem:282.02M (Peak 282.02M) | Time:00:00.09 | Mem:0.00M, Peak:0.00M | Scene, ViewLayer | Synchronizing object | door_W14_0lin_r
Fra:1 Mem:282.02M (Peak 282.02M) | Time:00:00.09 | Mem:0.00M, Peak:0.00M | Scene, ViewLayer | Synchronizing object | door_W14_0lin_t
Fra:1 Mem:282.02M (Peak 282.02M) | Time:00:00.09 | Mem:0.00M, Peak:0.00M | Scene, ViewLayer | Synchronizing object | door_W14_0leaf
Fra:1 Mem:282.02M (Peak 282.02M) | Time:00:00.09 | Mem:0.00M, Peak:0.00M | Scene, ViewLayer | Synchronizing object | door_W14_1jlfti
Fra:1 Mem:282.03M (Peak 282.03M) | Time:00:00.09 | Mem:0.00M, Peak:0.00M | Scene, ViewLayer | Synchronizing object | door_W14_1jrgto
Fra:1 Mem:282.03M (Peak 282.03M) | Time:00:00.09 | Mem:0.00M, Peak:0.00M | Scene, ViewLayer | Synchronizing object | door_W14_1lin_l
Fra:1 Mem:282.03M (Peak 282.03M) | Time:00:00.09 | Mem:0.00M, Peak:0.00M | Scene, ViewLayer | Synchronizing object | door_W14_1lin_r
Fra:1 Mem:282.03M (Peak 282.03M) | Time:00:00.09 | Mem:0.00M, Peak:0.00M | Scene, ViewLayer | Synchronizing object | door_W14_1lin_t
Fra:1 Mem:282.03M (Peak 282.03M) | Time:00:00.09 | Mem:0.00M, Peak:0.00M | Scene, ViewLayer | Synchronizing object | door_W14_1top
Fra:1 Mem:282.04M (Peak 282.04M) | Time:00:00.09 | Mem:0.00M, Peak:0.00M | Scene, ViewLayer | Synchronizing object | door_W14_1bot
Fra:1 Mem:287.34M (Peak 287.34M) | Time:00:00.09 | Mem:0.00M, Peak:0.00M | Scene, ViewLayer | Synchronizing object | door_W14_1fglass
Fra:1 Mem:287.35M (Peak 287.35M) | Time:00:00.09 | Mem:0.00M, Peak:0.00M | Scene, ViewLayer | Synchronizing object | door_W15_0jlfto
Fra:1 Mem:287.35M (Peak 287.35M) | Time:00:00.09 | Mem:0.00M, Peak:0.00M | Scene, ViewLayer | Synchronizing object | door_W15_0jlfti
Fra:1 Mem:287.35M (Peak 287.35M) | Time:00:00.09 | Mem:0.00M, Peak:0.00M | Scene, ViewLayer | Synchronizing object | door_W15_0jrgto
Fra:1 Mem:287.35M (Peak 287.35M) | Time:00:00.09 | Mem:0.00M, Peak:0.00M | Scene, ViewLayer | Synchronizing object | door_W15_0jrgti
Fra:1 Mem:287.35M (Peak 287.35M) | Time:00:00.09 | Mem:0.00M, Peak:0.00M | Scene, ViewLayer | Synchronizing object | door_W15_0jtopi
Fra:1 Mem:287.35M (Peak 287.35M) | Time:00:00.09 | Mem:0.00M, Peak:0.00M | Scene, ViewLayer | Synchronizing object | door_W15_0lin_l
Fra:1 Mem:287.36M (Peak 287.36M) | Time:00:00.09 | Mem:0.00M, Peak:0.00M | Scene, ViewLayer | Synchronizing object | door_W15_0lin_r
Fra:1 Mem:287.36M (Peak 287.36M) | Time:00:00.09 | Mem:0.00M, Peak:0.00M | Scene, ViewLayer | Synchronizing object | door_W15_0lin_t
Fra:1 Mem:293.82M (Peak 293.82M) | Time:00:00.09 | Mem:0.00M, Peak:0.00M | Scene, ViewLayer | Synchronizing object | door_W15_0_bot
Fra:1 Mem:293.82M (Peak 293.82M) | Time:00:00.09 | Mem:0.00M, Peak:0.00M | Scene, ViewLayer | Synchronizing object | door_W15_0_top
Fra:1 Mem:293.82M (Peak 293.82M) | Time:00:00.09 | Mem:0.00M, Peak:0.00M | Scene, ViewLayer | Synchronizing object | door_W15_0_lft
Fra:1 Mem:293.83M (Peak 293.83M) | Time:00:00.09 | Mem:0.00M, Peak:0.00M | Scene, ViewLayer | Synchronizing object | door_W15_0_rgt
Fra:1 Mem:293.83M (Peak 293.83M) | Time:00:00.09 | Mem:0.00M, Peak:0.00M | Scene, ViewLayer | Synchronizing object | door_W15_0_glass
Fra:1 Mem:293.83M (Peak 293.83M) | Time:00:00.09 | Mem:0.00M, Peak:0.00M | Scene, ViewLayer | Synchronizing object | door_W15_1_bot
Fra:1 Mem:293.84M (Peak 293.84M) | Time:00:00.09 | Mem:0.00M, Peak:0.00M | Scene, ViewLayer | Synchronizing object | door_W15_1_top
Fra:1 Mem:293.85M (Peak 293.85M) | Time:00:00.09 | Mem:0.00M, Peak:0.00M | Scene, ViewLayer | Synchronizing object | door_W15_1_lft
Fra:1 Mem:293.85M (Peak 293.85M) | Time:00:00.09 | Mem:0.00M, Peak:0.00M | Scene, ViewLayer | Synchronizing object | door_W15_1_rgt
Fra:1 Mem:293.85M (Peak 293.85M) | Time:00:00.09 | Mem:0.00M, Peak:0.00M | Scene, ViewLayer | Synchronizing object | door_W15_1_glass
Fra:1 Mem:293.85M (Peak 293.85M) | Time:00:00.10 | Mem:0.00M, Peak:0.00M | Scene, ViewLayer | Synchronizing object | door_W17_0jlfto
Fra:1 Mem:293.86M (Peak 293.86M) | Time:00:00.10 | Mem:0.00M, Peak:0.00M | Scene, ViewLayer | Synchronizing object | door_W17_0jrgto
Fra:1 Mem:293.86M (Peak 293.86M) | Time:00:00.10 | Mem:0.00M, Peak:0.00M | Scene, ViewLayer | Synchronizing object | door_W17_0jlfti
Fra:1 Mem:297.57M (Peak 297.57M) | Time:00:00.10 | Mem:0.00M, Peak:0.00M | Scene, ViewLayer | Synchronizing object | door_W17_0jrgti
Fra:1 Mem:297.57M (Peak 297.57M) | Time:00:00.10 | Mem:0.00M, Peak:0.00M | Scene, ViewLayer | Synchronizing object | door_W17_0lin_l
Fra:1 Mem:297.58M (Peak 297.58M) | Time:00:00.10 | Mem:0.00M, Peak:0.00M | Scene, ViewLayer | Synchronizing object | door_W17_0lin_r
Fra:1 Mem:297.58M (Peak 297.58M) | Time:00:00.10 | Mem:0.00M, Peak:0.00M | Scene, ViewLayer | Synchronizing object | door_W17_0lin_t
Fra:1 Mem:297.59M (Peak 297.59M) | Time:00:00.10 | Mem:0.00M, Peak:0.00M | Scene, ViewLayer | Synchronizing object | door_W17_0_bot
Fra:1 Mem:297.59M (Peak 297.59M) | Time:00:00.10 | Mem:0.00M, Peak:0.00M | Scene, ViewLayer | Synchronizing object | door_W17_0_top
Fra:1 Mem:297.59M (Peak 297.59M) | Time:00:00.10 | Mem:0.00M, Peak:0.00M | Scene, ViewLayer | Synchronizing object | door_W17_0_lft
Fra:1 Mem:297.59M (Peak 297.59M) | Time:00:00.10 | Mem:0.00M, Peak:0.00M | Scene, ViewLayer | Synchronizing object | door_W17_0_rgt
Fra:1 Mem:297.59M (Peak 297.59M) | Time:00:00.10 | Mem:0.00M, Peak:0.00M | Scene, ViewLayer | Synchronizing object | door_W17_0_glass
Fra:1 Mem:297.59M (Peak 297.59M) | Time:00:00.10 | Mem:0.00M, Peak:0.00M | Scene, ViewLayer | Synchronizing object | door_W17_1_bot
Fra:1 Mem:297.59M (Peak 297.59M) | Time:00:00.10 | Mem:0.00M, Peak:0.00M | Scene, ViewLayer | Synchronizing object | door_W17_1_glass
Fra:1 Mem:298.89M (Peak 298.89M) | Time:00:00.10 | Mem:0.00M, Peak:0.00M | Scene, ViewLayer | Synchronizing object | door_W17_2_rgt
Fra:1 Mem:298.89M (Peak 298.89M) | Time:00:00.10 | Mem:0.00M, Peak:0.00M | Scene, ViewLayer | Synchronizing object | door_W19_0lin_l
Fra:1 Mem:298.90M (Peak 298.90M) | Time:00:00.10 | Mem:0.00M, Peak:0.00M | Scene, ViewLayer | Synchronizing object | door_W19_0lin_r
Fra:1 Mem:298.90M (Peak 298.90M) | Time:00:00.10 | Mem:0.00M, Peak:0.00M | Scene, ViewLayer | Synchronizing object | door_W19_0lin_t
Fra:1 Mem:298.90M (Peak 298.90M) | Time:00:00.10 | Mem:0.00M, Peak:0.00M | Scene, ViewLayer | Synchronizing object | door_W19_0leaf
Fra:1 Mem:298.91M (Peak 298.91M) | Time:00:00.10 | Mem:0.00M, Peak:0.00M | Scene, ViewLayer | Synchronizing object | door_W19_0hdl
Fra:1 Mem:298.92M (Peak 298.92M) | Time:00:00.10 | Mem:0.00M, Peak:0.00M | Scene, ViewLayer | Synchronizing object | door_W27_0jlfto
Fra:1 Mem:298.92M (Peak 298.92M) | Time:00:00.10 | Mem:0.00M, Peak:0.00M | Scene, ViewLayer | Synchronizing object | door_W27_0jlfti
Fra:1 Mem:298.92M (Peak 298.92M) | Time:00:00.10 | Mem:0.00M, Peak:0.00M | Scene, ViewLayer | Synchronizing object | door_W27_0jrgti
Fra:1 Mem:298.92M (Peak 298.92M) | Time:00:00.10 | Mem:0.00M, Peak:0.00M | Scene, ViewLayer | Synchronizing object | door_W27_0jtopi
Fra:1 Mem:298.92M (Peak 298.92M) | Time:00:00.10 | Mem:0.00M, Peak:0.00M | Scene, ViewLayer | Synchronizing object | door_W27_0lin_l
Fra:1 Mem:295.21M (Peak 298.92M) | Time:00:00.10 | Mem:0.00M, Peak:0.00M | Scene, ViewLayer | Synchronizing object | rail_ter_E_p1
Fra:1 Mem:295.21M (Peak 298.92M) | Time:00:00.10 | Mem:0.00M, Peak:0.00M | Scene, ViewLayer | Synchronizing object | rail_ter_E_p2
Fra:1 Mem:295.21M (Peak 298.92M) | Time:00:00.10 | Mem:0.00M, Peak:0.00M | Scene, ViewLayer | Synchronizing object | rail_ter_E_top
Fra:1 Mem:295.22M (Peak 298.92M) | Time:00:00.10 | Mem:0.00M, Peak:0.00M | Scene, ViewLayer | Synchronizing object | rail_ter_W_p1
Fra:1 Mem:295.22M (Peak 298.92M) | Time:00:00.10 | Mem:0.00M, Peak:0.00M | Scene, ViewLayer | Synchronizing object | rail_ter_W_glass
Fra:1 Mem:295.22M (Peak 298.92M) | Time:00:00.10 | Mem:0.00M, Peak:0.00M | Scene, ViewLayer | Synchronizing object | common_kitchen_dishwasher_01_body
Fra:1 Mem:295.22M (Peak 298.92M) | Time:00:00.10 | Mem:0.00M, Peak:0.00M | Scene, ViewLayer | Synchronizing object | common_kitchen_dishwasher_01_top_B
Fra:1 Mem:295.23M (Peak 298.92M) | Time:00:00.10 | Mem:0.00M, Peak:0.00M | Scene, ViewLayer | Synchronizing object | common_kitchen_dishwasher_01_top_F
Fra:1 Mem:295.24M (Peak 298.92M) | Time:00:00.10 | Mem:0.00M, Peak:0.00M | Scene, ViewLayer | Synchronizing object | common_kitchen_dishwasher_01_drwW_gapbg
Fra:1 Mem:295.24M (Peak 298.92M) | Time:00:00.10 | Mem:0.00M, Peak:0.00M | Scene, ViewLayer | Synchronizing object | common_kitchen_dishwasher_01_drwW_f0
Fra:1 Mem:295.25M (Peak 298.92M) | Time:00:00.10 | Mem:0.00M, Peak:0.00M | Scene, ViewLayer | Synchronizing object | common_kitchen_dishwasher_01_drw_gapbg
Fra:1 Mem:295.26M (Peak 298.92M) | Time:00:00.10 | Mem:0.00M, Peak:0.00M | Scene, ViewLayer | Synchronizing object | common_kitchen_dishwasher_01_drw_f0
Fra:1 Mem:295.26M (Peak 298.92M) | Time:00:00.10 | Mem:0.00M, Peak:0.00M | Scene, ViewLayer | Synchronizing object | common_kitchen_dishwasher_01_drw_p0
Fra:1 Mem:295.27M (Peak 298.92M) | Time:00:00.10 | Mem:0.00M, Peak:0.00M | Scene, ViewLayer | Synchronizing object | common_kitchen_dishwasher_01_drw_f1
Fra:1 Mem:295.30M (Peak 298.92M) | Time:00:00.10 | Mem:0.00M, Peak:0.00M | Scene, ViewLayer | Synchronizing object | common_kitchen_dishwasher_01_drw_p1
Fra:1 Mem:295.32M (Peak 298.92M) | Time:00:00.10 | Mem:0.00M, Peak:0.00M | Scene, ViewLayer | Synchronizing object | common_kitchen_dishwasher_01_drw_f2
Fra:1 Mem:295.32M (Peak 298.92M) | Time:00:00.10 | Mem:0.00M, Peak:0.00M | Scene, ViewLayer | Synchronizing object | common_kitchen_sink_01_taparm
Fra:1 Mem:295.33M (Peak 298.92M) | Time:00:00.10 | Mem:0.00M, Peak:0.00M | Scene, ViewLayer | Synchronizing object | common_kitchen_kitchen_counter_01_body
Fra:1 Mem:295.33M (Peak 298.92M) | Time:00:00.10 | Mem:0.00M, Peak:0.00M | Scene, ViewLayer | Synchronizing object | common_kitchen_kitchen_counter_01_drwS_f0
Fra:1 Mem:295.34M (Peak 298.92M) | Time:00:00.10 | Mem:0.00M, Peak:0.00M | Scene, ViewLayer | Synchronizing object | common_kitchen_kitchen_counter_01_drwH_gapbg
Fra:1 Mem:295.34M (Peak 298.92M) | Time:00:00.10 | Mem:0.00M, Peak:0.00M | Scene, ViewLayer | Synchronizing object | common_kitchen_kitchen_counter_01_drwH_d0
Fra:1 Mem:295.34M (Peak 298.92M) | Time:00:00.10 | Mem:0.00M, Peak:0.00M | Scene, ViewLayer | Synchronizing object | common_kitchen_kitchen_counter_01_drwH_slot0
Fra:1 Mem:295.34M (Peak 298.92M) | Time:00:00.10 | Mem:0.00M, Peak:0.00M | Scene, ViewLayer | Synchronizing object | common_kitchen_kitchen_counter_01_drwH_slot1
Fra:1 Mem:295.35M (Peak 298.92M) | Time:00:00.10 | Mem:0.00M, Peak:0.00M | Scene, ViewLayer | Synchronizing object | common_kitchen_kitchen_counter_01_drwH_d2
Fra:1 Mem:295.35M (Peak 298.92M) | Time:00:00.10 | Mem:0.00M, Peak:0.00M | Scene, ViewLayer | Synchronizing object | common_kitchen_kitchen_counter_01_drwH_slot2
Fra:1 Mem:295.37M (Peak 298.92M) | Time:00:00.10 | Mem:0.00M, Peak:0.00M | Scene, ViewLayer | Synchronizing object | common_kitchen_kitchen_counter_01_drwN_f0
Fra:1 Mem:295.37M (Peak 298.92M) | Time:00:00.10 | Mem:0.00M, Peak:0.00M | Scene, ViewLayer | Synchronizing object | common_kitchen_kitchen_counter_01_drwN_p0
Fra:1 Mem:295.38M (Peak 298.92M) | Time:00:00.10 | Mem:0.00M, Peak:0.00M | Scene, ViewLayer | Synchronizing object | common_kitchen_kitchen_counter_01_drwN_p1
Fra:1 Mem:295.38M (Peak 298.92M) | Time:00:00.10 | Mem:0.00M, Peak:0.00M | Scene, ViewLayer | Synchronizing object | common_kitchen_range_hood_01_topbox
Fra:1 Mem:295.39M (Peak 298.92M) | Time:00:00.10 | Mem:0.00M, Peak:0.00M | Scene, ViewLayer | Synchronizing object | common_kitchen_range_hood_01_slant
Fra:1 Mem:295.40M (Peak 298.92M) | Time:00:00.10 | Mem:0.00M, Peak:0.00M | Scene, ViewLayer | Synchronizing object | common_kitchen_cabinet_01_body
Fra:1 Mem:295.40M (Peak 298.92M) | Time:00:00.10 | Mem:0.00M, Peak:0.00M | Scene, ViewLayer | Synchronizing object | common_kitchen_cabinet_01_door_f0l
Fra:1 Mem:295.41M (Peak 298.92M) | Time:00:00.10 | Mem:0.00M, Peak:0.00M | Scene, ViewLayer | Synchronizing object | common_kitchen_cabinet_01_door_f0r
Fra:1 Mem:295.41M (Peak 298.92M) | Time:00:00.10 | Mem:0.00M, Peak:0.00M | Scene, ViewLayer | Synchronizing object | common_kitchen_cabinet_01_door_f0b
Fra:1 Mem:295.42M (Peak 298.92M) | Time:00:00.10 | Mem:0.00M, Peak:0.00M | Scene, ViewLayer | Synchronizing object | common_kitchen_cabinet_01_door_f0t
Fra:1 Mem:295.43M (Peak 298.92M) | Time:00:00.10 | Mem:0.00M, Peak:0.00M | Scene, ViewLayer | Synchronizing object | common_kitchen_cabinet_01_door_p0
Fra:1 Mem:295.44M (Peak 298.92M) | Time:00:00.10 | Mem:0.00M, Peak:0.00M | Scene, ViewLayer | Synchronizing object | common_kitchen_cabinet_01_door_f1b
Fra:1 Mem:295.46M (Peak 298.92M) | Time:00:00.10 | Mem:0.00M, Peak:0.00M | Scene, ViewLayer | Synchronizing object | common_kitchen_cabinet_01_door_f1t
Fra:1 Mem:295.46M (Peak 298.92M) | Time:00:00.10 | Mem:0.00M, Peak:0.00M | Scene, ViewLayer | Synchronizing object | common_kitchen_cabinet_01_door_f1c
Fra:1 Mem:295.47M (Peak 298.92M) | Time:00:00.10 | Mem:0.00M, Peak:0.00M | Scene, ViewLayer | Synchronizing object | common_kitchen_cabinet_01_door_p1
Fra:1 Mem:295.47M (Peak 298.92M) | Time:00:00.10 | Mem:0.00M, Peak:0.00M | Scene, ViewLayer | Synchronizing object | common_kitchen_cabinet_01_door_f2b
Fra:1 Mem:295.48M (Peak 298.92M) | Time:00:00.10 | Mem:0.00M, Peak:0.00M | Scene, ViewLayer | Synchronizing object | common_kitchen_cabinet_01_door_f2c
Fra:1 Mem:295.49M (Peak 298.92M) | Time:00:00.10 | Mem:0.00M, Peak:0.00M | Scene, ViewLayer | Synchronizing object | common_kitchen_cabinet_01_door_p2
Fra:1 Mem:295.49M (Peak 298.92M) | Time:00:00.10 | Mem:0.00M, Peak:0.00M | Scene, ViewLayer | Synchronizing object | common_kitchen_cabinet_02_door_gapbg
Fra:1 Mem:295.49M (Peak 298.92M) | Time:00:00.10 | Mem:0.00M, Peak:0.00M | Scene, ViewLayer | Synchronizing object | A_living_dining_balcony_floor_lamp_01_arc
Fra:1 Mem:295.50M (Peak 298.92M) | Time:00:00.10 | Mem:0.00M, Peak:0.00M | Scene, ViewLayer | Synchronizing object | common_kitchen_cabinet_02_door_f0r
Fra:1 Mem:295.51M (Peak 298.92M) | Time:00:00.10 | Mem:0.00M, Peak:0.00M | Scene, ViewLayer | Synchronizing object | common_kitchen_cabinet_02_door_f0b
Fra:1 Mem:295.52M (Peak 298.92M) | Time:00:00.10 | Mem:0.00M, Peak:0.00M | Scene, ViewLayer | Synchronizing object | common_kitchen_cabinet_02_door_f0t
Fra:1 Mem:295.53M (Peak 298.92M) | Time:00:00.10 | Mem:0.00M, Peak:0.00M | Scene, ViewLayer | Synchronizing object | common_kitchen_cabinet_02_door_p0
Fra:1 Mem:295.53M (Peak 298.92M) | Time:00:00.10 | Mem:0.00M, Peak:0.00M | Scene, ViewLayer | Synchronizing object | common_kitchen_cabinet_02_door_f1l
Fra:1 Mem:295.54M (Peak 298.92M) | Time:00:00.10 | Mem:0.00M, Peak:0.00M | Scene, ViewLayer | Synchronizing object | common_kitchen_cabinet_02_door_f1r
Fra:1 Mem:295.55M (Peak 298.92M) | Time:00:00.10 | Mem:0.00M, Peak:0.00M | Scene, ViewLayer | Synchronizing object | common_kitchen_cabinet_02_door_f1t
Fra:1 Mem:295.56M (Peak 298.92M) | Time:00:00.10 | Mem:0.00M, Peak:0.00M | Scene, ViewLayer | Synchronizing object | common_kitchen_cabinet_02_door_f1c
Fra:1 Mem:303.33M (Peak 303.33M) | Time:00:00.10 | Mem:0.00M, Peak:0.00M | Scene, ViewLayer | Synchronizing object | common_kitchen_cabinet_02_door_p1
Fra:1 Mem:303.35M (Peak 303.35M) | Time:00:00.10 | Mem:0.00M, Peak:0.00M | Scene, ViewLayer | Synchronizing object | common_kitchen_cabinet_02_door_f2l
Fra:1 Mem:303.46M (Peak 303.46M) | Time:00:00.10 | Mem:0.00M, Peak:0.00M | Scene, ViewLayer | Synchronizing object | common_kitchen_cabinet_02_door_f2r
Fra:1 Mem:303.51M (Peak 303.51M) | Time:00:00.10 | Mem:0.00M, Peak:0.00M | Scene, ViewLayer | Synchronizing object | lt_strip_tv
Fra:1 Mem:303.51M (Peak 303.51M) | Time:00:00.10 | Mem:0.00M, Peak:0.00M | Scene, ViewLayer | Synchronizing object | common_kitchen_cabinet_02_door_f2b
Fra:1 Mem:303.52M (Peak 303.52M) | Time:00:00.10 | Mem:0.00M, Peak:0.00M | Scene, ViewLayer | Synchronizing object | lt_pendant_02
Fra:1 Mem:303.52M (Peak 303.52M) | Time:00:00.10 | Mem:0.00M, Peak:0.00M | Scene, ViewLayer | Synchronizing object | lt_pendant_01
Fra:1 Mem:303.53M (Peak 303.53M) | Time:00:00.10 | Mem:0.00M, Peak:0.00M | Scene, ViewLayer | Synchronizing object | fx_art_wall_A
Fra:1 Mem:303.53M (Peak 303.53M) | Time:00:00.10 | Mem:0.00M, Peak:0.00M | Scene, ViewLayer | Synchronizing object | common_kitchen_cabinet_02_door_f2c
Fra:1 Mem:303.53M (Peak 303.53M) | Time:00:00.10 | Mem:0.00M, Peak:0.00M | Scene, ViewLayer | Synchronizing object | fx_curt_living_bo_e_A
Fra:1 Mem:303.53M (Peak 303.53M) | Time:00:00.10 | Mem:0.00M, Peak:0.00M | Scene, ViewLayer | Synchronizing object | common_kitchen_glass_sliding_door_01_stB
Fra:1 Mem:303.54M (Peak 303.54M) | Time:00:00.10 | Mem:0.00M, Peak:0.00M | Scene, ViewLayer | Synchronizing object | common_living_dining_balcony_glass_sliding_door_01_stL
Fra:1 Mem:303.54M (Peak 303.54M) | Time:00:00.10 | Mem:0.00M, Peak:0.00M | Scene, ViewLayer | Synchronizing object | common_living_dining_balcony_glass_sliding_door_02_stL
Fra:1 Mem:303.57M (Peak 303.57M) | Time:00:00.10 | Mem:0.00M, Peak:0.00M | Scene, ViewLayer | Synchronizing object | common_living_dining_balcony_glass_sliding_door_02_stR
Fra:1 Mem:303.58M (Peak 303.58M) | Time:00:00.10 | Mem:0.00M, Peak:0.00M | Scene, ViewLayer | Synchronizing object | fx_curt_living_sheer_A
Fra:1 Mem:303.59M (Peak 303.59M) | Time:00:00.10 | Mem:0.00M, Peak:0.00M | Scene, ViewLayer | Synchronizing object | common_living_dining_balcony_glass_sliding_door_02_stT
Fra:1 Mem:303.62M (Peak 303.62M) | Time:00:00.10 | Mem:0.00M, Peak:0.00M | Scene, ViewLayer | Synchronizing object | A_living_dining_balcony_lounge_chair_01_arm1
Fra:1 Mem:303.63M (Peak 303.63M) | Time:00:00.10 | Mem:0.00M, Peak:0.00M | Scene, ViewLayer | Synchronizing object | common_living_dining_balcony_glass_sliding_door_02_stB
Fra:1 Mem:303.63M (Peak 303.63M) | Time:00:00.10 | Mem:0.00M, Peak:0.00M | Scene, ViewLayer | Synchronizing object | common_kitchen_glass_sliding_door_02_stR
Fra:1 Mem:303.63M (Peak 303.63M) | Time:00:00.10 | Mem:0.00M, Peak:0.00M | Scene, ViewLayer | Synchronizing object | common_kitchen_glass_sliding_door_02_stT
Fra:1 Mem:303.63M (Peak 303.63M) | Time:00:00.10 | Mem:0.00M, Peak:0.00M | Scene, ViewLayer | Synchronizing object | common_living_dining_balcony_fridge_01_body
Fra:1 Mem:300.12M (Peak 303.63M) | Time:00:00.10 | Mem:0.00M, Peak:0.00M | Scene, ViewLayer | Synchronizing object | common_living_dining_balcony_cabinet_01_door_f0b
Fra:1 Mem:300.12M (Peak 303.63M) | Time:00:00.10 | Mem:0.00M, Peak:0.00M | Scene, ViewLayer | Synchronizing object | common_living_dining_balcony_cabinet_01_door_f0c
Fra:1 Mem:300.15M (Peak 303.63M) | Time:00:00.10 | Mem:0.00M, Peak:0.00M | Scene, ViewLayer | Synchronizing object | common_living_dining_balcony_cabinet_01_door_p0
Fra:1 Mem:300.15M (Peak 303.63M) | Time:00:00.10 | Mem:0.00M, Peak:0.00M | Scene, ViewLayer | Synchronizing object | common_living_dining_balcony_cabinet_01_door_f1b
Fra:1 Mem:300.15M (Peak 303.63M) | Time:00:00.10 | Mem:0.00M, Peak:0.00M | Scene, ViewLayer | Synchronizing object | common_living_dining_balcony_cabinet_01_door_f1t
Fra:1 Mem:302.38M (Peak 303.63M) | Time:00:00.10 | Mem:0.00M, Peak:0.00M | Scene, ViewLayer | Synchronizing object | common_living_dining_balcony_cabinet_01_door_f1c
Fra:1 Mem:302.38M (Peak 303.63M) | Time:00:00.10 | Mem:0.00M, Peak:0.00M | Scene, ViewLayer | Synchronizing object | common_living_dining_balcony_cabinet_01_door_p1
Fra:1 Mem:302.38M (Peak 303.63M) | Time:00:00.10 | Mem:0.00M, Peak:0.00M | Scene, ViewLayer | Synchronizing object | common_foyer_cabinet_01_body
Fra:1 Mem:302.38M (Peak 303.63M) | Time:00:00.10 | Mem:0.00M, Peak:0.00M | Scene, ViewLayer | Synchronizing object | common_foyer_cabinet_01_door_f0l
Fra:1 Mem:302.39M (Peak 303.63M) | Time:00:00.10 | Mem:0.00M, Peak:0.00M | Scene, ViewLayer | Synchronizing object | common_foyer_cabinet_01_door_f0r
Fra:1 Mem:302.39M (Peak 303.63M) | Time:00:00.10 | Mem:0.00M, Peak:0.00M | Scene, ViewLayer | Synchronizing object | common_foyer_cabinet_01_door_f0b
Fra:1 Mem:302.40M (Peak 303.63M) | Time:00:00.10 | Mem:0.00M, Peak:0.00M | Scene, ViewLayer | Synchronizing object | common_foyer_cabinet_01_door_f0t
Fra:1 Mem:302.40M (Peak 303.63M) | Time:00:00.10 | Mem:0.00M, Peak:0.00M | Scene, ViewLayer | Synchronizing object | common_foyer_cabinet_01_door_f0c
Fra:1 Mem:302.41M (Peak 303.63M) | Time:00:00.10 | Mem:0.00M, Peak:0.00M | Scene, ViewLayer | Synchronizing object | common_foyer_cabinet_01_door_p0
Fra:1 Mem:302.42M (Peak 303.63M) | Time:00:00.10 | Mem:0.00M, Peak:0.00M | Scene, ViewLayer | Synchronizing object | common_foyer_cabinet_01_door_f1l
Fra:1 Mem:302.42M (Peak 303.63M) | Time:00:00.10 | Mem:0.00M, Peak:0.00M | Scene, ViewLayer | Synchronizing object | common_foyer_cabinet_01_door_f1r
Fra:1 Mem:302.42M (Peak 303.63M) | Time:00:00.10 | Mem:0.00M, Peak:0.00M | Scene, ViewLayer | Synchronizing object | common_foyer_cabinet_01_door_f1t
Fra:1 Mem:302.44M (Peak 303.63M) | Time:00:00.10 | Mem:0.00M, Peak:0.00M | Scene, ViewLayer | Synchronizing object | common_foyer_cabinet_01_door_f1c
Fra:1 Mem:302.44M (Peak 303.63M) | Time:00:00.10 | Mem:0.00M, Peak:0.00M | Scene, ViewLayer | Synchronizing object | common_foyer_cabinet_01_door_p1
Fra:1 Mem:302.45M (Peak 303.63M) | Time:00:00.10 | Mem:0.00M, Peak:0.00M | Scene, ViewLayer | Synchronizing object | common_foyer_cabinet_01_door_f2l
Fra:1 Mem:302.45M (Peak 303.63M) | Time:00:00.10 | Mem:0.00M, Peak:0.00M | Scene, ViewLayer | Synchronizing object | common_foyer_cabinet_01_door_f2r
Fra:1 Mem:302.46M (Peak 303.63M) | Time:00:00.10 | Mem:0.00M, Peak:0.00M | Scene, ViewLayer | Synchronizing object | common_foyer_cabinet_01_door_f2b
Fra:1 Mem:302.46M (Peak 303.63M) | Time:00:00.10 | Mem:0.00M, Peak:0.00M | Scene, ViewLayer | Synchronizing object | common_foyer_cabinet_01_door_f2c
Fra:1 Mem:302.46M (Peak 303.63M) | Time:00:00.10 | Mem:0.00M, Peak:0.00M | Scene, ViewLayer | Synchronizing object | common_foyer_cabinet_01_door_p2
Fra:1 Mem:302.47M (Peak 303.63M) | Time:00:00.10 | Mem:0.00M, Peak:0.00M | Scene, ViewLayer | Synchronizing object | common_foyer_open_niche_01_back
Fra:1 Mem:302.48M (Peak 303.63M) | Time:00:00.10 | Mem:0.00M, Peak:0.00M | Scene, ViewLayer | Synchronizing object | common_foyer_open_niche_01_cheek1
Fra:1 Mem:302.50M (Peak 303.63M) | Time:00:00.10 | Mem:0.00M, Peak:0.00M | Scene, ViewLayer | Synchronizing object | common_foyer_open_niche_01_top
Fra:1 Mem:302.51M (Peak 303.63M) | Time:00:00.10 | Mem:0.00M, Peak:0.00M | Scene, ViewLayer | Synchronizing object | common_foyer_open_niche_01_bottom
Fra:1 Mem:302.51M (Peak 303.63M) | Time:00:00.10 | Mem:0.00M, Peak:0.00M | Scene, ViewLayer | Synchronizing object | common_foyer_cabinet_02_body
Fra:1 Mem:302.52M (Peak 303.63M) | Time:00:00.10 | Mem:0.00M, Peak:0.00M | Scene, ViewLayer | Synchronizing object | common_foyer_cabinet_02_door_f0l
Fra:1 Mem:302.55M (Peak 303.63M) | Time:00:00.10 | Mem:0.00M, Peak:0.00M | Scene, ViewLayer | Synchronizing object | A_living_dining_balcony_lounge_chair_01_leg2
Fra:1 Mem:302.55M (Peak 303.63M) | Time:00:00.10 | Mem:0.00M, Peak:0.00M | Scene, ViewLayer | Synchronizing object | A_living_dining_balcony_lounge_chair_01_leg1
Fra:1 Mem:302.56M (Peak 303.63M) | Time:00:00.10 | Mem:0.00M, Peak:0.00M | Scene, ViewLayer | Synchronizing object | common_foyer_cabinet_02_door_f0r
Fra:1 Mem:302.58M (Peak 303.63M) | Time:00:00.10 | Mem:0.00M, Peak:0.00M | Scene, ViewLayer | Synchronizing object | common_foyer_cabinet_02_door_f0b
Fra:1 Mem:302.59M (Peak 303.63M) | Time:00:00.10 | Mem:0.00M, Peak:0.00M | Scene, ViewLayer | Synchronizing object | common_foyer_cabinet_02_door_f0t
Fra:1 Mem:302.61M (Peak 303.63M) | Time:00:00.10 | Mem:0.00M, Peak:0.00M | Scene, ViewLayer | Synchronizing object | common_foyer_cabinet_02_door_f0c
Fra:1 Mem:302.62M (Peak 303.63M) | Time:00:00.10 | Mem:0.00M, Peak:0.00M | Scene, ViewLayer | Synchronizing object | common_foyer_cabinet_02_door_p0
Fra:1 Mem:302.62M (Peak 303.63M) | Time:00:00.10 | Mem:0.00M, Peak:0.00M | Scene, ViewLayer | Synchronizing object | A_living_dining_balcony_lounge_chair_01_back
Fra:1 Mem:302.63M (Peak 303.63M) | Time:00:00.10 | Mem:0.00M, Peak:0.00M | Scene, ViewLayer | Synchronizing object | A_living_dining_balcony_lounge_chair_01_seat
Fra:1 Mem:302.64M (Peak 303.63M) | Time:00:00.10 | Mem:0.00M, Peak:0.00M | Scene, ViewLayer | Synchronizing object | A_living_dining_balcony_floor_lamp_01_shade
Fra:1 Mem:302.66M (Peak 303.63M) | Time:00:00.10 | Mem:0.00M, Peak:0.00M | Scene, ViewLayer | Synchronizing object | A_living_dining_balcony_floor_lamp_01_base
Fra:1 Mem:302.67M (Peak 303.63M) | Time:00:00.10 | Mem:0.00M, Peak:0.00M | Scene, ViewLayer | Synchronizing object | A_living_dining_balcony_tv_01_screen
Fra:1 Mem:302.68M (Peak 303.63M) | Time:00:00.10 | Mem:0.00M, Peak:0.00M | Scene, ViewLayer | Synchronizing object | A_living_dining_balcony_rug_01_border3
Fra:1 Mem:302.68M (Peak 303.63M) | Time:00:00.10 | Mem:0.00M, Peak:0.00M | Scene, ViewLayer | Synchronizing object | A_living_dining_balcony_rug_01_border2
Fra:1 Mem:302.68M (Peak 303.63M) | Time:00:00.10 | Mem:0.00M, Peak:0.00M | Scene, ViewLayer | Synchronizing object | A_living_dining_balcony_rug_01_border1
Fra:1 Mem:302.68M (Peak 303.63M) | Time:00:00.10 | Mem:0.00M, Peak:0.00M | Scene, ViewLayer | Synchronizing object | A_living_dining_balcony_rug_01_border0
Fra:1 Mem:302.68M (Peak 303.63M) | Time:00:00.10 | Mem:0.00M, Peak:0.00M | Scene, ViewLayer | Synchronizing object | A_living_dining_balcony_rug_01_pile
Fra:1 Mem:302.68M (Peak 303.63M) | Time:00:00.10 | Mem:0.00M, Peak:0.00M | Scene, ViewLayer | Synchronizing object | A_living_dining_balcony_coffee_table_01_leg2
Fra:1 Mem:302.68M (Peak 303.63M) | Time:00:00.10 | Mem:0.00M, Peak:0.00M | Scene, ViewLayer | Synchronizing object | A_living_dining_balcony_coffee_table_01_leg1
Fra:1 Mem:302.68M (Peak 303.63M) | Time:00:00.10 | Mem:0.00M, Peak:0.00M | Scene, ViewLayer | Synchronizing object | common_foyer_cabinet_02_door_f1l
Fra:1 Mem:302.68M (Peak 303.63M) | Time:00:00.10 | Mem:0.00M, Peak:0.00M | Scene, ViewLayer | Synchronizing object | common_foyer_cabinet_02_door_f1t
Fra:1 Mem:302.69M (Peak 303.63M) | Time:00:00.10 | Mem:0.00M, Peak:0.00M | Scene, ViewLayer | Synchronizing object | common_foyer_cabinet_02_door_f2l
Fra:1 Mem:302.69M (Peak 303.63M) | Time:00:00.10 | Mem:0.00M, Peak:0.00M | Scene, ViewLayer | Synchronizing object | common_foyer_mirror_door_01_pull
Fra:1 Mem:302.70M (Peak 303.63M) | Time:00:00.10 | Mem:0.00M, Peak:0.00M | Scene, ViewLayer | Synchronizing object | common_elevator_hall_cabinet_01_body
Fra:1 Mem:302.70M (Peak 303.63M) | Time:00:00.10 | Mem:0.00M, Peak:0.00M | Scene, ViewLayer | Synchronizing object | common_elevator_hall_cabinet_01_door_gapbg
Fra:1 Mem:302.70M (Peak 303.63M) | Time:00:00.10 | Mem:0.00M, Peak:0.00M | Scene, ViewLayer | Synchronizing object | common_elevator_hall_cabinet_01_door_f0l
Fra:1 Mem:302.71M (Peak 303.63M) | Time:00:00.10 | Mem:0.00M, Peak:0.00M | Scene, ViewLayer | Synchronizing object | common_elevator_hall_cabinet_01_door_f0b
Fra:1 Mem:302.72M (Peak 303.63M) | Time:00:00.10 | Mem:0.00M, Peak:0.00M | Scene, ViewLayer | Synchronizing object | common_elevator_hall_cabinet_01_door_f0t
Fra:1 Mem:302.73M (Peak 303.63M) | Time:00:00.10 | Mem:0.00M, Peak:0.00M | Scene, ViewLayer | Synchronizing object | common_elevator_hall_cabinet_01_door_f0c
Fra:1 Mem:302.74M (Peak 303.63M) | Time:00:00.10 | Mem:0.00M, Peak:0.00M | Scene, ViewLayer | Synchronizing object | common_living_dining_balcony_bookcase_01_drw_gapbg
Fra:1 Mem:302.75M (Peak 303.63M) | Time:00:00.10 | Mem:0.00M, Peak:0.00M | Scene, ViewLayer | Synchronizing object | common_living_dining_balcony_bookcase_01_drw_f0
Fra:1 Mem:302.76M (Peak 303.63M) | Time:00:00.10 | Mem:0.00M, Peak:0.00M | Scene, ViewLayer | Synchronizing object | common_living_dining_balcony_bookcase_01_drw_f1
Fra:1 Mem:302.77M (Peak 303.63M) | Time:00:00.10 | Mem:0.00M, Peak:0.00M | Scene, ViewLayer | Synchronizing object | common_living_dining_balcony_bookcase_02_back
Fra:1 Mem:302.78M (Peak 303.63M) | Time:00:00.10 | Mem:0.00M, Peak:0.00M | Scene, ViewLayer | Synchronizing object | common_living_dining_balcony_bookcase_02_top
Fra:1 Mem:302.79M (Peak 303.63M) | Time:00:00.10 | Mem:0.00M, Peak:0.00M | Scene, ViewLayer | Synchronizing object | A_living_dining_balcony_coffee_table_01_top
Fra:1 Mem:302.79M (Peak 303.63M) | Time:00:00.10 | Mem:0.00M, Peak:0.00M | Scene, ViewLayer | Synchronizing object | common_living_dining_balcony_bookcase_02_div1
Fra:1 Mem:302.80M (Peak 303.63M) | Time:00:00.10 | Mem:0.00M, Peak:0.00M | Scene, ViewLayer | Synchronizing object | A_living_dining_balcony_ottoman_01_base
Fra:1 Mem:302.82M (Peak 303.63M) | Time:00:00.10 | Mem:0.00M, Peak:0.00M | Scene, ViewLayer | Synchronizing object | common_living_dining_balcony_bookcase_02_div2
Fra:1 Mem:302.82M (Peak 303.63M) | Time:00:00.10 | Mem:0.00M, Peak:0.00M | Scene, ViewLayer | Synchronizing object | common_living_dining_balcony_bookcase_02_door_gapbg
Fra:1 Mem:302.82M (Peak 303.63M) | Time:00:00.10 | Mem:0.00M, Peak:0.00M | Scene, ViewLayer | Synchronizing object | common_living_dining_balcony_bookcase_02_shelf0
Fra:1 Mem:302.82M (Peak 303.63M) | Time:00:00.10 | Mem:0.00M, Peak:0.00M | Scene, ViewLayer | Synchronizing object | common_living_dining_balcony_bookcase_02_shelf1
Fra:1 Mem:302.83M (Peak 303.63M) | Time:00:00.10 | Mem:0.00M, Peak:0.00M | Scene, ViewLayer | Synchronizing object | common_living_dining_balcony_bookcase_02_shelf2
Fra:1 Mem:302.83M (Peak 303.63M) | Time:00:00.10 | Mem:0.00M, Peak:0.00M | Scene, ViewLayer | Synchronizing object | common_living_dining_balcony_bookcase_02_gshelf0
Fra:1 Mem:302.84M (Peak 303.63M) | Time:00:00.10 | Mem:0.00M, Peak:0.00M | Scene, ViewLayer | Synchronizing object | common_living_dining_balcony_bookcase_02_gshelf1
Fra:1 Mem:302.84M (Peak 303.63M) | Time:00:00.10 | Mem:0.00M, Peak:0.00M | Scene, ViewLayer | Synchronizing object | common_living_dining_balcony_bookcase_02_gf_stS
Fra:1 Mem:302.85M (Peak 303.63M) | Time:00:00.10 | Mem:0.00M, Peak:0.00M | Scene, ViewLayer | Synchronizing object | common_living_dining_balcony_bookcase_02_gf_stN
Fra:1 Mem:302.85M (Peak 303.63M) | Time:00:00.10 | Mem:0.00M, Peak:0.00M | Scene, ViewLayer | Synchronizing object | common_living_dining_balcony_bookcase_02_gf_rlT
Fra:1 Mem:302.87M (Peak 303.63M) | Time:00:00.10 | Mem:0.00M, Peak:0.00M | Scene, ViewLayer | Synchronizing object | common_living_dining_balcony_bookcase_02_gpane
Fra:1 Mem:302.87M (Peak 303.63M) | Time:00:00.10 | Mem:0.00M, Peak:0.00M | Scene, ViewLayer | Synchronizing object | common_living_dining_balcony_bookcase_02_gknob
Fra:1 Mem:302.87M (Peak 303.63M) | Time:00:00.10 | Mem:0.00M, Peak:0.00M | Scene, ViewLayer | Synchronizing object | common_living_dining_balcony_laundry_cabinet_01_door_gapbg
Fra:1 Mem:302.87M (Peak 303.63M) | Time:00:00.10 | Mem:0.00M, Peak:0.00M | Scene, ViewLayer | Synchronizing object | common_living_dining_balcony_laundry_cabinet_01_door_f0l
Fra:1 Mem:302.87M (Peak 303.63M) | Time:00:00.10 | Mem:0.00M, Peak:0.00M | Scene, ViewLayer | Synchronizing object | A_living_dining_balcony_ottoman_01_pad
Fra:1 Mem:302.88M (Peak 303.63M) | Time:00:00.10 | Mem:0.00M, Peak:0.00M | Scene, ViewLayer | Synchronizing object | common_living_dining_balcony_laundry_cabinet_01_door_f0r
Fra:1 Mem:302.89M (Peak 303.63M) | Time:00:00.10 | Mem:0.00M, Peak:0.00M | Scene, ViewLayer | Synchronizing object | common_living_dining_balcony_laundry_cabinet_01_door_f0b
Fra:1 Mem:302.90M (Peak 303.63M) | Time:00:00.10 | Mem:0.00M, Peak:0.00M | Scene, ViewLayer | Synchronizing object | common_living_dining_balcony_laundry_cabinet_01_door_f0t
Fra:1 Mem:302.90M (Peak 303.63M) | Time:00:00.10 | Mem:0.00M, Peak:0.00M | Scene, ViewLayer | Synchronizing object | common_living_dining_balcony_laundry_cabinet_01_door_f0c
Fra:1 Mem:302.92M (Peak 303.63M) | Time:00:00.10 | Mem:0.00M, Peak:0.00M | Scene, ViewLayer | Synchronizing object | common_living_dining_balcony_laundry_cabinet_01_door_p0
Fra:1 Mem:302.92M (Peak 303.63M) | Time:00:00.10 | Mem:0.00M, Peak:0.00M | Scene, ViewLayer | Synchronizing object | common_living_dining_balcony_laundry_cabinet_01_door_f1r
Fra:1 Mem:302.92M (Peak 303.63M) | Time:00:00.10 | Mem:0.00M, Peak:0.00M | Scene, ViewLayer | Synchronizing object | common_living_dining_balcony_laundry_cabinet_01_door_f1b
Fra:1 Mem:302.93M (Peak 303.63M) | Time:00:00.10 | Mem:0.00M, Peak:0.00M | Scene, ViewLayer | Synchronizing object | common_living_dining_balcony_laundry_cabinet_01_door_f1t
Fra:1 Mem:302.94M (Peak 303.63M) | Time:00:00.10 | Mem:0.00M, Peak:0.00M | Scene, ViewLayer | Synchronizing object | common_living_dining_balcony_laundry_cabinet_01_door_p1
Fra:1 Mem:309.97M (Peak 309.97M) | Time:00:00.10 | Mem:0.00M, Peak:0.00M | Scene, ViewLayer | Synchronizing object | common_master_bedroom_wardrobe_01_body
Fra:1 Mem:309.97M (Peak 309.97M) | Time:00:00.10 | Mem:0.00M, Peak:0.00M | Scene, ViewLayer | Synchronizing object | common_master_bedroom_wardrobe_01_door_f0l
Fra:1 Mem:309.99M (Peak 309.99M) | Time:00:00.10 | Mem:0.00M, Peak:0.00M | Scene, ViewLayer | Synchronizing object | common_master_bedroom_wardrobe_01_door_f0r
Fra:1 Mem:309.99M (Peak 309.99M) | Time:00:00.10 | Mem:0.00M, Peak:0.00M | Scene, ViewLayer | Synchronizing object | common_master_bedroom_wardrobe_01_door_f0b
Fra:1 Mem:309.99M (Peak 309.99M) | Time:00:00.10 | Mem:0.00M, Peak:0.00M | Scene, ViewLayer | Synchronizing object | common_master_bedroom_wardrobe_01_door_f0c
Fra:1 Mem:310.01M (Peak 310.01M) | Time:00:00.10 | Mem:0.00M, Peak:0.00M | Scene, ViewLayer | Synchronizing object | common_master_bedroom_wardrobe_01_door_p0
Fra:1 Mem:310.01M (Peak 310.01M) | Time:00:00.10 | Mem:0.00M, Peak:0.00M | Scene, ViewLayer | Synchronizing object | common_master_bedroom_wardrobe_01_door_f1l
Fra:1 Mem:310.01M (Peak 310.01M) | Time:00:00.10 | Mem:0.00M, Peak:0.00M | Scene, ViewLayer | Synchronizing object | common_master_bedroom_wardrobe_01_door_f1b
Fra:1 Mem:310.04M (Peak 310.04M) | Time:00:00.10 | Mem:0.00M, Peak:0.00M | Scene, ViewLayer | Synchronizing object | common_master_bedroom_wardrobe_01_door_f1t
Fra:1 Mem:310.04M (Peak 310.04M) | Time:00:00.10 | Mem:0.00M, Peak:0.00M | Scene, ViewLayer | Synchronizing object | common_master_bedroom_wardrobe_01_door_p1
Fra:1 Mem:310.05M (Peak 310.05M) | Time:00:00.10 | Mem:0.00M, Peak:0.00M | Scene, ViewLayer | Synchronizing object | common_master_bedroom_wardrobe_01_door_f2l
Fra:1 Mem:310.06M (Peak 310.06M) | Time:00:00.10 | Mem:0.00M, Peak:0.00M | Scene, ViewLayer | Synchronizing object | common_master_bedroom_wardrobe_01_door_f2b
Fra:1 Mem:310.07M (Peak 310.07M) | Time:00:00.10 | Mem:0.00M, Peak:0.00M | Scene, ViewLayer | Synchronizing object | common_master_bedroom_wardrobe_01_door_f2t
Fra:1 Mem:310.07M (Peak 310.07M) | Time:00:00.10 | Mem:0.00M, Peak:0.00M | Scene, ViewLayer | Synchronizing object | common_master_bedroom_wardrobe_01_door_p2
Fra:1 Mem:310.08M (Peak 310.08M) | Time:00:00.10 | Mem:0.00M, Peak:0.00M | Scene, ViewLayer | Synchronizing object | common_master_bedroom_wardrobe_01_door_f3l
Fra:1 Mem:310.08M (Peak 310.08M) | Time:00:00.10 | Mem:0.00M, Peak:0.00M | Scene, ViewLayer | Synchronizing object | common_master_bedroom_wardrobe_01_door_f3b
Fra:1 Mem:310.10M (Peak 310.10M) | Time:00:00.10 | Mem:0.00M, Peak:0.00M | Scene, ViewLayer | Synchronizing object | common_master_bedroom_wardrobe_01_door_f3c
Fra:1 Mem:312.32M (Peak 312.32M) | Time:00:00.10 | Mem:0.00M, Peak:0.00M | Scene, ViewLayer | Synchronizing object | common_master_bedroom_wardrobe_01_door_p3
Fra:1 Mem:312.33M (Peak 312.33M) | Time:00:00.10 | Mem:0.00M, Peak:0.00M | Scene, ViewLayer | Synchronizing object | A_living_dining_balcony_sofa_01_pillow_olive
Fra:1 Mem:312.33M (Peak 312.33M) | Time:00:00.10 | Mem:0.00M, Peak:0.00M | Scene, ViewLayer | Synchronizing object | common_master_bedroom_wardrobe_01_door_f4l
Fra:1 Mem:312.35M (Peak 312.35M) | Time:00:00.10 | Mem:0.00M, Peak:0.00M | Scene, ViewLayer | Synchronizing object | common_master_bedroom_wardrobe_01_door_f4r
Fra:1 Mem:312.43M (Peak 312.43M) | Time:00:00.10 | Mem:0.00M, Peak:0.00M | Scene, ViewLayer | Synchronizing object | common_master_bedroom_wardrobe_01_door_f4b
Fra:1 Mem:312.44M (Peak 312.44M) | Time:00:00.11 | Mem:0.00M, Peak:0.00M | Scene, ViewLayer | Synchronizing object | common_master_bedroom_wardrobe_01_door_f4t
Fra:1 Mem:312.44M (Peak 312.44M) | Time:00:00.11 | Mem:0.00M, Peak:0.00M | Scene, ViewLayer | Synchronizing object | common_master_bedroom_wardrobe_01_door_f4c
Fra:1 Mem:312.44M (Peak 312.44M) | Time:00:00.11 | Mem:0.00M, Peak:0.00M | Scene, ViewLayer | Synchronizing object | common_master_bedroom_wardrobe_01_door_p4
Fra:1 Mem:312.45M (Peak 312.45M) | Time:00:00.11 | Mem:0.00M, Peak:0.00M | Scene, ViewLayer | Synchronizing object | common_master_bedroom_wardrobe_01_door_f5l
Fra:1 Mem:312.46M (Peak 312.46M) | Time:00:00.11 | Mem:0.00M, Peak:0.00M | Scene, ViewLayer | Synchronizing object | A_living_dining_balcony_sofa_01_arm1
Fra:1 Mem:312.46M (Peak 312.46M) | Time:00:00.11 | Mem:0.00M, Peak:0.00M | Scene, ViewLayer | Synchronizing object | common_master_bedroom_wardrobe_01_door_f5b
Fra:1 Mem:312.48M (Peak 312.48M) | Time:00:00.11 | Mem:0.00M, Peak:0.00M | Scene, ViewLayer | Synchronizing object | A_living_dining_balcony_sofa_01_arm0
Fra:1 Mem:312.50M (Peak 312.50M) | Time:00:00.11 | Mem:0.00M, Peak:0.00M | Scene, ViewLayer | Synchronizing object | common_master_bedroom_wardrobe_01_door_f5t
Fra:1 Mem:312.51M (Peak 312.51M) | Time:00:00.11 | Mem:0.00M, Peak:0.00M | Scene, ViewLayer | Synchronizing object | common_master_bedroom_wardrobe_01_door_p5
Fra:1 Mem:312.51M (Peak 312.51M) | Time:00:00.11 | Mem:0.00M, Peak:0.00M | Scene, ViewLayer | Synchronizing object | common_master_bedroom_open_niche_01_back
Fra:1 Mem:312.51M (Peak 312.51M) | Time:00:00.11 | Mem:0.00M, Peak:0.00M | Scene, ViewLayer | Synchronizing object | common_master_bedroom_open_niche_01_cheek1
Fra:1 Mem:312.51M (Peak 312.51M) | Time:00:00.11 | Mem:0.00M, Peak:0.00M | Scene, ViewLayer | Synchronizing object | common_master_bedroom_open_niche_01_sh2
Fra:1 Mem:312.51M (Peak 312.51M) | Time:00:00.11 | Mem:0.00M, Peak:0.00M | Scene, ViewLayer | Synchronizing object | common_master_bath_vanity_01_drw_gapbg
Fra:1 Mem:312.52M (Peak 312.52M) | Time:00:00.11 | Mem:0.00M, Peak:0.00M | Scene, ViewLayer | Synchronizing object | A_living_dining_balcony_sofa_01_seat1
Fra:1 Mem:312.60M (Peak 312.60M) | Time:00:00.11 | Mem:0.00M, Peak:0.00M | Scene, ViewLayer | Synchronizing object | common_master_bath_vanity_01_drw_f0
Fra:1 Mem:312.61M (Peak 312.61M) | Time:00:00.11 | Mem:0.00M, Peak:0.00M | Scene, ViewLayer | Synchronizing object | common_master_bath_vanity_01_drw_p0
Fra:1 Mem:312.61M (Peak 312.61M) | Time:00:00.11 | Mem:0.00M, Peak:0.00M | Scene, ViewLayer | Synchronizing object | common_master_bath_vanity_01_drw_f1
Fra:1 Mem:312.62M (Peak 312.62M) | Time:00:00.11 | Mem:0.00M, Peak:0.00M | Scene, ViewLayer | Synchronizing object | common_master_bath_vanity_01_drw_p1
Fra:1 Mem:312.62M (Peak 312.62M) | Time:00:00.11 | Mem:0.00M, Peak:0.00M | Scene, ViewLayer | Synchronizing object | common_master_bath_vanity_01_top_s2
Fra:1 Mem:312.62M (Peak 312.62M) | Time:00:00.11 | Mem:0.00M, Peak:0.00M | Scene, ViewLayer | Synchronizing object | common_master_bath_vanity_01_top_s4
Fra:1 Mem:312.63M (Peak 312.63M) | Time:00:00.11 | Mem:0.00M, Peak:0.00M | Scene, ViewLayer | Synchronizing object | common_master_bath_vanity_01_bowlS
Fra:1 Mem:312.64M (Peak 312.64M) | Time:00:00.11 | Mem:0.00M, Peak:0.00M | Scene, ViewLayer | Synchronizing object | common_master_bath_mirror_cabinet_01_mir_f0
Fra:1 Mem:312.65M (Peak 312.65M) | Time:00:00.11 | Mem:0.00M, Peak:0.00M | Scene, ViewLayer | Synchronizing object | common_master_bath_toilet_01_seat
Fra:1 Mem:312.66M (Peak 312.66M) | Time:00:00.11 | Mem:0.00M, Peak:0.00M | Scene, ViewLayer | Synchronizing object | common_master_bath_glass_partition_01_fr0
Fra:1 Mem:312.66M (Peak 312.66M) | Time:00:00.11 | Mem:0.00M, Peak:0.00M | Scene, ViewLayer | Synchronizing object | common_master_bath_glass_partition_01_fr1
Fra:1 Mem:312.67M (Peak 312.67M) | Time:00:00.11 | Mem:0.00M, Peak:0.00M | Scene, ViewLayer | Synchronizing object | common_master_bath_glass_partition_01_fr2
Fra:1 Mem:312.67M (Peak 312.67M) | Time:00:00.11 | Mem:0.00M, Peak:0.00M | Scene, ViewLayer | Synchronizing object | common_master_bath_glass_partition_01_fr3
Fra:1 Mem:312.67M (Peak 312.67M) | Time:00:00.11 | Mem:0.00M, Peak:0.00M | Scene, ViewLayer | Synchronizing object | common_master_bath_glass_partition_01_fr4
Fra:1 Mem:312.67M (Peak 312.67M) | Time:00:00.11 | Mem:0.00M, Peak:0.00M | Scene, ViewLayer | Synchronizing object | common_master_bath_shower_floor_01_drain
Fra:1 Mem:312.68M (Peak 312.68M) | Time:00:00.11 | Mem:0.00M, Peak:0.00M | Scene, ViewLayer | Synchronizing object | common_corridor_vanity_01_cab
Fra:1 Mem:312.68M (Peak 312.68M) | Time:00:00.11 | Mem:0.00M, Peak:0.00M | Scene, ViewLayer | Synchronizing object | common_corridor_vanity_01_drw_gapbg
Fra:1 Mem:312.68M (Peak 312.68M) | Time:00:00.11 | Mem:0.00M, Peak:0.00M | Scene, ViewLayer | Synchronizing object | common_corridor_vanity_01_drw_p0
Fra:1 Mem:312.68M (Peak 312.68M) | Time:00:00.11 | Mem:0.00M, Peak:0.00M | Scene, ViewLayer | Synchronizing object | common_corridor_vanity_01_drw_p1
Fra:1 Mem:312.69M (Peak 312.69M) | Time:00:00.11 | Mem:0.00M, Peak:0.00M | Scene, ViewLayer | Synchronizing object | common_corridor_vanity_01_drw_f2
Fra:1 Mem:312.71M (Peak 312.71M) | Time:00:00.11 | Mem:0.00M, Peak:0.00M | Scene, ViewLayer | Synchronizing object | common_corridor_vanity_01_drw_p2
Fra:1 Mem:312.72M (Peak 312.72M) | Time:00:00.11 | Mem:0.00M, Peak:0.00M | Scene, ViewLayer | Synchronizing object | common_corridor_vanity_01_top_s1
Fra:1 Mem:312.72M (Peak 312.72M) | Time:00:00.11 | Mem:0.00M, Peak:0.00M | Scene, ViewLayer | Synchronizing object | common_corridor_vanity_01_top_s5
Fra:1 Mem:312.73M (Peak 312.73M) | Time:00:00.11 | Mem:0.00M, Peak:0.00M | Scene, ViewLayer | Synchronizing object | A_living_dining_balcony_sofa_01_seat0
Fra:1 Mem:310.53M (Peak 312.73M) | Time:00:00.11 | Mem:0.00M, Peak:0.00M | Scene, ViewLayer | Synchronizing object | A_living_dining_balcony_sofa_01_back2
Fra:1 Mem:310.54M (Peak 312.73M) | Time:00:00.11 | Mem:0.00M, Peak:0.00M | Scene, ViewLayer | Synchronizing object | common_corridor_vanity_01_bowlW
Fra:1 Mem:310.55M (Peak 312.73M) | Time:00:00.11 | Mem:0.00M, Peak:0.00M | Scene, ViewLayer | Synchronizing object | A_living_dining_balcony_sofa_01_back1
Fra:1 Mem:310.55M (Peak 312.73M) | Time:00:00.11 | Mem:0.00M, Peak:0.00M | Scene, ViewLayer | Synchronizing object | common_corridor_vanity_01_bowlS
Fra:1 Mem:310.56M (Peak 312.73M) | Time:00:00.11 | Mem:0.00M, Peak:0.00M | Scene, ViewLayer | Synchronizing object | common_corridor_vanity_01_fc353_base
Fra:1 Mem:314.81M (Peak 314.81M) | Time:00:00.11 | Mem:0.00M, Peak:0.00M | Scene, ViewLayer | Synchronizing object | common_corridor_vanity_01_fc353_riser
Fra:1 Mem:314.83M (Peak 314.83M) | Time:00:00.11 | Mem:0.00M, Peak:0.00M | Scene, ViewLayer | Synchronizing object | common_corridor_vanity_01_fc353_spout
Fra:1 Mem:314.84M (Peak 314.84M) | Time:00:00.11 | Mem:0.00M, Peak:0.00M | Scene, ViewLayer | Synchronizing object | common_corridor_vanity_01_fc353_tip
Fra:1 Mem:314.89M (Peak 314.89M) | Time:00:00.11 | Mem:0.00M, Peak:0.00M | Scene, ViewLayer | Synchronizing object | common_corridor_vanity_01_bowlW.001
Fra:1 Mem:314.90M (Peak 314.90M) | Time:00:00.11 | Mem:0.00M, Peak:0.00M | Scene, ViewLayer | Synchronizing object | common_corridor_vanity_01_bowlE.001
Fra:1 Mem:314.90M (Peak 314.90M) | Time:00:00.11 | Mem:0.00M, Peak:0.00M | Scene, ViewLayer | Synchronizing object | common_corridor_vanity_01_bowlN.001
Fra:1 Mem:314.92M (Peak 314.92M) | Time:00:00.11 | Mem:0.00M, Peak:0.00M | Scene, ViewLayer | Synchronizing object | A_living_dining_balcony_sofa_01_back0
Fra:1 Mem:314.94M (Peak 314.94M) | Time:00:00.11 | Mem:0.00M, Peak:0.00M | Scene, ViewLayer | Synchronizing object | A_living_dining_balcony_sofa_01_leg3
Fra:1 Mem:314.94M (Peak 314.94M) | Time:00:00.11 | Mem:0.00M, Peak:0.00M | Scene, ViewLayer | Synchronizing object | common_corridor_vanity_01_fc281_riser
Fra:1 Mem:314.94M (Peak 314.94M) | Time:00:00.11 | Mem:0.00M, Peak:0.00M | Scene, ViewLayer | Synchronizing object | A_living_dining_balcony_sofa_01_leg2
Fra:1 Mem:314.94M (Peak 314.94M) | Time:00:00.11 | Mem:0.00M, Peak:0.00M | Scene, ViewLayer | Synchronizing object | common_corridor_mirror_cabinet_01_mir_f1
Fra:1 Mem:319.19M (Peak 319.19M) | Time:00:00.11 | Mem:0.00M, Peak:0.00M | Scene, ViewLayer | Synchronizing object | common_public_bath_wet_shower_floor_01_drain
Fra:1 Mem:319.20M (Peak 319.20M) | Time:00:00.11 | Mem:0.00M, Peak:0.00M | Scene, ViewLayer | Synchronizing object | A_living_dining_balcony_sofa_01_leg1
Fra:1 Mem:319.20M (Peak 319.20M) | Time:00:00.11 | Mem:0.00M, Peak:0.00M | Scene, ViewLayer | Synchronizing object | common_public_bath_wet_glass_partition_01_fr1
Fra:1 Mem:319.21M (Peak 319.21M) | Time:00:00.11 | Mem:0.00M, Peak:0.00M | Scene, ViewLayer | Synchronizing object | common_public_bath_wet_glass_partition_01_fr2
Fra:1 Mem:319.22M (Peak 319.22M) | Time:00:00.11 | Mem:0.00M, Peak:0.00M | Scene, ViewLayer | Synchronizing object | common_public_bath_wet_glass_partition_01_fr3
Fra:1 Mem:319.22M (Peak 319.22M) | Time:00:00.11 | Mem:0.00M, Peak:0.00M | Scene, ViewLayer | Synchronizing object | common_public_bath_wet_toilet_01_base
Fra:1 Mem:319.23M (Peak 319.23M) | Time:00:00.11 | Mem:0.00M, Peak:0.00M | Scene, ViewLayer | Synchronizing object | common_public_bath_wet_toilet_01_seat
Fra:1 Mem:319.23M (Peak 319.23M) | Time:00:00.11 | Mem:0.00M, Peak:0.00M | Scene, ViewLayer | Synchronizing object | common_parents_room_wardrobe_01_body
Fra:1 Mem:319.24M (Peak 319.24M) | Time:00:00.11 | Mem:0.00M, Peak:0.00M | Scene, ViewLayer | Synchronizing object | common_parents_room_wardrobe_01_slA_f0
Fra:1 Mem:319.25M (Peak 319.25M) | Time:00:00.11 | Mem:0.00M, Peak:0.00M | Scene, ViewLayer | Synchronizing object | common_parents_room_wardrobe_01_slA_f1
Fra:1 Mem:319.25M (Peak 319.25M) | Time:00:00.11 | Mem:0.00M, Peak:0.00M | Scene, ViewLayer | Synchronizing object | common_parents_room_wardrobe_01_slA_f2
Fra:1 Mem:319.26M (Peak 319.26M) | Time:00:00.11 | Mem:0.00M, Peak:0.00M | Scene, ViewLayer | Synchronizing object | common_parents_room_wardrobe_01_slB_f0
Fra:1 Mem:319.27M (Peak 319.27M) | Time:00:00.11 | Mem:0.00M, Peak:0.00M | Scene, ViewLayer | Synchronizing object | common_master_bedroom_screen_01_slat00
Fra:1 Mem:319.28M (Peak 319.28M) | Time:00:00.11 | Mem:0.00M, Peak:0.00M | Scene, ViewLayer | Synchronizing object | common_master_bedroom_screen_01_slat01
Fra:1 Mem:319.28M (Peak 319.28M) | Time:00:00.11 | Mem:0.00M, Peak:0.00M | Scene, ViewLayer | Synchronizing object | common_master_bedroom_screen_01_slat02
Fra:1 Mem:319.29M (Peak 319.29M) | Time:00:00.11 | Mem:0.00M, Peak:0.00M | Scene, ViewLayer | Synchronizing object | common_master_bedroom_screen_01_slat03
Fra:1 Mem:319.29M (Peak 319.29M) | Time:00:00.11 | Mem:0.00M, Peak:0.00M | Scene, ViewLayer | Synchronizing object | common_master_bedroom_screen_01_slat04
Fra:1 Mem:319.30M (Peak 319.30M) | Time:00:00.11 | Mem:0.00M, Peak:0.00M | Scene, ViewLayer | Synchronizing object | common_master_bedroom_screen_01_slat05
Fra:1 Mem:319.30M (Peak 319.30M) | Time:00:00.11 | Mem:0.00M, Peak:0.00M | Scene, ViewLayer | Synchronizing object | common_master_bedroom_screen_01_slat06
Fra:1 Mem:319.31M (Peak 319.31M) | Time:00:00.11 | Mem:0.00M, Peak:0.00M | Scene, ViewLayer | Synchronizing object | common_master_bedroom_screen_01_slat08
Fra:1 Mem:319.32M (Peak 319.32M) | Time:00:00.11 | Mem:0.00M, Peak:0.00M | Scene, ViewLayer | Synchronizing object | common_master_bedroom_screen_01_slat09
Fra:1 Mem:319.32M (Peak 319.32M) | Time:00:00.11 | Mem:0.00M, Peak:0.00M | Scene, ViewLayer | Synchronizing object | common_master_bedroom_screen_01_slat11
Fra:1 Mem:320.90M (Peak 320.90M) | Time:00:00.11 | Mem:0.00M, Peak:0.00M | Scene, ViewLayer | Synchronizing object | common_master_bedroom_screen_01_slat12
Fra:1 Mem:320.93M (Peak 320.93M) | Time:00:00.11 | Mem:0.00M, Peak:0.00M | Scene, ViewLayer | Synchronizing object | common_master_bedroom_screen_01_slat13
Fra:1 Mem:320.95M (Peak 320.95M) | Time:00:00.11 | Mem:0.00M, Peak:0.00M | Scene, ViewLayer | Synchronizing object | A_living_dining_balcony_sofa_01_base
Fra:1 Mem:320.95M (Peak 320.95M) | Time:00:00.11 | Mem:0.00M, Peak:0.00M | Scene, ViewLayer | Synchronizing object | A_living_dining_balcony_dining_chair_05_armf1
Fra:1 Mem:320.96M (Peak 320.96M) | Time:00:00.11 | Mem:0.00M, Peak:0.00M | Scene, ViewLayer | Synchronizing object | common_master_bedroom_screen_01_slat14
Fra:1 Mem:320.98M (Peak 320.98M) | Time:00:00.11 | Mem:0.00M, Peak:0.00M | Scene, ViewLayer | Synchronizing object | common_master_bedroom_screen_01_slat16
Fra:1 Mem:320.99M (Peak 320.99M) | Time:00:00.11 | Mem:0.00M, Peak:0.00M | Scene, ViewLayer | Synchronizing object | A_living_dining_balcony_dining_chair_05_arm1
Fra:1 Mem:321.00M (Peak 321.00M) | Time:00:00.11 | Mem:0.00M, Peak:0.00M | Scene, ViewLayer | Synchronizing object | common_master_bedroom_screen_01_cap
Fra:1 Mem:321.00M (Peak 321.00M) | Time:00:00.11 | Mem:0.00M, Peak:0.00M | Scene, ViewLayer | Synchronizing object | mb_shower_mixer
Fra:1 Mem:321.01M (Peak 321.01M) | Time:00:00.11 | Mem:0.00M, Peak:0.00M | Scene, ViewLayer | Synchronizing object | mb_shower_rail
Fra:1 Mem:321.02M (Peak 321.02M) | Time:00:00.11 | Mem:0.00M, Peak:0.00M | Scene, ViewLayer | Synchronizing object | fx_mb_niche_back
Fra:1 Mem:321.02M (Peak 321.02M) | Time:00:00.11 | Mem:0.00M, Peak:0.00M | Scene, ViewLayer | Synchronizing object | fx_mb_niche_side1
Fra:1 Mem:321.02M (Peak 321.02M) | Time:00:00.11 | Mem:0.00M, Peak:0.00M | Scene, ViewLayer | Synchronizing object | fx_mb_paper_plate
Fra:1 Mem:321.06M (Peak 321.06M) | Time:00:00.11 | Mem:0.00M, Peak:0.00M | Scene, ViewLayer | Synchronizing object | pb_shower_mixer
Fra:1 Mem:321.08M (Peak 321.08M) | Time:00:00.11 | Mem:0.00M, Peak:0.00M | Scene, ViewLayer | Synchronizing object | A_living_dining_balcony_dining_chair_05_armf0
Fra:1 Mem:321.10M (Peak 321.10M) | Time:00:00.11 | Mem:0.00M, Peak:0.00M | Scene, ViewLayer | Synchronizing object | A_living_dining_balcony_dining_chair_05_arm0
Fra:1 Mem:321.11M (Peak 321.11M) | Time:00:00.11 | Mem:0.00M, Peak:0.00M | Scene, ViewLayer | Synchronizing object | pb_shower_hand
Fra:1 Mem:321.11M (Peak 321.11M) | Time:00:00.11 | Mem:0.00M, Peak:0.00M | Scene, ViewLayer | Synchronizing object | fx_pb_niche_side1
Fra:1 Mem:321.11M (Peak 321.11M) | Time:00:00.11 | Mem:0.00M, Peak:0.00M | Scene, ViewLayer | Synchronizing object | fx_stool_leg0
Fra:1 Mem:321.11M (Peak 321.11M) | Time:00:00.11 | Mem:0.00M, Peak:0.00M | Scene, ViewLayer | Synchronizing object | fx_stool_leg1
Fra:1 Mem:321.11M (Peak 321.11M) | Time:00:00.11 | Mem:0.00M, Peak:0.00M | Scene, ViewLayer | Synchronizing object | fx_stool_leg2
Fra:1 Mem:321.11M (Peak 321.11M) | Time:00:00.11 | Mem:0.00M, Peak:0.00M | Scene, ViewLayer | Synchronizing object | common_foyer_stool_01_pad
Fra:1 Mem:321.11M (Peak 321.11M) | Time:00:00.11 | Mem:0.00M, Peak:0.00M | Scene, ViewLayer | Synchronizing object | common_foyer_stool_01_leg0
Fra:1 Mem:321.12M (Peak 321.12M) | Time:00:00.11 | Mem:0.00M, Peak:0.00M | Scene, ViewLayer | Synchronizing object | common_foyer_stool_01_leg1
Fra:1 Mem:321.12M (Peak 321.12M) | Time:00:00.11 | Mem:0.00M, Peak:0.00M | Scene, ViewLayer | Synchronizing object | common_foyer_stool_01_leg2
Fra:1 Mem:321.13M (Peak 321.13M) | Time:00:00.11 | Mem:0.00M, Peak:0.00M | Scene, ViewLayer | Synchronizing object | common_foyer_stool_01_leg3
Fra:1 Mem:321.13M (Peak 321.13M) | Time:00:00.11 | Mem:0.00M, Peak:0.00M | Scene, ViewLayer | Synchronizing object | A_living_dining_balcony_dining_chair_05_legt3
Fra:1 Mem:325.38M (Peak 325.38M) | Time:00:00.11 | Mem:0.00M, Peak:0.00M | Scene, ViewLayer | Synchronizing object | A_living_dining_balcony_dining_chair_05_leg3
Fra:1 Mem:325.39M (Peak 325.39M) | Time:00:00.11 | Mem:0.00M, Peak:0.00M | Scene, ViewLayer | Synchronizing object | A_living_dining_balcony_dining_chair_05_legt2
Fra:1 Mem:325.39M (Peak 325.39M) | Time:00:00.11 | Mem:0.00M, Peak:0.00M | Scene, ViewLayer | Synchronizing object | common_living_dining_balcony_plant_01_leaf1
Fra:1 Mem:325.39M (Peak 325.39M) | Time:00:00.11 | Mem:0.00M, Peak:0.00M | Scene, ViewLayer | Synchronizing object | A_living_dining_balcony_dining_chair_05_leg2
Fra:1 Mem:325.39M (Peak 325.39M) | Time:00:00.11 | Mem:0.00M, Peak:0.00M | Scene, ViewLayer | Synchronizing object | common_living_dining_balcony_plant_01_leaf2
Fra:1 Mem:325.39M (Peak 325.39M) | Time:00:00.11 | Mem:0.00M, Peak:0.00M | Scene, ViewLayer | Synchronizing object | common_living_dining_balcony_plant_01_leaf3
Fra:1 Mem:325.39M (Peak 325.39M) | Time:00:00.11 | Mem:0.00M, Peak:0.00M | Scene, ViewLayer | Synchronizing object | common_living_dining_balcony_plant_01_leaf4
Fra:1 Mem:325.40M (Peak 325.40M) | Time:00:00.11 | Mem:0.00M, Peak:0.00M | Scene, ViewLayer | Synchronizing object | common_living_dining_balcony_plant_01_leaf5
Fra:1 Mem:325.40M (Peak 325.40M) | Time:00:00.11 | Mem:0.00M, Peak:0.00M | Scene, ViewLayer | Synchronizing object | common_living_dining_balcony_plant_01_leaf6
Fra:1 Mem:325.40M (Peak 325.40M) | Time:00:00.11 | Mem:0.00M, Peak:0.00M | Scene, ViewLayer | Synchronizing object | common_living_dining_balcony_plant_01_leaf7
Fra:1 Mem:325.41M (Peak 325.41M) | Time:00:00.11 | Mem:0.00M, Peak:0.00M | Scene, ViewLayer | Synchronizing object | common_living_dining_balcony_planter_01_pot
Fra:1 Mem:325.41M (Peak 325.41M) | Time:00:00.11 | Mem:0.00M, Peak:0.00M | Scene, ViewLayer | Synchronizing object | common_living_dining_balcony_stool_01_post
Fra:1 Mem:325.41M (Peak 325.41M) | Time:00:00.11 | Mem:0.00M, Peak:0.00M | Scene, ViewLayer | Synchronizing object | common_living_dining_balcony_stool_01_jar
Fra:1 Mem:325.42M (Peak 325.42M) | Time:00:00.11 | Mem:0.00M, Peak:0.00M | Scene, ViewLayer | Synchronizing object | common_living_dining_balcony_artwork_01_canvas
Fra:1 Mem:325.45M (Peak 325.45M) | Time:00:00.11 | Mem:0.00M, Peak:0.00M | Scene, ViewLayer | Synchronizing object | common_living_dining_balcony_artwork_01_lamp
Fra:1 Mem:325.47M (Peak 325.47M) | Time:00:00.11 | Mem:0.00M, Peak:0.00M | Scene, ViewLayer | Synchronizing object | common_master_bedroom_dressing_table_01_top
Fra:1 Mem:325.48M (Peak 325.48M) | Time:00:00.11 | Mem:0.00M, Peak:0.00M | Scene, ViewLayer | Synchronizing object | common_master_bedroom_dressing_table_01_side1
Fra:1 Mem:325.48M (Peak 325.48M) | Time:00:00.11 | Mem:0.00M, Peak:0.00M | Scene, ViewLayer | Synchronizing object | common_master_bedroom_dressing_table_01_drw
Fra:1 Mem:325.49M (Peak 325.49M) | Time:00:00.11 | Mem:0.00M, Peak:0.00M | Scene, ViewLayer | Synchronizing object | common_master_bedroom_dressing_table_01drw_drw_gapbg
Fra:1 Mem:325.49M (Peak 325.49M) | Time:00:00.11 | Mem:0.00M, Peak:0.00M | Scene, ViewLayer | Synchronizing object | common_master_bedroom_dressing_table_01drw_drw_p0
Fra:1 Mem:325.51M (Peak 325.51M) | Time:00:00.11 | Mem:0.00M, Peak:0.00M | Scene, ViewLayer | Synchronizing object | A_living_dining_balcony_dining_chair_05_leg1
Fra:1 Mem:325.51M (Peak 325.51M) | Time:00:00.11 | Mem:0.00M, Peak:0.00M | Scene, ViewLayer | Synchronizing object | common_master_bedroom_dressing_table_01drw_drw_f1
Fra:1 Mem:325.51M (Peak 325.51M) | Time:00:00.11 | Mem:0.00M, Peak:0.00M | Scene, ViewLayer | Synchronizing object | common_master_bedroom_dressing_table_01_upper
Fra:1 Mem:325.52M (Peak 325.52M) | Time:00:00.11 | Mem:0.00M, Peak:0.00M | Scene, ViewLayer | Synchronizing object | common_master_bedroom_dressing_table_01_door_gapbg
Fra:1 Mem:325.52M (Peak 325.52M) | Time:00:00.11 | Mem:0.00M, Peak:0.00M | Scene, ViewLayer | Synchronizing object | common_master_bedroom_dressing_table_01_door_f0l
Fra:1 Mem:325.53M (Peak 325.53M) | Time:00:00.11 | Mem:0.00M, Peak:0.00M | Scene, ViewLayer | Synchronizing object | common_master_bedroom_dressing_table_01_door_f0r
Fra:1 Mem:325.53M (Peak 325.53M) | Time:00:00.11 | Mem:0.00M, Peak:0.00M | Scene, ViewLayer | Synchronizing object | common_master_bedroom_dressing_table_01_door_f0b
Fra:1 Mem:325.54M (Peak 325.54M) | Time:00:00.11 | Mem:0.00M, Peak:0.00M | Scene, ViewLayer | Synchronizing object | common_master_bedroom_dressing_table_01_door_f0t
Fra:1 Mem:325.55M (Peak 325.55M) | Time:00:00.11 | Mem:0.00M, Peak:0.00M | Scene, ViewLayer | Synchronizing object | common_master_bedroom_dressing_table_01_door_f0c
Fra:1 Mem:325.56M (Peak 325.56M) | Time:00:00.11 | Mem:0.00M, Peak:0.00M | Scene, ViewLayer | Synchronizing object | common_master_bedroom_dressing_table_01_door_p0
Fra:1 Mem:325.56M (Peak 325.56M) | Time:00:00.11 | Mem:0.00M, Peak:0.00M | Scene, ViewLayer | Synchronizing object | common_master_bedroom_dressing_table_01_door_f1l
Fra:1 Mem:329.85M (Peak 329.85M) | Time:00:00.11 | Mem:0.00M, Peak:0.00M | Scene, ViewLayer | Synchronizing object | common_master_bedroom_dressing_table_01_door_f1r
Fra:1 Mem:329.85M (Peak 329.85M) | Time:00:00.11 | Mem:0.00M, Peak:0.00M | Scene, ViewLayer | Synchronizing object | common_master_bedroom_dressing_table_01_door_f1c
Fra:1 Mem:329.86M (Peak 329.86M) | Time:00:00.11 | Mem:0.00M, Peak:0.00M | Scene, ViewLayer | Synchronizing object | common_master_bedroom_dressing_table_01_door_p1
Fra:1 Mem:329.86M (Peak 329.86M) | Time:00:00.11 | Mem:0.00M, Peak:0.00M | Scene, ViewLayer | Synchronizing object | common_master_bedroom_dressing_table_01_door_f2r
Fra:1 Mem:329.87M (Peak 329.87M) | Time:00:00.11 | Mem:0.00M, Peak:0.00M | Scene, ViewLayer | Synchronizing object | common_master_bedroom_dressing_table_01_door_f2b
Fra:1 Mem:329.88M (Peak 329.88M) | Time:00:00.11 | Mem:0.00M, Peak:0.00M | Scene, ViewLayer | Synchronizing object | common_master_bedroom_dressing_table_01_door_f2t
Fra:1 Mem:329.89M (Peak 329.89M) | Time:00:00.11 | Mem:0.00M, Peak:0.00M | Scene, ViewLayer | Synchronizing object | common_master_bedroom_dressing_table_01_door_f2c
Fra:1 Mem:329.90M (Peak 329.90M) | Time:00:00.11 | Mem:0.00M, Peak:0.00M | Scene, ViewLayer | Synchronizing object | common_master_bedroom_dressing_table_01_door_p2
Fra:1 Mem:329.91M (Peak 329.91M) | Time:00:00.11 | Mem:0.00M, Peak:0.00M | Scene, ViewLayer | Synchronizing object | common_master_bedroom_stool_01_pad
Fra:1 Mem:329.92M (Peak 329.92M) | Time:00:00.11 | Mem:0.00M, Peak:0.00M | Scene, ViewLayer | Synchronizing object | common_master_bedroom_stool_01_leg0
Fra:1 Mem:329.93M (Peak 329.93M) | Time:00:00.11 | Mem:0.00M, Peak:0.00M | Scene, ViewLayer | Synchronizing object | common_master_bedroom_stool_01_leg3
Fra:1 Mem:329.93M (Peak 329.93M) | Time:00:00.11 | Mem:0.00M, Peak:0.00M | Scene, ViewLayer | Synchronizing object | common_master_bedroom_bed_01_frame
Fra:1 Mem:329.96M (Peak 329.96M) | Time:00:00.11 | Mem:0.00M, Peak:0.00M | Scene, ViewLayer | Synchronizing object | common_master_bedroom_bed_01_mattress
Fra:1 Mem:329.97M (Peak 329.97M) | Time:00:00.11 | Mem:0.00M, Peak:0.00M | Scene, ViewLayer | Synchronizing object | common_master_bedroom_bed_01_duvet
Fra:1 Mem:329.98M (Peak 329.98M) | Time:00:00.11 | Mem:0.00M, Peak:0.00M | Scene, ViewLayer | Synchronizing object | common_master_bedroom_bed_01_duvetdrop
Fra:1 Mem:329.98M (Peak 329.98M) | Time:00:00.11 | Mem:0.00M, Peak:0.00M | Scene, ViewLayer | Synchronizing object | A_living_dining_balcony_dining_chair_05_leg0
Fra:1 Mem:329.99M (Peak 329.99M) | Time:00:00.11 | Mem:0.00M, Peak:0.00M | Scene, ViewLayer | Synchronizing object | A_living_dining_balcony_dining_chair_05_seat
Fra:1 Mem:330.00M (Peak 330.00M) | Time:00:00.11 | Mem:0.00M, Peak:0.00M | Scene, ViewLayer | Synchronizing object | common_master_bedroom_bed_01_throw
Fra:1 Mem:330.01M (Peak 330.01M) | Time:00:00.11 | Mem:0.00M, Peak:0.00M | Scene, ViewLayer | Synchronizing object | A_living_dining_balcony_dining_chair_05_back
Fra:1 Mem:330.01M (Peak 330.01M) | Time:00:00.11 | Mem:0.00M, Peak:0.00M | Scene, ViewLayer | Synchronizing object | common_master_bedroom_headboard_01_pad
Fra:1 Mem:330.02M (Peak 330.02M) | Time:00:00.11 | Mem:0.00M, Peak:0.00M | Scene, ViewLayer | Synchronizing object | A_living_dining_balcony_dining_chair_04_armf1
Fra:1 Mem:330.04M (Peak 330.04M) | Time:00:00.11 | Mem:0.00M, Peak:0.00M | Scene, ViewLayer | Synchronizing object | A_living_dining_balcony_dining_chair_04_arm1
Fra:1 Mem:330.04M (Peak 330.04M) | Time:00:00.11 | Mem:0.00M, Peak:0.00M | Scene, ViewLayer | Synchronizing object | common_master_bedroom_nightstand_01_drw_gapbg
Fra:1 Mem:330.05M (Peak 330.05M) | Time:00:00.11 | Mem:0.00M, Peak:0.00M | Scene, ViewLayer | Synchronizing object | common_master_bedroom_nightstand_01_drw_f0
Fra:1 Mem:330.05M (Peak 330.05M) | Time:00:00.11 | Mem:0.00M, Peak:0.00M | Scene, ViewLayer | Synchronizing object | A_living_dining_balcony_dining_chair_04_armf0
Fra:1 Mem:330.05M (Peak 330.05M) | Time:00:00.11 | Mem:0.00M, Peak:0.00M | Scene, ViewLayer | Synchronizing object | common_master_bedroom_nightstand_01_leg0
Fra:1 Mem:330.06M (Peak 330.06M) | Time:00:00.11 | Mem:0.00M, Peak:0.00M | Scene, ViewLayer | Synchronizing object | common_master_bedroom_nightstand_01_leg1
Fra:1 Mem:330.08M (Peak 330.08M) | Time:00:00.11 | Mem:0.00M, Peak:0.00M | Scene, ViewLayer | Synchronizing object | common_master_bedroom_nightstand_01_leg2
Fra:1 Mem:330.09M (Peak 330.09M) | Time:00:00.11 | Mem:0.00M, Peak:0.00M | Scene, ViewLayer | Synchronizing object | common_master_bedroom_nightstand_02_body
Fra:1 Mem:330.09M (Peak 330.09M) | Time:00:00.11 | Mem:0.00M, Peak:0.00M | Scene, ViewLayer | Synchronizing object | common_master_bedroom_nightstand_02_drw_gapbg
Fra:1 Mem:330.09M (Peak 330.09M) | Time:00:00.11 | Mem:0.00M, Peak:0.00M | Scene, ViewLayer | Synchronizing object | common_master_bedroom_nightstand_02_drw_p0
Fra:1 Mem:337.12M (Peak 337.12M) | Time:00:00.11 | Mem:0.00M, Peak:0.00M | Scene, ViewLayer | Synchronizing object | common_master_bedroom_nightstand_02_leg0
Fra:1 Mem:337.13M (Peak 337.13M) | Time:00:00.11 | Mem:0.00M, Peak:0.00M | Scene, ViewLayer | Synchronizing object | common_master_bedroom_nightstand_02_leg1
Fra:1 Mem:337.14M (Peak 337.14M) | Time:00:00.11 | Mem:0.00M, Peak:0.00M | Scene, ViewLayer | Synchronizing object | common_master_bedroom_nightstand_02_leg2
Fra:1 Mem:337.14M (Peak 337.14M) | Time:00:00.11 | Mem:0.00M, Peak:0.00M | Scene, ViewLayer | Synchronizing object | common_master_bedroom_desk_01_top
Fra:1 Mem:337.14M (Peak 337.14M) | Time:00:00.11 | Mem:0.00M, Peak:0.00M | Scene, ViewLayer | Synchronizing object | common_master_bedroom_desk_01_drawer
Fra:1 Mem:337.16M (Peak 337.16M) | Time:00:00.11 | Mem:0.00M, Peak:0.00M | Scene, ViewLayer | Synchronizing object | common_master_bedroom_desk_01_leg0
Fra:1 Mem:337.16M (Peak 337.16M) | Time:00:00.11 | Mem:0.00M, Peak:0.00M | Scene, ViewLayer | Synchronizing object | common_master_bedroom_desk_01_leg1
Fra:1 Mem:337.16M (Peak 337.16M) | Time:00:00.11 | Mem:0.00M, Peak:0.00M | Scene, ViewLayer | Synchronizing object | common_master_bedroom_desk_01_leg2
Fra:1 Mem:337.16M (Peak 337.16M) | Time:00:00.11 | Mem:0.00M, Peak:0.00M | Scene, ViewLayer | Synchronizing object | common_master_bedroom_desk_01_monitor
Fra:1 Mem:337.16M (Peak 337.16M) | Time:00:00.11 | Mem:0.00M, Peak:0.00M | Scene, ViewLayer | Synchronizing object | common_master_bedroom_desk_01_monstand
Fra:1 Mem:337.16M (Peak 337.16M) | Time:00:00.11 | Mem:0.00M, Peak:0.00M | Scene, ViewLayer | Synchronizing object | common_master_bedroom_chair_01_seat
Fra:1 Mem:337.16M (Peak 337.16M) | Time:00:00.11 | Mem:0.00M, Peak:0.00M | Scene, ViewLayer | Synchronizing object | common_master_bedroom_chair_01_back
Fra:1 Mem:337.17M (Peak 337.17M) | Time:00:00.11 | Mem:0.00M, Peak:0.00M | Scene, ViewLayer | Synchronizing object | common_master_bedroom_chair_01_post
Fra:1 Mem:337.17M (Peak 337.17M) | Time:00:00.11 | Mem:0.00M, Peak:0.00M | Scene, ViewLayer | Synchronizing object | common_master_bedroom_chair_01_base
Fra:1 Mem:337.17M (Peak 337.17M) | Time:00:00.11 | Mem:0.00M, Peak:0.00M | Scene, ViewLayer | Synchronizing object | common_terrace_coffee_table_01_top
Fra:1 Mem:337.17M (Peak 337.17M) | Time:00:00.11 | Mem:0.00M, Peak:0.00M | Scene, ViewLayer | Synchronizing object | common_terrace_coffee_table_01_leg0
Fra:1 Mem:337.18M (Peak 337.18M) | Time:00:00.11 | Mem:0.00M, Peak:0.00M | Scene, ViewLayer | Synchronizing object | common_terrace_lounge_chair_01_seat
Fra:1 Mem:337.19M (Peak 337.19M) | Time:00:00.11 | Mem:0.00M, Peak:0.00M | Scene, ViewLayer | Synchronizing object | common_terrace_lounge_chair_01_cushion
Fra:1 Mem:337.20M (Peak 337.20M) | Time:00:00.11 | Mem:0.00M, Peak:0.00M | Scene, ViewLayer | Synchronizing object | common_terrace_lounge_chair_01_back0
Fra:1 Mem:337.21M (Peak 337.21M) | Time:00:00.11 | Mem:0.00M, Peak:0.00M | Scene, ViewLayer | Synchronizing object | A_living_dining_balcony_dining_chair_04_arm0
Fra:1 Mem:337.21M (Peak 337.21M) | Time:00:00.11 | Mem:0.00M, Peak:0.00M | Scene, ViewLayer | Synchronizing object | common_terrace_lounge_chair_01_back2
Fra:1 Mem:337.21M (Peak 337.21M) | Time:00:00.11 | Mem:0.00M, Peak:0.00M | Scene, ViewLayer | Synchronizing object | common_terrace_lounge_chair_01_arm-1
Fra:1 Mem:337.22M (Peak 337.22M) | Time:00:00.11 | Mem:0.00M, Peak:0.00M | Scene, ViewLayer | Synchronizing object | common_terrace_lounge_chair_01_arm1
Fra:1 Mem:337.25M (Peak 337.25M) | Time:00:00.11 | Mem:0.00M, Peak:0.00M | Scene, ViewLayer | Synchronizing object | common_terrace_lounge_chair_01_armp1
Fra:1 Mem:337.25M (Peak 337.25M) | Time:00:00.11 | Mem:0.00M, Peak:0.00M | Scene, ViewLayer | Synchronizing object | common_terrace_lounge_chair_01_leg0
Fra:1 Mem:337.26M (Peak 337.26M) | Time:00:00.11 | Mem:0.00M, Peak:0.00M | Scene, ViewLayer | Synchronizing object | common_terrace_lounge_chair_01_leg2
Fra:1 Mem:337.26M (Peak 337.26M) | Time:00:00.11 | Mem:0.00M, Peak:0.00M | Scene, ViewLayer | Synchronizing object | common_terrace_lounge_chair_01_leg3
Fra:1 Mem:337.26M (Peak 337.26M) | Time:00:00.11 | Mem:0.00M, Peak:0.00M | Scene, ViewLayer | Synchronizing object | common_terrace_lounge_chair_02_seat
Fra:1 Mem:337.26M (Peak 337.26M) | Time:00:00.11 | Mem:0.00M, Peak:0.00M | Scene, ViewLayer | Synchronizing object | common_terrace_lounge_chair_02_back0
Fra:1 Mem:337.28M (Peak 337.28M) | Time:00:00.11 | Mem:0.00M, Peak:0.00M | Scene, ViewLayer | Synchronizing object | common_terrace_lounge_chair_02_back2
Fra:1 Mem:337.29M (Peak 337.29M) | Time:00:00.11 | Mem:0.00M, Peak:0.00M | Scene, ViewLayer | Synchronizing object | common_terrace_lounge_chair_02_arm-1
Fra:1 Mem:337.30M (Peak 337.30M) | Time:00:00.11 | Mem:0.00M, Peak:0.00M | Scene, ViewLayer | Synchronizing object | common_terrace_lounge_chair_02_armp-1
Fra:1 Mem:337.31M (Peak 337.31M) | Time:00:00.11 | Mem:0.00M, Peak:0.00M | Scene, ViewLayer | Synchronizing object | common_terrace_lounge_chair_02_armp1
Fra:1 Mem:337.32M (Peak 337.32M) | Time:00:00.11 | Mem:0.00M, Peak:0.00M | Scene, ViewLayer | Synchronizing object | common_terrace_lounge_chair_02_leg0
Fra:1 Mem:337.32M (Peak 337.32M) | Time:00:00.11 | Mem:0.00M, Peak:0.00M | Scene, ViewLayer | Synchronizing object | common_terrace_lounge_chair_02_leg1
Fra:1 Mem:337.33M (Peak 337.33M) | Time:00:00.11 | Mem:0.00M, Peak:0.00M | Scene, ViewLayer | Synchronizing object | common_terrace_lounge_chair_02_leg3
Fra:1 Mem:337.33M (Peak 337.33M) | Time:00:00.11 | Mem:0.00M, Peak:0.00M | Scene, ViewLayer | Synchronizing object | common_terrace_plant_01_pot
Fra:1 Mem:337.33M (Peak 337.33M) | Time:00:00.11 | Mem:0.00M, Peak:0.00M | Scene, ViewLayer | Synchronizing object | common_terrace_plant_01_leaf0
Fra:1 Mem:337.34M (Peak 337.34M) | Time:00:00.11 | Mem:0.00M, Peak:0.00M | Scene, ViewLayer | Synchronizing object | common_terrace_plant_01_leaf1
Fra:1 Mem:337.34M (Peak 337.34M) | Time:00:00.11 | Mem:0.00M, Peak:0.00M | Scene, ViewLayer | Synchronizing object | common_terrace_plant_01_leaf2
Fra:1 Mem:337.35M (Peak 337.35M) | Time:00:00.11 | Mem:0.00M, Peak:0.00M | Scene, ViewLayer | Synchronizing object | common_terrace_plant_01_leaf3
Fra:1 Mem:337.35M (Peak 337.35M) | Time:00:00.11 | Mem:0.00M, Peak:0.00M | Scene, ViewLayer | Synchronizing object | common_terrace_plant_01_leaf5
Fra:1 Mem:337.35M (Peak 337.35M) | Time:00:00.11 | Mem:0.00M, Peak:0.00M | Scene, ViewLayer | Synchronizing object | common_terrace_plant_02_pot
Fra:1 Mem:337.36M (Peak 337.36M) | Time:00:00.11 | Mem:0.00M, Peak:0.00M | Scene, ViewLayer | Synchronizing object | common_terrace_plant_02_stem
Fra:1 Mem:337.37M (Peak 337.37M) | Time:00:00.11 | Mem:0.00M, Peak:0.00M | Scene, ViewLayer | Synchronizing object | common_terrace_plant_02_leaf0
Fra:1 Mem:337.37M (Peak 337.37M) | Time:00:00.11 | Mem:0.00M, Peak:0.00M | Scene, ViewLayer | Synchronizing object | common_terrace_plant_02_leaf1
Fra:1 Mem:337.38M (Peak 337.38M) | Time:00:00.11 | Mem:0.00M, Peak:0.00M | Scene, ViewLayer | Synchronizing object | common_terrace_plant_02_leaf3
Fra:1 Mem:337.38M (Peak 337.38M) | Time:00:00.11 | Mem:0.00M, Peak:0.00M | Scene, ViewLayer | Synchronizing object | common_terrace_plant_02_leaf4
Fra:1 Mem:337.39M (Peak 337.39M) | Time:00:00.11 | Mem:0.00M, Peak:0.00M | Scene, ViewLayer | Synchronizing object | common_terrace_plant_02_leaf5
Fra:1 Mem:337.40M (Peak 337.40M) | Time:00:00.11 | Mem:0.00M, Peak:0.00M | Scene, ViewLayer | Synchronizing object | common_terrace_plant_03_pot
Fra:1 Mem:337.40M (Peak 337.40M) | Time:00:00.11 | Mem:0.00M, Peak:0.00M | Scene, ViewLayer | Synchronizing object | common_terrace_plant_03_leaf0
Fra:1 Mem:337.40M (Peak 337.40M) | Time:00:00.11 | Mem:0.00M, Peak:0.00M | Scene, ViewLayer | Synchronizing object | common_terrace_plant_03_leaf2
Fra:1 Mem:337.41M (Peak 337.41M) | Time:00:00.11 | Mem:0.00M, Peak:0.00M | Scene, ViewLayer | Synchronizing object | common_terrace_plant_03_leaf3
Fra:1 Mem:337.41M (Peak 337.41M) | Time:00:00.11 | Mem:0.00M, Peak:0.00M | Scene, ViewLayer | Synchronizing object | common_terrace_plant_03_leaf4
Fra:1 Mem:337.42M (Peak 337.42M) | Time:00:00.11 | Mem:0.00M, Peak:0.00M | Scene, ViewLayer | Synchronizing object | common_terrace_plant_04_pot
Fra:1 Mem:337.48M (Peak 337.48M) | Time:00:00.11 | Mem:0.00M, Peak:0.00M | Scene, ViewLayer | Synchronizing object | common_terrace_plant_04_leaf1
Fra:1 Mem:338.55M (Peak 338.55M) | Time:00:00.11 | Mem:0.00M, Peak:0.00M | Scene, ViewLayer | Synchronizing object | common_terrace_plant_04_leaf2
Fra:1 Mem:338.56M (Peak 338.56M) | Time:00:00.11 | Mem:0.00M, Peak:0.00M | Scene, ViewLayer | Synchronizing object | common_terrace_plant_04_leaf3
Fra:1 Mem:338.56M (Peak 338.56M) | Time:00:00.11 | Mem:0.00M, Peak:0.00M | Scene, ViewLayer | Synchronizing object | common_terrace_plant_04_leaf4
Fra:1 Mem:338.56M (Peak 338.56M) | Time:00:00.11 | Mem:0.00M, Peak:0.00M | Scene, ViewLayer | Synchronizing object | common_parents_room_bed_01_frame
Fra:1 Mem:338.56M (Peak 338.56M) | Time:00:00.11 | Mem:0.00M, Peak:0.00M | Scene, ViewLayer | Synchronizing object | common_parents_room_bed_01_mattress
Fra:1 Mem:338.57M (Peak 338.57M) | Time:00:00.11 | Mem:0.00M, Peak:0.00M | Scene, ViewLayer | Synchronizing object | common_parents_room_bed_01_headboard
Fra:1 Mem:338.57M (Peak 338.57M) | Time:00:00.12 | Mem:0.00M, Peak:0.00M | Scene, ViewLayer | Synchronizing object | common_parents_room_bed_01_duvetdrop
Fra:1 Mem:338.59M (Peak 338.59M) | Time:00:00.12 | Mem:0.00M, Peak:0.00M | Scene, ViewLayer | Synchronizing object | common_parents_room_bed_01_pillow1
Fra:1 Mem:338.59M (Peak 338.59M) | Time:00:00.12 | Mem:0.00M, Peak:0.00M | Scene, ViewLayer | Synchronizing object | common_parents_room_bed_01_pillow2
Fra:1 Mem:338.61M (Peak 338.61M) | Time:00:00.12 | Mem:0.00M, Peak:0.00M | Scene, ViewLayer | Synchronizing object | common_parents_room_bed_01_throw
Fra:1 Mem:338.63M (Peak 338.63M) | Time:00:00.12 | Mem:0.00M, Peak:0.00M | Scene, ViewLayer | Synchronizing object | common_parents_room_nightstand_01_body
Fra:1 Mem:338.64M (Peak 338.64M) | Time:00:00.12 | Mem:0.00M, Peak:0.00M | Scene, ViewLayer | Synchronizing object | A_living_dining_balcony_dining_chair_04_legt3
Fra:1 Mem:338.64M (Peak 338.64M) | Time:00:00.12 | Mem:0.00M, Peak:0.00M | Scene, ViewLayer | Synchronizing object | common_parents_room_nightstand_01_leg0
Fra:1 Mem:338.64M (Peak 338.64M) | Time:00:00.12 | Mem:0.00M, Peak:0.00M | Scene, ViewLayer | Synchronizing object | common_parents_room_nightstand_01_leg2
Fra:1 Mem:338.64M (Peak 338.64M) | Time:00:00.12 | Mem:0.00M, Peak:0.00M | Scene, ViewLayer | Synchronizing object | common_parents_room_nightstand_01_leg3
Fra:1 Mem:338.65M (Peak 338.65M) | Time:00:00.12 | Mem:0.00M, Peak:0.00M | Scene, ViewLayer | Synchronizing object | common_parents_room_cushion_01_pad
Fra:1 Mem:338.65M (Peak 338.65M) | Time:00:00.12 | Mem:0.00M, Peak:0.00M | Scene, ViewLayer | Synchronizing object | common_parents_room_shelf_01_side0
Fra:1 Mem:338.66M (Peak 338.66M) | Time:00:00.12 | Mem:0.00M, Peak:0.00M | Scene, ViewLayer | Synchronizing object | common_parents_room_shelf_01_top
Fra:1 Mem:338.66M (Peak 338.66M) | Time:00:00.12 | Mem:0.00M, Peak:0.00M | Scene, ViewLayer | Synchronizing object | common_parents_room_shelf_01_sh1
Fra:1 Mem:338.66M (Peak 338.66M) | Time:00:00.12 | Mem:0.00M, Peak:0.00M | Scene, ViewLayer | Synchronizing object | common_parents_room_shelf_02_side1
Fra:1 Mem:338.67M (Peak 338.67M) | Time:00:00.12 | Mem:0.00M, Peak:0.00M | Scene, ViewLayer | Synchronizing object | common_parents_room_shelf_02_top
Fra:1 Mem:338.67M (Peak 338.67M) | Time:00:00.12 | Mem:0.00M, Peak:0.00M | Scene, ViewLayer | Synchronizing object | common_daughter_room_wardrobe_01_body
Fra:1 Mem:338.67M (Peak 338.67M) | Time:00:00.12 | Mem:0.00M, Peak:0.00M | Scene, ViewLayer | Synchronizing object | common_daughter_room_wardrobe_01_slA_f0
Fra:1 Mem:338.68M (Peak 338.68M) | Time:00:00.12 | Mem:0.00M, Peak:0.00M | Scene, ViewLayer | Synchronizing object | common_daughter_room_wardrobe_01_slA_f1
Fra:1 Mem:338.69M (Peak 338.69M) | Time:00:00.12 | Mem:0.00M, Peak:0.00M | Scene, ViewLayer | Synchronizing object | common_daughter_room_wardrobe_01_slB_f1
Fra:1 Mem:338.70M (Peak 338.70M) | Time:00:00.12 | Mem:0.00M, Peak:0.00M | Scene, ViewLayer | Synchronizing object | common_daughter_room_wardrobe_02_body
Fra:1 Mem:338.71M (Peak 338.71M) | Time:00:00.12 | Mem:0.00M, Peak:0.00M | Scene, ViewLayer | Synchronizing object | common_daughter_room_wardrobe_02_slA_f0
Fra:1 Mem:338.71M (Peak 338.71M) | Time:00:00.12 | Mem:0.00M, Peak:0.00M | Scene, ViewLayer | Synchronizing object | common_daughter_room_wardrobe_02_slA_f1
Fra:1 Mem:338.72M (Peak 338.72M) | Time:00:00.12 | Mem:0.00M, Peak:0.00M | Scene, ViewLayer | Synchronizing object | common_daughter_room_wardrobe_02_slB_f0
Fra:1 Mem:338.73M (Peak 338.73M) | Time:00:00.12 | Mem:0.00M, Peak:0.00M | Scene, ViewLayer | Synchronizing object | common_daughter_room_wardrobe_02_slB_f1
Fra:1 Mem:338.73M (Peak 338.73M) | Time:00:00.12 | Mem:0.00M, Peak:0.00M | Scene, ViewLayer | Synchronizing object | common_daughter_room_bed_01_frame
Fra:1 Mem:338.73M (Peak 338.73M) | Time:00:00.12 | Mem:0.00M, Peak:0.00M | Scene, ViewLayer | Synchronizing object | common_daughter_room_bed_01_headboard
Fra:1 Mem:338.74M (Peak 338.74M) | Time:00:00.12 | Mem:0.00M, Peak:0.00M | Scene, ViewLayer | Synchronizing object | common_daughter_room_bed_01_duvet
Fra:1 Mem:338.75M (Peak 338.75M) | Time:00:00.12 | Mem:0.00M, Peak:0.00M | Scene, ViewLayer | Synchronizing object | common_daughter_room_bed_01_duvetdrop2
Fra:1 Mem:338.75M (Peak 338.75M) | Time:00:00.12 | Mem:0.00M, Peak:0.00M | Scene, ViewLayer | Synchronizing object | common_daughter_room_bed_01_pillow1
Fra:1 Mem:338.76M (Peak 338.76M) | Time:00:00.12 | Mem:0.00M, Peak:0.00M | Scene, ViewLayer | Synchronizing object | common_daughter_room_bed_01_pillow_acc
Fra:1 Mem:337.67M (Peak 338.76M) | Time:00:00.12 | Mem:0.00M, Peak:0.00M | Scene, ViewLayer | Synchronizing object | A_living_dining_balcony_dining_chair_04_legt2
Fra:1 Mem:337.68M (Peak 338.76M) | Time:00:00.12 | Mem:0.00M, Peak:0.00M | Scene, ViewLayer | Synchronizing object | A_living_dining_balcony_dining_chair_04_leg2
Fra:1 Mem:337.69M (Peak 338.76M) | Time:00:00.12 | Mem:0.00M, Peak:0.00M | Scene, ViewLayer | Synchronizing object | common_daughter_room_bed_01_throw
Fra:1 Mem:337.76M (Peak 338.76M) | Time:00:00.12 | Mem:0.00M, Peak:0.00M | Scene, ViewLayer | Synchronizing object | common_daughter_room_shelf_01_side0
Fra:1 Mem:337.88M (Peak 338.76M) | Time:00:00.12 | Mem:0.00M, Peak:0.00M | Scene, ViewLayer | Synchronizing object | common_daughter_room_shelf_01_side1
Fra:1 Mem:338.09M (Peak 338.76M) | Time:00:00.12 | Mem:0.00M, Peak:0.00M | Scene, ViewLayer | Synchronizing object | common_daughter_room_shelf_01_top
Fra:1 Mem:338.35M (Peak 338.76M) | Time:00:00.12 | Mem:0.00M, Peak:0.00M | Scene, ViewLayer | Synchronizing object | common_daughter_room_shelf_01_sh1
Fra:1 Mem:338.61M (Peak 338.76M) | Time:00:00.12 | Mem:0.00M, Peak:0.00M | Scene, ViewLayer | Synchronizing object | common_daughter_room_shelf_01_sh2
Fra:1 Mem:338.72M (Peak 338.76M) | Time:00:00.12 | Mem:0.00M, Peak:0.00M | Scene, ViewLayer | Synchronizing object | common_daughter_room_desk_01_drawer
Fra:1 Mem:338.80M (Peak 338.80M) | Time:00:00.12 | Mem:0.00M, Peak:0.00M | Scene, ViewLayer | Synchronizing object | common_daughter_room_desk_01_leg0
Fra:1 Mem:338.99M (Peak 338.99M) | Time:00:00.12 | Mem:0.00M, Peak:0.00M | Scene, ViewLayer | Synchronizing object | common_daughter_room_desk_01_leg1
Fra:1 Mem:339.08M (Peak 339.08M) | Time:00:00.12 | Mem:0.00M, Peak:0.00M | Scene, ViewLayer | Synchronizing object | common_daughter_room_desk_01_leg2
Fra:1 Mem:339.21M (Peak 339.21M) | Time:00:00.12 | Mem:0.00M, Peak:0.00M | Scene, ViewLayer | Synchronizing object | common_daughter_room_desk_01_leg3
Fra:1 Mem:339.27M (Peak 339.27M) | Time:00:00.12 | Mem:0.00M, Peak:0.00M | Scene, ViewLayer | Synchronizing object | common_daughter_room_chair_01_post
Fra:1 Mem:339.39M (Peak 339.39M) | Time:00:00.12 | Mem:0.00M, Peak:0.00M | Scene, ViewLayer | Synchronizing object | common_son_room_wardrobe_01_body
Fra:1 Mem:339.44M (Peak 339.44M) | Time:00:00.12 | Mem:0.00M, Peak:0.00M | Scene, ViewLayer | Synchronizing object | common_son_room_wardrobe_01_slA_f0
Fra:1 Mem:339.48M (Peak 339.48M) | Time:00:00.12 | Mem:0.00M, Peak:0.00M | Scene, ViewLayer | Synchronizing object | common_son_room_wardrobe_01_slA_f2
Fra:1 Mem:339.49M (Peak 339.49M) | Time:00:00.12 | Mem:0.00M, Peak:0.00M | Scene, ViewLayer | Synchronizing object | common_son_room_wardrobe_01_slB_f1
Fra:1 Mem:339.49M (Peak 339.49M) | Time:00:00.12 | Mem:0.00M, Peak:0.00M | Scene, ViewLayer | Synchronizing object | common_son_room_bed_01_frame
Fra:1 Mem:339.50M (Peak 339.50M) | Time:00:00.12 | Mem:0.00M, Peak:0.00M | Scene, ViewLayer | Synchronizing object | common_son_room_bed_01_mattress
Fra:1 Mem:339.51M (Peak 339.51M) | Time:00:00.12 | Mem:0.00M, Peak:0.00M | Scene, ViewLayer | Synchronizing object | common_son_room_bed_01_headboard
Fra:1 Mem:339.51M (Peak 339.51M) | Time:00:00.12 | Mem:0.00M, Peak:0.00M | Scene, ViewLayer | Synchronizing object | common_son_room_bed_01_duvet
Fra:1 Mem:339.52M (Peak 339.52M) | Time:00:00.12 | Mem:0.00M, Peak:0.00M | Scene, ViewLayer | Synchronizing object | common_son_room_bed_01_duvetdrop2
Fra:1 Mem:339.54M (Peak 339.54M) | Time:00:00.12 | Mem:0.00M, Peak:0.00M | Scene, ViewLayer | Synchronizing object | A_living_dining_balcony_dining_chair_04_leg1
Fra:1 Mem:339.54M (Peak 339.54M) | Time:00:00.12 | Mem:0.00M, Peak:0.00M | Scene, ViewLayer | Synchronizing object | A_living_dining_balcony_dining_chair_04_legt0
Fra:1 Mem:339.54M (Peak 339.54M) | Time:00:00.12 | Mem:0.00M, Peak:0.00M | Scene, ViewLayer | Synchronizing object | A_living_dining_balcony_dining_chair_04_leg0
Fra:1 Mem:339.55M (Peak 339.55M) | Time:00:00.12 | Mem:0.00M, Peak:0.00M | Scene, ViewLayer | Synchronizing object | A_living_dining_balcony_dining_chair_04_seat
Fra:1 Mem:339.57M (Peak 339.57M) | Time:00:00.12 | Mem:0.00M, Peak:0.00M | Scene, ViewLayer | Synchronizing object | A_living_dining_balcony_dining_chair_04_back
Fra:1 Mem:339.59M (Peak 339.59M) | Time:00:00.12 | Mem:0.00M, Peak:0.00M | Scene, ViewLayer | Synchronizing object | A_living_dining_balcony_dining_chair_03_armf1
Fra:1 Mem:339.61M (Peak 339.61M) | Time:00:00.12 | Mem:0.00M, Peak:0.00M | Scene, ViewLayer | Synchronizing object | A_living_dining_balcony_dining_chair_03_arm1
Fra:1 Mem:339.63M (Peak 339.63M) | Time:00:00.12 | Mem:0.00M, Peak:0.00M | Scene, ViewLayer | Synchronizing object | common_son_room_bed_01_pillow1
Fra:1 Mem:339.63M (Peak 339.63M) | Time:00:00.12 | Mem:0.00M, Peak:0.00M | Scene, ViewLayer | Synchronizing object | common_son_room_bed_01_pillow_acc
Fra:1 Mem:339.64M (Peak 339.64M) | Time:00:00.12 | Mem:0.00M, Peak:0.00M | Scene, ViewLayer | Synchronizing object | common_son_room_shelf_01_side1
Fra:1 Mem:339.65M (Peak 339.65M) | Time:00:00.12 | Mem:0.00M, Peak:0.00M | Scene, ViewLayer | Synchronizing object | common_son_room_chair_01_back
Fra:1 Mem:339.66M (Peak 339.66M) | Time:00:00.12 | Mem:0.00M, Peak:0.00M | Scene, ViewLayer | Synchronizing object | common_son_room_chair_01_base
Fra:1 Mem:339.66M (Peak 339.66M) | Time:00:00.12 | Mem:0.00M, Peak:0.00M | Scene, ViewLayer | Synchronizing object | fx_curt_master_sheer
Fra:1 Mem:339.68M (Peak 339.68M) | Time:00:00.12 | Mem:0.00M, Peak:0.00M | Scene, ViewLayer | Synchronizing object | fx_curt_master_bo_w
Fra:1 Mem:339.72M (Peak 339.72M) | Time:00:00.12 | Mem:0.00M, Peak:0.00M | Scene, ViewLayer | Synchronizing object | fx_curt_master_bo_e
Fra:1 Mem:339.73M (Peak 339.73M) | Time:00:00.12 | Mem:0.00M, Peak:0.00M | Scene, ViewLayer | Synchronizing object | fx_curt_parents_roller
Fra:1 Mem:339.73M (Peak 339.73M) | Time:00:00.12 | Mem:0.00M, Peak:0.00M | Scene, ViewLayer | Synchronizing object | fx_curt_daughter_bo_e
Fra:1 Mem:339.74M (Peak 339.73M) | Time:00:00.12 | Mem:0.00M, Peak:0.00M | Scene, ViewLayer | Synchronizing object | fx_curt_son_sheer
Fra:1 Mem:339.74M (Peak 339.74M) | Time:00:00.12 | Mem:0.00M, Peak:0.00M | Scene, ViewLayer | Synchronizing object | fx_curt_son_bo_w
Fra:1 Mem:339.75M (Peak 339.75M) | Time:00:00.12 | Mem:0.00M, Peak:0.00M | Scene, ViewLayer | Synchronizing object | fx_blind_mb_head
Fra:1 Mem:339.76M (Peak 339.76M) | Time:00:00.12 | Mem:0.00M, Peak:0.00M | Scene, ViewLayer | Synchronizing object | fx_blind_mb_slats0
Fra:1 Mem:339.76M (Peak 339.76M) | Time:00:00.12 | Mem:0.00M, Peak:0.00M | Scene, ViewLayer | Synchronizing object | fx_blind_mb_slats2
Fra:1 Mem:346.81M (Peak 346.81M) | Time:00:00.12 | Mem:0.00M, Peak:0.00M | Scene, ViewLayer | Synchronizing object | fx_blind_mb_slats3
Fra:1 Mem:346.81M (Peak 346.81M) | Time:00:00.12 | Mem:0.00M, Peak:0.00M | Scene, ViewLayer | Synchronizing object | fx_blind_mb_slats5
Fra:1 Mem:346.81M (Peak 346.81M) | Time:00:00.12 | Mem:0.00M, Peak:0.00M | Scene, ViewLayer | Synchronizing object | fx_wall_lamp0
Fra:1 Mem:346.83M (Peak 346.83M) | Time:00:00.12 | Mem:0.00M, Peak:0.00M | Scene, ViewLayer | Synchronizing object | fx_wall_lamp0_sh
Fra:1 Mem:346.85M (Peak 346.85M) | Time:00:00.12 | Mem:0.00M, Peak:0.00M | Scene, ViewLayer | Synchronizing object | fx_wall_lamp1
Fra:1 Mem:346.85M (Peak 346.85M) | Time:00:00.12 | Mem:0.00M, Peak:0.00M | Scene, ViewLayer | Synchronizing object | fx_wall_lamp2_sh
Fra:1 Mem:346.86M (Peak 346.86M) | Time:00:00.12 | Mem:0.00M, Peak:0.00M | Scene, ViewLayer | Synchronizing object | fx_foyer_jar
Fra:1 Mem:346.87M (Peak 346.87M) | Time:00:00.12 | Mem:0.00M, Peak:0.00M | Scene, ViewLayer | Synchronizing object | fx_foyer_pic
Fra:1 Mem:346.88M (Peak 346.88M) | Time:00:00.12 | Mem:0.00M, Peak:0.00M | Scene, ViewLayer | Synchronizing object | fx_kn_board
Fra:1 Mem:346.89M (Peak 346.89M) | Time:00:00.12 | Mem:0.00M, Peak:0.00M | Scene, ViewLayer | Synchronizing object | fx_kn_herb
Fra:1 Mem:346.91M (Peak 346.91M) | Time:00:00.12 | Mem:0.00M, Peak:0.00M | Scene, ViewLayer | Synchronizing object | A_living_dining_balcony_dining_chair_03_armf0
Fra:1 Mem:346.92M (Peak 346.92M) | Time:00:00.12 | Mem:0.00M, Peak:0.00M | Scene, ViewLayer | Synchronizing object | fx_kn_herb_leaf2
Fra:1 Mem:346.93M (Peak 346.93M) | Time:00:00.12 | Mem:0.00M, Peak:0.00M | Scene, ViewLayer | Synchronizing object | A_living_dining_balcony_dining_chair_03_arm0
Fra:1 Mem:346.93M (Peak 346.93M) | Time:00:00.12 | Mem:0.00M, Peak:0.00M | Scene, ViewLayer | Synchronizing object | fx_bc_b0_0
Fra:1 Mem:346.94M (Peak 346.94M) | Time:00:00.12 | Mem:0.00M, Peak:0.00M | Scene, ViewLayer | Synchronizing object | A_living_dining_balcony_dining_chair_03_legt3
Fra:1 Mem:346.94M (Peak 346.94M) | Time:00:00.12 | Mem:0.00M, Peak:0.00M | Scene, ViewLayer | Synchronizing object | fx_bc_b0_2
Fra:1 Mem:346.95M (Peak 346.95M) | Time:00:00.12 | Mem:0.00M, Peak:0.00M | Scene, ViewLayer | Synchronizing object | fx_bc_b0_3
Fra:1 Mem:346.97M (Peak 346.97M) | Time:00:00.12 | Mem:0.00M, Peak:0.00M | Scene, ViewLayer | Synchronizing object | fx_bc_b0_4
Fra:1 Mem:346.98M (Peak 346.98M) | Time:00:00.12 | Mem:0.00M, Peak:0.00M | Scene, ViewLayer | Synchronizing object | fx_bc_b0f_0
Fra:1 Mem:346.99M (Peak 346.99M) | Time:00:00.12 | Mem:0.00M, Peak:0.00M | Scene, ViewLayer | Synchronizing object | fx_bc_pot
Fra:1 Mem:347.01M (Peak 347.01M) | Time:00:00.12 | Mem:0.00M, Peak:0.00M | Scene, ViewLayer | Synchronizing object | fx_bc_potneck
Fra:1 Mem:347.00M (Peak 347.01M) | Time:00:00.12 | Mem:0.00M, Peak:0.00M | Scene, ViewLayer | Synchronizing object | fx_bc_framein
Fra:1 Mem:347.01M (Peak 347.01M) | Time:00:00.12 | Mem:0.00M, Peak:0.00M | Scene, ViewLayer | Synchronizing object | fx_bc_rec1
Fra:1 Mem:347.01M (Peak 347.01M) | Time:00:00.12 | Mem:0.00M, Peak:0.00M | Scene, ViewLayer | Synchronizing object | fx_bc_rec2
Fra:1 Mem:347.02M (Peak 347.02M) | Time:00:00.12 | Mem:0.00M, Peak:0.00M | Scene, ViewLayer | Synchronizing object | fx_bc_recstand
Fra:1 Mem:347.03M (Peak 347.03M) | Time:00:00.12 | Mem:0.00M, Peak:0.00M | Scene, ViewLayer | Synchronizing object | fx_bc_b3_0
Fra:1 Mem:347.03M (Peak 347.03M) | Time:00:00.12 | Mem:0.00M, Peak:0.00M | Scene, ViewLayer | Synchronizing object | fx_bc_b3_1
Fra:1 Mem:347.03M (Peak 347.03M) | Time:00:00.12 | Mem:0.00M, Peak:0.00M | Scene, ViewLayer | Synchronizing object | fx_bc_b3_2
Fra:1 Mem:347.03M (Peak 347.03M) | Time:00:00.12 | Mem:0.00M, Peak:0.00M | Scene, ViewLayer | Synchronizing object | A_living_dining_balcony_dining_chair_03_leg3
Fra:1 Mem:347.03M (Peak 347.03M) | Time:00:00.12 | Mem:0.00M, Peak:0.00M | Scene, ViewLayer | Synchronizing object | fx_bc_pot4
Fra:1 Mem:347.08M (Peak 347.08M) | Time:00:00.12 | Mem:0.00M, Peak:0.00M | Scene, ViewLayer | Synchronizing object | fx_bc_g0_0
Fra:1 Mem:347.11M (Peak 347.11M) | Time:00:00.12 | Mem:0.00M, Peak:0.00M | Scene, ViewLayer | Synchronizing object | fx_bc_g0_1
Fra:1 Mem:347.12M (Peak 347.12M) | Time:00:00.12 | Mem:0.00M, Peak:0.00M | Scene, ViewLayer | Synchronizing object | fx_bc_g1_0
Fra:1 Mem:347.13M (Peak 347.13M) | Time:00:00.12 | Mem:0.00M, Peak:0.00M | Scene, ViewLayer | Synchronizing object | fx_bc_g1_1
Fra:1 Mem:347.13M (Peak 347.13M) | Time:00:00.12 | Mem:0.00M, Peak:0.00M | Scene, ViewLayer | Synchronizing object | fx_bc_g1_3
Fra:1 Mem:347.14M (Peak 347.14M) | Time:00:00.12 | Mem:0.00M, Peak:0.00M | Scene, ViewLayer | Synchronizing object | fx_desk_book0
Fra:1 Mem:347.14M (Peak 347.14M) | Time:00:00.12 | Mem:0.00M, Peak:0.00M | Scene, ViewLayer | Synchronizing object | fx_desk_book1
Fra:1 Mem:347.14M (Peak 347.14M) | Time:00:00.12 | Mem:0.00M, Peak:0.00M | Scene, ViewLayer | Synchronizing object | fx_fiddle_pot
Fra:1 Mem:347.14M (Peak 347.14M) | Time:00:00.12 | Mem:0.00M, Peak:0.00M | Scene, ViewLayer | Synchronizing object | fx_fiddle_leaf1
Fra:1 Mem:347.15M (Peak 347.15M) | Time:00:00.12 | Mem:0.00M, Peak:0.00M | Scene, ViewLayer | Synchronizing object | fx_fiddle_leaf2
Fra:1 Mem:347.15M (Peak 347.15M) | Time:00:00.12 | Mem:0.00M, Peak:0.00M | Scene, ViewLayer | Synchronizing object | fx_fiddle_leaf3
Fra:1 Mem:347.15M (Peak 347.15M) | Time:00:00.12 | Mem:0.00M, Peak:0.00M | Scene, ViewLayer | Synchronizing object | fx_fiddle_leaf5
Fra:1 Mem:347.15M (Peak 347.15M) | Time:00:00.12 | Mem:0.00M, Peak:0.00M | Scene, ViewLayer | Synchronizing object | fx_fiddle_leaf6
Fra:1 Mem:347.16M (Peak 347.16M) | Time:00:00.12 | Mem:0.00M, Peak:0.00M | Scene, ViewLayer | Synchronizing object | lt_sun
Fra:1 Mem:340.13M (Peak 347.16M) | Time:00:00.12 | Mem:0.00M, Peak:0.00M | Scene, ViewLayer | Synchronizing object | lt_spot_liv00
Fra:1 Mem:340.13M (Peak 347.16M) | Time:00:00.12 | Mem:0.00M, Peak:0.00M | Scene, ViewLayer | Synchronizing object | lt_spot_liv01
Fra:1 Mem:340.13M (Peak 347.16M) | Time:00:00.12 | Mem:0.00M, Peak:0.00M | Scene, ViewLayer | Synchronizing object | lt_spot_liv02
Fra:1 Mem:340.15M (Peak 347.16M) | Time:00:00.12 | Mem:0.00M, Peak:0.00M | Scene, ViewLayer | Synchronizing object | lt_spot_liv03
Fra:1 Mem:340.15M (Peak 347.16M) | Time:00:00.12 | Mem:0.00M, Peak:0.00M | Scene, ViewLayer | Synchronizing object | lt_spot_liv05
Fra:1 Mem:340.15M (Peak 347.16M) | Time:00:00.12 | Mem:0.00M, Peak:0.00M | Scene, ViewLayer | Synchronizing object | lt_spot_liv06
Fra:1 Mem:340.15M (Peak 347.16M) | Time:00:00.12 | Mem:0.00M, Peak:0.00M | Scene, ViewLayer | Synchronizing object | lt_spot_liv07
Fra:1 Mem:340.16M (Peak 347.16M) | Time:00:00.12 | Mem:0.00M, Peak:0.00M | Scene, ViewLayer | Synchronizing object | lt_spot_liv08
Fra:1 Mem:340.16M (Peak 347.16M) | Time:00:00.12 | Mem:0.00M, Peak:0.00M | Scene, ViewLayer | Synchronizing object | lt_spot_liv10
Fra:1 Mem:340.17M (Peak 347.16M) | Time:00:00.12 | Mem:0.00M, Peak:0.00M | Scene, ViewLayer | Synchronizing object | A_living_dining_balcony_dining_chair_03_legt2
Fra:1 Mem:340.22M (Peak 347.16M) | Time:00:00.12 | Mem:0.00M, Peak:0.00M | Scene, ViewLayer | Synchronizing object | lt_spot_liv11
Fra:1 Mem:340.23M (Peak 347.16M) | Time:00:00.12 | Mem:0.00M, Peak:0.00M | Scene, ViewLayer | Synchronizing object | lt_spot_liv13
Fra:1 Mem:341.13M (Peak 347.16M) | Time:00:00.12 | Mem:0.00M, Peak:0.00M | Scene, ViewLayer | Synchronizing object | lt_spot_liv14
Fra:1 Mem:341.13M (Peak 347.16M) | Time:00:00.12 | Mem:0.00M, Peak:0.00M | Scene, ViewLayer | Synchronizing object | lt_spot_liv15
Fra:1 Mem:341.13M (Peak 347.16M) | Time:00:00.12 | Mem:0.00M, Peak:0.00M | Scene, ViewLayer | Synchronizing object | lt_spot_liv16
Fra:1 Mem:341.13M (Peak 347.16M) | Time:00:00.12 | Mem:0.00M, Peak:0.00M | Scene, ViewLayer | Synchronizing object | lt_spot_room2
Fra:1 Mem:341.13M (Peak 347.16M) | Time:00:00.12 | Mem:0.00M, Peak:0.00M | Scene, ViewLayer | Synchronizing object | lt_spot_room3
Fra:1 Mem:341.13M (Peak 347.16M) | Time:00:00.12 | Mem:0.00M, Peak:0.00M | Scene, ViewLayer | Synchronizing object | lt_spot_room4
Fra:1 Mem:341.13M (Peak 347.16M) | Time:00:00.12 | Mem:0.00M, Peak:0.00M | Scene, ViewLayer | Synchronizing object | lt_spot_room5
Fra:1 Mem:341.13M (Peak 347.16M) | Time:00:00.12 | Mem:0.00M, Peak:0.00M | Scene, ViewLayer | Synchronizing object | lt_spot_room8
Fra:1 Mem:341.13M (Peak 347.16M) | Time:00:00.12 | Mem:0.00M, Peak:0.00M | Scene, ViewLayer | Synchronizing object | lt_spot_room9
Fra:1 Mem:341.13M (Peak 347.16M) | Time:00:00.12 | Mem:0.00M, Peak:0.00M | Scene, ViewLayer | Synchronizing object | lt_spot_room10
Fra:1 Mem:341.14M (Peak 347.16M) | Time:00:00.12 | Mem:0.00M, Peak:0.00M | Scene, ViewLayer | Synchronizing object | lt_spot_room12
Fra:1 Mem:341.13M (Peak 347.16M) | Time:00:00.12 | Mem:0.00M, Peak:0.00M | Scene, ViewLayer | Synchronizing object | lt_spot_room13
Fra:1 Mem:341.16M (Peak 347.16M) | Time:00:00.12 | Mem:0.00M, Peak:0.00M | Scene, ViewLayer | Synchronizing object | lt_ceiling_master
Fra:1 Mem:341.16M (Peak 347.16M) | Time:00:00.12 | Mem:0.00M, Peak:0.00M | Scene, ViewLayer | Synchronizing object | lt_ceiling_parents
Fra:1 Mem:341.16M (Peak 347.16M) | Time:00:00.12 | Mem:0.00M, Peak:0.00M | Scene, ViewLayer | Synchronizing object | lt_ceiling_daughter
Fra:1 Mem:341.16M (Peak 347.16M) | Time:00:00.12 | Mem:0.00M, Peak:0.00M | Scene, ViewLayer | Synchronizing object | lt_wall1
Fra:1 Mem:341.16M (Peak 347.16M) | Time:00:00.12 | Mem:0.00M, Peak:0.00M | Scene, ViewLayer | Synchronizing object | lt_wall2
Fra:1 Mem:341.16M (Peak 347.16M) | Time:00:00.12 | Mem:0.00M, Peak:0.00M | Scene, ViewLayer | Synchronizing object | lt_strip_S
Fra:1 Mem:341.16M (Peak 347.16M) | Time:00:00.12 | Mem:0.00M, Peak:0.00M | Scene, ViewLayer | Synchronizing object | lt_strip_N
Fra:1 Mem:341.16M (Peak 347.16M) | Time:00:00.12 | Mem:0.00M, Peak:0.00M | Scene, ViewLayer | Synchronizing object | lt_strip_W
Fra:1 Mem:341.16M (Peak 347.16M) | Time:00:00.12 | Mem:0.00M, Peak:0.00M | Scene, ViewLayer | Synchronizing object | lt_strip_E
Fra:1 Mem:341.16M (Peak 347.16M) | Time:00:00.12 | Mem:0.00M, Peak:0.00M | Scene, ViewLayer | Synchronizing object | lt_strip_kc1
Fra:1 Mem:341.16M (Peak 347.16M) | Time:00:00.12 | Mem:0.00M, Peak:0.00M | Scene, ViewLayer | Synchronizing object | lt_strip_kc2
Fra:1 Mem:341.16M (Peak 347.16M) | Time:00:00.12 | Mem:0.00M, Peak:0.00M | Scene, ViewLayer | Synchronizing object | lt_strip_fyb
Fra:1 Mem:341.17M (Peak 347.16M) | Time:00:00.12 | Mem:0.00M, Peak:0.00M | Scene, ViewLayer | Synchronizing object | lt_strip_fyn
Fra:1 Mem:341.17M (Peak 347.16M) | Time:00:00.12 | Mem:0.00M, Peak:0.00M | Scene, ViewLayer | Synchronizing object | A_living_dining_balcony_dining_chair_03_legt1
Fra:1 Mem:341.17M (Peak 347.16M) | Time:00:00.12 | Mem:0.00M, Peak:0.00M | Scene, ViewLayer | Synchronizing object | lt_strip_mb
Fra:1 Mem:341.17M (Peak 347.16M) | Time:00:00.12 | Mem:0.00M, Peak:0.00M | Scene, ViewLayer | Synchronizing object | lt_strip_cb
Fra:1 Mem:341.17M (Peak 347.16M) | Time:00:00.12 | Mem:0.00M, Peak:0.00M | Scene, ViewLayer | Synchronizing object | lt_fill_daughter
Fra:1 Mem:347.89M (Peak 347.89M) | Time:00:00.12 | Mem:0.00M, Peak:0.00M | Scene, ViewLayer | Synchronizing object | lt_fill_son
Fra:1 Mem:347.89M (Peak 347.89M) | Time:00:00.12 | Mem:0.00M, Peak:0.00M | Scene, ViewLayer | Synchronizing object | lt_fill_pbath
Fra:1 Mem:347.89M (Peak 347.89M) | Time:00:00.12 | Mem:0.00M, Peak:0.00M | Scene, ViewLayer | Synchronizing object | lt_fill_mbath
Fra:1 Mem:347.90M (Peak 347.90M) | Time:00:00.12 | Mem:0.00M, Peak:0.00M | Scene, ViewLayer | Synchronizing object | A_living_dining_balcony_island_01_sideW
Fra:1 Mem:347.90M (Peak 347.90M) | Time:00:00.12 | Mem:0.00M, Peak:0.00M | Scene, ViewLayer | Synchronizing object | A_living_dining_balcony_island_01_sideE
Fra:1 Mem:347.90M (Peak 347.90M) | Time:00:00.12 | Mem:0.00M, Peak:0.00M | Scene, ViewLayer | Synchronizing object | A_living_dining_balcony_island_01_backN
Fra:1 Mem:347.90M (Peak 347.90M) | Time:00:00.12 | Mem:0.00M, Peak:0.00M | Scene, ViewLayer | Synchronizing object | A_living_dining_balcony_island_01_oven
Fra:1 Mem:347.90M (Peak 347.90M) | Time:00:00.12 | Mem:0.00M, Peak:0.00M | Scene, ViewLayer | Synchronizing object | A_living_dining_balcony_island_01_drw_gapbg
Fra:1 Mem:347.90M (Peak 347.90M) | Time:00:00.12 | Mem:0.00M, Peak:0.00M | Scene, ViewLayer | Synchronizing object | A_living_dining_balcony_island_01_drw_f0
Fra:1 Mem:347.90M (Peak 347.90M) | Time:00:00.12 | Mem:0.00M, Peak:0.00M | Scene, ViewLayer | Synchronizing object | A_living_dining_balcony_island_01_niche
Fra:1 Mem:347.91M (Peak 347.91M) | Time:00:00.12 | Mem:0.00M, Peak:0.00M | Scene, ViewLayer | Synchronizing object | A_living_dining_balcony_island_01_sh0
Fra:1 Mem:347.91M (Peak 347.91M) | Time:00:00.12 | Mem:0.00M, Peak:0.00M | Scene, ViewLayer | Synchronizing object | A_living_dining_balcony_island_01_sh1
Fra:1 Mem:347.91M (Peak 347.91M) | Time:00:00.12 | Mem:0.00M, Peak:0.00M | Scene, ViewLayer | Synchronizing object | A_living_dining_balcony_island_01_top
Fra:1 Mem:347.91M (Peak 347.91M) | Time:00:00.12 | Mem:0.00M, Peak:0.00M | Scene, ViewLayer | Synchronizing object | A_living_dining_balcony_tv_cabinet_01_body
Fra:1 Mem:347.91M (Peak 347.91M) | Time:00:00.12 | Mem:0.00M, Peak:0.00M | Scene, ViewLayer | Synchronizing object | A_living_dining_balcony_tv_cabinet_01_door_gapbg
Fra:1 Mem:347.92M (Peak 347.92M) | Time:00:00.12 | Mem:0.00M, Peak:0.00M | Scene, ViewLayer | Synchronizing object | A_living_dining_balcony_tv_cabinet_01_door_f1
Fra:1 Mem:347.92M (Peak 347.92M) | Time:00:00.12 | Mem:0.00M, Peak:0.00M | Scene, ViewLayer | Synchronizing object | A_living_dining_balcony_tv_cabinet_01_door_f2
Fra:1 Mem:347.93M (Peak 347.93M) | Time:00:00.12 | Mem:0.00M, Peak:0.00M | Scene, ViewLayer | Synchronizing object | A_living_dining_balcony_tv_cabinet_01_door_f3
Fra:1 Mem:347.93M (Peak 347.93M) | Time:00:00.12 | Mem:0.00M, Peak:0.00M | Scene, ViewLayer | Synchronizing object | A_living_dining_balcony_tv_cabinet_01_door_f4
Fra:1 Mem:347.93M (Peak 347.93M) | Time:00:00.12 | Mem:0.00M, Peak:0.00M | Scene, ViewLayer | Synchronizing object | A_living_dining_balcony_pendant_lamp_01_ globe
Fra:1 Mem:347.94M (Peak 347.94M) | Time:00:00.12 | Mem:0.00M, Peak:0.00M | Scene, ViewLayer | Synchronizing object | A_living_dining_balcony_island_02_top
Fra:1 Mem:347.94M (Peak 347.94M) | Time:00:00.12 | Mem:0.00M, Peak:0.00M | Scene, ViewLayer | Synchronizing object | A_living_dining_balcony_island_02_leg1
Fra:1 Mem:347.94M (Peak 347.94M) | Time:00:00.12 | Mem:0.00M, Peak:0.00M | Scene, ViewLayer | Synchronizing object | A_living_dining_balcony_dining_chair_03_leg1
Fra:1 Mem:347.94M (Peak 347.94M) | Time:00:00.12 | Mem:0.00M, Peak:0.00M | Scene, ViewLayer | Synchronizing object | A_living_dining_balcony_island_02_leg3
Fra:1 Mem:347.95M (Peak 347.95M) | Time:00:00.12 | Mem:0.00M, Peak:0.00M | Scene, ViewLayer | Synchronizing object | A_living_dining_balcony_pendant_lamp_02_rod
Fra:1 Mem:347.95M (Peak 347.95M) | Time:00:00.12 | Mem:0.00M, Peak:0.00M | Scene, ViewLayer | Synchronizing object | A_living_dining_balcony_pendant_lamp_02_ globe
Fra:1 Mem:348.00M (Peak 348.00M) | Time:00:00.12 | Mem:0.00M, Peak:0.00M | Scene, ViewLayer | Synchronizing object | A_living_dining_balcony_dining_chair_01_back
Fra:1 Mem:348.04M (Peak 348.04M) | Time:00:00.12 | Mem:0.00M, Peak:0.00M | Scene, ViewLayer | Synchronizing object | A_living_dining_balcony_dining_chair_01_seat
Fra:1 Mem:348.04M (Peak 348.04M) | Time:00:00.12 | Mem:0.00M, Peak:0.00M | Scene, ViewLayer | Synchronizing object | A_living_dining_balcony_dining_chair_01_leg0
Fra:1 Mem:348.06M (Peak 348.06M) | Time:00:00.12 | Mem:0.00M, Peak:0.00M | Scene, ViewLayer | Synchronizing object | A_living_dining_balcony_dining_chair_01_legt0
Fra:1 Mem:348.06M (Peak 348.06M) | Time:00:00.12 | Mem:0.00M, Peak:0.00M | Scene, ViewLayer | Synchronizing object | A_living_dining_balcony_dining_chair_01_legt1
Fra:1 Mem:348.06M (Peak 348.06M) | Time:00:00.12 | Mem:0.00M, Peak:0.00M | Scene, ViewLayer | Synchronizing object | A_living_dining_balcony_dining_chair_01_leg3
Fra:1 Mem:348.07M (Peak 348.07M) | Time:00:00.12 | Mem:0.00M, Peak:0.00M | Scene, ViewLayer | Synchronizing object | A_living_dining_balcony_dining_chair_01_legt3
Fra:1 Mem:348.08M (Peak 348.08M) | Time:00:00.12 | Mem:0.00M, Peak:0.00M | Scene, ViewLayer | Synchronizing object | A_living_dining_balcony_dining_chair_01_arm0
Fra:1 Mem:348.09M (Peak 348.09M) | Time:00:00.12 | Mem:0.00M, Peak:0.00M | Scene, ViewLayer | Synchronizing object | A_living_dining_balcony_dining_chair_01_armf0
Fra:1 Mem:348.10M (Peak 348.10M) | Time:00:00.12 | Mem:0.00M, Peak:0.00M | Scene, ViewLayer | Synchronizing object | A_living_dining_balcony_dining_chair_01_arm1
Fra:1 Mem:348.10M (Peak 348.10M) | Time:00:00.12 | Mem:0.00M, Peak:0.00M | Scene, ViewLayer | Synchronizing object | A_living_dining_balcony_dining_chair_02_seat
Fra:1 Mem:348.10M (Peak 348.10M) | Time:00:00.12 | Mem:0.00M, Peak:0.00M | Scene, ViewLayer | Synchronizing object | A_living_dining_balcony_dining_chair_03_leg0
Fra:1 Mem:348.10M (Peak 348.10M) | Time:00:00.12 | Mem:0.00M, Peak:0.00M | Scene, ViewLayer | Synchronizing object | A_living_dining_balcony_dining_chair_02_legt0
Fra:1 Mem:348.11M (Peak 348.11M) | Time:00:00.12 | Mem:0.00M, Peak:0.00M | Scene, ViewLayer | Synchronizing object | A_living_dining_balcony_dining_chair_03_seat
Fra:1 Mem:348.12M (Peak 348.12M) | Time:00:00.12 | Mem:0.00M, Peak:0.00M | Scene, ViewLayer | Synchronizing object | A_living_dining_balcony_dining_chair_02_leg1
Fra:1 Mem:348.12M (Peak 348.12M) | Time:00:00.12 | Mem:0.00M, Peak:0.00M | Scene, ViewLayer | Synchronizing object | A_living_dining_balcony_dining_chair_02_legt1
Fra:1 Mem:348.18M (Peak 348.18M) | Time:00:00.12 | Mem:0.00M, Peak:0.00M | Scene, ViewLayer | Synchronizing object | A_living_dining_balcony_dining_chair_02_leg2
Fra:1 Mem:348.18M (Peak 348.18M) | Time:00:00.12 | Mem:0.00M, Peak:0.00M | Scene, ViewLayer | Synchronizing object | A_living_dining_balcony_dining_chair_02_legt2
Fra:1 Mem:348.19M (Peak 348.19M) | Time:00:00.12 | Mem:0.00M, Peak:0.00M | Scene, ViewLayer | Synchronizing object | A_living_dining_balcony_dining_chair_02_leg3
Fra:1 Mem:348.19M (Peak 348.19M) | Time:00:00.12 | Mem:0.00M, Peak:0.00M | Scene, ViewLayer | Synchronizing object | A_living_dining_balcony_dining_chair_02_legt3
Fra:1 Mem:348.20M (Peak 348.20M) | Time:00:00.12 | Mem:0.00M, Peak:0.00M | Scene, ViewLayer | Synchronizing object | A_living_dining_balcony_dining_chair_02_arm0
Fra:1 Mem:348.78M (Peak 348.78M) | Time:00:00.12 | Mem:0.00M, Peak:0.00M | Scene, ViewLayer | Synchronizing object | A_living_dining_balcony_dining_chair_02_armf0
Fra:1 Mem:348.78M (Peak 348.78M) | Time:00:00.12 | Mem:0.00M, Peak:0.00M | Scene, ViewLayer | Synchronizing object | A_living_dining_balcony_dining_chair_02_armf1
Fra:1 Mem:420.55M (Peak 472.00M) | Time:00:00.22 | Mem:0.00M, Peak:0.00M | Scene, ViewLayer | Initializing
Fra:1 Mem:410.88M (Peak 472.00M) | Time:00:00.23 | Mem:0.00M, Peak:0.00M | Scene, ViewLayer | Updating Images | Loading tree_small_02_nor_gl
Fra:1 Mem:410.88M (Peak 472.00M) | Time:00:00.23 | Mem:0.00M, Peak:0.00M | Scene, ViewLayer | Updating Images | Loading jacaranda_tree_trunk_rough
Fra:1 Mem:414.88M (Peak 472.00M) | Time:00:00.23 | Mem:0.00M, Peak:0.00M | Scene, ViewLayer | Updating Images | Loading tree_small_02_rough
Fra:1 Mem:441.25M (Peak 518.99M) | Time:00:00.28 | Mem:72.00M, Peak:72.00M | Scene, ViewLayer | Waiting for render to start
Fra:1 Mem:441.25M (Peak 518.99M) | Time:00:00.28 | Mem:72.00M, Peak:72.00M | Scene, ViewLayer | Updating Scene
Fra:1 Mem:441.25M (Peak 518.99M) | Time:00:00.28 | Mem:72.00M, Peak:72.00M | Scene, ViewLayer | Updating Shaders
Fra:1 Mem:441.25M (Peak 518.99M) | Time:00:00.28 | Mem:72.00M, Peak:72.00M | Scene, ViewLayer | Loading render kernels (may take a few minutes the first time)
Fra:1 Mem:441.39M (Peak 518.99M) | Time:00:01.13 | Mem:72.07M, Peak:72.07M | Scene, ViewLayer | Updating Procedurals
Fra:1 Mem:441.39M (Peak 518.99M) | Time:00:01.13 | Mem:72.07M, Peak:72.07M | Scene, ViewLayer | Updating Background
Fra:1 Mem:441.39M (Peak 518.99M) | Time:00:01.13 | Mem:72.07M, Peak:72.07M | Scene, ViewLayer | Updating Camera
Fra:1 Mem:441.39M (Peak 518.99M) | Time:00:01.13 | Mem:72.07M, Peak:72.07M | Scene, ViewLayer | Updating Meshes Flags
Fra:1 Mem:441.39M (Peak 518.99M) | Time:00:01.13 | Mem:72.07M, Peak:72.07M | Scene, ViewLayer | Updating Objects
Fra:1 Mem:441.39M (Peak 518.99M) | Time:00:01.13 | Mem:72.07M, Peak:72.07M | Scene, ViewLayer | Updating Objects | Copying Transformations to device
Fra:1 Mem:441.69M (Peak 518.99M) | Time:00:01.13 | Mem:72.36M, Peak:72.36M | Scene, ViewLayer | Updating Particle Systems
Fra:1 Mem:441.69M (Peak 518.99M) | Time:00:01.13 | Mem:72.36M, Peak:72.36M | Scene, ViewLayer | Updating Particle Systems | Copying Particles to device
Fra:1 Mem:441.69M (Peak 518.99M) | Time:00:01.13 | Mem:72.36M, Peak:72.36M | Scene, ViewLayer | Updating Meshes
Fra:1 Mem:511.50M (Peak 518.99M) | Time:00:02.01 | Mem:72.36M, Peak:72.36M | Scene, ViewLayer | Updating Objects | Applying Static Transformations
Fra:1 Mem:511.50M (Peak 518.99M) | Time:00:02.01 | Mem:72.36M, Peak:72.36M | Scene, ViewLayer | Updating Mesh | Computing attributes
Fra:1 Mem:618.80M (Peak 618.80M) | Time:00:02.05 | Mem:72.46M, Peak:72.46M | Scene, ViewLayer | Updating Mesh | Copying Attributes to device
Fra:1 Mem:618.63M (Peak 618.80M) | Time:00:02.07 | Mem:179.50M, Peak:179.50M | Scene, ViewLayer | Updating Geometry BVH ceil_living_r1S_mesh 2/774 | Building BVH
Fra:1 Mem:618.63M (Peak 618.80M) | Time:00:02.07 | Mem:179.50M, Peak:179.50M | Scene, ViewLayer | Updating Geometry BVH ceil_living_r1E_mesh 5/1281 | Building BVH
Fra:1 Mem:618.63M (Peak 618.80M) | Time:00:02.07 | Mem:179.50M, Peak:179.50M | Scene, ViewLayer | Updating Geometry BVH ceil_living_ac_slot_mesh 11/1281 | Building BVH
Fra:1 Mem:618.63M (Peak 618.80M) | Time:00:02.07 | Mem:179.50M, Peak:179.50M | Scene, ViewLayer | Updating Geometry BVH ceil_bay_slab_mesh 21/1281 | Building BVH
Fra:1 Mem:618.63M (Peak 618.80M) | Time:00:02.07 | Mem:179.50M, Peak:179.50M | Scene, ViewLayer | Updating Geometry BVH ceil_kitchen_fill_mesh 22/1281 | Building BVH
Fra:1 Mem:618.63M (Peak 618.80M) | Time:00:02.08 | Mem:179.70M, Peak:179.70M | Scene, ViewLayer | Updating Geometry BVH ceil_public_bath_wet_fill_mesh 23/1281 | Building BVH
Fra:1 Mem:618.63M (Peak 618.80M) | Time:00:02.08 | Mem:179.70M, Peak:179.70M | Scene, ViewLayer | Updating Geometry BVH ceil_master_bath_fill_mesh 24/1281 | Building BVH
Fra:1 Mem:618.63M (Peak 618.80M) | Time:00:02.08 | Mem:179.71M, Peak:179.72M | Scene, ViewLayer | Updating Geometry BVH ceil_corridor_fill_mesh 25/1281 | Building BVH
Fra:1 Mem:618.63M (Peak 618.80M) | Time:00:02.08 | Mem:179.72M, Peak:179.72M | Scene, ViewLayer | Updating Geometry BVH ceil_elevator_hall_fill_mesh 26/1281 | Building BVH
Fra:1 Mem:618.63M (Peak 618.80M) | Time:00:02.08 | Mem:179.73M, Peak:179.73M | Scene, ViewLayer | Updating Geometry BVH fx_ceiling_master_bedroom_mesh 27/1281 | Building BVH
Fra:1 Mem:618.63M (Peak 618.80M) | Time:00:02.09 | Mem:179.75M, Peak:179.75M | Scene, ViewLayer | Updating Geometry BVH fx_ceiling_parents_room_mesh 28/1281 | Building BVH
Fra:1 Mem:618.63M (Peak 618.80M) | Time:00:02.09 | Mem:179.76M, Peak:179.76M | Scene, ViewLayer | Updating Geometry BVH fx_ceiling_daughter_room_mesh 29/1281 | Building BVH
Fra:1 Mem:618.63M (Peak 618.80M) | Time:00:02.09 | Mem:179.77M, Peak:179.77M | Scene, ViewLayer | Updating Geometry BVH fx_ceiling_son_room_mesh 30/1281 | Building BVH
Fra:1 Mem:618.63M (Peak 618.80M) | Time:00:02.09 | Mem:179.78M, Peak:179.78M | Scene, ViewLayer | Updating Geometry BVH fx_spot_living00_mesh 31/1281 | Building BVH
Fra:1 Mem:618.63M (Peak 618.80M) | Time:00:02.09 | Mem:179.79M, Peak:179.79M | Scene, ViewLayer | Updating Geometry BVH lt_strip_tv_mesh 1281/1281 | Building BVH
Fra:1 Mem:618.63M (Peak 618.80M) | Time:00:02.09 | Mem:179.80M, Peak:179.80M | Scene, ViewLayer | Updating Geometry BVH fx_spot_living00_r_mesh 32/1281 | Building BVH
Fra:1 Mem:618.63M (Peak 618.80M) | Time:00:02.09 | Mem:179.81M, Peak:179.81M | Scene, ViewLayer | Updating Geometry BVH fx_spot_living01_mesh 33/1281 | Building BVH
Fra:1 Mem:618.63M (Peak 618.80M) | Time:00:02.09 | Mem:179.85M, Peak:179.85M | Scene, ViewLayer | Updating Geometry BVH fx_spot_living01_r_mesh 34/1281 | Building BVH
Fra:1 Mem:618.63M (Peak 618.80M) | Time:00:02.09 | Mem:179.85M, Peak:179.85M | Scene, ViewLayer | Updating Geometry BVH fx_spot_living02_mesh 35/1281 | Building BVH
Fra:1 Mem:618.63M (Peak 618.80M) | Time:00:02.09 | Mem:179.86M, Peak:179.86M | Scene, ViewLayer | Updating Geometry BVH fx_spot_living02_r_mesh 36/1281 | Building BVH
Fra:1 Mem:618.63M (Peak 618.80M) | Time:00:02.09 | Mem:179.88M, Peak:179.88M | Scene, ViewLayer | Updating Geometry BVH fx_spot_living03_mesh 37/1281 | Building BVH
Fra:1 Mem:618.63M (Peak 618.80M) | Time:00:02.09 | Mem:179.89M, Peak:179.89M | Scene, ViewLayer | Updating Geometry BVH fx_spot_living03_r_mesh 38/1281 | Building BVH
Fra:1 Mem:618.63M (Peak 618.80M) | Time:00:02.09 | Mem:179.89M, Peak:179.89M | Scene, ViewLayer | Updating Geometry BVH fx_spot_living04_mesh 39/1281 | Building BVH
Fra:1 Mem:618.63M (Peak 618.80M) | Time:00:02.09 | Mem:179.91M, Peak:179.91M | Scene, ViewLayer | Updating Geometry BVH fx_spot_living04_r_mesh 40/1281 | Building BVH
Fra:1 Mem:618.63M (Peak 618.80M) | Time:00:02.09 | Mem:179.92M, Peak:179.92M | Scene, ViewLayer | Updating Geometry BVH fx_spot_living05_mesh 41/1281 | Building BVH
Fra:1 Mem:618.63M (Peak 618.80M) | Time:00:02.09 | Mem:179.96M, Peak:179.96M | Scene, ViewLayer | Updating Geometry BVH fx_spot_living05_r_mesh 42/1281 | Building BVH
Fra:1 Mem:618.63M (Peak 618.80M) | Time:00:02.09 | Mem:179.96M, Peak:179.96M | Scene, ViewLayer | Updating Geometry BVH fx_spot_living06_r_mesh 44/1281 | Building BVH
Fra:1 Mem:618.63M (Peak 618.80M) | Time:00:02.09 | Mem:179.96M, Peak:179.96M | Scene, ViewLayer | Updating Geometry BVH fx_spot_living06_mesh 43/1281 | Building BVH
Fra:1 Mem:618.63M (Peak 618.80M) | Time:00:02.09 | Mem:180.00M, Peak:180.00M | Scene, ViewLayer | Updating Geometry BVH fx_spot_living07_mesh 45/1281 | Building BVH
Fra:1 Mem:618.63M (Peak 618.80M) | Time:00:02.09 | Mem:180.02M, Peak:180.02M | Scene, ViewLayer | Updating Geometry BVH fx_spot_living07_r_mesh 46/1281 | Building BVH
Fra:1 Mem:618.63M (Peak 618.80M) | Time:00:02.09 | Mem:180.03M, Peak:180.03M | Scene, ViewLayer | Updating Geometry BVH fx_spot_living08_mesh 47/1281 | Building BVH
Fra:1 Mem:618.63M (Peak 618.80M) | Time:00:02.09 | Mem:180.05M, Peak:180.05M | Scene, ViewLayer | Updating Geometry BVH fx_spot_living08_r_mesh 48/1281 | Building BVH
Fra:1 Mem:618.63M (Peak 618.80M) | Time:00:02.09 | Mem:180.05M, Peak:180.05M | Scene, ViewLayer | Updating Geometry BVH fx_spot_living09_mesh 49/1281 | Building BVH
Fra:1 Mem:618.63M (Peak 618.80M) | Time:00:02.09 | Mem:180.08M, Peak:180.08M | Scene, ViewLayer | Updating Geometry BVH fx_spot_living09_r_mesh 50/1281 | Building BVH
Fra:1 Mem:618.63M (Peak 618.80M) | Time:00:02.09 | Mem:180.10M, Peak:180.10M | Scene, ViewLayer | Updating Geometry BVH fx_spot_living10_mesh 51/1281 | Building BVH
Fra:1 Mem:618.63M (Peak 618.80M) | Time:00:02.09 | Mem:180.12M, Peak:180.12M | Scene, ViewLayer | Updating Geometry BVH lt_pendant_02 1280/1281 | Building BVH
Fra:1 Mem:618.63M (Peak 618.80M) | Time:00:02.09 | Mem:180.12M, Peak:180.12M | Scene, ViewLayer | Updating Geometry BVH fx_spot_living10_r_mesh 52/1281 | Building BVH
Fra:1 Mem:618.63M (Peak 618.80M) | Time:00:02.09 | Mem:180.13M, Peak:180.13M | Scene, ViewLayer | Updating Geometry BVH fx_spot_living11_mesh 53/1281 | Building BVH
Fra:1 Mem:618.63M (Peak 618.80M) | Time:00:02.09 | Mem:180.15M, Peak:180.15M | Scene, ViewLayer | Updating Geometry BVH fx_spot_living11_r_mesh 54/1281 | Building BVH
Fra:1 Mem:618.63M (Peak 618.80M) | Time:00:02.09 | Mem:180.15M, Peak:180.15M | Scene, ViewLayer | Updating Geometry BVH fx_spot_living12_mesh 55/1281 | Building BVH
Fra:1 Mem:618.63M (Peak 618.80M) | Time:00:02.09 | Mem:180.16M, Peak:180.16M | Scene, ViewLayer | Updating Geometry BVH fx_spot_living12_r_mesh 56/1281 | Building BVH
Fra:1 Mem:618.63M (Peak 618.80M) | Time:00:02.09 | Mem:180.19M, Peak:180.19M | Scene, ViewLayer | Updating Geometry BVH fx_spot_living13_mesh 57/1281 | Building BVH
Fra:1 Mem:618.63M (Peak 618.80M) | Time:00:02.09 | Mem:180.20M, Peak:180.20M | Scene, ViewLayer | Updating Geometry BVH lt_pendant_01 1279/1281 | Building BVH
Fra:1 Mem:618.63M (Peak 618.80M) | Time:00:02.09 | Mem:180.20M, Peak:180.20M | Scene, ViewLayer | Updating Geometry BVH fx_spot_living15_mesh 61/1281 | Building BVH
Fra:1 Mem:618.63M (Peak 618.80M) | Time:00:02.09 | Mem:180.21M, Peak:180.21M | Scene, ViewLayer | Updating Geometry BVH fx_spot_living15_r_mesh 62/1281 | Building BVH
Fra:1 Mem:618.63M (Peak 618.80M) | Time:00:02.09 | Mem:180.30M, Peak:180.30M | Scene, ViewLayer | Updating Geometry BVH fx_art_wall_A_mesh 1278/1281 | Building BVH
Fra:1 Mem:618.63M (Peak 618.80M) | Time:00:02.09 | Mem:180.29M, Peak:180.30M | Scene, ViewLayer | Updating Geometry BVH fx_spot_room0_mesh 65/1281 | Building BVH
Fra:1 Mem:618.63M (Peak 618.80M) | Time:00:02.09 | Mem:180.29M, Peak:180.30M | Scene, ViewLayer | Updating Geometry BVH fx_spot_room2_mesh 67/1281 | Building BVH
Fra:1 Mem:618.63M (Peak 618.80M) | Time:00:02.09 | Mem:180.34M, Peak:180.35M | Scene, ViewLayer | Updating Geometry BVH fx_spot_room3_mesh 68/1281 | Building BVH
Fra:1 Mem:618.63M (Peak 618.80M) | Time:00:02.09 | Mem:180.35M, Peak:180.35M | Scene, ViewLayer | Updating Geometry BVH fx_spot_room4_mesh 69/1281 | Building BVH
Fra:1 Mem:618.63M (Peak 618.80M) | Time:00:02.09 | Mem:180.35M, Peak:180.35M | Scene, ViewLayer | Updating Geometry BVH out_ground_mesh 73/1281 | Building BVH
Fra:1 Mem:618.63M (Peak 618.80M) | Time:00:02.09 | Mem:180.35M, Peak:180.35M | Scene, ViewLayer | Updating Geometry BVH out_path_s_mesh 74/1281 | Building BVH
Fra:1 Mem:618.63M (Peak 618.80M) | Time:00:02.09 | Mem:180.36M, Peak:180.36M | Scene, ViewLayer | Updating Geometry BVH out_path_n_mesh 75/1281 | Building BVH
Fra:1 Mem:618.63M (Peak 618.80M) | Time:00:02.09 | Mem:180.47M, Peak:180.48M | Scene, ViewLayer | Updating Geometry BVH out_bldg_s_mesh 78/1281 | Building BVH
Fra:1 Mem:618.63M (Peak 618.80M) | Time:00:02.09 | Mem:180.47M, Peak:180.48M | Scene, ViewLayer | Updating Geometry BVH out_bldg_n_mesh 79/1281 | Building BVH
Fra:1 Mem:618.63M (Peak 618.80M) | Time:00:02.10 | Mem:180.47M, Peak:180.48M | Scene, ViewLayer | Updating Geometry BVH floor_living_dining_balcony_mesh 80/1281 | Building BVH
Fra:1 Mem:618.63M (Peak 618.80M) | Time:00:02.10 | Mem:180.48M, Peak:180.48M | Scene, ViewLayer | Updating Geometry BVH floor_kitchen_mesh 81/1281 | Building BVH
Fra:1 Mem:618.63M (Peak 618.80M) | Time:00:02.10 | Mem:180.49M, Peak:180.49M | Scene, ViewLayer | Updating Geometry BVH floor_daughter_room_mesh 82/1281 | Building BVH
Fra:1 Mem:618.63M (Peak 618.80M) | Time:00:02.10 | Mem:180.50M, Peak:180.50M | Scene, ViewLayer | Updating Geometry BVH floor_public_bath_wet_mesh 83/1281 | Building BVH
Fra:1 Mem:618.63M (Peak 618.80M) | Time:00:02.10 | Mem:180.52M, Peak:180.52M | Scene, ViewLayer | Updating Geometry BVH floor_corridor_0_mesh 84/1281 | Building BVH
Fra:1 Mem:618.63M (Peak 618.80M) | Time:00:02.10 | Mem:180.52M, Peak:180.52M | Scene, ViewLayer | Updating Geometry BVH floor_corridor_1_mesh 85/1281 | Building BVH
Fra:1 Mem:618.63M (Peak 618.80M) | Time:00:02.10 | Mem:180.52M, Peak:180.52M | Scene, ViewLayer | Updating Geometry BVH floor_son_room_mesh 86/1281 | Building BVH
Fra:1 Mem:618.63M (Peak 618.80M) | Time:00:02.10 | Mem:180.53M, Peak:180.53M | Scene, ViewLayer | Updating Geometry BVH floor_master_bath_mesh 87/1281 | Building BVH
Fra:1 Mem:618.63M (Peak 618.80M) | Time:00:02.10 | Mem:180.54M, Peak:180.54M | Scene, ViewLayer | Updating Geometry BVH floor_terrace_mesh 89/1281 | Building BVH
Fra:1 Mem:618.63M (Peak 618.80M) | Time:00:02.10 | Mem:180.55M, Peak:180.55M | Scene, ViewLayer | Updating Geometry BVH BezierCurve.002 77/1281 | Building BVH
Fra:1 Mem:618.63M (Peak 618.80M) | Time:00:02.10 | Mem:184.81M, Peak:184.81M | Scene, ViewLayer | Updating Geometry BVH floor_parents_room_mesh 90/1281 | Building BVH
Fra:1 Mem:618.63M (Peak 618.80M) | Time:00:02.10 | Mem:184.82M, Peak:184.82M | Scene, ViewLayer | Updating Geometry BVH floor_master_bedroom_mesh 88/1281 | Building BVH
Fra:1 Mem:618.63M (Peak 618.80M) | Time:00:02.10 | Mem:184.81M, Peak:184.82M | Scene, ViewLayer | Updating Geometry BVH W01_s00_mesh 93/1281 | Building BVH
Fra:1 Mem:618.63M (Peak 618.80M) | Time:00:02.10 | Mem:184.81M, Peak:184.82M | Scene, ViewLayer | Updating Geometry BVH W01_s01_mesh 94/1281 | Building BVH
Fra:1 Mem:618.63M (Peak 618.80M) | Time:00:02.10 | Mem:184.81M, Peak:184.82M | Scene, ViewLayer | Updating Geometry BVH W01_s02_mesh 95/1281 | Building BVH
Fra:1 Mem:618.63M (Peak 618.80M) | Time:00:02.10 | Mem:184.87M, Peak:184.88M | Scene, ViewLayer | Updating Geometry BVH W01_s03_mesh 96/1281 | Building BVH
Fra:1 Mem:618.63M (Peak 618.80M) | Time:00:02.10 | Mem:184.87M, Peak:184.88M | Scene, ViewLayer | Updating Geometry BVH W02_s00_mesh 97/1281 | Building BVH
Fra:1 Mem:618.63M (Peak 618.80M) | Time:00:02.10 | Mem:184.87M, Peak:184.88M | Scene, ViewLayer | Updating Geometry BVH W02_s01_mesh 98/1281 | Building BVH
Fra:1 Mem:618.63M (Peak 618.80M) | Time:00:02.10 | Mem:184.87M, Peak:184.88M | Scene, ViewLayer | Updating Geometry BVH W02_s02_mesh 99/1281 | Building BVH
Fra:1 Mem:618.63M (Peak 618.80M) | Time:00:02.10 | Mem:184.88M, Peak:184.88M | Scene, ViewLayer | Updating Geometry BVH tree.016 76/1281 | Building BVH
Fra:1 Mem:618.63M (Peak 618.80M) | Time:00:02.10 | Mem:190.20M, Peak:190.20M | Scene, ViewLayer | Updating Geometry BVH fx_curt_living_bo_e_A_mesh 1277/1281 | Building BVH
Fra:1 Mem:618.63M (Peak 618.80M) | Time:00:02.10 | Mem:190.22M, Peak:190.22M | Scene, ViewLayer | Updating Geometry BVH W02_s03_mesh 100/1281 | Building BVH
Fra:1 Mem:618.63M (Peak 618.80M) | Time:00:02.10 | Mem:190.22M, Peak:190.22M | Scene, ViewLayer | Updating Geometry BVH W03_s00_mesh 101/1281 | Building BVH
Fra:1 Mem:618.63M (Peak 618.80M) | Time:00:02.10 | Mem:190.22M, Peak:190.22M | Scene, ViewLayer | Updating Geometry BVH W04_s00_mesh 102/1281 | Building BVH
Fra:1 Mem:618.63M (Peak 618.80M) | Time:00:02.10 | Mem:190.22M, Peak:190.22M | Scene, ViewLayer | Updating Geometry BVH W05_s02_mesh 105/1281 | Building BVH
Fra:1 Mem:618.63M (Peak 618.80M) | Time:00:02.10 | Mem:190.27M, Peak:190.27M | Scene, ViewLayer | Updating Geometry BVH W05_s03_mesh 106/1281 | Building BVH
Fra:1 Mem:618.63M (Peak 618.80M) | Time:00:02.10 | Mem:190.27M, Peak:190.27M | Scene, ViewLayer | Updating Geometry BVH W06_s00_mesh 107/1281 | Building BVH
Fra:1 Mem:618.63M (Peak 618.80M) | Time:00:02.10 | Mem:190.27M, Peak:190.27M | Scene, ViewLayer | Updating Geometry BVH W06_s01_mesh 108/1281 | Building BVH
Fra:1 Mem:618.63M (Peak 618.80M) | Time:00:02.10 | Mem:190.28M, Peak:190.28M | Scene, ViewLayer | Updating Geometry BVH W06_s02_mesh 109/1281 | Building BVH
Fra:1 Mem:618.63M (Peak 618.80M) | Time:00:02.10 | Mem:190.32M, Peak:190.32M | Scene, ViewLayer | Updating Geometry BVH W06_s03_mesh 110/1281 | Building BVH
Fra:1 Mem:618.63M (Peak 618.80M) | Time:00:02.10 | Mem:190.32M, Peak:190.32M | Scene, ViewLayer | Updating Geometry BVH W07_s00_mesh 111/1281 | Building BVH
Fra:1 Mem:618.63M (Peak 618.80M) | Time:00:02.10 | Mem:190.32M, Peak:190.32M | Scene, ViewLayer | Updating Geometry BVH W07_s01_mesh 112/1281 | Building BVH
Fra:1 Mem:618.63M (Peak 618.80M) | Time:00:02.10 | Mem:197.05M, Peak:197.05M | Scene, ViewLayer | Updating Geometry BVH W07_s02_mesh 113/1281 | Building BVH
Fra:1 Mem:618.63M (Peak 618.80M) | Time:00:02.10 | Mem:197.06M, Peak:197.06M | Scene, ViewLayer | Updating Geometry BVH W08_s00_mesh 114/1281 | Building BVH
Fra:1 Mem:618.63M (Peak 618.80M) | Time:00:02.10 | Mem:197.06M, Peak:197.06M | Scene, ViewLayer | Updating Geometry BVH W08_s01_mesh 115/1281 | Building BVH
Fra:1 Mem:618.63M (Peak 618.80M) | Time:00:02.10 | Mem:197.06M, Peak:197.06M | Scene, ViewLayer | Updating Geometry BVH W08_s02_mesh 116/1281 | Building BVH
Fra:1 Mem:618.63M (Peak 618.80M) | Time:00:02.10 | Mem:197.06M, Peak:197.06M | Scene, ViewLayer | Updating Geometry BVH W09_s00_mesh 117/1281 | Building BVH
Fra:1 Mem:618.63M (Peak 618.80M) | Time:00:02.10 | Mem:197.10M, Peak:197.10M | Scene, ViewLayer | Updating Geometry BVH W10_s00_mesh 118/1281 | Building BVH
Fra:1 Mem:618.63M (Peak 618.80M) | Time:00:02.10 | Mem:197.10M, Peak:197.10M | Scene, ViewLayer | Updating Geometry BVH W10_s01_mesh 119/1281 | Building BVH
Fra:1 Mem:618.63M (Peak 618.80M) | Time:00:02.10 | Mem:197.11M, Peak:197.11M | Scene, ViewLayer | Updating Geometry BVH W10_s02_mesh 120/1281 | Building BVH
Fra:1 Mem:618.63M (Peak 618.80M) | Time:00:02.10 | Mem:197.15M, Peak:197.15M | Scene, ViewLayer | Updating Geometry BVH W10_s03_mesh 121/1281 | Building BVH
Fra:1 Mem:618.63M (Peak 618.80M) | Time:00:02.10 | Mem:197.17M, Peak:197.17M | Scene, ViewLayer | Updating Geometry BVH W11_s00_mesh 122/1281 | Building BVH
Fra:1 Mem:618.63M (Peak 618.80M) | Time:00:02.10 | Mem:197.17M, Peak:197.17M | Scene, ViewLayer | Updating Geometry BVH W12_s00_mesh 123/1281 | Building BVH
Fra:1 Mem:618.63M (Peak 618.80M) | Time:00:02.10 | Mem:197.17M, Peak:197.17M | Scene, ViewLayer | Updating Geometry BVH W12_s02_mesh 125/1281 | Building BVH
Fra:1 Mem:618.63M (Peak 618.80M) | Time:00:02.10 | Mem:197.18M, Peak:197.18M | Scene, ViewLayer | Updating Geometry BVH W13_s00_mesh 126/1281 | Building BVH
Fra:1 Mem:618.63M (Peak 618.80M) | Time:00:02.10 | Mem:197.18M, Peak:197.18M | Scene, ViewLayer | Updating Geometry BVH W13_s01_mesh 127/1281 | Building BVH
Fra:1 Mem:618.63M (Peak 618.80M) | Time:00:02.10 | Mem:208.34M, Peak:208.34M | Scene, ViewLayer | Updating Geometry BVH W13_s02_mesh 128/1281 | Building BVH
Fra:1 Mem:618.63M (Peak 618.80M) | Time:00:02.10 | Mem:208.34M, Peak:208.34M | Scene, ViewLayer | Updating Geometry BVH W14_s00_mesh 129/1281 | Building BVH
Fra:1 Mem:618.63M (Peak 618.80M) | Time:00:02.10 | Mem:208.34M, Peak:208.34M | Scene, ViewLayer | Updating Geometry BVH W14_s03_mesh 132/1281 | Building BVH
Fra:1 Mem:618.63M (Peak 618.80M) | Time:00:02.10 | Mem:208.38M, Peak:208.38M | Scene, ViewLayer | Updating Geometry BVH W14_s04_mesh 133/1281 | Building BVH
Fra:1 Mem:618.63M (Peak 618.80M) | Time:00:02.10 | Mem:208.38M, Peak:208.38M | Scene, ViewLayer | Updating Geometry BVH W15_s01_mesh 135/1281 | Building BVH
Fra:1 Mem:618.63M (Peak 618.80M) | Time:00:02.10 | Mem:208.43M, Peak:208.43M | Scene, ViewLayer | Updating Geometry BVH fx_curt_living_sheer_A_mesh 1275/1281 | Building BVH
Fra:1 Mem:618.63M (Peak 618.80M) | Time:00:02.10 | Mem:208.43M, Peak:208.43M | Scene, ViewLayer | Updating Geometry BVH W16_s00_mesh 137/1281 | Building BVH
Fra:1 Mem:618.63M (Peak 618.80M) | Time:00:02.10 | Mem:208.43M, Peak:208.43M | Scene, ViewLayer | Updating Geometry BVH W17_s00_mesh 138/1281 | Building BVH
Fra:1 Mem:618.63M (Peak 618.80M) | Time:00:02.10 | Mem:208.45M, Peak:208.45M | Scene, ViewLayer | Updating Geometry BVH W17_s01_mesh 139/1281 | Building BVH
Fra:1 Mem:618.63M (Peak 618.80M) | Time:00:02.10 | Mem:208.46M, Peak:208.46M | Scene, ViewLayer | Updating Geometry BVH W17_s02_mesh 140/1281 | Building BVH
Fra:1 Mem:618.63M (Peak 618.80M) | Time:00:02.10 | Mem:208.52M, Peak:208.52M | Scene, ViewLayer | Updating Geometry BVH W18_s00_mesh 141/1281 | Building BVH
Fra:1 Mem:618.63M (Peak 618.80M) | Time:00:02.10 | Mem:208.51M, Peak:208.52M | Scene, ViewLayer | Updating Geometry BVH W18_s02_mesh 143/1281 | Building BVH
Fra:1 Mem:618.63M (Peak 618.80M) | Time:00:02.10 | Mem:208.51M, Peak:208.52M | Scene, ViewLayer | Updating Geometry BVH W19_s00_mesh 145/1281 | Building BVH
Fra:1 Mem:618.63M (Peak 618.80M) | Time:00:02.10 | Mem:208.51M, Peak:208.52M | Scene, ViewLayer | Updating Geometry BVH W19_s01_mesh 146/1281 | Building BVH
Fra:1 Mem:618.63M (Peak 618.80M) | Time:00:02.10 | Mem:208.51M, Peak:208.52M | Scene, ViewLayer | Updating Geometry BVH W19_s02_mesh 147/1281 | Building BVH
Fra:1 Mem:618.63M (Peak 618.80M) | Time:00:02.10 | Mem:208.52M, Peak:208.52M | Scene, ViewLayer | Updating Geometry BVH W20_s00_mesh 148/1281 | Building BVH
Fra:1 Mem:618.63M (Peak 618.80M) | Time:00:02.10 | Mem:208.54M, Peak:208.54M | Scene, ViewLayer | Updating Geometry BVH W21_s00_mesh 149/1281 | Building BVH
Fra:1 Mem:618.63M (Peak 618.80M) | Time:00:02.10 | Mem:208.56M, Peak:208.56M | Scene, ViewLayer | Updating Geometry BVH A_living_dining_balcony_lounge_chair_01_arm1_mesh 1274/1281 | Building BVH
Fra:1 Mem:618.63M (Peak 618.80M) | Time:00:02.11 | Mem:208.60M, Peak:208.60M | Scene, ViewLayer | Updating Geometry BVH W22_s00_mesh 150/1281 | Building BVH
Fra:1 Mem:618.63M (Peak 618.80M) | Time:00:02.11 | Mem:208.62M, Peak:208.62M | Scene, ViewLayer | Updating Geometry BVH W22_s01_mesh 151/1281 | Building BVH
Fra:1 Mem:618.63M (Peak 618.80M) | Time:00:02.11 | Mem:208.62M, Peak:208.62M | Scene, ViewLayer | Updating Geometry BVH W23_s00_mesh 152/1281 | Building BVH
Fra:1 Mem:618.63M (Peak 618.80M) | Time:00:02.11 | Mem:208.63M, Peak:208.63M | Scene, ViewLayer | Updating Geometry BVH W23_s01_mesh 153/1281 | Building BVH
Fra:1 Mem:618.63M (Peak 618.80M) | Time:00:02.11 | Mem:208.64M, Peak:208.64M | Scene, ViewLayer | Updating Geometry BVH W23_s02_mesh 154/1281 | Building BVH
Fra:1 Mem:618.63M (Peak 618.80M) | Time:00:02.11 | Mem:219.98M, Peak:219.98M | Scene, ViewLayer | Updating Geometry BVH W23_s03_mesh 155/1281 | Building BVH
Fra:1 Mem:618.63M (Peak 618.80M) | Time:00:02.11 | Mem:219.98M, Peak:219.98M | Scene, ViewLayer | Updating Geometry BVH W24_s00_mesh 156/1281 | Building BVH
Fra:1 Mem:618.63M (Peak 618.80M) | Time:00:02.11 | Mem:219.98M, Peak:219.98M | Scene, ViewLayer | Updating Geometry BVH W25_s00_mesh 157/1281 | Building BVH
Fra:1 Mem:618.63M (Peak 618.80M) | Time:00:02.11 | Mem:219.99M, Peak:219.99M | Scene, ViewLayer | Updating Geometry BVH W26_s00_mesh 158/1281 | Building BVH
Fra:1 Mem:618.63M (Peak 618.80M) | Time:00:02.11 | Mem:220.01M, Peak:220.01M | Scene, ViewLayer | Updating Geometry BVH W27_s00_mesh 159/1281 | Building BVH
Fra:1 Mem:618.63M (Peak 618.80M) | Time:00:02.11 | Mem:220.02M, Peak:220.02M | Scene, ViewLayer | Updating Geometry BVH W27_s01_mesh 160/1281 | Building BVH
Fra:1 Mem:618.63M (Peak 618.80M) | Time:00:02.11 | Mem:220.04M, Peak:220.04M | Scene, ViewLayer | Updating Geometry BVH W27_s02_mesh 161/1281 | Building BVH
Fra:1 Mem:618.63M (Peak 618.80M) | Time:00:02.11 | Mem:220.04M, Peak:220.04M | Scene, ViewLayer | Updating Geometry BVH W28_s00_mesh 162/1281 | Building BVH
Fra:1 Mem:618.63M (Peak 618.80M) | Time:00:02.11 | Mem:220.04M, Peak:220.04M | Scene, ViewLayer | Updating Geometry BVH W29_s00_mesh 163/1281 | Building BVH
Fra:1 Mem:618.63M (Peak 618.80M) | Time:00:02.11 | Mem:220.04M, Peak:220.04M | Scene, ViewLayer | Updating Geometry BVH win_W01_0bot_mesh 164/1281 | Building BVH
Fra:1 Mem:618.63M (Peak 618.80M) | Time:00:02.11 | Mem:220.06M, Peak:220.06M | Scene, ViewLayer | Updating Geometry BVH win_W01_0top_mesh 165/1281 | Building BVH
Fra:1 Mem:618.63M (Peak 618.80M) | Time:00:02.11 | Mem:220.09M, Peak:220.09M | Scene, ViewLayer | Updating Geometry BVH A_living_dining_balcony_lounge_chair_01_arm0_mesh 1273/1281 | Building BVH
Fra:1 Mem:618.63M (Peak 618.80M) | Time:00:02.11 | Mem:220.09M, Peak:220.09M | Scene, ViewLayer | Updating Geometry BVH win_W01_0lft_mesh 166/1281 | Building BVH
Fra:1 Mem:618.63M (Peak 618.80M) | Time:00:02.11 | Mem:220.13M, Peak:220.13M | Scene, ViewLayer | Updating Geometry BVH win_W01_0glass_mesh 169/1281 | Building BVH
Fra:1 Mem:618.63M (Peak 618.80M) | Time:00:02.11 | Mem:220.13M, Peak:220.13M | Scene, ViewLayer | Updating Geometry BVH win_W01_0mul1_mesh 168/1281 | Building BVH
Fra:1 Mem:618.63M (Peak 618.80M) | Time:00:02.11 | Mem:220.13M, Peak:220.13M | Scene, ViewLayer | Updating Geometry BVH win_W02_0bot_mesh 170/1281 | Building BVH
Fra:1 Mem:618.63M (Peak 618.80M) | Time:00:02.11 | Mem:220.14M, Peak:220.14M | Scene, ViewLayer | Updating Geometry BVH win_W02_0top_mesh 171/1281 | Building BVH
Fra:1 Mem:618.63M (Peak 618.80M) | Time:00:02.11 | Mem:220.14M, Peak:220.14M | Scene, ViewLayer | Updating Geometry BVH win_W02_0lft_mesh 172/1281 | Building BVH
Fra:1 Mem:618.63M (Peak 618.80M) | Time:00:02.11 | Mem:220.15M, Peak:220.15M | Scene, ViewLayer | Updating Geometry BVH win_W02_0rgt_mesh 173/1281 | Building BVH
Fra:1 Mem:618.63M (Peak 618.80M) | Time:00:02.11 | Mem:220.15M, Peak:220.15M | Scene, ViewLayer | Updating Geometry BVH win_W02_0glass_mesh 174/1281 | Building BVH
Fra:1 Mem:618.63M (Peak 618.80M) | Time:00:02.11 | Mem:220.16M, Peak:220.16M | Scene, ViewLayer | Updating Geometry BVH win_W05_0bot_mesh 175/1281 | Building BVH
Fra:1 Mem:618.63M (Peak 618.80M) | Time:00:02.11 | Mem:220.16M, Peak:220.16M | Scene, ViewLayer | Updating Geometry BVH win_W05_0top_mesh 176/1281 | Building BVH
Fra:1 Mem:618.63M (Peak 618.80M) | Time:00:02.11 | Mem:220.16M, Peak:220.16M | Scene, ViewLayer | Updating Geometry BVH win_W05_0rgt_mesh 178/1281 | Building BVH
Fra:1 Mem:618.63M (Peak 618.80M) | Time:00:02.11 | Mem:220.16M, Peak:220.16M | Scene, ViewLayer | Updating Geometry BVH win_W05_0glass_mesh 179/1281 | Building BVH
Fra:1 Mem:618.63M (Peak 618.80M) | Time:00:02.11 | Mem:220.18M, Peak:220.18M | Scene, ViewLayer | Updating Geometry BVH win_W06_0bot_mesh 180/1281 | Building BVH
Fra:1 Mem:618.63M (Peak 618.80M) | Time:00:02.11 | Mem:220.22M, Peak:220.22M | Scene, ViewLayer | Updating Geometry BVH win_W06_0top_mesh 181/1281 | Building BVH
Fra:1 Mem:618.64M (Peak 618.80M) | Time:00:02.11 | Mem:220.22M, Peak:220.22M | Scene, ViewLayer | Updating Geometry BVH win_W06_0lft_mesh 182/1281 | Building BVH
Fra:1 Mem:618.64M (Peak 618.80M) | Time:00:02.11 | Mem:234.37M, Peak:234.37M | Scene, ViewLayer | Updating Geometry BVH win_W06_0rgt_mesh 183/1281 | Building BVH
Fra:1 Mem:618.64M (Peak 618.80M) | Time:00:02.11 | Mem:234.38M, Peak:234.38M | Scene, ViewLayer | Updating Geometry BVH win_W06_0mul1_mesh 184/1281 | Building BVH
Fra:1 Mem:618.64M (Peak 618.80M) | Time:00:02.11 | Mem:234.39M, Peak:234.39M | Scene, ViewLayer | Updating Geometry BVH win_W10_0bot_mesh 186/1281 | Building BVH
Fra:1 Mem:618.64M (Peak 618.80M) | Time:00:02.11 | Mem:234.42M, Peak:234.42M | Scene, ViewLayer | Updating Geometry BVH win_W10_0top_mesh 187/1281 | Building BVH
Fra:1 Mem:618.64M (Peak 618.80M) | Time:00:02.11 | Mem:234.42M, Peak:234.42M | Scene, ViewLayer | Updating Geometry BVH win_W10_0rgt_mesh 189/1281 | Building BVH
Fra:1 Mem:618.64M (Peak 618.80M) | Time:00:02.11 | Mem:234.42M, Peak:234.42M | Scene, ViewLayer | Updating Geometry BVH win_W10_0glass_mesh 190/1281 | Building BVH
Fra:1 Mem:618.64M (Peak 618.80M) | Time:00:02.11 | Mem:234.43M, Peak:234.43M | Scene, ViewLayer | Updating Geometry BVH win_W18_0bot_mesh 191/1281 | Building BVH
Fra:1 Mem:618.64M (Peak 618.80M) | Time:00:02.11 | Mem:234.44M, Peak:234.44M | Scene, ViewLayer | Updating Geometry BVH win_W18_0top_mesh 192/1281 | Building BVH
Fra:1 Mem:618.64M (Peak 618.80M) | Time:00:02.11 | Mem:234.45M, Peak:234.45M | Scene, ViewLayer | Updating Geometry BVH A_living_dining_balcony_lounge_chair_01_leg3_mesh 1272/1281 | Building BVH
Fra:1 Mem:618.64M (Peak 618.80M) | Time:00:02.11 | Mem:234.47M, Peak:234.47M | Scene, ViewLayer | Updating Geometry BVH win_W18_0lft_mesh 193/1281 | Building BVH
Fra:1 Mem:618.64M (Peak 618.80M) | Time:00:02.11 | Mem:234.49M, Peak:234.49M | Scene, ViewLayer | Updating Geometry BVH win_W18_0rgt_mesh 194/1281 | Building BVH
Fra:1 Mem:618.64M (Peak 618.80M) | Time:00:02.11 | Mem:234.49M, Peak:234.49M | Scene, ViewLayer | Updating Geometry BVH win_W18_0mul1_mesh 195/1281 | Building BVH
Fra:1 Mem:618.64M (Peak 618.80M) | Time:00:02.11 | Mem:234.51M, Peak:234.51M | Scene, ViewLayer | Updating Geometry BVH win_W18_0mul2_mesh 196/1281 | Building BVH
Fra:1 Mem:618.64M (Peak 618.80M) | Time:00:02.11 | Mem:234.51M, Peak:234.51M | Scene, ViewLayer | Updating Geometry BVH win_W18_0mul3_mesh 197/1281 | Building BVH
Fra:1 Mem:618.64M (Peak 618.80M) | Time:00:02.11 | Mem:234.51M, Peak:234.51M | Scene, ViewLayer | Updating Geometry BVH win_W18_0glass_mesh 198/1281 | Building BVH
Fra:1 Mem:618.64M (Peak 618.80M) | Time:00:02.11 | Mem:234.54M, Peak:234.54M | Scene, ViewLayer | Updating Geometry BVH win_W23_0bot_mesh 199/1281 | Building BVH
Fra:1 Mem:618.64M (Peak 618.80M) | Time:00:02.11 | Mem:234.57M, Peak:234.57M | Scene, ViewLayer | Updating Geometry BVH win_W23_0top_mesh 200/1281 | Building BVH
Fra:1 Mem:618.64M (Peak 618.80M) | Time:00:02.11 | Mem:234.57M, Peak:234.57M | Scene, ViewLayer | Updating Geometry BVH win_W23_0lft_mesh 201/1281 | Building BVH
Fra:1 Mem:618.64M (Peak 618.80M) | Time:00:02.11 | Mem:234.57M, Peak:234.57M | Scene, ViewLayer | Updating Geometry BVH win_W23_0rgt_mesh 202/1281 | Building BVH
Fra:1 Mem:618.64M (Peak 618.80M) | Time:00:02.11 | Mem:234.57M, Peak:234.57M | Scene, ViewLayer | Updating Geometry BVH win_W23_0mul1_mesh 203/1281 | Building BVH
Fra:1 Mem:618.64M (Peak 618.80M) | Time:00:02.11 | Mem:234.57M, Peak:234.57M | Scene, ViewLayer | Updating Geometry BVH win_W23_0glass_mesh 204/1281 | Building BVH
Fra:1 Mem:618.64M (Peak 618.80M) | Time:00:02.11 | Mem:234.62M, Peak:234.62M | Scene, ViewLayer | Updating Geometry BVH door_W07_0jlfto_mesh 205/1281 | Building BVH
Fra:1 Mem:618.64M (Peak 618.80M) | Time:00:02.11 | Mem:234.62M, Peak:234.62M | Scene, ViewLayer | Updating Geometry BVH door_W07_0jlfti_mesh 206/1281 | Building BVH
Fra:1 Mem:618.64M (Peak 618.80M) | Time:00:02.11 | Mem:234.62M, Peak:234.62M | Scene, ViewLayer | Updating Geometry BVH door_W07_0jrgto_mesh 207/1281 | Building BVH
Fra:1 Mem:618.64M (Peak 618.80M) | Time:00:02.11 | Mem:234.62M, Peak:234.62M | Scene, ViewLayer | Updating Geometry BVH door_W07_0jrgti_mesh 208/1281 | Building BVH
Fra:1 Mem:618.64M (Peak 618.80M) | Time:00:02.11 | Mem:234.63M, Peak:234.63M | Scene, ViewLayer | Updating Geometry BVH door_W07_0jtopo_mesh 209/1281 | Building BVH
Fra:1 Mem:618.64M (Peak 618.80M) | Time:00:02.11 | Mem:234.65M, Peak:234.65M | Scene, ViewLayer | Updating Geometry BVH door_W07_0jtopi_mesh 210/1281 | Building BVH
Fra:1 Mem:618.64M (Peak 618.80M) | Time:00:02.11 | Mem:234.66M, Peak:234.66M | Scene, ViewLayer | Updating Geometry BVH A_living_dining_balcony_lounge_chair_01_leg2_mesh 1271/1281 | Building BVH
Fra:1 Mem:618.64M (Peak 618.80M) | Time:00:02.11 | Mem:234.66M, Peak:234.66M | Scene, ViewLayer | Updating Geometry BVH door_W07_0lin_l_mesh 211/1281 | Building BVH
Fra:1 Mem:618.64M (Peak 618.80M) | Time:00:02.11 | Mem:234.66M, Peak:234.66M | Scene, ViewLayer | Updating Geometry BVH door_W07_0lin_r_mesh 212/1281 | Building BVH
Fra:1 Mem:618.64M (Peak 618.80M) | Time:00:02.11 | Mem:234.67M, Peak:234.67M | Scene, ViewLayer | Updating Geometry BVH door_W07_0lin_t_mesh 213/1281 | Building BVH
Fra:1 Mem:618.64M (Peak 618.80M) | Time:00:02.11 | Mem:234.67M, Peak:234.67M | Scene, ViewLayer | Updating Geometry BVH door_W07_0leaf_mesh 214/1281 | Building BVH
Fra:1 Mem:618.64M (Peak 618.80M) | Time:00:02.11 | Mem:234.67M, Peak:234.67M | Scene, ViewLayer | Updating Geometry BVH door_W07_0hdl_mesh 215/1281 | Building BVH
Fra:1 Mem:618.64M (Peak 618.80M) | Time:00:02.11 | Mem:234.67M, Peak:234.67M | Scene, ViewLayer | Updating Geometry BVH door_W08_0jlfti_mesh 217/1281 | Building BVH
Fra:1 Mem:618.64M (Peak 618.80M) | Time:00:02.11 | Mem:234.74M, Peak:234.74M | Scene, ViewLayer | Updating Geometry BVH door_W08_0jrgto_mesh 218/1281 | Building BVH
Fra:1 Mem:618.64M (Peak 618.80M) | Time:00:02.11 | Mem:234.74M, Peak:234.74M | Scene, ViewLayer | Updating Geometry BVH door_W08_0jrgti_mesh 219/1281 | Building BVH
Fra:1 Mem:618.64M (Peak 618.80M) | Time:00:02.11 | Mem:234.76M, Peak:234.76M | Scene, ViewLayer | Updating Geometry BVH door_W08_0jtopo_mesh 220/1281 | Building BVH
Fra:1 Mem:618.64M (Peak 618.80M) | Time:00:02.11 | Mem:234.76M, Peak:234.76M | Scene, ViewLayer | Updating Geometry BVH door_W08_0jtopi_mesh 221/1281 | Building BVH
Fra:1 Mem:618.64M (Peak 618.80M) | Time:00:02.11 | Mem:234.76M, Peak:234.76M | Scene, ViewLayer | Updating Geometry BVH A_living_dining_balcony_lounge_chair_01_leg1_mesh 1270/1281 | Building BVH
Fra:1 Mem:618.64M (Peak 618.80M) | Time:00:02.11 | Mem:234.76M, Peak:234.76M | Scene, ViewLayer | Updating Geometry BVH door_W08_0lin_l_mesh 222/1281 | Building BVH
Fra:1 Mem:618.64M (Peak 618.80M) | Time:00:02.11 | Mem:234.78M, Peak:234.78M | Scene, ViewLayer | Updating Geometry BVH door_W08_0lin_r_mesh 223/1281 | Building BVH
Fra:1 Mem:618.64M (Peak 618.80M) | Time:00:02.11 | Mem:234.80M, Peak:234.81M | Scene, ViewLayer | Updating Geometry BVH door_W08_0lin_t_mesh 224/1281 | Building BVH
Fra:1 Mem:618.64M (Peak 618.80M) | Time:00:02.11 | Mem:234.80M, Peak:234.81M | Scene, ViewLayer | Updating Geometry BVH door_W08_0lft_mesh 225/1281 | Building BVH
Fra:1 Mem:618.64M (Peak 618.80M) | Time:00:02.11 | Mem:234.80M, Peak:234.81M | Scene, ViewLayer | Updating Geometry BVH door_W08_0bot_mesh 228/1281 | Building BVH
Fra:1 Mem:618.64M (Peak 618.80M) | Time:00:02.11 | Mem:234.81M, Peak:234.81M | Scene, ViewLayer | Updating Geometry BVH door_W08_0fglass_mesh 229/1281 | Building BVH
Fra:1 Mem:618.64M (Peak 618.80M) | Time:00:02.11 | Mem:234.82M, Peak:234.82M | Scene, ViewLayer | Updating Geometry BVH door_W08_0hdl_mesh 230/1281 | Building BVH
Fra:1 Mem:618.64M (Peak 618.80M) | Time:00:02.12 | Mem:254.35M, Peak:254.35M | Scene, ViewLayer | Updating Geometry BVH door_W13_0jlfto_mesh 231/1281 | Building BVH
Fra:1 Mem:618.64M (Peak 618.80M) | Time:00:02.12 | Mem:254.36M, Peak:254.36M | Scene, ViewLayer | Updating Geometry BVH door_W13_0jlfti_mesh 232/1281 | Building BVH
Fra:1 Mem:618.64M (Peak 618.80M) | Time:00:02.12 | Mem:254.36M, Peak:254.36M | Scene, ViewLayer | Updating Geometry BVH door_W13_0jtopo_mesh 235/1281 | Building BVH
Fra:1 Mem:618.64M (Peak 618.80M) | Time:00:02.12 | Mem:254.36M, Peak:254.36M | Scene, ViewLayer | Updating Geometry BVH door_W13_0jtopi_mesh 236/1281 | Building BVH
Fra:1 Mem:618.64M (Peak 618.80M) | Time:00:02.12 | Mem:254.40M, Peak:254.40M | Scene, ViewLayer | Updating Geometry BVH door_W13_0lin_l_mesh 237/1281 | Building BVH
Fra:1 Mem:618.64M (Peak 618.80M) | Time:00:02.12 | Mem:254.42M, Peak:254.42M | Scene, ViewLayer | Updating Geometry BVH door_W13_0lin_r_mesh 238/1281 | Building BVH
Fra:1 Mem:618.64M (Peak 618.80M) | Time:00:02.12 | Mem:254.42M, Peak:254.42M | Scene, ViewLayer | Updating Geometry BVH door_W13_0lin_t_mesh 239/1281 | Building BVH
Fra:1 Mem:618.64M (Peak 618.80M) | Time:00:02.12 | Mem:254.42M, Peak:254.42M | Scene, ViewLayer | Updating Geometry BVH A_living_dining_balcony_lounge_chair_01_back_mesh 1268/1281 | Building BVH
Fra:1 Mem:618.64M (Peak 618.80M) | Time:00:02.12 | Mem:254.42M, Peak:254.42M | Scene, ViewLayer | Updating Geometry BVH door_W13_0leaf_mesh 240/1281 | Building BVH
Fra:1 Mem:618.64M (Peak 618.80M) | Time:00:02.12 | Mem:254.42M, Peak:254.42M | Scene, ViewLayer | Updating Geometry BVH door_W14_0jlfto_mesh 242/1281 | Building BVH
Fra:1 Mem:618.64M (Peak 618.80M) | Time:00:02.12 | Mem:254.42M, Peak:254.42M | Scene, ViewLayer | Updating Geometry BVH door_W14_0jlfti_mesh 243/1281 | Building BVH
Fra:1 Mem:618.64M (Peak 618.80M) | Time:00:02.12 | Mem:254.43M, Peak:254.43M | Scene, ViewLayer | Updating Geometry BVH door_W14_0jrgto_mesh 244/1281 | Building BVH
Fra:1 Mem:618.64M (Peak 618.80M) | Time:00:02.12 | Mem:254.43M, Peak:254.43M | Scene, ViewLayer | Updating Geometry BVH door_W14_0jrgti_mesh 245/1281 | Building BVH
Fra:1 Mem:618.64M (Peak 618.80M) | Time:00:02.12 | Mem:254.44M, Peak:254.44M | Scene, ViewLayer | Updating Geometry BVH door_W14_0jtopo_mesh 246/1281 | Building BVH
Fra:1 Mem:618.64M (Peak 618.80M) | Time:00:02.12 | Mem:254.52M, Peak:254.52M | Scene, ViewLayer | Updating Geometry BVH door_W14_0jtopi_mesh 247/1281 | Building BVH
Fra:1 Mem:618.64M (Peak 618.80M) | Time:00:02.12 | Mem:254.52M, Peak:254.52M | Scene, ViewLayer | Updating Geometry BVH door_W14_0lin_l_mesh 248/1281 | Building BVH
Fra:1 Mem:618.64M (Peak 618.80M) | Time:00:02.12 | Mem:254.52M, Peak:254.52M | Scene, ViewLayer | Updating Geometry BVH door_W14_0lin_r_mesh 249/1281 | Building BVH
Fra:1 Mem:618.64M (Peak 618.80M) | Time:00:02.12 | Mem:254.53M, Peak:254.53M | Scene, ViewLayer | Updating Geometry BVH door_W14_0leaf_mesh 251/1281 | Building BVH
Fra:1 Mem:618.64M (Peak 618.80M) | Time:00:02.12 | Mem:254.53M, Peak:254.53M | Scene, ViewLayer | Updating Geometry BVH door_W14_0hdl_mesh 252/1281 | Building BVH
Fra:1 Mem:618.64M (Peak 618.80M) | Time:00:02.12 | Mem:254.56M, Peak:254.56M | Scene, ViewLayer | Updating Geometry BVH door_W14_1jlfto_mesh 253/1281 | Building BVH
Fra:1 Mem:618.64M (Peak 618.80M) | Time:00:02.12 | Mem:254.57M, Peak:254.57M | Scene, ViewLayer | Updating Geometry BVH door_W14_1jlfti_mesh 254/1281 | Building BVH
Fra:1 Mem:618.64M (Peak 618.80M) | Time:00:02.12 | Mem:254.57M, Peak:254.57M | Scene, ViewLayer | Updating Geometry BVH door_W14_1jrgto_mesh 255/1281 | Building BVH
Fra:1 Mem:618.64M (Peak 618.80M) | Time:00:02.12 | Mem:254.57M, Peak:254.57M | Scene, ViewLayer | Updating Geometry BVH door_W14_1jrgti_mesh 256/1281 | Building BVH
Fra:1 Mem:618.64M (Peak 618.80M) | Time:00:02.12 | Mem:254.57M, Peak:254.57M | Scene, ViewLayer | Updating Geometry BVH door_W14_1jtopo_mesh 257/1281 | Building BVH
Fra:1 Mem:618.64M (Peak 618.80M) | Time:00:02.12 | Mem:254.57M, Peak:254.57M | Scene, ViewLayer | Updating Geometry BVH door_W14_1jtopi_mesh 258/1281 | Building BVH
Fra:1 Mem:618.64M (Peak 618.80M) | Time:00:02.12 | Mem:254.57M, Peak:254.57M | Scene, ViewLayer | Updating Geometry BVH door_W14_1lin_t_mesh 261/1281 | Building BVH
Fra:1 Mem:618.64M (Peak 618.80M) | Time:00:02.12 | Mem:254.57M, Peak:254.57M | Scene, ViewLayer | Updating Geometry BVH A_living_dining_balcony_lounge_chair_01_seat_mesh 1267/1281 | Building BVH
Fra:1 Mem:618.64M (Peak 618.80M) | Time:00:02.12 | Mem:254.61M, Peak:254.61M | Scene, ViewLayer | Updating Geometry BVH door_W14_1lft_mesh 262/1281 | Building BVH
Fra:1 Mem:618.64M (Peak 618.80M) | Time:00:02.12 | Mem:254.61M, Peak:254.61M | Scene, ViewLayer | Updating Geometry BVH door_W14_1rgt_mesh 263/1281 | Building BVH
Fra:1 Mem:618.64M (Peak 618.80M) | Time:00:02.12 | Mem:254.66M, Peak:254.66M | Scene, ViewLayer | Updating Geometry BVH door_W14_1top_mesh 264/1281 | Building BVH
Fra:1 Mem:618.64M (Peak 618.80M) | Time:00:02.12 | Mem:254.66M, Peak:254.66M | Scene, ViewLayer | Updating Geometry BVH door_W14_1bot_mesh 265/1281 | Building BVH
Fra:1 Mem:618.64M (Peak 618.80M) | Time:00:02.12 | Mem:254.66M, Peak:254.66M | Scene, ViewLayer | Updating Geometry BVH door_W14_1fglass_mesh 266/1281 | Building BVH
Fra:1 Mem:618.64M (Peak 618.80M) | Time:00:02.12 | Mem:254.67M, Peak:254.67M | Scene, ViewLayer | Updating Geometry BVH door_W14_1hdl_mesh 267/1281 | Building BVH
Fra:1 Mem:618.64M (Peak 618.80M) | Time:00:02.12 | Mem:254.68M, Peak:254.69M | Scene, ViewLayer | Updating Geometry BVH door_W15_0jlfto_mesh 268/1281 | Building BVH
Fra:1 Mem:618.64M (Peak 618.80M) | Time:00:02.12 | Mem:254.70M, Peak:254.70M | Scene, ViewLayer | Updating Geometry BVH door_W15_0jlfti_mesh 269/1281 | Building BVH
Fra:1 Mem:618.64M (Peak 618.80M) | Time:00:02.12 | Mem:254.71M, Peak:254.71M | Scene, ViewLayer | Updating Geometry BVH door_W15_0jrgto_mesh 270/1281 | Building BVH
Fra:1 Mem:618.64M (Peak 618.80M) | Time:00:02.12 | Mem:254.71M, Peak:254.71M | Scene, ViewLayer | Updating Geometry BVH door_W15_0jrgti_mesh 271/1281 | Building BVH
Fra:1 Mem:618.64M (Peak 618.80M) | Time:00:02.12 | Mem:254.72M, Peak:254.72M | Scene, ViewLayer | Updating Geometry BVH door_W15_0jtopo_mesh 272/1281 | Building BVH
Fra:1 Mem:618.64M (Peak 618.80M) | Time:00:02.12 | Mem:254.72M, Peak:254.72M | Scene, ViewLayer | Updating Geometry BVH door_W15_0jtopi_mesh 273/1281 | Building BVH
Fra:1 Mem:618.64M (Peak 618.80M) | Time:00:02.12 | Mem:254.76M, Peak:254.76M | Scene, ViewLayer | Updating Geometry BVH door_W15_0lin_l_mesh 274/1281 | Building BVH
Fra:1 Mem:618.64M (Peak 618.80M) | Time:00:02.12 | Mem:254.76M, Peak:254.76M | Scene, ViewLayer | Updating Geometry BVH door_W15_0lin_t_mesh 276/1281 | Building BVH
Fra:1 Mem:618.64M (Peak 618.80M) | Time:00:02.12 | Mem:254.76M, Peak:254.76M | Scene, ViewLayer | Updating Geometry BVH door_W15_0lin_r_mesh 275/1281 | Building BVH
Fra:1 Mem:618.64M (Peak 618.80M) | Time:00:02.12 | Mem:254.76M, Peak:254.76M | Scene, ViewLayer | Updating Geometry BVH A_living_dining_balcony_floor_lamp_01_shade_mesh 1266/1281 | Building BVH
Fra:1 Mem:618.64M (Peak 618.80M) | Time:00:02.12 | Mem:254.78M, Peak:254.78M | Scene, ViewLayer | Updating Geometry BVH door_W15_0_bot_mesh 277/1281 | Building BVH
Fra:1 Mem:618.64M (Peak 618.80M) | Time:00:02.12 | Mem:254.79M, Peak:254.79M | Scene, ViewLayer | Updating Geometry BVH door_W15_0_top_mesh 278/1281 | Building BVH
Fra:1 Mem:618.64M (Peak 618.80M) | Time:00:02.12 | Mem:254.79M, Peak:254.79M | Scene, ViewLayer | Updating Geometry BVH door_W15_0_lft_mesh 279/1281 | Building BVH
Fra:1 Mem:618.64M (Peak 618.80M) | Time:00:02.12 | Mem:254.79M, Peak:254.79M | Scene, ViewLayer | Updating Geometry BVH door_W15_0_rgt_mesh 280/1281 | Building BVH
Fra:1 Mem:618.64M (Peak 618.80M) | Time:00:02.12 | Mem:254.81M, Peak:254.81M | Scene, ViewLayer | Updating Geometry BVH door_W15_0_glass_mesh 281/1281 | Building BVH
Fra:1 Mem:618.64M (Peak 618.80M) | Time:00:02.12 | Mem:254.87M, Peak:254.88M | Scene, ViewLayer | Updating Geometry BVH door_W15_1_bot_mesh 282/1281 | Building BVH
Fra:1 Mem:618.64M (Peak 618.80M) | Time:00:02.12 | Mem:279.20M, Peak:279.20M | Scene, ViewLayer | Updating Geometry BVH A_living_dining_balcony_floor_lamp_01_arc 1265/1281 | Building BVH
Fra:1 Mem:618.64M (Peak 618.80M) | Time:00:02.12 | Mem:279.20M, Peak:279.20M | Scene, ViewLayer | Updating Geometry BVH door_W15_1_top_mesh 283/1281 | Building BVH
Fra:1 Mem:618.64M (Peak 618.80M) | Time:00:02.12 | Mem:279.23M, Peak:279.23M | Scene, ViewLayer | Updating Geometry BVH door_W15_1_lft_mesh 284/1281 | Building BVH
Fra:1 Mem:618.64M (Peak 618.80M) | Time:00:02.12 | Mem:279.24M, Peak:279.24M | Scene, ViewLayer | Updating Geometry BVH door_W15_1_rgt_mesh 285/1281 | Building BVH
Fra:1 Mem:618.64M (Peak 618.80M) | Time:00:02.13 | Mem:279.25M, Peak:279.25M | Scene, ViewLayer | Updating Geometry BVH door_W15_1_glass_mesh 286/1281 | Building BVH
Fra:1 Mem:618.64M (Peak 618.80M) | Time:00:02.13 | Mem:279.26M, Peak:279.26M | Scene, ViewLayer | Updating Geometry BVH door_W17_0jlfto_mesh 287/1281 | Building BVH
Fra:1 Mem:618.64M (Peak 618.80M) | Time:00:02.13 | Mem:279.35M, Peak:279.35M | Scene, ViewLayer | Updating Geometry BVH door_W17_0jlfti_mesh 288/1281 | Building BVH
Fra:1 Mem:618.64M (Peak 618.80M) | Time:00:02.13 | Mem:279.33M, Peak:279.36M | Scene, ViewLayer | Updating Geometry BVH A_living_dining_balcony_floor_lamp_01_base_mesh 1264/1281 | Building BVH
Fra:1 Mem:618.64M (Peak 618.80M) | Time:00:02.13 | Mem:279.35M, Peak:279.36M | Scene, ViewLayer | Updating Geometry BVH A_living_dining_balcony_tv_01_screen_mesh 1263/1281 | Building BVH
Fra:1 Mem:618.64M (Peak 618.80M) | Time:00:02.13 | Mem:279.36M, Peak:279.37M | Scene, ViewLayer | Updating Geometry BVH A_living_dining_balcony_rug_01_border3_mesh 1262/1281 | Building BVH
Fra:1 Mem:618.64M (Peak 618.80M) | Time:00:02.13 | Mem:279.37M, Peak:279.37M | Scene, ViewLayer | Updating Geometry BVH A_living_dining_balcony_rug_01_border2_mesh 1261/1281 | Building BVH
Fra:1 Mem:618.64M (Peak 618.80M) | Time:00:02.13 | Mem:279.38M, Peak:279.38M | Scene, ViewLayer | Updating Geometry BVH A_living_dining_balcony_rug_01_border1_mesh 1260/1281 | Building BVH
Fra:1 Mem:618.64M (Peak 618.80M) | Time:00:02.13 | Mem:279.39M, Peak:279.39M | Scene, ViewLayer | Updating Geometry BVH A_living_dining_balcony_rug_01_border0_mesh 1259/1281 | Building BVH
Fra:1 Mem:618.64M (Peak 618.80M) | Time:00:02.14 | Mem:279.40M, Peak:279.40M | Scene, ViewLayer | Updating Geometry BVH A_living_dining_balcony_rug_01_pile_mesh 1258/1281 | Building BVH
Fra:1 Mem:618.64M (Peak 618.80M) | Time:00:02.14 | Mem:279.41M, Peak:279.41M | Scene, ViewLayer | Updating Geometry BVH A_living_dining_balcony_coffee_table_01_leg2_mesh 1257/1281 | Building BVH
Fra:1 Mem:618.64M (Peak 618.80M) | Time:00:02.14 | Mem:279.42M, Peak:279.42M | Scene, ViewLayer | Updating Geometry BVH A_living_dining_balcony_coffee_table_01_leg1_mesh 1256/1281 | Building BVH
Fra:1 Mem:618.64M (Peak 618.80M) | Time:00:02.14 | Mem:279.43M, Peak:279.43M | Scene, ViewLayer | Updating Geometry BVH A_living_dining_balcony_coffee_table_01_leg0_mesh 1255/1281 | Building BVH
Fra:1 Mem:618.64M (Peak 618.80M) | Time:00:02.14 | Mem:279.44M, Peak:279.44M | Scene, ViewLayer | Updating Geometry BVH A_living_dining_balcony_coffee_table_01_top_mesh 1254/1281 | Building BVH
Fra:1 Mem:618.64M (Peak 618.80M) | Time:00:02.14 | Mem:279.45M, Peak:279.45M | Scene, ViewLayer | Updating Geometry BVH A_living_dining_balcony_ottoman_01_base_mesh 1253/1281 | Building BVH
Fra:1 Mem:618.64M (Peak 618.80M) | Time:00:02.15 | Mem:279.46M, Peak:279.46M | Scene, ViewLayer | Updating Geometry BVH A_living_dining_balcony_ottoman_01_pad_mesh 1252/1281 | Building BVH
Fra:1 Mem:618.64M (Peak 618.80M) | Time:00:02.15 | Mem:279.48M, Peak:279.48M | Scene, ViewLayer | Updating Geometry BVH A_living_dining_balcony_sofa_01_pillow_brick_mesh 1251/1281 | Building BVH
Fra:1 Mem:618.64M (Peak 618.80M) | Time:00:02.15 | Mem:279.49M, Peak:279.49M | Scene, ViewLayer | Updating Geometry BVH A_living_dining_balcony_sofa_01_pillow_olive_mesh 1250/1281 | Building BVH
Fra:1 Mem:618.64M (Peak 618.80M) | Time:00:02.15 | Mem:279.51M, Peak:279.51M | Scene, ViewLayer | Updating Geometry BVH A_living_dining_balcony_sofa_01_arm1_mesh 1249/1281 | Building BVH
Fra:1 Mem:618.64M (Peak 618.80M) | Time:00:02.15 | Mem:279.52M, Peak:279.53M | Scene, ViewLayer | Updating Geometry BVH A_living_dining_balcony_sofa_01_arm0_mesh 1248/1281 | Building BVH
Fra:1 Mem:618.64M (Peak 618.80M) | Time:00:02.15 | Mem:279.54M, Peak:279.54M | Scene, ViewLayer | Updating Geometry BVH A_living_dining_balcony_sofa_01_seat2_mesh 1247/1281 | Building BVH
Fra:1 Mem:618.64M (Peak 618.80M) | Time:00:02.16 | Mem:279.55M, Peak:279.56M | Scene, ViewLayer | Updating Geometry BVH A_living_dining_balcony_sofa_01_seat1_mesh 1246/1281 | Building BVH
Fra:1 Mem:618.64M (Peak 618.80M) | Time:00:02.16 | Mem:279.57M, Peak:279.57M | Scene, ViewLayer | Updating Geometry BVH A_living_dining_balcony_sofa_01_seat0_mesh 1245/1281 | Building BVH
Fra:1 Mem:618.64M (Peak 618.80M) | Time:00:02.17 | Mem:279.59M, Peak:279.59M | Scene, ViewLayer | Updating Geometry BVH A_living_dining_balcony_sofa_01_back2_mesh 1244/1281 | Building BVH
Fra:1 Mem:618.64M (Peak 618.80M) | Time:00:02.21 | Mem:279.60M, Peak:279.60M | Scene, ViewLayer | Updating Geometry BVH A_living_dining_balcony_sofa_01_back1_mesh 1243/1281 | Building BVH
Fra:1 Mem:618.64M (Peak 618.80M) | Time:00:02.22 | Mem:279.62M, Peak:279.62M | Scene, ViewLayer | Updating Geometry BVH A_living_dining_balcony_sofa_01_back0_mesh 1242/1281 | Building BVH
Fra:1 Mem:618.64M (Peak 618.80M) | Time:00:02.22 | Mem:279.63M, Peak:279.64M | Scene, ViewLayer | Updating Geometry BVH A_living_dining_balcony_sofa_01_leg3_mesh 1241/1281 | Building BVH
Fra:1 Mem:618.64M (Peak 618.80M) | Time:00:02.23 | Mem:279.64M, Peak:279.64M | Scene, ViewLayer | Updating Geometry BVH A_living_dining_balcony_sofa_01_leg2_mesh 1240/1281 | Building BVH
Fra:1 Mem:618.64M (Peak 618.80M) | Time:00:02.23 | Mem:279.65M, Peak:279.65M | Scene, ViewLayer | Updating Geometry BVH A_living_dining_balcony_sofa_01_leg1_mesh 1239/1281 | Building BVH
Fra:1 Mem:618.64M (Peak 618.80M) | Time:00:02.23 | Mem:279.66M, Peak:279.66M | Scene, ViewLayer | Updating Geometry BVH A_living_dining_balcony_sofa_01_leg0_mesh 1238/1281 | Building BVH
Fra:1 Mem:618.64M (Peak 618.80M) | Time:00:02.23 | Mem:279.67M, Peak:279.67M | Scene, ViewLayer | Updating Geometry BVH A_living_dining_balcony_sofa_01_base_mesh 1237/1281 | Building BVH
Fra:1 Mem:618.64M (Peak 618.80M) | Time:00:02.24 | Mem:279.68M, Peak:279.68M | Scene, ViewLayer | Updating Geometry BVH A_living_dining_balcony_dining_chair_05_armf1_mesh 1236/1281 | Building BVH
Fra:1 Mem:618.64M (Peak 618.80M) | Time:00:02.24 | Mem:265.55M, Peak:279.68M | Scene, ViewLayer | Updating Geometry BVH door_W17_0jrgti_mesh 290/1281 | Building BVH
Fra:1 Mem:618.64M (Peak 618.80M) | Time:00:02.24 | Mem:265.55M, Peak:279.68M | Scene, ViewLayer | Updating Geometry BVH door_W17_0lin_l_mesh 293/1281 | Building BVH
Fra:1 Mem:618.64M (Peak 618.80M) | Time:00:02.24 | Mem:265.55M, Peak:279.68M | Scene, ViewLayer | Updating Geometry BVH door_W17_0lin_t_mesh 295/1281 | Building BVH
Fra:1 Mem:618.64M (Peak 618.80M) | Time:00:02.24 | Mem:265.54M, Peak:279.68M | Scene, ViewLayer | Updating Geometry BVH door_W17_0_bot_mesh 296/1281 | Building BVH
Fra:1 Mem:618.64M (Peak 618.80M) | Time:00:02.24 | Mem:265.60M, Peak:279.68M | Scene, ViewLayer | Updating Geometry BVH door_W17_0_top_mesh 297/1281 | Building BVH
Fra:1 Mem:618.64M (Peak 618.80M) | Time:00:02.24 | Mem:265.61M, Peak:279.68M | Scene, ViewLayer | Updating Geometry BVH door_W17_0_lft_mesh 298/1281 | Building BVH
Fra:1 Mem:618.64M (Peak 618.80M) | Time:00:02.24 | Mem:265.61M, Peak:279.68M | Scene, ViewLayer | Updating Geometry BVH door_W17_0_rgt_mesh 299/1281 | Building BVH
Fra:1 Mem:618.64M (Peak 618.80M) | Time:00:02.24 | Mem:265.62M, Peak:279.68M | Scene, ViewLayer | Updating Geometry BVH door_W17_0_glass_mesh 300/1281 | Building BVH
Fra:1 Mem:618.64M (Peak 618.80M) | Time:00:02.24 | Mem:265.62M, Peak:279.68M | Scene, ViewLayer | Updating Geometry BVH door_W17_1_top_mesh 302/1281 | Building BVH
Fra:1 Mem:618.64M (Peak 618.80M) | Time:00:02.24 | Mem:265.62M, Peak:279.68M | Scene, ViewLayer | Updating Geometry BVH door_W17_1_lft_mesh 303/1281 | Building BVH
Fra:1 Mem:618.64M (Peak 618.80M) | Time:00:02.24 | Mem:265.62M, Peak:279.68M | Scene, ViewLayer | Updating Geometry BVH door_W17_1_glass_mesh 305/1281 | Building BVH
Fra:1 Mem:618.64M (Peak 618.80M) | Time:00:02.24 | Mem:265.63M, Peak:279.68M | Scene, ViewLayer | Updating Geometry BVH door_W17_2_top_mesh 307/1281 | Building BVH
Fra:1 Mem:618.64M (Peak 618.80M) | Time:00:02.24 | Mem:265.63M, Peak:279.68M | Scene, ViewLayer | Updating Geometry BVH door_W17_2_lft_mesh 308/1281 | Building BVH
Fra:1 Mem:618.64M (Peak 618.80M) | Time:00:02.24 | Mem:265.64M, Peak:279.68M | Scene, ViewLayer | Updating Geometry BVH door_W17_2_rgt_mesh 309/1281 | Building BVH
Fra:1 Mem:618.64M (Peak 618.80M) | Time:00:02.24 | Mem:265.64M, Peak:279.68M | Scene, ViewLayer | Updating Geometry BVH door_W17_2_glass_mesh 310/1281 | Building BVH
Fra:1 Mem:618.64M (Peak 618.80M) | Time:00:02.24 | Mem:265.66M, Peak:279.68M | Scene, ViewLayer | Updating Geometry BVH door_W19_0jlfto_mesh 311/1281 | Building BVH
Fra:1 Mem:618.64M (Peak 618.80M) | Time:00:02.24 | Mem:265.72M, Peak:279.68M | Scene, ViewLayer | Updating Geometry BVH door_W19_0jlfti_mesh 312/1281 | Building BVH
Fra:1 Mem:618.64M (Peak 618.80M) | Time:00:02.24 | Mem:265.75M, Peak:279.68M | Scene, ViewLayer | Updating Geometry BVH door_W19_0jrgto_mesh 313/1281 | Building BVH
Fra:1 Mem:618.64M (Peak 618.80M) | Time:00:02.24 | Mem:265.75M, Peak:279.68M | Scene, ViewLayer | Updating Geometry BVH door_W19_0jrgti_mesh 314/1281 | Building BVH
Fra:1 Mem:618.64M (Peak 618.80M) | Time:00:02.24 | Mem:265.75M, Peak:279.68M | Scene, ViewLayer | Updating Geometry BVH door_W19_0jtopo_mesh 315/1281 | Building BVH
Fra:1 Mem:618.64M (Peak 618.80M) | Time:00:02.24 | Mem:265.75M, Peak:279.68M | Scene, ViewLayer | Updating Geometry BVH door_W19_0jtopi_mesh 316/1281 | Building BVH
Fra:1 Mem:618.64M (Peak 618.80M) | Time:00:02.24 | Mem:265.77M, Peak:279.68M | Scene, ViewLayer | Updating Geometry BVH door_W19_0lin_l_mesh 317/1281 | Building BVH
Fra:1 Mem:618.64M (Peak 618.80M) | Time:00:02.24 | Mem:265.79M, Peak:279.68M | Scene, ViewLayer | Updating Geometry BVH door_W19_0lin_r_mesh 318/1281 | Building BVH
Fra:1 Mem:618.64M (Peak 618.80M) | Time:00:02.24 | Mem:265.80M, Peak:279.68M | Scene, ViewLayer | Updating Geometry BVH door_W19_0lin_t_mesh 319/1281 | Building BVH
Fra:1 Mem:618.64M (Peak 618.80M) | Time:00:02.24 | Mem:265.81M, Peak:279.68M | Scene, ViewLayer | Updating Geometry BVH door_W19_0leaf_mesh 320/1281 | Building BVH
Fra:1 Mem:618.64M (Peak 618.80M) | Time:00:02.24 | Mem:265.83M, Peak:279.68M | Scene, ViewLayer | Updating Geometry BVH door_W19_0hdl_mesh 321/1281 | Building BVH
Fra:1 Mem:618.64M (Peak 618.80M) | Time:00:02.24 | Mem:254.53M, Peak:279.68M | Scene, ViewLayer | Updating Geometry BVH door_W27_0jlfto_mesh 322/1281 | Building BVH
Fra:1 Mem:618.64M (Peak 618.80M) | Time:00:02.25 | Mem:254.54M, Peak:279.68M | Scene, ViewLayer | Updating Geometry BVH door_W27_0jlfti_mesh 323/1281 | Building BVH
Fra:1 Mem:618.64M (Peak 618.80M) | Time:00:02.25 | Mem:254.54M, Peak:279.68M | Scene, ViewLayer | Updating Geometry BVH door_W27_0jrgto_mesh 324/1281 | Building BVH
Fra:1 Mem:618.64M (Peak 618.80M) | Time:00:02.25 | Mem:254.55M, Peak:279.68M | Scene, ViewLayer | Updating Geometry BVH door_W27_0jrgti_mesh 325/1281 | Building BVH
Fra:1 Mem:618.64M (Peak 618.80M) | Time:00:02.25 | Mem:254.55M, Peak:279.68M | Scene, ViewLayer | Updating Geometry BVH door_W27_0jtopo_mesh 326/1281 | Building BVH
Fra:1 Mem:618.64M (Peak 618.80M) | Time:00:02.25 | Mem:254.55M, Peak:279.68M | Scene, ViewLayer | Updating Geometry BVH door_W27_0jtopi_mesh 327/1281 | Building BVH
Fra:1 Mem:618.64M (Peak 618.80M) | Time:00:02.25 | Mem:254.55M, Peak:279.68M | Scene, ViewLayer | Updating Geometry BVH door_W27_0lin_l_mesh 328/1281 | Building BVH
Fra:1 Mem:618.64M (Peak 618.80M) | Time:00:02.25 | Mem:254.58M, Peak:279.68M | Scene, ViewLayer | Updating Geometry BVH door_W27_0lin_r_mesh 329/1281 | Building BVH
Fra:1 Mem:618.64M (Peak 618.80M) | Time:00:02.25 | Mem:254.60M, Peak:279.68M | Scene, ViewLayer | Updating Geometry BVH door_W27_0lin_t_mesh 330/1281 | Building BVH
Fra:1 Mem:618.64M (Peak 618.80M) | Time:00:02.25 | Mem:254.60M, Peak:279.68M | Scene, ViewLayer | Updating Geometry BVH bay_platform_mesh 333/1281 | Building BVH
Fra:1 Mem:618.64M (Peak 618.80M) | Time:00:02.25 | Mem:254.60M, Peak:279.68M | Scene, ViewLayer | Updating Geometry BVH rail_ter_S_p0_mesh 334/1281 | Building BVH
Fra:1 Mem:618.64M (Peak 618.80M) | Time:00:02.25 | Mem:254.60M, Peak:279.68M | Scene, ViewLayer | Updating Geometry BVH rail_ter_S_p2_mesh 336/1281 | Building BVH
Fra:1 Mem:618.64M (Peak 618.80M) | Time:00:02.25 | Mem:254.60M, Peak:279.68M | Scene, ViewLayer | Updating Geometry BVH rail_ter_S_p3_mesh 337/1281 | Building BVH
Fra:1 Mem:618.64M (Peak 618.80M) | Time:00:02.25 | Mem:254.60M, Peak:279.68M | Scene, ViewLayer | Updating Geometry BVH A_living_dining_balcony_dining_chair_05_armf0_mesh 1234/1281 | Building BVH
Fra:1 Mem:618.64M (Peak 618.80M) | Time:00:02.25 | Mem:254.60M, Peak:279.68M | Scene, ViewLayer | Updating Geometry BVH rail_ter_S_glass_mesh 339/1281 | Building BVH
Fra:1 Mem:618.64M (Peak 618.80M) | Time:00:02.25 | Mem:254.61M, Peak:279.68M | Scene, ViewLayer | Updating Geometry BVH rail_ter_E_p0_mesh 340/1281 | Building BVH
Fra:1 Mem:618.64M (Peak 618.80M) | Time:00:02.25 | Mem:254.61M, Peak:279.68M | Scene, ViewLayer | Updating Geometry BVH rail_ter_E_p1_mesh 341/1281 | Building BVH
Fra:1 Mem:618.64M (Peak 618.80M) | Time:00:02.25 | Mem:254.61M, Peak:279.68M | Scene, ViewLayer | Updating Geometry BVH rail_ter_E_p2_mesh 342/1281 | Building BVH
Fra:1 Mem:618.64M (Peak 618.80M) | Time:00:02.25 | Mem:254.62M, Peak:279.68M | Scene, ViewLayer | Updating Geometry BVH rail_ter_E_top_mesh 343/1281 | Building BVH
Fra:1 Mem:618.64M (Peak 618.80M) | Time:00:02.25 | Mem:254.62M, Peak:279.68M | Scene, ViewLayer | Updating Geometry BVH rail_ter_E_glass_mesh 344/1281 | Building BVH
Fra:1 Mem:618.64M (Peak 618.80M) | Time:00:02.25 | Mem:254.67M, Peak:279.68M | Scene, ViewLayer | Updating Geometry BVH rail_ter_W_p0_mesh 345/1281 | Building BVH
Fra:1 Mem:618.64M (Peak 618.80M) | Time:00:02.25 | Mem:254.71M, Peak:279.68M | Scene, ViewLayer | Updating Geometry BVH rail_ter_W_p1_mesh 346/1281 | Building BVH
Fra:1 Mem:618.64M (Peak 618.80M) | Time:00:02.25 | Mem:254.76M, Peak:279.68M | Scene, ViewLayer | Updating Geometry BVH rail_ter_W_top_mesh 347/1281 | Building BVH
Fra:1 Mem:618.64M (Peak 618.80M) | Time:00:02.25 | Mem:254.76M, Peak:279.68M | Scene, ViewLayer | Updating Geometry BVH rail_ter_W_glass_mesh 348/1281 | Building BVH
Fra:1 Mem:618.64M (Peak 618.80M) | Time:00:02.25 | Mem:254.77M, Peak:279.68M | Scene, ViewLayer | Updating Geometry BVH common_kitchen_dishwasher_01_body_mesh 349/1281 | Building BVH
Fra:1 Mem:618.64M (Peak 618.80M) | Time:00:02.25 | Mem:254.77M, Peak:279.68M | Scene, ViewLayer | Updating Geometry BVH common_kitchen_dishwasher_01_top_L_mesh 350/1281 | Building BVH
Fra:1 Mem:618.64M (Peak 618.80M) | Time:00:02.25 | Mem:254.77M, Peak:279.68M | Scene, ViewLayer | Updating Geometry BVH common_kitchen_dishwasher_01_top_R_mesh 351/1281 | Building BVH
Fra:1 Mem:618.64M (Peak 618.80M) | Time:00:02.25 | Mem:254.82M, Peak:279.68M | Scene, ViewLayer | Updating Geometry BVH common_kitchen_dishwasher_01_top_B_mesh 352/1281 | Building BVH
Fra:1 Mem:618.64M (Peak 618.80M) | Time:00:02.25 | Mem:254.82M, Peak:279.68M | Scene, ViewLayer | Updating Geometry BVH common_kitchen_dishwasher_01_top_F_mesh 353/1281 | Building BVH
Fra:1 Mem:618.64M (Peak 618.80M) | Time:00:02.25 | Mem:254.82M, Peak:279.68M | Scene, ViewLayer | Updating Geometry BVH A_living_dining_balcony_dining_chair_05_arm0_mesh 1233/1281 | Building BVH
Fra:1 Mem:618.64M (Peak 618.80M) | Time:00:02.25 | Mem:254.82M, Peak:279.68M | Scene, ViewLayer | Updating Geometry BVH common_kitchen_dishwasher_01_drwW_gapbg_mesh 354/1281 | Building BVH
Fra:1 Mem:618.64M (Peak 618.80M) | Time:00:02.25 | Mem:254.84M, Peak:279.68M | Scene, ViewLayer | Updating Geometry BVH common_kitchen_dishwasher_01_drwW_f0_mesh 355/1281 | Building BVH
Fra:1 Mem:618.64M (Peak 618.80M) | Time:00:02.25 | Mem:254.86M, Peak:279.68M | Scene, ViewLayer | Updating Geometry BVH common_kitchen_dishwasher_01_drwW_p0_mesh 356/1281 | Building BVH
Fra:1 Mem:618.64M (Peak 618.80M) | Time:00:02.25 | Mem:254.87M, Peak:279.68M | Scene, ViewLayer | Updating Geometry BVH common_kitchen_dishwasher_01_drw_gapbg_mesh 357/1281 | Building BVH
Fra:1 Mem:618.64M (Peak 618.80M) | Time:00:02.25 | Mem:254.87M, Peak:279.68M | Scene, ViewLayer | Updating Geometry BVH common_kitchen_dishwasher_01_drw_f0_mesh 358/1281 | Building BVH
Fra:1 Mem:618.64M (Peak 618.80M) | Time:00:02.25 | Mem:254.87M, Peak:279.68M | Scene, ViewLayer | Updating Geometry BVH common_kitchen_dishwasher_01_drw_p0_mesh 359/1281 | Building BVH
Fra:1 Mem:618.64M (Peak 618.80M) | Time:00:02.25 | Mem:254.88M, Peak:279.68M | Scene, ViewLayer | Updating Geometry BVH common_kitchen_dishwasher_01_drw_f1_mesh 360/1281 | Building BVH
Fra:1 Mem:618.64M (Peak 618.80M) | Time:00:02.25 | Mem:254.89M, Peak:279.68M | Scene, ViewLayer | Updating Geometry BVH common_kitchen_dishwasher_01_drw_p1_mesh 361/1281 | Building BVH
Fra:1 Mem:618.64M (Peak 618.80M) | Time:00:02.25 | Mem:254.95M, Peak:279.68M | Scene, ViewLayer | Updating Geometry BVH common_kitchen_dishwasher_01_drw_f2_mesh 362/1281 | Building BVH
Fra:1 Mem:618.64M (Peak 618.80M) | Time:00:02.25 | Mem:254.99M, Peak:279.68M | Scene, ViewLayer | Updating Geometry BVH common_kitchen_dishwasher_01_drw_p2_mesh 363/1281 | Building BVH
Fra:1 Mem:618.64M (Peak 618.80M) | Time:00:02.25 | Mem:254.99M, Peak:279.68M | Scene, ViewLayer | Updating Geometry BVH A_living_dining_balcony_dining_chair_05_legt3_mesh 1232/1281 | Building BVH
Fra:1 Mem:618.64M (Peak 618.80M) | Time:00:02.25 | Mem:254.99M, Peak:279.68M | Scene, ViewLayer | Updating Geometry BVH common_kitchen_dishwasher_01_drw_f3_mesh 364/1281 | Building BVH
Fra:1 Mem:618.64M (Peak 618.80M) | Time:00:02.25 | Mem:254.99M, Peak:279.68M | Scene, ViewLayer | Updating Geometry BVH common_kitchen_dishwasher_01_drw_p3_mesh 365/1281 | Building BVH
Fra:1 Mem:618.64M (Peak 618.80M) | Time:00:02.25 | Mem:254.99M, Peak:279.68M | Scene, ViewLayer | Updating Geometry BVH common_kitchen_sink_01_cav_mesh 367/1281 | Building BVH
Fra:1 Mem:618.64M (Peak 618.80M) | Time:00:02.25 | Mem:255.00M, Peak:279.68M | Scene, ViewLayer | Updating Geometry BVH common_kitchen_sink_01_tap_mesh 368/1281 | Building BVH
Fra:1 Mem:618.64M (Peak 618.80M) | Time:00:02.25 | Mem:255.02M, Peak:279.68M | Scene, ViewLayer | Updating Geometry BVH common_kitchen_sink_01_taparm_mesh 369/1281 | Building BVH
Fra:1 Mem:618.64M (Peak 618.80M) | Time:00:02.25 | Mem:255.02M, Peak:279.68M | Scene, ViewLayer | Updating Geometry BVH common_kitchen_sink_01_taptip_mesh 370/1281 | Building BVH
Fra:1 Mem:618.64M (Peak 618.80M) | Time:00:02.25 | Mem:255.03M, Peak:279.68M | Scene, ViewLayer | Updating Geometry BVH common_kitchen_dishwasher_02_panel_mesh 371/1281 | Building BVH
Fra:1 Mem:618.64M (Peak 618.80M) | Time:00:02.25 | Mem:255.05M, Peak:279.68M | Scene, ViewLayer | Updating Geometry BVH common_kitchen_dishwasher_02_pull_mesh 372/1281 | Building BVH
Fra:1 Mem:618.64M (Peak 618.80M) | Time:00:02.25 | Mem:255.08M, Peak:279.68M | Scene, ViewLayer | Updating Geometry BVH common_kitchen_kitchen_counter_01_body_mesh 373/1281 | Building BVH
Fra:1 Mem:618.64M (Peak 618.80M) | Time:00:02.25 | Mem:255.09M, Peak:279.68M | Scene, ViewLayer | Updating Geometry BVH common_kitchen_kitchen_counter_01_top_mesh 374/1281 | Building BVH
Fra:1 Mem:618.64M (Peak 618.80M) | Time:00:02.25 | Mem:255.10M, Peak:279.68M | Scene, ViewLayer | Updating Geometry BVH common_kitchen_kitchen_counter_01_drwS_gapbg_mesh 375/1281 | Building BVH
Fra:1 Mem:618.64M (Peak 618.80M) | Time:00:02.25 | Mem:255.13M, Peak:279.68M | Scene, ViewLayer | Updating Geometry BVH common_kitchen_kitchen_counter_01_drwS_f0_mesh 376/1281 | Building BVH
Fra:1 Mem:618.64M (Peak 618.80M) | Time:00:02.25 | Mem:255.14M, Peak:279.68M | Scene, ViewLayer | Updating Geometry BVH common_kitchen_kitchen_counter_01_drwS_p0_mesh 377/1281 | Building BVH
Fra:1 Mem:618.64M (Peak 618.80M) | Time:00:02.25 | Mem:255.14M, Peak:279.68M | Scene, ViewLayer | Updating Geometry BVH common_kitchen_kitchen_counter_01_drwH_gapbg_mesh 378/1281 | Building BVH
Fra:1 Mem:618.64M (Peak 618.80M) | Time:00:02.25 | Mem:255.15M, Peak:279.68M | Scene, ViewLayer | Updating Geometry BVH common_kitchen_kitchen_counter_01_drwH_d0_mesh 379/1281 | Building BVH
Fra:1 Mem:618.64M (Peak 618.80M) | Time:00:02.25 | Mem:255.19M, Peak:279.68M | Scene, ViewLayer | Updating Geometry BVH common_kitchen_kitchen_counter_01_drwH_slot0_mesh 380/1281 | Building BVH
Fra:1 Mem:618.64M (Peak 618.80M) | Time:00:02.25 | Mem:255.18M, Peak:279.68M | Scene, ViewLayer | Updating Geometry BVH common_kitchen_kitchen_counter_01_drwH_d1_mesh 381/1281 | Building BVH
Fra:1 Mem:618.64M (Peak 618.80M) | Time:00:02.25 | Mem:255.19M, Peak:279.68M | Scene, ViewLayer | Updating Geometry BVH common_kitchen_kitchen_counter_01_drwH_slot1_mesh 382/1281 | Building BVH
Fra:1 Mem:618.64M (Peak 618.80M) | Time:00:02.25 | Mem:255.21M, Peak:279.68M | Scene, ViewLayer | Updating Geometry BVH common_kitchen_kitchen_counter_01_drwH_d2_mesh 383/1281 | Building BVH
Fra:1 Mem:618.64M (Peak 618.80M) | Time:00:02.25 | Mem:255.21M, Peak:279.68M | Scene, ViewLayer | Updating Geometry BVH common_kitchen_kitchen_counter_01_drwH_slot2_mesh 384/1281 | Building BVH
Fra:1 Mem:618.64M (Peak 618.80M) | Time:00:02.25 | Mem:255.21M, Peak:279.68M | Scene, ViewLayer | Updating Geometry BVH common_kitchen_kitchen_counter_01_drwN_gapbg_mesh 385/1281 | Building BVH
Fra:1 Mem:618.64M (Peak 618.80M) | Time:00:02.25 | Mem:255.21M, Peak:279.68M | Scene, ViewLayer | Updating Geometry BVH common_kitchen_kitchen_counter_01_drwN_f0_mesh 386/1281 | Building BVH
Fra:1 Mem:618.64M (Peak 618.80M) | Time:00:02.25 | Mem:255.21M, Peak:279.68M | Scene, ViewLayer | Updating Geometry BVH common_kitchen_kitchen_counter_01_drwN_p0_mesh 387/1281 | Building BVH
Fra:1 Mem:618.64M (Peak 618.80M) | Time:00:02.25 | Mem:255.21M, Peak:279.68M | Scene, ViewLayer | Updating Geometry BVH common_kitchen_kitchen_counter_01_drwN_f1_mesh 388/1281 | Building BVH
Fra:1 Mem:618.64M (Peak 618.80M) | Time:00:02.25 | Mem:255.23M, Peak:279.68M | Scene, ViewLayer | Updating Geometry BVH common_kitchen_kitchen_counter_01_drwN_p1_mesh 389/1281 | Building BVH
Fra:1 Mem:618.64M (Peak 618.80M) | Time:00:02.25 | Mem:255.24M, Peak:279.68M | Scene, ViewLayer | Updating Geometry BVH common_kitchen_hob_01_glass_mesh 390/1281 | Building BVH
Fra:1 Mem:618.64M (Peak 618.80M) | Time:00:02.25 | Mem:255.25M, Peak:279.68M | Scene, ViewLayer | Updating Geometry BVH common_kitchen_hob_01_burner0_mesh 391/1281 | Building BVH
Fra:1 Mem:618.64M (Peak 618.80M) | Time:00:02.25 | Mem:255.25M, Peak:279.68M | Scene, ViewLayer | Updating Geometry BVH common_kitchen_hob_01_burner1_mesh 392/1281 | Building BVH
Fra:1 Mem:618.64M (Peak 618.80M) | Time:00:02.26 | Mem:255.32M, Peak:279.68M | Scene, ViewLayer | Updating Geometry BVH common_kitchen_range_hood_01_topbox_mesh 393/1281 | Building BVH
Fra:1 Mem:618.64M (Peak 618.80M) | Time:00:02.26 | Mem:255.32M, Peak:279.68M | Scene, ViewLayer | Updating Geometry BVH common_kitchen_range_hood_01_slant_mesh 394/1281 | Building BVH
Fra:1 Mem:618.64M (Peak 618.80M) | Time:00:02.26 | Mem:255.33M, Peak:279.68M | Scene, ViewLayer | Updating Geometry BVH common_kitchen_cabinet_01_body_mesh 395/1281 | Building BVH
Fra:1 Mem:618.64M (Peak 618.80M) | Time:00:02.26 | Mem:255.35M, Peak:279.68M | Scene, ViewLayer | Updating Geometry BVH common_kitchen_cabinet_01_door_gapbg_mesh 396/1281 | Building BVH
Fra:1 Mem:618.64M (Peak 618.80M) | Time:00:02.26 | Mem:255.36M, Peak:279.68M | Scene, ViewLayer | Updating Geometry BVH common_kitchen_cabinet_01_door_f0l_mesh 397/1281 | Building BVH
Fra:1 Mem:618.64M (Peak 618.80M) | Time:00:02.26 | Mem:255.36M, Peak:279.68M | Scene, ViewLayer | Updating Geometry BVH common_kitchen_cabinet_01_door_f0r_mesh 398/1281 | Building BVH
Fra:1 Mem:618.64M (Peak 618.80M) | Time:00:02.26 | Mem:255.36M, Peak:279.68M | Scene, ViewLayer | Updating Geometry BVH common_kitchen_cabinet_01_door_f0b_mesh 399/1281 | Building BVH
Fra:1 Mem:618.64M (Peak 618.80M) | Time:00:02.26 | Mem:255.37M, Peak:279.68M | Scene, ViewLayer | Updating Geometry BVH common_kitchen_cabinet_01_door_f0t_mesh 400/1281 | Building BVH
Fra:1 Mem:618.64M (Peak 618.80M) | Time:00:02.26 | Mem:255.37M, Peak:279.68M | Scene, ViewLayer | Updating Geometry BVH common_kitchen_cabinet_01_door_f0c_mesh 401/1281 | Building BVH
Fra:1 Mem:618.64M (Peak 618.80M) | Time:00:02.26 | Mem:255.43M, Peak:279.68M | Scene, ViewLayer | Updating Geometry BVH common_kitchen_cabinet_01_door_p0_mesh 402/1281 | Building BVH
Fra:1 Mem:618.64M (Peak 618.80M) | Time:00:02.26 | Mem:255.43M, Peak:279.68M | Scene, ViewLayer | Updating Geometry BVH common_kitchen_cabinet_01_door_f1l_mesh 403/1281 | Building BVH
Fra:1 Mem:618.64M (Peak 618.80M) | Time:00:02.26 | Mem:255.47M, Peak:279.68M | Scene, ViewLayer | Updating Geometry BVH common_kitchen_cabinet_01_door_f1r_mesh 404/1281 | Building BVH
Fra:1 Mem:618.64M (Peak 618.80M) | Time:00:02.26 | Mem:255.46M, Peak:279.68M | Scene, ViewLayer | Updating Geometry BVH common_kitchen_cabinet_01_door_f1b_mesh 405/1281 | Building BVH
Fra:1 Mem:618.64M (Peak 618.80M) | Time:00:02.26 | Mem:255.49M, Peak:279.68M | Scene, ViewLayer | Updating Geometry BVH common_kitchen_cabinet_01_door_f1t_mesh 406/1281 | Building BVH
Fra:1 Mem:618.64M (Peak 618.80M) | Time:00:02.26 | Mem:255.51M, Peak:279.68M | Scene, ViewLayer | Updating Geometry BVH common_kitchen_cabinet_01_door_f1c_mesh 407/1281 | Building BVH
Fra:1 Mem:618.64M (Peak 618.80M) | Time:00:02.26 | Mem:255.54M, Peak:279.68M | Scene, ViewLayer | Updating Geometry BVH common_kitchen_cabinet_01_door_p1_mesh 408/1281 | Building BVH
Fra:1 Mem:618.64M (Peak 618.80M) | Time:00:02.26 | Mem:255.54M, Peak:279.68M | Scene, ViewLayer | Updating Geometry BVH common_kitchen_cabinet_01_door_f2r_mesh 410/1281 | Building BVH
Fra:1 Mem:618.64M (Peak 618.80M) | Time:00:02.26 | Mem:255.54M, Peak:279.68M | Scene, ViewLayer | Updating Geometry BVH common_kitchen_cabinet_01_door_f2b_mesh 411/1281 | Building BVH
Fra:1 Mem:618.64M (Peak 618.80M) | Time:00:02.26 | Mem:255.56M, Peak:279.68M | Scene, ViewLayer | Updating Geometry BVH A_living_dining_balcony_dining_chair_05_leg3_mesh 1231/1281 | Building BVH
Fra:1 Mem:618.64M (Peak 618.80M) | Time:00:02.26 | Mem:255.59M, Peak:279.68M | Scene, ViewLayer | Updating Geometry BVH common_kitchen_cabinet_01_door_f2t_mesh 412/1281 | Building BVH
Fra:1 Mem:618.64M (Peak 618.80M) | Time:00:02.26 | Mem:255.59M, Peak:279.68M | Scene, ViewLayer | Updating Geometry BVH common_kitchen_cabinet_01_door_f2c_mesh 413/1281 | Building BVH
Fra:1 Mem:618.64M (Peak 618.80M) | Time:00:02.26 | Mem:255.61M, Peak:279.68M | Scene, ViewLayer | Updating Geometry BVH common_kitchen_cabinet_01_door_p2_mesh 414/1281 | Building BVH
Fra:1 Mem:618.64M (Peak 618.80M) | Time:00:02.26 | Mem:255.66M, Peak:279.68M | Scene, ViewLayer | Updating Geometry BVH common_kitchen_cabinet_02_body_mesh 415/1281 | Building BVH
Fra:1 Mem:618.64M (Peak 618.80M) | Time:00:02.26 | Mem:255.66M, Peak:279.68M | Scene, ViewLayer | Updating Geometry BVH common_kitchen_cabinet_02_door_gapbg_mesh 416/1281 | Building BVH
Fra:1 Mem:618.64M (Peak 618.80M) | Time:00:02.26 | Mem:255.65M, Peak:279.68M | Scene, ViewLayer | Updating Geometry BVH common_kitchen_cabinet_02_door_f0l_mesh 417/1281 | Building BVH
Fra:1 Mem:618.64M (Peak 618.80M) | Time:00:02.26 | Mem:255.69M, Peak:279.68M | Scene, ViewLayer | Updating Geometry BVH common_kitchen_cabinet_02_door_f0r_mesh 418/1281 | Building BVH
Fra:1 Mem:618.64M (Peak 618.80M) | Time:00:02.26 | Mem:255.69M, Peak:279.68M | Scene, ViewLayer | Updating Geometry BVH common_kitchen_cabinet_02_door_f0b_mesh 419/1281 | Building BVH
Fra:1 Mem:618.64M (Peak 618.80M) | Time:00:02.26 | Mem:255.69M, Peak:279.68M | Scene, ViewLayer | Updating Geometry BVH common_kitchen_cabinet_02_door_f0t_mesh 420/1281 | Building BVH
Fra:1 Mem:618.64M (Peak 618.80M) | Time:00:02.26 | Mem:255.71M, Peak:279.68M | Scene, ViewLayer | Updating Geometry BVH common_kitchen_cabinet_02_door_f0c_mesh 421/1281 | Building BVH
Fra:1 Mem:618.64M (Peak 618.80M) | Time:00:02.26 | Mem:255.75M, Peak:279.68M | Scene, ViewLayer | Updating Geometry BVH common_kitchen_cabinet_02_door_p0_mesh 422/1281 | Building BVH
Fra:1 Mem:618.64M (Peak 618.80M) | Time:00:02.26 | Mem:255.75M, Peak:279.68M | Scene, ViewLayer | Updating Geometry BVH common_kitchen_cabinet_02_door_f1l_mesh 423/1281 | Building BVH
Fra:1 Mem:618.64M (Peak 618.80M) | Time:00:02.26 | Mem:255.75M, Peak:279.68M | Scene, ViewLayer | Updating Geometry BVH common_kitchen_cabinet_02_door_f1r_mesh 424/1281 | Building BVH
Fra:1 Mem:618.64M (Peak 618.80M) | Time:00:02.26 | Mem:255.76M, Peak:279.68M | Scene, ViewLayer | Updating Geometry BVH common_kitchen_cabinet_02_door_f1b_mesh 425/1281 | Building BVH
Fra:1 Mem:618.64M (Peak 618.80M) | Time:00:02.26 | Mem:255.76M, Peak:279.68M | Scene, ViewLayer | Updating Geometry BVH common_kitchen_cabinet_02_door_f1t_mesh 426/1281 | Building BVH
Fra:1 Mem:618.64M (Peak 618.80M) | Time:00:02.26 | Mem:255.77M, Peak:279.68M | Scene, ViewLayer | Updating Geometry BVH common_kitchen_cabinet_02_door_f1c_mesh 427/1281 | Building BVH
Fra:1 Mem:618.64M (Peak 618.80M) | Time:00:02.26 | Mem:255.80M, Peak:279.68M | Scene, ViewLayer | Updating Geometry BVH common_kitchen_cabinet_02_door_p1_mesh 428/1281 | Building BVH
Fra:1 Mem:618.64M (Peak 618.80M) | Time:00:02.26 | Mem:255.85M, Peak:279.68M | Scene, ViewLayer | Updating Geometry BVH common_kitchen_cabinet_02_door_f2l_mesh 429/1281 | Building BVH
Fra:1 Mem:618.64M (Peak 618.80M) | Time:00:02.26 | Mem:255.85M, Peak:279.68M | Scene, ViewLayer | Updating Geometry BVH common_kitchen_cabinet_02_door_f2r_mesh 430/1281 | Building BVH
Fra:1 Mem:618.64M (Peak 618.80M) | Time:00:02.26 | Mem:255.88M, Peak:279.68M | Scene, ViewLayer | Updating Geometry BVH common_kitchen_cabinet_02_door_f2b_mesh 431/1281 | Building BVH
Fra:1 Mem:618.64M (Peak 618.80M) | Time:00:02.26 | Mem:255.87M, Peak:279.68M | Scene, ViewLayer | Updating Geometry BVH common_kitchen_cabinet_02_door_f2t_mesh 432/1281 | Building BVH
Fra:1 Mem:618.64M (Peak 618.80M) | Time:00:02.26 | Mem:255.88M, Peak:279.68M | Scene, ViewLayer | Updating Geometry BVH common_kitchen_cabinet_02_door_f2c_mesh 433/1281 | Building BVH
Fra:1 Mem:618.64M (Peak 618.80M) | Time:00:02.26 | Mem:255.90M, Peak:279.68M | Scene, ViewLayer | Updating Geometry BVH common_kitchen_cabinet_02_door_p2_mesh 434/1281 | Building BVH
Fra:1 Mem:618.64M (Peak 618.80M) | Time:00:02.26 | Mem:255.91M, Peak:279.68M | Scene, ViewLayer | Updating Geometry BVH common_kitchen_glass_sliding_door_01_glass_mesh 435/1281 | Building BVH
Fra:1 Mem:618.64M (Peak 618.80M) | Time:00:02.26 | Mem:255.92M, Peak:279.68M | Scene, ViewLayer | Updating Geometry BVH common_kitchen_glass_sliding_door_01_stL_mesh 436/1281 | Building BVH
Fra:1 Mem:618.64M (Peak 618.80M) | Time:00:02.26 | Mem:255.92M, Peak:279.68M | Scene, ViewLayer | Updating Geometry BVH common_kitchen_glass_sliding_door_01_stR_mesh 437/1281 | Building BVH
Fra:1 Mem:618.64M (Peak 618.80M) | Time:00:02.26 | Mem:255.94M, Peak:279.68M | Scene, ViewLayer | Updating Geometry BVH common_kitchen_glass_sliding_door_01_stT_mesh 438/1281 | Building BVH
Fra:1 Mem:618.64M (Peak 618.80M) | Time:00:02.26 | Mem:255.96M, Peak:279.68M | Scene, ViewLayer | Updating Geometry BVH common_kitchen_glass_sliding_door_01_stB_mesh 439/1281 | Building BVH
Fra:1 Mem:618.64M (Peak 618.80M) | Time:00:02.26 | Mem:255.96M, Peak:279.68M | Scene, ViewLayer | Updating Geometry BVH common_living_dining_balcony_glass_sliding_door_01_glass_mesh 440/1281 | Building BVH
Fra:1 Mem:618.64M (Peak 618.80M) | Time:00:02.26 | Mem:255.96M, Peak:279.68M | Scene, ViewLayer | Updating Geometry BVH A_living_dining_balcony_dining_chair_05_legt2_mesh 1230/1281 | Building BVH
Fra:1 Mem:618.64M (Peak 618.80M) | Time:00:02.26 | Mem:255.96M, Peak:279.68M | Scene, ViewLayer | Updating Geometry BVH common_living_dining_balcony_glass_sliding_door_01_stL_mesh 441/1281 | Building BVH
Fra:1 Mem:618.64M (Peak 618.80M) | Time:00:02.26 | Mem:255.96M, Peak:279.68M | Scene, ViewLayer | Updating Geometry BVH common_living_dining_balcony_glass_sliding_door_01_stR_mesh 442/1281 | Building BVH
Fra:1 Mem:618.64M (Peak 618.80M) | Time:00:02.26 | Mem:255.96M, Peak:279.68M | Scene, ViewLayer | Updating Geometry BVH common_living_dining_balcony_glass_sliding_door_01_stT_mesh 443/1281 | Building BVH
Fra:1 Mem:618.64M (Peak 618.80M) | Time:00:02.26 | Mem:255.97M, Peak:279.68M | Scene, ViewLayer | Updating Geometry BVH common_living_dining_balcony_glass_sliding_door_02_glass_mesh 445/1281 | Building BVH
Fra:1 Mem:618.64M (Peak 618.80M) | Time:00:02.26 | Mem:256.03M, Peak:279.68M | Scene, ViewLayer | Updating Geometry BVH common_living_dining_balcony_glass_sliding_door_02_stL_mesh 446/1281 | Building BVH
Fra:1 Mem:618.64M (Peak 618.80M) | Time:00:02.26 | Mem:256.03M, Peak:279.68M | Scene, ViewLayer | Updating Geometry BVH common_living_dining_balcony_glass_sliding_door_02_stR_mesh 447/1281 | Building BVH
Fra:1 Mem:618.64M (Peak 618.80M) | Time:00:02.26 | Mem:256.03M, Peak:279.68M | Scene, ViewLayer | Updating Geometry BVH common_living_dining_balcony_glass_sliding_door_02_stT_mesh 448/1281 | Building BVH
Fra:1 Mem:618.64M (Peak 618.80M) | Time:00:02.26 | Mem:256.03M, Peak:279.68M | Scene, ViewLayer | Updating Geometry BVH common_living_dining_balcony_glass_sliding_door_02_stB_mesh 449/1281 | Building BVH
Fra:1 Mem:618.64M (Peak 618.80M) | Time:00:02.26 | Mem:256.05M, Peak:279.68M | Scene, ViewLayer | Updating Geometry BVH common_kitchen_glass_sliding_door_02_glass_mesh 450/1281 | Building BVH
Fra:1 Mem:618.64M (Peak 618.80M) | Time:00:02.26 | Mem:256.06M, Peak:279.68M | Scene, ViewLayer | Updating Geometry BVH common_kitchen_glass_sliding_door_02_stL_mesh 451/1281 | Building BVH
Fra:1 Mem:618.64M (Peak 618.80M) | Time:00:02.26 | Mem:256.06M, Peak:279.68M | Scene, ViewLayer | Updating Geometry BVH common_kitchen_glass_sliding_door_02_stR_mesh 452/1281 | Building BVH
Fra:1 Mem:618.64M (Peak 618.80M) | Time:00:02.26 | Mem:256.06M, Peak:279.68M | Scene, ViewLayer | Updating Geometry BVH common_kitchen_glass_sliding_door_02_stT_mesh 453/1281 | Building BVH
Fra:1 Mem:618.64M (Peak 618.80M) | Time:00:02.26 | Mem:256.07M, Peak:279.68M | Scene, ViewLayer | Updating Geometry BVH common_kitchen_glass_sliding_door_02_stB_mesh 454/1281 | Building BVH
Fra:1 Mem:618.64M (Peak 618.80M) | Time:00:02.26 | Mem:256.10M, Peak:279.68M | Scene, ViewLayer | Updating Geometry BVH common_living_dining_balcony_fridge_01_body_mesh 455/1281 | Building BVH
Fra:1 Mem:618.64M (Peak 618.80M) | Time:00:02.26 | Mem:256.11M, Peak:279.68M | Scene, ViewLayer | Updating Geometry BVH common_living_dining_balcony_fridge_01_seamH_mesh 456/1281 | Building BVH
Fra:1 Mem:618.64M (Peak 618.80M) | Time:00:02.26 | Mem:256.11M, Peak:279.68M | Scene, ViewLayer | Updating Geometry BVH common_living_dining_balcony_fridge_01_seamV_mesh 457/1281 | Building BVH
Fra:1 Mem:618.64M (Peak 618.80M) | Time:00:02.26 | Mem:256.11M, Peak:279.68M | Scene, ViewLayer | Updating Geometry BVH common_living_dining_balcony_fridge_01_pullU_mesh 459/1281 | Building BVH
Fra:1 Mem:618.64M (Peak 618.80M) | Time:00:02.26 | Mem:256.12M, Peak:279.68M | Scene, ViewLayer | Updating Geometry BVH common_living_dining_balcony_cabinet_01_body_mesh 460/1281 | Building BVH
Fra:1 Mem:618.64M (Peak 618.80M) | Time:00:02.26 | Mem:256.13M, Peak:279.68M | Scene, ViewLayer | Updating Geometry BVH common_living_dining_balcony_cabinet_01_door_gapbg_mesh 461/1281 | Building BVH
Fra:1 Mem:618.64M (Peak 618.80M) | Time:00:02.26 | Mem:256.16M, Peak:279.68M | Scene, ViewLayer | Updating Geometry BVH common_living_dining_balcony_cabinet_01_door_f0l_mesh 462/1281 | Building BVH
Fra:1 Mem:618.64M (Peak 618.80M) | Time:00:02.26 | Mem:256.17M, Peak:279.68M | Scene, ViewLayer | Updating Geometry BVH common_living_dining_balcony_cabinet_01_door_f0r_mesh 463/1281 | Building BVH
Fra:1 Mem:618.64M (Peak 618.80M) | Time:00:02.26 | Mem:256.17M, Peak:279.68M | Scene, ViewLayer | Updating Geometry BVH common_living_dining_balcony_cabinet_01_door_f0b_mesh 464/1281 | Building BVH
Fra:1 Mem:618.64M (Peak 618.80M) | Time:00:02.26 | Mem:256.19M, Peak:279.68M | Scene, ViewLayer | Updating Geometry BVH common_living_dining_balcony_cabinet_01_door_f0t_mesh 465/1281 | Building BVH
Fra:1 Mem:618.64M (Peak 618.80M) | Time:00:02.27 | Mem:256.22M, Peak:279.68M | Scene, ViewLayer | Updating Geometry BVH common_living_dining_balcony_cabinet_01_door_f0c_mesh 466/1281 | Building BVH
Fra:1 Mem:618.64M (Peak 618.80M) | Time:00:02.27 | Mem:256.25M, Peak:279.68M | Scene, ViewLayer | Updating Geometry BVH common_living_dining_balcony_cabinet_01_door_p0_mesh 467/1281 | Building BVH
Fra:1 Mem:618.64M (Peak 618.80M) | Time:00:02.27 | Mem:256.25M, Peak:279.68M | Scene, ViewLayer | Updating Geometry BVH common_living_dining_balcony_cabinet_01_door_f1l_mesh 468/1281 | Building BVH
Fra:1 Mem:618.64M (Peak 618.80M) | Time:00:02.27 | Mem:256.25M, Peak:279.68M | Scene, ViewLayer | Updating Geometry BVH common_living_dining_balcony_cabinet_01_door_f1r_mesh 469/1281 | Building BVH
Fra:1 Mem:618.64M (Peak 618.80M) | Time:00:02.27 | Mem:256.27M, Peak:279.68M | Scene, ViewLayer | Updating Geometry BVH common_living_dining_balcony_cabinet_01_door_f1b_mesh 470/1281 | Building BVH
Fra:1 Mem:618.64M (Peak 618.80M) | Time:00:02.27 | Mem:256.26M, Peak:279.68M | Scene, ViewLayer | Updating Geometry BVH A_living_dining_balcony_dining_chair_05_leg2_mesh 1229/1281 | Building BVH
Fra:1 Mem:618.64M (Peak 618.80M) | Time:00:02.27 | Mem:256.28M, Peak:279.68M | Scene, ViewLayer | Updating Geometry BVH common_living_dining_balcony_cabinet_01_door_f1t_mesh 471/1281 | Building BVH
Fra:1 Mem:618.64M (Peak 618.80M) | Time:00:02.27 | Mem:256.33M, Peak:279.68M | Scene, ViewLayer | Updating Geometry BVH common_living_dining_balcony_cabinet_01_door_f1c_mesh 472/1281 | Building BVH
Fra:1 Mem:618.64M (Peak 618.80M) | Time:00:02.27 | Mem:256.35M, Peak:279.68M | Scene, ViewLayer | Updating Geometry BVH common_living_dining_balcony_cabinet_01_door_p1_mesh 473/1281 | Building BVH
Fra:1 Mem:618.64M (Peak 618.80M) | Time:00:02.27 | Mem:256.35M, Peak:279.68M | Scene, ViewLayer | Updating Geometry BVH common_foyer_cabinet_01_body_mesh 474/1281 | Building BVH
Fra:1 Mem:618.64M (Peak 618.80M) | Time:00:02.27 | Mem:256.36M, Peak:279.68M | Scene, ViewLayer | Updating Geometry BVH common_foyer_cabinet_01_door_gapbg_mesh 475/1281 | Building BVH
Fra:1 Mem:618.64M (Peak 618.80M) | Time:00:02.27 | Mem:256.36M, Peak:279.68M | Scene, ViewLayer | Updating Geometry BVH A_living_dining_balcony_dining_chair_05_legt1_mesh 1228/1281 | Building BVH
Fra:1 Mem:618.64M (Peak 618.80M) | Time:00:02.27 | Mem:256.36M, Peak:279.68M | Scene, ViewLayer | Updating Geometry BVH common_foyer_cabinet_01_door_f0l_mesh 476/1281 | Building BVH
Fra:1 Mem:618.64M (Peak 618.80M) | Time:00:02.27 | Mem:256.36M, Peak:279.68M | Scene, ViewLayer | Updating Geometry BVH common_foyer_cabinet_01_door_f0r_mesh 477/1281 | Building BVH
Fra:1 Mem:618.64M (Peak 618.80M) | Time:00:02.27 | Mem:256.38M, Peak:279.68M | Scene, ViewLayer | Updating Geometry BVH common_foyer_cabinet_01_door_f0b_mesh 478/1281 | Building BVH
Fra:1 Mem:618.64M (Peak 618.80M) | Time:00:02.27 | Mem:256.39M, Peak:279.68M | Scene, ViewLayer | Updating Geometry BVH common_foyer_cabinet_01_door_f0t_mesh 479/1281 | Building BVH
Fra:1 Mem:618.64M (Peak 618.80M) | Time:00:02.27 | Mem:256.41M, Peak:279.68M | Scene, ViewLayer | Updating Geometry BVH common_foyer_cabinet_01_door_f0c_mesh 480/1281 | Building BVH
Fra:1 Mem:618.64M (Peak 618.80M) | Time:00:02.27 | Mem:256.42M, Peak:279.68M | Scene, ViewLayer | Updating Geometry BVH common_foyer_cabinet_01_door_p0_mesh 481/1281 | Building BVH
Fra:1 Mem:618.64M (Peak 618.80M) | Time:00:02.27 | Mem:256.48M, Peak:279.68M | Scene, ViewLayer | Updating Geometry BVH common_foyer_cabinet_01_door_f1l_mesh 482/1281 | Building BVH
Fra:1 Mem:618.64M (Peak 618.80M) | Time:00:02.27 | Mem:256.47M, Peak:279.68M | Scene, ViewLayer | Updating Geometry BVH common_foyer_cabinet_01_door_f1r_mesh 483/1281 | Building BVH
Fra:1 Mem:618.64M (Peak 618.80M) | Time:00:02.27 | Mem:256.48M, Peak:279.68M | Scene, ViewLayer | Updating Geometry BVH common_foyer_cabinet_01_door_f1b_mesh 484/1281 | Building BVH
Fra:1 Mem:618.64M (Peak 618.80M) | Time:00:02.27 | Mem:256.50M, Peak:279.68M | Scene, ViewLayer | Updating Geometry BVH common_foyer_cabinet_01_door_f1t_mesh 485/1281 | Building BVH
Fra:1 Mem:618.64M (Peak 618.80M) | Time:00:02.27 | Mem:256.51M, Peak:279.68M | Scene, ViewLayer | Updating Geometry BVH common_foyer_cabinet_01_door_f1c_mesh 486/1281 | Building BVH
Fra:1 Mem:618.64M (Peak 618.80M) | Time:00:02.27 | Mem:256.56M, Peak:279.68M | Scene, ViewLayer | Updating Geometry BVH common_foyer_cabinet_01_door_p1_mesh 487/1281 | Building BVH
Fra:1 Mem:618.64M (Peak 618.80M) | Time:00:02.27 | Mem:256.58M, Peak:279.68M | Scene, ViewLayer | Updating Geometry BVH common_foyer_cabinet_01_door_f2l_mesh 488/1281 | Building BVH
Fra:1 Mem:618.64M (Peak 618.80M) | Time:00:02.27 | Mem:256.58M, Peak:279.68M | Scene, ViewLayer | Updating Geometry BVH common_foyer_cabinet_01_door_f2r_mesh 489/1281 | Building BVH
Fra:1 Mem:618.64M (Peak 618.80M) | Time:00:02.27 | Mem:256.58M, Peak:279.68M | Scene, ViewLayer | Updating Geometry BVH common_foyer_cabinet_01_door_f2b_mesh 490/1281 | Building BVH
Fra:1 Mem:618.64M (Peak 618.80M) | Time:00:02.27 | Mem:256.58M, Peak:279.68M | Scene, ViewLayer | Updating Geometry BVH common_foyer_cabinet_01_door_f2c_mesh 492/1281 | Building BVH
Fra:1 Mem:618.64M (Peak 618.80M) | Time:00:02.27 | Mem:256.59M, Peak:279.68M | Scene, ViewLayer | Updating Geometry BVH common_foyer_cabinet_01_door_p2_mesh 493/1281 | Building BVH
Fra:1 Mem:618.64M (Peak 618.80M) | Time:00:02.27 | Mem:256.66M, Peak:279.68M | Scene, ViewLayer | Updating Geometry BVH common_foyer_open_niche_01_back_mesh 494/1281 | Building BVH
Fra:1 Mem:618.64M (Peak 618.80M) | Time:00:02.27 | Mem:256.66M, Peak:279.68M | Scene, ViewLayer | Updating Geometry BVH A_living_dining_balcony_dining_chair_05_leg1_mesh 1227/1281 | Building BVH
Fra:1 Mem:618.64M (Peak 618.80M) | Time:00:02.27 | Mem:256.66M, Peak:279.68M | Scene, ViewLayer | Updating Geometry BVH common_foyer_open_niche_01_cheek0_mesh 495/1281 | Building BVH
Fra:1 Mem:618.64M (Peak 618.80M) | Time:00:02.27 | Mem:256.66M, Peak:279.68M | Scene, ViewLayer | Updating Geometry BVH common_foyer_open_niche_01_sh0_mesh 499/1281 | Building BVH
Fra:1 Mem:618.64M (Peak 618.80M) | Time:00:02.27 | Mem:256.66M, Peak:279.68M | Scene, ViewLayer | Updating Geometry BVH common_foyer_cabinet_02_body_mesh 500/1281 | Building BVH
Fra:1 Mem:618.64M (Peak 618.80M) | Time:00:02.27 | Mem:256.66M, Peak:279.68M | Scene, ViewLayer | Updating Geometry BVH common_foyer_cabinet_02_door_gapbg_mesh 501/1281 | Building BVH
Fra:1 Mem:618.64M (Peak 618.80M) | Time:00:02.27 | Mem:256.67M, Peak:279.68M | Scene, ViewLayer | Updating Geometry BVH common_foyer_cabinet_02_door_f0l_mesh 502/1281 | Building BVH
Fra:1 Mem:618.64M (Peak 618.80M) | Time:00:02.27 | Mem:256.67M, Peak:279.68M | Scene, ViewLayer | Updating Geometry BVH common_foyer_cabinet_02_door_f0r_mesh 503/1281 | Building BVH
Fra:1 Mem:618.64M (Peak 618.80M) | Time:00:02.27 | Mem:256.68M, Peak:279.68M | Scene, ViewLayer | Updating Geometry BVH common_foyer_cabinet_02_door_f0b_mesh 504/1281 | Building BVH
Fra:1 Mem:618.64M (Peak 618.80M) | Time:00:02.27 | Mem:256.74M, Peak:279.68M | Scene, ViewLayer | Updating Geometry BVH common_foyer_cabinet_02_door_f0t_mesh 505/1281 | Building BVH
Fra:1 Mem:618.64M (Peak 618.80M) | Time:00:02.27 | Mem:256.76M, Peak:279.68M | Scene, ViewLayer | Updating Geometry BVH common_foyer_cabinet_02_door_f0c_mesh 506/1281 | Building BVH
Fra:1 Mem:618.64M (Peak 618.80M) | Time:00:02.27 | Mem:256.81M, Peak:279.68M | Scene, ViewLayer | Updating Geometry BVH common_foyer_cabinet_02_door_p0_mesh 507/1281 | Building BVH
Fra:1 Mem:618.64M (Peak 618.80M) | Time:00:02.27 | Mem:256.82M, Peak:279.68M | Scene, ViewLayer | Updating Geometry BVH A_living_dining_balcony_dining_chair_05_legt0_mesh 1226/1281 | Building BVH
Fra:1 Mem:618.64M (Peak 618.80M) | Time:00:02.27 | Mem:256.82M, Peak:279.68M | Scene, ViewLayer | Updating Geometry BVH common_foyer_cabinet_02_door_f1r_mesh 509/1281 | Building BVH
Fra:1 Mem:618.64M (Peak 618.80M) | Time:00:02.27 | Mem:256.82M, Peak:279.68M | Scene, ViewLayer | Updating Geometry BVH common_foyer_cabinet_02_door_f1t_mesh 511/1281 | Building BVH
Fra:1 Mem:618.64M (Peak 618.80M) | Time:00:02.27 | Mem:256.82M, Peak:279.68M | Scene, ViewLayer | Updating Geometry BVH common_foyer_cabinet_02_door_f1b_mesh 510/1281 | Building BVH
Fra:1 Mem:618.64M (Peak 618.80M) | Time:00:02.27 | Mem:256.82M, Peak:279.68M | Scene, ViewLayer | Updating Geometry BVH common_foyer_cabinet_02_door_f1c_mesh 512/1281 | Building BVH
Fra:1 Mem:618.64M (Peak 618.80M) | Time:00:02.27 | Mem:256.82M, Peak:279.68M | Scene, ViewLayer | Updating Geometry BVH common_foyer_cabinet_02_door_p1_mesh 513/1281 | Building BVH
Fra:1 Mem:618.64M (Peak 618.80M) | Time:00:02.27 | Mem:256.83M, Peak:279.68M | Scene, ViewLayer | Updating Geometry BVH common_foyer_cabinet_02_door_f2l_mesh 514/1281 | Building BVH
Fra:1 Mem:618.64M (Peak 618.80M) | Time:00:02.27 | Mem:256.86M, Peak:279.68M | Scene, ViewLayer | Updating Geometry BVH common_foyer_cabinet_02_door_f2r_mesh 515/1281 | Building BVH
Fra:1 Mem:618.64M (Peak 618.80M) | Time:00:02.27 | Mem:256.95M, Peak:279.68M | Scene, ViewLayer | Updating Geometry BVH common_foyer_cabinet_02_door_f2b_mesh 516/1281 | Building BVH
Fra:1 Mem:618.64M (Peak 618.80M) | Time:00:02.27 | Mem:256.95M, Peak:279.68M | Scene, ViewLayer | Updating Geometry BVH common_foyer_cabinet_02_door_f2t_mesh 517/1281 | Building BVH
Fra:1 Mem:618.64M (Peak 618.80M) | Time:00:02.27 | Mem:256.95M, Peak:279.68M | Scene, ViewLayer | Updating Geometry BVH common_foyer_cabinet_02_door_f2c_mesh 518/1281 | Building BVH
Fra:1 Mem:618.64M (Peak 618.80M) | Time:00:02.27 | Mem:256.98M, Peak:279.68M | Scene, ViewLayer | Updating Geometry BVH common_foyer_cabinet_02_door_p2_mesh 519/1281 | Building BVH
Fra:1 Mem:618.64M (Peak 618.80M) | Time:00:02.27 | Mem:257.00M, Peak:279.68M | Scene, ViewLayer | Updating Geometry BVH common_foyer_mirror_door_01_mirror_mesh 520/1281 | Building BVH
Fra:1 Mem:618.64M (Peak 618.80M) | Time:00:02.27 | Mem:257.01M, Peak:279.68M | Scene, ViewLayer | Updating Geometry BVH common_foyer_mirror_door_01_fr0_mesh 521/1281 | Building BVH
Fra:1 Mem:618.64M (Peak 618.80M) | Time:00:02.27 | Mem:257.01M, Peak:279.68M | Scene, ViewLayer | Updating Geometry BVH common_foyer_mirror_door_01_fr1_mesh 522/1281 | Building BVH
Fra:1 Mem:618.64M (Peak 618.80M) | Time:00:02.27 | Mem:257.02M, Peak:279.68M | Scene, ViewLayer | Updating Geometry BVH common_foyer_mirror_door_01_fr2_mesh 523/1281 | Building BVH
Fra:1 Mem:618.64M (Peak 618.80M) | Time:00:02.27 | Mem:257.03M, Peak:279.68M | Scene, ViewLayer | Updating Geometry BVH common_foyer_mirror_door_01_fr3_mesh 524/1281 | Building BVH
Fra:1 Mem:618.64M (Peak 618.80M) | Time:00:02.27 | Mem:257.04M, Peak:279.68M | Scene, ViewLayer | Updating Geometry BVH common_foyer_mirror_door_01_pull_mesh 525/1281 | Building BVH
Fra:1 Mem:618.64M (Peak 618.80M) | Time:00:02.27 | Mem:257.06M, Peak:279.68M | Scene, ViewLayer | Updating Geometry BVH common_elevator_hall_cabinet_01_body_mesh 526/1281 | Building BVH
Fra:1 Mem:618.64M (Peak 618.80M) | Time:00:02.27 | Mem:257.06M, Peak:279.68M | Scene, ViewLayer | Updating Geometry BVH common_elevator_hall_cabinet_01_door_gapbg_mesh 527/1281 | Building BVH
Fra:1 Mem:618.64M (Peak 618.80M) | Time:00:02.27 | Mem:257.07M, Peak:279.68M | Scene, ViewLayer | Updating Geometry BVH common_elevator_hall_cabinet_01_door_f0r_mesh 529/1281 | Building BVH
Fra:1 Mem:618.64M (Peak 618.80M) | Time:00:02.27 | Mem:257.07M, Peak:279.68M | Scene, ViewLayer | Updating Geometry BVH common_elevator_hall_cabinet_01_door_f0b_mesh 530/1281 | Building BVH
Fra:1 Mem:618.64M (Peak 618.80M) | Time:00:02.27 | Mem:257.07M, Peak:279.68M | Scene, ViewLayer | Updating Geometry BVH common_elevator_hall_cabinet_01_door_f0t_mesh 531/1281 | Building BVH
Fra:1 Mem:618.64M (Peak 618.80M) | Time:00:02.27 | Mem:257.07M, Peak:279.68M | Scene, ViewLayer | Updating Geometry BVH common_elevator_hall_cabinet_01_door_f0c_mesh 532/1281 | Building BVH
Fra:1 Mem:618.64M (Peak 618.80M) | Time:00:02.27 | Mem:257.07M, Peak:279.68M | Scene, ViewLayer | Updating Geometry BVH common_living_dining_balcony_bookcase_01_body_mesh 534/1281 | Building BVH
Fra:1 Mem:618.64M (Peak 618.80M) | Time:00:02.27 | Mem:257.07M, Peak:279.68M | Scene, ViewLayer | Updating Geometry BVH common_living_dining_balcony_bookcase_01_drw_gapbg_mesh 535/1281 | Building BVH
Fra:1 Mem:618.64M (Peak 618.80M) | Time:00:02.27 | Mem:257.09M, Peak:279.68M | Scene, ViewLayer | Updating Geometry BVH common_living_dining_balcony_bookcase_01_drw_f0_mesh 536/1281 | Building BVH
Fra:1 Mem:618.64M (Peak 618.80M) | Time:00:02.28 | Mem:257.19M, Peak:279.68M | Scene, ViewLayer | Updating Geometry BVH common_living_dining_balcony_bookcase_01_drw_slot0_mesh 537/1281 | Building BVH
Fra:1 Mem:618.64M (Peak 618.80M) | Time:00:02.28 | Mem:257.19M, Peak:279.68M | Scene, ViewLayer | Updating Geometry BVH common_living_dining_balcony_bookcase_01_drw_f1_mesh 538/1281 | Building BVH
Fra:1 Mem:618.65M (Peak 618.80M) | Time:00:02.28 | Mem:257.18M, Peak:279.68M | Scene, ViewLayer | Updating Geometry BVH common_living_dining_balcony_bookcase_01_drw_slot1_mesh 539/1281 | Building BVH
Fra:1 Mem:618.65M (Peak 618.80M) | Time:00:02.28 | Mem:257.19M, Peak:279.68M | Scene, ViewLayer | Updating Geometry BVH common_living_dining_balcony_bookcase_01_drw_f2_mesh 540/1281 | Building BVH
Fra:1 Mem:618.65M (Peak 618.80M) | Time:00:02.28 | Mem:257.20M, Peak:279.68M | Scene, ViewLayer | Updating Geometry BVH common_living_dining_balcony_bookcase_01_drw_slot2_mesh 541/1281 | Building BVH
Fra:1 Mem:618.65M (Peak 618.80M) | Time:00:02.28 | Mem:257.24M, Peak:279.68M | Scene, ViewLayer | Updating Geometry BVH common_living_dining_balcony_bookcase_02_back_mesh 542/1281 | Building BVH
Fra:1 Mem:618.65M (Peak 618.80M) | Time:00:02.28 | Mem:257.25M, Peak:279.68M | Scene, ViewLayer | Updating Geometry BVH common_living_dining_balcony_bookcase_02_top_mesh 543/1281 | Building BVH
Fra:1 Mem:618.65M (Peak 618.80M) | Time:00:02.28 | Mem:257.25M, Peak:279.68M | Scene, ViewLayer | Updating Geometry BVH common_living_dining_balcony_bookcase_02_bot_mesh 544/1281 | Building BVH
Fra:1 Mem:618.65M (Peak 618.80M) | Time:00:02.28 | Mem:257.25M, Peak:279.68M | Scene, ViewLayer | Updating Geometry BVH common_living_dining_balcony_bookcase_02_endS_mesh 545/1281 | Building BVH
Fra:1 Mem:618.65M (Peak 618.80M) | Time:00:02.28 | Mem:257.26M, Peak:279.68M | Scene, ViewLayer | Updating Geometry BVH common_living_dining_balcony_bookcase_02_endN_mesh 546/1281 | Building BVH
Fra:1 Mem:618.65M (Peak 618.80M) | Time:00:02.28 | Mem:257.26M, Peak:279.68M | Scene, ViewLayer | Updating Geometry BVH A_living_dining_balcony_dining_chair_05_leg0_mesh 1225/1281 | Building BVH
Fra:1 Mem:618.65M (Peak 618.80M) | Time:00:02.28 | Mem:257.27M, Peak:279.68M | Scene, ViewLayer | Updating Geometry BVH common_living_dining_balcony_bookcase_02_door_gapbg_mesh 549/1281 | Building BVH
Fra:1 Mem:618.65M (Peak 618.80M) | Time:00:02.28 | Mem:257.27M, Peak:279.68M | Scene, ViewLayer | Updating Geometry BVH common_living_dining_balcony_bookcase_02_div2_mesh 548/1281 | Building BVH
Fra:1 Mem:618.65M (Peak 618.80M) | Time:00:02.28 | Mem:257.31M, Peak:279.68M | Scene, ViewLayer | Updating Geometry BVH common_living_dining_balcony_bookcase_02_door_f0_mesh 550/1281 | Building BVH
Fra:1 Mem:618.65M (Peak 618.80M) | Time:00:02.28 | Mem:257.31M, Peak:279.68M | Scene, ViewLayer | Updating Geometry BVH common_living_dining_balcony_bookcase_02_door_p0_mesh 551/1281 | Building BVH
Fra:1 Mem:618.65M (Peak 618.80M) | Time:00:02.28 | Mem:257.33M, Peak:279.68M | Scene, ViewLayer | Updating Geometry BVH common_living_dining_balcony_bookcase_02_shelf0_mesh 552/1281 | Building BVH
Fra:1 Mem:618.65M (Peak 618.80M) | Time:00:02.28 | Mem:257.33M, Peak:279.68M | Scene, ViewLayer | Updating Geometry BVH common_living_dining_balcony_bookcase_02_shelf1_mesh 553/1281 | Building BVH
Fra:1 Mem:618.65M (Peak 618.80M) | Time:00:02.28 | Mem:257.35M, Peak:279.68M | Scene, ViewLayer | Updating Geometry BVH A_living_dining_balcony_dining_chair_05_seat_mesh 1224/1281 | Building BVH
Fra:1 Mem:618.65M (Peak 618.80M) | Time:00:02.28 | Mem:257.39M, Peak:279.68M | Scene, ViewLayer | Updating Geometry BVH common_living_dining_balcony_bookcase_02_shelf2_mesh 554/1281 | Building BVH
Fra:1 Mem:618.65M (Peak 618.80M) | Time:00:02.28 | Mem:257.38M, Peak:279.68M | Scene, ViewLayer | Updating Geometry BVH common_living_dining_balcony_bookcase_02_shelf3_mesh 555/1281 | Building BVH
Fra:1 Mem:618.65M (Peak 618.80M) | Time:00:02.28 | Mem:257.40M, Peak:279.68M | Scene, ViewLayer | Updating Geometry BVH common_living_dining_balcony_bookcase_02_gshelf0_mesh 556/1281 | Building BVH
Fra:1 Mem:618.65M (Peak 618.80M) | Time:00:02.28 | Mem:257.40M, Peak:279.68M | Scene, ViewLayer | Updating Geometry BVH common_living_dining_balcony_bookcase_02_gshelf1_mesh 557/1281 | Building BVH
Fra:1 Mem:618.65M (Peak 618.80M) | Time:00:02.28 | Mem:257.40M, Peak:279.68M | Scene, ViewLayer | Updating Geometry BVH A_living_dining_balcony_dining_chair_05_back_mesh 1223/1281 | Building BVH
Fra:1 Mem:618.65M (Peak 618.80M) | Time:00:02.28 | Mem:257.40M, Peak:279.68M | Scene, ViewLayer | Updating Geometry BVH common_living_dining_balcony_bookcase_02_gf_stS_mesh 558/1281 | Building BVH
Fra:1 Mem:618.65M (Peak 618.80M) | Time:00:02.28 | Mem:257.42M, Peak:279.68M | Scene, ViewLayer | Updating Geometry BVH common_living_dining_balcony_bookcase_02_gf_stN_mesh 559/1281 | Building BVH
Fra:1 Mem:618.65M (Peak 618.80M) | Time:00:02.28 | Mem:257.45M, Peak:279.68M | Scene, ViewLayer | Updating Geometry BVH common_living_dining_balcony_bookcase_02_gf_rlB_mesh 560/1281 | Building BVH
Fra:1 Mem:618.65M (Peak 618.80M) | Time:00:02.28 | Mem:257.48M, Peak:279.68M | Scene, ViewLayer | Updating Geometry BVH common_living_dining_balcony_bookcase_02_gf_rlT_mesh 561/1281 | Building BVH
Fra:1 Mem:618.65M (Peak 618.80M) | Time:00:02.28 | Mem:257.48M, Peak:279.68M | Scene, ViewLayer | Updating Geometry BVH common_living_dining_balcony_bookcase_02_gpane_mesh 562/1281 | Building BVH
Fra:1 Mem:618.65M (Peak 618.80M) | Time:00:02.28 | Mem:257.48M, Peak:279.68M | Scene, ViewLayer | Updating Geometry BVH common_living_dining_balcony_bookcase_02_gknob_mesh 563/1281 | Building BVH
Fra:1 Mem:618.65M (Peak 618.80M) | Time:00:02.28 | Mem:257.49M, Peak:279.68M | Scene, ViewLayer | Updating Geometry BVH common_living_dining_balcony_laundry_cabinet_01_body_mesh 564/1281 | Building BVH
Fra:1 Mem:618.65M (Peak 618.80M) | Time:00:02.28 | Mem:257.53M, Peak:279.68M | Scene, ViewLayer | Updating Geometry BVH common_living_dining_balcony_laundry_cabinet_01_door_gapbg_mesh 565/1281 | Building BVH
Fra:1 Mem:618.65M (Peak 618.80M) | Time:00:02.28 | Mem:257.53M, Peak:279.68M | Scene, ViewLayer | Updating Geometry BVH common_living_dining_balcony_laundry_cabinet_01_door_f0l_mesh 566/1281 | Building BVH
Fra:1 Mem:618.65M (Peak 618.80M) | Time:00:02.28 | Mem:257.53M, Peak:279.68M | Scene, ViewLayer | Updating Geometry BVH common_living_dining_balcony_laundry_cabinet_01_door_f0r_mesh 567/1281 | Building BVH
Fra:1 Mem:618.65M (Peak 618.80M) | Time:00:02.28 | Mem:257.53M, Peak:279.68M | Scene, ViewLayer | Updating Geometry BVH common_living_dining_balcony_laundry_cabinet_01_door_f0b_mesh 568/1281 | Building BVH
Fra:1 Mem:618.65M (Peak 618.80M) | Time:00:02.28 | Mem:257.59M, Peak:279.68M | Scene, ViewLayer | Updating Geometry BVH common_living_dining_balcony_laundry_cabinet_01_door_f0t_mesh 569/1281 | Building BVH
Fra:1 Mem:618.65M (Peak 618.80M) | Time:00:02.28 | Mem:257.59M, Peak:279.68M | Scene, ViewLayer | Updating Geometry BVH common_living_dining_balcony_laundry_cabinet_01_door_f0c_mesh 570/1281 | Building BVH
Fra:1 Mem:618.65M (Peak 618.80M) | Time:00:02.28 | Mem:257.63M, Peak:279.68M | Scene, ViewLayer | Updating Geometry BVH common_living_dining_balcony_laundry_cabinet_01_door_f1l_mesh 572/1281 | Building BVH
Fra:1 Mem:618.65M (Peak 618.80M) | Time:00:02.28 | Mem:257.63M, Peak:279.68M | Scene, ViewLayer | Updating Geometry BVH common_living_dining_balcony_laundry_cabinet_01_door_f1r_mesh 573/1281 | Building BVH
Fra:1 Mem:618.65M (Peak 618.80M) | Time:00:02.28 | Mem:257.63M, Peak:279.68M | Scene, ViewLayer | Updating Geometry BVH common_living_dining_balcony_laundry_cabinet_01_door_f1b_mesh 574/1281 | Building BVH
Fra:1 Mem:618.65M (Peak 618.80M) | Time:00:02.28 | Mem:257.64M, Peak:279.68M | Scene, ViewLayer | Updating Geometry BVH common_living_dining_balcony_laundry_cabinet_01_door_f1t_mesh 575/1281 | Building BVH
Fra:1 Mem:618.65M (Peak 618.80M) | Time:00:02.28 | Mem:257.67M, Peak:279.68M | Scene, ViewLayer | Updating Geometry BVH common_living_dining_balcony_laundry_cabinet_01_door_f1c_mesh 576/1281 | Building BVH
Fra:1 Mem:618.65M (Peak 618.80M) | Time:00:02.28 | Mem:257.67M, Peak:279.68M | Scene, ViewLayer | Updating Geometry BVH common_living_dining_balcony_laundry_cabinet_01_door_p0_mesh 571/1281 | Building BVH
Fra:1 Mem:618.65M (Peak 618.80M) | Time:00:02.28 | Mem:257.72M, Peak:279.68M | Scene, ViewLayer | Updating Geometry BVH common_master_bedroom_wardrobe_01_body_mesh 578/1281 | Building BVH
Fra:1 Mem:618.65M (Peak 618.80M) | Time:00:02.28 | Mem:257.72M, Peak:279.68M | Scene, ViewLayer | Updating Geometry BVH common_master_bedroom_wardrobe_01_door_gapbg_mesh 579/1281 | Building BVH
Fra:1 Mem:618.65M (Peak 618.80M) | Time:00:02.28 | Mem:257.74M, Peak:279.68M | Scene, ViewLayer | Updating Geometry BVH common_master_bedroom_wardrobe_01_door_f0l_mesh 580/1281 | Building BVH
Fra:1 Mem:618.65M (Peak 618.80M) | Time:00:02.28 | Mem:257.75M, Peak:279.68M | Scene, ViewLayer | Updating Geometry BVH common_master_bedroom_wardrobe_01_door_f0r_mesh 581/1281 | Building BVH
Fra:1 Mem:618.65M (Peak 618.80M) | Time:00:02.28 | Mem:257.78M, Peak:279.68M | Scene, ViewLayer | Updating Geometry BVH common_master_bedroom_wardrobe_01_door_f0b_mesh 582/1281 | Building BVH
Fra:1 Mem:618.65M (Peak 618.80M) | Time:00:02.28 | Mem:257.78M, Peak:279.68M | Scene, ViewLayer | Updating Geometry BVH A_living_dining_balcony_dining_chair_04_armf1_mesh 1222/1281 | Building BVH
Fra:1 Mem:618.65M (Peak 618.80M) | Time:00:02.28 | Mem:257.80M, Peak:279.68M | Scene, ViewLayer | Updating Geometry BVH common_master_bedroom_wardrobe_01_door_f0t_mesh 583/1281 | Building BVH
Fra:1 Mem:618.65M (Peak 618.80M) | Time:00:02.28 | Mem:257.81M, Peak:279.68M | Scene, ViewLayer | Updating Geometry BVH common_master_bedroom_wardrobe_01_door_f0c_mesh 584/1281 | Building BVH
Fra:1 Mem:618.65M (Peak 618.80M) | Time:00:02.28 | Mem:257.82M, Peak:279.68M | Scene, ViewLayer | Updating Geometry BVH common_master_bedroom_wardrobe_01_door_p0_mesh 585/1281 | Building BVH
Fra:1 Mem:618.65M (Peak 618.80M) | Time:00:02.28 | Mem:257.84M, Peak:279.68M | Scene, ViewLayer | Updating Geometry BVH common_master_bedroom_wardrobe_01_door_f1l_mesh 586/1281 | Building BVH
Fra:1 Mem:618.65M (Peak 618.80M) | Time:00:02.28 | Mem:257.84M, Peak:279.68M | Scene, ViewLayer | Updating Geometry BVH common_master_bedroom_wardrobe_01_door_f1r_mesh 587/1281 | Building BVH
Fra:1 Mem:618.65M (Peak 618.80M) | Time:00:02.28 | Mem:257.84M, Peak:279.68M | Scene, ViewLayer | Updating Geometry BVH common_master_bedroom_wardrobe_01_door_f1b_mesh 588/1281 | Building BVH
Fra:1 Mem:618.65M (Peak 618.80M) | Time:00:02.28 | Mem:257.84M, Peak:279.68M | Scene, ViewLayer | Updating Geometry BVH common_master_bedroom_wardrobe_01_door_f1t_mesh 589/1281 | Building BVH
Fra:1 Mem:618.65M (Peak 618.80M) | Time:00:02.28 | Mem:257.84M, Peak:279.68M | Scene, ViewLayer | Updating Geometry BVH common_master_bedroom_wardrobe_01_door_f1c_mesh 590/1281 | Building BVH
Fra:1 Mem:618.65M (Peak 618.80M) | Time:00:02.28 | Mem:257.85M, Peak:279.68M | Scene, ViewLayer | Updating Geometry BVH common_master_bedroom_wardrobe_01_door_p1_mesh 591/1281 | Building BVH
Fra:1 Mem:618.65M (Peak 618.80M) | Time:00:02.28 | Mem:257.89M, Peak:279.68M | Scene, ViewLayer | Updating Geometry BVH common_master_bedroom_wardrobe_01_door_f2l_mesh 592/1281 | Building BVH
Fra:1 Mem:618.65M (Peak 618.80M) | Time:00:02.28 | Mem:257.92M, Peak:279.68M | Scene, ViewLayer | Updating Geometry BVH common_master_bedroom_wardrobe_01_door_f2r_mesh 593/1281 | Building BVH
Fra:1 Mem:618.65M (Peak 618.80M) | Time:00:02.29 | Mem:257.92M, Peak:279.68M | Scene, ViewLayer | Updating Geometry BVH common_master_bedroom_wardrobe_01_door_f2b_mesh 594/1281 | Building BVH
Fra:1 Mem:618.65M (Peak 618.80M) | Time:00:02.29 | Mem:257.92M, Peak:279.68M | Scene, ViewLayer | Updating Geometry BVH common_master_bedroom_wardrobe_01_door_f2t_mesh 595/1281 | Building BVH
Fra:1 Mem:618.65M (Peak 618.80M) | Time:00:02.29 | Mem:257.94M, Peak:279.68M | Scene, ViewLayer | Updating Geometry BVH A_living_dining_balcony_dining_chair_04_arm1_mesh 1221/1281 | Building BVH
Fra:1 Mem:618.65M (Peak 618.80M) | Time:00:02.29 | Mem:257.95M, Peak:279.68M | Scene, ViewLayer | Updating Geometry BVH common_master_bedroom_wardrobe_01_door_f2c_mesh 596/1281 | Building BVH
Fra:1 Mem:618.65M (Peak 618.80M) | Time:00:02.29 | Mem:257.96M, Peak:279.68M | Scene, ViewLayer | Updating Geometry BVH common_master_bedroom_wardrobe_01_door_p2_mesh 597/1281 | Building BVH
Fra:1 Mem:618.65M (Peak 618.80M) | Time:00:02.29 | Mem:258.04M, Peak:279.68M | Scene, ViewLayer | Updating Geometry BVH common_master_bedroom_wardrobe_01_door_f3l_mesh 598/1281 | Building BVH
Fra:1 Mem:618.65M (Peak 618.80M) | Time:00:02.29 | Mem:258.03M, Peak:279.68M | Scene, ViewLayer | Updating Geometry BVH common_master_bedroom_wardrobe_01_door_f3b_mesh 600/1281 | Building BVH
Fra:1 Mem:618.65M (Peak 618.80M) | Time:00:02.29 | Mem:258.03M, Peak:279.68M | Scene, ViewLayer | Updating Geometry BVH common_master_bedroom_wardrobe_01_door_f3r_mesh 599/1281 | Building BVH
Fra:1 Mem:618.65M (Peak 618.80M) | Time:00:02.29 | Mem:258.03M, Peak:279.68M | Scene, ViewLayer | Updating Geometry BVH common_master_bedroom_wardrobe_01_door_f3t_mesh 601/1281 | Building BVH
Fra:1 Mem:618.65M (Peak 618.80M) | Time:00:02.29 | Mem:258.05M, Peak:279.68M | Scene, ViewLayer | Updating Geometry BVH common_master_bedroom_wardrobe_01_door_f3c_mesh 602/1281 | Building BVH
Fra:1 Mem:618.65M (Peak 618.80M) | Time:00:02.29 | Mem:258.05M, Peak:279.68M | Scene, ViewLayer | Updating Geometry BVH A_living_dining_balcony_dining_chair_04_armf0_mesh 1220/1281 | Building BVH
Fra:1 Mem:618.65M (Peak 618.80M) | Time:00:02.29 | Mem:258.06M, Peak:279.68M | Scene, ViewLayer | Updating Geometry BVH common_master_bedroom_wardrobe_01_door_p3_mesh 603/1281 | Building BVH
Fra:1 Mem:618.65M (Peak 618.80M) | Time:00:02.29 | Mem:258.07M, Peak:279.68M | Scene, ViewLayer | Updating Geometry BVH common_master_bedroom_wardrobe_01_door_f4l_mesh 604/1281 | Building BVH
Fra:1 Mem:618.65M (Peak 618.80M) | Time:00:02.29 | Mem:258.09M, Peak:279.68M | Scene, ViewLayer | Updating Geometry BVH common_master_bedroom_wardrobe_01_door_f4r_mesh 605/1281 | Building BVH
Fra:1 Mem:618.65M (Peak 618.80M) | Time:00:02.29 | Mem:258.15M, Peak:279.68M | Scene, ViewLayer | Updating Geometry BVH common_master_bedroom_wardrobe_01_door_f4b_mesh 606/1281 | Building BVH
Fra:1 Mem:618.65M (Peak 618.80M) | Time:00:02.29 | Mem:258.17M, Peak:279.68M | Scene, ViewLayer | Updating Geometry BVH common_master_bedroom_wardrobe_01_door_f4t_mesh 607/1281 | Building BVH
Fra:1 Mem:618.65M (Peak 618.80M) | Time:00:02.29 | Mem:258.18M, Peak:279.68M | Scene, ViewLayer | Updating Geometry BVH common_master_bedroom_wardrobe_01_door_f4c_mesh 608/1281 | Building BVH
Fra:1 Mem:618.65M (Peak 618.80M) | Time:00:02.29 | Mem:258.18M, Peak:279.68M | Scene, ViewLayer | Updating Geometry BVH common_master_bedroom_wardrobe_01_door_p4_mesh 609/1281 | Building BVH
Fra:1 Mem:618.65M (Peak 618.80M) | Time:00:02.29 | Mem:258.20M, Peak:279.68M | Scene, ViewLayer | Updating Geometry BVH common_master_bedroom_wardrobe_01_door_f5l_mesh 610/1281 | Building BVH
Fra:1 Mem:618.65M (Peak 618.80M) | Time:00:02.29 | Mem:258.21M, Peak:279.68M | Scene, ViewLayer | Updating Geometry BVH common_master_bedroom_wardrobe_01_door_f5r_mesh 611/1281 | Building BVH
Fra:1 Mem:618.65M (Peak 618.80M) | Time:00:02.29 | Mem:258.23M, Peak:279.68M | Scene, ViewLayer | Updating Geometry BVH common_master_bedroom_wardrobe_01_door_f5b_mesh 612/1281 | Building BVH
Fra:1 Mem:618.65M (Peak 618.80M) | Time:00:02.29 | Mem:258.24M, Peak:279.68M | Scene, ViewLayer | Updating Geometry BVH common_master_bedroom_wardrobe_01_door_f5t_mesh 613/1281 | Building BVH
Fra:1 Mem:618.65M (Peak 618.80M) | Time:00:02.29 | Mem:258.28M, Peak:279.68M | Scene, ViewLayer | Updating Geometry BVH common_master_bedroom_wardrobe_01_door_f5c_mesh 614/1281 | Building BVH
Fra:1 Mem:618.65M (Peak 618.80M) | Time:00:02.29 | Mem:258.28M, Peak:279.68M | Scene, ViewLayer | Updating Geometry BVH common_master_bedroom_wardrobe_01_door_p5_mesh 615/1281 | Building BVH
Fra:1 Mem:618.65M (Peak 618.80M) | Time:00:02.29 | Mem:258.28M, Peak:279.68M | Scene, ViewLayer | Updating Geometry BVH common_master_bedroom_wardrobe_01_door_f6l_mesh 616/1281 | Building BVH
Fra:1 Mem:618.65M (Peak 618.80M) | Time:00:02.29 | Mem:258.29M, Peak:279.68M | Scene, ViewLayer | Updating Geometry BVH common_master_bedroom_wardrobe_01_door_f6r_mesh 617/1281 | Building BVH
Fra:1 Mem:618.65M (Peak 618.80M) | Time:00:02.29 | Mem:258.32M, Peak:279.68M | Scene, ViewLayer | Updating Geometry BVH common_master_bedroom_wardrobe_01_door_f6b_mesh 618/1281 | Building BVH
Fra:1 Mem:618.65M (Peak 618.80M) | Time:00:02.29 | Mem:258.33M, Peak:279.68M | Scene, ViewLayer | Updating Geometry BVH common_master_bedroom_wardrobe_01_door_f6t_mesh 619/1281 | Building BVH
Fra:1 Mem:618.65M (Peak 618.80M) | Time:00:02.29 | Mem:258.33M, Peak:279.68M | Scene, ViewLayer | Updating Geometry BVH common_master_bedroom_wardrobe_01_door_p6_mesh 621/1281 | Building BVH
Fra:1 Mem:618.65M (Peak 618.80M) | Time:00:02.29 | Mem:258.39M, Peak:279.68M | Scene, ViewLayer | Updating Geometry BVH common_master_bedroom_open_niche_01_back_mesh 622/1281 | Building BVH
Fra:1 Mem:618.65M (Peak 618.80M) | Time:00:02.29 | Mem:258.39M, Peak:279.68M | Scene, ViewLayer | Updating Geometry BVH common_master_bedroom_open_niche_01_cheek0_mesh 623/1281 | Building BVH
Fra:1 Mem:618.65M (Peak 618.80M) | Time:00:02.29 | Mem:258.41M, Peak:279.68M | Scene, ViewLayer | Updating Geometry BVH common_master_bedroom_open_niche_01_cheek1_mesh 624/1281 | Building BVH
Fra:1 Mem:618.65M (Peak 618.80M) | Time:00:02.29 | Mem:258.41M, Peak:279.68M | Scene, ViewLayer | Updating Geometry BVH common_master_bedroom_open_niche_01_top_mesh 625/1281 | Building BVH
Fra:1 Mem:618.65M (Peak 618.80M) | Time:00:02.29 | Mem:258.41M, Peak:279.68M | Scene, ViewLayer | Updating Geometry BVH common_master_bedroom_open_niche_01_bottom_mesh 626/1281 | Building BVH
Fra:1 Mem:618.65M (Peak 618.80M) | Time:00:02.29 | Mem:258.41M, Peak:279.68M | Scene, ViewLayer | Updating Geometry BVH common_master_bedroom_open_niche_01_sh1_mesh 628/1281 | Building BVH
Fra:1 Mem:618.65M (Peak 618.80M) | Time:00:02.29 | Mem:258.41M, Peak:279.68M | Scene, ViewLayer | Updating Geometry BVH common_master_bedroom_open_niche_01_sh0_mesh 627/1281 | Building BVH
Fra:1 Mem:618.65M (Peak 618.80M) | Time:00:02.29 | Mem:258.42M, Peak:279.68M | Scene, ViewLayer | Updating Geometry BVH common_master_bedroom_open_niche_01_sh2_mesh 629/1281 | Building BVH
Fra:1 Mem:618.65M (Peak 618.80M) | Time:00:02.29 | Mem:258.43M, Peak:279.68M | Scene, ViewLayer | Updating Geometry BVH common_master_bath_vanity_01_cab_mesh 630/1281 | Building BVH
Fra:1 Mem:618.65M (Peak 618.80M) | Time:00:02.29 | Mem:258.45M, Peak:279.68M | Scene, ViewLayer | Updating Geometry BVH common_master_bath_vanity_01_drw_gapbg_mesh 631/1281 | Building BVH
Fra:1 Mem:618.65M (Peak 618.80M) | Time:00:02.29 | Mem:258.46M, Peak:279.68M | Scene, ViewLayer | Updating Geometry BVH common_master_bath_vanity_01_drw_f0_mesh 632/1281 | Building BVH
Fra:1 Mem:618.65M (Peak 618.80M) | Time:00:02.29 | Mem:258.46M, Peak:279.68M | Scene, ViewLayer | Updating Geometry BVH common_master_bath_vanity_01_drw_f1_mesh 634/1281 | Building BVH
Fra:1 Mem:618.65M (Peak 618.80M) | Time:00:02.29 | Mem:258.47M, Peak:279.68M | Scene, ViewLayer | Updating Geometry BVH A_living_dining_balcony_dining_chair_04_arm0_mesh 1219/1281 | Building BVH
Fra:1 Mem:618.65M (Peak 618.80M) | Time:00:02.29 | Mem:258.47M, Peak:279.68M | Scene, ViewLayer | Updating Geometry BVH common_master_bath_vanity_01_drw_p1_mesh 635/1281 | Building BVH
Fra:1 Mem:618.65M (Peak 618.80M) | Time:00:02.29 | Mem:258.50M, Peak:279.68M | Scene, ViewLayer | Updating Geometry BVH common_master_bath_vanity_01_top_s1_mesh 636/1281 | Building BVH
Fra:1 Mem:618.65M (Peak 618.80M) | Time:00:02.29 | Mem:258.50M, Peak:279.68M | Scene, ViewLayer | Updating Geometry BVH common_master_bath_vanity_01_top_s2_mesh 637/1281 | Building BVH
Fra:1 Mem:618.65M (Peak 618.80M) | Time:00:02.29 | Mem:258.57M, Peak:279.68M | Scene, ViewLayer | Updating Geometry BVH common_master_bath_vanity_01_top_s3_mesh 638/1281 | Building BVH
Fra:1 Mem:618.65M (Peak 618.80M) | Time:00:02.29 | Mem:258.61M, Peak:279.68M | Scene, ViewLayer | Updating Geometry BVH common_master_bath_vanity_01_top_s4_mesh 639/1281 | Building BVH
Fra:1 Mem:618.65M (Peak 618.80M) | Time:00:02.29 | Mem:258.61M, Peak:279.68M | Scene, ViewLayer | Updating Geometry BVH common_master_bath_vanity_01_bowlW_mesh 640/1281 | Building BVH
Fra:1 Mem:618.65M (Peak 618.80M) | Time:00:02.29 | Mem:258.61M, Peak:279.68M | Scene, ViewLayer | Updating Geometry BVH common_master_bath_vanity_01_bowlE_mesh 641/1281 | Building BVH
Fra:1 Mem:618.65M (Peak 618.80M) | Time:00:02.29 | Mem:258.68M, Peak:279.68M | Scene, ViewLayer | Updating Geometry BVH common_master_bath_vanity_01_bowlN_mesh 642/1281 | Building BVH
Fra:1 Mem:618.65M (Peak 618.80M) | Time:00:02.29 | Mem:258.68M, Peak:279.68M | Scene, ViewLayer | Updating Geometry BVH common_master_bath_vanity_01_bowlB_mesh 644/1281 | Building BVH
Fra:1 Mem:618.65M (Peak 618.80M) | Time:00:02.29 | Mem:258.68M, Peak:279.68M | Scene, ViewLayer | Updating Geometry BVH common_master_bath_vanity_01_fc_base_mesh 645/1281 | Building BVH
Fra:1 Mem:618.65M (Peak 618.80M) | Time:00:02.29 | Mem:258.72M, Peak:279.68M | Scene, ViewLayer | Updating Geometry BVH common_master_bath_vanity_01_fc_riser_mesh 646/1281 | Building BVH
Fra:1 Mem:618.65M (Peak 618.80M) | Time:00:02.29 | Mem:258.71M, Peak:279.68M | Scene, ViewLayer | Updating Geometry BVH common_master_bath_vanity_01_fc_spout_mesh 647/1281 | Building BVH
Fra:1 Mem:618.65M (Peak 618.80M) | Time:00:02.29 | Mem:258.72M, Peak:279.68M | Scene, ViewLayer | Updating Geometry BVH common_master_bath_vanity_01_fc_tip_mesh 648/1281 | Building BVH
Fra:1 Mem:618.65M (Peak 618.80M) | Time:00:02.29 | Mem:258.73M, Peak:279.68M | Scene, ViewLayer | Updating Geometry BVH common_master_bath_mirror_cabinet_01_body_mesh 649/1281 | Building BVH
Fra:1 Mem:618.65M (Peak 618.80M) | Time:00:02.29 | Mem:258.74M, Peak:279.68M | Scene, ViewLayer | Updating Geometry BVH common_master_bath_mirror_cabinet_01_mir_f0_mesh 650/1281 | Building BVH
Fra:1 Mem:618.65M (Peak 618.80M) | Time:00:02.29 | Mem:258.76M, Peak:279.68M | Scene, ViewLayer | Updating Geometry BVH A_living_dining_balcony_dining_chair_04_legt3_mesh 1218/1281 | Building BVH
Fra:1 Mem:618.65M (Peak 618.80M) | Time:00:02.29 | Mem:258.77M, Peak:279.68M | Scene, ViewLayer | Updating Geometry BVH common_master_bath_toilet_01_base_mesh 651/1281 | Building BVH
Fra:1 Mem:618.65M (Peak 618.80M) | Time:00:02.29 | Mem:258.77M, Peak:279.68M | Scene, ViewLayer | Updating Geometry BVH common_master_bath_toilet_01_seat_mesh 652/1281 | Building BVH
Fra:1 Mem:618.65M (Peak 618.80M) | Time:00:02.29 | Mem:258.78M, Peak:279.68M | Scene, ViewLayer | Updating Geometry BVH common_master_bath_toilet_01_tank_mesh 653/1281 | Building BVH
Fra:1 Mem:618.65M (Peak 618.80M) | Time:00:02.29 | Mem:258.81M, Peak:279.68M | Scene, ViewLayer | Updating Geometry BVH common_master_bath_glass_partition_01_fr0_mesh 654/1281 | Building BVH
Fra:1 Mem:618.65M (Peak 618.80M) | Time:00:02.29 | Mem:258.82M, Peak:279.68M | Scene, ViewLayer | Updating Geometry BVH common_master_bath_glass_partition_01_fr1_mesh 655/1281 | Building BVH
Fra:1 Mem:618.65M (Peak 618.80M) | Time:00:02.29 | Mem:258.84M, Peak:279.68M | Scene, ViewLayer | Updating Geometry BVH common_master_bath_glass_partition_01_fr2_mesh 656/1281 | Building BVH
Fra:1 Mem:618.65M (Peak 618.80M) | Time:00:02.29 | Mem:258.85M, Peak:279.68M | Scene, ViewLayer | Updating Geometry BVH common_master_bath_glass_partition_01_fr4_mesh 658/1281 | Building BVH
Fra:1 Mem:618.65M (Peak 618.80M) | Time:00:02.29 | Mem:258.86M, Peak:279.68M | Scene, ViewLayer | Updating Geometry BVH common_master_bath_shower_floor_01_pan_mesh 659/1281 | Building BVH
Fra:1 Mem:618.65M (Peak 618.80M) | Time:00:02.29 | Mem:258.86M, Peak:279.68M | Scene, ViewLayer | Updating Geometry BVH common_master_bath_shower_floor_01_drain_mesh 660/1281 | Building BVH
Fra:1 Mem:618.65M (Peak 618.80M) | Time:00:02.30 | Mem:258.87M, Peak:279.68M | Scene, ViewLayer | Updating Geometry BVH common_corridor_vanity_01_cab_mesh 661/1281 | Building BVH
Fra:1 Mem:618.65M (Peak 618.80M) | Time:00:02.30 | Mem:258.87M, Peak:279.68M | Scene, ViewLayer | Updating Geometry BVH common_corridor_vanity_01_drw_gapbg_mesh 662/1281 | Building BVH
Fra:1 Mem:618.65M (Peak 618.80M) | Time:00:02.30 | Mem:258.88M, Peak:279.68M | Scene, ViewLayer | Updating Geometry BVH common_corridor_vanity_01_drw_f0_mesh 663/1281 | Building BVH
Fra:1 Mem:618.65M (Peak 618.80M) | Time:00:02.30 | Mem:258.88M, Peak:279.68M | Scene, ViewLayer | Updating Geometry BVH common_corridor_vanity_01_drw_p0_mesh 664/1281 | Building BVH
Fra:1 Mem:618.65M (Peak 618.80M) | Time:00:02.30 | Mem:258.88M, Peak:279.68M | Scene, ViewLayer | Updating Geometry BVH common_corridor_vanity_01_drw_f1_mesh 665/1281 | Building BVH
Fra:1 Mem:618.65M (Peak 618.80M) | Time:00:02.30 | Mem:258.93M, Peak:279.68M | Scene, ViewLayer | Updating Geometry BVH common_corridor_vanity_01_drw_p1_mesh 666/1281 | Building BVH
Fra:1 Mem:618.65M (Peak 618.80M) | Time:00:02.30 | Mem:258.93M, Peak:279.68M | Scene, ViewLayer | Updating Geometry BVH common_corridor_vanity_01_drw_f2_mesh 667/1281 | Building BVH
Fra:1 Mem:618.65M (Peak 618.80M) | Time:00:02.30 | Mem:258.93M, Peak:279.68M | Scene, ViewLayer | Updating Geometry BVH common_corridor_vanity_01_drw_p2_mesh 668/1281 | Building BVH
Fra:1 Mem:618.65M (Peak 618.80M) | Time:00:02.30 | Mem:258.96M, Peak:279.68M | Scene, ViewLayer | Updating Geometry BVH common_corridor_vanity_01_top_s1_mesh 669/1281 | Building BVH
Fra:1 Mem:618.65M (Peak 618.80M) | Time:00:02.30 | Mem:258.96M, Peak:279.68M | Scene, ViewLayer | Updating Geometry BVH common_corridor_vanity_01_top_s2_mesh 670/1281 | Building BVH
Fra:1 Mem:618.65M (Peak 618.80M) | Time:00:02.30 | Mem:258.96M, Peak:279.68M | Scene, ViewLayer | Updating Geometry BVH A_living_dining_balcony_dining_chair_04_leg3_mesh 1217/1281 | Building BVH
Fra:1 Mem:618.65M (Peak 618.80M) | Time:00:02.30 | Mem:258.96M, Peak:279.68M | Scene, ViewLayer | Updating Geometry BVH common_corridor_vanity_01_top_s3_mesh 671/1281 | Building BVH
Fra:1 Mem:618.65M (Peak 618.80M) | Time:00:02.30 | Mem:258.97M, Peak:279.68M | Scene, ViewLayer | Updating Geometry BVH common_corridor_vanity_01_top_s4_mesh 672/1281 | Building BVH
Fra:1 Mem:618.65M (Peak 618.80M) | Time:00:02.30 | Mem:258.98M, Peak:279.68M | Scene, ViewLayer | Updating Geometry BVH common_corridor_vanity_01_top_s5_mesh 673/1281 | Building BVH
Fra:1 Mem:618.65M (Peak 618.80M) | Time:00:02.30 | Mem:259.04M, Peak:279.68M | Scene, ViewLayer | Updating Geometry BVH common_corridor_vanity_01_bowlW_mesh 674/1281 | Building BVH
Fra:1 Mem:618.65M (Peak 618.80M) | Time:00:02.30 | Mem:259.04M, Peak:279.68M | Scene, ViewLayer | Updating Geometry BVH common_corridor_vanity_01_bowlS_mesh 677/1281 | Building BVH
Fra:1 Mem:618.65M (Peak 618.80M) | Time:00:02.30 | Mem:259.11M, Peak:279.68M | Scene, ViewLayer | Updating Geometry BVH common_corridor_vanity_01_bowlB_mesh 678/1281 | Building BVH
Fra:1 Mem:618.65M (Peak 618.80M) | Time:00:02.30 | Mem:259.11M, Peak:279.68M | Scene, ViewLayer | Updating Geometry BVH common_corridor_vanity_01_fc353_base_mesh 679/1281 | Building BVH
Fra:1 Mem:618.65M (Peak 618.80M) | Time:00:02.30 | Mem:259.11M, Peak:279.68M | Scene, ViewLayer | Updating Geometry BVH common_corridor_vanity_01_fc353_riser_mesh 680/1281 | Building BVH
Fra:1 Mem:618.65M (Peak 618.80M) | Time:00:02.30 | Mem:259.11M, Peak:279.68M | Scene, ViewLayer | Updating Geometry BVH common_corridor_vanity_01_fc353_spout_mesh 681/1281 | Building BVH
Fra:1 Mem:618.65M (Peak 618.80M) | Time:00:02.30 | Mem:259.11M, Peak:279.68M | Scene, ViewLayer | Updating Geometry BVH common_corridor_vanity_01_fc353_tip_mesh 682/1281 | Building BVH
Fra:1 Mem:618.65M (Peak 618.80M) | Time:00:02.30 | Mem:259.11M, Peak:279.68M | Scene, ViewLayer | Updating Geometry BVH common_corridor_vanity_01_bowlW_mesh.001 683/1281 | Building BVH
Fra:1 Mem:618.65M (Peak 618.80M) | Time:00:02.30 | Mem:259.12M, Peak:279.68M | Scene, ViewLayer | Updating Geometry BVH common_corridor_vanity_01_bowlE_mesh.001 684/1281 | Building BVH
Fra:1 Mem:618.65M (Peak 618.80M) | Time:00:02.30 | Mem:259.13M, Peak:279.68M | Scene, ViewLayer | Updating Geometry BVH common_corridor_vanity_01_bowlN_mesh.001 685/1281 | Building BVH
Fra:1 Mem:618.65M (Peak 618.80M) | Time:00:02.30 | Mem:259.19M, Peak:279.68M | Scene, ViewLayer | Updating Geometry BVH common_corridor_vanity_01_bowlS_mesh.001 686/1281 | Building BVH
Fra:1 Mem:618.65M (Peak 618.80M) | Time:00:02.30 | Mem:259.19M, Peak:279.68M | Scene, ViewLayer | Updating Geometry BVH common_corridor_vanity_01_bowlB_mesh.001 687/1281 | Building BVH
Fra:1 Mem:618.65M (Peak 618.80M) | Time:00:02.30 | Mem:259.20M, Peak:279.68M | Scene, ViewLayer | Updating Geometry BVH common_corridor_vanity_01_fc281_base_mesh 688/1281 | Building BVH
Fra:1 Mem:618.65M (Peak 618.80M) | Time:00:02.30 | Mem:259.24M, Peak:279.68M | Scene, ViewLayer | Updating Geometry BVH common_corridor_vanity_01_fc281_riser_mesh 689/1281 | Building BVH
Fra:1 Mem:618.65M (Peak 618.80M) | Time:00:02.30 | Mem:259.24M, Peak:279.68M | Scene, ViewLayer | Updating Geometry BVH common_corridor_vanity_01_fc281_spout_mesh 690/1281 | Building BVH
Fra:1 Mem:618.65M (Peak 618.80M) | Time:00:02.30 | Mem:259.27M, Peak:279.68M | Scene, ViewLayer | Updating Geometry BVH common_corridor_vanity_01_fc281_tip_mesh 691/1281 | Building BVH
Fra:1 Mem:618.65M (Peak 618.80M) | Time:00:02.30 | Mem:259.27M, Peak:279.68M | Scene, ViewLayer | Updating Geometry BVH common_corridor_mirror_cabinet_01_body_mesh 692/1281 | Building BVH
Fra:1 Mem:618.65M (Peak 618.80M) | Time:00:02.30 | Mem:259.27M, Peak:279.68M | Scene, ViewLayer | Updating Geometry BVH common_public_bath_wet_shower_floor_01_pan_mesh 695/1281 | Building BVH
Fra:1 Mem:618.65M (Peak 618.80M) | Time:00:02.30 | Mem:259.27M, Peak:279.68M | Scene, ViewLayer | Updating Geometry BVH common_public_bath_wet_shower_floor_01_drain_mesh 696/1281 | Building BVH
Fra:1 Mem:618.65M (Peak 618.80M) | Time:00:02.30 | Mem:259.28M, Peak:279.68M | Scene, ViewLayer | Updating Geometry BVH common_public_bath_wet_glass_partition_01_fr1_mesh 698/1281 | Building BVH
Fra:1 Mem:618.65M (Peak 618.80M) | Time:00:02.30 | Mem:259.29M, Peak:279.68M | Scene, ViewLayer | Updating Geometry BVH common_public_bath_wet_glass_partition_01_fr2_mesh 699/1281 | Building BVH
Fra:1 Mem:618.65M (Peak 618.80M) | Time:00:02.30 | Mem:259.33M, Peak:279.68M | Scene, ViewLayer | Updating Geometry BVH common_public_bath_wet_glass_partition_01_fr3_mesh 700/1281 | Building BVH
Fra:1 Mem:618.65M (Peak 618.80M) | Time:00:02.30 | Mem:259.38M, Peak:279.68M | Scene, ViewLayer | Updating Geometry BVH common_public_bath_wet_glass_partition_01_fr4_mesh 701/1281 | Building BVH
Fra:1 Mem:618.65M (Peak 618.80M) | Time:00:02.30 | Mem:259.38M, Peak:279.68M | Scene, ViewLayer | Updating Geometry BVH common_public_bath_wet_toilet_01_base_mesh 702/1281 | Building BVH
Fra:1 Mem:618.65M (Peak 618.80M) | Time:00:02.30 | Mem:259.38M, Peak:279.68M | Scene, ViewLayer | Updating Geometry BVH common_public_bath_wet_toilet_01_seat_mesh 703/1281 | Building BVH
Fra:1 Mem:618.65M (Peak 618.80M) | Time:00:02.30 | Mem:259.39M, Peak:279.68M | Scene, ViewLayer | Updating Geometry BVH common_public_bath_wet_toilet_01_tank_mesh 704/1281 | Building BVH
Fra:1 Mem:618.65M (Peak 618.80M) | Time:00:02.30 | Mem:259.39M, Peak:279.68M | Scene, ViewLayer | Updating Geometry BVH common_parents_room_wardrobe_01_body_mesh 705/1281 | Building BVH
Fra:1 Mem:618.65M (Peak 618.80M) | Time:00:02.30 | Mem:259.39M, Peak:279.68M | Scene, ViewLayer | Updating Geometry BVH common_parents_room_wardrobe_01_slA_f0_mesh 706/1281 | Building BVH
Fra:1 Mem:618.65M (Peak 618.80M) | Time:00:02.30 | Mem:259.39M, Peak:279.68M | Scene, ViewLayer | Updating Geometry BVH common_parents_room_wardrobe_01_slA_f1_mesh 707/1281 | Building BVH
Fra:1 Mem:618.65M (Peak 618.80M) | Time:00:02.30 | Mem:259.42M, Peak:279.68M | Scene, ViewLayer | Updating Geometry BVH common_parents_room_wardrobe_01_slA_f2_mesh 708/1281 | Building BVH
Fra:1 Mem:618.65M (Peak 618.80M) | Time:00:02.30 | Mem:259.44M, Peak:279.68M | Scene, ViewLayer | Updating Geometry BVH common_parents_room_wardrobe_01_slB_f0_mesh 709/1281 | Building BVH
Fra:1 Mem:618.65M (Peak 618.80M) | Time:00:02.30 | Mem:259.44M, Peak:279.68M | Scene, ViewLayer | Updating Geometry BVH common_parents_room_wardrobe_01_slB_f1_mesh 710/1281 | Building BVH
Fra:1 Mem:618.65M (Peak 618.80M) | Time:00:02.30 | Mem:259.47M, Peak:279.68M | Scene, ViewLayer | Updating Geometry BVH common_parents_room_wardrobe_01_slB_f2_mesh 711/1281 | Building BVH
Fra:1 Mem:618.65M (Peak 618.80M) | Time:00:02.30 | Mem:259.50M, Peak:279.68M | Scene, ViewLayer | Updating Geometry BVH common_master_bedroom_screen_01_slat00_mesh 712/1281 | Building BVH
Fra:1 Mem:618.65M (Peak 618.80M) | Time:00:02.30 | Mem:259.50M, Peak:279.68M | Scene, ViewLayer | Updating Geometry BVH common_master_bedroom_screen_01_slat01_mesh 713/1281 | Building BVH
Fra:1 Mem:618.65M (Peak 618.80M) | Time:00:02.30 | Mem:259.58M, Peak:279.68M | Scene, ViewLayer | Updating Geometry BVH common_master_bedroom_screen_01_slat02_mesh 714/1281 | Building BVH
Fra:1 Mem:618.65M (Peak 618.80M) | Time:00:02.30 | Mem:259.58M, Peak:279.68M | Scene, ViewLayer | Updating Geometry BVH common_master_bedroom_screen_01_slat03_mesh 715/1281 | Building BVH
Fra:1 Mem:618.65M (Peak 618.80M) | Time:00:02.30 | Mem:259.57M, Peak:279.68M | Scene, ViewLayer | Updating Geometry BVH common_master_bedroom_screen_01_slat04_mesh 716/1281 | Building BVH
Fra:1 Mem:618.65M (Peak 618.80M) | Time:00:02.30 | Mem:259.60M, Peak:279.68M | Scene, ViewLayer | Updating Geometry BVH common_master_bedroom_screen_01_slat05_mesh 717/1281 | Building BVH
Fra:1 Mem:618.65M (Peak 618.80M) | Time:00:02.30 | Mem:259.62M, Peak:279.68M | Scene, ViewLayer | Updating Geometry BVH common_master_bedroom_screen_01_slat06_mesh 718/1281 | Building BVH
Fra:1 Mem:618.65M (Peak 618.80M) | Time:00:02.30 | Mem:259.63M, Peak:279.68M | Scene, ViewLayer | Updating Geometry BVH common_master_bedroom_screen_01_slat07_mesh 719/1281 | Building BVH
Fra:1 Mem:618.65M (Peak 618.80M) | Time:00:02.30 | Mem:259.65M, Peak:279.68M | Scene, ViewLayer | Updating Geometry BVH common_master_bedroom_screen_01_slat08_mesh 720/1281 | Building BVH
Fra:1 Mem:618.65M (Peak 618.80M) | Time:00:02.30 | Mem:259.67M, Peak:279.68M | Scene, ViewLayer | Updating Geometry BVH common_master_bedroom_screen_01_slat09_mesh 721/1281 | Building BVH
Fra:1 Mem:618.65M (Peak 618.80M) | Time:00:02.30 | Mem:259.67M, Peak:279.68M | Scene, ViewLayer | Updating Geometry BVH common_master_bedroom_screen_01_slat10_mesh 722/1281 | Building BVH
Fra:1 Mem:618.65M (Peak 618.80M) | Time:00:02.30 | Mem:259.68M, Peak:279.68M | Scene, ViewLayer | Updating Geometry BVH common_master_bedroom_screen_01_slat11_mesh 723/1281 | Building BVH
Fra:1 Mem:618.65M (Peak 618.80M) | Time:00:02.31 | Mem:259.72M, Peak:279.68M | Scene, ViewLayer | Updating Geometry BVH common_master_bedroom_screen_01_slat12_mesh 724/1281 | Building BVH
Fra:1 Mem:618.65M (Peak 618.80M) | Time:00:02.31 | Mem:259.72M, Peak:279.68M | Scene, ViewLayer | Updating Geometry BVH common_master_bedroom_screen_01_slat14_mesh 726/1281 | Building BVH
Fra:1 Mem:618.65M (Peak 618.80M) | Time:00:02.31 | Mem:259.72M, Peak:279.68M | Scene, ViewLayer | Updating Geometry BVH common_master_bedroom_screen_01_slat15_mesh 727/1281 | Building BVH
Fra:1 Mem:618.65M (Peak 618.80M) | Time:00:02.31 | Mem:259.79M, Peak:279.68M | Scene, ViewLayer | Updating Geometry BVH A_living_dining_balcony_dining_chair_04_legt2_mesh 1216/1281 | Building BVH
Fra:1 Mem:618.65M (Peak 618.80M) | Time:00:02.31 | Mem:259.79M, Peak:279.68M | Scene, ViewLayer | Updating Geometry BVH common_master_bedroom_screen_01_slat16_mesh 728/1281 | Building BVH
Fra:1 Mem:618.65M (Peak 618.80M) | Time:00:02.31 | Mem:259.78M, Peak:279.68M | Scene, ViewLayer | Updating Geometry BVH common_master_bedroom_screen_01_slat17_mesh 729/1281 | Building BVH
Fra:1 Mem:618.65M (Peak 618.80M) | Time:00:02.31 | Mem:259.78M, Peak:279.68M | Scene, ViewLayer | Updating Geometry BVH common_master_bedroom_screen_01_slat18_mesh 730/1281 | Building BVH
Fra:1 Mem:618.65M (Peak 618.80M) | Time:00:02.31 | Mem:259.79M, Peak:279.68M | Scene, ViewLayer | Updating Geometry BVH common_master_bedroom_screen_01_cap_mesh 731/1281 | Building BVH
Fra:1 Mem:618.65M (Peak 618.80M) | Time:00:02.31 | Mem:259.81M, Peak:279.68M | Scene, ViewLayer | Updating Geometry BVH mb_shower_mixer_mesh 732/1281 | Building BVH
Fra:1 Mem:618.65M (Peak 618.80M) | Time:00:02.31 | Mem:259.83M, Peak:279.68M | Scene, ViewLayer | Updating Geometry BVH mb_shower_rail_mesh 733/1281 | Building BVH
Fra:1 Mem:618.65M (Peak 618.80M) | Time:00:02.31 | Mem:259.86M, Peak:279.68M | Scene, ViewLayer | Updating Geometry BVH mb_shower_hand_mesh 734/1281 | Building BVH
Fra:1 Mem:618.65M (Peak 618.80M) | Time:00:02.31 | Mem:259.86M, Peak:279.68M | Scene, ViewLayer | Updating Geometry BVH A_living_dining_balcony_dining_chair_04_leg2_mesh 1215/1281 | Building BVH
Fra:1 Mem:618.65M (Peak 618.80M) | Time:00:02.31 | Mem:259.87M, Peak:279.68M | Scene, ViewLayer | Updating Geometry BVH mb_shower_arm_mesh 735/1281 | Building BVH
Fra:1 Mem:618.65M (Peak 618.80M) | Time:00:02.31 | Mem:259.88M, Peak:279.68M | Scene, ViewLayer | Updating Geometry BVH mb_shower_rain_mesh 736/1281 | Building BVH
Fra:1 Mem:618.65M (Peak 618.80M) | Time:00:02.31 | Mem:259.88M, Peak:279.68M | Scene, ViewLayer | Updating Geometry BVH fx_mb_niche_back_mesh 737/1281 | Building BVH
Fra:1 Mem:618.65M (Peak 618.80M) | Time:00:02.31 | Mem:259.89M, Peak:279.68M | Scene, ViewLayer | Updating Geometry BVH fx_mb_niche_btm_mesh 740/1281 | Building BVH
Fra:1 Mem:618.65M (Peak 618.80M) | Time:00:02.31 | Mem:259.89M, Peak:279.68M | Scene, ViewLayer | Updating Geometry BVH fx_mb_paper_plate_mesh 742/1281 | Building BVH
Fra:1 Mem:618.65M (Peak 618.80M) | Time:00:02.31 | Mem:259.96M, Peak:279.68M | Scene, ViewLayer | Updating Geometry BVH fx_mb_paper_rod_mesh 743/1281 | Building BVH
Fra:1 Mem:618.65M (Peak 618.80M) | Time:00:02.31 | Mem:259.95M, Peak:279.68M | Scene, ViewLayer | Updating Geometry BVH pb_shower_mixer_mesh 744/1281 | Building BVH
Fra:1 Mem:618.65M (Peak 618.80M) | Time:00:02.31 | Mem:259.97M, Peak:279.68M | Scene, ViewLayer | Updating Geometry BVH pb_shower_rail_mesh 745/1281 | Building BVH
Fra:1 Mem:618.65M (Peak 618.80M) | Time:00:02.31 | Mem:259.98M, Peak:279.68M | Scene, ViewLayer | Updating Geometry BVH pb_shower_hand_mesh 746/1281 | Building BVH
Fra:1 Mem:618.65M (Peak 618.80M) | Time:00:02.31 | Mem:260.00M, Peak:279.68M | Scene, ViewLayer | Updating Geometry BVH pb_shower_arm_mesh 747/1281 | Building BVH
Fra:1 Mem:618.65M (Peak 618.80M) | Time:00:02.31 | Mem:260.00M, Peak:279.68M | Scene, ViewLayer | Updating Geometry BVH pb_shower_rain_mesh 748/1281 | Building BVH
Fra:1 Mem:618.65M (Peak 618.80M) | Time:00:02.31 | Mem:260.01M, Peak:279.68M | Scene, ViewLayer | Updating Geometry BVH fx_pb_niche_back_mesh 749/1281 | Building BVH
Fra:1 Mem:618.65M (Peak 618.80M) | Time:00:02.31 | Mem:260.01M, Peak:279.68M | Scene, ViewLayer | Updating Geometry BVH fx_pb_niche_side0_mesh 750/1281 | Building BVH
Fra:1 Mem:618.65M (Peak 618.80M) | Time:00:02.31 | Mem:260.02M, Peak:279.68M | Scene, ViewLayer | Updating Geometry BVH fx_pb_niche_side1_mesh 751/1281 | Building BVH
Fra:1 Mem:618.65M (Peak 618.80M) | Time:00:02.31 | Mem:260.03M, Peak:279.68M | Scene, ViewLayer | Updating Geometry BVH A_living_dining_balcony_dining_chair_04_legt1_mesh 1214/1281 | Building BVH
Fra:1 Mem:618.65M (Peak 618.80M) | Time:00:02.31 | Mem:260.03M, Peak:279.68M | Scene, ViewLayer | Updating Geometry BVH fx_pb_niche_btm_mesh 752/1281 | Building BVH
Fra:1 Mem:618.65M (Peak 618.80M) | Time:00:02.31 | Mem:260.04M, Peak:279.68M | Scene, ViewLayer | Updating Geometry BVH fx_pb_niche_top_mesh 753/1281 | Building BVH
Fra:1 Mem:618.65M (Peak 618.80M) | Time:00:02.31 | Mem:260.04M, Peak:279.68M | Scene, ViewLayer | Updating Geometry BVH fx_stool_top_mesh 754/1281 | Building BVH
Fra:1 Mem:618.65M (Peak 618.80M) | Time:00:02.31 | Mem:260.07M, Peak:279.68M | Scene, ViewLayer | Updating Geometry BVH fx_stool_leg0_mesh 755/1281 | Building BVH
Fra:1 Mem:618.65M (Peak 618.80M) | Time:00:02.31 | Mem:260.07M, Peak:279.68M | Scene, ViewLayer | Updating Geometry BVH fx_stool_leg1_mesh 756/1281 | Building BVH
Fra:1 Mem:618.65M (Peak 618.80M) | Time:00:02.31 | Mem:260.09M, Peak:279.68M | Scene, ViewLayer | Updating Geometry BVH fx_stool_leg2_mesh 757/1281 | Building BVH
Fra:1 Mem:618.65M (Peak 618.80M) | Time:00:02.31 | Mem:260.09M, Peak:279.68M | Scene, ViewLayer | Updating Geometry BVH fx_stool_leg3_mesh 758/1281 | Building BVH
Fra:1 Mem:618.65M (Peak 618.80M) | Time:00:02.31 | Mem:260.09M, Peak:279.68M | Scene, ViewLayer | Updating Geometry BVH common_foyer_stool_01_pad_mesh 759/1281 | Building BVH
Fra:1 Mem:618.65M (Peak 618.80M) | Time:00:02.31 | Mem:260.12M, Peak:279.68M | Scene, ViewLayer | Updating Geometry BVH common_foyer_stool_01_leg0_mesh 760/1281 | Building BVH
Fra:1 Mem:618.65M (Peak 618.80M) | Time:00:02.31 | Mem:260.13M, Peak:279.68M | Scene, ViewLayer | Updating Geometry BVH common_foyer_stool_01_leg1_mesh 761/1281 | Building BVH
Fra:1 Mem:618.65M (Peak 618.80M) | Time:00:02.31 | Mem:260.15M, Peak:279.68M | Scene, ViewLayer | Updating Geometry BVH common_foyer_stool_01_leg2_mesh 762/1281 | Building BVH
Fra:1 Mem:618.65M (Peak 618.80M) | Time:00:02.31 | Mem:260.15M, Peak:279.68M | Scene, ViewLayer | Updating Geometry BVH common_foyer_stool_01_leg3_mesh 763/1281 | Building BVH
Fra:1 Mem:618.65M (Peak 618.80M) | Time:00:02.31 | Mem:260.15M, Peak:279.68M | Scene, ViewLayer | Updating Geometry BVH common_living_dining_balcony_plant_01_stem_mesh 764/1281 | Building BVH
Fra:1 Mem:618.65M (Peak 618.80M) | Time:00:02.31 | Mem:260.15M, Peak:279.68M | Scene, ViewLayer | Updating Geometry BVH common_living_dining_balcony_plant_01_leaf0_mesh 765/1281 | Building BVH
Fra:1 Mem:618.65M (Peak 618.80M) | Time:00:02.31 | Mem:260.18M, Peak:279.68M | Scene, ViewLayer | Updating Geometry BVH common_living_dining_balcony_plant_01_leaf1_mesh 766/1281 | Building BVH
Fra:1 Mem:618.65M (Peak 618.80M) | Time:00:02.31 | Mem:260.20M, Peak:279.68M | Scene, ViewLayer | Updating Geometry BVH common_living_dining_balcony_plant_01_leaf2_mesh 767/1281 | Building BVH
Fra:1 Mem:618.65M (Peak 618.80M) | Time:00:02.31 | Mem:260.20M, Peak:279.68M | Scene, ViewLayer | Updating Geometry BVH common_living_dining_balcony_plant_01_leaf3_mesh 768/1281 | Building BVH
Fra:1 Mem:618.65M (Peak 618.80M) | Time:00:02.31 | Mem:260.21M, Peak:279.68M | Scene, ViewLayer | Updating Geometry BVH common_living_dining_balcony_plant_01_leaf4_mesh 769/1281 | Building BVH
Fra:1 Mem:618.65M (Peak 618.80M) | Time:00:02.31 | Mem:260.22M, Peak:279.68M | Scene, ViewLayer | Updating Geometry BVH common_living_dining_balcony_plant_01_leaf5_mesh 770/1281 | Building BVH
Fra:1 Mem:618.65M (Peak 618.80M) | Time:00:02.31 | Mem:260.23M, Peak:279.68M | Scene, ViewLayer | Updating Geometry BVH common_living_dining_balcony_plant_01_leaf6_mesh 771/1281 | Building BVH
Fra:1 Mem:618.65M (Peak 618.80M) | Time:00:02.31 | Mem:260.23M, Peak:279.68M | Scene, ViewLayer | Updating Geometry BVH common_living_dining_balcony_plant_01_leaf7_mesh 772/1281 | Building BVH
Fra:1 Mem:618.65M (Peak 618.80M) | Time:00:02.31 | Mem:260.23M, Peak:279.68M | Scene, ViewLayer | Updating Geometry BVH common_living_dining_balcony_planter_01_pot_mesh 773/1281 | Building BVH
Fra:1 Mem:618.65M (Peak 618.80M) | Time:00:02.31 | Mem:260.24M, Peak:279.68M | Scene, ViewLayer | Updating Geometry BVH common_living_dining_balcony_stool_01_top_mesh 774/1281 | Building BVH
Fra:1 Mem:618.65M (Peak 618.80M) | Time:00:02.31 | Mem:260.28M, Peak:279.68M | Scene, ViewLayer | Updating Geometry BVH common_living_dining_balcony_stool_01_post_mesh 775/1281 | Building BVH
Fra:1 Mem:618.65M (Peak 618.80M) | Time:00:02.31 | Mem:260.28M, Peak:279.68M | Scene, ViewLayer | Updating Geometry BVH common_living_dining_balcony_stool_01_jar_mesh 776/1281 | Building BVH
Fra:1 Mem:618.65M (Peak 618.80M) | Time:00:02.31 | Mem:260.31M, Peak:279.68M | Scene, ViewLayer | Updating Geometry BVH common_living_dining_balcony_artwork_01_canvas_mesh 777/1281 | Building BVH
Fra:1 Mem:618.65M (Peak 618.80M) | Time:00:02.31 | Mem:260.35M, Peak:279.68M | Scene, ViewLayer | Updating Geometry BVH common_living_dining_balcony_artwork_01_lamp_mesh 778/1281 | Building BVH
Fra:1 Mem:618.65M (Peak 618.80M) | Time:00:02.31 | Mem:260.43M, Peak:279.68M | Scene, ViewLayer | Updating Geometry BVH common_master_bedroom_dressing_table_01_top_mesh 779/1281 | Building BVH
Fra:1 Mem:618.65M (Peak 618.80M) | Time:00:02.31 | Mem:260.43M, Peak:279.68M | Scene, ViewLayer | Updating Geometry BVH common_master_bedroom_dressing_table_01_side0_mesh 780/1281 | Building BVH
Fra:1 Mem:618.65M (Peak 618.80M) | Time:00:02.31 | Mem:260.43M, Peak:279.68M | Scene, ViewLayer | Updating Geometry BVH common_master_bedroom_dressing_table_01_side1_mesh 781/1281 | Building BVH
Fra:1 Mem:618.65M (Peak 618.80M) | Time:00:02.31 | Mem:260.46M, Peak:279.68M | Scene, ViewLayer | Updating Geometry BVH common_master_bedroom_dressing_table_01_drw_mesh 782/1281 | Building BVH
Fra:1 Mem:618.65M (Peak 618.80M) | Time:00:02.31 | Mem:260.46M, Peak:279.68M | Scene, ViewLayer | Updating Geometry BVH common_master_bedroom_dressing_table_01drw_drw_gapbg_mesh 783/1281 | Building BVH
Fra:1 Mem:618.65M (Peak 618.80M) | Time:00:02.31 | Mem:260.46M, Peak:279.68M | Scene, ViewLayer | Updating Geometry BVH common_master_bedroom_dressing_table_01drw_drw_f0_mesh 784/1281 | Building BVH
Fra:1 Mem:618.65M (Peak 618.80M) | Time:00:02.31 | Mem:260.47M, Peak:279.68M | Scene, ViewLayer | Updating Geometry BVH common_master_bedroom_dressing_table_01drw_drw_p0_mesh 785/1281 | Building BVH
Fra:1 Mem:618.65M (Peak 618.80M) | Time:00:02.31 | Mem:260.47M, Peak:279.68M | Scene, ViewLayer | Updating Geometry BVH common_master_bedroom_dressing_table_01drw_drw_f1_mesh 786/1281 | Building BVH
Fra:1 Mem:618.65M (Peak 618.80M) | Time:00:02.31 | Mem:260.47M, Peak:279.68M | Scene, ViewLayer | Updating Geometry BVH common_master_bedroom_dressing_table_01_upper_mesh 788/1281 | Building BVH
Fra:1 Mem:618.65M (Peak 618.80M) | Time:00:02.31 | Mem:260.47M, Peak:279.68M | Scene, ViewLayer | Updating Geometry BVH common_master_bedroom_dressing_table_01_door_gapbg_mesh 789/1281 | Building BVH
Fra:1 Mem:618.65M (Peak 618.80M) | Time:00:02.31 | Mem:260.47M, Peak:279.68M | Scene, ViewLayer | Updating Geometry BVH A_living_dining_balcony_dining_chair_04_leg1_mesh 1213/1281 | Building BVH
Fra:1 Mem:618.65M (Peak 618.80M) | Time:00:02.31 | Mem:260.47M, Peak:279.68M | Scene, ViewLayer | Updating Geometry BVH common_master_bedroom_dressing_table_01_door_f0l_mesh 790/1281 | Building BVH
Fra:1 Mem:618.65M (Peak 618.80M) | Time:00:02.31 | Mem:260.56M, Peak:279.68M | Scene, ViewLayer | Updating Geometry BVH common_master_bedroom_dressing_table_01_door_f0r_mesh 791/1281 | Building BVH
Fra:1 Mem:618.65M (Peak 618.80M) | Time:00:02.31 | Mem:260.56M, Peak:279.68M | Scene, ViewLayer | Updating Geometry BVH common_master_bedroom_dressing_table_01_door_f0b_mesh 792/1281 | Building BVH
Fra:1 Mem:618.65M (Peak 618.80M) | Time:00:02.31 | Mem:260.56M, Peak:279.68M | Scene, ViewLayer | Updating Geometry BVH common_master_bedroom_dressing_table_01_door_f0t_mesh 793/1281 | Building BVH
Fra:1 Mem:618.65M (Peak 618.80M) | Time:00:02.31 | Mem:260.58M, Peak:279.68M | Scene, ViewLayer | Updating Geometry BVH common_master_bedroom_dressing_table_01_door_p0_mesh 795/1281 | Building BVH
Fra:1 Mem:618.65M (Peak 618.80M) | Time:00:02.32 | Mem:260.62M, Peak:279.68M | Scene, ViewLayer | Updating Geometry BVH common_master_bedroom_dressing_table_01_door_f1l_mesh 796/1281 | Building BVH
Fra:1 Mem:618.65M (Peak 618.80M) | Time:00:02.32 | Mem:260.67M, Peak:279.68M | Scene, ViewLayer | Updating Geometry BVH common_master_bedroom_dressing_table_01_door_f1r_mesh 797/1281 | Building BVH
Fra:1 Mem:618.65M (Peak 618.80M) | Time:00:02.32 | Mem:260.68M, Peak:279.68M | Scene, ViewLayer | Updating Geometry BVH common_master_bedroom_dressing_table_01_door_f1b_mesh 798/1281 | Building BVH
Fra:1 Mem:618.65M (Peak 618.80M) | Time:00:02.32 | Mem:260.68M, Peak:279.68M | Scene, ViewLayer | Updating Geometry BVH common_master_bedroom_dressing_table_01_door_f1t_mesh 799/1281 | Building BVH
Fra:1 Mem:618.65M (Peak 618.80M) | Time:00:02.32 | Mem:260.68M, Peak:279.68M | Scene, ViewLayer | Updating Geometry BVH common_master_bedroom_dressing_table_01_door_f1c_mesh 800/1281 | Building BVH
Fra:1 Mem:618.65M (Peak 618.80M) | Time:00:02.32 | Mem:260.68M, Peak:279.68M | Scene, ViewLayer | Updating Geometry BVH common_master_bedroom_dressing_table_01_door_p1_mesh 801/1281 | Building BVH
Fra:1 Mem:618.65M (Peak 618.80M) | Time:00:02.32 | Mem:260.68M, Peak:279.68M | Scene, ViewLayer | Updating Geometry BVH common_master_bedroom_dressing_table_01_door_f2l_mesh 802/1281 | Building BVH
Fra:1 Mem:618.65M (Peak 618.80M) | Time:00:02.32 | Mem:260.68M, Peak:279.68M | Scene, ViewLayer | Updating Geometry BVH common_master_bedroom_dressing_table_01_door_f2r_mesh 803/1281 | Building BVH
Fra:1 Mem:618.65M (Peak 618.80M) | Time:00:02.32 | Mem:260.70M, Peak:279.68M | Scene, ViewLayer | Updating Geometry BVH common_master_bedroom_dressing_table_01_door_f2b_mesh 804/1281 | Building BVH
Fra:1 Mem:618.65M (Peak 618.80M) | Time:00:02.32 | Mem:260.74M, Peak:279.68M | Scene, ViewLayer | Updating Geometry BVH common_master_bedroom_dressing_table_01_door_f2t_mesh 805/1281 | Building BVH
Fra:1 Mem:618.65M (Peak 618.80M) | Time:00:02.32 | Mem:260.78M, Peak:279.68M | Scene, ViewLayer | Updating Geometry BVH common_master_bedroom_dressing_table_01_door_f2c_mesh 806/1281 | Building BVH
Fra:1 Mem:618.65M (Peak 618.80M) | Time:00:02.32 | Mem:260.78M, Peak:279.68M | Scene, ViewLayer | Updating Geometry BVH common_master_bedroom_stool_01_pad_mesh 809/1281 | Building BVH
Fra:1 Mem:618.65M (Peak 618.80M) | Time:00:02.32 | Mem:260.78M, Peak:279.68M | Scene, ViewLayer | Updating Geometry BVH common_master_bedroom_stool_01_leg0_mesh 810/1281 | Building BVH
Fra:1 Mem:618.65M (Peak 618.80M) | Time:00:02.32 | Mem:260.78M, Peak:279.68M | Scene, ViewLayer | Updating Geometry BVH common_master_bedroom_stool_01_leg1_mesh 811/1281 | Building BVH
Fra:1 Mem:618.65M (Peak 618.80M) | Time:00:02.32 | Mem:260.78M, Peak:279.68M | Scene, ViewLayer | Updating Geometry BVH common_master_bedroom_stool_01_leg2_mesh 812/1281 | Building BVH
Fra:1 Mem:618.65M (Peak 618.80M) | Time:00:02.32 | Mem:260.85M, Peak:279.68M | Scene, ViewLayer | Updating Geometry BVH common_master_bedroom_stool_01_leg3_mesh 813/1281 | Building BVH
Fra:1 Mem:618.65M (Peak 618.80M) | Time:00:02.32 | Mem:260.85M, Peak:279.68M | Scene, ViewLayer | Updating Geometry BVH common_master_bedroom_bed_01_frame_mesh 814/1281 | Building BVH
Fra:1 Mem:618.65M (Peak 618.80M) | Time:00:02.32 | Mem:260.86M, Peak:279.68M | Scene, ViewLayer | Updating Geometry BVH A_living_dining_balcony_dining_chair_04_seat_mesh 1210/1281 | Building BVH
Fra:1 Mem:618.65M (Peak 618.80M) | Time:00:02.32 | Mem:260.86M, Peak:279.68M | Scene, ViewLayer | Updating Geometry BVH common_master_bedroom_bed_01_mattress_mesh 815/1281 | Building BVH
Fra:1 Mem:618.65M (Peak 618.80M) | Time:00:02.32 | Mem:260.86M, Peak:279.68M | Scene, ViewLayer | Updating Geometry BVH common_master_bedroom_bed_01_duvet_mesh 816/1281 | Building BVH
Fra:1 Mem:618.65M (Peak 618.80M) | Time:00:02.32 | Mem:260.87M, Peak:279.68M | Scene, ViewLayer | Updating Geometry BVH common_master_bedroom_bed_01_duvetdrop_mesh 817/1281 | Building BVH
Fra:1 Mem:618.65M (Peak 618.80M) | Time:00:02.32 | Mem:260.87M, Peak:279.68M | Scene, ViewLayer | Updating Geometry BVH common_master_bedroom_bed_01_duvetdrop2_mesh 818/1281 | Building BVH
Fra:1 Mem:618.65M (Peak 618.80M) | Time:00:02.32 | Mem:260.90M, Peak:279.68M | Scene, ViewLayer | Updating Geometry BVH common_master_bedroom_bed_01_pillow1_mesh 819/1281 | Building BVH
Fra:1 Mem:618.65M (Peak 618.80M) | Time:00:02.32 | Mem:260.96M, Peak:279.68M | Scene, ViewLayer | Updating Geometry BVH common_master_bedroom_bed_01_pillow2_mesh 820/1281 | Building BVH
Fra:1 Mem:618.65M (Peak 618.80M) | Time:00:02.32 | Mem:260.96M, Peak:279.68M | Scene, ViewLayer | Updating Geometry BVH common_master_bedroom_bed_01_throw_mesh 821/1281 | Building BVH
Fra:1 Mem:618.65M (Peak 618.80M) | Time:00:02.32 | Mem:260.96M, Peak:279.68M | Scene, ViewLayer | Updating Geometry BVH common_master_bedroom_headboard_01_pad_mesh 822/1281 | Building BVH
Fra:1 Mem:618.65M (Peak 618.80M) | Time:00:02.32 | Mem:260.96M, Peak:279.68M | Scene, ViewLayer | Updating Geometry BVH common_master_bedroom_nightstand_01_body_mesh 823/1281 | Building BVH
Fra:1 Mem:618.65M (Peak 618.80M) | Time:00:02.32 | Mem:260.96M, Peak:279.68M | Scene, ViewLayer | Updating Geometry BVH common_master_bedroom_nightstand_01_drw_gapbg_mesh 824/1281 | Building BVH
Fra:1 Mem:618.65M (Peak 618.80M) | Time:00:02.32 | Mem:260.97M, Peak:279.68M | Scene, ViewLayer | Updating Geometry BVH common_master_bedroom_nightstand_01_drw_f0_mesh 825/1281 | Building BVH
Fra:1 Mem:618.65M (Peak 618.80M) | Time:00:02.32 | Mem:260.97M, Peak:279.68M | Scene, ViewLayer | Updating Geometry BVH common_master_bedroom_nightstand_01_leg0_mesh 827/1281 | Building BVH
Fra:1 Mem:618.65M (Peak 618.80M) | Time:00:02.32 | Mem:261.06M, Peak:279.68M | Scene, ViewLayer | Updating Geometry BVH common_master_bedroom_nightstand_01_leg1_mesh 828/1281 | Building BVH
Fra:1 Mem:618.65M (Peak 618.80M) | Time:00:02.32 | Mem:261.07M, Peak:279.68M | Scene, ViewLayer | Updating Geometry BVH common_master_bedroom_nightstand_01_leg2_mesh 829/1281 | Building BVH
Fra:1 Mem:618.65M (Peak 618.80M) | Time:00:02.32 | Mem:261.08M, Peak:279.68M | Scene, ViewLayer | Updating Geometry BVH common_master_bedroom_nightstand_01_leg3_mesh 830/1281 | Building BVH
Fra:1 Mem:618.65M (Peak 618.80M) | Time:00:02.32 | Mem:261.08M, Peak:279.68M | Scene, ViewLayer | Updating Geometry BVH common_master_bedroom_nightstand_02_body_mesh 831/1281 | Building BVH
Fra:1 Mem:618.65M (Peak 618.80M) | Time:00:02.33 | Mem:261.08M, Peak:279.68M | Scene, ViewLayer | Updating Geometry BVH common_master_bedroom_nightstand_02_drw_gapbg_mesh 832/1281 | Building BVH
Fra:1 Mem:618.65M (Peak 618.80M) | Time:00:02.33 | Mem:261.08M, Peak:279.68M | Scene, ViewLayer | Updating Geometry BVH common_master_bedroom_nightstand_02_drw_p0_mesh 834/1281 | Building BVH
Fra:1 Mem:618.65M (Peak 618.80M) | Time:00:02.33 | Mem:261.08M, Peak:279.68M | Scene, ViewLayer | Updating Geometry BVH common_master_bedroom_nightstand_02_leg0_mesh 835/1281 | Building BVH
Fra:1 Mem:618.65M (Peak 618.80M) | Time:00:02.33 | Mem:261.10M, Peak:279.68M | Scene, ViewLayer | Updating Geometry BVH common_master_bedroom_nightstand_02_leg1_mesh 836/1281 | Building BVH
Fra:1 Mem:618.65M (Peak 618.80M) | Time:00:02.33 | Mem:261.10M, Peak:279.68M | Scene, ViewLayer | Updating Geometry BVH common_master_bedroom_nightstand_02_leg3_mesh 838/1281 | Building BVH
Fra:1 Mem:618.65M (Peak 618.80M) | Time:00:02.33 | Mem:261.16M, Peak:279.68M | Scene, ViewLayer | Updating Geometry BVH common_master_bedroom_desk_01_top_mesh 839/1281 | Building BVH
Fra:1 Mem:618.65M (Peak 618.80M) | Time:00:02.33 | Mem:261.19M, Peak:279.68M | Scene, ViewLayer | Updating Geometry BVH A_living_dining_balcony_dining_chair_04_back_mesh 1209/1281 | Building BVH
Fra:1 Mem:618.65M (Peak 618.80M) | Time:00:02.33 | Mem:261.19M, Peak:279.68M | Scene, ViewLayer | Updating Geometry BVH common_master_bedroom_desk_01_drawer_mesh 840/1281 | Building BVH
Fra:1 Mem:618.65M (Peak 618.80M) | Time:00:02.33 | Mem:261.21M, Peak:279.68M | Scene, ViewLayer | Updating Geometry BVH common_master_bedroom_desk_01_leg0_mesh 841/1281 | Building BVH
Fra:1 Mem:618.65M (Peak 618.80M) | Time:00:02.33 | Mem:261.22M, Peak:279.68M | Scene, ViewLayer | Updating Geometry BVH common_master_bedroom_desk_01_leg1_mesh 842/1281 | Building BVH
Fra:1 Mem:618.65M (Peak 618.80M) | Time:00:02.33 | Mem:261.22M, Peak:279.68M | Scene, ViewLayer | Updating Geometry BVH common_master_bedroom_desk_01_leg2_mesh 843/1281 | Building BVH
Fra:1 Mem:618.65M (Peak 618.80M) | Time:00:02.33 | Mem:261.23M, Peak:279.68M | Scene, ViewLayer | Updating Geometry BVH common_master_bedroom_desk_01_leg3_mesh 844/1281 | Building BVH
Fra:1 Mem:618.65M (Peak 618.80M) | Time:00:02.33 | Mem:261.25M, Peak:279.68M | Scene, ViewLayer | Updating Geometry BVH common_master_bedroom_desk_01_monitor_mesh 845/1281 | Building BVH
Fra:1 Mem:618.65M (Peak 618.80M) | Time:00:02.33 | Mem:261.27M, Peak:279.68M | Scene, ViewLayer | Updating Geometry BVH common_master_bedroom_desk_01_monstand_mesh 846/1281 | Building BVH
Fra:1 Mem:618.65M (Peak 618.80M) | Time:00:02.33 | Mem:261.27M, Peak:279.68M | Scene, ViewLayer | Updating Geometry BVH common_master_bedroom_chair_01_seat_mesh 847/1281 | Building BVH
Fra:1 Mem:618.65M (Peak 618.80M) | Time:00:02.33 | Mem:261.27M, Peak:279.68M | Scene, ViewLayer | Updating Geometry BVH A_living_dining_balcony_dining_chair_03_armf1_mesh 1208/1281 | Building BVH
Fra:1 Mem:618.65M (Peak 618.80M) | Time:00:02.33 | Mem:261.27M, Peak:279.68M | Scene, ViewLayer | Updating Geometry BVH common_master_bedroom_chair_01_back_mesh 848/1281 | Building BVH
Fra:1 Mem:618.65M (Peak 618.80M) | Time:00:02.33 | Mem:261.27M, Peak:279.68M | Scene, ViewLayer | Updating Geometry BVH common_master_bedroom_chair_01_post_mesh 849/1281 | Building BVH
Fra:1 Mem:618.65M (Peak 618.80M) | Time:00:02.33 | Mem:261.27M, Peak:279.68M | Scene, ViewLayer | Updating Geometry BVH common_master_bedroom_chair_01_base_mesh 850/1281 | Building BVH
Fra:1 Mem:618.65M (Peak 618.80M) | Time:00:02.33 | Mem:261.28M, Peak:279.68M | Scene, ViewLayer | Updating Geometry BVH common_master_bedroom_rug_01_pile_mesh 851/1281 | Building BVH
Fra:1 Mem:618.65M (Peak 618.80M) | Time:00:02.33 | Mem:261.28M, Peak:279.68M | Scene, ViewLayer | Updating Geometry BVH common_terrace_coffee_table_01_top_mesh 852/1281 | Building BVH
Fra:1 Mem:618.65M (Peak 618.80M) | Time:00:02.33 | Mem:261.28M, Peak:279.68M | Scene, ViewLayer | Updating Geometry BVH common_terrace_coffee_table_01_leg0_mesh 853/1281 | Building BVH
Fra:1 Mem:618.65M (Peak 618.80M) | Time:00:02.33 | Mem:261.33M, Peak:279.68M | Scene, ViewLayer | Updating Geometry BVH common_terrace_coffee_table_01_leg1_mesh 854/1281 | Building BVH
Fra:1 Mem:618.65M (Peak 618.80M) | Time:00:02.33 | Mem:261.39M, Peak:279.68M | Scene, ViewLayer | Updating Geometry BVH common_terrace_coffee_table_01_leg2_mesh 855/1281 | Building BVH
Fra:1 Mem:618.65M (Peak 618.80M) | Time:00:02.33 | Mem:261.39M, Peak:279.68M | Scene, ViewLayer | Updating Geometry BVH common_terrace_lounge_chair_01_cushion_mesh 857/1281 | Building BVH
Fra:1 Mem:618.65M (Peak 618.80M) | Time:00:02.33 | Mem:261.40M, Peak:279.68M | Scene, ViewLayer | Updating Geometry BVH common_terrace_lounge_chair_01_back0_mesh 858/1281 | Building BVH
Fra:1 Mem:618.65M (Peak 618.80M) | Time:00:02.33 | Mem:261.40M, Peak:279.68M | Scene, ViewLayer | Updating Geometry BVH common_terrace_lounge_chair_01_back1_mesh 859/1281 | Building BVH
Fra:1 Mem:618.65M (Peak 618.80M) | Time:00:02.33 | Mem:261.40M, Peak:279.68M | Scene, ViewLayer | Updating Geometry BVH common_terrace_lounge_chair_01_arm-1_mesh 861/1281 | Building BVH
Fra:1 Mem:618.65M (Peak 618.80M) | Time:00:02.33 | Mem:261.40M, Peak:279.68M | Scene, ViewLayer | Updating Geometry BVH common_terrace_lounge_chair_01_seat_mesh 856/1281 | Building BVH
Fra:1 Mem:618.65M (Peak 618.80M) | Time:00:02.33 | Mem:261.46M, Peak:279.68M | Scene, ViewLayer | Updating Geometry BVH common_terrace_lounge_chair_01_armp-1_mesh 862/1281 | Building BVH
Fra:1 Mem:618.65M (Peak 618.80M) | Time:00:02.33 | Mem:261.50M, Peak:279.68M | Scene, ViewLayer | Updating Geometry BVH common_terrace_lounge_chair_01_arm1_mesh 863/1281 | Building BVH
Fra:1 Mem:618.65M (Peak 618.80M) | Time:00:02.33 | Mem:261.51M, Peak:279.68M | Scene, ViewLayer | Updating Geometry BVH common_terrace_lounge_chair_01_armp1_mesh 864/1281 | Building BVH
Fra:1 Mem:618.65M (Peak 618.80M) | Time:00:02.33 | Mem:261.55M, Peak:279.68M | Scene, ViewLayer | Updating Geometry BVH common_terrace_lounge_chair_01_leg0_mesh 865/1281 | Building BVH
Fra:1 Mem:618.65M (Peak 618.80M) | Time:00:02.33 | Mem:261.55M, Peak:279.68M | Scene, ViewLayer | Updating Geometry BVH common_terrace_lounge_chair_01_leg1_mesh 866/1281 | Building BVH
Fra:1 Mem:618.65M (Peak 618.80M) | Time:00:02.33 | Mem:261.56M, Peak:279.68M | Scene, ViewLayer | Updating Geometry BVH A_living_dining_balcony_dining_chair_03_arm1_mesh 1207/1281 | Building BVH
Fra:1 Mem:618.65M (Peak 618.80M) | Time:00:02.33 | Mem:261.56M, Peak:279.68M | Scene, ViewLayer | Updating Geometry BVH common_terrace_lounge_chair_01_leg2_mesh 867/1281 | Building BVH
Fra:1 Mem:618.65M (Peak 618.80M) | Time:00:02.33 | Mem:261.56M, Peak:279.68M | Scene, ViewLayer | Updating Geometry BVH common_terrace_lounge_chair_01_leg3_mesh 868/1281 | Building BVH
Fra:1 Mem:618.65M (Peak 618.80M) | Time:00:02.33 | Mem:261.58M, Peak:279.68M | Scene, ViewLayer | Updating Geometry BVH common_terrace_lounge_chair_02_seat_mesh 869/1281 | Building BVH
Fra:1 Mem:618.65M (Peak 618.80M) | Time:00:02.33 | Mem:261.59M, Peak:279.68M | Scene, ViewLayer | Updating Geometry BVH common_terrace_lounge_chair_02_cushion_mesh 870/1281 | Building BVH
Fra:1 Mem:618.65M (Peak 618.80M) | Time:00:02.33 | Mem:261.63M, Peak:279.68M | Scene, ViewLayer | Updating Geometry BVH common_terrace_lounge_chair_02_back0_mesh 871/1281 | Building BVH
Fra:1 Mem:618.65M (Peak 618.80M) | Time:00:02.33 | Mem:261.63M, Peak:279.68M | Scene, ViewLayer | Updating Geometry BVH common_terrace_lounge_chair_02_back1_mesh 872/1281 | Building BVH
Fra:1 Mem:618.65M (Peak 618.80M) | Time:00:02.33 | Mem:261.63M, Peak:279.68M | Scene, ViewLayer | Updating Geometry BVH common_terrace_lounge_chair_02_back2_mesh 873/1281 | Building BVH
Fra:1 Mem:618.65M (Peak 618.80M) | Time:00:02.33 | Mem:261.65M, Peak:279.68M | Scene, ViewLayer | Updating Geometry BVH common_terrace_lounge_chair_02_arm-1_mesh 874/1281 | Building BVH
Fra:1 Mem:618.65M (Peak 618.80M) | Time:00:02.33 | Mem:261.66M, Peak:279.68M | Scene, ViewLayer | Updating Geometry BVH common_terrace_lounge_chair_02_armp-1_mesh 875/1281 | Building BVH
Fra:1 Mem:618.65M (Peak 618.80M) | Time:00:02.33 | Mem:261.70M, Peak:279.68M | Scene, ViewLayer | Updating Geometry BVH common_terrace_lounge_chair_02_arm1_mesh 876/1281 | Building BVH
Fra:1 Mem:618.65M (Peak 618.80M) | Time:00:02.33 | Mem:261.72M, Peak:279.68M | Scene, ViewLayer | Updating Geometry BVH A_living_dining_balcony_dining_chair_03_armf0_mesh 1206/1281 | Building BVH
Fra:1 Mem:618.65M (Peak 618.80M) | Time:00:02.33 | Mem:261.72M, Peak:279.68M | Scene, ViewLayer | Updating Geometry BVH common_terrace_lounge_chair_02_armp1_mesh 877/1281 | Building BVH
Fra:1 Mem:618.65M (Peak 618.80M) | Time:00:02.33 | Mem:261.72M, Peak:279.68M | Scene, ViewLayer | Updating Geometry BVH common_terrace_lounge_chair_02_leg0_mesh 878/1281 | Building BVH
Fra:1 Mem:618.65M (Peak 618.80M) | Time:00:02.33 | Mem:261.73M, Peak:279.68M | Scene, ViewLayer | Updating Geometry BVH common_terrace_lounge_chair_02_leg1_mesh 879/1281 | Building BVH
Fra:1 Mem:618.65M (Peak 618.80M) | Time:00:02.33 | Mem:261.73M, Peak:279.68M | Scene, ViewLayer | Updating Geometry BVH common_terrace_lounge_chair_02_leg2_mesh 880/1281 | Building BVH
Fra:1 Mem:618.65M (Peak 618.80M) | Time:00:02.33 | Mem:261.75M, Peak:279.68M | Scene, ViewLayer | Updating Geometry BVH common_terrace_lounge_chair_02_leg3_mesh 881/1281 | Building BVH
Fra:1 Mem:618.65M (Peak 618.80M) | Time:00:02.33 | Mem:261.75M, Peak:279.68M | Scene, ViewLayer | Updating Geometry BVH common_terrace_plant_01_pot_mesh 882/1281 | Building BVH
Fra:1 Mem:618.65M (Peak 618.80M) | Time:00:02.33 | Mem:261.77M, Peak:279.68M | Scene, ViewLayer | Updating Geometry BVH common_terrace_plant_01_stem_mesh 883/1281 | Building BVH
Fra:1 Mem:618.65M (Peak 618.80M) | Time:00:02.33 | Mem:261.82M, Peak:279.68M | Scene, ViewLayer | Updating Geometry BVH common_terrace_plant_01_leaf0_mesh 884/1281 | Building BVH
Fra:1 Mem:618.65M (Peak 618.80M) | Time:00:02.33 | Mem:261.82M, Peak:279.68M | Scene, ViewLayer | Updating Geometry BVH common_terrace_plant_01_leaf2_mesh 886/1281 | Building BVH
Fra:1 Mem:618.65M (Peak 618.80M) | Time:00:02.33 | Mem:261.82M, Peak:279.68M | Scene, ViewLayer | Updating Geometry BVH common_terrace_plant_01_leaf3_mesh 887/1281 | Building BVH
Fra:1 Mem:618.65M (Peak 618.80M) | Time:00:02.33 | Mem:261.82M, Peak:279.68M | Scene, ViewLayer | Updating Geometry BVH common_terrace_plant_01_leaf4_mesh 888/1281 | Building BVH
Fra:1 Mem:618.65M (Peak 618.80M) | Time:00:02.33 | Mem:261.83M, Peak:279.68M | Scene, ViewLayer | Updating Geometry BVH common_terrace_plant_01_leaf5_mesh 889/1281 | Building BVH
Fra:1 Mem:618.65M (Peak 618.80M) | Time:00:02.33 | Mem:261.83M, Peak:279.68M | Scene, ViewLayer | Updating Geometry BVH common_terrace_plant_02_pot_mesh 890/1281 | Building BVH
Fra:1 Mem:618.65M (Peak 618.80M) | Time:00:02.33 | Mem:261.84M, Peak:279.68M | Scene, ViewLayer | Updating Geometry BVH common_terrace_plant_02_stem_mesh 891/1281 | Building BVH
Fra:1 Mem:618.65M (Peak 618.80M) | Time:00:02.33 | Mem:261.87M, Peak:279.68M | Scene, ViewLayer | Updating Geometry BVH common_terrace_plant_02_leaf0_mesh 892/1281 | Building BVH
Fra:1 Mem:618.65M (Peak 618.80M) | Time:00:02.33 | Mem:261.90M, Peak:279.68M | Scene, ViewLayer | Updating Geometry BVH common_terrace_plant_02_leaf1_mesh 893/1281 | Building BVH
Fra:1 Mem:618.65M (Peak 618.80M) | Time:00:02.33 | Mem:261.90M, Peak:279.68M | Scene, ViewLayer | Updating Geometry BVH common_terrace_plant_02_leaf2_mesh 894/1281 | Building BVH
Fra:1 Mem:618.65M (Peak 618.80M) | Time:00:02.33 | Mem:261.92M, Peak:279.68M | Scene, ViewLayer | Updating Geometry BVH A_living_dining_balcony_dining_chair_03_arm0_mesh 1205/1281 | Building BVH
Fra:1 Mem:618.65M (Peak 618.80M) | Time:00:02.33 | Mem:261.92M, Peak:279.68M | Scene, ViewLayer | Updating Geometry BVH common_terrace_plant_02_leaf3_mesh 895/1281 | Building BVH
Fra:1 Mem:618.65M (Peak 618.80M) | Time:00:02.33 | Mem:261.92M, Peak:279.68M | Scene, ViewLayer | Updating Geometry BVH common_terrace_plant_02_leaf4_mesh 896/1281 | Building BVH
Fra:1 Mem:618.65M (Peak 618.80M) | Time:00:02.33 | Mem:261.93M, Peak:279.68M | Scene, ViewLayer | Updating Geometry BVH common_terrace_plant_03_pot_mesh 898/1281 | Building BVH
Fra:1 Mem:618.65M (Peak 618.80M) | Time:00:02.33 | Mem:261.95M, Peak:279.68M | Scene, ViewLayer | Updating Geometry BVH common_terrace_plant_03_stem_mesh 899/1281 | Building BVH
Fra:1 Mem:618.65M (Peak 618.80M) | Time:00:02.33 | Mem:262.00M, Peak:279.68M | Scene, ViewLayer | Updating Geometry BVH common_terrace_plant_03_leaf0_mesh 900/1281 | Building BVH
Fra:1 Mem:618.65M (Peak 618.80M) | Time:00:02.33 | Mem:262.00M, Peak:279.68M | Scene, ViewLayer | Updating Geometry BVH A_living_dining_balcony_dining_chair_03_legt3_mesh 1204/1281 | Building BVH
Fra:1 Mem:618.65M (Peak 618.80M) | Time:00:02.33 | Mem:262.00M, Peak:279.68M | Scene, ViewLayer | Updating Geometry BVH common_terrace_plant_03_leaf2_mesh 902/1281 | Building BVH
Fra:1 Mem:618.65M (Peak 618.80M) | Time:00:02.33 | Mem:262.00M, Peak:279.68M | Scene, ViewLayer | Updating Geometry BVH common_terrace_plant_03_leaf3_mesh 903/1281 | Building BVH
Fra:1 Mem:618.65M (Peak 618.80M) | Time:00:02.33 | Mem:262.01M, Peak:279.68M | Scene, ViewLayer | Updating Geometry BVH common_terrace_plant_03_leaf4_mesh 904/1281 | Building BVH
Fra:1 Mem:618.65M (Peak 618.80M) | Time:00:02.33 | Mem:262.02M, Peak:279.68M | Scene, ViewLayer | Updating Geometry BVH common_terrace_plant_03_leaf5_mesh 905/1281 | Building BVH
Fra:1 Mem:618.65M (Peak 618.80M) | Time:00:02.33 | Mem:262.04M, Peak:279.68M | Scene, ViewLayer | Updating Geometry BVH common_terrace_plant_04_pot_mesh 906/1281 | Building BVH
Fra:1 Mem:618.65M (Peak 618.80M) | Time:00:02.34 | Mem:262.06M, Peak:279.68M | Scene, ViewLayer | Updating Geometry BVH A_living_dining_balcony_dining_chair_03_leg3_mesh 1203/1281 | Building BVH
Fra:1 Mem:618.65M (Peak 618.80M) | Time:00:02.34 | Mem:262.06M, Peak:279.68M | Scene, ViewLayer | Updating Geometry BVH common_terrace_plant_03_leaf1_mesh 901/1281 | Building BVH
Fra:1 Mem:618.65M (Peak 618.80M) | Time:00:02.34 | Mem:262.07M, Peak:279.68M | Scene, ViewLayer | Updating Geometry BVH common_terrace_plant_04_stem_mesh 907/1281 | Building BVH
Fra:1 Mem:618.65M (Peak 618.80M) | Time:00:02.34 | Mem:262.10M, Peak:279.68M | Scene, ViewLayer | Updating Geometry BVH common_terrace_plant_04_leaf1_mesh 909/1281 | Building BVH
Fra:1 Mem:618.65M (Peak 618.80M) | Time:00:02.34 | Mem:262.10M, Peak:279.68M | Scene, ViewLayer | Updating Geometry BVH common_terrace_plant_04_leaf0_mesh 908/1281 | Building BVH
Fra:1 Mem:618.65M (Peak 618.80M) | Time:00:02.34 | Mem:262.10M, Peak:279.68M | Scene, ViewLayer | Updating Geometry BVH common_terrace_plant_04_leaf3_mesh 911/1281 | Building BVH
Fra:1 Mem:618.65M (Peak 618.80M) | Time:00:02.34 | Mem:262.10M, Peak:279.68M | Scene, ViewLayer | Updating Geometry BVH A_living_dining_balcony_dining_chair_03_legt2_mesh 1202/1281 | Building BVH
Fra:1 Mem:618.65M (Peak 618.80M) | Time:00:02.34 | Mem:262.11M, Peak:279.68M | Scene, ViewLayer | Updating Geometry BVH common_terrace_plant_04_leaf4_mesh 912/1281 | Building BVH
Fra:1 Mem:618.65M (Peak 618.80M) | Time:00:02.34 | Mem:262.16M, Peak:279.68M | Scene, ViewLayer | Updating Geometry BVH common_terrace_plant_04_leaf5_mesh 913/1281 | Building BVH
Fra:1 Mem:618.65M (Peak 618.80M) | Time:00:02.34 | Mem:262.16M, Peak:279.68M | Scene, ViewLayer | Updating Geometry BVH common_parents_room_bed_01_frame_mesh 914/1281 | Building BVH
Fra:1 Mem:618.65M (Peak 618.80M) | Time:00:02.34 | Mem:262.16M, Peak:279.68M | Scene, ViewLayer | Updating Geometry BVH common_parents_room_bed_01_mattress_mesh 915/1281 | Building BVH
Fra:1 Mem:618.65M (Peak 618.80M) | Time:00:02.34 | Mem:262.17M, Peak:279.68M | Scene, ViewLayer | Updating Geometry BVH common_parents_room_bed_01_headboard_mesh 916/1281 | Building BVH
Fra:1 Mem:618.65M (Peak 618.80M) | Time:00:02.34 | Mem:262.18M, Peak:279.68M | Scene, ViewLayer | Updating Geometry BVH common_parents_room_bed_01_duvet_mesh 917/1281 | Building BVH
Fra:1 Mem:618.65M (Peak 618.80M) | Time:00:02.34 | Mem:262.18M, Peak:279.68M | Scene, ViewLayer | Updating Geometry BVH common_parents_room_bed_01_duvetdrop_mesh 918/1281 | Building BVH
Fra:1 Mem:618.65M (Peak 618.80M) | Time:00:02.34 | Mem:262.25M, Peak:279.68M | Scene, ViewLayer | Updating Geometry BVH common_parents_room_bed_01_duvetdrop2_mesh 919/1281 | Building BVH
Fra:1 Mem:618.65M (Peak 618.80M) | Time:00:02.34 | Mem:262.24M, Peak:279.68M | Scene, ViewLayer | Updating Geometry BVH common_parents_room_bed_01_pillow1_mesh 920/1281 | Building BVH
Fra:1 Mem:618.65M (Peak 618.80M) | Time:00:02.34 | Mem:262.27M, Peak:279.68M | Scene, ViewLayer | Updating Geometry BVH common_parents_room_bed_01_pillow2_mesh 921/1281 | Building BVH
Fra:1 Mem:618.65M (Peak 618.80M) | Time:00:02.34 | Mem:262.27M, Peak:279.68M | Scene, ViewLayer | Updating Geometry BVH common_parents_room_bed_01_throw_mesh 922/1281 | Building BVH
Fra:1 Mem:618.65M (Peak 618.80M) | Time:00:02.34 | Mem:262.27M, Peak:279.68M | Scene, ViewLayer | Updating Geometry BVH common_parents_room_nightstand_01_body_mesh 923/1281 | Building BVH
Fra:1 Mem:618.65M (Peak 618.80M) | Time:00:02.34 | Mem:262.31M, Peak:279.68M | Scene, ViewLayer | Updating Geometry BVH common_parents_room_nightstand_01_drw_gapbg_mesh 924/1281 | Building BVH
Fra:1 Mem:618.65M (Peak 618.80M) | Time:00:02.34 | Mem:262.31M, Peak:279.68M | Scene, ViewLayer | Updating Geometry BVH common_parents_room_nightstand_01_drw_f0_mesh 925/1281 | Building BVH
Fra:1 Mem:618.65M (Peak 618.80M) | Time:00:02.34 | Mem:262.34M, Peak:279.68M | Scene, ViewLayer | Updating Geometry BVH common_parents_room_nightstand_01_drw_p0_mesh 926/1281 | Building BVH
Fra:1 Mem:618.65M (Peak 618.80M) | Time:00:02.34 | Mem:262.34M, Peak:279.68M | Scene, ViewLayer | Updating Geometry BVH common_parents_room_nightstand_01_leg2_mesh 929/1281 | Building BVH
Fra:1 Mem:618.65M (Peak 618.80M) | Time:00:02.34 | Mem:262.34M, Peak:279.68M | Scene, ViewLayer | Updating Geometry BVH common_parents_room_nightstand_01_leg3_mesh 930/1281 | Building BVH
Fra:1 Mem:618.65M (Peak 618.80M) | Time:00:02.34 | Mem:262.34M, Peak:279.68M | Scene, ViewLayer | Updating Geometry BVH common_parents_room_cushion_01_pad_mesh 931/1281 | Building BVH
Fra:1 Mem:618.65M (Peak 618.80M) | Time:00:02.34 | Mem:262.40M, Peak:279.68M | Scene, ViewLayer | Updating Geometry BVH common_parents_room_cushion_01_pil_olive_mesh 932/1281 | Building BVH
Fra:1 Mem:618.65M (Peak 618.80M) | Time:00:02.34 | Mem:262.40M, Peak:279.68M | Scene, ViewLayer | Updating Geometry BVH common_parents_room_cushion_01_pil_brick_mesh 933/1281 | Building BVH
Fra:1 Mem:618.65M (Peak 618.80M) | Time:00:02.34 | Mem:262.40M, Peak:279.68M | Scene, ViewLayer | Updating Geometry BVH common_parents_room_shelf_01_side0_mesh 934/1281 | Building BVH
Fra:1 Mem:618.65M (Peak 618.80M) | Time:00:02.34 | Mem:262.40M, Peak:279.68M | Scene, ViewLayer | Updating Geometry BVH common_parents_room_shelf_01_side1_mesh 935/1281 | Building BVH
Fra:1 Mem:618.65M (Peak 618.80M) | Time:00:02.34 | Mem:262.40M, Peak:279.68M | Scene, ViewLayer | Updating Geometry BVH common_parents_room_shelf_01_top_mesh 936/1281 | Building BVH
Fra:1 Mem:618.65M (Peak 618.80M) | Time:00:02.34 | Mem:262.41M, Peak:279.68M | Scene, ViewLayer | Updating Geometry BVH common_parents_room_shelf_01_sh1_mesh 937/1281 | Building BVH
Fra:1 Mem:618.65M (Peak 618.80M) | Time:00:02.34 | Mem:262.42M, Peak:279.68M | Scene, ViewLayer | Updating Geometry BVH common_parents_room_shelf_02_side0_mesh 938/1281 | Building BVH
Fra:1 Mem:618.65M (Peak 618.80M) | Time:00:02.34 | Mem:262.43M, Peak:279.68M | Scene, ViewLayer | Updating Geometry BVH common_parents_room_shelf_02_side1_mesh 939/1281 | Building BVH
Fra:1 Mem:618.65M (Peak 618.80M) | Time:00:02.34 | Mem:262.46M, Peak:279.68M | Scene, ViewLayer | Updating Geometry BVH common_parents_room_shelf_02_top_mesh 940/1281 | Building BVH
Fra:1 Mem:618.65M (Peak 618.80M) | Time:00:02.34 | Mem:262.46M, Peak:279.68M | Scene, ViewLayer | Updating Geometry BVH common_parents_room_shelf_02_sh1_mesh 941/1281 | Building BVH
Fra:1 Mem:618.65M (Peak 618.80M) | Time:00:02.34 | Mem:262.46M, Peak:279.68M | Scene, ViewLayer | Updating Geometry BVH A_living_dining_balcony_dining_chair_03_leg2_mesh 1201/1281 | Building BVH
Fra:1 Mem:618.65M (Peak 618.80M) | Time:00:02.34 | Mem:262.46M, Peak:279.68M | Scene, ViewLayer | Updating Geometry BVH common_daughter_room_wardrobe_01_body_mesh 942/1281 | Building BVH
Fra:1 Mem:618.65M (Peak 618.80M) | Time:00:02.34 | Mem:262.46M, Peak:279.68M | Scene, ViewLayer | Updating Geometry BVH common_daughter_room_wardrobe_01_slA_f0_mesh 943/1281 | Building BVH
Fra:1 Mem:618.65M (Peak 618.80M) | Time:00:02.34 | Mem:262.46M, Peak:279.68M | Scene, ViewLayer | Updating Geometry BVH common_daughter_room_wardrobe_01_slA_f1_mesh 944/1281 | Building BVH
Fra:1 Mem:618.65M (Peak 618.80M) | Time:00:02.34 | Mem:262.47M, Peak:279.68M | Scene, ViewLayer | Updating Geometry BVH common_daughter_room_wardrobe_01_slB_f1_mesh 946/1281 | Building BVH
Fra:1 Mem:618.65M (Peak 618.80M) | Time:00:02.34 | Mem:262.47M, Peak:279.68M | Scene, ViewLayer | Updating Geometry BVH common_daughter_room_wardrobe_02_body_mesh 947/1281 | Building BVH
Fra:1 Mem:618.65M (Peak 618.80M) | Time:00:02.34 | Mem:262.48M, Peak:279.68M | Scene, ViewLayer | Updating Geometry BVH common_daughter_room_wardrobe_02_slA_f1_mesh 949/1281 | Building BVH
Fra:1 Mem:618.65M (Peak 618.80M) | Time:00:02.34 | Mem:262.52M, Peak:279.68M | Scene, ViewLayer | Updating Geometry BVH common_daughter_room_wardrobe_02_slB_f0_mesh 950/1281 | Building BVH
Fra:1 Mem:618.65M (Peak 618.80M) | Time:00:02.34 | Mem:262.58M, Peak:279.68M | Scene, ViewLayer | Updating Geometry BVH common_daughter_room_wardrobe_01_slB_f0_mesh 945/1281 | Building BVH
Fra:1 Mem:618.65M (Peak 618.80M) | Time:00:02.34 | Mem:262.63M, Peak:279.68M | Scene, ViewLayer | Updating Geometry BVH common_daughter_room_wardrobe_02_slB_f1_mesh 951/1281 | Building BVH
Fra:1 Mem:618.65M (Peak 618.80M) | Time:00:02.34 | Mem:262.65M, Peak:279.68M | Scene, ViewLayer | Updating Geometry BVH common_daughter_room_bed_01_frame_mesh 952/1281 | Building BVH
Fra:1 Mem:618.65M (Peak 618.80M) | Time:00:02.34 | Mem:262.67M, Peak:279.68M | Scene, ViewLayer | Updating Geometry BVH A_living_dining_balcony_dining_chair_03_legt1_mesh 1200/1281 | Building BVH
Fra:1 Mem:618.65M (Peak 618.80M) | Time:00:02.34 | Mem:262.66M, Peak:279.68M | Scene, ViewLayer | Updating Geometry BVH common_daughter_room_bed_01_mattress_mesh 953/1281 | Building BVH
Fra:1 Mem:618.65M (Peak 618.80M) | Time:00:02.34 | Mem:262.67M, Peak:279.68M | Scene, ViewLayer | Updating Geometry BVH common_daughter_room_bed_01_duvet_mesh 955/1281 | Building BVH
Fra:1 Mem:618.65M (Peak 618.80M) | Time:00:02.34 | Mem:262.68M, Peak:279.68M | Scene, ViewLayer | Updating Geometry BVH common_daughter_room_bed_01_duvetdrop_mesh 956/1281 | Building BVH
Fra:1 Mem:618.65M (Peak 618.80M) | Time:00:02.34 | Mem:262.73M, Peak:279.68M | Scene, ViewLayer | Updating Geometry BVH common_daughter_room_bed_01_duvetdrop2_mesh 957/1281 | Building BVH
Fra:1 Mem:618.65M (Peak 618.80M) | Time:00:02.34 | Mem:262.75M, Peak:279.68M | Scene, ViewLayer | Updating Geometry BVH common_daughter_room_bed_01_pillow1_mesh 958/1281 | Building BVH
Fra:1 Mem:618.65M (Peak 618.80M) | Time:00:02.34 | Mem:262.75M, Peak:279.68M | Scene, ViewLayer | Updating Geometry BVH common_daughter_room_bed_01_pillow2_mesh 959/1281 | Building BVH
Fra:1 Mem:618.65M (Peak 618.80M) | Time:00:02.34 | Mem:262.75M, Peak:279.68M | Scene, ViewLayer | Updating Geometry BVH common_daughter_room_bed_01_pillow_acc_mesh 960/1281 | Building BVH
Fra:1 Mem:618.65M (Peak 618.80M) | Time:00:02.34 | Mem:262.79M, Peak:279.68M | Scene, ViewLayer | Updating Geometry BVH A_living_dining_balcony_dining_chair_03_leg1_mesh 1199/1281 | Building BVH
Fra:1 Mem:618.65M (Peak 618.80M) | Time:00:02.34 | Mem:262.79M, Peak:279.68M | Scene, ViewLayer | Updating Geometry BVH common_daughter_room_desk_01_top_mesh 967/1281 | Building BVH
Fra:1 Mem:618.65M (Peak 618.80M) | Time:00:02.34 | Mem:262.89M, Peak:279.68M | Scene, ViewLayer | Updating Geometry BVH common_daughter_room_desk_01_drawer_mesh 968/1281 | Building BVH
Fra:1 Mem:618.65M (Peak 618.80M) | Time:00:02.34 | Mem:262.89M, Peak:279.68M | Scene, ViewLayer | Updating Geometry BVH common_daughter_room_desk_01_leg1_mesh 970/1281 | Building BVH
Fra:1 Mem:618.65M (Peak 618.80M) | Time:00:02.34 | Mem:262.89M, Peak:279.68M | Scene, ViewLayer | Updating Geometry BVH common_daughter_room_desk_01_leg0_mesh 969/1281 | Building BVH
Fra:1 Mem:618.65M (Peak 618.80M) | Time:00:02.34 | Mem:262.89M, Peak:279.68M | Scene, ViewLayer | Updating Geometry BVH common_daughter_room_desk_01_leg3_mesh 972/1281 | Building BVH
Fra:1 Mem:618.65M (Peak 618.80M) | Time:00:02.34 | Mem:262.90M, Peak:279.68M | Scene, ViewLayer | Updating Geometry BVH common_daughter_room_chair_01_seat_mesh 973/1281 | Building BVH
Fra:1 Mem:618.65M (Peak 618.80M) | Time:00:02.34 | Mem:262.91M, Peak:279.68M | Scene, ViewLayer | Updating Geometry BVH A_living_dining_balcony_dining_chair_03_legt0_mesh 1198/1281 | Building BVH
Fra:1 Mem:618.65M (Peak 618.80M) | Time:00:02.34 | Mem:262.96M, Peak:279.68M | Scene, ViewLayer | Updating Geometry BVH common_daughter_room_chair_01_back_mesh 974/1281 | Building BVH
Fra:1 Mem:618.65M (Peak 618.80M) | Time:00:02.35 | Mem:262.96M, Peak:279.68M | Scene, ViewLayer | Updating Geometry BVH common_daughter_room_chair_01_post_mesh 975/1281 | Building BVH
Fra:1 Mem:618.65M (Peak 618.80M) | Time:00:02.35 | Mem:262.98M, Peak:279.68M | Scene, ViewLayer | Updating Geometry BVH A_living_dining_balcony_dining_chair_03_leg0_mesh 1197/1281 | Building BVH
Fra:1 Mem:618.65M (Peak 618.80M) | Time:00:02.35 | Mem:262.98M, Peak:279.68M | Scene, ViewLayer | Updating Geometry BVH common_daughter_room_chair_01_base_mesh 976/1281 | Building BVH
Fra:1 Mem:618.65M (Peak 618.80M) | Time:00:02.35 | Mem:262.98M, Peak:279.68M | Scene, ViewLayer | Updating Geometry BVH common_son_room_wardrobe_01_body_mesh 977/1281 | Building BVH
Fra:1 Mem:618.65M (Peak 618.80M) | Time:00:02.35 | Mem:262.99M, Peak:279.68M | Scene, ViewLayer | Updating Geometry BVH common_son_room_wardrobe_01_slA_f0_mesh 978/1281 | Building BVH
Fra:1 Mem:618.65M (Peak 618.80M) | Time:00:02.35 | Mem:263.03M, Peak:279.68M | Scene, ViewLayer | Updating Geometry BVH common_son_room_wardrobe_01_slA_f1_mesh 979/1281 | Building BVH
Fra:1 Mem:618.65M (Peak 618.80M) | Time:00:02.35 | Mem:263.03M, Peak:279.68M | Scene, ViewLayer | Updating Geometry BVH A_living_dining_balcony_dining_chair_03_seat_mesh 1196/1281 | Building BVH
Fra:1 Mem:618.65M (Peak 618.80M) | Time:00:02.35 | Mem:263.06M, Peak:279.68M | Scene, ViewLayer | Updating Geometry BVH common_son_room_wardrobe_01_slA_f2_mesh 980/1281 | Building BVH
Fra:1 Mem:618.65M (Peak 618.80M) | Time:00:02.35 | Mem:263.06M, Peak:279.68M | Scene, ViewLayer | Updating Geometry BVH common_son_room_wardrobe_01_slB_f0_mesh 981/1281 | Building BVH
Fra:1 Mem:618.65M (Peak 618.80M) | Time:00:02.35 | Mem:263.06M, Peak:279.68M | Scene, ViewLayer | Updating Geometry BVH common_son_room_wardrobe_01_slB_f1_mesh 982/1281 | Building BVH
Fra:1 Mem:618.65M (Peak 618.80M) | Time:00:02.35 | Mem:263.08M, Peak:279.68M | Scene, ViewLayer | Updating Geometry BVH common_son_room_wardrobe_01_slB_f2_mesh 983/1281 | Building BVH
Fra:1 Mem:618.65M (Peak 618.80M) | Time:00:02.35 | Mem:263.09M, Peak:279.68M | Scene, ViewLayer | Updating Geometry BVH common_son_room_bed_01_frame_mesh 984/1281 | Building BVH
Fra:1 Mem:618.65M (Peak 618.80M) | Time:00:02.35 | Mem:263.12M, Peak:279.68M | Scene, ViewLayer | Updating Geometry BVH common_son_room_bed_01_mattress_mesh 985/1281 | Building BVH
Fra:1 Mem:618.66M (Peak 618.80M) | Time:00:02.35 | Mem:263.12M, Peak:279.68M | Scene, ViewLayer | Updating Geometry BVH common_son_room_bed_01_headboard_mesh 986/1281 | Building BVH
Fra:1 Mem:618.66M (Peak 618.80M) | Time:00:02.35 | Mem:263.13M, Peak:279.68M | Scene, ViewLayer | Updating Geometry BVH common_son_room_bed_01_duvet_mesh 987/1281 | Building BVH
Fra:1 Mem:618.66M (Peak 618.80M) | Time:00:02.35 | Mem:263.13M, Peak:279.68M | Scene, ViewLayer | Updating Geometry BVH common_son_room_bed_01_duvetdrop_mesh 988/1281 | Building BVH
Fra:1 Mem:618.66M (Peak 618.80M) | Time:00:02.35 | Mem:263.13M, Peak:279.68M | Scene, ViewLayer | Updating Geometry BVH common_son_room_bed_01_duvetdrop2_mesh 989/1281 | Building BVH
Fra:1 Mem:618.66M (Peak 618.80M) | Time:00:02.35 | Mem:263.13M, Peak:279.68M | Scene, ViewLayer | Updating Geometry BVH common_son_room_bed_01_pillow1_mesh 990/1281 | Building BVH
Fra:1 Mem:618.66M (Peak 618.80M) | Time:00:02.35 | Mem:263.15M, Peak:279.68M | Scene, ViewLayer | Updating Geometry BVH common_son_room_bed_01_pillow2_mesh 991/1281 | Building BVH
Fra:1 Mem:618.66M (Peak 618.80M) | Time:00:02.35 | Mem:263.16M, Peak:279.68M | Scene, ViewLayer | Updating Geometry BVH common_son_room_bed_01_pillow_acc_mesh 992/1281 | Building BVH
Fra:1 Mem:618.66M (Peak 618.80M) | Time:00:02.35 | Mem:263.19M, Peak:279.68M | Scene, ViewLayer | Updating Geometry BVH common_son_room_bed_01_throw_mesh 993/1281 | Building BVH
Fra:1 Mem:618.66M (Peak 618.80M) | Time:00:02.35 | Mem:263.25M, Peak:279.68M | Scene, ViewLayer | Updating Geometry BVH common_son_room_desk_01_top_mesh 994/1281 | Building BVH
Fra:1 Mem:618.66M (Peak 618.80M) | Time:00:02.35 | Mem:263.26M, Peak:279.68M | Scene, ViewLayer | Updating Geometry BVH common_son_room_desk_01_drawer_mesh 995/1281 | Building BVH
Fra:1 Mem:618.66M (Peak 618.80M) | Time:00:02.35 | Mem:263.26M, Peak:279.68M | Scene, ViewLayer | Updating Geometry BVH common_son_room_desk_01_leg0_mesh 996/1281 | Building BVH
Fra:1 Mem:618.66M (Peak 618.80M) | Time:00:02.35 | Mem:263.29M, Peak:279.68M | Scene, ViewLayer | Updating Geometry BVH common_son_room_desk_01_leg1_mesh 997/1281 | Building BVH
Fra:1 Mem:618.66M (Peak 618.80M) | Time:00:02.35 | Mem:263.29M, Peak:279.68M | Scene, ViewLayer | Updating Geometry BVH common_son_room_desk_01_leg2_mesh 998/1281 | Building BVH
Fra:1 Mem:618.66M (Peak 618.80M) | Time:00:02.35 | Mem:263.28M, Peak:279.68M | Scene, ViewLayer | Updating Geometry BVH common_son_room_desk_01_leg3_mesh 999/1281 | Building BVH
Fra:1 Mem:618.66M (Peak 618.80M) | Time:00:02.35 | Mem:263.31M, Peak:279.68M | Scene, ViewLayer | Updating Geometry BVH common_son_room_shelf_01_side0_mesh 1000/1281 | Building BVH
Fra:1 Mem:618.66M (Peak 618.80M) | Time:00:02.35 | Mem:263.31M, Peak:279.68M | Scene, ViewLayer | Updating Geometry BVH common_son_room_shelf_01_side1_mesh 1001/1281 | Building BVH
Fra:1 Mem:618.66M (Peak 618.80M) | Time:00:02.35 | Mem:263.31M, Peak:279.68M | Scene, ViewLayer | Updating Geometry BVH common_son_room_shelf_01_sh1_mesh 1003/1281 | Building BVH
Fra:1 Mem:618.66M (Peak 618.80M) | Time:00:02.35 | Mem:263.33M, Peak:279.68M | Scene, ViewLayer | Updating Geometry BVH common_son_room_chair_01_seat_mesh 1004/1281 | Building BVH
Fra:1 Mem:618.66M (Peak 618.80M) | Time:00:02.35 | Mem:263.37M, Peak:279.68M | Scene, ViewLayer | Updating Geometry BVH common_son_room_chair_01_back_mesh 1005/1281 | Building BVH
Fra:1 Mem:618.66M (Peak 618.80M) | Time:00:02.35 | Mem:263.37M, Peak:279.68M | Scene, ViewLayer | Updating Geometry BVH common_son_room_chair_01_post_mesh 1006/1281 | Building BVH
Fra:1 Mem:618.66M (Peak 618.80M) | Time:00:02.35 | Mem:263.40M, Peak:279.68M | Scene, ViewLayer | Updating Geometry BVH common_son_room_chair_01_base_mesh 1007/1281 | Building BVH
Fra:1 Mem:618.66M (Peak 618.80M) | Time:00:02.35 | Mem:263.40M, Peak:279.68M | Scene, ViewLayer | Updating Geometry BVH common_son_room_rug_01_pile_mesh 1008/1281 | Building BVH
Fra:1 Mem:618.66M (Peak 618.80M) | Time:00:02.35 | Mem:263.42M, Peak:279.68M | Scene, ViewLayer | Updating Geometry BVH A_living_dining_balcony_dining_chair_03_back_mesh 1195/1281 | Building BVH
Fra:1 Mem:618.66M (Peak 618.80M) | Time:00:02.35 | Mem:263.45M, Peak:279.68M | Scene, ViewLayer | Updating Geometry BVH fx_curt_master_sheer_mesh 1009/1281 | Building BVH
Fra:1 Mem:618.66M (Peak 618.80M) | Time:00:02.35 | Mem:263.45M, Peak:279.68M | Scene, ViewLayer | Updating Geometry BVH fx_curt_master_bo_e_mesh 1011/1281 | Building BVH
Fra:1 Mem:618.66M (Peak 618.80M) | Time:00:02.35 | Mem:263.45M, Peak:279.68M | Scene, ViewLayer | Updating Geometry BVH fx_curt_parents_sheer_mesh 1012/1281 | Building BVH
Fra:1 Mem:618.66M (Peak 618.80M) | Time:00:02.35 | Mem:263.45M, Peak:279.68M | Scene, ViewLayer | Updating Geometry BVH fx_curt_parents_roller_mesh 1013/1281 | Building BVH
Fra:1 Mem:618.66M (Peak 618.80M) | Time:00:02.35 | Mem:263.45M, Peak:279.68M | Scene, ViewLayer | Updating Geometry BVH fx_curt_daughter_sheer_mesh 1014/1281 | Building BVH
Fra:1 Mem:618.66M (Peak 618.80M) | Time:00:02.35 | Mem:263.54M, Peak:279.68M | Scene, ViewLayer | Updating Geometry BVH fx_curt_daughter_bo_e_mesh 1016/1281 | Building BVH
Fra:1 Mem:618.66M (Peak 618.80M) | Time:00:02.35 | Mem:263.54M, Peak:279.68M | Scene, ViewLayer | Updating Geometry BVH A_living_dining_balcony_dining_chair_02_armf1_mesh 1194/1281 | Building BVH
Fra:1 Mem:618.66M (Peak 618.80M) | Time:00:02.35 | Mem:263.59M, Peak:279.68M | Scene, ViewLayer | Updating Geometry BVH fx_curt_daughter_bo_w_mesh 1015/1281 | Building BVH
Fra:1 Mem:618.66M (Peak 618.80M) | Time:00:02.35 | Mem:263.61M, Peak:279.68M | Scene, ViewLayer | Updating Geometry BVH fx_curt_son_sheer_mesh 1017/1281 | Building BVH
Fra:1 Mem:618.66M (Peak 618.80M) | Time:00:02.35 | Mem:263.63M, Peak:279.68M | Scene, ViewLayer | Updating Geometry BVH fx_curt_son_bo_w_mesh 1018/1281 | Building BVH
Fra:1 Mem:618.66M (Peak 618.80M) | Time:00:02.35 | Mem:263.64M, Peak:279.68M | Scene, ViewLayer | Updating Geometry BVH fx_curt_son_bo_e_mesh 1019/1281 | Building BVH
Fra:1 Mem:618.66M (Peak 618.80M) | Time:00:02.35 | Mem:263.64M, Peak:279.68M | Scene, ViewLayer | Updating Geometry BVH fx_blind_mb_head_mesh 1020/1281 | Building BVH
Fra:1 Mem:618.66M (Peak 618.80M) | Time:00:02.35 | Mem:263.64M, Peak:279.68M | Scene, ViewLayer | Updating Geometry BVH fx_blind_mb_slats0_mesh 1021/1281 | Building BVH
Fra:1 Mem:618.66M (Peak 618.80M) | Time:00:02.35 | Mem:263.65M, Peak:279.68M | Scene, ViewLayer | Updating Geometry BVH fx_blind_mb_slats1_mesh 1022/1281 | Building BVH
Fra:1 Mem:618.66M (Peak 618.80M) | Time:00:02.35 | Mem:263.65M, Peak:279.68M | Scene, ViewLayer | Updating Geometry BVH fx_blind_mb_slats2_mesh 1023/1281 | Building BVH
Fra:1 Mem:618.66M (Peak 618.80M) | Time:00:02.36 | Mem:263.66M, Peak:279.68M | Scene, ViewLayer | Updating Geometry BVH fx_blind_mb_slats3_mesh 1024/1281 | Building BVH
Fra:1 Mem:618.66M (Peak 618.80M) | Time:00:02.36 | Mem:263.69M, Peak:279.68M | Scene, ViewLayer | Updating Geometry BVH fx_blind_mb_slats5_mesh 1026/1281 | Building BVH
Fra:1 Mem:618.66M (Peak 618.80M) | Time:00:02.36 | Mem:263.69M, Peak:279.68M | Scene, ViewLayer | Updating Geometry BVH A_living_dining_balcony_dining_chair_02_arm1_mesh 1193/1281 | Building BVH
Fra:1 Mem:618.66M (Peak 618.80M) | Time:00:02.36 | Mem:263.69M, Peak:279.68M | Scene, ViewLayer | Updating Geometry BVH fx_wall_lamp0_mesh 1027/1281 | Building BVH
Fra:1 Mem:618.66M (Peak 618.80M) | Time:00:02.36 | Mem:263.69M, Peak:279.68M | Scene, ViewLayer | Updating Geometry BVH fx_wall_lamp0_sh_mesh 1028/1281 | Building BVH
Fra:1 Mem:618.66M (Peak 618.80M) | Time:00:02.36 | Mem:263.70M, Peak:279.68M | Scene, ViewLayer | Updating Geometry BVH fx_wall_lamp1_mesh 1029/1281 | Building BVH
Fra:1 Mem:618.66M (Peak 618.80M) | Time:00:02.36 | Mem:263.76M, Peak:279.68M | Scene, ViewLayer | Updating Geometry BVH fx_wall_lamp1_sh_mesh 1030/1281 | Building BVH
Fra:1 Mem:618.66M (Peak 618.80M) | Time:00:02.36 | Mem:263.78M, Peak:279.68M | Scene, ViewLayer | Updating Geometry BVH fx_wall_lamp2_mesh 1031/1281 | Building BVH
Fra:1 Mem:618.66M (Peak 618.80M) | Time:00:02.36 | Mem:263.78M, Peak:279.68M | Scene, ViewLayer | Updating Geometry BVH fx_wall_lamp2_sh_mesh 1032/1281 | Building BVH
Fra:1 Mem:618.66M (Peak 618.80M) | Time:00:02.36 | Mem:263.78M, Peak:279.68M | Scene, ViewLayer | Updating Geometry BVH fx_foyer_jar_mesh 1033/1281 | Building BVH
Fra:1 Mem:618.66M (Peak 618.80M) | Time:00:02.36 | Mem:263.80M, Peak:279.68M | Scene, ViewLayer | Updating Geometry BVH fx_foyer_pic_mesh 1034/1281 | Building BVH
Fra:1 Mem:618.66M (Peak 618.80M) | Time:00:02.36 | Mem:263.80M, Peak:279.68M | Scene, ViewLayer | Updating Geometry BVH fx_kn_board_mesh 1035/1281 | Building BVH
Fra:1 Mem:618.66M (Peak 618.80M) | Time:00:02.36 | Mem:263.94M, Peak:279.68M | Scene, ViewLayer | Updating Geometry BVH fx_kn_oil_mesh 1036/1281 | Building BVH
Fra:1 Mem:618.66M (Peak 618.80M) | Time:00:02.36 | Mem:263.95M, Peak:279.68M | Scene, ViewLayer | Updating Geometry BVH fx_kn_herb_mesh 1037/1281 | Building BVH
Fra:1 Mem:618.66M (Peak 618.80M) | Time:00:02.36 | Mem:263.96M, Peak:279.68M | Scene, ViewLayer | Updating Geometry BVH fx_kn_herb_leaf1_mesh 1038/1281 | Building BVH
Fra:1 Mem:618.66M (Peak 618.80M) | Time:00:02.36 | Mem:263.96M, Peak:279.68M | Scene, ViewLayer | Updating Geometry BVH fx_kn_herb_leaf2_mesh 1039/1281 | Building BVH
Fra:1 Mem:618.66M (Peak 618.80M) | Time:00:02.36 | Mem:263.96M, Peak:279.68M | Scene, ViewLayer | Updating Geometry BVH A_living_dining_balcony_dining_chair_02_armf0_mesh 1192/1281 | Building BVH
Fra:1 Mem:618.66M (Peak 618.80M) | Time:00:02.36 | Mem:263.98M, Peak:279.68M | Scene, ViewLayer | Updating Geometry BVH fx_bc_b0_0_mesh 1041/1281 | Building BVH
Fra:1 Mem:618.66M (Peak 618.80M) | Time:00:02.36 | Mem:263.98M, Peak:279.68M | Scene, ViewLayer | Updating Geometry BVH fx_bc_b0_1_mesh 1042/1281 | Building BVH
Fra:1 Mem:618.66M (Peak 618.80M) | Time:00:02.36 | Mem:263.98M, Peak:279.68M | Scene, ViewLayer | Updating Geometry BVH fx_bc_b0_2_mesh 1043/1281 | Building BVH
Fra:1 Mem:618.66M (Peak 618.80M) | Time:00:02.36 | Mem:263.98M, Peak:279.68M | Scene, ViewLayer | Updating Geometry BVH fx_bc_b0_3_mesh 1044/1281 | Building BVH
Fra:1 Mem:618.66M (Peak 618.80M) | Time:00:02.36 | Mem:264.04M, Peak:279.68M | Scene, ViewLayer | Updating Geometry BVH fx_bc_b0_4_mesh 1045/1281 | Building BVH
Fra:1 Mem:618.66M (Peak 618.80M) | Time:00:02.36 | Mem:264.04M, Peak:279.68M | Scene, ViewLayer | Updating Geometry BVH fx_bc_b0f_0_mesh 1046/1281 | Building BVH
Fra:1 Mem:618.66M (Peak 618.80M) | Time:00:02.36 | Mem:264.04M, Peak:279.68M | Scene, ViewLayer | Updating Geometry BVH fx_bc_b0f_1_mesh 1047/1281 | Building BVH
Fra:1 Mem:618.66M (Peak 618.80M) | Time:00:02.36 | Mem:264.04M, Peak:279.68M | Scene, ViewLayer | Updating Geometry BVH fx_bc_pot_mesh 1048/1281 | Building BVH
Fra:1 Mem:618.66M (Peak 618.80M) | Time:00:02.36 | Mem:264.04M, Peak:279.68M | Scene, ViewLayer | Updating Geometry BVH fx_bc_potneck_mesh 1049/1281 | Building BVH
Fra:1 Mem:618.66M (Peak 618.80M) | Time:00:02.36 | Mem:264.04M, Peak:279.68M | Scene, ViewLayer | Updating Geometry BVH fx_bc_frame_mesh 1051/1281 | Building BVH
Fra:1 Mem:618.66M (Peak 618.80M) | Time:00:02.36 | Mem:264.06M, Peak:279.68M | Scene, ViewLayer | Updating Geometry BVH fx_bc_framein_mesh 1052/1281 | Building BVH
Fra:1 Mem:618.66M (Peak 618.80M) | Time:00:02.36 | Mem:264.07M, Peak:279.68M | Scene, ViewLayer | Updating Geometry BVH A_living_dining_balcony_dining_chair_02_arm0_mesh 1191/1281 | Building BVH
Fra:1 Mem:618.66M (Peak 618.80M) | Time:00:02.36 | Mem:264.09M, Peak:279.68M | Scene, ViewLayer | Updating Geometry BVH fx_bc_rec0_mesh 1053/1281 | Building BVH
Fra:1 Mem:618.66M (Peak 618.80M) | Time:00:02.36 | Mem:264.10M, Peak:279.68M | Scene, ViewLayer | Updating Geometry BVH fx_bc_rec1_mesh 1054/1281 | Building BVH
Fra:1 Mem:618.66M (Peak 618.80M) | Time:00:02.36 | Mem:264.12M, Peak:279.68M | Scene, ViewLayer | Updating Geometry BVH fx_bc_rec2_mesh 1055/1281 | Building BVH
Fra:1 Mem:618.66M (Peak 618.80M) | Time:00:02.36 | Mem:264.12M, Peak:279.68M | Scene, ViewLayer | Updating Geometry BVH fx_bc_recstand_mesh 1056/1281 | Building BVH
Fra:1 Mem:618.66M (Peak 618.80M) | Time:00:02.36 | Mem:264.19M, Peak:279.68M | Scene, ViewLayer | Updating Geometry BVH fx_bc_b3_0_mesh 1057/1281 | Building BVH
Fra:1 Mem:618.66M (Peak 618.80M) | Time:00:02.36 | Mem:264.17M, Peak:279.68M | Scene, ViewLayer | Updating Geometry BVH fx_bc_b3_1_mesh 1058/1281 | Building BVH
Fra:1 Mem:618.66M (Peak 618.80M) | Time:00:02.36 | Mem:264.18M, Peak:279.68M | Scene, ViewLayer | Updating Geometry BVH fx_bc_b3_2_mesh 1059/1281 | Building BVH
Fra:1 Mem:618.66M (Peak 618.80M) | Time:00:02.36 | Mem:264.18M, Peak:279.68M | Scene, ViewLayer | Updating Geometry BVH fx_bc_jar3_mesh 1060/1281 | Building BVH
Fra:1 Mem:618.66M (Peak 618.80M) | Time:00:02.36 | Mem:264.19M, Peak:279.68M | Scene, ViewLayer | Updating Geometry BVH fx_bc_pot4_mesh 1061/1281 | Building BVH
Fra:1 Mem:618.66M (Peak 618.80M) | Time:00:02.36 | Mem:264.19M, Peak:279.68M | Scene, ViewLayer | Updating Geometry BVH fx_bc_g0_0_mesh 1062/1281 | Building BVH
Fra:1 Mem:618.66M (Peak 618.80M) | Time:00:02.36 | Mem:264.24M, Peak:279.68M | Scene, ViewLayer | Updating Geometry BVH fx_bc_g0_1_mesh 1063/1281 | Building BVH
Fra:1 Mem:618.66M (Peak 618.80M) | Time:00:02.36 | Mem:264.24M, Peak:279.68M | Scene, ViewLayer | Updating Geometry BVH fx_bc_g0_2_mesh 1064/1281 | Building BVH
Fra:1 Mem:618.66M (Peak 618.80M) | Time:00:02.36 | Mem:264.27M, Peak:279.68M | Scene, ViewLayer | Updating Geometry BVH fx_bc_gpot_mesh 1065/1281 | Building BVH
Fra:1 Mem:618.66M (Peak 618.80M) | Time:00:02.36 | Mem:264.29M, Peak:279.68M | Scene, ViewLayer | Updating Geometry BVH fx_bc_g1_0_mesh 1066/1281 | Building BVH
Fra:1 Mem:618.66M (Peak 618.80M) | Time:00:02.36 | Mem:264.34M, Peak:279.68M | Scene, ViewLayer | Updating Geometry BVH fx_bc_g1_1_mesh 1067/1281 | Building BVH
Fra:1 Mem:618.66M (Peak 618.80M) | Time:00:02.36 | Mem:264.37M, Peak:279.68M | Scene, ViewLayer | Updating Geometry BVH fx_bc_g1_2_mesh 1068/1281 | Building BVH
Fra:1 Mem:618.66M (Peak 618.80M) | Time:00:02.36 | Mem:264.37M, Peak:279.68M | Scene, ViewLayer | Updating Geometry BVH A_living_dining_balcony_dining_chair_02_legt3_mesh 1190/1281 | Building BVH
Fra:1 Mem:618.66M (Peak 618.80M) | Time:00:02.36 | Mem:264.39M, Peak:279.68M | Scene, ViewLayer | Updating Geometry BVH fx_bc_g1_3_mesh 1069/1281 | Building BVH
Fra:1 Mem:618.66M (Peak 618.80M) | Time:00:02.36 | Mem:264.39M, Peak:279.68M | Scene, ViewLayer | Updating Geometry BVH fx_desk_book0_mesh 1071/1281 | Building BVH
Fra:1 Mem:618.66M (Peak 618.80M) | Time:00:02.36 | Mem:264.39M, Peak:279.68M | Scene, ViewLayer | Updating Geometry BVH fx_desk_book1_mesh 1072/1281 | Building BVH
Fra:1 Mem:618.66M (Peak 618.80M) | Time:00:02.36 | Mem:264.39M, Peak:279.68M | Scene, ViewLayer | Updating Geometry BVH fx_fiddle_pot_mesh 1073/1281 | Building BVH
Fra:1 Mem:618.66M (Peak 618.80M) | Time:00:02.36 | Mem:264.39M, Peak:279.68M | Scene, ViewLayer | Updating Geometry BVH A_living_dining_balcony_dining_chair_02_leg3_mesh 1189/1281 | Building BVH
Fra:1 Mem:618.66M (Peak 618.80M) | Time:00:02.36 | Mem:264.39M, Peak:279.68M | Scene, ViewLayer | Updating Geometry BVH fx_fiddle_stem_mesh 1074/1281 | Building BVH
Fra:1 Mem:618.66M (Peak 618.80M) | Time:00:02.37 | Mem:264.46M, Peak:279.68M | Scene, ViewLayer | Updating Geometry BVH fx_fiddle_leaf0_mesh 1075/1281 | Building BVH
Fra:1 Mem:618.66M (Peak 618.80M) | Time:00:02.37 | Mem:264.46M, Peak:279.68M | Scene, ViewLayer | Updating Geometry BVH fx_fiddle_leaf1_mesh 1076/1281 | Building BVH
Fra:1 Mem:618.66M (Peak 618.80M) | Time:00:02.37 | Mem:264.47M, Peak:279.68M | Scene, ViewLayer | Updating Geometry BVH fx_fiddle_leaf2_mesh 1077/1281 | Building BVH
Fra:1 Mem:618.66M (Peak 618.80M) | Time:00:02.37 | Mem:264.48M, Peak:279.68M | Scene, ViewLayer | Updating Geometry BVH fx_fiddle_leaf3_mesh 1078/1281 | Building BVH
Fra:1 Mem:618.66M (Peak 618.80M) | Time:00:02.37 | Mem:264.49M, Peak:279.68M | Scene, ViewLayer | Updating Geometry BVH fx_fiddle_leaf4_mesh 1079/1281 | Building BVH
Fra:1 Mem:618.66M (Peak 618.80M) | Time:00:02.37 | Mem:264.50M, Peak:279.68M | Scene, ViewLayer | Updating Geometry BVH fx_fiddle_leaf5_mesh 1080/1281 | Building BVH
Fra:1 Mem:618.66M (Peak 618.80M) | Time:00:02.37 | Mem:264.50M, Peak:279.68M | Scene, ViewLayer | Updating Geometry BVH fx_fiddle_leaf6_mesh 1081/1281 | Building BVH
Fra:1 Mem:618.66M (Peak 618.80M) | Time:00:02.37 | Mem:264.51M, Peak:279.68M | Scene, ViewLayer | Updating Geometry BVH lt_sun 1082/1281 | Building BVH
Fra:1 Mem:618.66M (Peak 618.80M) | Time:00:02.37 | Mem:264.51M, Peak:279.68M | Scene, ViewLayer | Updating Geometry BVH lt_spot_liv00 1083/1281 | Building BVH
Fra:1 Mem:618.66M (Peak 618.80M) | Time:00:02.37 | Mem:264.51M, Peak:279.68M | Scene, ViewLayer | Updating Geometry BVH lt_spot_liv01 1084/1281 | Building BVH
Fra:1 Mem:618.66M (Peak 618.80M) | Time:00:02.37 | Mem:264.51M, Peak:279.68M | Scene, ViewLayer | Updating Geometry BVH lt_spot_liv02 1085/1281 | Building BVH
Fra:1 Mem:618.66M (Peak 618.80M) | Time:00:02.37 | Mem:264.55M, Peak:279.68M | Scene, ViewLayer | Updating Geometry BVH lt_spot_liv03 1086/1281 | Building BVH
Fra:1 Mem:618.66M (Peak 618.80M) | Time:00:02.37 | Mem:264.55M, Peak:279.68M | Scene, ViewLayer | Updating Geometry BVH lt_spot_liv04 1087/1281 | Building BVH
Fra:1 Mem:618.66M (Peak 618.80M) | Time:00:02.37 | Mem:264.55M, Peak:279.68M | Scene, ViewLayer | Updating Geometry BVH lt_spot_liv05 1088/1281 | Building BVH
Fra:1 Mem:618.66M (Peak 618.80M) | Time:00:02.37 | Mem:264.55M, Peak:279.68M | Scene, ViewLayer | Updating Geometry BVH lt_spot_liv06 1089/1281 | Building BVH
Fra:1 Mem:618.66M (Peak 618.80M) | Time:00:02.37 | Mem:264.56M, Peak:279.68M | Scene, ViewLayer | Updating Geometry BVH lt_spot_liv08 1091/1281 | Building BVH
Fra:1 Mem:618.66M (Peak 618.80M) | Time:00:02.37 | Mem:264.59M, Peak:279.68M | Scene, ViewLayer | Updating Geometry BVH lt_spot_liv09 1092/1281 | Building BVH
Fra:1 Mem:618.66M (Peak 618.80M) | Time:00:02.37 | Mem:264.59M, Peak:279.68M | Scene, ViewLayer | Updating Geometry BVH lt_spot_liv10 1093/1281 | Building BVH
Fra:1 Mem:618.66M (Peak 618.80M) | Time:00:02.37 | Mem:264.59M, Peak:279.68M | Scene, ViewLayer | Updating Geometry BVH lt_spot_liv11 1094/1281 | Building BVH
Fra:1 Mem:618.66M (Peak 618.80M) | Time:00:02.37 | Mem:264.60M, Peak:279.68M | Scene, ViewLayer | Updating Geometry BVH lt_spot_liv12 1095/1281 | Building BVH
Fra:1 Mem:618.66M (Peak 618.80M) | Time:00:02.37 | Mem:264.60M, Peak:279.68M | Scene, ViewLayer | Updating Geometry BVH lt_spot_liv07 1090/1281 | Building BVH
Fra:1 Mem:618.66M (Peak 618.80M) | Time:00:02.37 | Mem:264.61M, Peak:279.68M | Scene, ViewLayer | Updating Geometry BVH lt_spot_liv15 1098/1281 | Building BVH
Fra:1 Mem:618.66M (Peak 618.80M) | Time:00:02.37 | Mem:264.59M, Peak:279.68M | Scene, ViewLayer | Updating Geometry BVH lt_spot_liv16 1099/1281 | Building BVH
Fra:1 Mem:618.66M (Peak 618.80M) | Time:00:02.37 | Mem:264.62M, Peak:279.68M | Scene, ViewLayer | Updating Geometry BVH lt_spot_room0 1100/1281 | Building BVH
Fra:1 Mem:618.66M (Peak 618.80M) | Time:00:02.37 | Mem:264.63M, Peak:279.68M | Scene, ViewLayer | Updating Geometry BVH lt_spot_room1 1101/1281 | Building BVH
Fra:1 Mem:618.66M (Peak 618.80M) | Time:00:02.37 | Mem:264.64M, Peak:279.68M | Scene, ViewLayer | Updating Geometry BVH lt_spot_room2 1102/1281 | Building BVH
Fra:1 Mem:618.66M (Peak 618.80M) | Time:00:02.37 | Mem:264.64M, Peak:279.68M | Scene, ViewLayer | Updating Geometry BVH lt_spot_room3 1103/1281 | Building BVH
Fra:1 Mem:618.66M (Peak 618.80M) | Time:00:02.37 | Mem:264.65M, Peak:279.68M | Scene, ViewLayer | Updating Geometry BVH lt_spot_room4 1104/1281 | Building BVH
Fra:1 Mem:618.66M (Peak 618.80M) | Time:00:02.37 | Mem:264.65M, Peak:279.68M | Scene, ViewLayer | Updating Geometry BVH lt_spot_room5 1105/1281 | Building BVH
Fra:1 Mem:618.66M (Peak 618.80M) | Time:00:02.37 | Mem:264.65M, Peak:279.68M | Scene, ViewLayer | Updating Geometry BVH lt_spot_room6 1106/1281 | Building BVH
Fra:1 Mem:618.66M (Peak 618.80M) | Time:00:02.37 | Mem:264.66M, Peak:279.68M | Scene, ViewLayer | Updating Geometry BVH A_living_dining_balcony_dining_chair_02_legt2_mesh 1188/1281 | Building BVH
Fra:1 Mem:618.66M (Peak 618.80M) | Time:00:02.37 | Mem:264.66M, Peak:279.68M | Scene, ViewLayer | Updating Geometry BVH lt_spot_room8 1108/1281 | Building BVH
Fra:1 Mem:618.66M (Peak 618.80M) | Time:00:02.37 | Mem:264.69M, Peak:279.68M | Scene, ViewLayer | Updating Geometry BVH lt_spot_room9 1109/1281 | Building BVH
Fra:1 Mem:618.66M (Peak 618.80M) | Time:00:02.37 | Mem:264.70M, Peak:279.68M | Scene, ViewLayer | Updating Geometry BVH lt_spot_room10 1110/1281 | Building BVH
Fra:1 Mem:618.66M (Peak 618.80M) | Time:00:02.37 | Mem:264.71M, Peak:279.68M | Scene, ViewLayer | Updating Geometry BVH lt_spot_room11 1111/1281 | Building BVH
Fra:1 Mem:618.66M (Peak 618.80M) | Time:00:02.37 | Mem:264.74M, Peak:279.68M | Scene, ViewLayer | Updating Geometry BVH lt_spot_room12 1112/1281 | Building BVH
Fra:1 Mem:618.66M (Peak 618.80M) | Time:00:02.37 | Mem:264.74M, Peak:279.68M | Scene, ViewLayer | Updating Geometry BVH lt_spot_room13 1113/1281 | Building BVH
Fra:1 Mem:618.66M (Peak 618.80M) | Time:00:02.37 | Mem:264.74M, Peak:279.68M | Scene, ViewLayer | Updating Geometry BVH lt_ceiling_master 1114/1281 | Building BVH
Fra:1 Mem:618.66M (Peak 618.80M) | Time:00:02.37 | Mem:264.74M, Peak:279.68M | Scene, ViewLayer | Updating Geometry BVH A_living_dining_balcony_dining_chair_02_leg2_mesh 1187/1281 | Building BVH
Fra:1 Mem:618.66M (Peak 618.80M) | Time:00:02.37 | Mem:264.74M, Peak:279.68M | Scene, ViewLayer | Updating Geometry BVH lt_ceiling_parents 1115/1281 | Building BVH
Fra:1 Mem:618.66M (Peak 618.80M) | Time:00:02.37 | Mem:264.74M, Peak:279.68M | Scene, ViewLayer | Updating Geometry BVH lt_ceiling_daughter 1116/1281 | Building BVH
Fra:1 Mem:618.66M (Peak 618.80M) | Time:00:02.37 | Mem:264.76M, Peak:279.68M | Scene, ViewLayer | Updating Geometry BVH lt_ceiling_son 1117/1281 | Building BVH
Fra:1 Mem:618.66M (Peak 618.80M) | Time:00:02.37 | Mem:264.78M, Peak:279.68M | Scene, ViewLayer | Updating Geometry BVH lt_wall0 1118/1281 | Building BVH
Fra:1 Mem:618.66M (Peak 618.80M) | Time:00:02.37 | Mem:264.79M, Peak:279.68M | Scene, ViewLayer | Updating Geometry BVH lt_wall1 1119/1281 | Building BVH
Fra:1 Mem:618.66M (Peak 618.80M) | Time:00:02.37 | Mem:264.81M, Peak:279.68M | Scene, ViewLayer | Updating Geometry BVH A_living_dining_balcony_dining_chair_02_legt1_mesh 1186/1281 | Building BVH
Fra:1 Mem:618.66M (Peak 618.80M) | Time:00:02.37 | Mem:264.82M, Peak:279.68M | Scene, ViewLayer | Updating Geometry BVH lt_wall2 1120/1281 | Building BVH
Fra:1 Mem:618.66M (Peak 618.80M) | Time:00:02.37 | Mem:264.82M, Peak:279.68M | Scene, ViewLayer | Updating Geometry BVH lt_strip_S_mesh 1121/1281 | Building BVH
Fra:1 Mem:618.66M (Peak 618.80M) | Time:00:02.37 | Mem:264.83M, Peak:279.68M | Scene, ViewLayer | Updating Geometry BVH lt_strip_N_mesh 1122/1281 | Building BVH
Fra:1 Mem:618.66M (Peak 618.80M) | Time:00:02.37 | Mem:264.83M, Peak:279.68M | Scene, ViewLayer | Updating Geometry BVH lt_strip_W_mesh 1123/1281 | Building BVH
Fra:1 Mem:618.66M (Peak 618.80M) | Time:00:02.37 | Mem:264.84M, Peak:279.68M | Scene, ViewLayer | Updating Geometry BVH lt_strip_E_mesh 1124/1281 | Building BVH
Fra:1 Mem:618.66M (Peak 618.80M) | Time:00:02.37 | Mem:264.88M, Peak:279.68M | Scene, ViewLayer | Updating Geometry BVH lt_strip_kc1_mesh 1125/1281 | Building BVH
Fra:1 Mem:618.66M (Peak 618.80M) | Time:00:02.37 | Mem:264.88M, Peak:279.68M | Scene, ViewLayer | Updating Geometry BVH lt_strip_kc2_mesh 1126/1281 | Building BVH
Fra:1 Mem:618.66M (Peak 618.80M) | Time:00:02.37 | Mem:264.88M, Peak:279.68M | Scene, ViewLayer | Updating Geometry BVH lt_strip_fyb_mesh 1127/1281 | Building BVH
Fra:1 Mem:618.66M (Peak 618.80M) | Time:00:02.37 | Mem:264.89M, Peak:279.68M | Scene, ViewLayer | Updating Geometry BVH lt_strip_fyn_mesh 1128/1281 | Building BVH
Fra:1 Mem:618.66M (Peak 618.80M) | Time:00:02.37 | Mem:264.89M, Peak:279.68M | Scene, ViewLayer | Updating Geometry BVH lt_strip_bcg_mesh 1130/1281 | Building BVH
Fra:1 Mem:618.66M (Peak 618.80M) | Time:00:02.37 | Mem:264.89M, Peak:279.68M | Scene, ViewLayer | Updating Geometry BVH lt_strip_bc_mesh 1129/1281 | Building BVH
Fra:1 Mem:618.66M (Peak 618.80M) | Time:00:02.37 | Mem:264.89M, Peak:279.68M | Scene, ViewLayer | Updating Geometry BVH lt_strip_mb_mesh 1131/1281 | Building BVH
Fra:1 Mem:618.66M (Peak 618.80M) | Time:00:02.37 | Mem:264.90M, Peak:279.68M | Scene, ViewLayer | Updating Geometry BVH lt_strip_cb_mesh 1132/1281 | Building BVH
Fra:1 Mem:618.66M (Peak 618.80M) | Time:00:02.37 | Mem:264.94M, Peak:279.68M | Scene, ViewLayer | Updating Geometry BVH lt_strip_dt_mesh 1133/1281 | Building BVH
Fra:1 Mem:618.66M (Peak 618.80M) | Time:00:02.37 | Mem:264.94M, Peak:279.68M | Scene, ViewLayer | Updating Geometry BVH lt_fill_daughter 1134/1281 | Building BVH
Fra:1 Mem:618.66M (Peak 618.80M) | Time:00:02.37 | Mem:264.95M, Peak:279.68M | Scene, ViewLayer | Updating Geometry BVH lt_fill_son 1135/1281 | Building BVH
Fra:1 Mem:618.66M (Peak 618.80M) | Time:00:02.37 | Mem:264.95M, Peak:279.68M | Scene, ViewLayer | Updating Geometry BVH A_living_dining_balcony_dining_chair_02_leg1_mesh 1185/1281 | Building BVH
Fra:1 Mem:618.66M (Peak 618.80M) | Time:00:02.37 | Mem:264.99M, Peak:279.68M | Scene, ViewLayer | Updating Geometry BVH lt_fill_pbath 1136/1281 | Building BVH
Fra:1 Mem:618.66M (Peak 618.80M) | Time:00:02.37 | Mem:264.99M, Peak:279.68M | Scene, ViewLayer | Updating Geometry BVH A_living_dining_balcony_island_01_sideW_mesh 1139/1281 | Building BVH
Fra:1 Mem:618.66M (Peak 618.80M) | Time:00:02.37 | Mem:264.99M, Peak:279.68M | Scene, ViewLayer | Updating Geometry BVH A_living_dining_balcony_island_01_sideE_mesh 1140/1281 | Building BVH
Fra:1 Mem:618.66M (Peak 618.80M) | Time:00:02.37 | Mem:264.99M, Peak:279.68M | Scene, ViewLayer | Updating Geometry BVH A_living_dining_balcony_island_01_backN_mesh 1141/1281 | Building BVH
Fra:1 Mem:618.66M (Peak 618.80M) | Time:00:02.37 | Mem:264.99M, Peak:279.68M | Scene, ViewLayer | Updating Geometry BVH A_living_dining_balcony_island_01_base_mesh 1142/1281 | Building BVH
Fra:1 Mem:618.66M (Peak 618.80M) | Time:00:02.37 | Mem:265.03M, Peak:279.68M | Scene, ViewLayer | Updating Geometry BVH A_living_dining_balcony_dining_chair_02_legt0_mesh 1184/1281 | Building BVH
Fra:1 Mem:618.66M (Peak 618.80M) | Time:00:02.37 | Mem:265.04M, Peak:279.68M | Scene, ViewLayer | Updating Geometry BVH A_living_dining_balcony_island_01_oven_mesh 1143/1281 | Building BVH
Fra:1 Mem:618.66M (Peak 618.80M) | Time:00:02.37 | Mem:265.06M, Peak:279.68M | Scene, ViewLayer | Updating Geometry BVH A_living_dining_balcony_island_01_drw_gapbg_mesh 1144/1281 | Building BVH
Fra:1 Mem:618.66M (Peak 618.80M) | Time:00:02.37 | Mem:265.06M, Peak:279.68M | Scene, ViewLayer | Updating Geometry BVH A_living_dining_balcony_island_01_drw_f0_mesh 1145/1281 | Building BVH
Fra:1 Mem:618.66M (Peak 618.80M) | Time:00:02.37 | Mem:265.06M, Peak:279.68M | Scene, ViewLayer | Updating Geometry BVH A_living_dining_balcony_island_01_drw_p0_mesh 1146/1281 | Building BVH
Fra:1 Mem:618.66M (Peak 618.80M) | Time:00:02.37 | Mem:265.07M, Peak:279.68M | Scene, ViewLayer | Updating Geometry BVH A_living_dining_balcony_island_01_niche_mesh 1147/1281 | Building BVH
Fra:1 Mem:618.66M (Peak 618.80M) | Time:00:02.37 | Mem:265.08M, Peak:279.68M | Scene, ViewLayer | Updating Geometry BVH A_living_dining_balcony_island_01_sh0_mesh 1148/1281 | Building BVH
Fra:1 Mem:618.66M (Peak 618.80M) | Time:00:02.37 | Mem:265.12M, Peak:279.68M | Scene, ViewLayer | Updating Geometry BVH A_living_dining_balcony_island_01_sh1_mesh 1149/1281 | Building BVH
Fra:1 Mem:618.66M (Peak 618.80M) | Time:00:02.37 | Mem:265.12M, Peak:279.68M | Scene, ViewLayer | Updating Geometry BVH A_living_dining_balcony_island_01_top_mesh 1150/1281 | Building BVH
Fra:1 Mem:618.66M (Peak 618.80M) | Time:00:02.37 | Mem:265.13M, Peak:279.68M | Scene, ViewLayer | Updating Geometry BVH A_living_dining_balcony_tv_cabinet_01_body_mesh 1151/1281 | Building BVH
Fra:1 Mem:618.66M (Peak 618.80M) | Time:00:02.37 | Mem:265.13M, Peak:279.68M | Scene, ViewLayer | Updating Geometry BVH A_living_dining_balcony_tv_cabinet_01_door_gapbg_mesh 1152/1281 | Building BVH
Fra:1 Mem:618.66M (Peak 618.80M) | Time:00:02.37 | Mem:265.13M, Peak:279.68M | Scene, ViewLayer | Updating Geometry BVH A_living_dining_balcony_tv_cabinet_01_door_f0_mesh 1153/1281 | Building BVH
Fra:1 Mem:618.66M (Peak 618.80M) | Time:00:02.37 | Mem:265.18M, Peak:279.68M | Scene, ViewLayer | Updating Geometry BVH A_living_dining_balcony_tv_cabinet_01_door_f1_mesh 1154/1281 | Building BVH
Fra:1 Mem:618.66M (Peak 618.80M) | Time:00:02.38 | Mem:265.20M, Peak:279.68M | Scene, ViewLayer | Updating Geometry BVH A_living_dining_balcony_dining_chair_02_leg0_mesh 1183/1281 | Building BVH
Fra:1 Mem:618.66M (Peak 618.80M) | Time:00:02.38 | Mem:265.19M, Peak:279.68M | Scene, ViewLayer | Updating Geometry BVH A_living_dining_balcony_tv_cabinet_01_door_f2_mesh 1155/1281 | Building BVH
Fra:1 Mem:618.66M (Peak 618.80M) | Time:00:02.38 | Mem:265.21M, Peak:279.68M | Scene, ViewLayer | Updating Geometry BVH A_living_dining_balcony_tv_cabinet_01_door_f3_mesh 1156/1281 | Building BVH
Fra:1 Mem:618.66M (Peak 618.80M) | Time:00:02.38 | Mem:265.22M, Peak:279.68M | Scene, ViewLayer | Updating Geometry BVH A_living_dining_balcony_dining_chair_02_seat_mesh 1182/1281 | Building BVH
Fra:1 Mem:618.66M (Peak 618.80M) | Time:00:02.38 | Mem:265.25M, Peak:279.68M | Scene, ViewLayer | Updating Geometry BVH A_living_dining_balcony_tv_cabinet_01_door_f4_mesh 1157/1281 | Building BVH
Fra:1 Mem:618.66M (Peak 618.80M) | Time:00:02.38 | Mem:265.25M, Peak:279.68M | Scene, ViewLayer | Updating Geometry BVH A_living_dining_balcony_pendant_lamp_01_rod_mesh 1158/1281 | Building BVH
Fra:1 Mem:618.66M (Peak 618.80M) | Time:00:02.38 | Mem:265.27M, Peak:279.68M | Scene, ViewLayer | Updating Geometry BVH A_living_dining_balcony_dining_chair_02_back_mesh 1181/1281 | Building BVH
Fra:1 Mem:618.66M (Peak 618.80M) | Time:00:02.38 | Mem:265.30M, Peak:279.68M | Scene, ViewLayer | Updating Geometry BVH A_living_dining_balcony_pendant_lamp_01_ globe_mesh 1159/1281 | Building BVH
Fra:1 Mem:618.66M (Peak 618.80M) | Time:00:02.38 | Mem:265.30M, Peak:279.68M | Scene, ViewLayer | Updating Geometry BVH A_living_dining_balcony_island_02_leg1_mesh 1162/1281 | Building BVH
Fra:1 Mem:618.66M (Peak 618.80M) | Time:00:02.38 | Mem:265.30M, Peak:279.68M | Scene, ViewLayer | Updating Geometry BVH A_living_dining_balcony_island_02_leg2_mesh 1163/1281 | Building BVH
Fra:1 Mem:618.66M (Peak 618.80M) | Time:00:02.38 | Mem:265.32M, Peak:279.68M | Scene, ViewLayer | Updating Geometry BVH A_living_dining_balcony_dining_chair_01_armf1_mesh 1180/1281 | Building BVH
Fra:1 Mem:618.66M (Peak 618.80M) | Time:00:02.38 | Mem:265.32M, Peak:279.68M | Scene, ViewLayer | Updating Geometry BVH A_living_dining_balcony_pendant_lamp_02_rod_mesh 1165/1281 | Building BVH
Fra:1 Mem:618.66M (Peak 618.80M) | Time:00:02.38 | Mem:265.32M, Peak:279.68M | Scene, ViewLayer | Updating Geometry BVH A_living_dining_balcony_pendant_lamp_02_ globe_mesh 1166/1281 | Building BVH
Fra:1 Mem:618.66M (Peak 618.80M) | Time:00:02.38 | Mem:265.56M, Peak:279.68M | Scene, ViewLayer | Updating Geometry BVH A_living_dining_balcony_dining_chair_01_back_mesh 1167/1281 | Building BVH
Fra:1 Mem:618.66M (Peak 618.80M) | Time:00:02.38 | Mem:265.56M, Peak:279.68M | Scene, ViewLayer | Updating Geometry BVH A_living_dining_balcony_dining_chair_01_seat_mesh 1168/1281 | Building BVH
Fra:1 Mem:618.66M (Peak 618.80M) | Time:00:02.38 | Mem:265.56M, Peak:279.68M | Scene, ViewLayer | Updating Geometry BVH A_living_dining_balcony_dining_chair_01_leg0_mesh 1169/1281 | Building BVH
Fra:1 Mem:618.66M (Peak 618.80M) | Time:00:02.38 | Mem:265.57M, Peak:279.68M | Scene, ViewLayer | Updating Geometry BVH A_living_dining_balcony_dining_chair_01_leg1_mesh 1171/1281 | Building BVH
Fra:1 Mem:618.66M (Peak 618.80M) | Time:00:02.38 | Mem:265.57M, Peak:279.68M | Scene, ViewLayer | Updating Geometry BVH A_living_dining_balcony_dining_chair_01_legt1_mesh 1172/1281 | Building BVH
Fra:1 Mem:618.66M (Peak 618.80M) | Time:00:02.38 | Mem:265.61M, Peak:279.68M | Scene, ViewLayer | Updating Geometry BVH A_living_dining_balcony_dining_chair_01_leg2_mesh 1173/1281 | Building BVH
Fra:1 Mem:618.66M (Peak 618.80M) | Time:00:02.38 | Mem:265.61M, Peak:279.68M | Scene, ViewLayer | Updating Geometry BVH A_living_dining_balcony_dining_chair_01_legt2_mesh 1174/1281 | Building BVH
Fra:1 Mem:618.66M (Peak 618.80M) | Time:00:02.38 | Mem:265.62M, Peak:279.68M | Scene, ViewLayer | Updating Geometry BVH A_living_dining_balcony_dining_chair_01_legt3_mesh 1176/1281 | Building BVH
Fra:1 Mem:618.66M (Peak 618.80M) | Time:00:02.38 | Mem:265.62M, Peak:279.68M | Scene, ViewLayer | Updating Geometry BVH A_living_dining_balcony_dining_chair_01_arm0_mesh 1177/1281 | Building BVH
Fra:1 Mem:618.66M (Peak 618.80M) | Time:00:02.38 | Mem:265.63M, Peak:279.68M | Scene, ViewLayer | Updating Geometry BVH A_living_dining_balcony_dining_chair_01_legt0_mesh 1170/1281 | Building BVH
Fra:1 Mem:618.66M (Peak 618.80M) | Time:00:02.38 | Mem:265.65M, Peak:279.68M | Scene, ViewLayer | Updating Geometry BVH A_living_dining_balcony_dining_chair_01_armf0_mesh 1178/1281 | Building BVH
Fra:1 Mem:618.66M (Peak 618.80M) | Time:00:02.38 | Mem:265.65M, Peak:279.68M | Scene, ViewLayer | Updating Geometry BVH A_living_dining_balcony_dining_chair_01_arm1_mesh 1179/1281 | Building BVH
Fra:1 Mem:618.66M (Peak 618.80M) | Time:00:02.38 | Mem:265.65M, Peak:279.68M | Scene, ViewLayer | Updating Geometry BVH A_living_dining_balcony_dining_chair_01_leg3_mesh 1175/1281 | Building BVH
Fra:1 Mem:618.66M (Peak 618.80M) | Time:00:02.39 | Mem:265.70M, Peak:279.68M | Scene, ViewLayer | Updating Scene BVH | Building
Fra:1 Mem:618.68M (Peak 618.80M) | Time:00:02.39 | Mem:265.70M, Peak:279.68M | Scene, ViewLayer | Updating Scene BVH | Building BVH
Fra:1 Mem:618.68M (Peak 618.80M) | Time:00:02.62 | Mem:270.27M, Peak:279.68M | Scene, ViewLayer | Updating Scene BVH | Copying BVH to device
Fra:1 Mem:618.68M (Peak 618.80M) | Time:00:02.62 | Mem:270.27M, Peak:279.68M | Scene, ViewLayer | Updating Mesh | Computing normals
Fra:1 Mem:668.97M (Peak 668.97M) | Time:00:02.64 | Mem:270.27M, Peak:279.68M | Scene, ViewLayer | Updating Mesh | Copying Mesh to device
Fra:1 Mem:668.97M (Peak 668.97M) | Time:00:02.65 | Mem:320.55M, Peak:320.55M | Scene, ViewLayer | Updating Objects Flags
Fra:1 Mem:668.97M (Peak 668.97M) | Time:00:02.65 | Mem:320.56M, Peak:320.56M | Scene, ViewLayer | Updating Primitive Offsets
Fra:1 Mem:668.97M (Peak 668.97M) | Time:00:02.65 | Mem:320.57M, Peak:320.57M | Scene, ViewLayer | Updating Images
Fra:1 Mem:668.97M (Peak 668.97M) | Time:00:02.65 | Mem:320.57M, Peak:320.57M | Scene, ViewLayer | Updating Images | Loading walnut3_nor_gl_2k.jpg
Fra:1 Mem:668.97M (Peak 668.97M) | Time:00:02.65 | Mem:320.57M, Peak:320.57M | Scene, ViewLayer | Updating Images | Loading walnut3_diff_2k.jpg
Fra:1 Mem:668.97M (Peak 668.97M) | Time:00:02.65 | Mem:320.57M, Peak:320.57M | Scene, ViewLayer | Updating Images | Loading walnut3_rough_2k.jpg
Fra:1 Mem:832.97M (Peak 832.97M) | Time:00:03.01 | Mem:484.57M, Peak:484.57M | Scene, ViewLayer | Updating Camera Volume
Fra:1 Mem:832.97M (Peak 832.97M) | Time:00:03.01 | Mem:484.57M, Peak:484.57M | Scene, ViewLayer | Updating Lookup Tables
Fra:1 Mem:832.97M (Peak 832.97M) | Time:00:03.01 | Mem:484.65M, Peak:484.65M | Scene, ViewLayer | Updating Lights
Fra:1 Mem:832.98M (Peak 832.98M) | Time:00:03.01 | Mem:484.65M, Peak:484.65M | Scene, ViewLayer | Updating Lights | Importance map
Fra:1 Mem:897.01M (Peak 1184.98M) | Time:00:03.37 | Mem:548.69M, Peak:708.65M | Scene, ViewLayer | Updating Lights | Computing tree
Fra:1 Mem:898.00M (Peak 1184.98M) | Time:00:03.38 | Mem:549.68M, Peak:708.65M | Scene, ViewLayer | Updating Integrator
Fra:1 Mem:898.00M (Peak 1184.98M) | Time:00:03.38 | Mem:549.68M, Peak:708.65M | Scene, ViewLayer | Updating Film
Fra:1 Mem:898.01M (Peak 1184.98M) | Time:00:03.38 | Mem:549.60M, Peak:708.65M | Scene, ViewLayer | Updating Lookup Tables
Fra:1 Mem:898.01M (Peak 1184.98M) | Time:00:03.38 | Mem:549.68M, Peak:708.65M | Scene, ViewLayer | Updating Baking
Fra:1 Mem:898.01M (Peak 1184.98M) | Time:00:03.38 | Mem:549.68M, Peak:708.65M | Scene, ViewLayer | Updating Device | Writing constant memory
Fra:1 Mem:898.03M (Peak 1184.98M) | Time:00:03.38 | Mem:549.68M, Peak:708.65M | Scene, ViewLayer | Loading denoising kernels (may take a few minutes the first time)
Fra:1 Mem:902.08M (Peak 1184.98M) | Time:00:03.42 | Mem:901.74M, Peak:901.74M | Scene, ViewLayer | Sample 0/64
Fra:1 Mem:1054.09M (Peak 1184.98M) | Time:00:04.41 | Remaining:01:01.98 | Mem:1053.74M, Peak:1053.74M | Scene, ViewLayer | Sample 1/64
Fra:1 Mem:1054.09M (Peak 1184.98M) | Time:00:34.44 | Remaining:00:29.13 | Mem:1053.74M, Peak:1053.74M | Scene, ViewLayer | Sample 33/64
Fra:1 Mem:1054.09M (Peak 1184.98M) | Time:00:48.57 | Remaining:00:15.04 | Mem:1053.74M, Peak:1053.74M | Scene, ViewLayer | Sample 48/64
Fra:1 Mem:1118.09M (Peak 1214.10M) | Time:01:14.86 | Mem:1053.74M, Peak:1053.74M | Scene, ViewLayer | Sample 64/64
Fra:1 Mem:1118.09M (Peak 1214.10M) | Time:01:14.86 | Mem:1053.74M, Peak:1053.74M | Scene, ViewLayer | Finished
Saved: 'D:\ClaudeCodeProject2026\jiangyu-render\renders\preview\P1_living_A_pano.png'
Time: 01:15.46 (Saving: 00:00.45)

Fra:1 Mem:298.20M (Peak 298.20M) | Time:00:00.15 | Mem:0.00M, Peak:0.00M | Scene, ViewLayer | Synchronizing object | ceil_living_r1S
Fra:1 Mem:298.20M (Peak 298.20M) | Time:00:00.15 | Mem:0.00M, Peak:0.00M | Scene, ViewLayer | Synchronizing object | ceil_living_r1N
Fra:1 Mem:298.20M (Peak 298.20M) | Time:00:00.15 | Mem:0.00M, Peak:0.00M | Scene, ViewLayer | Synchronizing object | ceil_living_r2N
Fra:1 Mem:298.20M (Peak 298.20M) | Time:00:00.15 | Mem:0.00M, Peak:0.00M | Scene, ViewLayer | Synchronizing object | ceil_parents_room_slab
Fra:1 Mem:298.20M (Peak 298.20M) | Time:00:00.15 | Mem:0.00M, Peak:0.00M | Scene, ViewLayer | Synchronizing object | ceil_son_room_slab
Fra:1 Mem:298.20M (Peak 298.20M) | Time:00:00.15 | Mem:0.00M, Peak:0.00M | Scene, ViewLayer | Synchronizing object | ceil_master_ac
Fra:1 Mem:298.21M (Peak 298.21M) | Time:00:00.15 | Mem:0.00M, Peak:0.00M | Scene, ViewLayer | Synchronizing object | ceil_son_ac
Fra:1 Mem:298.21M (Peak 298.21M) | Time:00:00.15 | Mem:0.00M, Peak:0.00M | Scene, ViewLayer | Synchronizing object | ceil_bay_slab
Fra:1 Mem:298.21M (Peak 298.21M) | Time:00:00.15 | Mem:0.00M, Peak:0.00M | Scene, ViewLayer | Synchronizing object | ceil_kitchen_fill
Fra:1 Mem:298.21M (Peak 298.21M) | Time:00:00.15 | Mem:0.00M, Peak:0.00M | Scene, ViewLayer | Synchronizing object | ceil_master_bath_fill
Fra:1 Mem:298.21M (Peak 298.21M) | Time:00:00.15 | Mem:0.00M, Peak:0.00M | Scene, ViewLayer | Synchronizing object | fx_ceiling_parents_room
Fra:1 Mem:298.21M (Peak 298.21M) | Time:00:00.15 | Mem:0.00M, Peak:0.00M | Scene, ViewLayer | Synchronizing object | fx_spot_living00
Fra:1 Mem:298.21M (Peak 298.21M) | Time:00:00.15 | Mem:0.00M, Peak:0.00M | Scene, ViewLayer | Synchronizing object | fx_spot_living00_r
Fra:1 Mem:298.22M (Peak 298.22M) | Time:00:00.15 | Mem:0.00M, Peak:0.00M | Scene, ViewLayer | Synchronizing object | fx_spot_living02
Fra:1 Mem:298.22M (Peak 298.22M) | Time:00:00.15 | Mem:0.00M, Peak:0.00M | Scene, ViewLayer | Synchronizing object | fx_spot_living02_r
Fra:1 Mem:298.22M (Peak 298.22M) | Time:00:00.15 | Mem:0.00M, Peak:0.00M | Scene, ViewLayer | Synchronizing object | fx_spot_living03
Fra:1 Mem:298.23M (Peak 298.23M) | Time:00:00.15 | Mem:0.00M, Peak:0.00M | Scene, ViewLayer | Synchronizing object | fx_spot_living03_r
Fra:1 Mem:298.23M (Peak 298.23M) | Time:00:00.15 | Mem:0.00M, Peak:0.00M | Scene, ViewLayer | Synchronizing object | fx_spot_living04
Fra:1 Mem:298.23M (Peak 298.23M) | Time:00:00.15 | Mem:0.00M, Peak:0.00M | Scene, ViewLayer | Synchronizing object | fx_spot_living04_r
Fra:1 Mem:298.23M (Peak 298.23M) | Time:00:00.15 | Mem:0.00M, Peak:0.00M | Scene, ViewLayer | Synchronizing object | fx_spot_living05
Fra:1 Mem:298.23M (Peak 298.23M) | Time:00:00.15 | Mem:0.00M, Peak:0.00M | Scene, ViewLayer | Synchronizing object | fx_spot_living05_r
Fra:1 Mem:298.24M (Peak 298.24M) | Time:00:00.15 | Mem:0.00M, Peak:0.00M | Scene, ViewLayer | Synchronizing object | fx_spot_living06
Fra:1 Mem:298.24M (Peak 298.24M) | Time:00:00.15 | Mem:0.00M, Peak:0.00M | Scene, ViewLayer | Synchronizing object | fx_spot_living06_r
Fra:1 Mem:298.25M (Peak 298.25M) | Time:00:00.15 | Mem:0.00M, Peak:0.00M | Scene, ViewLayer | Synchronizing object | fx_spot_living07
Fra:1 Mem:298.25M (Peak 298.25M) | Time:00:00.15 | Mem:0.00M, Peak:0.00M | Scene, ViewLayer | Synchronizing object | fx_spot_living08
Fra:1 Mem:298.26M (Peak 298.26M) | Time:00:00.15 | Mem:0.00M, Peak:0.00M | Scene, ViewLayer | Synchronizing object | fx_spot_living08_r
Fra:1 Mem:298.26M (Peak 298.26M) | Time:00:00.15 | Mem:0.00M, Peak:0.00M | Scene, ViewLayer | Synchronizing object | fx_spot_living09_r
Fra:1 Mem:298.26M (Peak 298.26M) | Time:00:00.15 | Mem:0.00M, Peak:0.00M | Scene, ViewLayer | Synchronizing object | fx_spot_living10
Fra:1 Mem:298.27M (Peak 298.27M) | Time:00:00.15 | Mem:0.00M, Peak:0.00M | Scene, ViewLayer | Synchronizing object | fx_spot_living10_r
Fra:1 Mem:298.27M (Peak 298.27M) | Time:00:00.15 | Mem:0.00M, Peak:0.00M | Scene, ViewLayer | Synchronizing object | fx_spot_living11
Fra:1 Mem:298.27M (Peak 298.27M) | Time:00:00.15 | Mem:0.00M, Peak:0.00M | Scene, ViewLayer | Synchronizing object | fx_spot_living11_r
Fra:1 Mem:298.28M (Peak 298.28M) | Time:00:00.15 | Mem:0.00M, Peak:0.00M | Scene, ViewLayer | Synchronizing object | fx_spot_living12
Fra:1 Mem:298.28M (Peak 298.28M) | Time:00:00.15 | Mem:0.00M, Peak:0.00M | Scene, ViewLayer | Synchronizing object | fx_spot_living12_r
Fra:1 Mem:298.29M (Peak 298.29M) | Time:00:00.15 | Mem:0.00M, Peak:0.00M | Scene, ViewLayer | Synchronizing object | fx_spot_living13
Fra:1 Mem:298.29M (Peak 298.29M) | Time:00:00.15 | Mem:0.00M, Peak:0.00M | Scene, ViewLayer | Synchronizing object | fx_spot_living14
Fra:1 Mem:298.30M (Peak 298.30M) | Time:00:00.15 | Mem:0.00M, Peak:0.00M | Scene, ViewLayer | Synchronizing object | fx_spot_living14_r
Fra:1 Mem:298.30M (Peak 298.30M) | Time:00:00.15 | Mem:0.00M, Peak:0.00M | Scene, ViewLayer | Synchronizing object | fx_spot_living15
Fra:1 Mem:298.30M (Peak 298.30M) | Time:00:00.15 | Mem:0.00M, Peak:0.00M | Scene, ViewLayer | Synchronizing object | fx_spot_living16
Fra:1 Mem:298.31M (Peak 298.31M) | Time:00:00.15 | Mem:0.00M, Peak:0.00M | Scene, ViewLayer | Synchronizing object | fx_spot_living16_r
Fra:1 Mem:298.32M (Peak 298.32M) | Time:00:00.15 | Mem:0.00M, Peak:0.00M | Scene, ViewLayer | Synchronizing object | fx_spot_room0
Fra:1 Mem:298.32M (Peak 298.32M) | Time:00:00.15 | Mem:0.00M, Peak:0.00M | Scene, ViewLayer | Synchronizing object | fx_spot_room1
Fra:1 Mem:298.33M (Peak 298.33M) | Time:00:00.15 | Mem:0.00M, Peak:0.00M | Scene, ViewLayer | Synchronizing object | fx_spot_room2
Fra:1 Mem:298.33M (Peak 298.33M) | Time:00:00.15 | Mem:0.00M, Peak:0.00M | Scene, ViewLayer | Synchronizing object | fx_spot_room3
Fra:1 Mem:298.33M (Peak 298.33M) | Time:00:00.15 | Mem:0.00M, Peak:0.00M | Scene, ViewLayer | Synchronizing object | fx_spot_room5
Fra:1 Mem:298.34M (Peak 298.34M) | Time:00:00.15 | Mem:0.00M, Peak:0.00M | Scene, ViewLayer | Synchronizing object | fx_spot_room6
Fra:1 Mem:298.34M (Peak 298.34M) | Time:00:00.15 | Mem:0.00M, Peak:0.00M | Scene, ViewLayer | Synchronizing object | fx_spot_room7
Fra:1 Mem:298.35M (Peak 298.35M) | Time:00:00.15 | Mem:0.00M, Peak:0.00M | Scene, ViewLayer | Synchronizing object | out_path_s
Fra:1 Mem:298.35M (Peak 298.35M) | Time:00:00.15 | Mem:0.00M, Peak:0.00M | Scene, ViewLayer | Synchronizing object | out_path_n
Fra:1 Mem:298.35M (Peak 298.35M) | Time:00:00.15 | Mem:0.00M, Peak:0.00M | Scene, ViewLayer | Synchronizing object | jacaranda_tree_LOD0.001
Fra:1 Mem:298.35M (Peak 298.35M) | Time:00:00.15 | Mem:0.00M, Peak:0.00M | Scene, ViewLayer | Synchronizing object | tree_small_02_LOD0.001
Fra:1 Mem:300.48M (Peak 300.48M) | Time:00:00.15 | Mem:0.00M, Peak:0.00M | Scene, ViewLayer | Synchronizing object | out_bldg_s
Fra:1 Mem:300.49M (Peak 300.49M) | Time:00:00.15 | Mem:0.00M, Peak:0.00M | Scene, ViewLayer | Synchronizing object | out_bldg_n
Fra:1 Mem:300.49M (Peak 300.49M) | Time:00:00.15 | Mem:0.00M, Peak:0.00M | Scene, ViewLayer | Synchronizing object | floor_living_dining_balcony
Fra:1 Mem:300.50M (Peak 300.50M) | Time:00:00.15 | Mem:0.00M, Peak:0.00M | Scene, ViewLayer | Synchronizing object | floor_kitchen
Fra:1 Mem:300.51M (Peak 300.51M) | Time:00:00.15 | Mem:0.00M, Peak:0.00M | Scene, ViewLayer | Synchronizing object | floor_daughter_room
Fra:1 Mem:300.51M (Peak 300.51M) | Time:00:00.15 | Mem:0.00M, Peak:0.00M | Scene, ViewLayer | Synchronizing object | floor_corridor_0
Fra:1 Mem:300.53M (Peak 300.53M) | Time:00:00.15 | Mem:0.00M, Peak:0.00M | Scene, ViewLayer | Synchronizing object | floor_corridor_1
Fra:1 Mem:300.54M (Peak 300.54M) | Time:00:00.15 | Mem:0.00M, Peak:0.00M | Scene, ViewLayer | Synchronizing object | floor_master_bedroom
Fra:1 Mem:299.31M (Peak 300.54M) | Time:00:00.15 | Mem:0.00M, Peak:0.00M | Scene, ViewLayer | Synchronizing object | floor_parents_room
Fra:1 Mem:299.32M (Peak 300.54M) | Time:00:00.15 | Mem:0.00M, Peak:0.00M | Scene, ViewLayer | Synchronizing object | floor_foyer
Fra:1 Mem:299.32M (Peak 300.54M) | Time:00:00.15 | Mem:0.00M, Peak:0.00M | Scene, ViewLayer | Synchronizing object | floor_elevator_hall
Fra:1 Mem:299.32M (Peak 300.54M) | Time:00:00.15 | Mem:0.00M, Peak:0.00M | Scene, ViewLayer | Synchronizing object | W01_s00
Fra:1 Mem:299.32M (Peak 300.54M) | Time:00:00.15 | Mem:0.00M, Peak:0.00M | Scene, ViewLayer | Synchronizing object | W01_s01
Fra:1 Mem:299.32M (Peak 300.54M) | Time:00:00.15 | Mem:0.00M, Peak:0.00M | Scene, ViewLayer | Synchronizing object | W01_s02
Fra:1 Mem:299.32M (Peak 300.54M) | Time:00:00.15 | Mem:0.00M, Peak:0.00M | Scene, ViewLayer | Synchronizing object | W02_s00
Fra:1 Mem:299.32M (Peak 300.54M) | Time:00:00.15 | Mem:0.00M, Peak:0.00M | Scene, ViewLayer | Synchronizing object | W02_s01
Fra:1 Mem:299.32M (Peak 300.54M) | Time:00:00.15 | Mem:0.00M, Peak:0.00M | Scene, ViewLayer | Synchronizing object | W02_s02
Fra:1 Mem:299.32M (Peak 300.54M) | Time:00:00.15 | Mem:0.00M, Peak:0.00M | Scene, ViewLayer | Synchronizing object | W02_s03
Fra:1 Mem:299.33M (Peak 300.54M) | Time:00:00.15 | Mem:0.00M, Peak:0.00M | Scene, ViewLayer | Synchronizing object | W03_s00
Fra:1 Mem:299.33M (Peak 300.54M) | Time:00:00.15 | Mem:0.00M, Peak:0.00M | Scene, ViewLayer | Synchronizing object | W05_s00
Fra:1 Mem:299.33M (Peak 300.54M) | Time:00:00.15 | Mem:0.00M, Peak:0.00M | Scene, ViewLayer | Synchronizing object | W05_s02
Fra:1 Mem:299.34M (Peak 300.54M) | Time:00:00.15 | Mem:0.00M, Peak:0.00M | Scene, ViewLayer | Synchronizing object | W05_s03
Fra:1 Mem:299.90M (Peak 300.54M) | Time:00:00.15 | Mem:0.00M, Peak:0.00M | Scene, ViewLayer | Synchronizing object | W06_s00
Fra:1 Mem:299.90M (Peak 300.54M) | Time:00:00.15 | Mem:0.00M, Peak:0.00M | Scene, ViewLayer | Synchronizing object | W06_s01
Fra:1 Mem:299.91M (Peak 300.54M) | Time:00:00.15 | Mem:0.00M, Peak:0.00M | Scene, ViewLayer | Synchronizing object | W06_s02
Fra:1 Mem:299.91M (Peak 300.54M) | Time:00:00.15 | Mem:0.00M, Peak:0.00M | Scene, ViewLayer | Synchronizing object | W07_s01
Fra:1 Mem:299.91M (Peak 300.54M) | Time:00:00.15 | Mem:0.00M, Peak:0.00M | Scene, ViewLayer | Synchronizing object | W07_s02
Fra:1 Mem:299.92M (Peak 300.54M) | Time:00:00.15 | Mem:0.00M, Peak:0.00M | Scene, ViewLayer | Synchronizing object | W08_s00
Fra:1 Mem:299.92M (Peak 300.54M) | Time:00:00.15 | Mem:0.00M, Peak:0.00M | Scene, ViewLayer | Synchronizing object | W08_s01
Fra:1 Mem:299.94M (Peak 300.54M) | Time:00:00.15 | Mem:0.00M, Peak:0.00M | Scene, ViewLayer | Synchronizing object | W08_s02
Fra:1 Mem:299.94M (Peak 300.54M) | Time:00:00.15 | Mem:0.00M, Peak:0.00M | Scene, ViewLayer | Synchronizing object | W10_s02
Fra:1 Mem:299.95M (Peak 300.54M) | Time:00:00.15 | Mem:0.00M, Peak:0.00M | Scene, ViewLayer | Synchronizing object | W11_s00
Fra:1 Mem:299.95M (Peak 300.54M) | Time:00:00.15 | Mem:0.00M, Peak:0.00M | Scene, ViewLayer | Synchronizing object | W12_s00
Fra:1 Mem:299.95M (Peak 300.54M) | Time:00:00.15 | Mem:0.00M, Peak:0.00M | Scene, ViewLayer | Synchronizing object | W12_s01
Fra:1 Mem:299.95M (Peak 300.54M) | Time:00:00.15 | Mem:0.00M, Peak:0.00M | Scene, ViewLayer | Synchronizing object | W12_s02
Fra:1 Mem:299.95M (Peak 300.54M) | Time:00:00.15 | Mem:0.00M, Peak:0.00M | Scene, ViewLayer | Synchronizing object | W13_s00
Fra:1 Mem:299.95M (Peak 300.54M) | Time:00:00.15 | Mem:0.00M, Peak:0.00M | Scene, ViewLayer | Synchronizing object | W13_s01
Fra:1 Mem:299.95M (Peak 300.54M) | Time:00:00.15 | Mem:0.00M, Peak:0.00M | Scene, ViewLayer | Synchronizing object | W14_s00
Fra:1 Mem:299.95M (Peak 300.54M) | Time:00:00.15 | Mem:0.00M, Peak:0.00M | Scene, ViewLayer | Synchronizing object | W14_s01
Fra:1 Mem:299.96M (Peak 300.54M) | Time:00:00.15 | Mem:0.00M, Peak:0.00M | Scene, ViewLayer | Synchronizing object | W14_s02
Fra:1 Mem:299.96M (Peak 300.54M) | Time:00:00.15 | Mem:0.00M, Peak:0.00M | Scene, ViewLayer | Synchronizing object | W14_s04
Fra:1 Mem:299.96M (Peak 300.54M) | Time:00:00.15 | Mem:0.00M, Peak:0.00M | Scene, ViewLayer | Synchronizing object | W15_s00
Fra:1 Mem:299.96M (Peak 300.54M) | Time:00:00.15 | Mem:0.00M, Peak:0.00M | Scene, ViewLayer | Synchronizing object | W15_s01
Fra:1 Mem:299.96M (Peak 300.54M) | Time:00:00.15 | Mem:0.00M, Peak:0.00M | Scene, ViewLayer | Synchronizing object | W15_s02
Fra:1 Mem:299.96M (Peak 300.54M) | Time:00:00.15 | Mem:0.00M, Peak:0.00M | Scene, ViewLayer | Synchronizing object | W16_s00
Fra:1 Mem:299.96M (Peak 300.54M) | Time:00:00.15 | Mem:0.00M, Peak:0.00M | Scene, ViewLayer | Synchronizing object | W17_s01
Fra:1 Mem:299.96M (Peak 300.54M) | Time:00:00.15 | Mem:0.00M, Peak:0.00M | Scene, ViewLayer | Synchronizing object | W18_s00
Fra:1 Mem:299.97M (Peak 300.54M) | Time:00:00.15 | Mem:0.00M, Peak:0.00M | Scene, ViewLayer | Synchronizing object | W18_s01
Fra:1 Mem:299.97M (Peak 300.54M) | Time:00:00.16 | Mem:0.00M, Peak:0.00M | Scene, ViewLayer | Synchronizing object | W18_s02
Fra:1 Mem:299.97M (Peak 300.54M) | Time:00:00.16 | Mem:0.00M, Peak:0.00M | Scene, ViewLayer | Synchronizing object | W18_s03
Fra:1 Mem:299.97M (Peak 300.54M) | Time:00:00.16 | Mem:0.00M, Peak:0.00M | Scene, ViewLayer | Synchronizing object | W19_s00
Fra:1 Mem:299.97M (Peak 300.54M) | Time:00:00.16 | Mem:0.00M, Peak:0.00M | Scene, ViewLayer | Synchronizing object | W19_s01
Fra:1 Mem:299.97M (Peak 300.54M) | Time:00:00.16 | Mem:0.00M, Peak:0.00M | Scene, ViewLayer | Synchronizing object | W19_s02
Fra:1 Mem:299.97M (Peak 300.54M) | Time:00:00.16 | Mem:0.00M, Peak:0.00M | Scene, ViewLayer | Synchronizing object | W20_s00
Fra:1 Mem:299.97M (Peak 300.54M) | Time:00:00.16 | Mem:0.00M, Peak:0.00M | Scene, ViewLayer | Synchronizing object | W22_s00
Fra:1 Mem:299.97M (Peak 300.54M) | Time:00:00.16 | Mem:0.00M, Peak:0.00M | Scene, ViewLayer | Synchronizing object | W22_s01
Fra:1 Mem:299.97M (Peak 300.54M) | Time:00:00.16 | Mem:0.00M, Peak:0.00M | Scene, ViewLayer | Synchronizing object | W23_s00
Fra:1 Mem:299.98M (Peak 300.54M) | Time:00:00.16 | Mem:0.00M, Peak:0.00M | Scene, ViewLayer | Synchronizing object | W23_s01
Fra:1 Mem:299.98M (Peak 300.54M) | Time:00:00.16 | Mem:0.00M, Peak:0.00M | Scene, ViewLayer | Synchronizing object | W23_s02
Fra:1 Mem:299.98M (Peak 300.54M) | Time:00:00.16 | Mem:0.00M, Peak:0.00M | Scene, ViewLayer | Synchronizing object | W23_s03
Fra:1 Mem:299.98M (Peak 300.54M) | Time:00:00.16 | Mem:0.00M, Peak:0.00M | Scene, ViewLayer | Synchronizing object | W24_s00
Fra:1 Mem:299.98M (Peak 300.54M) | Time:00:00.16 | Mem:0.00M, Peak:0.00M | Scene, ViewLayer | Synchronizing object | W25_s00
Fra:1 Mem:299.98M (Peak 300.54M) | Time:00:00.16 | Mem:0.00M, Peak:0.00M | Scene, ViewLayer | Synchronizing object | W26_s00
Fra:1 Mem:299.98M (Peak 300.54M) | Time:00:00.16 | Mem:0.00M, Peak:0.00M | Scene, ViewLayer | Synchronizing object | W27_s00
Fra:1 Mem:299.98M (Peak 300.54M) | Time:00:00.16 | Mem:0.00M, Peak:0.00M | Scene, ViewLayer | Synchronizing object | W27_s01
Fra:1 Mem:299.98M (Peak 300.54M) | Time:00:00.16 | Mem:0.00M, Peak:0.00M | Scene, ViewLayer | Synchronizing object | W27_s02
Fra:1 Mem:299.98M (Peak 300.54M) | Time:00:00.16 | Mem:0.00M, Peak:0.00M | Scene, ViewLayer | Synchronizing object | W28_s00
Fra:1 Mem:299.99M (Peak 300.54M) | Time:00:00.16 | Mem:0.00M, Peak:0.00M | Scene, ViewLayer | Synchronizing object | win_W01_0bot
Fra:1 Mem:299.99M (Peak 300.54M) | Time:00:00.16 | Mem:0.00M, Peak:0.00M | Scene, ViewLayer | Synchronizing object | win_W01_0rgt
Fra:1 Mem:299.99M (Peak 300.54M) | Time:00:00.16 | Mem:0.00M, Peak:0.00M | Scene, ViewLayer | Synchronizing object | win_W01_0mul1
Fra:1 Mem:299.99M (Peak 300.54M) | Time:00:00.16 | Mem:0.00M, Peak:0.00M | Scene, ViewLayer | Synchronizing object | win_W01_0glass
Fra:1 Mem:299.99M (Peak 300.54M) | Time:00:00.16 | Mem:0.00M, Peak:0.00M | Scene, ViewLayer | Synchronizing object | win_W02_0bot
Fra:1 Mem:299.99M (Peak 300.54M) | Time:00:00.16 | Mem:0.00M, Peak:0.00M | Scene, ViewLayer | Synchronizing object | win_W02_0top
Fra:1 Mem:299.99M (Peak 300.54M) | Time:00:00.16 | Mem:0.00M, Peak:0.00M | Scene, ViewLayer | Synchronizing object | win_W02_0lft
Fra:1 Mem:300.00M (Peak 300.54M) | Time:00:00.16 | Mem:0.00M, Peak:0.00M | Scene, ViewLayer | Synchronizing object | win_W02_0rgt
Fra:1 Mem:300.00M (Peak 300.54M) | Time:00:00.16 | Mem:0.00M, Peak:0.00M | Scene, ViewLayer | Synchronizing object | win_W02_0glass
Fra:1 Mem:300.00M (Peak 300.54M) | Time:00:00.16 | Mem:0.00M, Peak:0.00M | Scene, ViewLayer | Synchronizing object | win_W05_0bot
Fra:1 Mem:300.00M (Peak 300.54M) | Time:00:00.16 | Mem:0.00M, Peak:0.00M | Scene, ViewLayer | Synchronizing object | win_W05_0top
Fra:1 Mem:300.00M (Peak 300.54M) | Time:00:00.16 | Mem:0.00M, Peak:0.00M | Scene, ViewLayer | Synchronizing object | win_W05_0lft
Fra:1 Mem:300.00M (Peak 300.54M) | Time:00:00.16 | Mem:0.00M, Peak:0.00M | Scene, ViewLayer | Synchronizing object | win_W05_0rgt
Fra:1 Mem:300.00M (Peak 300.54M) | Time:00:00.16 | Mem:0.00M, Peak:0.00M | Scene, ViewLayer | Synchronizing object | win_W05_0glass
Fra:1 Mem:300.00M (Peak 300.54M) | Time:00:00.16 | Mem:0.00M, Peak:0.00M | Scene, ViewLayer | Synchronizing object | win_W06_0bot
Fra:1 Mem:300.00M (Peak 300.54M) | Time:00:00.16 | Mem:0.00M, Peak:0.00M | Scene, ViewLayer | Synchronizing object | win_W06_0lft
Fra:1 Mem:300.00M (Peak 300.54M) | Time:00:00.16 | Mem:0.00M, Peak:0.00M | Scene, ViewLayer | Synchronizing object | win_W06_0rgt
Fra:1 Mem:300.01M (Peak 300.54M) | Time:00:00.16 | Mem:0.00M, Peak:0.00M | Scene, ViewLayer | Synchronizing object | win_W06_0glass
Fra:1 Mem:300.01M (Peak 300.54M) | Time:00:00.16 | Mem:0.00M, Peak:0.00M | Scene, ViewLayer | Synchronizing object | win_W10_0bot
Fra:1 Mem:300.01M (Peak 300.54M) | Time:00:00.16 | Mem:0.00M, Peak:0.00M | Scene, ViewLayer | Synchronizing object | win_W10_0top
Fra:1 Mem:300.01M (Peak 300.54M) | Time:00:00.16 | Mem:0.00M, Peak:0.00M | Scene, ViewLayer | Synchronizing object | win_W10_0lft
Fra:1 Mem:300.01M (Peak 300.54M) | Time:00:00.16 | Mem:0.00M, Peak:0.00M | Scene, ViewLayer | Synchronizing object | win_W10_0rgt
Fra:1 Mem:299.46M (Peak 300.54M) | Time:00:00.16 | Mem:0.00M, Peak:0.00M | Scene, ViewLayer | Synchronizing object | win_W10_0glass
Fra:1 Mem:303.08M (Peak 303.08M) | Time:00:00.16 | Mem:0.00M, Peak:0.00M | Scene, ViewLayer | Synchronizing object | win_W18_0bot
Fra:1 Mem:303.08M (Peak 303.08M) | Time:00:00.16 | Mem:0.00M, Peak:0.00M | Scene, ViewLayer | Synchronizing object | win_W18_0lft
Fra:1 Mem:303.08M (Peak 303.08M) | Time:00:00.16 | Mem:0.00M, Peak:0.00M | Scene, ViewLayer | Synchronizing object | win_W18_0rgt
Fra:1 Mem:303.09M (Peak 303.09M) | Time:00:00.16 | Mem:0.00M, Peak:0.00M | Scene, ViewLayer | Synchronizing object | win_W18_0mul1
Fra:1 Mem:303.09M (Peak 303.09M) | Time:00:00.16 | Mem:0.00M, Peak:0.00M | Scene, ViewLayer | Synchronizing object | win_W18_0mul2
Fra:1 Mem:303.09M (Peak 303.09M) | Time:00:00.16 | Mem:0.00M, Peak:0.00M | Scene, ViewLayer | Synchronizing object | win_W18_0mul3
Fra:1 Mem:303.09M (Peak 303.09M) | Time:00:00.16 | Mem:0.00M, Peak:0.00M | Scene, ViewLayer | Synchronizing object | win_W18_0glass
Fra:1 Mem:303.09M (Peak 303.09M) | Time:00:00.16 | Mem:0.00M, Peak:0.00M | Scene, ViewLayer | Synchronizing object | win_W23_0bot
Fra:1 Mem:303.09M (Peak 303.09M) | Time:00:00.16 | Mem:0.00M, Peak:0.00M | Scene, ViewLayer | Synchronizing object | win_W23_0lft
Fra:1 Mem:303.09M (Peak 303.09M) | Time:00:00.16 | Mem:0.00M, Peak:0.00M | Scene, ViewLayer | Synchronizing object | win_W23_0rgt
Fra:1 Mem:303.09M (Peak 303.09M) | Time:00:00.16 | Mem:0.00M, Peak:0.00M | Scene, ViewLayer | Synchronizing object | win_W23_0mul1
Fra:1 Mem:303.10M (Peak 303.10M) | Time:00:00.16 | Mem:0.00M, Peak:0.00M | Scene, ViewLayer | Synchronizing object | door_W07_0jlfto
Fra:1 Mem:303.10M (Peak 303.10M) | Time:00:00.16 | Mem:0.00M, Peak:0.00M | Scene, ViewLayer | Synchronizing object | door_W07_0jlfti
Fra:1 Mem:303.10M (Peak 303.10M) | Time:00:00.16 | Mem:0.00M, Peak:0.00M | Scene, ViewLayer | Synchronizing object | door_W07_0jrgto
Fra:1 Mem:303.10M (Peak 303.10M) | Time:00:00.16 | Mem:0.00M, Peak:0.00M | Scene, ViewLayer | Synchronizing object | door_W07_0jrgti
Fra:1 Mem:303.10M (Peak 303.10M) | Time:00:00.16 | Mem:0.00M, Peak:0.00M | Scene, ViewLayer | Synchronizing object | door_W07_0jtopo
Fra:1 Mem:303.10M (Peak 303.10M) | Time:00:00.16 | Mem:0.00M, Peak:0.00M | Scene, ViewLayer | Synchronizing object | door_W07_0jtopi
Fra:1 Mem:303.10M (Peak 303.10M) | Time:00:00.16 | Mem:0.00M, Peak:0.00M | Scene, ViewLayer | Synchronizing object | door_W07_0lin_l
Fra:1 Mem:303.10M (Peak 303.10M) | Time:00:00.16 | Mem:0.00M, Peak:0.00M | Scene, ViewLayer | Synchronizing object | door_W07_0lin_r
Fra:1 Mem:303.11M (Peak 303.11M) | Time:00:00.16 | Mem:0.00M, Peak:0.00M | Scene, ViewLayer | Synchronizing object | door_W07_0lin_t
Fra:1 Mem:303.11M (Peak 303.11M) | Time:00:00.16 | Mem:0.00M, Peak:0.00M | Scene, ViewLayer | Synchronizing object | door_W07_0leaf
Fra:1 Mem:303.11M (Peak 303.11M) | Time:00:00.16 | Mem:0.00M, Peak:0.00M | Scene, ViewLayer | Synchronizing object | door_W07_0hdl
Fra:1 Mem:303.11M (Peak 303.11M) | Time:00:00.16 | Mem:0.00M, Peak:0.00M | Scene, ViewLayer | Synchronizing object | door_W08_0jlfto
Fra:1 Mem:303.12M (Peak 303.12M) | Time:00:00.16 | Mem:0.00M, Peak:0.00M | Scene, ViewLayer | Synchronizing object | door_W08_0jlfti
Fra:1 Mem:303.12M (Peak 303.12M) | Time:00:00.16 | Mem:0.00M, Peak:0.00M | Scene, ViewLayer | Synchronizing object | door_W08_0jrgto
Fra:1 Mem:303.12M (Peak 303.12M) | Time:00:00.16 | Mem:0.00M, Peak:0.00M | Scene, ViewLayer | Synchronizing object | door_W08_0jrgti
Fra:1 Mem:303.12M (Peak 303.12M) | Time:00:00.16 | Mem:0.00M, Peak:0.00M | Scene, ViewLayer | Synchronizing object | door_W08_0jtopo
Fra:1 Mem:303.12M (Peak 303.12M) | Time:00:00.16 | Mem:0.00M, Peak:0.00M | Scene, ViewLayer | Synchronizing object | door_W08_0jtopi
Fra:1 Mem:303.12M (Peak 303.12M) | Time:00:00.16 | Mem:0.00M, Peak:0.00M | Scene, ViewLayer | Synchronizing object | door_W08_0lin_l
Fra:1 Mem:303.12M (Peak 303.12M) | Time:00:00.16 | Mem:0.00M, Peak:0.00M | Scene, ViewLayer | Synchronizing object | door_W08_0lin_r
Fra:1 Mem:303.12M (Peak 303.12M) | Time:00:00.16 | Mem:0.00M, Peak:0.00M | Scene, ViewLayer | Synchronizing object | door_W08_0rgt
Fra:1 Mem:303.12M (Peak 303.12M) | Time:00:00.16 | Mem:0.00M, Peak:0.00M | Scene, ViewLayer | Synchronizing object | door_W13_0jrgto
Fra:1 Mem:303.12M (Peak 303.12M) | Time:00:00.16 | Mem:0.00M, Peak:0.00M | Scene, ViewLayer | Synchronizing object | door_W13_0jtopo
Fra:1 Mem:303.12M (Peak 303.12M) | Time:00:00.16 | Mem:0.00M, Peak:0.00M | Scene, ViewLayer | Synchronizing object | door_W13_0jtopi
Fra:1 Mem:325.50M (Peak 325.50M) | Time:00:00.16 | Mem:0.00M, Peak:0.00M | Scene, ViewLayer | Synchronizing object | door_W13_0lin_l
Fra:1 Mem:325.50M (Peak 325.50M) | Time:00:00.16 | Mem:0.00M, Peak:0.00M | Scene, ViewLayer | Synchronizing object | door_W13_0lin_t
Fra:1 Mem:325.50M (Peak 325.50M) | Time:00:00.16 | Mem:0.00M, Peak:0.00M | Scene, ViewLayer | Synchronizing object | door_W13_0leaf
Fra:1 Mem:325.50M (Peak 325.50M) | Time:00:00.16 | Mem:0.00M, Peak:0.00M | Scene, ViewLayer | Synchronizing object | door_W13_0hdl
Fra:1 Mem:325.50M (Peak 325.50M) | Time:00:00.16 | Mem:0.00M, Peak:0.00M | Scene, ViewLayer | Synchronizing object | door_W14_0jlfti
Fra:1 Mem:325.50M (Peak 325.50M) | Time:00:00.16 | Mem:0.00M, Peak:0.00M | Scene, ViewLayer | Synchronizing object | door_W14_0jrgto
Fra:1 Mem:325.50M (Peak 325.50M) | Time:00:00.16 | Mem:0.00M, Peak:0.00M | Scene, ViewLayer | Synchronizing object | door_W14_0jrgti
Fra:1 Mem:325.50M (Peak 325.50M) | Time:00:00.16 | Mem:0.00M, Peak:0.00M | Scene, ViewLayer | Synchronizing object | door_W14_0jtopo
Fra:1 Mem:325.50M (Peak 325.50M) | Time:00:00.16 | Mem:0.00M, Peak:0.00M | Scene, ViewLayer | Synchronizing object | door_W14_0jtopi
Fra:1 Mem:325.50M (Peak 325.50M) | Time:00:00.16 | Mem:0.00M, Peak:0.00M | Scene, ViewLayer | Synchronizing object | door_W14_0lin_r
Fra:1 Mem:325.51M (Peak 325.51M) | Time:00:00.16 | Mem:0.00M, Peak:0.00M | Scene, ViewLayer | Synchronizing object | door_W14_0lin_t
Fra:1 Mem:325.51M (Peak 325.51M) | Time:00:00.16 | Mem:0.00M, Peak:0.00M | Scene, ViewLayer | Synchronizing object | door_W14_0leaf
Fra:1 Mem:325.51M (Peak 325.51M) | Time:00:00.16 | Mem:0.00M, Peak:0.00M | Scene, ViewLayer | Synchronizing object | door_W14_1jlfto
Fra:1 Mem:325.51M (Peak 325.51M) | Time:00:00.16 | Mem:0.00M, Peak:0.00M | Scene, ViewLayer | Synchronizing object | door_W14_1jrgto
Fra:1 Mem:325.51M (Peak 325.51M) | Time:00:00.16 | Mem:0.00M, Peak:0.00M | Scene, ViewLayer | Synchronizing object | door_W14_1jrgti
Fra:1 Mem:325.51M (Peak 325.51M) | Time:00:00.16 | Mem:0.00M, Peak:0.00M | Scene, ViewLayer | Synchronizing object | door_W14_1jtopo
Fra:1 Mem:325.51M (Peak 325.51M) | Time:00:00.16 | Mem:0.00M, Peak:0.00M | Scene, ViewLayer | Synchronizing object | door_W14_1jtopi
Fra:1 Mem:325.51M (Peak 325.51M) | Time:00:00.16 | Mem:0.00M, Peak:0.00M | Scene, ViewLayer | Synchronizing object | door_W14_1lin_l
Fra:1 Mem:325.52M (Peak 325.52M) | Time:00:00.16 | Mem:0.00M, Peak:0.00M | Scene, ViewLayer | Synchronizing object | door_W14_1lin_r
Fra:1 Mem:325.52M (Peak 325.52M) | Time:00:00.16 | Mem:0.00M, Peak:0.00M | Scene, ViewLayer | Synchronizing object | door_W14_1lin_t
Fra:1 Mem:325.52M (Peak 325.52M) | Time:00:00.16 | Mem:0.00M, Peak:0.00M | Scene, ViewLayer | Synchronizing object | door_W14_1lft
Fra:1 Mem:325.52M (Peak 325.52M) | Time:00:00.16 | Mem:0.00M, Peak:0.00M | Scene, ViewLayer | Synchronizing object | door_W14_1top
Fra:1 Mem:325.52M (Peak 325.52M) | Time:00:00.16 | Mem:0.00M, Peak:0.00M | Scene, ViewLayer | Synchronizing object | door_W14_1bot
Fra:1 Mem:325.52M (Peak 325.52M) | Time:00:00.16 | Mem:0.00M, Peak:0.00M | Scene, ViewLayer | Synchronizing object | door_W14_1hdl
Fra:1 Mem:325.53M (Peak 325.53M) | Time:00:00.16 | Mem:0.00M, Peak:0.00M | Scene, ViewLayer | Synchronizing object | door_W15_0jlfto
Fra:1 Mem:325.53M (Peak 325.53M) | Time:00:00.16 | Mem:0.00M, Peak:0.00M | Scene, ViewLayer | Synchronizing object | door_W15_0jlfti
Fra:1 Mem:325.53M (Peak 325.53M) | Time:00:00.16 | Mem:0.00M, Peak:0.00M | Scene, ViewLayer | Synchronizing object | door_W15_0jrgti
Fra:1 Mem:325.53M (Peak 325.53M) | Time:00:00.16 | Mem:0.00M, Peak:0.00M | Scene, ViewLayer | Synchronizing object | door_W15_0jtopo
Fra:1 Mem:325.53M (Peak 325.53M) | Time:00:00.16 | Mem:0.00M, Peak:0.00M | Scene, ViewLayer | Synchronizing object | door_W15_0jtopi
Fra:1 Mem:325.53M (Peak 325.53M) | Time:00:00.16 | Mem:0.00M, Peak:0.00M | Scene, ViewLayer | Synchronizing object | door_W15_0lin_l
Fra:1 Mem:325.53M (Peak 325.53M) | Time:00:00.16 | Mem:0.00M, Peak:0.00M | Scene, ViewLayer | Synchronizing object | door_W15_0lin_t
Fra:1 Mem:325.53M (Peak 325.53M) | Time:00:00.16 | Mem:0.00M, Peak:0.00M | Scene, ViewLayer | Synchronizing object | door_W15_0_bot
Fra:1 Mem:325.53M (Peak 325.53M) | Time:00:00.16 | Mem:0.00M, Peak:0.00M | Scene, ViewLayer | Synchronizing object | door_W15_0_top
Fra:1 Mem:325.54M (Peak 325.54M) | Time:00:00.16 | Mem:0.00M, Peak:0.00M | Scene, ViewLayer | Synchronizing object | door_W15_0_rgt
Fra:1 Mem:325.54M (Peak 325.54M) | Time:00:00.16 | Mem:0.00M, Peak:0.00M | Scene, ViewLayer | Synchronizing object | door_W15_0_glass
Fra:1 Mem:325.54M (Peak 325.54M) | Time:00:00.16 | Mem:0.00M, Peak:0.00M | Scene, ViewLayer | Synchronizing object | door_W15_1_bot
Fra:1 Mem:325.54M (Peak 325.54M) | Time:00:00.16 | Mem:0.00M, Peak:0.00M | Scene, ViewLayer | Synchronizing object | door_W15_1_top
Fra:1 Mem:333.31M (Peak 333.31M) | Time:00:00.16 | Mem:0.00M, Peak:0.00M | Scene, ViewLayer | Synchronizing object | door_W15_1_lft
Fra:1 Mem:333.31M (Peak 333.31M) | Time:00:00.16 | Mem:0.00M, Peak:0.00M | Scene, ViewLayer | Synchronizing object | door_W15_1_rgt
Fra:1 Mem:333.31M (Peak 333.31M) | Time:00:00.16 | Mem:0.00M, Peak:0.00M | Scene, ViewLayer | Synchronizing object | door_W15_1_glass
Fra:1 Mem:333.32M (Peak 333.32M) | Time:00:00.16 | Mem:0.00M, Peak:0.00M | Scene, ViewLayer | Synchronizing object | door_W17_0jlfto
Fra:1 Mem:333.32M (Peak 333.32M) | Time:00:00.16 | Mem:0.00M, Peak:0.00M | Scene, ViewLayer | Synchronizing object | door_W17_0jlfti
Fra:1 Mem:333.32M (Peak 333.32M) | Time:00:00.16 | Mem:0.00M, Peak:0.00M | Scene, ViewLayer | Synchronizing object | door_W17_0jrgto
Fra:1 Mem:333.32M (Peak 333.32M) | Time:00:00.16 | Mem:0.00M, Peak:0.00M | Scene, ViewLayer | Synchronizing object | door_W17_0lin_r
Fra:1 Mem:333.32M (Peak 333.32M) | Time:00:00.16 | Mem:0.00M, Peak:0.00M | Scene, ViewLayer | Synchronizing object | door_W17_0lin_t
Fra:1 Mem:333.33M (Peak 333.33M) | Time:00:00.16 | Mem:0.00M, Peak:0.00M | Scene, ViewLayer | Synchronizing object | door_W17_0_top
Fra:1 Mem:333.33M (Peak 333.33M) | Time:00:00.16 | Mem:0.00M, Peak:0.00M | Scene, ViewLayer | Synchronizing object | door_W17_0_lft
Fra:1 Mem:333.33M (Peak 333.33M) | Time:00:00.16 | Mem:0.00M, Peak:0.00M | Scene, ViewLayer | Synchronizing object | door_W17_0_rgt
Fra:1 Mem:333.33M (Peak 333.33M) | Time:00:00.16 | Mem:0.00M, Peak:0.00M | Scene, ViewLayer | Synchronizing object | door_W17_0_glass
Fra:1 Mem:333.33M (Peak 333.33M) | Time:00:00.16 | Mem:0.00M, Peak:0.00M | Scene, ViewLayer | Synchronizing object | door_W17_1_bot
Fra:1 Mem:333.33M (Peak 333.33M) | Time:00:00.16 | Mem:0.00M, Peak:0.00M | Scene, ViewLayer | Synchronizing object | door_W17_1_top
Fra:1 Mem:333.33M (Peak 333.33M) | Time:00:00.16 | Mem:0.00M, Peak:0.00M | Scene, ViewLayer | Synchronizing object | door_W17_1_lft
Fra:1 Mem:333.33M (Peak 333.33M) | Time:00:00.16 | Mem:0.00M, Peak:0.00M | Scene, ViewLayer | Synchronizing object | door_W17_1_rgt
Fra:1 Mem:333.33M (Peak 333.33M) | Time:00:00.16 | Mem:0.00M, Peak:0.00M | Scene, ViewLayer | Synchronizing object | door_W17_1_glass
Fra:1 Mem:333.33M (Peak 333.33M) | Time:00:00.16 | Mem:0.00M, Peak:0.00M | Scene, ViewLayer | Synchronizing object | door_W17_2_bot
Fra:1 Mem:333.34M (Peak 333.34M) | Time:00:00.16 | Mem:0.00M, Peak:0.00M | Scene, ViewLayer | Synchronizing object | door_W17_2_lft
Fra:1 Mem:333.34M (Peak 333.34M) | Time:00:00.16 | Mem:0.00M, Peak:0.00M | Scene, ViewLayer | Synchronizing object | door_W17_2_rgt
Fra:1 Mem:333.34M (Peak 333.34M) | Time:00:00.16 | Mem:0.00M, Peak:0.00M | Scene, ViewLayer | Synchronizing object | door_W17_2_glass
Fra:1 Mem:333.34M (Peak 333.34M) | Time:00:00.16 | Mem:0.00M, Peak:0.00M | Scene, ViewLayer | Synchronizing object | door_W19_0jlfti
Fra:1 Mem:333.34M (Peak 333.34M) | Time:00:00.16 | Mem:0.00M, Peak:0.00M | Scene, ViewLayer | Synchronizing object | door_W19_0jrgto
Fra:1 Mem:333.34M (Peak 333.34M) | Time:00:00.16 | Mem:0.00M, Peak:0.00M | Scene, ViewLayer | Synchronizing object | door_W19_0jrgti
Fra:1 Mem:333.34M (Peak 333.34M) | Time:00:00.16 | Mem:0.00M, Peak:0.00M | Scene, ViewLayer | Synchronizing object | door_W19_0jtopo
Fra:1 Mem:333.34M (Peak 333.34M) | Time:00:00.16 | Mem:0.00M, Peak:0.00M | Scene, ViewLayer | Synchronizing object | door_W19_0jtopi
Fra:1 Mem:333.34M (Peak 333.34M) | Time:00:00.16 | Mem:0.00M, Peak:0.00M | Scene, ViewLayer | Synchronizing object | door_W19_0lin_l
Fra:1 Mem:333.35M (Peak 333.35M) | Time:00:00.16 | Mem:0.00M, Peak:0.00M | Scene, ViewLayer | Synchronizing object | door_W19_0lin_r
Fra:1 Mem:333.35M (Peak 333.35M) | Time:00:00.16 | Mem:0.00M, Peak:0.00M | Scene, ViewLayer | Synchronizing object | door_W19_0lin_t
Fra:1 Mem:333.35M (Peak 333.35M) | Time:00:00.16 | Mem:0.00M, Peak:0.00M | Scene, ViewLayer | Synchronizing object | door_W19_0leaf
Fra:1 Mem:333.35M (Peak 333.35M) | Time:00:00.16 | Mem:0.00M, Peak:0.00M | Scene, ViewLayer | Synchronizing object | door_W19_0hdl
Fra:1 Mem:333.35M (Peak 333.35M) | Time:00:00.16 | Mem:0.00M, Peak:0.00M | Scene, ViewLayer | Synchronizing object | door_W27_0jlfto
Fra:1 Mem:333.35M (Peak 333.35M) | Time:00:00.16 | Mem:0.00M, Peak:0.00M | Scene, ViewLayer | Synchronizing object | door_W27_0jrgti
Fra:1 Mem:333.35M (Peak 333.35M) | Time:00:00.16 | Mem:0.00M, Peak:0.00M | Scene, ViewLayer | Synchronizing object | door_W27_0jtopo
Fra:1 Mem:333.35M (Peak 333.35M) | Time:00:00.16 | Mem:0.00M, Peak:0.00M | Scene, ViewLayer | Synchronizing object | door_W27_0jtopi
Fra:1 Mem:333.35M (Peak 333.35M) | Time:00:00.16 | Mem:0.00M, Peak:0.00M | Scene, ViewLayer | Synchronizing object | door_W27_0lin_l
Fra:1 Mem:333.36M (Peak 333.36M) | Time:00:00.16 | Mem:0.00M, Peak:0.00M | Scene, ViewLayer | Synchronizing object | door_W27_0lin_t
Fra:1 Mem:333.36M (Peak 333.36M) | Time:00:00.16 | Mem:0.00M, Peak:0.00M | Scene, ViewLayer | Synchronizing object | door_W27_0leaf
Fra:1 Mem:333.36M (Peak 333.36M) | Time:00:00.16 | Mem:0.00M, Peak:0.00M | Scene, ViewLayer | Synchronizing object | door_W27_0hdl
Fra:1 Mem:333.36M (Peak 333.36M) | Time:00:00.17 | Mem:0.00M, Peak:0.00M | Scene, ViewLayer | Synchronizing object | bay_platform
Fra:1 Mem:333.36M (Peak 333.36M) | Time:00:00.17 | Mem:0.00M, Peak:0.00M | Scene, ViewLayer | Synchronizing object | rail_ter_S_p2
Fra:1 Mem:333.36M (Peak 333.36M) | Time:00:00.17 | Mem:0.00M, Peak:0.00M | Scene, ViewLayer | Synchronizing object | rail_ter_S_p3
Fra:1 Mem:333.36M (Peak 333.36M) | Time:00:00.17 | Mem:0.00M, Peak:0.00M | Scene, ViewLayer | Synchronizing object | rail_ter_S_top
Fra:1 Mem:333.36M (Peak 333.36M) | Time:00:00.17 | Mem:0.00M, Peak:0.00M | Scene, ViewLayer | Synchronizing object | rail_ter_S_glass
Fra:1 Mem:333.36M (Peak 333.36M) | Time:00:00.17 | Mem:0.00M, Peak:0.00M | Scene, ViewLayer | Synchronizing object | rail_ter_E_p1
Fra:1 Mem:333.37M (Peak 333.37M) | Time:00:00.17 | Mem:0.00M, Peak:0.00M | Scene, ViewLayer | Synchronizing object | rail_ter_E_p2
Fra:1 Mem:333.37M (Peak 333.37M) | Time:00:00.17 | Mem:0.00M, Peak:0.00M | Scene, ViewLayer | Synchronizing object | rail_ter_E_top
Fra:1 Mem:333.37M (Peak 333.37M) | Time:00:00.17 | Mem:0.00M, Peak:0.00M | Scene, ViewLayer | Synchronizing object | rail_ter_E_glass
Fra:1 Mem:333.37M (Peak 333.37M) | Time:00:00.17 | Mem:0.00M, Peak:0.00M | Scene, ViewLayer | Synchronizing object | rail_ter_W_p1
Fra:1 Mem:333.37M (Peak 333.37M) | Time:00:00.17 | Mem:0.00M, Peak:0.00M | Scene, ViewLayer | Synchronizing object | rail_ter_W_top
Fra:1 Mem:333.37M (Peak 333.37M) | Time:00:00.17 | Mem:0.00M, Peak:0.00M | Scene, ViewLayer | Synchronizing object | rail_ter_W_glass
Fra:1 Mem:333.37M (Peak 333.37M) | Time:00:00.17 | Mem:0.00M, Peak:0.00M | Scene, ViewLayer | Synchronizing object | common_kitchen_dishwasher_01_body
Fra:1 Mem:333.37M (Peak 333.37M) | Time:00:00.17 | Mem:0.00M, Peak:0.00M | Scene, ViewLayer | Synchronizing object | common_kitchen_dishwasher_01_top_L
Fra:1 Mem:333.37M (Peak 333.37M) | Time:00:00.17 | Mem:0.00M, Peak:0.00M | Scene, ViewLayer | Synchronizing object | common_kitchen_dishwasher_01_top_R
Fra:1 Mem:333.37M (Peak 333.37M) | Time:00:00.17 | Mem:0.00M, Peak:0.00M | Scene, ViewLayer | Synchronizing object | common_kitchen_dishwasher_01_top_B
Fra:1 Mem:333.38M (Peak 333.38M) | Time:00:00.17 | Mem:0.00M, Peak:0.00M | Scene, ViewLayer | Synchronizing object | common_kitchen_dishwasher_01_top_F
Fra:1 Mem:333.38M (Peak 333.38M) | Time:00:00.17 | Mem:0.00M, Peak:0.00M | Scene, ViewLayer | Synchronizing object | common_kitchen_dishwasher_01_drw_gapbg
Fra:1 Mem:333.38M (Peak 333.38M) | Time:00:00.17 | Mem:0.00M, Peak:0.00M | Scene, ViewLayer | Synchronizing object | common_kitchen_dishwasher_01_drw_f0
Fra:1 Mem:333.38M (Peak 333.38M) | Time:00:00.17 | Mem:0.00M, Peak:0.00M | Scene, ViewLayer | Synchronizing object | common_kitchen_dishwasher_01_drw_f1
Fra:1 Mem:333.39M (Peak 333.39M) | Time:00:00.17 | Mem:0.00M, Peak:0.00M | Scene, ViewLayer | Synchronizing object | common_kitchen_dishwasher_01_drw_p1
Fra:1 Mem:333.39M (Peak 333.39M) | Time:00:00.17 | Mem:0.00M, Peak:0.00M | Scene, ViewLayer | Synchronizing object | common_kitchen_dishwasher_01_drw_f2
Fra:1 Mem:333.39M (Peak 333.39M) | Time:00:00.17 | Mem:0.00M, Peak:0.00M | Scene, ViewLayer | Synchronizing object | common_kitchen_dishwasher_01_drw_p3
Fra:1 Mem:333.40M (Peak 333.40M) | Time:00:00.17 | Mem:0.00M, Peak:0.00M | Scene, ViewLayer | Synchronizing object | common_kitchen_sink_01_cav
Fra:1 Mem:333.40M (Peak 333.40M) | Time:00:00.17 | Mem:0.00M, Peak:0.00M | Scene, ViewLayer | Synchronizing object | common_kitchen_sink_01_tap
Fra:1 Mem:333.40M (Peak 333.40M) | Time:00:00.17 | Mem:0.00M, Peak:0.00M | Scene, ViewLayer | Synchronizing object | common_kitchen_sink_01_taparm
Fra:1 Mem:333.40M (Peak 333.40M) | Time:00:00.17 | Mem:0.00M, Peak:0.00M | Scene, ViewLayer | Synchronizing object | common_kitchen_sink_01_taptip
Fra:1 Mem:333.40M (Peak 333.40M) | Time:00:00.17 | Mem:0.00M, Peak:0.00M | Scene, ViewLayer | Synchronizing object | common_kitchen_dishwasher_02_panel
Fra:1 Mem:333.41M (Peak 333.41M) | Time:00:00.17 | Mem:0.00M, Peak:0.00M | Scene, ViewLayer | Synchronizing object | common_kitchen_dishwasher_02_pull
Fra:1 Mem:333.42M (Peak 333.42M) | Time:00:00.17 | Mem:0.00M, Peak:0.00M | Scene, ViewLayer | Synchronizing object | common_kitchen_kitchen_counter_01_body
Fra:1 Mem:333.42M (Peak 333.42M) | Time:00:00.17 | Mem:0.00M, Peak:0.00M | Scene, ViewLayer | Synchronizing object | common_kitchen_kitchen_counter_01_drwS_gapbg
Fra:1 Mem:333.42M (Peak 333.42M) | Time:00:00.17 | Mem:0.00M, Peak:0.00M | Scene, ViewLayer | Synchronizing object | common_kitchen_kitchen_counter_01_drwS_f0
Fra:1 Mem:333.43M (Peak 333.43M) | Time:00:00.17 | Mem:0.00M, Peak:0.00M | Scene, ViewLayer | Synchronizing object | common_kitchen_kitchen_counter_01_drwS_p0
Fra:1 Mem:333.44M (Peak 333.44M) | Time:00:00.17 | Mem:0.00M, Peak:0.00M | Scene, ViewLayer | Synchronizing object | common_kitchen_kitchen_counter_01_drwH_gapbg
Fra:1 Mem:333.44M (Peak 333.44M) | Time:00:00.17 | Mem:0.00M, Peak:0.00M | Scene, ViewLayer | Synchronizing object | common_kitchen_kitchen_counter_01_drwH_slot0
Fra:1 Mem:333.45M (Peak 333.45M) | Time:00:00.17 | Mem:0.00M, Peak:0.00M | Scene, ViewLayer | Synchronizing object | common_kitchen_kitchen_counter_01_drwH_slot1
Fra:1 Mem:333.45M (Peak 333.45M) | Time:00:00.17 | Mem:0.00M, Peak:0.00M | Scene, ViewLayer | Synchronizing object | common_kitchen_kitchen_counter_01_drwH_d2
Fra:1 Mem:333.45M (Peak 333.45M) | Time:00:00.17 | Mem:0.00M, Peak:0.00M | Scene, ViewLayer | Synchronizing object | common_kitchen_kitchen_counter_01_drwH_slot2
Fra:1 Mem:333.46M (Peak 333.46M) | Time:00:00.17 | Mem:0.00M, Peak:0.00M | Scene, ViewLayer | Synchronizing object | common_kitchen_kitchen_counter_01_drwN_gapbg
Fra:1 Mem:333.46M (Peak 333.46M) | Time:00:00.17 | Mem:0.00M, Peak:0.00M | Scene, ViewLayer | Synchronizing object | common_kitchen_kitchen_counter_01_drwN_f0
Fra:1 Mem:333.46M (Peak 333.46M) | Time:00:00.17 | Mem:0.00M, Peak:0.00M | Scene, ViewLayer | Synchronizing object | common_kitchen_kitchen_counter_01_drwN_p0
Fra:1 Mem:333.47M (Peak 333.47M) | Time:00:00.17 | Mem:0.00M, Peak:0.00M | Scene, ViewLayer | Synchronizing object | common_kitchen_kitchen_counter_01_drwN_f1
Fra:1 Mem:333.47M (Peak 333.47M) | Time:00:00.17 | Mem:0.00M, Peak:0.00M | Scene, ViewLayer | Synchronizing object | common_kitchen_kitchen_counter_01_drwN_p1
Fra:1 Mem:333.48M (Peak 333.48M) | Time:00:00.17 | Mem:0.00M, Peak:0.00M | Scene, ViewLayer | Synchronizing object | common_kitchen_hob_01_glass
Fra:1 Mem:333.49M (Peak 333.49M) | Time:00:00.17 | Mem:0.00M, Peak:0.00M | Scene, ViewLayer | Synchronizing object | common_kitchen_hob_01_burner0
Fra:1 Mem:333.50M (Peak 333.50M) | Time:00:00.17 | Mem:0.00M, Peak:0.00M | Scene, ViewLayer | Synchronizing object | common_kitchen_hob_01_burner1
Fra:1 Mem:333.50M (Peak 333.50M) | Time:00:00.17 | Mem:0.00M, Peak:0.00M | Scene, ViewLayer | Synchronizing object | common_kitchen_range_hood_01_topbox
Fra:1 Mem:333.50M (Peak 333.50M) | Time:00:00.17 | Mem:0.00M, Peak:0.00M | Scene, ViewLayer | Synchronizing object | common_kitchen_range_hood_01_slant
Fra:1 Mem:333.50M (Peak 333.50M) | Time:00:00.17 | Mem:0.00M, Peak:0.00M | Scene, ViewLayer | Synchronizing object | common_kitchen_cabinet_01_door_gapbg
Fra:1 Mem:333.51M (Peak 333.51M) | Time:00:00.17 | Mem:0.00M, Peak:0.00M | Scene, ViewLayer | Synchronizing object | common_kitchen_cabinet_01_door_f0b
Fra:1 Mem:333.51M (Peak 333.51M) | Time:00:00.17 | Mem:0.00M, Peak:0.00M | Scene, ViewLayer | Synchronizing object | common_kitchen_cabinet_01_door_f0t
Fra:1 Mem:333.52M (Peak 333.52M) | Time:00:00.17 | Mem:0.00M, Peak:0.00M | Scene, ViewLayer | Synchronizing object | common_kitchen_cabinet_01_door_f0c
Fra:1 Mem:333.52M (Peak 333.52M) | Time:00:00.17 | Mem:0.00M, Peak:0.00M | Scene, ViewLayer | Synchronizing object | common_kitchen_cabinet_01_door_p0
Fra:1 Mem:333.53M (Peak 333.53M) | Time:00:00.17 | Mem:0.00M, Peak:0.00M | Scene, ViewLayer | Synchronizing object | common_kitchen_cabinet_01_door_f1l
Fra:1 Mem:333.54M (Peak 333.54M) | Time:00:00.17 | Mem:0.00M, Peak:0.00M | Scene, ViewLayer | Synchronizing object | common_kitchen_cabinet_01_door_f1r
Fra:1 Mem:333.55M (Peak 333.55M) | Time:00:00.17 | Mem:0.00M, Peak:0.00M | Scene, ViewLayer | Synchronizing object | common_kitchen_cabinet_01_door_f1b
Fra:1 Mem:333.56M (Peak 333.56M) | Time:00:00.17 | Mem:0.00M, Peak:0.00M | Scene, ViewLayer | Synchronizing object | common_kitchen_cabinet_01_door_f1t
Fra:1 Mem:333.57M (Peak 333.57M) | Time:00:00.17 | Mem:0.00M, Peak:0.00M | Scene, ViewLayer | Synchronizing object | common_kitchen_cabinet_01_door_f1c
Fra:1 Mem:333.58M (Peak 333.58M) | Time:00:00.17 | Mem:0.00M, Peak:0.00M | Scene, ViewLayer | Synchronizing object | common_kitchen_cabinet_01_door_p1
Fra:1 Mem:333.59M (Peak 333.59M) | Time:00:00.17 | Mem:0.00M, Peak:0.00M | Scene, ViewLayer | Synchronizing object | common_kitchen_cabinet_01_door_f2l
Fra:1 Mem:348.44M (Peak 348.44M) | Time:00:00.17 | Mem:0.00M, Peak:0.00M | Scene, ViewLayer | Synchronizing object | common_kitchen_cabinet_01_door_f2t
Fra:1 Mem:348.44M (Peak 348.44M) | Time:00:00.17 | Mem:0.00M, Peak:0.00M | Scene, ViewLayer | Synchronizing object | common_kitchen_cabinet_01_door_p2
Fra:1 Mem:348.45M (Peak 348.45M) | Time:00:00.17 | Mem:0.00M, Peak:0.00M | Scene, ViewLayer | Synchronizing object | common_kitchen_cabinet_02_body
Fra:1 Mem:348.45M (Peak 348.45M) | Time:00:00.17 | Mem:0.00M, Peak:0.00M | Scene, ViewLayer | Synchronizing object | common_kitchen_cabinet_02_door_gapbg
Fra:1 Mem:348.45M (Peak 348.45M) | Time:00:00.17 | Mem:0.00M, Peak:0.00M | Scene, ViewLayer | Synchronizing object | common_kitchen_cabinet_02_door_f0r
Fra:1 Mem:348.45M (Peak 348.45M) | Time:00:00.17 | Mem:0.00M, Peak:0.00M | Scene, ViewLayer | Synchronizing object | common_kitchen_cabinet_02_door_f0b
Fra:1 Mem:348.46M (Peak 348.46M) | Time:00:00.17 | Mem:0.00M, Peak:0.00M | Scene, ViewLayer | Synchronizing object | common_kitchen_cabinet_02_door_f0t
Fra:1 Mem:348.47M (Peak 348.46M) | Time:00:00.17 | Mem:0.00M, Peak:0.00M | Scene, ViewLayer | Synchronizing object | common_kitchen_cabinet_02_door_f0c
Fra:1 Mem:348.47M (Peak 348.47M) | Time:00:00.17 | Mem:0.00M, Peak:0.00M | Scene, ViewLayer | Synchronizing object | common_kitchen_cabinet_02_door_p0
Fra:1 Mem:348.49M (Peak 348.49M) | Time:00:00.17 | Mem:0.00M, Peak:0.00M | Scene, ViewLayer | Synchronizing object | common_kitchen_cabinet_02_door_f1l
Fra:1 Mem:348.49M (Peak 348.49M) | Time:00:00.17 | Mem:0.00M, Peak:0.00M | Scene, ViewLayer | Synchronizing object | common_kitchen_cabinet_02_door_f1r
Fra:1 Mem:348.50M (Peak 348.50M) | Time:00:00.17 | Mem:0.00M, Peak:0.00M | Scene, ViewLayer | Synchronizing object | common_kitchen_cabinet_02_door_f1b
Fra:1 Mem:348.51M (Peak 348.51M) | Time:00:00.17 | Mem:0.00M, Peak:0.00M | Scene, ViewLayer | Synchronizing object | common_kitchen_cabinet_02_door_f1c
Fra:1 Mem:348.51M (Peak 348.51M) | Time:00:00.17 | Mem:0.00M, Peak:0.00M | Scene, ViewLayer | Synchronizing object | common_kitchen_cabinet_02_door_p1
Fra:1 Mem:348.53M (Peak 348.53M) | Time:00:00.17 | Mem:0.00M, Peak:0.00M | Scene, ViewLayer | Synchronizing object | common_kitchen_cabinet_02_door_f2l
Fra:1 Mem:348.53M (Peak 348.53M) | Time:00:00.17 | Mem:0.00M, Peak:0.00M | Scene, ViewLayer | Synchronizing object | common_kitchen_cabinet_02_door_f2r
Fra:1 Mem:348.55M (Peak 348.55M) | Time:00:00.17 | Mem:0.00M, Peak:0.00M | Scene, ViewLayer | Synchronizing object | common_kitchen_cabinet_02_door_f2b
Fra:1 Mem:348.56M (Peak 348.56M) | Time:00:00.17 | Mem:0.00M, Peak:0.00M | Scene, ViewLayer | Synchronizing object | common_kitchen_cabinet_02_door_f2t
Fra:1 Mem:348.56M (Peak 348.56M) | Time:00:00.17 | Mem:0.00M, Peak:0.00M | Scene, ViewLayer | Synchronizing object | common_kitchen_glass_sliding_door_01_glass
Fra:1 Mem:348.57M (Peak 348.57M) | Time:00:00.17 | Mem:0.00M, Peak:0.00M | Scene, ViewLayer | Synchronizing object | common_kitchen_glass_sliding_door_01_stL
Fra:1 Mem:348.58M (Peak 348.58M) | Time:00:00.17 | Mem:0.00M, Peak:0.00M | Scene, ViewLayer | Synchronizing object | common_kitchen_glass_sliding_door_01_stR
Fra:1 Mem:348.58M (Peak 348.58M) | Time:00:00.17 | Mem:0.00M, Peak:0.00M | Scene, ViewLayer | Synchronizing object | common_kitchen_glass_sliding_door_01_stT
Fra:1 Mem:348.59M (Peak 348.59M) | Time:00:00.17 | Mem:0.00M, Peak:0.00M | Scene, ViewLayer | Synchronizing object | common_living_dining_balcony_glass_sliding_door_01_glass
Fra:1 Mem:348.59M (Peak 348.59M) | Time:00:00.17 | Mem:0.00M, Peak:0.00M | Scene, ViewLayer | Synchronizing object | common_living_dining_balcony_glass_sliding_door_01_stL
Fra:1 Mem:348.60M (Peak 348.60M) | Time:00:00.17 | Mem:0.00M, Peak:0.00M | Scene, ViewLayer | Synchronizing object | common_living_dining_balcony_glass_sliding_door_01_stR
Fra:1 Mem:348.61M (Peak 348.61M) | Time:00:00.17 | Mem:0.00M, Peak:0.00M | Scene, ViewLayer | Synchronizing object | common_living_dining_balcony_glass_sliding_door_01_stT
Fra:1 Mem:348.62M (Peak 348.62M) | Time:00:00.17 | Mem:0.00M, Peak:0.00M | Scene, ViewLayer | Synchronizing object | common_living_dining_balcony_glass_sliding_door_01_stB
Fra:1 Mem:348.63M (Peak 348.63M) | Time:00:00.17 | Mem:0.00M, Peak:0.00M | Scene, ViewLayer | Synchronizing object | common_living_dining_balcony_glass_sliding_door_02_glass
Fra:1 Mem:348.64M (Peak 348.64M) | Time:00:00.17 | Mem:0.00M, Peak:0.00M | Scene, ViewLayer | Synchronizing object | common_living_dining_balcony_glass_sliding_door_02_stL
Fra:1 Mem:348.64M (Peak 348.64M) | Time:00:00.17 | Mem:0.00M, Peak:0.00M | Scene, ViewLayer | Synchronizing object | common_living_dining_balcony_glass_sliding_door_02_stT
Fra:1 Mem:348.65M (Peak 348.65M) | Time:00:00.17 | Mem:0.00M, Peak:0.00M | Scene, ViewLayer | Synchronizing object | common_living_dining_balcony_glass_sliding_door_02_stB
Fra:1 Mem:348.66M (Peak 348.66M) | Time:00:00.17 | Mem:0.00M, Peak:0.00M | Scene, ViewLayer | Synchronizing object | common_kitchen_glass_sliding_door_02_glass
Fra:1 Mem:348.68M (Peak 348.68M) | Time:00:00.17 | Mem:0.00M, Peak:0.00M | Scene, ViewLayer | Synchronizing object | common_kitchen_glass_sliding_door_02_stL
Fra:1 Mem:348.68M (Peak 348.68M) | Time:00:00.17 | Mem:0.00M, Peak:0.00M | Scene, ViewLayer | Synchronizing object | common_kitchen_glass_sliding_door_02_stT
Fra:1 Mem:348.68M (Peak 348.68M) | Time:00:00.17 | Mem:0.00M, Peak:0.00M | Scene, ViewLayer | Synchronizing object | common_kitchen_glass_sliding_door_02_stB
Fra:1 Mem:348.69M (Peak 348.69M) | Time:00:00.17 | Mem:0.00M, Peak:0.00M | Scene, ViewLayer | Synchronizing object | common_living_dining_balcony_fridge_01_seamH
Fra:1 Mem:348.69M (Peak 348.69M) | Time:00:00.17 | Mem:0.00M, Peak:0.00M | Scene, ViewLayer | Synchronizing object | common_living_dining_balcony_fridge_01_pullU
Fra:1 Mem:348.69M (Peak 348.69M) | Time:00:00.17 | Mem:0.00M, Peak:0.00M | Scene, ViewLayer | Synchronizing object | common_living_dining_balcony_cabinet_01_door_gapbg
Fra:1 Mem:348.69M (Peak 348.69M) | Time:00:00.17 | Mem:0.00M, Peak:0.00M | Scene, ViewLayer | Synchronizing object | common_living_dining_balcony_cabinet_01_door_f0l
Fra:1 Mem:348.69M (Peak 348.69M) | Time:00:00.17 | Mem:0.00M, Peak:0.00M | Scene, ViewLayer | Synchronizing object | common_living_dining_balcony_cabinet_01_door_f0r
Fra:1 Mem:348.70M (Peak 348.70M) | Time:00:00.17 | Mem:0.00M, Peak:0.00M | Scene, ViewLayer | Synchronizing object | common_living_dining_balcony_cabinet_01_door_f0b
Fra:1 Mem:348.71M (Peak 348.71M) | Time:00:00.17 | Mem:0.00M, Peak:0.00M | Scene, ViewLayer | Synchronizing object | common_living_dining_balcony_cabinet_01_door_f0t
Fra:1 Mem:348.71M (Peak 348.71M) | Time:00:00.17 | Mem:0.00M, Peak:0.00M | Scene, ViewLayer | Synchronizing object | common_living_dining_balcony_cabinet_01_door_f0c
Fra:1 Mem:348.71M (Peak 348.71M) | Time:00:00.17 | Mem:0.00M, Peak:0.00M | Scene, ViewLayer | Synchronizing object | common_living_dining_balcony_cabinet_01_door_p0
Fra:1 Mem:348.72M (Peak 348.72M) | Time:00:00.17 | Mem:0.00M, Peak:0.00M | Scene, ViewLayer | Synchronizing object | common_living_dining_balcony_cabinet_01_door_f1l
Fra:1 Mem:348.73M (Peak 348.73M) | Time:00:00.17 | Mem:0.00M, Peak:0.00M | Scene, ViewLayer | Synchronizing object | common_living_dining_balcony_cabinet_01_door_f1r
Fra:1 Mem:348.73M (Peak 348.73M) | Time:00:00.17 | Mem:0.00M, Peak:0.00M | Scene, ViewLayer | Synchronizing object | common_living_dining_balcony_cabinet_01_door_f1t
Fra:1 Mem:348.75M (Peak 348.75M) | Time:00:00.17 | Mem:0.00M, Peak:0.00M | Scene, ViewLayer | Synchronizing object | common_living_dining_balcony_cabinet_01_door_f1c
Fra:1 Mem:348.75M (Peak 348.75M) | Time:00:00.17 | Mem:0.00M, Peak:0.00M | Scene, ViewLayer | Synchronizing object | common_foyer_cabinet_01_body
Fra:1 Mem:348.76M (Peak 348.76M) | Time:00:00.17 | Mem:0.00M, Peak:0.00M | Scene, ViewLayer | Synchronizing object | common_foyer_cabinet_01_door_gapbg
Fra:1 Mem:348.76M (Peak 348.76M) | Time:00:00.17 | Mem:0.00M, Peak:0.00M | Scene, ViewLayer | Synchronizing object | common_foyer_cabinet_01_door_f0r
Fra:1 Mem:348.76M (Peak 348.76M) | Time:00:00.17 | Mem:0.00M, Peak:0.00M | Scene, ViewLayer | Synchronizing object | common_foyer_cabinet_01_door_f0b
Fra:1 Mem:348.77M (Peak 348.77M) | Time:00:00.17 | Mem:0.00M, Peak:0.00M | Scene, ViewLayer | Synchronizing object | common_foyer_cabinet_01_door_f0t
Fra:1 Mem:348.77M (Peak 348.77M) | Time:00:00.17 | Mem:0.00M, Peak:0.00M | Scene, ViewLayer | Synchronizing object | common_foyer_cabinet_01_door_f0c
Fra:1 Mem:348.79M (Peak 348.79M) | Time:00:00.17 | Mem:0.00M, Peak:0.00M | Scene, ViewLayer | Synchronizing object | common_foyer_cabinet_01_door_p0
Fra:1 Mem:348.79M (Peak 348.79M) | Time:00:00.17 | Mem:0.00M, Peak:0.00M | Scene, ViewLayer | Synchronizing object | common_foyer_cabinet_01_door_f1l
Fra:1 Mem:348.80M (Peak 348.80M) | Time:00:00.17 | Mem:0.00M, Peak:0.00M | Scene, ViewLayer | Synchronizing object | common_foyer_cabinet_01_door_f1r
Fra:1 Mem:348.81M (Peak 348.81M) | Time:00:00.17 | Mem:0.00M, Peak:0.00M | Scene, ViewLayer | Synchronizing object | common_foyer_cabinet_01_door_f1b
Fra:1 Mem:348.81M (Peak 348.81M) | Time:00:00.17 | Mem:0.00M, Peak:0.00M | Scene, ViewLayer | Synchronizing object | common_foyer_cabinet_01_door_f1t
Fra:1 Mem:348.82M (Peak 348.82M) | Time:00:00.17 | Mem:0.00M, Peak:0.00M | Scene, ViewLayer | Synchronizing object | common_foyer_cabinet_01_door_f2l
Fra:1 Mem:348.83M (Peak 348.83M) | Time:00:00.17 | Mem:0.00M, Peak:0.00M | Scene, ViewLayer | Synchronizing object | common_foyer_cabinet_01_door_f2r
Fra:1 Mem:348.84M (Peak 348.84M) | Time:00:00.17 | Mem:0.00M, Peak:0.00M | Scene, ViewLayer | Synchronizing object | common_foyer_cabinet_01_door_f2b
Fra:1 Mem:348.85M (Peak 348.85M) | Time:00:00.17 | Mem:0.00M, Peak:0.00M | Scene, ViewLayer | Synchronizing object | common_foyer_cabinet_01_door_f2t
Fra:1 Mem:348.86M (Peak 348.86M) | Time:00:00.17 | Mem:0.00M, Peak:0.00M | Scene, ViewLayer | Synchronizing object | common_foyer_cabinet_01_door_f2c
Fra:1 Mem:348.87M (Peak 348.87M) | Time:00:00.17 | Mem:0.00M, Peak:0.00M | Scene, ViewLayer | Synchronizing object | common_foyer_cabinet_01_door_p2
Fra:1 Mem:348.88M (Peak 348.88M) | Time:00:00.17 | Mem:0.00M, Peak:0.00M | Scene, ViewLayer | Synchronizing object | common_foyer_open_niche_01_cheek0
Fra:1 Mem:348.88M (Peak 348.88M) | Time:00:00.17 | Mem:0.00M, Peak:0.00M | Scene, ViewLayer | Synchronizing object | common_foyer_open_niche_01_cheek1
Fra:1 Mem:348.88M (Peak 348.88M) | Time:00:00.17 | Mem:0.00M, Peak:0.00M | Scene, ViewLayer | Synchronizing object | common_foyer_open_niche_01_top
Fra:1 Mem:348.89M (Peak 348.89M) | Time:00:00.17 | Mem:0.00M, Peak:0.00M | Scene, ViewLayer | Synchronizing object | common_foyer_open_niche_01_bottom
Fra:1 Mem:348.89M (Peak 348.89M) | Time:00:00.17 | Mem:0.00M, Peak:0.00M | Scene, ViewLayer | Synchronizing object | common_foyer_cabinet_02_body
Fra:1 Mem:348.90M (Peak 348.90M) | Time:00:00.17 | Mem:0.00M, Peak:0.00M | Scene, ViewLayer | Synchronizing object | common_foyer_cabinet_02_door_gapbg
Fra:1 Mem:348.90M (Peak 348.90M) | Time:00:00.17 | Mem:0.00M, Peak:0.00M | Scene, ViewLayer | Synchronizing object | common_foyer_cabinet_02_door_f0l
Fra:1 Mem:348.90M (Peak 348.90M) | Time:00:00.17 | Mem:0.00M, Peak:0.00M | Scene, ViewLayer | Synchronizing object | common_foyer_cabinet_02_door_f0b
Fra:1 Mem:348.92M (Peak 348.92M) | Time:00:00.17 | Mem:0.00M, Peak:0.00M | Scene, ViewLayer | Synchronizing object | common_foyer_cabinet_02_door_f0t
Fra:1 Mem:348.92M (Peak 348.92M) | Time:00:00.17 | Mem:0.00M, Peak:0.00M | Scene, ViewLayer | Synchronizing object | common_foyer_cabinet_02_door_f0c
Fra:1 Mem:348.93M (Peak 348.93M) | Time:00:00.17 | Mem:0.00M, Peak:0.00M | Scene, ViewLayer | Synchronizing object | common_foyer_cabinet_02_door_p0
Fra:1 Mem:348.93M (Peak 348.93M) | Time:00:00.17 | Mem:0.00M, Peak:0.00M | Scene, ViewLayer | Synchronizing object | common_foyer_cabinet_02_door_f1r
Fra:1 Mem:348.93M (Peak 348.93M) | Time:00:00.17 | Mem:0.00M, Peak:0.00M | Scene, ViewLayer | Synchronizing object | common_foyer_cabinet_02_door_f1b
Fra:1 Mem:348.94M (Peak 348.94M) | Time:00:00.17 | Mem:0.00M, Peak:0.00M | Scene, ViewLayer | Synchronizing object | common_foyer_cabinet_02_door_f1t
Fra:1 Mem:348.95M (Peak 348.95M) | Time:00:00.17 | Mem:0.00M, Peak:0.00M | Scene, ViewLayer | Synchronizing object | common_foyer_cabinet_02_door_f1c
Fra:1 Mem:348.96M (Peak 348.96M) | Time:00:00.17 | Mem:0.00M, Peak:0.00M | Scene, ViewLayer | Synchronizing object | common_foyer_cabinet_02_door_p1
Fra:1 Mem:348.97M (Peak 348.97M) | Time:00:00.17 | Mem:0.00M, Peak:0.00M | Scene, ViewLayer | Synchronizing object | common_foyer_cabinet_02_door_f2t
Fra:1 Mem:348.97M (Peak 348.97M) | Time:00:00.17 | Mem:0.00M, Peak:0.00M | Scene, ViewLayer | Synchronizing object | common_foyer_cabinet_02_door_f2c
Fra:1 Mem:348.97M (Peak 348.97M) | Time:00:00.17 | Mem:0.00M, Peak:0.00M | Scene, ViewLayer | Synchronizing object | common_foyer_cabinet_02_door_p2
Fra:1 Mem:348.97M (Peak 348.97M) | Time:00:00.17 | Mem:0.00M, Peak:0.00M | Scene, ViewLayer | Synchronizing object | common_foyer_mirror_door_01_mirror
Fra:1 Mem:348.98M (Peak 348.98M) | Time:00:00.17 | Mem:0.00M, Peak:0.00M | Scene, ViewLayer | Synchronizing object | common_foyer_mirror_door_01_fr0
Fra:1 Mem:348.99M (Peak 348.99M) | Time:00:00.17 | Mem:0.00M, Peak:0.00M | Scene, ViewLayer | Synchronizing object | common_foyer_mirror_door_01_fr1
Fra:1 Mem:348.99M (Peak 348.99M) | Time:00:00.17 | Mem:0.00M, Peak:0.00M | Scene, ViewLayer | Synchronizing object | common_foyer_mirror_door_01_fr2
Fra:1 Mem:348.99M (Peak 348.99M) | Time:00:00.17 | Mem:0.00M, Peak:0.00M | Scene, ViewLayer | Synchronizing object | common_foyer_mirror_door_01_fr3
Fra:1 Mem:348.99M (Peak 348.99M) | Time:00:00.17 | Mem:0.00M, Peak:0.00M | Scene, ViewLayer | Synchronizing object | common_foyer_mirror_door_01_pull
Fra:1 Mem:348.99M (Peak 348.99M) | Time:00:00.17 | Mem:0.00M, Peak:0.00M | Scene, ViewLayer | Synchronizing object | common_elevator_hall_cabinet_01_body
Fra:1 Mem:348.99M (Peak 348.99M) | Time:00:00.17 | Mem:0.00M, Peak:0.00M | Scene, ViewLayer | Synchronizing object | common_elevator_hall_cabinet_01_door_gapbg
Fra:1 Mem:349.00M (Peak 349.00M) | Time:00:00.17 | Mem:0.00M, Peak:0.00M | Scene, ViewLayer | Synchronizing object | common_elevator_hall_cabinet_01_door_f0l
Fra:1 Mem:349.02M (Peak 349.02M) | Time:00:00.17 | Mem:0.00M, Peak:0.00M | Scene, ViewLayer | Synchronizing object | common_elevator_hall_cabinet_01_door_f0b
Fra:1 Mem:349.02M (Peak 349.02M) | Time:00:00.17 | Mem:0.00M, Peak:0.00M | Scene, ViewLayer | Synchronizing object | common_elevator_hall_cabinet_01_door_f0t
Fra:1 Mem:349.03M (Peak 349.03M) | Time:00:00.17 | Mem:0.00M, Peak:0.00M | Scene, ViewLayer | Synchronizing object | common_elevator_hall_cabinet_01_door_f0c
Fra:1 Mem:349.04M (Peak 349.04M) | Time:00:00.17 | Mem:0.00M, Peak:0.00M | Scene, ViewLayer | Synchronizing object | common_elevator_hall_cabinet_01_door_p0
Fra:1 Mem:349.04M (Peak 349.05M) | Time:00:00.17 | Mem:0.00M, Peak:0.00M | Scene, ViewLayer | Synchronizing object | common_living_dining_balcony_bookcase_01_drw_gapbg
Fra:1 Mem:349.05M (Peak 349.05M) | Time:00:00.17 | Mem:0.00M, Peak:0.00M | Scene, ViewLayer | Synchronizing object | common_living_dining_balcony_bookcase_01_drw_f0
Fra:1 Mem:349.07M (Peak 349.07M) | Time:00:00.17 | Mem:0.00M, Peak:0.00M | Scene, ViewLayer | Synchronizing object | common_living_dining_balcony_bookcase_01_drw_slot0
Fra:1 Mem:349.07M (Peak 349.07M) | Time:00:00.17 | Mem:0.00M, Peak:0.00M | Scene, ViewLayer | Synchronizing object | common_living_dining_balcony_bookcase_01_drw_f1
Fra:1 Mem:349.07M (Peak 349.07M) | Time:00:00.17 | Mem:0.00M, Peak:0.00M | Scene, ViewLayer | Synchronizing object | common_living_dining_balcony_bookcase_01_drw_slot1
Fra:1 Mem:349.07M (Peak 349.07M) | Time:00:00.17 | Mem:0.00M, Peak:0.00M | Scene, ViewLayer | Synchronizing object | common_living_dining_balcony_bookcase_01_drw_f2
Fra:1 Mem:363.99M (Peak 363.99M) | Time:00:00.17 | Mem:0.00M, Peak:0.00M | Scene, ViewLayer | Synchronizing object | common_living_dining_balcony_bookcase_01_drw_slot2
Fra:1 Mem:364.00M (Peak 364.00M) | Time:00:00.17 | Mem:0.00M, Peak:0.00M | Scene, ViewLayer | Synchronizing object | common_living_dining_balcony_bookcase_02_back
Fra:1 Mem:364.00M (Peak 364.00M) | Time:00:00.17 | Mem:0.00M, Peak:0.00M | Scene, ViewLayer | Synchronizing object | common_living_dining_balcony_bookcase_02_bot
Fra:1 Mem:364.02M (Peak 364.02M) | Time:00:00.17 | Mem:0.00M, Peak:0.00M | Scene, ViewLayer | Synchronizing object | common_living_dining_balcony_bookcase_02_endS
Fra:1 Mem:364.04M (Peak 364.04M) | Time:00:00.17 | Mem:0.00M, Peak:0.00M | Scene, ViewLayer | Synchronizing object | lt_strip_tv
Fra:1 Mem:364.04M (Peak 364.04M) | Time:00:00.17 | Mem:0.00M, Peak:0.00M | Scene, ViewLayer | Synchronizing object | lt_pendant_02
Fra:1 Mem:364.04M (Peak 364.04M) | Time:00:00.17 | Mem:0.00M, Peak:0.00M | Scene, ViewLayer | Synchronizing object | lt_pendant_01
Fra:1 Mem:364.04M (Peak 364.04M) | Time:00:00.17 | Mem:0.00M, Peak:0.00M | Scene, ViewLayer | Synchronizing object | fx_art_wall_A
Fra:1 Mem:364.04M (Peak 364.04M) | Time:00:00.17 | Mem:0.00M, Peak:0.00M | Scene, ViewLayer | Synchronizing object | fx_curt_living_bo_e_A
Fra:1 Mem:364.05M (Peak 364.05M) | Time:00:00.17 | Mem:0.00M, Peak:0.00M | Scene, ViewLayer | Synchronizing object | fx_curt_living_bo_w_A
Fra:1 Mem:364.05M (Peak 364.05M) | Time:00:00.17 | Mem:0.00M, Peak:0.00M | Scene, ViewLayer | Synchronizing object | fx_curt_living_sheer_A
Fra:1 Mem:364.07M (Peak 364.07M) | Time:00:00.17 | Mem:0.00M, Peak:0.00M | Scene, ViewLayer | Synchronizing object | A_living_dining_balcony_lounge_chair_01_arm1
Fra:1 Mem:364.08M (Peak 364.08M) | Time:00:00.17 | Mem:0.00M, Peak:0.00M | Scene, ViewLayer | Synchronizing object | A_living_dining_balcony_lounge_chair_01_arm0
Fra:1 Mem:364.09M (Peak 364.09M) | Time:00:00.17 | Mem:0.00M, Peak:0.00M | Scene, ViewLayer | Synchronizing object | common_living_dining_balcony_bookcase_02_endN
Fra:1 Mem:364.11M (Peak 364.11M) | Time:00:00.17 | Mem:0.00M, Peak:0.00M | Scene, ViewLayer | Synchronizing object | common_living_dining_balcony_bookcase_02_div1
Fra:1 Mem:364.11M (Peak 364.11M) | Time:00:00.17 | Mem:0.00M, Peak:0.00M | Scene, ViewLayer | Synchronizing object | common_living_dining_balcony_bookcase_02_door_gapbg
Fra:1 Mem:364.11M (Peak 364.11M) | Time:00:00.17 | Mem:0.00M, Peak:0.00M | Scene, ViewLayer | Synchronizing object | common_living_dining_balcony_bookcase_02_door_f0
Fra:1 Mem:364.11M (Peak 364.11M) | Time:00:00.17 | Mem:0.00M, Peak:0.00M | Scene, ViewLayer | Synchronizing object | common_living_dining_balcony_bookcase_02_shelf0
Fra:1 Mem:364.11M (Peak 364.11M) | Time:00:00.17 | Mem:0.00M, Peak:0.00M | Scene, ViewLayer | Synchronizing object | common_living_dining_balcony_bookcase_02_shelf2
Fra:1 Mem:364.11M (Peak 364.11M) | Time:00:00.17 | Mem:0.00M, Peak:0.00M | Scene, ViewLayer | Synchronizing object | common_living_dining_balcony_bookcase_02_gshelf0
Fra:1 Mem:364.11M (Peak 364.11M) | Time:00:00.17 | Mem:0.00M, Peak:0.00M | Scene, ViewLayer | Synchronizing object | common_living_dining_balcony_bookcase_02_gf_rlB
Fra:1 Mem:364.11M (Peak 364.11M) | Time:00:00.17 | Mem:0.00M, Peak:0.00M | Scene, ViewLayer | Synchronizing object | common_living_dining_balcony_bookcase_02_gf_rlT
Fra:1 Mem:364.11M (Peak 364.11M) | Time:00:00.17 | Mem:0.00M, Peak:0.00M | Scene, ViewLayer | Synchronizing object | common_living_dining_balcony_bookcase_02_gpane
Fra:1 Mem:364.11M (Peak 364.11M) | Time:00:00.17 | Mem:0.00M, Peak:0.00M | Scene, ViewLayer | Synchronizing object | common_living_dining_balcony_laundry_cabinet_01_body
Fra:1 Mem:364.11M (Peak 364.11M) | Time:00:00.17 | Mem:0.00M, Peak:0.00M | Scene, ViewLayer | Synchronizing object | common_living_dining_balcony_laundry_cabinet_01_door_gapbg
Fra:1 Mem:364.11M (Peak 364.11M) | Time:00:00.17 | Mem:0.00M, Peak:0.00M | Scene, ViewLayer | Synchronizing object | common_living_dining_balcony_laundry_cabinet_01_door_f0l
Fra:1 Mem:364.12M (Peak 364.12M) | Time:00:00.17 | Mem:0.00M, Peak:0.00M | Scene, ViewLayer | Synchronizing object | A_living_dining_balcony_lounge_chair_01_leg2
Fra:1 Mem:364.13M (Peak 364.13M) | Time:00:00.17 | Mem:0.00M, Peak:0.00M | Scene, ViewLayer | Synchronizing object | A_living_dining_balcony_lounge_chair_01_leg1
Fra:1 Mem:364.13M (Peak 364.13M) | Time:00:00.17 | Mem:0.00M, Peak:0.00M | Scene, ViewLayer | Synchronizing object | common_living_dining_balcony_laundry_cabinet_01_door_f0t
Fra:1 Mem:364.14M (Peak 364.14M) | Time:00:00.17 | Mem:0.00M, Peak:0.00M | Scene, ViewLayer | Synchronizing object | A_living_dining_balcony_lounge_chair_01_leg0
Fra:1 Mem:364.14M (Peak 364.14M) | Time:00:00.18 | Mem:0.00M, Peak:0.00M | Scene, ViewLayer | Synchronizing object | common_living_dining_balcony_laundry_cabinet_01_door_f0c
Fra:1 Mem:364.15M (Peak 364.15M) | Time:00:00.18 | Mem:0.00M, Peak:0.00M | Scene, ViewLayer | Synchronizing object | common_living_dining_balcony_laundry_cabinet_01_door_p0
Fra:1 Mem:362.85M (Peak 364.15M) | Time:00:00.18 | Mem:0.00M, Peak:0.00M | Scene, ViewLayer | Synchronizing object | common_living_dining_balcony_laundry_cabinet_01_door_f1l
Fra:1 Mem:362.85M (Peak 364.15M) | Time:00:00.18 | Mem:0.00M, Peak:0.00M | Scene, ViewLayer | Synchronizing object | common_living_dining_balcony_laundry_cabinet_01_door_f1r
Fra:1 Mem:362.86M (Peak 364.15M) | Time:00:00.18 | Mem:0.00M, Peak:0.00M | Scene, ViewLayer | Synchronizing object | common_living_dining_balcony_laundry_cabinet_01_door_f1b
Fra:1 Mem:362.87M (Peak 364.15M) | Time:00:00.18 | Mem:0.00M, Peak:0.00M | Scene, ViewLayer | Synchronizing object | common_living_dining_balcony_laundry_cabinet_01_door_f1t
Fra:1 Mem:362.88M (Peak 364.15M) | Time:00:00.18 | Mem:0.00M, Peak:0.00M | Scene, ViewLayer | Synchronizing object | common_living_dining_balcony_laundry_cabinet_01_door_p1
Fra:1 Mem:362.88M (Peak 364.15M) | Time:00:00.18 | Mem:0.00M, Peak:0.00M | Scene, ViewLayer | Synchronizing object | common_master_bedroom_wardrobe_01_door_gapbg
Fra:1 Mem:362.88M (Peak 364.15M) | Time:00:00.18 | Mem:0.00M, Peak:0.00M | Scene, ViewLayer | Synchronizing object | common_master_bedroom_wardrobe_01_door_f0l
Fra:1 Mem:362.88M (Peak 364.15M) | Time:00:00.18 | Mem:0.00M, Peak:0.00M | Scene, ViewLayer | Synchronizing object | common_master_bedroom_wardrobe_01_door_f0r
Fra:1 Mem:362.92M (Peak 364.15M) | Time:00:00.18 | Mem:0.00M, Peak:0.00M | Scene, ViewLayer | Synchronizing object | A_living_dining_balcony_lounge_chair_01_back
Fra:1 Mem:362.94M (Peak 364.15M) | Time:00:00.18 | Mem:0.00M, Peak:0.00M | Scene, ViewLayer | Synchronizing object | common_master_bedroom_wardrobe_01_door_f0t
Fra:1 Mem:362.96M (Peak 364.15M) | Time:00:00.18 | Mem:0.00M, Peak:0.00M | Scene, ViewLayer | Synchronizing object | common_master_bedroom_wardrobe_01_door_p0
Fra:1 Mem:362.97M (Peak 364.15M) | Time:00:00.18 | Mem:0.00M, Peak:0.00M | Scene, ViewLayer | Synchronizing object | common_master_bedroom_wardrobe_01_door_f1r
Fra:1 Mem:362.97M (Peak 364.15M) | Time:00:00.18 | Mem:0.00M, Peak:0.00M | Scene, ViewLayer | Synchronizing object | common_master_bedroom_wardrobe_01_door_f2r
Fra:1 Mem:362.99M (Peak 364.15M) | Time:00:00.18 | Mem:0.00M, Peak:0.00M | Scene, ViewLayer | Synchronizing object | common_master_bedroom_wardrobe_01_door_p2
Fra:1 Mem:362.99M (Peak 364.15M) | Time:00:00.18 | Mem:0.00M, Peak:0.00M | Scene, ViewLayer | Synchronizing object | common_master_bedroom_wardrobe_01_door_f3r
Fra:1 Mem:363.00M (Peak 364.15M) | Time:00:00.18 | Mem:0.00M, Peak:0.00M | Scene, ViewLayer | Synchronizing object | common_master_bedroom_wardrobe_01_door_f3b
Fra:1 Mem:363.02M (Peak 364.15M) | Time:00:00.18 | Mem:0.00M, Peak:0.00M | Scene, ViewLayer | Synchronizing object | A_living_dining_balcony_lounge_chair_01_seat
Fra:1 Mem:363.03M (Peak 364.15M) | Time:00:00.18 | Mem:0.00M, Peak:0.00M | Scene, ViewLayer | Synchronizing object | common_master_bedroom_wardrobe_01_door_f3c
Fra:1 Mem:363.03M (Peak 364.15M) | Time:00:00.18 | Mem:0.00M, Peak:0.00M | Scene, ViewLayer | Synchronizing object | common_master_bedroom_wardrobe_01_door_p3
Fra:1 Mem:370.07M (Peak 370.07M) | Time:00:00.18 | Mem:0.00M, Peak:0.00M | Scene, ViewLayer | Synchronizing object | common_master_bedroom_wardrobe_01_door_f4l
Fra:1 Mem:370.07M (Peak 370.07M) | Time:00:00.18 | Mem:0.00M, Peak:0.00M | Scene, ViewLayer | Synchronizing object | common_master_bedroom_wardrobe_01_door_f4r
Fra:1 Mem:370.08M (Peak 370.08M) | Time:00:00.18 | Mem:0.00M, Peak:0.00M | Scene, ViewLayer | Synchronizing object | common_master_bedroom_wardrobe_01_door_f4b
Fra:1 Mem:372.29M (Peak 372.29M) | Time:00:00.18 | Mem:0.00M, Peak:0.00M | Scene, ViewLayer | Synchronizing object | common_master_bedroom_wardrobe_01_door_f4t
Fra:1 Mem:372.36M (Peak 372.36M) | Time:00:00.18 | Mem:0.00M, Peak:0.00M | Scene, ViewLayer | Synchronizing object | common_master_bedroom_wardrobe_01_door_f4c
Fra:1 Mem:372.37M (Peak 372.37M) | Time:00:00.18 | Mem:0.00M, Peak:0.00M | Scene, ViewLayer | Synchronizing object | common_master_bedroom_wardrobe_01_door_p4
Fra:1 Mem:372.37M (Peak 372.37M) | Time:00:00.18 | Mem:0.00M, Peak:0.00M | Scene, ViewLayer | Synchronizing object | common_master_bedroom_wardrobe_01_door_f5l
Fra:1 Mem:372.38M (Peak 372.38M) | Time:00:00.18 | Mem:0.00M, Peak:0.00M | Scene, ViewLayer | Synchronizing object | common_master_bedroom_wardrobe_01_door_f5r
Fra:1 Mem:372.38M (Peak 372.38M) | Time:00:00.18 | Mem:0.00M, Peak:0.00M | Scene, ViewLayer | Synchronizing object | common_master_bedroom_wardrobe_01_door_f6t
Fra:1 Mem:372.40M (Peak 372.40M) | Time:00:00.18 | Mem:0.00M, Peak:0.00M | Scene, ViewLayer | Synchronizing object | common_master_bedroom_wardrobe_01_door_f6c
Fra:1 Mem:372.41M (Peak 372.41M) | Time:00:00.18 | Mem:0.00M, Peak:0.00M | Scene, ViewLayer | Synchronizing object | common_master_bedroom_wardrobe_01_door_p6
Fra:1 Mem:372.43M (Peak 372.43M) | Time:00:00.18 | Mem:0.00M, Peak:0.00M | Scene, ViewLayer | Synchronizing object | common_master_bedroom_open_niche_01_top
Fra:1 Mem:372.43M (Peak 372.43M) | Time:00:00.18 | Mem:0.00M, Peak:0.00M | Scene, ViewLayer | Synchronizing object | common_master_bedroom_open_niche_01_bottom
Fra:1 Mem:372.43M (Peak 372.43M) | Time:00:00.18 | Mem:0.00M, Peak:0.00M | Scene, ViewLayer | Synchronizing object | common_master_bedroom_open_niche_01_sh0
Fra:1 Mem:372.43M (Peak 372.43M) | Time:00:00.18 | Mem:0.00M, Peak:0.00M | Scene, ViewLayer | Synchronizing object | common_master_bedroom_open_niche_01_sh2
Fra:1 Mem:372.44M (Peak 372.44M) | Time:00:00.18 | Mem:0.00M, Peak:0.00M | Scene, ViewLayer | Synchronizing object | common_master_bath_vanity_01_cab
Fra:1 Mem:372.44M (Peak 372.44M) | Time:00:00.18 | Mem:0.00M, Peak:0.00M | Scene, ViewLayer | Synchronizing object | common_master_bath_vanity_01_drw_gapbg
Fra:1 Mem:372.44M (Peak 372.44M) | Time:00:00.18 | Mem:0.00M, Peak:0.00M | Scene, ViewLayer | Synchronizing object | common_master_bath_vanity_01_drw_f0
Fra:1 Mem:372.45M (Peak 372.45M) | Time:00:00.18 | Mem:0.00M, Peak:0.00M | Scene, ViewLayer | Synchronizing object | common_master_bath_vanity_01_drw_p0
Fra:1 Mem:372.46M (Peak 372.46M) | Time:00:00.18 | Mem:0.00M, Peak:0.00M | Scene, ViewLayer | Synchronizing object | common_master_bath_vanity_01_drw_f1
Fra:1 Mem:372.46M (Peak 372.46M) | Time:00:00.18 | Mem:0.00M, Peak:0.00M | Scene, ViewLayer | Synchronizing object | common_master_bath_vanity_01_top_s2
Fra:1 Mem:372.48M (Peak 372.48M) | Time:00:00.18 | Mem:0.00M, Peak:0.00M | Scene, ViewLayer | Synchronizing object | A_living_dining_balcony_floor_lamp_01_shade
Fra:1 Mem:372.49M (Peak 372.49M) | Time:00:00.18 | Mem:0.00M, Peak:0.00M | Scene, ViewLayer | Synchronizing object | common_master_bath_vanity_01_top_s3
Fra:1 Mem:372.50M (Peak 372.50M) | Time:00:00.18 | Mem:0.00M, Peak:0.00M | Scene, ViewLayer | Synchronizing object | common_master_bath_vanity_01_top_s4
Fra:1 Mem:372.51M (Peak 372.51M) | Time:00:00.18 | Mem:0.00M, Peak:0.00M | Scene, ViewLayer | Synchronizing object | A_living_dining_balcony_floor_lamp_01_base
Fra:1 Mem:372.51M (Peak 372.51M) | Time:00:00.18 | Mem:0.00M, Peak:0.00M | Scene, ViewLayer | Synchronizing object | common_master_bath_vanity_01_bowlE
Fra:1 Mem:372.51M (Peak 372.51M) | Time:00:00.18 | Mem:0.00M, Peak:0.00M | Scene, ViewLayer | Synchronizing object | common_master_bath_vanity_01_bowlN
Fra:1 Mem:372.53M (Peak 372.53M) | Time:00:00.18 | Mem:0.00M, Peak:0.00M | Scene, ViewLayer | Synchronizing object | common_master_bath_vanity_01_bowlB
Fra:1 Mem:372.55M (Peak 372.55M) | Time:00:00.18 | Mem:0.00M, Peak:0.00M | Scene, ViewLayer | Synchronizing object | common_master_bath_vanity_01_fc_base
Fra:1 Mem:372.55M (Peak 372.55M) | Time:00:00.18 | Mem:0.00M, Peak:0.00M | Scene, ViewLayer | Synchronizing object | common_master_bath_vanity_01_fc_spout
Fra:1 Mem:372.56M (Peak 372.56M) | Time:00:00.18 | Mem:0.00M, Peak:0.00M | Scene, ViewLayer | Synchronizing object | common_master_bath_vanity_01_fc_tip
Fra:1 Mem:372.57M (Peak 372.57M) | Time:00:00.18 | Mem:0.00M, Peak:0.00M | Scene, ViewLayer | Synchronizing object | common_master_bath_mirror_cabinet_01_body
Fra:1 Mem:372.57M (Peak 372.57M) | Time:00:00.18 | Mem:0.00M, Peak:0.00M | Scene, ViewLayer | Synchronizing object | common_master_bath_toilet_01_seat
Fra:1 Mem:372.57M (Peak 372.57M) | Time:00:00.18 | Mem:0.00M, Peak:0.00M | Scene, ViewLayer | Synchronizing object | common_master_bath_toilet_01_tank
Fra:1 Mem:372.57M (Peak 372.57M) | Time:00:00.18 | Mem:0.00M, Peak:0.00M | Scene, ViewLayer | Synchronizing object | common_master_bath_glass_partition_01_fr0
Fra:1 Mem:372.59M (Peak 372.59M) | Time:00:00.18 | Mem:0.00M, Peak:0.00M | Scene, ViewLayer | Synchronizing object | common_master_bath_glass_partition_01_fr2
Fra:1 Mem:372.59M (Peak 372.59M) | Time:00:00.18 | Mem:0.00M, Peak:0.00M | Scene, ViewLayer | Synchronizing object | common_master_bath_glass_partition_01_fr4
Fra:1 Mem:372.60M (Peak 372.60M) | Time:00:00.18 | Mem:0.00M, Peak:0.00M | Scene, ViewLayer | Synchronizing object | A_living_dining_balcony_tv_01_screen
Fra:1 Mem:372.60M (Peak 372.60M) | Time:00:00.18 | Mem:0.00M, Peak:0.00M | Scene, ViewLayer | Synchronizing object | common_master_bath_shower_floor_01_drain
Fra:1 Mem:372.61M (Peak 372.61M) | Time:00:00.18 | Mem:0.00M, Peak:0.00M | Scene, ViewLayer | Synchronizing object | A_living_dining_balcony_rug_01_border3
Fra:1 Mem:372.61M (Peak 372.61M) | Time:00:00.18 | Mem:0.00M, Peak:0.00M | Scene, ViewLayer | Synchronizing object | A_living_dining_balcony_rug_01_border2
Fra:1 Mem:372.61M (Peak 372.61M) | Time:00:00.18 | Mem:0.00M, Peak:0.00M | Scene, ViewLayer | Synchronizing object | common_corridor_vanity_01_drw_gapbg
Fra:1 Mem:372.61M (Peak 372.61M) | Time:00:00.18 | Mem:0.00M, Peak:0.00M | Scene, ViewLayer | Synchronizing object | common_corridor_vanity_01_drw_f0
Fra:1 Mem:372.62M (Peak 372.62M) | Time:00:00.18 | Mem:0.00M, Peak:0.00M | Scene, ViewLayer | Synchronizing object | common_corridor_vanity_01_drw_p0
Fra:1 Mem:372.62M (Peak 372.62M) | Time:00:00.18 | Mem:0.00M, Peak:0.00M | Scene, ViewLayer | Synchronizing object | common_corridor_vanity_01_drw_f1
Fra:1 Mem:372.63M (Peak 372.63M) | Time:00:00.18 | Mem:0.00M, Peak:0.00M | Scene, ViewLayer | Synchronizing object | common_corridor_vanity_01_drw_p1
Fra:1 Mem:372.64M (Peak 372.64M) | Time:00:00.18 | Mem:0.00M, Peak:0.00M | Scene, ViewLayer | Synchronizing object | common_corridor_vanity_01_drw_f2
Fra:1 Mem:372.64M (Peak 372.64M) | Time:00:00.18 | Mem:0.00M, Peak:0.00M | Scene, ViewLayer | Synchronizing object | common_corridor_vanity_01_drw_p2
Fra:1 Mem:372.65M (Peak 372.65M) | Time:00:00.18 | Mem:0.00M, Peak:0.00M | Scene, ViewLayer | Synchronizing object | common_corridor_vanity_01_top_s1
Fra:1 Mem:372.67M (Peak 372.67M) | Time:00:00.18 | Mem:0.00M, Peak:0.00M | Scene, ViewLayer | Synchronizing object | common_corridor_vanity_01_top_s2
Fra:1 Mem:372.67M (Peak 372.67M) | Time:00:00.18 | Mem:0.00M, Peak:0.00M | Scene, ViewLayer | Synchronizing object | common_corridor_vanity_01_top_s3
Fra:1 Mem:372.67M (Peak 372.67M) | Time:00:00.18 | Mem:0.00M, Peak:0.00M | Scene, ViewLayer | Synchronizing object | common_corridor_vanity_01_top_s5
Fra:1 Mem:372.68M (Peak 372.68M) | Time:00:00.18 | Mem:0.00M, Peak:0.00M | Scene, ViewLayer | Synchronizing object | common_corridor_vanity_01_bowlE
Fra:1 Mem:372.69M (Peak 372.69M) | Time:00:00.18 | Mem:0.00M, Peak:0.00M | Scene, ViewLayer | Synchronizing object | common_corridor_vanity_01_bowlN
Fra:1 Mem:372.70M (Peak 372.70M) | Time:00:00.18 | Mem:0.00M, Peak:0.00M | Scene, ViewLayer | Synchronizing object | common_corridor_vanity_01_bowlB
Fra:1 Mem:372.70M (Peak 372.70M) | Time:00:00.18 | Mem:0.00M, Peak:0.00M | Scene, ViewLayer | Synchronizing object | common_corridor_vanity_01_fc353_base
Fra:1 Mem:372.70M (Peak 372.70M) | Time:00:00.18 | Mem:0.00M, Peak:0.00M | Scene, ViewLayer | Synchronizing object | A_living_dining_balcony_rug_01_border1
Fra:1 Mem:372.71M (Peak 372.71M) | Time:00:00.18 | Mem:0.00M, Peak:0.00M | Scene, ViewLayer | Synchronizing object | common_corridor_vanity_01_fc353_spout
Fra:1 Mem:372.71M (Peak 372.71M) | Time:00:00.18 | Mem:0.00M, Peak:0.00M | Scene, ViewLayer | Synchronizing object | common_corridor_vanity_01_fc353_tip
Fra:1 Mem:372.72M (Peak 372.72M) | Time:00:00.18 | Mem:0.00M, Peak:0.00M | Scene, ViewLayer | Synchronizing object | common_corridor_vanity_01_bowlW.001
Fra:1 Mem:372.72M (Peak 372.72M) | Time:00:00.18 | Mem:0.00M, Peak:0.00M | Scene, ViewLayer | Synchronizing object | common_corridor_vanity_01_bowlN.001
Fra:1 Mem:372.73M (Peak 372.73M) | Time:00:00.18 | Mem:0.00M, Peak:0.00M | Scene, ViewLayer | Synchronizing object | common_corridor_vanity_01_bowlS.001
Fra:1 Mem:372.73M (Peak 372.73M) | Time:00:00.18 | Mem:0.00M, Peak:0.00M | Scene, ViewLayer | Synchronizing object | common_corridor_vanity_01_bowlB.001
Fra:1 Mem:372.74M (Peak 372.74M) | Time:00:00.18 | Mem:0.00M, Peak:0.00M | Scene, ViewLayer | Synchronizing object | common_corridor_vanity_01_fc281_base
Fra:1 Mem:372.75M (Peak 372.75M) | Time:00:00.18 | Mem:0.00M, Peak:0.00M | Scene, ViewLayer | Synchronizing object | common_corridor_vanity_01_fc281_riser
Fra:1 Mem:372.75M (Peak 372.75M) | Time:00:00.18 | Mem:0.00M, Peak:0.00M | Scene, ViewLayer | Synchronizing object | common_corridor_vanity_01_fc281_tip
Fra:1 Mem:372.76M (Peak 372.76M) | Time:00:00.18 | Mem:0.00M, Peak:0.00M | Scene, ViewLayer | Synchronizing object | common_corridor_mirror_cabinet_01_mir_f0
Fra:1 Mem:372.77M (Peak 372.77M) | Time:00:00.18 | Mem:0.00M, Peak:0.00M | Scene, ViewLayer | Synchronizing object | common_corridor_mirror_cabinet_01_mir_f1
Fra:1 Mem:372.78M (Peak 372.78M) | Time:00:00.18 | Mem:0.00M, Peak:0.00M | Scene, ViewLayer | Synchronizing object | common_public_bath_wet_shower_floor_01_pan
Fra:1 Mem:372.79M (Peak 372.79M) | Time:00:00.18 | Mem:0.00M, Peak:0.00M | Scene, ViewLayer | Synchronizing object | common_public_bath_wet_shower_floor_01_drain
Fra:1 Mem:372.79M (Peak 372.79M) | Time:00:00.18 | Mem:0.00M, Peak:0.00M | Scene, ViewLayer | Synchronizing object | common_public_bath_wet_glass_partition_01_fr1
Fra:1 Mem:372.79M (Peak 372.79M) | Time:00:00.18 | Mem:0.00M, Peak:0.00M | Scene, ViewLayer | Synchronizing object | common_public_bath_wet_glass_partition_01_fr2
Fra:1 Mem:372.79M (Peak 372.79M) | Time:00:00.18 | Mem:0.00M, Peak:0.00M | Scene, ViewLayer | Synchronizing object | common_public_bath_wet_glass_partition_01_fr3
Fra:1 Mem:372.79M (Peak 372.79M) | Time:00:00.18 | Mem:0.00M, Peak:0.00M | Scene, ViewLayer | Synchronizing object | A_living_dining_balcony_rug_01_border0
Fra:1 Mem:372.79M (Peak 372.79M) | Time:00:00.18 | Mem:0.00M, Peak:0.00M | Scene, ViewLayer | Synchronizing object | common_public_bath_wet_glass_partition_01_fr4
Fra:1 Mem:372.79M (Peak 372.79M) | Time:00:00.18 | Mem:0.00M, Peak:0.00M | Scene, ViewLayer | Synchronizing object | common_public_bath_wet_toilet_01_base
Fra:1 Mem:372.81M (Peak 372.81M) | Time:00:00.18 | Mem:0.00M, Peak:0.00M | Scene, ViewLayer | Synchronizing object | common_public_bath_wet_toilet_01_seat
Fra:1 Mem:372.82M (Peak 372.82M) | Time:00:00.18 | Mem:0.00M, Peak:0.00M | Scene, ViewLayer | Synchronizing object | common_parents_room_wardrobe_01_body
Fra:1 Mem:372.83M (Peak 372.83M) | Time:00:00.18 | Mem:0.00M, Peak:0.00M | Scene, ViewLayer | Synchronizing object | common_parents_room_wardrobe_01_slA_f0
Fra:1 Mem:372.84M (Peak 372.84M) | Time:00:00.18 | Mem:0.00M, Peak:0.00M | Scene, ViewLayer | Synchronizing object | common_parents_room_wardrobe_01_slA_f2
Fra:1 Mem:372.84M (Peak 372.84M) | Time:00:00.18 | Mem:0.00M, Peak:0.00M | Scene, ViewLayer | Synchronizing object | common_parents_room_wardrobe_01_slB_f0
Fra:1 Mem:372.85M (Peak 372.85M) | Time:00:00.18 | Mem:0.00M, Peak:0.00M | Scene, ViewLayer | Synchronizing object | common_parents_room_wardrobe_01_slB_f1
Fra:1 Mem:372.85M (Peak 372.85M) | Time:00:00.18 | Mem:0.00M, Peak:0.00M | Scene, ViewLayer | Synchronizing object | common_master_bedroom_screen_01_slat00
Fra:1 Mem:372.87M (Peak 372.87M) | Time:00:00.18 | Mem:0.00M, Peak:0.00M | Scene, ViewLayer | Synchronizing object | common_master_bedroom_screen_01_slat01
Fra:1 Mem:372.87M (Peak 372.87M) | Time:00:00.18 | Mem:0.00M, Peak:0.00M | Scene, ViewLayer | Synchronizing object | common_master_bedroom_screen_01_slat02
Fra:1 Mem:372.89M (Peak 372.89M) | Time:00:00.18 | Mem:0.00M, Peak:0.00M | Scene, ViewLayer | Synchronizing object | common_master_bedroom_screen_01_slat03
Fra:1 Mem:372.89M (Peak 372.89M) | Time:00:00.18 | Mem:0.00M, Peak:0.00M | Scene, ViewLayer | Synchronizing object | common_master_bedroom_screen_01_slat04
Fra:1 Mem:372.91M (Peak 372.91M) | Time:00:00.18 | Mem:0.00M, Peak:0.00M | Scene, ViewLayer | Synchronizing object | common_master_bedroom_screen_01_slat05
Fra:1 Mem:372.92M (Peak 372.92M) | Time:00:00.18 | Mem:0.00M, Peak:0.00M | Scene, ViewLayer | Synchronizing object | common_master_bedroom_screen_01_slat06
Fra:1 Mem:372.92M (Peak 372.92M) | Time:00:00.18 | Mem:0.00M, Peak:0.00M | Scene, ViewLayer | Synchronizing object | common_master_bedroom_screen_01_slat08
Fra:1 Mem:372.92M (Peak 372.92M) | Time:00:00.18 | Mem:0.00M, Peak:0.00M | Scene, ViewLayer | Synchronizing object | A_living_dining_balcony_rug_01_pile
Fra:1 Mem:372.93M (Peak 372.93M) | Time:00:00.18 | Mem:0.00M, Peak:0.00M | Scene, ViewLayer | Synchronizing object | common_master_bedroom_screen_01_slat10
Fra:1 Mem:372.95M (Peak 372.95M) | Time:00:00.18 | Mem:0.00M, Peak:0.00M | Scene, ViewLayer | Synchronizing object | common_master_bedroom_screen_01_slat11
Fra:1 Mem:372.96M (Peak 372.96M) | Time:00:00.18 | Mem:0.00M, Peak:0.00M | Scene, ViewLayer | Synchronizing object | common_master_bedroom_screen_01_slat13
Fra:1 Mem:372.97M (Peak 372.97M) | Time:00:00.18 | Mem:0.00M, Peak:0.00M | Scene, ViewLayer | Synchronizing object | common_master_bedroom_screen_01_slat16
Fra:1 Mem:372.99M (Peak 372.99M) | Time:00:00.19 | Mem:0.00M, Peak:0.00M | Scene, ViewLayer | Synchronizing object | common_master_bedroom_screen_01_slat17
Fra:1 Mem:373.00M (Peak 373.00M) | Time:00:00.19 | Mem:0.00M, Peak:0.00M | Scene, ViewLayer | Synchronizing object | common_master_bedroom_screen_01_slat18
Fra:1 Mem:373.00M (Peak 373.00M) | Time:00:00.19 | Mem:0.00M, Peak:0.00M | Scene, ViewLayer | Synchronizing object | common_master_bedroom_screen_01_cap
Fra:1 Mem:373.00M (Peak 373.00M) | Time:00:00.19 | Mem:0.00M, Peak:0.00M | Scene, ViewLayer | Synchronizing object | mb_shower_rail
Fra:1 Mem:373.01M (Peak 373.01M) | Time:00:00.19 | Mem:0.00M, Peak:0.00M | Scene, ViewLayer | Synchronizing object | mb_shower_hand
Fra:1 Mem:373.01M (Peak 373.01M) | Time:00:00.19 | Mem:0.00M, Peak:0.00M | Scene, ViewLayer | Synchronizing object | mb_shower_arm
Fra:1 Mem:373.01M (Peak 373.01M) | Time:00:00.19 | Mem:0.00M, Peak:0.00M | Scene, ViewLayer | Synchronizing object | mb_shower_rain
Fra:1 Mem:373.01M (Peak 373.01M) | Time:00:00.19 | Mem:0.00M, Peak:0.00M | Scene, ViewLayer | Synchronizing object | fx_mb_niche_side0
Fra:1 Mem:373.02M (Peak 373.02M) | Time:00:00.19 | Mem:0.00M, Peak:0.00M | Scene, ViewLayer | Synchronizing object | fx_mb_niche_side1
Fra:1 Mem:373.03M (Peak 373.03M) | Time:00:00.19 | Mem:0.00M, Peak:0.00M | Scene, ViewLayer | Synchronizing object | fx_mb_niche_top
Fra:1 Mem:373.03M (Peak 373.03M) | Time:00:00.19 | Mem:0.00M, Peak:0.00M | Scene, ViewLayer | Synchronizing object | fx_mb_paper_plate
Fra:1 Mem:373.03M (Peak 373.03M) | Time:00:00.19 | Mem:0.00M, Peak:0.00M | Scene, ViewLayer | Synchronizing object | pb_shower_mixer
Fra:1 Mem:373.04M (Peak 373.04M) | Time:00:00.19 | Mem:0.00M, Peak:0.00M | Scene, ViewLayer | Synchronizing object | pb_shower_rail
Fra:1 Mem:373.04M (Peak 373.04M) | Time:00:00.19 | Mem:0.00M, Peak:0.00M | Scene, ViewLayer | Synchronizing object | pb_shower_arm
Fra:1 Mem:373.04M (Peak 373.04M) | Time:00:00.19 | Mem:0.00M, Peak:0.00M | Scene, ViewLayer | Synchronizing object | pb_shower_rain
Fra:1 Mem:373.05M (Peak 373.05M) | Time:00:00.19 | Mem:0.00M, Peak:0.00M | Scene, ViewLayer | Synchronizing object | fx_pb_niche_back
Fra:1 Mem:373.05M (Peak 373.05M) | Time:00:00.19 | Mem:0.00M, Peak:0.00M | Scene, ViewLayer | Synchronizing object | fx_pb_niche_side0
Fra:1 Mem:373.05M (Peak 373.05M) | Time:00:00.19 | Mem:0.00M, Peak:0.00M | Scene, ViewLayer | Synchronizing object | fx_pb_niche_side1
Fra:1 Mem:373.05M (Peak 373.05M) | Time:00:00.19 | Mem:0.00M, Peak:0.00M | Scene, ViewLayer | Synchronizing object | fx_pb_niche_btm
Fra:1 Mem:373.05M (Peak 373.05M) | Time:00:00.19 | Mem:0.00M, Peak:0.00M | Scene, ViewLayer | Synchronizing object | fx_pb_niche_top
Fra:1 Mem:373.06M (Peak 373.06M) | Time:00:00.19 | Mem:0.00M, Peak:0.00M | Scene, ViewLayer | Synchronizing object | fx_stool_top
Fra:1 Mem:373.06M (Peak 373.06M) | Time:00:00.19 | Mem:0.00M, Peak:0.00M | Scene, ViewLayer | Synchronizing object | fx_stool_leg0
Fra:1 Mem:373.07M (Peak 373.07M) | Time:00:00.19 | Mem:0.00M, Peak:0.00M | Scene, ViewLayer | Synchronizing object | fx_stool_leg1
Fra:1 Mem:373.06M (Peak 373.07M) | Time:00:00.19 | Mem:0.00M, Peak:0.00M | Scene, ViewLayer | Synchronizing object | fx_stool_leg3
Fra:1 Mem:373.07M (Peak 373.07M) | Time:00:00.19 | Mem:0.00M, Peak:0.00M | Scene, ViewLayer | Synchronizing object | common_foyer_stool_01_pad
Fra:1 Mem:373.07M (Peak 373.07M) | Time:00:00.19 | Mem:0.00M, Peak:0.00M | Scene, ViewLayer | Synchronizing object | common_foyer_stool_01_leg0
Fra:1 Mem:373.08M (Peak 373.08M) | Time:00:00.19 | Mem:0.00M, Peak:0.00M | Scene, ViewLayer | Synchronizing object | common_foyer_stool_01_leg1
Fra:1 Mem:373.08M (Peak 373.08M) | Time:00:00.19 | Mem:0.00M, Peak:0.00M | Scene, ViewLayer | Synchronizing object | common_foyer_stool_01_leg3
Fra:1 Mem:373.08M (Peak 373.08M) | Time:00:00.19 | Mem:0.00M, Peak:0.00M | Scene, ViewLayer | Synchronizing object | common_living_dining_balcony_plant_01_leaf0
Fra:1 Mem:373.09M (Peak 373.09M) | Time:00:00.19 | Mem:0.00M, Peak:0.00M | Scene, ViewLayer | Synchronizing object | common_living_dining_balcony_plant_01_leaf1
Fra:1 Mem:373.10M (Peak 373.10M) | Time:00:00.19 | Mem:0.00M, Peak:0.00M | Scene, ViewLayer | Synchronizing object | common_living_dining_balcony_plant_01_leaf2
Fra:1 Mem:373.11M (Peak 373.11M) | Time:00:00.19 | Mem:0.00M, Peak:0.00M | Scene, ViewLayer | Synchronizing object | common_living_dining_balcony_plant_01_leaf3
Fra:1 Mem:373.12M (Peak 373.12M) | Time:00:00.19 | Mem:0.00M, Peak:0.00M | Scene, ViewLayer | Synchronizing object | common_living_dining_balcony_plant_01_leaf4
Fra:1 Mem:373.12M (Peak 373.12M) | Time:00:00.19 | Mem:0.00M, Peak:0.00M | Scene, ViewLayer | Synchronizing object | common_living_dining_balcony_plant_01_leaf5
Fra:1 Mem:373.13M (Peak 373.13M) | Time:00:00.19 | Mem:0.00M, Peak:0.00M | Scene, ViewLayer | Synchronizing object | A_living_dining_balcony_coffee_table_01_leg1
Fra:1 Mem:373.13M (Peak 373.13M) | Time:00:00.19 | Mem:0.00M, Peak:0.00M | Scene, ViewLayer | Synchronizing object | A_living_dining_balcony_coffee_table_01_leg0
Fra:1 Mem:373.13M (Peak 373.13M) | Time:00:00.19 | Mem:0.00M, Peak:0.00M | Scene, ViewLayer | Synchronizing object | common_living_dining_balcony_plant_01_leaf6
Fra:1 Mem:373.13M (Peak 373.13M) | Time:00:00.19 | Mem:0.00M, Peak:0.00M | Scene, ViewLayer | Synchronizing object | A_living_dining_balcony_coffee_table_01_top
Fra:1 Mem:373.13M (Peak 373.13M) | Time:00:00.19 | Mem:0.00M, Peak:0.00M | Scene, ViewLayer | Synchronizing object | common_living_dining_balcony_plant_01_leaf7
Fra:1 Mem:373.14M (Peak 373.14M) | Time:00:00.19 | Mem:0.00M, Peak:0.00M | Scene, ViewLayer | Synchronizing object | common_living_dining_balcony_planter_01_pot
Fra:1 Mem:373.14M (Peak 373.14M) | Time:00:00.19 | Mem:0.00M, Peak:0.00M | Scene, ViewLayer | Synchronizing object | common_living_dining_balcony_stool_01_top
Fra:1 Mem:373.14M (Peak 373.14M) | Time:00:00.19 | Mem:0.00M, Peak:0.00M | Scene, ViewLayer | Synchronizing object | common_living_dining_balcony_artwork_01_lamp
Fra:1 Mem:373.15M (Peak 373.15M) | Time:00:00.19 | Mem:0.00M, Peak:0.00M | Scene, ViewLayer | Synchronizing object | common_master_bedroom_dressing_table_01_top
Fra:1 Mem:373.15M (Peak 373.15M) | Time:00:00.19 | Mem:0.00M, Peak:0.00M | Scene, ViewLayer | Synchronizing object | common_master_bedroom_dressing_table_01_drw
Fra:1 Mem:373.15M (Peak 373.15M) | Time:00:00.19 | Mem:0.00M, Peak:0.00M | Scene, ViewLayer | Synchronizing object | common_master_bedroom_dressing_table_01drw_drw_p0
Fra:1 Mem:373.15M (Peak 373.15M) | Time:00:00.19 | Mem:0.00M, Peak:0.00M | Scene, ViewLayer | Synchronizing object | common_master_bedroom_dressing_table_01_upper
Fra:1 Mem:373.15M (Peak 373.15M) | Time:00:00.19 | Mem:0.00M, Peak:0.00M | Scene, ViewLayer | Synchronizing object | common_master_bedroom_dressing_table_01_door_f0l
Fra:1 Mem:373.16M (Peak 373.16M) | Time:00:00.19 | Mem:0.00M, Peak:0.00M | Scene, ViewLayer | Synchronizing object | common_master_bedroom_dressing_table_01_door_f0r
Fra:1 Mem:373.16M (Peak 373.16M) | Time:00:00.19 | Mem:0.00M, Peak:0.00M | Scene, ViewLayer | Synchronizing object | common_master_bedroom_dressing_table_01_door_f0t
Fra:1 Mem:373.17M (Peak 373.17M) | Time:00:00.19 | Mem:0.00M, Peak:0.00M | Scene, ViewLayer | Synchronizing object | common_master_bedroom_dressing_table_01_door_f0c
Fra:1 Mem:373.21M (Peak 373.21M) | Time:00:00.19 | Mem:0.00M, Peak:0.00M | Scene, ViewLayer | Synchronizing object | common_master_bedroom_dressing_table_01_door_p0
Fra:1 Mem:373.22M (Peak 373.22M) | Time:00:00.19 | Mem:0.00M, Peak:0.00M | Scene, ViewLayer | Synchronizing object | common_master_bedroom_dressing_table_01_door_f1l
Fra:1 Mem:373.22M (Peak 373.22M) | Time:00:00.19 | Mem:0.00M, Peak:0.00M | Scene, ViewLayer | Synchronizing object | common_master_bedroom_dressing_table_01_door_f1b
Fra:1 Mem:373.23M (Peak 373.23M) | Time:00:00.19 | Mem:0.00M, Peak:0.00M | Scene, ViewLayer | Synchronizing object | common_master_bedroom_dressing_table_01_door_f1t
Fra:1 Mem:373.24M (Peak 373.24M) | Time:00:00.19 | Mem:0.00M, Peak:0.00M | Scene, ViewLayer | Synchronizing object | common_master_bedroom_dressing_table_01_door_f1c
Fra:1 Mem:373.24M (Peak 373.24M) | Time:00:00.19 | Mem:0.00M, Peak:0.00M | Scene, ViewLayer | Synchronizing object | common_master_bedroom_dressing_table_01_door_f2r
Fra:1 Mem:373.26M (Peak 373.26M) | Time:00:00.19 | Mem:0.00M, Peak:0.00M | Scene, ViewLayer | Synchronizing object | common_master_bedroom_dressing_table_01_door_f2t
Fra:1 Mem:373.27M (Peak 373.27M) | Time:00:00.19 | Mem:0.00M, Peak:0.00M | Scene, ViewLayer | Synchronizing object | common_master_bedroom_dressing_table_01_door_f2c
Fra:1 Mem:373.28M (Peak 373.28M) | Time:00:00.19 | Mem:0.00M, Peak:0.00M | Scene, ViewLayer | Synchronizing object | common_master_bedroom_dressing_table_01_door_p2
Fra:1 Mem:373.28M (Peak 373.28M) | Time:00:00.19 | Mem:0.00M, Peak:0.00M | Scene, ViewLayer | Synchronizing object | common_master_bedroom_stool_01_pad
Fra:1 Mem:373.28M (Peak 373.28M) | Time:00:00.19 | Mem:0.00M, Peak:0.00M | Scene, ViewLayer | Synchronizing object | common_master_bedroom_stool_01_leg0
Fra:1 Mem:373.29M (Peak 373.29M) | Time:00:00.19 | Mem:0.00M, Peak:0.00M | Scene, ViewLayer | Synchronizing object | common_master_bedroom_stool_01_leg1
Fra:1 Mem:373.30M (Peak 373.30M) | Time:00:00.19 | Mem:0.00M, Peak:0.00M | Scene, ViewLayer | Synchronizing object | common_master_bedroom_stool_01_leg2
Fra:1 Mem:373.30M (Peak 373.30M) | Time:00:00.19 | Mem:0.00M, Peak:0.00M | Scene, ViewLayer | Synchronizing object | common_master_bedroom_bed_01_mattress
Fra:1 Mem:373.31M (Peak 373.31M) | Time:00:00.19 | Mem:0.00M, Peak:0.00M | Scene, ViewLayer | Synchronizing object | common_master_bedroom_bed_01_duvet
Fra:1 Mem:373.32M (Peak 373.32M) | Time:00:00.19 | Mem:0.00M, Peak:0.00M | Scene, ViewLayer | Synchronizing object | common_master_bedroom_bed_01_duvetdrop
Fra:1 Mem:373.33M (Peak 373.33M) | Time:00:00.19 | Mem:0.00M, Peak:0.00M | Scene, ViewLayer | Synchronizing object | common_master_bedroom_bed_01_duvetdrop2
Fra:1 Mem:373.34M (Peak 373.34M) | Time:00:00.19 | Mem:0.00M, Peak:0.00M | Scene, ViewLayer | Synchronizing object | common_master_bedroom_bed_01_pillow1
Fra:1 Mem:373.34M (Peak 373.34M) | Time:00:00.19 | Mem:0.00M, Peak:0.00M | Scene, ViewLayer | Synchronizing object | common_master_bedroom_bed_01_throw
Fra:1 Mem:373.35M (Peak 373.35M) | Time:00:00.19 | Mem:0.00M, Peak:0.00M | Scene, ViewLayer | Synchronizing object | common_master_bedroom_headboard_01_pad
Fra:1 Mem:373.37M (Peak 373.37M) | Time:00:00.19 | Mem:0.00M, Peak:0.00M | Scene, ViewLayer | Synchronizing object | common_master_bedroom_nightstand_01_body
Fra:1 Mem:373.37M (Peak 373.37M) | Time:00:00.19 | Mem:0.00M, Peak:0.00M | Scene, ViewLayer | Synchronizing object | common_master_bedroom_nightstand_01_drw_f0
Fra:1 Mem:373.38M (Peak 373.38M) | Time:00:00.19 | Mem:0.00M, Peak:0.00M | Scene, ViewLayer | Synchronizing object | common_master_bedroom_nightstand_01_leg0
Fra:1 Mem:373.38M (Peak 373.38M) | Time:00:00.19 | Mem:0.00M, Peak:0.00M | Scene, ViewLayer | Synchronizing object | common_master_bedroom_nightstand_01_leg1
Fra:1 Mem:373.38M (Peak 373.38M) | Time:00:00.19 | Mem:0.00M, Peak:0.00M | Scene, ViewLayer | Synchronizing object | common_master_bedroom_nightstand_01_leg2
Fra:1 Mem:375.42M (Peak 375.42M) | Time:00:00.19 | Mem:0.00M, Peak:0.00M | Scene, ViewLayer | Synchronizing object | common_master_bedroom_nightstand_01_leg3
Fra:1 Mem:375.42M (Peak 375.42M) | Time:00:00.19 | Mem:0.00M, Peak:0.00M | Scene, ViewLayer | Synchronizing object | common_master_bedroom_nightstand_02_body
Fra:1 Mem:375.42M (Peak 375.42M) | Time:00:00.19 | Mem:0.00M, Peak:0.00M | Scene, ViewLayer | Synchronizing object | common_master_bedroom_nightstand_02_drw_gapbg
Fra:1 Mem:375.42M (Peak 375.42M) | Time:00:00.19 | Mem:0.00M, Peak:0.00M | Scene, ViewLayer | Synchronizing object | common_master_bedroom_nightstand_02_drw_f0
Fra:1 Mem:375.43M (Peak 375.43M) | Time:00:00.19 | Mem:0.00M, Peak:0.00M | Scene, ViewLayer | Synchronizing object | common_master_bedroom_nightstand_02_drw_p0
Fra:1 Mem:375.43M (Peak 375.43M) | Time:00:00.19 | Mem:0.00M, Peak:0.00M | Scene, ViewLayer | Synchronizing object | common_master_bedroom_nightstand_02_leg0
Fra:1 Mem:375.44M (Peak 375.44M) | Time:00:00.19 | Mem:0.00M, Peak:0.00M | Scene, ViewLayer | Synchronizing object | common_master_bedroom_nightstand_02_leg1
Fra:1 Mem:375.44M (Peak 375.44M) | Time:00:00.19 | Mem:0.00M, Peak:0.00M | Scene, ViewLayer | Synchronizing object | common_master_bedroom_nightstand_02_leg2
Fra:1 Mem:375.45M (Peak 375.45M) | Time:00:00.19 | Mem:0.00M, Peak:0.00M | Scene, ViewLayer | Synchronizing object | common_master_bedroom_nightstand_02_leg3
Fra:1 Mem:375.45M (Peak 375.45M) | Time:00:00.19 | Mem:0.00M, Peak:0.00M | Scene, ViewLayer | Synchronizing object | common_master_bedroom_desk_01_top
Fra:1 Mem:375.46M (Peak 375.46M) | Time:00:00.19 | Mem:0.00M, Peak:0.00M | Scene, ViewLayer | Synchronizing object | common_master_bedroom_desk_01_leg0
Fra:1 Mem:375.46M (Peak 375.46M) | Time:00:00.19 | Mem:0.00M, Peak:0.00M | Scene, ViewLayer | Synchronizing object | common_master_bedroom_desk_01_leg1
Fra:1 Mem:375.47M (Peak 375.47M) | Time:00:00.19 | Mem:0.00M, Peak:0.00M | Scene, ViewLayer | Synchronizing object | common_master_bedroom_desk_01_leg2
Fra:1 Mem:375.47M (Peak 375.47M) | Time:00:00.19 | Mem:0.00M, Peak:0.00M | Scene, ViewLayer | Synchronizing object | common_master_bedroom_desk_01_monitor
Fra:1 Mem:375.47M (Peak 375.47M) | Time:00:00.19 | Mem:0.00M, Peak:0.00M | Scene, ViewLayer | Synchronizing object | common_master_bedroom_desk_01_monstand
Fra:1 Mem:375.48M (Peak 375.48M) | Time:00:00.19 | Mem:0.00M, Peak:0.00M | Scene, ViewLayer | Synchronizing object | common_master_bedroom_chair_01_back
Fra:1 Mem:375.48M (Peak 375.48M) | Time:00:00.19 | Mem:0.00M, Peak:0.00M | Scene, ViewLayer | Synchronizing object | common_master_bedroom_chair_01_post
Fra:1 Mem:375.50M (Peak 375.50M) | Time:00:00.19 | Mem:0.00M, Peak:0.00M | Scene, ViewLayer | Synchronizing object | common_master_bedroom_chair_01_base
Fra:1 Mem:375.51M (Peak 375.51M) | Time:00:00.19 | Mem:0.00M, Peak:0.00M | Scene, ViewLayer | Synchronizing object | common_terrace_coffee_table_01_top
Fra:1 Mem:377.07M (Peak 377.07M) | Time:00:00.19 | Mem:0.00M, Peak:0.00M | Scene, ViewLayer | Synchronizing object | common_terrace_coffee_table_01_leg1
Fra:1 Mem:377.07M (Peak 377.07M) | Time:00:00.19 | Mem:0.00M, Peak:0.00M | Scene, ViewLayer | Synchronizing object | common_terrace_coffee_table_01_leg2
Fra:1 Mem:377.07M (Peak 377.07M) | Time:00:00.19 | Mem:0.00M, Peak:0.00M | Scene, ViewLayer | Synchronizing object | common_terrace_lounge_chair_01_seat
Fra:1 Mem:377.09M (Peak 377.09M) | Time:00:00.19 | Mem:0.00M, Peak:0.00M | Scene, ViewLayer | Synchronizing object | common_terrace_lounge_chair_01_cushion
Fra:1 Mem:377.10M (Peak 377.10M) | Time:00:00.19 | Mem:0.00M, Peak:0.00M | Scene, ViewLayer | Synchronizing object | common_terrace_lounge_chair_01_back0
Fra:1 Mem:377.10M (Peak 377.10M) | Time:00:00.19 | Mem:0.00M, Peak:0.00M | Scene, ViewLayer | Synchronizing object | common_terrace_lounge_chair_01_arm-1
Fra:1 Mem:377.12M (Peak 377.12M) | Time:00:00.19 | Mem:0.00M, Peak:0.00M | Scene, ViewLayer | Synchronizing object | common_terrace_lounge_chair_01_leg0
Fra:1 Mem:377.12M (Peak 377.12M) | Time:00:00.19 | Mem:0.00M, Peak:0.00M | Scene, ViewLayer | Synchronizing object | common_terrace_lounge_chair_01_leg3
Fra:1 Mem:377.12M (Peak 377.12M) | Time:00:00.19 | Mem:0.00M, Peak:0.00M | Scene, ViewLayer | Synchronizing object | common_terrace_lounge_chair_02_seat
Fra:1 Mem:377.12M (Peak 377.12M) | Time:00:00.19 | Mem:0.00M, Peak:0.00M | Scene, ViewLayer | Synchronizing object | common_terrace_lounge_chair_02_cushion
Fra:1 Mem:377.12M (Peak 377.12M) | Time:00:00.19 | Mem:0.00M, Peak:0.00M | Scene, ViewLayer | Synchronizing object | A_living_dining_balcony_ottoman_01_pad
Fra:1 Mem:377.13M (Peak 377.13M) | Time:00:00.19 | Mem:0.00M, Peak:0.00M | Scene, ViewLayer | Synchronizing object | common_terrace_lounge_chair_02_back0
Fra:1 Mem:377.13M (Peak 377.13M) | Time:00:00.19 | Mem:0.00M, Peak:0.00M | Scene, ViewLayer | Synchronizing object | common_terrace_lounge_chair_02_back2
Fra:1 Mem:377.13M (Peak 377.13M) | Time:00:00.19 | Mem:0.00M, Peak:0.00M | Scene, ViewLayer | Synchronizing object | common_terrace_lounge_chair_02_arm-1
Fra:1 Mem:377.15M (Peak 377.15M) | Time:00:00.19 | Mem:0.00M, Peak:0.00M | Scene, ViewLayer | Synchronizing object | common_terrace_lounge_chair_02_armp-1
Fra:1 Mem:377.19M (Peak 377.19M) | Time:00:00.19 | Mem:0.00M, Peak:0.00M | Scene, ViewLayer | Synchronizing object | common_terrace_lounge_chair_02_arm1
Fra:1 Mem:377.19M (Peak 377.19M) | Time:00:00.19 | Mem:0.00M, Peak:0.00M | Scene, ViewLayer | Synchronizing object | common_terrace_lounge_chair_02_leg0
Fra:1 Mem:377.20M (Peak 377.20M) | Time:00:00.19 | Mem:0.00M, Peak:0.00M | Scene, ViewLayer | Synchronizing object | common_terrace_lounge_chair_02_leg2
Fra:1 Mem:377.20M (Peak 377.20M) | Time:00:00.19 | Mem:0.00M, Peak:0.00M | Scene, ViewLayer | Synchronizing object | common_terrace_lounge_chair_02_leg3
Fra:1 Mem:377.20M (Peak 377.20M) | Time:00:00.19 | Mem:0.00M, Peak:0.00M | Scene, ViewLayer | Synchronizing object | common_terrace_plant_01_pot
Fra:1 Mem:377.20M (Peak 377.20M) | Time:00:00.19 | Mem:0.00M, Peak:0.00M | Scene, ViewLayer | Synchronizing object | common_terrace_plant_01_stem
Fra:1 Mem:377.21M (Peak 377.21M) | Time:00:00.19 | Mem:0.00M, Peak:0.00M | Scene, ViewLayer | Synchronizing object | common_terrace_plant_01_leaf0
Fra:1 Mem:377.22M (Peak 377.22M) | Time:00:00.19 | Mem:0.00M, Peak:0.00M | Scene, ViewLayer | Synchronizing object | common_terrace_plant_01_leaf3
Fra:1 Mem:377.22M (Peak 377.22M) | Time:00:00.19 | Mem:0.00M, Peak:0.00M | Scene, ViewLayer | Synchronizing object | common_terrace_plant_01_leaf4
Fra:1 Mem:377.23M (Peak 377.23M) | Time:00:00.19 | Mem:0.00M, Peak:0.00M | Scene, ViewLayer | Synchronizing object | common_terrace_plant_01_leaf5
Fra:1 Mem:377.23M (Peak 377.23M) | Time:00:00.19 | Mem:0.00M, Peak:0.00M | Scene, ViewLayer | Synchronizing object | common_terrace_plant_02_pot
Fra:1 Mem:377.24M (Peak 377.24M) | Time:00:00.19 | Mem:0.00M, Peak:0.00M | Scene, ViewLayer | Synchronizing object | A_living_dining_balcony_sofa_01_pillow_brick
Fra:1 Mem:377.25M (Peak 377.25M) | Time:00:00.19 | Mem:0.00M, Peak:0.00M | Scene, ViewLayer | Synchronizing object | A_living_dining_balcony_sofa_01_pillow_olive
Fra:1 Mem:377.26M (Peak 377.26M) | Time:00:00.19 | Mem:0.00M, Peak:0.00M | Scene, ViewLayer | Synchronizing object | common_terrace_plant_02_stem
Fra:1 Mem:377.26M (Peak 377.26M) | Time:00:00.19 | Mem:0.00M, Peak:0.00M | Scene, ViewLayer | Synchronizing object | common_terrace_plant_02_leaf0
Fra:1 Mem:377.27M (Peak 377.27M) | Time:00:00.19 | Mem:0.00M, Peak:0.00M | Scene, ViewLayer | Synchronizing object | common_terrace_plant_02_leaf2
Fra:1 Mem:377.28M (Peak 377.28M) | Time:00:00.19 | Mem:0.00M, Peak:0.00M | Scene, ViewLayer | Synchronizing object | common_terrace_plant_02_leaf4
Fra:1 Mem:377.28M (Peak 377.28M) | Time:00:00.19 | Mem:0.00M, Peak:0.00M | Scene, ViewLayer | Synchronizing object | common_terrace_plant_02_leaf5
Fra:1 Mem:377.28M (Peak 377.28M) | Time:00:00.19 | Mem:0.00M, Peak:0.00M | Scene, ViewLayer | Synchronizing object | common_terrace_plant_03_pot
Fra:1 Mem:377.28M (Peak 377.28M) | Time:00:00.19 | Mem:0.00M, Peak:0.00M | Scene, ViewLayer | Synchronizing object | common_terrace_plant_03_stem
Fra:1 Mem:377.28M (Peak 377.28M) | Time:00:00.19 | Mem:0.00M, Peak:0.00M | Scene, ViewLayer | Synchronizing object | common_terrace_plant_03_leaf0
Fra:1 Mem:377.29M (Peak 377.29M) | Time:00:00.19 | Mem:0.00M, Peak:0.00M | Scene, ViewLayer | Synchronizing object | common_terrace_plant_03_leaf1
Fra:1 Mem:377.29M (Peak 377.29M) | Time:00:00.19 | Mem:0.00M, Peak:0.00M | Scene, ViewLayer | Synchronizing object | common_terrace_plant_03_leaf3
Fra:1 Mem:377.30M (Peak 377.30M) | Time:00:00.19 | Mem:0.00M, Peak:0.00M | Scene, ViewLayer | Synchronizing object | common_terrace_plant_03_leaf4
Fra:1 Mem:377.30M (Peak 377.30M) | Time:00:00.19 | Mem:0.00M, Peak:0.00M | Scene, ViewLayer | Synchronizing object | common_terrace_plant_03_leaf5
Fra:1 Mem:377.30M (Peak 377.30M) | Time:00:00.19 | Mem:0.00M, Peak:0.00M | Scene, ViewLayer | Synchronizing object | common_terrace_plant_04_pot
Fra:1 Mem:377.30M (Peak 377.30M) | Time:00:00.19 | Mem:0.00M, Peak:0.00M | Scene, ViewLayer | Synchronizing object | common_terrace_plant_04_stem
Fra:1 Mem:377.30M (Peak 377.30M) | Time:00:00.19 | Mem:0.00M, Peak:0.00M | Scene, ViewLayer | Synchronizing object | common_terrace_plant_04_leaf0
Fra:1 Mem:377.30M (Peak 377.30M) | Time:00:00.19 | Mem:0.00M, Peak:0.00M | Scene, ViewLayer | Synchronizing object | common_terrace_plant_04_leaf1
Fra:1 Mem:377.31M (Peak 377.31M) | Time:00:00.19 | Mem:0.00M, Peak:0.00M | Scene, ViewLayer | Synchronizing object | common_terrace_plant_04_leaf2
Fra:1 Mem:377.32M (Peak 377.32M) | Time:00:00.19 | Mem:0.00M, Peak:0.00M | Scene, ViewLayer | Synchronizing object | A_living_dining_balcony_sofa_01_arm1
Fra:1 Mem:377.33M (Peak 377.33M) | Time:00:00.19 | Mem:0.00M, Peak:0.00M | Scene, ViewLayer | Synchronizing object | A_living_dining_balcony_sofa_01_arm0
Fra:1 Mem:377.34M (Peak 377.34M) | Time:00:00.19 | Mem:0.00M, Peak:0.00M | Scene, ViewLayer | Synchronizing object | A_living_dining_balcony_sofa_01_seat2
Fra:1 Mem:377.34M (Peak 377.34M) | Time:00:00.19 | Mem:0.00M, Peak:0.00M | Scene, ViewLayer | Synchronizing object | common_terrace_plant_04_leaf3
Fra:1 Mem:377.35M (Peak 377.35M) | Time:00:00.19 | Mem:0.00M, Peak:0.00M | Scene, ViewLayer | Synchronizing object | common_terrace_plant_04_leaf4
Fra:1 Mem:377.36M (Peak 377.36M) | Time:00:00.19 | Mem:0.00M, Peak:0.00M | Scene, ViewLayer | Synchronizing object | common_terrace_plant_04_leaf5
Fra:1 Mem:377.36M (Peak 377.36M) | Time:00:00.19 | Mem:0.00M, Peak:0.00M | Scene, ViewLayer | Synchronizing object | common_parents_room_bed_01_frame
Fra:1 Mem:377.36M (Peak 377.36M) | Time:00:00.19 | Mem:0.00M, Peak:0.00M | Scene, ViewLayer | Synchronizing object | common_parents_room_bed_01_duvet
Fra:1 Mem:377.36M (Peak 377.36M) | Time:00:00.19 | Mem:0.00M, Peak:0.00M | Scene, ViewLayer | Synchronizing object | common_parents_room_bed_01_duvetdrop2
Fra:1 Mem:377.36M (Peak 377.36M) | Time:00:00.19 | Mem:0.00M, Peak:0.00M | Scene, ViewLayer | Synchronizing object | common_parents_room_bed_01_pillow1
Fra:1 Mem:377.36M (Peak 377.36M) | Time:00:00.20 | Mem:0.00M, Peak:0.00M | Scene, ViewLayer | Synchronizing object | common_parents_room_bed_01_pillow2
Fra:1 Mem:377.38M (Peak 377.38M) | Time:00:00.20 | Mem:0.00M, Peak:0.00M | Scene, ViewLayer | Synchronizing object | common_parents_room_bed_01_throw
Fra:1 Mem:377.39M (Peak 377.39M) | Time:00:00.20 | Mem:0.00M, Peak:0.00M | Scene, ViewLayer | Synchronizing object | common_parents_room_nightstand_01_drw_gapbg
Fra:1 Mem:377.39M (Peak 377.39M) | Time:00:00.20 | Mem:0.00M, Peak:0.00M | Scene, ViewLayer | Synchronizing object | common_parents_room_nightstand_01_drw_p0
Fra:1 Mem:377.40M (Peak 377.40M) | Time:00:00.20 | Mem:0.00M, Peak:0.00M | Scene, ViewLayer | Synchronizing object | common_parents_room_nightstand_01_leg0
Fra:1 Mem:377.40M (Peak 377.40M) | Time:00:00.20 | Mem:0.00M, Peak:0.00M | Scene, ViewLayer | Synchronizing object | common_parents_room_nightstand_01_leg2
Fra:1 Mem:382.71M (Peak 382.71M) | Time:00:00.20 | Mem:0.00M, Peak:0.00M | Scene, ViewLayer | Synchronizing object | common_parents_room_nightstand_01_leg3
Fra:1 Mem:382.71M (Peak 382.71M) | Time:00:00.20 | Mem:0.00M, Peak:0.00M | Scene, ViewLayer | Synchronizing object | common_parents_room_cushion_01_pil_olive
Fra:1 Mem:382.74M (Peak 382.74M) | Time:00:00.20 | Mem:0.00M, Peak:0.00M | Scene, ViewLayer | Synchronizing object | common_parents_room_cushion_01_pil_brick
Fra:1 Mem:386.99M (Peak 386.99M) | Time:00:00.20 | Mem:0.00M, Peak:0.00M | Scene, ViewLayer | Synchronizing object | common_parents_room_shelf_01_side0
Fra:1 Mem:387.00M (Peak 387.00M) | Time:00:00.20 | Mem:0.00M, Peak:0.00M | Scene, ViewLayer | Synchronizing object | common_parents_room_shelf_01_sh1
Fra:1 Mem:387.00M (Peak 387.00M) | Time:00:00.20 | Mem:0.00M, Peak:0.00M | Scene, ViewLayer | Synchronizing object | common_parents_room_shelf_02_side0
Fra:1 Mem:387.00M (Peak 387.00M) | Time:00:00.20 | Mem:0.00M, Peak:0.00M | Scene, ViewLayer | Synchronizing object | common_parents_room_shelf_02_side1
Fra:1 Mem:387.01M (Peak 387.01M) | Time:00:00.20 | Mem:0.00M, Peak:0.00M | Scene, ViewLayer | Synchronizing object | common_parents_room_shelf_02_top
Fra:1 Mem:387.01M (Peak 387.01M) | Time:00:00.20 | Mem:0.00M, Peak:0.00M | Scene, ViewLayer | Synchronizing object | common_parents_room_shelf_02_sh1
Fra:1 Mem:387.01M (Peak 387.01M) | Time:00:00.20 | Mem:0.00M, Peak:0.00M | Scene, ViewLayer | Synchronizing object | common_daughter_room_wardrobe_01_body
Fra:1 Mem:387.01M (Peak 387.01M) | Time:00:00.20 | Mem:0.00M, Peak:0.00M | Scene, ViewLayer | Synchronizing object | common_daughter_room_wardrobe_01_slA_f0
Fra:1 Mem:387.02M (Peak 387.02M) | Time:00:00.20 | Mem:0.00M, Peak:0.00M | Scene, ViewLayer | Synchronizing object | common_daughter_room_wardrobe_01_slA_f1
Fra:1 Mem:387.02M (Peak 387.02M) | Time:00:00.20 | Mem:0.00M, Peak:0.00M | Scene, ViewLayer | Synchronizing object | common_daughter_room_wardrobe_01_slB_f1
Fra:1 Mem:387.02M (Peak 387.02M) | Time:00:00.20 | Mem:0.00M, Peak:0.00M | Scene, ViewLayer | Synchronizing object | common_daughter_room_wardrobe_02_body
Fra:1 Mem:387.03M (Peak 387.03M) | Time:00:00.20 | Mem:0.00M, Peak:0.00M | Scene, ViewLayer | Synchronizing object | common_daughter_room_wardrobe_02_slA_f0
Fra:1 Mem:387.03M (Peak 387.03M) | Time:00:00.20 | Mem:0.00M, Peak:0.00M | Scene, ViewLayer | Synchronizing object | common_daughter_room_wardrobe_02_slA_f1
Fra:1 Mem:387.04M (Peak 387.04M) | Time:00:00.20 | Mem:0.00M, Peak:0.00M | Scene, ViewLayer | Synchronizing object | common_daughter_room_wardrobe_02_slB_f0
Fra:1 Mem:387.06M (Peak 387.06M) | Time:00:00.20 | Mem:0.00M, Peak:0.00M | Scene, ViewLayer | Synchronizing object | common_daughter_room_wardrobe_02_slB_f1
Fra:1 Mem:387.06M (Peak 387.06M) | Time:00:00.20 | Mem:0.00M, Peak:0.00M | Scene, ViewLayer | Synchronizing object | common_daughter_room_bed_01_mattress
Fra:1 Mem:387.07M (Peak 387.07M) | Time:00:00.20 | Mem:0.00M, Peak:0.00M | Scene, ViewLayer | Synchronizing object | common_daughter_room_bed_01_headboard
Fra:1 Mem:387.08M (Peak 387.08M) | Time:00:00.20 | Mem:0.00M, Peak:0.00M | Scene, ViewLayer | Synchronizing object | common_daughter_room_bed_01_duvet
Fra:1 Mem:387.09M (Peak 387.09M) | Time:00:00.20 | Mem:0.00M, Peak:0.00M | Scene, ViewLayer | Synchronizing object | common_daughter_room_bed_01_duvetdrop
Fra:1 Mem:387.10M (Peak 387.10M) | Time:00:00.20 | Mem:0.00M, Peak:0.00M | Scene, ViewLayer | Synchronizing object | common_daughter_room_bed_01_pillow1
Fra:1 Mem:387.11M (Peak 387.11M) | Time:00:00.20 | Mem:0.00M, Peak:0.00M | Scene, ViewLayer | Synchronizing object | common_daughter_room_bed_01_pillow2
Fra:1 Mem:387.11M (Peak 387.11M) | Time:00:00.20 | Mem:0.00M, Peak:0.00M | Scene, ViewLayer | Synchronizing object | common_daughter_room_bed_01_throw
Fra:1 Mem:387.12M (Peak 387.12M) | Time:00:00.20 | Mem:0.00M, Peak:0.00M | Scene, ViewLayer | Synchronizing object | common_daughter_room_shelf_01_side0
Fra:1 Mem:387.12M (Peak 387.12M) | Time:00:00.20 | Mem:0.00M, Peak:0.00M | Scene, ViewLayer | Synchronizing object | common_daughter_room_shelf_01_side1
Fra:1 Mem:387.13M (Peak 387.13M) | Time:00:00.20 | Mem:0.00M, Peak:0.00M | Scene, ViewLayer | Synchronizing object | common_daughter_room_shelf_01_top
Fra:1 Mem:387.13M (Peak 387.13M) | Time:00:00.20 | Mem:0.00M, Peak:0.00M | Scene, ViewLayer | Synchronizing object | common_daughter_room_shelf_01_sh1
Fra:1 Mem:387.13M (Peak 387.13M) | Time:00:00.20 | Mem:0.00M, Peak:0.00M | Scene, ViewLayer | Synchronizing object | common_daughter_room_shelf_01_sh2
Fra:1 Mem:387.14M (Peak 387.14M) | Time:00:00.20 | Mem:0.00M, Peak:0.00M | Scene, ViewLayer | Synchronizing object | common_daughter_room_desk_01_top
Fra:1 Mem:391.43M (Peak 391.43M) | Time:00:00.20 | Mem:0.00M, Peak:0.00M | Scene, ViewLayer | Synchronizing object | common_daughter_room_desk_01_leg1
Fra:1 Mem:391.43M (Peak 391.43M) | Time:00:00.20 | Mem:0.00M, Peak:0.00M | Scene, ViewLayer | Synchronizing object | common_daughter_room_desk_01_leg2
Fra:1 Mem:391.44M (Peak 391.44M) | Time:00:00.20 | Mem:0.00M, Peak:0.00M | Scene, ViewLayer | Synchronizing object | A_living_dining_balcony_sofa_01_back2
Fra:1 Mem:391.46M (Peak 391.46M) | Time:00:00.20 | Mem:0.00M, Peak:0.00M | Scene, ViewLayer | Synchronizing object | A_living_dining_balcony_sofa_01_back1
Fra:1 Mem:391.46M (Peak 391.46M) | Time:00:00.20 | Mem:0.00M, Peak:0.00M | Scene, ViewLayer | Synchronizing object | common_daughter_room_chair_01_seat
Fra:1 Mem:391.47M (Peak 391.47M) | Time:00:00.20 | Mem:0.00M, Peak:0.00M | Scene, ViewLayer | Synchronizing object | common_daughter_room_chair_01_back
Fra:1 Mem:391.47M (Peak 391.47M) | Time:00:00.20 | Mem:0.00M, Peak:0.00M | Scene, ViewLayer | Synchronizing object | common_daughter_room_chair_01_post
Fra:1 Mem:391.49M (Peak 391.49M) | Time:00:00.20 | Mem:0.00M, Peak:0.00M | Scene, ViewLayer | Synchronizing object | common_daughter_room_chair_01_base
Fra:1 Mem:391.50M (Peak 391.50M) | Time:00:00.20 | Mem:0.00M, Peak:0.00M | Scene, ViewLayer | Synchronizing object | common_son_room_wardrobe_01_slA_f0
Fra:1 Mem:391.50M (Peak 391.50M) | Time:00:00.20 | Mem:0.00M, Peak:0.00M | Scene, ViewLayer | Synchronizing object | common_son_room_wardrobe_01_slA_f1
Fra:1 Mem:391.51M (Peak 391.51M) | Time:00:00.20 | Mem:0.00M, Peak:0.00M | Scene, ViewLayer | Synchronizing object | common_son_room_wardrobe_01_slA_f2
Fra:1 Mem:391.52M (Peak 391.52M) | Time:00:00.20 | Mem:0.00M, Peak:0.00M | Scene, ViewLayer | Synchronizing object | common_son_room_wardrobe_01_slB_f0
Fra:1 Mem:391.53M (Peak 391.53M) | Time:00:00.20 | Mem:0.00M, Peak:0.00M | Scene, ViewLayer | Synchronizing object | common_son_room_wardrobe_01_slB_f1
Fra:1 Mem:391.54M (Peak 391.54M) | Time:00:00.20 | Mem:0.00M, Peak:0.00M | Scene, ViewLayer | Synchronizing object | common_son_room_bed_01_frame
Fra:1 Mem:391.54M (Peak 391.54M) | Time:00:00.20 | Mem:0.00M, Peak:0.00M | Scene, ViewLayer | Synchronizing object | common_son_room_bed_01_mattress
Fra:1 Mem:391.54M (Peak 391.54M) | Time:00:00.20 | Mem:0.00M, Peak:0.00M | Scene, ViewLayer | Synchronizing object | common_son_room_bed_01_duvet
Fra:1 Mem:391.56M (Peak 391.56M) | Time:00:00.20 | Mem:0.00M, Peak:0.00M | Scene, ViewLayer | Synchronizing object | common_son_room_bed_01_duvetdrop
Fra:1 Mem:391.56M (Peak 391.56M) | Time:00:00.20 | Mem:0.00M, Peak:0.00M | Scene, ViewLayer | Synchronizing object | common_son_room_bed_01_pillow1
Fra:1 Mem:391.57M (Peak 391.57M) | Time:00:00.20 | Mem:0.00M, Peak:0.00M | Scene, ViewLayer | Synchronizing object | common_son_room_bed_01_pillow2
Fra:1 Mem:391.59M (Peak 391.59M) | Time:00:00.20 | Mem:0.00M, Peak:0.00M | Scene, ViewLayer | Synchronizing object | common_son_room_bed_01_throw
Fra:1 Mem:391.59M (Peak 391.59M) | Time:00:00.20 | Mem:0.00M, Peak:0.00M | Scene, ViewLayer | Synchronizing object | common_son_room_desk_01_top
Fra:1 Mem:391.60M (Peak 391.60M) | Time:00:00.20 | Mem:0.00M, Peak:0.00M | Scene, ViewLayer | Synchronizing object | common_son_room_desk_01_drawer
Fra:1 Mem:391.60M (Peak 391.60M) | Time:00:00.20 | Mem:0.00M, Peak:0.00M | Scene, ViewLayer | Synchronizing object | common_son_room_desk_01_leg0
Fra:1 Mem:391.60M (Peak 391.60M) | Time:00:00.20 | Mem:0.00M, Peak:0.00M | Scene, ViewLayer | Synchronizing object | common_son_room_desk_01_leg1
Fra:1 Mem:398.63M (Peak 398.63M) | Time:00:00.20 | Mem:0.00M, Peak:0.00M | Scene, ViewLayer | Synchronizing object | common_son_room_desk_01_leg2
Fra:1 Mem:398.64M (Peak 398.64M) | Time:00:00.20 | Mem:0.00M, Peak:0.00M | Scene, ViewLayer | Synchronizing object | common_son_room_desk_01_leg3
Fra:1 Mem:398.64M (Peak 398.64M) | Time:00:00.20 | Mem:0.00M, Peak:0.00M | Scene, ViewLayer | Synchronizing object | common_son_room_shelf_01_side1
Fra:1 Mem:398.65M (Peak 398.65M) | Time:00:00.20 | Mem:0.00M, Peak:0.00M | Scene, ViewLayer | Synchronizing object | common_son_room_shelf_01_top
Fra:1 Mem:398.65M (Peak 398.65M) | Time:00:00.20 | Mem:0.00M, Peak:0.00M | Scene, ViewLayer | Synchronizing object | common_son_room_shelf_01_sh1
Fra:1 Mem:398.66M (Peak 398.66M) | Time:00:00.20 | Mem:0.00M, Peak:0.00M | Scene, ViewLayer | Synchronizing object | common_son_room_chair_01_back
Fra:1 Mem:398.67M (Peak 398.67M) | Time:00:00.20 | Mem:0.00M, Peak:0.00M | Scene, ViewLayer | Synchronizing object | common_son_room_chair_01_post
Fra:1 Mem:398.68M (Peak 398.68M) | Time:00:00.20 | Mem:0.00M, Peak:0.00M | Scene, ViewLayer | Synchronizing object | common_son_room_chair_01_base
Fra:1 Mem:398.68M (Peak 398.68M) | Time:00:00.20 | Mem:0.00M, Peak:0.00M | Scene, ViewLayer | Synchronizing object | fx_curt_master_sheer
Fra:1 Mem:398.68M (Peak 398.68M) | Time:00:00.20 | Mem:0.00M, Peak:0.00M | Scene, ViewLayer | Synchronizing object | fx_curt_master_bo_w
Fra:1 Mem:398.70M (Peak 398.70M) | Time:00:00.20 | Mem:0.00M, Peak:0.00M | Scene, ViewLayer | Synchronizing object | fx_curt_master_bo_e
Fra:1 Mem:398.70M (Peak 398.70M) | Time:00:00.20 | Mem:0.00M, Peak:0.00M | Scene, ViewLayer | Synchronizing object | fx_curt_parents_sheer
Fra:1 Mem:398.71M (Peak 398.71M) | Time:00:00.20 | Mem:0.00M, Peak:0.00M | Scene, ViewLayer | Synchronizing object | fx_curt_parents_roller
Fra:1 Mem:398.72M (Peak 398.72M) | Time:00:00.20 | Mem:0.00M, Peak:0.00M | Scene, ViewLayer | Synchronizing object | fx_curt_daughter_sheer
Fra:1 Mem:398.72M (Peak 398.72M) | Time:00:00.20 | Mem:0.00M, Peak:0.00M | Scene, ViewLayer | Synchronizing object | fx_curt_daughter_bo_e
Fra:1 Mem:398.72M (Peak 398.72M) | Time:00:00.20 | Mem:0.00M, Peak:0.00M | Scene, ViewLayer | Synchronizing object | fx_curt_son_sheer
Fra:1 Mem:398.72M (Peak 398.72M) | Time:00:00.20 | Mem:0.00M, Peak:0.00M | Scene, ViewLayer | Synchronizing object | fx_curt_son_bo_w
Fra:1 Mem:398.72M (Peak 398.72M) | Time:00:00.20 | Mem:0.00M, Peak:0.00M | Scene, ViewLayer | Synchronizing object | fx_curt_son_bo_e
Fra:1 Mem:398.72M (Peak 398.72M) | Time:00:00.20 | Mem:0.00M, Peak:0.00M | Scene, ViewLayer | Synchronizing object | fx_blind_mb_head
Fra:1 Mem:398.72M (Peak 398.72M) | Time:00:00.20 | Mem:0.00M, Peak:0.00M | Scene, ViewLayer | Synchronizing object | fx_blind_mb_slats0
Fra:1 Mem:398.73M (Peak 398.73M) | Time:00:00.20 | Mem:0.00M, Peak:0.00M | Scene, ViewLayer | Synchronizing object | fx_blind_mb_slats1
Fra:1 Mem:398.73M (Peak 398.73M) | Time:00:00.20 | Mem:0.00M, Peak:0.00M | Scene, ViewLayer | Synchronizing object | fx_blind_mb_slats2
Fra:1 Mem:398.74M (Peak 398.74M) | Time:00:00.20 | Mem:0.00M, Peak:0.00M | Scene, ViewLayer | Synchronizing object | fx_blind_mb_slats3
Fra:1 Mem:398.75M (Peak 398.75M) | Time:00:00.20 | Mem:0.00M, Peak:0.00M | Scene, ViewLayer | Synchronizing object | fx_blind_mb_slats4
Fra:1 Mem:398.75M (Peak 398.75M) | Time:00:00.20 | Mem:0.00M, Peak:0.00M | Scene, ViewLayer | Synchronizing object | fx_wall_lamp0
Fra:1 Mem:398.77M (Peak 398.77M) | Time:00:00.20 | Mem:0.00M, Peak:0.00M | Scene, ViewLayer | Synchronizing object | fx_wall_lamp0_sh
Fra:1 Mem:398.77M (Peak 398.77M) | Time:00:00.20 | Mem:0.00M, Peak:0.00M | Scene, ViewLayer | Synchronizing object | fx_wall_lamp1
Fra:1 Mem:398.77M (Peak 398.77M) | Time:00:00.20 | Mem:0.00M, Peak:0.00M | Scene, ViewLayer | Synchronizing object | fx_wall_lamp1_sh
Fra:1 Mem:398.77M (Peak 398.77M) | Time:00:00.20 | Mem:0.00M, Peak:0.00M | Scene, ViewLayer | Synchronizing object | fx_wall_lamp2
Fra:1 Mem:398.78M (Peak 398.78M) | Time:00:00.20 | Mem:0.00M, Peak:0.00M | Scene, ViewLayer | Synchronizing object | fx_wall_lamp2_sh
Fra:1 Mem:398.78M (Peak 398.78M) | Time:00:00.20 | Mem:0.00M, Peak:0.00M | Scene, ViewLayer | Synchronizing object | fx_foyer_jar
Fra:1 Mem:398.78M (Peak 398.78M) | Time:00:00.20 | Mem:0.00M, Peak:0.00M | Scene, ViewLayer | Synchronizing object | fx_foyer_pic
Fra:1 Mem:398.79M (Peak 398.79M) | Time:00:00.20 | Mem:0.00M, Peak:0.00M | Scene, ViewLayer | Synchronizing object | fx_kn_board
Fra:1 Mem:398.80M (Peak 398.80M) | Time:00:00.20 | Mem:0.00M, Peak:0.00M | Scene, ViewLayer | Synchronizing object | fx_kn_oil
Fra:1 Mem:398.82M (Peak 398.82M) | Time:00:00.20 | Mem:0.00M, Peak:0.00M | Scene, ViewLayer | Synchronizing object | fx_kn_herb
Fra:1 Mem:398.82M (Peak 398.82M) | Time:00:00.20 | Mem:0.00M, Peak:0.00M | Scene, ViewLayer | Synchronizing object | fx_kn_herb_leaf2
Fra:1 Mem:398.82M (Peak 398.82M) | Time:00:00.20 | Mem:0.00M, Peak:0.00M | Scene, ViewLayer | Synchronizing object | fx_island_tray
Fra:1 Mem:398.82M (Peak 398.82M) | Time:00:00.20 | Mem:0.00M, Peak:0.00M | Scene, ViewLayer | Synchronizing object | fx_bc_b0_0
Fra:1 Mem:398.82M (Peak 398.82M) | Time:00:00.20 | Mem:0.00M, Peak:0.00M | Scene, ViewLayer | Synchronizing object | fx_bc_b0_1
Fra:1 Mem:398.83M (Peak 398.83M) | Time:00:00.20 | Mem:0.00M, Peak:0.00M | Scene, ViewLayer | Synchronizing object | fx_bc_b0_2
Fra:1 Mem:398.83M (Peak 398.83M) | Time:00:00.20 | Mem:0.00M, Peak:0.00M | Scene, ViewLayer | Synchronizing object | fx_bc_b0_3
Fra:1 Mem:398.83M (Peak 398.83M) | Time:00:00.20 | Mem:0.00M, Peak:0.00M | Scene, ViewLayer | Synchronizing object | fx_bc_b0f_0
Fra:1 Mem:398.83M (Peak 398.83M) | Time:00:00.20 | Mem:0.00M, Peak:0.00M | Scene, ViewLayer | Synchronizing object | fx_bc_b0f_1
Fra:1 Mem:398.83M (Peak 398.83M) | Time:00:00.20 | Mem:0.00M, Peak:0.00M | Scene, ViewLayer | Synchronizing object | fx_bc_pot
Fra:1 Mem:398.83M (Peak 398.83M) | Time:00:00.20 | Mem:0.00M, Peak:0.00M | Scene, ViewLayer | Synchronizing object | fx_bc_potneck
Fra:1 Mem:398.85M (Peak 398.85M) | Time:00:00.20 | Mem:0.00M, Peak:0.00M | Scene, ViewLayer | Synchronizing object | fx_bc_potlip
Fra:1 Mem:398.85M (Peak 398.85M) | Time:00:00.20 | Mem:0.00M, Peak:0.00M | Scene, ViewLayer | Synchronizing object | fx_bc_frame
Fra:1 Mem:399.98M (Peak 399.98M) | Time:00:00.20 | Mem:0.00M, Peak:0.00M | Scene, ViewLayer | Synchronizing object | fx_bc_rec0
Fra:1 Mem:399.98M (Peak 399.98M) | Time:00:00.20 | Mem:0.00M, Peak:0.00M | Scene, ViewLayer | Synchronizing object | fx_bc_rec1
Fra:1 Mem:399.98M (Peak 399.98M) | Time:00:00.20 | Mem:0.00M, Peak:0.00M | Scene, ViewLayer | Synchronizing object | fx_bc_rec2
Fra:1 Mem:399.98M (Peak 399.98M) | Time:00:00.20 | Mem:0.00M, Peak:0.00M | Scene, ViewLayer | Synchronizing object | fx_bc_b3_0
Fra:1 Mem:399.98M (Peak 399.98M) | Time:00:00.20 | Mem:0.00M, Peak:0.00M | Scene, ViewLayer | Synchronizing object | fx_bc_b3_1
Fra:1 Mem:399.98M (Peak 399.98M) | Time:00:00.20 | Mem:0.00M, Peak:0.00M | Scene, ViewLayer | Synchronizing object | fx_bc_jar3
Fra:1 Mem:400.03M (Peak 400.03M) | Time:00:00.20 | Mem:0.00M, Peak:0.00M | Scene, ViewLayer | Synchronizing object | fx_bc_pot4
Fra:1 Mem:400.04M (Peak 400.04M) | Time:00:00.20 | Mem:0.00M, Peak:0.00M | Scene, ViewLayer | Synchronizing object | fx_bc_g0_0
Fra:1 Mem:400.04M (Peak 400.04M) | Time:00:00.20 | Mem:0.00M, Peak:0.00M | Scene, ViewLayer | Synchronizing object | fx_bc_g0_1
Fra:1 Mem:400.06M (Peak 400.06M) | Time:00:00.20 | Mem:0.00M, Peak:0.00M | Scene, ViewLayer | Synchronizing object | fx_bc_g0_2
Fra:1 Mem:400.07M (Peak 400.07M) | Time:00:00.20 | Mem:0.00M, Peak:0.00M | Scene, ViewLayer | Synchronizing object | fx_bc_g1_2
Fra:1 Mem:400.08M (Peak 400.08M) | Time:00:00.20 | Mem:0.00M, Peak:0.00M | Scene, ViewLayer | Synchronizing object | fx_desk_book1
Fra:1 Mem:400.08M (Peak 400.08M) | Time:00:00.20 | Mem:0.00M, Peak:0.00M | Scene, ViewLayer | Synchronizing object | fx_fiddle_pot
Fra:1 Mem:400.08M (Peak 400.08M) | Time:00:00.20 | Mem:0.00M, Peak:0.00M | Scene, ViewLayer | Synchronizing object | fx_fiddle_stem
Fra:1 Mem:400.09M (Peak 400.09M) | Time:00:00.20 | Mem:0.00M, Peak:0.00M | Scene, ViewLayer | Synchronizing object | fx_fiddle_leaf0
Fra:1 Mem:400.09M (Peak 400.09M) | Time:00:00.20 | Mem:0.00M, Peak:0.00M | Scene, ViewLayer | Synchronizing object | fx_fiddle_leaf1
Fra:1 Mem:400.09M (Peak 400.09M) | Time:00:00.20 | Mem:0.00M, Peak:0.00M | Scene, ViewLayer | Synchronizing object | fx_fiddle_leaf2
Fra:1 Mem:400.09M (Peak 400.09M) | Time:00:00.20 | Mem:0.00M, Peak:0.00M | Scene, ViewLayer | Synchronizing object | fx_fiddle_leaf3
Fra:1 Mem:400.10M (Peak 400.10M) | Time:00:00.20 | Mem:0.00M, Peak:0.00M | Scene, ViewLayer | Synchronizing object | fx_fiddle_leaf4
Fra:1 Mem:400.10M (Peak 400.10M) | Time:00:00.20 | Mem:0.00M, Peak:0.00M | Scene, ViewLayer | Synchronizing object | fx_fiddle_leaf5
Fra:1 Mem:400.10M (Peak 400.10M) | Time:00:00.20 | Mem:0.00M, Peak:0.00M | Scene, ViewLayer | Synchronizing object | fx_fiddle_leaf6
Fra:1 Mem:400.10M (Peak 400.10M) | Time:00:00.20 | Mem:0.00M, Peak:0.00M | Scene, ViewLayer | Synchronizing object | A_living_dining_balcony_sofa_01_leg1
Fra:1 Mem:400.12M (Peak 400.12M) | Time:00:00.20 | Mem:0.00M, Peak:0.00M | Scene, ViewLayer | Synchronizing object | lt_sun
Fra:1 Mem:400.12M (Peak 400.12M) | Time:00:00.20 | Mem:0.00M, Peak:0.00M | Scene, ViewLayer | Synchronizing object | lt_spot_liv01
Fra:1 Mem:400.12M (Peak 400.12M) | Time:00:00.20 | Mem:0.00M, Peak:0.00M | Scene, ViewLayer | Synchronizing object | lt_spot_liv02
Fra:1 Mem:400.12M (Peak 400.12M) | Time:00:00.20 | Mem:0.00M, Peak:0.00M | Scene, ViewLayer | Synchronizing object | lt_spot_liv03
Fra:1 Mem:399.02M (Peak 400.12M) | Time:00:00.20 | Mem:0.00M, Peak:0.00M | Scene, ViewLayer | Synchronizing object | lt_spot_liv04
Fra:1 Mem:399.03M (Peak 400.12M) | Time:00:00.20 | Mem:0.00M, Peak:0.00M | Scene, ViewLayer | Synchronizing object | lt_spot_liv05
Fra:1 Mem:399.03M (Peak 400.12M) | Time:00:00.20 | Mem:0.00M, Peak:0.00M | Scene, ViewLayer | Synchronizing object | lt_spot_liv07
Fra:1 Mem:399.08M (Peak 400.12M) | Time:00:00.20 | Mem:0.00M, Peak:0.00M | Scene, ViewLayer | Synchronizing object | lt_spot_liv08
Fra:1 Mem:399.12M (Peak 400.12M) | Time:00:00.20 | Mem:0.00M, Peak:0.00M | Scene, ViewLayer | Synchronizing object | lt_spot_liv09
Fra:1 Mem:399.15M (Peak 400.12M) | Time:00:00.20 | Mem:0.00M, Peak:0.00M | Scene, ViewLayer | Synchronizing object | lt_spot_liv10
Fra:1 Mem:399.29M (Peak 400.12M) | Time:00:00.20 | Mem:0.00M, Peak:0.00M | Scene, ViewLayer | Synchronizing object | lt_spot_liv11
Fra:1 Mem:399.79M (Peak 400.12M) | Time:00:00.20 | Mem:0.00M, Peak:0.00M | Scene, ViewLayer | Synchronizing object | lt_spot_liv12
Fra:1 Mem:400.03M (Peak 400.12M) | Time:00:00.20 | Mem:0.00M, Peak:0.00M | Scene, ViewLayer | Synchronizing object | lt_spot_liv13
Fra:1 Mem:400.12M (Peak 400.12M) | Time:00:00.20 | Mem:0.00M, Peak:0.00M | Scene, ViewLayer | Synchronizing object | lt_spot_liv14
Fra:1 Mem:400.32M (Peak 400.32M) | Time:00:00.20 | Mem:0.00M, Peak:0.00M | Scene, ViewLayer | Synchronizing object | lt_spot_liv15
Fra:1 Mem:400.39M (Peak 400.39M) | Time:00:00.20 | Mem:0.00M, Peak:0.00M | Scene, ViewLayer | Synchronizing object | lt_spot_liv16
Fra:1 Mem:400.47M (Peak 400.47M) | Time:00:00.20 | Mem:0.00M, Peak:0.00M | Scene, ViewLayer | Synchronizing object | lt_spot_room0
Fra:1 Mem:400.54M (Peak 400.54M) | Time:00:00.20 | Mem:0.00M, Peak:0.00M | Scene, ViewLayer | Synchronizing object | A_living_dining_balcony_sofa_01_leg0
Fra:1 Mem:400.63M (Peak 400.63M) | Time:00:00.20 | Mem:0.00M, Peak:0.00M | Scene, ViewLayer | Synchronizing object | lt_spot_room2
Fra:1 Mem:400.72M (Peak 400.72M) | Time:00:00.20 | Mem:0.00M, Peak:0.00M | Scene, ViewLayer | Synchronizing object | lt_spot_room3
Fra:1 Mem:400.75M (Peak 400.75M) | Time:00:00.20 | Mem:0.00M, Peak:0.00M | Scene, ViewLayer | Synchronizing object | lt_spot_room6
Fra:1 Mem:400.76M (Peak 400.76M) | Time:00:00.20 | Mem:0.00M, Peak:0.00M | Scene, ViewLayer | Synchronizing object | lt_spot_room8
Fra:1 Mem:400.76M (Peak 400.76M) | Time:00:00.20 | Mem:0.00M, Peak:0.00M | Scene, ViewLayer | Synchronizing object | lt_spot_room10
Fra:1 Mem:400.76M (Peak 400.76M) | Time:00:00.20 | Mem:0.00M, Peak:0.00M | Scene, ViewLayer | Synchronizing object | lt_spot_room11
Fra:1 Mem:400.76M (Peak 400.76M) | Time:00:00.20 | Mem:0.00M, Peak:0.00M | Scene, ViewLayer | Synchronizing object | lt_spot_room12
Fra:1 Mem:400.77M (Peak 400.77M) | Time:00:00.20 | Mem:0.00M, Peak:0.00M | Scene, ViewLayer | Synchronizing object | lt_spot_room13
Fra:1 Mem:400.75M (Peak 400.77M) | Time:00:00.20 | Mem:0.00M, Peak:0.00M | Scene, ViewLayer | Synchronizing object | lt_ceiling_master
Fra:1 Mem:400.75M (Peak 400.77M) | Time:00:00.20 | Mem:0.00M, Peak:0.00M | Scene, ViewLayer | Synchronizing object | lt_ceiling_parents
Fra:1 Mem:400.75M (Peak 400.77M) | Time:00:00.20 | Mem:0.00M, Peak:0.00M | Scene, ViewLayer | Synchronizing object | lt_ceiling_daughter
Fra:1 Mem:400.75M (Peak 400.77M) | Time:00:00.20 | Mem:0.00M, Peak:0.00M | Scene, ViewLayer | Synchronizing object | lt_ceiling_son
Fra:1 Mem:400.75M (Peak 400.77M) | Time:00:00.20 | Mem:0.00M, Peak:0.00M | Scene, ViewLayer | Synchronizing object | lt_wall0
Fra:1 Mem:400.75M (Peak 400.77M) | Time:00:00.20 | Mem:0.00M, Peak:0.00M | Scene, ViewLayer | Synchronizing object | lt_wall1
Fra:1 Mem:400.75M (Peak 400.77M) | Time:00:00.20 | Mem:0.00M, Peak:0.00M | Scene, ViewLayer | Synchronizing object | lt_wall2
Fra:1 Mem:400.75M (Peak 400.77M) | Time:00:00.20 | Mem:0.00M, Peak:0.00M | Scene, ViewLayer | Synchronizing object | lt_strip_N
Fra:1 Mem:400.75M (Peak 400.77M) | Time:00:00.20 | Mem:0.00M, Peak:0.00M | Scene, ViewLayer | Synchronizing object | lt_strip_bc
Fra:1 Mem:400.75M (Peak 400.77M) | Time:00:00.20 | Mem:0.00M, Peak:0.00M | Scene, ViewLayer | Synchronizing object | lt_strip_bcg
Fra:1 Mem:400.75M (Peak 400.77M) | Time:00:00.20 | Mem:0.00M, Peak:0.00M | Scene, ViewLayer | Synchronizing object | lt_strip_mb
Fra:1 Mem:400.75M (Peak 400.77M) | Time:00:00.20 | Mem:0.00M, Peak:0.00M | Scene, ViewLayer | Synchronizing object | lt_strip_cb
Fra:1 Mem:400.75M (Peak 400.77M) | Time:00:00.20 | Mem:0.00M, Peak:0.00M | Scene, ViewLayer | Synchronizing object | lt_fill_daughter
Fra:1 Mem:400.76M (Peak 400.77M) | Time:00:00.20 | Mem:0.00M, Peak:0.00M | Scene, ViewLayer | Synchronizing object | lt_fill_son
Fra:1 Mem:400.76M (Peak 400.77M) | Time:00:00.20 | Mem:0.00M, Peak:0.00M | Scene, ViewLayer | Synchronizing object | lt_fill_pbath
Fra:1 Mem:400.76M (Peak 400.77M) | Time:00:00.20 | Mem:0.00M, Peak:0.00M | Scene, ViewLayer | Synchronizing object | lt_fill_mbath
Fra:1 Mem:400.76M (Peak 400.77M) | Time:00:00.20 | Mem:0.00M, Peak:0.00M | Scene, ViewLayer | Synchronizing object | lt_fill_corridor
Fra:1 Mem:400.76M (Peak 400.77M) | Time:00:00.20 | Mem:0.00M, Peak:0.00M | Scene, ViewLayer | Synchronizing object | A_living_dining_balcony_island_01_sideE
Fra:1 Mem:411.37M (Peak 411.37M) | Time:00:00.20 | Mem:0.00M, Peak:0.00M | Scene, ViewLayer | Synchronizing object | A_living_dining_balcony_island_01_backN
Fra:1 Mem:411.37M (Peak 411.37M) | Time:00:00.20 | Mem:0.00M, Peak:0.00M | Scene, ViewLayer | Synchronizing object | A_living_dining_balcony_island_01_base
Fra:1 Mem:411.37M (Peak 411.37M) | Time:00:00.20 | Mem:0.00M, Peak:0.00M | Scene, ViewLayer | Synchronizing object | A_living_dining_balcony_island_01_oven
Fra:1 Mem:411.37M (Peak 411.37M) | Time:00:00.20 | Mem:0.00M, Peak:0.00M | Scene, ViewLayer | Synchronizing object | A_living_dining_balcony_island_01_drw_gapbg
Fra:1 Mem:411.38M (Peak 411.38M) | Time:00:00.20 | Mem:0.00M, Peak:0.00M | Scene, ViewLayer | Synchronizing object | A_living_dining_balcony_island_01_drw_f0
Fra:1 Mem:411.38M (Peak 411.38M) | Time:00:00.20 | Mem:0.00M, Peak:0.00M | Scene, ViewLayer | Synchronizing object | A_living_dining_balcony_island_01_drw_p0
Fra:1 Mem:411.38M (Peak 411.38M) | Time:00:00.20 | Mem:0.00M, Peak:0.00M | Scene, ViewLayer | Synchronizing object | A_living_dining_balcony_island_01_niche
Fra:1 Mem:411.38M (Peak 411.38M) | Time:00:00.20 | Mem:0.00M, Peak:0.00M | Scene, ViewLayer | Synchronizing object | A_living_dining_balcony_island_01_sh0
Fra:1 Mem:411.38M (Peak 411.38M) | Time:00:00.20 | Mem:0.00M, Peak:0.00M | Scene, ViewLayer | Synchronizing object | A_living_dining_balcony_island_01_sh1
Fra:1 Mem:411.38M (Peak 411.38M) | Time:00:00.20 | Mem:0.00M, Peak:0.00M | Scene, ViewLayer | Synchronizing object | A_living_dining_balcony_island_01_top
Fra:1 Mem:411.38M (Peak 411.38M) | Time:00:00.20 | Mem:0.00M, Peak:0.00M | Scene, ViewLayer | Synchronizing object | A_living_dining_balcony_tv_cabinet_01_door_f1
Fra:1 Mem:411.38M (Peak 411.38M) | Time:00:00.20 | Mem:0.00M, Peak:0.00M | Scene, ViewLayer | Synchronizing object | A_living_dining_balcony_dining_chair_05_armf1
Fra:1 Mem:411.38M (Peak 411.38M) | Time:00:00.20 | Mem:0.00M, Peak:0.00M | Scene, ViewLayer | Synchronizing object | A_living_dining_balcony_tv_cabinet_01_door_f3
Fra:1 Mem:411.38M (Peak 411.38M) | Time:00:00.20 | Mem:0.00M, Peak:0.00M | Scene, ViewLayer | Synchronizing object | A_living_dining_balcony_tv_cabinet_01_door_f4
Fra:1 Mem:411.38M (Peak 411.38M) | Time:00:00.20 | Mem:0.00M, Peak:0.00M | Scene, ViewLayer | Synchronizing object | A_living_dining_balcony_pendant_lamp_01_rod
Fra:1 Mem:411.39M (Peak 411.39M) | Time:00:00.20 | Mem:0.00M, Peak:0.00M | Scene, ViewLayer | Synchronizing object | A_living_dining_balcony_pendant_lamp_01_ globe
Fra:1 Mem:411.39M (Peak 411.39M) | Time:00:00.20 | Mem:0.00M, Peak:0.00M | Scene, ViewLayer | Synchronizing object | A_living_dining_balcony_island_02_leg1
Fra:1 Mem:411.44M (Peak 411.44M) | Time:00:00.21 | Mem:0.00M, Peak:0.00M | Scene, ViewLayer | Synchronizing object | A_living_dining_balcony_island_02_leg2
Fra:1 Mem:411.46M (Peak 411.46M) | Time:00:00.21 | Mem:0.00M, Peak:0.00M | Scene, ViewLayer | Synchronizing object | A_living_dining_balcony_island_02_leg3
Fra:1 Mem:411.46M (Peak 411.46M) | Time:00:00.21 | Mem:0.00M, Peak:0.00M | Scene, ViewLayer | Synchronizing object | A_living_dining_balcony_pendant_lamp_02_ globe
Fra:1 Mem:411.48M (Peak 411.48M) | Time:00:00.21 | Mem:0.00M, Peak:0.00M | Scene, ViewLayer | Synchronizing object | A_living_dining_balcony_dining_chair_01_back
Fra:1 Mem:411.49M (Peak 411.49M) | Time:00:00.21 | Mem:0.00M, Peak:0.00M | Scene, ViewLayer | Synchronizing object | A_living_dining_balcony_dining_chair_01_seat
Fra:1 Mem:411.50M (Peak 411.50M) | Time:00:00.21 | Mem:0.00M, Peak:0.00M | Scene, ViewLayer | Synchronizing object | A_living_dining_balcony_dining_chair_01_leg0
Fra:1 Mem:411.52M (Peak 411.52M) | Time:00:00.21 | Mem:0.00M, Peak:0.00M | Scene, ViewLayer | Synchronizing object | A_living_dining_balcony_dining_chair_01_legt0
Fra:1 Mem:411.52M (Peak 411.52M) | Time:00:00.21 | Mem:0.00M, Peak:0.00M | Scene, ViewLayer | Synchronizing object | A_living_dining_balcony_dining_chair_01_legt1
Fra:1 Mem:411.52M (Peak 411.52M) | Time:00:00.21 | Mem:0.00M, Peak:0.00M | Scene, ViewLayer | Synchronizing object | A_living_dining_balcony_dining_chair_01_legt2
Fra:1 Mem:411.53M (Peak 411.53M) | Time:00:00.21 | Mem:0.00M, Peak:0.00M | Scene, ViewLayer | Synchronizing object | A_living_dining_balcony_dining_chair_01_leg3
Fra:1 Mem:411.54M (Peak 411.54M) | Time:00:00.21 | Mem:0.00M, Peak:0.00M | Scene, ViewLayer | Synchronizing object | A_living_dining_balcony_dining_chair_05_arm1
Fra:1 Mem:411.54M (Peak 411.54M) | Time:00:00.21 | Mem:0.00M, Peak:0.00M | Scene, ViewLayer | Synchronizing object | A_living_dining_balcony_dining_chair_01_arm0
Fra:1 Mem:411.56M (Peak 411.56M) | Time:00:00.21 | Mem:0.00M, Peak:0.00M | Scene, ViewLayer | Synchronizing object | A_living_dining_balcony_dining_chair_05_armf0
Fra:1 Mem:411.56M (Peak 411.56M) | Time:00:00.21 | Mem:0.00M, Peak:0.00M | Scene, ViewLayer | Synchronizing object | A_living_dining_balcony_dining_chair_01_arm1
Fra:1 Mem:411.57M (Peak 411.57M) | Time:00:00.21 | Mem:0.00M, Peak:0.00M | Scene, ViewLayer | Synchronizing object | A_living_dining_balcony_dining_chair_01_armf1
Fra:1 Mem:411.57M (Peak 411.57M) | Time:00:00.21 | Mem:0.00M, Peak:0.00M | Scene, ViewLayer | Synchronizing object | A_living_dining_balcony_dining_chair_02_back
Fra:1 Mem:411.57M (Peak 411.57M) | Time:00:00.21 | Mem:0.00M, Peak:0.00M | Scene, ViewLayer | Synchronizing object | A_living_dining_balcony_dining_chair_02_seat
Fra:1 Mem:411.58M (Peak 411.58M) | Time:00:00.21 | Mem:0.00M, Peak:0.00M | Scene, ViewLayer | Synchronizing object | A_living_dining_balcony_dining_chair_02_leg0
Fra:1 Mem:411.58M (Peak 411.58M) | Time:00:00.21 | Mem:0.00M, Peak:0.00M | Scene, ViewLayer | Synchronizing object | A_living_dining_balcony_dining_chair_02_leg1
Fra:1 Mem:411.58M (Peak 411.58M) | Time:00:00.21 | Mem:0.00M, Peak:0.00M | Scene, ViewLayer | Synchronizing object | A_living_dining_balcony_dining_chair_02_legt1
Fra:1 Mem:411.58M (Peak 411.58M) | Time:00:00.21 | Mem:0.00M, Peak:0.00M | Scene, ViewLayer | Synchronizing object | A_living_dining_balcony_dining_chair_02_leg2
Fra:1 Mem:411.59M (Peak 411.59M) | Time:00:00.21 | Mem:0.00M, Peak:0.00M | Scene, ViewLayer | Synchronizing object | A_living_dining_balcony_dining_chair_02_legt2
Fra:1 Mem:411.59M (Peak 411.59M) | Time:00:00.21 | Mem:0.00M, Peak:0.00M | Scene, ViewLayer | Synchronizing object | A_living_dining_balcony_dining_chair_02_leg3
Fra:1 Mem:418.64M (Peak 418.64M) | Time:00:00.21 | Mem:0.00M, Peak:0.00M | Scene, ViewLayer | Synchronizing object | A_living_dining_balcony_dining_chair_02_legt3
Fra:1 Mem:418.64M (Peak 418.64M) | Time:00:00.21 | Mem:0.00M, Peak:0.00M | Scene, ViewLayer | Synchronizing object | A_living_dining_balcony_dining_chair_02_arm0
Fra:1 Mem:418.65M (Peak 418.65M) | Time:00:00.21 | Mem:0.00M, Peak:0.00M | Scene, ViewLayer | Synchronizing object | A_living_dining_balcony_dining_chair_02_armf0
Fra:1 Mem:418.66M (Peak 418.66M) | Time:00:00.21 | Mem:0.00M, Peak:0.00M | Scene, ViewLayer | Synchronizing object | A_living_dining_balcony_dining_chair_03_back
Fra:1 Mem:418.67M (Peak 418.67M) | Time:00:00.21 | Mem:0.00M, Peak:0.00M | Scene, ViewLayer | Synchronizing object | A_living_dining_balcony_dining_chair_03_seat
Fra:1 Mem:418.69M (Peak 418.69M) | Time:00:00.21 | Mem:0.00M, Peak:0.00M | Scene, ViewLayer | Synchronizing object | A_living_dining_balcony_dining_chair_05_arm0
Fra:1 Mem:418.70M (Peak 418.70M) | Time:00:00.21 | Mem:0.00M, Peak:0.00M | Scene, ViewLayer | Synchronizing object | A_living_dining_balcony_dining_chair_03_legt0
Fra:1 Mem:418.71M (Peak 418.71M) | Time:00:00.21 | Mem:0.00M, Peak:0.00M | Scene, ViewLayer | Synchronizing object | A_living_dining_balcony_dining_chair_03_leg1
Fra:1 Mem:418.72M (Peak 418.72M) | Time:00:00.21 | Mem:0.00M, Peak:0.00M | Scene, ViewLayer | Synchronizing object | A_living_dining_balcony_dining_chair_03_legt1
Fra:1 Mem:418.72M (Peak 418.72M) | Time:00:00.21 | Mem:0.00M, Peak:0.00M | Scene, ViewLayer | Synchronizing object | A_living_dining_balcony_dining_chair_03_leg3
Fra:1 Mem:418.72M (Peak 418.72M) | Time:00:00.21 | Mem:0.00M, Peak:0.00M | Scene, ViewLayer | Synchronizing object | A_living_dining_balcony_dining_chair_03_legt3
Fra:1 Mem:418.72M (Peak 418.72M) | Time:00:00.21 | Mem:0.00M, Peak:0.00M | Scene, ViewLayer | Synchronizing object | A_living_dining_balcony_dining_chair_03_arm0
Fra:1 Mem:418.72M (Peak 418.72M) | Time:00:00.21 | Mem:0.00M, Peak:0.00M | Scene, ViewLayer | Synchronizing object | A_living_dining_balcony_dining_chair_03_armf0
Fra:1 Mem:418.73M (Peak 418.73M) | Time:00:00.21 | Mem:0.00M, Peak:0.00M | Scene, ViewLayer | Synchronizing object | A_living_dining_balcony_dining_chair_03_arm1
Fra:1 Mem:418.73M (Peak 418.73M) | Time:00:00.21 | Mem:0.00M, Peak:0.00M | Scene, ViewLayer | Synchronizing object | A_living_dining_balcony_dining_chair_03_armf1
Fra:1 Mem:418.73M (Peak 418.73M) | Time:00:00.21 | Mem:0.00M, Peak:0.00M | Scene, ViewLayer | Synchronizing object | A_living_dining_balcony_dining_chair_04_back
Fra:1 Mem:418.74M (Peak 418.74M) | Time:00:00.21 | Mem:0.00M, Peak:0.00M | Scene, ViewLayer | Synchronizing object | A_living_dining_balcony_dining_chair_04_leg0
Fra:1 Mem:418.75M (Peak 418.75M) | Time:00:00.21 | Mem:0.00M, Peak:0.00M | Scene, ViewLayer | Synchronizing object | A_living_dining_balcony_dining_chair_04_leg1
Fra:1 Mem:418.75M (Peak 418.75M) | Time:00:00.21 | Mem:0.00M, Peak:0.00M | Scene, ViewLayer | Synchronizing object | A_living_dining_balcony_dining_chair_04_legt1
Fra:1 Mem:418.75M (Peak 418.75M) | Time:00:00.21 | Mem:0.00M, Peak:0.00M | Scene, ViewLayer | Synchronizing object | A_living_dining_balcony_dining_chair_04_leg2
Fra:1 Mem:418.76M (Peak 418.76M) | Time:00:00.21 | Mem:0.00M, Peak:0.00M | Scene, ViewLayer | Synchronizing object | A_living_dining_balcony_dining_chair_04_leg3
Fra:1 Mem:418.76M (Peak 418.76M) | Time:00:00.21 | Mem:0.00M, Peak:0.00M | Scene, ViewLayer | Synchronizing object | A_living_dining_balcony_dining_chair_04_legt3
Fra:1 Mem:418.76M (Peak 418.76M) | Time:00:00.21 | Mem:0.00M, Peak:0.00M | Scene, ViewLayer | Synchronizing object | A_living_dining_balcony_dining_chair_04_arm0
Fra:1 Mem:418.77M (Peak 418.77M) | Time:00:00.21 | Mem:0.00M, Peak:0.00M | Scene, ViewLayer | Synchronizing object | A_living_dining_balcony_dining_chair_04_armf0
Fra:1 Mem:418.78M (Peak 418.78M) | Time:00:00.21 | Mem:0.00M, Peak:0.00M | Scene, ViewLayer | Synchronizing object | A_living_dining_balcony_dining_chair_04_arm1
Fra:1 Mem:418.78M (Peak 418.78M) | Time:00:00.21 | Mem:0.00M, Peak:0.00M | Scene, ViewLayer | Synchronizing object | A_living_dining_balcony_dining_chair_05_seat
Fra:1 Mem:418.79M (Peak 418.79M) | Time:00:00.21 | Mem:0.00M, Peak:0.00M | Scene, ViewLayer | Synchronizing object | A_living_dining_balcony_dining_chair_05_leg0
Fra:1 Mem:418.80M (Peak 418.80M) | Time:00:00.21 | Mem:0.00M, Peak:0.00M | Scene, ViewLayer | Synchronizing object | A_living_dining_balcony_dining_chair_05_legt0
Fra:1 Mem:418.82M (Peak 418.82M) | Time:00:00.21 | Mem:0.00M, Peak:0.00M | Scene, ViewLayer | Synchronizing object | A_living_dining_balcony_dining_chair_05_legt1
Fra:1 Mem:418.82M (Peak 418.82M) | Time:00:00.21 | Mem:0.00M, Peak:0.00M | Scene, ViewLayer | Synchronizing object | A_living_dining_balcony_dining_chair_05_leg2
Fra:1 Mem:418.82M (Peak 418.82M) | Time:00:00.21 | Mem:0.00M, Peak:0.00M | Scene, ViewLayer | Synchronizing object | A_living_dining_balcony_dining_chair_05_leg3
Fra:1 Mem:412.68M (Peak 418.82M) | Time:00:00.21 | Mem:0.00M, Peak:0.00M | Scene, ViewLayer | Synchronizing object | A_living_dining_balcony_dining_chair_05_legt3
Fra:1 Mem:420.55M (Peak 472.00M) | Time:00:00.35 | Mem:0.00M, Peak:0.00M | Scene, ViewLayer | Initializing
Fra:1 Mem:410.88M (Peak 472.00M) | Time:00:00.36 | Mem:0.00M, Peak:0.00M | Scene, ViewLayer | Updating Images | Loading tree_small_02_nor_gl
Fra:1 Mem:410.88M (Peak 472.00M) | Time:00:00.36 | Mem:0.00M, Peak:0.00M | Scene, ViewLayer | Updating Images | Loading jacaranda_tree_branches_nor_gl
Fra:1 Mem:410.88M (Peak 472.00M) | Time:00:00.36 | Mem:0.00M, Peak:0.00M | Scene, ViewLayer | Updating Images | Loading jacaranda_tree_trunk_rough
Fra:1 Mem:410.88M (Peak 472.00M) | Time:00:00.36 | Mem:0.00M, Peak:0.00M | Scene, ViewLayer | Updating Images | Loading tree_small_02_diff
Fra:1 Mem:422.89M (Peak 472.00M) | Time:00:00.36 | Mem:0.00M, Peak:0.00M | Scene, ViewLayer | Updating Images | Loading tree_small_02_rough
Fra:1 Mem:441.25M (Peak 502.96M) | Time:00:00.44 | Mem:72.00M, Peak:72.00M | Scene, ViewLayer | Waiting for render to start
Fra:1 Mem:441.25M (Peak 502.96M) | Time:00:00.44 | Mem:72.00M, Peak:72.00M | Scene, ViewLayer | Updating Scene
Fra:1 Mem:441.25M (Peak 502.96M) | Time:00:00.44 | Mem:72.00M, Peak:72.00M | Scene, ViewLayer | Updating Shaders
Fra:1 Mem:441.25M (Peak 502.96M) | Time:00:00.44 | Mem:72.00M, Peak:72.00M | Scene, ViewLayer | Loading render kernels (may take a few minutes the first time)
Fra:1 Mem:441.39M (Peak 502.96M) | Time:00:00.45 | Mem:72.07M, Peak:72.07M | Scene, ViewLayer | Updating Procedurals
Fra:1 Mem:441.39M (Peak 502.96M) | Time:00:00.45 | Mem:72.07M, Peak:72.07M | Scene, ViewLayer | Updating Background
Fra:1 Mem:441.39M (Peak 502.96M) | Time:00:00.45 | Mem:72.07M, Peak:72.07M | Scene, ViewLayer | Updating Camera
Fra:1 Mem:441.39M (Peak 502.96M) | Time:00:00.45 | Mem:72.07M, Peak:72.07M | Scene, ViewLayer | Updating Meshes Flags
Fra:1 Mem:441.39M (Peak 502.96M) | Time:00:00.45 | Mem:72.07M, Peak:72.07M | Scene, ViewLayer | Updating Objects
Fra:1 Mem:441.39M (Peak 502.96M) | Time:00:00.45 | Mem:72.07M, Peak:72.07M | Scene, ViewLayer | Updating Objects | Copying Transformations to device
Fra:1 Mem:441.69M (Peak 502.96M) | Time:00:00.45 | Mem:72.37M, Peak:72.37M | Scene, ViewLayer | Updating Particle Systems
Fra:1 Mem:441.69M (Peak 502.96M) | Time:00:00.45 | Mem:72.37M, Peak:72.37M | Scene, ViewLayer | Updating Particle Systems | Copying Particles to device
Fra:1 Mem:441.69M (Peak 502.96M) | Time:00:00.45 | Mem:72.37M, Peak:72.37M | Scene, ViewLayer | Updating Meshes
Fra:1 Mem:511.50M (Peak 511.50M) | Time:00:01.62 | Mem:72.37M, Peak:72.37M | Scene, ViewLayer | Updating Objects | Applying Static Transformations
Fra:1 Mem:511.50M (Peak 511.50M) | Time:00:01.62 | Mem:72.37M, Peak:72.37M | Scene, ViewLayer | Updating Mesh | Computing attributes
Fra:1 Mem:618.80M (Peak 618.80M) | Time:00:01.66 | Mem:72.46M, Peak:72.46M | Scene, ViewLayer | Updating Mesh | Copying Attributes to device
Fra:1 Mem:618.63M (Peak 618.80M) | Time:00:01.68 | Mem:179.50M, Peak:179.50M | Scene, ViewLayer | Updating Geometry BVH ceil_living_r1N_mesh 3/353 | Building BVH
Fra:1 Mem:618.63M (Peak 618.80M) | Time:00:01.68 | Mem:179.50M, Peak:179.50M | Scene, ViewLayer | Updating Geometry BVH ceil_master_bedroom_slab_mesh 12/680 | Building BVH
Fra:1 Mem:618.63M (Peak 618.80M) | Time:00:01.68 | Mem:179.50M, Peak:179.50M | Scene, ViewLayer | Updating Geometry BVH ceil_kitchen_fill_mesh 22/875 | Building BVH
Fra:1 Mem:618.63M (Peak 618.80M) | Time:00:01.68 | Mem:179.50M, Peak:179.50M | Scene, ViewLayer | Updating Geometry BVH light 1282/1281 | Building BVH
Fra:1 Mem:618.63M (Peak 618.80M) | Time:00:01.68 | Mem:179.70M, Peak:179.70M | Scene, ViewLayer | Updating Geometry BVH ceil_public_bath_wet_fill_mesh 23/1281 | Building BVH
Fra:1 Mem:618.63M (Peak 618.80M) | Time:00:01.68 | Mem:179.70M, Peak:179.70M | Scene, ViewLayer | Updating Geometry BVH ceil_master_bath_fill_mesh 24/1281 | Building BVH
Fra:1 Mem:618.63M (Peak 618.80M) | Time:00:01.68 | Mem:179.72M, Peak:179.72M | Scene, ViewLayer | Updating Geometry BVH ceil_corridor_fill_mesh 25/1281 | Building BVH
Fra:1 Mem:618.63M (Peak 618.80M) | Time:00:01.68 | Mem:179.72M, Peak:179.72M | Scene, ViewLayer | Updating Geometry BVH lt_strip_tv_mesh 1281/1281 | Building BVH
Fra:1 Mem:618.63M (Peak 618.80M) | Time:00:01.68 | Mem:179.72M, Peak:179.72M | Scene, ViewLayer | Updating Geometry BVH ceil_elevator_hall_fill_mesh 26/1281 | Building BVH
Fra:1 Mem:618.63M (Peak 618.80M) | Time:00:01.68 | Mem:179.73M, Peak:179.73M | Scene, ViewLayer | Updating Geometry BVH fx_ceiling_master_bedroom_mesh 27/1281 | Building BVH
Fra:1 Mem:618.63M (Peak 618.80M) | Time:00:01.68 | Mem:179.73M, Peak:179.73M | Scene, ViewLayer | Updating Geometry BVH fx_ceiling_parents_room_mesh 28/1281 | Building BVH
Fra:1 Mem:618.63M (Peak 618.80M) | Time:00:01.68 | Mem:179.74M, Peak:179.74M | Scene, ViewLayer | Updating Geometry BVH fx_ceiling_daughter_room_mesh 29/1281 | Building BVH
Fra:1 Mem:618.63M (Peak 618.80M) | Time:00:01.68 | Mem:179.74M, Peak:179.74M | Scene, ViewLayer | Updating Geometry BVH fx_ceiling_son_room_mesh 30/1281 | Building BVH
Fra:1 Mem:618.63M (Peak 618.80M) | Time:00:01.69 | Mem:179.75M, Peak:179.75M | Scene, ViewLayer | Updating Geometry BVH fx_spot_living00_mesh 31/1281 | Building BVH
Fra:1 Mem:618.63M (Peak 618.80M) | Time:00:01.69 | Mem:179.77M, Peak:179.77M | Scene, ViewLayer | Updating Geometry BVH fx_spot_living00_r_mesh 32/1281 | Building BVH
Fra:1 Mem:618.63M (Peak 618.80M) | Time:00:01.69 | Mem:179.83M, Peak:179.84M | Scene, ViewLayer | Updating Geometry BVH fx_spot_living01_mesh 33/1281 | Building BVH
Fra:1 Mem:618.63M (Peak 618.80M) | Time:00:01.69 | Mem:179.83M, Peak:179.84M | Scene, ViewLayer | Updating Geometry BVH fx_spot_living01_r_mesh 34/1281 | Building BVH
Fra:1 Mem:618.63M (Peak 618.80M) | Time:00:01.69 | Mem:179.83M, Peak:179.84M | Scene, ViewLayer | Updating Geometry BVH fx_spot_living02_r_mesh 36/1281 | Building BVH
Fra:1 Mem:618.63M (Peak 618.80M) | Time:00:01.69 | Mem:179.84M, Peak:179.84M | Scene, ViewLayer | Updating Geometry BVH fx_spot_living03_mesh 37/1281 | Building BVH
Fra:1 Mem:618.63M (Peak 618.80M) | Time:00:01.69 | Mem:179.84M, Peak:179.84M | Scene, ViewLayer | Updating Geometry BVH fx_spot_living03_r_mesh 38/1281 | Building BVH
Fra:1 Mem:618.63M (Peak 618.80M) | Time:00:01.69 | Mem:179.88M, Peak:179.88M | Scene, ViewLayer | Updating Geometry BVH fx_spot_living04_mesh 39/1281 | Building BVH
Fra:1 Mem:618.63M (Peak 618.80M) | Time:00:01.69 | Mem:179.94M, Peak:179.94M | Scene, ViewLayer | Updating Geometry BVH fx_spot_living04_r_mesh 40/1281 | Building BVH
Fra:1 Mem:618.63M (Peak 618.80M) | Time:00:01.69 | Mem:179.94M, Peak:179.94M | Scene, ViewLayer | Updating Geometry BVH fx_spot_living05_mesh 41/1281 | Building BVH
Fra:1 Mem:618.63M (Peak 618.80M) | Time:00:01.69 | Mem:179.94M, Peak:179.94M | Scene, ViewLayer | Updating Geometry BVH fx_spot_living05_r_mesh 42/1281 | Building BVH
Fra:1 Mem:618.63M (Peak 618.80M) | Time:00:01.69 | Mem:179.97M, Peak:179.97M | Scene, ViewLayer | Updating Geometry BVH fx_spot_living06_mesh 43/1281 | Building BVH
Fra:1 Mem:618.63M (Peak 618.80M) | Time:00:01.69 | Mem:179.99M, Peak:179.99M | Scene, ViewLayer | Updating Geometry BVH fx_spot_living07_mesh 45/1281 | Building BVH
Fra:1 Mem:618.63M (Peak 618.80M) | Time:00:01.69 | Mem:180.00M, Peak:180.00M | Scene, ViewLayer | Updating Geometry BVH fx_spot_living07_r_mesh 46/1281 | Building BVH
Fra:1 Mem:618.63M (Peak 618.80M) | Time:00:01.69 | Mem:180.00M, Peak:180.00M | Scene, ViewLayer | Updating Geometry BVH fx_spot_living08_mesh 47/1281 | Building BVH
Fra:1 Mem:618.63M (Peak 618.80M) | Time:00:01.69 | Mem:180.00M, Peak:180.00M | Scene, ViewLayer | Updating Geometry BVH fx_spot_living09_r_mesh 50/1281 | Building BVH
Fra:1 Mem:618.63M (Peak 618.80M) | Time:00:01.69 | Mem:180.02M, Peak:180.02M | Scene, ViewLayer | Updating Geometry BVH fx_spot_living10_mesh 51/1281 | Building BVH
Fra:1 Mem:618.63M (Peak 618.80M) | Time:00:01.69 | Mem:180.03M, Peak:180.03M | Scene, ViewLayer | Updating Geometry BVH fx_spot_living10_r_mesh 52/1281 | Building BVH
Fra:1 Mem:618.63M (Peak 618.80M) | Time:00:01.69 | Mem:180.04M, Peak:180.04M | Scene, ViewLayer | Updating Geometry BVH fx_spot_living11_mesh 53/1281 | Building BVH
Fra:1 Mem:618.63M (Peak 618.80M) | Time:00:01.69 | Mem:180.13M, Peak:180.13M | Scene, ViewLayer | Updating Geometry BVH fx_spot_living11_r_mesh 54/1281 | Building BVH
Fra:1 Mem:618.63M (Peak 618.80M) | Time:00:01.69 | Mem:180.13M, Peak:180.13M | Scene, ViewLayer | Updating Geometry BVH fx_spot_living12_mesh 55/1281 | Building BVH
Fra:1 Mem:618.63M (Peak 618.80M) | Time:00:01.69 | Mem:180.13M, Peak:180.13M | Scene, ViewLayer | Updating Geometry BVH lt_pendant_02 1280/1281 | Building BVH
Fra:1 Mem:618.63M (Peak 618.80M) | Time:00:01.69 | Mem:180.14M, Peak:180.14M | Scene, ViewLayer | Updating Geometry BVH fx_spot_living12_r_mesh 56/1281 | Building BVH
Fra:1 Mem:618.63M (Peak 618.80M) | Time:00:01.69 | Mem:180.15M, Peak:180.15M | Scene, ViewLayer | Updating Geometry BVH fx_spot_living13_mesh 57/1281 | Building BVH
Fra:1 Mem:618.63M (Peak 618.80M) | Time:00:01.69 | Mem:180.16M, Peak:180.16M | Scene, ViewLayer | Updating Geometry BVH fx_spot_living13_r_mesh 58/1281 | Building BVH
Fra:1 Mem:618.63M (Peak 618.80M) | Time:00:01.69 | Mem:180.17M, Peak:180.17M | Scene, ViewLayer | Updating Geometry BVH fx_spot_living14_mesh 59/1281 | Building BVH
Fra:1 Mem:618.63M (Peak 618.80M) | Time:00:01.69 | Mem:180.23M, Peak:180.23M | Scene, ViewLayer | Updating Geometry BVH fx_spot_living14_r_mesh 60/1281 | Building BVH
Fra:1 Mem:618.63M (Peak 618.80M) | Time:00:01.69 | Mem:180.23M, Peak:180.23M | Scene, ViewLayer | Updating Geometry BVH lt_pendant_01 1279/1281 | Building BVH
Fra:1 Mem:618.63M (Peak 618.80M) | Time:00:01.69 | Mem:180.23M, Peak:180.23M | Scene, ViewLayer | Updating Geometry BVH fx_spot_living15_mesh 61/1281 | Building BVH
Fra:1 Mem:618.63M (Peak 618.80M) | Time:00:01.69 | Mem:180.24M, Peak:180.24M | Scene, ViewLayer | Updating Geometry BVH fx_spot_living15_r_mesh 62/1281 | Building BVH
Fra:1 Mem:618.63M (Peak 618.80M) | Time:00:01.69 | Mem:180.27M, Peak:180.27M | Scene, ViewLayer | Updating Geometry BVH fx_spot_living16_mesh 63/1281 | Building BVH
Fra:1 Mem:618.63M (Peak 618.80M) | Time:00:01.69 | Mem:180.31M, Peak:180.31M | Scene, ViewLayer | Updating Geometry BVH fx_spot_living16_r_mesh 64/1281 | Building BVH
Fra:1 Mem:618.63M (Peak 618.80M) | Time:00:01.69 | Mem:180.31M, Peak:180.31M | Scene, ViewLayer | Updating Geometry BVH fx_art_wall_A_mesh 1278/1281 | Building BVH
Fra:1 Mem:618.63M (Peak 618.80M) | Time:00:01.69 | Mem:180.31M, Peak:180.31M | Scene, ViewLayer | Updating Geometry BVH fx_spot_room1_mesh 66/1281 | Building BVH
Fra:1 Mem:618.63M (Peak 618.80M) | Time:00:01.69 | Mem:180.32M, Peak:180.32M | Scene, ViewLayer | Updating Geometry BVH fx_spot_room3_mesh 68/1281 | Building BVH
Fra:1 Mem:618.63M (Peak 618.80M) | Time:00:01.69 | Mem:180.32M, Peak:180.32M | Scene, ViewLayer | Updating Geometry BVH fx_spot_room5_mesh 70/1281 | Building BVH
Fra:1 Mem:618.63M (Peak 618.80M) | Time:00:01.69 | Mem:180.32M, Peak:180.32M | Scene, ViewLayer | Updating Geometry BVH fx_spot_room6_mesh 71/1281 | Building BVH
Fra:1 Mem:618.63M (Peak 618.80M) | Time:00:01.69 | Mem:180.35M, Peak:180.35M | Scene, ViewLayer | Updating Geometry BVH fx_spot_room7_mesh 72/1281 | Building BVH
Fra:1 Mem:618.63M (Peak 618.80M) | Time:00:01.69 | Mem:180.38M, Peak:180.38M | Scene, ViewLayer | Updating Geometry BVH out_ground_mesh 73/1281 | Building BVH
Fra:1 Mem:618.63M (Peak 618.80M) | Time:00:01.69 | Mem:180.45M, Peak:180.46M | Scene, ViewLayer | Updating Geometry BVH out_path_s_mesh 74/1281 | Building BVH
Fra:1 Mem:618.63M (Peak 618.80M) | Time:00:01.69 | Mem:180.45M, Peak:180.46M | Scene, ViewLayer | Updating Geometry BVH out_path_n_mesh 75/1281 | Building BVH
Fra:1 Mem:618.63M (Peak 618.80M) | Time:00:01.69 | Mem:180.47M, Peak:180.48M | Scene, ViewLayer | Updating Geometry BVH fx_curt_living_bo_e_A_mesh 1277/1281 | Building BVH
Fra:1 Mem:618.63M (Peak 618.80M) | Time:00:01.69 | Mem:180.48M, Peak:180.48M | Scene, ViewLayer | Updating Geometry BVH out_bldg_s_mesh 78/1281 | Building BVH
Fra:1 Mem:618.63M (Peak 618.80M) | Time:00:01.69 | Mem:180.48M, Peak:180.48M | Scene, ViewLayer | Updating Geometry BVH out_bldg_n_mesh 79/1281 | Building BVH
Fra:1 Mem:618.63M (Peak 618.80M) | Time:00:01.69 | Mem:180.48M, Peak:180.48M | Scene, ViewLayer | Updating Geometry BVH floor_living_dining_balcony_mesh 80/1281 | Building BVH
Fra:1 Mem:618.63M (Peak 618.80M) | Time:00:01.69 | Mem:180.48M, Peak:180.48M | Scene, ViewLayer | Updating Geometry BVH fx_curt_living_bo_w_A_mesh 1276/1281 | Building BVH
Fra:1 Mem:618.63M (Peak 618.80M) | Time:00:01.69 | Mem:180.52M, Peak:180.52M | Scene, ViewLayer | Updating Geometry BVH floor_kitchen_mesh 81/1281 | Building BVH
Fra:1 Mem:618.63M (Peak 618.80M) | Time:00:01.69 | Mem:180.52M, Peak:180.52M | Scene, ViewLayer | Updating Geometry BVH floor_corridor_0_mesh 84/1281 | Building BVH
Fra:1 Mem:618.63M (Peak 618.80M) | Time:00:01.69 | Mem:180.52M, Peak:180.52M | Scene, ViewLayer | Updating Geometry BVH floor_terrace_mesh 89/1281 | Building BVH
Fra:1 Mem:618.63M (Peak 618.80M) | Time:00:01.69 | Mem:180.59M, Peak:180.59M | Scene, ViewLayer | Updating Geometry BVH BezierCurve.002 77/1281 | Building BVH
Fra:1 Mem:618.63M (Peak 618.80M) | Time:00:01.69 | Mem:191.57M, Peak:191.57M | Scene, ViewLayer | Updating Geometry BVH floor_parents_room_mesh 90/1281 | Building BVH
Fra:1 Mem:618.63M (Peak 618.80M) | Time:00:01.69 | Mem:191.57M, Peak:191.57M | Scene, ViewLayer | Updating Geometry BVH floor_elevator_hall_mesh 92/1281 | Building BVH
Fra:1 Mem:618.63M (Peak 618.80M) | Time:00:01.69 | Mem:191.57M, Peak:191.57M | Scene, ViewLayer | Updating Geometry BVH floor_foyer_mesh 91/1281 | Building BVH
Fra:1 Mem:618.63M (Peak 618.80M) | Time:00:01.69 | Mem:191.57M, Peak:191.57M | Scene, ViewLayer | Updating Geometry BVH W01_s03_mesh 96/1281 | Building BVH
Fra:1 Mem:618.63M (Peak 618.80M) | Time:00:01.69 | Mem:191.57M, Peak:191.57M | Scene, ViewLayer | Updating Geometry BVH W02_s00_mesh 97/1281 | Building BVH
Fra:1 Mem:618.63M (Peak 618.80M) | Time:00:01.69 | Mem:191.60M, Peak:191.60M | Scene, ViewLayer | Updating Geometry BVH W02_s01_mesh 98/1281 | Building BVH
Fra:1 Mem:618.63M (Peak 618.80M) | Time:00:01.69 | Mem:191.62M, Peak:191.62M | Scene, ViewLayer | Updating Geometry BVH W02_s02_mesh 99/1281 | Building BVH
Fra:1 Mem:618.63M (Peak 618.80M) | Time:00:01.69 | Mem:203.00M, Peak:203.00M | Scene, ViewLayer | Updating Geometry BVH W02_s03_mesh 100/1281 | Building BVH
Fra:1 Mem:618.63M (Peak 618.80M) | Time:00:01.70 | Mem:203.00M, Peak:203.00M | Scene, ViewLayer | Updating Geometry BVH W03_s00_mesh 101/1281 | Building BVH
Fra:1 Mem:618.63M (Peak 618.80M) | Time:00:01.70 | Mem:203.00M, Peak:203.00M | Scene, ViewLayer | Updating Geometry BVH W04_s00_mesh 102/1281 | Building BVH
Fra:1 Mem:618.63M (Peak 618.80M) | Time:00:01.70 | Mem:203.01M, Peak:203.01M | Scene, ViewLayer | Updating Geometry BVH W05_s00_mesh 103/1281 | Building BVH
Fra:1 Mem:618.63M (Peak 618.80M) | Time:00:01.70 | Mem:203.01M, Peak:203.01M | Scene, ViewLayer | Updating Geometry BVH W05_s01_mesh 104/1281 | Building BVH
Fra:1 Mem:618.63M (Peak 618.80M) | Time:00:01.70 | Mem:203.02M, Peak:203.02M | Scene, ViewLayer | Updating Geometry BVH W05_s02_mesh 105/1281 | Building BVH
Fra:1 Mem:618.63M (Peak 618.80M) | Time:00:01.70 | Mem:203.02M, Peak:203.02M | Scene, ViewLayer | Updating Geometry BVH W05_s03_mesh 106/1281 | Building BVH
Fra:1 Mem:618.63M (Peak 618.80M) | Time:00:01.70 | Mem:203.02M, Peak:203.02M | Scene, ViewLayer | Updating Geometry BVH W06_s00_mesh 107/1281 | Building BVH
Fra:1 Mem:618.63M (Peak 618.80M) | Time:00:01.70 | Mem:203.06M, Peak:203.06M | Scene, ViewLayer | Updating Geometry BVH W06_s01_mesh 108/1281 | Building BVH
Fra:1 Mem:618.63M (Peak 618.80M) | Time:00:01.70 | Mem:203.06M, Peak:203.06M | Scene, ViewLayer | Updating Geometry BVH fx_curt_living_sheer_A_mesh 1275/1281 | Building BVH
Fra:1 Mem:618.63M (Peak 618.80M) | Time:00:01.70 | Mem:203.07M, Peak:203.07M | Scene, ViewLayer | Updating Geometry BVH W06_s02_mesh 109/1281 | Building BVH
Fra:1 Mem:618.63M (Peak 618.80M) | Time:00:01.70 | Mem:203.12M, Peak:203.12M | Scene, ViewLayer | Updating Geometry BVH W06_s03_mesh 110/1281 | Building BVH
Fra:1 Mem:618.63M (Peak 618.80M) | Time:00:01.70 | Mem:203.12M, Peak:203.12M | Scene, ViewLayer | Updating Geometry BVH W07_s00_mesh 111/1281 | Building BVH
Fra:1 Mem:618.63M (Peak 618.80M) | Time:00:01.70 | Mem:203.12M, Peak:203.12M | Scene, ViewLayer | Updating Geometry BVH W07_s01_mesh 112/1281 | Building BVH
Fra:1 Mem:618.63M (Peak 618.80M) | Time:00:01.70 | Mem:203.11M, Peak:203.12M | Scene, ViewLayer | Updating Geometry BVH W07_s02_mesh 113/1281 | Building BVH
Fra:1 Mem:618.63M (Peak 618.80M) | Time:00:01.70 | Mem:203.12M, Peak:203.12M | Scene, ViewLayer | Updating Geometry BVH W08_s00_mesh 114/1281 | Building BVH
Fra:1 Mem:618.63M (Peak 618.80M) | Time:00:01.70 | Mem:203.13M, Peak:203.13M | Scene, ViewLayer | Updating Geometry BVH W08_s01_mesh 115/1281 | Building BVH
Fra:1 Mem:618.63M (Peak 618.80M) | Time:00:01.70 | Mem:203.17M, Peak:203.17M | Scene, ViewLayer | Updating Geometry BVH W08_s02_mesh 116/1281 | Building BVH
Fra:1 Mem:618.63M (Peak 618.80M) | Time:00:01.70 | Mem:203.17M, Peak:203.17M | Scene, ViewLayer | Updating Geometry BVH W09_s00_mesh 117/1281 | Building BVH
Fra:1 Mem:618.63M (Peak 618.80M) | Time:00:01.70 | Mem:203.17M, Peak:203.17M | Scene, ViewLayer | Updating Geometry BVH W10_s00_mesh 118/1281 | Building BVH
Fra:1 Mem:618.63M (Peak 618.80M) | Time:00:01.70 | Mem:203.18M, Peak:203.18M | Scene, ViewLayer | Updating Geometry BVH W10_s01_mesh 119/1281 | Building BVH
Fra:1 Mem:618.63M (Peak 618.80M) | Time:00:01.70 | Mem:203.18M, Peak:203.18M | Scene, ViewLayer | Updating Geometry BVH W10_s02_mesh 120/1281 | Building BVH
Fra:1 Mem:618.63M (Peak 618.80M) | Time:00:01.70 | Mem:203.21M, Peak:203.21M | Scene, ViewLayer | Updating Geometry BVH W10_s03_mesh 121/1281 | Building BVH
Fra:1 Mem:618.63M (Peak 618.80M) | Time:00:01.70 | Mem:203.22M, Peak:203.22M | Scene, ViewLayer | Updating Geometry BVH W11_s00_mesh 122/1281 | Building BVH
Fra:1 Mem:618.63M (Peak 618.80M) | Time:00:01.70 | Mem:203.24M, Peak:203.24M | Scene, ViewLayer | Updating Geometry BVH W12_s00_mesh 123/1281 | Building BVH
Fra:1 Mem:618.63M (Peak 618.80M) | Time:00:01.70 | Mem:203.24M, Peak:203.24M | Scene, ViewLayer | Updating Geometry BVH W12_s01_mesh 124/1281 | Building BVH
Fra:1 Mem:618.63M (Peak 618.80M) | Time:00:01.70 | Mem:203.24M, Peak:203.24M | Scene, ViewLayer | Updating Geometry BVH W12_s02_mesh 125/1281 | Building BVH
Fra:1 Mem:618.63M (Peak 618.80M) | Time:00:01.70 | Mem:203.24M, Peak:203.24M | Scene, ViewLayer | Updating Geometry BVH W13_s00_mesh 126/1281 | Building BVH
Fra:1 Mem:618.63M (Peak 618.80M) | Time:00:01.70 | Mem:203.25M, Peak:203.25M | Scene, ViewLayer | Updating Geometry BVH tree.016 76/1281 | Building BVH
Fra:1 Mem:618.63M (Peak 618.80M) | Time:00:01.70 | Mem:203.26M, Peak:203.26M | Scene, ViewLayer | Updating Geometry BVH W13_s01_mesh 127/1281 | Building BVH
Fra:1 Mem:618.63M (Peak 618.80M) | Time:00:01.70 | Mem:208.56M, Peak:208.56M | Scene, ViewLayer | Updating Geometry BVH W13_s02_mesh 128/1281 | Building BVH
Fra:1 Mem:618.63M (Peak 618.80M) | Time:00:01.70 | Mem:228.06M, Peak:228.06M | Scene, ViewLayer | Updating Geometry BVH W14_s00_mesh 129/1281 | Building BVH
Fra:1 Mem:618.63M (Peak 618.80M) | Time:00:01.70 | Mem:228.06M, Peak:228.06M | Scene, ViewLayer | Updating Geometry BVH W14_s01_mesh 130/1281 | Building BVH
Fra:1 Mem:618.63M (Peak 618.80M) | Time:00:01.70 | Mem:228.06M, Peak:228.06M | Scene, ViewLayer | Updating Geometry BVH W14_s02_mesh 131/1281 | Building BVH
Fra:1 Mem:618.63M (Peak 618.80M) | Time:00:01.70 | Mem:228.06M, Peak:228.06M | Scene, ViewLayer | Updating Geometry BVH W14_s03_mesh 132/1281 | Building BVH
Fra:1 Mem:618.63M (Peak 618.80M) | Time:00:01.70 | Mem:228.12M, Peak:228.12M | Scene, ViewLayer | Updating Geometry BVH W14_s04_mesh 133/1281 | Building BVH
Fra:1 Mem:618.64M (Peak 618.80M) | Time:00:01.70 | Mem:228.12M, Peak:228.12M | Scene, ViewLayer | Updating Geometry BVH A_living_dining_balcony_lounge_chair_01_arm1_mesh 1274/1281 | Building BVH
Fra:1 Mem:618.63M (Peak 618.80M) | Time:00:01.70 | Mem:228.12M, Peak:228.12M | Scene, ViewLayer | Updating Geometry BVH W15_s01_mesh 135/1281 | Building BVH
Fra:1 Mem:618.63M (Peak 618.80M) | Time:00:01.70 | Mem:228.12M, Peak:228.12M | Scene, ViewLayer | Updating Geometry BVH W17_s00_mesh 138/1281 | Building BVH
Fra:1 Mem:618.64M (Peak 618.80M) | Time:00:01.70 | Mem:228.13M, Peak:228.13M | Scene, ViewLayer | Updating Geometry BVH W17_s01_mesh 139/1281 | Building BVH
Fra:1 Mem:618.64M (Peak 618.80M) | Time:00:01.70 | Mem:228.13M, Peak:228.13M | Scene, ViewLayer | Updating Geometry BVH W17_s02_mesh 140/1281 | Building BVH
Fra:1 Mem:618.64M (Peak 618.80M) | Time:00:01.70 | Mem:228.14M, Peak:228.14M | Scene, ViewLayer | Updating Geometry BVH W18_s00_mesh 141/1281 | Building BVH
Fra:1 Mem:618.64M (Peak 618.80M) | Time:00:01.70 | Mem:239.35M, Peak:239.35M | Scene, ViewLayer | Updating Geometry BVH W18_s01_mesh 142/1281 | Building BVH
Fra:1 Mem:618.64M (Peak 618.80M) | Time:00:01.70 | Mem:239.34M, Peak:239.35M | Scene, ViewLayer | Updating Geometry BVH W18_s02_mesh 143/1281 | Building BVH
Fra:1 Mem:618.64M (Peak 618.80M) | Time:00:01.70 | Mem:239.37M, Peak:239.37M | Scene, ViewLayer | Updating Geometry BVH W18_s03_mesh 144/1281 | Building BVH
Fra:1 Mem:618.64M (Peak 618.80M) | Time:00:01.70 | Mem:239.38M, Peak:239.38M | Scene, ViewLayer | Updating Geometry BVH W19_s00_mesh 145/1281 | Building BVH
Fra:1 Mem:618.64M (Peak 618.80M) | Time:00:01.70 | Mem:253.54M, Peak:253.54M | Scene, ViewLayer | Updating Geometry BVH W19_s01_mesh 146/1281 | Building BVH
Fra:1 Mem:618.64M (Peak 618.80M) | Time:00:01.70 | Mem:253.55M, Peak:253.55M | Scene, ViewLayer | Updating Geometry BVH W19_s02_mesh 147/1281 | Building BVH
Fra:1 Mem:618.64M (Peak 618.80M) | Time:00:01.70 | Mem:253.56M, Peak:253.56M | Scene, ViewLayer | Updating Geometry BVH A_living_dining_balcony_lounge_chair_01_arm0_mesh 1273/1281 | Building BVH
Fra:1 Mem:618.64M (Peak 618.80M) | Time:00:01.70 | Mem:253.56M, Peak:253.56M | Scene, ViewLayer | Updating Geometry BVH W20_s00_mesh 148/1281 | Building BVH
Fra:1 Mem:618.64M (Peak 618.80M) | Time:00:01.71 | Mem:253.58M, Peak:253.58M | Scene, ViewLayer | Updating Geometry BVH A_living_dining_balcony_lounge_chair_01_leg3_mesh 1272/1281 | Building BVH
Fra:1 Mem:618.64M (Peak 618.80M) | Time:00:01.71 | Mem:253.59M, Peak:253.59M | Scene, ViewLayer | Updating Geometry BVH A_living_dining_balcony_lounge_chair_01_leg2_mesh 1271/1281 | Building BVH
Fra:1 Mem:618.64M (Peak 618.80M) | Time:00:01.71 | Mem:253.60M, Peak:253.60M | Scene, ViewLayer | Updating Geometry BVH A_living_dining_balcony_lounge_chair_01_leg1_mesh 1270/1281 | Building BVH
Fra:1 Mem:618.64M (Peak 618.80M) | Time:00:01.71 | Mem:253.61M, Peak:253.61M | Scene, ViewLayer | Updating Geometry BVH A_living_dining_balcony_lounge_chair_01_leg0_mesh 1269/1281 | Building BVH
Fra:1 Mem:618.64M (Peak 618.80M) | Time:00:01.71 | Mem:253.62M, Peak:253.62M | Scene, ViewLayer | Updating Geometry BVH A_living_dining_balcony_lounge_chair_01_back_mesh 1268/1281 | Building BVH
Fra:1 Mem:618.64M (Peak 618.80M) | Time:00:01.71 | Mem:277.96M, Peak:277.96M | Scene, ViewLayer | Updating Geometry BVH A_living_dining_balcony_lounge_chair_01_seat_mesh 1267/1281 | Building BVH
Fra:1 Mem:618.64M (Peak 618.80M) | Time:00:01.72 | Mem:277.98M, Peak:277.98M | Scene, ViewLayer | Updating Geometry BVH A_living_dining_balcony_floor_lamp_01_shade_mesh 1266/1281 | Building BVH
Fra:1 Mem:618.64M (Peak 618.80M) | Time:00:01.72 | Mem:278.00M, Peak:278.01M | Scene, ViewLayer | Updating Geometry BVH A_living_dining_balcony_floor_lamp_01_arc 1265/1281 | Building BVH
Fra:1 Mem:618.64M (Peak 618.80M) | Time:00:01.73 | Mem:278.07M, Peak:278.10M | Scene, ViewLayer | Updating Geometry BVH A_living_dining_balcony_floor_lamp_01_base_mesh 1264/1281 | Building BVH
Fra:1 Mem:618.64M (Peak 618.80M) | Time:00:01.74 | Mem:278.09M, Peak:278.10M | Scene, ViewLayer | Updating Geometry BVH A_living_dining_balcony_tv_01_screen_mesh 1263/1281 | Building BVH
Fra:1 Mem:618.64M (Peak 618.80M) | Time:00:01.74 | Mem:278.10M, Peak:278.10M | Scene, ViewLayer | Updating Geometry BVH A_living_dining_balcony_rug_01_border3_mesh 1262/1281 | Building BVH
Fra:1 Mem:618.64M (Peak 618.80M) | Time:00:01.74 | Mem:278.11M, Peak:278.11M | Scene, ViewLayer | Updating Geometry BVH A_living_dining_balcony_rug_01_border2_mesh 1261/1281 | Building BVH
Fra:1 Mem:618.64M (Peak 618.80M) | Time:00:01.74 | Mem:278.12M, Peak:278.12M | Scene, ViewLayer | Updating Geometry BVH A_living_dining_balcony_rug_01_border1_mesh 1260/1281 | Building BVH
Fra:1 Mem:618.64M (Peak 618.80M) | Time:00:01.75 | Mem:278.13M, Peak:278.13M | Scene, ViewLayer | Updating Geometry BVH A_living_dining_balcony_rug_01_border0_mesh 1259/1281 | Building BVH
Fra:1 Mem:618.64M (Peak 618.80M) | Time:00:01.75 | Mem:278.14M, Peak:278.14M | Scene, ViewLayer | Updating Geometry BVH A_living_dining_balcony_rug_01_pile_mesh 1258/1281 | Building BVH
Fra:1 Mem:618.64M (Peak 618.80M) | Time:00:01.75 | Mem:278.15M, Peak:278.15M | Scene, ViewLayer | Updating Geometry BVH A_living_dining_balcony_coffee_table_01_leg2_mesh 1257/1281 | Building BVH
Fra:1 Mem:618.64M (Peak 618.80M) | Time:00:01.76 | Mem:278.16M, Peak:278.16M | Scene, ViewLayer | Updating Geometry BVH A_living_dining_balcony_coffee_table_01_leg1_mesh 1256/1281 | Building BVH
Fra:1 Mem:618.64M (Peak 618.80M) | Time:00:01.77 | Mem:278.16M, Peak:278.17M | Scene, ViewLayer | Updating Geometry BVH A_living_dining_balcony_coffee_table_01_leg0_mesh 1255/1281 | Building BVH
Fra:1 Mem:618.64M (Peak 618.80M) | Time:00:01.77 | Mem:278.17M, Peak:278.17M | Scene, ViewLayer | Updating Geometry BVH A_living_dining_balcony_coffee_table_01_top_mesh 1254/1281 | Building BVH
Fra:1 Mem:618.64M (Peak 618.80M) | Time:00:01.77 | Mem:278.19M, Peak:278.19M | Scene, ViewLayer | Updating Geometry BVH A_living_dining_balcony_ottoman_01_base_mesh 1253/1281 | Building BVH
Fra:1 Mem:618.64M (Peak 618.80M) | Time:00:01.78 | Mem:278.20M, Peak:278.20M | Scene, ViewLayer | Updating Geometry BVH A_living_dining_balcony_ottoman_01_pad_mesh 1252/1281 | Building BVH
Fra:1 Mem:618.64M (Peak 618.80M) | Time:00:01.78 | Mem:278.21M, Peak:278.22M | Scene, ViewLayer | Updating Geometry BVH A_living_dining_balcony_sofa_01_pillow_brick_mesh 1251/1281 | Building BVH
Fra:1 Mem:618.64M (Peak 618.80M) | Time:00:01.79 | Mem:278.23M, Peak:278.23M | Scene, ViewLayer | Updating Geometry BVH A_living_dining_balcony_sofa_01_pillow_olive_mesh 1250/1281 | Building BVH
Fra:1 Mem:618.64M (Peak 618.80M) | Time:00:01.79 | Mem:278.24M, Peak:278.25M | Scene, ViewLayer | Updating Geometry BVH A_living_dining_balcony_sofa_01_arm1_mesh 1249/1281 | Building BVH
Fra:1 Mem:618.64M (Peak 618.80M) | Time:00:01.80 | Mem:278.26M, Peak:278.26M | Scene, ViewLayer | Updating Geometry BVH A_living_dining_balcony_sofa_01_arm0_mesh 1248/1281 | Building BVH
Fra:1 Mem:618.64M (Peak 618.80M) | Time:00:01.80 | Mem:278.28M, Peak:278.28M | Scene, ViewLayer | Updating Geometry BVH A_living_dining_balcony_sofa_01_seat2_mesh 1247/1281 | Building BVH
Fra:1 Mem:618.64M (Peak 618.80M) | Time:00:01.80 | Mem:278.29M, Peak:278.29M | Scene, ViewLayer | Updating Geometry BVH A_living_dining_balcony_sofa_01_seat1_mesh 1246/1281 | Building BVH
Fra:1 Mem:618.64M (Peak 618.80M) | Time:00:01.80 | Mem:278.31M, Peak:278.31M | Scene, ViewLayer | Updating Geometry BVH A_living_dining_balcony_sofa_01_seat0_mesh 1245/1281 | Building BVH
Fra:1 Mem:618.64M (Peak 618.80M) | Time:00:01.81 | Mem:278.32M, Peak:278.33M | Scene, ViewLayer | Updating Geometry BVH A_living_dining_balcony_sofa_01_back2_mesh 1244/1281 | Building BVH
Fra:1 Mem:618.64M (Peak 618.80M) | Time:00:01.81 | Mem:278.34M, Peak:278.34M | Scene, ViewLayer | Updating Geometry BVH W21_s00_mesh 149/1281 | Building BVH
Fra:1 Mem:618.64M (Peak 618.80M) | Time:00:01.81 | Mem:278.34M, Peak:278.34M | Scene, ViewLayer | Updating Geometry BVH W22_s01_mesh 151/1281 | Building BVH
Fra:1 Mem:618.64M (Peak 618.80M) | Time:00:01.81 | Mem:278.34M, Peak:278.34M | Scene, ViewLayer | Updating Geometry BVH W23_s00_mesh 152/1281 | Building BVH
Fra:1 Mem:618.64M (Peak 618.80M) | Time:00:01.81 | Mem:278.34M, Peak:278.34M | Scene, ViewLayer | Updating Geometry BVH A_living_dining_balcony_sofa_01_back1_mesh 1243/1281 | Building BVH
Fra:1 Mem:618.64M (Peak 618.80M) | Time:00:01.81 | Mem:278.39M, Peak:278.39M | Scene, ViewLayer | Updating Geometry BVH W23_s01_mesh 153/1281 | Building BVH
Fra:1 Mem:618.64M (Peak 618.80M) | Time:00:01.81 | Mem:278.40M, Peak:278.40M | Scene, ViewLayer | Updating Geometry BVH W23_s02_mesh 154/1281 | Building BVH
Fra:1 Mem:618.64M (Peak 618.80M) | Time:00:01.81 | Mem:278.41M, Peak:278.41M | Scene, ViewLayer | Updating Geometry BVH A_living_dining_balcony_sofa_01_back0_mesh 1242/1281 | Building BVH
Fra:1 Mem:618.64M (Peak 618.80M) | Time:00:01.81 | Mem:278.42M, Peak:278.43M | Scene, ViewLayer | Updating Geometry BVH A_living_dining_balcony_sofa_01_leg3_mesh 1241/1281 | Building BVH
Fra:1 Mem:618.64M (Peak 618.80M) | Time:00:01.81 | Mem:278.43M, Peak:278.43M | Scene, ViewLayer | Updating Geometry BVH A_living_dining_balcony_sofa_01_leg2_mesh 1240/1281 | Building BVH
Fra:1 Mem:618.64M (Peak 618.80M) | Time:00:01.81 | Mem:278.44M, Peak:278.44M | Scene, ViewLayer | Updating Geometry BVH W23_s03_mesh 155/1281 | Building BVH
Fra:1 Mem:618.64M (Peak 618.80M) | Time:00:01.81 | Mem:278.44M, Peak:278.44M | Scene, ViewLayer | Updating Geometry BVH W27_s00_mesh 159/1281 | Building BVH
Fra:1 Mem:618.64M (Peak 618.80M) | Time:00:01.81 | Mem:278.44M, Peak:278.44M | Scene, ViewLayer | Updating Geometry BVH W27_s02_mesh 161/1281 | Building BVH
Fra:1 Mem:618.64M (Peak 618.80M) | Time:00:01.81 | Mem:278.44M, Peak:278.44M | Scene, ViewLayer | Updating Geometry BVH win_W01_0mul1_mesh 168/1281 | Building BVH
Fra:1 Mem:618.64M (Peak 618.80M) | Time:00:01.81 | Mem:264.29M, Peak:278.44M | Scene, ViewLayer | Updating Geometry BVH win_W02_0lft_mesh 172/1281 | Building BVH
Fra:1 Mem:618.64M (Peak 618.80M) | Time:00:01.81 | Mem:264.29M, Peak:278.44M | Scene, ViewLayer | Updating Geometry BVH win_W02_0rgt_mesh 173/1281 | Building BVH
Fra:1 Mem:618.64M (Peak 618.80M) | Time:00:01.81 | Mem:264.29M, Peak:278.44M | Scene, ViewLayer | Updating Geometry BVH win_W02_0glass_mesh 174/1281 | Building BVH
Fra:1 Mem:618.64M (Peak 618.80M) | Time:00:01.81 | Mem:253.07M, Peak:278.44M | Scene, ViewLayer | Updating Geometry BVH win_W05_0bot_mesh 175/1281 | Building BVH
Fra:1 Mem:618.64M (Peak 618.80M) | Time:00:01.82 | Mem:253.16M, Peak:278.44M | Scene, ViewLayer | Updating Geometry BVH win_W05_0top_mesh 176/1281 | Building BVH
Fra:1 Mem:618.64M (Peak 618.80M) | Time:00:01.82 | Mem:253.16M, Peak:278.44M | Scene, ViewLayer | Updating Geometry BVH win_W05_0rgt_mesh 178/1281 | Building BVH
Fra:1 Mem:618.64M (Peak 618.80M) | Time:00:01.82 | Mem:253.16M, Peak:278.44M | Scene, ViewLayer | Updating Geometry BVH win_W05_0glass_mesh 179/1281 | Building BVH
Fra:1 Mem:618.64M (Peak 618.80M) | Time:00:01.82 | Mem:253.16M, Peak:278.44M | Scene, ViewLayer | Updating Geometry BVH win_W06_0bot_mesh 180/1281 | Building BVH
Fra:1 Mem:618.64M (Peak 618.80M) | Time:00:01.82 | Mem:253.16M, Peak:278.44M | Scene, ViewLayer | Updating Geometry BVH win_W06_0top_mesh 181/1281 | Building BVH
Fra:1 Mem:618.64M (Peak 618.80M) | Time:00:01.82 | Mem:253.17M, Peak:278.44M | Scene, ViewLayer | Updating Geometry BVH win_W06_0lft_mesh 182/1281 | Building BVH
Fra:1 Mem:618.64M (Peak 618.80M) | Time:00:01.82 | Mem:253.17M, Peak:278.44M | Scene, ViewLayer | Updating Geometry BVH win_W06_0rgt_mesh 183/1281 | Building BVH
Fra:1 Mem:618.64M (Peak 618.80M) | Time:00:01.82 | Mem:253.17M, Peak:278.44M | Scene, ViewLayer | Updating Geometry BVH win_W06_0mul1_mesh 184/1281 | Building BVH
Fra:1 Mem:618.64M (Peak 618.80M) | Time:00:01.82 | Mem:253.19M, Peak:278.44M | Scene, ViewLayer | Updating Geometry BVH win_W06_0glass_mesh 185/1281 | Building BVH
Fra:1 Mem:618.64M (Peak 618.80M) | Time:00:01.82 | Mem:253.23M, Peak:278.44M | Scene, ViewLayer | Updating Geometry BVH win_W10_0bot_mesh 186/1281 | Building BVH
Fra:1 Mem:618.64M (Peak 618.80M) | Time:00:01.82 | Mem:253.23M, Peak:278.44M | Scene, ViewLayer | Updating Geometry BVH win_W10_0top_mesh 187/1281 | Building BVH
Fra:1 Mem:618.64M (Peak 618.80M) | Time:00:01.82 | Mem:253.26M, Peak:278.44M | Scene, ViewLayer | Updating Geometry BVH win_W10_0lft_mesh 188/1281 | Building BVH
Fra:1 Mem:618.64M (Peak 618.80M) | Time:00:01.82 | Mem:253.27M, Peak:278.44M | Scene, ViewLayer | Updating Geometry BVH win_W10_0rgt_mesh 189/1281 | Building BVH
Fra:1 Mem:618.64M (Peak 618.80M) | Time:00:01.82 | Mem:253.27M, Peak:278.44M | Scene, ViewLayer | Updating Geometry BVH win_W10_0glass_mesh 190/1281 | Building BVH
Fra:1 Mem:618.64M (Peak 618.80M) | Time:00:01.82 | Mem:253.27M, Peak:278.44M | Scene, ViewLayer | Updating Geometry BVH win_W18_0top_mesh 192/1281 | Building BVH
Fra:1 Mem:618.64M (Peak 618.80M) | Time:00:01.82 | Mem:253.27M, Peak:278.44M | Scene, ViewLayer | Updating Geometry BVH win_W18_0lft_mesh 193/1281 | Building BVH
Fra:1 Mem:618.64M (Peak 618.80M) | Time:00:01.82 | Mem:253.28M, Peak:278.44M | Scene, ViewLayer | Updating Geometry BVH win_W18_0rgt_mesh 194/1281 | Building BVH
Fra:1 Mem:618.64M (Peak 618.80M) | Time:00:01.82 | Mem:253.29M, Peak:278.44M | Scene, ViewLayer | Updating Geometry BVH win_W18_0mul2_mesh 196/1281 | Building BVH
Fra:1 Mem:618.64M (Peak 618.80M) | Time:00:01.82 | Mem:253.30M, Peak:278.44M | Scene, ViewLayer | Updating Geometry BVH win_W18_0mul1_mesh 195/1281 | Building BVH
Fra:1 Mem:618.64M (Peak 618.80M) | Time:00:01.82 | Mem:253.33M, Peak:278.44M | Scene, ViewLayer | Updating Geometry BVH win_W18_0mul3_mesh 197/1281 | Building BVH
Fra:1 Mem:618.64M (Peak 618.80M) | Time:00:01.82 | Mem:253.33M, Peak:278.44M | Scene, ViewLayer | Updating Geometry BVH win_W18_0glass_mesh 198/1281 | Building BVH
Fra:1 Mem:618.64M (Peak 618.80M) | Time:00:01.82 | Mem:253.35M, Peak:278.44M | Scene, ViewLayer | Updating Geometry BVH win_W23_0bot_mesh 199/1281 | Building BVH
Fra:1 Mem:618.64M (Peak 618.80M) | Time:00:01.82 | Mem:253.36M, Peak:278.44M | Scene, ViewLayer | Updating Geometry BVH win_W23_0top_mesh 200/1281 | Building BVH
Fra:1 Mem:618.64M (Peak 618.80M) | Time:00:01.82 | Mem:253.36M, Peak:278.44M | Scene, ViewLayer | Updating Geometry BVH win_W23_0lft_mesh 201/1281 | Building BVH
Fra:1 Mem:618.64M (Peak 618.80M) | Time:00:01.82 | Mem:253.39M, Peak:278.44M | Scene, ViewLayer | Updating Geometry BVH win_W23_0rgt_mesh 202/1281 | Building BVH
Fra:1 Mem:618.64M (Peak 618.80M) | Time:00:01.82 | Mem:253.40M, Peak:278.44M | Scene, ViewLayer | Updating Geometry BVH win_W23_0mul1_mesh 203/1281 | Building BVH
Fra:1 Mem:618.64M (Peak 618.80M) | Time:00:01.82 | Mem:253.41M, Peak:278.44M | Scene, ViewLayer | Updating Geometry BVH win_W23_0glass_mesh 204/1281 | Building BVH
Fra:1 Mem:618.64M (Peak 618.80M) | Time:00:01.82 | Mem:253.41M, Peak:278.44M | Scene, ViewLayer | Updating Geometry BVH door_W07_0jlfto_mesh 205/1281 | Building BVH
Fra:1 Mem:618.64M (Peak 618.80M) | Time:00:01.82 | Mem:253.42M, Peak:278.44M | Scene, ViewLayer | Updating Geometry BVH door_W07_0jlfti_mesh 206/1281 | Building BVH
Fra:1 Mem:618.64M (Peak 618.80M) | Time:00:01.82 | Mem:253.42M, Peak:278.44M | Scene, ViewLayer | Updating Geometry BVH door_W07_0jtopo_mesh 209/1281 | Building BVH
Fra:1 Mem:618.64M (Peak 618.80M) | Time:00:01.82 | Mem:253.42M, Peak:278.44M | Scene, ViewLayer | Updating Geometry BVH door_W07_0jtopi_mesh 210/1281 | Building BVH
Fra:1 Mem:618.64M (Peak 618.80M) | Time:00:01.82 | Mem:253.43M, Peak:278.44M | Scene, ViewLayer | Updating Geometry BVH door_W07_0lin_l_mesh 211/1281 | Building BVH
Fra:1 Mem:618.64M (Peak 618.80M) | Time:00:01.82 | Mem:253.45M, Peak:278.44M | Scene, ViewLayer | Updating Geometry BVH door_W07_0lin_r_mesh 212/1281 | Building BVH
Fra:1 Mem:618.64M (Peak 618.80M) | Time:00:01.82 | Mem:253.47M, Peak:278.44M | Scene, ViewLayer | Updating Geometry BVH door_W07_0lin_t_mesh 213/1281 | Building BVH
Fra:1 Mem:618.64M (Peak 618.80M) | Time:00:01.83 | Mem:253.49M, Peak:278.44M | Scene, ViewLayer | Updating Geometry BVH door_W07_0leaf_mesh 214/1281 | Building BVH
Fra:1 Mem:618.64M (Peak 618.80M) | Time:00:01.83 | Mem:253.49M, Peak:278.44M | Scene, ViewLayer | Updating Geometry BVH door_W07_0hdl_mesh 215/1281 | Building BVH
Fra:1 Mem:618.64M (Peak 618.80M) | Time:00:01.83 | Mem:253.49M, Peak:278.44M | Scene, ViewLayer | Updating Geometry BVH door_W08_0jlfto_mesh 216/1281 | Building BVH
Fra:1 Mem:618.64M (Peak 618.80M) | Time:00:01.83 | Mem:253.52M, Peak:278.44M | Scene, ViewLayer | Updating Geometry BVH door_W08_0jrgto_mesh 218/1281 | Building BVH
Fra:1 Mem:618.64M (Peak 618.80M) | Time:00:01.83 | Mem:253.52M, Peak:278.44M | Scene, ViewLayer | Updating Geometry BVH door_W08_0jrgti_mesh 219/1281 | Building BVH
Fra:1 Mem:618.64M (Peak 618.80M) | Time:00:01.83 | Mem:253.51M, Peak:278.44M | Scene, ViewLayer | Updating Geometry BVH door_W08_0jtopo_mesh 220/1281 | Building BVH
Fra:1 Mem:618.64M (Peak 618.80M) | Time:00:01.83 | Mem:253.51M, Peak:278.44M | Scene, ViewLayer | Updating Geometry BVH door_W08_0jtopi_mesh 221/1281 | Building BVH
Fra:1 Mem:618.64M (Peak 618.80M) | Time:00:01.83 | Mem:253.52M, Peak:278.44M | Scene, ViewLayer | Updating Geometry BVH door_W08_0lin_l_mesh 222/1281 | Building BVH
Fra:1 Mem:618.64M (Peak 618.80M) | Time:00:01.83 | Mem:253.52M, Peak:278.44M | Scene, ViewLayer | Updating Geometry BVH door_W08_0lin_r_mesh 223/1281 | Building BVH
Fra:1 Mem:618.64M (Peak 618.80M) | Time:00:01.83 | Mem:253.52M, Peak:278.44M | Scene, ViewLayer | Updating Geometry BVH door_W08_0lin_t_mesh 224/1281 | Building BVH
Fra:1 Mem:618.64M (Peak 618.80M) | Time:00:01.83 | Mem:253.53M, Peak:278.44M | Scene, ViewLayer | Updating Geometry BVH door_W08_0lft_mesh 225/1281 | Building BVH
Fra:1 Mem:618.64M (Peak 618.80M) | Time:00:01.83 | Mem:253.60M, Peak:278.44M | Scene, ViewLayer | Updating Geometry BVH door_W08_0rgt_mesh 226/1281 | Building BVH
Fra:1 Mem:618.64M (Peak 618.80M) | Time:00:01.83 | Mem:253.61M, Peak:278.44M | Scene, ViewLayer | Updating Geometry BVH door_W08_0top_mesh 227/1281 | Building BVH
Fra:1 Mem:618.64M (Peak 618.80M) | Time:00:01.83 | Mem:253.61M, Peak:278.44M | Scene, ViewLayer | Updating Geometry BVH door_W08_0bot_mesh 228/1281 | Building BVH
Fra:1 Mem:618.64M (Peak 618.80M) | Time:00:01.83 | Mem:253.61M, Peak:278.44M | Scene, ViewLayer | Updating Geometry BVH door_W08_0fglass_mesh 229/1281 | Building BVH
Fra:1 Mem:618.64M (Peak 618.80M) | Time:00:01.83 | Mem:253.63M, Peak:278.44M | Scene, ViewLayer | Updating Geometry BVH door_W13_0jlfto_mesh 231/1281 | Building BVH
Fra:1 Mem:618.64M (Peak 618.80M) | Time:00:01.83 | Mem:253.63M, Peak:278.44M | Scene, ViewLayer | Updating Geometry BVH door_W13_0jlfti_mesh 232/1281 | Building BVH
Fra:1 Mem:618.64M (Peak 618.80M) | Time:00:01.83 | Mem:253.64M, Peak:278.44M | Scene, ViewLayer | Updating Geometry BVH door_W13_0jrgto_mesh 233/1281 | Building BVH
Fra:1 Mem:618.64M (Peak 618.80M) | Time:00:01.83 | Mem:253.64M, Peak:278.44M | Scene, ViewLayer | Updating Geometry BVH door_W13_0jrgti_mesh 234/1281 | Building BVH
Fra:1 Mem:618.64M (Peak 618.80M) | Time:00:01.83 | Mem:253.64M, Peak:278.44M | Scene, ViewLayer | Updating Geometry BVH door_W13_0jtopo_mesh 235/1281 | Building BVH
Fra:1 Mem:618.64M (Peak 618.80M) | Time:00:01.83 | Mem:253.67M, Peak:278.44M | Scene, ViewLayer | Updating Geometry BVH door_W13_0jtopi_mesh 236/1281 | Building BVH
Fra:1 Mem:618.64M (Peak 618.80M) | Time:00:01.83 | Mem:253.68M, Peak:278.44M | Scene, ViewLayer | Updating Geometry BVH door_W13_0lin_l_mesh 237/1281 | Building BVH
Fra:1 Mem:618.64M (Peak 618.80M) | Time:00:01.83 | Mem:253.68M, Peak:278.44M | Scene, ViewLayer | Updating Geometry BVH door_W13_0lin_r_mesh 238/1281 | Building BVH
Fra:1 Mem:618.64M (Peak 618.80M) | Time:00:01.83 | Mem:253.70M, Peak:278.44M | Scene, ViewLayer | Updating Geometry BVH door_W13_0lin_t_mesh 239/1281 | Building BVH
Fra:1 Mem:618.64M (Peak 618.80M) | Time:00:01.83 | Mem:253.70M, Peak:278.44M | Scene, ViewLayer | Updating Geometry BVH door_W13_0leaf_mesh 240/1281 | Building BVH
Fra:1 Mem:618.64M (Peak 618.80M) | Time:00:01.83 | Mem:253.70M, Peak:278.44M | Scene, ViewLayer | Updating Geometry BVH door_W13_0hdl_mesh 241/1281 | Building BVH
Fra:1 Mem:618.64M (Peak 618.80M) | Time:00:01.83 | Mem:253.71M, Peak:278.44M | Scene, ViewLayer | Updating Geometry BVH A_living_dining_balcony_sofa_01_leg0_mesh 1238/1281 | Building BVH
Fra:1 Mem:618.64M (Peak 618.80M) | Time:00:01.83 | Mem:253.71M, Peak:278.44M | Scene, ViewLayer | Updating Geometry BVH door_W14_0jlfto_mesh 242/1281 | Building BVH
Fra:1 Mem:618.64M (Peak 618.80M) | Time:00:01.83 | Mem:253.73M, Peak:278.44M | Scene, ViewLayer | Updating Geometry BVH door_W14_0jlfti_mesh 243/1281 | Building BVH
Fra:1 Mem:618.64M (Peak 618.80M) | Time:00:01.83 | Mem:253.77M, Peak:278.44M | Scene, ViewLayer | Updating Geometry BVH door_W14_0jrgto_mesh 244/1281 | Building BVH
Fra:1 Mem:618.64M (Peak 618.80M) | Time:00:01.83 | Mem:253.77M, Peak:278.44M | Scene, ViewLayer | Updating Geometry BVH door_W14_0jtopo_mesh 246/1281 | Building BVH
Fra:1 Mem:618.64M (Peak 618.80M) | Time:00:01.83 | Mem:253.77M, Peak:278.44M | Scene, ViewLayer | Updating Geometry BVH door_W14_0jtopi_mesh 247/1281 | Building BVH
Fra:1 Mem:618.64M (Peak 618.80M) | Time:00:01.83 | Mem:253.78M, Peak:278.44M | Scene, ViewLayer | Updating Geometry BVH door_W14_0lin_l_mesh 248/1281 | Building BVH
Fra:1 Mem:618.64M (Peak 618.80M) | Time:00:01.83 | Mem:253.78M, Peak:278.44M | Scene, ViewLayer | Updating Geometry BVH door_W14_0lin_r_mesh 249/1281 | Building BVH
Fra:1 Mem:618.64M (Peak 618.80M) | Time:00:01.83 | Mem:253.84M, Peak:278.44M | Scene, ViewLayer | Updating Geometry BVH door_W14_0lin_t_mesh 250/1281 | Building BVH
Fra:1 Mem:618.64M (Peak 618.80M) | Time:00:01.83 | Mem:253.84M, Peak:278.44M | Scene, ViewLayer | Updating Geometry BVH door_W14_0leaf_mesh 251/1281 | Building BVH
Fra:1 Mem:618.64M (Peak 618.80M) | Time:00:01.83 | Mem:253.84M, Peak:278.44M | Scene, ViewLayer | Updating Geometry BVH door_W14_0hdl_mesh 252/1281 | Building BVH
Fra:1 Mem:618.64M (Peak 618.80M) | Time:00:01.83 | Mem:253.84M, Peak:278.44M | Scene, ViewLayer | Updating Geometry BVH door_W14_1jlfto_mesh 253/1281 | Building BVH
Fra:1 Mem:618.64M (Peak 618.80M) | Time:00:01.83 | Mem:253.84M, Peak:278.44M | Scene, ViewLayer | Updating Geometry BVH door_W14_1jlfti_mesh 254/1281 | Building BVH
Fra:1 Mem:618.64M (Peak 618.80M) | Time:00:01.83 | Mem:253.84M, Peak:278.44M | Scene, ViewLayer | Updating Geometry BVH door_W14_1jrgto_mesh 255/1281 | Building BVH
Fra:1 Mem:618.64M (Peak 618.80M) | Time:00:01.83 | Mem:253.84M, Peak:278.44M | Scene, ViewLayer | Updating Geometry BVH door_W14_1jrgti_mesh 256/1281 | Building BVH
Fra:1 Mem:618.64M (Peak 618.80M) | Time:00:01.83 | Mem:253.89M, Peak:278.44M | Scene, ViewLayer | Updating Geometry BVH door_W14_1jtopo_mesh 257/1281 | Building BVH
Fra:1 Mem:618.64M (Peak 618.80M) | Time:00:01.83 | Mem:253.90M, Peak:278.44M | Scene, ViewLayer | Updating Geometry BVH door_W14_1jtopi_mesh 258/1281 | Building BVH
Fra:1 Mem:618.64M (Peak 618.80M) | Time:00:01.83 | Mem:253.92M, Peak:278.44M | Scene, ViewLayer | Updating Geometry BVH door_W14_1lin_l_mesh 259/1281 | Building BVH
Fra:1 Mem:618.64M (Peak 618.80M) | Time:00:01.83 | Mem:253.92M, Peak:278.44M | Scene, ViewLayer | Updating Geometry BVH door_W14_1lin_r_mesh 260/1281 | Building BVH
Fra:1 Mem:618.64M (Peak 618.80M) | Time:00:01.83 | Mem:253.92M, Peak:278.44M | Scene, ViewLayer | Updating Geometry BVH door_W14_1lin_t_mesh 261/1281 | Building BVH
Fra:1 Mem:618.64M (Peak 618.80M) | Time:00:01.83 | Mem:253.92M, Peak:278.44M | Scene, ViewLayer | Updating Geometry BVH door_W14_1lft_mesh 262/1281 | Building BVH
Fra:1 Mem:618.64M (Peak 618.80M) | Time:00:01.83 | Mem:253.95M, Peak:278.44M | Scene, ViewLayer | Updating Geometry BVH door_W14_1rgt_mesh 263/1281 | Building BVH
Fra:1 Mem:618.64M (Peak 618.80M) | Time:00:01.83 | Mem:253.95M, Peak:278.44M | Scene, ViewLayer | Updating Geometry BVH door_W14_1top_mesh 264/1281 | Building BVH
Fra:1 Mem:618.64M (Peak 618.80M) | Time:00:01.83 | Mem:253.95M, Peak:278.44M | Scene, ViewLayer | Updating Geometry BVH A_living_dining_balcony_sofa_01_base_mesh 1237/1281 | Building BVH
Fra:1 Mem:618.64M (Peak 618.80M) | Time:00:01.83 | Mem:253.95M, Peak:278.44M | Scene, ViewLayer | Updating Geometry BVH door_W14_1bot_mesh 265/1281 | Building BVH
Fra:1 Mem:618.64M (Peak 618.80M) | Time:00:01.83 | Mem:253.96M, Peak:278.44M | Scene, ViewLayer | Updating Geometry BVH door_W14_1fglass_mesh 266/1281 | Building BVH
Fra:1 Mem:618.64M (Peak 618.80M) | Time:00:01.83 | Mem:253.96M, Peak:278.44M | Scene, ViewLayer | Updating Geometry BVH door_W14_1hdl_mesh 267/1281 | Building BVH
Fra:1 Mem:618.64M (Peak 618.80M) | Time:00:01.83 | Mem:253.97M, Peak:278.44M | Scene, ViewLayer | Updating Geometry BVH door_W15_0jlfto_mesh 268/1281 | Building BVH
Fra:1 Mem:618.64M (Peak 618.80M) | Time:00:01.83 | Mem:253.97M, Peak:278.44M | Scene, ViewLayer | Updating Geometry BVH door_W15_0jlfti_mesh 269/1281 | Building BVH
Fra:1 Mem:618.64M (Peak 618.80M) | Time:00:01.83 | Mem:254.03M, Peak:278.44M | Scene, ViewLayer | Updating Geometry BVH door_W15_0jrgto_mesh 270/1281 | Building BVH
Fra:1 Mem:618.64M (Peak 618.80M) | Time:00:01.83 | Mem:254.03M, Peak:278.44M | Scene, ViewLayer | Updating Geometry BVH door_W15_0jrgti_mesh 271/1281 | Building BVH
Fra:1 Mem:618.64M (Peak 618.80M) | Time:00:01.83 | Mem:254.03M, Peak:278.44M | Scene, ViewLayer | Updating Geometry BVH door_W15_0jtopo_mesh 272/1281 | Building BVH
Fra:1 Mem:618.64M (Peak 618.80M) | Time:00:01.83 | Mem:254.04M, Peak:278.44M | Scene, ViewLayer | Updating Geometry BVH door_W15_0jtopi_mesh 273/1281 | Building BVH
Fra:1 Mem:618.64M (Peak 618.80M) | Time:00:01.83 | Mem:254.05M, Peak:278.44M | Scene, ViewLayer | Updating Geometry BVH door_W15_0lin_r_mesh 275/1281 | Building BVH
Fra:1 Mem:618.64M (Peak 618.80M) | Time:00:01.83 | Mem:254.05M, Peak:278.44M | Scene, ViewLayer | Updating Geometry BVH door_W15_0lin_l_mesh 274/1281 | Building BVH
Fra:1 Mem:618.64M (Peak 618.80M) | Time:00:01.83 | Mem:254.05M, Peak:278.44M | Scene, ViewLayer | Updating Geometry BVH door_W15_0lin_t_mesh 276/1281 | Building BVH
Fra:1 Mem:618.64M (Peak 618.80M) | Time:00:01.83 | Mem:254.05M, Peak:278.44M | Scene, ViewLayer | Updating Geometry BVH A_living_dining_balcony_dining_chair_05_armf1_mesh 1236/1281 | Building BVH
Fra:1 Mem:618.64M (Peak 618.80M) | Time:00:01.83 | Mem:254.06M, Peak:278.44M | Scene, ViewLayer | Updating Geometry BVH door_W15_0_top_mesh 278/1281 | Building BVH
Fra:1 Mem:618.64M (Peak 618.80M) | Time:00:01.83 | Mem:254.07M, Peak:278.44M | Scene, ViewLayer | Updating Geometry BVH door_W15_0_lft_mesh 279/1281 | Building BVH
Fra:1 Mem:618.64M (Peak 618.80M) | Time:00:01.83 | Mem:254.10M, Peak:278.44M | Scene, ViewLayer | Updating Geometry BVH door_W15_0_rgt_mesh 280/1281 | Building BVH
Fra:1 Mem:618.64M (Peak 618.80M) | Time:00:01.83 | Mem:254.11M, Peak:278.44M | Scene, ViewLayer | Updating Geometry BVH door_W15_0_glass_mesh 281/1281 | Building BVH
Fra:1 Mem:618.64M (Peak 618.80M) | Time:00:01.83 | Mem:254.12M, Peak:278.44M | Scene, ViewLayer | Updating Geometry BVH door_W15_1_bot_mesh 282/1281 | Building BVH
Fra:1 Mem:618.64M (Peak 618.80M) | Time:00:01.83 | Mem:254.13M, Peak:278.44M | Scene, ViewLayer | Updating Geometry BVH door_W15_1_top_mesh 283/1281 | Building BVH
Fra:1 Mem:618.64M (Peak 618.80M) | Time:00:01.83 | Mem:254.14M, Peak:278.44M | Scene, ViewLayer | Updating Geometry BVH door_W15_1_lft_mesh 284/1281 | Building BVH
Fra:1 Mem:618.64M (Peak 618.80M) | Time:00:01.83 | Mem:254.14M, Peak:278.44M | Scene, ViewLayer | Updating Geometry BVH door_W15_1_rgt_mesh 285/1281 | Building BVH
Fra:1 Mem:618.64M (Peak 618.80M) | Time:00:01.83 | Mem:254.14M, Peak:278.44M | Scene, ViewLayer | Updating Geometry BVH door_W15_1_glass_mesh 286/1281 | Building BVH
Fra:1 Mem:618.64M (Peak 618.80M) | Time:00:01.83 | Mem:254.14M, Peak:278.44M | Scene, ViewLayer | Updating Geometry BVH door_W17_0jlfto_mesh 287/1281 | Building BVH
Fra:1 Mem:618.64M (Peak 618.80M) | Time:00:01.83 | Mem:254.16M, Peak:278.44M | Scene, ViewLayer | Updating Geometry BVH door_W17_0jlfti_mesh 288/1281 | Building BVH
Fra:1 Mem:618.64M (Peak 618.80M) | Time:00:01.83 | Mem:254.20M, Peak:278.44M | Scene, ViewLayer | Updating Geometry BVH door_W17_0jrgto_mesh 289/1281 | Building BVH
Fra:1 Mem:618.64M (Peak 618.80M) | Time:00:01.83 | Mem:254.20M, Peak:278.44M | Scene, ViewLayer | Updating Geometry BVH door_W17_0jrgti_mesh 290/1281 | Building BVH
Fra:1 Mem:618.64M (Peak 618.80M) | Time:00:01.83 | Mem:254.20M, Peak:278.44M | Scene, ViewLayer | Updating Geometry BVH A_living_dining_balcony_dining_chair_05_arm1_mesh 1235/1281 | Building BVH
Fra:1 Mem:618.64M (Peak 618.80M) | Time:00:01.83 | Mem:254.23M, Peak:278.44M | Scene, ViewLayer | Updating Geometry BVH door_W17_0jtopo_mesh 291/1281 | Building BVH
Fra:1 Mem:618.64M (Peak 618.80M) | Time:00:01.83 | Mem:254.23M, Peak:278.44M | Scene, ViewLayer | Updating Geometry BVH door_W17_0lin_l_mesh 293/1281 | Building BVH
Fra:1 Mem:618.64M (Peak 618.80M) | Time:00:01.83 | Mem:254.24M, Peak:278.44M | Scene, ViewLayer | Updating Geometry BVH door_W17_0lin_r_mesh 294/1281 | Building BVH
Fra:1 Mem:618.64M (Peak 618.80M) | Time:00:01.83 | Mem:254.27M, Peak:278.44M | Scene, ViewLayer | Updating Geometry BVH door_W17_0lin_t_mesh 295/1281 | Building BVH
Fra:1 Mem:618.64M (Peak 618.80M) | Time:00:01.83 | Mem:254.28M, Peak:278.44M | Scene, ViewLayer | Updating Geometry BVH door_W17_0_bot_mesh 296/1281 | Building BVH
Fra:1 Mem:618.64M (Peak 618.80M) | Time:00:01.83 | Mem:254.29M, Peak:278.44M | Scene, ViewLayer | Updating Geometry BVH door_W17_0_top_mesh 297/1281 | Building BVH
Fra:1 Mem:618.64M (Peak 618.80M) | Time:00:01.83 | Mem:254.29M, Peak:278.44M | Scene, ViewLayer | Updating Geometry BVH door_W17_0_lft_mesh 298/1281 | Building BVH
Fra:1 Mem:618.64M (Peak 618.80M) | Time:00:01.83 | Mem:254.29M, Peak:278.44M | Scene, ViewLayer | Updating Geometry BVH door_W17_0_rgt_mesh 299/1281 | Building BVH
Fra:1 Mem:618.64M (Peak 618.80M) | Time:00:01.83 | Mem:254.31M, Peak:278.44M | Scene, ViewLayer | Updating Geometry BVH door_W17_0_glass_mesh 300/1281 | Building BVH
Fra:1 Mem:618.64M (Peak 618.80M) | Time:00:01.83 | Mem:254.33M, Peak:278.44M | Scene, ViewLayer | Updating Geometry BVH door_W17_1_bot_mesh 301/1281 | Building BVH
Fra:1 Mem:618.64M (Peak 618.80M) | Time:00:01.83 | Mem:254.34M, Peak:278.44M | Scene, ViewLayer | Updating Geometry BVH door_W17_1_top_mesh 302/1281 | Building BVH
Fra:1 Mem:618.64M (Peak 618.80M) | Time:00:01.84 | Mem:254.36M, Peak:278.44M | Scene, ViewLayer | Updating Geometry BVH door_W17_1_lft_mesh 303/1281 | Building BVH
Fra:1 Mem:618.64M (Peak 618.80M) | Time:00:01.84 | Mem:254.36M, Peak:278.44M | Scene, ViewLayer | Updating Geometry BVH door_W17_1_rgt_mesh 304/1281 | Building BVH
Fra:1 Mem:618.64M (Peak 618.80M) | Time:00:01.84 | Mem:254.36M, Peak:278.44M | Scene, ViewLayer | Updating Geometry BVH door_W17_1_glass_mesh 305/1281 | Building BVH
Fra:1 Mem:618.64M (Peak 618.80M) | Time:00:01.84 | Mem:254.36M, Peak:278.44M | Scene, ViewLayer | Updating Geometry BVH door_W17_2_bot_mesh 306/1281 | Building BVH
Fra:1 Mem:618.64M (Peak 618.80M) | Time:00:01.84 | Mem:254.36M, Peak:278.44M | Scene, ViewLayer | Updating Geometry BVH door_W17_2_lft_mesh 308/1281 | Building BVH
Fra:1 Mem:618.64M (Peak 618.80M) | Time:00:01.84 | Mem:254.36M, Peak:278.44M | Scene, ViewLayer | Updating Geometry BVH door_W17_2_rgt_mesh 309/1281 | Building BVH
Fra:1 Mem:618.64M (Peak 618.80M) | Time:00:01.84 | Mem:254.37M, Peak:278.44M | Scene, ViewLayer | Updating Geometry BVH A_living_dining_balcony_dining_chair_05_armf0_mesh 1234/1281 | Building BVH
Fra:1 Mem:618.64M (Peak 618.80M) | Time:00:01.84 | Mem:254.38M, Peak:278.44M | Scene, ViewLayer | Updating Geometry BVH door_W17_2_glass_mesh 310/1281 | Building BVH
Fra:1 Mem:618.64M (Peak 618.80M) | Time:00:01.84 | Mem:254.38M, Peak:278.44M | Scene, ViewLayer | Updating Geometry BVH door_W19_0jlfto_mesh 311/1281 | Building BVH
Fra:1 Mem:618.64M (Peak 618.80M) | Time:00:01.84 | Mem:254.38M, Peak:278.44M | Scene, ViewLayer | Updating Geometry BVH door_W19_0jlfti_mesh 312/1281 | Building BVH
Fra:1 Mem:618.64M (Peak 618.80M) | Time:00:01.84 | Mem:254.39M, Peak:278.44M | Scene, ViewLayer | Updating Geometry BVH door_W19_0jrgto_mesh 313/1281 | Building BVH
Fra:1 Mem:618.64M (Peak 618.80M) | Time:00:01.84 | Mem:254.40M, Peak:278.44M | Scene, ViewLayer | Updating Geometry BVH door_W19_0jrgti_mesh 314/1281 | Building BVH
Fra:1 Mem:618.64M (Peak 618.80M) | Time:00:01.84 | Mem:254.47M, Peak:278.44M | Scene, ViewLayer | Updating Geometry BVH door_W19_0jtopo_mesh 315/1281 | Building BVH
Fra:1 Mem:618.64M (Peak 618.80M) | Time:00:01.84 | Mem:254.47M, Peak:278.44M | Scene, ViewLayer | Updating Geometry BVH door_W19_0jtopi_mesh 316/1281 | Building BVH
Fra:1 Mem:618.64M (Peak 618.80M) | Time:00:01.84 | Mem:254.47M, Peak:278.44M | Scene, ViewLayer | Updating Geometry BVH door_W19_0lin_l_mesh 317/1281 | Building BVH
Fra:1 Mem:618.64M (Peak 618.80M) | Time:00:01.84 | Mem:254.48M, Peak:278.44M | Scene, ViewLayer | Updating Geometry BVH door_W19_0lin_t_mesh 319/1281 | Building BVH
Fra:1 Mem:618.64M (Peak 618.80M) | Time:00:01.84 | Mem:254.48M, Peak:278.44M | Scene, ViewLayer | Updating Geometry BVH door_W19_0hdl_mesh 321/1281 | Building BVH
Fra:1 Mem:618.64M (Peak 618.80M) | Time:00:01.84 | Mem:254.48M, Peak:278.44M | Scene, ViewLayer | Updating Geometry BVH door_W27_0jlfto_mesh 322/1281 | Building BVH
Fra:1 Mem:618.64M (Peak 618.80M) | Time:00:01.84 | Mem:254.48M, Peak:278.44M | Scene, ViewLayer | Updating Geometry BVH door_W27_0jlfti_mesh 323/1281 | Building BVH
Fra:1 Mem:618.64M (Peak 618.80M) | Time:00:01.84 | Mem:254.48M, Peak:278.44M | Scene, ViewLayer | Updating Geometry BVH door_W27_0jrgto_mesh 324/1281 | Building BVH
Fra:1 Mem:618.64M (Peak 618.80M) | Time:00:01.84 | Mem:254.48M, Peak:278.44M | Scene, ViewLayer | Updating Geometry BVH door_W27_0jrgti_mesh 325/1281 | Building BVH
Fra:1 Mem:618.64M (Peak 618.80M) | Time:00:01.84 | Mem:254.48M, Peak:278.44M | Scene, ViewLayer | Updating Geometry BVH door_W27_0jtopo_mesh 326/1281 | Building BVH
Fra:1 Mem:618.64M (Peak 618.80M) | Time:00:01.84 | Mem:254.49M, Peak:278.44M | Scene, ViewLayer | Updating Geometry BVH door_W27_0jtopi_mesh 327/1281 | Building BVH
Fra:1 Mem:618.64M (Peak 618.80M) | Time:00:01.84 | Mem:254.49M, Peak:278.44M | Scene, ViewLayer | Updating Geometry BVH door_W27_0lin_l_mesh 328/1281 | Building BVH
Fra:1 Mem:618.64M (Peak 618.80M) | Time:00:01.84 | Mem:254.60M, Peak:278.44M | Scene, ViewLayer | Updating Geometry BVH door_W27_0lin_r_mesh 329/1281 | Building BVH
Fra:1 Mem:618.64M (Peak 618.80M) | Time:00:01.84 | Mem:254.60M, Peak:278.44M | Scene, ViewLayer | Updating Geometry BVH door_W27_0lin_t_mesh 330/1281 | Building BVH
Fra:1 Mem:618.64M (Peak 618.80M) | Time:00:01.84 | Mem:254.63M, Peak:278.44M | Scene, ViewLayer | Updating Geometry BVH door_W27_0leaf_mesh 331/1281 | Building BVH
Fra:1 Mem:618.64M (Peak 618.80M) | Time:00:01.84 | Mem:254.63M, Peak:278.44M | Scene, ViewLayer | Updating Geometry BVH door_W27_0hdl_mesh 332/1281 | Building BVH
Fra:1 Mem:618.64M (Peak 618.80M) | Time:00:01.84 | Mem:254.63M, Peak:278.44M | Scene, ViewLayer | Updating Geometry BVH bay_platform_mesh 333/1281 | Building BVH
Fra:1 Mem:618.64M (Peak 618.80M) | Time:00:01.84 | Mem:254.62M, Peak:278.44M | Scene, ViewLayer | Updating Geometry BVH rail_ter_S_p0_mesh 334/1281 | Building BVH
Fra:1 Mem:618.64M (Peak 618.80M) | Time:00:01.84 | Mem:254.66M, Peak:278.44M | Scene, ViewLayer | Updating Geometry BVH rail_ter_S_p2_mesh 336/1281 | Building BVH
Fra:1 Mem:618.64M (Peak 618.80M) | Time:00:01.84 | Mem:254.66M, Peak:278.44M | Scene, ViewLayer | Updating Geometry BVH rail_ter_S_p1_mesh 335/1281 | Building BVH
Fra:1 Mem:618.64M (Peak 618.80M) | Time:00:01.84 | Mem:254.66M, Peak:278.44M | Scene, ViewLayer | Updating Geometry BVH rail_ter_S_p3_mesh 337/1281 | Building BVH
Fra:1 Mem:618.64M (Peak 618.80M) | Time:00:01.84 | Mem:254.66M, Peak:278.44M | Scene, ViewLayer | Updating Geometry BVH rail_ter_S_top_mesh 338/1281 | Building BVH
Fra:1 Mem:618.64M (Peak 618.80M) | Time:00:01.84 | Mem:254.67M, Peak:278.44M | Scene, ViewLayer | Updating Geometry BVH rail_ter_S_glass_mesh 339/1281 | Building BVH
Fra:1 Mem:618.64M (Peak 618.80M) | Time:00:01.84 | Mem:254.68M, Peak:278.44M | Scene, ViewLayer | Updating Geometry BVH rail_ter_E_p0_mesh 340/1281 | Building BVH
Fra:1 Mem:618.64M (Peak 618.80M) | Time:00:01.84 | Mem:254.70M, Peak:278.44M | Scene, ViewLayer | Updating Geometry BVH rail_ter_E_p1_mesh 341/1281 | Building BVH
Fra:1 Mem:618.64M (Peak 618.80M) | Time:00:01.84 | Mem:254.72M, Peak:278.44M | Scene, ViewLayer | Updating Geometry BVH rail_ter_E_p2_mesh 342/1281 | Building BVH
Fra:1 Mem:618.64M (Peak 618.80M) | Time:00:01.84 | Mem:254.72M, Peak:278.44M | Scene, ViewLayer | Updating Geometry BVH rail_ter_E_top_mesh 343/1281 | Building BVH
Fra:1 Mem:618.64M (Peak 618.80M) | Time:00:01.84 | Mem:254.73M, Peak:278.44M | Scene, ViewLayer | Updating Geometry BVH rail_ter_E_glass_mesh 344/1281 | Building BVH
Fra:1 Mem:618.64M (Peak 618.80M) | Time:00:01.84 | Mem:254.74M, Peak:278.44M | Scene, ViewLayer | Updating Geometry BVH rail_ter_W_p0_mesh 345/1281 | Building BVH
Fra:1 Mem:618.64M (Peak 618.80M) | Time:00:01.84 | Mem:254.74M, Peak:278.44M | Scene, ViewLayer | Updating Geometry BVH rail_ter_W_p1_mesh 346/1281 | Building BVH
Fra:1 Mem:618.64M (Peak 618.80M) | Time:00:01.84 | Mem:254.74M, Peak:278.44M | Scene, ViewLayer | Updating Geometry BVH rail_ter_W_top_mesh 347/1281 | Building BVH
Fra:1 Mem:618.64M (Peak 618.80M) | Time:00:01.84 | Mem:254.77M, Peak:278.44M | Scene, ViewLayer | Updating Geometry BVH common_kitchen_dishwasher_01_body_mesh 349/1281 | Building BVH
Fra:1 Mem:618.64M (Peak 618.80M) | Time:00:01.84 | Mem:254.77M, Peak:278.44M | Scene, ViewLayer | Updating Geometry BVH rail_ter_W_glass_mesh 348/1281 | Building BVH
Fra:1 Mem:618.64M (Peak 618.80M) | Time:00:01.84 | Mem:254.79M, Peak:278.44M | Scene, ViewLayer | Updating Geometry BVH common_kitchen_dishwasher_01_top_B_mesh 352/1281 | Building BVH
Fra:1 Mem:618.64M (Peak 618.80M) | Time:00:01.84 | Mem:254.81M, Peak:278.44M | Scene, ViewLayer | Updating Geometry BVH common_kitchen_dishwasher_01_top_F_mesh 353/1281 | Building BVH
Fra:1 Mem:618.64M (Peak 618.80M) | Time:00:01.84 | Mem:254.87M, Peak:278.44M | Scene, ViewLayer | Updating Geometry BVH common_kitchen_dishwasher_01_drwW_gapbg_mesh 354/1281 | Building BVH
Fra:1 Mem:618.64M (Peak 618.80M) | Time:00:01.84 | Mem:254.86M, Peak:278.44M | Scene, ViewLayer | Updating Geometry BVH common_kitchen_dishwasher_01_drwW_f0_mesh 355/1281 | Building BVH
Fra:1 Mem:618.64M (Peak 618.80M) | Time:00:01.84 | Mem:254.86M, Peak:278.44M | Scene, ViewLayer | Updating Geometry BVH A_living_dining_balcony_dining_chair_05_arm0_mesh 1233/1281 | Building BVH
Fra:1 Mem:618.64M (Peak 618.80M) | Time:00:01.84 | Mem:254.86M, Peak:278.44M | Scene, ViewLayer | Updating Geometry BVH common_kitchen_dishwasher_01_drwW_p0_mesh 356/1281 | Building BVH
Fra:1 Mem:618.64M (Peak 618.80M) | Time:00:01.84 | Mem:254.86M, Peak:278.44M | Scene, ViewLayer | Updating Geometry BVH common_kitchen_dishwasher_01_drw_f0_mesh 358/1281 | Building BVH
Fra:1 Mem:618.64M (Peak 618.80M) | Time:00:01.84 | Mem:254.86M, Peak:278.44M | Scene, ViewLayer | Updating Geometry BVH common_kitchen_dishwasher_01_drw_p0_mesh 359/1281 | Building BVH
Fra:1 Mem:618.64M (Peak 618.80M) | Time:00:01.84 | Mem:254.87M, Peak:278.44M | Scene, ViewLayer | Updating Geometry BVH common_kitchen_dishwasher_01_drw_f1_mesh 360/1281 | Building BVH
Fra:1 Mem:618.64M (Peak 618.80M) | Time:00:01.84 | Mem:254.88M, Peak:278.44M | Scene, ViewLayer | Updating Geometry BVH common_kitchen_dishwasher_01_drw_p1_mesh 361/1281 | Building BVH
Fra:1 Mem:618.64M (Peak 618.80M) | Time:00:01.84 | Mem:254.89M, Peak:278.44M | Scene, ViewLayer | Updating Geometry BVH common_kitchen_dishwasher_01_drw_f2_mesh 362/1281 | Building BVH
Fra:1 Mem:618.64M (Peak 618.80M) | Time:00:01.84 | Mem:254.89M, Peak:278.44M | Scene, ViewLayer | Updating Geometry BVH common_kitchen_dishwasher_01_drw_p2_mesh 363/1281 | Building BVH
Fra:1 Mem:618.64M (Peak 618.80M) | Time:00:01.84 | Mem:254.91M, Peak:278.44M | Scene, ViewLayer | Updating Geometry BVH common_kitchen_dishwasher_01_drw_f3_mesh 364/1281 | Building BVH
Fra:1 Mem:618.64M (Peak 618.80M) | Time:00:01.84 | Mem:254.97M, Peak:278.44M | Scene, ViewLayer | Updating Geometry BVH common_kitchen_dishwasher_01_drw_p3_mesh 365/1281 | Building BVH
Fra:1 Mem:618.64M (Peak 618.80M) | Time:00:01.84 | Mem:254.98M, Peak:278.44M | Scene, ViewLayer | Updating Geometry BVH common_kitchen_sink_01_basin_mesh 366/1281 | Building BVH
Fra:1 Mem:618.64M (Peak 618.80M) | Time:00:01.84 | Mem:255.01M, Peak:278.44M | Scene, ViewLayer | Updating Geometry BVH common_kitchen_sink_01_cav_mesh 367/1281 | Building BVH
Fra:1 Mem:618.64M (Peak 618.80M) | Time:00:01.84 | Mem:255.01M, Peak:278.44M | Scene, ViewLayer | Updating Geometry BVH common_kitchen_sink_01_tap_mesh 368/1281 | Building BVH
Fra:1 Mem:618.64M (Peak 618.80M) | Time:00:01.84 | Mem:255.04M, Peak:278.44M | Scene, ViewLayer | Updating Geometry BVH A_living_dining_balcony_dining_chair_05_legt3_mesh 1232/1281 | Building BVH
Fra:1 Mem:618.64M (Peak 618.80M) | Time:00:01.84 | Mem:255.04M, Peak:278.44M | Scene, ViewLayer | Updating Geometry BVH common_kitchen_sink_01_taparm_mesh 369/1281 | Building BVH
Fra:1 Mem:618.64M (Peak 618.80M) | Time:00:01.84 | Mem:255.05M, Peak:278.44M | Scene, ViewLayer | Updating Geometry BVH common_kitchen_sink_01_taptip_mesh 370/1281 | Building BVH
Fra:1 Mem:618.64M (Peak 618.80M) | Time:00:01.84 | Mem:255.07M, Peak:278.44M | Scene, ViewLayer | Updating Geometry BVH common_kitchen_dishwasher_02_panel_mesh 371/1281 | Building BVH
Fra:1 Mem:618.64M (Peak 618.80M) | Time:00:01.84 | Mem:255.07M, Peak:278.44M | Scene, ViewLayer | Updating Geometry BVH common_kitchen_dishwasher_02_pull_mesh 372/1281 | Building BVH
Fra:1 Mem:618.64M (Peak 618.80M) | Time:00:01.84 | Mem:255.10M, Peak:278.44M | Scene, ViewLayer | Updating Geometry BVH common_kitchen_kitchen_counter_01_body_mesh 373/1281 | Building BVH
Fra:1 Mem:618.64M (Peak 618.80M) | Time:00:01.84 | Mem:255.10M, Peak:278.44M | Scene, ViewLayer | Updating Geometry BVH common_kitchen_kitchen_counter_01_drwS_gapbg_mesh 375/1281 | Building BVH
Fra:1 Mem:618.64M (Peak 618.80M) | Time:00:01.84 | Mem:255.10M, Peak:278.44M | Scene, ViewLayer | Updating Geometry BVH common_kitchen_kitchen_counter_01_drwS_f0_mesh 376/1281 | Building BVH
Fra:1 Mem:618.64M (Peak 618.80M) | Time:00:01.84 | Mem:255.10M, Peak:278.44M | Scene, ViewLayer | Updating Geometry BVH common_kitchen_kitchen_counter_01_drwH_gapbg_mesh 378/1281 | Building BVH
Fra:1 Mem:618.64M (Peak 618.80M) | Time:00:01.84 | Mem:255.11M, Peak:278.44M | Scene, ViewLayer | Updating Geometry BVH common_kitchen_kitchen_counter_01_drwH_d1_mesh 381/1281 | Building BVH
Fra:1 Mem:618.64M (Peak 618.80M) | Time:00:01.84 | Mem:255.18M, Peak:278.44M | Scene, ViewLayer | Updating Geometry BVH common_kitchen_kitchen_counter_01_drwH_slot1_mesh 382/1281 | Building BVH
Fra:1 Mem:618.64M (Peak 618.80M) | Time:00:01.84 | Mem:255.19M, Peak:278.44M | Scene, ViewLayer | Updating Geometry BVH common_kitchen_kitchen_counter_01_drwH_d2_mesh 383/1281 | Building BVH
Fra:1 Mem:618.64M (Peak 618.80M) | Time:00:01.84 | Mem:255.20M, Peak:278.44M | Scene, ViewLayer | Updating Geometry BVH common_kitchen_kitchen_counter_01_drwH_slot2_mesh 384/1281 | Building BVH
Fra:1 Mem:618.64M (Peak 618.80M) | Time:00:01.84 | Mem:255.23M, Peak:278.44M | Scene, ViewLayer | Updating Geometry BVH common_kitchen_kitchen_counter_01_drwN_gapbg_mesh 385/1281 | Building BVH
Fra:1 Mem:618.64M (Peak 618.80M) | Time:00:01.84 | Mem:255.23M, Peak:278.44M | Scene, ViewLayer | Updating Geometry BVH common_kitchen_kitchen_counter_01_drwN_f0_mesh 386/1281 | Building BVH
Fra:1 Mem:618.64M (Peak 618.80M) | Time:00:01.84 | Mem:255.26M, Peak:278.44M | Scene, ViewLayer | Updating Geometry BVH common_kitchen_kitchen_counter_01_drwN_p0_mesh 387/1281 | Building BVH
Fra:1 Mem:618.64M (Peak 618.80M) | Time:00:01.85 | Mem:255.27M, Peak:278.44M | Scene, ViewLayer | Updating Geometry BVH common_kitchen_kitchen_counter_01_drwN_f1_mesh 388/1281 | Building BVH
Fra:1 Mem:618.64M (Peak 618.80M) | Time:00:01.85 | Mem:255.28M, Peak:278.44M | Scene, ViewLayer | Updating Geometry BVH common_kitchen_kitchen_counter_01_drwN_p1_mesh 389/1281 | Building BVH
Fra:1 Mem:618.64M (Peak 618.80M) | Time:00:01.85 | Mem:255.28M, Peak:278.44M | Scene, ViewLayer | Updating Geometry BVH common_kitchen_hob_01_glass_mesh 390/1281 | Building BVH
Fra:1 Mem:618.64M (Peak 618.80M) | Time:00:01.85 | Mem:255.29M, Peak:278.44M | Scene, ViewLayer | Updating Geometry BVH common_kitchen_hob_01_burner0_mesh 391/1281 | Building BVH
Fra:1 Mem:618.64M (Peak 618.80M) | Time:00:01.85 | Mem:255.29M, Peak:278.44M | Scene, ViewLayer | Updating Geometry BVH common_kitchen_hob_01_burner1_mesh 392/1281 | Building BVH
Fra:1 Mem:618.64M (Peak 618.80M) | Time:00:01.85 | Mem:255.30M, Peak:278.44M | Scene, ViewLayer | Updating Geometry BVH common_kitchen_range_hood_01_topbox_mesh 393/1281 | Building BVH
Fra:1 Mem:618.64M (Peak 618.80M) | Time:00:01.85 | Mem:255.30M, Peak:278.44M | Scene, ViewLayer | Updating Geometry BVH common_kitchen_cabinet_01_body_mesh 395/1281 | Building BVH
Fra:1 Mem:618.64M (Peak 618.80M) | Time:00:01.85 | Mem:255.35M, Peak:278.44M | Scene, ViewLayer | Updating Geometry BVH common_kitchen_cabinet_01_door_gapbg_mesh 396/1281 | Building BVH
Fra:1 Mem:618.64M (Peak 618.80M) | Time:00:01.85 | Mem:255.35M, Peak:278.44M | Scene, ViewLayer | Updating Geometry BVH common_kitchen_cabinet_01_door_f0l_mesh 397/1281 | Building BVH
Fra:1 Mem:618.64M (Peak 618.80M) | Time:00:01.85 | Mem:255.35M, Peak:278.44M | Scene, ViewLayer | Updating Geometry BVH A_living_dining_balcony_dining_chair_05_leg3_mesh 1231/1281 | Building BVH
Fra:1 Mem:618.64M (Peak 618.80M) | Time:00:01.85 | Mem:255.36M, Peak:278.44M | Scene, ViewLayer | Updating Geometry BVH common_kitchen_cabinet_01_door_f0r_mesh 398/1281 | Building BVH
Fra:1 Mem:618.64M (Peak 618.80M) | Time:00:01.85 | Mem:255.41M, Peak:278.44M | Scene, ViewLayer | Updating Geometry BVH common_kitchen_cabinet_01_door_f0b_mesh 399/1281 | Building BVH
Fra:1 Mem:618.64M (Peak 618.80M) | Time:00:01.85 | Mem:255.43M, Peak:278.44M | Scene, ViewLayer | Updating Geometry BVH common_kitchen_cabinet_01_door_f0t_mesh 400/1281 | Building BVH
Fra:1 Mem:618.64M (Peak 618.80M) | Time:00:01.85 | Mem:255.43M, Peak:278.44M | Scene, ViewLayer | Updating Geometry BVH common_kitchen_cabinet_01_door_f0c_mesh 401/1281 | Building BVH
Fra:1 Mem:618.64M (Peak 618.80M) | Time:00:01.85 | Mem:255.43M, Peak:278.44M | Scene, ViewLayer | Updating Geometry BVH common_kitchen_cabinet_01_door_p0_mesh 402/1281 | Building BVH
Fra:1 Mem:618.64M (Peak 618.80M) | Time:00:01.85 | Mem:255.43M, Peak:278.44M | Scene, ViewLayer | Updating Geometry BVH common_kitchen_cabinet_01_door_f1l_mesh 403/1281 | Building BVH
Fra:1 Mem:618.64M (Peak 618.80M) | Time:00:01.85 | Mem:255.45M, Peak:278.44M | Scene, ViewLayer | Updating Geometry BVH common_kitchen_cabinet_01_door_f1r_mesh 404/1281 | Building BVH
Fra:1 Mem:618.64M (Peak 618.80M) | Time:00:01.85 | Mem:255.46M, Peak:278.44M | Scene, ViewLayer | Updating Geometry BVH common_kitchen_cabinet_01_door_f1t_mesh 406/1281 | Building BVH
Fra:1 Mem:618.64M (Peak 618.80M) | Time:00:01.85 | Mem:255.50M, Peak:278.44M | Scene, ViewLayer | Updating Geometry BVH common_kitchen_cabinet_01_door_f1c_mesh 407/1281 | Building BVH
Fra:1 Mem:618.64M (Peak 618.80M) | Time:00:01.85 | Mem:255.52M, Peak:278.44M | Scene, ViewLayer | Updating Geometry BVH common_kitchen_cabinet_01_door_p1_mesh 408/1281 | Building BVH
Fra:1 Mem:618.64M (Peak 618.80M) | Time:00:01.85 | Mem:255.52M, Peak:278.44M | Scene, ViewLayer | Updating Geometry BVH common_kitchen_cabinet_01_door_f2l_mesh 409/1281 | Building BVH
Fra:1 Mem:618.64M (Peak 618.80M) | Time:00:01.85 | Mem:255.52M, Peak:278.44M | Scene, ViewLayer | Updating Geometry BVH common_kitchen_cabinet_01_door_f2r_mesh 410/1281 | Building BVH
Fra:1 Mem:618.64M (Peak 618.80M) | Time:00:01.85 | Mem:255.52M, Peak:278.44M | Scene, ViewLayer | Updating Geometry BVH common_kitchen_cabinet_01_door_f2b_mesh 411/1281 | Building BVH
Fra:1 Mem:618.64M (Peak 618.80M) | Time:00:01.85 | Mem:255.54M, Peak:278.44M | Scene, ViewLayer | Updating Geometry BVH common_kitchen_cabinet_01_door_f2t_mesh 412/1281 | Building BVH
Fra:1 Mem:618.64M (Peak 618.80M) | Time:00:01.85 | Mem:255.61M, Peak:278.44M | Scene, ViewLayer | Updating Geometry BVH common_kitchen_cabinet_01_door_f2c_mesh 413/1281 | Building BVH
Fra:1 Mem:618.64M (Peak 618.80M) | Time:00:01.85 | Mem:255.62M, Peak:278.44M | Scene, ViewLayer | Updating Geometry BVH common_kitchen_cabinet_01_door_p2_mesh 414/1281 | Building BVH
Fra:1 Mem:618.64M (Peak 618.80M) | Time:00:01.85 | Mem:255.62M, Peak:278.44M | Scene, ViewLayer | Updating Geometry BVH common_kitchen_cabinet_02_body_mesh 415/1281 | Building BVH
Fra:1 Mem:618.64M (Peak 618.80M) | Time:00:01.85 | Mem:255.62M, Peak:278.44M | Scene, ViewLayer | Updating Geometry BVH common_kitchen_cabinet_02_door_gapbg_mesh 416/1281 | Building BVH
Fra:1 Mem:618.64M (Peak 618.80M) | Time:00:01.85 | Mem:255.64M, Peak:278.44M | Scene, ViewLayer | Updating Geometry BVH common_kitchen_cabinet_02_door_f0l_mesh 417/1281 | Building BVH
Fra:1 Mem:618.64M (Peak 618.80M) | Time:00:01.85 | Mem:255.64M, Peak:278.44M | Scene, ViewLayer | Updating Geometry BVH common_kitchen_cabinet_02_door_f0r_mesh 418/1281 | Building BVH
Fra:1 Mem:618.64M (Peak 618.80M) | Time:00:01.85 | Mem:255.65M, Peak:278.44M | Scene, ViewLayer | Updating Geometry BVH common_kitchen_cabinet_02_door_f0b_mesh 419/1281 | Building BVH
Fra:1 Mem:618.64M (Peak 618.80M) | Time:00:01.85 | Mem:255.65M, Peak:278.44M | Scene, ViewLayer | Updating Geometry BVH common_kitchen_cabinet_02_door_f0t_mesh 420/1281 | Building BVH
Fra:1 Mem:618.64M (Peak 618.80M) | Time:00:01.85 | Mem:255.71M, Peak:278.44M | Scene, ViewLayer | Updating Geometry BVH common_kitchen_cabinet_02_door_f0c_mesh 421/1281 | Building BVH
Fra:1 Mem:618.64M (Peak 618.80M) | Time:00:01.85 | Mem:255.71M, Peak:278.44M | Scene, ViewLayer | Updating Geometry BVH common_kitchen_cabinet_02_door_p0_mesh 422/1281 | Building BVH
Fra:1 Mem:618.64M (Peak 618.80M) | Time:00:01.85 | Mem:255.71M, Peak:278.44M | Scene, ViewLayer | Updating Geometry BVH common_kitchen_cabinet_02_door_f1l_mesh 423/1281 | Building BVH
Fra:1 Mem:618.64M (Peak 618.80M) | Time:00:01.85 | Mem:255.71M, Peak:278.44M | Scene, ViewLayer | Updating Geometry BVH common_kitchen_cabinet_02_door_f1r_mesh 424/1281 | Building BVH
Fra:1 Mem:618.64M (Peak 618.80M) | Time:00:01.85 | Mem:255.76M, Peak:278.44M | Scene, ViewLayer | Updating Geometry BVH common_kitchen_cabinet_02_door_f1b_mesh 425/1281 | Building BVH
Fra:1 Mem:618.64M (Peak 618.80M) | Time:00:01.85 | Mem:255.78M, Peak:278.44M | Scene, ViewLayer | Updating Geometry BVH common_kitchen_cabinet_02_door_f1t_mesh 426/1281 | Building BVH
Fra:1 Mem:618.64M (Peak 618.80M) | Time:00:01.85 | Mem:255.79M, Peak:278.44M | Scene, ViewLayer | Updating Geometry BVH common_kitchen_cabinet_02_door_f1c_mesh 427/1281 | Building BVH
Fra:1 Mem:618.64M (Peak 618.80M) | Time:00:01.85 | Mem:255.82M, Peak:278.44M | Scene, ViewLayer | Updating Geometry BVH common_kitchen_cabinet_02_door_p1_mesh 428/1281 | Building BVH
Fra:1 Mem:618.64M (Peak 618.80M) | Time:00:01.85 | Mem:255.83M, Peak:278.44M | Scene, ViewLayer | Updating Geometry BVH common_kitchen_cabinet_02_door_f2l_mesh 429/1281 | Building BVH
Fra:1 Mem:618.64M (Peak 618.80M) | Time:00:01.85 | Mem:255.84M, Peak:278.44M | Scene, ViewLayer | Updating Geometry BVH common_kitchen_cabinet_02_door_f2r_mesh 430/1281 | Building BVH
Fra:1 Mem:618.64M (Peak 618.80M) | Time:00:01.85 | Mem:255.85M, Peak:278.44M | Scene, ViewLayer | Updating Geometry BVH common_kitchen_cabinet_02_door_f2b_mesh 431/1281 | Building BVH
Fra:1 Mem:618.64M (Peak 618.80M) | Time:00:01.85 | Mem:255.85M, Peak:278.44M | Scene, ViewLayer | Updating Geometry BVH common_kitchen_cabinet_02_door_f2t_mesh 432/1281 | Building BVH
Fra:1 Mem:618.64M (Peak 618.80M) | Time:00:01.85 | Mem:255.87M, Peak:278.44M | Scene, ViewLayer | Updating Geometry BVH common_kitchen_cabinet_02_door_f2c_mesh 433/1281 | Building BVH
Fra:1 Mem:618.64M (Peak 618.80M) | Time:00:01.85 | Mem:255.87M, Peak:278.44M | Scene, ViewLayer | Updating Geometry BVH common_kitchen_glass_sliding_door_01_glass_mesh 435/1281 | Building BVH
Fra:1 Mem:618.64M (Peak 618.80M) | Time:00:01.85 | Mem:255.88M, Peak:278.44M | Scene, ViewLayer | Updating Geometry BVH common_kitchen_glass_sliding_door_01_stL_mesh 436/1281 | Building BVH
Fra:1 Mem:618.64M (Peak 618.80M) | Time:00:01.85 | Mem:255.88M, Peak:278.44M | Scene, ViewLayer | Updating Geometry BVH common_kitchen_glass_sliding_door_01_stR_mesh 437/1281 | Building BVH
Fra:1 Mem:618.64M (Peak 618.80M) | Time:00:01.85 | Mem:255.89M, Peak:278.44M | Scene, ViewLayer | Updating Geometry BVH common_kitchen_glass_sliding_door_01_stT_mesh 438/1281 | Building BVH
Fra:1 Mem:618.64M (Peak 618.80M) | Time:00:01.85 | Mem:255.93M, Peak:278.44M | Scene, ViewLayer | Updating Geometry BVH A_living_dining_balcony_dining_chair_05_legt2_mesh 1230/1281 | Building BVH
Fra:1 Mem:618.64M (Peak 618.80M) | Time:00:01.85 | Mem:255.94M, Peak:278.44M | Scene, ViewLayer | Updating Geometry BVH common_kitchen_glass_sliding_door_01_stB_mesh 439/1281 | Building BVH
Fra:1 Mem:618.64M (Peak 618.80M) | Time:00:01.85 | Mem:255.94M, Peak:278.44M | Scene, ViewLayer | Updating Geometry BVH common_living_dining_balcony_glass_sliding_door_01_glass_mesh 440/1281 | Building BVH
Fra:1 Mem:618.64M (Peak 618.80M) | Time:00:01.85 | Mem:255.95M, Peak:278.44M | Scene, ViewLayer | Updating Geometry BVH common_living_dining_balcony_glass_sliding_door_01_stL_mesh 441/1281 | Building BVH
Fra:1 Mem:618.64M (Peak 618.80M) | Time:00:01.85 | Mem:255.96M, Peak:278.44M | Scene, ViewLayer | Updating Geometry BVH common_living_dining_balcony_glass_sliding_door_01_stR_mesh 442/1281 | Building BVH
Fra:1 Mem:618.64M (Peak 618.80M) | Time:00:01.85 | Mem:255.98M, Peak:278.44M | Scene, ViewLayer | Updating Geometry BVH common_living_dining_balcony_glass_sliding_door_01_stT_mesh 443/1281 | Building BVH
Fra:1 Mem:618.64M (Peak 618.80M) | Time:00:01.85 | Mem:255.98M, Peak:278.44M | Scene, ViewLayer | Updating Geometry BVH common_living_dining_balcony_glass_sliding_door_01_stB_mesh 444/1281 | Building BVH
Fra:1 Mem:618.64M (Peak 618.80M) | Time:00:01.85 | Mem:255.98M, Peak:278.44M | Scene, ViewLayer | Updating Geometry BVH common_living_dining_balcony_glass_sliding_door_02_glass_mesh 445/1281 | Building BVH
Fra:1 Mem:618.64M (Peak 618.80M) | Time:00:01.85 | Mem:255.98M, Peak:278.44M | Scene, ViewLayer | Updating Geometry BVH common_living_dining_balcony_glass_sliding_door_02_stR_mesh 447/1281 | Building BVH
Fra:1 Mem:618.64M (Peak 618.80M) | Time:00:01.85 | Mem:255.98M, Peak:278.44M | Scene, ViewLayer | Updating Geometry BVH common_living_dining_balcony_glass_sliding_door_02_stT_mesh 448/1281 | Building BVH
Fra:1 Mem:618.64M (Peak 618.80M) | Time:00:01.85 | Mem:255.98M, Peak:278.44M | Scene, ViewLayer | Updating Geometry BVH common_living_dining_balcony_glass_sliding_door_02_stB_mesh 449/1281 | Building BVH
Fra:1 Mem:618.64M (Peak 618.80M) | Time:00:01.85 | Mem:256.05M, Peak:278.44M | Scene, ViewLayer | Updating Geometry BVH common_kitchen_glass_sliding_door_02_glass_mesh 450/1281 | Building BVH
Fra:1 Mem:618.64M (Peak 618.80M) | Time:00:01.85 | Mem:256.05M, Peak:278.44M | Scene, ViewLayer | Updating Geometry BVH common_kitchen_glass_sliding_door_02_stL_mesh 451/1281 | Building BVH
Fra:1 Mem:618.64M (Peak 618.80M) | Time:00:01.85 | Mem:256.06M, Peak:278.44M | Scene, ViewLayer | Updating Geometry BVH common_kitchen_glass_sliding_door_02_stR_mesh 452/1281 | Building BVH
Fra:1 Mem:618.64M (Peak 618.80M) | Time:00:01.86 | Mem:256.07M, Peak:278.44M | Scene, ViewLayer | Updating Geometry BVH common_living_dining_balcony_fridge_01_seamH_mesh 456/1281 | Building BVH
Fra:1 Mem:618.64M (Peak 618.80M) | Time:00:01.86 | Mem:256.07M, Peak:278.44M | Scene, ViewLayer | Updating Geometry BVH common_living_dining_balcony_fridge_01_seamV_mesh 457/1281 | Building BVH
Fra:1 Mem:618.64M (Peak 618.80M) | Time:00:01.86 | Mem:256.07M, Peak:278.44M | Scene, ViewLayer | Updating Geometry BVH common_living_dining_balcony_fridge_01_pullL_mesh 458/1281 | Building BVH
Fra:1 Mem:618.64M (Peak 618.80M) | Time:00:01.86 | Mem:256.08M, Peak:278.44M | Scene, ViewLayer | Updating Geometry BVH common_living_dining_balcony_fridge_01_pullU_mesh 459/1281 | Building BVH
Fra:1 Mem:618.64M (Peak 618.80M) | Time:00:01.86 | Mem:256.14M, Peak:278.44M | Scene, ViewLayer | Updating Geometry BVH common_living_dining_balcony_cabinet_01_body_mesh 460/1281 | Building BVH
Fra:1 Mem:618.64M (Peak 618.80M) | Time:00:01.86 | Mem:256.13M, Peak:278.44M | Scene, ViewLayer | Updating Geometry BVH common_living_dining_balcony_cabinet_01_door_f0l_mesh 462/1281 | Building BVH
Fra:1 Mem:618.64M (Peak 618.80M) | Time:00:01.86 | Mem:256.13M, Peak:278.44M | Scene, ViewLayer | Updating Geometry BVH common_living_dining_balcony_cabinet_01_door_gapbg_mesh 461/1281 | Building BVH
Fra:1 Mem:618.64M (Peak 618.80M) | Time:00:01.86 | Mem:256.14M, Peak:278.44M | Scene, ViewLayer | Updating Geometry BVH common_living_dining_balcony_cabinet_01_door_f0r_mesh 463/1281 | Building BVH
Fra:1 Mem:618.64M (Peak 618.80M) | Time:00:01.86 | Mem:256.16M, Peak:278.44M | Scene, ViewLayer | Updating Geometry BVH common_living_dining_balcony_cabinet_01_door_f0b_mesh 464/1281 | Building BVH
Fra:1 Mem:618.64M (Peak 618.80M) | Time:00:01.86 | Mem:256.16M, Peak:278.44M | Scene, ViewLayer | Updating Geometry BVH A_living_dining_balcony_dining_chair_05_leg2_mesh 1229/1281 | Building BVH
Fra:1 Mem:618.64M (Peak 618.80M) | Time:00:01.86 | Mem:256.18M, Peak:278.44M | Scene, ViewLayer | Updating Geometry BVH common_living_dining_balcony_cabinet_01_door_f0t_mesh 465/1281 | Building BVH
Fra:1 Mem:618.65M (Peak 618.80M) | Time:00:01.86 | Mem:256.20M, Peak:278.44M | Scene, ViewLayer | Updating Geometry BVH common_living_dining_balcony_cabinet_01_door_f0c_mesh 466/1281 | Building BVH
Fra:1 Mem:618.65M (Peak 618.80M) | Time:00:01.86 | Mem:256.21M, Peak:278.44M | Scene, ViewLayer | Updating Geometry BVH common_living_dining_balcony_cabinet_01_door_p0_mesh 467/1281 | Building BVH
Fra:1 Mem:618.65M (Peak 618.80M) | Time:00:01.86 | Mem:256.26M, Peak:278.44M | Scene, ViewLayer | Updating Geometry BVH common_living_dining_balcony_cabinet_01_door_f1l_mesh 468/1281 | Building BVH
Fra:1 Mem:618.65M (Peak 618.80M) | Time:00:01.86 | Mem:256.27M, Peak:278.44M | Scene, ViewLayer | Updating Geometry BVH common_living_dining_balcony_cabinet_01_door_f1b_mesh 470/1281 | Building BVH
Fra:1 Mem:618.65M (Peak 618.80M) | Time:00:01.86 | Mem:256.27M, Peak:278.44M | Scene, ViewLayer | Updating Geometry BVH common_living_dining_balcony_cabinet_01_door_f1t_mesh 471/1281 | Building BVH
Fra:1 Mem:618.65M (Peak 618.80M) | Time:00:01.86 | Mem:256.31M, Peak:278.44M | Scene, ViewLayer | Updating Geometry BVH common_living_dining_balcony_cabinet_01_door_f1c_mesh 472/1281 | Building BVH
Fra:1 Mem:618.65M (Peak 618.80M) | Time:00:01.86 | Mem:256.32M, Peak:278.44M | Scene, ViewLayer | Updating Geometry BVH common_living_dining_balcony_cabinet_01_door_p1_mesh 473/1281 | Building BVH
Fra:1 Mem:618.65M (Peak 618.80M) | Time:00:01.86 | Mem:256.33M, Peak:278.44M | Scene, ViewLayer | Updating Geometry BVH common_foyer_cabinet_01_body_mesh 474/1281 | Building BVH
Fra:1 Mem:618.65M (Peak 618.80M) | Time:00:01.86 | Mem:256.34M, Peak:278.44M | Scene, ViewLayer | Updating Geometry BVH common_foyer_cabinet_01_door_f0r_mesh 477/1281 | Building BVH
Fra:1 Mem:618.65M (Peak 618.80M) | Time:00:01.86 | Mem:256.34M, Peak:278.44M | Scene, ViewLayer | Updating Geometry BVH common_foyer_cabinet_01_door_f0b_mesh 478/1281 | Building BVH
Fra:1 Mem:618.65M (Peak 618.80M) | Time:00:01.86 | Mem:256.43M, Peak:278.44M | Scene, ViewLayer | Updating Geometry BVH common_foyer_cabinet_01_door_f0t_mesh 479/1281 | Building BVH
Fra:1 Mem:618.65M (Peak 618.80M) | Time:00:01.86 | Mem:256.45M, Peak:278.44M | Scene, ViewLayer | Updating Geometry BVH common_foyer_cabinet_01_door_f0c_mesh 480/1281 | Building BVH
Fra:1 Mem:618.65M (Peak 618.80M) | Time:00:01.86 | Mem:256.45M, Peak:278.44M | Scene, ViewLayer | Updating Geometry BVH common_foyer_cabinet_01_door_p0_mesh 481/1281 | Building BVH
Fra:1 Mem:618.65M (Peak 618.80M) | Time:00:01.86 | Mem:256.46M, Peak:278.44M | Scene, ViewLayer | Updating Geometry BVH common_foyer_cabinet_01_door_f1l_mesh 482/1281 | Building BVH
Fra:1 Mem:618.65M (Peak 618.80M) | Time:00:01.86 | Mem:256.46M, Peak:278.44M | Scene, ViewLayer | Updating Geometry BVH A_living_dining_balcony_dining_chair_05_legt1_mesh 1228/1281 | Building BVH
Fra:1 Mem:618.65M (Peak 618.80M) | Time:00:01.86 | Mem:256.48M, Peak:278.44M | Scene, ViewLayer | Updating Geometry BVH common_foyer_cabinet_01_door_f1b_mesh 484/1281 | Building BVH
Fra:1 Mem:618.65M (Peak 618.80M) | Time:00:01.86 | Mem:256.48M, Peak:278.44M | Scene, ViewLayer | Updating Geometry BVH common_foyer_cabinet_01_door_f1t_mesh 485/1281 | Building BVH
Fra:1 Mem:618.65M (Peak 618.80M) | Time:00:01.86 | Mem:256.48M, Peak:278.44M | Scene, ViewLayer | Updating Geometry BVH common_foyer_cabinet_01_door_f1c_mesh 486/1281 | Building BVH
Fra:1 Mem:618.65M (Peak 618.80M) | Time:00:01.86 | Mem:256.52M, Peak:278.44M | Scene, ViewLayer | Updating Geometry BVH common_foyer_cabinet_01_door_p1_mesh 487/1281 | Building BVH
Fra:1 Mem:618.65M (Peak 618.80M) | Time:00:01.86 | Mem:256.54M, Peak:278.44M | Scene, ViewLayer | Updating Geometry BVH common_foyer_cabinet_01_door_f2r_mesh 489/1281 | Building BVH
Fra:1 Mem:618.65M (Peak 618.80M) | Time:00:01.86 | Mem:256.59M, Peak:278.44M | Scene, ViewLayer | Updating Geometry BVH common_foyer_cabinet_01_door_f1r_mesh 483/1281 | Building BVH
Fra:1 Mem:618.65M (Peak 618.80M) | Time:00:01.86 | Mem:256.59M, Peak:278.44M | Scene, ViewLayer | Updating Geometry BVH common_foyer_cabinet_01_door_f2b_mesh 490/1281 | Building BVH
Fra:1 Mem:618.65M (Peak 618.80M) | Time:00:01.86 | Mem:256.59M, Peak:278.44M | Scene, ViewLayer | Updating Geometry BVH common_foyer_cabinet_01_door_f2t_mesh 491/1281 | Building BVH
Fra:1 Mem:618.65M (Peak 618.80M) | Time:00:01.86 | Mem:256.58M, Peak:278.44M | Scene, ViewLayer | Updating Geometry BVH common_foyer_cabinet_01_door_f2c_mesh 492/1281 | Building BVH
Fra:1 Mem:618.65M (Peak 618.80M) | Time:00:01.86 | Mem:256.60M, Peak:278.44M | Scene, ViewLayer | Updating Geometry BVH common_foyer_cabinet_01_door_p2_mesh 493/1281 | Building BVH
Fra:1 Mem:618.65M (Peak 618.80M) | Time:00:01.86 | Mem:256.64M, Peak:278.44M | Scene, ViewLayer | Updating Geometry BVH common_foyer_open_niche_01_cheek0_mesh 495/1281 | Building BVH
Fra:1 Mem:618.65M (Peak 618.80M) | Time:00:01.86 | Mem:256.65M, Peak:278.44M | Scene, ViewLayer | Updating Geometry BVH common_foyer_open_niche_01_cheek1_mesh 496/1281 | Building BVH
Fra:1 Mem:618.65M (Peak 618.80M) | Time:00:01.86 | Mem:256.65M, Peak:278.44M | Scene, ViewLayer | Updating Geometry BVH common_foyer_open_niche_01_top_mesh 497/1281 | Building BVH
Fra:1 Mem:618.65M (Peak 618.80M) | Time:00:01.86 | Mem:256.65M, Peak:278.44M | Scene, ViewLayer | Updating Geometry BVH common_foyer_open_niche_01_bottom_mesh 498/1281 | Building BVH
Fra:1 Mem:618.65M (Peak 618.80M) | Time:00:01.86 | Mem:256.66M, Peak:278.44M | Scene, ViewLayer | Updating Geometry BVH common_foyer_open_niche_01_sh0_mesh 499/1281 | Building BVH
Fra:1 Mem:618.65M (Peak 618.80M) | Time:00:01.86 | Mem:256.66M, Peak:278.44M | Scene, ViewLayer | Updating Geometry BVH common_foyer_cabinet_02_body_mesh 500/1281 | Building BVH
Fra:1 Mem:618.65M (Peak 618.80M) | Time:00:01.86 | Mem:256.67M, Peak:278.44M | Scene, ViewLayer | Updating Geometry BVH common_foyer_cabinet_02_door_gapbg_mesh 501/1281 | Building BVH
Fra:1 Mem:618.65M (Peak 618.80M) | Time:00:01.86 | Mem:256.68M, Peak:278.44M | Scene, ViewLayer | Updating Geometry BVH common_foyer_cabinet_02_door_f0l_mesh 502/1281 | Building BVH
Fra:1 Mem:618.65M (Peak 618.80M) | Time:00:01.86 | Mem:256.71M, Peak:278.44M | Scene, ViewLayer | Updating Geometry BVH common_foyer_cabinet_02_door_f0r_mesh 503/1281 | Building BVH
Fra:1 Mem:618.65M (Peak 618.80M) | Time:00:01.86 | Mem:256.75M, Peak:278.44M | Scene, ViewLayer | Updating Geometry BVH common_foyer_cabinet_02_door_f0b_mesh 504/1281 | Building BVH
Fra:1 Mem:618.65M (Peak 618.80M) | Time:00:01.86 | Mem:256.75M, Peak:278.44M | Scene, ViewLayer | Updating Geometry BVH common_foyer_cabinet_02_door_f0t_mesh 505/1281 | Building BVH
Fra:1 Mem:618.65M (Peak 618.80M) | Time:00:01.86 | Mem:256.75M, Peak:278.44M | Scene, ViewLayer | Updating Geometry BVH common_foyer_cabinet_02_door_f0c_mesh 506/1281 | Building BVH
Fra:1 Mem:618.65M (Peak 618.80M) | Time:00:01.86 | Mem:256.75M, Peak:278.44M | Scene, ViewLayer | Updating Geometry BVH common_foyer_cabinet_02_door_p0_mesh 507/1281 | Building BVH
Fra:1 Mem:618.65M (Peak 618.80M) | Time:00:01.86 | Mem:256.75M, Peak:278.44M | Scene, ViewLayer | Updating Geometry BVH common_foyer_cabinet_02_door_f1l_mesh 508/1281 | Building BVH
Fra:1 Mem:618.65M (Peak 618.80M) | Time:00:01.86 | Mem:256.75M, Peak:278.44M | Scene, ViewLayer | Updating Geometry BVH common_foyer_cabinet_02_door_f1b_mesh 510/1281 | Building BVH
Fra:1 Mem:618.65M (Peak 618.80M) | Time:00:01.86 | Mem:256.77M, Peak:278.44M | Scene, ViewLayer | Updating Geometry BVH common_foyer_cabinet_02_door_f1t_mesh 511/1281 | Building BVH
Fra:1 Mem:618.65M (Peak 618.80M) | Time:00:01.86 | Mem:256.79M, Peak:278.44M | Scene, ViewLayer | Updating Geometry BVH common_foyer_cabinet_02_door_f1c_mesh 512/1281 | Building BVH
Fra:1 Mem:618.65M (Peak 618.80M) | Time:00:01.86 | Mem:256.87M, Peak:278.44M | Scene, ViewLayer | Updating Geometry BVH common_foyer_cabinet_02_door_p1_mesh 513/1281 | Building BVH
Fra:1 Mem:618.65M (Peak 618.80M) | Time:00:01.86 | Mem:256.87M, Peak:278.44M | Scene, ViewLayer | Updating Geometry BVH A_living_dining_balcony_dining_chair_05_leg1_mesh 1227/1281 | Building BVH
Fra:1 Mem:618.65M (Peak 618.80M) | Time:00:01.86 | Mem:256.86M, Peak:278.44M | Scene, ViewLayer | Updating Geometry BVH common_foyer_cabinet_02_door_f2r_mesh 515/1281 | Building BVH
Fra:1 Mem:618.65M (Peak 618.80M) | Time:00:01.86 | Mem:256.89M, Peak:278.44M | Scene, ViewLayer | Updating Geometry BVH common_foyer_cabinet_02_door_f2b_mesh 516/1281 | Building BVH
Fra:1 Mem:618.65M (Peak 618.80M) | Time:00:01.86 | Mem:256.90M, Peak:278.44M | Scene, ViewLayer | Updating Geometry BVH common_foyer_cabinet_02_door_f2t_mesh 517/1281 | Building BVH
Fra:1 Mem:618.65M (Peak 618.80M) | Time:00:01.86 | Mem:256.94M, Peak:278.44M | Scene, ViewLayer | Updating Geometry BVH common_foyer_cabinet_02_door_p2_mesh 519/1281 | Building BVH
Fra:1 Mem:618.65M (Peak 618.80M) | Time:00:01.86 | Mem:256.94M, Peak:278.44M | Scene, ViewLayer | Updating Geometry BVH common_foyer_cabinet_02_door_f2c_mesh 518/1281 | Building BVH
Fra:1 Mem:618.65M (Peak 618.80M) | Time:00:01.86 | Mem:256.97M, Peak:278.44M | Scene, ViewLayer | Updating Geometry BVH common_foyer_mirror_door_01_mirror_mesh 520/1281 | Building BVH
Fra:1 Mem:618.65M (Peak 618.80M) | Time:00:01.86 | Mem:257.00M, Peak:278.44M | Scene, ViewLayer | Updating Geometry BVH common_foyer_mirror_door_01_fr0_mesh 521/1281 | Building BVH
Fra:1 Mem:618.65M (Peak 618.80M) | Time:00:01.86 | Mem:256.99M, Peak:278.44M | Scene, ViewLayer | Updating Geometry BVH common_foyer_mirror_door_01_fr1_mesh 522/1281 | Building BVH
Fra:1 Mem:618.65M (Peak 618.80M) | Time:00:01.86 | Mem:257.00M, Peak:278.44M | Scene, ViewLayer | Updating Geometry BVH common_foyer_mirror_door_01_fr2_mesh 523/1281 | Building BVH
Fra:1 Mem:618.65M (Peak 618.80M) | Time:00:01.86 | Mem:257.00M, Peak:278.44M | Scene, ViewLayer | Updating Geometry BVH common_foyer_mirror_door_01_fr3_mesh 524/1281 | Building BVH
Fra:1 Mem:618.65M (Peak 618.80M) | Time:00:01.86 | Mem:257.01M, Peak:278.44M | Scene, ViewLayer | Updating Geometry BVH common_foyer_mirror_door_01_pull_mesh 525/1281 | Building BVH
Fra:1 Mem:618.65M (Peak 618.80M) | Time:00:01.86 | Mem:257.02M, Peak:278.44M | Scene, ViewLayer | Updating Geometry BVH common_elevator_hall_cabinet_01_body_mesh 526/1281 | Building BVH
Fra:1 Mem:618.65M (Peak 618.80M) | Time:00:01.86 | Mem:257.02M, Peak:278.44M | Scene, ViewLayer | Updating Geometry BVH common_elevator_hall_cabinet_01_door_gapbg_mesh 527/1281 | Building BVH
Fra:1 Mem:618.65M (Peak 618.80M) | Time:00:01.86 | Mem:257.02M, Peak:278.44M | Scene, ViewLayer | Updating Geometry BVH common_elevator_hall_cabinet_01_door_f0l_mesh 528/1281 | Building BVH
Fra:1 Mem:618.65M (Peak 618.80M) | Time:00:01.86 | Mem:257.03M, Peak:278.44M | Scene, ViewLayer | Updating Geometry BVH common_elevator_hall_cabinet_01_door_f0r_mesh 529/1281 | Building BVH
Fra:1 Mem:618.65M (Peak 618.80M) | Time:00:01.86 | Mem:257.10M, Peak:278.44M | Scene, ViewLayer | Updating Geometry BVH common_elevator_hall_cabinet_01_door_f0b_mesh 530/1281 | Building BVH
Fra:1 Mem:618.65M (Peak 618.80M) | Time:00:01.86 | Mem:257.10M, Peak:278.44M | Scene, ViewLayer | Updating Geometry BVH common_elevator_hall_cabinet_01_door_f0t_mesh 531/1281 | Building BVH
Fra:1 Mem:618.65M (Peak 618.80M) | Time:00:01.86 | Mem:257.11M, Peak:278.44M | Scene, ViewLayer | Updating Geometry BVH common_elevator_hall_cabinet_01_door_f0c_mesh 532/1281 | Building BVH
Fra:1 Mem:618.65M (Peak 618.80M) | Time:00:01.87 | Mem:257.14M, Peak:278.44M | Scene, ViewLayer | Updating Geometry BVH common_elevator_hall_cabinet_01_door_p0_mesh 533/1281 | Building BVH
Fra:1 Mem:618.65M (Peak 618.80M) | Time:00:01.87 | Mem:257.14M, Peak:278.44M | Scene, ViewLayer | Updating Geometry BVH common_living_dining_balcony_bookcase_01_body_mesh 534/1281 | Building BVH
Fra:1 Mem:618.65M (Peak 618.80M) | Time:00:01.87 | Mem:257.14M, Peak:278.44M | Scene, ViewLayer | Updating Geometry BVH common_living_dining_balcony_bookcase_01_drw_gapbg_mesh 535/1281 | Building BVH
Fra:1 Mem:618.65M (Peak 618.80M) | Time:00:01.87 | Mem:257.17M, Peak:278.44M | Scene, ViewLayer | Updating Geometry BVH A_living_dining_balcony_dining_chair_05_legt0_mesh 1226/1281 | Building BVH
Fra:1 Mem:618.65M (Peak 618.80M) | Time:00:01.87 | Mem:257.17M, Peak:278.44M | Scene, ViewLayer | Updating Geometry BVH common_living_dining_balcony_bookcase_01_drw_f0_mesh 536/1281 | Building BVH
Fra:1 Mem:618.65M (Peak 618.80M) | Time:00:01.87 | Mem:257.18M, Peak:278.44M | Scene, ViewLayer | Updating Geometry BVH common_living_dining_balcony_bookcase_01_drw_slot0_mesh 537/1281 | Building BVH
Fra:1 Mem:618.65M (Peak 618.80M) | Time:00:01.87 | Mem:257.18M, Peak:278.44M | Scene, ViewLayer | Updating Geometry BVH common_living_dining_balcony_bookcase_01_drw_f1_mesh 538/1281 | Building BVH
Fra:1 Mem:618.65M (Peak 618.80M) | Time:00:01.87 | Mem:257.19M, Peak:278.44M | Scene, ViewLayer | Updating Geometry BVH common_living_dining_balcony_bookcase_01_drw_slot1_mesh 539/1281 | Building BVH
Fra:1 Mem:618.65M (Peak 618.80M) | Time:00:01.87 | Mem:257.23M, Peak:278.44M | Scene, ViewLayer | Updating Geometry BVH common_living_dining_balcony_bookcase_01_drw_f2_mesh 540/1281 | Building BVH
Fra:1 Mem:618.65M (Peak 618.80M) | Time:00:01.87 | Mem:257.23M, Peak:278.44M | Scene, ViewLayer | Updating Geometry BVH common_living_dining_balcony_bookcase_01_drw_slot2_mesh 541/1281 | Building BVH
Fra:1 Mem:618.65M (Peak 618.80M) | Time:00:01.87 | Mem:257.23M, Peak:278.44M | Scene, ViewLayer | Updating Geometry BVH common_living_dining_balcony_bookcase_02_back_mesh 542/1281 | Building BVH
Fra:1 Mem:618.65M (Peak 618.80M) | Time:00:01.87 | Mem:257.25M, Peak:278.44M | Scene, ViewLayer | Updating Geometry BVH common_living_dining_balcony_bookcase_02_top_mesh 543/1281 | Building BVH
Fra:1 Mem:618.65M (Peak 618.80M) | Time:00:01.87 | Mem:257.25M, Peak:278.44M | Scene, ViewLayer | Updating Geometry BVH common_living_dining_balcony_bookcase_02_bot_mesh 544/1281 | Building BVH
Fra:1 Mem:618.65M (Peak 618.80M) | Time:00:01.87 | Mem:257.28M, Peak:278.44M | Scene, ViewLayer | Updating Geometry BVH common_living_dining_balcony_bookcase_02_endS_mesh 545/1281 | Building BVH
Fra:1 Mem:618.65M (Peak 618.80M) | Time:00:01.87 | Mem:257.28M, Peak:278.44M | Scene, ViewLayer | Updating Geometry BVH common_living_dining_balcony_bookcase_02_endN_mesh 546/1281 | Building BVH
Fra:1 Mem:618.65M (Peak 618.80M) | Time:00:01.87 | Mem:257.29M, Peak:278.44M | Scene, ViewLayer | Updating Geometry BVH common_living_dining_balcony_bookcase_02_div1_mesh 547/1281 | Building BVH
Fra:1 Mem:618.65M (Peak 618.80M) | Time:00:01.87 | Mem:257.29M, Peak:278.44M | Scene, ViewLayer | Updating Geometry BVH common_living_dining_balcony_bookcase_02_div2_mesh 548/1281 | Building BVH
Fra:1 Mem:618.65M (Peak 618.80M) | Time:00:01.87 | Mem:257.29M, Peak:278.44M | Scene, ViewLayer | Updating Geometry BVH common_living_dining_balcony_bookcase_02_door_gapbg_mesh 549/1281 | Building BVH
Fra:1 Mem:618.65M (Peak 618.80M) | Time:00:01.87 | Mem:257.30M, Peak:278.44M | Scene, ViewLayer | Updating Geometry BVH common_living_dining_balcony_bookcase_02_door_f0_mesh 550/1281 | Building BVH
Fra:1 Mem:618.65M (Peak 618.80M) | Time:00:01.87 | Mem:257.33M, Peak:278.44M | Scene, ViewLayer | Updating Geometry BVH A_living_dining_balcony_dining_chair_05_leg0_mesh 1225/1281 | Building BVH
Fra:1 Mem:618.65M (Peak 618.80M) | Time:00:01.87 | Mem:257.33M, Peak:278.44M | Scene, ViewLayer | Updating Geometry BVH common_living_dining_balcony_bookcase_02_door_p0_mesh 551/1281 | Building BVH
Fra:1 Mem:618.65M (Peak 618.80M) | Time:00:01.87 | Mem:257.34M, Peak:278.44M | Scene, ViewLayer | Updating Geometry BVH common_living_dining_balcony_bookcase_02_shelf0_mesh 552/1281 | Building BVH
Fra:1 Mem:618.65M (Peak 618.80M) | Time:00:01.87 | Mem:257.36M, Peak:278.44M | Scene, ViewLayer | Updating Geometry BVH common_living_dining_balcony_bookcase_02_shelf1_mesh 553/1281 | Building BVH
Fra:1 Mem:618.65M (Peak 618.80M) | Time:00:01.87 | Mem:257.36M, Peak:278.44M | Scene, ViewLayer | Updating Geometry BVH common_living_dining_balcony_bookcase_02_shelf2_mesh 554/1281 | Building BVH
Fra:1 Mem:618.65M (Peak 618.80M) | Time:00:01.87 | Mem:257.37M, Peak:278.44M | Scene, ViewLayer | Updating Geometry BVH common_living_dining_balcony_bookcase_02_shelf3_mesh 555/1281 | Building BVH
Fra:1 Mem:618.65M (Peak 618.80M) | Time:00:01.87 | Mem:257.37M, Peak:278.44M | Scene, ViewLayer | Updating Geometry BVH common_living_dining_balcony_bookcase_02_gshelf0_mesh 556/1281 | Building BVH
Fra:1 Mem:618.65M (Peak 618.80M) | Time:00:01.87 | Mem:257.37M, Peak:278.44M | Scene, ViewLayer | Updating Geometry BVH common_living_dining_balcony_bookcase_02_gf_stS_mesh 558/1281 | Building BVH
Fra:1 Mem:618.65M (Peak 618.80M) | Time:00:01.87 | Mem:257.40M, Peak:278.44M | Scene, ViewLayer | Updating Geometry BVH common_living_dining_balcony_bookcase_02_gf_stN_mesh 559/1281 | Building BVH
Fra:1 Mem:618.65M (Peak 618.80M) | Time:00:01.87 | Mem:257.40M, Peak:278.44M | Scene, ViewLayer | Updating Geometry BVH common_living_dining_balcony_bookcase_02_gf_rlB_mesh 560/1281 | Building BVH
Fra:1 Mem:618.65M (Peak 618.80M) | Time:00:01.87 | Mem:257.46M, Peak:278.44M | Scene, ViewLayer | Updating Geometry BVH common_living_dining_balcony_bookcase_02_gf_rlT_mesh 561/1281 | Building BVH
Fra:1 Mem:618.65M (Peak 618.80M) | Time:00:01.87 | Mem:257.46M, Peak:278.44M | Scene, ViewLayer | Updating Geometry BVH common_living_dining_balcony_bookcase_02_gpane_mesh 562/1281 | Building BVH
Fra:1 Mem:618.65M (Peak 618.80M) | Time:00:01.87 | Mem:257.46M, Peak:278.44M | Scene, ViewLayer | Updating Geometry BVH common_living_dining_balcony_bookcase_02_gknob_mesh 563/1281 | Building BVH
Fra:1 Mem:618.65M (Peak 618.80M) | Time:00:01.87 | Mem:257.47M, Peak:278.44M | Scene, ViewLayer | Updating Geometry BVH common_living_dining_balcony_laundry_cabinet_01_body_mesh 564/1281 | Building BVH
Fra:1 Mem:618.65M (Peak 618.80M) | Time:00:01.87 | Mem:257.49M, Peak:278.44M | Scene, ViewLayer | Updating Geometry BVH common_living_dining_balcony_laundry_cabinet_01_door_gapbg_mesh 565/1281 | Building BVH
Fra:1 Mem:618.65M (Peak 618.80M) | Time:00:01.87 | Mem:257.50M, Peak:278.44M | Scene, ViewLayer | Updating Geometry BVH common_living_dining_balcony_laundry_cabinet_01_door_f0l_mesh 566/1281 | Building BVH
Fra:1 Mem:618.65M (Peak 618.80M) | Time:00:01.87 | Mem:257.52M, Peak:278.44M | Scene, ViewLayer | Updating Geometry BVH common_living_dining_balcony_laundry_cabinet_01_door_f0r_mesh 567/1281 | Building BVH
Fra:1 Mem:618.65M (Peak 618.80M) | Time:00:01.87 | Mem:257.53M, Peak:278.44M | Scene, ViewLayer | Updating Geometry BVH common_living_dining_balcony_laundry_cabinet_01_door_f0b_mesh 568/1281 | Building BVH
Fra:1 Mem:618.65M (Peak 618.80M) | Time:00:01.87 | Mem:257.55M, Peak:278.44M | Scene, ViewLayer | Updating Geometry BVH common_living_dining_balcony_laundry_cabinet_01_door_f0t_mesh 569/1281 | Building BVH
Fra:1 Mem:618.65M (Peak 618.80M) | Time:00:01.87 | Mem:257.55M, Peak:278.44M | Scene, ViewLayer | Updating Geometry BVH common_living_dining_balcony_laundry_cabinet_01_door_f0c_mesh 570/1281 | Building BVH
Fra:1 Mem:618.65M (Peak 618.80M) | Time:00:01.87 | Mem:257.57M, Peak:278.44M | Scene, ViewLayer | Updating Geometry BVH common_living_dining_balcony_laundry_cabinet_01_door_p0_mesh 571/1281 | Building BVH
Fra:1 Mem:618.65M (Peak 618.80M) | Time:00:01.87 | Mem:257.58M, Peak:278.44M | Scene, ViewLayer | Updating Geometry BVH common_living_dining_balcony_laundry_cabinet_01_door_f1l_mesh 572/1281 | Building BVH
Fra:1 Mem:618.65M (Peak 618.80M) | Time:00:01.87 | Mem:257.61M, Peak:278.44M | Scene, ViewLayer | Updating Geometry BVH A_living_dining_balcony_dining_chair_05_seat_mesh 1224/1281 | Building BVH
Fra:1 Mem:618.65M (Peak 618.80M) | Time:00:01.87 | Mem:257.61M, Peak:278.44M | Scene, ViewLayer | Updating Geometry BVH common_living_dining_balcony_laundry_cabinet_01_door_f1r_mesh 573/1281 | Building BVH
Fra:1 Mem:618.65M (Peak 618.80M) | Time:00:01.87 | Mem:257.62M, Peak:278.44M | Scene, ViewLayer | Updating Geometry BVH common_living_dining_balcony_laundry_cabinet_01_door_f1b_mesh 574/1281 | Building BVH
Fra:1 Mem:618.65M (Peak 618.80M) | Time:00:01.87 | Mem:257.62M, Peak:278.44M | Scene, ViewLayer | Updating Geometry BVH common_living_dining_balcony_laundry_cabinet_01_door_f1t_mesh 575/1281 | Building BVH
Fra:1 Mem:618.65M (Peak 618.80M) | Time:00:01.87 | Mem:257.67M, Peak:278.44M | Scene, ViewLayer | Updating Geometry BVH common_living_dining_balcony_laundry_cabinet_01_door_f1c_mesh 576/1281 | Building BVH
Fra:1 Mem:618.65M (Peak 618.80M) | Time:00:01.87 | Mem:257.70M, Peak:278.44M | Scene, ViewLayer | Updating Geometry BVH common_master_bedroom_wardrobe_01_body_mesh 578/1281 | Building BVH
Fra:1 Mem:618.65M (Peak 618.80M) | Time:00:01.87 | Mem:257.69M, Peak:278.44M | Scene, ViewLayer | Updating Geometry BVH common_master_bedroom_wardrobe_01_door_gapbg_mesh 579/1281 | Building BVH
Fra:1 Mem:618.65M (Peak 618.80M) | Time:00:01.87 | Mem:257.69M, Peak:278.44M | Scene, ViewLayer | Updating Geometry BVH common_master_bedroom_wardrobe_01_door_f0l_mesh 580/1281 | Building BVH
Fra:1 Mem:618.65M (Peak 618.80M) | Time:00:01.87 | Mem:257.70M, Peak:278.44M | Scene, ViewLayer | Updating Geometry BVH common_master_bedroom_wardrobe_01_door_f0r_mesh 581/1281 | Building BVH
Fra:1 Mem:618.65M (Peak 618.80M) | Time:00:01.87 | Mem:257.70M, Peak:278.44M | Scene, ViewLayer | Updating Geometry BVH common_master_bedroom_wardrobe_01_door_f0b_mesh 582/1281 | Building BVH
Fra:1 Mem:618.65M (Peak 618.80M) | Time:00:01.87 | Mem:257.75M, Peak:278.44M | Scene, ViewLayer | Updating Geometry BVH common_master_bedroom_wardrobe_01_door_f0t_mesh 583/1281 | Building BVH
Fra:1 Mem:618.65M (Peak 618.80M) | Time:00:01.87 | Mem:257.75M, Peak:278.44M | Scene, ViewLayer | Updating Geometry BVH common_master_bedroom_wardrobe_01_door_f0c_mesh 584/1281 | Building BVH
Fra:1 Mem:618.65M (Peak 618.80M) | Time:00:01.87 | Mem:257.77M, Peak:278.44M | Scene, ViewLayer | Updating Geometry BVH common_master_bedroom_wardrobe_01_door_p0_mesh 585/1281 | Building BVH
Fra:1 Mem:618.65M (Peak 618.80M) | Time:00:01.87 | Mem:257.78M, Peak:278.44M | Scene, ViewLayer | Updating Geometry BVH common_master_bedroom_wardrobe_01_door_f1l_mesh 586/1281 | Building BVH
Fra:1 Mem:618.65M (Peak 618.80M) | Time:00:01.87 | Mem:257.82M, Peak:278.44M | Scene, ViewLayer | Updating Geometry BVH common_master_bedroom_wardrobe_01_door_f1b_mesh 588/1281 | Building BVH
Fra:1 Mem:618.65M (Peak 618.80M) | Time:00:01.87 | Mem:257.82M, Peak:278.44M | Scene, ViewLayer | Updating Geometry BVH common_master_bedroom_wardrobe_01_door_f1r_mesh 587/1281 | Building BVH
Fra:1 Mem:618.65M (Peak 618.80M) | Time:00:01.87 | Mem:257.82M, Peak:278.44M | Scene, ViewLayer | Updating Geometry BVH common_master_bedroom_wardrobe_01_door_f1t_mesh 589/1281 | Building BVH
Fra:1 Mem:618.65M (Peak 618.80M) | Time:00:01.87 | Mem:257.86M, Peak:278.44M | Scene, ViewLayer | Updating Geometry BVH common_master_bedroom_wardrobe_01_door_f1c_mesh 590/1281 | Building BVH
Fra:1 Mem:618.65M (Peak 618.80M) | Time:00:01.87 | Mem:257.86M, Peak:278.44M | Scene, ViewLayer | Updating Geometry BVH common_master_bedroom_wardrobe_01_door_p1_mesh 591/1281 | Building BVH
Fra:1 Mem:618.65M (Peak 618.80M) | Time:00:01.87 | Mem:257.86M, Peak:278.44M | Scene, ViewLayer | Updating Geometry BVH common_master_bedroom_wardrobe_01_door_f2l_mesh 592/1281 | Building BVH
Fra:1 Mem:618.65M (Peak 618.80M) | Time:00:01.87 | Mem:257.86M, Peak:278.44M | Scene, ViewLayer | Updating Geometry BVH common_master_bedroom_wardrobe_01_door_f2r_mesh 593/1281 | Building BVH
Fra:1 Mem:618.65M (Peak 618.80M) | Time:00:01.87 | Mem:257.86M, Peak:278.44M | Scene, ViewLayer | Updating Geometry BVH common_master_bedroom_wardrobe_01_door_f2b_mesh 594/1281 | Building BVH
Fra:1 Mem:618.65M (Peak 618.80M) | Time:00:01.87 | Mem:257.87M, Peak:278.44M | Scene, ViewLayer | Updating Geometry BVH common_master_bedroom_wardrobe_01_door_f2t_mesh 595/1281 | Building BVH
Fra:1 Mem:618.65M (Peak 618.80M) | Time:00:01.87 | Mem:257.89M, Peak:278.44M | Scene, ViewLayer | Updating Geometry BVH common_master_bedroom_wardrobe_01_door_f2c_mesh 596/1281 | Building BVH
Fra:1 Mem:618.65M (Peak 618.80M) | Time:00:01.87 | Mem:257.98M, Peak:278.44M | Scene, ViewLayer | Updating Geometry BVH common_master_bedroom_wardrobe_01_door_p2_mesh 597/1281 | Building BVH
Fra:1 Mem:618.65M (Peak 618.80M) | Time:00:01.87 | Mem:257.98M, Peak:278.44M | Scene, ViewLayer | Updating Geometry BVH common_master_bedroom_wardrobe_01_door_f3l_mesh 598/1281 | Building BVH
Fra:1 Mem:618.65M (Peak 618.80M) | Time:00:01.87 | Mem:257.98M, Peak:278.44M | Scene, ViewLayer | Updating Geometry BVH common_master_bedroom_wardrobe_01_door_f3b_mesh 600/1281 | Building BVH
Fra:1 Mem:618.65M (Peak 618.80M) | Time:00:01.87 | Mem:257.97M, Peak:278.44M | Scene, ViewLayer | Updating Geometry BVH common_master_bedroom_wardrobe_01_door_f3t_mesh 601/1281 | Building BVH
Fra:1 Mem:618.65M (Peak 618.80M) | Time:00:01.87 | Mem:257.98M, Peak:278.44M | Scene, ViewLayer | Updating Geometry BVH common_master_bedroom_wardrobe_01_door_f3c_mesh 602/1281 | Building BVH
Fra:1 Mem:618.65M (Peak 618.80M) | Time:00:01.87 | Mem:257.99M, Peak:278.44M | Scene, ViewLayer | Updating Geometry BVH common_master_bedroom_wardrobe_01_door_p3_mesh 603/1281 | Building BVH
Fra:1 Mem:618.65M (Peak 618.80M) | Time:00:01.87 | Mem:258.00M, Peak:278.44M | Scene, ViewLayer | Updating Geometry BVH common_master_bedroom_wardrobe_01_door_f4l_mesh 604/1281 | Building BVH
Fra:1 Mem:618.65M (Peak 618.80M) | Time:00:01.87 | Mem:258.01M, Peak:278.44M | Scene, ViewLayer | Updating Geometry BVH common_master_bedroom_wardrobe_01_door_f4r_mesh 605/1281 | Building BVH
Fra:1 Mem:618.65M (Peak 618.80M) | Time:00:01.87 | Mem:258.01M, Peak:278.44M | Scene, ViewLayer | Updating Geometry BVH common_master_bedroom_wardrobe_01_door_f4b_mesh 606/1281 | Building BVH
Fra:1 Mem:618.65M (Peak 618.80M) | Time:00:01.87 | Mem:258.05M, Peak:278.44M | Scene, ViewLayer | Updating Geometry BVH common_master_bedroom_wardrobe_01_door_f4t_mesh 607/1281 | Building BVH
Fra:1 Mem:618.65M (Peak 618.80M) | Time:00:01.87 | Mem:258.13M, Peak:278.44M | Scene, ViewLayer | Updating Geometry BVH common_master_bedroom_wardrobe_01_door_f4c_mesh 608/1281 | Building BVH
Fra:1 Mem:618.65M (Peak 618.80M) | Time:00:01.87 | Mem:258.13M, Peak:278.44M | Scene, ViewLayer | Updating Geometry BVH common_master_bedroom_wardrobe_01_door_p4_mesh 609/1281 | Building BVH
Fra:1 Mem:618.65M (Peak 618.80M) | Time:00:01.87 | Mem:258.16M, Peak:278.44M | Scene, ViewLayer | Updating Geometry BVH common_master_bedroom_wardrobe_01_door_f5l_mesh 610/1281 | Building BVH
Fra:1 Mem:618.65M (Peak 618.80M) | Time:00:01.87 | Mem:258.17M, Peak:278.44M | Scene, ViewLayer | Updating Geometry BVH common_master_bedroom_wardrobe_01_door_f5r_mesh 611/1281 | Building BVH
Fra:1 Mem:618.65M (Peak 618.80M) | Time:00:01.88 | Mem:258.17M, Peak:278.44M | Scene, ViewLayer | Updating Geometry BVH common_master_bedroom_wardrobe_01_door_f5b_mesh 612/1281 | Building BVH
Fra:1 Mem:618.65M (Peak 618.80M) | Time:00:01.88 | Mem:258.22M, Peak:278.44M | Scene, ViewLayer | Updating Geometry BVH common_master_bedroom_wardrobe_01_door_f5t_mesh 613/1281 | Building BVH
Fra:1 Mem:618.65M (Peak 618.80M) | Time:00:01.88 | Mem:258.21M, Peak:278.44M | Scene, ViewLayer | Updating Geometry BVH common_master_bedroom_wardrobe_01_door_f5c_mesh 614/1281 | Building BVH
Fra:1 Mem:618.65M (Peak 618.80M) | Time:00:01.88 | Mem:258.22M, Peak:278.44M | Scene, ViewLayer | Updating Geometry BVH common_master_bedroom_wardrobe_01_door_p5_mesh 615/1281 | Building BVH
Fra:1 Mem:618.65M (Peak 618.80M) | Time:00:01.88 | Mem:258.23M, Peak:278.44M | Scene, ViewLayer | Updating Geometry BVH common_master_bedroom_wardrobe_01_door_f6l_mesh 616/1281 | Building BVH
Fra:1 Mem:618.65M (Peak 618.80M) | Time:00:01.88 | Mem:258.24M, Peak:278.44M | Scene, ViewLayer | Updating Geometry BVH common_master_bedroom_wardrobe_01_door_f6b_mesh 618/1281 | Building BVH
Fra:1 Mem:618.65M (Peak 618.80M) | Time:00:01.88 | Mem:258.26M, Peak:278.44M | Scene, ViewLayer | Updating Geometry BVH common_master_bedroom_wardrobe_01_door_f6t_mesh 619/1281 | Building BVH
Fra:1 Mem:618.65M (Peak 618.80M) | Time:00:01.88 | Mem:258.26M, Peak:278.44M | Scene, ViewLayer | Updating Geometry BVH common_master_bedroom_wardrobe_01_door_f6c_mesh 620/1281 | Building BVH
Fra:1 Mem:618.65M (Peak 618.80M) | Time:00:01.88 | Mem:258.26M, Peak:278.44M | Scene, ViewLayer | Updating Geometry BVH A_living_dining_balcony_dining_chair_05_back_mesh 1223/1281 | Building BVH
Fra:1 Mem:618.65M (Peak 618.80M) | Time:00:01.88 | Mem:258.33M, Peak:278.44M | Scene, ViewLayer | Updating Geometry BVH common_master_bedroom_wardrobe_01_door_p6_mesh 621/1281 | Building BVH
Fra:1 Mem:618.65M (Peak 618.80M) | Time:00:01.88 | Mem:258.33M, Peak:278.44M | Scene, ViewLayer | Updating Geometry BVH common_master_bedroom_open_niche_01_cheek0_mesh 623/1281 | Building BVH
Fra:1 Mem:618.65M (Peak 618.80M) | Time:00:01.88 | Mem:258.33M, Peak:278.44M | Scene, ViewLayer | Updating Geometry BVH common_master_bedroom_open_niche_01_cheek1_mesh 624/1281 | Building BVH
Fra:1 Mem:618.65M (Peak 618.80M) | Time:00:01.88 | Mem:258.33M, Peak:278.44M | Scene, ViewLayer | Updating Geometry BVH common_master_bedroom_open_niche_01_top_mesh 625/1281 | Building BVH
Fra:1 Mem:618.65M (Peak 618.80M) | Time:00:01.88 | Mem:258.35M, Peak:278.44M | Scene, ViewLayer | Updating Geometry BVH common_master_bedroom_open_niche_01_bottom_mesh 626/1281 | Building BVH
Fra:1 Mem:618.65M (Peak 618.80M) | Time:00:01.88 | Mem:258.39M, Peak:278.44M | Scene, ViewLayer | Updating Geometry BVH common_master_bedroom_open_niche_01_sh1_mesh 628/1281 | Building BVH
Fra:1 Mem:618.65M (Peak 618.80M) | Time:00:01.88 | Mem:258.39M, Peak:278.44M | Scene, ViewLayer | Updating Geometry BVH common_master_bath_vanity_01_drw_f0_mesh 632/1281 | Building BVH
Fra:1 Mem:618.65M (Peak 618.80M) | Time:00:01.88 | Mem:258.39M, Peak:278.44M | Scene, ViewLayer | Updating Geometry BVH common_master_bath_vanity_01_drw_f1_mesh 634/1281 | Building BVH
Fra:1 Mem:618.65M (Peak 618.80M) | Time:00:01.88 | Mem:258.39M, Peak:278.44M | Scene, ViewLayer | Updating Geometry BVH common_master_bath_vanity_01_drw_p1_mesh 635/1281 | Building BVH
Fra:1 Mem:618.65M (Peak 618.80M) | Time:00:01.88 | Mem:258.39M, Peak:278.44M | Scene, ViewLayer | Updating Geometry BVH common_master_bath_vanity_01_top_s2_mesh 637/1281 | Building BVH
Fra:1 Mem:618.65M (Peak 618.80M) | Time:00:01.88 | Mem:258.39M, Peak:278.44M | Scene, ViewLayer | Updating Geometry BVH common_master_bath_vanity_01_top_s3_mesh 638/1281 | Building BVH
Fra:1 Mem:618.65M (Peak 618.80M) | Time:00:01.88 | Mem:258.53M, Peak:278.44M | Scene, ViewLayer | Updating Geometry BVH common_master_bath_vanity_01_top_s4_mesh 639/1281 | Building BVH
Fra:1 Mem:618.65M (Peak 618.80M) | Time:00:01.88 | Mem:258.54M, Peak:278.44M | Scene, ViewLayer | Updating Geometry BVH common_master_bath_vanity_01_bowlW_mesh 640/1281 | Building BVH
Fra:1 Mem:618.65M (Peak 618.80M) | Time:00:01.88 | Mem:258.54M, Peak:278.44M | Scene, ViewLayer | Updating Geometry BVH common_master_bath_vanity_01_bowlE_mesh 641/1281 | Building BVH
Fra:1 Mem:618.65M (Peak 618.80M) | Time:00:01.88 | Mem:258.54M, Peak:278.44M | Scene, ViewLayer | Updating Geometry BVH common_master_bath_vanity_01_bowlN_mesh 642/1281 | Building BVH
Fra:1 Mem:618.65M (Peak 618.80M) | Time:00:01.88 | Mem:258.55M, Peak:278.44M | Scene, ViewLayer | Updating Geometry BVH common_master_bath_vanity_01_bowlS_mesh 643/1281 | Building BVH
Fra:1 Mem:618.65M (Peak 618.80M) | Time:00:01.88 | Mem:258.55M, Peak:278.44M | Scene, ViewLayer | Updating Geometry BVH common_master_bath_vanity_01_bowlB_mesh 644/1281 | Building BVH
Fra:1 Mem:618.65M (Peak 618.80M) | Time:00:01.88 | Mem:258.56M, Peak:278.44M | Scene, ViewLayer | Updating Geometry BVH common_master_bath_vanity_01_fc_base_mesh 645/1281 | Building BVH
Fra:1 Mem:618.65M (Peak 618.80M) | Time:00:01.88 | Mem:258.57M, Peak:278.44M | Scene, ViewLayer | Updating Geometry BVH common_master_bath_vanity_01_fc_riser_mesh 646/1281 | Building BVH
Fra:1 Mem:618.65M (Peak 618.80M) | Time:00:01.88 | Mem:258.58M, Peak:278.44M | Scene, ViewLayer | Updating Geometry BVH A_living_dining_balcony_dining_chair_04_armf1_mesh 1222/1281 | Building BVH
Fra:1 Mem:618.65M (Peak 618.80M) | Time:00:01.88 | Mem:258.67M, Peak:278.44M | Scene, ViewLayer | Updating Geometry BVH common_master_bath_vanity_01_fc_spout_mesh 647/1281 | Building BVH
Fra:1 Mem:618.65M (Peak 618.80M) | Time:00:01.88 | Mem:258.67M, Peak:278.44M | Scene, ViewLayer | Updating Geometry BVH common_master_bath_vanity_01_fc_tip_mesh 648/1281 | Building BVH
Fra:1 Mem:618.65M (Peak 618.80M) | Time:00:01.88 | Mem:258.67M, Peak:278.44M | Scene, ViewLayer | Updating Geometry BVH common_master_bath_mirror_cabinet_01_body_mesh 649/1281 | Building BVH
Fra:1 Mem:618.65M (Peak 618.80M) | Time:00:01.88 | Mem:258.68M, Peak:278.44M | Scene, ViewLayer | Updating Geometry BVH common_master_bath_mirror_cabinet_01_mir_f0_mesh 650/1281 | Building BVH
Fra:1 Mem:618.65M (Peak 618.80M) | Time:00:01.88 | Mem:258.68M, Peak:278.44M | Scene, ViewLayer | Updating Geometry BVH common_master_bath_toilet_01_base_mesh 651/1281 | Building BVH
Fra:1 Mem:618.65M (Peak 618.80M) | Time:00:01.89 | Mem:258.69M, Peak:278.44M | Scene, ViewLayer | Updating Geometry BVH common_master_bath_toilet_01_seat_mesh 652/1281 | Building BVH
Fra:1 Mem:618.65M (Peak 618.80M) | Time:00:01.89 | Mem:258.69M, Peak:278.44M | Scene, ViewLayer | Updating Geometry BVH common_master_bath_glass_partition_01_fr0_mesh 654/1281 | Building BVH
Fra:1 Mem:618.65M (Peak 618.80M) | Time:00:01.89 | Mem:258.70M, Peak:278.44M | Scene, ViewLayer | Updating Geometry BVH common_master_bath_glass_partition_01_fr1_mesh 655/1281 | Building BVH
Fra:1 Mem:618.65M (Peak 618.80M) | Time:00:01.89 | Mem:258.70M, Peak:278.44M | Scene, ViewLayer | Updating Geometry BVH common_master_bath_glass_partition_01_fr2_mesh 656/1281 | Building BVH
Fra:1 Mem:618.65M (Peak 618.80M) | Time:00:01.89 | Mem:258.72M, Peak:278.44M | Scene, ViewLayer | Updating Geometry BVH common_master_bath_glass_partition_01_fr3_mesh 657/1281 | Building BVH
Fra:1 Mem:618.65M (Peak 618.80M) | Time:00:01.89 | Mem:258.76M, Peak:278.44M | Scene, ViewLayer | Updating Geometry BVH common_master_bath_glass_partition_01_fr4_mesh 658/1281 | Building BVH
Fra:1 Mem:618.65M (Peak 618.80M) | Time:00:01.89 | Mem:258.80M, Peak:278.44M | Scene, ViewLayer | Updating Geometry BVH common_master_bath_shower_floor_01_pan_mesh 659/1281 | Building BVH
Fra:1 Mem:618.65M (Peak 618.80M) | Time:00:01.89 | Mem:258.80M, Peak:278.44M | Scene, ViewLayer | Updating Geometry BVH common_master_bath_shower_floor_01_drain_mesh 660/1281 | Building BVH
Fra:1 Mem:618.65M (Peak 618.80M) | Time:00:01.89 | Mem:258.80M, Peak:278.44M | Scene, ViewLayer | Updating Geometry BVH common_corridor_vanity_01_cab_mesh 661/1281 | Building BVH
Fra:1 Mem:618.65M (Peak 618.80M) | Time:00:01.89 | Mem:258.80M, Peak:278.44M | Scene, ViewLayer | Updating Geometry BVH A_living_dining_balcony_dining_chair_04_armf0_mesh 1220/1281 | Building BVH
Fra:1 Mem:618.65M (Peak 618.80M) | Time:00:01.89 | Mem:258.80M, Peak:278.44M | Scene, ViewLayer | Updating Geometry BVH common_corridor_vanity_01_drw_gapbg_mesh 662/1281 | Building BVH
Fra:1 Mem:618.65M (Peak 618.80M) | Time:00:01.89 | Mem:258.80M, Peak:278.44M | Scene, ViewLayer | Updating Geometry BVH common_corridor_vanity_01_drw_f0_mesh 663/1281 | Building BVH
Fra:1 Mem:618.65M (Peak 618.80M) | Time:00:01.89 | Mem:258.82M, Peak:278.44M | Scene, ViewLayer | Updating Geometry BVH common_corridor_vanity_01_drw_p0_mesh 664/1281 | Building BVH
Fra:1 Mem:618.65M (Peak 618.80M) | Time:00:01.89 | Mem:258.84M, Peak:278.44M | Scene, ViewLayer | Updating Geometry BVH common_corridor_vanity_01_drw_f1_mesh 665/1281 | Building BVH
Fra:1 Mem:618.65M (Peak 618.80M) | Time:00:01.89 | Mem:258.87M, Peak:278.44M | Scene, ViewLayer | Updating Geometry BVH common_corridor_vanity_01_drw_p1_mesh 666/1281 | Building BVH
Fra:1 Mem:618.65M (Peak 618.80M) | Time:00:01.89 | Mem:258.89M, Peak:278.44M | Scene, ViewLayer | Updating Geometry BVH common_corridor_vanity_01_drw_f2_mesh 667/1281 | Building BVH
Fra:1 Mem:618.65M (Peak 618.80M) | Time:00:01.89 | Mem:258.90M, Peak:278.44M | Scene, ViewLayer | Updating Geometry BVH common_corridor_vanity_01_drw_p2_mesh 668/1281 | Building BVH
Fra:1 Mem:618.65M (Peak 618.80M) | Time:00:01.89 | Mem:258.90M, Peak:278.44M | Scene, ViewLayer | Updating Geometry BVH common_corridor_vanity_01_top_s1_mesh 669/1281 | Building BVH
Fra:1 Mem:618.65M (Peak 618.80M) | Time:00:01.89 | Mem:258.91M, Peak:278.44M | Scene, ViewLayer | Updating Geometry BVH common_corridor_vanity_01_top_s2_mesh 670/1281 | Building BVH
Fra:1 Mem:618.65M (Peak 618.80M) | Time:00:01.89 | Mem:258.94M, Peak:278.44M | Scene, ViewLayer | Updating Geometry BVH common_corridor_vanity_01_top_s3_mesh 671/1281 | Building BVH
Fra:1 Mem:618.65M (Peak 618.80M) | Time:00:01.89 | Mem:258.97M, Peak:278.44M | Scene, ViewLayer | Updating Geometry BVH common_corridor_vanity_01_top_s4_mesh 672/1281 | Building BVH
Fra:1 Mem:618.65M (Peak 618.80M) | Time:00:01.89 | Mem:259.00M, Peak:278.44M | Scene, ViewLayer | Updating Geometry BVH common_corridor_vanity_01_top_s5_mesh 673/1281 | Building BVH
Fra:1 Mem:618.65M (Peak 618.80M) | Time:00:01.89 | Mem:259.00M, Peak:278.44M | Scene, ViewLayer | Updating Geometry BVH common_corridor_vanity_01_bowlS_mesh 677/1281 | Building BVH
Fra:1 Mem:618.65M (Peak 618.80M) | Time:00:01.89 | Mem:259.00M, Peak:278.44M | Scene, ViewLayer | Updating Geometry BVH common_corridor_vanity_01_bowlB_mesh 678/1281 | Building BVH
Fra:1 Mem:618.65M (Peak 618.80M) | Time:00:01.89 | Mem:259.01M, Peak:278.44M | Scene, ViewLayer | Updating Geometry BVH common_corridor_vanity_01_fc353_riser_mesh 680/1281 | Building BVH
Fra:1 Mem:618.65M (Peak 618.80M) | Time:00:01.89 | Mem:259.01M, Peak:278.44M | Scene, ViewLayer | Updating Geometry BVH common_corridor_vanity_01_fc353_base_mesh 679/1281 | Building BVH
Fra:1 Mem:618.65M (Peak 618.80M) | Time:00:01.89 | Mem:259.04M, Peak:278.44M | Scene, ViewLayer | Updating Geometry BVH common_corridor_vanity_01_fc353_spout_mesh 681/1281 | Building BVH
Fra:1 Mem:618.65M (Peak 618.80M) | Time:00:01.89 | Mem:259.09M, Peak:278.44M | Scene, ViewLayer | Updating Geometry BVH common_corridor_vanity_01_fc353_tip_mesh 682/1281 | Building BVH
Fra:1 Mem:618.65M (Peak 618.80M) | Time:00:01.89 | Mem:259.09M, Peak:278.44M | Scene, ViewLayer | Updating Geometry BVH common_corridor_vanity_01_bowlW_mesh 674/1281 | Building BVH
Fra:1 Mem:618.65M (Peak 618.80M) | Time:00:01.89 | Mem:259.09M, Peak:278.44M | Scene, ViewLayer | Updating Geometry BVH common_corridor_vanity_01_bowlE_mesh.001 684/1281 | Building BVH
Fra:1 Mem:618.65M (Peak 618.80M) | Time:00:01.89 | Mem:259.09M, Peak:278.44M | Scene, ViewLayer | Updating Geometry BVH common_corridor_vanity_01_bowlN_mesh.001 685/1281 | Building BVH
Fra:1 Mem:618.65M (Peak 618.80M) | Time:00:01.89 | Mem:259.09M, Peak:278.44M | Scene, ViewLayer | Updating Geometry BVH common_corridor_vanity_01_bowlS_mesh.001 686/1281 | Building BVH
Fra:1 Mem:618.65M (Peak 618.80M) | Time:00:01.89 | Mem:259.10M, Peak:278.44M | Scene, ViewLayer | Updating Geometry BVH common_corridor_vanity_01_bowlB_mesh.001 687/1281 | Building BVH
Fra:1 Mem:618.65M (Peak 618.80M) | Time:00:01.89 | Mem:259.11M, Peak:278.44M | Scene, ViewLayer | Updating Geometry BVH common_corridor_vanity_01_fc281_base_mesh 688/1281 | Building BVH
Fra:1 Mem:618.65M (Peak 618.80M) | Time:00:01.89 | Mem:259.12M, Peak:278.44M | Scene, ViewLayer | Updating Geometry BVH common_corridor_vanity_01_fc281_spout_mesh 690/1281 | Building BVH
Fra:1 Mem:618.65M (Peak 618.80M) | Time:00:01.89 | Mem:259.12M, Peak:278.44M | Scene, ViewLayer | Updating Geometry BVH common_corridor_vanity_01_fc281_tip_mesh 691/1281 | Building BVH
Fra:1 Mem:618.65M (Peak 618.80M) | Time:00:01.89 | Mem:259.14M, Peak:278.44M | Scene, ViewLayer | Updating Geometry BVH common_corridor_mirror_cabinet_01_body_mesh 692/1281 | Building BVH
Fra:1 Mem:618.65M (Peak 618.80M) | Time:00:01.89 | Mem:259.18M, Peak:278.44M | Scene, ViewLayer | Updating Geometry BVH common_corridor_mirror_cabinet_01_mir_f1_mesh 694/1281 | Building BVH
Fra:1 Mem:618.65M (Peak 618.80M) | Time:00:01.89 | Mem:259.19M, Peak:278.44M | Scene, ViewLayer | Updating Geometry BVH common_public_bath_wet_shower_floor_01_pan_mesh 695/1281 | Building BVH
Fra:1 Mem:618.65M (Peak 618.80M) | Time:00:01.89 | Mem:259.29M, Peak:278.44M | Scene, ViewLayer | Updating Geometry BVH common_corridor_mirror_cabinet_01_mir_f0_mesh 693/1281 | Building BVH
Fra:1 Mem:618.65M (Peak 618.80M) | Time:00:01.89 | Mem:259.28M, Peak:278.44M | Scene, ViewLayer | Updating Geometry BVH common_public_bath_wet_shower_floor_01_drain_mesh 696/1281 | Building BVH
Fra:1 Mem:618.65M (Peak 618.80M) | Time:00:01.89 | Mem:259.28M, Peak:278.44M | Scene, ViewLayer | Updating Geometry BVH common_public_bath_wet_glass_partition_01_fr0_mesh 697/1281 | Building BVH
Fra:1 Mem:618.65M (Peak 618.80M) | Time:00:01.89 | Mem:259.28M, Peak:278.44M | Scene, ViewLayer | Updating Geometry BVH common_public_bath_wet_glass_partition_01_fr1_mesh 698/1281 | Building BVH
Fra:1 Mem:618.65M (Peak 618.80M) | Time:00:01.89 | Mem:259.29M, Peak:278.44M | Scene, ViewLayer | Updating Geometry BVH common_public_bath_wet_glass_partition_01_fr3_mesh 700/1281 | Building BVH
Fra:1 Mem:618.65M (Peak 618.80M) | Time:00:01.89 | Mem:259.31M, Peak:278.44M | Scene, ViewLayer | Updating Geometry BVH common_public_bath_wet_glass_partition_01_fr4_mesh 701/1281 | Building BVH
Fra:1 Mem:618.65M (Peak 618.80M) | Time:00:01.89 | Mem:259.31M, Peak:278.44M | Scene, ViewLayer | Updating Geometry BVH common_public_bath_wet_toilet_01_seat_mesh 703/1281 | Building BVH
Fra:1 Mem:618.65M (Peak 618.80M) | Time:00:01.89 | Mem:259.36M, Peak:278.44M | Scene, ViewLayer | Updating Geometry BVH A_living_dining_balcony_dining_chair_04_arm0_mesh 1219/1281 | Building BVH
Fra:1 Mem:618.65M (Peak 618.80M) | Time:00:01.89 | Mem:259.39M, Peak:278.44M | Scene, ViewLayer | Updating Geometry BVH common_public_bath_wet_toilet_01_tank_mesh 704/1281 | Building BVH
Fra:1 Mem:618.65M (Peak 618.80M) | Time:00:01.89 | Mem:259.38M, Peak:278.44M | Scene, ViewLayer | Updating Geometry BVH common_parents_room_wardrobe_01_body_mesh 705/1281 | Building BVH
Fra:1 Mem:618.65M (Peak 618.80M) | Time:00:01.89 | Mem:259.41M, Peak:278.44M | Scene, ViewLayer | Updating Geometry BVH common_parents_room_wardrobe_01_slA_f0_mesh 706/1281 | Building BVH
Fra:1 Mem:618.65M (Peak 618.80M) | Time:00:01.89 | Mem:259.41M, Peak:278.44M | Scene, ViewLayer | Updating Geometry BVH common_parents_room_wardrobe_01_slA_f1_mesh 707/1281 | Building BVH
Fra:1 Mem:618.65M (Peak 618.80M) | Time:00:01.89 | Mem:259.43M, Peak:278.44M | Scene, ViewLayer | Updating Geometry BVH common_parents_room_wardrobe_01_slA_f2_mesh 708/1281 | Building BVH
Fra:1 Mem:618.65M (Peak 618.80M) | Time:00:01.89 | Mem:259.48M, Peak:278.44M | Scene, ViewLayer | Updating Geometry BVH common_parents_room_wardrobe_01_slB_f0_mesh 709/1281 | Building BVH
Fra:1 Mem:618.65M (Peak 618.80M) | Time:00:01.89 | Mem:259.48M, Peak:278.44M | Scene, ViewLayer | Updating Geometry BVH common_parents_room_wardrobe_01_slB_f1_mesh 710/1281 | Building BVH
Fra:1 Mem:618.65M (Peak 618.80M) | Time:00:01.89 | Mem:259.48M, Peak:278.44M | Scene, ViewLayer | Updating Geometry BVH common_parents_room_wardrobe_01_slB_f2_mesh 711/1281 | Building BVH
Fra:1 Mem:618.65M (Peak 618.80M) | Time:00:01.89 | Mem:259.49M, Peak:278.44M | Scene, ViewLayer | Updating Geometry BVH common_master_bedroom_screen_01_slat00_mesh 712/1281 | Building BVH
Fra:1 Mem:618.65M (Peak 618.80M) | Time:00:01.89 | Mem:259.55M, Peak:278.44M | Scene, ViewLayer | Updating Geometry BVH common_master_bedroom_screen_01_slat01_mesh 713/1281 | Building BVH
Fra:1 Mem:618.65M (Peak 618.80M) | Time:00:01.89 | Mem:259.55M, Peak:278.44M | Scene, ViewLayer | Updating Geometry BVH common_master_bedroom_screen_01_slat02_mesh 714/1281 | Building BVH
Fra:1 Mem:618.65M (Peak 618.80M) | Time:00:01.89 | Mem:259.54M, Peak:278.44M | Scene, ViewLayer | Updating Geometry BVH common_master_bedroom_screen_01_slat03_mesh 715/1281 | Building BVH
Fra:1 Mem:618.65M (Peak 618.80M) | Time:00:01.89 | Mem:259.56M, Peak:278.44M | Scene, ViewLayer | Updating Geometry BVH common_master_bedroom_screen_01_slat05_mesh 717/1281 | Building BVH
Fra:1 Mem:618.65M (Peak 618.80M) | Time:00:01.89 | Mem:259.58M, Peak:278.44M | Scene, ViewLayer | Updating Geometry BVH common_master_bedroom_screen_01_slat06_mesh 718/1281 | Building BVH
Fra:1 Mem:618.65M (Peak 618.80M) | Time:00:01.89 | Mem:259.60M, Peak:278.44M | Scene, ViewLayer | Updating Geometry BVH common_master_bedroom_screen_01_slat07_mesh 719/1281 | Building BVH
Fra:1 Mem:618.65M (Peak 618.80M) | Time:00:01.89 | Mem:259.64M, Peak:278.44M | Scene, ViewLayer | Updating Geometry BVH common_master_bedroom_screen_01_slat08_mesh 720/1281 | Building BVH
Fra:1 Mem:618.65M (Peak 618.80M) | Time:00:01.89 | Mem:259.65M, Peak:278.44M | Scene, ViewLayer | Updating Geometry BVH common_master_bedroom_screen_01_slat09_mesh 721/1281 | Building BVH
Fra:1 Mem:618.65M (Peak 618.80M) | Time:00:01.89 | Mem:259.67M, Peak:278.44M | Scene, ViewLayer | Updating Geometry BVH common_master_bedroom_screen_01_slat10_mesh 722/1281 | Building BVH
Fra:1 Mem:618.65M (Peak 618.80M) | Time:00:01.89 | Mem:259.67M, Peak:278.44M | Scene, ViewLayer | Updating Geometry BVH common_master_bedroom_screen_01_slat11_mesh 723/1281 | Building BVH
Fra:1 Mem:618.65M (Peak 618.80M) | Time:00:01.89 | Mem:259.67M, Peak:278.44M | Scene, ViewLayer | Updating Geometry BVH common_master_bedroom_screen_01_slat12_mesh 724/1281 | Building BVH
Fra:1 Mem:618.65M (Peak 618.80M) | Time:00:01.89 | Mem:259.71M, Peak:278.44M | Scene, ViewLayer | Updating Geometry BVH common_master_bedroom_screen_01_slat13_mesh 725/1281 | Building BVH
Fra:1 Mem:618.65M (Peak 618.80M) | Time:00:01.89 | Mem:259.74M, Peak:278.44M | Scene, ViewLayer | Updating Geometry BVH common_master_bedroom_screen_01_slat14_mesh 726/1281 | Building BVH
Fra:1 Mem:618.65M (Peak 618.80M) | Time:00:01.89 | Mem:259.74M, Peak:278.44M | Scene, ViewLayer | Updating Geometry BVH common_master_bedroom_screen_01_slat15_mesh 727/1281 | Building BVH
Fra:1 Mem:618.65M (Peak 618.80M) | Time:00:01.89 | Mem:259.76M, Peak:278.44M | Scene, ViewLayer | Updating Geometry BVH common_master_bedroom_screen_01_slat16_mesh 728/1281 | Building BVH
Fra:1 Mem:618.65M (Peak 618.80M) | Time:00:01.89 | Mem:259.79M, Peak:278.44M | Scene, ViewLayer | Updating Geometry BVH common_master_bedroom_screen_01_slat17_mesh 729/1281 | Building BVH
Fra:1 Mem:618.65M (Peak 618.80M) | Time:00:01.89 | Mem:259.80M, Peak:278.44M | Scene, ViewLayer | Updating Geometry BVH common_master_bedroom_screen_01_slat18_mesh 730/1281 | Building BVH
Fra:1 Mem:618.65M (Peak 618.80M) | Time:00:01.89 | Mem:259.83M, Peak:278.44M | Scene, ViewLayer | Updating Geometry BVH common_master_bedroom_screen_01_cap_mesh 731/1281 | Building BVH
Fra:1 Mem:618.65M (Peak 618.80M) | Time:00:01.89 | Mem:259.83M, Peak:278.44M | Scene, ViewLayer | Updating Geometry BVH mb_shower_mixer_mesh 732/1281 | Building BVH
Fra:1 Mem:618.65M (Peak 618.80M) | Time:00:01.89 | Mem:259.83M, Peak:278.44M | Scene, ViewLayer | Updating Geometry BVH mb_shower_rail_mesh 733/1281 | Building BVH
Fra:1 Mem:618.65M (Peak 618.80M) | Time:00:01.89 | Mem:259.82M, Peak:278.44M | Scene, ViewLayer | Updating Geometry BVH mb_shower_hand_mesh 734/1281 | Building BVH
Fra:1 Mem:618.65M (Peak 618.80M) | Time:00:01.89 | Mem:259.83M, Peak:278.44M | Scene, ViewLayer | Updating Geometry BVH mb_shower_arm_mesh 735/1281 | Building BVH
Fra:1 Mem:618.65M (Peak 618.80M) | Time:00:01.89 | Mem:259.84M, Peak:278.44M | Scene, ViewLayer | Updating Geometry BVH mb_shower_rain_mesh 736/1281 | Building BVH
Fra:1 Mem:618.65M (Peak 618.80M) | Time:00:01.90 | Mem:259.88M, Peak:278.44M | Scene, ViewLayer | Updating Geometry BVH fx_mb_niche_back_mesh 737/1281 | Building BVH
Fra:1 Mem:618.65M (Peak 618.80M) | Time:00:01.90 | Mem:259.88M, Peak:278.44M | Scene, ViewLayer | Updating Geometry BVH fx_mb_niche_side0_mesh 738/1281 | Building BVH
Fra:1 Mem:618.65M (Peak 618.80M) | Time:00:01.90 | Mem:259.90M, Peak:278.44M | Scene, ViewLayer | Updating Geometry BVH fx_mb_niche_side1_mesh 739/1281 | Building BVH
Fra:1 Mem:618.65M (Peak 618.80M) | Time:00:01.90 | Mem:259.90M, Peak:278.44M | Scene, ViewLayer | Updating Geometry BVH fx_mb_niche_btm_mesh 740/1281 | Building BVH
Fra:1 Mem:618.65M (Peak 618.80M) | Time:00:01.90 | Mem:259.90M, Peak:278.44M | Scene, ViewLayer | Updating Geometry BVH fx_mb_niche_top_mesh 741/1281 | Building BVH
Fra:1 Mem:618.65M (Peak 618.80M) | Time:00:01.90 | Mem:259.90M, Peak:278.44M | Scene, ViewLayer | Updating Geometry BVH fx_mb_paper_plate_mesh 742/1281 | Building BVH
Fra:1 Mem:618.65M (Peak 618.80M) | Time:00:01.90 | Mem:259.92M, Peak:278.44M | Scene, ViewLayer | Updating Geometry BVH fx_mb_paper_rod_mesh 743/1281 | Building BVH
Fra:1 Mem:618.65M (Peak 618.80M) | Time:00:01.90 | Mem:259.93M, Peak:278.44M | Scene, ViewLayer | Updating Geometry BVH pb_shower_mixer_mesh 744/1281 | Building BVH
Fra:1 Mem:618.65M (Peak 618.80M) | Time:00:01.90 | Mem:259.93M, Peak:278.44M | Scene, ViewLayer | Updating Geometry BVH pb_shower_rail_mesh 745/1281 | Building BVH
Fra:1 Mem:618.65M (Peak 618.80M) | Time:00:01.90 | Mem:259.94M, Peak:278.44M | Scene, ViewLayer | Updating Geometry BVH pb_shower_hand_mesh 746/1281 | Building BVH
Fra:1 Mem:618.65M (Peak 618.80M) | Time:00:01.90 | Mem:259.95M, Peak:278.44M | Scene, ViewLayer | Updating Geometry BVH pb_shower_arm_mesh 747/1281 | Building BVH
Fra:1 Mem:618.65M (Peak 618.80M) | Time:00:01.90 | Mem:259.97M, Peak:278.44M | Scene, ViewLayer | Updating Geometry BVH fx_pb_niche_side0_mesh 750/1281 | Building BVH
Fra:1 Mem:618.65M (Peak 618.80M) | Time:00:01.90 | Mem:259.97M, Peak:278.44M | Scene, ViewLayer | Updating Geometry BVH fx_pb_niche_btm_mesh 752/1281 | Building BVH
Fra:1 Mem:618.65M (Peak 618.80M) | Time:00:01.90 | Mem:259.97M, Peak:278.44M | Scene, ViewLayer | Updating Geometry BVH fx_pb_niche_top_mesh 753/1281 | Building BVH
Fra:1 Mem:618.65M (Peak 618.80M) | Time:00:01.90 | Mem:259.97M, Peak:278.44M | Scene, ViewLayer | Updating Geometry BVH fx_stool_top_mesh 754/1281 | Building BVH
Fra:1 Mem:618.65M (Peak 618.80M) | Time:00:01.90 | Mem:259.97M, Peak:278.44M | Scene, ViewLayer | Updating Geometry BVH fx_stool_leg0_mesh 755/1281 | Building BVH
Fra:1 Mem:618.65M (Peak 618.80M) | Time:00:01.90 | Mem:260.06M, Peak:278.44M | Scene, ViewLayer | Updating Geometry BVH fx_stool_leg1_mesh 756/1281 | Building BVH
Fra:1 Mem:618.65M (Peak 618.80M) | Time:00:01.90 | Mem:260.05M, Peak:278.44M | Scene, ViewLayer | Updating Geometry BVH fx_stool_leg2_mesh 757/1281 | Building BVH
Fra:1 Mem:618.65M (Peak 618.80M) | Time:00:01.90 | Mem:260.06M, Peak:278.44M | Scene, ViewLayer | Updating Geometry BVH fx_stool_leg3_mesh 758/1281 | Building BVH
Fra:1 Mem:618.65M (Peak 618.80M) | Time:00:01.90 | Mem:260.07M, Peak:278.44M | Scene, ViewLayer | Updating Geometry BVH common_foyer_stool_01_pad_mesh 759/1281 | Building BVH
Fra:1 Mem:618.65M (Peak 618.80M) | Time:00:01.90 | Mem:260.07M, Peak:278.44M | Scene, ViewLayer | Updating Geometry BVH A_living_dining_balcony_dining_chair_04_leg3_mesh 1217/1281 | Building BVH
Fra:1 Mem:618.65M (Peak 618.80M) | Time:00:01.90 | Mem:260.08M, Peak:278.44M | Scene, ViewLayer | Updating Geometry BVH common_foyer_stool_01_leg0_mesh 760/1281 | Building BVH
Fra:1 Mem:618.65M (Peak 618.80M) | Time:00:01.90 | Mem:260.09M, Peak:278.44M | Scene, ViewLayer | Updating Geometry BVH common_foyer_stool_01_leg1_mesh 761/1281 | Building BVH
Fra:1 Mem:618.65M (Peak 618.80M) | Time:00:01.90 | Mem:260.10M, Peak:278.44M | Scene, ViewLayer | Updating Geometry BVH common_foyer_stool_01_leg2_mesh 762/1281 | Building BVH
Fra:1 Mem:618.65M (Peak 618.80M) | Time:00:01.90 | Mem:260.10M, Peak:278.44M | Scene, ViewLayer | Updating Geometry BVH common_foyer_stool_01_leg3_mesh 763/1281 | Building BVH
Fra:1 Mem:618.65M (Peak 618.80M) | Time:00:01.90 | Mem:260.11M, Peak:278.44M | Scene, ViewLayer | Updating Geometry BVH common_living_dining_balcony_plant_01_stem_mesh 764/1281 | Building BVH
Fra:1 Mem:618.65M (Peak 618.80M) | Time:00:01.90 | Mem:260.12M, Peak:278.44M | Scene, ViewLayer | Updating Geometry BVH common_living_dining_balcony_plant_01_leaf0_mesh 765/1281 | Building BVH
Fra:1 Mem:618.65M (Peak 618.80M) | Time:00:01.90 | Mem:260.16M, Peak:278.44M | Scene, ViewLayer | Updating Geometry BVH common_living_dining_balcony_plant_01_leaf1_mesh 766/1281 | Building BVH
Fra:1 Mem:618.65M (Peak 618.80M) | Time:00:01.90 | Mem:260.16M, Peak:278.44M | Scene, ViewLayer | Updating Geometry BVH common_living_dining_balcony_plant_01_leaf2_mesh 767/1281 | Building BVH
Fra:1 Mem:618.65M (Peak 618.80M) | Time:00:01.90 | Mem:260.16M, Peak:278.44M | Scene, ViewLayer | Updating Geometry BVH common_living_dining_balcony_plant_01_leaf3_mesh 768/1281 | Building BVH
Fra:1 Mem:618.65M (Peak 618.80M) | Time:00:01.90 | Mem:260.17M, Peak:278.44M | Scene, ViewLayer | Updating Geometry BVH common_living_dining_balcony_plant_01_leaf4_mesh 769/1281 | Building BVH
Fra:1 Mem:618.65M (Peak 618.80M) | Time:00:01.90 | Mem:260.19M, Peak:278.44M | Scene, ViewLayer | Updating Geometry BVH common_living_dining_balcony_plant_01_leaf5_mesh 770/1281 | Building BVH
Fra:1 Mem:618.65M (Peak 618.80M) | Time:00:01.90 | Mem:260.20M, Peak:278.44M | Scene, ViewLayer | Updating Geometry BVH common_living_dining_balcony_plant_01_leaf6_mesh 771/1281 | Building BVH
Fra:1 Mem:618.65M (Peak 618.80M) | Time:00:01.90 | Mem:260.21M, Peak:278.44M | Scene, ViewLayer | Updating Geometry BVH common_living_dining_balcony_plant_01_leaf7_mesh 772/1281 | Building BVH
Fra:1 Mem:618.65M (Peak 618.80M) | Time:00:01.90 | Mem:260.21M, Peak:278.44M | Scene, ViewLayer | Updating Geometry BVH common_living_dining_balcony_planter_01_pot_mesh 773/1281 | Building BVH
Fra:1 Mem:618.65M (Peak 618.80M) | Time:00:01.90 | Mem:260.25M, Peak:278.44M | Scene, ViewLayer | Updating Geometry BVH common_living_dining_balcony_stool_01_top_mesh 774/1281 | Building BVH
Fra:1 Mem:618.65M (Peak 618.80M) | Time:00:01.90 | Mem:260.25M, Peak:278.44M | Scene, ViewLayer | Updating Geometry BVH common_living_dining_balcony_stool_01_post_mesh 775/1281 | Building BVH
Fra:1 Mem:618.65M (Peak 618.80M) | Time:00:01.90 | Mem:260.25M, Peak:278.44M | Scene, ViewLayer | Updating Geometry BVH common_living_dining_balcony_stool_01_jar_mesh 776/1281 | Building BVH
Fra:1 Mem:618.65M (Peak 618.80M) | Time:00:01.90 | Mem:260.24M, Peak:278.44M | Scene, ViewLayer | Updating Geometry BVH common_living_dining_balcony_artwork_01_canvas_mesh 777/1281 | Building BVH
Fra:1 Mem:618.65M (Peak 618.80M) | Time:00:01.90 | Mem:260.25M, Peak:278.44M | Scene, ViewLayer | Updating Geometry BVH common_living_dining_balcony_artwork_01_lamp_mesh 778/1281 | Building BVH
Fra:1 Mem:618.65M (Peak 618.80M) | Time:00:01.90 | Mem:260.28M, Peak:278.44M | Scene, ViewLayer | Updating Geometry BVH common_master_bedroom_dressing_table_01_top_mesh 779/1281 | Building BVH
Fra:1 Mem:618.65M (Peak 618.80M) | Time:00:01.90 | Mem:260.33M, Peak:278.44M | Scene, ViewLayer | Updating Geometry BVH common_master_bedroom_dressing_table_01_side0_mesh 780/1281 | Building BVH
Fra:1 Mem:618.65M (Peak 618.80M) | Time:00:01.90 | Mem:260.44M, Peak:278.44M | Scene, ViewLayer | Updating Geometry BVH common_master_bedroom_dressing_table_01_side1_mesh 781/1281 | Building BVH
Fra:1 Mem:618.65M (Peak 618.80M) | Time:00:01.90 | Mem:260.43M, Peak:278.44M | Scene, ViewLayer | Updating Geometry BVH common_master_bedroom_dressing_table_01_drw_mesh 782/1281 | Building BVH
Fra:1 Mem:618.65M (Peak 618.80M) | Time:00:01.90 | Mem:260.45M, Peak:278.44M | Scene, ViewLayer | Updating Geometry BVH common_master_bedroom_dressing_table_01drw_drw_gapbg_mesh 783/1281 | Building BVH
Fra:1 Mem:618.65M (Peak 618.80M) | Time:00:01.90 | Mem:260.45M, Peak:278.44M | Scene, ViewLayer | Updating Geometry BVH A_living_dining_balcony_dining_chair_04_legt2_mesh 1216/1281 | Building BVH
Fra:1 Mem:618.65M (Peak 618.80M) | Time:00:01.90 | Mem:260.45M, Peak:278.44M | Scene, ViewLayer | Updating Geometry BVH common_master_bedroom_dressing_table_01drw_drw_f0_mesh 784/1281 | Building BVH
Fra:1 Mem:618.65M (Peak 618.80M) | Time:00:01.90 | Mem:260.49M, Peak:278.44M | Scene, ViewLayer | Updating Geometry BVH common_master_bedroom_dressing_table_01drw_drw_p0_mesh 785/1281 | Building BVH
Fra:1 Mem:618.65M (Peak 618.80M) | Time:00:01.90 | Mem:260.49M, Peak:278.44M | Scene, ViewLayer | Updating Geometry BVH common_master_bedroom_dressing_table_01drw_drw_f1_mesh 786/1281 | Building BVH
Fra:1 Mem:618.65M (Peak 618.80M) | Time:00:01.90 | Mem:260.48M, Peak:278.44M | Scene, ViewLayer | Updating Geometry BVH common_master_bedroom_dressing_table_01drw_drw_p1_mesh 787/1281 | Building BVH
Fra:1 Mem:618.65M (Peak 618.80M) | Time:00:01.90 | Mem:260.48M, Peak:278.44M | Scene, ViewLayer | Updating Geometry BVH common_master_bedroom_dressing_table_01_door_gapbg_mesh 789/1281 | Building BVH
Fra:1 Mem:618.65M (Peak 618.80M) | Time:00:01.90 | Mem:260.48M, Peak:278.44M | Scene, ViewLayer | Updating Geometry BVH common_master_bedroom_dressing_table_01_door_f0l_mesh 790/1281 | Building BVH
Fra:1 Mem:618.65M (Peak 618.80M) | Time:00:01.90 | Mem:260.51M, Peak:278.44M | Scene, ViewLayer | Updating Geometry BVH common_master_bedroom_dressing_table_01_door_f0r_mesh 791/1281 | Building BVH
Fra:1 Mem:618.65M (Peak 618.80M) | Time:00:01.90 | Mem:260.51M, Peak:278.44M | Scene, ViewLayer | Updating Geometry BVH common_master_bedroom_dressing_table_01_door_f0t_mesh 793/1281 | Building BVH
Fra:1 Mem:618.65M (Peak 618.80M) | Time:00:01.90 | Mem:260.51M, Peak:278.44M | Scene, ViewLayer | Updating Geometry BVH A_living_dining_balcony_dining_chair_04_leg2_mesh 1215/1281 | Building BVH
Fra:1 Mem:618.65M (Peak 618.80M) | Time:00:01.90 | Mem:260.55M, Peak:278.44M | Scene, ViewLayer | Updating Geometry BVH common_master_bedroom_dressing_table_01_door_f0c_mesh 794/1281 | Building BVH
Fra:1 Mem:618.65M (Peak 618.80M) | Time:00:01.90 | Mem:260.60M, Peak:278.44M | Scene, ViewLayer | Updating Geometry BVH common_master_bedroom_dressing_table_01_door_p0_mesh 795/1281 | Building BVH
Fra:1 Mem:618.65M (Peak 618.80M) | Time:00:01.90 | Mem:260.63M, Peak:278.44M | Scene, ViewLayer | Updating Geometry BVH common_master_bedroom_dressing_table_01_door_f1l_mesh 796/1281 | Building BVH
Fra:1 Mem:618.65M (Peak 618.80M) | Time:00:01.90 | Mem:260.65M, Peak:278.44M | Scene, ViewLayer | Updating Geometry BVH common_master_bedroom_dressing_table_01_door_f1r_mesh 797/1281 | Building BVH
Fra:1 Mem:618.65M (Peak 618.80M) | Time:00:01.90 | Mem:260.65M, Peak:278.44M | Scene, ViewLayer | Updating Geometry BVH common_master_bedroom_dressing_table_01_door_f1b_mesh 798/1281 | Building BVH
Fra:1 Mem:618.65M (Peak 618.80M) | Time:00:01.90 | Mem:260.62M, Peak:278.44M | Scene, ViewLayer | Updating Geometry BVH common_master_bedroom_dressing_table_01_door_f1t_mesh 799/1281 | Building BVH
Fra:1 Mem:618.65M (Peak 618.80M) | Time:00:01.90 | Mem:260.62M, Peak:278.44M | Scene, ViewLayer | Updating Geometry BVH common_master_bedroom_dressing_table_01_door_f1c_mesh 800/1281 | Building BVH
Fra:1 Mem:618.65M (Peak 618.80M) | Time:00:01.90 | Mem:260.62M, Peak:278.44M | Scene, ViewLayer | Updating Geometry BVH common_master_bedroom_dressing_table_01_door_p1_mesh 801/1281 | Building BVH
Fra:1 Mem:618.65M (Peak 618.80M) | Time:00:01.90 | Mem:260.65M, Peak:278.44M | Scene, ViewLayer | Updating Geometry BVH common_master_bedroom_dressing_table_01_door_f2l_mesh 802/1281 | Building BVH
Fra:1 Mem:618.65M (Peak 618.80M) | Time:00:01.90 | Mem:260.71M, Peak:278.44M | Scene, ViewLayer | Updating Geometry BVH A_living_dining_balcony_dining_chair_04_legt1_mesh 1214/1281 | Building BVH
Fra:1 Mem:618.65M (Peak 618.80M) | Time:00:01.90 | Mem:260.71M, Peak:278.44M | Scene, ViewLayer | Updating Geometry BVH common_master_bedroom_dressing_table_01_door_f2r_mesh 803/1281 | Building BVH
Fra:1 Mem:618.65M (Peak 618.80M) | Time:00:01.90 | Mem:260.70M, Peak:278.44M | Scene, ViewLayer | Updating Geometry BVH common_master_bedroom_dressing_table_01_door_f2b_mesh 804/1281 | Building BVH
Fra:1 Mem:618.65M (Peak 618.80M) | Time:00:01.90 | Mem:260.71M, Peak:278.44M | Scene, ViewLayer | Updating Geometry BVH common_master_bedroom_dressing_table_01_door_f2t_mesh 805/1281 | Building BVH
Fra:1 Mem:618.65M (Peak 618.80M) | Time:00:01.90 | Mem:260.75M, Peak:278.44M | Scene, ViewLayer | Updating Geometry BVH common_master_bedroom_dressing_table_01_door_f2c_mesh 806/1281 | Building BVH
Fra:1 Mem:618.65M (Peak 618.80M) | Time:00:01.90 | Mem:260.75M, Peak:278.44M | Scene, ViewLayer | Updating Geometry BVH common_master_bedroom_dressing_table_01_door_p2_mesh 807/1281 | Building BVH
Fra:1 Mem:618.65M (Peak 618.80M) | Time:00:01.90 | Mem:260.77M, Peak:278.44M | Scene, ViewLayer | Updating Geometry BVH common_master_bedroom_dressing_table_01_mirror_mesh 808/1281 | Building BVH
Fra:1 Mem:618.65M (Peak 618.80M) | Time:00:01.90 | Mem:260.77M, Peak:278.44M | Scene, ViewLayer | Updating Geometry BVH common_master_bedroom_stool_01_leg0_mesh 810/1281 | Building BVH
Fra:1 Mem:618.65M (Peak 618.80M) | Time:00:01.90 | Mem:260.79M, Peak:278.44M | Scene, ViewLayer | Updating Geometry BVH common_master_bedroom_stool_01_leg1_mesh 811/1281 | Building BVH
Fra:1 Mem:618.65M (Peak 618.80M) | Time:00:01.90 | Mem:260.79M, Peak:278.44M | Scene, ViewLayer | Updating Geometry BVH common_master_bedroom_stool_01_leg2_mesh 812/1281 | Building BVH
Fra:1 Mem:618.65M (Peak 618.80M) | Time:00:01.90 | Mem:260.81M, Peak:278.44M | Scene, ViewLayer | Updating Geometry BVH common_master_bedroom_stool_01_leg3_mesh 813/1281 | Building BVH
Fra:1 Mem:618.65M (Peak 618.80M) | Time:00:01.90 | Mem:260.82M, Peak:278.44M | Scene, ViewLayer | Updating Geometry BVH common_master_bedroom_bed_01_frame_mesh 814/1281 | Building BVH
Fra:1 Mem:618.65M (Peak 618.80M) | Time:00:01.90 | Mem:260.83M, Peak:278.44M | Scene, ViewLayer | Updating Geometry BVH common_master_bedroom_bed_01_mattress_mesh 815/1281 | Building BVH
Fra:1 Mem:618.65M (Peak 618.80M) | Time:00:01.90 | Mem:260.84M, Peak:278.44M | Scene, ViewLayer | Updating Geometry BVH common_master_bedroom_bed_01_duvet_mesh 816/1281 | Building BVH
Fra:1 Mem:618.65M (Peak 618.80M) | Time:00:01.90 | Mem:260.86M, Peak:278.44M | Scene, ViewLayer | Updating Geometry BVH common_master_bedroom_bed_01_duvetdrop_mesh 817/1281 | Building BVH
Fra:1 Mem:618.65M (Peak 618.80M) | Time:00:01.90 | Mem:260.90M, Peak:278.44M | Scene, ViewLayer | Updating Geometry BVH common_master_bedroom_bed_01_duvetdrop2_mesh 818/1281 | Building BVH
Fra:1 Mem:618.65M (Peak 618.80M) | Time:00:01.90 | Mem:260.92M, Peak:278.44M | Scene, ViewLayer | Updating Geometry BVH common_master_bedroom_bed_01_pillow1_mesh 819/1281 | Building BVH
Fra:1 Mem:618.65M (Peak 618.80M) | Time:00:01.90 | Mem:260.92M, Peak:278.44M | Scene, ViewLayer | Updating Geometry BVH common_master_bedroom_bed_01_pillow2_mesh 820/1281 | Building BVH
Fra:1 Mem:618.65M (Peak 618.80M) | Time:00:01.90 | Mem:260.94M, Peak:278.44M | Scene, ViewLayer | Updating Geometry BVH common_master_bedroom_bed_01_throw_mesh 821/1281 | Building BVH
Fra:1 Mem:618.65M (Peak 618.80M) | Time:00:01.90 | Mem:260.94M, Peak:278.44M | Scene, ViewLayer | Updating Geometry BVH common_master_bedroom_headboard_01_pad_mesh 822/1281 | Building BVH
Fra:1 Mem:618.65M (Peak 618.80M) | Time:00:01.91 | Mem:260.97M, Peak:278.44M | Scene, ViewLayer | Updating Geometry BVH A_living_dining_balcony_dining_chair_04_leg1_mesh 1213/1281 | Building BVH
Fra:1 Mem:618.65M (Peak 618.80M) | Time:00:01.91 | Mem:260.97M, Peak:278.44M | Scene, ViewLayer | Updating Geometry BVH common_master_bedroom_nightstand_01_body_mesh 823/1281 | Building BVH
Fra:1 Mem:618.65M (Peak 618.80M) | Time:00:01.91 | Mem:260.99M, Peak:278.44M | Scene, ViewLayer | Updating Geometry BVH common_master_bedroom_nightstand_01_drw_gapbg_mesh 824/1281 | Building BVH
Fra:1 Mem:618.65M (Peak 618.80M) | Time:00:01.91 | Mem:261.00M, Peak:278.44M | Scene, ViewLayer | Updating Geometry BVH common_master_bedroom_nightstand_01_drw_f0_mesh 825/1281 | Building BVH
Fra:1 Mem:618.65M (Peak 618.80M) | Time:00:01.91 | Mem:261.00M, Peak:278.44M | Scene, ViewLayer | Updating Geometry BVH common_master_bedroom_nightstand_01_drw_p0_mesh 826/1281 | Building BVH
Fra:1 Mem:618.65M (Peak 618.80M) | Time:00:01.91 | Mem:260.99M, Peak:278.44M | Scene, ViewLayer | Updating Geometry BVH common_master_bedroom_nightstand_01_leg0_mesh 827/1281 | Building BVH
Fra:1 Mem:618.65M (Peak 618.80M) | Time:00:01.91 | Mem:261.00M, Peak:278.44M | Scene, ViewLayer | Updating Geometry BVH common_master_bedroom_nightstand_01_leg1_mesh 828/1281 | Building BVH
Fra:1 Mem:618.65M (Peak 618.80M) | Time:00:01.91 | Mem:261.00M, Peak:278.44M | Scene, ViewLayer | Updating Geometry BVH common_master_bedroom_nightstand_01_leg2_mesh 829/1281 | Building BVH
Fra:1 Mem:618.65M (Peak 618.80M) | Time:00:01.91 | Mem:261.02M, Peak:278.44M | Scene, ViewLayer | Updating Geometry BVH common_master_bedroom_nightstand_01_leg3_mesh 830/1281 | Building BVH
Fra:1 Mem:618.65M (Peak 618.80M) | Time:00:01.91 | Mem:261.06M, Peak:278.44M | Scene, ViewLayer | Updating Geometry BVH common_master_bedroom_nightstand_02_body_mesh 831/1281 | Building BVH
Fra:1 Mem:618.65M (Peak 618.80M) | Time:00:01.91 | Mem:261.06M, Peak:278.44M | Scene, ViewLayer | Updating Geometry BVH common_master_bedroom_nightstand_02_drw_gapbg_mesh 832/1281 | Building BVH
Fra:1 Mem:618.65M (Peak 618.80M) | Time:00:01.91 | Mem:261.06M, Peak:278.44M | Scene, ViewLayer | Updating Geometry BVH common_master_bedroom_nightstand_02_drw_f0_mesh 833/1281 | Building BVH
Fra:1 Mem:618.65M (Peak 618.80M) | Time:00:01.91 | Mem:261.06M, Peak:278.44M | Scene, ViewLayer | Updating Geometry BVH common_master_bedroom_nightstand_02_drw_p0_mesh 834/1281 | Building BVH
Fra:1 Mem:618.65M (Peak 618.80M) | Time:00:01.91 | Mem:261.06M, Peak:278.44M | Scene, ViewLayer | Updating Geometry BVH common_master_bedroom_nightstand_02_leg0_mesh 835/1281 | Building BVH
Fra:1 Mem:618.65M (Peak 618.80M) | Time:00:01.91 | Mem:261.08M, Peak:278.44M | Scene, ViewLayer | Updating Geometry BVH common_master_bedroom_nightstand_02_leg1_mesh 836/1281 | Building BVH
Fra:1 Mem:618.65M (Peak 618.80M) | Time:00:01.91 | Mem:261.13M, Peak:278.44M | Scene, ViewLayer | Updating Geometry BVH A_living_dining_balcony_dining_chair_04_legt0_mesh 1212/1281 | Building BVH
Fra:1 Mem:618.65M (Peak 618.80M) | Time:00:01.91 | Mem:261.13M, Peak:278.44M | Scene, ViewLayer | Updating Geometry BVH common_master_bedroom_nightstand_02_leg2_mesh 837/1281 | Building BVH
Fra:1 Mem:618.65M (Peak 618.80M) | Time:00:01.91 | Mem:261.13M, Peak:278.44M | Scene, ViewLayer | Updating Geometry BVH common_master_bedroom_nightstand_02_leg3_mesh 838/1281 | Building BVH
Fra:1 Mem:618.65M (Peak 618.80M) | Time:00:01.91 | Mem:261.15M, Peak:278.44M | Scene, ViewLayer | Updating Geometry BVH common_master_bedroom_desk_01_top_mesh 839/1281 | Building BVH
Fra:1 Mem:618.65M (Peak 618.80M) | Time:00:01.91 | Mem:261.16M, Peak:278.44M | Scene, ViewLayer | Updating Geometry BVH common_master_bedroom_desk_01_leg0_mesh 841/1281 | Building BVH
Fra:1 Mem:618.65M (Peak 618.80M) | Time:00:01.91 | Mem:261.16M, Peak:278.44M | Scene, ViewLayer | Updating Geometry BVH common_master_bedroom_desk_01_drawer_mesh 840/1281 | Building BVH
Fra:1 Mem:618.65M (Peak 618.80M) | Time:00:01.91 | Mem:261.16M, Peak:278.44M | Scene, ViewLayer | Updating Geometry BVH common_master_bedroom_desk_01_leg1_mesh 842/1281 | Building BVH
Fra:1 Mem:618.65M (Peak 618.80M) | Time:00:01.91 | Mem:261.16M, Peak:278.44M | Scene, ViewLayer | Updating Geometry BVH common_master_bedroom_desk_01_leg2_mesh 843/1281 | Building BVH
Fra:1 Mem:618.65M (Peak 618.80M) | Time:00:01.91 | Mem:261.18M, Peak:278.44M | Scene, ViewLayer | Updating Geometry BVH A_living_dining_balcony_dining_chair_04_leg0_mesh 1211/1281 | Building BVH
Fra:1 Mem:618.65M (Peak 618.80M) | Time:00:01.91 | Mem:261.19M, Peak:278.44M | Scene, ViewLayer | Updating Geometry BVH common_master_bedroom_desk_01_leg3_mesh 844/1281 | Building BVH
Fra:1 Mem:618.65M (Peak 618.80M) | Time:00:01.91 | Mem:261.19M, Peak:278.44M | Scene, ViewLayer | Updating Geometry BVH common_master_bedroom_desk_01_monitor_mesh 845/1281 | Building BVH
Fra:1 Mem:618.65M (Peak 618.80M) | Time:00:01.91 | Mem:261.19M, Peak:278.44M | Scene, ViewLayer | Updating Geometry BVH common_master_bedroom_desk_01_monstand_mesh 846/1281 | Building BVH
Fra:1 Mem:618.65M (Peak 618.80M) | Time:00:01.91 | Mem:261.20M, Peak:278.44M | Scene, ViewLayer | Updating Geometry BVH common_master_bedroom_chair_01_seat_mesh 847/1281 | Building BVH
Fra:1 Mem:618.65M (Peak 618.80M) | Time:00:01.91 | Mem:261.23M, Peak:278.44M | Scene, ViewLayer | Updating Geometry BVH common_master_bedroom_chair_01_back_mesh 848/1281 | Building BVH
Fra:1 Mem:618.65M (Peak 618.80M) | Time:00:01.91 | Mem:261.25M, Peak:278.44M | Scene, ViewLayer | Updating Geometry BVH common_master_bedroom_chair_01_post_mesh 849/1281 | Building BVH
Fra:1 Mem:618.65M (Peak 618.80M) | Time:00:01.91 | Mem:261.27M, Peak:278.44M | Scene, ViewLayer | Updating Geometry BVH common_master_bedroom_chair_01_base_mesh 850/1281 | Building BVH
Fra:1 Mem:618.65M (Peak 618.80M) | Time:00:01.91 | Mem:261.28M, Peak:278.44M | Scene, ViewLayer | Updating Geometry BVH common_master_bedroom_rug_01_pile_mesh 851/1281 | Building BVH
Fra:1 Mem:618.65M (Peak 618.80M) | Time:00:01.91 | Mem:261.30M, Peak:278.44M | Scene, ViewLayer | Updating Geometry BVH common_terrace_coffee_table_01_top_mesh 852/1281 | Building BVH
Fra:1 Mem:618.65M (Peak 618.80M) | Time:00:01.91 | Mem:261.30M, Peak:278.44M | Scene, ViewLayer | Updating Geometry BVH A_living_dining_balcony_dining_chair_04_seat_mesh 1210/1281 | Building BVH
Fra:1 Mem:618.65M (Peak 618.80M) | Time:00:01.91 | Mem:261.30M, Peak:278.44M | Scene, ViewLayer | Updating Geometry BVH common_terrace_coffee_table_01_leg0_mesh 853/1281 | Building BVH
Fra:1 Mem:618.65M (Peak 618.80M) | Time:00:01.91 | Mem:261.36M, Peak:278.44M | Scene, ViewLayer | Updating Geometry BVH common_terrace_coffee_table_01_leg1_mesh 854/1281 | Building BVH
Fra:1 Mem:618.65M (Peak 618.80M) | Time:00:01.91 | Mem:261.36M, Peak:278.44M | Scene, ViewLayer | Updating Geometry BVH common_terrace_coffee_table_01_leg2_mesh 855/1281 | Building BVH
Fra:1 Mem:618.65M (Peak 618.80M) | Time:00:01.91 | Mem:261.36M, Peak:278.44M | Scene, ViewLayer | Updating Geometry BVH common_terrace_lounge_chair_01_seat_mesh 856/1281 | Building BVH
Fra:1 Mem:618.65M (Peak 618.80M) | Time:00:01.91 | Mem:261.37M, Peak:278.44M | Scene, ViewLayer | Updating Geometry BVH common_terrace_lounge_chair_01_cushion_mesh 857/1281 | Building BVH
Fra:1 Mem:618.65M (Peak 618.80M) | Time:00:01.91 | Mem:261.39M, Peak:278.44M | Scene, ViewLayer | Updating Geometry BVH common_terrace_lounge_chair_01_back0_mesh 858/1281 | Building BVH
Fra:1 Mem:618.65M (Peak 618.80M) | Time:00:01.91 | Mem:261.40M, Peak:278.44M | Scene, ViewLayer | Updating Geometry BVH common_terrace_lounge_chair_01_back1_mesh 859/1281 | Building BVH
Fra:1 Mem:618.65M (Peak 618.80M) | Time:00:01.91 | Mem:261.43M, Peak:278.44M | Scene, ViewLayer | Updating Geometry BVH common_terrace_lounge_chair_01_back2_mesh 860/1281 | Building BVH
Fra:1 Mem:618.65M (Peak 618.80M) | Time:00:01.91 | Mem:261.44M, Peak:278.44M | Scene, ViewLayer | Updating Geometry BVH common_terrace_lounge_chair_01_arm-1_mesh 861/1281 | Building BVH
Fra:1 Mem:618.65M (Peak 618.80M) | Time:00:01.91 | Mem:261.45M, Peak:278.44M | Scene, ViewLayer | Updating Geometry BVH common_terrace_lounge_chair_01_armp-1_mesh 862/1281 | Building BVH
Fra:1 Mem:618.65M (Peak 618.80M) | Time:00:01.91 | Mem:261.47M, Peak:278.44M | Scene, ViewLayer | Updating Geometry BVH common_terrace_lounge_chair_01_arm1_mesh 863/1281 | Building BVH
Fra:1 Mem:618.65M (Peak 618.80M) | Time:00:01.91 | Mem:261.47M, Peak:278.44M | Scene, ViewLayer | Updating Geometry BVH common_terrace_lounge_chair_01_armp1_mesh 864/1281 | Building BVH
Fra:1 Mem:618.65M (Peak 618.80M) | Time:00:01.91 | Mem:261.53M, Peak:278.44M | Scene, ViewLayer | Updating Geometry BVH common_terrace_lounge_chair_01_leg0_mesh 865/1281 | Building BVH
Fra:1 Mem:618.65M (Peak 618.80M) | Time:00:01.91 | Mem:261.53M, Peak:278.44M | Scene, ViewLayer | Updating Geometry BVH common_terrace_lounge_chair_01_leg1_mesh 866/1281 | Building BVH
Fra:1 Mem:618.65M (Peak 618.80M) | Time:00:01.91 | Mem:261.52M, Peak:278.44M | Scene, ViewLayer | Updating Geometry BVH common_terrace_lounge_chair_02_seat_mesh 869/1281 | Building BVH
Fra:1 Mem:618.65M (Peak 618.80M) | Time:00:01.91 | Mem:261.52M, Peak:278.44M | Scene, ViewLayer | Updating Geometry BVH common_terrace_lounge_chair_02_back0_mesh 871/1281 | Building BVH
Fra:1 Mem:618.65M (Peak 618.80M) | Time:00:01.91 | Mem:261.53M, Peak:278.44M | Scene, ViewLayer | Updating Geometry BVH A_living_dining_balcony_dining_chair_04_back_mesh 1209/1281 | Building BVH
Fra:1 Mem:618.65M (Peak 618.80M) | Time:00:01.91 | Mem:261.53M, Peak:278.44M | Scene, ViewLayer | Updating Geometry BVH common_terrace_lounge_chair_02_back1_mesh 872/1281 | Building BVH
Fra:1 Mem:618.65M (Peak 618.80M) | Time:00:01.91 | Mem:261.53M, Peak:278.44M | Scene, ViewLayer | Updating Geometry BVH common_terrace_lounge_chair_02_back2_mesh 873/1281 | Building BVH
Fra:1 Mem:618.65M (Peak 618.80M) | Time:00:01.91 | Mem:261.57M, Peak:278.44M | Scene, ViewLayer | Updating Geometry BVH common_terrace_lounge_chair_02_armp-1_mesh 875/1281 | Building BVH
Fra:1 Mem:618.65M (Peak 618.80M) | Time:00:01.91 | Mem:261.66M, Peak:278.44M | Scene, ViewLayer | Updating Geometry BVH common_terrace_lounge_chair_02_arm-1_mesh 874/1281 | Building BVH
Fra:1 Mem:618.65M (Peak 618.80M) | Time:00:01.91 | Mem:261.66M, Peak:278.44M | Scene, ViewLayer | Updating Geometry BVH common_terrace_lounge_chair_02_arm1_mesh 876/1281 | Building BVH
Fra:1 Mem:618.65M (Peak 618.80M) | Time:00:01.91 | Mem:261.68M, Peak:278.44M | Scene, ViewLayer | Updating Geometry BVH common_terrace_lounge_chair_02_armp1_mesh 877/1281 | Building BVH
Fra:1 Mem:618.65M (Peak 618.80M) | Time:00:01.91 | Mem:261.72M, Peak:278.44M | Scene, ViewLayer | Updating Geometry BVH common_terrace_lounge_chair_02_leg0_mesh 878/1281 | Building BVH
Fra:1 Mem:618.65M (Peak 618.80M) | Time:00:01.91 | Mem:261.72M, Peak:278.44M | Scene, ViewLayer | Updating Geometry BVH common_terrace_lounge_chair_02_leg1_mesh 879/1281 | Building BVH
Fra:1 Mem:618.65M (Peak 618.80M) | Time:00:01.91 | Mem:261.72M, Peak:278.44M | Scene, ViewLayer | Updating Geometry BVH common_terrace_lounge_chair_02_leg2_mesh 880/1281 | Building BVH
Fra:1 Mem:618.65M (Peak 618.80M) | Time:00:01.92 | Mem:261.74M, Peak:278.44M | Scene, ViewLayer | Updating Geometry BVH common_terrace_lounge_chair_02_leg3_mesh 881/1281 | Building BVH
Fra:1 Mem:618.65M (Peak 618.80M) | Time:00:01.92 | Mem:261.74M, Peak:278.44M | Scene, ViewLayer | Updating Geometry BVH common_terrace_plant_01_pot_mesh 882/1281 | Building BVH
Fra:1 Mem:618.65M (Peak 618.80M) | Time:00:01.92 | Mem:261.74M, Peak:278.44M | Scene, ViewLayer | Updating Geometry BVH common_terrace_plant_01_stem_mesh 883/1281 | Building BVH
Fra:1 Mem:618.65M (Peak 618.80M) | Time:00:01.92 | Mem:261.76M, Peak:278.44M | Scene, ViewLayer | Updating Geometry BVH A_living_dining_balcony_dining_chair_03_armf1_mesh 1208/1281 | Building BVH
Fra:1 Mem:618.65M (Peak 618.80M) | Time:00:01.92 | Mem:261.80M, Peak:278.44M | Scene, ViewLayer | Updating Geometry BVH common_terrace_plant_01_leaf0_mesh 884/1281 | Building BVH
Fra:1 Mem:618.65M (Peak 618.80M) | Time:00:01.92 | Mem:261.80M, Peak:278.44M | Scene, ViewLayer | Updating Geometry BVH common_terrace_plant_01_leaf1_mesh 885/1281 | Building BVH
Fra:1 Mem:618.65M (Peak 618.80M) | Time:00:01.92 | Mem:261.81M, Peak:278.44M | Scene, ViewLayer | Updating Geometry BVH common_terrace_plant_01_leaf2_mesh 886/1281 | Building BVH
Fra:1 Mem:618.65M (Peak 618.80M) | Time:00:01.92 | Mem:261.81M, Peak:278.44M | Scene, ViewLayer | Updating Geometry BVH common_terrace_plant_01_leaf4_mesh 888/1281 | Building BVH
Fra:1 Mem:618.65M (Peak 618.80M) | Time:00:01.92 | Mem:261.81M, Peak:278.44M | Scene, ViewLayer | Updating Geometry BVH common_terrace_plant_01_leaf5_mesh 889/1281 | Building BVH
Fra:1 Mem:618.65M (Peak 618.80M) | Time:00:01.92 | Mem:261.81M, Peak:278.44M | Scene, ViewLayer | Updating Geometry BVH common_terrace_plant_02_pot_mesh 890/1281 | Building BVH
Fra:1 Mem:618.65M (Peak 618.80M) | Time:00:01.92 | Mem:261.83M, Peak:278.44M | Scene, ViewLayer | Updating Geometry BVH common_terrace_plant_02_leaf1_mesh 893/1281 | Building BVH
Fra:1 Mem:618.65M (Peak 618.80M) | Time:00:01.92 | Mem:261.83M, Peak:278.44M | Scene, ViewLayer | Updating Geometry BVH common_terrace_plant_02_leaf2_mesh 894/1281 | Building BVH
Fra:1 Mem:618.65M (Peak 618.80M) | Time:00:01.92 | Mem:261.83M, Peak:278.44M | Scene, ViewLayer | Updating Geometry BVH common_terrace_plant_02_leaf3_mesh 895/1281 | Building BVH
Fra:1 Mem:618.65M (Peak 618.80M) | Time:00:01.92 | Mem:261.85M, Peak:278.44M | Scene, ViewLayer | Updating Geometry BVH common_terrace_plant_02_leaf4_mesh 896/1281 | Building BVH
Fra:1 Mem:618.65M (Peak 618.80M) | Time:00:01.92 | Mem:261.89M, Peak:278.44M | Scene, ViewLayer | Updating Geometry BVH common_terrace_plant_02_leaf5_mesh 897/1281 | Building BVH
Fra:1 Mem:618.65M (Peak 618.80M) | Time:00:01.92 | Mem:261.93M, Peak:278.44M | Scene, ViewLayer | Updating Geometry BVH common_terrace_plant_03_pot_mesh 898/1281 | Building BVH
Fra:1 Mem:618.65M (Peak 618.80M) | Time:00:01.92 | Mem:261.93M, Peak:278.44M | Scene, ViewLayer | Updating Geometry BVH common_terrace_plant_03_leaf1_mesh 901/1281 | Building BVH
Fra:1 Mem:618.65M (Peak 618.80M) | Time:00:01.92 | Mem:261.94M, Peak:278.44M | Scene, ViewLayer | Updating Geometry BVH common_terrace_plant_03_leaf4_mesh 904/1281 | Building BVH
Fra:1 Mem:618.65M (Peak 618.80M) | Time:00:01.92 | Mem:261.94M, Peak:278.44M | Scene, ViewLayer | Updating Geometry BVH common_terrace_plant_03_leaf5_mesh 905/1281 | Building BVH
Fra:1 Mem:618.65M (Peak 618.80M) | Time:00:01.92 | Mem:261.95M, Peak:278.44M | Scene, ViewLayer | Updating Geometry BVH common_terrace_plant_04_pot_mesh 906/1281 | Building BVH
Fra:1 Mem:618.65M (Peak 618.80M) | Time:00:01.92 | Mem:261.95M, Peak:278.44M | Scene, ViewLayer | Updating Geometry BVH common_terrace_plant_04_stem_mesh 907/1281 | Building BVH
Fra:1 Mem:618.65M (Peak 618.80M) | Time:00:01.92 | Mem:261.99M, Peak:278.44M | Scene, ViewLayer | Updating Geometry BVH common_terrace_plant_04_leaf0_mesh 908/1281 | Building BVH
Fra:1 Mem:618.65M (Peak 618.80M) | Time:00:01.92 | Mem:262.05M, Peak:278.44M | Scene, ViewLayer | Updating Geometry BVH common_terrace_plant_04_leaf1_mesh 909/1281 | Building BVH
Fra:1 Mem:618.65M (Peak 618.80M) | Time:00:01.92 | Mem:262.05M, Peak:278.44M | Scene, ViewLayer | Updating Geometry BVH common_terrace_plant_04_leaf2_mesh 910/1281 | Building BVH
Fra:1 Mem:618.65M (Peak 618.80M) | Time:00:01.92 | Mem:262.08M, Peak:278.44M | Scene, ViewLayer | Updating Geometry BVH common_terrace_plant_04_leaf3_mesh 911/1281 | Building BVH
Fra:1 Mem:618.65M (Peak 618.80M) | Time:00:01.92 | Mem:262.08M, Peak:278.44M | Scene, ViewLayer | Updating Geometry BVH common_terrace_plant_04_leaf4_mesh 912/1281 | Building BVH
Fra:1 Mem:618.65M (Peak 618.80M) | Time:00:01.92 | Mem:262.08M, Peak:278.44M | Scene, ViewLayer | Updating Geometry BVH common_terrace_plant_04_leaf5_mesh 913/1281 | Building BVH
Fra:1 Mem:618.65M (Peak 618.80M) | Time:00:01.92 | Mem:262.09M, Peak:278.44M | Scene, ViewLayer | Updating Geometry BVH common_parents_room_bed_01_frame_mesh 914/1281 | Building BVH
Fra:1 Mem:618.65M (Peak 618.80M) | Time:00:01.92 | Mem:262.10M, Peak:278.44M | Scene, ViewLayer | Updating Geometry BVH common_parents_room_bed_01_mattress_mesh 915/1281 | Building BVH
Fra:1 Mem:618.65M (Peak 618.80M) | Time:00:01.92 | Mem:262.10M, Peak:278.44M | Scene, ViewLayer | Updating Geometry BVH A_living_dining_balcony_dining_chair_03_armf0_mesh 1206/1281 | Building BVH
Fra:1 Mem:618.65M (Peak 618.80M) | Time:00:01.92 | Mem:262.11M, Peak:278.44M | Scene, ViewLayer | Updating Geometry BVH common_parents_room_bed_01_headboard_mesh 916/1281 | Building BVH
Fra:1 Mem:618.65M (Peak 618.80M) | Time:00:01.92 | Mem:262.14M, Peak:278.44M | Scene, ViewLayer | Updating Geometry BVH common_parents_room_bed_01_duvet_mesh 917/1281 | Building BVH
Fra:1 Mem:618.65M (Peak 618.80M) | Time:00:01.92 | Mem:262.18M, Peak:278.44M | Scene, ViewLayer | Updating Geometry BVH common_parents_room_bed_01_duvetdrop_mesh 918/1281 | Building BVH
Fra:1 Mem:618.66M (Peak 618.80M) | Time:00:01.92 | Mem:262.18M, Peak:278.44M | Scene, ViewLayer | Updating Geometry BVH common_parents_room_bed_01_duvetdrop2_mesh 919/1281 | Building BVH
Fra:1 Mem:618.66M (Peak 618.80M) | Time:00:01.92 | Mem:262.18M, Peak:278.44M | Scene, ViewLayer | Updating Geometry BVH common_parents_room_bed_01_pillow1_mesh 920/1281 | Building BVH
Fra:1 Mem:618.66M (Peak 618.80M) | Time:00:01.92 | Mem:262.19M, Peak:278.44M | Scene, ViewLayer | Updating Geometry BVH common_parents_room_bed_01_pillow2_mesh 921/1281 | Building BVH
Fra:1 Mem:618.66M (Peak 618.80M) | Time:00:01.92 | Mem:262.23M, Peak:278.44M | Scene, ViewLayer | Updating Geometry BVH common_parents_room_bed_01_throw_mesh 922/1281 | Building BVH
Fra:1 Mem:618.66M (Peak 618.80M) | Time:00:01.92 | Mem:262.26M, Peak:278.44M | Scene, ViewLayer | Updating Geometry BVH common_parents_room_nightstand_01_body_mesh 923/1281 | Building BVH
Fra:1 Mem:618.66M (Peak 618.80M) | Time:00:01.92 | Mem:262.28M, Peak:278.44M | Scene, ViewLayer | Updating Geometry BVH common_parents_room_nightstand_01_drw_gapbg_mesh 924/1281 | Building BVH
Fra:1 Mem:618.66M (Peak 618.80M) | Time:00:01.92 | Mem:262.27M, Peak:278.44M | Scene, ViewLayer | Updating Geometry BVH common_parents_room_nightstand_01_drw_f0_mesh 925/1281 | Building BVH
Fra:1 Mem:618.66M (Peak 618.80M) | Time:00:01.92 | Mem:262.27M, Peak:278.44M | Scene, ViewLayer | Updating Geometry BVH common_parents_room_nightstand_01_leg0_mesh 927/1281 | Building BVH
Fra:1 Mem:618.66M (Peak 618.80M) | Time:00:01.92 | Mem:262.27M, Peak:278.44M | Scene, ViewLayer | Updating Geometry BVH common_parents_room_nightstand_01_leg1_mesh 928/1281 | Building BVH
Fra:1 Mem:618.66M (Peak 618.80M) | Time:00:01.92 | Mem:262.28M, Peak:278.44M | Scene, ViewLayer | Updating Geometry BVH common_parents_room_nightstand_01_leg2_mesh 929/1281 | Building BVH
Fra:1 Mem:618.66M (Peak 618.80M) | Time:00:01.92 | Mem:262.29M, Peak:278.44M | Scene, ViewLayer | Updating Geometry BVH A_living_dining_balcony_dining_chair_03_arm0_mesh 1205/1281 | Building BVH
Fra:1 Mem:618.66M (Peak 618.80M) | Time:00:01.92 | Mem:262.34M, Peak:278.44M | Scene, ViewLayer | Updating Geometry BVH common_parents_room_nightstand_01_leg3_mesh 930/1281 | Building BVH
Fra:1 Mem:618.66M (Peak 618.80M) | Time:00:01.92 | Mem:262.34M, Peak:278.44M | Scene, ViewLayer | Updating Geometry BVH common_parents_room_cushion_01_pad_mesh 931/1281 | Building BVH
Fra:1 Mem:618.66M (Peak 618.80M) | Time:00:01.92 | Mem:262.34M, Peak:278.44M | Scene, ViewLayer | Updating Geometry BVH common_parents_room_cushion_01_pil_olive_mesh 932/1281 | Building BVH
Fra:1 Mem:618.66M (Peak 618.80M) | Time:00:01.92 | Mem:262.34M, Peak:278.44M | Scene, ViewLayer | Updating Geometry BVH common_parents_room_cushion_01_pil_brick_mesh 933/1281 | Building BVH
Fra:1 Mem:618.66M (Peak 618.80M) | Time:00:01.92 | Mem:262.34M, Peak:278.44M | Scene, ViewLayer | Updating Geometry BVH common_parents_room_shelf_01_side0_mesh 934/1281 | Building BVH
Fra:1 Mem:618.66M (Peak 618.80M) | Time:00:01.92 | Mem:262.35M, Peak:278.44M | Scene, ViewLayer | Updating Geometry BVH common_parents_room_shelf_01_side1_mesh 935/1281 | Building BVH
Fra:1 Mem:618.66M (Peak 618.80M) | Time:00:01.92 | Mem:262.36M, Peak:278.44M | Scene, ViewLayer | Updating Geometry BVH common_parents_room_shelf_01_top_mesh 936/1281 | Building BVH
Fra:1 Mem:618.66M (Peak 618.80M) | Time:00:01.92 | Mem:262.42M, Peak:278.44M | Scene, ViewLayer | Updating Geometry BVH common_parents_room_shelf_02_side1_mesh 939/1281 | Building BVH
Fra:1 Mem:618.66M (Peak 618.80M) | Time:00:01.92 | Mem:262.42M, Peak:278.44M | Scene, ViewLayer | Updating Geometry BVH common_parents_room_shelf_01_sh1_mesh 937/1281 | Building BVH
Fra:1 Mem:618.66M (Peak 618.80M) | Time:00:01.92 | Mem:262.42M, Peak:278.44M | Scene, ViewLayer | Updating Geometry BVH common_parents_room_shelf_02_top_mesh 940/1281 | Building BVH
Fra:1 Mem:618.66M (Peak 618.80M) | Time:00:01.92 | Mem:262.42M, Peak:278.44M | Scene, ViewLayer | Updating Geometry BVH common_daughter_room_wardrobe_01_body_mesh 942/1281 | Building BVH
Fra:1 Mem:618.66M (Peak 618.80M) | Time:00:01.92 | Mem:262.44M, Peak:278.44M | Scene, ViewLayer | Updating Geometry BVH common_daughter_room_wardrobe_01_slA_f0_mesh 943/1281 | Building BVH
Fra:1 Mem:618.66M (Peak 618.80M) | Time:00:01.92 | Mem:262.45M, Peak:278.44M | Scene, ViewLayer | Updating Geometry BVH common_daughter_room_wardrobe_01_slA_f1_mesh 944/1281 | Building BVH
Fra:1 Mem:618.66M (Peak 618.80M) | Time:00:01.92 | Mem:262.50M, Peak:278.44M | Scene, ViewLayer | Updating Geometry BVH common_daughter_room_wardrobe_01_slB_f0_mesh 945/1281 | Building BVH
Fra:1 Mem:618.66M (Peak 618.80M) | Time:00:01.92 | Mem:262.51M, Peak:278.44M | Scene, ViewLayer | Updating Geometry BVH common_daughter_room_wardrobe_01_slB_f1_mesh 946/1281 | Building BVH
Fra:1 Mem:618.66M (Peak 618.80M) | Time:00:01.92 | Mem:262.54M, Peak:278.44M | Scene, ViewLayer | Updating Geometry BVH common_daughter_room_wardrobe_02_body_mesh 947/1281 | Building BVH
Fra:1 Mem:618.66M (Peak 618.80M) | Time:00:01.92 | Mem:262.54M, Peak:278.44M | Scene, ViewLayer | Updating Geometry BVH common_daughter_room_wardrobe_02_slA_f0_mesh 948/1281 | Building BVH
Fra:1 Mem:618.66M (Peak 618.80M) | Time:00:01.92 | Mem:262.56M, Peak:278.44M | Scene, ViewLayer | Updating Geometry BVH common_daughter_room_wardrobe_02_slA_f1_mesh 949/1281 | Building BVH
Fra:1 Mem:618.66M (Peak 618.80M) | Time:00:01.92 | Mem:262.56M, Peak:278.44M | Scene, ViewLayer | Updating Geometry BVH common_daughter_room_wardrobe_02_slB_f0_mesh 950/1281 | Building BVH
Fra:1 Mem:618.66M (Peak 618.80M) | Time:00:01.92 | Mem:262.56M, Peak:278.44M | Scene, ViewLayer | Updating Geometry BVH common_daughter_room_wardrobe_02_slB_f1_mesh 951/1281 | Building BVH
Fra:1 Mem:618.66M (Peak 618.80M) | Time:00:01.92 | Mem:262.56M, Peak:278.44M | Scene, ViewLayer | Updating Geometry BVH common_daughter_room_bed_01_frame_mesh 952/1281 | Building BVH
Fra:1 Mem:618.66M (Peak 618.80M) | Time:00:01.92 | Mem:262.60M, Peak:278.44M | Scene, ViewLayer | Updating Geometry BVH common_daughter_room_bed_01_mattress_mesh 953/1281 | Building BVH
Fra:1 Mem:618.66M (Peak 618.80M) | Time:00:01.92 | Mem:262.63M, Peak:278.44M | Scene, ViewLayer | Updating Geometry BVH common_daughter_room_bed_01_headboard_mesh 954/1281 | Building BVH
Fra:1 Mem:618.66M (Peak 618.80M) | Time:00:01.92 | Mem:262.64M, Peak:278.44M | Scene, ViewLayer | Updating Geometry BVH A_living_dining_balcony_dining_chair_03_legt3_mesh 1204/1281 | Building BVH
Fra:1 Mem:618.66M (Peak 618.80M) | Time:00:01.92 | Mem:262.65M, Peak:278.44M | Scene, ViewLayer | Updating Geometry BVH common_daughter_room_bed_01_duvet_mesh 955/1281 | Building BVH
Fra:1 Mem:618.66M (Peak 618.80M) | Time:00:01.92 | Mem:262.70M, Peak:278.44M | Scene, ViewLayer | Updating Geometry BVH common_daughter_room_bed_01_duvetdrop_mesh 956/1281 | Building BVH
Fra:1 Mem:618.66M (Peak 618.80M) | Time:00:01.92 | Mem:262.70M, Peak:278.44M | Scene, ViewLayer | Updating Geometry BVH common_daughter_room_bed_01_duvetdrop2_mesh 957/1281 | Building BVH
Fra:1 Mem:618.66M (Peak 618.80M) | Time:00:01.92 | Mem:262.70M, Peak:278.44M | Scene, ViewLayer | Updating Geometry BVH common_daughter_room_bed_01_pillow1_mesh 958/1281 | Building BVH
Fra:1 Mem:618.66M (Peak 618.80M) | Time:00:01.92 | Mem:262.69M, Peak:278.44M | Scene, ViewLayer | Updating Geometry BVH common_daughter_room_bed_01_pillow2_mesh 959/1281 | Building BVH
Fra:1 Mem:618.66M (Peak 618.80M) | Time:00:01.93 | Mem:262.70M, Peak:278.44M | Scene, ViewLayer | Updating Geometry BVH common_daughter_room_bed_01_pillow_acc_mesh 960/1281 | Building BVH
Fra:1 Mem:618.66M (Peak 618.80M) | Time:00:01.93 | Mem:262.72M, Peak:278.44M | Scene, ViewLayer | Updating Geometry BVH common_daughter_room_bed_01_throw_mesh 961/1281 | Building BVH
Fra:1 Mem:618.66M (Peak 618.80M) | Time:00:01.93 | Mem:262.79M, Peak:278.44M | Scene, ViewLayer | Updating Geometry BVH A_living_dining_balcony_dining_chair_03_leg3_mesh 1203/1281 | Building BVH
Fra:1 Mem:618.66M (Peak 618.80M) | Time:00:01.93 | Mem:262.79M, Peak:278.44M | Scene, ViewLayer | Updating Geometry BVH common_daughter_room_shelf_01_side0_mesh 962/1281 | Building BVH
Fra:1 Mem:618.66M (Peak 618.80M) | Time:00:01.93 | Mem:262.80M, Peak:278.44M | Scene, ViewLayer | Updating Geometry BVH common_daughter_room_shelf_01_side1_mesh 963/1281 | Building BVH
Fra:1 Mem:618.66M (Peak 618.80M) | Time:00:01.93 | Mem:262.79M, Peak:278.44M | Scene, ViewLayer | Updating Geometry BVH common_daughter_room_shelf_01_top_mesh 964/1281 | Building BVH
Fra:1 Mem:618.66M (Peak 618.80M) | Time:00:01.93 | Mem:262.79M, Peak:278.44M | Scene, ViewLayer | Updating Geometry BVH common_daughter_room_shelf_01_sh1_mesh 965/1281 | Building BVH
Fra:1 Mem:618.66M (Peak 618.80M) | Time:00:01.93 | Mem:262.82M, Peak:278.44M | Scene, ViewLayer | Updating Geometry BVH common_daughter_room_shelf_01_sh2_mesh 966/1281 | Building BVH
Fra:1 Mem:618.66M (Peak 618.80M) | Time:00:01.93 | Mem:262.82M, Peak:278.44M | Scene, ViewLayer | Updating Geometry BVH common_daughter_room_desk_01_top_mesh 967/1281 | Building BVH
Fra:1 Mem:618.66M (Peak 618.80M) | Time:00:01.93 | Mem:262.82M, Peak:278.44M | Scene, ViewLayer | Updating Geometry BVH common_daughter_room_desk_01_drawer_mesh 968/1281 | Building BVH
Fra:1 Mem:618.66M (Peak 618.80M) | Time:00:01.93 | Mem:262.82M, Peak:278.44M | Scene, ViewLayer | Updating Geometry BVH common_daughter_room_desk_01_leg0_mesh 969/1281 | Building BVH
Fra:1 Mem:618.66M (Peak 618.80M) | Time:00:01.93 | Mem:262.82M, Peak:278.44M | Scene, ViewLayer | Updating Geometry BVH common_daughter_room_desk_01_leg1_mesh 970/1281 | Building BVH
Fra:1 Mem:618.66M (Peak 618.80M) | Time:00:01.93 | Mem:262.82M, Peak:278.44M | Scene, ViewLayer | Updating Geometry BVH common_daughter_room_desk_01_leg2_mesh 971/1281 | Building BVH
Fra:1 Mem:618.66M (Peak 618.80M) | Time:00:01.93 | Mem:262.83M, Peak:278.44M | Scene, ViewLayer | Updating Geometry BVH common_daughter_room_desk_01_leg3_mesh 972/1281 | Building BVH
Fra:1 Mem:618.66M (Peak 618.80M) | Time:00:01.93 | Mem:262.85M, Peak:278.44M | Scene, ViewLayer | Updating Geometry BVH common_daughter_room_chair_01_seat_mesh 973/1281 | Building BVH
Fra:1 Mem:618.66M (Peak 618.80M) | Time:00:01.93 | Mem:262.88M, Peak:278.44M | Scene, ViewLayer | Updating Geometry BVH common_daughter_room_chair_01_back_mesh 974/1281 | Building BVH
Fra:1 Mem:618.66M (Peak 618.80M) | Time:00:01.93 | Mem:262.90M, Peak:278.44M | Scene, ViewLayer | Updating Geometry BVH common_daughter_room_chair_01_post_mesh 975/1281 | Building BVH
Fra:1 Mem:618.66M (Peak 618.80M) | Time:00:01.93 | Mem:262.91M, Peak:278.44M | Scene, ViewLayer | Updating Geometry BVH common_daughter_room_chair_01_base_mesh 976/1281 | Building BVH
Fra:1 Mem:618.66M (Peak 618.80M) | Time:00:01.93 | Mem:262.92M, Peak:278.44M | Scene, ViewLayer | Updating Geometry BVH common_son_room_wardrobe_01_body_mesh 977/1281 | Building BVH
Fra:1 Mem:618.66M (Peak 618.80M) | Time:00:01.93 | Mem:262.93M, Peak:278.44M | Scene, ViewLayer | Updating Geometry BVH common_son_room_wardrobe_01_slA_f0_mesh 978/1281 | Building BVH
Fra:1 Mem:618.66M (Peak 618.80M) | Time:00:01.93 | Mem:262.93M, Peak:278.44M | Scene, ViewLayer | Updating Geometry BVH common_son_room_wardrobe_01_slA_f1_mesh 979/1281 | Building BVH
Fra:1 Mem:618.66M (Peak 618.80M) | Time:00:01.93 | Mem:262.99M, Peak:278.44M | Scene, ViewLayer | Updating Geometry BVH common_son_room_wardrobe_01_slA_f2_mesh 980/1281 | Building BVH
Fra:1 Mem:618.66M (Peak 618.80M) | Time:00:01.93 | Mem:262.99M, Peak:278.44M | Scene, ViewLayer | Updating Geometry BVH common_son_room_wardrobe_01_slB_f0_mesh 981/1281 | Building BVH
Fra:1 Mem:618.66M (Peak 618.80M) | Time:00:01.93 | Mem:262.99M, Peak:278.44M | Scene, ViewLayer | Updating Geometry BVH common_son_room_wardrobe_01_slB_f1_mesh 982/1281 | Building BVH
Fra:1 Mem:618.66M (Peak 618.80M) | Time:00:01.93 | Mem:263.01M, Peak:278.44M | Scene, ViewLayer | Updating Geometry BVH common_son_room_wardrobe_01_slB_f2_mesh 983/1281 | Building BVH
Fra:1 Mem:618.66M (Peak 618.80M) | Time:00:01.93 | Mem:263.05M, Peak:278.44M | Scene, ViewLayer | Updating Geometry BVH common_son_room_bed_01_frame_mesh 984/1281 | Building BVH
Fra:1 Mem:618.66M (Peak 618.80M) | Time:00:01.93 | Mem:263.06M, Peak:278.44M | Scene, ViewLayer | Updating Geometry BVH A_living_dining_balcony_dining_chair_03_legt2_mesh 1202/1281 | Building BVH
Fra:1 Mem:618.66M (Peak 618.80M) | Time:00:01.93 | Mem:263.06M, Peak:278.44M | Scene, ViewLayer | Updating Geometry BVH common_son_room_bed_01_mattress_mesh 985/1281 | Building BVH
Fra:1 Mem:618.66M (Peak 618.80M) | Time:00:01.93 | Mem:263.06M, Peak:278.44M | Scene, ViewLayer | Updating Geometry BVH common_son_room_bed_01_headboard_mesh 986/1281 | Building BVH
Fra:1 Mem:618.66M (Peak 618.80M) | Time:00:01.93 | Mem:263.08M, Peak:278.44M | Scene, ViewLayer | Updating Geometry BVH common_son_room_bed_01_duvet_mesh 987/1281 | Building BVH
Fra:1 Mem:618.66M (Peak 618.80M) | Time:00:01.93 | Mem:263.13M, Peak:278.44M | Scene, ViewLayer | Updating Geometry BVH common_son_room_bed_01_duvetdrop_mesh 988/1281 | Building BVH
Fra:1 Mem:618.66M (Peak 618.80M) | Time:00:01.93 | Mem:263.12M, Peak:278.44M | Scene, ViewLayer | Updating Geometry BVH common_son_room_bed_01_duvetdrop2_mesh 989/1281 | Building BVH
Fra:1 Mem:618.66M (Peak 618.80M) | Time:00:01.93 | Mem:263.14M, Peak:278.44M | Scene, ViewLayer | Updating Geometry BVH common_son_room_bed_01_pillow1_mesh 990/1281 | Building BVH
Fra:1 Mem:618.66M (Peak 618.80M) | Time:00:01.93 | Mem:263.14M, Peak:278.44M | Scene, ViewLayer | Updating Geometry BVH common_son_room_bed_01_pillow_acc_mesh 992/1281 | Building BVH
Fra:1 Mem:618.66M (Peak 618.80M) | Time:00:01.93 | Mem:263.14M, Peak:278.44M | Scene, ViewLayer | Updating Geometry BVH common_son_room_bed_01_throw_mesh 993/1281 | Building BVH
Fra:1 Mem:618.66M (Peak 618.80M) | Time:00:01.93 | Mem:263.14M, Peak:278.44M | Scene, ViewLayer | Updating Geometry BVH common_son_room_desk_01_top_mesh 994/1281 | Building BVH
Fra:1 Mem:618.66M (Peak 618.80M) | Time:00:01.93 | Mem:263.16M, Peak:278.44M | Scene, ViewLayer | Updating Geometry BVH common_son_room_desk_01_drawer_mesh 995/1281 | Building BVH
Fra:1 Mem:618.66M (Peak 618.80M) | Time:00:01.93 | Mem:263.16M, Peak:278.44M | Scene, ViewLayer | Updating Geometry BVH common_son_room_desk_01_leg0_mesh 996/1281 | Building BVH
Fra:1 Mem:618.66M (Peak 618.80M) | Time:00:01.93 | Mem:263.18M, Peak:278.44M | Scene, ViewLayer | Updating Geometry BVH common_son_room_desk_01_leg1_mesh 997/1281 | Building BVH
Fra:1 Mem:618.66M (Peak 618.80M) | Time:00:01.93 | Mem:263.18M, Peak:278.44M | Scene, ViewLayer | Updating Geometry BVH common_son_room_desk_01_leg3_mesh 999/1281 | Building BVH
Fra:1 Mem:618.66M (Peak 618.80M) | Time:00:01.93 | Mem:263.27M, Peak:278.44M | Scene, ViewLayer | Updating Geometry BVH common_son_room_shelf_01_side0_mesh 1000/1281 | Building BVH
Fra:1 Mem:618.66M (Peak 618.80M) | Time:00:01.93 | Mem:263.27M, Peak:278.44M | Scene, ViewLayer | Updating Geometry BVH common_son_room_shelf_01_sh1_mesh 1003/1281 | Building BVH
Fra:1 Mem:618.66M (Peak 618.80M) | Time:00:01.93 | Mem:263.27M, Peak:278.44M | Scene, ViewLayer | Updating Geometry BVH common_son_room_chair_01_seat_mesh 1004/1281 | Building BVH
Fra:1 Mem:618.66M (Peak 618.80M) | Time:00:01.93 | Mem:263.27M, Peak:278.44M | Scene, ViewLayer | Updating Geometry BVH common_son_room_chair_01_back_mesh 1005/1281 | Building BVH
Fra:1 Mem:618.66M (Peak 618.80M) | Time:00:01.93 | Mem:263.27M, Peak:278.44M | Scene, ViewLayer | Updating Geometry BVH common_son_room_chair_01_post_mesh 1006/1281 | Building BVH
Fra:1 Mem:618.66M (Peak 618.80M) | Time:00:01.93 | Mem:263.29M, Peak:278.44M | Scene, ViewLayer | Updating Geometry BVH common_son_room_chair_01_base_mesh 1007/1281 | Building BVH
Fra:1 Mem:618.66M (Peak 618.80M) | Time:00:01.93 | Mem:263.31M, Peak:278.44M | Scene, ViewLayer | Updating Geometry BVH common_son_room_rug_01_pile_mesh 1008/1281 | Building BVH
Fra:1 Mem:618.66M (Peak 618.80M) | Time:00:01.93 | Mem:263.35M, Peak:278.44M | Scene, ViewLayer | Updating Geometry BVH fx_curt_master_sheer_mesh 1009/1281 | Building BVH
Fra:1 Mem:618.66M (Peak 618.80M) | Time:00:01.93 | Mem:263.35M, Peak:278.44M | Scene, ViewLayer | Updating Geometry BVH A_living_dining_balcony_dining_chair_03_leg2_mesh 1201/1281 | Building BVH
Fra:1 Mem:618.66M (Peak 618.80M) | Time:00:01.93 | Mem:263.39M, Peak:278.44M | Scene, ViewLayer | Updating Geometry BVH fx_curt_master_bo_w_mesh 1010/1281 | Building BVH
Fra:1 Mem:618.66M (Peak 618.80M) | Time:00:01.93 | Mem:263.39M, Peak:278.44M | Scene, ViewLayer | Updating Geometry BVH fx_curt_master_bo_e_mesh 1011/1281 | Building BVH
Fra:1 Mem:618.66M (Peak 618.80M) | Time:00:01.93 | Mem:263.40M, Peak:278.44M | Scene, ViewLayer | Updating Geometry BVH fx_curt_parents_sheer_mesh 1012/1281 | Building BVH
Fra:1 Mem:618.66M (Peak 618.80M) | Time:00:01.93 | Mem:263.40M, Peak:278.44M | Scene, ViewLayer | Updating Geometry BVH fx_curt_parents_roller_mesh 1013/1281 | Building BVH
Fra:1 Mem:618.66M (Peak 618.80M) | Time:00:01.93 | Mem:263.40M, Peak:278.44M | Scene, ViewLayer | Updating Geometry BVH A_living_dining_balcony_dining_chair_03_legt1_mesh 1200/1281 | Building BVH
Fra:1 Mem:618.66M (Peak 618.80M) | Time:00:01.93 | Mem:263.40M, Peak:278.44M | Scene, ViewLayer | Updating Geometry BVH fx_curt_daughter_bo_w_mesh 1015/1281 | Building BVH
Fra:1 Mem:618.66M (Peak 618.80M) | Time:00:01.93 | Mem:263.51M, Peak:278.44M | Scene, ViewLayer | Updating Geometry BVH fx_curt_daughter_bo_e_mesh 1016/1281 | Building BVH
Fra:1 Mem:618.66M (Peak 618.80M) | Time:00:01.94 | Mem:263.53M, Peak:278.44M | Scene, ViewLayer | Updating Geometry BVH fx_curt_son_sheer_mesh 1017/1281 | Building BVH
Fra:1 Mem:618.66M (Peak 618.80M) | Time:00:01.94 | Mem:263.53M, Peak:278.44M | Scene, ViewLayer | Updating Geometry BVH fx_curt_son_bo_w_mesh 1018/1281 | Building BVH
Fra:1 Mem:618.66M (Peak 618.80M) | Time:00:01.94 | Mem:263.53M, Peak:278.44M | Scene, ViewLayer | Updating Geometry BVH fx_curt_son_bo_e_mesh 1019/1281 | Building BVH
Fra:1 Mem:618.66M (Peak 618.80M) | Time:00:01.94 | Mem:263.57M, Peak:278.44M | Scene, ViewLayer | Updating Geometry BVH fx_blind_mb_head_mesh 1020/1281 | Building BVH
Fra:1 Mem:618.66M (Peak 618.80M) | Time:00:01.94 | Mem:263.57M, Peak:278.44M | Scene, ViewLayer | Updating Geometry BVH fx_blind_mb_slats0_mesh 1021/1281 | Building BVH
Fra:1 Mem:618.66M (Peak 618.80M) | Time:00:01.94 | Mem:263.57M, Peak:278.44M | Scene, ViewLayer | Updating Geometry BVH fx_blind_mb_slats1_mesh 1022/1281 | Building BVH
Fra:1 Mem:618.66M (Peak 618.80M) | Time:00:01.94 | Mem:263.57M, Peak:278.44M | Scene, ViewLayer | Updating Geometry BVH A_living_dining_balcony_dining_chair_03_leg1_mesh 1199/1281 | Building BVH
Fra:1 Mem:618.66M (Peak 618.80M) | Time:00:01.94 | Mem:263.58M, Peak:278.44M | Scene, ViewLayer | Updating Geometry BVH fx_blind_mb_slats2_mesh 1023/1281 | Building BVH
Fra:1 Mem:618.66M (Peak 618.80M) | Time:00:01.94 | Mem:263.60M, Peak:278.44M | Scene, ViewLayer | Updating Geometry BVH fx_blind_mb_slats3_mesh 1024/1281 | Building BVH
Fra:1 Mem:618.66M (Peak 618.80M) | Time:00:01.94 | Mem:263.61M, Peak:278.44M | Scene, ViewLayer | Updating Geometry BVH fx_blind_mb_slats4_mesh 1025/1281 | Building BVH
Fra:1 Mem:618.66M (Peak 618.80M) | Time:00:01.94 | Mem:263.62M, Peak:278.44M | Scene, ViewLayer | Updating Geometry BVH fx_blind_mb_slats5_mesh 1026/1281 | Building BVH
Fra:1 Mem:618.66M (Peak 618.80M) | Time:00:01.94 | Mem:263.62M, Peak:278.44M | Scene, ViewLayer | Updating Geometry BVH fx_wall_lamp0_mesh 1027/1281 | Building BVH
Fra:1 Mem:618.66M (Peak 618.80M) | Time:00:01.94 | Mem:263.62M, Peak:278.44M | Scene, ViewLayer | Updating Geometry BVH fx_wall_lamp0_sh_mesh 1028/1281 | Building BVH
Fra:1 Mem:618.66M (Peak 618.80M) | Time:00:01.94 | Mem:263.62M, Peak:278.44M | Scene, ViewLayer | Updating Geometry BVH fx_wall_lamp1_mesh 1029/1281 | Building BVH
Fra:1 Mem:618.66M (Peak 618.80M) | Time:00:01.94 | Mem:263.65M, Peak:278.44M | Scene, ViewLayer | Updating Geometry BVH fx_wall_lamp1_sh_mesh 1030/1281 | Building BVH
Fra:1 Mem:618.66M (Peak 618.80M) | Time:00:01.94 | Mem:263.68M, Peak:278.44M | Scene, ViewLayer | Updating Geometry BVH fx_wall_lamp2_mesh 1031/1281 | Building BVH
Fra:1 Mem:618.66M (Peak 618.80M) | Time:00:01.94 | Mem:263.70M, Peak:278.44M | Scene, ViewLayer | Updating Geometry BVH fx_wall_lamp2_sh_mesh 1032/1281 | Building BVH
Fra:1 Mem:618.66M (Peak 618.80M) | Time:00:01.94 | Mem:263.69M, Peak:278.44M | Scene, ViewLayer | Updating Geometry BVH fx_foyer_jar_mesh 1033/1281 | Building BVH
Fra:1 Mem:618.66M (Peak 618.80M) | Time:00:01.94 | Mem:263.73M, Peak:278.44M | Scene, ViewLayer | Updating Geometry BVH fx_foyer_pic_mesh 1034/1281 | Building BVH
Fra:1 Mem:618.66M (Peak 618.80M) | Time:00:01.94 | Mem:263.74M, Peak:278.44M | Scene, ViewLayer | Updating Geometry BVH fx_kn_board_mesh 1035/1281 | Building BVH
Fra:1 Mem:618.66M (Peak 618.80M) | Time:00:01.94 | Mem:263.78M, Peak:278.44M | Scene, ViewLayer | Updating Geometry BVH fx_kn_oil_mesh 1036/1281 | Building BVH
Fra:1 Mem:618.66M (Peak 618.80M) | Time:00:01.94 | Mem:263.83M, Peak:278.44M | Scene, ViewLayer | Updating Geometry BVH fx_kn_herb_leaf1_mesh 1038/1281 | Building BVH
Fra:1 Mem:618.66M (Peak 618.80M) | Time:00:01.94 | Mem:263.83M, Peak:278.44M | Scene, ViewLayer | Updating Geometry BVH fx_kn_herb_leaf2_mesh 1039/1281 | Building BVH
Fra:1 Mem:618.66M (Peak 618.80M) | Time:00:01.94 | Mem:263.83M, Peak:278.44M | Scene, ViewLayer | Updating Geometry BVH fx_bc_b0_1_mesh 1042/1281 | Building BVH
Fra:1 Mem:618.66M (Peak 618.80M) | Time:00:01.94 | Mem:263.83M, Peak:278.44M | Scene, ViewLayer | Updating Geometry BVH fx_bc_b0_2_mesh 1043/1281 | Building BVH
Fra:1 Mem:618.66M (Peak 618.80M) | Time:00:01.94 | Mem:263.83M, Peak:278.44M | Scene, ViewLayer | Updating Geometry BVH fx_bc_b0_3_mesh 1044/1281 | Building BVH
Fra:1 Mem:618.66M (Peak 618.80M) | Time:00:01.95 | Mem:263.83M, Peak:278.44M | Scene, ViewLayer | Updating Geometry BVH fx_bc_b0_4_mesh 1045/1281 | Building BVH
Fra:1 Mem:618.66M (Peak 618.80M) | Time:00:01.95 | Mem:263.84M, Peak:278.44M | Scene, ViewLayer | Updating Geometry BVH fx_bc_b0f_0_mesh 1046/1281 | Building BVH
Fra:1 Mem:618.66M (Peak 618.80M) | Time:00:01.95 | Mem:263.93M, Peak:278.44M | Scene, ViewLayer | Updating Geometry BVH fx_bc_b0f_1_mesh 1047/1281 | Building BVH
Fra:1 Mem:618.66M (Peak 618.80M) | Time:00:01.95 | Mem:263.93M, Peak:278.44M | Scene, ViewLayer | Updating Geometry BVH fx_bc_potlip_mesh 1050/1281 | Building BVH
Fra:1 Mem:618.66M (Peak 618.80M) | Time:00:01.95 | Mem:263.93M, Peak:278.44M | Scene, ViewLayer | Updating Geometry BVH fx_bc_frame_mesh 1051/1281 | Building BVH
Fra:1 Mem:618.66M (Peak 618.80M) | Time:00:01.95 | Mem:263.93M, Peak:278.44M | Scene, ViewLayer | Updating Geometry BVH fx_bc_framein_mesh 1052/1281 | Building BVH
Fra:1 Mem:618.66M (Peak 618.80M) | Time:00:01.95 | Mem:263.93M, Peak:278.44M | Scene, ViewLayer | Updating Geometry BVH fx_bc_rec0_mesh 1053/1281 | Building BVH
Fra:1 Mem:618.66M (Peak 618.80M) | Time:00:01.95 | Mem:263.96M, Peak:278.44M | Scene, ViewLayer | Updating Geometry BVH fx_bc_rec2_mesh 1055/1281 | Building BVH
Fra:1 Mem:618.66M (Peak 618.80M) | Time:00:01.95 | Mem:263.97M, Peak:278.44M | Scene, ViewLayer | Updating Geometry BVH fx_bc_recstand_mesh 1056/1281 | Building BVH
Fra:1 Mem:618.66M (Peak 618.80M) | Time:00:01.95 | Mem:263.98M, Peak:278.44M | Scene, ViewLayer | Updating Geometry BVH fx_bc_b3_0_mesh 1057/1281 | Building BVH
Fra:1 Mem:618.66M (Peak 618.80M) | Time:00:01.95 | Mem:264.00M, Peak:278.44M | Scene, ViewLayer | Updating Geometry BVH fx_bc_b3_1_mesh 1058/1281 | Building BVH
Fra:1 Mem:618.66M (Peak 618.80M) | Time:00:01.95 | Mem:264.03M, Peak:278.44M | Scene, ViewLayer | Updating Geometry BVH fx_bc_b3_2_mesh 1059/1281 | Building BVH
Fra:1 Mem:618.66M (Peak 618.80M) | Time:00:01.95 | Mem:264.06M, Peak:278.44M | Scene, ViewLayer | Updating Geometry BVH fx_bc_jar3_mesh 1060/1281 | Building BVH
Fra:1 Mem:618.66M (Peak 618.80M) | Time:00:01.95 | Mem:264.07M, Peak:278.44M | Scene, ViewLayer | Updating Geometry BVH fx_bc_pot4_mesh 1061/1281 | Building BVH
Fra:1 Mem:618.66M (Peak 618.80M) | Time:00:01.95 | Mem:264.09M, Peak:278.44M | Scene, ViewLayer | Updating Geometry BVH fx_bc_g0_0_mesh 1062/1281 | Building BVH
Fra:1 Mem:618.66M (Peak 618.80M) | Time:00:01.95 | Mem:264.12M, Peak:278.44M | Scene, ViewLayer | Updating Geometry BVH fx_bc_g0_1_mesh 1063/1281 | Building BVH
Fra:1 Mem:618.66M (Peak 618.80M) | Time:00:01.95 | Mem:264.20M, Peak:278.44M | Scene, ViewLayer | Updating Geometry BVH fx_bc_g0_2_mesh 1064/1281 | Building BVH
Fra:1 Mem:618.66M (Peak 618.80M) | Time:00:01.95 | Mem:264.23M, Peak:278.44M | Scene, ViewLayer | Updating Geometry BVH fx_bc_gpot_mesh 1065/1281 | Building BVH
Fra:1 Mem:618.66M (Peak 618.80M) | Time:00:01.95 | Mem:264.23M, Peak:278.44M | Scene, ViewLayer | Updating Geometry BVH fx_bc_g1_2_mesh 1068/1281 | Building BVH
Fra:1 Mem:618.66M (Peak 618.80M) | Time:00:01.95 | Mem:264.23M, Peak:278.44M | Scene, ViewLayer | Updating Geometry BVH fx_bc_g1_3_mesh 1069/1281 | Building BVH
Fra:1 Mem:618.66M (Peak 618.80M) | Time:00:01.95 | Mem:264.24M, Peak:278.44M | Scene, ViewLayer | Updating Geometry BVH fx_bc_gpot2_mesh 1070/1281 | Building BVH
Fra:1 Mem:618.66M (Peak 618.80M) | Time:00:01.95 | Mem:264.30M, Peak:278.44M | Scene, ViewLayer | Updating Geometry BVH fx_desk_book0_mesh 1071/1281 | Building BVH
Fra:1 Mem:618.66M (Peak 618.80M) | Time:00:01.95 | Mem:264.30M, Peak:278.44M | Scene, ViewLayer | Updating Geometry BVH fx_desk_book1_mesh 1072/1281 | Building BVH
Fra:1 Mem:618.66M (Peak 618.80M) | Time:00:01.95 | Mem:264.30M, Peak:278.44M | Scene, ViewLayer | Updating Geometry BVH fx_fiddle_pot_mesh 1073/1281 | Building BVH
Fra:1 Mem:618.66M (Peak 618.80M) | Time:00:01.95 | Mem:264.35M, Peak:278.44M | Scene, ViewLayer | Updating Geometry BVH fx_fiddle_stem_mesh 1074/1281 | Building BVH
Fra:1 Mem:618.66M (Peak 618.80M) | Time:00:01.95 | Mem:264.35M, Peak:278.44M | Scene, ViewLayer | Updating Geometry BVH fx_fiddle_leaf2_mesh 1077/1281 | Building BVH
Fra:1 Mem:618.66M (Peak 618.80M) | Time:00:01.95 | Mem:264.35M, Peak:278.44M | Scene, ViewLayer | Updating Geometry BVH fx_fiddle_leaf3_mesh 1078/1281 | Building BVH
Fra:1 Mem:618.66M (Peak 618.80M) | Time:00:01.95 | Mem:264.35M, Peak:278.44M | Scene, ViewLayer | Updating Geometry BVH fx_fiddle_leaf4_mesh 1079/1281 | Building BVH
Fra:1 Mem:618.66M (Peak 618.80M) | Time:00:01.95 | Mem:264.35M, Peak:278.44M | Scene, ViewLayer | Updating Geometry BVH A_living_dining_balcony_dining_chair_03_seat_mesh 1196/1281 | Building BVH
Fra:1 Mem:618.66M (Peak 618.80M) | Time:00:01.95 | Mem:264.42M, Peak:278.44M | Scene, ViewLayer | Updating Geometry BVH fx_fiddle_leaf5_mesh 1080/1281 | Building BVH
Fra:1 Mem:618.66M (Peak 618.80M) | Time:00:01.95 | Mem:264.42M, Peak:278.44M | Scene, ViewLayer | Updating Geometry BVH fx_fiddle_leaf6_mesh 1081/1281 | Building BVH
Fra:1 Mem:618.66M (Peak 618.80M) | Time:00:01.95 | Mem:264.39M, Peak:278.44M | Scene, ViewLayer | Updating Geometry BVH lt_sun 1082/1281 | Building BVH
Fra:1 Mem:618.66M (Peak 618.80M) | Time:00:01.95 | Mem:264.39M, Peak:278.44M | Scene, ViewLayer | Updating Geometry BVH lt_spot_liv00 1083/1281 | Building BVH
Fra:1 Mem:618.66M (Peak 618.80M) | Time:00:01.95 | Mem:264.40M, Peak:278.44M | Scene, ViewLayer | Updating Geometry BVH lt_spot_liv01 1084/1281 | Building BVH
Fra:1 Mem:618.66M (Peak 618.80M) | Time:00:01.95 | Mem:264.40M, Peak:278.44M | Scene, ViewLayer | Updating Geometry BVH lt_spot_liv02 1085/1281 | Building BVH
Fra:1 Mem:618.66M (Peak 618.80M) | Time:00:01.95 | Mem:264.40M, Peak:278.44M | Scene, ViewLayer | Updating Geometry BVH lt_spot_liv03 1086/1281 | Building BVH
Fra:1 Mem:618.66M (Peak 618.80M) | Time:00:01.95 | Mem:264.44M, Peak:278.44M | Scene, ViewLayer | Updating Geometry BVH lt_spot_liv04 1087/1281 | Building BVH
Fra:1 Mem:618.66M (Peak 618.80M) | Time:00:01.95 | Mem:264.44M, Peak:278.44M | Scene, ViewLayer | Updating Geometry BVH lt_spot_liv05 1088/1281 | Building BVH
Fra:1 Mem:618.66M (Peak 618.80M) | Time:00:01.95 | Mem:264.44M, Peak:278.44M | Scene, ViewLayer | Updating Geometry BVH lt_spot_liv06 1089/1281 | Building BVH
Fra:1 Mem:618.66M (Peak 618.80M) | Time:00:01.95 | Mem:264.44M, Peak:278.44M | Scene, ViewLayer | Updating Geometry BVH lt_spot_liv07 1090/1281 | Building BVH
Fra:1 Mem:618.66M (Peak 618.80M) | Time:00:01.95 | Mem:264.44M, Peak:278.44M | Scene, ViewLayer | Updating Geometry BVH lt_spot_liv08 1091/1281 | Building BVH
Fra:1 Mem:618.66M (Peak 618.80M) | Time:00:01.95 | Mem:264.44M, Peak:278.44M | Scene, ViewLayer | Updating Geometry BVH lt_spot_liv09 1092/1281 | Building BVH
Fra:1 Mem:618.66M (Peak 618.80M) | Time:00:01.95 | Mem:264.44M, Peak:278.44M | Scene, ViewLayer | Updating Geometry BVH lt_spot_liv10 1093/1281 | Building BVH
Fra:1 Mem:618.66M (Peak 618.80M) | Time:00:01.95 | Mem:264.46M, Peak:278.44M | Scene, ViewLayer | Updating Geometry BVH lt_spot_liv11 1094/1281 | Building BVH
Fra:1 Mem:618.66M (Peak 618.80M) | Time:00:01.95 | Mem:264.46M, Peak:278.44M | Scene, ViewLayer | Updating Geometry BVH lt_spot_liv12 1095/1281 | Building BVH
Fra:1 Mem:618.66M (Peak 618.80M) | Time:00:01.95 | Mem:264.47M, Peak:278.44M | Scene, ViewLayer | Updating Geometry BVH lt_spot_liv13 1096/1281 | Building BVH
Fra:1 Mem:618.66M (Peak 618.80M) | Time:00:01.95 | Mem:264.49M, Peak:278.44M | Scene, ViewLayer | Updating Geometry BVH lt_spot_liv14 1097/1281 | Building BVH
Fra:1 Mem:618.66M (Peak 618.80M) | Time:00:01.95 | Mem:264.50M, Peak:278.44M | Scene, ViewLayer | Updating Geometry BVH lt_spot_liv15 1098/1281 | Building BVH
Fra:1 Mem:618.66M (Peak 618.80M) | Time:00:01.95 | Mem:264.51M, Peak:278.44M | Scene, ViewLayer | Updating Geometry BVH lt_spot_liv16 1099/1281 | Building BVH
Fra:1 Mem:618.66M (Peak 618.80M) | Time:00:01.95 | Mem:264.52M, Peak:278.44M | Scene, ViewLayer | Updating Geometry BVH lt_spot_room0 1100/1281 | Building BVH
Fra:1 Mem:618.66M (Peak 618.80M) | Time:00:01.95 | Mem:264.56M, Peak:278.44M | Scene, ViewLayer | Updating Geometry BVH lt_spot_room1 1101/1281 | Building BVH
Fra:1 Mem:618.66M (Peak 618.80M) | Time:00:01.95 | Mem:264.56M, Peak:278.44M | Scene, ViewLayer | Updating Geometry BVH lt_spot_room2 1102/1281 | Building BVH
Fra:1 Mem:618.66M (Peak 618.80M) | Time:00:01.95 | Mem:264.56M, Peak:278.44M | Scene, ViewLayer | Updating Geometry BVH lt_spot_room6 1106/1281 | Building BVH
Fra:1 Mem:618.66M (Peak 618.80M) | Time:00:01.95 | Mem:264.56M, Peak:278.44M | Scene, ViewLayer | Updating Geometry BVH lt_spot_room7 1107/1281 | Building BVH
Fra:1 Mem:618.66M (Peak 618.80M) | Time:00:01.95 | Mem:264.56M, Peak:278.44M | Scene, ViewLayer | Updating Geometry BVH A_living_dining_balcony_dining_chair_03_back_mesh 1195/1281 | Building BVH
Fra:1 Mem:618.66M (Peak 618.80M) | Time:00:01.95 | Mem:264.56M, Peak:278.44M | Scene, ViewLayer | Updating Geometry BVH lt_spot_room9 1109/1281 | Building BVH
Fra:1 Mem:618.66M (Peak 618.80M) | Time:00:01.95 | Mem:264.58M, Peak:278.44M | Scene, ViewLayer | Updating Geometry BVH lt_spot_room10 1110/1281 | Building BVH
Fra:1 Mem:618.66M (Peak 618.80M) | Time:00:01.95 | Mem:264.58M, Peak:278.44M | Scene, ViewLayer | Updating Geometry BVH lt_spot_room11 1111/1281 | Building BVH
Fra:1 Mem:618.66M (Peak 618.80M) | Time:00:01.95 | Mem:264.60M, Peak:278.44M | Scene, ViewLayer | Updating Geometry BVH lt_spot_room12 1112/1281 | Building BVH
Fra:1 Mem:618.66M (Peak 618.80M) | Time:00:01.95 | Mem:264.61M, Peak:278.44M | Scene, ViewLayer | Updating Geometry BVH lt_spot_room13 1113/1281 | Building BVH
Fra:1 Mem:618.66M (Peak 618.80M) | Time:00:01.95 | Mem:264.61M, Peak:278.44M | Scene, ViewLayer | Updating Geometry BVH lt_ceiling_master 1114/1281 | Building BVH
Fra:1 Mem:618.66M (Peak 618.80M) | Time:00:01.95 | Mem:264.64M, Peak:278.44M | Scene, ViewLayer | Updating Geometry BVH lt_ceiling_parents 1115/1281 | Building BVH
Fra:1 Mem:618.66M (Peak 618.80M) | Time:00:01.95 | Mem:264.65M, Peak:278.44M | Scene, ViewLayer | Updating Geometry BVH lt_ceiling_daughter 1116/1281 | Building BVH
Fra:1 Mem:618.66M (Peak 618.80M) | Time:00:01.95 | Mem:264.65M, Peak:278.44M | Scene, ViewLayer | Updating Geometry BVH lt_ceiling_son 1117/1281 | Building BVH
Fra:1 Mem:618.66M (Peak 618.80M) | Time:00:01.95 | Mem:264.69M, Peak:278.44M | Scene, ViewLayer | Updating Geometry BVH lt_wall0 1118/1281 | Building BVH
Fra:1 Mem:618.66M (Peak 618.80M) | Time:00:01.95 | Mem:264.70M, Peak:278.44M | Scene, ViewLayer | Updating Geometry BVH lt_wall1 1119/1281 | Building BVH
Fra:1 Mem:618.66M (Peak 618.80M) | Time:00:01.95 | Mem:264.70M, Peak:278.44M | Scene, ViewLayer | Updating Geometry BVH lt_wall2 1120/1281 | Building BVH
Fra:1 Mem:618.66M (Peak 618.80M) | Time:00:01.95 | Mem:264.70M, Peak:278.44M | Scene, ViewLayer | Updating Geometry BVH lt_strip_S_mesh 1121/1281 | Building BVH
Fra:1 Mem:618.66M (Peak 618.80M) | Time:00:01.95 | Mem:264.70M, Peak:278.44M | Scene, ViewLayer | Updating Geometry BVH lt_strip_N_mesh 1122/1281 | Building BVH
Fra:1 Mem:618.66M (Peak 618.80M) | Time:00:01.95 | Mem:264.70M, Peak:278.44M | Scene, ViewLayer | Updating Geometry BVH lt_strip_kc1_mesh 1125/1281 | Building BVH
Fra:1 Mem:618.66M (Peak 618.80M) | Time:00:01.95 | Mem:264.70M, Peak:278.44M | Scene, ViewLayer | Updating Geometry BVH lt_strip_kc2_mesh 1126/1281 | Building BVH
Fra:1 Mem:618.66M (Peak 618.80M) | Time:00:01.95 | Mem:264.71M, Peak:278.44M | Scene, ViewLayer | Updating Geometry BVH lt_strip_fyb_mesh 1127/1281 | Building BVH
Fra:1 Mem:618.66M (Peak 618.80M) | Time:00:01.95 | Mem:264.71M, Peak:278.44M | Scene, ViewLayer | Updating Geometry BVH lt_strip_fyn_mesh 1128/1281 | Building BVH
Fra:1 Mem:618.66M (Peak 618.80M) | Time:00:01.95 | Mem:264.72M, Peak:278.44M | Scene, ViewLayer | Updating Geometry BVH lt_strip_bc_mesh 1129/1281 | Building BVH
Fra:1 Mem:618.66M (Peak 618.80M) | Time:00:01.95 | Mem:264.73M, Peak:278.44M | Scene, ViewLayer | Updating Geometry BVH lt_strip_bcg_mesh 1130/1281 | Building BVH
Fra:1 Mem:618.66M (Peak 618.80M) | Time:00:01.96 | Mem:264.74M, Peak:278.44M | Scene, ViewLayer | Updating Geometry BVH lt_strip_mb_mesh 1131/1281 | Building BVH
Fra:1 Mem:618.66M (Peak 618.80M) | Time:00:01.96 | Mem:264.78M, Peak:278.44M | Scene, ViewLayer | Updating Geometry BVH lt_strip_cb_mesh 1132/1281 | Building BVH
Fra:1 Mem:618.66M (Peak 618.80M) | Time:00:01.96 | Mem:264.78M, Peak:278.44M | Scene, ViewLayer | Updating Geometry BVH lt_strip_dt_mesh 1133/1281 | Building BVH
Fra:1 Mem:618.66M (Peak 618.80M) | Time:00:01.96 | Mem:264.80M, Peak:278.44M | Scene, ViewLayer | Updating Geometry BVH lt_fill_daughter 1134/1281 | Building BVH
Fra:1 Mem:618.66M (Peak 618.80M) | Time:00:01.96 | Mem:264.84M, Peak:278.44M | Scene, ViewLayer | Updating Geometry BVH lt_fill_son 1135/1281 | Building BVH
Fra:1 Mem:618.66M (Peak 618.80M) | Time:00:01.96 | Mem:264.84M, Peak:278.44M | Scene, ViewLayer | Updating Geometry BVH lt_fill_pbath 1136/1281 | Building BVH
Fra:1 Mem:618.66M (Peak 618.80M) | Time:00:01.96 | Mem:264.84M, Peak:278.44M | Scene, ViewLayer | Updating Geometry BVH lt_fill_mbath 1137/1281 | Building BVH
Fra:1 Mem:618.66M (Peak 618.80M) | Time:00:01.96 | Mem:264.84M, Peak:278.44M | Scene, ViewLayer | Updating Geometry BVH lt_fill_corridor 1138/1281 | Building BVH
Fra:1 Mem:618.66M (Peak 618.80M) | Time:00:01.96 | Mem:264.84M, Peak:278.44M | Scene, ViewLayer | Updating Geometry BVH A_living_dining_balcony_island_01_sideW_mesh 1139/1281 | Building BVH
Fra:1 Mem:618.66M (Peak 618.80M) | Time:00:01.96 | Mem:264.84M, Peak:278.44M | Scene, ViewLayer | Updating Geometry BVH A_living_dining_balcony_island_01_sideE_mesh 1140/1281 | Building BVH
Fra:1 Mem:618.66M (Peak 618.80M) | Time:00:01.96 | Mem:264.89M, Peak:278.44M | Scene, ViewLayer | Updating Geometry BVH A_living_dining_balcony_island_01_backN_mesh 1141/1281 | Building BVH
Fra:1 Mem:618.66M (Peak 618.80M) | Time:00:01.96 | Mem:264.89M, Peak:278.44M | Scene, ViewLayer | Updating Geometry BVH A_living_dining_balcony_island_01_base_mesh 1142/1281 | Building BVH
Fra:1 Mem:618.66M (Peak 618.80M) | Time:00:01.96 | Mem:264.90M, Peak:278.44M | Scene, ViewLayer | Updating Geometry BVH A_living_dining_balcony_island_01_oven_mesh 1143/1281 | Building BVH
Fra:1 Mem:618.66M (Peak 618.80M) | Time:00:01.96 | Mem:264.91M, Peak:278.44M | Scene, ViewLayer | Updating Geometry BVH A_living_dining_balcony_island_01_drw_gapbg_mesh 1144/1281 | Building BVH
Fra:1 Mem:618.66M (Peak 618.80M) | Time:00:01.96 | Mem:264.96M, Peak:278.44M | Scene, ViewLayer | Updating Geometry BVH A_living_dining_balcony_island_01_drw_f0_mesh 1145/1281 | Building BVH
Fra:1 Mem:618.66M (Peak 618.80M) | Time:00:01.96 | Mem:264.96M, Peak:278.44M | Scene, ViewLayer | Updating Geometry BVH A_living_dining_balcony_island_01_drw_p0_mesh 1146/1281 | Building BVH
Fra:1 Mem:618.66M (Peak 618.80M) | Time:00:01.96 | Mem:264.96M, Peak:278.44M | Scene, ViewLayer | Updating Geometry BVH A_living_dining_balcony_island_01_niche_mesh 1147/1281 | Building BVH
Fra:1 Mem:618.66M (Peak 618.80M) | Time:00:01.96 | Mem:264.96M, Peak:278.44M | Scene, ViewLayer | Updating Geometry BVH A_living_dining_balcony_island_01_sh1_mesh 1149/1281 | Building BVH
Fra:1 Mem:618.66M (Peak 618.80M) | Time:00:01.96 | Mem:264.98M, Peak:278.44M | Scene, ViewLayer | Updating Geometry BVH A_living_dining_balcony_island_01_top_mesh 1150/1281 | Building BVH
Fra:1 Mem:618.66M (Peak 618.80M) | Time:00:01.96 | Mem:265.03M, Peak:278.44M | Scene, ViewLayer | Updating Geometry BVH A_living_dining_balcony_tv_cabinet_01_body_mesh 1151/1281 | Building BVH
Fra:1 Mem:618.66M (Peak 618.80M) | Time:00:01.96 | Mem:265.04M, Peak:278.44M | Scene, ViewLayer | Updating Geometry BVH A_living_dining_balcony_dining_chair_02_arm1_mesh 1193/1281 | Building BVH
Fra:1 Mem:618.66M (Peak 618.80M) | Time:00:01.96 | Mem:265.04M, Peak:278.44M | Scene, ViewLayer | Updating Geometry BVH A_living_dining_balcony_tv_cabinet_01_door_gapbg_mesh 1152/1281 | Building BVH
Fra:1 Mem:618.66M (Peak 618.80M) | Time:00:01.96 | Mem:265.05M, Peak:278.44M | Scene, ViewLayer | Updating Geometry BVH A_living_dining_balcony_tv_cabinet_01_door_f0_mesh 1153/1281 | Building BVH
Fra:1 Mem:618.66M (Peak 618.80M) | Time:00:01.96 | Mem:265.05M, Peak:278.44M | Scene, ViewLayer | Updating Geometry BVH A_living_dining_balcony_tv_cabinet_01_door_f1_mesh 1154/1281 | Building BVH
Fra:1 Mem:618.66M (Peak 618.80M) | Time:00:01.96 | Mem:265.05M, Peak:278.44M | Scene, ViewLayer | Updating Geometry BVH A_living_dining_balcony_tv_cabinet_01_door_f3_mesh 1156/1281 | Building BVH
Fra:1 Mem:618.66M (Peak 618.80M) | Time:00:01.96 | Mem:265.08M, Peak:278.44M | Scene, ViewLayer | Updating Geometry BVH A_living_dining_balcony_tv_cabinet_01_door_f4_mesh 1157/1281 | Building BVH
Fra:1 Mem:618.66M (Peak 618.80M) | Time:00:01.96 | Mem:265.10M, Peak:278.44M | Scene, ViewLayer | Updating Geometry BVH A_living_dining_balcony_pendant_lamp_01_rod_mesh 1158/1281 | Building BVH
Fra:1 Mem:618.66M (Peak 618.80M) | Time:00:01.96 | Mem:265.16M, Peak:278.44M | Scene, ViewLayer | Updating Geometry BVH A_living_dining_balcony_pendant_lamp_01_ globe_mesh 1159/1281 | Building BVH
Fra:1 Mem:618.66M (Peak 618.80M) | Time:00:01.96 | Mem:265.27M, Peak:278.44M | Scene, ViewLayer | Updating Geometry BVH A_living_dining_balcony_island_02_top_mesh 1160/1281 | Building BVH
Fra:1 Mem:618.66M (Peak 618.80M) | Time:00:01.96 | Mem:265.27M, Peak:278.44M | Scene, ViewLayer | Updating Geometry BVH A_living_dining_balcony_island_02_leg0_mesh 1161/1281 | Building BVH
Fra:1 Mem:618.66M (Peak 618.80M) | Time:00:01.96 | Mem:265.30M, Peak:278.44M | Scene, ViewLayer | Updating Geometry BVH A_living_dining_balcony_island_02_leg1_mesh 1162/1281 | Building BVH
Fra:1 Mem:618.66M (Peak 618.80M) | Time:00:01.96 | Mem:265.30M, Peak:278.44M | Scene, ViewLayer | Updating Geometry BVH A_living_dining_balcony_island_02_leg2_mesh 1163/1281 | Building BVH
Fra:1 Mem:618.66M (Peak 618.80M) | Time:00:01.96 | Mem:265.30M, Peak:278.44M | Scene, ViewLayer | Updating Geometry BVH A_living_dining_balcony_island_02_leg3_mesh 1164/1281 | Building BVH
Fra:1 Mem:618.66M (Peak 618.80M) | Time:00:01.96 | Mem:265.33M, Peak:278.44M | Scene, ViewLayer | Updating Geometry BVH A_living_dining_balcony_pendant_lamp_02_rod_mesh 1165/1281 | Building BVH
Fra:1 Mem:618.66M (Peak 618.80M) | Time:00:01.96 | Mem:265.34M, Peak:278.44M | Scene, ViewLayer | Updating Geometry BVH A_living_dining_balcony_pendant_lamp_02_ globe_mesh 1166/1281 | Building BVH
Fra:1 Mem:618.66M (Peak 618.80M) | Time:00:01.96 | Mem:265.47M, Peak:278.44M | Scene, ViewLayer | Updating Geometry BVH A_living_dining_balcony_dining_chair_01_back_mesh 1167/1281 | Building BVH
Fra:1 Mem:618.66M (Peak 618.80M) | Time:00:01.96 | Mem:265.47M, Peak:278.44M | Scene, ViewLayer | Updating Geometry BVH A_living_dining_balcony_dining_chair_01_seat_mesh 1168/1281 | Building BVH
Fra:1 Mem:618.66M (Peak 618.80M) | Time:00:01.96 | Mem:265.47M, Peak:278.44M | Scene, ViewLayer | Updating Geometry BVH A_living_dining_balcony_dining_chair_02_armf0_mesh 1192/1281 | Building BVH
Fra:1 Mem:618.66M (Peak 618.80M) | Time:00:01.96 | Mem:265.51M, Peak:278.44M | Scene, ViewLayer | Updating Geometry BVH A_living_dining_balcony_dining_chair_01_leg0_mesh 1169/1281 | Building BVH
Fra:1 Mem:618.66M (Peak 618.80M) | Time:00:01.96 | Mem:265.53M, Peak:278.44M | Scene, ViewLayer | Updating Geometry BVH A_living_dining_balcony_dining_chair_01_legt0_mesh 1170/1281 | Building BVH
Fra:1 Mem:618.66M (Peak 618.80M) | Time:00:01.96 | Mem:265.52M, Peak:278.44M | Scene, ViewLayer | Updating Geometry BVH A_living_dining_balcony_dining_chair_02_arm0_mesh 1191/1281 | Building BVH
Fra:1 Mem:618.66M (Peak 618.80M) | Time:00:01.96 | Mem:265.52M, Peak:278.44M | Scene, ViewLayer | Updating Geometry BVH A_living_dining_balcony_dining_chair_01_leg1_mesh 1171/1281 | Building BVH
Fra:1 Mem:618.66M (Peak 618.80M) | Time:00:01.96 | Mem:265.55M, Peak:278.44M | Scene, ViewLayer | Updating Geometry BVH A_living_dining_balcony_dining_chair_01_legt1_mesh 1172/1281 | Building BVH
Fra:1 Mem:618.66M (Peak 618.80M) | Time:00:01.96 | Mem:265.55M, Peak:278.44M | Scene, ViewLayer | Updating Geometry BVH A_living_dining_balcony_dining_chair_01_leg2_mesh 1173/1281 | Building BVH
Fra:1 Mem:618.66M (Peak 618.80M) | Time:00:01.96 | Mem:265.55M, Peak:278.44M | Scene, ViewLayer | Updating Geometry BVH A_living_dining_balcony_dining_chair_01_legt2_mesh 1174/1281 | Building BVH
Fra:1 Mem:618.66M (Peak 618.80M) | Time:00:01.96 | Mem:265.54M, Peak:278.44M | Scene, ViewLayer | Updating Geometry BVH A_living_dining_balcony_dining_chair_01_legt3_mesh 1176/1281 | Building BVH
Fra:1 Mem:618.66M (Peak 618.80M) | Time:00:01.96 | Mem:265.54M, Peak:278.44M | Scene, ViewLayer | Updating Geometry BVH A_living_dining_balcony_dining_chair_01_arm0_mesh 1177/1281 | Building BVH
Fra:1 Mem:618.66M (Peak 618.80M) | Time:00:01.96 | Mem:265.54M, Peak:278.44M | Scene, ViewLayer | Updating Geometry BVH A_living_dining_balcony_dining_chair_01_armf0_mesh 1178/1281 | Building BVH
Fra:1 Mem:618.66M (Peak 618.80M) | Time:00:01.96 | Mem:265.54M, Peak:278.44M | Scene, ViewLayer | Updating Geometry BVH A_living_dining_balcony_dining_chair_01_arm1_mesh 1179/1281 | Building BVH
Fra:1 Mem:618.66M (Peak 618.80M) | Time:00:01.96 | Mem:265.57M, Peak:278.44M | Scene, ViewLayer | Updating Geometry BVH A_living_dining_balcony_dining_chair_01_armf1_mesh 1180/1281 | Building BVH
Fra:1 Mem:618.66M (Peak 618.80M) | Time:00:01.96 | Mem:265.57M, Peak:278.44M | Scene, ViewLayer | Updating Geometry BVH A_living_dining_balcony_dining_chair_02_back_mesh 1181/1281 | Building BVH
Fra:1 Mem:618.66M (Peak 618.80M) | Time:00:01.96 | Mem:265.57M, Peak:278.44M | Scene, ViewLayer | Updating Geometry BVH A_living_dining_balcony_dining_chair_02_seat_mesh 1182/1281 | Building BVH
Fra:1 Mem:618.66M (Peak 618.80M) | Time:00:01.96 | Mem:265.60M, Peak:278.44M | Scene, ViewLayer | Updating Geometry BVH A_living_dining_balcony_dining_chair_02_leg0_mesh 1183/1281 | Building BVH
Fra:1 Mem:618.66M (Peak 618.80M) | Time:00:01.96 | Mem:265.61M, Peak:278.44M | Scene, ViewLayer | Updating Geometry BVH A_living_dining_balcony_dining_chair_02_legt0_mesh 1184/1281 | Building BVH
Fra:1 Mem:618.66M (Peak 618.80M) | Time:00:01.96 | Mem:265.61M, Peak:278.44M | Scene, ViewLayer | Updating Geometry BVH A_living_dining_balcony_dining_chair_02_leg1_mesh 1185/1281 | Building BVH
Fra:1 Mem:618.66M (Peak 618.80M) | Time:00:01.96 | Mem:265.61M, Peak:278.44M | Scene, ViewLayer | Updating Geometry BVH A_living_dining_balcony_dining_chair_02_legt3_mesh 1190/1281 | Building BVH
Fra:1 Mem:618.66M (Peak 618.80M) | Time:00:01.96 | Mem:265.68M, Peak:278.44M | Scene, ViewLayer | Updating Geometry BVH A_living_dining_balcony_dining_chair_02_legt1_mesh 1186/1281 | Building BVH
Fra:1 Mem:618.66M (Peak 618.80M) | Time:00:01.96 | Mem:265.68M, Peak:278.44M | Scene, ViewLayer | Updating Geometry BVH A_living_dining_balcony_dining_chair_02_leg2_mesh 1187/1281 | Building BVH
Fra:1 Mem:618.66M (Peak 618.80M) | Time:00:01.96 | Mem:265.69M, Peak:278.44M | Scene, ViewLayer | Updating Geometry BVH A_living_dining_balcony_dining_chair_02_legt2_mesh 1188/1281 | Building BVH
Fra:1 Mem:618.66M (Peak 618.80M) | Time:00:01.96 | Mem:265.67M, Peak:278.44M | Scene, ViewLayer | Updating Geometry BVH A_living_dining_balcony_dining_chair_02_leg3_mesh 1189/1281 | Building BVH
Fra:1 Mem:618.66M (Peak 618.80M) | Time:00:01.96 | Mem:265.70M, Peak:278.44M | Scene, ViewLayer | Updating Scene BVH | Building
Fra:1 Mem:618.68M (Peak 618.80M) | Time:00:01.96 | Mem:265.70M, Peak:278.44M | Scene, ViewLayer | Updating Scene BVH | Building BVH
Fra:1 Mem:618.68M (Peak 618.80M) | Time:00:02.21 | Mem:270.27M, Peak:278.44M | Scene, ViewLayer | Updating Scene BVH | Copying BVH to device
Fra:1 Mem:618.68M (Peak 618.80M) | Time:00:02.21 | Mem:270.27M, Peak:278.44M | Scene, ViewLayer | Updating Mesh | Computing normals
Fra:1 Mem:668.97M (Peak 668.97M) | Time:00:02.23 | Mem:270.27M, Peak:278.44M | Scene, ViewLayer | Updating Mesh | Copying Mesh to device
Fra:1 Mem:668.97M (Peak 668.97M) | Time:00:02.24 | Mem:320.55M, Peak:320.55M | Scene, ViewLayer | Updating Objects Flags
Fra:1 Mem:668.97M (Peak 668.97M) | Time:00:02.24 | Mem:320.56M, Peak:320.56M | Scene, ViewLayer | Updating Primitive Offsets
Fra:1 Mem:668.97M (Peak 668.97M) | Time:00:02.24 | Mem:320.57M, Peak:320.57M | Scene, ViewLayer | Updating Images
Fra:1 Mem:668.97M (Peak 668.97M) | Time:00:02.24 | Mem:320.57M, Peak:320.57M | Scene, ViewLayer | Updating Images | Loading walnut3_nor_gl_2k.jpg
Fra:1 Mem:668.97M (Peak 668.97M) | Time:00:02.24 | Mem:320.57M, Peak:320.57M | Scene, ViewLayer | Updating Images | Loading walnut3_diff_2k.jpg
Fra:1 Mem:684.97M (Peak 684.97M) | Time:00:02.24 | Mem:320.57M, Peak:320.57M | Scene, ViewLayer | Updating Images | Loading walnut3_rough_2k.jpg
Fra:1 Mem:832.97M (Peak 832.97M) | Time:00:02.61 | Mem:484.57M, Peak:484.57M | Scene, ViewLayer | Updating Camera Volume
Fra:1 Mem:832.97M (Peak 832.97M) | Time:00:02.61 | Mem:484.57M, Peak:484.57M | Scene, ViewLayer | Updating Lookup Tables
Fra:1 Mem:832.97M (Peak 832.97M) | Time:00:02.61 | Mem:484.65M, Peak:484.65M | Scene, ViewLayer | Updating Lights
Fra:1 Mem:832.98M (Peak 832.98M) | Time:00:02.61 | Mem:484.65M, Peak:484.65M | Scene, ViewLayer | Updating Lights | Importance map
Fra:1 Mem:897.01M (Peak 1184.98M) | Time:00:02.95 | Mem:548.69M, Peak:708.65M | Scene, ViewLayer | Updating Lights | Computing tree
Fra:1 Mem:898.00M (Peak 1184.98M) | Time:00:02.97 | Mem:549.68M, Peak:708.65M | Scene, ViewLayer | Updating Integrator
Fra:1 Mem:898.00M (Peak 1184.98M) | Time:00:02.97 | Mem:549.68M, Peak:708.65M | Scene, ViewLayer | Updating Film
Fra:1 Mem:898.01M (Peak 1184.98M) | Time:00:02.97 | Mem:549.60M, Peak:708.65M | Scene, ViewLayer | Updating Lookup Tables
Fra:1 Mem:898.01M (Peak 1184.98M) | Time:00:02.97 | Mem:549.69M, Peak:708.65M | Scene, ViewLayer | Updating Baking
Fra:1 Mem:898.01M (Peak 1184.98M) | Time:00:02.97 | Mem:549.69M, Peak:708.65M | Scene, ViewLayer | Updating Device | Writing constant memory
Fra:1 Mem:898.03M (Peak 1184.98M) | Time:00:02.97 | Mem:549.69M, Peak:708.65M | Scene, ViewLayer | Loading denoising kernels (may take a few minutes the first time)
Fra:1 Mem:902.08M (Peak 1184.98M) | Time:00:03.01 | Mem:901.74M, Peak:901.74M | Scene, ViewLayer | Sample 0/64
Fra:1 Mem:1054.09M (Peak 1184.98M) | Time:00:04.01 | Remaining:01:02.72 | Mem:1053.74M, Peak:1053.74M | Scene, ViewLayer | Sample 1/64
Fra:1 Mem:1054.09M (Peak 1184.98M) | Time:00:47.55 | Remaining:00:41.83 | Mem:1053.74M, Peak:1053.74M | Scene, ViewLayer | Sample 33/64
Fra:1 Mem:1054.09M (Peak 1184.98M) | Time:01:02.10 | Remaining:00:19.69 | Mem:1053.74M, Peak:1053.74M | Scene, ViewLayer | Sample 48/64
Fra:1 Mem:1118.09M (Peak 1214.10M) | Time:01:26.17 | Mem:1053.74M, Peak:1053.74M | Scene, ViewLayer | Sample 64/64
Fra:1 Mem:1118.09M (Peak 1214.10M) | Time:01:26.17 | Mem:1053.74M, Peak:1053.74M | Scene, ViewLayer | Finished
Saved: 'D:\ClaudeCodeProject2026\jiangyu-render\renders\preview\P3_master_pano.png'
Time: 01:26.58 (Saving: 00:00.25)

BlenderMCP addon registered
[render] preset=preview device=GPU look=AgX - Base Contrast
[render] saved D:\ClaudeCodeProject2026\jiangyu-render\renders\preview\P1_living_A_pano.png (75.5s, exp=1.75)
[render] size OK 2048x1024 P1_living_A_pano.png
[render] saved D:\ClaudeCodeProject2026\jiangyu-render\renders\preview\P3_master_pano.png (86.7s, exp=1.95)
[render] size OK 2048x1024 P3_master_pano.png
BlenderMCP addon unregistered

Blender quit
