Blender 4.5.10 LTS (hash 6dc0b208d1b5 built 2026-05-19 01:33:42)
Read blend: "D:\ClaudeCodeProject2026\jiangyu-render\blend\jiangyu.blend"
Fra:1 Mem:254.79M (Peak 254.79M) | Time:00:00.10 | Mem:0.00M, Peak:0.00M | Scene, ViewLayer | Synchronizing object | ceil_living_r1S
Fra:1 Mem:254.79M (Peak 254.79M) | Time:00:00.10 | Mem:0.00M, Peak:0.00M | Scene, ViewLayer | Synchronizing object | ceil_foyer_slab
Fra:1 Mem:254.79M (Peak 254.79M) | Time:00:00.10 | Mem:0.00M, Peak:0.00M | Scene, ViewLayer | Synchronizing object | ceil_son_ac
Fra:1 Mem:254.80M (Peak 254.80M) | Time:00:00.10 | Mem:0.00M, Peak:0.00M | Scene, ViewLayer | Synchronizing object | ceil_kitchen_fill
Fra:1 Mem:254.83M (Peak 254.83M) | Time:00:00.10 | Mem:0.00M, Peak:0.00M | Scene, ViewLayer | Synchronizing object | ceil_corridor_fill
Fra:1 Mem:254.84M (Peak 254.84M) | Time:00:00.10 | Mem:0.00M, Peak:0.00M | Scene, ViewLayer | Synchronizing object | ceil_elevator_hall_fill
Fra:1 Mem:254.84M (Peak 254.84M) | Time:00:00.10 | Mem:0.00M, Peak:0.00M | Scene, ViewLayer | Synchronizing object | fx_ceiling_parents_room
Fra:1 Mem:254.85M (Peak 254.85M) | Time:00:00.10 | Mem:0.00M, Peak:0.00M | Scene, ViewLayer | Synchronizing object | fx_ceiling_daughter_room
Fra:1 Mem:254.85M (Peak 254.85M) | Time:00:00.10 | Mem:0.00M, Peak:0.00M | Scene, ViewLayer | Synchronizing object | fx_spot_living00
Fra:1 Mem:254.86M (Peak 254.86M) | Time:00:00.10 | Mem:0.00M, Peak:0.00M | Scene, ViewLayer | Synchronizing object | fx_spot_living01
Fra:1 Mem:254.86M (Peak 254.86M) | Time:00:00.10 | Mem:0.00M, Peak:0.00M | Scene, ViewLayer | Synchronizing object | fx_spot_living01_r
Fra:1 Mem:254.87M (Peak 254.87M) | Time:00:00.10 | Mem:0.00M, Peak:0.00M | Scene, ViewLayer | Synchronizing object | fx_spot_living02
Fra:1 Mem:254.87M (Peak 254.87M) | Time:00:00.10 | Mem:0.00M, Peak:0.00M | Scene, ViewLayer | Synchronizing object | fx_spot_living02_r
Fra:1 Mem:254.88M (Peak 254.88M) | Time:00:00.10 | Mem:0.00M, Peak:0.00M | Scene, ViewLayer | Synchronizing object | fx_spot_living03
Fra:1 Mem:254.88M (Peak 254.88M) | Time:00:00.10 | Mem:0.00M, Peak:0.00M | Scene, ViewLayer | Synchronizing object | fx_spot_living03_r
Fra:1 Mem:254.89M (Peak 254.89M) | Time:00:00.10 | Mem:0.00M, Peak:0.00M | Scene, ViewLayer | Synchronizing object | fx_spot_living04
Fra:1 Mem:254.89M (Peak 254.89M) | Time:00:00.10 | Mem:0.00M, Peak:0.00M | Scene, ViewLayer | Synchronizing object | fx_spot_living04_r
Fra:1 Mem:254.89M (Peak 254.89M) | Time:00:00.10 | Mem:0.00M, Peak:0.00M | Scene, ViewLayer | Synchronizing object | fx_spot_living05
Fra:1 Mem:254.91M (Peak 254.91M) | Time:00:00.10 | Mem:0.00M, Peak:0.00M | Scene, ViewLayer | Synchronizing object | fx_spot_living06_r
Fra:1 Mem:254.91M (Peak 254.91M) | Time:00:00.10 | Mem:0.00M, Peak:0.00M | Scene, ViewLayer | Synchronizing object | fx_spot_living07
Fra:1 Mem:254.91M (Peak 254.91M) | Time:00:00.10 | Mem:0.00M, Peak:0.00M | Scene, ViewLayer | Synchronizing object | fx_spot_living07_r
Fra:1 Mem:254.92M (Peak 254.92M) | Time:00:00.10 | Mem:0.00M, Peak:0.00M | Scene, ViewLayer | Synchronizing object | fx_spot_living08_r
Fra:1 Mem:254.92M (Peak 254.92M) | Time:00:00.10 | Mem:0.00M, Peak:0.00M | Scene, ViewLayer | Synchronizing object | fx_spot_living09
Fra:1 Mem:254.93M (Peak 254.93M) | Time:00:00.10 | Mem:0.00M, Peak:0.00M | Scene, ViewLayer | Synchronizing object | fx_spot_living09_r
Fra:1 Mem:254.94M (Peak 254.94M) | Time:00:00.10 | Mem:0.00M, Peak:0.00M | Scene, ViewLayer | Synchronizing object | fx_spot_living10_r
Fra:1 Mem:254.95M (Peak 254.95M) | Time:00:00.10 | Mem:0.00M, Peak:0.00M | Scene, ViewLayer | Synchronizing object | fx_spot_living11
Fra:1 Mem:254.97M (Peak 254.97M) | Time:00:00.10 | Mem:0.00M, Peak:0.00M | Scene, ViewLayer | Synchronizing object | fx_spot_living12_r
Fra:1 Mem:254.97M (Peak 254.97M) | Time:00:00.10 | Mem:0.00M, Peak:0.00M | Scene, ViewLayer | Synchronizing object | fx_spot_living13_r
Fra:1 Mem:254.99M (Peak 254.99M) | Time:00:00.10 | Mem:0.00M, Peak:0.00M | Scene, ViewLayer | Synchronizing object | fx_spot_living14
Fra:1 Mem:254.99M (Peak 254.99M) | Time:00:00.10 | Mem:0.00M, Peak:0.00M | Scene, ViewLayer | Synchronizing object | fx_spot_living16
Fra:1 Mem:255.00M (Peak 255.00M) | Time:00:00.10 | Mem:0.00M, Peak:0.00M | Scene, ViewLayer | Synchronizing object | fx_spot_living16_r
Fra:1 Mem:255.01M (Peak 255.01M) | Time:00:00.10 | Mem:0.00M, Peak:0.00M | Scene, ViewLayer | Synchronizing object | fx_spot_room1
Fra:1 Mem:255.03M (Peak 255.03M) | Time:00:00.10 | Mem:0.00M, Peak:0.00M | Scene, ViewLayer | Synchronizing object | fx_spot_room2
Fra:1 Mem:255.04M (Peak 255.04M) | Time:00:00.10 | Mem:0.00M, Peak:0.00M | Scene, ViewLayer | Synchronizing object | fx_spot_room4
Fra:1 Mem:255.06M (Peak 255.06M) | Time:00:00.10 | Mem:0.00M, Peak:0.00M | Scene, ViewLayer | Synchronizing object | fx_spot_room6
Fra:1 Mem:255.06M (Peak 255.06M) | Time:00:00.10 | Mem:0.00M, Peak:0.00M | Scene, ViewLayer | Synchronizing object | out_ground
Fra:1 Mem:255.07M (Peak 255.07M) | Time:00:00.10 | Mem:0.00M, Peak:0.00M | Scene, ViewLayer | Synchronizing object | out_path_s
Fra:1 Mem:255.08M (Peak 255.08M) | Time:00:00.10 | Mem:0.00M, Peak:0.00M | Scene, ViewLayer | Synchronizing object | out_path_n
Fra:1 Mem:255.09M (Peak 255.09M) | Time:00:00.10 | Mem:0.00M, Peak:0.00M | Scene, ViewLayer | Synchronizing object | tree_small_02_LOD0.001
Fra:1 Mem:255.09M (Peak 255.09M) | Time:00:00.10 | Mem:0.00M, Peak:0.00M | Scene, ViewLayer | Synchronizing object | out_bldg_n
Fra:1 Mem:255.10M (Peak 255.10M) | Time:00:00.10 | Mem:0.00M, Peak:0.00M | Scene, ViewLayer | Synchronizing object | floor_living_dining_balcony
Fra:1 Mem:257.98M (Peak 257.98M) | Time:00:00.10 | Mem:0.00M, Peak:0.00M | Scene, ViewLayer | Synchronizing object | floor_kitchen
Fra:1 Mem:258.01M (Peak 258.01M) | Time:00:00.10 | Mem:0.00M, Peak:0.00M | Scene, ViewLayer | Synchronizing object | floor_daughter_room
Fra:1 Mem:258.00M (Peak 258.01M) | Time:00:00.10 | Mem:0.00M, Peak:0.00M | Scene, ViewLayer | Synchronizing object | floor_public_bath_wet
Fra:1 Mem:258.01M (Peak 258.01M) | Time:00:00.10 | Mem:0.00M, Peak:0.00M | Scene, ViewLayer | Synchronizing object | floor_corridor_0
Fra:1 Mem:258.02M (Peak 258.02M) | Time:00:00.10 | Mem:0.00M, Peak:0.00M | Scene, ViewLayer | Synchronizing object | floor_corridor_1
Fra:1 Mem:258.03M (Peak 258.03M) | Time:00:00.10 | Mem:0.00M, Peak:0.00M | Scene, ViewLayer | Synchronizing object | floor_son_room
Fra:1 Mem:258.03M (Peak 258.03M) | Time:00:00.10 | Mem:0.00M, Peak:0.00M | Scene, ViewLayer | Synchronizing object | floor_master_bath
Fra:1 Mem:258.04M (Peak 258.04M) | Time:00:00.10 | Mem:0.00M, Peak:0.00M | Scene, ViewLayer | Synchronizing object | floor_master_bedroom
Fra:1 Mem:258.04M (Peak 258.04M) | Time:00:00.10 | Mem:0.00M, Peak:0.00M | Scene, ViewLayer | Synchronizing object | floor_foyer
Fra:1 Mem:258.04M (Peak 258.04M) | Time:00:00.10 | Mem:0.00M, Peak:0.00M | Scene, ViewLayer | Synchronizing object | W01_s00
Fra:1 Mem:259.28M (Peak 259.29M) | Time:00:00.10 | Mem:0.00M, Peak:0.00M | Scene, ViewLayer | Synchronizing object | W01_s01
Fra:1 Mem:259.29M (Peak 259.29M) | Time:00:00.10 | Mem:0.00M, Peak:0.00M | Scene, ViewLayer | Synchronizing object | W01_s02
Fra:1 Mem:259.30M (Peak 259.30M) | Time:00:00.10 | Mem:0.00M, Peak:0.00M | Scene, ViewLayer | Synchronizing object | W02_s00
Fra:1 Mem:259.30M (Peak 259.30M) | Time:00:00.10 | Mem:0.00M, Peak:0.00M | Scene, ViewLayer | Synchronizing object | W02_s03
Fra:1 Mem:259.31M (Peak 259.31M) | Time:00:00.10 | Mem:0.00M, Peak:0.00M | Scene, ViewLayer | Synchronizing object | W04_s00
Fra:1 Mem:259.31M (Peak 259.31M) | Time:00:00.10 | Mem:0.00M, Peak:0.00M | Scene, ViewLayer | Synchronizing object | W05_s00
Fra:1 Mem:259.31M (Peak 259.31M) | Time:00:00.10 | Mem:0.00M, Peak:0.00M | Scene, ViewLayer | Synchronizing object | W05_s01
Fra:1 Mem:259.31M (Peak 259.31M) | Time:00:00.10 | Mem:0.00M, Peak:0.00M | Scene, ViewLayer | Synchronizing object | W05_s02
Fra:1 Mem:259.32M (Peak 259.32M) | Time:00:00.10 | Mem:0.00M, Peak:0.00M | Scene, ViewLayer | Synchronizing object | W06_s00
Fra:1 Mem:259.32M (Peak 259.32M) | Time:00:00.10 | Mem:0.00M, Peak:0.00M | Scene, ViewLayer | Synchronizing object | W06_s01
Fra:1 Mem:259.33M (Peak 259.33M) | Time:00:00.10 | Mem:0.00M, Peak:0.00M | Scene, ViewLayer | Synchronizing object | W06_s03
Fra:1 Mem:259.34M (Peak 259.34M) | Time:00:00.10 | Mem:0.00M, Peak:0.00M | Scene, ViewLayer | Synchronizing object | W07_s00
Fra:1 Mem:259.34M (Peak 259.34M) | Time:00:00.10 | Mem:0.00M, Peak:0.00M | Scene, ViewLayer | Synchronizing object | W07_s01
Fra:1 Mem:259.34M (Peak 259.34M) | Time:00:00.10 | Mem:0.00M, Peak:0.00M | Scene, ViewLayer | Synchronizing object | W08_s00
Fra:1 Mem:259.34M (Peak 259.34M) | Time:00:00.10 | Mem:0.00M, Peak:0.00M | Scene, ViewLayer | Synchronizing object | W08_s01
Fra:1 Mem:259.34M (Peak 259.34M) | Time:00:00.10 | Mem:0.00M, Peak:0.00M | Scene, ViewLayer | Synchronizing object | W10_s00
Fra:1 Mem:259.36M (Peak 259.36M) | Time:00:00.10 | Mem:0.00M, Peak:0.00M | Scene, ViewLayer | Synchronizing object | W10_s01
Fra:1 Mem:259.36M (Peak 259.36M) | Time:00:00.11 | Mem:0.00M, Peak:0.00M | Scene, ViewLayer | Synchronizing object | W10_s03
Fra:1 Mem:259.36M (Peak 259.36M) | Time:00:00.11 | Mem:0.00M, Peak:0.00M | Scene, ViewLayer | Synchronizing object | W13_s01
Fra:1 Mem:259.37M (Peak 259.37M) | Time:00:00.11 | Mem:0.00M, Peak:0.00M | Scene, ViewLayer | Synchronizing object | W13_s02
Fra:1 Mem:259.37M (Peak 259.37M) | Time:00:00.11 | Mem:0.00M, Peak:0.00M | Scene, ViewLayer | Synchronizing object | W14_s02
Fra:1 Mem:259.37M (Peak 259.37M) | Time:00:00.11 | Mem:0.00M, Peak:0.00M | Scene, ViewLayer | Synchronizing object | W14_s03
Fra:1 Mem:259.37M (Peak 259.37M) | Time:00:00.11 | Mem:0.00M, Peak:0.00M | Scene, ViewLayer | Synchronizing object | W15_s00
Fra:1 Mem:259.38M (Peak 259.38M) | Time:00:00.11 | Mem:0.00M, Peak:0.00M | Scene, ViewLayer | Synchronizing object | W15_s02
Fra:1 Mem:259.38M (Peak 259.38M) | Time:00:00.11 | Mem:0.00M, Peak:0.00M | Scene, ViewLayer | Synchronizing object | W17_s00
Fra:1 Mem:259.38M (Peak 259.38M) | Time:00:00.11 | Mem:0.00M, Peak:0.00M | Scene, ViewLayer | Synchronizing object | W17_s01
Fra:1 Mem:263.46M (Peak 263.46M) | Time:00:00.11 | Mem:0.00M, Peak:0.00M | Scene, ViewLayer | Synchronizing object | W17_s02
Fra:1 Mem:263.46M (Peak 263.46M) | Time:00:00.11 | Mem:0.00M, Peak:0.00M | Scene, ViewLayer | Synchronizing object | W18_s00
Fra:1 Mem:263.50M (Peak 263.50M) | Time:00:00.11 | Mem:0.00M, Peak:0.00M | Scene, ViewLayer | Synchronizing object | W18_s01
Fra:1 Mem:263.51M (Peak 263.51M) | Time:00:00.11 | Mem:0.00M, Peak:0.00M | Scene, ViewLayer | Synchronizing object | W18_s02
Fra:1 Mem:264.07M (Peak 264.07M) | Time:00:00.11 | Mem:0.00M, Peak:0.00M | Scene, ViewLayer | Synchronizing object | W19_s01
Fra:1 Mem:264.07M (Peak 264.07M) | Time:00:00.11 | Mem:0.00M, Peak:0.00M | Scene, ViewLayer | Synchronizing object | W23_s00
Fra:1 Mem:285.30M (Peak 285.30M) | Time:00:00.11 | Mem:0.00M, Peak:0.00M | Scene, ViewLayer | Synchronizing object | W24_s00
Fra:1 Mem:285.31M (Peak 285.31M) | Time:00:00.11 | Mem:0.00M, Peak:0.00M | Scene, ViewLayer | Synchronizing object | W25_s00
Fra:1 Mem:285.01M (Peak 285.31M) | Time:00:00.11 | Mem:0.00M, Peak:0.00M | Scene, ViewLayer | Synchronizing object | W26_s00
Fra:1 Mem:285.01M (Peak 285.31M) | Time:00:00.11 | Mem:0.00M, Peak:0.00M | Scene, ViewLayer | Synchronizing object | W27_s00
Fra:1 Mem:285.02M (Peak 285.31M) | Time:00:00.11 | Mem:0.00M, Peak:0.00M | Scene, ViewLayer | Synchronizing object | W27_s01
Fra:1 Mem:285.02M (Peak 285.31M) | Time:00:00.11 | Mem:0.00M, Peak:0.00M | Scene, ViewLayer | Synchronizing object | W28_s00
Fra:1 Mem:285.02M (Peak 285.31M) | Time:00:00.11 | Mem:0.00M, Peak:0.00M | Scene, ViewLayer | Synchronizing object | W27_s02
Fra:1 Mem:285.02M (Peak 285.31M) | Time:00:00.11 | Mem:0.00M, Peak:0.00M | Scene, ViewLayer | Synchronizing object | win_W01_0bot
Fra:1 Mem:285.03M (Peak 285.31M) | Time:00:00.11 | Mem:0.00M, Peak:0.00M | Scene, ViewLayer | Synchronizing object | win_W01_0top
Fra:1 Mem:285.03M (Peak 285.31M) | Time:00:00.11 | Mem:0.00M, Peak:0.00M | Scene, ViewLayer | Synchronizing object | win_W01_0rgt
Fra:1 Mem:285.03M (Peak 285.31M) | Time:00:00.11 | Mem:0.00M, Peak:0.00M | Scene, ViewLayer | Synchronizing object | win_W01_0lft
Fra:1 Mem:288.75M (Peak 288.75M) | Time:00:00.11 | Mem:0.00M, Peak:0.00M | Scene, ViewLayer | Synchronizing object | win_W06_0lft
Fra:1 Mem:288.75M (Peak 288.75M) | Time:00:00.11 | Mem:0.00M, Peak:0.00M | Scene, ViewLayer | Synchronizing object | win_W06_0rgt
Fra:1 Mem:288.76M (Peak 288.76M) | Time:00:00.11 | Mem:0.00M, Peak:0.00M | Scene, ViewLayer | Synchronizing object | win_W10_0bot
Fra:1 Mem:288.76M (Peak 288.76M) | Time:00:00.11 | Mem:0.00M, Peak:0.00M | Scene, ViewLayer | Synchronizing object | win_W10_0top
Fra:1 Mem:288.76M (Peak 288.76M) | Time:00:00.11 | Mem:0.00M, Peak:0.00M | Scene, ViewLayer | Synchronizing object | win_W10_0rgt
Fra:1 Mem:288.76M (Peak 288.76M) | Time:00:00.11 | Mem:0.00M, Peak:0.00M | Scene, ViewLayer | Synchronizing object | win_W10_0glass
Fra:1 Mem:288.76M (Peak 288.76M) | Time:00:00.11 | Mem:0.00M, Peak:0.00M | Scene, ViewLayer | Synchronizing object | win_W18_0bot
Fra:1 Mem:288.77M (Peak 288.77M) | Time:00:00.11 | Mem:0.00M, Peak:0.00M | Scene, ViewLayer | Synchronizing object | win_W18_0top
Fra:1 Mem:288.77M (Peak 288.77M) | Time:00:00.11 | Mem:0.00M, Peak:0.00M | Scene, ViewLayer | Synchronizing object | win_W18_0lft
Fra:1 Mem:288.77M (Peak 288.77M) | Time:00:00.11 | Mem:0.00M, Peak:0.00M | Scene, ViewLayer | Synchronizing object | win_W18_0rgt
Fra:1 Mem:288.77M (Peak 288.77M) | Time:00:00.11 | Mem:0.00M, Peak:0.00M | Scene, ViewLayer | Synchronizing object | win_W18_0mul1
Fra:1 Mem:288.77M (Peak 288.77M) | Time:00:00.11 | Mem:0.00M, Peak:0.00M | Scene, ViewLayer | Synchronizing object | win_W18_0mul2
Fra:1 Mem:288.77M (Peak 288.77M) | Time:00:00.11 | Mem:0.00M, Peak:0.00M | Scene, ViewLayer | Synchronizing object | win_W18_0glass
Fra:1 Mem:290.99M (Peak 290.99M) | Time:00:00.11 | Mem:0.00M, Peak:0.00M | Scene, ViewLayer | Synchronizing object | win_W23_0bot
Fra:1 Mem:290.99M (Peak 290.99M) | Time:00:00.11 | Mem:0.00M, Peak:0.00M | Scene, ViewLayer | Synchronizing object | win_W23_0top
Fra:1 Mem:291.00M (Peak 291.00M) | Time:00:00.11 | Mem:0.00M, Peak:0.00M | Scene, ViewLayer | Synchronizing object | win_W23_0mul1
Fra:1 Mem:291.00M (Peak 291.00M) | Time:00:00.11 | Mem:0.00M, Peak:0.00M | Scene, ViewLayer | Synchronizing object | win_W23_0glass
Fra:1 Mem:291.00M (Peak 291.00M) | Time:00:00.11 | Mem:0.00M, Peak:0.00M | Scene, ViewLayer | Synchronizing object | door_W07_0jlfti
Fra:1 Mem:291.00M (Peak 291.00M) | Time:00:00.11 | Mem:0.00M, Peak:0.00M | Scene, ViewLayer | Synchronizing object | door_W07_0jrgto
Fra:1 Mem:291.01M (Peak 291.01M) | Time:00:00.11 | Mem:0.00M, Peak:0.00M | Scene, ViewLayer | Synchronizing object | door_W07_0jrgti
Fra:1 Mem:291.01M (Peak 291.01M) | Time:00:00.11 | Mem:0.00M, Peak:0.00M | Scene, ViewLayer | Synchronizing object | door_W07_0jtopi
Fra:1 Mem:291.01M (Peak 291.01M) | Time:00:00.11 | Mem:0.00M, Peak:0.00M | Scene, ViewLayer | Synchronizing object | door_W07_0lin_l
Fra:1 Mem:291.01M (Peak 291.01M) | Time:00:00.11 | Mem:0.00M, Peak:0.00M | Scene, ViewLayer | Synchronizing object | door_W07_0lin_r
Fra:1 Mem:291.01M (Peak 291.01M) | Time:00:00.11 | Mem:0.00M, Peak:0.00M | Scene, ViewLayer | Synchronizing object | door_W07_0lin_t
Fra:1 Mem:291.01M (Peak 291.01M) | Time:00:00.11 | Mem:0.00M, Peak:0.00M | Scene, ViewLayer | Synchronizing object | door_W07_0hdl
Fra:1 Mem:291.03M (Peak 291.03M) | Time:00:00.11 | Mem:0.00M, Peak:0.00M | Scene, ViewLayer | Synchronizing object | door_W08_0jlfto
Fra:1 Mem:291.03M (Peak 291.03M) | Time:00:00.11 | Mem:0.00M, Peak:0.00M | Scene, ViewLayer | Synchronizing object | door_W08_0jlfti
Fra:1 Mem:291.04M (Peak 291.04M) | Time:00:00.11 | Mem:0.00M, Peak:0.00M | Scene, ViewLayer | Synchronizing object | door_W08_0jrgto
Fra:1 Mem:291.04M (Peak 291.04M) | Time:00:00.11 | Mem:0.00M, Peak:0.00M | Scene, ViewLayer | Synchronizing object | door_W08_0jrgti
Fra:1 Mem:291.04M (Peak 291.04M) | Time:00:00.11 | Mem:0.00M, Peak:0.00M | Scene, ViewLayer | Synchronizing object | door_W08_0jtopo
Fra:1 Mem:291.05M (Peak 291.05M) | Time:00:00.11 | Mem:0.00M, Peak:0.00M | Scene, ViewLayer | Synchronizing object | door_W08_0jtopi
Fra:1 Mem:291.05M (Peak 291.05M) | Time:00:00.11 | Mem:0.00M, Peak:0.00M | Scene, ViewLayer | Synchronizing object | door_W08_0lin_l
Fra:1 Mem:291.06M (Peak 291.06M) | Time:00:00.11 | Mem:0.00M, Peak:0.00M | Scene, ViewLayer | Synchronizing object | door_W08_0lin_r
Fra:1 Mem:291.07M (Peak 291.07M) | Time:00:00.11 | Mem:0.00M, Peak:0.00M | Scene, ViewLayer | Synchronizing object | door_W08_0lin_t
Fra:1 Mem:291.07M (Peak 291.07M) | Time:00:00.11 | Mem:0.00M, Peak:0.00M | Scene, ViewLayer | Synchronizing object | door_W13_0jrgto
Fra:1 Mem:291.07M (Peak 291.07M) | Time:00:00.11 | Mem:0.00M, Peak:0.00M | Scene, ViewLayer | Synchronizing object | door_W14_0jlfti
Fra:1 Mem:291.08M (Peak 291.08M) | Time:00:00.11 | Mem:0.00M, Peak:0.00M | Scene, ViewLayer | Synchronizing object | door_W14_0jrgto
Fra:1 Mem:291.08M (Peak 291.08M) | Time:00:00.11 | Mem:0.00M, Peak:0.00M | Scene, ViewLayer | Synchronizing object | door_W14_0jtopo
Fra:1 Mem:291.08M (Peak 291.08M) | Time:00:00.11 | Mem:0.00M, Peak:0.00M | Scene, ViewLayer | Synchronizing object | door_W14_0jtopi
Fra:1 Mem:291.08M (Peak 291.08M) | Time:00:00.11 | Mem:0.00M, Peak:0.00M | Scene, ViewLayer | Synchronizing object | door_W14_0lin_l
Fra:1 Mem:291.09M (Peak 291.09M) | Time:00:00.11 | Mem:0.00M, Peak:0.00M | Scene, ViewLayer | Synchronizing object | door_W14_0lin_r
Fra:1 Mem:291.09M (Peak 291.09M) | Time:00:00.11 | Mem:0.00M, Peak:0.00M | Scene, ViewLayer | Synchronizing object | door_W14_0lin_t
Fra:1 Mem:291.09M (Peak 291.09M) | Time:00:00.11 | Mem:0.00M, Peak:0.00M | Scene, ViewLayer | Synchronizing object | door_W14_0hdl
Fra:1 Mem:291.09M (Peak 291.09M) | Time:00:00.11 | Mem:0.00M, Peak:0.00M | Scene, ViewLayer | Synchronizing object | door_W14_1jlfto
Fra:1 Mem:291.09M (Peak 291.09M) | Time:00:00.11 | Mem:0.00M, Peak:0.00M | Scene, ViewLayer | Synchronizing object | door_W14_1jlfti
Fra:1 Mem:291.09M (Peak 291.09M) | Time:00:00.11 | Mem:0.00M, Peak:0.00M | Scene, ViewLayer | Synchronizing object | door_W14_1jrgti
Fra:1 Mem:291.10M (Peak 291.10M) | Time:00:00.11 | Mem:0.00M, Peak:0.00M | Scene, ViewLayer | Synchronizing object | door_W14_1jtopo
Fra:1 Mem:291.10M (Peak 291.10M) | Time:00:00.11 | Mem:0.00M, Peak:0.00M | Scene, ViewLayer | Synchronizing object | door_W14_1jtopi
Fra:1 Mem:291.10M (Peak 291.10M) | Time:00:00.11 | Mem:0.00M, Peak:0.00M | Scene, ViewLayer | Synchronizing object | door_W14_1lin_l
Fra:1 Mem:296.41M (Peak 296.41M) | Time:00:00.11 | Mem:0.00M, Peak:0.00M | Scene, ViewLayer | Synchronizing object | door_W14_1lin_t
Fra:1 Mem:296.41M (Peak 296.41M) | Time:00:00.11 | Mem:0.00M, Peak:0.00M | Scene, ViewLayer | Synchronizing object | door_W14_1lft
Fra:1 Mem:296.41M (Peak 296.41M) | Time:00:00.11 | Mem:0.00M, Peak:0.00M | Scene, ViewLayer | Synchronizing object | door_W14_1rgt
Fra:1 Mem:296.41M (Peak 296.41M) | Time:00:00.11 | Mem:0.00M, Peak:0.00M | Scene, ViewLayer | Synchronizing object | door_W14_1top
Fra:1 Mem:296.41M (Peak 296.41M) | Time:00:00.11 | Mem:0.00M, Peak:0.00M | Scene, ViewLayer | Synchronizing object | door_W14_1bot
Fra:1 Mem:296.42M (Peak 296.42M) | Time:00:00.11 | Mem:0.00M, Peak:0.00M | Scene, ViewLayer | Synchronizing object | door_W14_1hdl
Fra:1 Mem:296.42M (Peak 296.42M) | Time:00:00.11 | Mem:0.00M, Peak:0.00M | Scene, ViewLayer | Synchronizing object | door_W15_0jlfto
Fra:1 Mem:296.42M (Peak 296.42M) | Time:00:00.11 | Mem:0.00M, Peak:0.00M | Scene, ViewLayer | Synchronizing object | door_W15_0jlfti
Fra:1 Mem:296.42M (Peak 296.42M) | Time:00:00.11 | Mem:0.00M, Peak:0.00M | Scene, ViewLayer | Synchronizing object | door_W15_0jrgto
Fra:1 Mem:296.42M (Peak 296.42M) | Time:00:00.11 | Mem:0.00M, Peak:0.00M | Scene, ViewLayer | Synchronizing object | door_W15_0jrgti
Fra:1 Mem:296.42M (Peak 296.42M) | Time:00:00.11 | Mem:0.00M, Peak:0.00M | Scene, ViewLayer | Synchronizing object | door_W15_0jtopo
Fra:1 Mem:296.43M (Peak 296.43M) | Time:00:00.11 | Mem:0.00M, Peak:0.00M | Scene, ViewLayer | Synchronizing object | door_W15_0jtopi
Fra:1 Mem:296.43M (Peak 296.43M) | Time:00:00.11 | Mem:0.00M, Peak:0.00M | Scene, ViewLayer | Synchronizing object | door_W15_0lin_r
Fra:1 Mem:296.43M (Peak 296.43M) | Time:00:00.11 | Mem:0.00M, Peak:0.00M | Scene, ViewLayer | Synchronizing object | door_W15_0lin_t
Fra:1 Mem:296.43M (Peak 296.43M) | Time:00:00.11 | Mem:0.00M, Peak:0.00M | Scene, ViewLayer | Synchronizing object | door_W15_0_bot
Fra:1 Mem:296.43M (Peak 296.43M) | Time:00:00.11 | Mem:0.00M, Peak:0.00M | Scene, ViewLayer | Synchronizing object | door_W15_0_top
Fra:1 Mem:296.43M (Peak 296.43M) | Time:00:00.11 | Mem:0.00M, Peak:0.00M | Scene, ViewLayer | Synchronizing object | door_W15_0_lft
Fra:1 Mem:296.44M (Peak 296.44M) | Time:00:00.11 | Mem:0.00M, Peak:0.00M | Scene, ViewLayer | Synchronizing object | door_W15_0_glass
Fra:1 Mem:296.44M (Peak 296.44M) | Time:00:00.11 | Mem:0.00M, Peak:0.00M | Scene, ViewLayer | Synchronizing object | door_W15_1_top
Fra:1 Mem:296.44M (Peak 296.44M) | Time:00:00.11 | Mem:0.00M, Peak:0.00M | Scene, ViewLayer | Synchronizing object | door_W15_1_lft
Fra:1 Mem:302.91M (Peak 302.91M) | Time:00:00.11 | Mem:0.00M, Peak:0.00M | Scene, ViewLayer | Synchronizing object | door_W15_1_rgt
Fra:1 Mem:302.91M (Peak 302.91M) | Time:00:00.11 | Mem:0.00M, Peak:0.00M | Scene, ViewLayer | Synchronizing object | door_W17_0jlfti
Fra:1 Mem:302.91M (Peak 302.91M) | Time:00:00.11 | Mem:0.00M, Peak:0.00M | Scene, ViewLayer | Synchronizing object | door_W17_0jrgto
Fra:1 Mem:302.94M (Peak 302.94M) | Time:00:00.11 | Mem:0.00M, Peak:0.00M | Scene, ViewLayer | Synchronizing object | door_W17_0jrgti
Fra:1 Mem:302.94M (Peak 302.94M) | Time:00:00.11 | Mem:0.00M, Peak:0.00M | Scene, ViewLayer | Synchronizing object | door_W17_0jtopo
Fra:1 Mem:302.94M (Peak 302.94M) | Time:00:00.11 | Mem:0.00M, Peak:0.00M | Scene, ViewLayer | Synchronizing object | door_W17_0jtopi
Fra:1 Mem:306.66M (Peak 306.66M) | Time:00:00.11 | Mem:0.00M, Peak:0.00M | Scene, ViewLayer | Synchronizing object | door_W17_0lin_l
Fra:1 Mem:306.66M (Peak 306.66M) | Time:00:00.11 | Mem:0.00M, Peak:0.00M | Scene, ViewLayer | Synchronizing object | door_W17_0lin_r
Fra:1 Mem:306.66M (Peak 306.66M) | Time:00:00.11 | Mem:0.00M, Peak:0.00M | Scene, ViewLayer | Synchronizing object | door_W17_0lin_t
Fra:1 Mem:306.66M (Peak 306.66M) | Time:00:00.11 | Mem:0.00M, Peak:0.00M | Scene, ViewLayer | Synchronizing object | door_W17_0_bot
Fra:1 Mem:306.67M (Peak 306.67M) | Time:00:00.11 | Mem:0.00M, Peak:0.00M | Scene, ViewLayer | Synchronizing object | door_W17_0_top
Fra:1 Mem:306.67M (Peak 306.67M) | Time:00:00.11 | Mem:0.00M, Peak:0.00M | Scene, ViewLayer | Synchronizing object | door_W17_0_lft
Fra:1 Mem:306.67M (Peak 306.67M) | Time:00:00.11 | Mem:0.00M, Peak:0.00M | Scene, ViewLayer | Synchronizing object | door_W17_0_rgt
Fra:1 Mem:306.68M (Peak 306.68M) | Time:00:00.11 | Mem:0.00M, Peak:0.00M | Scene, ViewLayer | Synchronizing object | A_living_dining_balcony_floor_lamp_01_arc
Fra:1 Mem:306.74M (Peak 306.74M) | Time:00:00.11 | Mem:0.00M, Peak:0.00M | Scene, ViewLayer | Synchronizing object | door_W17_0_glass
Fra:1 Mem:306.75M (Peak 306.75M) | Time:00:00.11 | Mem:0.00M, Peak:0.00M | Scene, ViewLayer | Synchronizing object | door_W17_1_bot
Fra:1 Mem:306.75M (Peak 306.75M) | Time:00:00.11 | Mem:0.00M, Peak:0.00M | Scene, ViewLayer | Synchronizing object | door_W17_1_lft
Fra:1 Mem:306.75M (Peak 306.75M) | Time:00:00.11 | Mem:0.00M, Peak:0.00M | Scene, ViewLayer | Synchronizing object | door_W17_1_glass
Fra:1 Mem:308.05M (Peak 308.05M) | Time:00:00.11 | Mem:0.00M, Peak:0.00M | Scene, ViewLayer | Synchronizing object | door_W17_2_lft
Fra:1 Mem:308.05M (Peak 308.05M) | Time:00:00.11 | Mem:0.00M, Peak:0.00M | Scene, ViewLayer | Synchronizing object | door_W19_0lin_l
Fra:1 Mem:308.05M (Peak 308.05M) | Time:00:00.11 | Mem:0.00M, Peak:0.00M | Scene, ViewLayer | Synchronizing object | door_W19_0lin_t
Fra:1 Mem:308.05M (Peak 308.05M) | Time:00:00.11 | Mem:0.00M, Peak:0.00M | Scene, ViewLayer | Synchronizing object | door_W19_0leaf
Fra:1 Mem:308.06M (Peak 308.06M) | Time:00:00.11 | Mem:0.00M, Peak:0.00M | Scene, ViewLayer | Synchronizing object | door_W19_0hdl
Fra:1 Mem:308.07M (Peak 308.07M) | Time:00:00.11 | Mem:0.00M, Peak:0.00M | Scene, ViewLayer | Synchronizing object | door_W27_0jlfto
Fra:1 Mem:308.07M (Peak 308.07M) | Time:00:00.11 | Mem:0.00M, Peak:0.00M | Scene, ViewLayer | Synchronizing object | lt_strip_tv
Fra:1 Mem:308.07M (Peak 308.07M) | Time:00:00.11 | Mem:0.00M, Peak:0.00M | Scene, ViewLayer | Synchronizing object | lt_pendant_02
Fra:1 Mem:308.07M (Peak 308.07M) | Time:00:00.11 | Mem:0.00M, Peak:0.00M | Scene, ViewLayer | Synchronizing object | door_W27_0jlfti
Fra:1 Mem:308.07M (Peak 308.07M) | Time:00:00.11 | Mem:0.00M, Peak:0.00M | Scene, ViewLayer | Synchronizing object | lt_pendant_01
Fra:1 Mem:304.36M (Peak 308.07M) | Time:00:00.11 | Mem:0.00M, Peak:0.00M | Scene, ViewLayer | Synchronizing object | door_W27_0jtopo
Fra:1 Mem:304.36M (Peak 308.07M) | Time:00:00.11 | Mem:0.00M, Peak:0.00M | Scene, ViewLayer | Synchronizing object | rail_ter_E_p0
Fra:1 Mem:304.36M (Peak 308.07M) | Time:00:00.11 | Mem:0.00M, Peak:0.00M | Scene, ViewLayer | Synchronizing object | rail_ter_E_p1
Fra:1 Mem:304.37M (Peak 308.07M) | Time:00:00.11 | Mem:0.00M, Peak:0.00M | Scene, ViewLayer | Synchronizing object | rail_ter_E_p2
Fra:1 Mem:304.37M (Peak 308.07M) | Time:00:00.11 | Mem:0.00M, Peak:0.00M | Scene, ViewLayer | Synchronizing object | rail_ter_E_glass
Fra:1 Mem:304.37M (Peak 308.07M) | Time:00:00.11 | Mem:0.00M, Peak:0.00M | Scene, ViewLayer | Synchronizing object | rail_ter_W_p0
Fra:1 Mem:304.37M (Peak 308.07M) | Time:00:00.11 | Mem:0.00M, Peak:0.00M | Scene, ViewLayer | Synchronizing object | rail_ter_W_p1
Fra:1 Mem:304.37M (Peak 308.07M) | Time:00:00.11 | Mem:0.00M, Peak:0.00M | Scene, ViewLayer | Synchronizing object | rail_ter_W_top
Fra:1 Mem:304.38M (Peak 308.07M) | Time:00:00.11 | Mem:0.00M, Peak:0.00M | Scene, ViewLayer | Synchronizing object | rail_ter_W_glass
Fra:1 Mem:304.38M (Peak 308.07M) | Time:00:00.11 | Mem:0.00M, Peak:0.00M | Scene, ViewLayer | Synchronizing object | common_kitchen_dishwasher_01_kick
Fra:1 Mem:304.38M (Peak 308.07M) | Time:00:00.11 | Mem:0.00M, Peak:0.00M | Scene, ViewLayer | Synchronizing object | common_kitchen_dishwasher_01_top_L
Fra:1 Mem:304.38M (Peak 308.07M) | Time:00:00.11 | Mem:0.00M, Peak:0.00M | Scene, ViewLayer | Synchronizing object | common_kitchen_dishwasher_01_top_B
Fra:1 Mem:304.40M (Peak 308.07M) | Time:00:00.11 | Mem:0.00M, Peak:0.00M | Scene, ViewLayer | Synchronizing object | common_kitchen_dishwasher_01_top_F
Fra:1 Mem:304.40M (Peak 308.07M) | Time:00:00.11 | Mem:0.00M, Peak:0.00M | Scene, ViewLayer | Synchronizing object | common_kitchen_dishwasher_01_drwW_gapbg
Fra:1 Mem:304.41M (Peak 308.07M) | Time:00:00.11 | Mem:0.00M, Peak:0.00M | Scene, ViewLayer | Synchronizing object | common_kitchen_dishwasher_01_drwW_f0
Fra:1 Mem:304.41M (Peak 308.07M) | Time:00:00.11 | Mem:0.00M, Peak:0.00M | Scene, ViewLayer | Synchronizing object | common_kitchen_dishwasher_01_drwW_p0
Fra:1 Mem:304.42M (Peak 308.07M) | Time:00:00.11 | Mem:0.00M, Peak:0.00M | Scene, ViewLayer | Synchronizing object | common_kitchen_dishwasher_01_drw_gapbg
Fra:1 Mem:304.42M (Peak 308.07M) | Time:00:00.11 | Mem:0.00M, Peak:0.00M | Scene, ViewLayer | Synchronizing object | common_kitchen_dishwasher_01_drw_f0
Fra:1 Mem:304.42M (Peak 308.07M) | Time:00:00.11 | Mem:0.00M, Peak:0.00M | Scene, ViewLayer | Synchronizing object | common_kitchen_dishwasher_01_drw_p0
Fra:1 Mem:304.43M (Peak 308.07M) | Time:00:00.11 | Mem:0.00M, Peak:0.00M | Scene, ViewLayer | Synchronizing object | common_kitchen_sink_01_basin
Fra:1 Mem:304.44M (Peak 308.07M) | Time:00:00.11 | Mem:0.00M, Peak:0.00M | Scene, ViewLayer | Synchronizing object | common_kitchen_sink_01_taptip
Fra:1 Mem:304.44M (Peak 308.07M) | Time:00:00.11 | Mem:0.00M, Peak:0.00M | Scene, ViewLayer | Synchronizing object | common_kitchen_dishwasher_02_pull
Fra:1 Mem:304.45M (Peak 308.07M) | Time:00:00.11 | Mem:0.00M, Peak:0.00M | Scene, ViewLayer | Synchronizing object | common_kitchen_kitchen_counter_01_body
Fra:1 Mem:304.45M (Peak 308.07M) | Time:00:00.11 | Mem:0.00M, Peak:0.00M | Scene, ViewLayer | Synchronizing object | common_kitchen_kitchen_counter_01_kick
Fra:1 Mem:304.45M (Peak 308.07M) | Time:00:00.11 | Mem:0.00M, Peak:0.00M | Scene, ViewLayer | Synchronizing object | common_kitchen_kitchen_counter_01_drwS_f0
Fra:1 Mem:304.46M (Peak 308.07M) | Time:00:00.11 | Mem:0.00M, Peak:0.00M | Scene, ViewLayer | Synchronizing object | common_kitchen_kitchen_counter_01_drwS_p0
Fra:1 Mem:304.47M (Peak 308.07M) | Time:00:00.12 | Mem:0.00M, Peak:0.00M | Scene, ViewLayer | Synchronizing object | common_kitchen_kitchen_counter_01_drwH_gapbg
Fra:1 Mem:304.47M (Peak 308.07M) | Time:00:00.12 | Mem:0.00M, Peak:0.00M | Scene, ViewLayer | Synchronizing object | common_kitchen_kitchen_counter_01_drwH_slot0
Fra:1 Mem:304.48M (Peak 308.07M) | Time:00:00.12 | Mem:0.00M, Peak:0.00M | Scene, ViewLayer | Synchronizing object | common_kitchen_kitchen_counter_01_drwH_slot1
Fra:1 Mem:304.48M (Peak 308.07M) | Time:00:00.12 | Mem:0.00M, Peak:0.00M | Scene, ViewLayer | Synchronizing object | common_kitchen_kitchen_counter_01_drwH_d2
Fra:1 Mem:304.48M (Peak 308.07M) | Time:00:00.12 | Mem:0.00M, Peak:0.00M | Scene, ViewLayer | Synchronizing object | common_kitchen_kitchen_counter_01_drwH_slot2
Fra:1 Mem:304.48M (Peak 308.07M) | Time:00:00.12 | Mem:0.00M, Peak:0.00M | Scene, ViewLayer | Synchronizing object | common_kitchen_kitchen_counter_01_drwN_gapbg
Fra:1 Mem:304.48M (Peak 308.07M) | Time:00:00.12 | Mem:0.00M, Peak:0.00M | Scene, ViewLayer | Synchronizing object | common_kitchen_kitchen_counter_01_drwN_f0
Fra:1 Mem:304.48M (Peak 308.07M) | Time:00:00.12 | Mem:0.00M, Peak:0.00M | Scene, ViewLayer | Synchronizing object | common_kitchen_kitchen_counter_01_drwN_p0
Fra:1 Mem:304.50M (Peak 308.07M) | Time:00:00.12 | Mem:0.00M, Peak:0.00M | Scene, ViewLayer | Synchronizing object | common_kitchen_kitchen_counter_01_drwN_f1
Fra:1 Mem:304.50M (Peak 308.07M) | Time:00:00.12 | Mem:0.00M, Peak:0.00M | Scene, ViewLayer | Synchronizing object | fx_chair_A6s_leg01.001
Fra:1 Mem:304.51M (Peak 308.07M) | Time:00:00.12 | Mem:0.00M, Peak:0.00M | Scene, ViewLayer | Synchronizing object | common_kitchen_kitchen_counter_01_drwN_p1
Fra:1 Mem:304.51M (Peak 308.07M) | Time:00:00.12 | Mem:0.00M, Peak:0.00M | Scene, ViewLayer | Synchronizing object | common_kitchen_hob_01_glass
Fra:1 Mem:304.52M (Peak 308.07M) | Time:00:00.12 | Mem:0.00M, Peak:0.00M | Scene, ViewLayer | Synchronizing object | common_kitchen_hob_01_burner0
Fra:1 Mem:304.52M (Peak 308.07M) | Time:00:00.12 | Mem:0.00M, Peak:0.00M | Scene, ViewLayer | Synchronizing object | common_kitchen_hob_01_burner1
Fra:1 Mem:304.53M (Peak 308.07M) | Time:00:00.12 | Mem:0.00M, Peak:0.00M | Scene, ViewLayer | Synchronizing object | common_kitchen_range_hood_01_slant
Fra:1 Mem:304.53M (Peak 308.07M) | Time:00:00.12 | Mem:0.00M, Peak:0.00M | Scene, ViewLayer | Synchronizing object | common_kitchen_cabinet_01_body
Fra:1 Mem:304.54M (Peak 308.07M) | Time:00:00.12 | Mem:0.00M, Peak:0.00M | Scene, ViewLayer | Synchronizing object | common_kitchen_cabinet_01_door_f0l
Fra:1 Mem:304.54M (Peak 308.07M) | Time:00:00.12 | Mem:0.00M, Peak:0.00M | Scene, ViewLayer | Synchronizing object | common_kitchen_cabinet_01_door_f0r
Fra:1 Mem:304.54M (Peak 308.07M) | Time:00:00.12 | Mem:0.00M, Peak:0.00M | Scene, ViewLayer | Synchronizing object | common_kitchen_cabinet_01_door_f0b
Fra:1 Mem:304.55M (Peak 308.07M) | Time:00:00.12 | Mem:0.00M, Peak:0.00M | Scene, ViewLayer | Synchronizing object | common_kitchen_cabinet_01_door_f0t
Fra:1 Mem:304.56M (Peak 308.07M) | Time:00:00.12 | Mem:0.00M, Peak:0.00M | Scene, ViewLayer | Synchronizing object | common_kitchen_cabinet_01_door_f0c
Fra:1 Mem:304.56M (Peak 308.07M) | Time:00:00.12 | Mem:0.00M, Peak:0.00M | Scene, ViewLayer | Synchronizing object | common_kitchen_cabinet_01_door_p0
Fra:1 Mem:304.57M (Peak 308.07M) | Time:00:00.12 | Mem:0.00M, Peak:0.00M | Scene, ViewLayer | Synchronizing object | common_kitchen_cabinet_01_door_f1r
Fra:1 Mem:304.57M (Peak 308.07M) | Time:00:00.12 | Mem:0.00M, Peak:0.00M | Scene, ViewLayer | Synchronizing object | common_kitchen_cabinet_01_door_f1b
Fra:1 Mem:304.58M (Peak 308.07M) | Time:00:00.12 | Mem:0.00M, Peak:0.00M | Scene, ViewLayer | Synchronizing object | fx_chair_A6s_leg01
Fra:1 Mem:304.58M (Peak 308.07M) | Time:00:00.12 | Mem:0.00M, Peak:0.00M | Scene, ViewLayer | Synchronizing object | common_kitchen_cabinet_01_door_f1c
Fra:1 Mem:304.58M (Peak 308.07M) | Time:00:00.12 | Mem:0.00M, Peak:0.00M | Scene, ViewLayer | Synchronizing object | common_kitchen_cabinet_01_door_p1
Fra:1 Mem:304.58M (Peak 308.07M) | Time:00:00.12 | Mem:0.00M, Peak:0.00M | Scene, ViewLayer | Synchronizing object | common_kitchen_cabinet_01_door_f2l
Fra:1 Mem:304.59M (Peak 308.07M) | Time:00:00.12 | Mem:0.00M, Peak:0.00M | Scene, ViewLayer | Synchronizing object | common_kitchen_cabinet_01_door_f2r
Fra:1 Mem:304.59M (Peak 308.07M) | Time:00:00.12 | Mem:0.00M, Peak:0.00M | Scene, ViewLayer | Synchronizing object | common_kitchen_cabinet_01_door_f2b
Fra:1 Mem:304.61M (Peak 308.07M) | Time:00:00.12 | Mem:0.00M, Peak:0.00M | Scene, ViewLayer | Synchronizing object | common_kitchen_cabinet_01_door_f2c
Fra:1 Mem:304.62M (Peak 308.07M) | Time:00:00.12 | Mem:0.00M, Peak:0.00M | Scene, ViewLayer | Synchronizing object | common_kitchen_cabinet_01_door_p2
Fra:1 Mem:304.63M (Peak 308.07M) | Time:00:00.12 | Mem:0.00M, Peak:0.00M | Scene, ViewLayer | Synchronizing object | common_kitchen_cabinet_02_doorLo_gapbg
Fra:1 Mem:304.65M (Peak 308.07M) | Time:00:00.12 | Mem:0.00M, Peak:0.00M | Scene, ViewLayer | Synchronizing object | common_kitchen_cabinet_02_doorLo_f0l
Fra:1 Mem:304.67M (Peak 308.07M) | Time:00:00.12 | Mem:0.00M, Peak:0.00M | Scene, ViewLayer | Synchronizing object | common_kitchen_cabinet_02_doorLo_f0r
Fra:1 Mem:304.68M (Peak 308.07M) | Time:00:00.12 | Mem:0.00M, Peak:0.00M | Scene, ViewLayer | Synchronizing object | common_kitchen_cabinet_02_doorLo_f0t
Fra:1 Mem:304.68M (Peak 308.07M) | Time:00:00.12 | Mem:0.00M, Peak:0.00M | Scene, ViewLayer | Synchronizing object | common_kitchen_cabinet_02_doorLo_f0c
Fra:1 Mem:304.70M (Peak 308.07M) | Time:00:00.12 | Mem:0.00M, Peak:0.00M | Scene, ViewLayer | Synchronizing object | common_kitchen_cabinet_02_doorLo_f1r
Fra:1 Mem:304.71M (Peak 308.07M) | Time:00:00.12 | Mem:0.00M, Peak:0.00M | Scene, ViewLayer | Synchronizing object | common_kitchen_cabinet_02_doorLo_f1b
Fra:1 Mem:304.71M (Peak 308.07M) | Time:00:00.12 | Mem:0.00M, Peak:0.00M | Scene, ViewLayer | Synchronizing object | common_kitchen_cabinet_02_doorLo_f1t
Fra:1 Mem:304.71M (Peak 308.07M) | Time:00:00.12 | Mem:0.00M, Peak:0.00M | Scene, ViewLayer | Synchronizing object | common_kitchen_cabinet_02_doorLo_f1c
Fra:1 Mem:304.73M (Peak 308.07M) | Time:00:00.12 | Mem:0.00M, Peak:0.00M | Scene, ViewLayer | Synchronizing object | common_kitchen_cabinet_02_doorLo_p1
Fra:1 Mem:304.74M (Peak 308.07M) | Time:00:00.12 | Mem:0.00M, Peak:0.00M | Scene, ViewLayer | Synchronizing object | common_kitchen_cabinet_02_doorLo_f2l
Fra:1 Mem:304.74M (Peak 308.07M) | Time:00:00.12 | Mem:0.00M, Peak:0.00M | Scene, ViewLayer | Synchronizing object | common_kitchen_cabinet_02_doorLo_f2b
Fra:1 Mem:304.74M (Peak 308.07M) | Time:00:00.12 | Mem:0.00M, Peak:0.00M | Scene, ViewLayer | Synchronizing object | common_kitchen_cabinet_02_doorLo_p2
Fra:1 Mem:304.75M (Peak 308.07M) | Time:00:00.12 | Mem:0.00M, Peak:0.00M | Scene, ViewLayer | Synchronizing object | common_kitchen_cabinet_02_doorLo_f3r
Fra:1 Mem:304.76M (Peak 308.07M) | Time:00:00.12 | Mem:0.00M, Peak:0.00M | Scene, ViewLayer | Synchronizing object | common_kitchen_cabinet_02_doorLo_f3b
Fra:1 Mem:304.77M (Peak 308.07M) | Time:00:00.12 | Mem:0.00M, Peak:0.00M | Scene, ViewLayer | Synchronizing object | fx_chair_A6s_back1
Fra:1 Mem:304.77M (Peak 308.07M) | Time:00:00.12 | Mem:0.00M, Peak:0.00M | Scene, ViewLayer | Synchronizing object | common_kitchen_cabinet_02_doorLo_p3
Fra:1 Mem:312.56M (Peak 312.56M) | Time:00:00.12 | Mem:0.00M, Peak:0.00M | Scene, ViewLayer | Synchronizing object | common_kitchen_cabinet_02_doorHi_gapbg
Fra:1 Mem:312.56M (Peak 312.56M) | Time:00:00.12 | Mem:0.00M, Peak:0.00M | Scene, ViewLayer | Synchronizing object | common_kitchen_cabinet_02_doorHi_f0l
Fra:1 Mem:312.63M (Peak 312.63M) | Time:00:00.12 | Mem:0.00M, Peak:0.00M | Scene, ViewLayer | Synchronizing object | common_kitchen_cabinet_02_doorHi_f0r
Fra:1 Mem:312.64M (Peak 312.64M) | Time:00:00.12 | Mem:0.00M, Peak:0.00M | Scene, ViewLayer | Synchronizing object | common_kitchen_cabinet_02_doorHi_f0b
Fra:1 Mem:312.67M (Peak 312.67M) | Time:00:00.12 | Mem:0.00M, Peak:0.00M | Scene, ViewLayer | Synchronizing object | common_kitchen_cabinet_02_doorHi_f0t
Fra:1 Mem:312.67M (Peak 312.67M) | Time:00:00.12 | Mem:0.00M, Peak:0.00M | Scene, ViewLayer | Synchronizing object | common_kitchen_cabinet_02_doorHi_f1l
Fra:1 Mem:312.68M (Peak 312.68M) | Time:00:00.12 | Mem:0.00M, Peak:0.00M | Scene, ViewLayer | Synchronizing object | common_kitchen_cabinet_02_doorHi_f1r
Fra:1 Mem:312.70M (Peak 312.70M) | Time:00:00.12 | Mem:0.00M, Peak:0.00M | Scene, ViewLayer | Synchronizing object | common_kitchen_cabinet_02_doorHi_f1b
Fra:1 Mem:312.70M (Peak 312.70M) | Time:00:00.12 | Mem:0.00M, Peak:0.00M | Scene, ViewLayer | Synchronizing object | common_kitchen_cabinet_02_doorHi_f1t
Fra:1 Mem:312.72M (Peak 312.72M) | Time:00:00.12 | Mem:0.00M, Peak:0.00M | Scene, ViewLayer | Synchronizing object | common_kitchen_cabinet_02_doorHi_f1c
Fra:1 Mem:312.72M (Peak 312.72M) | Time:00:00.12 | Mem:0.00M, Peak:0.00M | Scene, ViewLayer | Synchronizing object | common_kitchen_cabinet_02_doorHi_p1
Fra:1 Mem:312.73M (Peak 312.73M) | Time:00:00.12 | Mem:0.00M, Peak:0.00M | Scene, ViewLayer | Synchronizing object | common_kitchen_cabinet_02_doorHi_f3t
Fra:1 Mem:312.74M (Peak 312.74M) | Time:00:00.12 | Mem:0.00M, Peak:0.00M | Scene, ViewLayer | Synchronizing object | common_kitchen_glass_sliding_door_01_glass
Fra:1 Mem:312.75M (Peak 312.75M) | Time:00:00.12 | Mem:0.00M, Peak:0.00M | Scene, ViewLayer | Synchronizing object | common_kitchen_glass_sliding_door_01_stL
Fra:1 Mem:312.76M (Peak 312.76M) | Time:00:00.12 | Mem:0.00M, Peak:0.00M | Scene, ViewLayer | Synchronizing object | common_kitchen_glass_sliding_door_01_stT
Fra:1 Mem:312.76M (Peak 312.76M) | Time:00:00.12 | Mem:0.00M, Peak:0.00M | Scene, ViewLayer | Synchronizing object | common_kitchen_glass_sliding_door_01_stB
Fra:1 Mem:312.76M (Peak 312.76M) | Time:00:00.12 | Mem:0.00M, Peak:0.00M | Scene, ViewLayer | Synchronizing object | common_living_dining_balcony_glass_sliding_door_01_stL
Fra:1 Mem:312.79M (Peak 312.79M) | Time:00:00.12 | Mem:0.00M, Peak:0.00M | Scene, ViewLayer | Synchronizing object | common_living_dining_balcony_glass_sliding_door_01_stR
Fra:1 Mem:312.80M (Peak 312.80M) | Time:00:00.12 | Mem:0.00M, Peak:0.00M | Scene, ViewLayer | Synchronizing object | common_living_dining_balcony_glass_sliding_door_02_glass
Fra:1 Mem:312.80M (Peak 312.80M) | Time:00:00.12 | Mem:0.00M, Peak:0.00M | Scene, ViewLayer | Synchronizing object | common_living_dining_balcony_glass_sliding_door_02_stL
Fra:1 Mem:312.82M (Peak 312.82M) | Time:00:00.12 | Mem:0.00M, Peak:0.00M | Scene, ViewLayer | Synchronizing object | common_living_dining_balcony_glass_sliding_door_02_stT
Fra:1 Mem:312.82M (Peak 312.82M) | Time:00:00.12 | Mem:0.00M, Peak:0.00M | Scene, ViewLayer | Synchronizing object | common_living_dining_balcony_glass_sliding_door_02_stB
Fra:1 Mem:312.83M (Peak 312.83M) | Time:00:00.12 | Mem:0.00M, Peak:0.00M | Scene, ViewLayer | Synchronizing object | common_kitchen_glass_sliding_door_02_stL
Fra:1 Mem:312.83M (Peak 312.83M) | Time:00:00.12 | Mem:0.00M, Peak:0.00M | Scene, ViewLayer | Synchronizing object | common_kitchen_glass_sliding_door_02_stR
Fra:1 Mem:312.83M (Peak 312.83M) | Time:00:00.12 | Mem:0.00M, Peak:0.00M | Scene, ViewLayer | Synchronizing object | common_kitchen_glass_sliding_door_02_stT
Fra:1 Mem:312.83M (Peak 312.83M) | Time:00:00.12 | Mem:0.00M, Peak:0.00M | Scene, ViewLayer | Synchronizing object | common_living_dining_balcony_fridge_01_body
Fra:1 Mem:312.83M (Peak 312.83M) | Time:00:00.12 | Mem:0.00M, Peak:0.00M | Scene, ViewLayer | Synchronizing object | common_living_dining_balcony_fridge_01_seamH
Fra:1 Mem:312.83M (Peak 312.83M) | Time:00:00.12 | Mem:0.00M, Peak:0.00M | Scene, ViewLayer | Synchronizing object | common_living_dining_balcony_fridge_01_seamV
Fra:1 Mem:312.84M (Peak 312.84M) | Time:00:00.12 | Mem:0.00M, Peak:0.00M | Scene, ViewLayer | Synchronizing object | common_living_dining_balcony_fridge_01_pullL
Fra:1 Mem:312.84M (Peak 312.84M) | Time:00:00.12 | Mem:0.00M, Peak:0.00M | Scene, ViewLayer | Synchronizing object | common_living_dining_balcony_fridge_01_pullU
Fra:1 Mem:312.84M (Peak 312.84M) | Time:00:00.12 | Mem:0.00M, Peak:0.00M | Scene, ViewLayer | Synchronizing object | common_living_dining_balcony_cabinet_01_body
Fra:1 Mem:312.85M (Peak 312.85M) | Time:00:00.12 | Mem:0.00M, Peak:0.00M | Scene, ViewLayer | Synchronizing object | common_living_dining_balcony_cabinet_01_door_gapbg
Fra:1 Mem:312.85M (Peak 312.85M) | Time:00:00.12 | Mem:0.00M, Peak:0.00M | Scene, ViewLayer | Synchronizing object | common_living_dining_balcony_cabinet_01_door_f0b
Fra:1 Mem:312.86M (Peak 312.86M) | Time:00:00.12 | Mem:0.00M, Peak:0.00M | Scene, ViewLayer | Synchronizing object | common_living_dining_balcony_cabinet_01_door_f0t
Fra:1 Mem:312.88M (Peak 312.88M) | Time:00:00.12 | Mem:0.00M, Peak:0.00M | Scene, ViewLayer | Synchronizing object | fx_chair_A6n_leg11.001
Fra:1 Mem:312.89M (Peak 312.89M) | Time:00:00.12 | Mem:0.00M, Peak:0.00M | Scene, ViewLayer | Synchronizing object | fx_chair_A6n_leg11
Fra:1 Mem:312.90M (Peak 312.90M) | Time:00:00.12 | Mem:0.00M, Peak:0.00M | Scene, ViewLayer | Synchronizing object | fx_chair_A6n_leg01.001
Fra:1 Mem:312.91M (Peak 312.91M) | Time:00:00.12 | Mem:0.00M, Peak:0.00M | Scene, ViewLayer | Synchronizing object | fx_chair_A6n_leg01
Fra:1 Mem:312.93M (Peak 312.93M) | Time:00:00.12 | Mem:0.00M, Peak:0.00M | Scene, ViewLayer | Synchronizing object | fx_chair_A6n_back1
Fra:1 Mem:312.94M (Peak 312.94M) | Time:00:00.12 | Mem:0.00M, Peak:0.00M | Scene, ViewLayer | Synchronizing object | fx_chair_A6n_back0
Fra:1 Mem:312.95M (Peak 312.95M) | Time:00:00.12 | Mem:0.00M, Peak:0.00M | Scene, ViewLayer | Synchronizing object | fx_chair_A6n_seat
Fra:1 Mem:312.96M (Peak 312.96M) | Time:00:00.12 | Mem:0.00M, Peak:0.00M | Scene, ViewLayer | Synchronizing object | f1_tvw_art
Fra:1 Mem:312.96M (Peak 312.96M) | Time:00:00.12 | Mem:0.00M, Peak:0.00M | Scene, ViewLayer | Synchronizing object | f1_tvw_art_frame
Fra:1 Mem:312.96M (Peak 312.96M) | Time:00:00.12 | Mem:0.00M, Peak:0.00M | Scene, ViewLayer | Synchronizing object | f1_tvw_slat14
Fra:1 Mem:312.96M (Peak 312.96M) | Time:00:00.12 | Mem:0.00M, Peak:0.00M | Scene, ViewLayer | Synchronizing object | common_living_dining_balcony_cabinet_01_door_f0c
Fra:1 Mem:312.96M (Peak 312.96M) | Time:00:00.12 | Mem:0.00M, Peak:0.00M | Scene, ViewLayer | Synchronizing object | common_living_dining_balcony_cabinet_01_door_f1b
Fra:1 Mem:309.46M (Peak 312.96M) | Time:00:00.12 | Mem:0.00M, Peak:0.00M | Scene, ViewLayer | Synchronizing object | common_living_dining_balcony_cabinet_01_door_p1
Fra:1 Mem:309.46M (Peak 312.96M) | Time:00:00.12 | Mem:0.00M, Peak:0.00M | Scene, ViewLayer | Synchronizing object | common_foyer_cabinet_01_door_f0c
Fra:1 Mem:309.46M (Peak 312.96M) | Time:00:00.12 | Mem:0.00M, Peak:0.00M | Scene, ViewLayer | Synchronizing object | common_foyer_cabinet_01_door_p0
Fra:1 Mem:309.47M (Peak 312.96M) | Time:00:00.12 | Mem:0.00M, Peak:0.00M | Scene, ViewLayer | Synchronizing object | common_foyer_cabinet_01_door_f1l
Fra:1 Mem:311.69M (Peak 312.96M) | Time:00:00.12 | Mem:0.00M, Peak:0.00M | Scene, ViewLayer | Synchronizing object | common_foyer_cabinet_01_door_f1b
Fra:1 Mem:311.71M (Peak 312.96M) | Time:00:00.12 | Mem:0.00M, Peak:0.00M | Scene, ViewLayer | Synchronizing object | common_foyer_cabinet_01_door_f1t
Fra:1 Mem:311.72M (Peak 312.96M) | Time:00:00.12 | Mem:0.00M, Peak:0.00M | Scene, ViewLayer | Synchronizing object | common_foyer_cabinet_01_door_p1
Fra:1 Mem:311.73M (Peak 312.96M) | Time:00:00.12 | Mem:0.00M, Peak:0.00M | Scene, ViewLayer | Synchronizing object | common_foyer_cabinet_01_door_f2l
Fra:1 Mem:311.74M (Peak 312.96M) | Time:00:00.12 | Mem:0.00M, Peak:0.00M | Scene, ViewLayer | Synchronizing object | common_foyer_cabinet_01_door_f2r
Fra:1 Mem:311.75M (Peak 312.96M) | Time:00:00.12 | Mem:0.00M, Peak:0.00M | Scene, ViewLayer | Synchronizing object | common_foyer_cabinet_01_door_f2t
Fra:1 Mem:311.76M (Peak 312.96M) | Time:00:00.12 | Mem:0.00M, Peak:0.00M | Scene, ViewLayer | Synchronizing object | common_foyer_cabinet_01_door_f2c
Fra:1 Mem:311.76M (Peak 312.96M) | Time:00:00.12 | Mem:0.00M, Peak:0.00M | Scene, ViewLayer | Synchronizing object | common_foyer_cabinet_01_door_p2
Fra:1 Mem:311.77M (Peak 312.96M) | Time:00:00.12 | Mem:0.00M, Peak:0.00M | Scene, ViewLayer | Synchronizing object | common_foyer_open_niche_01_back
Fra:1 Mem:311.77M (Peak 312.96M) | Time:00:00.12 | Mem:0.00M, Peak:0.00M | Scene, ViewLayer | Synchronizing object | common_foyer_open_niche_01_cheek1
Fra:1 Mem:311.79M (Peak 312.96M) | Time:00:00.12 | Mem:0.00M, Peak:0.00M | Scene, ViewLayer | Synchronizing object | common_foyer_open_niche_01_top
Fra:1 Mem:311.79M (Peak 312.96M) | Time:00:00.12 | Mem:0.00M, Peak:0.00M | Scene, ViewLayer | Synchronizing object | common_foyer_open_niche_01_sh0
Fra:1 Mem:311.84M (Peak 312.96M) | Time:00:00.12 | Mem:0.00M, Peak:0.00M | Scene, ViewLayer | Synchronizing object | common_foyer_cabinet_02_body
Fra:1 Mem:311.87M (Peak 312.96M) | Time:00:00.12 | Mem:0.00M, Peak:0.00M | Scene, ViewLayer | Synchronizing object | common_foyer_cabinet_02_door_gapbg
Fra:1 Mem:311.87M (Peak 312.96M) | Time:00:00.12 | Mem:0.00M, Peak:0.00M | Scene, ViewLayer | Synchronizing object | f1_tvw_slat12
Fra:1 Mem:311.87M (Peak 312.96M) | Time:00:00.12 | Mem:0.00M, Peak:0.00M | Scene, ViewLayer | Synchronizing object | common_foyer_cabinet_02_door_f0l
Fra:1 Mem:311.88M (Peak 312.96M) | Time:00:00.12 | Mem:0.00M, Peak:0.00M | Scene, ViewLayer | Synchronizing object | common_foyer_cabinet_02_door_f0r
Fra:1 Mem:311.89M (Peak 312.96M) | Time:00:00.12 | Mem:0.00M, Peak:0.00M | Scene, ViewLayer | Synchronizing object | common_foyer_cabinet_02_door_f0b
Fra:1 Mem:311.90M (Peak 312.96M) | Time:00:00.12 | Mem:0.00M, Peak:0.00M | Scene, ViewLayer | Synchronizing object | common_foyer_cabinet_02_door_f0c
Fra:1 Mem:311.90M (Peak 312.96M) | Time:00:00.12 | Mem:0.00M, Peak:0.00M | Scene, ViewLayer | Synchronizing object | f1_tvw_slat11
Fra:1 Mem:311.91M (Peak 312.96M) | Time:00:00.12 | Mem:0.00M, Peak:0.00M | Scene, ViewLayer | Synchronizing object | common_foyer_cabinet_02_door_p0
Fra:1 Mem:311.91M (Peak 312.96M) | Time:00:00.12 | Mem:0.00M, Peak:0.00M | Scene, ViewLayer | Synchronizing object | f1_tvw_slat10
Fra:1 Mem:311.91M (Peak 312.96M) | Time:00:00.12 | Mem:0.00M, Peak:0.00M | Scene, ViewLayer | Synchronizing object | common_foyer_cabinet_02_door_f1b
Fra:1 Mem:311.91M (Peak 312.96M) | Time:00:00.12 | Mem:0.00M, Peak:0.00M | Scene, ViewLayer | Synchronizing object | common_foyer_cabinet_02_door_f1t
Fra:1 Mem:311.92M (Peak 312.96M) | Time:00:00.12 | Mem:0.00M, Peak:0.00M | Scene, ViewLayer | Synchronizing object | common_foyer_cabinet_02_door_f2r
Fra:1 Mem:311.93M (Peak 312.96M) | Time:00:00.12 | Mem:0.00M, Peak:0.00M | Scene, ViewLayer | Synchronizing object | common_foyer_mirror_door_01_fr2
Fra:1 Mem:311.93M (Peak 312.96M) | Time:00:00.12 | Mem:0.00M, Peak:0.00M | Scene, ViewLayer | Synchronizing object | common_foyer_mirror_door_01_fr3
Fra:1 Mem:311.94M (Peak 312.96M) | Time:00:00.12 | Mem:0.00M, Peak:0.00M | Scene, ViewLayer | Synchronizing object | common_foyer_mirror_door_01_pull
Fra:1 Mem:311.94M (Peak 312.96M) | Time:00:00.12 | Mem:0.00M, Peak:0.00M | Scene, ViewLayer | Synchronizing object | common_elevator_hall_cabinet_01_body
Fra:1 Mem:311.94M (Peak 312.96M) | Time:00:00.12 | Mem:0.00M, Peak:0.00M | Scene, ViewLayer | Synchronizing object | common_elevator_hall_cabinet_01_door_gapbg
Fra:1 Mem:311.94M (Peak 312.96M) | Time:00:00.12 | Mem:0.00M, Peak:0.00M | Scene, ViewLayer | Synchronizing object | common_elevator_hall_cabinet_01_door_f0r
Fra:1 Mem:311.94M (Peak 312.96M) | Time:00:00.12 | Mem:0.00M, Peak:0.00M | Scene, ViewLayer | Synchronizing object | common_elevator_hall_cabinet_01_door_f0b
Fra:1 Mem:318.99M (Peak 318.99M) | Time:00:00.12 | Mem:0.00M, Peak:0.00M | Scene, ViewLayer | Synchronizing object | common_elevator_hall_cabinet_01_door_f0t
Fra:1 Mem:319.00M (Peak 319.00M) | Time:00:00.12 | Mem:0.00M, Peak:0.00M | Scene, ViewLayer | Synchronizing object | common_elevator_hall_cabinet_01_door_p0
Fra:1 Mem:319.01M (Peak 319.01M) | Time:00:00.12 | Mem:0.00M, Peak:0.00M | Scene, ViewLayer | Synchronizing object | common_living_dining_balcony_bookcase_01_body
Fra:1 Mem:319.02M (Peak 319.02M) | Time:00:00.12 | Mem:0.00M, Peak:0.00M | Scene, ViewLayer | Synchronizing object | common_living_dining_balcony_bookcase_01_drw_gapbg
Fra:1 Mem:319.02M (Peak 319.02M) | Time:00:00.12 | Mem:0.00M, Peak:0.00M | Scene, ViewLayer | Synchronizing object | common_living_dining_balcony_bookcase_01_drw_f0
Fra:1 Mem:319.02M (Peak 319.02M) | Time:00:00.12 | Mem:0.00M, Peak:0.00M | Scene, ViewLayer | Synchronizing object | common_living_dining_balcony_bookcase_01_drw_f1
Fra:1 Mem:319.02M (Peak 319.02M) | Time:00:00.12 | Mem:0.00M, Peak:0.00M | Scene, ViewLayer | Synchronizing object | common_living_dining_balcony_bookcase_01_drw_slot1
Fra:1 Mem:319.02M (Peak 319.02M) | Time:00:00.12 | Mem:0.00M, Peak:0.00M | Scene, ViewLayer | Synchronizing object | common_living_dining_balcony_bookcase_01_drw_slot2
Fra:1 Mem:319.04M (Peak 319.04M) | Time:00:00.12 | Mem:0.00M, Peak:0.00M | Scene, ViewLayer | Synchronizing object | common_living_dining_balcony_bookcase_02_back
Fra:1 Mem:319.04M (Peak 319.04M) | Time:00:00.12 | Mem:0.00M, Peak:0.00M | Scene, ViewLayer | Synchronizing object | common_living_dining_balcony_bookcase_02_top
Fra:1 Mem:319.05M (Peak 319.05M) | Time:00:00.12 | Mem:0.00M, Peak:0.00M | Scene, ViewLayer | Synchronizing object | common_living_dining_balcony_bookcase_02_endS
Fra:1 Mem:319.05M (Peak 319.05M) | Time:00:00.12 | Mem:0.00M, Peak:0.00M | Scene, ViewLayer | Synchronizing object | f1_tvw_slat07
Fra:1 Mem:319.06M (Peak 319.06M) | Time:00:00.12 | Mem:0.00M, Peak:0.00M | Scene, ViewLayer | Synchronizing object | common_living_dining_balcony_bookcase_02_div1
Fra:1 Mem:319.06M (Peak 319.06M) | Time:00:00.12 | Mem:0.00M, Peak:0.00M | Scene, ViewLayer | Synchronizing object | f1_tvw_slat06
Fra:1 Mem:319.06M (Peak 319.06M) | Time:00:00.12 | Mem:0.00M, Peak:0.00M | Scene, ViewLayer | Synchronizing object | common_living_dining_balcony_bookcase_02_door_f0
Fra:1 Mem:319.06M (Peak 319.06M) | Time:00:00.12 | Mem:0.00M, Peak:0.00M | Scene, ViewLayer | Synchronizing object | common_living_dining_balcony_bookcase_02_door_p0
Fra:1 Mem:319.07M (Peak 319.07M) | Time:00:00.12 | Mem:0.00M, Peak:0.00M | Scene, ViewLayer | Synchronizing object | common_living_dining_balcony_bookcase_02_shelf0
Fra:1 Mem:321.29M (Peak 321.29M) | Time:00:00.12 | Mem:0.00M, Peak:0.00M | Scene, ViewLayer | Synchronizing object | common_living_dining_balcony_bookcase_02_shelf1
Fra:1 Mem:321.29M (Peak 321.29M) | Time:00:00.12 | Mem:0.00M, Peak:0.00M | Scene, ViewLayer | Synchronizing object | common_living_dining_balcony_bookcase_02_shelf3
Fra:1 Mem:321.30M (Peak 321.30M) | Time:00:00.12 | Mem:0.00M, Peak:0.00M | Scene, ViewLayer | Synchronizing object | common_living_dining_balcony_bookcase_02_gshelf0
Fra:1 Mem:321.33M (Peak 321.33M) | Time:00:00.12 | Mem:0.00M, Peak:0.00M | Scene, ViewLayer | Synchronizing object | common_living_dining_balcony_bookcase_02_gshelf1
Fra:1 Mem:321.33M (Peak 321.33M) | Time:00:00.12 | Mem:0.00M, Peak:0.00M | Scene, ViewLayer | Synchronizing object | f1_tvw_slat05
Fra:1 Mem:321.35M (Peak 321.35M) | Time:00:00.12 | Mem:0.00M, Peak:0.00M | Scene, ViewLayer | Synchronizing object | common_living_dining_balcony_bookcase_02_gf_stS
Fra:1 Mem:321.35M (Peak 321.35M) | Time:00:00.12 | Mem:0.00M, Peak:0.00M | Scene, ViewLayer | Synchronizing object | common_living_dining_balcony_bookcase_02_gf_stN
Fra:1 Mem:321.37M (Peak 321.37M) | Time:00:00.12 | Mem:0.00M, Peak:0.00M | Scene, ViewLayer | Synchronizing object | common_living_dining_balcony_bookcase_02_gf_rlB
Fra:1 Mem:321.37M (Peak 321.37M) | Time:00:00.12 | Mem:0.00M, Peak:0.00M | Scene, ViewLayer | Synchronizing object | common_living_dining_balcony_laundry_cabinet_01_body
Fra:1 Mem:321.38M (Peak 321.38M) | Time:00:00.12 | Mem:0.00M, Peak:0.00M | Scene, ViewLayer | Synchronizing object | common_living_dining_balcony_laundry_cabinet_01_door_f0b
Fra:1 Mem:321.38M (Peak 321.38M) | Time:00:00.12 | Mem:0.00M, Peak:0.00M | Scene, ViewLayer | Synchronizing object | common_living_dining_balcony_laundry_cabinet_01_door_f1b
Fra:1 Mem:321.39M (Peak 321.39M) | Time:00:00.12 | Mem:0.00M, Peak:0.00M | Scene, ViewLayer | Synchronizing object | common_living_dining_balcony_laundry_cabinet_01_door_p1
Fra:1 Mem:321.40M (Peak 321.40M) | Time:00:00.12 | Mem:0.00M, Peak:0.00M | Scene, ViewLayer | Synchronizing object | common_master_bedroom_wardrobe_01_body
Fra:1 Mem:321.40M (Peak 321.40M) | Time:00:00.12 | Mem:0.00M, Peak:0.00M | Scene, ViewLayer | Synchronizing object | common_master_bedroom_wardrobe_01_door_gapbg
Fra:1 Mem:321.41M (Peak 321.41M) | Time:00:00.12 | Mem:0.00M, Peak:0.00M | Scene, ViewLayer | Synchronizing object | common_master_bedroom_wardrobe_01_door_f0r
Fra:1 Mem:321.41M (Peak 321.41M) | Time:00:00.12 | Mem:0.00M, Peak:0.00M | Scene, ViewLayer | Synchronizing object | common_master_bedroom_wardrobe_01_door_f0b
Fra:1 Mem:321.45M (Peak 321.45M) | Time:00:00.12 | Mem:0.00M, Peak:0.00M | Scene, ViewLayer | Synchronizing object | f1_tvw_slat04
Fra:1 Mem:321.50M (Peak 321.50M) | Time:00:00.12 | Mem:0.00M, Peak:0.00M | Scene, ViewLayer | Synchronizing object | common_master_bedroom_wardrobe_01_door_f0t
Fra:1 Mem:321.51M (Peak 321.51M) | Time:00:00.12 | Mem:0.00M, Peak:0.00M | Scene, ViewLayer | Synchronizing object | common_master_bedroom_wardrobe_01_door_f0c
Fra:1 Mem:321.51M (Peak 321.51M) | Time:00:00.12 | Mem:0.00M, Peak:0.00M | Scene, ViewLayer | Synchronizing object | common_master_bedroom_wardrobe_01_door_p0
Fra:1 Mem:321.52M (Peak 321.52M) | Time:00:00.12 | Mem:0.00M, Peak:0.00M | Scene, ViewLayer | Synchronizing object | common_master_bedroom_wardrobe_01_door_f1l
Fra:1 Mem:321.52M (Peak 321.52M) | Time:00:00.12 | Mem:0.00M, Peak:0.00M | Scene, ViewLayer | Synchronizing object | common_master_bedroom_wardrobe_01_door_f1r
Fra:1 Mem:321.52M (Peak 321.52M) | Time:00:00.12 | Mem:0.00M, Peak:0.00M | Scene, ViewLayer | Synchronizing object | common_master_bedroom_wardrobe_01_door_f2b
Fra:1 Mem:321.53M (Peak 321.53M) | Time:00:00.12 | Mem:0.00M, Peak:0.00M | Scene, ViewLayer | Synchronizing object | common_master_bedroom_wardrobe_01_door_p3
Fra:1 Mem:321.55M (Peak 321.55M) | Time:00:00.12 | Mem:0.00M, Peak:0.00M | Scene, ViewLayer | Synchronizing object | common_master_bedroom_wardrobe_01_door_f4r
Fra:1 Mem:321.55M (Peak 321.55M) | Time:00:00.12 | Mem:0.00M, Peak:0.00M | Scene, ViewLayer | Synchronizing object | common_master_bedroom_wardrobe_01_door_f4t
Fra:1 Mem:321.58M (Peak 321.58M) | Time:00:00.12 | Mem:0.00M, Peak:0.00M | Scene, ViewLayer | Synchronizing object | common_master_bedroom_wardrobe_01_door_f5l
Fra:1 Mem:319.37M (Peak 321.58M) | Time:00:00.12 | Mem:0.00M, Peak:0.00M | Scene, ViewLayer | Synchronizing object | common_master_bedroom_wardrobe_01_door_f5r
Fra:1 Mem:319.39M (Peak 321.58M) | Time:00:00.12 | Mem:0.00M, Peak:0.00M | Scene, ViewLayer | Synchronizing object | common_master_bedroom_wardrobe_01_door_f5b
Fra:1 Mem:319.39M (Peak 321.58M) | Time:00:00.12 | Mem:0.00M, Peak:0.00M | Scene, ViewLayer | Synchronizing object | common_master_bedroom_wardrobe_01_door_f5c
Fra:1 Mem:323.66M (Peak 323.66M) | Time:00:00.12 | Mem:0.00M, Peak:0.00M | Scene, ViewLayer | Synchronizing object | f1_tvw_slat03
Fra:1 Mem:323.68M (Peak 323.68M) | Time:00:00.12 | Mem:0.00M, Peak:0.00M | Scene, ViewLayer | Synchronizing object | common_master_bedroom_wardrobe_01_door_f6l
Fra:1 Mem:323.68M (Peak 323.68M) | Time:00:00.12 | Mem:0.00M, Peak:0.00M | Scene, ViewLayer | Synchronizing object | f1_tvw_slat02
Fra:1 Mem:323.72M (Peak 323.72M) | Time:00:00.12 | Mem:0.00M, Peak:0.00M | Scene, ViewLayer | Synchronizing object | common_master_bedroom_wardrobe_01_door_f6r
Fra:1 Mem:323.75M (Peak 323.75M) | Time:00:00.13 | Mem:0.00M, Peak:0.00M | Scene, ViewLayer | Synchronizing object | common_master_bedroom_wardrobe_01_door_f6b
Fra:1 Mem:323.75M (Peak 323.75M) | Time:00:00.13 | Mem:0.00M, Peak:0.00M | Scene, ViewLayer | Synchronizing object | common_master_bedroom_wardrobe_01_door_f6t
Fra:1 Mem:323.76M (Peak 323.76M) | Time:00:00.13 | Mem:0.00M, Peak:0.00M | Scene, ViewLayer | Synchronizing object | common_master_bedroom_wardrobe_01_door_f6c
Fra:1 Mem:323.77M (Peak 323.77M) | Time:00:00.13 | Mem:0.00M, Peak:0.00M | Scene, ViewLayer | Synchronizing object | common_master_bedroom_wardrobe_01_door_p6
Fra:1 Mem:323.77M (Peak 323.77M) | Time:00:00.13 | Mem:0.00M, Peak:0.00M | Scene, ViewLayer | Synchronizing object | common_master_bedroom_open_niche_01_back
Fra:1 Mem:323.79M (Peak 323.79M) | Time:00:00.13 | Mem:0.00M, Peak:0.00M | Scene, ViewLayer | Synchronizing object | common_master_bedroom_open_niche_01_cheek1
Fra:1 Mem:323.79M (Peak 323.79M) | Time:00:00.13 | Mem:0.00M, Peak:0.00M | Scene, ViewLayer | Synchronizing object | common_master_bath_vanity_01_cab
Fra:1 Mem:328.04M (Peak 328.04M) | Time:00:00.13 | Mem:0.00M, Peak:0.00M | Scene, ViewLayer | Synchronizing object | common_master_bath_vanity_01_drw_f1
Fra:1 Mem:328.04M (Peak 328.04M) | Time:00:00.13 | Mem:0.00M, Peak:0.00M | Scene, ViewLayer | Synchronizing object | common_master_bath_vanity_01_top_s3
Fra:1 Mem:328.05M (Peak 328.05M) | Time:00:00.13 | Mem:0.00M, Peak:0.00M | Scene, ViewLayer | Synchronizing object | f1_tvw_slat00
Fra:1 Mem:328.05M (Peak 328.05M) | Time:00:00.13 | Mem:0.00M, Peak:0.00M | Scene, ViewLayer | Synchronizing object | f1_tvw_led_t
Fra:1 Mem:328.05M (Peak 328.05M) | Time:00:00.13 | Mem:0.00M, Peak:0.00M | Scene, ViewLayer | Synchronizing object | f1_tvw_led_n
Fra:1 Mem:328.06M (Peak 328.06M) | Time:00:00.13 | Mem:0.00M, Peak:0.00M | Scene, ViewLayer | Synchronizing object | f1_tvw_led_s
Fra:1 Mem:328.07M (Peak 328.07M) | Time:00:00.13 | Mem:0.00M, Peak:0.00M | Scene, ViewLayer | Synchronizing object | common_master_bath_vanity_01_bowlN
Fra:1 Mem:328.07M (Peak 328.07M) | Time:00:00.13 | Mem:0.00M, Peak:0.00M | Scene, ViewLayer | Synchronizing object | common_master_bath_vanity_01_bowlS
Fra:1 Mem:328.08M (Peak 328.08M) | Time:00:00.13 | Mem:0.00M, Peak:0.00M | Scene, ViewLayer | Synchronizing object | common_master_bath_vanity_01_bowlB
Fra:1 Mem:328.08M (Peak 328.08M) | Time:00:00.13 | Mem:0.00M, Peak:0.00M | Scene, ViewLayer | Synchronizing object | common_master_bath_vanity_01_fc_riser
Fra:1 Mem:328.09M (Peak 328.09M) | Time:00:00.13 | Mem:0.00M, Peak:0.00M | Scene, ViewLayer | Synchronizing object | common_master_bath_vanity_01_fc_tip
Fra:1 Mem:328.09M (Peak 328.09M) | Time:00:00.13 | Mem:0.00M, Peak:0.00M | Scene, ViewLayer | Synchronizing object | common_master_bath_mirror_cabinet_01_body
Fra:1 Mem:328.10M (Peak 328.10M) | Time:00:00.13 | Mem:0.00M, Peak:0.00M | Scene, ViewLayer | Synchronizing object | common_master_bath_mirror_cabinet_01_mir_f0
Fra:1 Mem:328.11M (Peak 328.11M) | Time:00:00.13 | Mem:0.00M, Peak:0.00M | Scene, ViewLayer | Synchronizing object | common_master_bath_toilet_01_seat
Fra:1 Mem:328.14M (Peak 328.14M) | Time:00:00.13 | Mem:0.00M, Peak:0.00M | Scene, ViewLayer | Synchronizing object | common_master_bath_glass_partition_01_fr0
Fra:1 Mem:328.14M (Peak 328.14M) | Time:00:00.13 | Mem:0.00M, Peak:0.00M | Scene, ViewLayer | Synchronizing object | common_master_bath_glass_partition_01_fr1
Fra:1 Mem:328.14M (Peak 328.14M) | Time:00:00.13 | Mem:0.00M, Peak:0.00M | Scene, ViewLayer | Synchronizing object | common_master_bath_glass_partition_01_fr2
Fra:1 Mem:328.14M (Peak 328.14M) | Time:00:00.13 | Mem:0.00M, Peak:0.00M | Scene, ViewLayer | Synchronizing object | common_master_bath_glass_partition_01_fr3
Fra:1 Mem:328.14M (Peak 328.14M) | Time:00:00.13 | Mem:0.00M, Peak:0.00M | Scene, ViewLayer | Synchronizing object | common_master_bath_glass_partition_01_fr4
Fra:1 Mem:328.15M (Peak 328.15M) | Time:00:00.13 | Mem:0.00M, Peak:0.00M | Scene, ViewLayer | Synchronizing object | common_master_bath_shower_floor_01_pan
Fra:1 Mem:328.15M (Peak 328.15M) | Time:00:00.13 | Mem:0.00M, Peak:0.00M | Scene, ViewLayer | Synchronizing object | common_corridor_vanity_01_cab
Fra:1 Mem:328.15M (Peak 328.15M) | Time:00:00.13 | Mem:0.00M, Peak:0.00M | Scene, ViewLayer | Synchronizing object | f1_tvc_strip
Fra:1 Mem:328.16M (Peak 328.16M) | Time:00:00.13 | Mem:0.00M, Peak:0.00M | Scene, ViewLayer | Synchronizing object | common_corridor_vanity_01_drw_gapbg
Fra:1 Mem:328.16M (Peak 328.16M) | Time:00:00.13 | Mem:0.00M, Peak:0.00M | Scene, ViewLayer | Synchronizing object | common_corridor_vanity_01_drw_p0
Fra:1 Mem:328.17M (Peak 328.17M) | Time:00:00.13 | Mem:0.00M, Peak:0.00M | Scene, ViewLayer | Synchronizing object | common_corridor_vanity_01_drw_f1
Fra:1 Mem:328.17M (Peak 328.17M) | Time:00:00.13 | Mem:0.00M, Peak:0.00M | Scene, ViewLayer | Synchronizing object | common_corridor_vanity_01_drw_f2
Fra:1 Mem:328.18M (Peak 328.18M) | Time:00:00.13 | Mem:0.00M, Peak:0.00M | Scene, ViewLayer | Synchronizing object | common_corridor_vanity_01_drw_p2
Fra:1 Mem:328.19M (Peak 328.19M) | Time:00:00.13 | Mem:0.00M, Peak:0.00M | Scene, ViewLayer | Synchronizing object | common_corridor_vanity_01_top_s1
Fra:1 Mem:328.20M (Peak 328.20M) | Time:00:00.13 | Mem:0.00M, Peak:0.00M | Scene, ViewLayer | Synchronizing object | common_corridor_vanity_01_top_s3
Fra:1 Mem:328.21M (Peak 328.21M) | Time:00:00.13 | Mem:0.00M, Peak:0.00M | Scene, ViewLayer | Synchronizing object | common_corridor_vanity_01_top_s4
Fra:1 Mem:329.77M (Peak 329.77M) | Time:00:00.13 | Mem:0.00M, Peak:0.00M | Scene, ViewLayer | Synchronizing object | common_corridor_vanity_01_bowlW
Fra:1 Mem:329.78M (Peak 329.78M) | Time:00:00.13 | Mem:0.00M, Peak:0.00M | Scene, ViewLayer | Synchronizing object | common_corridor_vanity_01_bowlE
Fra:1 Mem:329.79M (Peak 329.79M) | Time:00:00.13 | Mem:0.00M, Peak:0.00M | Scene, ViewLayer | Synchronizing object | common_corridor_vanity_01_bowlN
Fra:1 Mem:329.80M (Peak 329.80M) | Time:00:00.13 | Mem:0.00M, Peak:0.00M | Scene, ViewLayer | Synchronizing object | f1_tvc_topline
Fra:1 Mem:329.81M (Peak 329.81M) | Time:00:00.13 | Mem:0.00M, Peak:0.00M | Scene, ViewLayer | Synchronizing object | common_corridor_vanity_01_bowlS
Fra:1 Mem:329.86M (Peak 329.86M) | Time:00:00.13 | Mem:0.00M, Peak:0.00M | Scene, ViewLayer | Synchronizing object | common_corridor_vanity_01_bowlB
Fra:1 Mem:329.86M (Peak 329.86M) | Time:00:00.13 | Mem:0.00M, Peak:0.00M | Scene, ViewLayer | Synchronizing object | common_corridor_vanity_01_fc353_riser
Fra:1 Mem:329.87M (Peak 329.87M) | Time:00:00.13 | Mem:0.00M, Peak:0.00M | Scene, ViewLayer | Synchronizing object | common_corridor_vanity_01_fc353_spout
Fra:1 Mem:329.87M (Peak 329.87M) | Time:00:00.13 | Mem:0.00M, Peak:0.00M | Scene, ViewLayer | Synchronizing object | common_corridor_vanity_01_bowlN.001
Fra:1 Mem:329.87M (Peak 329.87M) | Time:00:00.13 | Mem:0.00M, Peak:0.00M | Scene, ViewLayer | Synchronizing object | common_corridor_vanity_01_fc281_spout
Fra:1 Mem:329.88M (Peak 329.88M) | Time:00:00.13 | Mem:0.00M, Peak:0.00M | Scene, ViewLayer | Synchronizing object | common_corridor_mirror_cabinet_01_mir_f0
Fra:1 Mem:329.88M (Peak 329.88M) | Time:00:00.13 | Mem:0.00M, Peak:0.00M | Scene, ViewLayer | Synchronizing object | f1_tvc_gap
Fra:1 Mem:329.89M (Peak 329.89M) | Time:00:00.13 | Mem:0.00M, Peak:0.00M | Scene, ViewLayer | Synchronizing object | common_public_bath_wet_shower_floor_01_pan
Fra:1 Mem:329.89M (Peak 329.89M) | Time:00:00.13 | Mem:0.00M, Peak:0.00M | Scene, ViewLayer | Synchronizing object | common_public_bath_wet_shower_floor_01_drain
Fra:1 Mem:329.89M (Peak 329.89M) | Time:00:00.13 | Mem:0.00M, Peak:0.00M | Scene, ViewLayer | Synchronizing object | common_public_bath_wet_glass_partition_01_fr1
Fra:1 Mem:329.90M (Peak 329.90M) | Time:00:00.13 | Mem:0.00M, Peak:0.00M | Scene, ViewLayer | Synchronizing object | common_public_bath_wet_glass_partition_01_fr2
Fra:1 Mem:329.94M (Peak 329.94M) | Time:00:00.13 | Mem:0.00M, Peak:0.00M | Scene, ViewLayer | Synchronizing object | common_public_bath_wet_glass_partition_01_fr3
Fra:1 Mem:329.95M (Peak 329.95M) | Time:00:00.13 | Mem:0.00M, Peak:0.00M | Scene, ViewLayer | Synchronizing object | common_public_bath_wet_glass_partition_01_fr4
Fra:1 Mem:329.95M (Peak 329.95M) | Time:00:00.13 | Mem:0.00M, Peak:0.00M | Scene, ViewLayer | Synchronizing object | common_public_bath_wet_toilet_01_base
Fra:1 Mem:329.95M (Peak 329.95M) | Time:00:00.13 | Mem:0.00M, Peak:0.00M | Scene, ViewLayer | Synchronizing object | common_parents_room_wardrobe_01_body
Fra:1 Mem:329.97M (Peak 329.97M) | Time:00:00.13 | Mem:0.00M, Peak:0.00M | Scene, ViewLayer | Synchronizing object | common_parents_room_wardrobe_01_slA_f0
Fra:1 Mem:329.97M (Peak 329.97M) | Time:00:00.13 | Mem:0.00M, Peak:0.00M | Scene, ViewLayer | Synchronizing object | common_parents_room_wardrobe_01_slB_f1
Fra:1 Mem:329.98M (Peak 329.98M) | Time:00:00.13 | Mem:0.00M, Peak:0.00M | Scene, ViewLayer | Synchronizing object | common_parents_room_wardrobe_01_slB_f2
Fra:1 Mem:329.99M (Peak 329.99M) | Time:00:00.13 | Mem:0.00M, Peak:0.00M | Scene, ViewLayer | Synchronizing object | common_master_bedroom_screen_01_slat00
Fra:1 Mem:330.00M (Peak 330.00M) | Time:00:00.13 | Mem:0.00M, Peak:0.00M | Scene, ViewLayer | Synchronizing object | fx_curt_living_bo_e_A
Fra:1 Mem:330.01M (Peak 330.01M) | Time:00:00.13 | Mem:0.00M, Peak:0.00M | Scene, ViewLayer | Synchronizing object | common_master_bedroom_screen_01_slat02
Fra:1 Mem:330.01M (Peak 330.01M) | Time:00:00.13 | Mem:0.00M, Peak:0.00M | Scene, ViewLayer | Synchronizing object | common_master_bedroom_screen_01_slat04
Fra:1 Mem:330.02M (Peak 330.02M) | Time:00:00.13 | Mem:0.00M, Peak:0.00M | Scene, ViewLayer | Synchronizing object | common_master_bedroom_screen_01_slat06
Fra:1 Mem:330.06M (Peak 330.06M) | Time:00:00.13 | Mem:0.00M, Peak:0.00M | Scene, ViewLayer | Synchronizing object | common_master_bedroom_screen_01_slat07
Fra:1 Mem:330.07M (Peak 330.07M) | Time:00:00.13 | Mem:0.00M, Peak:0.00M | Scene, ViewLayer | Synchronizing object | common_master_bedroom_screen_01_slat08
Fra:1 Mem:330.08M (Peak 330.08M) | Time:00:00.13 | Mem:0.00M, Peak:0.00M | Scene, ViewLayer | Synchronizing object | common_master_bedroom_screen_01_slat09
Fra:1 Mem:334.34M (Peak 334.34M) | Time:00:00.13 | Mem:0.00M, Peak:0.00M | Scene, ViewLayer | Synchronizing object | common_master_bedroom_screen_01_slat14
Fra:1 Mem:334.35M (Peak 334.35M) | Time:00:00.13 | Mem:0.00M, Peak:0.00M | Scene, ViewLayer | Synchronizing object | common_master_bedroom_screen_01_slat15
Fra:1 Mem:334.35M (Peak 334.35M) | Time:00:00.13 | Mem:0.00M, Peak:0.00M | Scene, ViewLayer | Synchronizing object | common_master_bedroom_screen_01_slat17
Fra:1 Mem:334.36M (Peak 334.36M) | Time:00:00.13 | Mem:0.00M, Peak:0.00M | Scene, ViewLayer | Synchronizing object | common_master_bedroom_screen_01_slat18
Fra:1 Mem:334.37M (Peak 334.37M) | Time:00:00.13 | Mem:0.00M, Peak:0.00M | Scene, ViewLayer | Synchronizing object | fx_curt_living_bo_w_A
Fra:1 Mem:334.39M (Peak 334.39M) | Time:00:00.13 | Mem:0.00M, Peak:0.00M | Scene, ViewLayer | Synchronizing object | fx_curt_living_sheer_A
Fra:1 Mem:334.42M (Peak 334.42M) | Time:00:00.13 | Mem:0.00M, Peak:0.00M | Scene, ViewLayer | Synchronizing object | mb_shower_rail
Fra:1 Mem:334.44M (Peak 334.44M) | Time:00:00.13 | Mem:0.00M, Peak:0.00M | Scene, ViewLayer | Synchronizing object | A_living_dining_balcony_lounge_chair_01_arm1
Fra:1 Mem:334.45M (Peak 334.45M) | Time:00:00.13 | Mem:0.00M, Peak:0.00M | Scene, ViewLayer | Synchronizing object | mb_shower_arm
Fra:1 Mem:334.46M (Peak 334.46M) | Time:00:00.13 | Mem:0.00M, Peak:0.00M | Scene, ViewLayer | Synchronizing object | mb_shower_rain
Fra:1 Mem:334.46M (Peak 334.46M) | Time:00:00.13 | Mem:0.00M, Peak:0.00M | Scene, ViewLayer | Synchronizing object | fx_mb_niche_side0
Fra:1 Mem:334.46M (Peak 334.46M) | Time:00:00.13 | Mem:0.00M, Peak:0.00M | Scene, ViewLayer | Synchronizing object | fx_mb_niche_side1
Fra:1 Mem:334.47M (Peak 334.47M) | Time:00:00.13 | Mem:0.00M, Peak:0.00M | Scene, ViewLayer | Synchronizing object | fx_mb_niche_btm
Fra:1 Mem:334.48M (Peak 334.48M) | Time:00:00.13 | Mem:0.00M, Peak:0.00M | Scene, ViewLayer | Synchronizing object | fx_mb_paper_plate
Fra:1 Mem:334.48M (Peak 334.48M) | Time:00:00.13 | Mem:0.00M, Peak:0.00M | Scene, ViewLayer | Synchronizing object | fx_mb_paper_rod
Fra:1 Mem:334.49M (Peak 334.49M) | Time:00:00.13 | Mem:0.00M, Peak:0.00M | Scene, ViewLayer | Synchronizing object | pb_shower_rail
Fra:1 Mem:334.49M (Peak 334.49M) | Time:00:00.13 | Mem:0.00M, Peak:0.00M | Scene, ViewLayer | Synchronizing object | pb_shower_hand
Fra:1 Mem:334.49M (Peak 334.49M) | Time:00:00.13 | Mem:0.00M, Peak:0.00M | Scene, ViewLayer | Synchronizing object | pb_shower_arm
Fra:1 Mem:334.50M (Peak 334.50M) | Time:00:00.13 | Mem:0.00M, Peak:0.00M | Scene, ViewLayer | Synchronizing object | fx_pb_niche_back
Fra:1 Mem:334.50M (Peak 334.50M) | Time:00:00.13 | Mem:0.00M, Peak:0.00M | Scene, ViewLayer | Synchronizing object | fx_pb_niche_side0
Fra:1 Mem:334.50M (Peak 334.50M) | Time:00:00.13 | Mem:0.00M, Peak:0.00M | Scene, ViewLayer | Synchronizing object | fx_pb_niche_side1
Fra:1 Mem:334.50M (Peak 334.50M) | Time:00:00.13 | Mem:0.00M, Peak:0.00M | Scene, ViewLayer | Synchronizing object | fx_pb_niche_top
Fra:1 Mem:334.51M (Peak 334.51M) | Time:00:00.13 | Mem:0.00M, Peak:0.00M | Scene, ViewLayer | Synchronizing object | fx_stool_top
Fra:1 Mem:334.51M (Peak 334.51M) | Time:00:00.13 | Mem:0.00M, Peak:0.00M | Scene, ViewLayer | Synchronizing object | fx_stool_leg0
Fra:1 Mem:334.52M (Peak 334.52M) | Time:00:00.13 | Mem:0.00M, Peak:0.00M | Scene, ViewLayer | Synchronizing object | fx_stool_leg1
Fra:1 Mem:334.52M (Peak 334.52M) | Time:00:00.13 | Mem:0.00M, Peak:0.00M | Scene, ViewLayer | Synchronizing object | fx_stool_leg2
Fra:1 Mem:334.53M (Peak 334.53M) | Time:00:00.13 | Mem:0.00M, Peak:0.00M | Scene, ViewLayer | Synchronizing object | fx_stool_leg3
Fra:1 Mem:334.53M (Peak 334.53M) | Time:00:00.13 | Mem:0.00M, Peak:0.00M | Scene, ViewLayer | Synchronizing object | common_living_dining_balcony_plant_01_leaf0
Fra:1 Mem:334.54M (Peak 334.54M) | Time:00:00.13 | Mem:0.00M, Peak:0.00M | Scene, ViewLayer | Synchronizing object | common_living_dining_balcony_plant_01_leaf1
Fra:1 Mem:334.54M (Peak 334.54M) | Time:00:00.13 | Mem:0.00M, Peak:0.00M | Scene, ViewLayer | Synchronizing object | common_living_dining_balcony_plant_01_leaf2
Fra:1 Mem:334.54M (Peak 334.54M) | Time:00:00.13 | Mem:0.00M, Peak:0.00M | Scene, ViewLayer | Synchronizing object | common_living_dining_balcony_plant_01_leaf3
Fra:1 Mem:334.54M (Peak 334.54M) | Time:00:00.13 | Mem:0.00M, Peak:0.00M | Scene, ViewLayer | Synchronizing object | common_living_dining_balcony_plant_01_leaf6
Fra:1 Mem:334.54M (Peak 334.54M) | Time:00:00.13 | Mem:0.00M, Peak:0.00M | Scene, ViewLayer | Synchronizing object | common_living_dining_balcony_plant_01_leaf7
Fra:1 Mem:334.55M (Peak 334.55M) | Time:00:00.13 | Mem:0.00M, Peak:0.00M | Scene, ViewLayer | Synchronizing object | common_living_dining_balcony_planter_01_pot
Fra:1 Mem:334.56M (Peak 334.56M) | Time:00:00.13 | Mem:0.00M, Peak:0.00M | Scene, ViewLayer | Synchronizing object | common_living_dining_balcony_stool_01_top
Fra:1 Mem:334.56M (Peak 334.56M) | Time:00:00.13 | Mem:0.00M, Peak:0.00M | Scene, ViewLayer | Synchronizing object | common_living_dining_balcony_artwork_01_canvas
Fra:1 Mem:334.58M (Peak 334.58M) | Time:00:00.13 | Mem:0.00M, Peak:0.00M | Scene, ViewLayer | Synchronizing object | common_master_bedroom_dressing_table_01_top
Fra:1 Mem:334.60M (Peak 334.60M) | Time:00:00.13 | Mem:0.00M, Peak:0.00M | Scene, ViewLayer | Synchronizing object | common_master_bedroom_dressing_table_01_topl
Fra:1 Mem:334.60M (Peak 334.60M) | Time:00:00.13 | Mem:0.00M, Peak:0.00M | Scene, ViewLayer | Synchronizing object | common_master_bedroom_dressing_table_01_drw
Fra:1 Mem:334.60M (Peak 334.60M) | Time:00:00.13 | Mem:0.00M, Peak:0.00M | Scene, ViewLayer | Synchronizing object | common_master_bedroom_dressing_table_01drw_drw_gapbg
Fra:1 Mem:334.61M (Peak 334.61M) | Time:00:00.13 | Mem:0.00M, Peak:0.00M | Scene, ViewLayer | Synchronizing object | common_master_bedroom_dressing_table_01drw_drw_f0
Fra:1 Mem:334.61M (Peak 334.61M) | Time:00:00.13 | Mem:0.00M, Peak:0.00M | Scene, ViewLayer | Synchronizing object | common_master_bedroom_dressing_table_01drw_drw_p0
Fra:1 Mem:334.61M (Peak 334.61M) | Time:00:00.13 | Mem:0.00M, Peak:0.00M | Scene, ViewLayer | Synchronizing object | common_master_bedroom_dressing_table_01drw_drw_p1
Fra:1 Mem:338.90M (Peak 338.90M) | Time:00:00.13 | Mem:0.00M, Peak:0.00M | Scene, ViewLayer | Synchronizing object | common_master_bedroom_dressing_table_01_upper
Fra:1 Mem:338.90M (Peak 338.90M) | Time:00:00.13 | Mem:0.00M, Peak:0.00M | Scene, ViewLayer | Synchronizing object | common_master_bedroom_dressing_table_01_door_gapbg
Fra:1 Mem:338.90M (Peak 338.90M) | Time:00:00.13 | Mem:0.00M, Peak:0.00M | Scene, ViewLayer | Synchronizing object | common_master_bedroom_dressing_table_01_door_f0l
Fra:1 Mem:338.91M (Peak 338.91M) | Time:00:00.13 | Mem:0.00M, Peak:0.00M | Scene, ViewLayer | Synchronizing object | common_master_bedroom_dressing_table_01_door_f0b
Fra:1 Mem:338.92M (Peak 338.92M) | Time:00:00.13 | Mem:0.00M, Peak:0.00M | Scene, ViewLayer | Synchronizing object | common_master_bedroom_dressing_table_01_door_f0t
Fra:1 Mem:338.97M (Peak 338.97M) | Time:00:00.13 | Mem:0.00M, Peak:0.00M | Scene, ViewLayer | Synchronizing object | common_master_bedroom_dressing_table_01_door_f0c
Fra:1 Mem:338.98M (Peak 338.98M) | Time:00:00.13 | Mem:0.00M, Peak:0.00M | Scene, ViewLayer | Synchronizing object | common_master_bedroom_dressing_table_01_door_p0
Fra:1 Mem:338.99M (Peak 338.99M) | Time:00:00.13 | Mem:0.00M, Peak:0.00M | Scene, ViewLayer | Synchronizing object | common_master_bedroom_dressing_table_01_door_f1r
Fra:1 Mem:339.00M (Peak 339.00M) | Time:00:00.13 | Mem:0.00M, Peak:0.00M | Scene, ViewLayer | Synchronizing object | common_master_bedroom_dressing_table_01_door_f1b
Fra:1 Mem:339.01M (Peak 339.01M) | Time:00:00.13 | Mem:0.00M, Peak:0.00M | Scene, ViewLayer | Synchronizing object | common_master_bedroom_dressing_table_01_door_f1t
Fra:1 Mem:339.02M (Peak 339.02M) | Time:00:00.13 | Mem:0.00M, Peak:0.00M | Scene, ViewLayer | Synchronizing object | common_master_bedroom_dressing_table_01_door_f1c
Fra:1 Mem:339.03M (Peak 339.03M) | Time:00:00.13 | Mem:0.00M, Peak:0.00M | Scene, ViewLayer | Synchronizing object | common_master_bedroom_dressing_table_01_door_f2l
Fra:1 Mem:339.04M (Peak 339.04M) | Time:00:00.13 | Mem:0.00M, Peak:0.00M | Scene, ViewLayer | Synchronizing object | common_master_bedroom_dressing_table_01_door_f2r
Fra:1 Mem:339.04M (Peak 339.04M) | Time:00:00.13 | Mem:0.00M, Peak:0.00M | Scene, ViewLayer | Synchronizing object | common_master_bedroom_dressing_table_01_door_f2c
Fra:1 Mem:339.07M (Peak 339.07M) | Time:00:00.13 | Mem:0.00M, Peak:0.00M | Scene, ViewLayer | Synchronizing object | common_master_bedroom_dressing_table_01_door_p2
Fra:1 Mem:339.08M (Peak 339.08M) | Time:00:00.13 | Mem:0.00M, Peak:0.00M | Scene, ViewLayer | Synchronizing object | common_master_bedroom_dressing_table_01_mirror
Fra:1 Mem:339.08M (Peak 339.08M) | Time:00:00.13 | Mem:0.00M, Peak:0.00M | Scene, ViewLayer | Synchronizing object | common_master_bedroom_stool_01_pad
Fra:1 Mem:339.08M (Peak 339.08M) | Time:00:00.13 | Mem:0.00M, Peak:0.00M | Scene, ViewLayer | Synchronizing object | common_master_bedroom_stool_01_leg0
Fra:1 Mem:339.09M (Peak 339.09M) | Time:00:00.13 | Mem:0.00M, Peak:0.00M | Scene, ViewLayer | Synchronizing object | common_master_bedroom_stool_01_leg1
Fra:1 Mem:339.09M (Peak 339.09M) | Time:00:00.13 | Mem:0.00M, Peak:0.00M | Scene, ViewLayer | Synchronizing object | common_master_bedroom_stool_01_leg3
Fra:1 Mem:339.10M (Peak 339.10M) | Time:00:00.13 | Mem:0.00M, Peak:0.00M | Scene, ViewLayer | Synchronizing object | common_master_bedroom_bed_01_frame
Fra:1 Mem:339.10M (Peak 339.10M) | Time:00:00.13 | Mem:0.00M, Peak:0.00M | Scene, ViewLayer | Synchronizing object | common_master_bedroom_bed_01_mattress
Fra:1 Mem:339.10M (Peak 339.10M) | Time:00:00.13 | Mem:0.00M, Peak:0.00M | Scene, ViewLayer | Synchronizing object | common_master_bedroom_bed_01_duvet
Fra:1 Mem:339.11M (Peak 339.11M) | Time:00:00.13 | Mem:0.00M, Peak:0.00M | Scene, ViewLayer | Synchronizing object | common_master_bedroom_bed_01_duvetdrop
Fra:1 Mem:339.12M (Peak 339.12M) | Time:00:00.13 | Mem:0.00M, Peak:0.00M | Scene, ViewLayer | Synchronizing object | common_master_bedroom_bed_01_pillow1
Fra:1 Mem:339.13M (Peak 339.13M) | Time:00:00.13 | Mem:0.00M, Peak:0.00M | Scene, ViewLayer | Synchronizing object | common_master_bedroom_bed_01_pillow2
Fra:1 Mem:339.13M (Peak 339.13M) | Time:00:00.13 | Mem:0.00M, Peak:0.00M | Scene, ViewLayer | Synchronizing object | common_master_bedroom_bed_01_throw
Fra:1 Mem:339.16M (Peak 339.16M) | Time:00:00.13 | Mem:0.00M, Peak:0.00M | Scene, ViewLayer | Synchronizing object | common_master_bedroom_headboard_01_pad
Fra:1 Mem:339.16M (Peak 339.16M) | Time:00:00.13 | Mem:0.00M, Peak:0.00M | Scene, ViewLayer | Synchronizing object | common_master_bedroom_nightstand_01_drw_f0
Fra:1 Mem:339.18M (Peak 339.18M) | Time:00:00.13 | Mem:0.00M, Peak:0.00M | Scene, ViewLayer | Synchronizing object | A_living_dining_balcony_lounge_chair_01_leg3
Fra:1 Mem:346.21M (Peak 346.21M) | Time:00:00.13 | Mem:0.00M, Peak:0.00M | Scene, ViewLayer | Synchronizing object | common_master_bedroom_nightstand_01_leg1
Fra:1 Mem:346.21M (Peak 346.21M) | Time:00:00.13 | Mem:0.00M, Peak:0.00M | Scene, ViewLayer | Synchronizing object | A_living_dining_balcony_lounge_chair_01_leg2
Fra:1 Mem:346.21M (Peak 346.21M) | Time:00:00.13 | Mem:0.00M, Peak:0.00M | Scene, ViewLayer | Synchronizing object | common_master_bedroom_nightstand_01_leg3
Fra:1 Mem:346.22M (Peak 346.22M) | Time:00:00.13 | Mem:0.00M, Peak:0.00M | Scene, ViewLayer | Synchronizing object | A_living_dining_balcony_lounge_chair_01_leg1
Fra:1 Mem:346.22M (Peak 346.22M) | Time:00:00.13 | Mem:0.00M, Peak:0.00M | Scene, ViewLayer | Synchronizing object | common_master_bedroom_nightstand_02_body
Fra:1 Mem:346.24M (Peak 346.24M) | Time:00:00.13 | Mem:0.00M, Peak:0.00M | Scene, ViewLayer | Synchronizing object | common_master_bedroom_nightstand_02_drw_gapbg
Fra:1 Mem:346.24M (Peak 346.24M) | Time:00:00.13 | Mem:0.00M, Peak:0.00M | Scene, ViewLayer | Synchronizing object | common_master_bedroom_nightstand_02_drw_p0
Fra:1 Mem:346.25M (Peak 346.25M) | Time:00:00.13 | Mem:0.00M, Peak:0.00M | Scene, ViewLayer | Synchronizing object | common_master_bedroom_nightstand_02_leg0
Fra:1 Mem:346.26M (Peak 346.26M) | Time:00:00.13 | Mem:0.00M, Peak:0.00M | Scene, ViewLayer | Synchronizing object | common_master_bedroom_nightstand_02_leg1
Fra:1 Mem:346.26M (Peak 346.26M) | Time:00:00.13 | Mem:0.00M, Peak:0.00M | Scene, ViewLayer | Synchronizing object | common_master_bedroom_nightstand_02_leg3
Fra:1 Mem:346.26M (Peak 346.26M) | Time:00:00.13 | Mem:0.00M, Peak:0.00M | Scene, ViewLayer | Synchronizing object | common_master_bedroom_desk_01_top
Fra:1 Mem:346.26M (Peak 346.26M) | Time:00:00.13 | Mem:0.00M, Peak:0.00M | Scene, ViewLayer | Synchronizing object | common_master_bedroom_desk_01_drawer
Fra:1 Mem:346.27M (Peak 346.27M) | Time:00:00.13 | Mem:0.00M, Peak:0.00M | Scene, ViewLayer | Synchronizing object | common_master_bedroom_desk_01_leg0
Fra:1 Mem:346.27M (Peak 346.27M) | Time:00:00.13 | Mem:0.00M, Peak:0.00M | Scene, ViewLayer | Synchronizing object | common_master_bedroom_desk_01_leg3
Fra:1 Mem:346.27M (Peak 346.27M) | Time:00:00.13 | Mem:0.00M, Peak:0.00M | Scene, ViewLayer | Synchronizing object | common_master_bedroom_desk_01_monitor
Fra:1 Mem:346.27M (Peak 346.27M) | Time:00:00.13 | Mem:0.00M, Peak:0.00M | Scene, ViewLayer | Synchronizing object | common_master_bedroom_desk_01_monstand
Fra:1 Mem:346.29M (Peak 346.29M) | Time:00:00.13 | Mem:0.00M, Peak:0.00M | Scene, ViewLayer | Synchronizing object | A_living_dining_balcony_lounge_chair_01_leg0
Fra:1 Mem:346.29M (Peak 346.29M) | Time:00:00.13 | Mem:0.00M, Peak:0.00M | Scene, ViewLayer | Synchronizing object | common_master_bedroom_chair_01_post
Fra:1 Mem:346.30M (Peak 346.30M) | Time:00:00.13 | Mem:0.00M, Peak:0.00M | Scene, ViewLayer | Synchronizing object | A_living_dining_balcony_lounge_chair_01_back
Fra:1 Mem:346.31M (Peak 346.31M) | Time:00:00.13 | Mem:0.00M, Peak:0.00M | Scene, ViewLayer | Synchronizing object | common_master_bedroom_chair_01_base
Fra:1 Mem:346.32M (Peak 346.32M) | Time:00:00.13 | Mem:0.00M, Peak:0.00M | Scene, ViewLayer | Synchronizing object | common_master_bedroom_rug_01_pile
Fra:1 Mem:346.32M (Peak 346.32M) | Time:00:00.13 | Mem:0.00M, Peak:0.00M | Scene, ViewLayer | Synchronizing object | common_terrace_coffee_table_01_leg1
Fra:1 Mem:346.32M (Peak 346.32M) | Time:00:00.13 | Mem:0.00M, Peak:0.00M | Scene, ViewLayer | Synchronizing object | common_terrace_coffee_table_01_leg2
Fra:1 Mem:346.32M (Peak 346.32M) | Time:00:00.13 | Mem:0.00M, Peak:0.00M | Scene, ViewLayer | Synchronizing object | common_terrace_lounge_chair_01_cushion
Fra:1 Mem:346.35M (Peak 346.35M) | Time:00:00.13 | Mem:0.00M, Peak:0.00M | Scene, ViewLayer | Synchronizing object | common_terrace_lounge_chair_01_back1
Fra:1 Mem:346.35M (Peak 346.35M) | Time:00:00.13 | Mem:0.00M, Peak:0.00M | Scene, ViewLayer | Synchronizing object | common_terrace_lounge_chair_01_arm-1
Fra:1 Mem:346.36M (Peak 346.36M) | Time:00:00.13 | Mem:0.00M, Peak:0.00M | Scene, ViewLayer | Synchronizing object | common_terrace_lounge_chair_01_armp-1
Fra:1 Mem:346.37M (Peak 346.37M) | Time:00:00.13 | Mem:0.00M, Peak:0.00M | Scene, ViewLayer | Synchronizing object | common_terrace_lounge_chair_01_arm1
Fra:1 Mem:346.37M (Peak 346.37M) | Time:00:00.13 | Mem:0.00M, Peak:0.00M | Scene, ViewLayer | Synchronizing object | common_terrace_lounge_chair_01_leg0
Fra:1 Mem:346.39M (Peak 346.39M) | Time:00:00.13 | Mem:0.00M, Peak:0.00M | Scene, ViewLayer | Synchronizing object | common_terrace_lounge_chair_01_leg1
Fra:1 Mem:346.39M (Peak 346.39M) | Time:00:00.13 | Mem:0.00M, Peak:0.00M | Scene, ViewLayer | Synchronizing object | A_living_dining_balcony_lounge_chair_01_seat
Fra:1 Mem:346.40M (Peak 346.40M) | Time:00:00.13 | Mem:0.00M, Peak:0.00M | Scene, ViewLayer | Synchronizing object | common_terrace_lounge_chair_01_leg2
Fra:1 Mem:346.40M (Peak 346.40M) | Time:00:00.13 | Mem:0.00M, Peak:0.00M | Scene, ViewLayer | Synchronizing object | A_living_dining_balcony_floor_lamp_01_shade
Fra:1 Mem:346.42M (Peak 346.42M) | Time:00:00.13 | Mem:0.00M, Peak:0.00M | Scene, ViewLayer | Synchronizing object | common_terrace_lounge_chair_02_back0
Fra:1 Mem:346.42M (Peak 346.42M) | Time:00:00.13 | Mem:0.00M, Peak:0.00M | Scene, ViewLayer | Synchronizing object | common_terrace_lounge_chair_02_back2
Fra:1 Mem:346.42M (Peak 346.42M) | Time:00:00.13 | Mem:0.00M, Peak:0.00M | Scene, ViewLayer | Synchronizing object | common_terrace_lounge_chair_02_arm-1
Fra:1 Mem:346.44M (Peak 346.44M) | Time:00:00.13 | Mem:0.00M, Peak:0.00M | Scene, ViewLayer | Synchronizing object | common_terrace_lounge_chair_02_armp-1
Fra:1 Mem:346.44M (Peak 346.44M) | Time:00:00.13 | Mem:0.00M, Peak:0.00M | Scene, ViewLayer | Synchronizing object | common_terrace_lounge_chair_02_armp1
Fra:1 Mem:346.46M (Peak 346.46M) | Time:00:00.13 | Mem:0.00M, Peak:0.00M | Scene, ViewLayer | Synchronizing object | common_terrace_lounge_chair_02_leg0
Fra:1 Mem:346.47M (Peak 346.47M) | Time:00:00.13 | Mem:0.00M, Peak:0.00M | Scene, ViewLayer | Synchronizing object | common_terrace_lounge_chair_02_leg1
Fra:1 Mem:346.47M (Peak 346.47M) | Time:00:00.13 | Mem:0.00M, Peak:0.00M | Scene, ViewLayer | Synchronizing object | common_terrace_lounge_chair_02_leg3
Fra:1 Mem:346.47M (Peak 346.47M) | Time:00:00.13 | Mem:0.00M, Peak:0.00M | Scene, ViewLayer | Synchronizing object | common_terrace_plant_01_pot
Fra:1 Mem:346.47M (Peak 346.47M) | Time:00:00.13 | Mem:0.00M, Peak:0.00M | Scene, ViewLayer | Synchronizing object | common_terrace_plant_01_leaf0
Fra:1 Mem:346.47M (Peak 346.47M) | Time:00:00.13 | Mem:0.00M, Peak:0.00M | Scene, ViewLayer | Synchronizing object | common_terrace_plant_01_leaf1
Fra:1 Mem:346.47M (Peak 346.47M) | Time:00:00.13 | Mem:0.00M, Peak:0.00M | Scene, ViewLayer | Synchronizing object | common_terrace_plant_01_leaf2
Fra:1 Mem:346.51M (Peak 346.51M) | Time:00:00.13 | Mem:0.00M, Peak:0.00M | Scene, ViewLayer | Synchronizing object | common_terrace_plant_01_leaf3
Fra:1 Mem:347.64M (Peak 347.64M) | Time:00:00.13 | Mem:0.00M, Peak:0.00M | Scene, ViewLayer | Synchronizing object | common_terrace_plant_01_leaf5
Fra:1 Mem:347.64M (Peak 347.64M) | Time:00:00.13 | Mem:0.00M, Peak:0.00M | Scene, ViewLayer | Synchronizing object | common_terrace_plant_02_stem
Fra:1 Mem:347.66M (Peak 347.66M) | Time:00:00.13 | Mem:0.00M, Peak:0.00M | Scene, ViewLayer | Synchronizing object | common_terrace_plant_02_leaf0
Fra:1 Mem:347.67M (Peak 347.67M) | Time:00:00.13 | Mem:0.00M, Peak:0.00M | Scene, ViewLayer | Synchronizing object | common_terrace_plant_02_leaf3
Fra:1 Mem:347.68M (Peak 347.68M) | Time:00:00.13 | Mem:0.00M, Peak:0.00M | Scene, ViewLayer | Synchronizing object | common_terrace_plant_02_leaf4
Fra:1 Mem:347.68M (Peak 347.68M) | Time:00:00.13 | Mem:0.00M, Peak:0.00M | Scene, ViewLayer | Synchronizing object | common_terrace_plant_03_pot
Fra:1 Mem:347.68M (Peak 347.68M) | Time:00:00.13 | Mem:0.00M, Peak:0.00M | Scene, ViewLayer | Synchronizing object | common_terrace_plant_03_stem
Fra:1 Mem:347.71M (Peak 347.71M) | Time:00:00.13 | Mem:0.00M, Peak:0.00M | Scene, ViewLayer | Synchronizing object | common_terrace_plant_03_leaf0
Fra:1 Mem:347.72M (Peak 347.72M) | Time:00:00.13 | Mem:0.00M, Peak:0.00M | Scene, ViewLayer | Synchronizing object | common_terrace_plant_03_leaf1
Fra:1 Mem:347.72M (Peak 347.72M) | Time:00:00.13 | Mem:0.00M, Peak:0.00M | Scene, ViewLayer | Synchronizing object | common_terrace_plant_03_leaf2
Fra:1 Mem:347.72M (Peak 347.72M) | Time:00:00.13 | Mem:0.00M, Peak:0.00M | Scene, ViewLayer | Synchronizing object | common_terrace_plant_03_leaf3
Fra:1 Mem:347.72M (Peak 347.72M) | Time:00:00.13 | Mem:0.00M, Peak:0.00M | Scene, ViewLayer | Synchronizing object | common_terrace_plant_04_leaf1
Fra:1 Mem:347.73M (Peak 347.73M) | Time:00:00.13 | Mem:0.00M, Peak:0.00M | Scene, ViewLayer | Synchronizing object | common_terrace_plant_04_leaf3
Fra:1 Mem:347.73M (Peak 347.73M) | Time:00:00.13 | Mem:0.00M, Peak:0.00M | Scene, ViewLayer | Synchronizing object | common_terrace_plant_04_leaf4
Fra:1 Mem:347.73M (Peak 347.73M) | Time:00:00.13 | Mem:0.00M, Peak:0.00M | Scene, ViewLayer | Synchronizing object | common_parents_room_bed_01_frame
Fra:1 Mem:347.74M (Peak 347.74M) | Time:00:00.13 | Mem:0.00M, Peak:0.00M | Scene, ViewLayer | Synchronizing object | common_parents_room_bed_01_mattress
Fra:1 Mem:347.74M (Peak 347.74M) | Time:00:00.13 | Mem:0.00M, Peak:0.00M | Scene, ViewLayer | Synchronizing object | common_parents_room_bed_01_headboard
Fra:1 Mem:347.75M (Peak 347.75M) | Time:00:00.13 | Mem:0.00M, Peak:0.00M | Scene, ViewLayer | Synchronizing object | common_parents_room_bed_01_duvet
Fra:1 Mem:347.75M (Peak 347.75M) | Time:00:00.13 | Mem:0.00M, Peak:0.00M | Scene, ViewLayer | Synchronizing object | common_parents_room_bed_01_duvetdrop
Fra:1 Mem:347.75M (Peak 347.75M) | Time:00:00.13 | Mem:0.00M, Peak:0.00M | Scene, ViewLayer | Synchronizing object | common_parents_room_bed_01_duvetdrop2
Fra:1 Mem:347.76M (Peak 347.76M) | Time:00:00.13 | Mem:0.00M, Peak:0.00M | Scene, ViewLayer | Synchronizing object | common_parents_room_bed_01_pillow1
Fra:1 Mem:347.77M (Peak 347.77M) | Time:00:00.13 | Mem:0.00M, Peak:0.00M | Scene, ViewLayer | Synchronizing object | A_living_dining_balcony_rug_01_border3
Fra:1 Mem:347.77M (Peak 347.77M) | Time:00:00.13 | Mem:0.00M, Peak:0.00M | Scene, ViewLayer | Synchronizing object | common_parents_room_bed_01_pillow2
Fra:1 Mem:347.77M (Peak 347.77M) | Time:00:00.13 | Mem:0.00M, Peak:0.00M | Scene, ViewLayer | Synchronizing object | common_parents_room_bed_01_throw
Fra:1 Mem:347.79M (Peak 347.79M) | Time:00:00.13 | Mem:0.00M, Peak:0.00M | Scene, ViewLayer | Synchronizing object | common_parents_room_nightstand_01_rail
Fra:1 Mem:347.78M (Peak 347.79M) | Time:00:00.13 | Mem:0.00M, Peak:0.00M | Scene, ViewLayer | Synchronizing object | common_parents_room_nightstand_01_drw_gapbg
Fra:1 Mem:346.69M (Peak 347.79M) | Time:00:00.13 | Mem:0.00M, Peak:0.00M | Scene, ViewLayer | Synchronizing object | common_parents_room_nightstand_01_drw_f0
Fra:1 Mem:346.71M (Peak 347.79M) | Time:00:00.13 | Mem:0.00M, Peak:0.00M | Scene, ViewLayer | Synchronizing object | common_parents_room_nightstand_01_drw_p0
Fra:1 Mem:346.73M (Peak 347.79M) | Time:00:00.13 | Mem:0.00M, Peak:0.00M | Scene, ViewLayer | Synchronizing object | common_parents_room_cushion_01_pad
Fra:1 Mem:346.83M (Peak 347.79M) | Time:00:00.13 | Mem:0.00M, Peak:0.00M | Scene, ViewLayer | Synchronizing object | common_parents_room_cushion_01_pil_olive
Fra:1 Mem:347.47M (Peak 347.79M) | Time:00:00.13 | Mem:0.00M, Peak:0.00M | Scene, ViewLayer | Synchronizing object | common_parents_room_cushion_01_pil_brick
Fra:1 Mem:347.75M (Peak 347.79M) | Time:00:00.13 | Mem:0.00M, Peak:0.00M | Scene, ViewLayer | Synchronizing object | common_parents_room_shelf_01_side0
Fra:1 Mem:347.96M (Peak 347.96M) | Time:00:00.13 | Mem:0.00M, Peak:0.00M | Scene, ViewLayer | Synchronizing object | common_parents_room_shelf_01_side1
Fra:1 Mem:348.16M (Peak 348.16M) | Time:00:00.13 | Mem:0.00M, Peak:0.00M | Scene, ViewLayer | Synchronizing object | common_parents_room_shelf_01_top
Fra:1 Mem:348.31M (Peak 348.31M) | Time:00:00.13 | Mem:0.00M, Peak:0.00M | Scene, ViewLayer | Synchronizing object | common_parents_room_shelf_02_side1
Fra:1 Mem:348.32M (Peak 348.32M) | Time:00:00.13 | Mem:0.00M, Peak:0.00M | Scene, ViewLayer | Synchronizing object | common_parents_room_shelf_02_sh1
Fra:1 Mem:348.34M (Peak 348.34M) | Time:00:00.13 | Mem:0.00M, Peak:0.00M | Scene, ViewLayer | Synchronizing object | common_daughter_room_wardrobe_01_body
Fra:1 Mem:348.39M (Peak 348.39M) | Time:00:00.13 | Mem:0.00M, Peak:0.00M | Scene, ViewLayer | Synchronizing object | common_daughter_room_wardrobe_01_door_f0
Fra:1 Mem:348.43M (Peak 348.43M) | Time:00:00.13 | Mem:0.00M, Peak:0.00M | Scene, ViewLayer | Synchronizing object | common_daughter_room_wardrobe_01_door_f1
Fra:1 Mem:348.45M (Peak 348.45M) | Time:00:00.13 | Mem:0.00M, Peak:0.00M | Scene, ViewLayer | Synchronizing object | common_daughter_room_wardrobe_01_door_kn1
Fra:1 Mem:348.49M (Peak 348.49M) | Time:00:00.13 | Mem:0.00M, Peak:0.00M | Scene, ViewLayer | Synchronizing object | common_daughter_room_wardrobe_01_door_f2
Fra:1 Mem:348.53M (Peak 348.53M) | Time:00:00.13 | Mem:0.00M, Peak:0.00M | Scene, ViewLayer | Synchronizing object | common_daughter_room_wardrobe_01_door_kn2
Fra:1 Mem:348.53M (Peak 348.53M) | Time:00:00.13 | Mem:0.00M, Peak:0.00M | Scene, ViewLayer | Synchronizing object | common_daughter_room_wardrobe_02_door_gapbg
Fra:1 Mem:348.54M (Peak 348.54M) | Time:00:00.13 | Mem:0.00M, Peak:0.00M | Scene, ViewLayer | Synchronizing object | common_daughter_room_wardrobe_02_door_kn0
Fra:1 Mem:348.54M (Peak 348.54M) | Time:00:00.13 | Mem:0.00M, Peak:0.00M | Scene, ViewLayer | Synchronizing object | common_daughter_room_wardrobe_02_door_f1
Fra:1 Mem:348.54M (Peak 348.54M) | Time:00:00.13 | Mem:0.00M, Peak:0.00M | Scene, ViewLayer | Synchronizing object | common_daughter_room_wardrobe_02_door_kn1
Fra:1 Mem:348.55M (Peak 348.55M) | Time:00:00.13 | Mem:0.00M, Peak:0.00M | Scene, ViewLayer | Synchronizing object | common_daughter_room_wardrobe_02_door_f2
Fra:1 Mem:348.55M (Peak 348.55M) | Time:00:00.13 | Mem:0.00M, Peak:0.00M | Scene, ViewLayer | Synchronizing object | common_daughter_room_bed_01_frame
Fra:1 Mem:348.60M (Peak 348.60M) | Time:00:00.13 | Mem:0.00M, Peak:0.00M | Scene, ViewLayer | Synchronizing object | common_daughter_room_bed_01_mattress
Fra:1 Mem:348.57M (Peak 348.60M) | Time:00:00.13 | Mem:0.00M, Peak:0.00M | Scene, ViewLayer | Synchronizing object | common_daughter_room_bed_01_duvet
Fra:1 Mem:348.60M (Peak 348.60M) | Time:00:00.13 | Mem:0.00M, Peak:0.00M | Scene, ViewLayer | Synchronizing object | common_daughter_room_bed_01_duvetdrop
Fra:1 Mem:348.60M (Peak 348.60M) | Time:00:00.13 | Mem:0.00M, Peak:0.00M | Scene, ViewLayer | Synchronizing object | common_daughter_room_bed_01_duvetdrop2
Fra:1 Mem:348.63M (Peak 348.63M) | Time:00:00.13 | Mem:0.00M, Peak:0.00M | Scene, ViewLayer | Synchronizing object | A_living_dining_balcony_rug_01_border0
Fra:1 Mem:348.63M (Peak 348.63M) | Time:00:00.13 | Mem:0.00M, Peak:0.00M | Scene, ViewLayer | Synchronizing object | A_living_dining_balcony_rug_01_pile
Fra:1 Mem:348.63M (Peak 348.63M) | Time:00:00.13 | Mem:0.00M, Peak:0.00M | Scene, ViewLayer | Synchronizing object | A_living_dining_balcony_coffee_table_01_leg2
Fra:1 Mem:348.64M (Peak 348.64M) | Time:00:00.13 | Mem:0.00M, Peak:0.00M | Scene, ViewLayer | Synchronizing object | common_daughter_room_bed_01_pillow1
Fra:1 Mem:348.65M (Peak 348.65M) | Time:00:00.13 | Mem:0.00M, Peak:0.00M | Scene, ViewLayer | Synchronizing object | common_daughter_room_bed_01_pillow2
Fra:1 Mem:348.65M (Peak 348.65M) | Time:00:00.13 | Mem:0.00M, Peak:0.00M | Scene, ViewLayer | Synchronizing object | common_daughter_room_bed_01_pillow_acc
Fra:1 Mem:348.66M (Peak 348.66M) | Time:00:00.13 | Mem:0.00M, Peak:0.00M | Scene, ViewLayer | Synchronizing object | common_daughter_room_shelf_01_top
Fra:1 Mem:348.68M (Peak 348.68M) | Time:00:00.13 | Mem:0.00M, Peak:0.00M | Scene, ViewLayer | Synchronizing object | common_daughter_room_shelf_01_sh2
Fra:1 Mem:348.68M (Peak 348.68M) | Time:00:00.13 | Mem:0.00M, Peak:0.00M | Scene, ViewLayer | Synchronizing object | common_son_room_wardrobe_01_body
Fra:1 Mem:348.68M (Peak 348.68M) | Time:00:00.13 | Mem:0.00M, Peak:0.00M | Scene, ViewLayer | Synchronizing object | common_son_room_wardrobe_01_slA_f0
Fra:1 Mem:348.69M (Peak 348.69M) | Time:00:00.13 | Mem:0.00M, Peak:0.00M | Scene, ViewLayer | Synchronizing object | common_son_room_wardrobe_01_slA_f1
Fra:1 Mem:348.69M (Peak 348.69M) | Time:00:00.13 | Mem:0.00M, Peak:0.00M | Scene, ViewLayer | Synchronizing object | common_son_room_wardrobe_01_slB_f0
Fra:1 Mem:348.70M (Peak 348.70M) | Time:00:00.13 | Mem:0.00M, Peak:0.00M | Scene, ViewLayer | Synchronizing object | common_son_room_wardrobe_01_slB_f1
Fra:1 Mem:348.70M (Peak 348.70M) | Time:00:00.13 | Mem:0.00M, Peak:0.00M | Scene, ViewLayer | Synchronizing object | A_living_dining_balcony_coffee_table_01_leg1
Fra:1 Mem:348.70M (Peak 348.70M) | Time:00:00.13 | Mem:0.00M, Peak:0.00M | Scene, ViewLayer | Synchronizing object | common_son_room_bed_01_frame
Fra:1 Mem:348.71M (Peak 348.71M) | Time:00:00.13 | Mem:0.00M, Peak:0.00M | Scene, ViewLayer | Synchronizing object | common_son_room_bed_01_mattress
Fra:1 Mem:348.71M (Peak 348.71M) | Time:00:00.13 | Mem:0.00M, Peak:0.00M | Scene, ViewLayer | Synchronizing object | common_son_room_bed_01_headboard
Fra:1 Mem:348.72M (Peak 348.72M) | Time:00:00.13 | Mem:0.00M, Peak:0.00M | Scene, ViewLayer | Synchronizing object | common_son_room_bed_01_duvetdrop
Fra:1 Mem:348.72M (Peak 348.72M) | Time:00:00.13 | Mem:0.00M, Peak:0.00M | Scene, ViewLayer | Synchronizing object | common_son_room_bed_01_duvetdrop2
Fra:1 Mem:348.74M (Peak 348.74M) | Time:00:00.13 | Mem:0.00M, Peak:0.00M | Scene, ViewLayer | Synchronizing object | common_son_room_bed_01_pillow2
Fra:1 Mem:348.74M (Peak 348.74M) | Time:00:00.13 | Mem:0.00M, Peak:0.00M | Scene, ViewLayer | Synchronizing object | common_son_room_bed_01_throw
Fra:1 Mem:348.76M (Peak 348.76M) | Time:00:00.13 | Mem:0.00M, Peak:0.00M | Scene, ViewLayer | Synchronizing object | common_son_room_desk_01_top
Fra:1 Mem:348.76M (Peak 348.76M) | Time:00:00.13 | Mem:0.00M, Peak:0.00M | Scene, ViewLayer | Synchronizing object | common_son_room_desk_01_leg1
Fra:1 Mem:348.80M (Peak 348.80M) | Time:00:00.13 | Mem:0.00M, Peak:0.00M | Scene, ViewLayer | Synchronizing object | common_son_room_desk_01_leg2
Fra:1 Mem:348.80M (Peak 348.80M) | Time:00:00.13 | Mem:0.00M, Peak:0.00M | Scene, ViewLayer | Synchronizing object | common_son_room_desk_01_leg3
Fra:1 Mem:348.81M (Peak 348.81M) | Time:00:00.13 | Mem:0.00M, Peak:0.00M | Scene, ViewLayer | Synchronizing object | common_son_room_shelf_01_side0
Fra:1 Mem:348.81M (Peak 348.81M) | Time:00:00.13 | Mem:0.00M, Peak:0.00M | Scene, ViewLayer | Synchronizing object | common_son_room_shelf_01_side1
Fra:1 Mem:348.81M (Peak 348.81M) | Time:00:00.13 | Mem:0.00M, Peak:0.00M | Scene, ViewLayer | Synchronizing object | common_son_room_shelf_01_sh1
Fra:1 Mem:348.82M (Peak 348.82M) | Time:00:00.13 | Mem:0.00M, Peak:0.00M | Scene, ViewLayer | Synchronizing object | common_son_room_chair_01_seat
Fra:1 Mem:348.82M (Peak 348.82M) | Time:00:00.13 | Mem:0.00M, Peak:0.00M | Scene, ViewLayer | Synchronizing object | common_son_room_chair_01_back
Fra:1 Mem:355.88M (Peak 355.88M) | Time:00:00.13 | Mem:0.00M, Peak:0.00M | Scene, ViewLayer | Synchronizing object | common_son_room_chair_01_post
Fra:1 Mem:355.88M (Peak 355.88M) | Time:00:00.13 | Mem:0.00M, Peak:0.00M | Scene, ViewLayer | Synchronizing object | common_son_room_chair_01_base
Fra:1 Mem:355.89M (Peak 355.89M) | Time:00:00.13 | Mem:0.00M, Peak:0.00M | Scene, ViewLayer | Synchronizing object | fx_curt_master_sheer
Fra:1 Mem:355.91M (Peak 355.91M) | Time:00:00.13 | Mem:0.00M, Peak:0.00M | Scene, ViewLayer | Synchronizing object | fx_curt_master_bo_w
Fra:1 Mem:355.95M (Peak 355.95M) | Time:00:00.13 | Mem:0.00M, Peak:0.00M | Scene, ViewLayer | Synchronizing object | fx_curt_master_bo_e
Fra:1 Mem:355.94M (Peak 355.95M) | Time:00:00.13 | Mem:0.00M, Peak:0.00M | Scene, ViewLayer | Synchronizing object | fx_curt_parents_roller
Fra:1 Mem:355.95M (Peak 355.95M) | Time:00:00.13 | Mem:0.00M, Peak:0.00M | Scene, ViewLayer | Synchronizing object | fx_curt_daughter_sheer
Fra:1 Mem:355.97M (Peak 355.97M) | Time:00:00.13 | Mem:0.00M, Peak:0.00M | Scene, ViewLayer | Synchronizing object | A_living_dining_balcony_coffee_table_01_leg0
Fra:1 Mem:355.98M (Peak 355.98M) | Time:00:00.13 | Mem:0.00M, Peak:0.00M | Scene, ViewLayer | Synchronizing object | fx_curt_daughter_bo_e
Fra:1 Mem:355.98M (Peak 355.98M) | Time:00:00.13 | Mem:0.00M, Peak:0.00M | Scene, ViewLayer | Synchronizing object | fx_curt_son_bo_w
Fra:1 Mem:356.00M (Peak 356.00M) | Time:00:00.13 | Mem:0.00M, Peak:0.00M | Scene, ViewLayer | Synchronizing object | fx_curt_son_bo_e
Fra:1 Mem:356.00M (Peak 356.00M) | Time:00:00.13 | Mem:0.00M, Peak:0.00M | Scene, ViewLayer | Synchronizing object | fx_blind_mb_head
Fra:1 Mem:356.01M (Peak 356.01M) | Time:00:00.13 | Mem:0.00M, Peak:0.00M | Scene, ViewLayer | Synchronizing object | fx_blind_mb_slats0
Fra:1 Mem:356.02M (Peak 356.02M) | Time:00:00.13 | Mem:0.00M, Peak:0.00M | Scene, ViewLayer | Synchronizing object | fx_blind_mb_slats1
Fra:1 Mem:356.03M (Peak 356.03M) | Time:00:00.13 | Mem:0.00M, Peak:0.00M | Scene, ViewLayer | Synchronizing object | fx_blind_mb_slats2
Fra:1 Mem:356.03M (Peak 356.03M) | Time:00:00.13 | Mem:0.00M, Peak:0.00M | Scene, ViewLayer | Synchronizing object | fx_blind_mb_slats5
Fra:1 Mem:356.03M (Peak 356.03M) | Time:00:00.13 | Mem:0.00M, Peak:0.00M | Scene, ViewLayer | Synchronizing object | fx_wall_lamp0
Fra:1 Mem:356.05M (Peak 356.05M) | Time:00:00.13 | Mem:0.00M, Peak:0.00M | Scene, ViewLayer | Synchronizing object | fx_wall_lamp0_sh
Fra:1 Mem:356.06M (Peak 356.06M) | Time:00:00.13 | Mem:0.00M, Peak:0.00M | Scene, ViewLayer | Synchronizing object | fx_wall_lamp1
Fra:1 Mem:356.06M (Peak 356.06M) | Time:00:00.13 | Mem:0.00M, Peak:0.00M | Scene, ViewLayer | Synchronizing object | fx_wall_lamp1_sh
Fra:1 Mem:356.07M (Peak 356.07M) | Time:00:00.13 | Mem:0.00M, Peak:0.00M | Scene, ViewLayer | Synchronizing object | fx_wall_lamp2
Fra:1 Mem:356.08M (Peak 356.08M) | Time:00:00.13 | Mem:0.00M, Peak:0.00M | Scene, ViewLayer | Synchronizing object | fx_wall_lamp3
Fra:1 Mem:356.10M (Peak 356.10M) | Time:00:00.13 | Mem:0.00M, Peak:0.00M | Scene, ViewLayer | Synchronizing object | fx_foyer_jar
Fra:1 Mem:356.16M (Peak 356.16M) | Time:00:00.14 | Mem:0.00M, Peak:0.00M | Scene, ViewLayer | Synchronizing object | fx_kn_board
Fra:1 Mem:356.17M (Peak 356.17M) | Time:00:00.14 | Mem:0.00M, Peak:0.00M | Scene, ViewLayer | Synchronizing object | fx_kn_oil
Fra:1 Mem:356.18M (Peak 356.18M) | Time:00:00.14 | Mem:0.00M, Peak:0.00M | Scene, ViewLayer | Synchronizing object | fx_kn_herb_leaf1
Fra:1 Mem:356.20M (Peak 356.20M) | Time:00:00.14 | Mem:0.00M, Peak:0.00M | Scene, ViewLayer | Synchronizing object | fx_kn_herb_leaf2
Fra:1 Mem:356.20M (Peak 356.20M) | Time:00:00.14 | Mem:0.00M, Peak:0.00M | Scene, ViewLayer | Synchronizing object | fx_bc_b0_0
Fra:1 Mem:356.20M (Peak 356.20M) | Time:00:00.14 | Mem:0.00M, Peak:0.00M | Scene, ViewLayer | Synchronizing object | fx_bc_b0_2
Fra:1 Mem:356.20M (Peak 356.20M) | Time:00:00.14 | Mem:0.00M, Peak:0.00M | Scene, ViewLayer | Synchronizing object | fx_bc_b0_3
Fra:1 Mem:356.21M (Peak 356.21M) | Time:00:00.14 | Mem:0.00M, Peak:0.00M | Scene, ViewLayer | Synchronizing object | fx_bc_b0_4
Fra:1 Mem:356.21M (Peak 356.21M) | Time:00:00.14 | Mem:0.00M, Peak:0.00M | Scene, ViewLayer | Synchronizing object | fx_bc_pot
Fra:1 Mem:356.22M (Peak 356.22M) | Time:00:00.14 | Mem:0.00M, Peak:0.00M | Scene, ViewLayer | Synchronizing object | fx_bc_potneck
Fra:1 Mem:356.24M (Peak 356.24M) | Time:00:00.14 | Mem:0.00M, Peak:0.00M | Scene, ViewLayer | Synchronizing object | A_living_dining_balcony_ottoman_01_base
Fra:1 Mem:356.23M (Peak 356.24M) | Time:00:00.14 | Mem:0.00M, Peak:0.00M | Scene, ViewLayer | Synchronizing object | fx_bc_frame
Fra:1 Mem:356.23M (Peak 356.24M) | Time:00:00.14 | Mem:0.00M, Peak:0.00M | Scene, ViewLayer | Synchronizing object | A_living_dining_balcony_ottoman_01_pad
Fra:1 Mem:356.25M (Peak 356.25M) | Time:00:00.14 | Mem:0.00M, Peak:0.00M | Scene, ViewLayer | Synchronizing object | fx_bc_framein
Fra:1 Mem:356.25M (Peak 356.25M) | Time:00:00.14 | Mem:0.00M, Peak:0.00M | Scene, ViewLayer | Synchronizing object | A_living_dining_balcony_sofa_01_pillow_brick
Fra:1 Mem:356.26M (Peak 356.26M) | Time:00:00.14 | Mem:0.00M, Peak:0.00M | Scene, ViewLayer | Synchronizing object | fx_bc_rec1
Fra:1 Mem:356.27M (Peak 356.27M) | Time:00:00.14 | Mem:0.00M, Peak:0.00M | Scene, ViewLayer | Synchronizing object | fx_bc_rec2
Fra:1 Mem:356.28M (Peak 356.28M) | Time:00:00.14 | Mem:0.00M, Peak:0.00M | Scene, ViewLayer | Synchronizing object | fx_bc_recstand
Fra:1 Mem:356.28M (Peak 356.28M) | Time:00:00.14 | Mem:0.00M, Peak:0.00M | Scene, ViewLayer | Synchronizing object | fx_bc_b3_0
Fra:1 Mem:356.29M (Peak 356.29M) | Time:00:00.14 | Mem:0.00M, Peak:0.00M | Scene, ViewLayer | Synchronizing object | fx_bc_b3_2
Fra:1 Mem:356.29M (Peak 356.29M) | Time:00:00.14 | Mem:0.00M, Peak:0.00M | Scene, ViewLayer | Synchronizing object | fx_bc_pot4
Fra:1 Mem:356.30M (Peak 356.30M) | Time:00:00.14 | Mem:0.00M, Peak:0.00M | Scene, ViewLayer | Synchronizing object | fx_bc_g0_0
Fra:1 Mem:356.30M (Peak 356.30M) | Time:00:00.14 | Mem:0.00M, Peak:0.00M | Scene, ViewLayer | Synchronizing object | fx_bc_g0_2
Fra:1 Mem:356.31M (Peak 356.31M) | Time:00:00.14 | Mem:0.00M, Peak:0.00M | Scene, ViewLayer | Synchronizing object | fx_bc_gpot
Fra:1 Mem:356.31M (Peak 356.31M) | Time:00:00.14 | Mem:0.00M, Peak:0.00M | Scene, ViewLayer | Synchronizing object | fx_bc_g1_1
Fra:1 Mem:356.34M (Peak 356.34M) | Time:00:00.14 | Mem:0.00M, Peak:0.00M | Scene, ViewLayer | Synchronizing object | fx_bc_g1_2
Fra:1 Mem:356.33M (Peak 356.34M) | Time:00:00.14 | Mem:0.00M, Peak:0.00M | Scene, ViewLayer | Synchronizing object | fx_bc_g1_3
Fra:1 Mem:356.33M (Peak 356.34M) | Time:00:00.14 | Mem:0.00M, Peak:0.00M | Scene, ViewLayer | Synchronizing object | fx_desk_book1
Fra:1 Mem:356.33M (Peak 356.34M) | Time:00:00.14 | Mem:0.00M, Peak:0.00M | Scene, ViewLayer | Synchronizing object | A_living_dining_balcony_sofa_01_arm1
Fra:1 Mem:356.34M (Peak 356.34M) | Time:00:00.14 | Mem:0.00M, Peak:0.00M | Scene, ViewLayer | Synchronizing object | fx_fiddle_pot
Fra:1 Mem:356.34M (Peak 356.34M) | Time:00:00.14 | Mem:0.00M, Peak:0.00M | Scene, ViewLayer | Synchronizing object | fx_fiddle_stem
Fra:1 Mem:349.39M (Peak 356.34M) | Time:00:00.14 | Mem:0.00M, Peak:0.00M | Scene, ViewLayer | Synchronizing object | fx_fiddle_leaf0
Fra:1 Mem:349.40M (Peak 356.34M) | Time:00:00.14 | Mem:0.00M, Peak:0.00M | Scene, ViewLayer | Synchronizing object | fx_fiddle_leaf2
Fra:1 Mem:349.41M (Peak 356.34M) | Time:00:00.14 | Mem:0.00M, Peak:0.00M | Scene, ViewLayer | Synchronizing object | fx_fiddle_leaf5
Fra:1 Mem:349.41M (Peak 356.34M) | Time:00:00.14 | Mem:0.00M, Peak:0.00M | Scene, ViewLayer | Synchronizing object | fx_fiddle_leaf6
Fra:1 Mem:349.41M (Peak 356.34M) | Time:00:00.14 | Mem:0.00M, Peak:0.00M | Scene, ViewLayer | Synchronizing object | f1_shoe_body
Fra:1 Mem:349.42M (Peak 356.34M) | Time:00:00.14 | Mem:0.00M, Peak:0.00M | Scene, ViewLayer | Synchronizing object | f1_shoe_side_s
Fra:1 Mem:349.42M (Peak 356.34M) | Time:00:00.14 | Mem:0.00M, Peak:0.00M | Scene, ViewLayer | Synchronizing object | f1_shoe_side_n
Fra:1 Mem:349.42M (Peak 356.34M) | Time:00:00.14 | Mem:0.00M, Peak:0.00M | Scene, ViewLayer | Synchronizing object | f1_shoe_lo_door_gapbg
Fra:1 Mem:349.43M (Peak 356.34M) | Time:00:00.14 | Mem:0.00M, Peak:0.00M | Scene, ViewLayer | Synchronizing object | f1_shoe_lo_door_f0r
Fra:1 Mem:350.31M (Peak 356.34M) | Time:00:00.14 | Mem:0.00M, Peak:0.00M | Scene, ViewLayer | Synchronizing object | f1_shoe_lo_door_f0b
Fra:1 Mem:350.32M (Peak 356.34M) | Time:00:00.14 | Mem:0.00M, Peak:0.00M | Scene, ViewLayer | Synchronizing object | f1_shoe_lo_door_f0t
Fra:1 Mem:350.35M (Peak 356.34M) | Time:00:00.14 | Mem:0.00M, Peak:0.00M | Scene, ViewLayer | Synchronizing object | f1_shoe_lo_door_p0
Fra:1 Mem:350.35M (Peak 356.34M) | Time:00:00.14 | Mem:0.00M, Peak:0.00M | Scene, ViewLayer | Synchronizing object | A_living_dining_balcony_sofa_01_seat2
Fra:1 Mem:357.08M (Peak 357.08M) | Time:00:00.14 | Mem:0.00M, Peak:0.00M | Scene, ViewLayer | Synchronizing object | f1_shoe_hi_door_gapbg
Fra:1 Mem:357.08M (Peak 357.08M) | Time:00:00.14 | Mem:0.00M, Peak:0.00M | Scene, ViewLayer | Synchronizing object | f1_shoe_hi_door_f0l
Fra:1 Mem:357.08M (Peak 357.08M) | Time:00:00.14 | Mem:0.00M, Peak:0.00M | Scene, ViewLayer | Synchronizing object | f1_shoe_hi_door_f0r
Fra:1 Mem:357.08M (Peak 357.08M) | Time:00:00.14 | Mem:0.00M, Peak:0.00M | Scene, ViewLayer | Synchronizing object | f1_shoe_hi_door_f0t
Fra:1 Mem:357.08M (Peak 357.08M) | Time:00:00.14 | Mem:0.00M, Peak:0.00M | Scene, ViewLayer | Synchronizing object | f1_shoe_hi_door_f0c
Fra:1 Mem:357.09M (Peak 357.09M) | Time:00:00.14 | Mem:0.00M, Peak:0.00M | Scene, ViewLayer | Synchronizing object | f1_shoe_hi_door_p0
Fra:1 Mem:357.09M (Peak 357.09M) | Time:00:00.14 | Mem:0.00M, Peak:0.00M | Scene, ViewLayer | Synchronizing object | f1_shoe_niche_t
Fra:1 Mem:357.10M (Peak 357.10M) | Time:00:00.14 | Mem:0.00M, Peak:0.00M | Scene, ViewLayer | Synchronizing object | f1_shoe_niche_back
Fra:1 Mem:357.11M (Peak 357.11M) | Time:00:00.14 | Mem:0.00M, Peak:0.00M | Scene, ViewLayer | Synchronizing object | f1_shoe_light
Fra:1 Mem:357.11M (Peak 357.11M) | Time:00:00.14 | Mem:0.00M, Peak:0.00M | Scene, ViewLayer | Synchronizing object | f1_elc_lo_door_f0l
Fra:1 Mem:357.13M (Peak 357.13M) | Time:00:00.14 | Mem:0.00M, Peak:0.00M | Scene, ViewLayer | Synchronizing object | f1_elc_lo_door_f0r
Fra:1 Mem:357.13M (Peak 357.13M) | Time:00:00.14 | Mem:0.00M, Peak:0.00M | Scene, ViewLayer | Synchronizing object | f1_elc_lo_door_f0t
Fra:1 Mem:357.15M (Peak 357.15M) | Time:00:00.14 | Mem:0.00M, Peak:0.00M | Scene, ViewLayer | Synchronizing object | f1_elc_lo_door_p0
Fra:1 Mem:357.15M (Peak 357.15M) | Time:00:00.14 | Mem:0.00M, Peak:0.00M | Scene, ViewLayer | Synchronizing object | f1_elc_lo_door_f1l
Fra:1 Mem:357.16M (Peak 357.16M) | Time:00:00.14 | Mem:0.00M, Peak:0.00M | Scene, ViewLayer | Synchronizing object | f1_elc_lo_door_f1b
Fra:1 Mem:357.16M (Peak 357.16M) | Time:00:00.14 | Mem:0.00M, Peak:0.00M | Scene, ViewLayer | Synchronizing object | f1_elc_lo_door_f1t
Fra:1 Mem:357.17M (Peak 357.17M) | Time:00:00.14 | Mem:0.00M, Peak:0.00M | Scene, ViewLayer | Synchronizing object | f1_elc_lo_door_f1c
Fra:1 Mem:357.18M (Peak 357.18M) | Time:00:00.14 | Mem:0.00M, Peak:0.00M | Scene, ViewLayer | Synchronizing object | f1_elc_lo_door_p1
Fra:1 Mem:357.18M (Peak 357.18M) | Time:00:00.14 | Mem:0.00M, Peak:0.00M | Scene, ViewLayer | Synchronizing object | f1_elc_lo_door_f2l
Fra:1 Mem:357.19M (Peak 357.19M) | Time:00:00.14 | Mem:0.00M, Peak:0.00M | Scene, ViewLayer | Synchronizing object | f1_elc_lo_door_f2b
Fra:1 Mem:357.19M (Peak 357.19M) | Time:00:00.14 | Mem:0.00M, Peak:0.00M | Scene, ViewLayer | Synchronizing object | f1_elc_lo_door_f2t
Fra:1 Mem:357.19M (Peak 357.19M) | Time:00:00.14 | Mem:0.00M, Peak:0.00M | Scene, ViewLayer | Synchronizing object | f1_elc_lo_door_p2
Fra:1 Mem:357.20M (Peak 357.20M) | Time:00:00.14 | Mem:0.00M, Peak:0.00M | Scene, ViewLayer | Synchronizing object | f1_elc_hi_door_gapbg
Fra:1 Mem:357.21M (Peak 357.21M) | Time:00:00.14 | Mem:0.00M, Peak:0.00M | Scene, ViewLayer | Synchronizing object | f1_elc_hi_door_f0l
Fra:1 Mem:357.21M (Peak 357.21M) | Time:00:00.14 | Mem:0.00M, Peak:0.00M | Scene, ViewLayer | Synchronizing object | f1_elc_hi_door_f0r
Fra:1 Mem:357.22M (Peak 357.22M) | Time:00:00.14 | Mem:0.00M, Peak:0.00M | Scene, ViewLayer | Synchronizing object | A_living_dining_balcony_sofa_01_seat1
Fra:1 Mem:357.23M (Peak 357.23M) | Time:00:00.14 | Mem:0.00M, Peak:0.00M | Scene, ViewLayer | Synchronizing object | f1_elc_hi_door_f0t
Fra:1 Mem:357.24M (Peak 357.24M) | Time:00:00.14 | Mem:0.00M, Peak:0.00M | Scene, ViewLayer | Synchronizing object | f1_elc_hi_door_f0c
Fra:1 Mem:357.26M (Peak 357.26M) | Time:00:00.14 | Mem:0.00M, Peak:0.00M | Scene, ViewLayer | Synchronizing object | f1_elc_hi_door_f1l
Fra:1 Mem:357.26M (Peak 357.26M) | Time:00:00.14 | Mem:0.00M, Peak:0.00M | Scene, ViewLayer | Synchronizing object | f1_elc_hi_door_f1r
Fra:1 Mem:357.26M (Peak 357.26M) | Time:00:00.14 | Mem:0.00M, Peak:0.00M | Scene, ViewLayer | Synchronizing object | f1_elc_hi_door_f1b
Fra:1 Mem:357.28M (Peak 357.28M) | Time:00:00.14 | Mem:0.00M, Peak:0.00M | Scene, ViewLayer | Synchronizing object | f1_elc_hi_door_f1t
Fra:1 Mem:357.29M (Peak 357.29M) | Time:00:00.14 | Mem:0.00M, Peak:0.00M | Scene, ViewLayer | Synchronizing object | f1_elc_hi_door_f1c
Fra:1 Mem:357.30M (Peak 357.30M) | Time:00:00.14 | Mem:0.00M, Peak:0.00M | Scene, ViewLayer | Synchronizing object | f1_elc_hi_door_f2l
Fra:1 Mem:357.30M (Peak 357.30M) | Time:00:00.14 | Mem:0.00M, Peak:0.00M | Scene, ViewLayer | Synchronizing object | f1_elc_hi_door_f2r
Fra:1 Mem:357.31M (Peak 357.31M) | Time:00:00.14 | Mem:0.00M, Peak:0.00M | Scene, ViewLayer | Synchronizing object | f1_elc_hi_door_f2b
Fra:1 Mem:357.32M (Peak 357.32M) | Time:00:00.14 | Mem:0.00M, Peak:0.00M | Scene, ViewLayer | Synchronizing object | f1_elc_hi_door_f2t
Fra:1 Mem:357.33M (Peak 357.33M) | Time:00:00.14 | Mem:0.00M, Peak:0.00M | Scene, ViewLayer | Synchronizing object | f1_elc_hi_door_f2c
Fra:1 Mem:357.34M (Peak 357.34M) | Time:00:00.14 | Mem:0.00M, Peak:0.00M | Scene, ViewLayer | Synchronizing object | f1_elc_hi_door_p2
Fra:1 Mem:357.34M (Peak 357.34M) | Time:00:00.14 | Mem:0.00M, Peak:0.00M | Scene, ViewLayer | Synchronizing object | f1_bench_leg0
Fra:1 Mem:357.36M (Peak 357.36M) | Time:00:00.14 | Mem:0.00M, Peak:0.00M | Scene, ViewLayer | Synchronizing object | f1_bench_leg1
Fra:1 Mem:357.36M (Peak 357.36M) | Time:00:00.14 | Mem:0.00M, Peak:0.00M | Scene, ViewLayer | Synchronizing object | A_living_dining_balcony_sofa_01_seat0
Fra:1 Mem:357.93M (Peak 357.93M) | Time:00:00.14 | Mem:0.00M, Peak:0.00M | Scene, ViewLayer | Synchronizing object | f1_bench_seat
Fra:1 Mem:357.93M (Peak 357.93M) | Time:00:00.14 | Mem:0.00M, Peak:0.00M | Scene, ViewLayer | Synchronizing object | f1_bench_arm
Fra:1 Mem:357.94M (Peak 357.94M) | Time:00:00.14 | Mem:0.00M, Peak:0.00M | Scene, ViewLayer | Synchronizing object | f1_night_light
Fra:1 Mem:357.96M (Peak 357.96M) | Time:00:00.14 | Mem:0.00M, Peak:0.00M | Scene, ViewLayer | Synchronizing object | fx_lamp_dau_base
Fra:1 Mem:357.96M (Peak 357.96M) | Time:00:00.14 | Mem:0.00M, Peak:0.00M | Scene, ViewLayer | Synchronizing object | fx_lamp_dau_head
Fra:1 Mem:357.85M (Peak 357.96M) | Time:00:00.14 | Mem:0.00M, Peak:0.00M | Scene, ViewLayer | Synchronizing object | fx_lamp_dau_bulb
Fra:1 Mem:357.85M (Peak 357.96M) | Time:00:00.14 | Mem:0.00M, Peak:0.00M | Scene, ViewLayer | Synchronizing object | fx_lamp_son_head
Fra:1 Mem:357.86M (Peak 357.96M) | Time:00:00.14 | Mem:0.00M, Peak:0.00M | Scene, ViewLayer | Synchronizing object | fx_lamp_son_bulb
Fra:1 Mem:352.06M (Peak 357.96M) | Time:00:00.14 | Mem:0.00M, Peak:0.00M | Scene, ViewLayer | Synchronizing object | f1_grab_v
Fra:1 Mem:352.07M (Peak 357.96M) | Time:00:00.14 | Mem:0.00M, Peak:0.00M | Scene, ViewLayer | Synchronizing object | f1_grab_h
Fra:1 Mem:352.07M (Peak 357.96M) | Time:00:00.14 | Mem:0.00M, Peak:0.00M | Scene, ViewLayer | Synchronizing object | f1_fold_brk
Fra:1 Mem:352.07M (Peak 357.96M) | Time:00:00.14 | Mem:0.00M, Peak:0.00M | Scene, ViewLayer | Synchronizing object | f1_bar_v
Fra:1 Mem:352.07M (Peak 357.96M) | Time:00:00.14 | Mem:0.00M, Peak:0.00M | Scene, ViewLayer | Synchronizing object | f1_waterbar
Fra:1 Mem:352.09M (Peak 357.96M) | Time:00:00.14 | Mem:0.00M, Peak:0.00M | Scene, ViewLayer | Synchronizing object | f1_floorlt0
Fra:1 Mem:352.09M (Peak 357.96M) | Time:00:00.14 | Mem:0.00M, Peak:0.00M | Scene, ViewLayer | Synchronizing object | f1_floorlt2
Fra:1 Mem:335.09M (Peak 357.96M) | Time:00:00.14 | Mem:0.00M, Peak:0.00M | Scene, ViewLayer | Synchronizing object | lt_spot_liv01
Fra:1 Mem:335.10M (Peak 357.96M) | Time:00:00.14 | Mem:0.00M, Peak:0.00M | Scene, ViewLayer | Synchronizing object | lt_spot_liv02
Fra:1 Mem:335.10M (Peak 357.96M) | Time:00:00.14 | Mem:0.00M, Peak:0.00M | Scene, ViewLayer | Synchronizing object | lt_spot_liv04
Fra:1 Mem:335.11M (Peak 357.96M) | Time:00:00.14 | Mem:0.00M, Peak:0.00M | Scene, ViewLayer | Synchronizing object | lt_spot_liv06
Fra:1 Mem:335.11M (Peak 357.96M) | Time:00:00.14 | Mem:0.00M, Peak:0.00M | Scene, ViewLayer | Synchronizing object | lt_spot_liv07
Fra:1 Mem:334.59M (Peak 357.96M) | Time:00:00.14 | Mem:0.00M, Peak:0.00M | Scene, ViewLayer | Synchronizing object | lt_spot_liv09
Fra:1 Mem:334.59M (Peak 357.96M) | Time:00:00.14 | Mem:0.00M, Peak:0.00M | Scene, ViewLayer | Synchronizing object | lt_spot_liv10
Fra:1 Mem:334.59M (Peak 357.96M) | Time:00:00.14 | Mem:0.00M, Peak:0.00M | Scene, ViewLayer | Synchronizing object | lt_spot_liv11
Fra:1 Mem:334.59M (Peak 357.96M) | Time:00:00.14 | Mem:0.00M, Peak:0.00M | Scene, ViewLayer | Synchronizing object | lt_spot_liv13
Fra:1 Mem:334.59M (Peak 357.96M) | Time:00:00.14 | Mem:0.00M, Peak:0.00M | Scene, ViewLayer | Synchronizing object | lt_spot_liv14
Fra:1 Mem:334.59M (Peak 357.96M) | Time:00:00.14 | Mem:0.00M, Peak:0.00M | Scene, ViewLayer | Synchronizing object | lt_spot_liv15
Fra:1 Mem:334.61M (Peak 357.96M) | Time:00:00.14 | Mem:0.00M, Peak:0.00M | Scene, ViewLayer | Synchronizing object | lt_spot_room0
Fra:1 Mem:334.61M (Peak 357.96M) | Time:00:00.14 | Mem:0.00M, Peak:0.00M | Scene, ViewLayer | Synchronizing object | lt_spot_room2
Fra:1 Mem:334.61M (Peak 357.96M) | Time:00:00.14 | Mem:0.00M, Peak:0.00M | Scene, ViewLayer | Synchronizing object | lt_spot_room3
Fra:1 Mem:334.61M (Peak 357.96M) | Time:00:00.14 | Mem:0.00M, Peak:0.00M | Scene, ViewLayer | Synchronizing object | lt_spot_room4
Fra:1 Mem:334.61M (Peak 357.96M) | Time:00:00.14 | Mem:0.00M, Peak:0.00M | Scene, ViewLayer | Synchronizing object | lt_spot_room6
Fra:1 Mem:334.61M (Peak 357.96M) | Time:00:00.14 | Mem:0.00M, Peak:0.00M | Scene, ViewLayer | Synchronizing object | lt_spot_room7
Fra:1 Mem:334.61M (Peak 357.96M) | Time:00:00.14 | Mem:0.00M, Peak:0.00M | Scene, ViewLayer | Synchronizing object | lt_spot_room8
Fra:1 Mem:334.61M (Peak 357.96M) | Time:00:00.14 | Mem:0.00M, Peak:0.00M | Scene, ViewLayer | Synchronizing object | lt_spot_room9
Fra:1 Mem:334.61M (Peak 357.96M) | Time:00:00.14 | Mem:0.00M, Peak:0.00M | Scene, ViewLayer | Synchronizing object | lt_spot_room11
Fra:1 Mem:334.61M (Peak 357.96M) | Time:00:00.14 | Mem:0.00M, Peak:0.00M | Scene, ViewLayer | Synchronizing object | lt_spot_room12
Fra:1 Mem:334.61M (Peak 357.96M) | Time:00:00.14 | Mem:0.00M, Peak:0.00M | Scene, ViewLayer | Synchronizing object | lt_spot_room13
Fra:1 Mem:334.61M (Peak 357.96M) | Time:00:00.14 | Mem:0.00M, Peak:0.00M | Scene, ViewLayer | Synchronizing object | lt_ceiling_master
Fra:1 Mem:334.61M (Peak 357.96M) | Time:00:00.14 | Mem:0.00M, Peak:0.00M | Scene, ViewLayer | Synchronizing object | lt_ceiling_parents
Fra:1 Mem:334.61M (Peak 357.96M) | Time:00:00.14 | Mem:0.00M, Peak:0.00M | Scene, ViewLayer | Synchronizing object | lt_ceiling_daughter
Fra:1 Mem:334.61M (Peak 357.96M) | Time:00:00.14 | Mem:0.00M, Peak:0.00M | Scene, ViewLayer | Synchronizing object | lt_wall0
Fra:1 Mem:334.61M (Peak 357.96M) | Time:00:00.14 | Mem:0.00M, Peak:0.00M | Scene, ViewLayer | Synchronizing object | lt_wall1
Fra:1 Mem:334.62M (Peak 357.96M) | Time:00:00.14 | Mem:0.00M, Peak:0.00M | Scene, ViewLayer | Synchronizing object | lt_wall2
Fra:1 Mem:334.62M (Peak 357.96M) | Time:00:00.14 | Mem:0.00M, Peak:0.00M | Scene, ViewLayer | Synchronizing object | lt_wall3
Fra:1 Mem:334.62M (Peak 357.96M) | Time:00:00.14 | Mem:0.00M, Peak:0.00M | Scene, ViewLayer | Synchronizing object | lt_strip_S
Fra:1 Mem:334.62M (Peak 357.96M) | Time:00:00.14 | Mem:0.00M, Peak:0.00M | Scene, ViewLayer | Synchronizing object | lt_strip_N
Fra:1 Mem:334.62M (Peak 357.96M) | Time:00:00.14 | Mem:0.00M, Peak:0.00M | Scene, ViewLayer | Synchronizing object | lt_strip_W
Fra:1 Mem:334.63M (Peak 357.96M) | Time:00:00.14 | Mem:0.00M, Peak:0.00M | Scene, ViewLayer | Synchronizing object | lt_strip_kc1
Fra:1 Mem:334.64M (Peak 357.96M) | Time:00:00.14 | Mem:0.00M, Peak:0.00M | Scene, ViewLayer | Synchronizing object | lt_strip_kc2
Fra:1 Mem:334.64M (Peak 357.96M) | Time:00:00.14 | Mem:0.00M, Peak:0.00M | Scene, ViewLayer | Synchronizing object | A_living_dining_balcony_sofa_01_back1
Fra:1 Mem:334.64M (Peak 357.96M) | Time:00:00.14 | Mem:0.00M, Peak:0.00M | Scene, ViewLayer | Synchronizing object | lt_strip_fyb
Fra:1 Mem:334.64M (Peak 357.96M) | Time:00:00.14 | Mem:0.00M, Peak:0.00M | Scene, ViewLayer | Synchronizing object | lt_strip_bc
Fra:1 Mem:334.65M (Peak 357.96M) | Time:00:00.14 | Mem:0.00M, Peak:0.00M | Scene, ViewLayer | Synchronizing object | lt_strip_bcg
Fra:1 Mem:334.65M (Peak 357.96M) | Time:00:00.14 | Mem:0.00M, Peak:0.00M | Scene, ViewLayer | Synchronizing object | lt_strip_cb
Fra:1 Mem:334.53M (Peak 357.96M) | Time:00:00.14 | Mem:0.00M, Peak:0.00M | Scene, ViewLayer | Synchronizing object | lt_strip_dt
Fra:1 Mem:332.43M (Peak 357.96M) | Time:00:00.14 | Mem:0.00M, Peak:0.00M | Scene, ViewLayer | Synchronizing object | lt_fill_son
Fra:1 Mem:332.43M (Peak 357.96M) | Time:00:00.14 | Mem:0.00M, Peak:0.00M | Scene, ViewLayer | Synchronizing object | lt_fill_pbath
Fra:1 Mem:332.43M (Peak 357.96M) | Time:00:00.14 | Mem:0.00M, Peak:0.00M | Scene, ViewLayer | Synchronizing object | lt_fill_mbath
Fra:1 Mem:332.43M (Peak 357.96M) | Time:00:00.14 | Mem:0.00M, Peak:0.00M | Scene, ViewLayer | Synchronizing object | lt_fill_master
Fra:1 Mem:332.43M (Peak 357.96M) | Time:00:00.14 | Mem:0.00M, Peak:0.00M | Scene, ViewLayer | Synchronizing object | lt_fill_corridor
Fra:1 Mem:332.43M (Peak 357.96M) | Time:00:00.14 | Mem:0.00M, Peak:0.00M | Scene, ViewLayer | Synchronizing object | A_living_dining_balcony_island_01_sideE
Fra:1 Mem:332.43M (Peak 357.96M) | Time:00:00.14 | Mem:0.00M, Peak:0.00M | Scene, ViewLayer | Synchronizing object | A_living_dining_balcony_island_01_backN
Fra:1 Mem:332.44M (Peak 357.96M) | Time:00:00.14 | Mem:0.00M, Peak:0.00M | Scene, ViewLayer | Synchronizing object | A_living_dining_balcony_island_01_oven
Fra:1 Mem:332.44M (Peak 357.96M) | Time:00:00.14 | Mem:0.00M, Peak:0.00M | Scene, ViewLayer | Synchronizing object | A_living_dining_balcony_sofa_01_back0
Fra:1 Mem:336.69M (Peak 357.96M) | Time:00:00.14 | Mem:0.00M, Peak:0.00M | Scene, ViewLayer | Synchronizing object | A_living_dining_balcony_island_01_drw_f0
Fra:1 Mem:336.70M (Peak 357.96M) | Time:00:00.14 | Mem:0.00M, Peak:0.00M | Scene, ViewLayer | Synchronizing object | A_living_dining_balcony_island_01_drw_p0
Fra:1 Mem:336.70M (Peak 357.96M) | Time:00:00.14 | Mem:0.00M, Peak:0.00M | Scene, ViewLayer | Synchronizing object | A_living_dining_balcony_sofa_01_leg3
Fra:1 Mem:336.72M (Peak 357.96M) | Time:00:00.14 | Mem:0.00M, Peak:0.00M | Scene, ViewLayer | Synchronizing object | A_living_dining_balcony_island_01_niche
Fra:1 Mem:336.73M (Peak 357.96M) | Time:00:00.14 | Mem:0.00M, Peak:0.00M | Scene, ViewLayer | Synchronizing object | A_living_dining_balcony_island_01_sh0
Fra:1 Mem:336.73M (Peak 357.96M) | Time:00:00.14 | Mem:0.00M, Peak:0.00M | Scene, ViewLayer | Synchronizing object | A_living_dining_balcony_sofa_01_leg2
Fra:1 Mem:336.73M (Peak 357.96M) | Time:00:00.14 | Mem:0.00M, Peak:0.00M | Scene, ViewLayer | Synchronizing object | A_living_dining_balcony_island_01_top
Fra:1 Mem:336.73M (Peak 357.96M) | Time:00:00.14 | Mem:0.00M, Peak:0.00M | Scene, ViewLayer | Synchronizing object | A_living_dining_balcony_tv_cabinet_01_body
Fra:1 Mem:336.74M (Peak 357.96M) | Time:00:00.14 | Mem:0.00M, Peak:0.00M | Scene, ViewLayer | Synchronizing object | A_living_dining_balcony_tv_cabinet_01_door_f0
Fra:1 Mem:336.74M (Peak 357.96M) | Time:00:00.14 | Mem:0.00M, Peak:0.00M | Scene, ViewLayer | Synchronizing object | A_living_dining_balcony_island_02_leg2
Fra:1 Mem:353.74M (Peak 357.96M) | Time:00:00.14 | Mem:0.00M, Peak:0.00M | Scene, ViewLayer | Synchronizing object | A_living_dining_balcony_dining_chair_01_seat
Fra:1 Mem:353.76M (Peak 357.96M) | Time:00:00.14 | Mem:0.00M, Peak:0.00M | Scene, ViewLayer | Synchronizing object | A_living_dining_balcony_sofa_01_leg1
Fra:1 Mem:353.76M (Peak 357.96M) | Time:00:00.14 | Mem:0.00M, Peak:0.00M | Scene, ViewLayer | Synchronizing object | A_living_dining_balcony_dining_chair_01_back0
Fra:1 Mem:353.76M (Peak 357.96M) | Time:00:00.14 | Mem:0.00M, Peak:0.00M | Scene, ViewLayer | Synchronizing object | A_living_dining_balcony_sofa_01_leg0
Fra:1 Mem:353.93M (Peak 357.96M) | Time:00:00.14 | Mem:0.00M, Peak:0.00M | Scene, ViewLayer | Synchronizing object | A_living_dining_balcony_dining_chair_01_back1
Fra:1 Mem:354.00M (Peak 357.96M) | Time:00:00.14 | Mem:0.00M, Peak:0.00M | Scene, ViewLayer | Synchronizing object | A_living_dining_balcony_dining_chair_01_leg01
Fra:1 Mem:354.02M (Peak 357.96M) | Time:00:00.14 | Mem:0.00M, Peak:0.00M | Scene, ViewLayer | Synchronizing object | A_living_dining_balcony_dining_chair_01_leg01.001
Fra:1 Mem:354.02M (Peak 357.96M) | Time:00:00.14 | Mem:0.00M, Peak:0.00M | Scene, ViewLayer | Synchronizing object | A_living_dining_balcony_dining_chair_01_leg11
Fra:1 Mem:354.03M (Peak 357.96M) | Time:00:00.14 | Mem:0.00M, Peak:0.00M | Scene, ViewLayer | Synchronizing object | A_living_dining_balcony_dining_chair_01_leg11.001
Fra:1 Mem:354.03M (Peak 357.96M) | Time:00:00.14 | Mem:0.00M, Peak:0.00M | Scene, ViewLayer | Synchronizing object | A_living_dining_balcony_dining_chair_02_leg01.001
Fra:1 Mem:354.04M (Peak 357.96M) | Time:00:00.14 | Mem:0.00M, Peak:0.00M | Scene, ViewLayer | Synchronizing object | A_living_dining_balcony_dining_chair_02_leg11
Fra:1 Mem:354.04M (Peak 357.96M) | Time:00:00.14 | Mem:0.00M, Peak:0.00M | Scene, ViewLayer | Synchronizing object | A_living_dining_balcony_dining_chair_03_seat
Fra:1 Mem:354.05M (Peak 357.96M) | Time:00:00.14 | Mem:0.00M, Peak:0.00M | Scene, ViewLayer | Synchronizing object | A_living_dining_balcony_dining_chair_03_leg11.001
Fra:1 Mem:356.30M (Peak 357.96M) | Time:00:00.14 | Mem:0.00M, Peak:0.00M | Scene, ViewLayer | Synchronizing object | A_living_dining_balcony_dining_chair_04_leg11
Fra:1 Mem:356.32M (Peak 357.96M) | Time:00:00.14 | Mem:0.00M, Peak:0.00M | Scene, ViewLayer | Synchronizing object | A_living_dining_balcony_sofa_01_base
Fra:1 Mem:430.33M (Peak 471.17M) | Time:00:00.24 | Mem:0.00M, Peak:0.00M | Scene, ViewLayer | Initializing
Fra:1 Mem:419.49M (Peak 471.17M) | Time:00:00.25 | Mem:0.00M, Peak:0.00M | Scene, ViewLayer | Updating Images | Loading tree_small_02_nor_gl
Fra:1 Mem:419.49M (Peak 471.17M) | Time:00:00.25 | Mem:0.00M, Peak:0.00M | Scene, ViewLayer | Updating Images | Loading jacaranda_tree_trunk_rough
Fra:1 Mem:419.49M (Peak 471.17M) | Time:00:00.25 | Mem:0.00M, Peak:0.00M | Scene, ViewLayer | Updating Images | Loading tree_small_02_rough
Fra:1 Mem:446.59M (Peak 539.62M) | Time:00:00.31 | Mem:72.00M, Peak:72.00M | Scene, ViewLayer | Waiting for render to start
Fra:1 Mem:446.59M (Peak 539.62M) | Time:00:00.31 | Mem:72.00M, Peak:72.00M | Scene, ViewLayer | Updating Scene
Fra:1 Mem:446.59M (Peak 539.62M) | Time:00:00.31 | Mem:72.00M, Peak:72.00M | Scene, ViewLayer | Updating Shaders
Fra:1 Mem:446.59M (Peak 539.62M) | Time:00:00.31 | Mem:72.00M, Peak:72.00M | Scene, ViewLayer | Loading render kernels (may take a few minutes the first time)
Fra:1 Mem:446.72M (Peak 539.62M) | Time:00:01.15 | Mem:72.07M, Peak:72.07M | Scene, ViewLayer | Updating Procedurals
Fra:1 Mem:446.72M (Peak 539.62M) | Time:00:01.15 | Mem:72.07M, Peak:72.07M | Scene, ViewLayer | Updating Background
Fra:1 Mem:446.72M (Peak 539.62M) | Time:00:01.15 | Mem:72.07M, Peak:72.07M | Scene, ViewLayer | Updating Camera
Fra:1 Mem:446.72M (Peak 539.62M) | Time:00:01.15 | Mem:72.07M, Peak:72.07M | Scene, ViewLayer | Updating Meshes Flags
Fra:1 Mem:446.72M (Peak 539.62M) | Time:00:01.15 | Mem:72.07M, Peak:72.07M | Scene, ViewLayer | Updating Objects
Fra:1 Mem:446.72M (Peak 539.62M) | Time:00:01.15 | Mem:72.07M, Peak:72.07M | Scene, ViewLayer | Updating Objects | Copying Transformations to device
Fra:1 Mem:447.06M (Peak 539.62M) | Time:00:01.15 | Mem:72.39M, Peak:72.39M | Scene, ViewLayer | Updating Particle Systems
Fra:1 Mem:447.06M (Peak 539.62M) | Time:00:01.15 | Mem:72.39M, Peak:72.39M | Scene, ViewLayer | Updating Particle Systems | Copying Particles to device
Fra:1 Mem:447.06M (Peak 539.62M) | Time:00:01.15 | Mem:72.39M, Peak:72.39M | Scene, ViewLayer | Updating Meshes
Fra:1 Mem:516.47M (Peak 539.62M) | Time:00:01.94 | Mem:72.39M, Peak:72.39M | Scene, ViewLayer | Updating Objects | Applying Static Transformations
Fra:1 Mem:516.47M (Peak 539.62M) | Time:00:01.94 | Mem:72.39M, Peak:72.39M | Scene, ViewLayer | Updating Mesh | Computing attributes
Fra:1 Mem:623.51M (Peak 623.51M) | Time:00:01.98 | Mem:72.49M, Peak:72.49M | Scene, ViewLayer | Updating Mesh | Copying Attributes to device
Fra:1 Mem:623.35M (Peak 623.51M) | Time:00:02.01 | Mem:179.27M, Peak:179.27M | Scene, ViewLayer | Updating Geometry BVH ceil_living_r1S_mesh 2/121 | Building BVH
Fra:1 Mem:623.35M (Peak 623.51M) | Time:00:02.01 | Mem:179.27M, Peak:179.27M | Scene, ViewLayer | Updating Geometry BVH ceil_living_slab_mesh 10/121 | Building BVH
Fra:1 Mem:623.35M (Peak 623.51M) | Time:00:02.01 | Mem:179.27M, Peak:179.27M | Scene, ViewLayer | Updating Geometry BVH ceil_foyer_slab_mesh 16/159 | Building BVH
Fra:1 Mem:623.35M (Peak 623.51M) | Time:00:02.01 | Mem:179.27M, Peak:179.27M | Scene, ViewLayer | Updating Geometry BVH ceil_daughter_ac_mesh 19/451 | Building BVH
Fra:1 Mem:623.35M (Peak 623.51M) | Time:00:02.01 | Mem:179.27M, Peak:179.27M | Scene, ViewLayer | Updating Geometry BVH ceil_son_ac_mesh 20/513 | Building BVH
Fra:1 Mem:623.35M (Peak 623.51M) | Time:00:02.01 | Mem:179.27M, Peak:179.27M | Scene, ViewLayer | Updating Geometry BVH ceil_bay_slab_mesh 21/1211 | Building BVH
Fra:1 Mem:623.35M (Peak 623.51M) | Time:00:02.01 | Mem:179.27M, Peak:179.27M | Scene, ViewLayer | Updating Geometry BVH light 1403/1402 | Building BVH
Fra:1 Mem:623.35M (Peak 623.51M) | Time:00:02.01 | Mem:179.47M, Peak:179.47M | Scene, ViewLayer | Updating Geometry BVH ceil_public_bath_wet_fill_mesh 23/1402 | Building BVH
Fra:1 Mem:623.35M (Peak 623.51M) | Time:00:02.01 | Mem:179.48M, Peak:179.48M | Scene, ViewLayer | Updating Geometry BVH lt_strip_tv_mesh 1402/1402 | Building BVH
Fra:1 Mem:623.35M (Peak 623.51M) | Time:00:02.01 | Mem:179.48M, Peak:179.49M | Scene, ViewLayer | Updating Geometry BVH ceil_master_bath_fill_mesh 24/1402 | Building BVH
Fra:1 Mem:623.35M (Peak 623.51M) | Time:00:02.01 | Mem:179.49M, Peak:179.49M | Scene, ViewLayer | Updating Geometry BVH ceil_corridor_fill_mesh 25/1402 | Building BVH
Fra:1 Mem:623.35M (Peak 623.51M) | Time:00:02.02 | Mem:179.50M, Peak:179.50M | Scene, ViewLayer | Updating Geometry BVH ceil_elevator_hall_fill_mesh 26/1402 | Building BVH
Fra:1 Mem:623.35M (Peak 623.51M) | Time:00:02.02 | Mem:179.51M, Peak:179.51M | Scene, ViewLayer | Updating Geometry BVH fx_ceiling_master_bedroom_mesh 27/1402 | Building BVH
Fra:1 Mem:623.35M (Peak 623.51M) | Time:00:02.02 | Mem:179.51M, Peak:179.51M | Scene, ViewLayer | Updating Geometry BVH fx_ceiling_parents_room_mesh 28/1402 | Building BVH
Fra:1 Mem:623.35M (Peak 623.51M) | Time:00:02.02 | Mem:179.51M, Peak:179.51M | Scene, ViewLayer | Updating Geometry BVH fx_ceiling_daughter_room_mesh 29/1402 | Building BVH
Fra:1 Mem:623.35M (Peak 623.51M) | Time:00:02.02 | Mem:179.52M, Peak:179.52M | Scene, ViewLayer | Updating Geometry BVH fx_ceiling_son_room_mesh 30/1402 | Building BVH
Fra:1 Mem:623.35M (Peak 623.51M) | Time:00:02.02 | Mem:179.57M, Peak:179.58M | Scene, ViewLayer | Updating Geometry BVH fx_spot_living00_mesh 31/1402 | Building BVH
Fra:1 Mem:623.35M (Peak 623.51M) | Time:00:02.02 | Mem:179.57M, Peak:179.58M | Scene, ViewLayer | Updating Geometry BVH fx_spot_living00_r_mesh 32/1402 | Building BVH
Fra:1 Mem:623.35M (Peak 623.51M) | Time:00:02.02 | Mem:179.60M, Peak:179.60M | Scene, ViewLayer | Updating Geometry BVH fx_spot_living01_mesh 33/1402 | Building BVH
Fra:1 Mem:623.35M (Peak 623.51M) | Time:00:02.02 | Mem:179.60M, Peak:179.61M | Scene, ViewLayer | Updating Geometry BVH fx_spot_living01_r_mesh 34/1402 | Building BVH
Fra:1 Mem:623.35M (Peak 623.51M) | Time:00:02.02 | Mem:179.62M, Peak:179.62M | Scene, ViewLayer | Updating Geometry BVH fx_spot_living02_mesh 35/1402 | Building BVH
Fra:1 Mem:623.35M (Peak 623.51M) | Time:00:02.02 | Mem:179.62M, Peak:179.62M | Scene, ViewLayer | Updating Geometry BVH fx_spot_living02_r_mesh 36/1402 | Building BVH
Fra:1 Mem:623.35M (Peak 623.51M) | Time:00:02.02 | Mem:179.64M, Peak:179.64M | Scene, ViewLayer | Updating Geometry BVH fx_spot_living03_mesh 37/1402 | Building BVH
Fra:1 Mem:623.35M (Peak 623.51M) | Time:00:02.02 | Mem:179.67M, Peak:179.68M | Scene, ViewLayer | Updating Geometry BVH fx_spot_living03_r_mesh 38/1402 | Building BVH
Fra:1 Mem:623.35M (Peak 623.51M) | Time:00:02.02 | Mem:179.67M, Peak:179.68M | Scene, ViewLayer | Updating Geometry BVH fx_spot_living04_mesh 39/1402 | Building BVH
Fra:1 Mem:623.35M (Peak 623.51M) | Time:00:02.02 | Mem:179.68M, Peak:179.68M | Scene, ViewLayer | Updating Geometry BVH fx_spot_living04_r_mesh 40/1402 | Building BVH
Fra:1 Mem:623.35M (Peak 623.51M) | Time:00:02.02 | Mem:179.69M, Peak:179.69M | Scene, ViewLayer | Updating Geometry BVH lt_pendant_02 1401/1402 | Building BVH
Fra:1 Mem:623.35M (Peak 623.51M) | Time:00:02.02 | Mem:179.71M, Peak:179.71M | Scene, ViewLayer | Updating Geometry BVH fx_spot_living05_mesh 41/1402 | Building BVH
Fra:1 Mem:623.35M (Peak 623.51M) | Time:00:02.02 | Mem:179.73M, Peak:179.73M | Scene, ViewLayer | Updating Geometry BVH fx_spot_living05_r_mesh 42/1402 | Building BVH
Fra:1 Mem:623.35M (Peak 623.51M) | Time:00:02.02 | Mem:179.73M, Peak:179.73M | Scene, ViewLayer | Updating Geometry BVH fx_spot_living06_mesh 43/1402 | Building BVH
Fra:1 Mem:623.35M (Peak 623.51M) | Time:00:02.02 | Mem:179.76M, Peak:179.76M | Scene, ViewLayer | Updating Geometry BVH fx_spot_living06_r_mesh 44/1402 | Building BVH
Fra:1 Mem:623.35M (Peak 623.51M) | Time:00:02.02 | Mem:179.79M, Peak:179.79M | Scene, ViewLayer | Updating Geometry BVH fx_spot_living07_mesh 45/1402 | Building BVH
Fra:1 Mem:623.35M (Peak 623.51M) | Time:00:02.02 | Mem:179.79M, Peak:179.79M | Scene, ViewLayer | Updating Geometry BVH fx_spot_living07_r_mesh 46/1402 | Building BVH
Fra:1 Mem:623.35M (Peak 623.51M) | Time:00:02.02 | Mem:179.79M, Peak:179.79M | Scene, ViewLayer | Updating Geometry BVH fx_spot_living08_mesh 47/1402 | Building BVH
Fra:1 Mem:623.35M (Peak 623.51M) | Time:00:02.02 | Mem:179.79M, Peak:179.79M | Scene, ViewLayer | Updating Geometry BVH fx_spot_living08_r_mesh 48/1402 | Building BVH
Fra:1 Mem:623.35M (Peak 623.51M) | Time:00:02.02 | Mem:179.80M, Peak:179.80M | Scene, ViewLayer | Updating Geometry BVH fx_spot_living09_mesh 49/1402 | Building BVH
Fra:1 Mem:623.35M (Peak 623.51M) | Time:00:02.02 | Mem:179.82M, Peak:179.82M | Scene, ViewLayer | Updating Geometry BVH fx_spot_living09_r_mesh 50/1402 | Building BVH
Fra:1 Mem:623.35M (Peak 623.51M) | Time:00:02.02 | Mem:179.82M, Peak:179.82M | Scene, ViewLayer | Updating Geometry BVH fx_spot_living10_mesh 51/1402 | Building BVH
Fra:1 Mem:623.35M (Peak 623.51M) | Time:00:02.02 | Mem:179.84M, Peak:179.84M | Scene, ViewLayer | Updating Geometry BVH fx_spot_living10_r_mesh 52/1402 | Building BVH
Fra:1 Mem:623.35M (Peak 623.51M) | Time:00:02.02 | Mem:179.83M, Peak:179.84M | Scene, ViewLayer | Updating Geometry BVH fx_spot_living11_mesh 53/1402 | Building BVH
Fra:1 Mem:623.35M (Peak 623.51M) | Time:00:02.02 | Mem:179.84M, Peak:179.84M | Scene, ViewLayer | Updating Geometry BVH fx_spot_living11_r_mesh 54/1402 | Building BVH
Fra:1 Mem:623.35M (Peak 623.51M) | Time:00:02.02 | Mem:179.88M, Peak:179.88M | Scene, ViewLayer | Updating Geometry BVH fx_spot_living12_mesh 55/1402 | Building BVH
Fra:1 Mem:623.35M (Peak 623.51M) | Time:00:02.02 | Mem:179.88M, Peak:179.88M | Scene, ViewLayer | Updating Geometry BVH fx_spot_living12_r_mesh 56/1402 | Building BVH
Fra:1 Mem:623.35M (Peak 623.51M) | Time:00:02.02 | Mem:179.91M, Peak:179.91M | Scene, ViewLayer | Updating Geometry BVH fx_spot_living13_mesh 57/1402 | Building BVH
Fra:1 Mem:623.35M (Peak 623.51M) | Time:00:02.02 | Mem:179.93M, Peak:179.93M | Scene, ViewLayer | Updating Geometry BVH fx_spot_living13_r_mesh 58/1402 | Building BVH
Fra:1 Mem:623.35M (Peak 623.51M) | Time:00:02.02 | Mem:179.94M, Peak:179.94M | Scene, ViewLayer | Updating Geometry BVH fx_spot_living14_mesh 59/1402 | Building BVH
Fra:1 Mem:623.35M (Peak 623.51M) | Time:00:02.02 | Mem:179.99M, Peak:179.99M | Scene, ViewLayer | Updating Geometry BVH lt_pendant_01 1400/1402 | Building BVH
Fra:1 Mem:623.35M (Peak 623.51M) | Time:00:02.02 | Mem:180.00M, Peak:180.00M | Scene, ViewLayer | Updating Geometry BVH fx_spot_living14_r_mesh 60/1402 | Building BVH
Fra:1 Mem:623.35M (Peak 623.51M) | Time:00:02.02 | Mem:180.00M, Peak:180.00M | Scene, ViewLayer | Updating Geometry BVH fx_spot_living15_r_mesh 62/1402 | Building BVH
Fra:1 Mem:623.35M (Peak 623.51M) | Time:00:02.02 | Mem:180.00M, Peak:180.00M | Scene, ViewLayer | Updating Geometry BVH fx_spot_living16_mesh 63/1402 | Building BVH
Fra:1 Mem:623.35M (Peak 623.51M) | Time:00:02.02 | Mem:180.04M, Peak:180.04M | Scene, ViewLayer | Updating Geometry BVH fx_spot_living16_r_mesh 64/1402 | Building BVH
Fra:1 Mem:623.35M (Peak 623.51M) | Time:00:02.02 | Mem:180.07M, Peak:180.07M | Scene, ViewLayer | Updating Geometry BVH fx_spot_room0_mesh 65/1402 | Building BVH
Fra:1 Mem:623.35M (Peak 623.51M) | Time:00:02.02 | Mem:180.07M, Peak:180.08M | Scene, ViewLayer | Updating Geometry BVH fx_spot_room1_mesh 66/1402 | Building BVH
Fra:1 Mem:623.35M (Peak 623.51M) | Time:00:02.02 | Mem:180.07M, Peak:180.08M | Scene, ViewLayer | Updating Geometry BVH fx_spot_room3_mesh 68/1402 | Building BVH
Fra:1 Mem:623.35M (Peak 623.51M) | Time:00:02.02 | Mem:180.10M, Peak:180.10M | Scene, ViewLayer | Updating Geometry BVH fx_spot_room4_mesh 69/1402 | Building BVH
Fra:1 Mem:623.35M (Peak 623.51M) | Time:00:02.02 | Mem:180.15M, Peak:180.15M | Scene, ViewLayer | Updating Geometry BVH fx_spot_room5_mesh 70/1402 | Building BVH
Fra:1 Mem:623.35M (Peak 623.51M) | Time:00:02.02 | Mem:180.16M, Peak:180.16M | Scene, ViewLayer | Updating Geometry BVH fx_spot_room6_mesh 71/1402 | Building BVH
Fra:1 Mem:623.35M (Peak 623.51M) | Time:00:02.02 | Mem:180.15M, Peak:180.16M | Scene, ViewLayer | Updating Geometry BVH fx_spot_room7_mesh 72/1402 | Building BVH
Fra:1 Mem:623.35M (Peak 623.51M) | Time:00:02.02 | Mem:180.15M, Peak:180.16M | Scene, ViewLayer | Updating Geometry BVH fx_art_wall_A_mesh 1399/1402 | Building BVH
Fra:1 Mem:623.35M (Peak 623.51M) | Time:00:02.02 | Mem:180.17M, Peak:180.17M | Scene, ViewLayer | Updating Geometry BVH out_ground_mesh 73/1402 | Building BVH
Fra:1 Mem:623.35M (Peak 623.51M) | Time:00:02.02 | Mem:180.19M, Peak:180.19M | Scene, ViewLayer | Updating Geometry BVH out_path_s_mesh 74/1402 | Building BVH
Fra:1 Mem:623.35M (Peak 623.51M) | Time:00:02.02 | Mem:180.19M, Peak:180.19M | Scene, ViewLayer | Updating Geometry BVH out_path_n_mesh 75/1402 | Building BVH
Fra:1 Mem:623.35M (Peak 623.51M) | Time:00:02.02 | Mem:180.24M, Peak:180.24M | Scene, ViewLayer | Updating Geometry BVH fx_chair_A6s_leg11_mesh.001 1398/1402 | Building BVH
Fra:1 Mem:623.35M (Peak 623.51M) | Time:00:02.02 | Mem:180.24M, Peak:180.24M | Scene, ViewLayer | Updating Geometry BVH out_bldg_n_mesh 79/1402 | Building BVH
Fra:1 Mem:623.35M (Peak 623.51M) | Time:00:02.03 | Mem:180.27M, Peak:180.27M | Scene, ViewLayer | Updating Geometry BVH floor_living_dining_balcony_mesh 80/1402 | Building BVH
Fra:1 Mem:623.35M (Peak 623.51M) | Time:00:02.03 | Mem:180.27M, Peak:180.27M | Scene, ViewLayer | Updating Geometry BVH floor_daughter_room_mesh 82/1402 | Building BVH
Fra:1 Mem:623.35M (Peak 623.51M) | Time:00:02.03 | Mem:180.27M, Peak:180.27M | Scene, ViewLayer | Updating Geometry BVH floor_corridor_0_mesh 84/1402 | Building BVH
Fra:1 Mem:623.35M (Peak 623.51M) | Time:00:02.03 | Mem:180.27M, Peak:180.27M | Scene, ViewLayer | Updating Geometry BVH floor_corridor_1_mesh 85/1402 | Building BVH
Fra:1 Mem:623.35M (Peak 623.51M) | Time:00:02.03 | Mem:180.27M, Peak:180.27M | Scene, ViewLayer | Updating Geometry BVH floor_son_room_mesh 86/1402 | Building BVH
Fra:1 Mem:623.35M (Peak 623.51M) | Time:00:02.03 | Mem:180.28M, Peak:180.28M | Scene, ViewLayer | Updating Geometry BVH floor_master_bath_mesh 87/1402 | Building BVH
Fra:1 Mem:623.35M (Peak 623.51M) | Time:00:02.03 | Mem:180.28M, Peak:180.28M | Scene, ViewLayer | Updating Geometry BVH floor_terrace_mesh 89/1402 | Building BVH
Fra:1 Mem:623.35M (Peak 623.51M) | Time:00:02.03 | Mem:180.33M, Peak:180.33M | Scene, ViewLayer | Updating Geometry BVH floor_parents_room_mesh 90/1402 | Building BVH
Fra:1 Mem:623.35M (Peak 623.51M) | Time:00:02.03 | Mem:180.35M, Peak:180.35M | Scene, ViewLayer | Updating Geometry BVH floor_foyer_mesh 91/1402 | Building BVH
Fra:1 Mem:623.35M (Peak 623.51M) | Time:00:02.03 | Mem:180.35M, Peak:180.35M | Scene, ViewLayer | Updating Geometry BVH fx_chair_A6s_leg11_mesh 1397/1402 | Building BVH
Fra:1 Mem:623.35M (Peak 623.51M) | Time:00:02.03 | Mem:180.35M, Peak:180.35M | Scene, ViewLayer | Updating Geometry BVH floor_elevator_hall_mesh 92/1402 | Building BVH
Fra:1 Mem:623.35M (Peak 623.51M) | Time:00:02.03 | Mem:180.36M, Peak:180.36M | Scene, ViewLayer | Updating Geometry BVH W01_s00_mesh 93/1402 | Building BVH
Fra:1 Mem:623.35M (Peak 623.51M) | Time:00:02.03 | Mem:180.38M, Peak:180.38M | Scene, ViewLayer | Updating Geometry BVH W01_s01_mesh 94/1402 | Building BVH
Fra:1 Mem:623.35M (Peak 623.51M) | Time:00:02.03 | Mem:180.38M, Peak:180.38M | Scene, ViewLayer | Updating Geometry BVH W01_s02_mesh 95/1402 | Building BVH
Fra:1 Mem:623.35M (Peak 623.51M) | Time:00:02.03 | Mem:180.39M, Peak:180.39M | Scene, ViewLayer | Updating Geometry BVH W01_s03_mesh 96/1402 | Building BVH
Fra:1 Mem:623.35M (Peak 623.51M) | Time:00:02.03 | Mem:180.39M, Peak:180.40M | Scene, ViewLayer | Updating Geometry BVH W02_s00_mesh 97/1402 | Building BVH
Fra:1 Mem:623.35M (Peak 623.51M) | Time:00:02.03 | Mem:180.39M, Peak:180.40M | Scene, ViewLayer | Updating Geometry BVH fx_chair_A6s_leg01_mesh.001 1396/1402 | Building BVH
Fra:1 Mem:623.35M (Peak 623.51M) | Time:00:02.03 | Mem:180.42M, Peak:180.42M | Scene, ViewLayer | Updating Geometry BVH W02_s02_mesh 99/1402 | Building BVH
Fra:1 Mem:623.35M (Peak 623.51M) | Time:00:02.03 | Mem:180.43M, Peak:180.43M | Scene, ViewLayer | Updating Geometry BVH W02_s03_mesh 100/1402 | Building BVH
Fra:1 Mem:623.35M (Peak 623.51M) | Time:00:02.03 | Mem:180.43M, Peak:180.43M | Scene, ViewLayer | Updating Geometry BVH W02_s01_mesh 98/1402 | Building BVH
Fra:1 Mem:623.35M (Peak 623.51M) | Time:00:02.03 | Mem:180.44M, Peak:180.44M | Scene, ViewLayer | Updating Geometry BVH W04_s00_mesh 102/1402 | Building BVH
Fra:1 Mem:623.35M (Peak 623.51M) | Time:00:02.03 | Mem:180.46M, Peak:180.46M | Scene, ViewLayer | Updating Geometry BVH fx_chair_A6s_leg01_mesh 1395/1402 | Building BVH
Fra:1 Mem:623.35M (Peak 623.51M) | Time:00:02.03 | Mem:180.48M, Peak:180.48M | Scene, ViewLayer | Updating Geometry BVH BezierCurve.002 77/1402 | Building BVH
Fra:1 Mem:623.35M (Peak 623.51M) | Time:00:02.03 | Mem:184.73M, Peak:184.73M | Scene, ViewLayer | Updating Geometry BVH W05_s00_mesh 103/1402 | Building BVH
Fra:1 Mem:623.35M (Peak 623.51M) | Time:00:02.03 | Mem:184.75M, Peak:184.75M | Scene, ViewLayer | Updating Geometry BVH W05_s01_mesh 104/1402 | Building BVH
Fra:1 Mem:623.35M (Peak 623.51M) | Time:00:02.03 | Mem:184.75M, Peak:184.75M | Scene, ViewLayer | Updating Geometry BVH W05_s02_mesh 105/1402 | Building BVH
Fra:1 Mem:623.35M (Peak 623.51M) | Time:00:02.03 | Mem:184.75M, Peak:184.75M | Scene, ViewLayer | Updating Geometry BVH W05_s03_mesh 106/1402 | Building BVH
Fra:1 Mem:623.35M (Peak 623.51M) | Time:00:02.03 | Mem:184.80M, Peak:184.80M | Scene, ViewLayer | Updating Geometry BVH W06_s00_mesh 107/1402 | Building BVH
Fra:1 Mem:623.35M (Peak 623.51M) | Time:00:02.03 | Mem:184.81M, Peak:184.81M | Scene, ViewLayer | Updating Geometry BVH W06_s01_mesh 108/1402 | Building BVH
Fra:1 Mem:623.35M (Peak 623.51M) | Time:00:02.03 | Mem:184.81M, Peak:184.81M | Scene, ViewLayer | Updating Geometry BVH W06_s02_mesh 109/1402 | Building BVH
Fra:1 Mem:623.35M (Peak 623.51M) | Time:00:02.03 | Mem:184.81M, Peak:184.81M | Scene, ViewLayer | Updating Geometry BVH W06_s03_mesh 110/1402 | Building BVH
Fra:1 Mem:623.35M (Peak 623.51M) | Time:00:02.03 | Mem:184.81M, Peak:184.81M | Scene, ViewLayer | Updating Geometry BVH W07_s00_mesh 111/1402 | Building BVH
Fra:1 Mem:623.35M (Peak 623.51M) | Time:00:02.03 | Mem:184.82M, Peak:184.82M | Scene, ViewLayer | Updating Geometry BVH W07_s01_mesh 112/1402 | Building BVH
Fra:1 Mem:623.35M (Peak 623.51M) | Time:00:02.03 | Mem:184.83M, Peak:184.83M | Scene, ViewLayer | Updating Geometry BVH W07_s02_mesh 113/1402 | Building BVH
Fra:1 Mem:623.35M (Peak 623.51M) | Time:00:02.03 | Mem:184.84M, Peak:184.84M | Scene, ViewLayer | Updating Geometry BVH W08_s00_mesh 114/1402 | Building BVH
Fra:1 Mem:623.35M (Peak 623.51M) | Time:00:02.03 | Mem:184.85M, Peak:184.85M | Scene, ViewLayer | Updating Geometry BVH fx_chair_A6s_back1_mesh 1394/1402 | Building BVH
Fra:1 Mem:623.35M (Peak 623.51M) | Time:00:02.03 | Mem:184.89M, Peak:184.89M | Scene, ViewLayer | Updating Geometry BVH W08_s01_mesh 115/1402 | Building BVH
Fra:1 Mem:623.35M (Peak 623.51M) | Time:00:02.03 | Mem:184.89M, Peak:184.89M | Scene, ViewLayer | Updating Geometry BVH W08_s02_mesh 116/1402 | Building BVH
Fra:1 Mem:623.35M (Peak 623.51M) | Time:00:02.03 | Mem:184.89M, Peak:184.89M | Scene, ViewLayer | Updating Geometry BVH W09_s00_mesh 117/1402 | Building BVH
Fra:1 Mem:623.35M (Peak 623.51M) | Time:00:02.03 | Mem:184.89M, Peak:184.89M | Scene, ViewLayer | Updating Geometry BVH W10_s00_mesh 118/1402 | Building BVH
Fra:1 Mem:623.35M (Peak 623.51M) | Time:00:02.03 | Mem:184.91M, Peak:184.91M | Scene, ViewLayer | Updating Geometry BVH fx_chair_A6s_back0_mesh 1393/1402 | Building BVH
Fra:1 Mem:623.35M (Peak 623.51M) | Time:00:02.03 | Mem:184.92M, Peak:184.92M | Scene, ViewLayer | Updating Geometry BVH W10_s01_mesh 119/1402 | Building BVH
Fra:1 Mem:623.35M (Peak 623.51M) | Time:00:02.03 | Mem:184.92M, Peak:184.92M | Scene, ViewLayer | Updating Geometry BVH W10_s02_mesh 120/1402 | Building BVH
Fra:1 Mem:623.35M (Peak 623.51M) | Time:00:02.03 | Mem:184.94M, Peak:184.94M | Scene, ViewLayer | Updating Geometry BVH W10_s03_mesh 121/1402 | Building BVH
Fra:1 Mem:623.35M (Peak 623.51M) | Time:00:02.03 | Mem:184.96M, Peak:184.96M | Scene, ViewLayer | Updating Geometry BVH W11_s00_mesh 122/1402 | Building BVH
Fra:1 Mem:623.35M (Peak 623.51M) | Time:00:02.03 | Mem:184.95M, Peak:184.96M | Scene, ViewLayer | Updating Geometry BVH W12_s00_mesh 123/1402 | Building BVH
Fra:1 Mem:623.35M (Peak 623.51M) | Time:00:02.03 | Mem:191.70M, Peak:191.70M | Scene, ViewLayer | Updating Geometry BVH fx_chair_A6s_seat_mesh 1392/1402 | Building BVH
Fra:1 Mem:623.35M (Peak 623.51M) | Time:00:02.03 | Mem:191.70M, Peak:191.70M | Scene, ViewLayer | Updating Geometry BVH W12_s01_mesh 124/1402 | Building BVH
Fra:1 Mem:623.35M (Peak 623.51M) | Time:00:02.03 | Mem:191.70M, Peak:191.70M | Scene, ViewLayer | Updating Geometry BVH tree.016 76/1402 | Building BVH
Fra:1 Mem:623.35M (Peak 623.51M) | Time:00:02.03 | Mem:191.72M, Peak:191.72M | Scene, ViewLayer | Updating Geometry BVH W12_s02_mesh 125/1402 | Building BVH
Fra:1 Mem:623.35M (Peak 623.51M) | Time:00:02.03 | Mem:197.04M, Peak:197.04M | Scene, ViewLayer | Updating Geometry BVH W13_s00_mesh 126/1402 | Building BVH
Fra:1 Mem:623.35M (Peak 623.51M) | Time:00:02.03 | Mem:197.04M, Peak:197.04M | Scene, ViewLayer | Updating Geometry BVH W13_s01_mesh 127/1402 | Building BVH
Fra:1 Mem:623.35M (Peak 623.51M) | Time:00:02.03 | Mem:197.04M, Peak:197.04M | Scene, ViewLayer | Updating Geometry BVH W13_s02_mesh 128/1402 | Building BVH
Fra:1 Mem:623.35M (Peak 623.51M) | Time:00:02.03 | Mem:197.03M, Peak:197.04M | Scene, ViewLayer | Updating Geometry BVH W14_s02_mesh 131/1402 | Building BVH
Fra:1 Mem:623.35M (Peak 623.51M) | Time:00:02.03 | Mem:197.05M, Peak:197.05M | Scene, ViewLayer | Updating Geometry BVH W14_s03_mesh 132/1402 | Building BVH
Fra:1 Mem:623.35M (Peak 623.51M) | Time:00:02.03 | Mem:197.05M, Peak:197.05M | Scene, ViewLayer | Updating Geometry BVH W14_s04_mesh 133/1402 | Building BVH
Fra:1 Mem:623.35M (Peak 623.51M) | Time:00:02.03 | Mem:197.05M, Peak:197.05M | Scene, ViewLayer | Updating Geometry BVH W17_s00_mesh 138/1402 | Building BVH
Fra:1 Mem:623.35M (Peak 623.51M) | Time:00:02.03 | Mem:197.10M, Peak:197.10M | Scene, ViewLayer | Updating Geometry BVH W17_s01_mesh 139/1402 | Building BVH
Fra:1 Mem:623.35M (Peak 623.51M) | Time:00:02.03 | Mem:208.32M, Peak:208.32M | Scene, ViewLayer | Updating Geometry BVH W17_s02_mesh 140/1402 | Building BVH
Fra:1 Mem:623.35M (Peak 623.51M) | Time:00:02.03 | Mem:208.32M, Peak:208.32M | Scene, ViewLayer | Updating Geometry BVH fx_chair_A6n_leg11_mesh.001 1391/1402 | Building BVH
Fra:1 Mem:623.35M (Peak 623.51M) | Time:00:02.03 | Mem:208.32M, Peak:208.32M | Scene, ViewLayer | Updating Geometry BVH W18_s00_mesh 141/1402 | Building BVH
Fra:1 Mem:623.35M (Peak 623.51M) | Time:00:02.03 | Mem:208.32M, Peak:208.32M | Scene, ViewLayer | Updating Geometry BVH W18_s01_mesh 142/1402 | Building BVH
Fra:1 Mem:623.35M (Peak 623.51M) | Time:00:02.03 | Mem:208.32M, Peak:208.32M | Scene, ViewLayer | Updating Geometry BVH W18_s02_mesh 143/1402 | Building BVH
Fra:1 Mem:623.35M (Peak 623.51M) | Time:00:02.03 | Mem:208.33M, Peak:208.33M | Scene, ViewLayer | Updating Geometry BVH W18_s03_mesh 144/1402 | Building BVH
Fra:1 Mem:623.35M (Peak 623.51M) | Time:00:02.03 | Mem:208.36M, Peak:208.36M | Scene, ViewLayer | Updating Geometry BVH W19_s00_mesh 145/1402 | Building BVH
Fra:1 Mem:623.35M (Peak 623.51M) | Time:00:02.03 | Mem:208.38M, Peak:208.38M | Scene, ViewLayer | Updating Geometry BVH W19_s01_mesh 146/1402 | Building BVH
Fra:1 Mem:623.35M (Peak 623.51M) | Time:00:02.03 | Mem:208.39M, Peak:208.39M | Scene, ViewLayer | Updating Geometry BVH W19_s02_mesh 147/1402 | Building BVH
Fra:1 Mem:623.35M (Peak 623.51M) | Time:00:02.03 | Mem:208.40M, Peak:208.40M | Scene, ViewLayer | Updating Geometry BVH W20_s00_mesh 148/1402 | Building BVH
Fra:1 Mem:623.35M (Peak 623.51M) | Time:00:02.04 | Mem:208.41M, Peak:208.41M | Scene, ViewLayer | Updating Geometry BVH W21_s00_mesh 149/1402 | Building BVH
Fra:1 Mem:623.35M (Peak 623.51M) | Time:00:02.04 | Mem:208.41M, Peak:208.41M | Scene, ViewLayer | Updating Geometry BVH fx_chair_A6n_leg11_mesh 1390/1402 | Building BVH
Fra:1 Mem:623.35M (Peak 623.51M) | Time:00:02.04 | Mem:208.41M, Peak:208.41M | Scene, ViewLayer | Updating Geometry BVH W22_s00_mesh 150/1402 | Building BVH
Fra:1 Mem:623.35M (Peak 623.51M) | Time:00:02.04 | Mem:208.41M, Peak:208.41M | Scene, ViewLayer | Updating Geometry BVH W23_s00_mesh 152/1402 | Building BVH
Fra:1 Mem:623.35M (Peak 623.51M) | Time:00:02.04 | Mem:208.43M, Peak:208.43M | Scene, ViewLayer | Updating Geometry BVH W23_s01_mesh 153/1402 | Building BVH
Fra:1 Mem:623.35M (Peak 623.51M) | Time:00:02.04 | Mem:208.43M, Peak:208.43M | Scene, ViewLayer | Updating Geometry BVH W23_s02_mesh 154/1402 | Building BVH
Fra:1 Mem:623.35M (Peak 623.51M) | Time:00:02.04 | Mem:233.96M, Peak:233.96M | Scene, ViewLayer | Updating Geometry BVH W23_s03_mesh 155/1402 | Building BVH
Fra:1 Mem:623.35M (Peak 623.51M) | Time:00:02.04 | Mem:233.96M, Peak:233.96M | Scene, ViewLayer | Updating Geometry BVH fx_chair_A6n_leg01_mesh.001 1389/1402 | Building BVH
Fra:1 Mem:623.35M (Peak 623.51M) | Time:00:02.04 | Mem:233.96M, Peak:233.96M | Scene, ViewLayer | Updating Geometry BVH W27_s01_mesh 160/1402 | Building BVH
Fra:1 Mem:623.35M (Peak 623.51M) | Time:00:02.04 | Mem:233.96M, Peak:233.96M | Scene, ViewLayer | Updating Geometry BVH W27_s02_mesh 161/1402 | Building BVH
Fra:1 Mem:623.35M (Peak 623.51M) | Time:00:02.04 | Mem:233.96M, Peak:233.96M | Scene, ViewLayer | Updating Geometry BVH win_W01_0bot_mesh 164/1402 | Building BVH
Fra:1 Mem:623.35M (Peak 623.51M) | Time:00:02.04 | Mem:233.96M, Peak:233.96M | Scene, ViewLayer | Updating Geometry BVH win_W01_0lft_mesh 166/1402 | Building BVH
Fra:1 Mem:623.35M (Peak 623.51M) | Time:00:02.04 | Mem:233.96M, Peak:233.96M | Scene, ViewLayer | Updating Geometry BVH win_W01_0mul1_mesh 168/1402 | Building BVH
Fra:1 Mem:623.35M (Peak 623.51M) | Time:00:02.04 | Mem:233.97M, Peak:233.97M | Scene, ViewLayer | Updating Geometry BVH win_W02_0bot_mesh 170/1402 | Building BVH
Fra:1 Mem:623.35M (Peak 623.51M) | Time:00:02.04 | Mem:234.12M, Peak:234.13M | Scene, ViewLayer | Updating Geometry BVH win_W02_0top_mesh 171/1402 | Building BVH
Fra:1 Mem:623.35M (Peak 623.51M) | Time:00:02.04 | Mem:234.12M, Peak:234.13M | Scene, ViewLayer | Updating Geometry BVH win_W02_0lft_mesh 172/1402 | Building BVH
Fra:1 Mem:623.35M (Peak 623.51M) | Time:00:02.04 | Mem:234.12M, Peak:234.13M | Scene, ViewLayer | Updating Geometry BVH win_W05_0bot_mesh 175/1402 | Building BVH
Fra:1 Mem:623.35M (Peak 623.51M) | Time:00:02.04 | Mem:234.12M, Peak:234.13M | Scene, ViewLayer | Updating Geometry BVH win_W05_0top_mesh 176/1402 | Building BVH
Fra:1 Mem:623.35M (Peak 623.51M) | Time:00:02.04 | Mem:234.13M, Peak:234.13M | Scene, ViewLayer | Updating Geometry BVH fx_chair_A6n_leg01_mesh 1388/1402 | Building BVH
Fra:1 Mem:623.35M (Peak 623.51M) | Time:00:02.04 | Mem:234.16M, Peak:234.16M | Scene, ViewLayer | Updating Geometry BVH win_W05_0lft_mesh 177/1402 | Building BVH
Fra:1 Mem:623.35M (Peak 623.51M) | Time:00:02.04 | Mem:234.18M, Peak:234.18M | Scene, ViewLayer | Updating Geometry BVH win_W05_0rgt_mesh 178/1402 | Building BVH
Fra:1 Mem:623.35M (Peak 623.51M) | Time:00:02.04 | Mem:234.21M, Peak:234.21M | Scene, ViewLayer | Updating Geometry BVH win_W05_0glass_mesh 179/1402 | Building BVH
Fra:1 Mem:623.35M (Peak 623.51M) | Time:00:02.04 | Mem:234.21M, Peak:234.21M | Scene, ViewLayer | Updating Geometry BVH win_W06_0bot_mesh 180/1402 | Building BVH
Fra:1 Mem:623.35M (Peak 623.51M) | Time:00:02.04 | Mem:234.22M, Peak:234.22M | Scene, ViewLayer | Updating Geometry BVH win_W06_0top_mesh 181/1402 | Building BVH
Fra:1 Mem:623.35M (Peak 623.51M) | Time:00:02.04 | Mem:234.24M, Peak:234.24M | Scene, ViewLayer | Updating Geometry BVH win_W06_0lft_mesh 182/1402 | Building BVH
Fra:1 Mem:623.35M (Peak 623.51M) | Time:00:02.04 | Mem:234.24M, Peak:234.24M | Scene, ViewLayer | Updating Geometry BVH win_W06_0rgt_mesh 183/1402 | Building BVH
Fra:1 Mem:623.35M (Peak 623.51M) | Time:00:02.04 | Mem:234.24M, Peak:234.24M | Scene, ViewLayer | Updating Geometry BVH win_W06_0mul1_mesh 184/1402 | Building BVH
Fra:1 Mem:623.35M (Peak 623.51M) | Time:00:02.04 | Mem:234.24M, Peak:234.24M | Scene, ViewLayer | Updating Geometry BVH win_W06_0glass_mesh 185/1402 | Building BVH
Fra:1 Mem:623.35M (Peak 623.51M) | Time:00:02.04 | Mem:234.24M, Peak:234.24M | Scene, ViewLayer | Updating Geometry BVH win_W10_0bot_mesh 186/1402 | Building BVH
Fra:1 Mem:623.35M (Peak 623.51M) | Time:00:02.04 | Mem:234.24M, Peak:234.24M | Scene, ViewLayer | Updating Geometry BVH fx_chair_A6n_back1_mesh 1387/1402 | Building BVH
Fra:1 Mem:623.35M (Peak 623.51M) | Time:00:02.04 | Mem:234.24M, Peak:234.24M | Scene, ViewLayer | Updating Geometry BVH win_W10_0top_mesh 187/1402 | Building BVH
Fra:1 Mem:623.35M (Peak 623.51M) | Time:00:02.04 | Mem:234.25M, Peak:234.25M | Scene, ViewLayer | Updating Geometry BVH win_W10_0lft_mesh 188/1402 | Building BVH
Fra:1 Mem:623.35M (Peak 623.51M) | Time:00:02.04 | Mem:234.26M, Peak:234.26M | Scene, ViewLayer | Updating Geometry BVH win_W10_0rgt_mesh 189/1402 | Building BVH
Fra:1 Mem:623.35M (Peak 623.51M) | Time:00:02.04 | Mem:234.27M, Peak:234.27M | Scene, ViewLayer | Updating Geometry BVH win_W10_0glass_mesh 190/1402 | Building BVH
Fra:1 Mem:623.35M (Peak 623.51M) | Time:00:02.04 | Mem:234.31M, Peak:234.31M | Scene, ViewLayer | Updating Geometry BVH win_W18_0bot_mesh 191/1402 | Building BVH
Fra:1 Mem:623.35M (Peak 623.51M) | Time:00:02.04 | Mem:234.32M, Peak:234.33M | Scene, ViewLayer | Updating Geometry BVH win_W18_0top_mesh 192/1402 | Building BVH
Fra:1 Mem:623.35M (Peak 623.51M) | Time:00:02.04 | Mem:234.32M, Peak:234.33M | Scene, ViewLayer | Updating Geometry BVH win_W18_0lft_mesh 193/1402 | Building BVH
Fra:1 Mem:623.35M (Peak 623.51M) | Time:00:02.04 | Mem:234.33M, Peak:234.33M | Scene, ViewLayer | Updating Geometry BVH fx_chair_A6n_back0_mesh 1386/1402 | Building BVH
Fra:1 Mem:623.35M (Peak 623.51M) | Time:00:02.04 | Mem:234.35M, Peak:234.35M | Scene, ViewLayer | Updating Geometry BVH win_W18_0mul2_mesh 196/1402 | Building BVH
Fra:1 Mem:623.35M (Peak 623.51M) | Time:00:02.04 | Mem:234.35M, Peak:234.35M | Scene, ViewLayer | Updating Geometry BVH win_W18_0mul3_mesh 197/1402 | Building BVH
Fra:1 Mem:623.35M (Peak 623.51M) | Time:00:02.04 | Mem:234.35M, Peak:234.35M | Scene, ViewLayer | Updating Geometry BVH win_W18_0glass_mesh 198/1402 | Building BVH
Fra:1 Mem:623.35M (Peak 623.51M) | Time:00:02.04 | Mem:234.36M, Peak:234.36M | Scene, ViewLayer | Updating Geometry BVH win_W23_0bot_mesh 199/1402 | Building BVH
Fra:1 Mem:623.35M (Peak 623.51M) | Time:00:02.04 | Mem:234.38M, Peak:234.38M | Scene, ViewLayer | Updating Geometry BVH win_W23_0rgt_mesh 202/1402 | Building BVH
Fra:1 Mem:623.35M (Peak 623.51M) | Time:00:02.04 | Mem:234.39M, Peak:234.39M | Scene, ViewLayer | Updating Geometry BVH win_W23_0mul1_mesh 203/1402 | Building BVH
Fra:1 Mem:623.35M (Peak 623.51M) | Time:00:02.05 | Mem:234.42M, Peak:234.42M | Scene, ViewLayer | Updating Geometry BVH win_W23_0glass_mesh 204/1402 | Building BVH
Fra:1 Mem:623.35M (Peak 623.51M) | Time:00:02.05 | Mem:234.46M, Peak:234.47M | Scene, ViewLayer | Updating Geometry BVH door_W07_0jlfto_mesh 205/1402 | Building BVH
Fra:1 Mem:623.35M (Peak 623.51M) | Time:00:02.05 | Mem:234.46M, Peak:234.47M | Scene, ViewLayer | Updating Geometry BVH door_W07_0jlfti_mesh 206/1402 | Building BVH
Fra:1 Mem:623.35M (Peak 623.51M) | Time:00:02.05 | Mem:234.47M, Peak:234.47M | Scene, ViewLayer | Updating Geometry BVH door_W07_0jrgto_mesh 207/1402 | Building BVH
Fra:1 Mem:623.35M (Peak 623.51M) | Time:00:02.05 | Mem:234.47M, Peak:234.47M | Scene, ViewLayer | Updating Geometry BVH door_W07_0jrgti_mesh 208/1402 | Building BVH
Fra:1 Mem:623.35M (Peak 623.51M) | Time:00:02.05 | Mem:234.49M, Peak:234.49M | Scene, ViewLayer | Updating Geometry BVH door_W07_0jtopo_mesh 209/1402 | Building BVH
Fra:1 Mem:623.35M (Peak 623.51M) | Time:00:02.05 | Mem:234.49M, Peak:234.49M | Scene, ViewLayer | Updating Geometry BVH door_W07_0jtopi_mesh 210/1402 | Building BVH
Fra:1 Mem:623.35M (Peak 623.51M) | Time:00:02.05 | Mem:234.49M, Peak:234.49M | Scene, ViewLayer | Updating Geometry BVH door_W07_0lin_l_mesh 211/1402 | Building BVH
Fra:1 Mem:623.35M (Peak 623.51M) | Time:00:02.05 | Mem:234.49M, Peak:234.49M | Scene, ViewLayer | Updating Geometry BVH door_W07_0lin_r_mesh 212/1402 | Building BVH
Fra:1 Mem:623.35M (Peak 623.51M) | Time:00:02.05 | Mem:234.53M, Peak:234.53M | Scene, ViewLayer | Updating Geometry BVH door_W07_0lin_t_mesh 213/1402 | Building BVH
Fra:1 Mem:623.35M (Peak 623.51M) | Time:00:02.05 | Mem:234.55M, Peak:234.55M | Scene, ViewLayer | Updating Geometry BVH door_W07_0leaf_mesh 214/1402 | Building BVH
Fra:1 Mem:623.35M (Peak 623.51M) | Time:00:02.05 | Mem:258.89M, Peak:258.89M | Scene, ViewLayer | Updating Geometry BVH door_W07_0hdl_mesh 215/1402 | Building BVH
Fra:1 Mem:623.35M (Peak 623.51M) | Time:00:02.05 | Mem:258.89M, Peak:258.89M | Scene, ViewLayer | Updating Geometry BVH fx_chair_A6n_seat_mesh 1385/1402 | Building BVH
Fra:1 Mem:623.35M (Peak 623.51M) | Time:00:02.05 | Mem:258.89M, Peak:258.89M | Scene, ViewLayer | Updating Geometry BVH door_W08_0jlfto_mesh 216/1402 | Building BVH
Fra:1 Mem:623.35M (Peak 623.51M) | Time:00:02.05 | Mem:258.89M, Peak:258.89M | Scene, ViewLayer | Updating Geometry BVH door_W08_0jlfti_mesh 217/1402 | Building BVH
Fra:1 Mem:623.35M (Peak 623.51M) | Time:00:02.05 | Mem:258.94M, Peak:258.94M | Scene, ViewLayer | Updating Geometry BVH door_W08_0jrgto_mesh 218/1402 | Building BVH
Fra:1 Mem:623.35M (Peak 623.51M) | Time:00:02.05 | Mem:258.94M, Peak:258.94M | Scene, ViewLayer | Updating Geometry BVH door_W08_0jrgti_mesh 219/1402 | Building BVH
Fra:1 Mem:623.35M (Peak 623.51M) | Time:00:02.05 | Mem:258.94M, Peak:258.94M | Scene, ViewLayer | Updating Geometry BVH door_W08_0jtopo_mesh 220/1402 | Building BVH
Fra:1 Mem:623.35M (Peak 623.51M) | Time:00:02.05 | Mem:258.96M, Peak:258.96M | Scene, ViewLayer | Updating Geometry BVH door_W08_0jtopi_mesh 221/1402 | Building BVH
Fra:1 Mem:623.35M (Peak 623.51M) | Time:00:02.05 | Mem:258.96M, Peak:258.96M | Scene, ViewLayer | Updating Geometry BVH door_W08_0lin_l_mesh 222/1402 | Building BVH
Fra:1 Mem:623.35M (Peak 623.51M) | Time:00:02.05 | Mem:258.96M, Peak:258.96M | Scene, ViewLayer | Updating Geometry BVH door_W08_0lin_r_mesh 223/1402 | Building BVH
Fra:1 Mem:623.35M (Peak 623.51M) | Time:00:02.05 | Mem:258.99M, Peak:258.99M | Scene, ViewLayer | Updating Geometry BVH door_W08_0lin_t_mesh 224/1402 | Building BVH
Fra:1 Mem:623.35M (Peak 623.51M) | Time:00:02.05 | Mem:258.99M, Peak:258.99M | Scene, ViewLayer | Updating Geometry BVH f1_tvw_art_mesh 1384/1402 | Building BVH
Fra:1 Mem:623.35M (Peak 623.51M) | Time:00:02.05 | Mem:258.99M, Peak:258.99M | Scene, ViewLayer | Updating Geometry BVH door_W08_0lft_mesh 225/1402 | Building BVH
Fra:1 Mem:623.35M (Peak 623.51M) | Time:00:02.05 | Mem:258.99M, Peak:258.99M | Scene, ViewLayer | Updating Geometry BVH door_W08_0rgt_mesh 226/1402 | Building BVH
Fra:1 Mem:623.35M (Peak 623.51M) | Time:00:02.05 | Mem:258.99M, Peak:258.99M | Scene, ViewLayer | Updating Geometry BVH door_W08_0top_mesh 227/1402 | Building BVH
Fra:1 Mem:623.35M (Peak 623.51M) | Time:00:02.05 | Mem:258.99M, Peak:258.99M | Scene, ViewLayer | Updating Geometry BVH door_W08_0bot_mesh 228/1402 | Building BVH
Fra:1 Mem:623.35M (Peak 623.51M) | Time:00:02.05 | Mem:258.99M, Peak:258.99M | Scene, ViewLayer | Updating Geometry BVH door_W08_0fglass_mesh 229/1402 | Building BVH
Fra:1 Mem:623.35M (Peak 623.51M) | Time:00:02.05 | Mem:259.00M, Peak:259.00M | Scene, ViewLayer | Updating Geometry BVH door_W08_0hdl_mesh 230/1402 | Building BVH
Fra:1 Mem:623.35M (Peak 623.51M) | Time:00:02.05 | Mem:259.00M, Peak:259.00M | Scene, ViewLayer | Updating Geometry BVH door_W13_0jlfto_mesh 231/1402 | Building BVH
Fra:1 Mem:623.35M (Peak 623.51M) | Time:00:02.05 | Mem:259.01M, Peak:259.01M | Scene, ViewLayer | Updating Geometry BVH door_W13_0jlfti_mesh 232/1402 | Building BVH
Fra:1 Mem:623.35M (Peak 623.51M) | Time:00:02.05 | Mem:259.03M, Peak:259.03M | Scene, ViewLayer | Updating Geometry BVH door_W13_0jrgto_mesh 233/1402 | Building BVH
Fra:1 Mem:623.35M (Peak 623.51M) | Time:00:02.05 | Mem:259.03M, Peak:259.03M | Scene, ViewLayer | Updating Geometry BVH door_W13_0jrgti_mesh 234/1402 | Building BVH
Fra:1 Mem:623.35M (Peak 623.51M) | Time:00:02.05 | Mem:259.09M, Peak:259.09M | Scene, ViewLayer | Updating Geometry BVH door_W13_0jtopo_mesh 235/1402 | Building BVH
Fra:1 Mem:623.35M (Peak 623.51M) | Time:00:02.05 | Mem:259.10M, Peak:259.10M | Scene, ViewLayer | Updating Geometry BVH door_W13_0jtopi_mesh 236/1402 | Building BVH
Fra:1 Mem:623.35M (Peak 623.51M) | Time:00:02.05 | Mem:259.10M, Peak:259.10M | Scene, ViewLayer | Updating Geometry BVH door_W13_0lin_l_mesh 237/1402 | Building BVH
Fra:1 Mem:623.35M (Peak 623.51M) | Time:00:02.05 | Mem:259.10M, Peak:259.10M | Scene, ViewLayer | Updating Geometry BVH door_W13_0lin_r_mesh 238/1402 | Building BVH
Fra:1 Mem:623.35M (Peak 623.51M) | Time:00:02.05 | Mem:259.11M, Peak:259.11M | Scene, ViewLayer | Updating Geometry BVH door_W13_0lin_t_mesh 239/1402 | Building BVH
Fra:1 Mem:623.35M (Peak 623.51M) | Time:00:02.05 | Mem:259.14M, Peak:259.14M | Scene, ViewLayer | Updating Geometry BVH door_W13_0leaf_mesh 240/1402 | Building BVH
Fra:1 Mem:623.35M (Peak 623.51M) | Time:00:02.05 | Mem:259.14M, Peak:259.14M | Scene, ViewLayer | Updating Geometry BVH door_W13_0hdl_mesh 241/1402 | Building BVH
Fra:1 Mem:623.35M (Peak 623.51M) | Time:00:02.05 | Mem:259.14M, Peak:259.14M | Scene, ViewLayer | Updating Geometry BVH door_W14_0jlfto_mesh 242/1402 | Building BVH
Fra:1 Mem:623.35M (Peak 623.51M) | Time:00:02.05 | Mem:259.15M, Peak:259.15M | Scene, ViewLayer | Updating Geometry BVH door_W14_0jlfti_mesh 243/1402 | Building BVH
Fra:1 Mem:623.35M (Peak 623.51M) | Time:00:02.05 | Mem:259.16M, Peak:259.16M | Scene, ViewLayer | Updating Geometry BVH f1_tvw_art_frame_mesh 1383/1402 | Building BVH
Fra:1 Mem:623.35M (Peak 623.51M) | Time:00:02.05 | Mem:278.67M, Peak:278.67M | Scene, ViewLayer | Updating Geometry BVH door_W14_0jrgti_mesh 245/1402 | Building BVH
Fra:1 Mem:623.35M (Peak 623.51M) | Time:00:02.05 | Mem:278.67M, Peak:278.67M | Scene, ViewLayer | Updating Geometry BVH door_W14_0jtopi_mesh 247/1402 | Building BVH
Fra:1 Mem:623.35M (Peak 623.51M) | Time:00:02.05 | Mem:278.67M, Peak:278.67M | Scene, ViewLayer | Updating Geometry BVH door_W14_0lin_l_mesh 248/1402 | Building BVH
Fra:1 Mem:623.35M (Peak 623.51M) | Time:00:02.05 | Mem:278.67M, Peak:278.67M | Scene, ViewLayer | Updating Geometry BVH door_W14_0lin_r_mesh 249/1402 | Building BVH
Fra:1 Mem:623.35M (Peak 623.51M) | Time:00:02.05 | Mem:278.67M, Peak:278.67M | Scene, ViewLayer | Updating Geometry BVH door_W14_0jrgto_mesh 244/1402 | Building BVH
Fra:1 Mem:623.35M (Peak 623.51M) | Time:00:02.05 | Mem:278.67M, Peak:278.67M | Scene, ViewLayer | Updating Geometry BVH door_W14_0leaf_mesh 251/1402 | Building BVH
Fra:1 Mem:623.35M (Peak 623.51M) | Time:00:02.05 | Mem:278.71M, Peak:278.71M | Scene, ViewLayer | Updating Geometry BVH f1_tvw_slat14_mesh 1382/1402 | Building BVH
Fra:1 Mem:623.35M (Peak 623.51M) | Time:00:02.05 | Mem:278.75M, Peak:278.75M | Scene, ViewLayer | Updating Geometry BVH f1_tvw_slat13_mesh 1381/1402 | Building BVH
Fra:1 Mem:623.35M (Peak 623.51M) | Time:00:02.05 | Mem:278.76M, Peak:278.76M | Scene, ViewLayer | Updating Geometry BVH door_W14_0hdl_mesh 252/1402 | Building BVH
Fra:1 Mem:623.35M (Peak 623.51M) | Time:00:02.06 | Mem:278.77M, Peak:278.77M | Scene, ViewLayer | Updating Geometry BVH f1_tvw_slat12_mesh 1380/1402 | Building BVH
Fra:1 Mem:623.35M (Peak 623.51M) | Time:00:02.06 | Mem:278.78M, Peak:278.78M | Scene, ViewLayer | Updating Geometry BVH door_W14_1jlfto_mesh 253/1402 | Building BVH
Fra:1 Mem:623.35M (Peak 623.51M) | Time:00:02.06 | Mem:278.78M, Peak:278.78M | Scene, ViewLayer | Updating Geometry BVH f1_tvw_slat11_mesh 1379/1402 | Building BVH
Fra:1 Mem:623.35M (Peak 623.51M) | Time:00:02.06 | Mem:278.79M, Peak:278.79M | Scene, ViewLayer | Updating Geometry BVH f1_tvw_slat10_mesh 1378/1402 | Building BVH
Fra:1 Mem:623.35M (Peak 623.51M) | Time:00:02.06 | Mem:278.80M, Peak:278.80M | Scene, ViewLayer | Updating Geometry BVH f1_tvw_slat09_mesh 1377/1402 | Building BVH
Fra:1 Mem:623.35M (Peak 623.51M) | Time:00:02.06 | Mem:278.81M, Peak:278.81M | Scene, ViewLayer | Updating Geometry BVH f1_tvw_slat08_mesh 1376/1402 | Building BVH
Fra:1 Mem:623.35M (Peak 623.51M) | Time:00:02.06 | Mem:278.82M, Peak:278.82M | Scene, ViewLayer | Updating Geometry BVH f1_tvw_slat07_mesh 1375/1402 | Building BVH
Fra:1 Mem:623.35M (Peak 623.51M) | Time:00:02.06 | Mem:278.83M, Peak:278.83M | Scene, ViewLayer | Updating Geometry BVH f1_tvw_slat06_mesh 1374/1402 | Building BVH
Fra:1 Mem:623.35M (Peak 623.51M) | Time:00:02.06 | Mem:278.84M, Peak:278.84M | Scene, ViewLayer | Updating Geometry BVH f1_tvw_slat05_mesh 1373/1402 | Building BVH
Fra:1 Mem:623.35M (Peak 623.51M) | Time:00:02.06 | Mem:278.85M, Peak:278.85M | Scene, ViewLayer | Updating Geometry BVH f1_tvw_slat04_mesh 1372/1402 | Building BVH
Fra:1 Mem:623.35M (Peak 623.51M) | Time:00:02.06 | Mem:278.86M, Peak:278.86M | Scene, ViewLayer | Updating Geometry BVH f1_tvw_slat03_mesh 1371/1402 | Building BVH
Fra:1 Mem:623.35M (Peak 623.51M) | Time:00:02.06 | Mem:278.87M, Peak:278.87M | Scene, ViewLayer | Updating Geometry BVH f1_tvw_slat02_mesh 1370/1402 | Building BVH
Fra:1 Mem:623.35M (Peak 623.51M) | Time:00:02.06 | Mem:278.87M, Peak:278.88M | Scene, ViewLayer | Updating Geometry BVH f1_tvw_slat01_mesh 1369/1402 | Building BVH
Fra:1 Mem:623.35M (Peak 623.51M) | Time:00:02.06 | Mem:278.88M, Peak:278.88M | Scene, ViewLayer | Updating Geometry BVH f1_tvw_slat00_mesh 1368/1402 | Building BVH
Fra:1 Mem:623.35M (Peak 623.51M) | Time:00:02.06 | Mem:278.89M, Peak:278.89M | Scene, ViewLayer | Updating Geometry BVH f1_tvw_led_t_mesh 1367/1402 | Building BVH
Fra:1 Mem:623.35M (Peak 623.51M) | Time:00:02.06 | Mem:278.90M, Peak:278.90M | Scene, ViewLayer | Updating Geometry BVH f1_tvw_led_n_mesh 1366/1402 | Building BVH
Fra:1 Mem:623.35M (Peak 623.51M) | Time:00:02.07 | Mem:278.91M, Peak:278.91M | Scene, ViewLayer | Updating Geometry BVH f1_tvw_led_s_mesh 1365/1402 | Building BVH
Fra:1 Mem:623.35M (Peak 623.51M) | Time:00:02.07 | Mem:278.92M, Peak:278.92M | Scene, ViewLayer | Updating Geometry BVH f1_tvw_panel_mesh 1364/1402 | Building BVH
Fra:1 Mem:623.35M (Peak 623.51M) | Time:00:02.07 | Mem:278.93M, Peak:278.93M | Scene, ViewLayer | Updating Geometry BVH f1_tvc_strip_mesh 1363/1402 | Building BVH
Fra:1 Mem:623.35M (Peak 623.51M) | Time:00:02.07 | Mem:278.94M, Peak:278.94M | Scene, ViewLayer | Updating Geometry BVH f1_tvc_topline_mesh 1362/1402 | Building BVH
Fra:1 Mem:623.35M (Peak 623.51M) | Time:00:02.07 | Mem:278.95M, Peak:278.95M | Scene, ViewLayer | Updating Geometry BVH f1_tvc_gap_mesh 1361/1402 | Building BVH
Fra:1 Mem:623.35M (Peak 623.51M) | Time:00:02.07 | Mem:278.96M, Peak:278.96M | Scene, ViewLayer | Updating Geometry BVH f1_tvc_body_mesh 1360/1402 | Building BVH
Fra:1 Mem:623.35M (Peak 623.51M) | Time:00:02.07 | Mem:278.97M, Peak:278.97M | Scene, ViewLayer | Updating Geometry BVH fx_curt_living_bo_e_A_mesh 1359/1402 | Building BVH
Fra:1 Mem:623.35M (Peak 623.51M) | Time:00:02.07 | Mem:278.98M, Peak:278.98M | Scene, ViewLayer | Updating Geometry BVH fx_curt_living_bo_w_A_mesh 1358/1402 | Building BVH
Fra:1 Mem:623.35M (Peak 623.51M) | Time:00:02.07 | Mem:278.99M, Peak:279.00M | Scene, ViewLayer | Updating Geometry BVH fx_curt_living_sheer_A_mesh 1357/1402 | Building BVH
Fra:1 Mem:623.35M (Peak 623.51M) | Time:00:02.07 | Mem:279.03M, Peak:279.04M | Scene, ViewLayer | Updating Geometry BVH A_living_dining_balcony_lounge_chair_01_arm1_mesh 1356/1402 | Building BVH
Fra:1 Mem:623.35M (Peak 623.51M) | Time:00:02.07 | Mem:279.05M, Peak:279.05M | Scene, ViewLayer | Updating Geometry BVH A_living_dining_balcony_lounge_chair_01_arm0_mesh 1355/1402 | Building BVH
Fra:1 Mem:623.35M (Peak 623.51M) | Time:00:02.08 | Mem:279.06M, Peak:279.06M | Scene, ViewLayer | Updating Geometry BVH A_living_dining_balcony_lounge_chair_01_leg3_mesh 1354/1402 | Building BVH
Fra:1 Mem:623.35M (Peak 623.51M) | Time:00:02.08 | Mem:279.07M, Peak:279.07M | Scene, ViewLayer | Updating Geometry BVH A_living_dining_balcony_lounge_chair_01_leg2_mesh 1353/1402 | Building BVH
Fra:1 Mem:623.35M (Peak 623.51M) | Time:00:02.08 | Mem:279.08M, Peak:279.08M | Scene, ViewLayer | Updating Geometry BVH A_living_dining_balcony_lounge_chair_01_leg1_mesh 1352/1402 | Building BVH
Fra:1 Mem:623.35M (Peak 623.51M) | Time:00:02.12 | Mem:279.09M, Peak:279.09M | Scene, ViewLayer | Updating Geometry BVH A_living_dining_balcony_lounge_chair_01_leg0_mesh 1351/1402 | Building BVH
Fra:1 Mem:623.35M (Peak 623.51M) | Time:00:02.12 | Mem:279.10M, Peak:279.10M | Scene, ViewLayer | Updating Geometry BVH A_living_dining_balcony_lounge_chair_01_back_mesh 1350/1402 | Building BVH
Fra:1 Mem:623.35M (Peak 623.51M) | Time:00:02.12 | Mem:279.11M, Peak:279.12M | Scene, ViewLayer | Updating Geometry BVH A_living_dining_balcony_lounge_chair_01_seat_mesh 1349/1402 | Building BVH
Fra:1 Mem:623.35M (Peak 623.51M) | Time:00:02.12 | Mem:279.11M, Peak:279.12M | Scene, ViewLayer | Updating Geometry BVH door_W14_1jrgto_mesh 255/1402 | Building BVH
Fra:1 Mem:623.35M (Peak 623.51M) | Time:00:02.12 | Mem:279.11M, Peak:279.12M | Scene, ViewLayer | Updating Geometry BVH door_W14_1jlfti_mesh 254/1402 | Building BVH
Fra:1 Mem:623.35M (Peak 623.51M) | Time:00:02.12 | Mem:279.15M, Peak:279.15M | Scene, ViewLayer | Updating Geometry BVH door_W14_1jrgti_mesh 256/1402 | Building BVH
Fra:1 Mem:623.35M (Peak 623.51M) | Time:00:02.12 | Mem:279.15M, Peak:279.15M | Scene, ViewLayer | Updating Geometry BVH door_W14_1jtopo_mesh 257/1402 | Building BVH
Fra:1 Mem:623.35M (Peak 623.51M) | Time:00:02.12 | Mem:279.15M, Peak:279.15M | Scene, ViewLayer | Updating Geometry BVH A_living_dining_balcony_floor_lamp_01_shade_mesh 1348/1402 | Building BVH
Fra:1 Mem:623.35M (Peak 623.51M) | Time:00:02.12 | Mem:279.16M, Peak:279.16M | Scene, ViewLayer | Updating Geometry BVH door_W14_1jtopi_mesh 258/1402 | Building BVH
Fra:1 Mem:623.35M (Peak 623.51M) | Time:00:02.12 | Mem:279.17M, Peak:279.17M | Scene, ViewLayer | Updating Geometry BVH door_W14_1lin_l_mesh 259/1402 | Building BVH
Fra:1 Mem:623.35M (Peak 623.51M) | Time:00:02.12 | Mem:279.17M, Peak:279.17M | Scene, ViewLayer | Updating Geometry BVH door_W14_1lin_r_mesh 260/1402 | Building BVH
Fra:1 Mem:623.35M (Peak 623.51M) | Time:00:02.12 | Mem:279.17M, Peak:279.17M | Scene, ViewLayer | Updating Geometry BVH door_W14_1lft_mesh 262/1402 | Building BVH
Fra:1 Mem:623.35M (Peak 623.51M) | Time:00:02.12 | Mem:265.09M, Peak:279.25M | Scene, ViewLayer | Updating Geometry BVH door_W14_1rgt_mesh 263/1402 | Building BVH
Fra:1 Mem:623.35M (Peak 623.51M) | Time:00:02.12 | Mem:265.10M, Peak:279.25M | Scene, ViewLayer | Updating Geometry BVH door_W14_1top_mesh 264/1402 | Building BVH
Fra:1 Mem:623.35M (Peak 623.51M) | Time:00:02.13 | Mem:265.11M, Peak:279.25M | Scene, ViewLayer | Updating Geometry BVH A_living_dining_balcony_floor_lamp_01_arc 1347/1402 | Building BVH
Fra:1 Mem:623.36M (Peak 623.51M) | Time:00:02.13 | Mem:265.17M, Peak:279.25M | Scene, ViewLayer | Updating Geometry BVH A_living_dining_balcony_floor_lamp_01_base_mesh 1346/1402 | Building BVH
Fra:1 Mem:623.36M (Peak 623.51M) | Time:00:02.13 | Mem:265.19M, Peak:279.25M | Scene, ViewLayer | Updating Geometry BVH A_living_dining_balcony_tv_01_screen_mesh 1345/1402 | Building BVH
Fra:1 Mem:623.36M (Peak 623.51M) | Time:00:02.13 | Mem:265.20M, Peak:279.25M | Scene, ViewLayer | Updating Geometry BVH A_living_dining_balcony_rug_01_border3_mesh 1344/1402 | Building BVH
Fra:1 Mem:623.36M (Peak 623.51M) | Time:00:02.13 | Mem:265.21M, Peak:279.25M | Scene, ViewLayer | Updating Geometry BVH A_living_dining_balcony_rug_01_border2_mesh 1343/1402 | Building BVH
Fra:1 Mem:623.36M (Peak 623.51M) | Time:00:02.13 | Mem:265.22M, Peak:279.25M | Scene, ViewLayer | Updating Geometry BVH A_living_dining_balcony_rug_01_border1_mesh 1342/1402 | Building BVH
Fra:1 Mem:623.36M (Peak 623.51M) | Time:00:02.13 | Mem:265.23M, Peak:279.25M | Scene, ViewLayer | Updating Geometry BVH A_living_dining_balcony_rug_01_border0_mesh 1341/1402 | Building BVH
Fra:1 Mem:623.36M (Peak 623.51M) | Time:00:02.13 | Mem:265.24M, Peak:279.25M | Scene, ViewLayer | Updating Geometry BVH A_living_dining_balcony_rug_01_pile_mesh 1340/1402 | Building BVH
Fra:1 Mem:623.36M (Peak 623.51M) | Time:00:02.13 | Mem:265.25M, Peak:279.25M | Scene, ViewLayer | Updating Geometry BVH A_living_dining_balcony_coffee_table_01_leg2_mesh 1339/1402 | Building BVH
Fra:1 Mem:623.36M (Peak 623.51M) | Time:00:02.13 | Mem:265.26M, Peak:279.25M | Scene, ViewLayer | Updating Geometry BVH A_living_dining_balcony_coffee_table_01_leg1_mesh 1338/1402 | Building BVH
Fra:1 Mem:623.36M (Peak 623.51M) | Time:00:02.13 | Mem:265.27M, Peak:279.25M | Scene, ViewLayer | Updating Geometry BVH A_living_dining_balcony_coffee_table_01_leg0_mesh 1337/1402 | Building BVH
Fra:1 Mem:623.36M (Peak 623.51M) | Time:00:02.14 | Mem:265.28M, Peak:279.25M | Scene, ViewLayer | Updating Geometry BVH A_living_dining_balcony_coffee_table_01_top_mesh 1336/1402 | Building BVH
Fra:1 Mem:623.36M (Peak 623.51M) | Time:00:02.14 | Mem:265.29M, Peak:279.25M | Scene, ViewLayer | Updating Geometry BVH A_living_dining_balcony_ottoman_01_base_mesh 1335/1402 | Building BVH
Fra:1 Mem:623.36M (Peak 623.51M) | Time:00:02.14 | Mem:265.30M, Peak:279.25M | Scene, ViewLayer | Updating Geometry BVH A_living_dining_balcony_ottoman_01_pad_mesh 1334/1402 | Building BVH
Fra:1 Mem:623.36M (Peak 623.51M) | Time:00:02.14 | Mem:265.31M, Peak:279.25M | Scene, ViewLayer | Updating Geometry BVH A_living_dining_balcony_sofa_01_pillow_brick_mesh 1333/1402 | Building BVH
Fra:1 Mem:623.36M (Peak 623.51M) | Time:00:02.14 | Mem:265.33M, Peak:279.25M | Scene, ViewLayer | Updating Geometry BVH A_living_dining_balcony_sofa_01_pillow_olive_mesh 1332/1402 | Building BVH
Fra:1 Mem:623.36M (Peak 623.51M) | Time:00:02.14 | Mem:265.35M, Peak:279.25M | Scene, ViewLayer | Updating Geometry BVH A_living_dining_balcony_sofa_01_arm1_mesh 1331/1402 | Building BVH
Fra:1 Mem:623.36M (Peak 623.51M) | Time:00:02.14 | Mem:265.36M, Peak:279.25M | Scene, ViewLayer | Updating Geometry BVH A_living_dining_balcony_sofa_01_arm0_mesh 1330/1402 | Building BVH
Fra:1 Mem:623.36M (Peak 623.51M) | Time:00:02.14 | Mem:265.38M, Peak:279.25M | Scene, ViewLayer | Updating Geometry BVH A_living_dining_balcony_sofa_01_seat2_mesh 1329/1402 | Building BVH
Fra:1 Mem:623.36M (Peak 623.51M) | Time:00:02.15 | Mem:265.39M, Peak:279.25M | Scene, ViewLayer | Updating Geometry BVH A_living_dining_balcony_sofa_01_seat1_mesh 1328/1402 | Building BVH
Fra:1 Mem:623.36M (Peak 623.51M) | Time:00:02.15 | Mem:265.41M, Peak:279.25M | Scene, ViewLayer | Updating Geometry BVH A_living_dining_balcony_sofa_01_seat0_mesh 1327/1402 | Building BVH
Fra:1 Mem:623.36M (Peak 623.51M) | Time:00:02.15 | Mem:265.42M, Peak:279.25M | Scene, ViewLayer | Updating Geometry BVH A_living_dining_balcony_sofa_01_back2_mesh 1326/1402 | Building BVH
Fra:1 Mem:623.36M (Peak 623.51M) | Time:00:02.15 | Mem:265.44M, Peak:279.25M | Scene, ViewLayer | Updating Geometry BVH A_living_dining_balcony_sofa_01_back1_mesh 1325/1402 | Building BVH
Fra:1 Mem:623.36M (Peak 623.51M) | Time:00:02.15 | Mem:265.46M, Peak:279.25M | Scene, ViewLayer | Updating Geometry BVH A_living_dining_balcony_sofa_01_back0_mesh 1324/1402 | Building BVH
Fra:1 Mem:623.36M (Peak 623.51M) | Time:00:02.16 | Mem:265.47M, Peak:279.25M | Scene, ViewLayer | Updating Geometry BVH A_living_dining_balcony_sofa_01_leg3_mesh 1323/1402 | Building BVH
Fra:1 Mem:623.36M (Peak 623.51M) | Time:00:02.16 | Mem:265.48M, Peak:279.25M | Scene, ViewLayer | Updating Geometry BVH A_living_dining_balcony_sofa_01_leg2_mesh 1322/1402 | Building BVH
Fra:1 Mem:623.36M (Peak 623.51M) | Time:00:02.16 | Mem:265.49M, Peak:279.25M | Scene, ViewLayer | Updating Geometry BVH A_living_dining_balcony_sofa_01_leg1_mesh 1321/1402 | Building BVH
Fra:1 Mem:623.36M (Peak 623.51M) | Time:00:02.16 | Mem:265.50M, Peak:279.25M | Scene, ViewLayer | Updating Geometry BVH A_living_dining_balcony_sofa_01_leg0_mesh 1320/1402 | Building BVH
Fra:1 Mem:623.36M (Peak 623.51M) | Time:00:02.16 | Mem:265.51M, Peak:279.25M | Scene, ViewLayer | Updating Geometry BVH A_living_dining_balcony_sofa_01_base_mesh 1319/1402 | Building BVH
Fra:1 Mem:623.36M (Peak 623.51M) | Time:00:02.16 | Mem:265.52M, Peak:279.25M | Scene, ViewLayer | Updating Geometry BVH A_living_dining_balcony_dining_chair_04_leg11_mesh.001 1318/1402 | Building BVH
Fra:1 Mem:623.36M (Peak 623.51M) | Time:00:02.16 | Mem:265.53M, Peak:279.25M | Scene, ViewLayer | Updating Geometry BVH A_living_dining_balcony_dining_chair_04_leg11_mesh 1317/1402 | Building BVH
Fra:1 Mem:623.36M (Peak 623.51M) | Time:00:02.16 | Mem:265.55M, Peak:279.25M | Scene, ViewLayer | Updating Geometry BVH A_living_dining_balcony_dining_chair_04_leg01_mesh.001 1316/1402 | Building BVH
Fra:1 Mem:623.36M (Peak 623.51M) | Time:00:02.16 | Mem:265.56M, Peak:279.25M | Scene, ViewLayer | Updating Geometry BVH A_living_dining_balcony_dining_chair_04_leg01_mesh 1315/1402 | Building BVH
Fra:1 Mem:623.36M (Peak 623.51M) | Time:00:02.16 | Mem:265.57M, Peak:279.25M | Scene, ViewLayer | Updating Geometry BVH A_living_dining_balcony_dining_chair_04_back1_mesh 1314/1402 | Building BVH
Fra:1 Mem:623.36M (Peak 623.51M) | Time:00:02.17 | Mem:265.59M, Peak:279.25M | Scene, ViewLayer | Updating Geometry BVH A_living_dining_balcony_dining_chair_04_back0_mesh 1313/1402 | Building BVH
Fra:1 Mem:623.36M (Peak 623.51M) | Time:00:02.17 | Mem:265.61M, Peak:279.25M | Scene, ViewLayer | Updating Geometry BVH A_living_dining_balcony_dining_chair_04_seat_mesh 1312/1402 | Building BVH
Fra:1 Mem:623.36M (Peak 623.51M) | Time:00:02.17 | Mem:265.62M, Peak:279.25M | Scene, ViewLayer | Updating Geometry BVH A_living_dining_balcony_dining_chair_03_leg11_mesh.001 1311/1402 | Building BVH
Fra:1 Mem:623.36M (Peak 623.51M) | Time:00:02.17 | Mem:265.64M, Peak:279.25M | Scene, ViewLayer | Updating Geometry BVH A_living_dining_balcony_dining_chair_03_leg11_mesh 1310/1402 | Building BVH
Fra:1 Mem:623.36M (Peak 623.51M) | Time:00:02.17 | Mem:265.65M, Peak:279.25M | Scene, ViewLayer | Updating Geometry BVH A_living_dining_balcony_dining_chair_03_leg01_mesh.001 1309/1402 | Building BVH
Fra:1 Mem:623.36M (Peak 623.51M) | Time:00:02.17 | Mem:265.66M, Peak:279.25M | Scene, ViewLayer | Updating Geometry BVH door_W14_1bot_mesh 265/1402 | Building BVH
Fra:1 Mem:623.36M (Peak 623.51M) | Time:00:02.17 | Mem:265.67M, Peak:279.25M | Scene, ViewLayer | Updating Geometry BVH door_W15_0jlfti_mesh 269/1402 | Building BVH
Fra:1 Mem:623.36M (Peak 623.51M) | Time:00:02.17 | Mem:265.67M, Peak:279.25M | Scene, ViewLayer | Updating Geometry BVH door_W15_0jrgti_mesh 271/1402 | Building BVH
Fra:1 Mem:623.36M (Peak 623.51M) | Time:00:02.17 | Mem:265.67M, Peak:279.25M | Scene, ViewLayer | Updating Geometry BVH door_W15_0jtopo_mesh 272/1402 | Building BVH
Fra:1 Mem:623.36M (Peak 623.51M) | Time:00:02.17 | Mem:265.67M, Peak:279.25M | Scene, ViewLayer | Updating Geometry BVH door_W15_0lin_t_mesh 276/1402 | Building BVH
Fra:1 Mem:623.36M (Peak 623.51M) | Time:00:02.17 | Mem:265.67M, Peak:279.25M | Scene, ViewLayer | Updating Geometry BVH door_W15_0_glass_mesh 281/1402 | Building BVH
Fra:1 Mem:623.36M (Peak 623.51M) | Time:00:02.17 | Mem:265.67M, Peak:279.25M | Scene, ViewLayer | Updating Geometry BVH door_W15_1_bot_mesh 282/1402 | Building BVH
Fra:1 Mem:623.36M (Peak 623.51M) | Time:00:02.17 | Mem:265.68M, Peak:279.25M | Scene, ViewLayer | Updating Geometry BVH A_living_dining_balcony_dining_chair_03_leg01_mesh 1308/1402 | Building BVH
Fra:1 Mem:623.36M (Peak 623.51M) | Time:00:02.17 | Mem:265.85M, Peak:279.25M | Scene, ViewLayer | Updating Geometry BVH door_W15_1_top_mesh 283/1402 | Building BVH
Fra:1 Mem:623.36M (Peak 623.51M) | Time:00:02.17 | Mem:265.85M, Peak:279.25M | Scene, ViewLayer | Updating Geometry BVH A_living_dining_balcony_dining_chair_03_back1_mesh 1307/1402 | Building BVH
Fra:1 Mem:623.36M (Peak 623.51M) | Time:00:02.17 | Mem:265.85M, Peak:279.25M | Scene, ViewLayer | Updating Geometry BVH door_W15_1_lft_mesh 284/1402 | Building BVH
Fra:1 Mem:623.36M (Peak 623.51M) | Time:00:02.17 | Mem:265.87M, Peak:279.25M | Scene, ViewLayer | Updating Geometry BVH door_W15_1_rgt_mesh 285/1402 | Building BVH
Fra:1 Mem:623.36M (Peak 623.51M) | Time:00:02.17 | Mem:265.87M, Peak:279.25M | Scene, ViewLayer | Updating Geometry BVH door_W15_1_glass_mesh 286/1402 | Building BVH
Fra:1 Mem:623.36M (Peak 623.51M) | Time:00:02.17 | Mem:265.87M, Peak:279.25M | Scene, ViewLayer | Updating Geometry BVH door_W17_0jlfto_mesh 287/1402 | Building BVH
Fra:1 Mem:623.36M (Peak 623.51M) | Time:00:02.17 | Mem:265.88M, Peak:279.25M | Scene, ViewLayer | Updating Geometry BVH door_W17_0jlfti_mesh 288/1402 | Building BVH
Fra:1 Mem:623.36M (Peak 623.51M) | Time:00:02.17 | Mem:265.89M, Peak:279.25M | Scene, ViewLayer | Updating Geometry BVH door_W17_0jrgto_mesh 289/1402 | Building BVH
Fra:1 Mem:623.36M (Peak 623.51M) | Time:00:02.17 | Mem:265.92M, Peak:279.25M | Scene, ViewLayer | Updating Geometry BVH door_W17_0jrgti_mesh 290/1402 | Building BVH
Fra:1 Mem:623.36M (Peak 623.51M) | Time:00:02.17 | Mem:265.92M, Peak:279.25M | Scene, ViewLayer | Updating Geometry BVH door_W17_0jtopi_mesh 292/1402 | Building BVH
Fra:1 Mem:623.36M (Peak 623.51M) | Time:00:02.17 | Mem:254.59M, Peak:279.25M | Scene, ViewLayer | Updating Geometry BVH door_W17_0lin_l_mesh 293/1402 | Building BVH
Fra:1 Mem:623.36M (Peak 623.51M) | Time:00:02.17 | Mem:254.62M, Peak:279.25M | Scene, ViewLayer | Updating Geometry BVH door_W17_0lin_r_mesh 294/1402 | Building BVH
Fra:1 Mem:623.36M (Peak 623.51M) | Time:00:02.17 | Mem:254.63M, Peak:279.25M | Scene, ViewLayer | Updating Geometry BVH door_W17_0lin_t_mesh 295/1402 | Building BVH
Fra:1 Mem:623.36M (Peak 623.51M) | Time:00:02.17 | Mem:254.63M, Peak:279.25M | Scene, ViewLayer | Updating Geometry BVH door_W17_0_bot_mesh 296/1402 | Building BVH
Fra:1 Mem:623.36M (Peak 623.51M) | Time:00:02.17 | Mem:254.63M, Peak:279.25M | Scene, ViewLayer | Updating Geometry BVH door_W17_0_top_mesh 297/1402 | Building BVH
Fra:1 Mem:623.36M (Peak 623.51M) | Time:00:02.17 | Mem:254.64M, Peak:279.25M | Scene, ViewLayer | Updating Geometry BVH door_W17_0_lft_mesh 298/1402 | Building BVH
Fra:1 Mem:623.36M (Peak 623.51M) | Time:00:02.17 | Mem:254.67M, Peak:279.25M | Scene, ViewLayer | Updating Geometry BVH A_living_dining_balcony_dining_chair_03_back0_mesh 1306/1402 | Building BVH
Fra:1 Mem:623.36M (Peak 623.51M) | Time:00:02.17 | Mem:254.68M, Peak:279.25M | Scene, ViewLayer | Updating Geometry BVH door_W17_0_rgt_mesh 299/1402 | Building BVH
Fra:1 Mem:623.36M (Peak 623.51M) | Time:00:02.17 | Mem:254.68M, Peak:279.25M | Scene, ViewLayer | Updating Geometry BVH door_W17_0_glass_mesh 300/1402 | Building BVH
Fra:1 Mem:623.36M (Peak 623.51M) | Time:00:02.17 | Mem:254.69M, Peak:279.25M | Scene, ViewLayer | Updating Geometry BVH door_W17_1_bot_mesh 301/1402 | Building BVH
Fra:1 Mem:623.36M (Peak 623.51M) | Time:00:02.17 | Mem:254.69M, Peak:279.25M | Scene, ViewLayer | Updating Geometry BVH door_W17_1_top_mesh 302/1402 | Building BVH
Fra:1 Mem:623.36M (Peak 623.51M) | Time:00:02.17 | Mem:254.69M, Peak:279.25M | Scene, ViewLayer | Updating Geometry BVH door_W17_1_lft_mesh 303/1402 | Building BVH
Fra:1 Mem:623.36M (Peak 623.51M) | Time:00:02.17 | Mem:254.73M, Peak:279.25M | Scene, ViewLayer | Updating Geometry BVH door_W17_1_rgt_mesh 304/1402 | Building BVH
Fra:1 Mem:623.36M (Peak 623.51M) | Time:00:02.17 | Mem:254.73M, Peak:279.25M | Scene, ViewLayer | Updating Geometry BVH door_W17_1_glass_mesh 305/1402 | Building BVH
Fra:1 Mem:623.36M (Peak 623.51M) | Time:00:02.17 | Mem:254.73M, Peak:279.25M | Scene, ViewLayer | Updating Geometry BVH A_living_dining_balcony_dining_chair_03_seat_mesh 1305/1402 | Building BVH
Fra:1 Mem:623.36M (Peak 623.51M) | Time:00:02.17 | Mem:254.73M, Peak:279.25M | Scene, ViewLayer | Updating Geometry BVH door_W17_2_bot_mesh 306/1402 | Building BVH
Fra:1 Mem:623.36M (Peak 623.51M) | Time:00:02.17 | Mem:254.74M, Peak:279.25M | Scene, ViewLayer | Updating Geometry BVH door_W17_2_top_mesh 307/1402 | Building BVH
Fra:1 Mem:623.36M (Peak 623.51M) | Time:00:02.17 | Mem:254.75M, Peak:279.25M | Scene, ViewLayer | Updating Geometry BVH door_W17_2_rgt_mesh 309/1402 | Building BVH
Fra:1 Mem:623.36M (Peak 623.51M) | Time:00:02.17 | Mem:254.79M, Peak:279.25M | Scene, ViewLayer | Updating Geometry BVH door_W17_2_glass_mesh 310/1402 | Building BVH
Fra:1 Mem:623.36M (Peak 623.51M) | Time:00:02.17 | Mem:254.79M, Peak:279.25M | Scene, ViewLayer | Updating Geometry BVH door_W19_0jlfto_mesh 311/1402 | Building BVH
Fra:1 Mem:623.36M (Peak 623.51M) | Time:00:02.17 | Mem:254.79M, Peak:279.25M | Scene, ViewLayer | Updating Geometry BVH door_W19_0jrgto_mesh 313/1402 | Building BVH
Fra:1 Mem:623.36M (Peak 623.51M) | Time:00:02.17 | Mem:254.80M, Peak:279.25M | Scene, ViewLayer | Updating Geometry BVH door_W19_0jrgti_mesh 314/1402 | Building BVH
Fra:1 Mem:623.36M (Peak 623.51M) | Time:00:02.17 | Mem:254.80M, Peak:279.25M | Scene, ViewLayer | Updating Geometry BVH door_W19_0jtopo_mesh 315/1402 | Building BVH
Fra:1 Mem:623.36M (Peak 623.51M) | Time:00:02.17 | Mem:254.86M, Peak:279.25M | Scene, ViewLayer | Updating Geometry BVH door_W19_0jtopi_mesh 316/1402 | Building BVH
Fra:1 Mem:623.36M (Peak 623.51M) | Time:00:02.17 | Mem:254.86M, Peak:279.25M | Scene, ViewLayer | Updating Geometry BVH door_W19_0lin_l_mesh 317/1402 | Building BVH
Fra:1 Mem:623.36M (Peak 623.51M) | Time:00:02.17 | Mem:254.86M, Peak:279.25M | Scene, ViewLayer | Updating Geometry BVH door_W19_0lin_r_mesh 318/1402 | Building BVH
Fra:1 Mem:623.36M (Peak 623.51M) | Time:00:02.17 | Mem:254.88M, Peak:279.25M | Scene, ViewLayer | Updating Geometry BVH door_W19_0lin_t_mesh 319/1402 | Building BVH
Fra:1 Mem:623.36M (Peak 623.51M) | Time:00:02.18 | Mem:254.89M, Peak:279.25M | Scene, ViewLayer | Updating Geometry BVH door_W19_0leaf_mesh 320/1402 | Building BVH
Fra:1 Mem:623.36M (Peak 623.51M) | Time:00:02.18 | Mem:254.89M, Peak:279.25M | Scene, ViewLayer | Updating Geometry BVH door_W19_0hdl_mesh 321/1402 | Building BVH
Fra:1 Mem:623.36M (Peak 623.51M) | Time:00:02.18 | Mem:254.89M, Peak:279.25M | Scene, ViewLayer | Updating Geometry BVH door_W27_0jlfto_mesh 322/1402 | Building BVH
Fra:1 Mem:623.36M (Peak 623.51M) | Time:00:02.18 | Mem:254.90M, Peak:279.25M | Scene, ViewLayer | Updating Geometry BVH door_W27_0jlfti_mesh 323/1402 | Building BVH
Fra:1 Mem:623.36M (Peak 623.51M) | Time:00:02.18 | Mem:254.93M, Peak:279.25M | Scene, ViewLayer | Updating Geometry BVH door_W27_0jrgto_mesh 324/1402 | Building BVH
Fra:1 Mem:623.36M (Peak 623.51M) | Time:00:02.18 | Mem:254.93M, Peak:279.25M | Scene, ViewLayer | Updating Geometry BVH door_W27_0jrgti_mesh 325/1402 | Building BVH
Fra:1 Mem:623.36M (Peak 623.51M) | Time:00:02.18 | Mem:254.94M, Peak:279.25M | Scene, ViewLayer | Updating Geometry BVH door_W27_0jtopo_mesh 326/1402 | Building BVH
Fra:1 Mem:623.36M (Peak 623.51M) | Time:00:02.18 | Mem:254.94M, Peak:279.25M | Scene, ViewLayer | Updating Geometry BVH door_W27_0jtopi_mesh 327/1402 | Building BVH
Fra:1 Mem:623.36M (Peak 623.51M) | Time:00:02.18 | Mem:254.96M, Peak:279.25M | Scene, ViewLayer | Updating Geometry BVH door_W27_0lin_l_mesh 328/1402 | Building BVH
Fra:1 Mem:623.36M (Peak 623.51M) | Time:00:02.18 | Mem:254.97M, Peak:279.25M | Scene, ViewLayer | Updating Geometry BVH door_W27_0lin_r_mesh 329/1402 | Building BVH
Fra:1 Mem:623.36M (Peak 623.51M) | Time:00:02.18 | Mem:254.97M, Peak:279.25M | Scene, ViewLayer | Updating Geometry BVH door_W27_0lin_t_mesh 330/1402 | Building BVH
Fra:1 Mem:623.36M (Peak 623.51M) | Time:00:02.18 | Mem:254.97M, Peak:279.25M | Scene, ViewLayer | Updating Geometry BVH door_W27_0leaf_mesh 331/1402 | Building BVH
Fra:1 Mem:623.36M (Peak 623.51M) | Time:00:02.18 | Mem:254.99M, Peak:279.25M | Scene, ViewLayer | Updating Geometry BVH door_W27_0hdl_mesh 332/1402 | Building BVH
Fra:1 Mem:623.36M (Peak 623.51M) | Time:00:02.18 | Mem:255.00M, Peak:279.25M | Scene, ViewLayer | Updating Geometry BVH bay_platform_mesh 333/1402 | Building BVH
Fra:1 Mem:623.36M (Peak 623.51M) | Time:00:02.18 | Mem:255.00M, Peak:279.25M | Scene, ViewLayer | Updating Geometry BVH rail_ter_S_p0_mesh 334/1402 | Building BVH
Fra:1 Mem:623.36M (Peak 623.51M) | Time:00:02.18 | Mem:255.04M, Peak:279.25M | Scene, ViewLayer | Updating Geometry BVH rail_ter_S_p2_mesh 336/1402 | Building BVH
Fra:1 Mem:623.36M (Peak 623.51M) | Time:00:02.18 | Mem:255.04M, Peak:279.25M | Scene, ViewLayer | Updating Geometry BVH rail_ter_S_p3_mesh 337/1402 | Building BVH
Fra:1 Mem:623.36M (Peak 623.51M) | Time:00:02.18 | Mem:255.05M, Peak:279.25M | Scene, ViewLayer | Updating Geometry BVH A_living_dining_balcony_dining_chair_02_leg11_mesh 1303/1402 | Building BVH
Fra:1 Mem:623.36M (Peak 623.51M) | Time:00:02.18 | Mem:255.06M, Peak:279.25M | Scene, ViewLayer | Updating Geometry BVH rail_ter_E_p0_mesh 340/1402 | Building BVH
Fra:1 Mem:623.36M (Peak 623.51M) | Time:00:02.18 | Mem:255.06M, Peak:279.25M | Scene, ViewLayer | Updating Geometry BVH rail_ter_E_p1_mesh 341/1402 | Building BVH
Fra:1 Mem:623.36M (Peak 623.51M) | Time:00:02.18 | Mem:255.06M, Peak:279.25M | Scene, ViewLayer | Updating Geometry BVH rail_ter_E_p2_mesh 342/1402 | Building BVH
Fra:1 Mem:623.36M (Peak 623.51M) | Time:00:02.18 | Mem:255.06M, Peak:279.25M | Scene, ViewLayer | Updating Geometry BVH rail_ter_E_top_mesh 343/1402 | Building BVH
Fra:1 Mem:623.36M (Peak 623.51M) | Time:00:02.18 | Mem:255.06M, Peak:279.25M | Scene, ViewLayer | Updating Geometry BVH rail_ter_E_glass_mesh 344/1402 | Building BVH
Fra:1 Mem:623.36M (Peak 623.51M) | Time:00:02.18 | Mem:255.06M, Peak:279.25M | Scene, ViewLayer | Updating Geometry BVH rail_ter_W_p0_mesh 345/1402 | Building BVH
Fra:1 Mem:623.36M (Peak 623.51M) | Time:00:02.18 | Mem:255.06M, Peak:279.25M | Scene, ViewLayer | Updating Geometry BVH rail_ter_W_p1_mesh 346/1402 | Building BVH
Fra:1 Mem:623.36M (Peak 623.51M) | Time:00:02.18 | Mem:255.06M, Peak:279.25M | Scene, ViewLayer | Updating Geometry BVH rail_ter_W_top_mesh 347/1402 | Building BVH
Fra:1 Mem:623.36M (Peak 623.51M) | Time:00:02.18 | Mem:255.06M, Peak:279.25M | Scene, ViewLayer | Updating Geometry BVH rail_ter_W_glass_mesh 348/1402 | Building BVH
Fra:1 Mem:623.36M (Peak 623.51M) | Time:00:02.18 | Mem:255.07M, Peak:279.25M | Scene, ViewLayer | Updating Geometry BVH common_kitchen_dishwasher_01_body_mesh 349/1402 | Building BVH
Fra:1 Mem:623.36M (Peak 623.51M) | Time:00:02.18 | Mem:255.15M, Peak:279.25M | Scene, ViewLayer | Updating Geometry BVH common_kitchen_dishwasher_01_kick_mesh 350/1402 | Building BVH
Fra:1 Mem:623.36M (Peak 623.51M) | Time:00:02.18 | Mem:255.18M, Peak:279.25M | Scene, ViewLayer | Updating Geometry BVH common_kitchen_dishwasher_01_top_L_mesh 351/1402 | Building BVH
Fra:1 Mem:623.36M (Peak 623.51M) | Time:00:02.18 | Mem:255.18M, Peak:279.25M | Scene, ViewLayer | Updating Geometry BVH common_kitchen_dishwasher_01_top_R_mesh 352/1402 | Building BVH
Fra:1 Mem:623.36M (Peak 623.51M) | Time:00:02.18 | Mem:255.19M, Peak:279.25M | Scene, ViewLayer | Updating Geometry BVH common_kitchen_dishwasher_01_top_B_mesh 353/1402 | Building BVH
Fra:1 Mem:623.36M (Peak 623.51M) | Time:00:02.18 | Mem:255.19M, Peak:279.25M | Scene, ViewLayer | Updating Geometry BVH common_kitchen_dishwasher_01_top_F_mesh 354/1402 | Building BVH
Fra:1 Mem:623.36M (Peak 623.51M) | Time:00:02.18 | Mem:255.25M, Peak:279.25M | Scene, ViewLayer | Updating Geometry BVH common_kitchen_dishwasher_01_drwW_gapbg_mesh 355/1402 | Building BVH
Fra:1 Mem:623.36M (Peak 623.51M) | Time:00:02.18 | Mem:255.26M, Peak:279.25M | Scene, ViewLayer | Updating Geometry BVH common_kitchen_dishwasher_01_drwW_f0_mesh 356/1402 | Building BVH
Fra:1 Mem:623.36M (Peak 623.51M) | Time:00:02.18 | Mem:255.27M, Peak:279.25M | Scene, ViewLayer | Updating Geometry BVH common_kitchen_dishwasher_01_drwW_p0_mesh 357/1402 | Building BVH
Fra:1 Mem:623.36M (Peak 623.51M) | Time:00:02.18 | Mem:255.27M, Peak:279.25M | Scene, ViewLayer | Updating Geometry BVH common_kitchen_dishwasher_01_drw_gapbg_mesh 358/1402 | Building BVH
Fra:1 Mem:623.36M (Peak 623.51M) | Time:00:02.18 | Mem:255.31M, Peak:279.25M | Scene, ViewLayer | Updating Geometry BVH A_living_dining_balcony_dining_chair_02_leg01_mesh.001 1302/1402 | Building BVH
Fra:1 Mem:623.36M (Peak 623.51M) | Time:00:02.18 | Mem:255.33M, Peak:279.25M | Scene, ViewLayer | Updating Geometry BVH common_kitchen_dishwasher_01_drw_f0_mesh 359/1402 | Building BVH
Fra:1 Mem:623.36M (Peak 623.51M) | Time:00:02.18 | Mem:255.33M, Peak:279.25M | Scene, ViewLayer | Updating Geometry BVH common_kitchen_dishwasher_01_drw_p0_mesh 360/1402 | Building BVH
Fra:1 Mem:623.36M (Peak 623.51M) | Time:00:02.18 | Mem:255.32M, Peak:279.25M | Scene, ViewLayer | Updating Geometry BVH common_kitchen_dishwasher_01_drw_f1_mesh 361/1402 | Building BVH
Fra:1 Mem:623.36M (Peak 623.51M) | Time:00:02.18 | Mem:255.33M, Peak:279.25M | Scene, ViewLayer | Updating Geometry BVH common_kitchen_dishwasher_01_drw_p1_mesh 362/1402 | Building BVH
Fra:1 Mem:623.36M (Peak 623.51M) | Time:00:02.18 | Mem:255.34M, Peak:279.25M | Scene, ViewLayer | Updating Geometry BVH common_kitchen_dishwasher_01_drw_f2_mesh 363/1402 | Building BVH
Fra:1 Mem:623.36M (Peak 623.51M) | Time:00:02.18 | Mem:255.36M, Peak:279.25M | Scene, ViewLayer | Updating Geometry BVH common_kitchen_dishwasher_01_drw_p2_mesh 364/1402 | Building BVH
Fra:1 Mem:623.36M (Peak 623.51M) | Time:00:02.18 | Mem:255.40M, Peak:279.25M | Scene, ViewLayer | Updating Geometry BVH common_kitchen_dishwasher_01_drw_f3_mesh 365/1402 | Building BVH
Fra:1 Mem:623.36M (Peak 623.51M) | Time:00:02.18 | Mem:255.40M, Peak:279.25M | Scene, ViewLayer | Updating Geometry BVH common_kitchen_dishwasher_01_drw_p3_mesh 366/1402 | Building BVH
Fra:1 Mem:623.36M (Peak 623.51M) | Time:00:02.18 | Mem:255.40M, Peak:279.25M | Scene, ViewLayer | Updating Geometry BVH common_kitchen_sink_01_basin_mesh 367/1402 | Building BVH
Fra:1 Mem:623.36M (Peak 623.51M) | Time:00:02.18 | Mem:255.40M, Peak:279.25M | Scene, ViewLayer | Updating Geometry BVH common_kitchen_sink_01_cav_mesh 368/1402 | Building BVH
Fra:1 Mem:623.36M (Peak 623.51M) | Time:00:02.18 | Mem:255.43M, Peak:279.25M | Scene, ViewLayer | Updating Geometry BVH common_kitchen_sink_01_tap_mesh 369/1402 | Building BVH
Fra:1 Mem:623.36M (Peak 623.51M) | Time:00:02.18 | Mem:255.43M, Peak:279.25M | Scene, ViewLayer | Updating Geometry BVH common_kitchen_sink_01_taparm_mesh 370/1402 | Building BVH
Fra:1 Mem:623.36M (Peak 623.51M) | Time:00:02.18 | Mem:255.44M, Peak:279.25M | Scene, ViewLayer | Updating Geometry BVH common_kitchen_sink_01_taptip_mesh 371/1402 | Building BVH
Fra:1 Mem:623.36M (Peak 623.51M) | Time:00:02.18 | Mem:255.44M, Peak:279.25M | Scene, ViewLayer | Updating Geometry BVH common_kitchen_dishwasher_02_panel_mesh 372/1402 | Building BVH
Fra:1 Mem:623.36M (Peak 623.51M) | Time:00:02.18 | Mem:255.45M, Peak:279.25M | Scene, ViewLayer | Updating Geometry BVH common_kitchen_dishwasher_02_pull_mesh 373/1402 | Building BVH
Fra:1 Mem:623.36M (Peak 623.51M) | Time:00:02.18 | Mem:255.46M, Peak:279.25M | Scene, ViewLayer | Updating Geometry BVH common_kitchen_kitchen_counter_01_body_mesh 374/1402 | Building BVH
Fra:1 Mem:623.36M (Peak 623.51M) | Time:00:02.18 | Mem:255.50M, Peak:279.25M | Scene, ViewLayer | Updating Geometry BVH common_kitchen_kitchen_counter_01_kick_mesh 375/1402 | Building BVH
Fra:1 Mem:623.36M (Peak 623.51M) | Time:00:02.18 | Mem:255.50M, Peak:279.25M | Scene, ViewLayer | Updating Geometry BVH common_kitchen_kitchen_counter_01_top_mesh 376/1402 | Building BVH
Fra:1 Mem:623.36M (Peak 623.51M) | Time:00:02.18 | Mem:255.51M, Peak:279.25M | Scene, ViewLayer | Updating Geometry BVH common_kitchen_kitchen_counter_01_drwS_gapbg_mesh 377/1402 | Building BVH
Fra:1 Mem:623.36M (Peak 623.51M) | Time:00:02.18 | Mem:255.51M, Peak:279.25M | Scene, ViewLayer | Updating Geometry BVH common_kitchen_kitchen_counter_01_drwS_f0_mesh 378/1402 | Building BVH
Fra:1 Mem:623.36M (Peak 623.51M) | Time:00:02.18 | Mem:255.53M, Peak:279.25M | Scene, ViewLayer | Updating Geometry BVH common_kitchen_kitchen_counter_01_drwS_p0_mesh 379/1402 | Building BVH
Fra:1 Mem:623.36M (Peak 623.51M) | Time:00:02.18 | Mem:255.55M, Peak:279.25M | Scene, ViewLayer | Updating Geometry BVH A_living_dining_balcony_dining_chair_02_leg01_mesh 1301/1402 | Building BVH
Fra:1 Mem:623.36M (Peak 623.51M) | Time:00:02.18 | Mem:255.55M, Peak:279.25M | Scene, ViewLayer | Updating Geometry BVH common_kitchen_kitchen_counter_01_drwH_d0_mesh 381/1402 | Building BVH
Fra:1 Mem:623.36M (Peak 623.51M) | Time:00:02.18 | Mem:255.55M, Peak:279.25M | Scene, ViewLayer | Updating Geometry BVH common_kitchen_kitchen_counter_01_drwH_slot0_mesh 382/1402 | Building BVH
Fra:1 Mem:623.36M (Peak 623.51M) | Time:00:02.18 | Mem:255.56M, Peak:279.25M | Scene, ViewLayer | Updating Geometry BVH common_kitchen_kitchen_counter_01_drwH_d1_mesh 383/1402 | Building BVH
Fra:1 Mem:623.36M (Peak 623.51M) | Time:00:02.18 | Mem:255.58M, Peak:279.25M | Scene, ViewLayer | Updating Geometry BVH common_kitchen_kitchen_counter_01_drwH_slot1_mesh 384/1402 | Building BVH
Fra:1 Mem:623.36M (Peak 623.51M) | Time:00:02.18 | Mem:255.60M, Peak:279.25M | Scene, ViewLayer | Updating Geometry BVH common_kitchen_kitchen_counter_01_drwH_d2_mesh 385/1402 | Building BVH
Fra:1 Mem:623.36M (Peak 623.51M) | Time:00:02.18 | Mem:255.62M, Peak:279.25M | Scene, ViewLayer | Updating Geometry BVH common_kitchen_kitchen_counter_01_drwH_slot2_mesh 386/1402 | Building BVH
Fra:1 Mem:623.36M (Peak 623.51M) | Time:00:02.18 | Mem:255.64M, Peak:279.25M | Scene, ViewLayer | Updating Geometry BVH common_kitchen_kitchen_counter_01_drwN_gapbg_mesh 387/1402 | Building BVH
Fra:1 Mem:623.36M (Peak 623.51M) | Time:00:02.18 | Mem:255.65M, Peak:279.25M | Scene, ViewLayer | Updating Geometry BVH common_kitchen_kitchen_counter_01_drwN_f0_mesh 388/1402 | Building BVH
Fra:1 Mem:623.36M (Peak 623.51M) | Time:00:02.18 | Mem:255.65M, Peak:279.25M | Scene, ViewLayer | Updating Geometry BVH common_kitchen_kitchen_counter_01_drwN_p0_mesh 389/1402 | Building BVH
Fra:1 Mem:623.36M (Peak 623.51M) | Time:00:02.18 | Mem:255.68M, Peak:279.25M | Scene, ViewLayer | Updating Geometry BVH A_living_dining_balcony_dining_chair_02_back1_mesh 1300/1402 | Building BVH
Fra:1 Mem:623.36M (Peak 623.51M) | Time:00:02.18 | Mem:255.68M, Peak:279.25M | Scene, ViewLayer | Updating Geometry BVH common_kitchen_kitchen_counter_01_drwN_f1_mesh 390/1402 | Building BVH
Fra:1 Mem:623.36M (Peak 623.51M) | Time:00:02.18 | Mem:255.68M, Peak:279.25M | Scene, ViewLayer | Updating Geometry BVH common_kitchen_kitchen_counter_01_drwN_p1_mesh 391/1402 | Building BVH
Fra:1 Mem:623.36M (Peak 623.51M) | Time:00:02.18 | Mem:255.68M, Peak:279.25M | Scene, ViewLayer | Updating Geometry BVH common_kitchen_hob_01_burner0_mesh 393/1402 | Building BVH
Fra:1 Mem:623.36M (Peak 623.51M) | Time:00:02.18 | Mem:255.68M, Peak:279.25M | Scene, ViewLayer | Updating Geometry BVH common_kitchen_hob_01_burner1_mesh 394/1402 | Building BVH
Fra:1 Mem:623.36M (Peak 623.51M) | Time:00:02.18 | Mem:255.69M, Peak:279.25M | Scene, ViewLayer | Updating Geometry BVH common_kitchen_range_hood_01_topbox_mesh 395/1402 | Building BVH
Fra:1 Mem:623.36M (Peak 623.51M) | Time:00:02.18 | Mem:255.69M, Peak:279.25M | Scene, ViewLayer | Updating Geometry BVH common_kitchen_range_hood_01_slant_mesh 396/1402 | Building BVH
Fra:1 Mem:623.36M (Peak 623.51M) | Time:00:02.18 | Mem:255.70M, Peak:279.25M | Scene, ViewLayer | Updating Geometry BVH common_kitchen_range_hood_01_panel_mesh 397/1402 | Building BVH
Fra:1 Mem:623.36M (Peak 623.51M) | Time:00:02.18 | Mem:255.70M, Peak:279.25M | Scene, ViewLayer | Updating Geometry BVH common_kitchen_cabinet_01_body_mesh 398/1402 | Building BVH
Fra:1 Mem:623.36M (Peak 623.51M) | Time:00:02.19 | Mem:255.72M, Peak:279.25M | Scene, ViewLayer | Updating Geometry BVH common_kitchen_cabinet_01_door_gapbg_mesh 399/1402 | Building BVH
Fra:1 Mem:623.36M (Peak 623.51M) | Time:00:02.19 | Mem:255.73M, Peak:279.25M | Scene, ViewLayer | Updating Geometry BVH common_kitchen_cabinet_01_door_f0l_mesh 400/1402 | Building BVH
Fra:1 Mem:623.36M (Peak 623.51M) | Time:00:02.19 | Mem:255.77M, Peak:279.25M | Scene, ViewLayer | Updating Geometry BVH A_living_dining_balcony_dining_chair_02_back0_mesh 1299/1402 | Building BVH
Fra:1 Mem:623.36M (Peak 623.51M) | Time:00:02.19 | Mem:255.83M, Peak:279.25M | Scene, ViewLayer | Updating Geometry BVH common_kitchen_cabinet_01_door_f0r_mesh 401/1402 | Building BVH
Fra:1 Mem:623.36M (Peak 623.51M) | Time:00:02.19 | Mem:255.84M, Peak:279.25M | Scene, ViewLayer | Updating Geometry BVH common_kitchen_cabinet_01_door_f0b_mesh 402/1402 | Building BVH
Fra:1 Mem:623.36M (Peak 623.51M) | Time:00:02.19 | Mem:255.84M, Peak:279.25M | Scene, ViewLayer | Updating Geometry BVH common_kitchen_cabinet_01_door_f0t_mesh 403/1402 | Building BVH
Fra:1 Mem:623.36M (Peak 623.51M) | Time:00:02.19 | Mem:255.85M, Peak:279.25M | Scene, ViewLayer | Updating Geometry BVH common_kitchen_cabinet_01_door_p0_mesh 405/1402 | Building BVH
Fra:1 Mem:623.36M (Peak 623.51M) | Time:00:02.19 | Mem:255.85M, Peak:279.25M | Scene, ViewLayer | Updating Geometry BVH common_kitchen_cabinet_01_door_f1l_mesh 406/1402 | Building BVH
Fra:1 Mem:623.36M (Peak 623.51M) | Time:00:02.19 | Mem:255.89M, Peak:279.25M | Scene, ViewLayer | Updating Geometry BVH A_living_dining_balcony_dining_chair_02_seat_mesh 1298/1402 | Building BVH
Fra:1 Mem:623.36M (Peak 623.51M) | Time:00:02.19 | Mem:255.89M, Peak:279.25M | Scene, ViewLayer | Updating Geometry BVH common_kitchen_cabinet_01_door_f1r_mesh 407/1402 | Building BVH
Fra:1 Mem:623.36M (Peak 623.51M) | Time:00:02.19 | Mem:255.92M, Peak:279.25M | Scene, ViewLayer | Updating Geometry BVH common_kitchen_cabinet_01_door_f1b_mesh 408/1402 | Building BVH
Fra:1 Mem:623.36M (Peak 623.51M) | Time:00:02.19 | Mem:255.96M, Peak:279.25M | Scene, ViewLayer | Updating Geometry BVH common_kitchen_cabinet_01_door_f1t_mesh 409/1402 | Building BVH
Fra:1 Mem:623.36M (Peak 623.51M) | Time:00:02.19 | Mem:255.97M, Peak:279.25M | Scene, ViewLayer | Updating Geometry BVH common_kitchen_cabinet_01_door_f1c_mesh 410/1402 | Building BVH
Fra:1 Mem:623.36M (Peak 623.51M) | Time:00:02.19 | Mem:256.01M, Peak:279.25M | Scene, ViewLayer | Updating Geometry BVH common_kitchen_cabinet_01_door_p1_mesh 411/1402 | Building BVH
Fra:1 Mem:623.36M (Peak 623.51M) | Time:00:02.19 | Mem:256.01M, Peak:279.25M | Scene, ViewLayer | Updating Geometry BVH common_kitchen_cabinet_01_door_f2r_mesh 413/1402 | Building BVH
Fra:1 Mem:623.36M (Peak 623.51M) | Time:00:02.19 | Mem:256.01M, Peak:279.25M | Scene, ViewLayer | Updating Geometry BVH common_kitchen_cabinet_01_door_f2b_mesh 414/1402 | Building BVH
Fra:1 Mem:623.36M (Peak 623.51M) | Time:00:02.19 | Mem:256.00M, Peak:279.25M | Scene, ViewLayer | Updating Geometry BVH common_kitchen_cabinet_01_door_f2t_mesh 415/1402 | Building BVH
Fra:1 Mem:623.36M (Peak 623.51M) | Time:00:02.19 | Mem:256.02M, Peak:279.25M | Scene, ViewLayer | Updating Geometry BVH common_kitchen_cabinet_01_door_p2_mesh 417/1402 | Building BVH
Fra:1 Mem:623.36M (Peak 623.51M) | Time:00:02.19 | Mem:256.02M, Peak:279.25M | Scene, ViewLayer | Updating Geometry BVH common_kitchen_cabinet_02_body_mesh 418/1402 | Building BVH
Fra:1 Mem:623.36M (Peak 623.51M) | Time:00:02.19 | Mem:256.02M, Peak:279.25M | Scene, ViewLayer | Updating Geometry BVH common_kitchen_cabinet_01_door_f2c_mesh 416/1402 | Building BVH
Fra:1 Mem:623.36M (Peak 623.51M) | Time:00:02.19 | Mem:256.03M, Peak:279.25M | Scene, ViewLayer | Updating Geometry BVH common_kitchen_cabinet_02_doorLo_gapbg_mesh 419/1402 | Building BVH
Fra:1 Mem:623.36M (Peak 623.51M) | Time:00:02.19 | Mem:256.06M, Peak:279.25M | Scene, ViewLayer | Updating Geometry BVH common_kitchen_cabinet_02_doorLo_f0l_mesh 420/1402 | Building BVH
Fra:1 Mem:623.36M (Peak 623.51M) | Time:00:02.19 | Mem:256.15M, Peak:279.25M | Scene, ViewLayer | Updating Geometry BVH common_kitchen_cabinet_02_doorLo_f0r_mesh 421/1402 | Building BVH
Fra:1 Mem:623.36M (Peak 623.51M) | Time:00:02.19 | Mem:256.15M, Peak:279.25M | Scene, ViewLayer | Updating Geometry BVH common_kitchen_cabinet_02_doorLo_f0b_mesh 422/1402 | Building BVH
Fra:1 Mem:623.36M (Peak 623.51M) | Time:00:02.19 | Mem:256.15M, Peak:279.25M | Scene, ViewLayer | Updating Geometry BVH A_living_dining_balcony_dining_chair_01_leg11_mesh 1296/1402 | Building BVH
Fra:1 Mem:623.36M (Peak 623.51M) | Time:00:02.19 | Mem:256.16M, Peak:279.25M | Scene, ViewLayer | Updating Geometry BVH common_kitchen_cabinet_02_doorLo_f0t_mesh 423/1402 | Building BVH
Fra:1 Mem:623.36M (Peak 623.51M) | Time:00:02.19 | Mem:256.19M, Peak:279.25M | Scene, ViewLayer | Updating Geometry BVH common_kitchen_cabinet_02_doorLo_f0c_mesh 424/1402 | Building BVH
Fra:1 Mem:623.36M (Peak 623.51M) | Time:00:02.19 | Mem:256.20M, Peak:279.25M | Scene, ViewLayer | Updating Geometry BVH common_kitchen_cabinet_02_doorLo_f1l_mesh 426/1402 | Building BVH
Fra:1 Mem:623.36M (Peak 623.51M) | Time:00:02.19 | Mem:256.22M, Peak:279.25M | Scene, ViewLayer | Updating Geometry BVH common_kitchen_cabinet_02_doorLo_f1r_mesh 427/1402 | Building BVH
Fra:1 Mem:623.36M (Peak 623.51M) | Time:00:02.19 | Mem:256.23M, Peak:279.25M | Scene, ViewLayer | Updating Geometry BVH common_kitchen_cabinet_02_doorLo_f1b_mesh 428/1402 | Building BVH
Fra:1 Mem:623.36M (Peak 623.51M) | Time:00:02.19 | Mem:256.25M, Peak:279.25M | Scene, ViewLayer | Updating Geometry BVH common_kitchen_cabinet_02_doorLo_f1t_mesh 429/1402 | Building BVH
Fra:1 Mem:623.36M (Peak 623.51M) | Time:00:02.19 | Mem:256.27M, Peak:279.25M | Scene, ViewLayer | Updating Geometry BVH A_living_dining_balcony_dining_chair_01_leg01_mesh.001 1295/1402 | Building BVH
Fra:1 Mem:623.36M (Peak 623.51M) | Time:00:02.19 | Mem:256.34M, Peak:279.25M | Scene, ViewLayer | Updating Geometry BVH common_kitchen_cabinet_02_doorLo_f1c_mesh 430/1402 | Building BVH
Fra:1 Mem:623.36M (Peak 623.51M) | Time:00:02.19 | Mem:256.33M, Peak:279.25M | Scene, ViewLayer | Updating Geometry BVH common_kitchen_cabinet_02_doorLo_p1_mesh 431/1402 | Building BVH
Fra:1 Mem:623.36M (Peak 623.51M) | Time:00:02.19 | Mem:256.34M, Peak:279.25M | Scene, ViewLayer | Updating Geometry BVH common_kitchen_cabinet_02_doorLo_f2l_mesh 432/1402 | Building BVH
Fra:1 Mem:623.36M (Peak 623.51M) | Time:00:02.19 | Mem:256.35M, Peak:279.25M | Scene, ViewLayer | Updating Geometry BVH common_kitchen_cabinet_02_doorLo_f2r_mesh 433/1402 | Building BVH
Fra:1 Mem:623.36M (Peak 623.51M) | Time:00:02.19 | Mem:256.37M, Peak:279.25M | Scene, ViewLayer | Updating Geometry BVH common_kitchen_cabinet_02_doorLo_f2t_mesh 435/1402 | Building BVH
Fra:1 Mem:623.36M (Peak 623.51M) | Time:00:02.19 | Mem:256.37M, Peak:279.25M | Scene, ViewLayer | Updating Geometry BVH common_kitchen_cabinet_02_doorLo_f2c_mesh 436/1402 | Building BVH
Fra:1 Mem:623.36M (Peak 623.51M) | Time:00:02.19 | Mem:256.37M, Peak:279.25M | Scene, ViewLayer | Updating Geometry BVH common_kitchen_cabinet_02_doorLo_p2_mesh 437/1402 | Building BVH
Fra:1 Mem:623.36M (Peak 623.51M) | Time:00:02.19 | Mem:256.37M, Peak:279.25M | Scene, ViewLayer | Updating Geometry BVH common_kitchen_cabinet_02_doorLo_f3l_mesh 438/1402 | Building BVH
Fra:1 Mem:623.36M (Peak 623.51M) | Time:00:02.19 | Mem:256.37M, Peak:279.25M | Scene, ViewLayer | Updating Geometry BVH A_living_dining_balcony_dining_chair_01_leg01_mesh 1294/1402 | Building BVH
Fra:1 Mem:623.36M (Peak 623.51M) | Time:00:02.19 | Mem:256.44M, Peak:279.25M | Scene, ViewLayer | Updating Geometry BVH common_kitchen_cabinet_02_doorLo_f3r_mesh 439/1402 | Building BVH
Fra:1 Mem:623.36M (Peak 623.51M) | Time:00:02.19 | Mem:256.44M, Peak:279.25M | Scene, ViewLayer | Updating Geometry BVH common_kitchen_cabinet_02_doorLo_f3t_mesh 441/1402 | Building BVH
Fra:1 Mem:623.36M (Peak 623.51M) | Time:00:02.19 | Mem:256.44M, Peak:279.25M | Scene, ViewLayer | Updating Geometry BVH common_kitchen_cabinet_02_doorHi_gapbg_mesh 444/1402 | Building BVH
Fra:1 Mem:623.36M (Peak 623.51M) | Time:00:02.19 | Mem:256.44M, Peak:279.25M | Scene, ViewLayer | Updating Geometry BVH common_kitchen_cabinet_02_doorHi_f0r_mesh 446/1402 | Building BVH
Fra:1 Mem:623.36M (Peak 623.51M) | Time:00:02.19 | Mem:256.44M, Peak:279.25M | Scene, ViewLayer | Updating Geometry BVH common_kitchen_cabinet_02_doorHi_f0t_mesh 448/1402 | Building BVH
Fra:1 Mem:623.36M (Peak 623.51M) | Time:00:02.19 | Mem:256.44M, Peak:279.25M | Scene, ViewLayer | Updating Geometry BVH common_kitchen_cabinet_02_doorHi_f0c_mesh 449/1402 | Building BVH
Fra:1 Mem:623.36M (Peak 623.51M) | Time:00:02.19 | Mem:256.45M, Peak:279.25M | Scene, ViewLayer | Updating Geometry BVH common_kitchen_cabinet_02_doorHi_p0_mesh 450/1402 | Building BVH
Fra:1 Mem:623.36M (Peak 623.51M) | Time:00:02.19 | Mem:256.46M, Peak:279.25M | Scene, ViewLayer | Updating Geometry BVH common_kitchen_cabinet_02_doorHi_f1l_mesh 451/1402 | Building BVH
Fra:1 Mem:623.36M (Peak 623.51M) | Time:00:02.19 | Mem:256.46M, Peak:279.25M | Scene, ViewLayer | Updating Geometry BVH common_kitchen_cabinet_02_doorHi_f1r_mesh 452/1402 | Building BVH
Fra:1 Mem:623.36M (Peak 623.51M) | Time:00:02.19 | Mem:256.48M, Peak:279.25M | Scene, ViewLayer | Updating Geometry BVH A_living_dining_balcony_dining_chair_01_back1_mesh 1293/1402 | Building BVH
Fra:1 Mem:623.36M (Peak 623.51M) | Time:00:02.19 | Mem:256.48M, Peak:279.25M | Scene, ViewLayer | Updating Geometry BVH common_kitchen_cabinet_02_doorHi_f1b_mesh 453/1402 | Building BVH
Fra:1 Mem:623.36M (Peak 623.51M) | Time:00:02.19 | Mem:256.52M, Peak:279.25M | Scene, ViewLayer | Updating Geometry BVH common_kitchen_cabinet_02_doorHi_f1t_mesh 454/1402 | Building BVH
Fra:1 Mem:623.36M (Peak 623.51M) | Time:00:02.19 | Mem:256.69M, Peak:279.25M | Scene, ViewLayer | Updating Geometry BVH common_kitchen_cabinet_02_doorHi_f1c_mesh 455/1402 | Building BVH
Fra:1 Mem:623.36M (Peak 623.51M) | Time:00:02.19 | Mem:256.69M, Peak:279.25M | Scene, ViewLayer | Updating Geometry BVH common_kitchen_cabinet_02_doorHi_p1_mesh 456/1402 | Building BVH
Fra:1 Mem:623.36M (Peak 623.51M) | Time:00:02.19 | Mem:256.70M, Peak:279.25M | Scene, ViewLayer | Updating Geometry BVH common_kitchen_cabinet_02_doorHi_f2l_mesh 457/1402 | Building BVH
Fra:1 Mem:623.36M (Peak 623.51M) | Time:00:02.19 | Mem:256.72M, Peak:279.25M | Scene, ViewLayer | Updating Geometry BVH A_living_dining_balcony_dining_chair_01_back0_mesh 1292/1402 | Building BVH
Fra:1 Mem:623.36M (Peak 623.51M) | Time:00:02.19 | Mem:256.78M, Peak:279.25M | Scene, ViewLayer | Updating Geometry BVH common_kitchen_cabinet_02_doorHi_f2r_mesh 458/1402 | Building BVH
Fra:1 Mem:623.36M (Peak 623.51M) | Time:00:02.19 | Mem:256.77M, Peak:279.25M | Scene, ViewLayer | Updating Geometry BVH common_kitchen_cabinet_02_doorHi_f2b_mesh 459/1402 | Building BVH
Fra:1 Mem:623.36M (Peak 623.51M) | Time:00:02.19 | Mem:256.77M, Peak:279.25M | Scene, ViewLayer | Updating Geometry BVH common_kitchen_cabinet_02_doorHi_p2_mesh 462/1402 | Building BVH
Fra:1 Mem:623.36M (Peak 623.51M) | Time:00:02.19 | Mem:256.79M, Peak:279.25M | Scene, ViewLayer | Updating Geometry BVH common_kitchen_cabinet_02_doorHi_f3l_mesh 463/1402 | Building BVH
Fra:1 Mem:623.36M (Peak 623.51M) | Time:00:02.19 | Mem:256.79M, Peak:279.25M | Scene, ViewLayer | Updating Geometry BVH common_kitchen_cabinet_02_doorHi_f3b_mesh 465/1402 | Building BVH
Fra:1 Mem:623.36M (Peak 623.51M) | Time:00:02.19 | Mem:256.79M, Peak:279.25M | Scene, ViewLayer | Updating Geometry BVH common_kitchen_cabinet_02_doorHi_f3c_mesh 467/1402 | Building BVH
Fra:1 Mem:623.36M (Peak 623.51M) | Time:00:02.19 | Mem:256.79M, Peak:279.25M | Scene, ViewLayer | Updating Geometry BVH common_kitchen_glass_sliding_door_01_glass_mesh 469/1402 | Building BVH
Fra:1 Mem:623.36M (Peak 623.51M) | Time:00:02.19 | Mem:256.78M, Peak:279.25M | Scene, ViewLayer | Updating Geometry BVH common_kitchen_glass_sliding_door_01_stL_mesh 470/1402 | Building BVH
Fra:1 Mem:623.36M (Peak 623.51M) | Time:00:02.19 | Mem:256.78M, Peak:279.25M | Scene, ViewLayer | Updating Geometry BVH common_kitchen_glass_sliding_door_01_stR_mesh 471/1402 | Building BVH
Fra:1 Mem:623.36M (Peak 623.51M) | Time:00:02.19 | Mem:256.78M, Peak:279.25M | Scene, ViewLayer | Updating Geometry BVH A_living_dining_balcony_dining_chair_01_seat_mesh 1291/1402 | Building BVH
Fra:1 Mem:623.36M (Peak 623.51M) | Time:00:02.19 | Mem:256.80M, Peak:279.25M | Scene, ViewLayer | Updating Geometry BVH common_living_dining_balcony_glass_sliding_door_01_glass_mesh 474/1402 | Building BVH
Fra:1 Mem:623.36M (Peak 623.51M) | Time:00:02.19 | Mem:256.81M, Peak:279.25M | Scene, ViewLayer | Updating Geometry BVH common_living_dining_balcony_glass_sliding_door_01_stL_mesh 475/1402 | Building BVH
Fra:1 Mem:623.36M (Peak 623.51M) | Time:00:02.19 | Mem:256.83M, Peak:279.25M | Scene, ViewLayer | Updating Geometry BVH common_living_dining_balcony_glass_sliding_door_01_stR_mesh 476/1402 | Building BVH
Fra:1 Mem:623.36M (Peak 623.51M) | Time:00:02.20 | Mem:257.00M, Peak:279.25M | Scene, ViewLayer | Updating Geometry BVH common_living_dining_balcony_glass_sliding_door_01_stT_mesh 477/1402 | Building BVH
Fra:1 Mem:623.36M (Peak 623.51M) | Time:00:02.20 | Mem:257.00M, Peak:279.25M | Scene, ViewLayer | Updating Geometry BVH A_living_dining_balcony_pendant_lamp_02_ globe_mesh 1290/1402 | Building BVH
Fra:1 Mem:623.36M (Peak 623.51M) | Time:00:02.20 | Mem:257.04M, Peak:279.25M | Scene, ViewLayer | Updating Geometry BVH common_living_dining_balcony_glass_sliding_door_02_glass_mesh 479/1402 | Building BVH
Fra:1 Mem:623.36M (Peak 623.51M) | Time:00:02.20 | Mem:257.04M, Peak:279.25M | Scene, ViewLayer | Updating Geometry BVH common_living_dining_balcony_glass_sliding_door_02_stL_mesh 480/1402 | Building BVH
Fra:1 Mem:623.36M (Peak 623.51M) | Time:00:02.20 | Mem:257.05M, Peak:279.25M | Scene, ViewLayer | Updating Geometry BVH common_living_dining_balcony_glass_sliding_door_02_stR_mesh 481/1402 | Building BVH
Fra:1 Mem:623.36M (Peak 623.51M) | Time:00:02.20 | Mem:257.07M, Peak:279.25M | Scene, ViewLayer | Updating Geometry BVH common_living_dining_balcony_glass_sliding_door_02_stT_mesh 482/1402 | Building BVH
Fra:1 Mem:623.36M (Peak 623.51M) | Time:00:02.20 | Mem:257.14M, Peak:279.25M | Scene, ViewLayer | Updating Geometry BVH common_living_dining_balcony_glass_sliding_door_02_stB_mesh 483/1402 | Building BVH
Fra:1 Mem:623.36M (Peak 623.51M) | Time:00:02.20 | Mem:257.14M, Peak:279.25M | Scene, ViewLayer | Updating Geometry BVH common_kitchen_glass_sliding_door_02_glass_mesh 484/1402 | Building BVH
Fra:1 Mem:623.36M (Peak 623.51M) | Time:00:02.20 | Mem:257.15M, Peak:279.25M | Scene, ViewLayer | Updating Geometry BVH common_kitchen_glass_sliding_door_02_stL_mesh 485/1402 | Building BVH
Fra:1 Mem:623.36M (Peak 623.51M) | Time:00:02.20 | Mem:257.16M, Peak:279.25M | Scene, ViewLayer | Updating Geometry BVH common_kitchen_glass_sliding_door_02_stR_mesh 486/1402 | Building BVH
Fra:1 Mem:623.36M (Peak 623.51M) | Time:00:02.20 | Mem:257.20M, Peak:279.25M | Scene, ViewLayer | Updating Geometry BVH common_kitchen_glass_sliding_door_02_stT_mesh 487/1402 | Building BVH
Fra:1 Mem:623.36M (Peak 623.51M) | Time:00:02.20 | Mem:257.20M, Peak:279.25M | Scene, ViewLayer | Updating Geometry BVH common_kitchen_glass_sliding_door_02_stB_mesh 488/1402 | Building BVH
Fra:1 Mem:623.36M (Peak 623.51M) | Time:00:02.20 | Mem:257.20M, Peak:279.25M | Scene, ViewLayer | Updating Geometry BVH common_living_dining_balcony_fridge_01_body_mesh 489/1402 | Building BVH
Fra:1 Mem:623.36M (Peak 623.51M) | Time:00:02.20 | Mem:257.21M, Peak:279.25M | Scene, ViewLayer | Updating Geometry BVH common_living_dining_balcony_fridge_01_seamH_mesh 490/1402 | Building BVH
Fra:1 Mem:623.36M (Peak 623.51M) | Time:00:02.20 | Mem:257.21M, Peak:279.25M | Scene, ViewLayer | Updating Geometry BVH common_living_dining_balcony_fridge_01_seamV_mesh 491/1402 | Building BVH
Fra:1 Mem:623.36M (Peak 623.51M) | Time:00:02.20 | Mem:257.21M, Peak:279.25M | Scene, ViewLayer | Updating Geometry BVH common_living_dining_balcony_fridge_01_pullL_mesh 492/1402 | Building BVH
Fra:1 Mem:623.36M (Peak 623.51M) | Time:00:02.20 | Mem:257.21M, Peak:279.25M | Scene, ViewLayer | Updating Geometry BVH common_living_dining_balcony_cabinet_01_body_mesh 494/1402 | Building BVH
Fra:1 Mem:623.36M (Peak 623.51M) | Time:00:02.20 | Mem:257.23M, Peak:279.25M | Scene, ViewLayer | Updating Geometry BVH common_living_dining_balcony_cabinet_01_door_gapbg_mesh 495/1402 | Building BVH
Fra:1 Mem:623.36M (Peak 623.51M) | Time:00:02.20 | Mem:257.23M, Peak:279.25M | Scene, ViewLayer | Updating Geometry BVH common_living_dining_balcony_cabinet_01_door_f0l_mesh 496/1402 | Building BVH
Fra:1 Mem:623.36M (Peak 623.51M) | Time:00:02.20 | Mem:257.24M, Peak:279.25M | Scene, ViewLayer | Updating Geometry BVH common_living_dining_balcony_cabinet_01_door_f0b_mesh 498/1402 | Building BVH
Fra:1 Mem:623.36M (Peak 623.51M) | Time:00:02.20 | Mem:257.26M, Peak:279.25M | Scene, ViewLayer | Updating Geometry BVH common_living_dining_balcony_cabinet_01_door_f0t_mesh 499/1402 | Building BVH
Fra:1 Mem:623.36M (Peak 623.51M) | Time:00:02.20 | Mem:257.26M, Peak:279.25M | Scene, ViewLayer | Updating Geometry BVH common_living_dining_balcony_cabinet_01_door_f0r_mesh 497/1402 | Building BVH
Fra:1 Mem:623.36M (Peak 623.51M) | Time:00:02.20 | Mem:257.34M, Peak:279.25M | Scene, ViewLayer | Updating Geometry BVH common_living_dining_balcony_cabinet_01_door_f0c_mesh 500/1402 | Building BVH
Fra:1 Mem:623.36M (Peak 623.51M) | Time:00:02.20 | Mem:257.34M, Peak:279.25M | Scene, ViewLayer | Updating Geometry BVH common_living_dining_balcony_cabinet_01_door_p0_mesh 501/1402 | Building BVH
Fra:1 Mem:623.36M (Peak 623.51M) | Time:00:02.20 | Mem:257.34M, Peak:279.25M | Scene, ViewLayer | Updating Geometry BVH common_living_dining_balcony_cabinet_01_door_f1l_mesh 502/1402 | Building BVH
Fra:1 Mem:623.36M (Peak 623.51M) | Time:00:02.20 | Mem:257.37M, Peak:279.25M | Scene, ViewLayer | Updating Geometry BVH common_living_dining_balcony_cabinet_01_door_f1r_mesh 503/1402 | Building BVH
Fra:1 Mem:623.36M (Peak 623.51M) | Time:00:02.20 | Mem:257.37M, Peak:279.25M | Scene, ViewLayer | Updating Geometry BVH A_living_dining_balcony_island_02_leg3_mesh 1288/1402 | Building BVH
Fra:1 Mem:623.36M (Peak 623.51M) | Time:00:02.20 | Mem:257.37M, Peak:279.25M | Scene, ViewLayer | Updating Geometry BVH common_living_dining_balcony_cabinet_01_door_f1c_mesh 506/1402 | Building BVH
Fra:1 Mem:623.36M (Peak 623.51M) | Time:00:02.20 | Mem:257.45M, Peak:279.25M | Scene, ViewLayer | Updating Geometry BVH common_living_dining_balcony_cabinet_01_door_p1_mesh 507/1402 | Building BVH
Fra:1 Mem:623.36M (Peak 623.51M) | Time:00:02.20 | Mem:257.47M, Peak:279.25M | Scene, ViewLayer | Updating Geometry BVH common_foyer_cabinet_01_body_mesh 508/1402 | Building BVH
Fra:1 Mem:623.36M (Peak 623.51M) | Time:00:02.20 | Mem:257.47M, Peak:279.25M | Scene, ViewLayer | Updating Geometry BVH common_foyer_cabinet_01_door_f0l_mesh 510/1402 | Building BVH
Fra:1 Mem:623.36M (Peak 623.51M) | Time:00:02.20 | Mem:257.47M, Peak:279.25M | Scene, ViewLayer | Updating Geometry BVH common_foyer_cabinet_01_door_f0r_mesh 511/1402 | Building BVH
Fra:1 Mem:623.36M (Peak 623.51M) | Time:00:02.20 | Mem:257.47M, Peak:279.25M | Scene, ViewLayer | Updating Geometry BVH common_foyer_cabinet_01_door_f0b_mesh 512/1402 | Building BVH
Fra:1 Mem:623.36M (Peak 623.51M) | Time:00:02.20 | Mem:257.50M, Peak:279.25M | Scene, ViewLayer | Updating Geometry BVH common_foyer_cabinet_01_door_f0t_mesh 513/1402 | Building BVH
Fra:1 Mem:623.36M (Peak 623.51M) | Time:00:02.20 | Mem:257.53M, Peak:279.25M | Scene, ViewLayer | Updating Geometry BVH common_foyer_cabinet_01_door_f0c_mesh 514/1402 | Building BVH
Fra:1 Mem:623.36M (Peak 623.51M) | Time:00:02.20 | Mem:257.57M, Peak:279.25M | Scene, ViewLayer | Updating Geometry BVH common_foyer_cabinet_01_door_p0_mesh 515/1402 | Building BVH
Fra:1 Mem:623.36M (Peak 623.51M) | Time:00:02.20 | Mem:257.56M, Peak:279.25M | Scene, ViewLayer | Updating Geometry BVH common_foyer_cabinet_01_door_f1l_mesh 516/1402 | Building BVH
Fra:1 Mem:623.36M (Peak 623.51M) | Time:00:02.20 | Mem:257.56M, Peak:279.25M | Scene, ViewLayer | Updating Geometry BVH A_living_dining_balcony_island_02_leg2_mesh 1287/1402 | Building BVH
Fra:1 Mem:623.36M (Peak 623.51M) | Time:00:02.20 | Mem:257.57M, Peak:279.25M | Scene, ViewLayer | Updating Geometry BVH common_foyer_cabinet_01_door_f1r_mesh 517/1402 | Building BVH
Fra:1 Mem:623.36M (Peak 623.51M) | Time:00:02.20 | Mem:257.57M, Peak:279.25M | Scene, ViewLayer | Updating Geometry BVH common_foyer_cabinet_01_door_f1t_mesh 519/1402 | Building BVH
Fra:1 Mem:623.36M (Peak 623.51M) | Time:00:02.20 | Mem:257.60M, Peak:279.25M | Scene, ViewLayer | Updating Geometry BVH common_foyer_cabinet_01_door_f1c_mesh 520/1402 | Building BVH
Fra:1 Mem:623.36M (Peak 623.51M) | Time:00:02.20 | Mem:257.60M, Peak:279.25M | Scene, ViewLayer | Updating Geometry BVH common_foyer_cabinet_01_door_p1_mesh 521/1402 | Building BVH
Fra:1 Mem:623.36M (Peak 623.51M) | Time:00:02.20 | Mem:257.66M, Peak:279.25M | Scene, ViewLayer | Updating Geometry BVH common_foyer_cabinet_01_door_f2l_mesh 522/1402 | Building BVH
Fra:1 Mem:623.36M (Peak 623.51M) | Time:00:02.20 | Mem:257.66M, Peak:279.25M | Scene, ViewLayer | Updating Geometry BVH common_foyer_cabinet_01_door_f2r_mesh 523/1402 | Building BVH
Fra:1 Mem:623.36M (Peak 623.51M) | Time:00:02.20 | Mem:257.68M, Peak:279.25M | Scene, ViewLayer | Updating Geometry BVH A_living_dining_balcony_island_02_leg1_mesh 1286/1402 | Building BVH
Fra:1 Mem:623.36M (Peak 623.51M) | Time:00:02.20 | Mem:257.72M, Peak:279.25M | Scene, ViewLayer | Updating Geometry BVH common_foyer_cabinet_01_door_f2b_mesh 524/1402 | Building BVH
Fra:1 Mem:623.36M (Peak 623.51M) | Time:00:02.20 | Mem:257.72M, Peak:279.25M | Scene, ViewLayer | Updating Geometry BVH common_foyer_cabinet_01_door_f2t_mesh 525/1402 | Building BVH
Fra:1 Mem:623.36M (Peak 623.51M) | Time:00:02.20 | Mem:257.76M, Peak:279.25M | Scene, ViewLayer | Updating Geometry BVH common_foyer_cabinet_01_door_f2c_mesh 526/1402 | Building BVH
Fra:1 Mem:623.36M (Peak 623.51M) | Time:00:02.20 | Mem:257.76M, Peak:279.25M | Scene, ViewLayer | Updating Geometry BVH A_living_dining_balcony_island_02_leg0_mesh 1285/1402 | Building BVH
Fra:1 Mem:623.36M (Peak 623.51M) | Time:00:02.20 | Mem:257.77M, Peak:279.25M | Scene, ViewLayer | Updating Geometry BVH common_foyer_cabinet_01_door_p2_mesh 527/1402 | Building BVH
Fra:1 Mem:623.36M (Peak 623.51M) | Time:00:02.20 | Mem:257.78M, Peak:279.25M | Scene, ViewLayer | Updating Geometry BVH common_foyer_open_niche_01_back_mesh 528/1402 | Building BVH
Fra:1 Mem:623.36M (Peak 623.51M) | Time:00:02.20 | Mem:257.80M, Peak:279.25M | Scene, ViewLayer | Updating Geometry BVH common_foyer_open_niche_01_cheek0_mesh 529/1402 | Building BVH
Fra:1 Mem:623.36M (Peak 623.51M) | Time:00:02.20 | Mem:257.80M, Peak:279.25M | Scene, ViewLayer | Updating Geometry BVH common_foyer_open_niche_01_cheek1_mesh 530/1402 | Building BVH
Fra:1 Mem:623.36M (Peak 623.51M) | Time:00:02.20 | Mem:257.81M, Peak:279.25M | Scene, ViewLayer | Updating Geometry BVH common_foyer_open_niche_01_top_mesh 531/1402 | Building BVH
Fra:1 Mem:623.36M (Peak 623.51M) | Time:00:02.20 | Mem:257.81M, Peak:279.25M | Scene, ViewLayer | Updating Geometry BVH common_foyer_open_niche_01_bottom_mesh 532/1402 | Building BVH
Fra:1 Mem:623.36M (Peak 623.51M) | Time:00:02.20 | Mem:257.83M, Peak:279.25M | Scene, ViewLayer | Updating Geometry BVH common_foyer_open_niche_01_sh0_mesh 533/1402 | Building BVH
Fra:1 Mem:623.36M (Peak 623.51M) | Time:00:02.20 | Mem:257.85M, Peak:279.25M | Scene, ViewLayer | Updating Geometry BVH common_foyer_cabinet_02_body_mesh 534/1402 | Building BVH
Fra:1 Mem:623.36M (Peak 623.51M) | Time:00:02.20 | Mem:257.85M, Peak:279.25M | Scene, ViewLayer | Updating Geometry BVH common_foyer_cabinet_02_door_gapbg_mesh 535/1402 | Building BVH
Fra:1 Mem:623.36M (Peak 623.51M) | Time:00:02.20 | Mem:257.86M, Peak:279.25M | Scene, ViewLayer | Updating Geometry BVH common_foyer_cabinet_02_door_f0l_mesh 536/1402 | Building BVH
Fra:1 Mem:623.36M (Peak 623.51M) | Time:00:02.20 | Mem:257.88M, Peak:279.25M | Scene, ViewLayer | Updating Geometry BVH common_foyer_cabinet_02_door_f0r_mesh 537/1402 | Building BVH
Fra:1 Mem:623.36M (Peak 623.51M) | Time:00:02.20 | Mem:257.88M, Peak:279.25M | Scene, ViewLayer | Updating Geometry BVH common_foyer_cabinet_02_door_f0b_mesh 538/1402 | Building BVH
Fra:1 Mem:623.36M (Peak 623.51M) | Time:00:02.20 | Mem:257.90M, Peak:279.25M | Scene, ViewLayer | Updating Geometry BVH common_foyer_cabinet_02_door_f0t_mesh 539/1402 | Building BVH
Fra:1 Mem:623.36M (Peak 623.51M) | Time:00:02.20 | Mem:257.90M, Peak:279.25M | Scene, ViewLayer | Updating Geometry BVH common_foyer_cabinet_02_door_p0_mesh 541/1402 | Building BVH
Fra:1 Mem:623.36M (Peak 623.51M) | Time:00:02.20 | Mem:257.90M, Peak:279.25M | Scene, ViewLayer | Updating Geometry BVH common_foyer_cabinet_02_door_f1l_mesh 542/1402 | Building BVH
Fra:1 Mem:623.36M (Peak 623.51M) | Time:00:02.21 | Mem:257.92M, Peak:279.25M | Scene, ViewLayer | Updating Geometry BVH common_foyer_cabinet_02_door_f1t_mesh 545/1402 | Building BVH
Fra:1 Mem:623.36M (Peak 623.51M) | Time:00:02.21 | Mem:257.91M, Peak:279.25M | Scene, ViewLayer | Updating Geometry BVH common_foyer_cabinet_02_door_p1_mesh 547/1402 | Building BVH
Fra:1 Mem:623.36M (Peak 623.51M) | Time:00:02.21 | Mem:257.91M, Peak:279.25M | Scene, ViewLayer | Updating Geometry BVH common_foyer_cabinet_02_door_f2l_mesh 548/1402 | Building BVH
Fra:1 Mem:623.36M (Peak 623.51M) | Time:00:02.21 | Mem:257.91M, Peak:279.25M | Scene, ViewLayer | Updating Geometry BVH common_foyer_cabinet_02_door_f2r_mesh 549/1402 | Building BVH
Fra:1 Mem:623.36M (Peak 623.51M) | Time:00:02.21 | Mem:257.92M, Peak:279.25M | Scene, ViewLayer | Updating Geometry BVH common_foyer_cabinet_02_door_f2b_mesh 550/1402 | Building BVH
Fra:1 Mem:623.36M (Peak 623.51M) | Time:00:02.21 | Mem:257.92M, Peak:279.25M | Scene, ViewLayer | Updating Geometry BVH common_foyer_cabinet_02_door_p2_mesh 553/1402 | Building BVH
Fra:1 Mem:623.36M (Peak 623.51M) | Time:00:02.21 | Mem:257.93M, Peak:279.25M | Scene, ViewLayer | Updating Geometry BVH common_foyer_mirror_door_01_mirror_mesh 554/1402 | Building BVH
Fra:1 Mem:623.36M (Peak 623.51M) | Time:00:02.21 | Mem:257.93M, Peak:279.25M | Scene, ViewLayer | Updating Geometry BVH common_foyer_mirror_door_01_fr0_mesh 555/1402 | Building BVH
Fra:1 Mem:623.36M (Peak 623.51M) | Time:00:02.21 | Mem:257.96M, Peak:279.25M | Scene, ViewLayer | Updating Geometry BVH common_foyer_mirror_door_01_fr1_mesh 556/1402 | Building BVH
Fra:1 Mem:623.36M (Peak 623.51M) | Time:00:02.21 | Mem:257.99M, Peak:279.25M | Scene, ViewLayer | Updating Geometry BVH common_foyer_mirror_door_01_fr2_mesh 557/1402 | Building BVH
Fra:1 Mem:623.36M (Peak 623.51M) | Time:00:02.21 | Mem:258.18M, Peak:279.25M | Scene, ViewLayer | Updating Geometry BVH common_foyer_mirror_door_01_fr3_mesh 558/1402 | Building BVH
Fra:1 Mem:623.36M (Peak 623.51M) | Time:00:02.21 | Mem:258.18M, Peak:279.25M | Scene, ViewLayer | Updating Geometry BVH common_foyer_mirror_door_01_pull_mesh 559/1402 | Building BVH
Fra:1 Mem:623.36M (Peak 623.51M) | Time:00:02.21 | Mem:258.19M, Peak:279.25M | Scene, ViewLayer | Updating Geometry BVH common_elevator_hall_cabinet_01_body_mesh 560/1402 | Building BVH
Fra:1 Mem:623.36M (Peak 623.51M) | Time:00:02.21 | Mem:258.20M, Peak:279.25M | Scene, ViewLayer | Updating Geometry BVH common_elevator_hall_cabinet_01_door_gapbg_mesh 561/1402 | Building BVH
Fra:1 Mem:623.36M (Peak 623.51M) | Time:00:02.21 | Mem:258.20M, Peak:279.25M | Scene, ViewLayer | Updating Geometry BVH common_elevator_hall_cabinet_01_door_f0l_mesh 562/1402 | Building BVH
Fra:1 Mem:623.36M (Peak 623.51M) | Time:00:02.21 | Mem:258.21M, Peak:279.25M | Scene, ViewLayer | Updating Geometry BVH common_elevator_hall_cabinet_01_door_f0r_mesh 563/1402 | Building BVH
Fra:1 Mem:623.36M (Peak 623.51M) | Time:00:02.21 | Mem:258.21M, Peak:279.25M | Scene, ViewLayer | Updating Geometry BVH common_elevator_hall_cabinet_01_door_f0b_mesh 564/1402 | Building BVH
Fra:1 Mem:623.36M (Peak 623.51M) | Time:00:02.21 | Mem:258.21M, Peak:279.25M | Scene, ViewLayer | Updating Geometry BVH common_elevator_hall_cabinet_01_door_f0t_mesh 565/1402 | Building BVH
Fra:1 Mem:623.36M (Peak 623.51M) | Time:00:02.21 | Mem:258.22M, Peak:279.25M | Scene, ViewLayer | Updating Geometry BVH common_elevator_hall_cabinet_01_door_f0c_mesh 566/1402 | Building BVH
Fra:1 Mem:623.36M (Peak 623.51M) | Time:00:02.21 | Mem:258.24M, Peak:279.25M | Scene, ViewLayer | Updating Geometry BVH common_elevator_hall_cabinet_01_door_p0_mesh 567/1402 | Building BVH
Fra:1 Mem:623.36M (Peak 623.51M) | Time:00:02.21 | Mem:258.26M, Peak:279.25M | Scene, ViewLayer | Updating Geometry BVH A_living_dining_balcony_pendant_lamp_01_ globe_mesh 1283/1402 | Building BVH
Fra:1 Mem:623.36M (Peak 623.51M) | Time:00:02.21 | Mem:258.40M, Peak:279.25M | Scene, ViewLayer | Updating Geometry BVH common_living_dining_balcony_bookcase_01_body_mesh 568/1402 | Building BVH
Fra:1 Mem:623.36M (Peak 623.51M) | Time:00:02.21 | Mem:258.40M, Peak:279.25M | Scene, ViewLayer | Updating Geometry BVH common_living_dining_balcony_bookcase_01_drw_gapbg_mesh 569/1402 | Building BVH
Fra:1 Mem:623.36M (Peak 623.51M) | Time:00:02.21 | Mem:258.41M, Peak:279.25M | Scene, ViewLayer | Updating Geometry BVH common_living_dining_balcony_bookcase_01_drw_f0_mesh 570/1402 | Building BVH
Fra:1 Mem:623.36M (Peak 623.51M) | Time:00:02.21 | Mem:258.42M, Peak:279.25M | Scene, ViewLayer | Updating Geometry BVH common_living_dining_balcony_bookcase_01_drw_slot0_mesh 571/1402 | Building BVH
Fra:1 Mem:623.36M (Peak 623.51M) | Time:00:02.21 | Mem:258.44M, Peak:279.25M | Scene, ViewLayer | Updating Geometry BVH common_living_dining_balcony_bookcase_01_drw_f1_mesh 572/1402 | Building BVH
Fra:1 Mem:623.36M (Peak 623.51M) | Time:00:02.21 | Mem:258.44M, Peak:279.25M | Scene, ViewLayer | Updating Geometry BVH common_living_dining_balcony_bookcase_01_drw_slot1_mesh 573/1402 | Building BVH
Fra:1 Mem:623.36M (Peak 623.51M) | Time:00:02.21 | Mem:258.41M, Peak:279.25M | Scene, ViewLayer | Updating Geometry BVH common_living_dining_balcony_bookcase_01_drw_f2_mesh 574/1402 | Building BVH
Fra:1 Mem:623.36M (Peak 623.51M) | Time:00:02.21 | Mem:258.42M, Peak:279.25M | Scene, ViewLayer | Updating Geometry BVH common_living_dining_balcony_bookcase_01_drw_slot2_mesh 575/1402 | Building BVH
Fra:1 Mem:623.36M (Peak 623.51M) | Time:00:02.21 | Mem:258.43M, Peak:279.25M | Scene, ViewLayer | Updating Geometry BVH common_living_dining_balcony_bookcase_02_back_mesh 576/1402 | Building BVH
Fra:1 Mem:623.36M (Peak 623.51M) | Time:00:02.21 | Mem:258.46M, Peak:279.25M | Scene, ViewLayer | Updating Geometry BVH common_living_dining_balcony_bookcase_02_top_mesh 577/1402 | Building BVH
Fra:1 Mem:623.36M (Peak 623.51M) | Time:00:02.21 | Mem:258.46M, Peak:279.25M | Scene, ViewLayer | Updating Geometry BVH common_living_dining_balcony_bookcase_02_bot_mesh 578/1402 | Building BVH
Fra:1 Mem:623.36M (Peak 623.51M) | Time:00:02.21 | Mem:258.47M, Peak:279.25M | Scene, ViewLayer | Updating Geometry BVH common_living_dining_balcony_bookcase_02_endS_mesh 579/1402 | Building BVH
Fra:1 Mem:623.36M (Peak 623.51M) | Time:00:02.21 | Mem:258.46M, Peak:279.25M | Scene, ViewLayer | Updating Geometry BVH common_living_dining_balcony_bookcase_02_endN_mesh 580/1402 | Building BVH
Fra:1 Mem:623.36M (Peak 623.51M) | Time:00:02.21 | Mem:258.47M, Peak:279.25M | Scene, ViewLayer | Updating Geometry BVH common_living_dining_balcony_bookcase_02_div1_mesh 581/1402 | Building BVH
Fra:1 Mem:623.36M (Peak 623.51M) | Time:00:02.21 | Mem:258.54M, Peak:279.25M | Scene, ViewLayer | Updating Geometry BVH common_living_dining_balcony_bookcase_02_div2_mesh 582/1402 | Building BVH
Fra:1 Mem:623.36M (Peak 623.51M) | Time:00:02.21 | Mem:258.53M, Peak:279.25M | Scene, ViewLayer | Updating Geometry BVH common_living_dining_balcony_bookcase_02_door_gapbg_mesh 583/1402 | Building BVH
Fra:1 Mem:623.36M (Peak 623.51M) | Time:00:02.21 | Mem:258.53M, Peak:279.25M | Scene, ViewLayer | Updating Geometry BVH common_living_dining_balcony_bookcase_02_door_f0_mesh 584/1402 | Building BVH
Fra:1 Mem:623.36M (Peak 623.51M) | Time:00:02.21 | Mem:258.56M, Peak:279.25M | Scene, ViewLayer | Updating Geometry BVH A_living_dining_balcony_tv_cabinet_01_door_f4_mesh 1281/1402 | Building BVH
Fra:1 Mem:623.36M (Peak 623.51M) | Time:00:02.21 | Mem:258.57M, Peak:279.25M | Scene, ViewLayer | Updating Geometry BVH common_living_dining_balcony_bookcase_02_door_p0_mesh 585/1402 | Building BVH
Fra:1 Mem:623.36M (Peak 623.51M) | Time:00:02.21 | Mem:258.57M, Peak:279.25M | Scene, ViewLayer | Updating Geometry BVH common_living_dining_balcony_bookcase_02_shelf0_mesh 586/1402 | Building BVH
Fra:1 Mem:623.36M (Peak 623.51M) | Time:00:02.21 | Mem:258.57M, Peak:279.25M | Scene, ViewLayer | Updating Geometry BVH common_living_dining_balcony_bookcase_02_shelf1_mesh 587/1402 | Building BVH
Fra:1 Mem:623.36M (Peak 623.51M) | Time:00:02.21 | Mem:258.59M, Peak:279.25M | Scene, ViewLayer | Updating Geometry BVH common_living_dining_balcony_bookcase_02_shelf2_mesh 588/1402 | Building BVH
Fra:1 Mem:623.36M (Peak 623.51M) | Time:00:02.21 | Mem:258.61M, Peak:279.25M | Scene, ViewLayer | Updating Geometry BVH common_living_dining_balcony_bookcase_02_shelf3_mesh 589/1402 | Building BVH
Fra:1 Mem:623.36M (Peak 623.51M) | Time:00:02.21 | Mem:258.61M, Peak:279.25M | Scene, ViewLayer | Updating Geometry BVH common_living_dining_balcony_bookcase_02_gshelf0_mesh 590/1402 | Building BVH
Fra:1 Mem:623.36M (Peak 623.51M) | Time:00:02.21 | Mem:258.61M, Peak:279.25M | Scene, ViewLayer | Updating Geometry BVH common_living_dining_balcony_bookcase_02_gshelf1_mesh 591/1402 | Building BVH
Fra:1 Mem:623.36M (Peak 623.51M) | Time:00:02.21 | Mem:258.62M, Peak:279.25M | Scene, ViewLayer | Updating Geometry BVH common_living_dining_balcony_bookcase_02_gf_stS_mesh 592/1402 | Building BVH
Fra:1 Mem:623.36M (Peak 623.51M) | Time:00:02.21 | Mem:258.62M, Peak:279.25M | Scene, ViewLayer | Updating Geometry BVH common_living_dining_balcony_bookcase_02_gf_stN_mesh 593/1402 | Building BVH
Fra:1 Mem:623.36M (Peak 623.51M) | Time:00:02.21 | Mem:258.64M, Peak:279.25M | Scene, ViewLayer | Updating Geometry BVH common_living_dining_balcony_bookcase_02_gf_rlB_mesh 594/1402 | Building BVH
Fra:1 Mem:623.36M (Peak 623.51M) | Time:00:02.21 | Mem:258.65M, Peak:279.25M | Scene, ViewLayer | Updating Geometry BVH common_living_dining_balcony_bookcase_02_gf_rlT_mesh 595/1402 | Building BVH
Fra:1 Mem:623.36M (Peak 623.51M) | Time:00:02.21 | Mem:258.72M, Peak:279.25M | Scene, ViewLayer | Updating Geometry BVH common_living_dining_balcony_bookcase_02_gpane_mesh 596/1402 | Building BVH
Fra:1 Mem:623.36M (Peak 623.51M) | Time:00:02.21 | Mem:258.72M, Peak:279.25M | Scene, ViewLayer | Updating Geometry BVH A_living_dining_balcony_tv_cabinet_01_door_f3_mesh 1280/1402 | Building BVH
Fra:1 Mem:623.36M (Peak 623.51M) | Time:00:02.21 | Mem:258.73M, Peak:279.25M | Scene, ViewLayer | Updating Geometry BVH common_living_dining_balcony_bookcase_02_gknob_mesh 597/1402 | Building BVH
Fra:1 Mem:623.36M (Peak 623.51M) | Time:00:02.21 | Mem:258.75M, Peak:279.25M | Scene, ViewLayer | Updating Geometry BVH common_living_dining_balcony_laundry_cabinet_01_body_mesh 598/1402 | Building BVH
Fra:1 Mem:623.36M (Peak 623.51M) | Time:00:02.21 | Mem:258.75M, Peak:279.25M | Scene, ViewLayer | Updating Geometry BVH common_living_dining_balcony_laundry_cabinet_01_door_gapbg_mesh 599/1402 | Building BVH
Fra:1 Mem:623.36M (Peak 623.51M) | Time:00:02.21 | Mem:258.75M, Peak:279.25M | Scene, ViewLayer | Updating Geometry BVH common_living_dining_balcony_laundry_cabinet_01_door_f0l_mesh 600/1402 | Building BVH
Fra:1 Mem:623.37M (Peak 623.51M) | Time:00:02.21 | Mem:258.76M, Peak:279.25M | Scene, ViewLayer | Updating Geometry BVH common_living_dining_balcony_laundry_cabinet_01_door_f0b_mesh 602/1402 | Building BVH
Fra:1 Mem:623.37M (Peak 623.51M) | Time:00:02.21 | Mem:258.77M, Peak:279.25M | Scene, ViewLayer | Updating Geometry BVH common_living_dining_balcony_laundry_cabinet_01_door_f0t_mesh 603/1402 | Building BVH
Fra:1 Mem:623.37M (Peak 623.51M) | Time:00:02.21 | Mem:258.78M, Peak:279.25M | Scene, ViewLayer | Updating Geometry BVH common_living_dining_balcony_laundry_cabinet_01_door_f0c_mesh 604/1402 | Building BVH
Fra:1 Mem:623.37M (Peak 623.51M) | Time:00:02.21 | Mem:258.84M, Peak:279.25M | Scene, ViewLayer | Updating Geometry BVH common_living_dining_balcony_laundry_cabinet_01_door_p0_mesh 605/1402 | Building BVH
Fra:1 Mem:623.37M (Peak 623.51M) | Time:00:02.21 | Mem:258.85M, Peak:279.25M | Scene, ViewLayer | Updating Geometry BVH A_living_dining_balcony_tv_cabinet_01_door_f2_mesh 1279/1402 | Building BVH
Fra:1 Mem:623.37M (Peak 623.51M) | Time:00:02.21 | Mem:258.85M, Peak:279.25M | Scene, ViewLayer | Updating Geometry BVH common_living_dining_balcony_laundry_cabinet_01_door_f1l_mesh 606/1402 | Building BVH
Fra:1 Mem:623.37M (Peak 623.51M) | Time:00:02.21 | Mem:258.85M, Peak:279.25M | Scene, ViewLayer | Updating Geometry BVH common_living_dining_balcony_laundry_cabinet_01_door_f1r_mesh 607/1402 | Building BVH
Fra:1 Mem:623.37M (Peak 623.51M) | Time:00:02.21 | Mem:258.89M, Peak:279.25M | Scene, ViewLayer | Updating Geometry BVH common_living_dining_balcony_laundry_cabinet_01_door_f1b_mesh 608/1402 | Building BVH
Fra:1 Mem:623.37M (Peak 623.51M) | Time:00:02.21 | Mem:258.90M, Peak:279.25M | Scene, ViewLayer | Updating Geometry BVH common_living_dining_balcony_laundry_cabinet_01_door_f1t_mesh 609/1402 | Building BVH
Fra:1 Mem:623.37M (Peak 623.51M) | Time:00:02.21 | Mem:258.92M, Peak:279.25M | Scene, ViewLayer | Updating Geometry BVH common_living_dining_balcony_laundry_cabinet_01_door_p1_mesh 611/1402 | Building BVH
Fra:1 Mem:623.37M (Peak 623.51M) | Time:00:02.21 | Mem:258.92M, Peak:279.25M | Scene, ViewLayer | Updating Geometry BVH common_master_bedroom_wardrobe_01_body_mesh 612/1402 | Building BVH
Fra:1 Mem:623.37M (Peak 623.51M) | Time:00:02.21 | Mem:258.94M, Peak:279.25M | Scene, ViewLayer | Updating Geometry BVH A_living_dining_balcony_tv_cabinet_01_door_f1_mesh 1278/1402 | Building BVH
Fra:1 Mem:623.37M (Peak 623.51M) | Time:00:02.21 | Mem:258.98M, Peak:279.25M | Scene, ViewLayer | Updating Geometry BVH common_master_bedroom_wardrobe_01_door_gapbg_mesh 613/1402 | Building BVH
Fra:1 Mem:623.37M (Peak 623.51M) | Time:00:02.21 | Mem:258.98M, Peak:279.25M | Scene, ViewLayer | Updating Geometry BVH common_master_bedroom_wardrobe_01_door_f0l_mesh 614/1402 | Building BVH
Fra:1 Mem:623.37M (Peak 623.51M) | Time:00:02.21 | Mem:258.98M, Peak:279.25M | Scene, ViewLayer | Updating Geometry BVH common_master_bedroom_wardrobe_01_door_f0b_mesh 616/1402 | Building BVH
Fra:1 Mem:623.37M (Peak 623.51M) | Time:00:02.21 | Mem:258.99M, Peak:279.25M | Scene, ViewLayer | Updating Geometry BVH common_master_bedroom_wardrobe_01_door_f0c_mesh 618/1402 | Building BVH
Fra:1 Mem:623.37M (Peak 623.51M) | Time:00:02.21 | Mem:259.00M, Peak:279.25M | Scene, ViewLayer | Updating Geometry BVH common_master_bedroom_wardrobe_01_door_p0_mesh 619/1402 | Building BVH
Fra:1 Mem:623.37M (Peak 623.51M) | Time:00:02.21 | Mem:259.02M, Peak:279.25M | Scene, ViewLayer | Updating Geometry BVH A_living_dining_balcony_tv_cabinet_01_door_f0_mesh 1277/1402 | Building BVH
Fra:1 Mem:623.37M (Peak 623.51M) | Time:00:02.21 | Mem:259.04M, Peak:279.25M | Scene, ViewLayer | Updating Geometry BVH common_master_bedroom_wardrobe_01_door_f1l_mesh 620/1402 | Building BVH
Fra:1 Mem:623.37M (Peak 623.51M) | Time:00:02.21 | Mem:259.06M, Peak:279.25M | Scene, ViewLayer | Updating Geometry BVH common_master_bedroom_wardrobe_01_door_f0r_mesh 615/1402 | Building BVH
Fra:1 Mem:623.37M (Peak 623.51M) | Time:00:02.22 | Mem:259.11M, Peak:279.25M | Scene, ViewLayer | Updating Geometry BVH common_master_bedroom_wardrobe_01_door_f1r_mesh 621/1402 | Building BVH
Fra:1 Mem:623.37M (Peak 623.51M) | Time:00:02.22 | Mem:259.11M, Peak:279.25M | Scene, ViewLayer | Updating Geometry BVH common_master_bedroom_wardrobe_01_door_f1c_mesh 624/1402 | Building BVH
Fra:1 Mem:623.37M (Peak 623.51M) | Time:00:02.22 | Mem:259.11M, Peak:279.25M | Scene, ViewLayer | Updating Geometry BVH common_master_bedroom_wardrobe_01_door_f2l_mesh 626/1402 | Building BVH
Fra:1 Mem:623.37M (Peak 623.51M) | Time:00:02.22 | Mem:259.11M, Peak:279.25M | Scene, ViewLayer | Updating Geometry BVH common_master_bedroom_wardrobe_01_door_f2b_mesh 628/1402 | Building BVH
Fra:1 Mem:623.37M (Peak 623.51M) | Time:00:02.22 | Mem:259.23M, Peak:279.25M | Scene, ViewLayer | Updating Geometry BVH A_living_dining_balcony_tv_cabinet_01_door_gapbg_mesh 1276/1402 | Building BVH
Fra:1 Mem:623.37M (Peak 623.51M) | Time:00:02.22 | Mem:259.24M, Peak:279.25M | Scene, ViewLayer | Updating Geometry BVH common_master_bedroom_wardrobe_01_door_f2t_mesh 629/1402 | Building BVH
Fra:1 Mem:623.37M (Peak 623.51M) | Time:00:02.22 | Mem:259.24M, Peak:279.25M | Scene, ViewLayer | Updating Geometry BVH common_master_bedroom_wardrobe_01_door_f2c_mesh 630/1402 | Building BVH
Fra:1 Mem:623.37M (Peak 623.51M) | Time:00:02.22 | Mem:259.23M, Peak:279.25M | Scene, ViewLayer | Updating Geometry BVH common_master_bedroom_wardrobe_01_door_p2_mesh 631/1402 | Building BVH
Fra:1 Mem:623.37M (Peak 623.51M) | Time:00:02.22 | Mem:259.28M, Peak:279.25M | Scene, ViewLayer | Updating Geometry BVH common_master_bedroom_wardrobe_01_door_f3l_mesh 632/1402 | Building BVH
Fra:1 Mem:623.37M (Peak 623.51M) | Time:00:02.22 | Mem:259.27M, Peak:279.25M | Scene, ViewLayer | Updating Geometry BVH common_master_bedroom_wardrobe_01_door_f3r_mesh 633/1402 | Building BVH
Fra:1 Mem:623.37M (Peak 623.51M) | Time:00:02.22 | Mem:259.27M, Peak:279.25M | Scene, ViewLayer | Updating Geometry BVH common_master_bedroom_wardrobe_01_door_f3b_mesh 634/1402 | Building BVH
Fra:1 Mem:623.37M (Peak 623.51M) | Time:00:02.22 | Mem:259.28M, Peak:279.25M | Scene, ViewLayer | Updating Geometry BVH common_master_bedroom_wardrobe_01_door_f3t_mesh 635/1402 | Building BVH
Fra:1 Mem:623.37M (Peak 623.51M) | Time:00:02.22 | Mem:259.28M, Peak:279.25M | Scene, ViewLayer | Updating Geometry BVH common_master_bedroom_wardrobe_01_door_f3c_mesh 636/1402 | Building BVH
Fra:1 Mem:623.37M (Peak 623.51M) | Time:00:02.22 | Mem:259.30M, Peak:279.25M | Scene, ViewLayer | Updating Geometry BVH common_master_bedroom_wardrobe_01_door_p3_mesh 637/1402 | Building BVH
Fra:1 Mem:623.37M (Peak 623.51M) | Time:00:02.22 | Mem:259.35M, Peak:279.25M | Scene, ViewLayer | Updating Geometry BVH common_master_bedroom_wardrobe_01_door_f4l_mesh 638/1402 | Building BVH
Fra:1 Mem:623.37M (Peak 623.51M) | Time:00:02.22 | Mem:259.38M, Peak:279.25M | Scene, ViewLayer | Updating Geometry BVH common_master_bedroom_wardrobe_01_door_f4r_mesh 639/1402 | Building BVH
Fra:1 Mem:623.37M (Peak 623.51M) | Time:00:02.22 | Mem:259.39M, Peak:279.25M | Scene, ViewLayer | Updating Geometry BVH common_master_bedroom_wardrobe_01_door_f4b_mesh 640/1402 | Building BVH
Fra:1 Mem:623.37M (Peak 623.51M) | Time:00:02.22 | Mem:259.42M, Peak:279.25M | Scene, ViewLayer | Updating Geometry BVH common_master_bedroom_wardrobe_01_door_f4t_mesh 641/1402 | Building BVH
Fra:1 Mem:623.37M (Peak 623.51M) | Time:00:02.22 | Mem:259.42M, Peak:279.25M | Scene, ViewLayer | Updating Geometry BVH common_master_bedroom_wardrobe_01_door_f4c_mesh 642/1402 | Building BVH
Fra:1 Mem:623.37M (Peak 623.51M) | Time:00:02.22 | Mem:259.43M, Peak:279.25M | Scene, ViewLayer | Updating Geometry BVH common_master_bedroom_wardrobe_01_door_p4_mesh 643/1402 | Building BVH
Fra:1 Mem:623.37M (Peak 623.51M) | Time:00:02.22 | Mem:259.43M, Peak:279.25M | Scene, ViewLayer | Updating Geometry BVH common_master_bedroom_wardrobe_01_door_f5l_mesh 644/1402 | Building BVH
Fra:1 Mem:623.37M (Peak 623.51M) | Time:00:02.22 | Mem:259.43M, Peak:279.25M | Scene, ViewLayer | Updating Geometry BVH common_master_bedroom_wardrobe_01_door_f5r_mesh 645/1402 | Building BVH
Fra:1 Mem:623.37M (Peak 623.51M) | Time:00:02.22 | Mem:259.43M, Peak:279.25M | Scene, ViewLayer | Updating Geometry BVH common_master_bedroom_wardrobe_01_door_f5b_mesh 646/1402 | Building BVH
Fra:1 Mem:623.37M (Peak 623.51M) | Time:00:02.22 | Mem:259.43M, Peak:279.25M | Scene, ViewLayer | Updating Geometry BVH common_master_bedroom_wardrobe_01_door_f5t_mesh 647/1402 | Building BVH
Fra:1 Mem:623.37M (Peak 623.51M) | Time:00:02.22 | Mem:259.44M, Peak:279.25M | Scene, ViewLayer | Updating Geometry BVH common_master_bedroom_wardrobe_01_door_f5c_mesh 648/1402 | Building BVH
Fra:1 Mem:623.37M (Peak 623.51M) | Time:00:02.22 | Mem:259.44M, Peak:279.25M | Scene, ViewLayer | Updating Geometry BVH common_master_bedroom_wardrobe_01_door_p5_mesh 649/1402 | Building BVH
Fra:1 Mem:623.37M (Peak 623.51M) | Time:00:02.22 | Mem:259.50M, Peak:279.25M | Scene, ViewLayer | Updating Geometry BVH common_master_bedroom_wardrobe_01_door_f6l_mesh 650/1402 | Building BVH
Fra:1 Mem:623.37M (Peak 623.51M) | Time:00:02.22 | Mem:259.55M, Peak:279.25M | Scene, ViewLayer | Updating Geometry BVH common_master_bedroom_wardrobe_01_door_f6r_mesh 651/1402 | Building BVH
Fra:1 Mem:623.37M (Peak 623.51M) | Time:00:02.22 | Mem:259.55M, Peak:279.25M | Scene, ViewLayer | Updating Geometry BVH common_master_bedroom_wardrobe_01_door_f6b_mesh 652/1402 | Building BVH
Fra:1 Mem:623.37M (Peak 623.51M) | Time:00:02.22 | Mem:259.56M, Peak:279.25M | Scene, ViewLayer | Updating Geometry BVH common_master_bedroom_wardrobe_01_door_f6t_mesh 653/1402 | Building BVH
Fra:1 Mem:623.37M (Peak 623.51M) | Time:00:02.22 | Mem:259.58M, Peak:279.25M | Scene, ViewLayer | Updating Geometry BVH common_master_bedroom_wardrobe_01_door_f6c_mesh 654/1402 | Building BVH
Fra:1 Mem:623.37M (Peak 623.51M) | Time:00:02.22 | Mem:259.59M, Peak:279.25M | Scene, ViewLayer | Updating Geometry BVH common_master_bedroom_wardrobe_01_door_p6_mesh 655/1402 | Building BVH
Fra:1 Mem:623.37M (Peak 623.51M) | Time:00:02.22 | Mem:259.61M, Peak:279.25M | Scene, ViewLayer | Updating Geometry BVH common_master_bedroom_open_niche_01_back_mesh 656/1402 | Building BVH
Fra:1 Mem:623.37M (Peak 623.51M) | Time:00:02.22 | Mem:259.64M, Peak:279.25M | Scene, ViewLayer | Updating Geometry BVH common_master_bedroom_open_niche_01_cheek0_mesh 657/1402 | Building BVH
Fra:1 Mem:623.37M (Peak 623.51M) | Time:00:02.22 | Mem:259.66M, Peak:279.25M | Scene, ViewLayer | Updating Geometry BVH common_master_bedroom_open_niche_01_cheek1_mesh 658/1402 | Building BVH
Fra:1 Mem:623.37M (Peak 623.51M) | Time:00:02.22 | Mem:259.66M, Peak:279.25M | Scene, ViewLayer | Updating Geometry BVH common_master_bedroom_open_niche_01_bottom_mesh 660/1402 | Building BVH
Fra:1 Mem:623.37M (Peak 623.51M) | Time:00:02.22 | Mem:259.66M, Peak:279.25M | Scene, ViewLayer | Updating Geometry BVH A_living_dining_balcony_island_01_top_mesh 1274/1402 | Building BVH
Fra:1 Mem:623.37M (Peak 623.51M) | Time:00:02.22 | Mem:259.67M, Peak:279.25M | Scene, ViewLayer | Updating Geometry BVH common_master_bedroom_open_niche_01_sh0_mesh 661/1402 | Building BVH
Fra:1 Mem:623.37M (Peak 623.51M) | Time:00:02.22 | Mem:259.71M, Peak:279.25M | Scene, ViewLayer | Updating Geometry BVH common_master_bedroom_open_niche_01_sh1_mesh 662/1402 | Building BVH
Fra:1 Mem:623.37M (Peak 623.51M) | Time:00:02.22 | Mem:259.71M, Peak:279.25M | Scene, ViewLayer | Updating Geometry BVH common_master_bedroom_open_niche_01_sh2_mesh 663/1402 | Building BVH
Fra:1 Mem:623.37M (Peak 623.51M) | Time:00:02.22 | Mem:259.71M, Peak:279.25M | Scene, ViewLayer | Updating Geometry BVH common_master_bath_vanity_01_cab_mesh 664/1402 | Building BVH
Fra:1 Mem:623.37M (Peak 623.51M) | Time:00:02.22 | Mem:259.71M, Peak:279.25M | Scene, ViewLayer | Updating Geometry BVH common_master_bath_vanity_01_drw_gapbg_mesh 665/1402 | Building BVH
Fra:1 Mem:623.37M (Peak 623.51M) | Time:00:02.22 | Mem:259.71M, Peak:279.25M | Scene, ViewLayer | Updating Geometry BVH common_master_bath_vanity_01_drw_f0_mesh 666/1402 | Building BVH
Fra:1 Mem:623.37M (Peak 623.51M) | Time:00:02.22 | Mem:259.72M, Peak:279.25M | Scene, ViewLayer | Updating Geometry BVH common_master_bath_vanity_01_drw_p0_mesh 667/1402 | Building BVH
Fra:1 Mem:623.37M (Peak 623.51M) | Time:00:02.22 | Mem:259.73M, Peak:279.25M | Scene, ViewLayer | Updating Geometry BVH common_master_bath_vanity_01_drw_f1_mesh 668/1402 | Building BVH
Fra:1 Mem:623.37M (Peak 623.51M) | Time:00:02.22 | Mem:259.74M, Peak:279.25M | Scene, ViewLayer | Updating Geometry BVH common_master_bath_vanity_01_drw_p1_mesh 669/1402 | Building BVH
Fra:1 Mem:623.37M (Peak 623.51M) | Time:00:02.22 | Mem:259.79M, Peak:279.25M | Scene, ViewLayer | Updating Geometry BVH common_master_bath_vanity_01_top_s1_mesh 670/1402 | Building BVH
Fra:1 Mem:623.37M (Peak 623.51M) | Time:00:02.22 | Mem:259.79M, Peak:279.25M | Scene, ViewLayer | Updating Geometry BVH A_living_dining_balcony_island_01_sh1_mesh 1273/1402 | Building BVH
Fra:1 Mem:623.37M (Peak 623.51M) | Time:00:02.22 | Mem:259.79M, Peak:279.25M | Scene, ViewLayer | Updating Geometry BVH common_master_bath_vanity_01_top_s2_mesh 671/1402 | Building BVH
Fra:1 Mem:623.37M (Peak 623.51M) | Time:00:02.22 | Mem:259.80M, Peak:279.25M | Scene, ViewLayer | Updating Geometry BVH common_master_bath_vanity_01_top_s3_mesh 672/1402 | Building BVH
Fra:1 Mem:623.37M (Peak 623.51M) | Time:00:02.22 | Mem:259.84M, Peak:279.25M | Scene, ViewLayer | Updating Geometry BVH common_master_bath_vanity_01_top_s4_mesh 673/1402 | Building BVH
Fra:1 Mem:623.37M (Peak 623.51M) | Time:00:02.22 | Mem:259.85M, Peak:279.25M | Scene, ViewLayer | Updating Geometry BVH common_master_bath_vanity_01_bowlW_mesh 674/1402 | Building BVH
Fra:1 Mem:623.37M (Peak 623.51M) | Time:00:02.22 | Mem:259.86M, Peak:279.25M | Scene, ViewLayer | Updating Geometry BVH common_master_bath_vanity_01_bowlE_mesh 675/1402 | Building BVH
Fra:1 Mem:623.37M (Peak 623.51M) | Time:00:02.22 | Mem:259.87M, Peak:279.25M | Scene, ViewLayer | Updating Geometry BVH common_master_bath_vanity_01_bowlN_mesh 676/1402 | Building BVH
Fra:1 Mem:623.37M (Peak 623.51M) | Time:00:02.22 | Mem:259.89M, Peak:279.25M | Scene, ViewLayer | Updating Geometry BVH common_master_bath_vanity_01_bowlS_mesh 677/1402 | Building BVH
Fra:1 Mem:623.37M (Peak 623.51M) | Time:00:02.22 | Mem:259.92M, Peak:279.25M | Scene, ViewLayer | Updating Geometry BVH common_master_bath_vanity_01_bowlB_mesh 678/1402 | Building BVH
Fra:1 Mem:623.37M (Peak 623.51M) | Time:00:02.22 | Mem:259.93M, Peak:279.25M | Scene, ViewLayer | Updating Geometry BVH common_master_bath_vanity_01_fc_base_mesh 679/1402 | Building BVH
Fra:1 Mem:623.37M (Peak 623.51M) | Time:00:02.22 | Mem:259.93M, Peak:279.25M | Scene, ViewLayer | Updating Geometry BVH common_master_bath_vanity_01_fc_riser_mesh 680/1402 | Building BVH
Fra:1 Mem:623.37M (Peak 623.51M) | Time:00:02.22 | Mem:259.94M, Peak:279.25M | Scene, ViewLayer | Updating Geometry BVH common_master_bath_vanity_01_fc_spout_mesh 681/1402 | Building BVH
Fra:1 Mem:623.37M (Peak 623.51M) | Time:00:02.22 | Mem:259.96M, Peak:279.25M | Scene, ViewLayer | Updating Geometry BVH common_master_bath_vanity_01_fc_tip_mesh 682/1402 | Building BVH
Fra:1 Mem:623.37M (Peak 623.51M) | Time:00:02.22 | Mem:259.96M, Peak:279.25M | Scene, ViewLayer | Updating Geometry BVH common_master_bath_mirror_cabinet_01_body_mesh 683/1402 | Building BVH
Fra:1 Mem:623.37M (Peak 623.51M) | Time:00:02.22 | Mem:259.96M, Peak:279.25M | Scene, ViewLayer | Updating Geometry BVH common_master_bath_mirror_cabinet_01_mir_f0_mesh 684/1402 | Building BVH
Fra:1 Mem:623.37M (Peak 623.51M) | Time:00:02.22 | Mem:259.96M, Peak:279.25M | Scene, ViewLayer | Updating Geometry BVH common_master_bath_toilet_01_base_mesh 685/1402 | Building BVH
Fra:1 Mem:623.37M (Peak 623.51M) | Time:00:02.22 | Mem:259.97M, Peak:279.25M | Scene, ViewLayer | Updating Geometry BVH common_master_bath_toilet_01_seat_mesh 686/1402 | Building BVH
Fra:1 Mem:623.37M (Peak 623.51M) | Time:00:02.22 | Mem:259.98M, Peak:279.25M | Scene, ViewLayer | Updating Geometry BVH common_master_bath_toilet_01_tank_mesh 687/1402 | Building BVH
Fra:1 Mem:623.37M (Peak 623.51M) | Time:00:02.22 | Mem:259.99M, Peak:279.25M | Scene, ViewLayer | Updating Geometry BVH common_master_bath_glass_partition_01_fr0_mesh 688/1402 | Building BVH
Fra:1 Mem:623.37M (Peak 623.51M) | Time:00:02.22 | Mem:260.02M, Peak:279.25M | Scene, ViewLayer | Updating Geometry BVH common_master_bath_glass_partition_01_fr1_mesh 689/1402 | Building BVH
Fra:1 Mem:623.37M (Peak 623.51M) | Time:00:02.22 | Mem:260.07M, Peak:279.25M | Scene, ViewLayer | Updating Geometry BVH A_living_dining_balcony_island_01_sh0_mesh 1272/1402 | Building BVH
Fra:1 Mem:623.37M (Peak 623.51M) | Time:00:02.22 | Mem:260.06M, Peak:279.25M | Scene, ViewLayer | Updating Geometry BVH common_master_bath_glass_partition_01_fr2_mesh 690/1402 | Building BVH
Fra:1 Mem:623.37M (Peak 623.51M) | Time:00:02.22 | Mem:260.06M, Peak:279.25M | Scene, ViewLayer | Updating Geometry BVH common_master_bath_glass_partition_01_fr3_mesh 691/1402 | Building BVH
Fra:1 Mem:623.37M (Peak 623.51M) | Time:00:02.22 | Mem:260.08M, Peak:279.25M | Scene, ViewLayer | Updating Geometry BVH common_master_bath_glass_partition_01_fr4_mesh 692/1402 | Building BVH
Fra:1 Mem:623.37M (Peak 623.51M) | Time:00:02.22 | Mem:260.08M, Peak:279.25M | Scene, ViewLayer | Updating Geometry BVH common_master_bath_shower_floor_01_drain_mesh 694/1402 | Building BVH
Fra:1 Mem:623.37M (Peak 623.51M) | Time:00:02.22 | Mem:260.08M, Peak:279.25M | Scene, ViewLayer | Updating Geometry BVH common_corridor_vanity_01_cab_mesh 695/1402 | Building BVH
Fra:1 Mem:623.37M (Peak 623.51M) | Time:00:02.22 | Mem:260.09M, Peak:279.25M | Scene, ViewLayer | Updating Geometry BVH common_corridor_vanity_01_drw_gapbg_mesh 696/1402 | Building BVH
Fra:1 Mem:623.37M (Peak 623.51M) | Time:00:02.22 | Mem:260.10M, Peak:279.25M | Scene, ViewLayer | Updating Geometry BVH A_living_dining_balcony_island_01_niche_mesh 1271/1402 | Building BVH
Fra:1 Mem:623.37M (Peak 623.51M) | Time:00:02.22 | Mem:260.12M, Peak:279.25M | Scene, ViewLayer | Updating Geometry BVH common_corridor_vanity_01_drw_f0_mesh 697/1402 | Building BVH
Fra:1 Mem:623.37M (Peak 623.51M) | Time:00:02.22 | Mem:260.16M, Peak:279.25M | Scene, ViewLayer | Updating Geometry BVH A_living_dining_balcony_island_01_drw_p0_mesh 1270/1402 | Building BVH
Fra:1 Mem:623.37M (Peak 623.51M) | Time:00:02.22 | Mem:260.17M, Peak:279.25M | Scene, ViewLayer | Updating Geometry BVH common_corridor_vanity_01_drw_p0_mesh 698/1402 | Building BVH
Fra:1 Mem:623.37M (Peak 623.51M) | Time:00:02.22 | Mem:260.17M, Peak:279.25M | Scene, ViewLayer | Updating Geometry BVH common_corridor_vanity_01_drw_f1_mesh 699/1402 | Building BVH
Fra:1 Mem:623.37M (Peak 623.51M) | Time:00:02.22 | Mem:260.17M, Peak:279.25M | Scene, ViewLayer | Updating Geometry BVH A_living_dining_balcony_island_01_drw_f0_mesh 1269/1402 | Building BVH
Fra:1 Mem:623.37M (Peak 623.51M) | Time:00:02.22 | Mem:260.18M, Peak:279.25M | Scene, ViewLayer | Updating Geometry BVH common_corridor_vanity_01_drw_p1_mesh 700/1402 | Building BVH
Fra:1 Mem:623.37M (Peak 623.51M) | Time:00:02.22 | Mem:260.22M, Peak:279.25M | Scene, ViewLayer | Updating Geometry BVH common_corridor_vanity_01_drw_f2_mesh 701/1402 | Building BVH
Fra:1 Mem:623.37M (Peak 623.51M) | Time:00:02.22 | Mem:260.22M, Peak:279.25M | Scene, ViewLayer | Updating Geometry BVH common_corridor_vanity_01_top_s1_mesh 703/1402 | Building BVH
Fra:1 Mem:623.37M (Peak 623.51M) | Time:00:02.22 | Mem:260.22M, Peak:279.25M | Scene, ViewLayer | Updating Geometry BVH common_corridor_vanity_01_top_s2_mesh 704/1402 | Building BVH
Fra:1 Mem:623.37M (Peak 623.51M) | Time:00:02.23 | Mem:260.22M, Peak:279.25M | Scene, ViewLayer | Updating Geometry BVH common_corridor_vanity_01_top_s5_mesh 707/1402 | Building BVH
Fra:1 Mem:623.37M (Peak 623.51M) | Time:00:02.23 | Mem:260.23M, Peak:279.25M | Scene, ViewLayer | Updating Geometry BVH common_corridor_vanity_01_bowlW_mesh 708/1402 | Building BVH
Fra:1 Mem:623.37M (Peak 623.51M) | Time:00:02.23 | Mem:260.24M, Peak:279.25M | Scene, ViewLayer | Updating Geometry BVH A_living_dining_balcony_island_01_drw_gapbg_mesh 1268/1402 | Building BVH
Fra:1 Mem:623.37M (Peak 623.51M) | Time:00:02.23 | Mem:260.26M, Peak:279.25M | Scene, ViewLayer | Updating Geometry BVH common_corridor_vanity_01_bowlN_mesh 710/1402 | Building BVH
Fra:1 Mem:623.37M (Peak 623.51M) | Time:00:02.23 | Mem:260.26M, Peak:279.25M | Scene, ViewLayer | Updating Geometry BVH common_corridor_vanity_01_fc353_base_mesh 713/1402 | Building BVH
Fra:1 Mem:623.37M (Peak 623.51M) | Time:00:02.23 | Mem:260.27M, Peak:279.25M | Scene, ViewLayer | Updating Geometry BVH common_corridor_vanity_01_fc353_spout_mesh 715/1402 | Building BVH
Fra:1 Mem:623.37M (Peak 623.51M) | Time:00:02.23 | Mem:260.29M, Peak:279.25M | Scene, ViewLayer | Updating Geometry BVH common_corridor_vanity_01_fc353_tip_mesh 716/1402 | Building BVH
Fra:1 Mem:623.37M (Peak 623.51M) | Time:00:02.23 | Mem:260.29M, Peak:279.25M | Scene, ViewLayer | Updating Geometry BVH common_corridor_vanity_01_bowlW_mesh.001 717/1402 | Building BVH
Fra:1 Mem:623.37M (Peak 623.51M) | Time:00:02.23 | Mem:260.48M, Peak:279.25M | Scene, ViewLayer | Updating Geometry BVH common_corridor_vanity_01_bowlE_mesh.001 718/1402 | Building BVH
Fra:1 Mem:623.37M (Peak 623.51M) | Time:00:02.23 | Mem:260.49M, Peak:279.25M | Scene, ViewLayer | Updating Geometry BVH common_corridor_vanity_01_bowlN_mesh.001 719/1402 | Building BVH
Fra:1 Mem:623.37M (Peak 623.51M) | Time:00:02.23 | Mem:260.49M, Peak:279.25M | Scene, ViewLayer | Updating Geometry BVH common_corridor_vanity_01_bowlS_mesh.001 720/1402 | Building BVH
Fra:1 Mem:623.37M (Peak 623.51M) | Time:00:02.23 | Mem:260.49M, Peak:279.25M | Scene, ViewLayer | Updating Geometry BVH common_corridor_vanity_01_bowlB_mesh.001 721/1402 | Building BVH
Fra:1 Mem:623.37M (Peak 623.51M) | Time:00:02.23 | Mem:260.48M, Peak:279.25M | Scene, ViewLayer | Updating Geometry BVH common_corridor_vanity_01_fc281_base_mesh 722/1402 | Building BVH
Fra:1 Mem:623.37M (Peak 623.51M) | Time:00:02.23 | Mem:260.48M, Peak:279.25M | Scene, ViewLayer | Updating Geometry BVH A_living_dining_balcony_island_01_oven_mesh 1267/1402 | Building BVH
Fra:1 Mem:623.37M (Peak 623.51M) | Time:00:02.23 | Mem:260.52M, Peak:279.25M | Scene, ViewLayer | Updating Geometry BVH common_corridor_vanity_01_fc281_riser_mesh 723/1402 | Building BVH
Fra:1 Mem:623.37M (Peak 623.51M) | Time:00:02.23 | Mem:260.53M, Peak:279.25M | Scene, ViewLayer | Updating Geometry BVH common_corridor_vanity_01_fc281_spout_mesh 724/1402 | Building BVH
Fra:1 Mem:623.37M (Peak 623.51M) | Time:00:02.23 | Mem:260.53M, Peak:279.25M | Scene, ViewLayer | Updating Geometry BVH common_corridor_mirror_cabinet_01_body_mesh 726/1402 | Building BVH
Fra:1 Mem:623.37M (Peak 623.51M) | Time:00:02.23 | Mem:260.53M, Peak:279.25M | Scene, ViewLayer | Updating Geometry BVH common_corridor_mirror_cabinet_01_mir_f0_mesh 727/1402 | Building BVH
Fra:1 Mem:623.37M (Peak 623.51M) | Time:00:02.23 | Mem:260.53M, Peak:279.25M | Scene, ViewLayer | Updating Geometry BVH common_corridor_mirror_cabinet_01_mir_f1_mesh 728/1402 | Building BVH
Fra:1 Mem:623.37M (Peak 623.51M) | Time:00:02.23 | Mem:260.54M, Peak:279.25M | Scene, ViewLayer | Updating Geometry BVH A_living_dining_balcony_island_01_base_mesh 1266/1402 | Building BVH
Fra:1 Mem:623.37M (Peak 623.51M) | Time:00:02.23 | Mem:260.55M, Peak:279.25M | Scene, ViewLayer | Updating Geometry BVH common_public_bath_wet_shower_floor_01_pan_mesh 729/1402 | Building BVH
Fra:1 Mem:623.37M (Peak 623.51M) | Time:00:02.23 | Mem:260.55M, Peak:279.25M | Scene, ViewLayer | Updating Geometry BVH common_public_bath_wet_shower_floor_01_drain_mesh 730/1402 | Building BVH
Fra:1 Mem:623.37M (Peak 623.51M) | Time:00:02.23 | Mem:260.63M, Peak:279.25M | Scene, ViewLayer | Updating Geometry BVH common_public_bath_wet_glass_partition_01_fr0_mesh 731/1402 | Building BVH
Fra:1 Mem:623.37M (Peak 623.51M) | Time:00:02.23 | Mem:260.63M, Peak:279.25M | Scene, ViewLayer | Updating Geometry BVH common_public_bath_wet_glass_partition_01_fr1_mesh 732/1402 | Building BVH
Fra:1 Mem:623.37M (Peak 623.51M) | Time:00:02.23 | Mem:260.63M, Peak:279.25M | Scene, ViewLayer | Updating Geometry BVH common_public_bath_wet_glass_partition_01_fr2_mesh 733/1402 | Building BVH
Fra:1 Mem:623.37M (Peak 623.51M) | Time:00:02.23 | Mem:260.67M, Peak:279.25M | Scene, ViewLayer | Updating Geometry BVH common_public_bath_wet_glass_partition_01_fr3_mesh 734/1402 | Building BVH
Fra:1 Mem:623.37M (Peak 623.51M) | Time:00:02.23 | Mem:260.67M, Peak:279.25M | Scene, ViewLayer | Updating Geometry BVH A_living_dining_balcony_island_01_backN_mesh 1265/1402 | Building BVH
Fra:1 Mem:623.37M (Peak 623.51M) | Time:00:02.23 | Mem:260.67M, Peak:279.25M | Scene, ViewLayer | Updating Geometry BVH common_public_bath_wet_glass_partition_01_fr4_mesh 735/1402 | Building BVH
Fra:1 Mem:623.37M (Peak 623.51M) | Time:00:02.23 | Mem:260.67M, Peak:279.25M | Scene, ViewLayer | Updating Geometry BVH common_public_bath_wet_toilet_01_seat_mesh 737/1402 | Building BVH
Fra:1 Mem:623.37M (Peak 623.51M) | Time:00:02.23 | Mem:260.67M, Peak:279.25M | Scene, ViewLayer | Updating Geometry BVH common_parents_room_wardrobe_01_body_mesh 739/1402 | Building BVH
Fra:1 Mem:623.37M (Peak 623.51M) | Time:00:02.23 | Mem:260.75M, Peak:279.25M | Scene, ViewLayer | Updating Geometry BVH common_parents_room_wardrobe_01_slA_f0_mesh 740/1402 | Building BVH
Fra:1 Mem:623.37M (Peak 623.51M) | Time:00:02.23 | Mem:260.75M, Peak:279.25M | Scene, ViewLayer | Updating Geometry BVH common_parents_room_wardrobe_01_slA_f1_mesh 741/1402 | Building BVH
Fra:1 Mem:623.37M (Peak 623.51M) | Time:00:02.23 | Mem:260.75M, Peak:279.25M | Scene, ViewLayer | Updating Geometry BVH common_parents_room_wardrobe_01_slA_f2_mesh 742/1402 | Building BVH
Fra:1 Mem:623.37M (Peak 623.51M) | Time:00:02.23 | Mem:260.80M, Peak:279.25M | Scene, ViewLayer | Updating Geometry BVH common_parents_room_wardrobe_01_slB_f0_mesh 743/1402 | Building BVH
Fra:1 Mem:623.37M (Peak 623.51M) | Time:00:02.23 | Mem:260.80M, Peak:279.25M | Scene, ViewLayer | Updating Geometry BVH common_parents_room_wardrobe_01_slB_f1_mesh 744/1402 | Building BVH
Fra:1 Mem:623.37M (Peak 623.51M) | Time:00:02.23 | Mem:260.83M, Peak:279.25M | Scene, ViewLayer | Updating Geometry BVH common_parents_room_wardrobe_01_slB_f2_mesh 745/1402 | Building BVH
Fra:1 Mem:623.37M (Peak 623.51M) | Time:00:02.23 | Mem:260.84M, Peak:279.25M | Scene, ViewLayer | Updating Geometry BVH common_master_bedroom_screen_01_slat00_mesh 746/1402 | Building BVH
Fra:1 Mem:623.37M (Peak 623.51M) | Time:00:02.23 | Mem:260.86M, Peak:279.25M | Scene, ViewLayer | Updating Geometry BVH A_living_dining_balcony_island_01_sideE_mesh 1264/1402 | Building BVH
Fra:1 Mem:623.37M (Peak 623.51M) | Time:00:02.23 | Mem:260.86M, Peak:279.25M | Scene, ViewLayer | Updating Geometry BVH common_master_bedroom_screen_01_slat03_mesh 749/1402 | Building BVH
Fra:1 Mem:623.37M (Peak 623.51M) | Time:00:02.23 | Mem:260.86M, Peak:279.25M | Scene, ViewLayer | Updating Geometry BVH common_master_bedroom_screen_01_slat07_mesh 753/1402 | Building BVH
Fra:1 Mem:623.37M (Peak 623.51M) | Time:00:02.23 | Mem:260.86M, Peak:279.25M | Scene, ViewLayer | Updating Geometry BVH common_master_bedroom_screen_01_slat08_mesh 754/1402 | Building BVH
Fra:1 Mem:623.37M (Peak 623.51M) | Time:00:02.23 | Mem:260.86M, Peak:279.25M | Scene, ViewLayer | Updating Geometry BVH common_master_bedroom_screen_01_slat09_mesh 755/1402 | Building BVH
Fra:1 Mem:623.37M (Peak 623.51M) | Time:00:02.23 | Mem:260.86M, Peak:279.25M | Scene, ViewLayer | Updating Geometry BVH common_master_bedroom_screen_01_slat11_mesh 757/1402 | Building BVH
Fra:1 Mem:623.37M (Peak 623.51M) | Time:00:02.23 | Mem:260.88M, Peak:279.25M | Scene, ViewLayer | Updating Geometry BVH common_master_bedroom_screen_01_slat13_mesh 759/1402 | Building BVH
Fra:1 Mem:623.37M (Peak 623.51M) | Time:00:02.23 | Mem:261.07M, Peak:279.25M | Scene, ViewLayer | Updating Geometry BVH common_master_bedroom_screen_01_slat14_mesh 760/1402 | Building BVH
Fra:1 Mem:623.37M (Peak 623.51M) | Time:00:02.24 | Mem:261.07M, Peak:279.25M | Scene, ViewLayer | Updating Geometry BVH common_master_bedroom_screen_01_slat01_mesh 747/1402 | Building BVH
Fra:1 Mem:623.37M (Peak 623.51M) | Time:00:02.24 | Mem:261.07M, Peak:279.25M | Scene, ViewLayer | Updating Geometry BVH common_master_bedroom_screen_01_slat18_mesh 764/1402 | Building BVH
Fra:1 Mem:623.37M (Peak 623.51M) | Time:00:02.24 | Mem:261.08M, Peak:279.25M | Scene, ViewLayer | Updating Geometry BVH common_master_bedroom_screen_01_cap_mesh 765/1402 | Building BVH
Fra:1 Mem:623.37M (Peak 623.51M) | Time:00:02.24 | Mem:261.08M, Peak:279.25M | Scene, ViewLayer | Updating Geometry BVH mb_shower_mixer_mesh 766/1402 | Building BVH
Fra:1 Mem:623.37M (Peak 623.51M) | Time:00:02.24 | Mem:261.08M, Peak:279.25M | Scene, ViewLayer | Updating Geometry BVH mb_shower_hand_mesh 768/1402 | Building BVH
Fra:1 Mem:623.37M (Peak 623.51M) | Time:00:02.24 | Mem:261.08M, Peak:279.25M | Scene, ViewLayer | Updating Geometry BVH mb_shower_rain_mesh 770/1402 | Building BVH
Fra:1 Mem:623.37M (Peak 623.51M) | Time:00:02.24 | Mem:261.08M, Peak:279.25M | Scene, ViewLayer | Updating Geometry BVH fx_mb_niche_back_mesh 771/1402 | Building BVH
Fra:1 Mem:623.37M (Peak 623.51M) | Time:00:02.24 | Mem:261.11M, Peak:279.25M | Scene, ViewLayer | Updating Geometry BVH fx_mb_niche_side0_mesh 772/1402 | Building BVH
Fra:1 Mem:623.37M (Peak 623.51M) | Time:00:02.24 | Mem:261.18M, Peak:279.25M | Scene, ViewLayer | Updating Geometry BVH fx_mb_niche_side1_mesh 773/1402 | Building BVH
Fra:1 Mem:623.37M (Peak 623.51M) | Time:00:02.24 | Mem:261.18M, Peak:279.25M | Scene, ViewLayer | Updating Geometry BVH lt_fill_corridor 1262/1402 | Building BVH
Fra:1 Mem:623.37M (Peak 623.51M) | Time:00:02.24 | Mem:261.18M, Peak:279.25M | Scene, ViewLayer | Updating Geometry BVH fx_mb_niche_btm_mesh 774/1402 | Building BVH
Fra:1 Mem:623.37M (Peak 623.51M) | Time:00:02.24 | Mem:261.19M, Peak:279.25M | Scene, ViewLayer | Updating Geometry BVH fx_mb_niche_top_mesh 775/1402 | Building BVH
Fra:1 Mem:623.37M (Peak 623.51M) | Time:00:02.24 | Mem:261.25M, Peak:279.25M | Scene, ViewLayer | Updating Geometry BVH fx_mb_paper_plate_mesh 776/1402 | Building BVH
Fra:1 Mem:623.37M (Peak 623.51M) | Time:00:02.24 | Mem:261.26M, Peak:279.25M | Scene, ViewLayer | Updating Geometry BVH lt_fill_master 1261/1402 | Building BVH
Fra:1 Mem:623.37M (Peak 623.51M) | Time:00:02.24 | Mem:261.27M, Peak:279.25M | Scene, ViewLayer | Updating Geometry BVH fx_mb_paper_rod_mesh 777/1402 | Building BVH
Fra:1 Mem:623.37M (Peak 623.51M) | Time:00:02.24 | Mem:261.27M, Peak:279.25M | Scene, ViewLayer | Updating Geometry BVH pb_shower_mixer_mesh 778/1402 | Building BVH
Fra:1 Mem:623.37M (Peak 623.51M) | Time:00:02.24 | Mem:261.27M, Peak:279.25M | Scene, ViewLayer | Updating Geometry BVH pb_shower_rail_mesh 779/1402 | Building BVH
Fra:1 Mem:623.37M (Peak 623.51M) | Time:00:02.24 | Mem:261.27M, Peak:279.25M | Scene, ViewLayer | Updating Geometry BVH pb_shower_hand_mesh 780/1402 | Building BVH
Fra:1 Mem:623.37M (Peak 623.51M) | Time:00:02.24 | Mem:261.27M, Peak:279.25M | Scene, ViewLayer | Updating Geometry BVH pb_shower_arm_mesh 781/1402 | Building BVH
Fra:1 Mem:623.37M (Peak 623.51M) | Time:00:02.24 | Mem:261.28M, Peak:279.25M | Scene, ViewLayer | Updating Geometry BVH pb_shower_rain_mesh 782/1402 | Building BVH
Fra:1 Mem:623.37M (Peak 623.51M) | Time:00:02.24 | Mem:261.29M, Peak:279.25M | Scene, ViewLayer | Updating Geometry BVH fx_pb_niche_back_mesh 783/1402 | Building BVH
Fra:1 Mem:623.37M (Peak 623.51M) | Time:00:02.24 | Mem:261.30M, Peak:279.25M | Scene, ViewLayer | Updating Geometry BVH fx_pb_niche_side0_mesh 784/1402 | Building BVH
Fra:1 Mem:623.37M (Peak 623.51M) | Time:00:02.24 | Mem:261.35M, Peak:279.25M | Scene, ViewLayer | Updating Geometry BVH fx_pb_niche_side1_mesh 785/1402 | Building BVH
Fra:1 Mem:623.37M (Peak 623.51M) | Time:00:02.24 | Mem:261.35M, Peak:279.25M | Scene, ViewLayer | Updating Geometry BVH lt_fill_mbath 1260/1402 | Building BVH
Fra:1 Mem:623.37M (Peak 623.51M) | Time:00:02.24 | Mem:261.35M, Peak:279.25M | Scene, ViewLayer | Updating Geometry BVH fx_pb_niche_btm_mesh 786/1402 | Building BVH
Fra:1 Mem:623.37M (Peak 623.51M) | Time:00:02.24 | Mem:261.35M, Peak:279.25M | Scene, ViewLayer | Updating Geometry BVH fx_stool_top_mesh 788/1402 | Building BVH
Fra:1 Mem:623.37M (Peak 623.51M) | Time:00:02.24 | Mem:261.36M, Peak:279.25M | Scene, ViewLayer | Updating Geometry BVH fx_stool_leg0_mesh 789/1402 | Building BVH
Fra:1 Mem:623.37M (Peak 623.51M) | Time:00:02.24 | Mem:261.37M, Peak:279.25M | Scene, ViewLayer | Updating Geometry BVH fx_stool_leg1_mesh 790/1402 | Building BVH
Fra:1 Mem:623.37M (Peak 623.51M) | Time:00:02.24 | Mem:261.37M, Peak:279.25M | Scene, ViewLayer | Updating Geometry BVH fx_stool_leg2_mesh 791/1402 | Building BVH
Fra:1 Mem:623.37M (Peak 623.51M) | Time:00:02.24 | Mem:261.42M, Peak:279.25M | Scene, ViewLayer | Updating Geometry BVH fx_stool_leg3_mesh 792/1402 | Building BVH
Fra:1 Mem:623.37M (Peak 623.51M) | Time:00:02.24 | Mem:261.42M, Peak:279.25M | Scene, ViewLayer | Updating Geometry BVH lt_fill_pbath 1259/1402 | Building BVH
Fra:1 Mem:623.37M (Peak 623.51M) | Time:00:02.24 | Mem:261.42M, Peak:279.25M | Scene, ViewLayer | Updating Geometry BVH common_living_dining_balcony_plant_01_stem_mesh 793/1402 | Building BVH
Fra:1 Mem:623.37M (Peak 623.51M) | Time:00:02.24 | Mem:261.44M, Peak:279.25M | Scene, ViewLayer | Updating Geometry BVH common_living_dining_balcony_plant_01_leaf0_mesh 794/1402 | Building BVH
Fra:1 Mem:623.37M (Peak 623.51M) | Time:00:02.24 | Mem:261.46M, Peak:279.25M | Scene, ViewLayer | Updating Geometry BVH common_living_dining_balcony_plant_01_leaf1_mesh 795/1402 | Building BVH
Fra:1 Mem:623.37M (Peak 623.51M) | Time:00:02.24 | Mem:261.47M, Peak:279.25M | Scene, ViewLayer | Updating Geometry BVH common_living_dining_balcony_plant_01_leaf2_mesh 796/1402 | Building BVH
Fra:1 Mem:623.37M (Peak 623.51M) | Time:00:02.24 | Mem:261.48M, Peak:279.25M | Scene, ViewLayer | Updating Geometry BVH common_living_dining_balcony_plant_01_leaf3_mesh 797/1402 | Building BVH
Fra:1 Mem:623.37M (Peak 623.51M) | Time:00:02.24 | Mem:261.48M, Peak:279.25M | Scene, ViewLayer | Updating Geometry BVH lt_fill_son 1258/1402 | Building BVH
Fra:1 Mem:623.37M (Peak 623.51M) | Time:00:02.24 | Mem:261.48M, Peak:279.25M | Scene, ViewLayer | Updating Geometry BVH common_living_dining_balcony_plant_01_leaf4_mesh 798/1402 | Building BVH
Fra:1 Mem:623.37M (Peak 623.51M) | Time:00:02.24 | Mem:261.49M, Peak:279.25M | Scene, ViewLayer | Updating Geometry BVH common_living_dining_balcony_plant_01_leaf5_mesh 799/1402 | Building BVH
Fra:1 Mem:623.37M (Peak 623.51M) | Time:00:02.24 | Mem:261.50M, Peak:279.25M | Scene, ViewLayer | Updating Geometry BVH common_living_dining_balcony_plant_01_leaf6_mesh 800/1402 | Building BVH
Fra:1 Mem:623.37M (Peak 623.51M) | Time:00:02.24 | Mem:261.51M, Peak:279.25M | Scene, ViewLayer | Updating Geometry BVH common_living_dining_balcony_plant_01_leaf7_mesh 801/1402 | Building BVH
Fra:1 Mem:623.37M (Peak 623.51M) | Time:00:02.24 | Mem:261.54M, Peak:279.25M | Scene, ViewLayer | Updating Geometry BVH common_living_dining_balcony_planter_01_pot_mesh 802/1402 | Building BVH
Fra:1 Mem:623.37M (Peak 623.51M) | Time:00:02.24 | Mem:261.54M, Peak:279.25M | Scene, ViewLayer | Updating Geometry BVH lt_fill_daughter 1257/1402 | Building BVH
Fra:1 Mem:623.37M (Peak 623.51M) | Time:00:02.24 | Mem:261.54M, Peak:279.25M | Scene, ViewLayer | Updating Geometry BVH common_living_dining_balcony_stool_01_top_mesh 803/1402 | Building BVH
Fra:1 Mem:623.37M (Peak 623.51M) | Time:00:02.24 | Mem:261.56M, Peak:279.25M | Scene, ViewLayer | Updating Geometry BVH common_living_dining_balcony_stool_01_post_mesh 804/1402 | Building BVH
Fra:1 Mem:623.37M (Peak 623.51M) | Time:00:02.24 | Mem:261.57M, Peak:279.25M | Scene, ViewLayer | Updating Geometry BVH common_living_dining_balcony_stool_01_jar_mesh 805/1402 | Building BVH
Fra:1 Mem:623.37M (Peak 623.51M) | Time:00:02.24 | Mem:261.59M, Peak:279.25M | Scene, ViewLayer | Updating Geometry BVH common_living_dining_balcony_artwork_01_canvas_mesh 806/1402 | Building BVH
Fra:1 Mem:623.37M (Peak 623.51M) | Time:00:02.24 | Mem:261.61M, Peak:279.25M | Scene, ViewLayer | Updating Geometry BVH common_living_dining_balcony_artwork_01_lamp_mesh 807/1402 | Building BVH
Fra:1 Mem:623.37M (Peak 623.51M) | Time:00:02.24 | Mem:261.72M, Peak:279.25M | Scene, ViewLayer | Updating Geometry BVH lt_strip_dt_mesh 1256/1402 | Building BVH
Fra:1 Mem:623.37M (Peak 623.51M) | Time:00:02.24 | Mem:261.73M, Peak:279.25M | Scene, ViewLayer | Updating Geometry BVH common_master_bedroom_dressing_table_01_top_mesh 808/1402 | Building BVH
Fra:1 Mem:623.37M (Peak 623.51M) | Time:00:02.24 | Mem:261.73M, Peak:279.25M | Scene, ViewLayer | Updating Geometry BVH common_master_bedroom_dressing_table_01_side0_mesh 810/1402 | Building BVH
Fra:1 Mem:623.37M (Peak 623.51M) | Time:00:02.24 | Mem:261.73M, Peak:279.25M | Scene, ViewLayer | Updating Geometry BVH common_master_bedroom_dressing_table_01_side1_mesh 811/1402 | Building BVH
Fra:1 Mem:623.37M (Peak 623.51M) | Time:00:02.24 | Mem:261.75M, Peak:279.25M | Scene, ViewLayer | Updating Geometry BVH lt_strip_cb_mesh 1255/1402 | Building BVH
Fra:1 Mem:623.37M (Peak 623.51M) | Time:00:02.24 | Mem:261.75M, Peak:279.25M | Scene, ViewLayer | Updating Geometry BVH common_master_bedroom_dressing_table_01_drw_mesh 812/1402 | Building BVH
Fra:1 Mem:623.37M (Peak 623.51M) | Time:00:02.24 | Mem:261.76M, Peak:279.25M | Scene, ViewLayer | Updating Geometry BVH common_master_bedroom_dressing_table_01drw_drw_gapbg_mesh 813/1402 | Building BVH
Fra:1 Mem:623.37M (Peak 623.51M) | Time:00:02.24 | Mem:261.82M, Peak:279.25M | Scene, ViewLayer | Updating Geometry BVH common_master_bedroom_dressing_table_01drw_drw_f0_mesh 814/1402 | Building BVH
Fra:1 Mem:623.37M (Peak 623.51M) | Time:00:02.24 | Mem:261.82M, Peak:279.25M | Scene, ViewLayer | Updating Geometry BVH common_master_bedroom_dressing_table_01drw_drw_p0_mesh 815/1402 | Building BVH
Fra:1 Mem:623.37M (Peak 623.51M) | Time:00:02.24 | Mem:261.82M, Peak:279.25M | Scene, ViewLayer | Updating Geometry BVH lt_strip_mb_mesh 1254/1402 | Building BVH
Fra:1 Mem:623.37M (Peak 623.51M) | Time:00:02.24 | Mem:261.82M, Peak:279.25M | Scene, ViewLayer | Updating Geometry BVH common_master_bedroom_dressing_table_01drw_drw_f1_mesh 816/1402 | Building BVH
Fra:1 Mem:623.37M (Peak 623.51M) | Time:00:02.24 | Mem:261.82M, Peak:279.25M | Scene, ViewLayer | Updating Geometry BVH common_master_bedroom_dressing_table_01drw_drw_p1_mesh 817/1402 | Building BVH
Fra:1 Mem:623.37M (Peak 623.51M) | Time:00:02.24 | Mem:261.84M, Peak:279.25M | Scene, ViewLayer | Updating Geometry BVH common_master_bedroom_dressing_table_01_upper_mesh 818/1402 | Building BVH
Fra:1 Mem:623.37M (Peak 623.51M) | Time:00:02.24 | Mem:261.87M, Peak:279.25M | Scene, ViewLayer | Updating Geometry BVH common_master_bedroom_dressing_table_01_door_gapbg_mesh 819/1402 | Building BVH
Fra:1 Mem:623.37M (Peak 623.51M) | Time:00:02.24 | Mem:261.89M, Peak:279.25M | Scene, ViewLayer | Updating Geometry BVH common_master_bedroom_dressing_table_01_door_f0l_mesh 820/1402 | Building BVH
Fra:1 Mem:623.37M (Peak 623.51M) | Time:00:02.24 | Mem:261.90M, Peak:279.25M | Scene, ViewLayer | Updating Geometry BVH common_master_bedroom_dressing_table_01_door_f0r_mesh 821/1402 | Building BVH
Fra:1 Mem:623.37M (Peak 623.51M) | Time:00:02.24 | Mem:261.90M, Peak:279.25M | Scene, ViewLayer | Updating Geometry BVH common_master_bedroom_dressing_table_01_door_f0b_mesh 822/1402 | Building BVH
Fra:1 Mem:623.37M (Peak 623.51M) | Time:00:02.24 | Mem:261.87M, Peak:279.25M | Scene, ViewLayer | Updating Geometry BVH common_master_bedroom_dressing_table_01_door_f0c_mesh 824/1402 | Building BVH
Fra:1 Mem:623.37M (Peak 623.51M) | Time:00:02.24 | Mem:261.93M, Peak:279.25M | Scene, ViewLayer | Updating Geometry BVH common_master_bedroom_dressing_table_01_door_p0_mesh 825/1402 | Building BVH
Fra:1 Mem:623.37M (Peak 623.51M) | Time:00:02.24 | Mem:261.96M, Peak:279.25M | Scene, ViewLayer | Updating Geometry BVH common_master_bedroom_dressing_table_01_door_f1r_mesh 827/1402 | Building BVH
Fra:1 Mem:623.37M (Peak 623.51M) | Time:00:02.24 | Mem:261.96M, Peak:279.25M | Scene, ViewLayer | Updating Geometry BVH lt_strip_bcg_mesh 1253/1402 | Building BVH
Fra:1 Mem:623.37M (Peak 623.51M) | Time:00:02.24 | Mem:261.96M, Peak:279.25M | Scene, ViewLayer | Updating Geometry BVH common_master_bedroom_dressing_table_01_door_f1b_mesh 828/1402 | Building BVH
Fra:1 Mem:623.37M (Peak 623.51M) | Time:00:02.24 | Mem:261.98M, Peak:279.25M | Scene, ViewLayer | Updating Geometry BVH common_master_bedroom_dressing_table_01_door_f1t_mesh 829/1402 | Building BVH
Fra:1 Mem:623.37M (Peak 623.51M) | Time:00:02.24 | Mem:261.98M, Peak:279.25M | Scene, ViewLayer | Updating Geometry BVH common_master_bedroom_dressing_table_01_door_f1c_mesh 830/1402 | Building BVH
Fra:1 Mem:623.37M (Peak 623.51M) | Time:00:02.24 | Mem:261.99M, Peak:279.25M | Scene, ViewLayer | Updating Geometry BVH common_master_bedroom_dressing_table_01_door_p1_mesh 831/1402 | Building BVH
Fra:1 Mem:623.37M (Peak 623.51M) | Time:00:02.24 | Mem:262.03M, Peak:279.25M | Scene, ViewLayer | Updating Geometry BVH common_master_bedroom_dressing_table_01_door_f2l_mesh 832/1402 | Building BVH
Fra:1 Mem:623.37M (Peak 623.51M) | Time:00:02.24 | Mem:262.07M, Peak:279.25M | Scene, ViewLayer | Updating Geometry BVH common_master_bedroom_dressing_table_01_door_f2r_mesh 833/1402 | Building BVH
Fra:1 Mem:623.37M (Peak 623.51M) | Time:00:02.24 | Mem:262.07M, Peak:279.25M | Scene, ViewLayer | Updating Geometry BVH lt_strip_bc_mesh 1252/1402 | Building BVH
Fra:1 Mem:623.37M (Peak 623.51M) | Time:00:02.24 | Mem:262.09M, Peak:279.25M | Scene, ViewLayer | Updating Geometry BVH common_master_bedroom_dressing_table_01_door_f2b_mesh 834/1402 | Building BVH
Fra:1 Mem:623.37M (Peak 623.51M) | Time:00:02.25 | Mem:262.11M, Peak:279.25M | Scene, ViewLayer | Updating Geometry BVH common_master_bedroom_dressing_table_01_door_f2t_mesh 835/1402 | Building BVH
Fra:1 Mem:623.37M (Peak 623.51M) | Time:00:02.25 | Mem:262.11M, Peak:279.25M | Scene, ViewLayer | Updating Geometry BVH common_master_bedroom_dressing_table_01_door_f2c_mesh 836/1402 | Building BVH
Fra:1 Mem:623.37M (Peak 623.51M) | Time:00:02.25 | Mem:262.16M, Peak:279.25M | Scene, ViewLayer | Updating Geometry BVH common_master_bedroom_dressing_table_01_door_p2_mesh 837/1402 | Building BVH
Fra:1 Mem:623.37M (Peak 623.51M) | Time:00:02.25 | Mem:262.15M, Peak:279.25M | Scene, ViewLayer | Updating Geometry BVH common_master_bedroom_dressing_table_01_mirror_mesh 838/1402 | Building BVH
Fra:1 Mem:623.37M (Peak 623.51M) | Time:00:02.25 | Mem:262.15M, Peak:279.25M | Scene, ViewLayer | Updating Geometry BVH common_master_bedroom_stool_01_leg2_mesh 842/1402 | Building BVH
Fra:1 Mem:623.37M (Peak 623.51M) | Time:00:02.25 | Mem:262.15M, Peak:279.25M | Scene, ViewLayer | Updating Geometry BVH common_master_bedroom_stool_01_leg3_mesh 843/1402 | Building BVH
Fra:1 Mem:623.37M (Peak 623.51M) | Time:00:02.25 | Mem:262.15M, Peak:279.25M | Scene, ViewLayer | Updating Geometry BVH common_master_bedroom_bed_01_frame_mesh 844/1402 | Building BVH
Fra:1 Mem:623.37M (Peak 623.51M) | Time:00:02.25 | Mem:262.16M, Peak:279.25M | Scene, ViewLayer | Updating Geometry BVH common_master_bedroom_bed_01_duvet_mesh 846/1402 | Building BVH
Fra:1 Mem:623.37M (Peak 623.51M) | Time:00:02.25 | Mem:262.16M, Peak:279.25M | Scene, ViewLayer | Updating Geometry BVH common_master_bedroom_bed_01_duvetdrop_mesh 847/1402 | Building BVH
Fra:1 Mem:623.37M (Peak 623.51M) | Time:00:02.25 | Mem:262.16M, Peak:279.25M | Scene, ViewLayer | Updating Geometry BVH common_master_bedroom_bed_01_duvetdrop2_mesh 848/1402 | Building BVH
Fra:1 Mem:623.37M (Peak 623.51M) | Time:00:02.25 | Mem:262.16M, Peak:279.25M | Scene, ViewLayer | Updating Geometry BVH common_master_bedroom_bed_01_pillow1_mesh 849/1402 | Building BVH
Fra:1 Mem:623.37M (Peak 623.51M) | Time:00:02.25 | Mem:262.19M, Peak:279.25M | Scene, ViewLayer | Updating Geometry BVH common_master_bedroom_bed_01_pillow2_mesh 850/1402 | Building BVH
Fra:1 Mem:623.37M (Peak 623.51M) | Time:00:02.25 | Mem:262.32M, Peak:279.25M | Scene, ViewLayer | Updating Geometry BVH lt_strip_kc2_mesh 1249/1402 | Building BVH
Fra:1 Mem:623.37M (Peak 623.51M) | Time:00:02.25 | Mem:262.32M, Peak:279.25M | Scene, ViewLayer | Updating Geometry BVH common_master_bedroom_bed_01_throw_mesh 851/1402 | Building BVH
Fra:1 Mem:623.37M (Peak 623.51M) | Time:00:02.25 | Mem:262.32M, Peak:279.25M | Scene, ViewLayer | Updating Geometry BVH common_master_bedroom_headboard_01_pad_mesh 852/1402 | Building BVH
Fra:1 Mem:623.37M (Peak 623.51M) | Time:00:02.25 | Mem:262.34M, Peak:279.25M | Scene, ViewLayer | Updating Geometry BVH common_master_bedroom_nightstand_01_body_mesh 853/1402 | Building BVH
Fra:1 Mem:623.37M (Peak 623.51M) | Time:00:02.25 | Mem:262.36M, Peak:279.25M | Scene, ViewLayer | Updating Geometry BVH common_master_bedroom_nightstand_01_drw_gapbg_mesh 854/1402 | Building BVH
Fra:1 Mem:623.37M (Peak 623.51M) | Time:00:02.25 | Mem:262.38M, Peak:279.25M | Scene, ViewLayer | Updating Geometry BVH common_master_bedroom_nightstand_01_drw_f0_mesh 855/1402 | Building BVH
Fra:1 Mem:623.37M (Peak 623.51M) | Time:00:02.25 | Mem:262.39M, Peak:279.25M | Scene, ViewLayer | Updating Geometry BVH common_master_bedroom_nightstand_01_drw_p0_mesh 856/1402 | Building BVH
Fra:1 Mem:623.37M (Peak 623.51M) | Time:00:02.25 | Mem:262.41M, Peak:279.25M | Scene, ViewLayer | Updating Geometry BVH lt_strip_kc1_mesh 1248/1402 | Building BVH
Fra:1 Mem:623.37M (Peak 623.51M) | Time:00:02.25 | Mem:262.41M, Peak:279.25M | Scene, ViewLayer | Updating Geometry BVH common_master_bedroom_nightstand_01_leg1_mesh 858/1402 | Building BVH
Fra:1 Mem:623.37M (Peak 623.51M) | Time:00:02.25 | Mem:262.42M, Peak:279.25M | Scene, ViewLayer | Updating Geometry BVH common_master_bedroom_nightstand_01_leg0_mesh 857/1402 | Building BVH
Fra:1 Mem:623.37M (Peak 623.51M) | Time:00:02.25 | Mem:262.42M, Peak:279.25M | Scene, ViewLayer | Updating Geometry BVH common_master_bedroom_nightstand_02_body_mesh 861/1402 | Building BVH
Fra:1 Mem:623.37M (Peak 623.51M) | Time:00:02.25 | Mem:262.42M, Peak:279.25M | Scene, ViewLayer | Updating Geometry BVH common_master_bedroom_nightstand_02_drw_gapbg_mesh 862/1402 | Building BVH
Fra:1 Mem:623.37M (Peak 623.51M) | Time:00:02.25 | Mem:262.43M, Peak:279.25M | Scene, ViewLayer | Updating Geometry BVH common_master_bedroom_nightstand_02_drw_f0_mesh 863/1402 | Building BVH
Fra:1 Mem:623.37M (Peak 623.51M) | Time:00:02.25 | Mem:262.44M, Peak:279.25M | Scene, ViewLayer | Updating Geometry BVH common_master_bedroom_nightstand_02_drw_p0_mesh 864/1402 | Building BVH
Fra:1 Mem:623.37M (Peak 623.51M) | Time:00:02.25 | Mem:262.50M, Peak:279.25M | Scene, ViewLayer | Updating Geometry BVH lt_strip_E_mesh 1247/1402 | Building BVH
Fra:1 Mem:623.37M (Peak 623.51M) | Time:00:02.25 | Mem:262.51M, Peak:279.25M | Scene, ViewLayer | Updating Geometry BVH common_master_bedroom_nightstand_02_leg0_mesh 865/1402 | Building BVH
Fra:1 Mem:623.37M (Peak 623.51M) | Time:00:02.25 | Mem:262.52M, Peak:279.25M | Scene, ViewLayer | Updating Geometry BVH common_master_bedroom_nightstand_02_leg1_mesh 866/1402 | Building BVH
Fra:1 Mem:623.37M (Peak 623.51M) | Time:00:02.25 | Mem:262.53M, Peak:279.25M | Scene, ViewLayer | Updating Geometry BVH common_master_bedroom_nightstand_02_leg2_mesh 867/1402 | Building BVH
Fra:1 Mem:623.37M (Peak 623.51M) | Time:00:02.25 | Mem:262.53M, Peak:279.25M | Scene, ViewLayer | Updating Geometry BVH common_master_bedroom_nightstand_02_leg3_mesh 868/1402 | Building BVH
Fra:1 Mem:623.37M (Peak 623.51M) | Time:00:02.25 | Mem:262.55M, Peak:279.25M | Scene, ViewLayer | Updating Geometry BVH common_master_bedroom_desk_01_top_mesh 869/1402 | Building BVH
Fra:1 Mem:623.37M (Peak 623.51M) | Time:00:02.25 | Mem:262.54M, Peak:279.25M | Scene, ViewLayer | Updating Geometry BVH lt_strip_W_mesh 1246/1402 | Building BVH
Fra:1 Mem:623.37M (Peak 623.51M) | Time:00:02.25 | Mem:262.54M, Peak:279.25M | Scene, ViewLayer | Updating Geometry BVH common_master_bedroom_desk_01_drawer_mesh 870/1402 | Building BVH
Fra:1 Mem:623.37M (Peak 623.51M) | Time:00:02.25 | Mem:262.55M, Peak:279.25M | Scene, ViewLayer | Updating Geometry BVH common_master_bedroom_desk_01_leg0_mesh 871/1402 | Building BVH
Fra:1 Mem:623.37M (Peak 623.51M) | Time:00:02.25 | Mem:262.58M, Peak:279.25M | Scene, ViewLayer | Updating Geometry BVH common_master_bedroom_desk_01_leg1_mesh 872/1402 | Building BVH
Fra:1 Mem:623.37M (Peak 623.51M) | Time:00:02.25 | Mem:262.60M, Peak:279.25M | Scene, ViewLayer | Updating Geometry BVH common_master_bedroom_desk_01_leg2_mesh 873/1402 | Building BVH
Fra:1 Mem:623.37M (Peak 623.51M) | Time:00:02.25 | Mem:262.60M, Peak:279.25M | Scene, ViewLayer | Updating Geometry BVH lt_strip_N_mesh 1245/1402 | Building BVH
Fra:1 Mem:623.37M (Peak 623.51M) | Time:00:02.25 | Mem:262.62M, Peak:279.25M | Scene, ViewLayer | Updating Geometry BVH common_master_bedroom_desk_01_monitor_mesh 875/1402 | Building BVH
Fra:1 Mem:623.37M (Peak 623.51M) | Time:00:02.25 | Mem:262.62M, Peak:279.25M | Scene, ViewLayer | Updating Geometry BVH common_master_bedroom_chair_01_back_mesh 878/1402 | Building BVH
Fra:1 Mem:623.37M (Peak 623.51M) | Time:00:02.25 | Mem:262.62M, Peak:279.25M | Scene, ViewLayer | Updating Geometry BVH common_terrace_coffee_table_01_top_mesh 882/1402 | Building BVH
Fra:1 Mem:623.37M (Peak 623.51M) | Time:00:02.25 | Mem:262.62M, Peak:279.25M | Scene, ViewLayer | Updating Geometry BVH common_terrace_coffee_table_01_leg0_mesh 883/1402 | Building BVH
Fra:1 Mem:623.37M (Peak 623.51M) | Time:00:02.25 | Mem:262.62M, Peak:279.25M | Scene, ViewLayer | Updating Geometry BVH common_terrace_coffee_table_01_leg1_mesh 884/1402 | Building BVH
Fra:1 Mem:623.37M (Peak 623.51M) | Time:00:02.25 | Mem:262.62M, Peak:279.25M | Scene, ViewLayer | Updating Geometry BVH common_terrace_lounge_chair_01_seat_mesh 886/1402 | Building BVH
Fra:1 Mem:623.37M (Peak 623.51M) | Time:00:02.25 | Mem:262.63M, Peak:279.25M | Scene, ViewLayer | Updating Geometry BVH common_terrace_lounge_chair_01_cushion_mesh 887/1402 | Building BVH
Fra:1 Mem:623.37M (Peak 623.51M) | Time:00:02.25 | Mem:262.66M, Peak:279.25M | Scene, ViewLayer | Updating Geometry BVH common_terrace_lounge_chair_01_back0_mesh 888/1402 | Building BVH
Fra:1 Mem:623.37M (Peak 623.51M) | Time:00:02.25 | Mem:262.69M, Peak:279.25M | Scene, ViewLayer | Updating Geometry BVH common_terrace_lounge_chair_01_back1_mesh 889/1402 | Building BVH
Fra:1 Mem:623.37M (Peak 623.51M) | Time:00:02.25 | Mem:262.84M, Peak:279.25M | Scene, ViewLayer | Updating Geometry BVH common_terrace_lounge_chair_01_back2_mesh 890/1402 | Building BVH
Fra:1 Mem:623.37M (Peak 623.51M) | Time:00:02.25 | Mem:262.84M, Peak:279.25M | Scene, ViewLayer | Updating Geometry BVH common_terrace_lounge_chair_01_arm-1_mesh 891/1402 | Building BVH
Fra:1 Mem:623.37M (Peak 623.51M) | Time:00:02.25 | Mem:262.88M, Peak:279.25M | Scene, ViewLayer | Updating Geometry BVH common_terrace_lounge_chair_01_armp-1_mesh 892/1402 | Building BVH
Fra:1 Mem:623.37M (Peak 623.51M) | Time:00:02.25 | Mem:262.89M, Peak:279.25M | Scene, ViewLayer | Updating Geometry BVH common_terrace_lounge_chair_01_arm1_mesh 893/1402 | Building BVH
Fra:1 Mem:623.37M (Peak 623.51M) | Time:00:02.25 | Mem:262.89M, Peak:279.25M | Scene, ViewLayer | Updating Geometry BVH lt_wall3 1243/1402 | Building BVH
Fra:1 Mem:623.37M (Peak 623.51M) | Time:00:02.25 | Mem:262.89M, Peak:279.25M | Scene, ViewLayer | Updating Geometry BVH common_terrace_lounge_chair_01_armp1_mesh 894/1402 | Building BVH
Fra:1 Mem:623.37M (Peak 623.51M) | Time:00:02.25 | Mem:262.89M, Peak:279.25M | Scene, ViewLayer | Updating Geometry BVH common_terrace_lounge_chair_01_leg0_mesh 895/1402 | Building BVH
Fra:1 Mem:623.37M (Peak 623.51M) | Time:00:02.25 | Mem:262.92M, Peak:279.25M | Scene, ViewLayer | Updating Geometry BVH common_terrace_lounge_chair_01_leg1_mesh 896/1402 | Building BVH
Fra:1 Mem:623.37M (Peak 623.51M) | Time:00:02.25 | Mem:262.93M, Peak:279.25M | Scene, ViewLayer | Updating Geometry BVH common_terrace_lounge_chair_01_leg2_mesh 897/1402 | Building BVH
Fra:1 Mem:623.37M (Peak 623.51M) | Time:00:02.25 | Mem:262.94M, Peak:279.25M | Scene, ViewLayer | Updating Geometry BVH common_terrace_lounge_chair_01_leg3_mesh 898/1402 | Building BVH
Fra:1 Mem:623.37M (Peak 623.51M) | Time:00:02.25 | Mem:262.94M, Peak:279.25M | Scene, ViewLayer | Updating Geometry BVH common_terrace_lounge_chair_02_seat_mesh 899/1402 | Building BVH
Fra:1 Mem:623.37M (Peak 623.51M) | Time:00:02.25 | Mem:262.95M, Peak:279.25M | Scene, ViewLayer | Updating Geometry BVH common_terrace_lounge_chair_02_cushion_mesh 900/1402 | Building BVH
Fra:1 Mem:623.37M (Peak 623.51M) | Time:00:02.25 | Mem:262.99M, Peak:279.25M | Scene, ViewLayer | Updating Geometry BVH lt_wall2 1242/1402 | Building BVH
Fra:1 Mem:623.37M (Peak 623.51M) | Time:00:02.25 | Mem:262.99M, Peak:279.25M | Scene, ViewLayer | Updating Geometry BVH common_terrace_lounge_chair_02_back0_mesh 901/1402 | Building BVH
Fra:1 Mem:623.37M (Peak 623.51M) | Time:00:02.25 | Mem:262.99M, Peak:279.25M | Scene, ViewLayer | Updating Geometry BVH common_terrace_lounge_chair_02_back1_mesh 902/1402 | Building BVH
Fra:1 Mem:623.37M (Peak 623.51M) | Time:00:02.25 | Mem:262.99M, Peak:279.25M | Scene, ViewLayer | Updating Geometry BVH common_terrace_lounge_chair_02_arm-1_mesh 904/1402 | Building BVH
Fra:1 Mem:623.37M (Peak 623.51M) | Time:00:02.25 | Mem:263.00M, Peak:279.25M | Scene, ViewLayer | Updating Geometry BVH common_terrace_lounge_chair_02_arm1_mesh 906/1402 | Building BVH
Fra:1 Mem:623.37M (Peak 623.51M) | Time:00:02.25 | Mem:263.02M, Peak:279.25M | Scene, ViewLayer | Updating Geometry BVH common_terrace_lounge_chair_02_armp1_mesh 907/1402 | Building BVH
Fra:1 Mem:623.37M (Peak 623.51M) | Time:00:02.25 | Mem:263.02M, Peak:279.25M | Scene, ViewLayer | Updating Geometry BVH common_terrace_lounge_chair_02_leg0_mesh 908/1402 | Building BVH
Fra:1 Mem:623.37M (Peak 623.51M) | Time:00:02.25 | Mem:263.02M, Peak:279.25M | Scene, ViewLayer | Updating Geometry BVH common_terrace_lounge_chair_02_leg1_mesh 909/1402 | Building BVH
Fra:1 Mem:623.37M (Peak 623.51M) | Time:00:02.25 | Mem:263.03M, Peak:279.25M | Scene, ViewLayer | Updating Geometry BVH common_terrace_lounge_chair_02_leg2_mesh 910/1402 | Building BVH
Fra:1 Mem:623.37M (Peak 623.51M) | Time:00:02.25 | Mem:263.10M, Peak:279.25M | Scene, ViewLayer | Updating Geometry BVH lt_wall1 1241/1402 | Building BVH
Fra:1 Mem:623.37M (Peak 623.51M) | Time:00:02.25 | Mem:263.10M, Peak:279.25M | Scene, ViewLayer | Updating Geometry BVH common_terrace_lounge_chair_02_leg3_mesh 911/1402 | Building BVH
Fra:1 Mem:623.37M (Peak 623.51M) | Time:00:02.25 | Mem:263.10M, Peak:279.25M | Scene, ViewLayer | Updating Geometry BVH common_terrace_plant_01_pot_mesh 912/1402 | Building BVH
Fra:1 Mem:623.37M (Peak 623.51M) | Time:00:02.25 | Mem:263.12M, Peak:279.25M | Scene, ViewLayer | Updating Geometry BVH common_terrace_plant_01_leaf0_mesh 914/1402 | Building BVH
Fra:1 Mem:623.37M (Peak 623.51M) | Time:00:02.25 | Mem:263.12M, Peak:279.25M | Scene, ViewLayer | Updating Geometry BVH common_terrace_plant_01_leaf1_mesh 915/1402 | Building BVH
Fra:1 Mem:623.37M (Peak 623.51M) | Time:00:02.25 | Mem:263.12M, Peak:279.25M | Scene, ViewLayer | Updating Geometry BVH common_terrace_plant_01_leaf2_mesh 916/1402 | Building BVH
Fra:1 Mem:623.37M (Peak 623.51M) | Time:00:02.25 | Mem:263.12M, Peak:279.25M | Scene, ViewLayer | Updating Geometry BVH common_terrace_plant_01_leaf3_mesh 917/1402 | Building BVH
Fra:1 Mem:623.37M (Peak 623.51M) | Time:00:02.25 | Mem:263.15M, Peak:279.25M | Scene, ViewLayer | Updating Geometry BVH common_terrace_plant_01_leaf4_mesh 918/1402 | Building BVH
Fra:1 Mem:623.37M (Peak 623.51M) | Time:00:02.25 | Mem:263.18M, Peak:279.25M | Scene, ViewLayer | Updating Geometry BVH lt_wall0 1240/1402 | Building BVH
Fra:1 Mem:623.37M (Peak 623.51M) | Time:00:02.26 | Mem:263.24M, Peak:279.25M | Scene, ViewLayer | Updating Geometry BVH common_terrace_plant_01_leaf5_mesh 919/1402 | Building BVH
Fra:1 Mem:623.38M (Peak 623.51M) | Time:00:02.26 | Mem:263.25M, Peak:279.25M | Scene, ViewLayer | Updating Geometry BVH common_terrace_plant_02_pot_mesh 920/1402 | Building BVH
Fra:1 Mem:623.38M (Peak 623.51M) | Time:00:02.26 | Mem:263.25M, Peak:279.25M | Scene, ViewLayer | Updating Geometry BVH common_terrace_plant_02_leaf0_mesh 922/1402 | Building BVH
Fra:1 Mem:623.38M (Peak 623.51M) | Time:00:02.26 | Mem:263.28M, Peak:279.25M | Scene, ViewLayer | Updating Geometry BVH common_terrace_plant_02_leaf1_mesh 923/1402 | Building BVH
Fra:1 Mem:623.38M (Peak 623.51M) | Time:00:02.26 | Mem:263.29M, Peak:279.25M | Scene, ViewLayer | Updating Geometry BVH common_terrace_plant_02_leaf2_mesh 924/1402 | Building BVH
Fra:1 Mem:623.38M (Peak 623.51M) | Time:00:02.26 | Mem:263.29M, Peak:279.25M | Scene, ViewLayer | Updating Geometry BVH common_terrace_plant_02_leaf3_mesh 925/1402 | Building BVH
Fra:1 Mem:623.38M (Peak 623.51M) | Time:00:02.26 | Mem:263.29M, Peak:279.25M | Scene, ViewLayer | Updating Geometry BVH lt_ceiling_son 1239/1402 | Building BVH
Fra:1 Mem:623.38M (Peak 623.51M) | Time:00:02.26 | Mem:263.30M, Peak:279.25M | Scene, ViewLayer | Updating Geometry BVH common_terrace_plant_02_leaf4_mesh 926/1402 | Building BVH
Fra:1 Mem:623.38M (Peak 623.51M) | Time:00:02.26 | Mem:263.30M, Peak:279.25M | Scene, ViewLayer | Updating Geometry BVH common_terrace_plant_02_leaf5_mesh 927/1402 | Building BVH
Fra:1 Mem:623.38M (Peak 623.51M) | Time:00:02.26 | Mem:263.31M, Peak:279.25M | Scene, ViewLayer | Updating Geometry BVH common_terrace_plant_03_pot_mesh 928/1402 | Building BVH
Fra:1 Mem:623.38M (Peak 623.51M) | Time:00:02.26 | Mem:263.32M, Peak:279.25M | Scene, ViewLayer | Updating Geometry BVH common_terrace_plant_03_stem_mesh 929/1402 | Building BVH
Fra:1 Mem:623.38M (Peak 623.51M) | Time:00:02.26 | Mem:263.34M, Peak:279.25M | Scene, ViewLayer | Updating Geometry BVH common_terrace_plant_03_leaf0_mesh 930/1402 | Building BVH
Fra:1 Mem:623.38M (Peak 623.51M) | Time:00:02.26 | Mem:263.35M, Peak:279.25M | Scene, ViewLayer | Updating Geometry BVH common_terrace_plant_03_leaf1_mesh 931/1402 | Building BVH
Fra:1 Mem:623.38M (Peak 623.51M) | Time:00:02.26 | Mem:263.35M, Peak:279.25M | Scene, ViewLayer | Updating Geometry BVH common_terrace_plant_03_leaf3_mesh 933/1402 | Building BVH
Fra:1 Mem:623.38M (Peak 623.51M) | Time:00:02.26 | Mem:263.40M, Peak:279.25M | Scene, ViewLayer | Updating Geometry BVH common_terrace_plant_03_leaf4_mesh 934/1402 | Building BVH
Fra:1 Mem:623.38M (Peak 623.51M) | Time:00:02.26 | Mem:263.40M, Peak:279.25M | Scene, ViewLayer | Updating Geometry BVH common_terrace_plant_03_leaf5_mesh 935/1402 | Building BVH
Fra:1 Mem:623.38M (Peak 623.51M) | Time:00:02.26 | Mem:263.40M, Peak:279.25M | Scene, ViewLayer | Updating Geometry BVH common_terrace_plant_04_pot_mesh 936/1402 | Building BVH
Fra:1 Mem:623.38M (Peak 623.51M) | Time:00:02.26 | Mem:263.40M, Peak:279.25M | Scene, ViewLayer | Updating Geometry BVH common_terrace_plant_04_stem_mesh 937/1402 | Building BVH
Fra:1 Mem:623.38M (Peak 623.51M) | Time:00:02.26 | Mem:263.40M, Peak:279.25M | Scene, ViewLayer | Updating Geometry BVH common_terrace_plant_04_leaf0_mesh 938/1402 | Building BVH
Fra:1 Mem:623.38M (Peak 623.51M) | Time:00:02.26 | Mem:263.40M, Peak:279.25M | Scene, ViewLayer | Updating Geometry BVH common_terrace_plant_04_leaf1_mesh 939/1402 | Building BVH
Fra:1 Mem:623.38M (Peak 623.51M) | Time:00:02.26 | Mem:263.43M, Peak:279.25M | Scene, ViewLayer | Updating Geometry BVH common_terrace_plant_04_leaf2_mesh 940/1402 | Building BVH
Fra:1 Mem:623.38M (Peak 623.51M) | Time:00:02.26 | Mem:263.47M, Peak:279.25M | Scene, ViewLayer | Updating Geometry BVH common_terrace_plant_04_leaf3_mesh 941/1402 | Building BVH
Fra:1 Mem:623.38M (Peak 623.51M) | Time:00:02.26 | Mem:263.48M, Peak:279.25M | Scene, ViewLayer | Updating Geometry BVH common_terrace_plant_04_leaf4_mesh 942/1402 | Building BVH
Fra:1 Mem:623.38M (Peak 623.51M) | Time:00:02.26 | Mem:263.48M, Peak:279.25M | Scene, ViewLayer | Updating Geometry BVH common_terrace_plant_04_leaf5_mesh 943/1402 | Building BVH
Fra:1 Mem:623.38M (Peak 623.51M) | Time:00:02.26 | Mem:263.49M, Peak:279.25M | Scene, ViewLayer | Updating Geometry BVH common_parents_room_bed_01_frame_mesh 944/1402 | Building BVH
Fra:1 Mem:623.38M (Peak 623.51M) | Time:00:02.26 | Mem:263.49M, Peak:279.25M | Scene, ViewLayer | Updating Geometry BVH common_parents_room_bed_01_mattress_mesh 945/1402 | Building BVH
Fra:1 Mem:623.38M (Peak 623.51M) | Time:00:02.26 | Mem:263.49M, Peak:279.25M | Scene, ViewLayer | Updating Geometry BVH common_parents_room_bed_01_headboard_mesh 946/1402 | Building BVH
Fra:1 Mem:623.38M (Peak 623.51M) | Time:00:02.26 | Mem:263.50M, Peak:279.25M | Scene, ViewLayer | Updating Geometry BVH lt_ceiling_daughter 1238/1402 | Building BVH
Fra:1 Mem:623.38M (Peak 623.51M) | Time:00:02.26 | Mem:263.50M, Peak:279.25M | Scene, ViewLayer | Updating Geometry BVH common_parents_room_bed_01_duvetdrop2_mesh 949/1402 | Building BVH
Fra:1 Mem:623.38M (Peak 623.51M) | Time:00:02.26 | Mem:263.51M, Peak:279.25M | Scene, ViewLayer | Updating Geometry BVH common_parents_room_bed_01_pillow1_mesh 950/1402 | Building BVH
Fra:1 Mem:623.38M (Peak 623.51M) | Time:00:02.26 | Mem:263.54M, Peak:279.25M | Scene, ViewLayer | Updating Geometry BVH common_parents_room_bed_01_pillow2_mesh 951/1402 | Building BVH
Fra:1 Mem:623.38M (Peak 623.51M) | Time:00:02.26 | Mem:263.55M, Peak:279.25M | Scene, ViewLayer | Updating Geometry BVH common_parents_room_bed_01_throw_mesh 952/1402 | Building BVH
Fra:1 Mem:623.38M (Peak 623.51M) | Time:00:02.26 | Mem:263.58M, Peak:279.25M | Scene, ViewLayer | Updating Geometry BVH common_parents_room_nightstand_01_rail_mesh 953/1402 | Building BVH
Fra:1 Mem:623.38M (Peak 623.51M) | Time:00:02.26 | Mem:263.66M, Peak:279.25M | Scene, ViewLayer | Updating Geometry BVH lt_ceiling_parents 1237/1402 | Building BVH
Fra:1 Mem:623.38M (Peak 623.51M) | Time:00:02.26 | Mem:263.66M, Peak:279.25M | Scene, ViewLayer | Updating Geometry BVH common_parents_room_nightstand_01_body_mesh 954/1402 | Building BVH
Fra:1 Mem:623.38M (Peak 623.51M) | Time:00:02.26 | Mem:263.66M, Peak:279.25M | Scene, ViewLayer | Updating Geometry BVH common_parents_room_nightstand_01_drw_gapbg_mesh 955/1402 | Building BVH
Fra:1 Mem:623.38M (Peak 623.51M) | Time:00:02.26 | Mem:263.67M, Peak:279.25M | Scene, ViewLayer | Updating Geometry BVH common_parents_room_nightstand_01_drw_f0_mesh 956/1402 | Building BVH
Fra:1 Mem:623.38M (Peak 623.51M) | Time:00:02.26 | Mem:263.69M, Peak:279.25M | Scene, ViewLayer | Updating Geometry BVH common_parents_room_nightstand_01_drw_p0_mesh 957/1402 | Building BVH
Fra:1 Mem:623.38M (Peak 623.51M) | Time:00:02.26 | Mem:263.69M, Peak:279.25M | Scene, ViewLayer | Updating Geometry BVH common_parents_room_cushion_01_pad_mesh 958/1402 | Building BVH
Fra:1 Mem:623.38M (Peak 623.51M) | Time:00:02.26 | Mem:263.70M, Peak:279.25M | Scene, ViewLayer | Updating Geometry BVH common_parents_room_cushion_01_pil_olive_mesh 959/1402 | Building BVH
Fra:1 Mem:623.38M (Peak 623.51M) | Time:00:02.26 | Mem:263.72M, Peak:279.25M | Scene, ViewLayer | Updating Geometry BVH common_parents_room_cushion_01_pil_brick_mesh 960/1402 | Building BVH
Fra:1 Mem:623.38M (Peak 623.51M) | Time:00:02.26 | Mem:263.74M, Peak:279.25M | Scene, ViewLayer | Updating Geometry BVH common_parents_room_shelf_01_side0_mesh 961/1402 | Building BVH
Fra:1 Mem:623.38M (Peak 623.51M) | Time:00:02.26 | Mem:263.74M, Peak:279.25M | Scene, ViewLayer | Updating Geometry BVH lt_ceiling_master 1236/1402 | Building BVH
Fra:1 Mem:623.38M (Peak 623.51M) | Time:00:02.26 | Mem:263.74M, Peak:279.25M | Scene, ViewLayer | Updating Geometry BVH common_parents_room_shelf_01_side1_mesh 962/1402 | Building BVH
Fra:1 Mem:623.38M (Peak 623.51M) | Time:00:02.26 | Mem:263.77M, Peak:279.25M | Scene, ViewLayer | Updating Geometry BVH common_parents_room_shelf_01_top_mesh 963/1402 | Building BVH
Fra:1 Mem:623.38M (Peak 623.51M) | Time:00:02.26 | Mem:263.77M, Peak:279.25M | Scene, ViewLayer | Updating Geometry BVH common_parents_room_shelf_01_sh1_mesh 964/1402 | Building BVH
Fra:1 Mem:623.38M (Peak 623.51M) | Time:00:02.26 | Mem:263.80M, Peak:279.25M | Scene, ViewLayer | Updating Geometry BVH common_parents_room_shelf_02_side0_mesh 965/1402 | Building BVH
Fra:1 Mem:623.38M (Peak 623.51M) | Time:00:02.26 | Mem:263.80M, Peak:279.25M | Scene, ViewLayer | Updating Geometry BVH common_parents_room_shelf_02_side1_mesh 966/1402 | Building BVH
Fra:1 Mem:623.38M (Peak 623.51M) | Time:00:02.26 | Mem:263.81M, Peak:279.25M | Scene, ViewLayer | Updating Geometry BVH common_parents_room_shelf_02_top_mesh 967/1402 | Building BVH
Fra:1 Mem:623.38M (Peak 623.51M) | Time:00:02.26 | Mem:263.83M, Peak:279.25M | Scene, ViewLayer | Updating Geometry BVH common_parents_room_shelf_02_sh1_mesh 968/1402 | Building BVH
Fra:1 Mem:623.38M (Peak 623.51M) | Time:00:02.26 | Mem:263.83M, Peak:279.25M | Scene, ViewLayer | Updating Geometry BVH common_daughter_room_wardrobe_01_body_mesh 969/1402 | Building BVH
Fra:1 Mem:623.38M (Peak 623.51M) | Time:00:02.26 | Mem:263.84M, Peak:279.25M | Scene, ViewLayer | Updating Geometry BVH common_daughter_room_wardrobe_01_door_gapbg_mesh 970/1402 | Building BVH
Fra:1 Mem:623.38M (Peak 623.51M) | Time:00:02.26 | Mem:263.84M, Peak:279.25M | Scene, ViewLayer | Updating Geometry BVH common_daughter_room_wardrobe_01_door_f0_mesh 971/1402 | Building BVH
Fra:1 Mem:623.38M (Peak 623.51M) | Time:00:02.26 | Mem:263.84M, Peak:279.25M | Scene, ViewLayer | Updating Geometry BVH lt_spot_room12 1234/1402 | Building BVH
Fra:1 Mem:623.38M (Peak 623.51M) | Time:00:02.26 | Mem:263.85M, Peak:279.25M | Scene, ViewLayer | Updating Geometry BVH common_daughter_room_wardrobe_01_door_kn0_mesh 972/1402 | Building BVH
Fra:1 Mem:623.38M (Peak 623.51M) | Time:00:02.26 | Mem:263.85M, Peak:279.25M | Scene, ViewLayer | Updating Geometry BVH common_daughter_room_wardrobe_01_door_kn1_mesh 974/1402 | Building BVH
Fra:1 Mem:623.38M (Peak 623.51M) | Time:00:02.26 | Mem:263.87M, Peak:279.25M | Scene, ViewLayer | Updating Geometry BVH common_daughter_room_wardrobe_01_door_f2_mesh 975/1402 | Building BVH
Fra:1 Mem:623.38M (Peak 623.51M) | Time:00:02.26 | Mem:263.94M, Peak:279.25M | Scene, ViewLayer | Updating Geometry BVH lt_spot_room11 1233/1402 | Building BVH
Fra:1 Mem:623.38M (Peak 623.51M) | Time:00:02.26 | Mem:263.94M, Peak:279.25M | Scene, ViewLayer | Updating Geometry BVH common_daughter_room_wardrobe_01_door_kn2_mesh 976/1402 | Building BVH
Fra:1 Mem:623.38M (Peak 623.51M) | Time:00:02.26 | Mem:263.94M, Peak:279.25M | Scene, ViewLayer | Updating Geometry BVH common_daughter_room_wardrobe_01_door_f3_mesh 977/1402 | Building BVH
Fra:1 Mem:623.38M (Peak 623.51M) | Time:00:02.26 | Mem:263.95M, Peak:279.25M | Scene, ViewLayer | Updating Geometry BVH common_daughter_room_wardrobe_01_door_kn3_mesh 978/1402 | Building BVH
Fra:1 Mem:623.38M (Peak 623.51M) | Time:00:02.26 | Mem:263.94M, Peak:279.25M | Scene, ViewLayer | Updating Geometry BVH common_daughter_room_wardrobe_02_door_f0_mesh 981/1402 | Building BVH
Fra:1 Mem:623.38M (Peak 623.51M) | Time:00:02.27 | Mem:263.94M, Peak:279.25M | Scene, ViewLayer | Updating Geometry BVH common_daughter_room_wardrobe_02_door_gapbg_mesh 980/1402 | Building BVH
Fra:1 Mem:623.38M (Peak 623.51M) | Time:00:02.27 | Mem:263.94M, Peak:279.25M | Scene, ViewLayer | Updating Geometry BVH common_daughter_room_wardrobe_02_door_f1_mesh 983/1402 | Building BVH
Fra:1 Mem:623.38M (Peak 623.51M) | Time:00:02.27 | Mem:263.94M, Peak:279.25M | Scene, ViewLayer | Updating Geometry BVH common_daughter_room_wardrobe_02_door_kn1_mesh 984/1402 | Building BVH
Fra:1 Mem:623.38M (Peak 623.51M) | Time:00:02.27 | Mem:263.95M, Peak:279.25M | Scene, ViewLayer | Updating Geometry BVH common_daughter_room_wardrobe_02_door_kn2_mesh 986/1402 | Building BVH
Fra:1 Mem:623.38M (Peak 623.51M) | Time:00:02.27 | Mem:263.96M, Peak:279.25M | Scene, ViewLayer | Updating Geometry BVH common_daughter_room_bed_01_frame_mesh 987/1402 | Building BVH
Fra:1 Mem:623.38M (Peak 623.51M) | Time:00:02.27 | Mem:263.97M, Peak:279.25M | Scene, ViewLayer | Updating Geometry BVH common_daughter_room_bed_01_mattress_mesh 988/1402 | Building BVH
Fra:1 Mem:623.38M (Peak 623.51M) | Time:00:02.27 | Mem:264.03M, Peak:279.25M | Scene, ViewLayer | Updating Geometry BVH common_daughter_room_bed_01_headboard_mesh 989/1402 | Building BVH
Fra:1 Mem:623.38M (Peak 623.51M) | Time:00:02.27 | Mem:264.03M, Peak:279.25M | Scene, ViewLayer | Updating Geometry BVH common_daughter_room_bed_01_duvet_mesh 990/1402 | Building BVH
Fra:1 Mem:623.38M (Peak 623.51M) | Time:00:02.27 | Mem:264.06M, Peak:279.25M | Scene, ViewLayer | Updating Geometry BVH common_daughter_room_bed_01_duvetdrop_mesh 991/1402 | Building BVH
Fra:1 Mem:623.38M (Peak 623.51M) | Time:00:02.27 | Mem:264.07M, Peak:279.25M | Scene, ViewLayer | Updating Geometry BVH common_daughter_room_bed_01_duvetdrop2_mesh 992/1402 | Building BVH
Fra:1 Mem:623.38M (Peak 623.51M) | Time:00:02.27 | Mem:264.09M, Peak:279.25M | Scene, ViewLayer | Updating Geometry BVH common_daughter_room_bed_01_pillow1_mesh 993/1402 | Building BVH
Fra:1 Mem:623.38M (Peak 623.51M) | Time:00:02.27 | Mem:264.09M, Peak:279.25M | Scene, ViewLayer | Updating Geometry BVH common_daughter_room_bed_01_pillow2_mesh 994/1402 | Building BVH
Fra:1 Mem:623.38M (Peak 623.51M) | Time:00:02.27 | Mem:264.12M, Peak:279.25M | Scene, ViewLayer | Updating Geometry BVH common_daughter_room_bed_01_pillow_acc_mesh 995/1402 | Building BVH
Fra:1 Mem:623.38M (Peak 623.51M) | Time:00:02.27 | Mem:264.21M, Peak:279.25M | Scene, ViewLayer | Updating Geometry BVH common_daughter_room_bed_01_throw_mesh 996/1402 | Building BVH
Fra:1 Mem:623.38M (Peak 623.51M) | Time:00:02.27 | Mem:264.22M, Peak:279.25M | Scene, ViewLayer | Updating Geometry BVH common_daughter_room_shelf_01_side0_mesh 997/1402 | Building BVH
Fra:1 Mem:623.38M (Peak 623.51M) | Time:00:02.27 | Mem:264.23M, Peak:279.25M | Scene, ViewLayer | Updating Geometry BVH common_daughter_room_shelf_01_side1_mesh 998/1402 | Building BVH
Fra:1 Mem:623.38M (Peak 623.51M) | Time:00:02.27 | Mem:264.23M, Peak:279.25M | Scene, ViewLayer | Updating Geometry BVH common_daughter_room_shelf_01_top_mesh 999/1402 | Building BVH
Fra:1 Mem:623.38M (Peak 623.51M) | Time:00:02.27 | Mem:264.23M, Peak:279.25M | Scene, ViewLayer | Updating Geometry BVH common_daughter_room_shelf_01_sh2_mesh 1001/1402 | Building BVH
Fra:1 Mem:623.38M (Peak 623.51M) | Time:00:02.27 | Mem:264.25M, Peak:279.25M | Scene, ViewLayer | Updating Geometry BVH common_daughter_room_desk_01_top_mesh 1002/1402 | Building BVH
Fra:1 Mem:623.38M (Peak 623.51M) | Time:00:02.27 | Mem:264.25M, Peak:279.25M | Scene, ViewLayer | Updating Geometry BVH common_daughter_room_desk_01_drawer_mesh 1003/1402 | Building BVH
Fra:1 Mem:623.38M (Peak 623.51M) | Time:00:02.27 | Mem:264.30M, Peak:279.25M | Scene, ViewLayer | Updating Geometry BVH lt_spot_room9 1231/1402 | Building BVH
Fra:1 Mem:623.38M (Peak 623.51M) | Time:00:02.27 | Mem:264.30M, Peak:279.25M | Scene, ViewLayer | Updating Geometry BVH common_daughter_room_desk_01_leg0_mesh 1004/1402 | Building BVH
Fra:1 Mem:623.38M (Peak 623.51M) | Time:00:02.27 | Mem:264.30M, Peak:279.25M | Scene, ViewLayer | Updating Geometry BVH common_daughter_room_desk_01_leg1_mesh 1005/1402 | Building BVH
Fra:1 Mem:623.38M (Peak 623.51M) | Time:00:02.27 | Mem:264.30M, Peak:279.25M | Scene, ViewLayer | Updating Geometry BVH common_daughter_room_chair_01_seat_mesh 1008/1402 | Building BVH
Fra:1 Mem:623.38M (Peak 623.51M) | Time:00:02.27 | Mem:264.30M, Peak:279.25M | Scene, ViewLayer | Updating Geometry BVH common_daughter_room_chair_01_back_mesh 1009/1402 | Building BVH
Fra:1 Mem:623.38M (Peak 623.51M) | Time:00:02.27 | Mem:264.30M, Peak:279.25M | Scene, ViewLayer | Updating Geometry BVH common_daughter_room_chair_01_base_mesh 1011/1402 | Building BVH
Fra:1 Mem:623.38M (Peak 623.51M) | Time:00:02.27 | Mem:264.29M, Peak:279.25M | Scene, ViewLayer | Updating Geometry BVH common_son_room_wardrobe_01_slA_f0_mesh 1013/1402 | Building BVH
Fra:1 Mem:623.38M (Peak 623.51M) | Time:00:02.27 | Mem:264.30M, Peak:279.25M | Scene, ViewLayer | Updating Geometry BVH common_son_room_wardrobe_01_slA_f1_mesh 1014/1402 | Building BVH
Fra:1 Mem:623.38M (Peak 623.51M) | Time:00:02.27 | Mem:264.30M, Peak:279.25M | Scene, ViewLayer | Updating Geometry BVH common_son_room_wardrobe_01_slB_f0_mesh 1016/1402 | Building BVH
Fra:1 Mem:623.38M (Peak 623.51M) | Time:00:02.27 | Mem:264.30M, Peak:279.25M | Scene, ViewLayer | Updating Geometry BVH common_son_room_wardrobe_01_slB_f1_mesh 1017/1402 | Building BVH
Fra:1 Mem:623.38M (Peak 623.51M) | Time:00:02.27 | Mem:264.30M, Peak:279.25M | Scene, ViewLayer | Updating Geometry BVH common_son_room_wardrobe_01_slB_f2_mesh 1018/1402 | Building BVH
Fra:1 Mem:623.38M (Peak 623.51M) | Time:00:02.27 | Mem:264.30M, Peak:279.25M | Scene, ViewLayer | Updating Geometry BVH common_son_room_bed_01_frame_mesh 1019/1402 | Building BVH
Fra:1 Mem:623.38M (Peak 623.51M) | Time:00:02.27 | Mem:264.30M, Peak:279.25M | Scene, ViewLayer | Updating Geometry BVH common_son_room_bed_01_mattress_mesh 1020/1402 | Building BVH
Fra:1 Mem:623.38M (Peak 623.51M) | Time:00:02.27 | Mem:264.30M, Peak:279.25M | Scene, ViewLayer | Updating Geometry BVH common_son_room_bed_01_duvet_mesh 1022/1402 | Building BVH
Fra:1 Mem:623.38M (Peak 623.51M) | Time:00:02.27 | Mem:264.32M, Peak:279.25M | Scene, ViewLayer | Updating Geometry BVH lt_spot_room8 1230/1402 | Building BVH
Fra:1 Mem:623.38M (Peak 623.51M) | Time:00:02.27 | Mem:264.52M, Peak:279.25M | Scene, ViewLayer | Updating Geometry BVH lt_spot_room7 1229/1402 | Building BVH
Fra:1 Mem:623.38M (Peak 623.51M) | Time:00:02.27 | Mem:264.55M, Peak:279.25M | Scene, ViewLayer | Updating Geometry BVH common_son_room_bed_01_duvetdrop_mesh 1023/1402 | Building BVH
Fra:1 Mem:623.38M (Peak 623.51M) | Time:00:02.27 | Mem:264.56M, Peak:279.25M | Scene, ViewLayer | Updating Geometry BVH common_son_room_bed_01_duvetdrop2_mesh 1024/1402 | Building BVH
Fra:1 Mem:623.38M (Peak 623.51M) | Time:00:02.27 | Mem:264.57M, Peak:279.25M | Scene, ViewLayer | Updating Geometry BVH common_son_room_bed_01_pillow1_mesh 1025/1402 | Building BVH
Fra:1 Mem:623.38M (Peak 623.51M) | Time:00:02.27 | Mem:264.57M, Peak:279.25M | Scene, ViewLayer | Updating Geometry BVH common_son_room_bed_01_pillow2_mesh 1026/1402 | Building BVH
Fra:1 Mem:623.38M (Peak 623.51M) | Time:00:02.27 | Mem:264.59M, Peak:279.25M | Scene, ViewLayer | Updating Geometry BVH common_son_room_bed_01_pillow_acc_mesh 1027/1402 | Building BVH
Fra:1 Mem:623.38M (Peak 623.51M) | Time:00:02.27 | Mem:264.61M, Peak:279.25M | Scene, ViewLayer | Updating Geometry BVH common_son_room_bed_01_throw_mesh 1028/1402 | Building BVH
Fra:1 Mem:623.38M (Peak 623.51M) | Time:00:02.27 | Mem:264.67M, Peak:279.25M | Scene, ViewLayer | Updating Geometry BVH lt_spot_room6 1228/1402 | Building BVH
Fra:1 Mem:623.38M (Peak 623.51M) | Time:00:02.27 | Mem:264.68M, Peak:279.25M | Scene, ViewLayer | Updating Geometry BVH common_son_room_desk_01_top_mesh 1029/1402 | Building BVH
Fra:1 Mem:623.38M (Peak 623.51M) | Time:00:02.27 | Mem:264.70M, Peak:279.25M | Scene, ViewLayer | Updating Geometry BVH common_son_room_desk_01_drawer_mesh 1030/1402 | Building BVH
Fra:1 Mem:623.38M (Peak 623.51M) | Time:00:02.27 | Mem:264.70M, Peak:279.25M | Scene, ViewLayer | Updating Geometry BVH common_son_room_desk_01_leg0_mesh 1031/1402 | Building BVH
Fra:1 Mem:623.38M (Peak 623.51M) | Time:00:02.27 | Mem:264.70M, Peak:279.25M | Scene, ViewLayer | Updating Geometry BVH common_son_room_desk_01_leg1_mesh 1032/1402 | Building BVH
Fra:1 Mem:623.38M (Peak 623.51M) | Time:00:02.27 | Mem:264.70M, Peak:279.25M | Scene, ViewLayer | Updating Geometry BVH lt_spot_room5 1227/1402 | Building BVH
Fra:1 Mem:623.38M (Peak 623.51M) | Time:00:02.27 | Mem:264.70M, Peak:279.25M | Scene, ViewLayer | Updating Geometry BVH common_son_room_desk_01_leg3_mesh 1034/1402 | Building BVH
Fra:1 Mem:623.38M (Peak 623.51M) | Time:00:02.27 | Mem:264.70M, Peak:279.25M | Scene, ViewLayer | Updating Geometry BVH common_son_room_shelf_01_side0_mesh 1035/1402 | Building BVH
Fra:1 Mem:623.38M (Peak 623.51M) | Time:00:02.27 | Mem:264.70M, Peak:279.25M | Scene, ViewLayer | Updating Geometry BVH common_son_room_shelf_01_side1_mesh 1036/1402 | Building BVH
Fra:1 Mem:623.38M (Peak 623.51M) | Time:00:02.27 | Mem:264.71M, Peak:279.25M | Scene, ViewLayer | Updating Geometry BVH common_son_room_shelf_01_top_mesh 1037/1402 | Building BVH
Fra:1 Mem:623.38M (Peak 623.51M) | Time:00:02.27 | Mem:264.71M, Peak:279.25M | Scene, ViewLayer | Updating Geometry BVH common_son_room_shelf_01_sh1_mesh 1038/1402 | Building BVH
Fra:1 Mem:623.38M (Peak 623.51M) | Time:00:02.27 | Mem:264.76M, Peak:279.25M | Scene, ViewLayer | Updating Geometry BVH common_son_room_chair_01_seat_mesh 1039/1402 | Building BVH
Fra:1 Mem:623.38M (Peak 623.51M) | Time:00:02.27 | Mem:264.76M, Peak:279.25M | Scene, ViewLayer | Updating Geometry BVH common_son_room_chair_01_back_mesh 1040/1402 | Building BVH
Fra:1 Mem:623.38M (Peak 623.51M) | Time:00:02.27 | Mem:264.77M, Peak:279.25M | Scene, ViewLayer | Updating Geometry BVH common_son_room_chair_01_post_mesh 1041/1402 | Building BVH
Fra:1 Mem:623.38M (Peak 623.51M) | Time:00:02.27 | Mem:264.79M, Peak:279.25M | Scene, ViewLayer | Updating Geometry BVH common_son_room_chair_01_base_mesh 1042/1402 | Building BVH
Fra:1 Mem:623.38M (Peak 623.51M) | Time:00:02.27 | Mem:264.84M, Peak:279.25M | Scene, ViewLayer | Updating Geometry BVH common_son_room_rug_01_pile_mesh 1043/1402 | Building BVH
Fra:1 Mem:623.38M (Peak 623.51M) | Time:00:02.27 | Mem:264.84M, Peak:279.25M | Scene, ViewLayer | Updating Geometry BVH fx_curt_master_sheer_mesh 1044/1402 | Building BVH
Fra:1 Mem:623.38M (Peak 623.51M) | Time:00:02.27 | Mem:264.84M, Peak:279.25M | Scene, ViewLayer | Updating Geometry BVH fx_curt_master_bo_e_mesh 1046/1402 | Building BVH
Fra:1 Mem:623.38M (Peak 623.51M) | Time:00:02.27 | Mem:264.86M, Peak:279.25M | Scene, ViewLayer | Updating Geometry BVH fx_curt_parents_sheer_mesh 1047/1402 | Building BVH
Fra:1 Mem:623.38M (Peak 623.51M) | Time:00:02.27 | Mem:264.86M, Peak:279.25M | Scene, ViewLayer | Updating Geometry BVH fx_curt_parents_roller_mesh 1048/1402 | Building BVH
Fra:1 Mem:623.38M (Peak 623.51M) | Time:00:02.27 | Mem:264.85M, Peak:279.25M | Scene, ViewLayer | Updating Geometry BVH fx_curt_daughter_bo_w_mesh 1050/1402 | Building BVH
Fra:1 Mem:623.38M (Peak 623.51M) | Time:00:02.27 | Mem:264.86M, Peak:279.25M | Scene, ViewLayer | Updating Geometry BVH fx_curt_daughter_bo_e_mesh 1051/1402 | Building BVH
Fra:1 Mem:623.38M (Peak 623.51M) | Time:00:02.27 | Mem:264.86M, Peak:279.25M | Scene, ViewLayer | Updating Geometry BVH fx_curt_son_bo_w_mesh 1053/1402 | Building BVH
Fra:1 Mem:623.38M (Peak 623.51M) | Time:00:02.27 | Mem:264.86M, Peak:279.25M | Scene, ViewLayer | Updating Geometry BVH fx_curt_son_bo_e_mesh 1054/1402 | Building BVH
Fra:1 Mem:623.38M (Peak 623.51M) | Time:00:02.27 | Mem:264.87M, Peak:279.25M | Scene, ViewLayer | Updating Geometry BVH fx_blind_mb_head_mesh 1055/1402 | Building BVH
Fra:1 Mem:623.38M (Peak 623.51M) | Time:00:02.27 | Mem:265.04M, Peak:279.25M | Scene, ViewLayer | Updating Geometry BVH fx_blind_mb_slats0_mesh 1056/1402 | Building BVH
Fra:1 Mem:623.38M (Peak 623.51M) | Time:00:02.27 | Mem:265.04M, Peak:279.25M | Scene, ViewLayer | Updating Geometry BVH fx_blind_mb_slats1_mesh 1057/1402 | Building BVH
Fra:1 Mem:623.38M (Peak 623.51M) | Time:00:02.27 | Mem:265.04M, Peak:279.25M | Scene, ViewLayer | Updating Geometry BVH fx_blind_mb_slats2_mesh 1058/1402 | Building BVH
Fra:1 Mem:623.38M (Peak 623.51M) | Time:00:02.27 | Mem:265.05M, Peak:279.25M | Scene, ViewLayer | Updating Geometry BVH fx_blind_mb_slats3_mesh 1059/1402 | Building BVH
Fra:1 Mem:623.38M (Peak 623.51M) | Time:00:02.27 | Mem:265.07M, Peak:279.25M | Scene, ViewLayer | Updating Geometry BVH fx_blind_mb_slats4_mesh 1060/1402 | Building BVH
Fra:1 Mem:623.38M (Peak 623.51M) | Time:00:02.27 | Mem:265.07M, Peak:279.25M | Scene, ViewLayer | Updating Geometry BVH fx_blind_mb_slats5_mesh 1061/1402 | Building BVH
Fra:1 Mem:623.38M (Peak 623.51M) | Time:00:02.27 | Mem:265.07M, Peak:279.25M | Scene, ViewLayer | Updating Geometry BVH fx_wall_lamp0_mesh 1062/1402 | Building BVH
Fra:1 Mem:623.38M (Peak 623.51M) | Time:00:02.27 | Mem:265.07M, Peak:279.25M | Scene, ViewLayer | Updating Geometry BVH fx_wall_lamp0_sh_mesh 1063/1402 | Building BVH
Fra:1 Mem:623.38M (Peak 623.51M) | Time:00:02.27 | Mem:265.09M, Peak:279.25M | Scene, ViewLayer | Updating Geometry BVH lt_spot_room4 1226/1402 | Building BVH
Fra:1 Mem:623.38M (Peak 623.51M) | Time:00:02.27 | Mem:265.09M, Peak:279.25M | Scene, ViewLayer | Updating Geometry BVH fx_wall_lamp1_sh_mesh 1065/1402 | Building BVH
Fra:1 Mem:623.38M (Peak 623.51M) | Time:00:02.28 | Mem:265.14M, Peak:279.25M | Scene, ViewLayer | Updating Geometry BVH fx_wall_lamp2_mesh 1066/1402 | Building BVH
Fra:1 Mem:623.38M (Peak 623.51M) | Time:00:02.28 | Mem:265.16M, Peak:279.25M | Scene, ViewLayer | Updating Geometry BVH fx_wall_lamp2_sh_mesh 1067/1402 | Building BVH
Fra:1 Mem:623.38M (Peak 623.51M) | Time:00:02.28 | Mem:265.16M, Peak:279.25M | Scene, ViewLayer | Updating Geometry BVH lt_spot_room3 1225/1402 | Building BVH
Fra:1 Mem:623.38M (Peak 623.51M) | Time:00:02.28 | Mem:265.16M, Peak:279.25M | Scene, ViewLayer | Updating Geometry BVH fx_wall_lamp3_mesh 1068/1402 | Building BVH
Fra:1 Mem:623.38M (Peak 623.51M) | Time:00:02.28 | Mem:265.17M, Peak:279.25M | Scene, ViewLayer | Updating Geometry BVH fx_wall_lamp3_sh_mesh 1069/1402 | Building BVH
Fra:1 Mem:623.38M (Peak 623.51M) | Time:00:02.28 | Mem:265.18M, Peak:279.25M | Scene, ViewLayer | Updating Geometry BVH fx_foyer_jar_mesh 1070/1402 | Building BVH
Fra:1 Mem:623.38M (Peak 623.51M) | Time:00:02.28 | Mem:265.24M, Peak:279.25M | Scene, ViewLayer | Updating Geometry BVH fx_foyer_pic_mesh 1071/1402 | Building BVH
Fra:1 Mem:623.38M (Peak 623.51M) | Time:00:02.28 | Mem:265.30M, Peak:279.25M | Scene, ViewLayer | Updating Geometry BVH fx_kn_board_mesh 1072/1402 | Building BVH
Fra:1 Mem:623.38M (Peak 623.51M) | Time:00:02.28 | Mem:265.30M, Peak:279.25M | Scene, ViewLayer | Updating Geometry BVH lt_spot_room2 1224/1402 | Building BVH
Fra:1 Mem:623.38M (Peak 623.51M) | Time:00:02.28 | Mem:265.35M, Peak:279.25M | Scene, ViewLayer | Updating Geometry BVH fx_kn_oil_mesh 1073/1402 | Building BVH
Fra:1 Mem:623.38M (Peak 623.51M) | Time:00:02.28 | Mem:265.35M, Peak:279.25M | Scene, ViewLayer | Updating Geometry BVH fx_kn_herb_mesh 1074/1402 | Building BVH
Fra:1 Mem:623.38M (Peak 623.51M) | Time:00:02.28 | Mem:265.37M, Peak:279.25M | Scene, ViewLayer | Updating Geometry BVH fx_kn_herb_leaf1_mesh 1075/1402 | Building BVH
Fra:1 Mem:623.38M (Peak 623.51M) | Time:00:02.28 | Mem:265.39M, Peak:279.25M | Scene, ViewLayer | Updating Geometry BVH fx_kn_herb_leaf2_mesh 1076/1402 | Building BVH
Fra:1 Mem:623.38M (Peak 623.51M) | Time:00:02.28 | Mem:265.39M, Peak:279.25M | Scene, ViewLayer | Updating Geometry BVH lt_spot_room1 1223/1402 | Building BVH
Fra:1 Mem:623.38M (Peak 623.51M) | Time:00:02.28 | Mem:265.40M, Peak:279.25M | Scene, ViewLayer | Updating Geometry BVH lt_spot_room0 1222/1402 | Building BVH
Fra:1 Mem:623.38M (Peak 623.51M) | Time:00:02.28 | Mem:265.41M, Peak:279.25M | Scene, ViewLayer | Updating Geometry BVH fx_bc_b0_0_mesh 1078/1402 | Building BVH
Fra:1 Mem:623.38M (Peak 623.51M) | Time:00:02.28 | Mem:265.41M, Peak:279.25M | Scene, ViewLayer | Updating Geometry BVH lt_spot_liv16 1221/1402 | Building BVH
Fra:1 Mem:623.38M (Peak 623.51M) | Time:00:02.28 | Mem:265.41M, Peak:279.25M | Scene, ViewLayer | Updating Geometry BVH fx_bc_b0_4_mesh 1082/1402 | Building BVH
Fra:1 Mem:623.38M (Peak 623.51M) | Time:00:02.28 | Mem:265.41M, Peak:279.25M | Scene, ViewLayer | Updating Geometry BVH fx_bc_b0f_1_mesh 1084/1402 | Building BVH
Fra:1 Mem:623.38M (Peak 623.51M) | Time:00:02.28 | Mem:265.41M, Peak:279.25M | Scene, ViewLayer | Updating Geometry BVH fx_bc_pot_mesh 1085/1402 | Building BVH
Fra:1 Mem:623.38M (Peak 623.51M) | Time:00:02.28 | Mem:265.41M, Peak:279.25M | Scene, ViewLayer | Updating Geometry BVH fx_bc_frame_mesh 1088/1402 | Building BVH
Fra:1 Mem:623.38M (Peak 623.51M) | Time:00:02.28 | Mem:265.42M, Peak:279.25M | Scene, ViewLayer | Updating Geometry BVH fx_bc_rec1_mesh 1091/1402 | Building BVH
Fra:1 Mem:623.38M (Peak 623.51M) | Time:00:02.28 | Mem:265.42M, Peak:279.25M | Scene, ViewLayer | Updating Geometry BVH fx_bc_recstand_mesh 1093/1402 | Building BVH
Fra:1 Mem:623.38M (Peak 623.51M) | Time:00:02.28 | Mem:265.60M, Peak:279.25M | Scene, ViewLayer | Updating Geometry BVH fx_bc_b3_0_mesh 1094/1402 | Building BVH
Fra:1 Mem:623.38M (Peak 623.51M) | Time:00:02.28 | Mem:265.61M, Peak:279.25M | Scene, ViewLayer | Updating Geometry BVH lt_spot_liv15 1220/1402 | Building BVH
Fra:1 Mem:623.38M (Peak 623.51M) | Time:00:02.28 | Mem:265.61M, Peak:279.25M | Scene, ViewLayer | Updating Geometry BVH fx_bc_b3_1_mesh 1095/1402 | Building BVH
Fra:1 Mem:623.38M (Peak 623.51M) | Time:00:02.28 | Mem:265.58M, Peak:279.25M | Scene, ViewLayer | Updating Geometry BVH fx_bc_jar3_mesh 1097/1402 | Building BVH
Fra:1 Mem:623.38M (Peak 623.51M) | Time:00:02.28 | Mem:265.59M, Peak:279.25M | Scene, ViewLayer | Updating Geometry BVH fx_bc_pot4_mesh 1098/1402 | Building BVH
Fra:1 Mem:623.38M (Peak 623.51M) | Time:00:02.28 | Mem:265.59M, Peak:279.25M | Scene, ViewLayer | Updating Geometry BVH fx_bc_g0_0_mesh 1099/1402 | Building BVH
Fra:1 Mem:623.38M (Peak 623.51M) | Time:00:02.28 | Mem:265.61M, Peak:279.25M | Scene, ViewLayer | Updating Geometry BVH fx_bc_g0_1_mesh 1100/1402 | Building BVH
Fra:1 Mem:623.38M (Peak 623.51M) | Time:00:02.28 | Mem:265.61M, Peak:279.25M | Scene, ViewLayer | Updating Geometry BVH lt_spot_liv14 1219/1402 | Building BVH
Fra:1 Mem:623.38M (Peak 623.51M) | Time:00:02.28 | Mem:265.61M, Peak:279.25M | Scene, ViewLayer | Updating Geometry BVH fx_bc_g0_2_mesh 1101/1402 | Building BVH
Fra:1 Mem:623.38M (Peak 623.51M) | Time:00:02.28 | Mem:265.66M, Peak:279.25M | Scene, ViewLayer | Updating Geometry BVH fx_bc_gpot_mesh 1102/1402 | Building BVH
Fra:1 Mem:623.38M (Peak 623.51M) | Time:00:02.28 | Mem:265.78M, Peak:279.25M | Scene, ViewLayer | Updating Geometry BVH fx_bc_g1_0_mesh 1103/1402 | Building BVH
Fra:1 Mem:623.38M (Peak 623.51M) | Time:00:02.28 | Mem:265.78M, Peak:279.25M | Scene, ViewLayer | Updating Geometry BVH lt_spot_liv13 1218/1402 | Building BVH
Fra:1 Mem:623.38M (Peak 623.51M) | Time:00:02.28 | Mem:265.78M, Peak:279.25M | Scene, ViewLayer | Updating Geometry BVH fx_bc_g1_1_mesh 1104/1402 | Building BVH
Fra:1 Mem:623.38M (Peak 623.51M) | Time:00:02.28 | Mem:265.80M, Peak:279.25M | Scene, ViewLayer | Updating Geometry BVH fx_bc_g1_2_mesh 1105/1402 | Building BVH
Fra:1 Mem:623.38M (Peak 623.51M) | Time:00:02.28 | Mem:265.81M, Peak:279.25M | Scene, ViewLayer | Updating Geometry BVH fx_bc_g1_3_mesh 1106/1402 | Building BVH
Fra:1 Mem:623.38M (Peak 623.51M) | Time:00:02.28 | Mem:265.82M, Peak:279.25M | Scene, ViewLayer | Updating Geometry BVH lt_spot_liv12 1217/1402 | Building BVH
Fra:1 Mem:623.38M (Peak 623.51M) | Time:00:02.28 | Mem:265.83M, Peak:279.25M | Scene, ViewLayer | Updating Geometry BVH fx_bc_gpot2_mesh 1107/1402 | Building BVH
Fra:1 Mem:623.38M (Peak 623.51M) | Time:00:02.28 | Mem:265.83M, Peak:279.25M | Scene, ViewLayer | Updating Geometry BVH fx_desk_book1_mesh 1109/1402 | Building BVH
Fra:1 Mem:623.38M (Peak 623.51M) | Time:00:02.28 | Mem:265.83M, Peak:279.25M | Scene, ViewLayer | Updating Geometry BVH fx_fiddle_pot_mesh 1110/1402 | Building BVH
Fra:1 Mem:623.38M (Peak 623.51M) | Time:00:02.28 | Mem:265.84M, Peak:279.25M | Scene, ViewLayer | Updating Geometry BVH fx_fiddle_leaf2_mesh 1114/1402 | Building BVH
Fra:1 Mem:623.38M (Peak 623.51M) | Time:00:02.28 | Mem:265.84M, Peak:279.25M | Scene, ViewLayer | Updating Geometry BVH fx_fiddle_leaf3_mesh 1115/1402 | Building BVH
Fra:1 Mem:623.38M (Peak 623.51M) | Time:00:02.28 | Mem:265.84M, Peak:279.25M | Scene, ViewLayer | Updating Geometry BVH fx_fiddle_leaf4_mesh 1116/1402 | Building BVH
Fra:1 Mem:623.38M (Peak 623.51M) | Time:00:02.28 | Mem:265.85M, Peak:279.25M | Scene, ViewLayer | Updating Geometry BVH fx_fiddle_leaf6_mesh 1118/1402 | Building BVH
Fra:1 Mem:623.38M (Peak 623.51M) | Time:00:02.28 | Mem:265.87M, Peak:279.25M | Scene, ViewLayer | Updating Geometry BVH lt_spot_liv11 1216/1402 | Building BVH
Fra:1 Mem:623.38M (Peak 623.51M) | Time:00:02.28 | Mem:265.88M, Peak:279.25M | Scene, ViewLayer | Updating Geometry BVH f1_shoe_body_mesh 1119/1402 | Building BVH
Fra:1 Mem:623.38M (Peak 623.51M) | Time:00:02.28 | Mem:265.97M, Peak:279.25M | Scene, ViewLayer | Updating Geometry BVH lt_spot_liv10 1215/1402 | Building BVH
Fra:1 Mem:623.38M (Peak 623.51M) | Time:00:02.28 | Mem:265.97M, Peak:279.25M | Scene, ViewLayer | Updating Geometry BVH f1_shoe_side_s_mesh 1120/1402 | Building BVH
Fra:1 Mem:623.38M (Peak 623.51M) | Time:00:02.28 | Mem:265.97M, Peak:279.25M | Scene, ViewLayer | Updating Geometry BVH f1_shoe_side_n_mesh 1121/1402 | Building BVH
Fra:1 Mem:623.38M (Peak 623.51M) | Time:00:02.28 | Mem:265.97M, Peak:279.25M | Scene, ViewLayer | Updating Geometry BVH f1_shoe_lo_door_f0r_mesh 1124/1402 | Building BVH
Fra:1 Mem:623.38M (Peak 623.51M) | Time:00:02.28 | Mem:265.98M, Peak:279.25M | Scene, ViewLayer | Updating Geometry BVH f1_shoe_lo_door_f0t_mesh 1126/1402 | Building BVH
Fra:1 Mem:623.38M (Peak 623.51M) | Time:00:02.28 | Mem:265.97M, Peak:279.25M | Scene, ViewLayer | Updating Geometry BVH f1_shoe_lo_door_f0c_mesh 1127/1402 | Building BVH
Fra:1 Mem:623.38M (Peak 623.51M) | Time:00:02.28 | Mem:266.07M, Peak:279.25M | Scene, ViewLayer | Updating Geometry BVH f1_shoe_lo_door_p0_mesh 1128/1402 | Building BVH
Fra:1 Mem:623.38M (Peak 623.51M) | Time:00:02.28 | Mem:266.07M, Peak:279.25M | Scene, ViewLayer | Updating Geometry BVH lt_spot_liv09 1214/1402 | Building BVH
Fra:1 Mem:623.38M (Peak 623.51M) | Time:00:02.28 | Mem:266.07M, Peak:279.25M | Scene, ViewLayer | Updating Geometry BVH f1_shoe_hi_door_gapbg_mesh 1129/1402 | Building BVH
Fra:1 Mem:623.38M (Peak 623.51M) | Time:00:02.28 | Mem:266.07M, Peak:279.25M | Scene, ViewLayer | Updating Geometry BVH f1_shoe_hi_door_f0l_mesh 1130/1402 | Building BVH
Fra:1 Mem:623.38M (Peak 623.51M) | Time:00:02.28 | Mem:266.08M, Peak:279.25M | Scene, ViewLayer | Updating Geometry BVH f1_shoe_hi_door_f0r_mesh 1131/1402 | Building BVH
Fra:1 Mem:623.38M (Peak 623.51M) | Time:00:02.28 | Mem:266.08M, Peak:279.25M | Scene, ViewLayer | Updating Geometry BVH f1_shoe_hi_door_f0b_mesh 1132/1402 | Building BVH
Fra:1 Mem:623.38M (Peak 623.51M) | Time:00:02.28 | Mem:266.08M, Peak:279.25M | Scene, ViewLayer | Updating Geometry BVH f1_shoe_hi_door_f0t_mesh 1133/1402 | Building BVH
Fra:1 Mem:623.38M (Peak 623.51M) | Time:00:02.28 | Mem:266.09M, Peak:279.25M | Scene, ViewLayer | Updating Geometry BVH f1_shoe_hi_door_f0c_mesh 1134/1402 | Building BVH
Fra:1 Mem:623.38M (Peak 623.51M) | Time:00:02.28 | Mem:266.09M, Peak:279.25M | Scene, ViewLayer | Updating Geometry BVH f1_shoe_hi_door_p0_mesh 1135/1402 | Building BVH
Fra:1 Mem:623.38M (Peak 623.51M) | Time:00:02.28 | Mem:266.09M, Peak:279.25M | Scene, ViewLayer | Updating Geometry BVH f1_shoe_niche_b_mesh 1136/1402 | Building BVH
Fra:1 Mem:623.38M (Peak 623.51M) | Time:00:02.28 | Mem:266.10M, Peak:279.25M | Scene, ViewLayer | Updating Geometry BVH lt_spot_liv08 1213/1402 | Building BVH
Fra:1 Mem:623.38M (Peak 623.51M) | Time:00:02.28 | Mem:266.11M, Peak:279.25M | Scene, ViewLayer | Updating Geometry BVH f1_shoe_niche_t_mesh 1137/1402 | Building BVH
Fra:1 Mem:623.38M (Peak 623.51M) | Time:00:02.28 | Mem:266.20M, Peak:279.25M | Scene, ViewLayer | Updating Geometry BVH f1_shoe_niche_back_mesh 1138/1402 | Building BVH
Fra:1 Mem:623.38M (Peak 623.51M) | Time:00:02.29 | Mem:266.20M, Peak:279.25M | Scene, ViewLayer | Updating Geometry BVH lt_spot_liv07 1212/1402 | Building BVH
Fra:1 Mem:623.38M (Peak 623.51M) | Time:00:02.29 | Mem:266.20M, Peak:279.25M | Scene, ViewLayer | Updating Geometry BVH f1_shoe_light_mesh 1139/1402 | Building BVH
Fra:1 Mem:623.38M (Peak 623.51M) | Time:00:02.29 | Mem:266.20M, Peak:279.25M | Scene, ViewLayer | Updating Geometry BVH f1_elc_body_mesh 1140/1402 | Building BVH
Fra:1 Mem:623.38M (Peak 623.51M) | Time:00:02.29 | Mem:266.21M, Peak:279.25M | Scene, ViewLayer | Updating Geometry BVH f1_elc_lo_door_gapbg_mesh 1141/1402 | Building BVH
Fra:1 Mem:623.38M (Peak 623.51M) | Time:00:02.29 | Mem:266.21M, Peak:279.25M | Scene, ViewLayer | Updating Geometry BVH f1_elc_lo_door_f0c_mesh 1146/1402 | Building BVH
Fra:1 Mem:623.38M (Peak 623.51M) | Time:00:02.29 | Mem:266.21M, Peak:279.25M | Scene, ViewLayer | Updating Geometry BVH f1_elc_lo_door_p0_mesh 1147/1402 | Building BVH
Fra:1 Mem:623.38M (Peak 623.51M) | Time:00:02.29 | Mem:266.24M, Peak:279.25M | Scene, ViewLayer | Updating Geometry BVH f1_elc_lo_door_f1l_mesh 1148/1402 | Building BVH
Fra:1 Mem:623.38M (Peak 623.51M) | Time:00:02.29 | Mem:266.24M, Peak:279.25M | Scene, ViewLayer | Updating Geometry BVH f1_elc_lo_door_f1r_mesh 1149/1402 | Building BVH
Fra:1 Mem:623.38M (Peak 623.51M) | Time:00:02.29 | Mem:266.35M, Peak:279.25M | Scene, ViewLayer | Updating Geometry BVH f1_elc_lo_door_f1b_mesh 1150/1402 | Building BVH
Fra:1 Mem:623.38M (Peak 623.51M) | Time:00:02.29 | Mem:266.36M, Peak:279.25M | Scene, ViewLayer | Updating Geometry BVH f1_elc_lo_door_f1t_mesh 1151/1402 | Building BVH
Fra:1 Mem:623.38M (Peak 623.51M) | Time:00:02.29 | Mem:266.36M, Peak:279.25M | Scene, ViewLayer | Updating Geometry BVH f1_elc_lo_door_f1c_mesh 1152/1402 | Building BVH
Fra:1 Mem:623.38M (Peak 623.51M) | Time:00:02.29 | Mem:266.40M, Peak:279.25M | Scene, ViewLayer | Updating Geometry BVH f1_elc_lo_door_p1_mesh 1153/1402 | Building BVH
Fra:1 Mem:623.38M (Peak 623.51M) | Time:00:02.29 | Mem:266.40M, Peak:279.25M | Scene, ViewLayer | Updating Geometry BVH f1_elc_lo_door_f2l_mesh 1154/1402 | Building BVH
Fra:1 Mem:623.38M (Peak 623.51M) | Time:00:02.29 | Mem:266.42M, Peak:279.25M | Scene, ViewLayer | Updating Geometry BVH f1_elc_lo_door_f2r_mesh 1155/1402 | Building BVH
Fra:1 Mem:623.38M (Peak 623.51M) | Time:00:02.29 | Mem:266.43M, Peak:279.25M | Scene, ViewLayer | Updating Geometry BVH f1_elc_lo_door_f2b_mesh 1156/1402 | Building BVH
Fra:1 Mem:623.38M (Peak 623.51M) | Time:00:02.29 | Mem:266.44M, Peak:279.25M | Scene, ViewLayer | Updating Geometry BVH f1_elc_lo_door_f2t_mesh 1157/1402 | Building BVH
Fra:1 Mem:623.38M (Peak 623.51M) | Time:00:02.29 | Mem:266.45M, Peak:279.25M | Scene, ViewLayer | Updating Geometry BVH f1_elc_lo_door_f2c_mesh 1158/1402 | Building BVH
Fra:1 Mem:623.38M (Peak 623.51M) | Time:00:02.29 | Mem:266.48M, Peak:279.25M | Scene, ViewLayer | Updating Geometry BVH f1_elc_lo_door_p2_mesh 1159/1402 | Building BVH
Fra:1 Mem:623.38M (Peak 623.51M) | Time:00:02.29 | Mem:266.49M, Peak:279.25M | Scene, ViewLayer | Updating Geometry BVH lt_spot_liv05 1210/1402 | Building BVH
Fra:1 Mem:623.38M (Peak 623.51M) | Time:00:02.29 | Mem:266.49M, Peak:279.25M | Scene, ViewLayer | Updating Geometry BVH f1_elc_hi_door_gapbg_mesh 1160/1402 | Building BVH
Fra:1 Mem:623.38M (Peak 623.51M) | Time:00:02.29 | Mem:266.49M, Peak:279.25M | Scene, ViewLayer | Updating Geometry BVH f1_elc_hi_door_f0l_mesh 1161/1402 | Building BVH
Fra:1 Mem:623.38M (Peak 623.51M) | Time:00:02.29 | Mem:266.51M, Peak:279.25M | Scene, ViewLayer | Updating Geometry BVH f1_elc_hi_door_f0r_mesh 1162/1402 | Building BVH
Fra:1 Mem:623.38M (Peak 623.51M) | Time:00:02.29 | Mem:266.54M, Peak:279.25M | Scene, ViewLayer | Updating Geometry BVH f1_elc_hi_door_f0b_mesh 1163/1402 | Building BVH
Fra:1 Mem:623.38M (Peak 623.51M) | Time:00:02.29 | Mem:266.56M, Peak:279.25M | Scene, ViewLayer | Updating Geometry BVH f1_elc_hi_door_f0t_mesh 1164/1402 | Building BVH
Fra:1 Mem:623.38M (Peak 623.51M) | Time:00:02.29 | Mem:266.57M, Peak:279.25M | Scene, ViewLayer | Updating Geometry BVH lt_spot_liv04 1209/1402 | Building BVH
Fra:1 Mem:623.38M (Peak 623.51M) | Time:00:02.29 | Mem:266.62M, Peak:279.25M | Scene, ViewLayer | Updating Geometry BVH f1_elc_hi_door_f0c_mesh 1165/1402 | Building BVH
Fra:1 Mem:623.38M (Peak 623.51M) | Time:00:02.29 | Mem:266.62M, Peak:279.25M | Scene, ViewLayer | Updating Geometry BVH f1_elc_hi_door_p0_mesh 1166/1402 | Building BVH
Fra:1 Mem:623.38M (Peak 623.51M) | Time:00:02.29 | Mem:266.62M, Peak:279.25M | Scene, ViewLayer | Updating Geometry BVH f1_elc_hi_door_f1b_mesh 1169/1402 | Building BVH
Fra:1 Mem:623.38M (Peak 623.51M) | Time:00:02.29 | Mem:266.61M, Peak:279.25M | Scene, ViewLayer | Updating Geometry BVH f1_elc_hi_door_f1t_mesh 1170/1402 | Building BVH
Fra:1 Mem:623.38M (Peak 623.51M) | Time:00:02.29 | Mem:266.62M, Peak:279.25M | Scene, ViewLayer | Updating Geometry BVH f1_elc_hi_door_f1c_mesh 1171/1402 | Building BVH
Fra:1 Mem:623.38M (Peak 623.51M) | Time:00:02.29 | Mem:266.62M, Peak:279.25M | Scene, ViewLayer | Updating Geometry BVH f1_elc_hi_door_p1_mesh 1172/1402 | Building BVH
Fra:1 Mem:623.38M (Peak 623.51M) | Time:00:02.29 | Mem:266.63M, Peak:279.25M | Scene, ViewLayer | Updating Geometry BVH lt_spot_liv03 1208/1402 | Building BVH
Fra:1 Mem:623.38M (Peak 623.51M) | Time:00:02.29 | Mem:266.73M, Peak:279.25M | Scene, ViewLayer | Updating Geometry BVH f1_elc_hi_door_f2l_mesh 1173/1402 | Building BVH
Fra:1 Mem:623.38M (Peak 623.51M) | Time:00:02.29 | Mem:266.73M, Peak:279.25M | Scene, ViewLayer | Updating Geometry BVH lt_spot_liv02 1207/1402 | Building BVH
Fra:1 Mem:623.38M (Peak 623.51M) | Time:00:02.29 | Mem:266.73M, Peak:279.25M | Scene, ViewLayer | Updating Geometry BVH f1_elc_hi_door_f2r_mesh 1174/1402 | Building BVH
Fra:1 Mem:623.38M (Peak 623.51M) | Time:00:02.29 | Mem:266.73M, Peak:279.25M | Scene, ViewLayer | Updating Geometry BVH f1_elc_hi_door_f2t_mesh 1176/1402 | Building BVH
Fra:1 Mem:623.38M (Peak 623.51M) | Time:00:02.29 | Mem:266.75M, Peak:279.25M | Scene, ViewLayer | Updating Geometry BVH f1_elc_hi_door_f2c_mesh 1177/1402 | Building BVH
Fra:1 Mem:623.38M (Peak 623.51M) | Time:00:02.29 | Mem:266.78M, Peak:279.25M | Scene, ViewLayer | Updating Geometry BVH lt_spot_liv01 1206/1402 | Building BVH
Fra:1 Mem:623.38M (Peak 623.51M) | Time:00:02.29 | Mem:266.78M, Peak:279.25M | Scene, ViewLayer | Updating Geometry BVH f1_elc_hi_door_p2_mesh 1178/1402 | Building BVH
Fra:1 Mem:623.38M (Peak 623.51M) | Time:00:02.29 | Mem:266.83M, Peak:279.25M | Scene, ViewLayer | Updating Geometry BVH f1_elc_plinth_mesh 1179/1402 | Building BVH
Fra:1 Mem:623.38M (Peak 623.51M) | Time:00:02.29 | Mem:266.82M, Peak:279.25M | Scene, ViewLayer | Updating Geometry BVH f1_bench_leg1_mesh 1181/1402 | Building BVH
Fra:1 Mem:623.38M (Peak 623.51M) | Time:00:02.29 | Mem:266.82M, Peak:279.25M | Scene, ViewLayer | Updating Geometry BVH f1_bench_leg3_mesh 1183/1402 | Building BVH
Fra:1 Mem:623.38M (Peak 623.51M) | Time:00:02.29 | Mem:266.83M, Peak:279.25M | Scene, ViewLayer | Updating Geometry BVH f1_bench_seat_mesh 1184/1402 | Building BVH
Fra:1 Mem:623.38M (Peak 623.51M) | Time:00:02.30 | Mem:266.83M, Peak:279.25M | Scene, ViewLayer | Updating Geometry BVH f1_bench_arm_mesh 1185/1402 | Building BVH
Fra:1 Mem:623.38M (Peak 623.51M) | Time:00:02.30 | Mem:266.90M, Peak:279.25M | Scene, ViewLayer | Updating Geometry BVH fx_lamp_dau_stem_mesh 1188/1402 | Building BVH
Fra:1 Mem:623.38M (Peak 623.51M) | Time:00:02.30 | Mem:266.90M, Peak:279.25M | Scene, ViewLayer | Updating Geometry BVH fx_lamp_dau_head_mesh 1189/1402 | Building BVH
Fra:1 Mem:623.38M (Peak 623.51M) | Time:00:02.30 | Mem:266.90M, Peak:279.25M | Scene, ViewLayer | Updating Geometry BVH fx_lamp_dau_bulb_mesh 1190/1402 | Building BVH
Fra:1 Mem:623.38M (Peak 623.51M) | Time:00:02.30 | Mem:266.92M, Peak:279.25M | Scene, ViewLayer | Updating Geometry BVH fx_lamp_son_base_mesh 1191/1402 | Building BVH
Fra:1 Mem:623.38M (Peak 623.51M) | Time:00:02.30 | Mem:266.97M, Peak:279.25M | Scene, ViewLayer | Updating Geometry BVH fx_lamp_son_stem_mesh 1192/1402 | Building BVH
Fra:1 Mem:623.38M (Peak 623.51M) | Time:00:02.30 | Mem:267.01M, Peak:279.25M | Scene, ViewLayer | Updating Geometry BVH fx_lamp_son_head_mesh 1193/1402 | Building BVH
Fra:1 Mem:623.38M (Peak 623.51M) | Time:00:02.30 | Mem:267.01M, Peak:279.25M | Scene, ViewLayer | Updating Geometry BVH lt_sun 1204/1402 | Building BVH
Fra:1 Mem:623.38M (Peak 623.51M) | Time:00:02.30 | Mem:267.01M, Peak:279.25M | Scene, ViewLayer | Updating Geometry BVH fx_lamp_son_bulb_mesh 1194/1402 | Building BVH
Fra:1 Mem:623.38M (Peak 623.51M) | Time:00:02.30 | Mem:267.04M, Peak:279.25M | Scene, ViewLayer | Updating Geometry BVH f1_grab_h_mesh 1196/1402 | Building BVH
Fra:1 Mem:623.38M (Peak 623.51M) | Time:00:02.30 | Mem:267.04M, Peak:279.25M | Scene, ViewLayer | Updating Geometry BVH f1_grab_v_mesh 1195/1402 | Building BVH
Fra:1 Mem:623.38M (Peak 623.51M) | Time:00:02.30 | Mem:267.04M, Peak:279.25M | Scene, ViewLayer | Updating Geometry BVH f1_fold_seat_mesh 1197/1402 | Building BVH
Fra:1 Mem:623.38M (Peak 623.51M) | Time:00:02.30 | Mem:267.09M, Peak:279.25M | Scene, ViewLayer | Updating Geometry BVH f1_fold_brk_mesh 1198/1402 | Building BVH
Fra:1 Mem:623.38M (Peak 623.51M) | Time:00:02.30 | Mem:267.09M, Peak:279.25M | Scene, ViewLayer | Updating Geometry BVH f1_bar_v_mesh 1199/1402 | Building BVH
Fra:1 Mem:623.38M (Peak 623.51M) | Time:00:02.30 | Mem:267.10M, Peak:279.25M | Scene, ViewLayer | Updating Geometry BVH f1_waterbar_mesh 1200/1402 | Building BVH
Fra:1 Mem:623.38M (Peak 623.51M) | Time:00:02.30 | Mem:267.10M, Peak:279.25M | Scene, ViewLayer | Updating Geometry BVH f1_floorlt1_mesh 1202/1402 | Building BVH
Fra:1 Mem:623.38M (Peak 623.51M) | Time:00:02.30 | Mem:267.10M, Peak:279.25M | Scene, ViewLayer | Updating Geometry BVH f1_floorlt2_mesh 1203/1402 | Building BVH
Fra:1 Mem:623.38M (Peak 623.51M) | Time:00:02.30 | Mem:267.13M, Peak:279.25M | Scene, ViewLayer | Updating Scene BVH | Building
Fra:1 Mem:623.40M (Peak 623.51M) | Time:00:02.30 | Mem:267.13M, Peak:279.25M | Scene, ViewLayer | Updating Scene BVH | Building BVH
Fra:1 Mem:623.40M (Peak 623.51M) | Time:00:02.49 | Mem:272.37M, Peak:279.25M | Scene, ViewLayer | Updating Scene BVH | Copying BVH to device
Fra:1 Mem:623.40M (Peak 623.51M) | Time:00:02.49 | Mem:272.37M, Peak:279.25M | Scene, ViewLayer | Updating Mesh | Computing normals
Fra:1 Mem:673.95M (Peak 673.95M) | Time:00:02.51 | Mem:272.37M, Peak:279.25M | Scene, ViewLayer | Updating Mesh | Copying Mesh to device
Fra:1 Mem:673.95M (Peak 673.95M) | Time:00:02.52 | Mem:322.92M, Peak:322.92M | Scene, ViewLayer | Updating Objects Flags
Fra:1 Mem:673.95M (Peak 673.95M) | Time:00:02.53 | Mem:322.93M, Peak:322.93M | Scene, ViewLayer | Updating Primitive Offsets
Fra:1 Mem:673.95M (Peak 673.95M) | Time:00:02.53 | Mem:322.93M, Peak:322.93M | Scene, ViewLayer | Updating Images
Fra:1 Mem:673.95M (Peak 673.95M) | Time:00:02.53 | Mem:322.93M, Peak:322.93M | Scene, ViewLayer | Updating Images | Loading walnut3_nor_gl_2k.jpg
Fra:1 Mem:673.95M (Peak 673.95M) | Time:00:02.53 | Mem:322.93M, Peak:322.93M | Scene, ViewLayer | Updating Images | Loading kloofendal_48d_partly_cloudy_puresky_4k.hdr
Fra:1 Mem:817.95M (Peak 817.95M) | Time:00:02.53 | Mem:322.93M, Peak:322.93M | Scene, ViewLayer | Updating Images | Loading walnut3_rough_2k.jpg
Fra:1 Mem:837.95M (Peak 837.95M) | Time:00:02.88 | Mem:486.93M, Peak:486.93M | Scene, ViewLayer | Updating Camera Volume
Fra:1 Mem:837.95M (Peak 837.95M) | Time:00:02.88 | Mem:486.93M, Peak:486.93M | Scene, ViewLayer | Updating Lookup Tables
Fra:1 Mem:837.95M (Peak 837.95M) | Time:00:02.88 | Mem:487.02M, Peak:487.02M | Scene, ViewLayer | Updating Lights
Fra:1 Mem:837.96M (Peak 837.96M) | Time:00:02.88 | Mem:487.02M, Peak:487.02M | Scene, ViewLayer | Updating Lights | Importance map
Fra:1 Mem:901.99M (Peak 1189.96M) | Time:00:03.24 | Mem:551.05M, Peak:711.02M | Scene, ViewLayer | Updating Lights | Computing tree
Fra:1 Mem:903.06M (Peak 1189.96M) | Time:00:03.25 | Mem:552.12M, Peak:711.02M | Scene, ViewLayer | Updating Integrator
Fra:1 Mem:903.06M (Peak 1189.96M) | Time:00:03.25 | Mem:552.12M, Peak:711.02M | Scene, ViewLayer | Updating Film
Fra:1 Mem:903.06M (Peak 1189.96M) | Time:00:03.25 | Mem:552.04M, Peak:711.02M | Scene, ViewLayer | Updating Lookup Tables
Fra:1 Mem:903.06M (Peak 1189.96M) | Time:00:03.25 | Mem:552.13M, Peak:711.02M | Scene, ViewLayer | Updating Baking
Fra:1 Mem:903.06M (Peak 1189.96M) | Time:00:03.25 | Mem:552.13M, Peak:711.02M | Scene, ViewLayer | Updating Device | Writing constant memory
Fra:1 Mem:903.09M (Peak 1189.96M) | Time:00:03.25 | Mem:552.13M, Peak:711.02M | Scene, ViewLayer | Loading denoising kernels (may take a few minutes the first time)
Fra:1 Mem:907.15M (Peak 1189.96M) | Time:00:03.30 | Mem:904.18M, Peak:904.18M | Scene, ViewLayer | Sample 0/64
Fra:1 Mem:944.72M (Peak 1189.96M) | Time:00:03.54 | Remaining:00:15.51 | Mem:941.76M, Peak:941.76M | Scene, ViewLayer | Sample 1/64
Fra:1 Mem:944.73M (Peak 1189.96M) | Time:00:13.22 | Remaining:00:03.30 | Mem:941.76M, Peak:941.76M | Scene, ViewLayer | Sample 48/64
Fra:1 Mem:960.55M (Peak 1189.96M) | Time:00:17.17 | Mem:941.76M, Peak:941.76M | Scene, ViewLayer | Sample 64/64
Fra:1 Mem:960.55M (Peak 1189.96M) | Time:00:17.17 | Mem:941.76M, Peak:941.76M | Scene, ViewLayer | Finished
Saved: 'D:\ClaudeCodeProject2026\jiangyu-render\renders\preview\10_kitchen_olive.png'
Time: 00:17.61 (Saving: 00:00.32)

BlenderMCP addon registered
[render] preset=preview device=GPU look=AgX - Base Contrast
[render] saved D:\ClaudeCodeProject2026\jiangyu-render\renders\preview\10_kitchen_olive.png (17.7s, exp=1.95 variant=kitchen_lower_olive(16 objs))
[render] size OK 960x540 10_kitchen_olive.png
BlenderMCP addon unregistered

Blender quit
